time_et,open,high,low,close,volume
2026-07-24 04:00:00,320.9707,321.8407,319.8067,321.39,0
2026-07-24 04:01:00,321.53,321.7,319.83,321.64,0
2026-07-24 04:02:00,321.5975,322.0135,321.504,322.0135,0
2026-07-24 04:03:00,321.95,322.11,319.97,321.46,0
2026-07-24 04:04:00,321.95,322.0927,321.81,322.02,0
2026-07-24 04:05:00,321.96,322.08,321.77,321.92,0
2026-07-24 04:06:00,321.66,322.0,319.81,320.27,0
2026-07-24 04:07:00,322.0486,322.05,321.6702,321.6702,0
2026-07-24 04:08:00,321.94,322.0,321.6702,321.6702,0
2026-07-24 04:09:00,321.805,321.94,321.67,321.91,0
2026-07-24 04:10:00,321.95,321.99,321.805,321.94,0
2026-07-24 04:11:00,321.91,322.085,321.8857,321.96,0
2026-07-24 04:12:00,321.96,322.08,321.8855,322.0025,0
2026-07-24 04:13:00,322.05,322.05,321.96,321.96,0
2026-07-24 04:14:00,321.8812,322.06,321.8812,322.06,0
2026-07-24 04:15:00,322.0945,322.0945,321.984,322.0,0
2026-07-24 04:16:00,321.8812,322.07,321.8812,322.07,0
2026-07-24 04:17:00,322.1,322.22,322.07,322.21,0
2026-07-24 04:18:00,322.21,322.21,322.19,322.19,0
2026-07-24 04:19:00,322.07,322.07,322.07,322.07,0
2026-07-24 04:20:00,322.1,322.24,322.1,322.24,0
2026-07-24 04:21:00,322.1,322.2186,322.1,322.16,0
2026-07-24 04:22:00,322.2505,322.2505,322.17,322.25,0
2026-07-24 04:23:00,322.0067,322.15,322.0067,322.138,0
2026-07-24 04:24:00,322.18,322.18,322.0012,322.0012,0
2026-07-24 04:25:00,322.24,322.27,322.0067,322.27,0
2026-07-24 04:26:00,322.19,322.38,322.19,322.38,0
2026-07-24 04:27:00,322.82,322.82,322.28,322.82,0
2026-07-24 04:28:00,322.32,322.5,322.2012,322.3147,0
2026-07-24 04:29:00,322.4988,322.6988,322.4855,322.6988,0
2026-07-24 04:30:00,322.5,322.7,322.5,322.6988,0
2026-07-24 04:31:00,322.6988,322.6988,322.505,322.505,0
2026-07-24 04:32:00,322.5988,322.5988,322.5025,322.5025,0
2026-07-24 04:33:00,322.31,322.5,322.31,322.34,0
2026-07-24 04:34:00,322.5,322.5,322.19,322.19,0
2026-07-24 04:35:00,322.0075,322.2925,322.0075,322.0075,0
2026-07-24 04:36:00,322.19,322.315,322.13,322.13,0
2026-07-24 04:37:00,322.13,322.2988,322.0075,322.19,0
2026-07-24 04:38:00,322.19,322.19,322.0,322.0,0
2026-07-24 04:39:00,322.0,322.25,322.0,322.25,0
2026-07-24 04:40:00,322.25,322.2945,322.08,322.15,0
2026-07-24 04:41:00,322.125,322.2886,322.08,322.08,0
2026-07-24 04:42:00,322.0,322.0305,321.6695,321.6695,0
2026-07-24 04:43:00,321.6695,322.0305,321.6695,321.6695,0
2026-07-24 04:44:00,322.0305,322.04,321.66,322.04,0
2026-07-24 04:45:00,322.04,322.123,321.857,322.123,0
2026-07-24 04:46:00,322.12,322.13,322.12,322.13,0
2026-07-24 04:47:00,322.1182,322.1288,322.1,322.1,0
2026-07-24 04:49:00,322.0,322.0,321.6717,321.6717,0
2026-07-24 04:50:00,322.08,322.08,322.08,322.08,0
2026-07-24 04:51:00,322.07,322.08,322.07,322.07,0
2026-07-24 04:52:00,322.1182,322.1182,322.1182,322.1182,0
2026-07-24 04:53:00,322.07,322.07,322.07,322.07,0
2026-07-24 04:55:00,322.0,322.05,321.98,322.05,0
2026-07-24 04:56:00,321.6717,321.6717,321.6717,321.6717,0
2026-07-24 04:57:00,322.02,322.0987,321.97,322.0987,0
2026-07-24 04:58:00,321.67,321.9,321.67,321.9,0
2026-07-24 04:59:00,322.04,322.07,321.6717,322.07,0
2026-07-24 05:01:00,322.1288,322.1288,321.6717,322.1288,0
2026-07-24 05:02:00,322.0,322.07,321.6717,322.07,0
2026-07-24 05:03:00,322.04,322.08,321.8172,322.02,0
2026-07-24 05:04:00,322.0988,322.0988,322.0988,322.0988,0
2026-07-24 05:05:00,322.0,322.0001,322.0,322.0,0
2026-07-24 05:06:00,321.9,322.1242,321.9,322.11,0
2026-07-24 05:07:00,321.9,322.1288,321.9,322.08,0
2026-07-24 05:08:00,322.1242,322.1242,321.9057,322.1242,0
2026-07-24 05:09:00,322.1288,322.1288,321.9,321.9,0
2026-07-24 05:10:00,321.9,322.0267,321.88,321.88,0
2026-07-24 05:11:00,321.73,321.83,321.72,321.83,0
2026-07-24 05:12:00,321.83,321.83,321.83,321.83,0
2026-07-24 05:13:00,321.76,322.0207,321.76,322.0207,0
2026-07-24 05:14:00,322.0288,322.03,321.6692,321.86,0
2026-07-24 05:15:00,321.6949,321.99,321.6949,321.9622,0
2026-07-24 05:16:00,321.96,321.96,321.6612,321.86,0
2026-07-24 05:17:00,321.6677,321.9538,321.6677,321.6677,0
2026-07-24 05:18:00,321.6612,321.6612,321.6612,321.6612,0
2026-07-24 05:19:00,321.9538,321.9622,321.6677,321.84,0
2026-07-24 05:20:00,321.9622,321.9622,321.9622,321.9622,0
2026-07-24 05:21:00,321.6612,321.74,321.6612,321.701,0
2026-07-24 05:22:00,321.72,321.73,321.66,321.66,0
2026-07-24 05:23:00,321.65,321.65,321.65,321.65,0
2026-07-24 05:24:00,321.699,321.7047,321.62,321.62,0
2026-07-24 05:25:00,321.74,321.88,321.74,321.88,0
2026-07-24 05:26:00,321.91,322.02,321.79,321.79,0
2026-07-24 05:27:00,321.97,322.0,321.97,322.0,0
2026-07-24 05:28:00,322.0006,322.1,322.0,322.1,0
2026-07-24 05:29:00,322.0988,322.351,322.0975,322.235,0
2026-07-24 05:30:00,322.3588,322.7,322.0364,322.43,0
2026-07-24 05:31:00,322.33,322.8188,322.0012,322.0692,0
2026-07-24 05:32:00,322.21,322.73,322.21,322.3678,0
2026-07-24 05:33:00,322.0,322.0,322.0,322.0,0
2026-07-24 05:34:00,321.93,321.93,321.93,321.93,0
2026-07-24 05:35:00,322.43,322.43,322.4,322.4272,0
2026-07-24 05:36:00,322.16,322.42,322.16,322.42,0
2026-07-24 05:37:00,322.4399,322.4399,322.42,322.4399,0
2026-07-24 05:38:00,322.44,322.44,322.44,322.44,0
2026-07-24 05:39:00,322.284,322.432,322.2812,322.35,0
2026-07-24 05:40:00,322.42,322.42,322.42,322.42,0
2026-07-24 05:41:00,322.31,322.3977,322.27,322.27,0
2026-07-24 05:42:00,322.2996,322.385,322.27,322.385,0
2026-07-24 05:43:00,322.39,322.39,322.34,322.34,0
2026-07-24 05:44:00,322.3901,322.42,322.33,322.35,0
2026-07-24 05:45:00,322.39,322.39,322.39,322.39,0
2026-07-24 05:46:00,322.35,322.35,322.33,322.33,0
2026-07-24 05:47:00,322.35,322.4388,322.35,322.4388,0
2026-07-24 05:48:00,322.3385,322.3385,322.2812,322.2812,0
2026-07-24 05:49:00,322.33,322.36,322.26,322.26,0
2026-07-24 05:50:00,322.15,322.3588,322.15,322.3588,0
2026-07-24 05:51:00,322.3171,322.3488,322.25,322.2512,0
2026-07-24 05:52:00,322.27,322.348,322.27,322.29,0
2026-07-24 05:53:00,322.29,322.29,322.29,322.29,0
2026-07-24 05:54:00,322.29,322.36,322.29,322.36,0
2026-07-24 05:55:00,322.3525,322.3525,322.3525,322.3525,0
2026-07-24 05:56:00,322.34,322.34,322.15,322.27,0
2026-07-24 05:57:00,322.3588,322.3588,322.3588,322.3588,0
2026-07-24 05:58:00,322.3015,322.3596,322.3,322.3,0
2026-07-24 05:59:00,322.3,322.36,322.2235,322.3565,0
2026-07-24 06:00:00,322.2212,322.2212,322.2212,322.2212,0
2026-07-24 06:01:00,322.3588,322.3588,322.2235,322.2235,0
2026-07-24 06:02:00,322.3565,322.3588,322.3527,322.3588,0
2026-07-24 06:03:00,322.3,322.3432,322.3,322.3432,0
2026-07-24 06:04:00,322.3188,322.3188,322.3188,322.3188,0
2026-07-24 06:05:00,322.32,322.32,322.3175,322.3175,0
2026-07-24 06:06:00,322.31,322.31,322.31,322.31,0
2026-07-24 06:07:00,322.3175,322.3175,322.15,322.15,0
2026-07-24 06:08:00,321.891,321.891,321.891,321.891,0
2026-07-24 06:09:00,322.3188,322.3188,322.15,322.2971,0
2026-07-24 06:10:00,322.23,322.3,322.23,322.3,0
2026-07-24 06:11:00,322.15,322.16,321.891,321.891,0
2026-07-24 06:12:00,321.6912,322.11,321.6912,322.11,0
2026-07-24 06:13:00,322.11,322.11,322.0064,322.0064,0
2026-07-24 06:14:00,322.03,322.2588,322.03,322.18,0
2026-07-24 06:15:00,322.0945,322.26,321.7197,321.8895,0
2026-07-24 06:16:00,322.2505,322.2505,321.8812,322.09,0
2026-07-24 06:17:00,322.246,322.26,322.246,322.26,0
2026-07-24 06:18:00,322.2,322.2,321.7012,321.8895,0
2026-07-24 06:19:00,322.16,322.16,321.8812,321.8812,0
2026-07-24 06:21:00,322.1,322.14,322.1,322.14,0
2026-07-24 06:22:00,322.16,322.16,322.12,322.16,0
2026-07-24 06:23:00,322.16,322.16,321.8998,321.8998,0
2026-07-24 06:24:00,322.16,322.2505,321.8812,322.0,0
2026-07-24 06:25:00,322.16,322.16,321.9425,321.9425,0
2026-07-24 06:26:00,321.9742,321.9742,321.88,321.88,0
2026-07-24 06:28:00,321.714,322.26,321.714,322.14,0
2026-07-24 06:29:00,322.26,322.26,321.92,321.9287,0
2026-07-24 06:30:00,321.93,321.93,321.93,321.93,0
2026-07-24 06:31:00,321.7212,321.7212,321.7212,321.7212,0
2026-07-24 06:32:00,322.14,322.15,322.14,322.15,0
2026-07-24 06:33:00,322.15,322.15,322.15,322.15,0
2026-07-24 06:34:00,322.0,322.0,322.0,322.0,0
2026-07-24 06:35:00,322.2588,322.2588,321.98,322.07,0
2026-07-24 06:36:00,322.0,322.0,321.7,321.7,0
2026-07-24 06:37:00,321.7,321.9827,321.7,321.7,0
2026-07-24 06:38:00,321.7112,322.0488,321.7112,321.7212,0
2026-07-24 06:39:00,322.05,322.05,322.0415,322.0415,0
2026-07-24 06:40:00,322.15,322.3188,322.04,322.3088,0
2026-07-24 06:41:00,322.24,322.6,322.0612,322.475,0
2026-07-24 06:42:00,322.59,322.59,322.5,322.5,0
2026-07-24 06:43:00,322.215,322.215,322.18,322.18,0
2026-07-24 06:44:00,322.03,322.6052,322.03,322.27,0
2026-07-24 06:45:00,322.0608,322.6052,322.0447,322.33,0
2026-07-24 06:46:00,322.52,322.52,322.52,322.52,0
2026-07-24 06:47:00,322.576,322.58,322.044,322.58,0
2026-07-24 06:48:00,322.0711,322.71,322.0312,322.71,0
2026-07-24 06:49:00,322.56,322.5602,322.56,322.5602,0
2026-07-24 06:50:00,322.568,322.568,322.37,322.56,0
2026-07-24 06:51:00,322.46,322.56,322.46,322.46,0
2026-07-24 06:52:00,322.37,322.56,322.31,322.31,0
2026-07-24 06:53:00,322.31,322.5625,322.31,322.54,0
2026-07-24 06:54:00,322.5625,322.58,322.56,322.58,0
2026-07-24 06:55:00,322.7088,322.7088,322.7088,322.7088,0
2026-07-24 06:56:00,322.71,322.74,322.27,322.43,0
2026-07-24 06:57:00,322.43,322.59,322.2712,322.2782,0
2026-07-24 06:58:00,322.58,322.6,322.52,322.6,0
2026-07-24 06:59:00,322.27,322.39,322.27,322.38,0
2026-07-24 07:00:00,322.33,322.61,322.14,322.5097,0
2026-07-24 07:01:00,322.4,322.6,322.4,322.6,0
2026-07-24 07:02:00,322.24,322.7,322.24,322.63,0
2026-07-24 07:03:00,322.87,322.89,322.49,322.8,0
2026-07-24 07:04:00,322.49,322.971,322.49,322.971,0
2026-07-24 07:05:00,322.65,322.9,322.65,322.75,0
2026-07-24 07:06:00,322.98,322.98,322.75,322.882,0
2026-07-24 07:07:00,322.83,322.83,322.83,322.83,0
2026-07-24 07:08:00,322.7313,322.98,322.7313,322.7952,0
2026-07-24 07:09:00,322.72,322.81,322.7186,322.8088,0
2026-07-24 07:10:00,322.81,322.81,322.73,322.75,0
2026-07-24 07:12:00,322.7224,322.7488,322.22,322.7488,0
2026-07-24 07:13:00,322.7488,322.75,322.69,322.69,0
2026-07-24 07:14:00,322.7,322.7,322.3012,322.7,0
2026-07-24 07:15:00,322.555,322.7388,322.555,322.7207,0
2026-07-24 07:16:00,322.65,322.78,322.37,322.78,0
2026-07-24 07:17:00,322.7727,322.7727,322.4972,322.7027,0
2026-07-24 07:18:00,322.77,322.78,322.7001,322.78,0
2026-07-24 07:19:00,322.75,322.81,322.7,322.81,0
2026-07-24 07:20:00,322.809,322.8099,322.77,322.8,0
2026-07-24 07:21:00,322.8,322.81,322.6566,322.762,0
2026-07-24 07:22:00,322.762,322.8088,322.6,322.6,0
2026-07-24 07:23:00,322.8,322.81,322.59,322.6745,0
2026-07-24 07:24:00,322.7,322.81,322.6,322.67,0
2026-07-24 07:25:00,322.67,322.67,322.5,322.5,0
2026-07-24 07:26:00,322.64,322.7,322.505,322.505,0
2026-07-24 07:27:00,322.695,322.695,322.5,322.505,0
2026-07-24 07:28:00,322.59,322.65,322.59,322.6299,0
2026-07-24 07:29:00,322.6267,322.63,322.6267,322.6267,0
2026-07-24 07:30:00,322.6137,322.6137,322.55,322.55,0
2026-07-24 07:31:00,322.55,322.6,322.5,322.5,0
2026-07-24 07:32:00,322.46,322.539,322.4415,322.4907,0
2026-07-24 07:33:00,322.5,322.5,322.44,322.44,0
2026-07-24 07:34:00,322.4738,322.48,322.45,322.45,0
2026-07-24 07:35:00,322.44,322.45,322.44,322.4456,0
2026-07-24 07:36:00,322.4407,322.58,322.4407,322.52,0
2026-07-24 07:37:00,322.4412,322.638,322.4412,322.638,0
2026-07-24 07:38:00,322.6,322.6,322.5,322.5,0
2026-07-24 07:39:00,322.555,322.56,322.4,322.5,0
2026-07-24 07:40:00,322.37,322.5,322.3,322.4,0
2026-07-24 07:41:00,322.3821,322.42,322.3821,322.4,0
2026-07-24 07:42:00,322.3975,322.3975,322.35,322.35,0
2026-07-24 07:43:00,322.3852,322.4,322.35,322.4,0
2026-07-24 07:44:00,322.4962,322.4988,322.4962,322.4988,0
2026-07-24 07:45:00,322.425,322.5,322.27,322.31,0
2026-07-24 07:46:00,322.33,322.33,322.2812,322.32,0
2026-07-24 07:47:00,322.3392,322.3392,322.28,322.29,0
2026-07-24 07:48:00,322.395,322.5,322.32,322.32,0
2026-07-24 07:49:00,322.4,322.48,322.4,322.48,0
2026-07-24 07:50:00,322.4752,322.4925,322.3537,322.4442,0
2026-07-24 07:51:00,322.3512,322.45,322.3512,322.435,0
2026-07-24 07:52:00,322.4152,322.5,322.4152,322.5,0
2026-07-24 07:53:00,322.45,322.45,322.335,322.399,0
2026-07-24 07:54:00,322.34,322.4472,322.34,322.3427,0
2026-07-24 07:55:00,322.45,322.45,322.34,322.35,0
2026-07-24 07:56:00,322.3552,322.45,322.3,322.39,0
2026-07-24 07:57:00,322.27,322.44,322.27,322.3863,0
2026-07-24 07:58:00,322.4137,322.49,322.27,322.49,0
2026-07-24 07:59:00,322.5,322.7,322.5,322.52,0
2026-07-24 08:00:00,322.54,322.81,322.5,322.5,0
2026-07-24 08:01:00,322.55,322.701,322.27,322.701,0
2026-07-24 08:02:00,322.5,322.701,322.37,322.62,0
2026-07-24 08:03:00,322.55,322.6,322.51,322.57,0
2026-07-24 08:04:00,322.5,322.81,322.2712,322.81,0
2026-07-24 08:05:00,322.6,322.8,322.45,322.576,0
2026-07-24 08:06:00,322.52,322.79,322.52,322.79,0
2026-07-24 08:07:00,322.74,322.74,322.5012,322.62,0
2026-07-24 08:08:00,322.5629,322.7488,322.5629,322.7488,0
2026-07-24 08:09:00,322.6,322.6,322.6,322.6,0
2026-07-24 08:10:00,322.53,322.71,322.53,322.6,0
2026-07-24 08:11:00,322.58,322.6048,322.53,322.58,0
2026-07-24 08:12:00,322.53,322.65,322.3289,322.6405,0
2026-07-24 08:13:00,322.65,322.65,322.28,322.5074,0
2026-07-24 08:14:00,322.62,322.7435,322.3012,322.7435,0
2026-07-24 08:15:00,322.739,322.7554,322.63,322.7288,0
2026-07-24 08:16:00,322.66,322.66,322.3015,322.46,0
2026-07-24 08:17:00,322.46,322.65,322.46,322.65,0
2026-07-24 08:18:00,322.62,322.65,322.3282,322.65,0
2026-07-24 08:19:00,322.6488,322.6488,322.46,322.55,0
2026-07-24 08:20:00,322.6488,322.6488,322.4,322.54,0
2026-07-24 08:21:00,322.38,322.53,322.38,322.5083,0
2026-07-24 08:22:00,322.465,322.5283,322.465,322.5283,0
2026-07-24 08:23:00,322.5,322.52,322.485,322.52,0
2026-07-24 08:24:00,322.64,322.65,322.55,322.575,0
2026-07-24 08:25:00,322.51,322.54,322.2898,322.31,0
2026-07-24 08:26:00,322.3454,322.6488,322.3454,322.6488,0
2026-07-24 08:27:00,322.65,322.65,322.27,322.37,0
2026-07-24 08:28:00,322.5,322.5911,322.27,322.27,0
2026-07-24 08:29:00,322.5762,322.64,322.53,322.64,0
2026-07-24 08:30:00,322.66,322.66,322.282,322.282,0
2026-07-24 08:31:00,322.3663,322.7385,322.282,322.282,0
2026-07-24 08:32:00,322.67,322.67,322.2767,322.5235,0
2026-07-24 08:33:00,322.28,322.28,322.28,322.28,0
2026-07-24 08:34:00,322.37,322.6,322.27,322.27,0
2026-07-24 08:36:00,322.6112,322.6112,322.2712,322.2712,0
2026-07-24 08:37:00,322.3685,322.4975,322.276,322.4975,0
2026-07-24 08:38:00,322.4942,322.5,322.49,322.4988,0
2026-07-24 08:39:00,322.45,322.45,322.3981,322.4158,0
2026-07-24 08:40:00,322.29,322.35,322.2,322.2,0
2026-07-24 08:41:00,322.22,322.3,322.22,322.24,0
2026-07-24 08:42:00,322.28,322.28,322.101,322.12,0
2026-07-24 08:43:00,322.17,322.2962,322.17,322.2962,0
2026-07-24 08:44:00,322.28,322.28,322.1199,322.1199,0
2026-07-24 08:45:00,322.09,322.3,322.0,322.2927,0
2026-07-24 08:46:00,322.0172,322.15,322.0172,322.15,0
2026-07-24 08:47:00,322.18,322.2,322.1,322.1988,0
2026-07-24 08:48:00,322.17,322.1966,322.0147,322.055,0
2026-07-24 08:49:00,322.0122,322.19,322.01,322.06,0
2026-07-24 08:50:00,322.01,322.05,321.96,321.9612,0
2026-07-24 08:51:00,322.0492,322.2,322.0,322.15,0
2026-07-24 08:52:00,322.1,322.1,321.93,321.95,0
2026-07-24 08:53:00,321.8075,322.09,321.7677,321.82,0
2026-07-24 08:54:00,321.85,321.8962,321.84,321.8962,0
2026-07-24 08:55:00,321.89,321.89,321.75,321.75,0
2026-07-24 08:56:00,321.7724,321.8182,321.52,321.65,0
2026-07-24 08:57:00,321.52,321.8588,321.5,321.8588,0
2026-07-24 08:58:00,321.71,321.7722,321.5188,321.7722,0
2026-07-24 08:59:00,321.81,321.8188,321.51,321.8003,0
2026-07-24 09:00:00,321.5,321.8,321.488,321.8,0
2026-07-24 09:01:00,321.56,321.7915,321.51,321.7915,0
2026-07-24 09:02:00,321.527,321.7988,321.51,321.51,0
2026-07-24 09:03:00,321.56,321.7221,321.4967,321.56,0
2026-07-24 09:04:00,321.57,321.792,321.56,321.79,0
2026-07-24 09:05:00,321.71,321.7936,321.65,321.655,0
2026-07-24 09:06:00,321.59,321.645,321.55,321.645,0
2026-07-24 09:07:00,321.7452,321.7452,321.5613,321.71,0
2026-07-24 09:08:00,321.71,321.7842,321.56,321.5956,0
2026-07-24 09:09:00,321.64,321.64,321.57,321.59,0
2026-07-24 09:10:00,321.561,321.71,321.561,321.71,0
2026-07-24 09:11:00,321.76,321.76,321.565,321.63,0
2026-07-24 09:12:00,321.565,321.7355,321.565,321.5742,0
2026-07-24 09:13:00,321.63,321.74,321.57,321.7357,0
2026-07-24 09:14:00,321.63,321.67,321.57,321.58,0
2026-07-24 09:15:00,321.58,321.6788,321.57,321.6788,0
2026-07-24 09:16:00,321.62,321.6676,321.5718,321.645,0
2026-07-24 09:17:00,321.6115,321.7588,321.61,321.6332,0
2026-07-24 09:18:00,321.67,321.97,321.66,321.81,0
2026-07-24 09:19:00,321.81,321.84,321.73,321.765,0
2026-07-24 09:20:00,321.75,321.7982,321.68,321.74,0
2026-07-24 09:21:00,321.77,321.78,321.6014,321.7683,0
2026-07-24 09:22:00,321.65,321.76,321.6,321.643,0
2026-07-24 09:23:00,321.64,321.71,321.64,321.6648,0
2026-07-24 09:24:00,321.75,321.75,321.7,321.75,0
2026-07-24 09:25:00,321.75,321.85,321.5512,321.85,0
2026-07-24 09:26:00,321.76,322.17,321.72,322.132,0
2026-07-24 09:27:00,322.1451,322.1827,321.73,321.86,0
2026-07-24 09:28:00,321.8,322.13,321.55,321.75,0
2026-07-24 09:29:00,321.8,321.81,321.6,321.6,0
2026-07-24 09:30:00,324.375,324.52,324.183,324.24,858048
2026-07-24 09:31:00,324.21,324.52,323.23,323.9,158335
2026-07-24 09:32:00,323.93,324.98,323.67,324.91,130578
2026-07-24 09:33:00,324.86,325.35,324.5452,325.15,163922
2026-07-24 09:34:00,325.16,325.2,324.35,324.68,109273
2026-07-24 09:35:00,324.71,325.3024,324.59,325.13,103213
2026-07-24 09:36:00,325.1451,325.79,325.07,325.3399,173999
2026-07-24 09:37:00,325.3,325.565,325.17,325.54,119917
2026-07-24 09:38:00,325.56,325.84,325.04,325.755,121645
2026-07-24 09:39:00,325.77,325.8699,325.1501,325.2,96519
2026-07-24 09:40:00,325.185,325.7894,324.93,325.76,158283
2026-07-24 09:41:00,325.765,325.99,325.61,325.74,141101
2026-07-24 09:42:00,325.75,325.8899,325.35,325.665,92496
2026-07-24 09:43:00,325.685,325.92,325.56,325.63,96681
2026-07-24 09:44:00,325.57,325.9382,325.57,325.67,134341
2026-07-24 09:45:00,325.61,326.26,325.5,326.22,168043
2026-07-24 09:46:00,326.22,326.4875,326.0,326.42,194245
2026-07-24 09:47:00,326.42,326.86,326.42,326.83,216183
2026-07-24 09:48:00,326.84,327.12,326.7,327.01,244132
2026-07-24 09:49:00,327.01,327.51,326.77,326.81,245232
2026-07-24 09:50:00,326.8,327.25,326.12,327.17,160191
2026-07-24 09:51:00,327.16,327.26,326.7701,326.8801,128722
2026-07-24 09:52:00,326.8975,327.26,326.83,326.91,95483
2026-07-24 09:53:00,326.91,327.27,326.825,327.24,117554
2026-07-24 09:54:00,327.235,327.39,327.105,327.38,99706
2026-07-24 09:55:00,327.38,327.74,327.26,327.705,136330
2026-07-24 09:56:00,327.725,327.76,327.23,327.42,153880
2026-07-24 09:57:00,327.42,327.489,327.21,327.22,112222
2026-07-24 09:58:00,327.24,327.415,326.99,327.07,123743
2026-07-24 09:59:00,327.07,327.23,326.73,326.865,102574
2026-07-24 10:00:00,326.86,327.29,326.786,327.11,127752
2026-07-24 10:01:00,327.1,327.34,326.93,327.235,108438
2026-07-24 10:02:00,327.26,327.735,327.135,327.48,118233
2026-07-24 10:03:00,327.46,327.69,327.4205,327.545,116520
2026-07-24 10:04:00,327.545,327.6699,327.15,327.38,162979
2026-07-24 10:05:00,327.37,327.77,327.37,327.615,151497
2026-07-24 10:06:00,327.615,327.74,327.3101,327.7299,75509
2026-07-24 10:07:00,327.71,327.77,327.52,327.74,63985
2026-07-24 10:08:00,327.74,327.96,327.385,327.96,189695
2026-07-24 10:09:00,327.955,328.2399,327.935,328.13,149878
2026-07-24 10:10:00,328.12,328.57,328.12,328.525,155408
2026-07-24 10:11:00,328.53,328.65,328.1,328.28,171048
2026-07-24 10:12:00,328.28,328.42,328.0,328.21,160640
2026-07-24 10:13:00,328.18,328.355,328.02,328.24,75192
2026-07-24 10:14:00,328.2324,328.64,328.0,328.02,214009
2026-07-24 10:15:00,328.03,328.22,327.85,327.945,87536
2026-07-24 10:16:00,327.9324,328.4552,327.8,328.3201,133990
2026-07-24 10:17:00,328.35,328.5,328.135,328.26,72250
2026-07-24 10:18:00,328.24,328.57,328.23,328.34,86083
2026-07-24 10:20:00,328.27,328.38,328.155,328.38,129133
2026-07-24 10:21:00,328.365,328.77,328.2233,328.74,118841
2026-07-24 10:22:00,328.72,329.16,328.72,329.1232,197567
2026-07-24 10:23:00,329.14,329.34,329.03,329.23,115612
2026-07-24 10:24:00,329.25,329.4,329.19,329.3,107987
2026-07-24 10:25:00,329.285,329.439,328.91,328.98,141888
2026-07-24 10:26:00,328.98,329.3,328.98,329.19,109378
2026-07-24 10:27:00,329.185,329.22,328.59,328.685,91964
2026-07-24 10:28:00,328.69,328.94,328.56,328.7952,98284
2026-07-24 10:29:00,328.84,329.08,328.73,328.8,83172
2026-07-24 10:30:00,328.795,329.0395,328.73,328.96,79438
2026-07-24 10:31:00,328.95,329.02,328.79,328.88,76614
2026-07-24 10:32:00,328.875,328.92,328.71,328.78,74695
2026-07-24 10:33:00,328.77,329.08,328.74,329.055,87719
2026-07-24 10:34:00,329.055,329.37,328.96,329.21,138676
2026-07-24 10:35:00,329.217,329.422,329.18,329.38,83050
2026-07-24 10:36:00,329.37,329.45,329.14,329.34,69690
2026-07-24 10:37:00,329.36,329.47,329.3,329.3,81563
2026-07-24 10:38:00,329.325,329.54,329.2266,329.48,110445
2026-07-24 10:39:00,329.45,329.6483,329.21,329.31,103554
2026-07-24 10:40:00,329.32,329.73,329.3132,329.54,135381
2026-07-24 10:41:00,329.5427,329.78,329.4901,329.67,112226
2026-07-24 10:42:00,329.7,329.79,329.51,329.69,160169
2026-07-24 10:43:00,329.65,329.7,329.44,329.585,89666
2026-07-24 10:44:00,329.58,329.65,329.355,329.405,93334
2026-07-24 10:45:00,329.41,329.49,329.21,329.43,110937
2026-07-24 10:46:00,329.41,329.61,329.37,329.57,126194
2026-07-24 10:47:00,329.61,329.64,329.3105,329.41,78639
2026-07-24 10:48:00,329.42,329.62,329.41,329.48,69069
2026-07-24 10:49:00,329.46,329.56,329.27,329.415,68128
2026-07-24 10:50:00,329.405,329.75,329.1801,329.75,187532
2026-07-24 10:51:00,329.7365,330.13,329.72,330.08,269673
2026-07-24 10:52:00,330.085,330.1899,329.84,329.88,127291
2026-07-24 10:53:00,329.89,330.08,329.88,330.04,61405
2026-07-24 10:54:00,330.07,330.07,329.6191,329.7,86082
2026-07-24 10:55:00,329.68,329.78,329.51,329.685,101808
2026-07-24 10:56:00,329.69,329.89,329.64,329.81,74466
2026-07-24 10:57:00,329.82,329.95,329.71,329.925,115598
2026-07-24 10:58:00,329.92,330.22,329.87,330.1401,135535
2026-07-24 10:59:00,330.175,330.23,329.8,329.965,122575
2026-07-24 11:00:00,329.96,330.16,329.91,330.095,77928
2026-07-24 11:01:00,330.0999,330.11,329.71,329.83,93150
2026-07-24 11:02:00,329.89,329.99,329.73,329.86,56008
2026-07-24 11:03:00,329.86,330.2694,329.835,330.235,82456
2026-07-24 11:04:00,330.2493,330.48,330.1,330.41,110765
2026-07-24 11:05:00,330.4,330.57,330.28,330.475,109763
2026-07-24 11:06:00,330.4736,330.64,330.34,330.43,89377
2026-07-24 11:07:00,330.4181,330.45,330.11,330.29,61230
2026-07-24 11:08:00,330.26,330.44,330.115,330.225,74389
2026-07-24 11:09:00,330.24,330.47,330.19,330.355,92089
2026-07-24 11:10:00,330.355,330.55,330.14,330.43,99014
2026-07-24 11:11:00,330.44,330.74,330.43,330.69,143957
2026-07-24 11:12:00,330.7,330.87,330.67,330.72,132666
2026-07-24 11:13:00,330.71,330.8,330.61,330.73,76485
2026-07-24 11:14:00,330.72,331.4,330.715,331.27,247509
2026-07-24 11:15:00,331.2846,331.55,331.17,331.4545,260484
2026-07-24 11:16:00,331.45,331.62,331.16,331.2,105502
2026-07-24 11:17:00,331.1812,331.335,331.05,331.19,128974
2026-07-24 11:18:00,331.1629,331.3,331.04,331.08,100257
2026-07-24 11:19:00,331.08,331.26,331.02,331.14,72207
2026-07-24 11:20:00,331.165,331.3961,331.09,331.28,76054
2026-07-24 11:21:00,331.29,331.48,331.2401,331.35,81131
2026-07-24 11:22:00,331.35,331.43,331.21,331.325,90786
2026-07-24 11:23:00,331.325,331.49,331.19,331.2479,52731
2026-07-24 11:24:00,331.29,331.52,331.29,331.41,70919
2026-07-24 11:25:00,331.415,331.52,331.33,331.52,66774
2026-07-24 11:26:00,331.49,331.75,331.42,331.7208,82525
2026-07-24 11:27:00,331.7318,331.93,331.68,331.775,176492
2026-07-24 11:28:00,331.79,331.86,331.64,331.6501,68636
2026-07-24 11:29:00,331.66,331.79,331.5495,331.765,60315
2026-07-24 11:30:00,331.775,331.9,331.67,331.83,75491
2026-07-24 11:31:00,331.83,331.95,331.785,331.94,68865
2026-07-24 11:32:00,331.925,331.98,331.8,331.87,67138
2026-07-24 11:33:00,331.87,332.13,331.76,332.045,102671
2026-07-24 11:34:00,332.0205,332.3,331.91,332.26,167515
2026-07-24 11:35:00,332.2599,332.565,332.22,332.565,176558
2026-07-24 11:36:00,332.575,332.585,332.39,332.515,143970
2026-07-24 11:37:00,332.51,332.6,332.38,332.425,103016
2026-07-24 11:38:00,332.42,332.4699,332.2669,332.36,126581
2026-07-24 11:39:00,332.35,332.68,332.25,332.65,100876
2026-07-24 11:40:00,332.65,332.91,332.63,332.88,148124
2026-07-24 11:41:00,332.87,333.08,332.82,332.875,209070
2026-07-24 11:42:00,332.88,333.261,332.835,333.2101,135260
2026-07-24 11:43:00,333.23,333.23,332.91,332.975,159619
2026-07-24 11:44:00,332.97,333.0668,332.78,332.81,77407
2026-07-24 11:45:00,332.81,332.995,332.72,332.9895,70850
2026-07-24 11:46:00,332.99,333.06,332.89,332.9801,83925
2026-07-24 11:47:00,333.01,333.06,332.93,333.009,66634
2026-07-24 11:48:00,333.0,333.1599,332.82,333.1503,104528
2026-07-24 11:49:00,333.14,333.16,332.85,332.915,84278
2026-07-24 11:50:00,332.92,333.35,332.92,333.32,120677
2026-07-24 11:51:00,333.305,333.375,333.18,333.2,97328
2026-07-24 11:52:00,333.19,333.335,333.125,333.325,108322
2026-07-24 11:53:00,333.33,333.3895,333.185,333.38,86745
2026-07-24 11:54:00,333.375,333.64,333.33,333.3599,183674
2026-07-24 11:55:00,333.33,333.4,332.9401,333.09,173418
2026-07-24 11:56:00,333.07,333.25,332.98,333.23,83634
2026-07-24 11:57:00,333.22,333.3435,333.0,333.16,279063
2026-07-24 11:58:00,333.16,333.1667,332.86,333.1,75316
2026-07-24 11:59:00,333.1,333.17,332.96,333.05,67374
2026-07-24 12:00:00,333.04,333.315,333.0,333.3,99923
2026-07-24 12:01:00,333.29,333.39,333.21,333.22,88314
2026-07-24 12:02:00,333.22,333.59,333.22,333.5611,119143
2026-07-24 12:03:00,333.57,333.81,333.5681,333.695,137614
2026-07-24 12:04:00,333.695,333.81,333.66,333.745,74929
2026-07-24 12:05:00,333.76,334.1,333.68,334.0099,158388
2026-07-24 12:06:00,333.99,334.09,333.83,334.06,101741
2026-07-24 12:07:00,334.07,334.082,333.442,333.52,206599
2026-07-24 12:08:00,333.53,333.69,333.35,333.4,108488
2026-07-24 12:09:00,333.38,333.38,333.0305,333.07,185250
2026-07-24 12:10:00,333.08,333.09,332.71,332.88,156342
2026-07-24 12:11:00,332.87,333.03,332.801,332.86,94024
2026-07-24 12:12:00,332.8405,332.89,332.66,332.735,83640
2026-07-24 12:13:00,332.75,333.1,332.735,332.81,64679
2026-07-24 12:14:00,332.79,333.28,332.76,333.2101,88785
2026-07-24 12:15:00,333.22,333.25,332.96,333.17,67324
2026-07-24 12:16:00,333.197,333.4,333.16,333.335,78473
2026-07-24 12:17:00,333.35,333.455,333.25,333.38,73772
2026-07-24 12:18:00,333.4,333.75,333.34,333.625,131032
2026-07-24 12:19:00,333.6201,333.7401,333.5301,333.67,86912
2026-07-24 12:20:00,333.66,333.88,333.6,333.854,111123
2026-07-24 12:21:00,333.83,334.37,333.82,334.09,209736
2026-07-24 12:22:00,334.095,334.095,333.76,333.87,79268
2026-07-24 12:23:00,333.89,333.99,333.76,333.84,73285
2026-07-24 12:24:00,333.86,333.9719,333.79,333.94,48566
2026-07-24 12:25:00,333.94,333.97,333.81,333.94,35807
2026-07-24 12:26:00,333.935,334.19,333.935,334.13,79181
2026-07-24 12:27:00,334.145,334.23,334.0,334.0499,86342
2026-07-24 12:28:00,334.03,334.06,333.71,333.7201,76969
2026-07-24 12:29:00,333.7,333.85,333.63,333.72,68122
2026-07-24 12:30:00,333.695,333.8295,333.5,333.6,82338
2026-07-24 12:31:00,333.5867,333.63,333.36,333.5,89104
2026-07-24 12:32:00,333.48,333.51,333.4026,333.45,62962
2026-07-24 12:33:00,333.4364,333.55,333.36,333.39,59456
2026-07-24 12:34:00,333.36,333.57,333.36,333.525,55321
2026-07-24 12:35:00,333.535,333.86,333.5,333.7901,88261
2026-07-24 12:36:00,333.7906,333.8899,333.72,333.72,54277
2026-07-24 12:37:00,333.725,333.9075,333.57,333.85,60269
2026-07-24 12:38:00,333.86,333.87,333.64,333.72,38009
2026-07-24 12:39:00,333.73,333.82,333.65,333.76,47420
2026-07-24 12:40:00,333.7305,333.85,333.64,333.8372,63530
2026-07-24 12:41:00,333.82,333.93,333.575,333.64,73398
2026-07-24 12:42:00,333.645,333.7,333.46,333.7,76426
2026-07-24 12:43:00,333.7,333.71,333.5605,333.62,34127
2026-07-24 12:44:00,333.63,333.7,333.51,333.58,47882
2026-07-24 12:45:00,333.53,333.72,333.48,333.585,77724
2026-07-24 12:46:00,333.5806,333.6278,333.295,333.3475,47104
2026-07-24 12:47:00,333.35,333.43,333.06,333.07,63958
2026-07-24 12:48:00,333.06,333.25,333.01,333.15,58695
2026-07-24 12:49:00,333.17,333.17,332.94,333.045,59691
2026-07-24 12:50:00,333.02,333.0932,332.87,332.95,78099
2026-07-24 12:51:00,332.96,333.15,332.9428,333.04,47932
2026-07-24 12:52:00,333.05,333.05,332.8101,332.8619,53054
2026-07-24 12:53:00,332.855,332.97,332.682,332.77,59003
2026-07-24 12:54:00,332.7601,333.03,332.75,332.95,43987
2026-07-24 12:55:00,332.95,333.18,332.93,333.055,53457
2026-07-24 12:56:00,333.0401,333.06,332.8101,332.91,56849
2026-07-24 12:57:00,332.89,332.97,332.88,332.97,28002
2026-07-24 12:58:00,332.97,333.08,332.9,333.0238,50838
2026-07-24 12:59:00,333.04,333.2,332.9701,333.182,50135
2026-07-24 13:00:00,333.19,333.39,333.184,333.35,84022
2026-07-24 13:01:00,333.35,333.54,333.2771,333.46,102732
2026-07-24 13:02:00,333.46,333.46,333.25,333.31,49469
2026-07-24 13:03:00,333.31,333.34,332.9703,332.99,59553
2026-07-24 13:04:00,332.97,333.035,332.8701,332.895,39731
2026-07-24 13:05:00,332.92,333.025,332.91,332.92,38084
2026-07-24 13:06:00,332.925,334.22,332.5,332.6116,319233
2026-07-24 13:07:00,332.63,332.78,332.56,332.73,128888
2026-07-24 13:08:00,332.7104,332.8199,332.6,332.7782,51221
2026-07-24 13:09:00,332.77,332.8,332.62,332.655,40103
2026-07-24 13:10:00,332.655,332.76,332.6,332.76,39689
2026-07-24 13:11:00,332.75,332.77,332.58,332.685,37628
2026-07-24 13:12:00,332.71,332.88,332.6003,332.61,55164
2026-07-24 13:13:00,332.61,332.69,332.53,332.61,42610
2026-07-24 13:14:00,332.625,332.67,332.38,332.5,96681
2026-07-24 13:15:00,332.54,332.56,332.4,332.41,42265
2026-07-24 13:16:00,332.43,332.67,332.42,332.585,50917
2026-07-24 13:17:00,332.59,332.77,332.52,332.605,75902
2026-07-24 13:18:00,332.61,332.68,332.425,332.44,60912
2026-07-24 13:19:00,332.44,332.5,332.31,332.4601,75406
2026-07-24 13:20:00,332.49,332.6,332.23,332.54,75895
2026-07-24 13:21:00,332.56,332.7,332.38,332.445,96457
2026-07-24 13:22:00,332.43,332.46,332.1617,332.24,82195
2026-07-24 13:23:00,332.246,332.55,332.23,332.3485,59743
2026-07-24 13:24:00,332.37,332.43,332.2285,332.28,50776
2026-07-24 13:25:00,332.2505,332.36,332.1505,332.33,56249
2026-07-24 13:26:00,332.34,332.35,332.19,332.32,38602
2026-07-24 13:27:00,332.34,332.4,332.27,332.3201,49081
2026-07-24 13:28:00,332.34,332.39,332.27,332.35,36627
2026-07-24 13:29:00,332.38,332.46,332.37,332.4,49604
2026-07-24 13:30:00,332.395,332.7395,332.36,332.68,109233
2026-07-24 13:31:00,332.655,333.19,332.56,333.1219,95110
2026-07-24 13:32:00,333.11,333.1299,332.79,332.98,94114
2026-07-24 13:33:00,332.98,332.98,332.81,332.835,49873
2026-07-24 13:34:00,332.83,332.9,332.78,332.86,51787
2026-07-24 13:35:00,332.86,333.01,332.82,332.995,39077
2026-07-24 13:36:00,332.9999,333.03,332.92,332.9455,56794
2026-07-24 13:37:00,332.94,332.97,332.8,332.88,53585
2026-07-24 13:38:00,332.9,332.97,332.8517,332.88,31535
2026-07-24 13:39:00,332.885,332.91,332.6,332.85,49600
2026-07-24 13:40:00,332.89,332.9,332.6942,332.7975,35378
2026-07-24 13:41:00,332.8,332.94,332.7,332.925,42154
2026-07-24 13:42:00,332.915,332.96,332.8772,332.925,33448
2026-07-24 13:43:00,332.915,332.99,332.87,332.94,27280
2026-07-24 13:44:00,332.97,333.0799,332.9,332.92,44587
2026-07-24 13:45:00,332.92,333.045,332.8,332.91,67664
2026-07-24 13:46:00,332.9,333.05,332.8881,332.92,59366
2026-07-24 13:47:00,332.92,333.1,332.92,333.02,45078
2026-07-24 13:48:00,333.015,333.03,332.89,332.94,28759
2026-07-24 13:49:00,332.9478,333.039,332.92,332.995,28895
2026-07-24 13:50:00,333.0,333.0,332.84,332.95,28644
2026-07-24 13:51:00,332.96,333.04,332.85,332.86,40048
2026-07-24 13:52:00,332.86,332.945,332.8335,332.87,38419
2026-07-24 13:53:00,332.85,332.85,332.75,332.79,24574
2026-07-24 13:54:00,332.8,332.935,332.8,332.915,24182
2026-07-24 13:55:00,332.92,332.945,332.745,332.745,32907
2026-07-24 13:56:00,332.765,332.9,332.71,332.865,33896
2026-07-24 13:57:00,332.865,332.93,332.74,332.835,39523
2026-07-24 13:58:00,332.84,332.95,332.805,332.81,28519
2026-07-24 13:59:00,332.82,332.8599,332.63,332.65,51309
2026-07-24 14:00:00,332.645,332.74,332.63,332.72,34857
2026-07-24 14:01:00,332.725,332.85,332.72,332.81,33497
2026-07-24 14:02:00,332.7801,332.8014,332.66,332.78,48880
2026-07-24 14:03:00,332.76,332.77,332.66,332.7299,37155
2026-07-24 14:04:00,332.72,332.755,332.66,332.755,45059
2026-07-24 14:05:00,332.77,332.9199,332.76,332.9013,36987
2026-07-24 14:06:00,332.9,333.0,332.89,332.96,34491
2026-07-24 14:07:00,332.96,333.1699,332.92,333.105,79897
2026-07-24 14:08:00,333.1099,333.135,332.85,332.89,48758
2026-07-24 14:09:00,332.86,332.955,332.75,332.7601,34628
2026-07-24 14:10:00,332.78,332.855,332.77,332.78,30803
2026-07-24 14:11:00,332.785,332.8783,332.73,332.8,27593
2026-07-24 14:12:00,332.77,332.77,332.5401,332.6,46572
2026-07-24 14:13:00,332.6,332.72,332.6,332.63,30515
2026-07-24 14:14:00,332.64,332.65,332.43,332.44,56693
2026-07-24 14:15:00,332.44,332.51,332.37,332.5,49040
2026-07-24 14:16:00,332.5,332.61,332.42,332.56,45963
2026-07-24 14:17:00,332.56,332.75,332.56,332.68,39987
2026-07-24 14:18:00,332.68,332.71,332.56,332.68,44818
2026-07-24 14:19:00,332.7,332.7151,332.515,332.59,30243
2026-07-24 14:20:00,332.575,332.63,332.4403,332.455,35605
2026-07-24 14:21:00,332.4501,332.52,332.36,332.365,43300
2026-07-24 14:22:00,332.35,332.41,332.29,332.41,53344
2026-07-24 14:23:00,332.41,332.45,332.3,332.4,44226
2026-07-24 14:24:00,332.3855,332.48,332.3501,332.4,28979
2026-07-24 14:25:00,332.415,332.455,332.26,332.34,47776
2026-07-24 14:26:00,332.35,332.3955,332.21,332.28,43715
2026-07-24 14:27:00,332.31,332.39,332.14,332.21,119778
2026-07-24 14:28:00,332.19,332.38,332.18,332.28,83116
2026-07-24 14:29:00,332.29,332.39,332.2001,332.265,58968
2026-07-24 14:30:00,332.265,332.42,332.2603,332.42,60716
2026-07-24 14:31:00,332.4004,332.425,332.285,332.33,48621
2026-07-24 14:32:00,332.3299,332.43,332.275,332.4199,49244
2026-07-24 14:33:00,332.42,332.48,332.24,332.2703,81033
2026-07-24 14:34:00,332.26,332.28,332.06,332.19,83948
2026-07-24 14:35:00,332.2,332.48,332.11,332.455,62715
2026-07-24 14:36:00,332.47,332.58,332.4,332.4775,116168
2026-07-24 14:37:00,332.475,332.52,332.355,332.36,56993
2026-07-24 14:38:00,332.365,332.42,332.29,332.415,71380
2026-07-24 14:39:00,332.41,332.62,332.39,332.53,152535
2026-07-24 14:40:00,332.53,332.54,332.11,332.27,76447
2026-07-24 14:41:00,332.25,332.36,332.19,332.24,69523
2026-07-24 14:42:00,332.21,332.32,332.06,332.32,95242
2026-07-24 14:43:00,332.33,332.5,332.3,332.4589,49680
2026-07-24 14:44:00,332.459,332.49,332.2201,332.23,50766
2026-07-24 14:45:00,332.21,332.41,332.2,332.39,60881
2026-07-24 14:46:00,332.37,332.51,332.27,332.5,33713
2026-07-24 14:47:00,332.48,332.525,332.35,332.3601,35658
2026-07-24 14:48:00,332.38,332.64,332.38,332.5,79037
2026-07-24 14:49:00,332.5,332.685,332.445,332.68,35431
2026-07-24 14:50:00,332.69,332.96,332.69,332.95,57033
2026-07-24 14:51:00,332.93,333.05,332.89,333.0,66569
2026-07-24 14:52:00,333.01,333.07,332.7,332.98,95840
2026-07-24 14:53:00,332.98,333.11,332.93,333.09,64243
2026-07-24 14:54:00,333.1,333.1,332.8105,332.98,42923
2026-07-24 14:55:00,332.985,333.005,332.8901,332.93,50165
2026-07-24 14:56:00,332.93,333.0699,332.9101,333.06,28263
2026-07-24 14:57:00,333.055,333.17,333.01,333.03,93802
2026-07-24 14:58:00,333.01,333.03,332.85,332.85,50831
2026-07-24 14:59:00,332.86,333.03,332.84,332.93,43718
2026-07-24 15:00:00,332.96,333.1,332.91,333.0452,69498
2026-07-24 15:01:00,333.0699,333.17,332.96,333.16,83730
2026-07-24 15:02:00,333.1629,333.22,333.085,333.19,1644519
2026-07-24 15:03:00,333.195,333.2131,332.99,333.015,50803
2026-07-24 15:04:00,333.03,333.12,333.01,333.08,41329
2026-07-24 15:05:00,333.09,333.21,333.05,333.11,55643
2026-07-24 15:06:00,333.13,333.23,333.09,333.145,82358
2026-07-24 15:07:00,333.1401,333.15,332.76,332.82,89846
2026-07-24 15:08:00,332.81,332.84,332.62,332.68,115844
2026-07-24 15:09:00,332.67,332.69,332.54,332.61,578681
2026-07-24 15:10:00,332.59,332.73,332.57,332.63,82307
2026-07-24 15:11:00,332.63,332.775,332.58,332.775,80881
2026-07-24 15:12:00,332.76,333.03,332.745,332.9,99836
2026-07-24 15:13:00,332.9,333.01,332.8503,332.91,114306
2026-07-24 15:14:00,332.91,332.92,332.74,332.76,53563
2026-07-24 15:15:00,332.74,332.81,332.7115,332.73,70883
2026-07-24 15:16:00,332.71,332.78,332.69,332.75,57337
2026-07-24 15:17:00,332.74,332.75,332.5301,332.555,109231
2026-07-24 15:18:00,332.53,332.87,332.48,332.85,101049
2026-07-24 15:19:00,332.85,333.09,332.76,333.07,85890
2026-07-24 15:20:00,333.055,333.1,332.86,332.8886,76274
2026-07-24 15:21:00,332.89,333.0367,332.865,332.94,62807
2026-07-24 15:22:00,332.93,332.96,332.78,332.92,50449
2026-07-24 15:23:00,332.92,332.9401,332.84,332.87,45482
2026-07-24 15:24:00,332.865,332.8819,332.62,332.8,53203
2026-07-24 15:25:00,332.805,332.84,332.72,332.7337,57613
2026-07-24 15:26:00,332.73,332.82,332.71,332.755,67261
2026-07-24 15:27:00,332.76,332.81,332.69,332.7,57316
2026-07-24 15:28:00,332.69,332.71,332.52,332.61,53983
2026-07-24 15:29:00,332.615,332.64,332.46,332.49,93012
2026-07-24 15:30:00,332.48,332.56,332.41,332.46,104576
2026-07-24 15:31:00,332.455,332.49,332.36,332.48,71057
2026-07-24 15:32:00,332.48,332.5599,332.44,332.5,67771
2026-07-24 15:33:00,332.505,332.54,332.375,332.454,81624
2026-07-24 15:34:00,332.46,332.47,332.36,332.38,82802
2026-07-24 15:35:00,332.38,332.66,332.3437,332.5325,101970
2026-07-24 15:36:00,332.54,332.7,332.52,332.52,79948
2026-07-24 15:37:00,332.525,332.72,332.48,332.59,93619
2026-07-24 15:38:00,332.5899,332.5899,332.3201,332.3201,80382
2026-07-24 15:39:00,332.34,332.4699,332.26,332.34,91734
2026-07-24 15:40:00,332.34,332.61,332.32,332.545,91493
2026-07-24 15:41:00,332.53,332.73,332.47,332.64,82205
2026-07-24 15:42:00,332.615,332.65,332.51,332.61,86991
2026-07-24 15:43:00,332.625,332.65,332.44,332.56,83140
2026-07-24 15:44:00,332.57,332.77,332.49,332.765,80382
2026-07-24 15:45:00,332.755,332.86,332.5205,332.5703,113883
2026-07-24 15:46:00,332.5601,332.5782,332.3,332.42,117128
2026-07-24 15:47:00,332.42,332.46,332.22,332.25,131475
2026-07-24 15:48:00,332.25,332.28,331.99,332.0,130254
2026-07-24 15:49:00,332.01,332.02,331.85,331.98,110634
2026-07-24 15:50:00,331.97,332.75,331.9501,332.685,202920
2026-07-24 15:51:00,332.68,333.26,332.6052,333.17,280824
2026-07-24 15:52:00,333.1399,333.1399,332.71,333.03,186987
2026-07-24 15:53:00,333.03,333.4,333.03,333.345,184890
2026-07-24 15:54:00,333.34,333.45,333.13,333.24,185210
2026-07-24 15:55:00,333.26,333.43,332.795,333.16,240351
2026-07-24 15:56:00,333.17,333.29,333.06,333.23,163247
2026-07-24 15:57:00,333.21,333.31,333.07,333.19,207304
2026-07-24 15:58:00,333.19,333.22,332.92,332.975,414674
2026-07-24 15:59:00,332.97,333.25,332.75,333.07,770248
2026-07-24 16:00:00,333.06,333.08,332.9,332.98,18252
2026-07-24 16:01:00,332.97,333.209,332.9,333.18,0
2026-07-24 16:02:00,333.1731,333.2268,332.9676,332.9676,0
2026-07-24 16:03:00,333.13,333.25,333.02,333.02,0
2026-07-24 16:04:00,333.02,333.352,333.02,333.12,0
2026-07-24 16:05:00,333.12,333.1434,333.02,333.091,0
2026-07-24 16:06:00,333.0213,333.07,333.02,333.07,0
2026-07-24 16:07:00,333.09,333.1875,333.02,333.1039,0
2026-07-24 16:08:00,333.08,333.25,333.08,333.0842,0
2026-07-24 16:09:00,333.02,333.17,333.02,333.1439,0
2026-07-24 16:10:00,333.2367,333.25,333.02,333.19,0
2026-07-24 16:11:00,333.1733,333.34,333.1733,333.33,0
2026-07-24 16:12:00,333.35,333.42,333.33,333.4,0
2026-07-24 16:13:00,333.4,333.4991,333.4,333.41,0
2026-07-24 16:14:00,333.41,333.4999,333.4,333.4423,0
2026-07-24 16:15:00,333.02,333.47,333.02,333.47,0
2026-07-24 16:16:00,333.45,333.46,333.4204,333.45,0
2026-07-24 16:17:00,333.46,333.5,333.45,333.45,0
2026-07-24 16:18:00,333.4512,333.6,333.45,333.6,0
2026-07-24 16:19:00,333.63,333.7,333.5,333.55,0
2026-07-24 16:20:00,333.52,333.6,333.45,333.4555,0
2026-07-24 16:21:00,333.45,333.6,333.45,333.48,0
2026-07-24 16:22:00,333.55,333.61,333.46,333.47,0
2026-07-24 16:23:00,333.61,333.61,333.46,333.46,0
2026-07-24 16:24:00,333.6,333.6,333.46,333.4856,0
2026-07-24 16:25:00,333.46,333.5282,333.46,333.4734,0
2026-07-24 16:26:00,333.4708,333.5,333.46,333.4647,0
2026-07-24 16:27:00,333.4608,333.499,333.46,333.46,0
2026-07-24 16:28:00,333.49,333.49,333.46,333.4654,0
2026-07-24 16:29:00,333.4625,333.4989,333.45,333.46,0
2026-07-24 16:30:00,333.4625,333.49,333.33,333.33,0
2026-07-24 16:31:00,333.39,333.39,333.02,333.25,0
2026-07-24 16:32:00,333.25,333.3096,333.2,333.2,0
2026-07-24 16:33:00,333.25,333.3,333.2,333.2906,0
2026-07-24 16:34:00,333.2346,333.2975,333.2,333.2232,0
2026-07-24 16:35:00,333.29,333.35,333.2505,333.3108,0
2026-07-24 16:36:00,333.3111,333.349,333.3111,333.34,0
2026-07-24 16:37:00,333.3203,333.35,333.32,333.3312,0
2026-07-24 16:38:00,333.3313,333.3982,333.3207,333.35,0
2026-07-24 16:39:00,333.3317,333.3988,333.3317,333.3317,0
2026-07-24 16:40:00,333.3304,333.4888,333.3304,333.3618,0
2026-07-24 16:41:00,333.37,333.5,333.3245,333.49,0
2026-07-24 16:42:00,333.4857,333.6,333.4444,333.5116,0
2026-07-24 16:43:00,333.5006,333.5988,333.5,333.5001,0
2026-07-24 16:44:00,333.52,333.5975,333.5,333.53,0
2026-07-24 16:45:00,333.55,333.62,333.5155,333.5985,0
2026-07-24 16:46:00,333.6,333.6,333.5339,333.58,0
2026-07-24 16:47:00,333.58,333.58,333.5042,333.5486,0
2026-07-24 16:48:00,333.55,333.667,333.55,333.5512,0
2026-07-24 16:49:00,333.567,333.67,333.5501,333.6288,0
2026-07-24 16:50:00,333.63,333.67,333.6012,333.64,0
2026-07-24 16:51:00,333.63,333.67,333.5,333.56,0
2026-07-24 16:52:00,333.6,333.6607,331.7827,331.7827,0
2026-07-24 16:53:00,333.6,333.67,331.7827,331.7827,0
2026-07-24 16:54:00,333.55,333.6,333.5,333.6,0
2026-07-24 16:55:00,333.5,333.58,333.5,333.5124,0
2026-07-24 16:56:00,333.52,333.5676,333.49,333.49,0
2026-07-24 16:57:00,333.35,333.51,333.32,333.45,0
2026-07-24 16:58:00,333.3494,333.51,333.34,333.3772,0
2026-07-24 16:59:00,333.37,333.58,333.34,333.58,0
2026-07-24 17:00:00,333.37,333.4673,333.32,333.46,0
2026-07-24 17:01:00,333.45,333.46,333.45,333.45,0
2026-07-24 17:02:00,333.45,333.5,333.45,333.4595,0
2026-07-24 17:03:00,333.49,333.49,333.45,333.45,0
2026-07-24 17:04:00,333.4528,333.49,333.02,333.489,0
2026-07-24 17:05:00,333.45,333.46,333.45,333.46,0
2026-07-24 17:06:00,333.488,333.49,333.45,333.49,0
2026-07-24 17:07:00,333.451,333.5,333.45,333.48,0
2026-07-24 17:08:00,333.48,333.48,333.32,333.4077,0
2026-07-24 17:09:00,333.3339,333.4077,333.32,333.4077,0
2026-07-24 17:10:00,333.3657,333.41,333.3242,333.3242,0
2026-07-24 17:11:00,333.32,333.4262,333.32,333.36,0
2026-07-24 17:12:00,333.3561,333.44,333.33,333.3548,0
2026-07-24 17:13:00,333.41,333.486,333.33,333.3548,0
2026-07-24 17:14:00,333.39,333.39,333.33,333.33,0
2026-07-24 17:15:00,333.33,333.49,333.33,333.49,0
2026-07-24 17:16:00,333.43,333.43,333.4,333.43,0
2026-07-24 17:17:00,333.43,333.43,333.39,333.39,0
2026-07-24 17:18:00,333.3936,333.4,333.39,333.3907,0
2026-07-24 17:19:00,333.4154,333.4154,333.3912,333.4154,0
2026-07-24 17:20:00,333.3936,333.4,333.3936,333.3939,0
2026-07-24 17:21:00,333.39,333.43,333.39,333.43,0
2026-07-24 17:22:00,333.4875,333.5,333.42,333.4972,0
2026-07-24 17:23:00,333.5,333.5099,333.5,333.5015,0
2026-07-24 17:24:00,333.5034,333.5099,333.5,333.5099,0
2026-07-24 17:25:00,333.5025,333.5201,333.39,333.3952,0
2026-07-24 17:26:00,333.48,333.48,333.39,333.42,0
2026-07-24 17:27:00,333.48,333.48,333.42,333.4262,0
2026-07-24 17:28:00,333.44,333.4785,333.42,333.42,0
2026-07-24 17:29:00,333.46,333.48,333.39,333.42,0
2026-07-24 17:30:00,333.46,333.65,333.42,333.6,0
2026-07-24 17:31:00,333.6,333.8,333.42,333.6493,0
2026-07-24 17:32:00,333.65,333.8,333.42,333.78,0
2026-07-24 17:33:00,333.78,333.79,333.6,333.65,0
2026-07-24 17:34:00,333.7905,333.7905,333.4212,333.5,0
2026-07-24 17:35:00,333.7411,333.78,333.5,333.5,0
2026-07-24 17:36:00,333.53,333.8,333.53,333.53,0
2026-07-24 17:37:00,333.8,333.8517,333.54,333.8179,0
2026-07-24 17:38:00,333.5811,333.8712,333.53,333.65,0
2026-07-24 17:39:00,333.68,333.75,333.53,333.53,0
2026-07-24 17:40:00,333.5355,333.88,333.53,333.7,0
2026-07-24 17:41:00,333.65,333.88,333.5845,333.8506,0
2026-07-24 17:42:00,333.53,333.88,333.53,333.8188,0
2026-07-24 17:43:00,333.76,333.8381,333.55,333.55,0
2026-07-24 17:44:00,333.74,333.88,333.5654,333.85,0
2026-07-24 17:45:00,333.85,333.85,333.601,333.601,0
2026-07-24 17:46:00,333.6011,333.747,333.6011,333.63,0
2026-07-24 17:47:00,333.63,333.8737,333.63,333.76,0
2026-07-24 17:48:00,333.8545,333.8767,333.7577,333.7577,0
2026-07-24 17:49:00,333.7582,333.7983,333.75,333.7983,0
2026-07-24 17:50:00,333.75,333.79,333.75,333.755,0
2026-07-24 17:51:00,333.7607,333.7892,333.76,333.76,0
2026-07-24 17:52:00,333.7607,333.79,333.76,333.78,0
2026-07-24 17:53:00,333.7601,333.79,333.76,333.79,0
2026-07-24 17:54:00,333.79,333.8788,333.79,333.84,0
2026-07-24 17:55:00,333.86,333.88,333.79,333.86,0
2026-07-24 17:56:00,333.8,333.88,333.79,333.82,0
2026-07-24 17:57:00,333.79,333.855,333.79,333.855,0
2026-07-24 17:58:00,333.79,333.88,333.79,333.83,0
2026-07-24 17:59:00,333.79,333.79,333.76,333.79,0
2026-07-24 18:00:00,333.79,333.8672,333.76,333.8672,0
2026-07-24 18:01:00,333.7627,333.85,333.76,333.76,0
2026-07-24 18:02:00,333.83,333.86,333.7625,333.799,0
2026-07-24 18:03:00,333.799,333.799,333.76,333.76,0
2026-07-24 18:04:00,333.8,333.8,333.78,333.799,0
2026-07-24 18:05:00,333.76,333.8,333.76,333.76,0
2026-07-24 18:06:00,333.76,333.78,333.76,333.76,0
2026-07-24 18:07:00,333.76,333.7988,333.76,333.78,0
2026-07-24 18:08:00,333.8,333.8,333.78,333.78,0
2026-07-24 18:09:00,333.78,333.8,333.76,333.7662,0
2026-07-24 18:10:00,333.76,333.7662,333.76,333.7662,0
2026-07-24 18:11:00,333.799,333.799,333.76,333.7988,0
2026-07-24 18:12:00,333.7,333.7988,333.7,333.73,0
2026-07-24 18:13:00,333.7,333.7975,333.7,333.7975,0
2026-07-24 18:14:00,333.7,333.78,333.69,333.78,0
2026-07-24 18:15:00,333.767,333.767,333.6513,333.7475,0
2026-07-24 18:16:00,333.68,333.77,333.65,333.72,0
2026-07-24 18:17:00,333.65,333.73,333.65,333.65,0
2026-07-24 18:18:00,333.743,333.743,333.65,333.65,0
2026-07-24 18:19:00,333.65,333.66,333.57,333.57,0
2026-07-24 18:20:00,333.57,333.68,333.57,333.68,0
2026-07-24 18:21:00,333.5937,333.5937,333.58,333.583,0
2026-07-24 18:22:00,333.58,333.6,333.58,333.582,0
2026-07-24 18:23:00,333.6,333.6,333.58,333.6,0
2026-07-24 18:24:00,333.6,333.65,333.6,333.6,0
2026-07-24 18:25:00,333.6155,333.63,333.6,333.6,0
2026-07-24 18:26:00,333.6,333.6459,333.6,333.61,0
2026-07-24 18:27:00,333.64,333.65,333.64,333.65,0
2026-07-24 18:28:00,333.64,333.6498,333.64,333.6498,0
2026-07-24 18:29:00,333.65,333.65,333.64,333.65,0
2026-07-24 18:30:00,333.64,333.65,333.5787,333.5787,0
2026-07-24 18:31:00,333.533,333.65,333.533,333.6385,0
2026-07-24 18:32:00,333.6078,333.64,333.5845,333.6372,0
2026-07-24 18:33:00,333.63,333.63,333.53,333.56,0
2026-07-24 18:34:00,333.56,333.59,333.53,333.55,0
2026-07-24 18:35:00,333.5319,333.57,333.531,333.569,0
2026-07-24 18:36:00,333.5688,333.5688,333.5362,333.55,0
2026-07-24 18:37:00,333.56,333.58,333.5377,333.58,0
2026-07-24 18:38:00,333.53,333.5982,333.53,333.5982,0
2026-07-24 18:39:00,333.58,333.5987,333.5512,333.58,0
2026-07-24 18:40:00,333.55,333.5987,333.5,333.5,0
2026-07-24 18:41:00,333.5003,333.52,333.5,333.52,0
2026-07-24 18:42:00,333.51,333.51,333.5,333.5031,0
2026-07-24 18:43:00,333.5035,333.5423,333.5,333.5,0
2026-07-24 18:44:00,333.5012,333.5012,333.42,333.42,0
2026-07-24 18:45:00,333.42,333.4592,333.42,333.42,0
2026-07-24 18:46:00,333.4215,333.46,333.42,333.42,0
2026-07-24 18:47:00,333.44,333.45,333.42,333.4212,0
2026-07-24 18:48:00,333.45,333.45,333.39,333.403,0
2026-07-24 18:49:00,333.4,333.58,333.39,333.53,0
2026-07-24 18:50:00,333.39,333.6,333.39,333.55,0
2026-07-24 18:51:00,333.4225,333.5947,333.4225,333.585,0
2026-07-24 18:52:00,333.5,333.5,333.39,333.39,0
2026-07-24 18:53:00,333.45,333.4972,333.39,333.41,0
2026-07-24 18:54:00,333.41,333.5,333.39,333.5,0
2026-07-24 18:55:00,333.393,333.5088,333.39,333.393,0
2026-07-24 18:56:00,333.4086,333.51,333.39,333.51,0
2026-07-24 18:57:00,333.51,333.5957,333.3952,333.5957,0
2026-07-24 18:58:00,333.4342,333.46,333.4012,333.4012,0
2026-07-24 18:59:00,333.424,333.5988,333.405,333.405,0
2026-07-24 19:00:00,333.46,333.569,333.4,333.5,0
2026-07-24 19:01:00,333.5,333.5,333.4,333.42,0
2026-07-24 19:02:00,333.43,333.5957,333.43,333.51,0
2026-07-24 19:03:00,333.5,333.5988,333.4537,333.48,0
2026-07-24 19:04:00,333.5284,333.598,333.48,333.48,0
2026-07-24 19:05:00,333.5889,333.59,333.42,333.5365,0
2026-07-24 19:06:00,333.53,333.5955,333.42,333.452,0
2026-07-24 19:07:00,333.52,333.5841,333.45,333.5,0
2026-07-24 19:08:00,333.5,333.6012,333.45,333.6012,0
2026-07-24 19:09:00,333.52,333.5865,333.45,333.52,0
2026-07-24 19:10:00,333.4701,333.5767,333.45,333.5767,0
2026-07-24 19:11:00,333.4532,333.5767,333.45,333.56,0
2026-07-24 19:12:00,333.5,333.5577,333.4527,333.4527,0
2026-07-24 19:13:00,333.5373,333.5572,333.4527,333.5572,0
2026-07-24 19:14:00,333.4527,333.51,333.45,333.51,0
2026-07-24 19:15:00,333.51,333.56,333.45,333.56,0
2026-07-24 19:16:00,333.4527,333.5788,333.4527,333.5219,0
2026-07-24 19:17:00,333.55,333.5799,333.51,333.51,0
2026-07-24 19:18:00,333.4612,333.5,333.4612,333.4989,0
2026-07-24 19:19:00,333.46,333.5,333.46,333.46,0
2026-07-24 19:20:00,333.47,333.49,333.46,333.46,0
2026-07-24 19:21:00,333.46,333.5,333.46,333.47,0
2026-07-24 19:22:00,333.48,333.49,333.46,333.46,0
2026-07-24 19:23:00,333.48,333.4897,333.48,333.48,0
2026-07-24 19:24:00,333.475,333.55,333.475,333.52,0
2026-07-24 19:25:00,333.4835,333.6345,333.48,333.6345,0
2026-07-24 19:26:00,333.5037,333.6462,333.5,333.5068,0
2026-07-24 19:27:00,333.51,333.73,333.5,333.619,0
2026-07-24 19:28:00,333.5622,333.6323,333.54,333.54,0
2026-07-24 19:29:00,333.5472,333.63,333.5472,333.63,0
2026-07-24 19:30:00,333.6,333.63,333.5512,333.5512,0
2026-07-24 19:31:00,333.5987,333.6399,333.5597,333.6399,0
2026-07-24 19:32:00,333.64,333.65,333.64,333.6497,0
2026-07-24 19:33:00,333.6412,333.67,333.64,333.6405,0
2026-07-24 19:34:00,333.6487,333.6487,333.6012,333.62,0
2026-07-24 19:35:00,333.62,333.6475,333.55,333.5525,0
2026-07-24 19:36:00,333.5525,333.6,333.55,333.5849,0
2026-07-24 19:37:00,333.55,333.589,333.55,333.5695,0
2026-07-24 19:38:00,333.55,333.5699,333.51,333.531,0
2026-07-24 19:39:00,333.569,333.57,333.531,333.57,0
2026-07-24 19:40:00,333.5631,333.5718,333.53,333.5718,0
2026-07-24 19:41:00,333.5705,333.59,333.53,333.5315,0
2026-07-24 19:42:00,333.5362,333.59,333.5331,333.5331,0
2026-07-24 19:43:00,333.5495,333.55,333.5305,333.5331,0
2026-07-24 19:44:00,333.54,333.55,333.53,333.53,0
2026-07-24 19:45:00,333.5469,333.5499,333.51,333.51,0
2026-07-24 19:46:00,333.53,333.59,333.501,333.59,0
2026-07-24 19:47:00,333.53,333.6,333.53,333.55,0
2026-07-24 19:48:00,333.52,333.74,333.52,333.62,0
2026-07-24 19:49:00,333.6496,333.7,333.611,333.6247,0
2026-07-24 19:50:00,333.7,333.77,333.7,333.727,0
2026-07-24 19:51:00,333.75,333.76,333.7,333.7172,0
2026-07-24 19:52:00,333.6861,333.6977,333.61,333.6861,0
2026-07-24 19:53:00,333.6577,333.7182,333.6517,333.68,0
2026-07-24 19:54:00,333.68,333.7,333.67,333.7,0
2026-07-24 19:55:00,333.67,333.67,333.6183,333.6591,0
2026-07-24 19:56:00,333.6115,333.72,333.61,333.72,0
2026-07-24 19:57:00,333.704,333.73,333.7019,333.72,0
2026-07-24 19:58:00,333.7167,333.8,333.66,333.7,0
2026-07-24 19:59:00,333.78,333.843,333.7,333.8,0
2026-07-27 04:00:00,334.64,336.1237,333.2082,334.24,0
2026-07-27 04:01:00,334.24,335.99,333.48,334.86,0
2026-07-27 04:02:00,334.9,335.0,334.29,335.0,0
2026-07-27 04:03:00,334.29,334.6337,334.0297,334.5688,0
2026-07-27 04:04:00,334.47,334.47,334.0,334.2288,0
2026-07-27 04:05:00,334.012,334.5988,334.0,334.105,0
2026-07-27 04:06:00,334.0052,335.99,333.55,334.015,0
2026-07-27 04:07:00,334.0107,334.4188,334.0012,334.25,0
2026-07-27 04:08:00,334.24,334.4595,334.05,334.4595,0
2026-07-27 04:09:00,334.23,334.494,334.23,334.2612,0
2026-07-27 04:10:00,334.26,334.5,334.26,334.295,0
2026-07-27 04:11:00,334.26,334.26,334.2547,334.255,0
2026-07-27 04:12:00,334.17,334.2464,334.0075,334.0075,0
2026-07-27 04:13:00,334.0,334.4888,334.0,334.4888,0
2026-07-27 04:14:00,334.4723,334.615,334.4,334.5,0
2026-07-27 04:15:00,334.5,334.5,334.01,334.37,0
2026-07-27 04:16:00,334.39,334.5,334.27,334.49,0
2026-07-27 04:17:00,334.49,334.5,334.0175,334.49,0
2026-07-27 04:18:00,334.5872,334.5872,334.0012,334.33,0
2026-07-27 04:19:00,334.6642,334.6642,334.3026,334.3988,0
2026-07-27 04:20:00,334.3,334.4,334.0,334.3888,0
2026-07-27 04:21:00,334.01,334.11,334.01,334.1,0
2026-07-27 04:22:00,334.3,334.391,334.0588,334.38,0
2026-07-27 04:23:00,334.38,334.38,334.2242,334.29,0
2026-07-27 04:24:00,334.27,334.38,334.25,334.25,0
2026-07-27 04:25:00,334.31,334.31,334.22,334.25,0
2026-07-27 04:26:00,334.25,334.36,334.22,334.3,0
2026-07-27 04:27:00,334.3863,334.3863,334.2245,334.2294,0
2026-07-27 04:28:00,334.2245,334.3585,334.2245,334.3585,0
2026-07-27 04:29:00,334.2283,334.4,334.2212,334.2212,0
2026-07-27 04:30:00,334.4988,334.4988,334.22,334.38,0
2026-07-27 04:31:00,334.2245,334.35,334.2245,334.31,0
2026-07-27 04:32:00,334.3955,334.3988,334.22,334.3975,0
2026-07-27 04:33:00,334.3,334.505,334.1,334.2197,0
2026-07-27 04:34:00,334.4927,334.4927,334.0,334.0,0
2026-07-27 04:35:00,334.5,334.5,334.2,334.2,0
2026-07-27 04:36:00,334.2,334.275,334.0261,334.0261,0
2026-07-27 04:37:00,334.24,334.4,334.05,334.05,0
2026-07-27 04:38:00,334.4988,334.4988,334.0012,334.11,0
2026-07-27 04:39:00,334.12,334.12,334.12,334.12,0
2026-07-27 04:40:00,334.13,334.13,334.0,334.0,0
2026-07-27 04:41:00,334.11,334.19,334.0062,334.0062,0
2026-07-27 04:42:00,334.11,334.19,333.9,334.04,0
2026-07-27 04:43:00,334.11,334.11,333.8934,333.8934,0
2026-07-27 04:44:00,333.9475,334.1399,333.9,334.1399,0
2026-07-27 04:45:00,334.13,334.13,334.1186,334.1186,0
2026-07-27 04:46:00,333.8612,333.99,333.86,333.86,0
2026-07-27 04:47:00,333.8632,333.99,333.8632,333.99,0
2026-07-27 04:48:00,333.9832,333.9832,333.875,333.875,0
2026-07-27 04:49:00,333.86,333.9867,333.86,333.86,0
2026-07-27 04:50:00,333.88,333.98,333.79,333.91,0
2026-07-27 04:51:00,333.91,333.9649,333.91,333.9649,0
2026-07-27 04:52:00,333.8,333.8,333.6952,333.6952,0
2026-07-27 04:53:00,333.9,333.9788,333.69,333.9727,0
2026-07-27 04:54:00,333.94,333.95,333.7712,333.7712,0
2026-07-27 04:55:00,333.9845,334.3842,333.7857,333.7857,0
2026-07-27 04:56:00,333.8029,334.4,333.8,333.81,0
2026-07-27 04:57:00,333.7857,333.8028,333.7857,333.8028,0
2026-07-27 04:58:00,333.7857,333.965,333.78,333.81,0
2026-07-27 04:59:00,333.7812,333.9,333.7812,333.8482,0
2026-07-27 05:00:00,333.78,333.82,333.78,333.82,0
2026-07-27 05:01:00,333.85,333.89,333.8,333.89,0
2026-07-27 05:02:00,333.81,333.8488,333.8,333.81,0
2026-07-27 05:03:00,333.7837,333.84,333.7837,333.8207,0
2026-07-27 05:04:00,334.0,334.3988,333.82,333.8345,0
2026-07-27 05:05:00,333.86,334.01,333.86,333.95,0
2026-07-27 05:06:00,333.82,333.89,333.82,333.8232,0
2026-07-27 05:07:00,333.82,333.9467,333.82,333.94,0
2026-07-27 05:08:00,333.9391,333.9391,333.8412,333.89,0
2026-07-27 05:09:00,333.89,334.3875,333.89,334.0,0
2026-07-27 05:10:00,334.0,334.0,333.9057,333.9057,0
2026-07-27 05:11:00,333.9,333.9975,333.9,333.9052,0
2026-07-27 05:12:00,333.9,334.0,333.9,333.9,0
2026-07-27 05:13:00,333.901,333.901,333.901,333.901,0
2026-07-27 05:14:00,333.9025,334.0,333.9025,333.9025,0
2026-07-27 05:15:00,334.0,334.11,333.99,334.11,0
2026-07-27 05:16:00,333.9012,333.94,333.9012,333.93,0
2026-07-27 05:17:00,333.93,334.01,333.93,334.0,0
2026-07-27 05:18:00,333.94,333.94,333.94,333.94,0
2026-07-27 05:19:00,334.0,334.0,333.9025,333.9025,0
2026-07-27 05:20:00,334.0,334.0,333.9012,333.9988,0
2026-07-27 05:21:00,333.9025,333.97,333.9,333.93,0
2026-07-27 05:22:00,333.93,333.99,333.93,333.9412,0
2026-07-27 05:23:00,333.9985,334.0,333.9431,333.9431,0
2026-07-27 05:24:00,333.9431,334.0,333.9431,334.0,0
2026-07-27 05:25:00,334.0,334.0,333.94,333.94,0
2026-07-27 05:26:00,333.8435,333.9315,333.6085,333.8145,0
2026-07-27 05:27:00,333.7846,333.81,333.6,333.6,0
2026-07-27 05:28:00,333.6,333.9488,333.52,333.7462,0
2026-07-27 05:29:00,333.75,333.75,333.55,333.6,0
2026-07-27 05:30:00,333.939,333.95,333.51,333.65,0
2026-07-27 05:31:00,333.79,333.8891,333.5108,333.5125,0
2026-07-27 05:32:00,333.65,333.65,333.51,333.51,0
2026-07-27 05:33:00,333.75,333.94,333.5238,333.94,0
2026-07-27 05:34:00,333.89,334.0988,333.5247,334.0988,0
2026-07-27 05:37:00,333.94,334.076,333.87,333.89,0
2026-07-27 05:38:00,333.9892,333.9892,333.52,333.6988,0
2026-07-27 05:39:00,333.7,333.7,333.7,333.7,0
2026-07-27 05:40:00,333.65,333.6906,333.5201,333.5294,0
2026-07-27 05:41:00,333.5245,333.6955,333.26,333.494,0
2026-07-27 05:42:00,333.42,333.705,333.2612,333.705,0
2026-07-27 05:43:00,333.31,333.4,333.31,333.4,0
2026-07-27 05:44:00,333.4,333.4,333.4,333.4,0
2026-07-27 05:45:00,333.41,333.5602,333.2198,333.2198,0
2026-07-27 05:46:00,333.6875,333.6875,333.43,333.56,0
2026-07-27 05:47:00,333.3209,333.705,333.3209,333.51,0
2026-07-27 05:48:00,333.53,333.705,333.5,333.705,0
2026-07-27 05:49:00,333.505,333.505,333.5,333.5,0
2026-07-27 05:50:00,333.5052,333.59,333.5025,333.59,0
2026-07-27 05:51:00,333.6,333.6,333.45,333.463,0
2026-07-27 05:52:00,333.5537,333.6962,333.55,333.6,0
2026-07-27 05:53:00,333.7,333.7,333.3,333.5,0
2026-07-27 05:54:00,333.6,333.7,333.5,333.62,0
2026-07-27 05:55:00,333.7,333.7,333.675,333.675,0
2026-07-27 05:56:00,333.7,333.7,333.65,333.65,0
2026-07-27 05:57:00,333.62,333.695,333.62,333.64,0
2026-07-27 05:58:00,333.6965,333.6965,333.5635,333.62,0
2026-07-27 05:59:00,333.5635,333.6965,333.31,333.31,0
2026-07-27 06:00:00,333.4,333.42,333.3,333.42,0
2026-07-27 06:01:00,333.3,333.5,333.22,333.227,0
2026-07-27 06:02:00,333.5,333.5,333.4707,333.4707,0
2026-07-27 06:03:00,333.47,333.5,333.4,333.49,0
2026-07-27 06:04:00,333.49,333.4988,333.3,333.4988,0
2026-07-27 06:05:00,333.4,333.4,333.4,333.4,0
2026-07-27 06:06:00,333.4,333.5,333.3,333.48,0
2026-07-27 06:07:00,333.6,333.6,333.2812,333.3,0
2026-07-27 06:08:00,333.3,333.6912,333.3,333.6912,0
2026-07-27 06:09:00,333.5,333.5,333.5,333.5,0
2026-07-27 06:10:00,333.38,333.38,333.3,333.3,0
2026-07-27 06:11:00,333.35,333.35,333.27,333.3,0
2026-07-27 06:12:00,333.2983,333.2983,333.2983,333.2983,0
2026-07-27 06:13:00,333.32,333.5,333.32,333.5,0
2026-07-27 06:14:00,333.5,333.5,333.18,333.3,0
2026-07-27 06:15:00,333.5,333.59,333.1313,333.59,0
2026-07-27 06:16:00,333.5017,333.5147,333.32,333.51,0
2026-07-27 06:17:00,333.59,333.59,333.51,333.51,0
2026-07-27 06:18:00,333.5199,333.55,333.5126,333.55,0
2026-07-27 06:19:00,333.59,333.59,333.57,333.57,0
2026-07-27 06:20:00,333.6025,333.7,333.5147,333.5147,0
2026-07-27 06:22:00,333.53,333.55,333.122,333.122,0
2026-07-27 06:23:00,333.57,333.57,333.57,333.57,0
2026-07-27 06:24:00,333.48,333.48,333.48,333.48,0
2026-07-27 06:26:00,333.48,333.7,333.3,333.3,0
2026-07-27 06:27:00,333.6941,333.6999,333.3,333.68,0
2026-07-27 06:28:00,333.388,333.7,333.388,333.388,0
2026-07-27 06:29:00,333.6988,333.6988,333.67,333.67,0
2026-07-27 06:30:00,333.66,333.6999,333.59,333.59,0
2026-07-27 06:31:00,333.5241,333.5241,333.5241,333.5241,0
2026-07-27 06:32:00,333.7,333.7,333.7,333.7,0
2026-07-27 06:33:00,333.62,333.62,333.31,333.3197,0
2026-07-27 06:34:00,333.7,333.7,333.33,333.3312,0
2026-07-27 06:35:00,333.626,333.7,333.54,333.6791,0
2026-07-27 06:36:00,333.42,333.42,333.42,333.42,0
2026-07-27 06:37:00,333.6902,333.6902,333.42,333.42,0
2026-07-27 06:38:00,333.7,333.7,333.7,333.7,0
2026-07-27 06:40:00,333.605,333.6902,333.605,333.6902,0
2026-07-27 06:41:00,333.388,333.388,333.388,333.388,0
2026-07-27 06:42:00,333.53,333.61,333.53,333.53,0
2026-07-27 06:43:00,333.69,334.11,333.63,333.7,0
2026-07-27 06:44:00,333.65,333.65,333.4952,333.4952,0
2026-07-27 06:45:00,333.55,333.6947,333.5,333.61,0
2026-07-27 06:46:00,333.66,333.66,333.66,333.66,0
2026-07-27 06:48:00,333.4612,333.4612,333.4612,333.4612,0
2026-07-27 06:49:00,333.53,333.6883,333.53,333.6883,0
2026-07-27 06:50:00,333.56,333.7,333.505,333.6,0
2026-07-27 06:51:00,333.6896,333.6896,333.3,333.42,0
2026-07-27 06:52:00,333.44,333.45,333.3209,333.45,0
2026-07-27 06:53:00,333.69,333.69,333.45,333.55,0
2026-07-27 06:54:00,333.55,333.69,333.44,333.44,0
2026-07-27 06:55:00,333.7,334.0,333.31,333.49,0
2026-07-27 06:56:00,333.5342,333.7,333.3685,333.3685,0
2026-07-27 06:57:00,333.6915,333.6915,333.3777,333.49,0
2026-07-27 06:58:00,333.6823,333.7,333.3685,333.7,0
2026-07-27 06:59:00,333.6512,333.7,333.65,333.6975,0
2026-07-27 07:00:00,333.7,333.98,333.6025,333.84,0
2026-07-27 07:01:00,333.9,334.2328,333.75,334.2328,0
2026-07-27 07:02:00,334.2,334.4,333.98,334.3917,0
2026-07-27 07:03:00,334.3489,334.38,334.07,334.2,0
2026-07-27 07:04:00,334.2401,334.49,333.92,333.924,0
2026-07-27 07:05:00,333.936,334.2,333.936,334.2,0
2026-07-27 07:06:00,334.1812,334.4399,334.1812,334.3035,0
2026-07-27 07:07:00,334.3417,334.429,334.011,334.2345,0
2026-07-27 07:08:00,334.24,334.24,333.94,334.0,0
2026-07-27 07:09:00,334.05,334.12,333.92,334.0999,0
2026-07-27 07:10:00,334.1,334.3575,333.9602,334.18,0
2026-07-27 07:11:00,334.22,334.44,333.92,333.9303,0
2026-07-27 07:12:00,334.15,334.15,333.8,333.8,0
2026-07-27 07:13:00,333.9,333.9,333.6,333.61,0
2026-07-27 07:14:00,333.902,333.9462,333.639,333.66,0
2026-07-27 07:15:00,333.86,333.86,333.78,333.82,0
2026-07-27 07:16:00,333.86,334.29,333.82,334.1,0
2026-07-27 07:17:00,334.0,334.26,333.89,334.16,0
2026-07-27 07:18:00,334.08,334.1499,333.88,334.1,0
2026-07-27 07:19:00,334.11,334.3,333.719,334.06,0
2026-07-27 07:20:00,334.0888,334.2688,333.8,334.13,0
2026-07-27 07:21:00,334.19,334.412,333.728,334.26,0
2026-07-27 07:22:00,334.24,334.36,333.87,334.28,0
2026-07-27 07:23:00,334.3,334.3,333.95,334.3,0
2026-07-27 07:24:00,334.29,334.29,333.9512,334.17,0
2026-07-27 07:25:00,334.17,334.209,333.78,334.0,0
2026-07-27 07:26:00,333.9,333.99,333.6,333.6,0
2026-07-27 07:27:00,333.795,333.82,333.6095,333.6095,0
2026-07-27 07:28:00,333.63,333.97,333.63,333.76,0
2026-07-27 07:29:00,333.98,333.98,333.52,333.56,0
2026-07-27 07:30:00,333.56,333.94,333.5,333.7281,0
2026-07-27 07:31:00,333.6616,333.9988,333.51,333.7366,0
2026-07-27 07:32:00,333.84,333.85,333.09,333.33,0
2026-07-27 07:33:00,333.3,333.48,332.75,333.25,0
2026-07-27 07:34:00,333.23,333.7925,333.16,333.71,0
2026-07-27 07:35:00,333.5418,333.76,333.5012,333.5953,0
2026-07-27 07:36:00,333.5387,333.8,333.5,333.5,0
2026-07-27 07:37:00,333.6146,333.8,333.5012,333.74,0
2026-07-27 07:38:00,333.72,333.7645,333.66,333.68,0
2026-07-27 07:39:00,333.8,333.8,333.5012,333.6499,0
2026-07-27 07:40:00,333.65,333.7,333.57,333.7,0
2026-07-27 07:41:00,333.65,333.75,333.5512,333.6,0
2026-07-27 07:42:00,333.5793,333.8,333.5731,333.75,0
2026-07-27 07:43:00,333.68,333.73,333.5,333.5842,0
2026-07-27 07:44:00,333.72,333.733,333.6,333.7045,0
2026-07-27 07:45:00,333.7035,333.7072,333.6,333.6012,0
2026-07-27 07:46:00,333.65,333.7488,333.6,333.6,0
2026-07-27 07:47:00,333.6867,333.7462,333.6,333.7,0
2026-07-27 07:48:00,333.6,333.82,333.6,333.8,0
2026-07-27 07:49:00,333.7987,334.0,333.7562,333.9685,0
2026-07-27 07:50:00,333.75,334.15,333.75,334.003,0
2026-07-27 07:51:00,334.003,334.1561,334.0,334.1561,0
2026-07-27 07:52:00,334.0496,334.2688,334.0012,334.1,0
2026-07-27 07:53:00,334.1462,334.2,334.006,334.2,0
2026-07-27 07:54:00,334.1301,334.3067,334.1301,334.3067,0
2026-07-27 07:55:00,334.18,334.2717,334.18,334.24,0
2026-07-27 07:56:00,334.21,334.25,334.18,334.18,0
2026-07-27 07:57:00,334.2188,334.3,334.1863,334.1863,0
2026-07-27 07:58:00,334.1863,334.297,334.18,334.28,0
2026-07-27 07:59:00,334.2421,334.26,334.16,334.235,0
2026-07-27 08:00:00,334.2,334.3,334.1057,334.26,0
2026-07-27 08:01:00,334.2991,334.2991,332.188,334.15,0
2026-07-27 08:02:00,334.25,334.3,334.1,334.1045,0
2026-07-27 08:03:00,334.28,334.4388,334.1,334.4388,0
2026-07-27 08:04:00,334.39,334.6497,334.39,334.5012,0
2026-07-27 08:05:00,334.51,334.54,334.4,334.4,0
2026-07-27 08:06:00,334.5013,334.59,334.4,334.59,0
2026-07-27 08:07:00,334.57,334.69,334.57,334.625,0
2026-07-27 08:08:00,334.6,334.7,334.4935,334.6999,0
2026-07-27 08:09:00,334.64,334.7,334.5535,334.6988,0
2026-07-27 08:10:00,334.7,334.8,334.56,334.75,0
2026-07-27 08:11:00,334.55,334.7888,334.4,334.7888,0
2026-07-27 08:12:00,334.676,334.676,334.52,334.55,0
2026-07-27 08:13:00,334.51,334.6488,334.26,334.26,0
2026-07-27 08:14:00,334.44,334.5,334.3,334.5,0
2026-07-27 08:15:00,334.42,334.5,334.2065,334.35,0
2026-07-27 08:16:00,334.43,334.43,334.2,334.35,0
2026-07-27 08:17:00,334.3801,334.39,334.2,334.29,0
2026-07-27 08:18:00,334.3988,334.3988,334.22,334.315,0
2026-07-27 08:19:00,334.2332,334.36,334.23,334.34,0
2026-07-27 08:20:00,334.24,334.25,334.23,334.23,0
2026-07-27 08:21:00,334.26,334.32,334.2,334.285,0
2026-07-27 08:22:00,334.21,334.5988,334.21,334.2412,0
2026-07-27 08:23:00,334.45,334.6,334.45,334.5,0
2026-07-27 08:24:00,334.5339,334.54,334.21,334.21,0
2026-07-27 08:25:00,334.21,334.4684,334.1,334.1,0
2026-07-27 08:26:00,334.4,334.5,334.1,334.23,0
2026-07-27 08:27:00,334.25,334.6,334.2,334.24,0
2026-07-27 08:28:00,334.28,334.28,334.2208,334.2765,0
2026-07-27 08:29:00,334.28,334.28,334.2117,334.27,0
2026-07-27 08:30:00,334.25,334.28,334.22,334.28,0
2026-07-27 08:31:00,334.2792,334.315,334.22,334.2215,0
2026-07-27 08:32:00,334.28,334.335,334.22,334.2605,0
2026-07-27 08:33:00,334.26,334.315,334.1,334.23,0
2026-07-27 08:34:00,334.26,334.29,334.1712,334.25,0
2026-07-27 08:35:00,334.25,334.3,334.18,334.18,0
2026-07-27 08:36:00,334.18,334.29,334.18,334.28,0
2026-07-27 08:37:00,334.17,334.2988,334.13,334.1312,0
2026-07-27 08:38:00,334.13,334.2957,334.13,334.1612,0
2026-07-27 08:39:00,334.1635,334.2988,333.95,333.95,0
2026-07-27 08:40:00,333.97,334.03,333.9,333.93,0
2026-07-27 08:41:00,333.9572,333.9572,333.8525,333.92,0
2026-07-27 08:42:00,333.85,333.9988,333.85,333.8504,0
2026-07-27 08:43:00,333.8512,333.98,333.81,333.91,0
2026-07-27 08:44:00,333.9715,333.9715,333.8256,333.85,0
2026-07-27 08:45:00,333.9,333.9967,333.8257,333.9967,0
2026-07-27 08:46:00,334.0,334.0,333.87,333.922,0
2026-07-27 08:47:00,333.996,334.0,333.91,333.97,0
2026-07-27 08:48:00,333.9,333.99,333.9,333.9324,0
2026-07-27 08:49:00,334.02,334.03,333.83,333.92,0
2026-07-27 08:50:00,333.9911,334.0,333.94,333.9896,0
2026-07-27 08:51:00,333.9896,334.0,333.8,333.9,0
2026-07-27 08:52:00,334.0,334.0249,333.9213,334.0249,0
2026-07-27 08:53:00,334.04,334.0975,334.04,334.0975,0
2026-07-27 08:54:00,334.0994,334.1,334.03,334.08,0
2026-07-27 08:55:00,334.08,334.1,334.0,334.0,0
2026-07-27 08:56:00,334.02,334.0988,333.8562,333.98,0
2026-07-27 08:57:00,333.9,334.05,333.85,333.95,0
2026-07-27 08:58:00,333.883,334.01,333.883,334.0,0
2026-07-27 08:59:00,334.0,334.0053,333.883,333.99,0
2026-07-27 09:00:00,333.965,334.0,333.9,333.9155,0
2026-07-27 09:01:00,334.0,334.0,333.8812,333.94,0
2026-07-27 09:02:00,333.99,334.3,333.98,334.26,0
2026-07-27 09:03:00,334.2988,334.2988,334.0412,334.15,0
2026-07-27 09:04:00,334.0413,334.15,334.04,334.14,0
2026-07-27 09:05:00,334.15,334.15,334.0412,334.13,0
2026-07-27 09:06:00,334.1201,334.2,334.11,334.1982,0
2026-07-27 09:07:00,334.2,334.2,334.04,334.161,0
2026-07-27 09:08:00,334.1662,334.2,334.1025,334.2,0
2026-07-27 09:09:00,334.24,334.3,334.2,334.29,0
2026-07-27 09:10:00,334.3,334.365,334.28,334.35,0
2026-07-27 09:11:00,334.35,334.3974,334.27,334.3485,0
2026-07-27 09:12:00,334.33,334.35,334.0712,334.0712,0
2026-07-27 09:13:00,334.2,334.3488,334.1,334.1,0
2026-07-27 09:14:00,334.1014,334.17,334.04,334.1,0
2026-07-27 09:15:00,334.0938,334.11,334.04,334.1,0
2026-07-27 09:16:00,334.1,334.1,334.05,334.0595,0
2026-07-27 09:17:00,334.05,334.0885,333.8845,334.06,0
2026-07-27 09:18:00,334.095,334.095,333.92,333.985,0
2026-07-27 09:19:00,333.99,334.0,333.88,333.98,0
2026-07-27 09:20:00,333.9784,334.0,333.87,333.87,0
2026-07-27 09:21:00,333.98,333.98,333.8,333.8,0
2026-07-27 09:22:00,333.83,333.83,333.75,333.8,0
2026-07-27 09:23:00,333.79,333.8967,333.785,333.87,0
2026-07-27 09:24:00,333.85,333.8967,333.71,333.71,0
2026-07-27 09:25:00,333.7,333.7,333.3155,333.54,0
2026-07-27 09:26:00,333.68,333.74,333.5394,333.74,0
2026-07-27 09:27:00,333.74,334.2,333.67,334.05,0
2026-07-27 09:28:00,334.2,334.99,334.2,334.89,0
2026-07-27 09:29:00,334.97,335.05,334.32,334.93,0
2026-07-27 09:30:00,334.9,336.7,334.1,335.335,1876287
2026-07-27 09:31:00,335.42,336.38,335.12,335.5,271943
2026-07-27 09:32:00,335.51,336.948,335.51,336.7397,236166
2026-07-27 09:33:00,336.7,337.12,336.4773,336.685,250700
2026-07-27 09:34:00,336.75,337.04,335.3505,335.545,292933
2026-07-27 09:35:00,335.54,335.87,335.1805,335.66,174967
2026-07-27 09:36:00,335.76,336.51,335.701,336.195,170292
2026-07-27 09:37:00,336.24,336.32,334.28,334.35,232690
2026-07-27 09:38:00,334.39,335.9,334.32,335.76,170116
2026-07-27 09:39:00,335.82,335.835,335.15,335.735,101324
2026-07-27 09:40:00,335.76,336.0595,335.5439,335.61,111124
2026-07-27 09:41:00,335.69,335.92,335.3201,335.4,124258
2026-07-27 09:42:00,335.4,335.77,335.3,335.38,114474
2026-07-27 09:43:00,335.35,335.63,335.28,335.4,108463
2026-07-27 09:44:00,335.43,335.47,334.92,335.06,181434
2026-07-27 09:45:00,335.02,335.65,334.9,335.59,127255
2026-07-27 09:46:00,335.59,335.8,335.47,335.57,107680
2026-07-27 09:47:00,335.598,336.4,335.5,336.225,203985
2026-07-27 09:48:00,336.27,336.78,336.14,336.515,254187
2026-07-27 09:49:00,336.52,336.5715,335.23,335.3501,121345
2026-07-27 09:50:00,335.4,335.44,335.0,335.13,127980
2026-07-27 09:51:00,335.105,335.36,334.76,334.945,163977
2026-07-27 09:52:00,334.955,335.19,334.63,334.975,104398
2026-07-27 09:53:00,334.96,335.11,334.56,335.02,124514
2026-07-27 09:54:00,335.0499,335.1299,334.65,334.785,195910
2026-07-27 09:55:00,334.78,334.8,334.02,334.22,157254
2026-07-27 09:56:00,334.1901,334.94,334.1901,334.86,136498
2026-07-27 09:57:00,334.84,335.36,334.82,335.17,126730
2026-07-27 09:58:00,335.165,335.58,334.96,335.07,163124
2026-07-27 09:59:00,335.08,335.66,335.0605,335.585,129531
2026-07-27 10:00:00,335.62,336.06,335.26,336.03,183187
2026-07-27 10:01:00,336.055,336.78,335.97,336.645,282870
2026-07-27 10:02:00,336.64,336.89,336.39,336.67,136188
2026-07-27 10:03:00,336.67,336.9,336.5601,336.695,109568
2026-07-27 10:04:00,336.69,336.69,335.56,335.73,232232
2026-07-27 10:05:00,335.7651,335.99,335.65,335.73,103574
2026-07-27 10:06:00,335.7151,336.4175,335.7,336.315,116034
2026-07-27 10:07:00,336.3049,336.45,335.95,336.195,78411
2026-07-27 10:08:00,336.185,336.7898,336.17,336.52,95908
2026-07-27 10:09:00,336.5299,336.61,336.23,336.35,60872
2026-07-27 10:10:00,336.3516,336.37,336.0,336.035,84661
2026-07-27 10:11:00,336.03,336.45,335.96,336.37,116203
2026-07-27 10:12:00,336.395,336.6936,335.9,336.6895,255072
2026-07-27 10:13:00,336.67,336.7,336.335,336.549,98134
2026-07-27 10:14:00,336.56,336.78,336.37,336.6,127409
2026-07-27 10:15:00,336.6,337.02,336.57,337.0099,167159
2026-07-27 10:16:00,337.0197,337.4599,336.97,337.44,167727
2026-07-27 10:17:00,337.461,337.84,337.4301,337.805,204829
2026-07-27 10:18:00,337.8001,337.87,337.41,337.595,137312
2026-07-27 10:19:00,337.62,337.81,337.53,337.63,170557
2026-07-27 10:20:00,337.63,337.68,337.1217,337.45,100905
2026-07-27 10:21:00,337.48,337.92,337.48,337.85,160230
2026-07-27 10:22:00,337.88,338.1,337.75,337.89,265231
2026-07-27 10:23:00,337.87,338.0999,337.76,337.95,187255
2026-07-27 10:24:00,337.9617,338.14,337.63,337.73,224444
2026-07-27 10:25:00,337.74,337.74,337.05,337.49,196982
2026-07-27 10:26:00,337.4726,337.9,337.4726,337.75,167938
2026-07-27 10:27:00,337.77,337.85,337.5663,337.6,106042
2026-07-27 10:28:00,337.63,337.854,337.46,337.815,130390
2026-07-27 10:29:00,337.81,337.93,337.62,337.69,141941
2026-07-27 10:30:00,337.7,337.85,337.05,337.4699,216957
2026-07-27 10:31:00,337.44,337.63,337.1,337.208,141432
2026-07-27 10:32:00,337.24,337.29,336.8,337.29,258140
2026-07-27 10:33:00,337.27,337.48,337.23,337.36,106612
2026-07-27 10:34:00,337.37,337.61,337.17,337.35,208495
2026-07-27 10:35:00,337.29,337.32,336.96,337.32,141270
2026-07-27 10:36:00,337.31,337.615,337.08,337.12,159972
2026-07-27 10:37:00,337.1001,337.69,337.07,337.39,165111
2026-07-27 10:38:00,337.39,337.57,337.05,337.52,171098
2026-07-27 10:39:00,337.51,337.72,337.33,337.67,166606
2026-07-27 10:40:00,337.73,337.909,337.46,337.66,193394
2026-07-27 10:41:00,337.67,337.675,336.53,337.03,227985
2026-07-27 10:42:00,337.06,337.1285,336.7499,337.01,171991
2026-07-27 10:43:00,337.04,337.0999,336.57,336.65,158238
2026-07-27 10:44:00,336.67,336.85,336.23,336.325,169014
2026-07-27 10:45:00,336.325,336.88,336.315,336.52,140811
2026-07-27 10:46:00,336.5,336.6999,336.12,336.4,168490
2026-07-27 10:47:00,336.3901,336.7099,336.29,336.7099,115022
2026-07-27 10:48:00,336.72,337.5,336.58,337.3399,157691
2026-07-27 10:49:00,337.3,337.58,337.175,337.37,133108
2026-07-27 10:50:00,337.39,337.51,337.2,337.42,86229
2026-07-27 10:51:00,337.4,337.5,337.2601,337.345,93890
2026-07-27 10:52:00,337.3101,337.42,336.78,336.9,125439
2026-07-27 10:53:00,336.8815,336.99,336.64,336.69,89996
2026-07-27 10:54:00,336.72,336.985,336.6175,336.97,67426
2026-07-27 10:55:00,336.97,337.99,336.94,337.4,178831
2026-07-27 10:56:00,337.385,337.4099,337.2,337.24,78083
2026-07-27 10:57:00,337.27,337.9,337.22,337.78,166757
2026-07-27 10:58:00,337.788,338.22,337.67,338.17,191463
2026-07-27 10:59:00,338.18,338.3399,338.02,338.2,165277
2026-07-27 11:00:00,338.25,338.76,338.18,338.67,218506
2026-07-27 11:01:00,338.68,339.379,338.68,339.3334,306744
2026-07-27 11:02:00,339.33,339.5,338.9403,339.21,253610
2026-07-27 11:03:00,339.18,339.459,339.0804,339.165,147604
2026-07-27 11:04:00,339.148,339.2101,338.8203,339.1,137859
2026-07-27 11:05:00,339.11,339.19,338.9,339.18,102754
2026-07-27 11:06:00,339.17,339.42,339.05,339.24,165219
2026-07-27 11:07:00,339.2201,339.33,338.9241,339.04,137054
2026-07-27 11:08:00,339.04,339.04,338.64,338.77,114844
2026-07-27 11:09:00,338.765,338.8799,338.57,338.59,109970
2026-07-27 11:10:00,338.63,338.81,338.59,338.65,79080
2026-07-27 11:11:00,338.64,338.88,338.56,338.82,87998
2026-07-27 11:12:00,338.82,338.9499,338.75,338.785,52924
2026-07-27 11:13:00,338.79,339.03,338.785,338.96,76892
2026-07-27 11:14:00,338.98,339.2,338.94,339.05,69852
2026-07-27 11:15:00,339.05,339.21,338.98,339.086,68632
2026-07-27 11:16:00,339.085,339.2,339.03,339.1,73605
2026-07-27 11:17:00,339.085,339.2,338.87,338.915,70445
2026-07-27 11:18:00,338.9,338.92,338.61,338.86,118925
2026-07-27 11:19:00,338.87,338.95,338.66,338.84,65170
2026-07-27 11:20:00,338.865,338.9695,338.701,338.73,66954
2026-07-27 11:21:00,338.735,338.84,338.6,338.6,76959
2026-07-27 11:22:00,338.615,338.81,338.5301,338.67,103497
2026-07-27 11:23:00,338.65,338.8,338.46,338.615,72462
2026-07-27 11:24:00,338.6,338.62,338.2605,338.5801,82092
2026-07-27 11:25:00,338.5951,338.72,338.51,338.625,64320
2026-07-27 11:26:00,338.61,338.81,338.44,338.81,57368
2026-07-27 11:27:00,338.7893,338.9,338.636,338.64,63260
2026-07-27 11:28:00,338.6601,338.71,338.53,338.6,43120
2026-07-27 11:29:00,338.6,338.7499,338.6,338.74,60195
2026-07-27 11:30:00,338.73,338.85,338.5724,338.85,51542
2026-07-27 11:31:00,338.86,338.969,338.67,338.935,93731
2026-07-27 11:32:00,338.925,339.2,338.9,339.06,130403
2026-07-27 11:33:00,339.06,339.46,339.03,339.41,133905
2026-07-27 11:34:00,339.405,339.57,339.3,339.37,126120
2026-07-27 11:35:00,339.35,339.35,338.98,339.05,112513
2026-07-27 11:36:00,339.04,339.04,338.4,338.445,164423
2026-07-27 11:37:00,338.445,338.62,338.22,338.2201,106853
2026-07-27 11:38:00,338.25,338.25,337.7,337.82,182273
2026-07-27 11:39:00,337.81,337.92,337.38,337.47,1399600
2026-07-27 11:40:00,337.5,337.6,337.09,337.435,122077
2026-07-27 11:41:00,337.45,337.65,337.42,337.57,89584
2026-07-27 11:42:00,337.58,337.82,337.55,337.81,95469
2026-07-27 11:43:00,337.83,337.98,337.725,337.935,83834
2026-07-27 11:44:00,337.95,338.332,337.92,338.26,90437
2026-07-27 11:45:00,338.2899,338.3,337.85,338.015,80727
2026-07-27 11:46:00,337.97,338.29,337.97,338.2,52411
2026-07-27 11:47:00,338.2,338.36,338.12,338.305,70247
2026-07-27 11:48:00,338.33,338.56,338.09,338.105,74421
2026-07-27 11:49:00,338.14,338.28,338.09,338.23,43076
2026-07-27 11:50:00,338.31,338.31,338.1202,338.22,39954
2026-07-27 11:51:00,338.215,338.425,338.165,338.285,38667
2026-07-27 11:52:00,338.28,338.34,337.88,337.9001,107268
2026-07-27 11:53:00,337.9,337.97,337.71,337.76,63207
2026-07-27 11:54:00,337.765,337.98,337.67,337.9399,60686
2026-07-27 11:55:00,337.93,337.955,337.636,337.78,49588
2026-07-27 11:56:00,337.8,337.8795,337.63,337.745,33905
2026-07-27 11:57:00,337.74,337.81,337.625,337.64,1093038
2026-07-27 11:58:00,337.62,337.63,336.761,336.8,95025
2026-07-27 11:59:00,336.78,337.11,336.75,337.065,90812
2026-07-27 12:00:00,337.04,337.39,336.95,337.21,54211
2026-07-27 12:01:00,337.26,337.29,337.01,337.1601,76616
2026-07-27 12:02:00,337.14,337.45,337.14,337.45,141530
2026-07-27 12:03:00,337.44,337.46,337.165,337.18,48157
2026-07-27 12:04:00,337.19,337.26,337.05,337.2301,47369
2026-07-27 12:05:00,337.265,337.28,337.03,337.05,43039
2026-07-27 12:06:00,337.05,337.17,337.03,337.17,41219
2026-07-27 12:07:00,337.17,337.28,337.11,337.205,28555
2026-07-27 12:08:00,337.205,337.23,337.1,337.145,25732
2026-07-27 12:09:00,337.13,337.23,337.03,337.2,33789
2026-07-27 12:10:00,337.1901,337.44,337.1001,337.435,80306
2026-07-27 12:11:00,337.43,337.4399,337.31,337.33,36399
2026-07-27 12:12:00,337.35,337.53,337.325,337.44,43026
2026-07-27 12:13:00,337.42,337.43,337.175,337.25,32576
2026-07-27 12:14:00,337.24,337.355,337.16,337.31,35228
2026-07-27 12:15:00,337.33,337.5899,337.205,337.205,42325
2026-07-27 12:16:00,337.21,337.34,337.195,337.3,33291
2026-07-27 12:17:00,337.31,337.5751,337.27,337.45,45858
2026-07-27 12:18:00,337.45,337.88,337.42,337.69,73024
2026-07-27 12:19:00,337.69,337.71,337.34,337.48,37895
2026-07-27 12:20:00,337.485,337.62,337.4206,337.5,49378
2026-07-27 12:21:00,337.4801,337.65,337.45,337.555,43388
2026-07-27 12:22:00,337.53,337.69,337.48,337.645,36340
2026-07-27 12:23:00,337.645,337.645,337.3,337.46,76478
2026-07-27 12:24:00,337.435,337.54,337.32,337.49,32791
2026-07-27 12:25:00,337.51,338.0,337.425,337.965,132431
2026-07-27 12:26:00,337.97,337.97,337.64,337.77,52259
2026-07-27 12:27:00,337.71,337.87,337.68,337.82,46190
2026-07-27 12:28:00,337.81,337.86,337.495,337.53,53759
2026-07-27 12:29:00,337.535,337.57,337.32,337.4501,55402
2026-07-27 12:30:00,337.46,337.6,337.43,337.545,53074
2026-07-27 12:31:00,337.545,337.63,337.48,337.545,33898
2026-07-27 12:32:00,337.545,337.7399,337.545,337.64,38323
2026-07-27 12:33:00,337.655,337.67,337.415,337.5,27845
2026-07-27 12:34:00,337.5,337.75,337.5,337.72,39460
2026-07-27 12:35:00,337.72,337.77,337.58,337.655,43122
2026-07-27 12:36:00,337.655,338.13,337.57,338.13,68955
2026-07-27 12:37:00,338.11,338.13,337.86,337.88,39542
2026-07-27 12:38:00,337.88,337.9,337.63,337.655,30336
2026-07-27 12:39:00,337.67,337.71,337.385,337.435,45453
2026-07-27 12:40:00,337.45,337.53,337.22,337.48,71469
2026-07-27 12:41:00,337.46,337.4768,337.15,337.16,37469
2026-07-27 12:42:00,337.15,337.18,337.01,337.07,58692
2026-07-27 12:43:00,337.06,337.08,336.57,336.625,135256
2026-07-27 12:44:00,336.64,336.8195,336.6101,336.735,53487
2026-07-27 12:45:00,336.74,336.79,336.61,336.655,54388
2026-07-27 12:46:00,336.6401,336.8,336.54,336.665,58080
2026-07-27 12:47:00,336.675,336.73,336.55,336.59,61968
2026-07-27 12:48:00,336.59,336.79,336.5002,336.55,48720
2026-07-27 12:49:00,336.55,336.56,336.4,336.45,41341
2026-07-27 12:50:00,336.4553,336.6,336.38,336.5,56406
2026-07-27 12:51:00,336.52,336.555,336.2189,336.24,55088
2026-07-27 12:52:00,336.22,336.3099,336.14,336.185,62478
2026-07-27 12:53:00,336.22,336.275,336.13,336.2033,33497
2026-07-27 12:54:00,336.24,336.39,336.2034,336.373,33196
2026-07-27 12:55:00,336.38,336.42,336.02,336.23,197456
2026-07-27 12:56:00,336.25,336.54,336.2,336.445,82819
2026-07-27 12:57:00,336.46,336.5799,336.37,336.45,43833
2026-07-27 12:58:00,336.4301,336.63,336.425,336.562,51137
2026-07-27 12:59:00,336.57,336.72,336.54,336.66,30946
2026-07-27 13:00:00,336.68,336.785,336.62,336.655,40659
2026-07-27 13:01:00,336.655,336.685,336.5001,336.52,25589
2026-07-27 13:02:00,336.52,336.52,336.18,336.2505,38692
2026-07-27 13:03:00,336.25,336.2601,336.09,336.2,71818
2026-07-27 13:04:00,336.21,336.29,336.04,336.075,37295
2026-07-27 13:05:00,336.11,336.14,336.0105,336.125,36718
2026-07-27 13:06:00,336.11,336.19,336.031,336.12,36380
2026-07-27 13:07:00,336.11,336.21,336.01,336.1,43439
2026-07-27 13:08:00,336.09,336.12,335.9107,336.02,81360
2026-07-27 13:09:00,336.0268,336.28,335.985,336.26,60760
2026-07-27 13:10:00,336.285,336.4599,336.18,336.24,90342
2026-07-27 13:11:00,336.2001,336.355,336.142,336.3,53192
2026-07-27 13:12:00,336.29,336.34,336.17,336.1886,27936
2026-07-27 13:13:00,336.23,336.31,336.1701,336.29,16994
2026-07-27 13:14:00,336.29,336.3392,336.1,336.3392,196436
2026-07-27 13:15:00,336.33,336.3851,336.12,336.13,38795
2026-07-27 13:16:00,336.145,336.16,335.935,335.95,47114
2026-07-27 13:17:00,336.01,336.01,335.682,335.755,51660
2026-07-27 13:18:00,335.77,335.86,335.68,335.775,41411
2026-07-27 13:19:00,335.77,335.95,335.735,335.92,65611
2026-07-27 13:20:00,335.945,336.195,335.8,336.17,63364
2026-07-27 13:21:00,336.16,336.25,336.12,336.15,45733
2026-07-27 13:22:00,336.115,336.34,336.065,336.25,35017
2026-07-27 13:23:00,336.25,336.3015,336.18,336.185,30723
2026-07-27 13:24:00,336.21,336.44,336.1174,336.42,38138
2026-07-27 13:25:00,336.4499,336.565,336.24,336.45,58033
2026-07-27 13:26:00,336.455,336.73,336.45,336.73,64000
2026-07-27 13:27:00,336.7,336.75,336.34,336.395,80853
2026-07-27 13:28:00,336.42,336.59,336.3404,336.4,39453
2026-07-27 13:29:00,336.4,336.4,336.02,336.05,69379
2026-07-27 13:30:00,336.07,336.1601,336.05,336.11,41739
2026-07-27 13:31:00,336.11,336.23,336.0601,336.1499,36860
2026-07-27 13:32:00,336.13,336.32,336.0,336.26,62424
2026-07-27 13:33:00,336.25,336.38,336.25,336.34,34643
2026-07-27 13:34:00,336.37,336.4397,336.31,336.42,35115
2026-07-27 13:35:00,336.425,336.46,336.3013,336.405,51073
2026-07-27 13:36:00,336.372,336.5,336.3401,336.415,23043
2026-07-27 13:37:00,336.4,336.57,336.35,336.4925,39841
2026-07-27 13:38:00,336.48,336.7791,336.46,336.66,44758
2026-07-27 13:39:00,336.67,336.8,336.53,336.53,35522
2026-07-27 13:40:00,336.53,336.56,336.27,336.32,53219
2026-07-27 13:41:00,336.33,336.4,336.3,336.38,33715
2026-07-27 13:42:00,336.3896,336.39,336.14,336.2,32866
2026-07-27 13:43:00,336.21,336.31,336.11,336.26,38799
2026-07-27 13:44:00,336.27,336.32,336.18,336.26,25127
2026-07-27 13:45:00,336.27,336.3,336.13,336.195,31419
2026-07-27 13:46:00,336.19,336.28,336.165,336.2,28178
2026-07-27 13:47:00,336.19,336.3,336.172,336.23,37291
2026-07-27 13:48:00,336.24,336.29,335.89,335.9044,71062
2026-07-27 13:49:00,335.915,335.965,335.8201,335.85,40621
2026-07-27 13:50:00,335.865,335.95,335.7202,335.795,60277
2026-07-27 13:51:00,335.79,335.83,335.362,335.4305,158830
2026-07-27 13:52:00,335.465,335.49,335.37,335.47,45090
2026-07-27 13:53:00,335.47,335.67,335.44,335.51,118069
2026-07-27 13:54:00,335.45,336.04,335.45,336.04,135539
2026-07-27 13:55:00,336.04,336.1099,335.31,335.415,117148
2026-07-27 13:56:00,335.42,335.57,335.382,335.52,87628
2026-07-27 13:57:00,335.52,335.54,335.3213,335.3817,58935
2026-07-27 13:58:00,335.4,335.58,335.335,335.3699,53582
2026-07-27 13:59:00,335.35,335.55,335.3401,335.5175,51485
2026-07-27 14:00:00,335.54,335.58,335.23,335.3699,48888
2026-07-27 14:01:00,335.3399,335.41,335.16,335.16,43210
2026-07-27 14:02:00,335.17,335.505,335.05,335.4,57075
2026-07-27 14:03:00,335.34,335.485,335.28,335.47,28997
2026-07-27 14:04:00,335.47,335.479,335.28,335.4132,30687
2026-07-27 14:05:00,335.405,335.665,335.35,335.61,148660
2026-07-27 14:06:00,335.6,335.66,335.47,335.58,82311
2026-07-27 14:07:00,335.58,335.73,335.56,335.715,45341
2026-07-27 14:08:00,335.715,335.79,335.65,335.79,58749
2026-07-27 14:09:00,335.81,335.86,335.64,335.74,42515
2026-07-27 14:10:00,335.76,335.82,335.64,335.8039,44719
2026-07-27 14:11:00,335.8,335.83,335.7,335.725,36745
2026-07-27 14:12:00,335.73,335.865,335.73,335.78,38191
2026-07-27 14:13:00,335.76,335.875,335.74,335.84,39921
2026-07-27 14:14:00,335.85,335.88,335.633,335.633,38072
2026-07-27 14:15:00,335.63,335.71,335.4601,335.56,52993
2026-07-27 14:16:00,335.58,335.71,335.51,335.68,52709
2026-07-27 14:17:00,335.68,336.0,335.66,335.834,98919
2026-07-27 14:18:00,335.85,335.86,335.63,335.76,31092
2026-07-27 14:19:00,335.75,335.77,335.61,335.62,25440
2026-07-27 14:20:00,335.62,335.755,335.6,335.71,30030
2026-07-27 14:21:00,335.72,335.82,335.58,335.67,43052
2026-07-27 14:22:00,335.6602,335.74,335.591,335.615,28260
2026-07-27 14:23:00,335.6299,335.77,335.6001,335.65,31773
2026-07-27 14:24:00,335.66,335.77,335.64,335.645,49613
2026-07-27 14:25:00,335.63,335.72,335.59,335.595,30896
2026-07-27 14:26:00,335.58,335.66,335.462,335.49,35364
2026-07-27 14:27:00,335.51,335.53,335.15,335.1799,83659
2026-07-27 14:28:00,335.16,335.22,335.0754,335.125,41160
2026-07-27 14:29:00,335.125,335.1841,335.1,335.15,37968
2026-07-27 14:30:00,335.15,335.17,335.01,335.085,61373
2026-07-27 14:31:00,335.07,335.12,334.77,334.842,110628
2026-07-27 14:32:00,334.86,334.9599,334.79,334.935,36434
2026-07-27 14:33:00,334.93,335.04,334.88,334.88,75306
2026-07-27 14:34:00,334.88,334.94,334.77,334.8599,38232
2026-07-27 14:35:00,334.84,334.9,334.71,334.88,47661
2026-07-27 14:36:00,334.88,334.97,334.79,334.9,32778
2026-07-27 14:37:00,334.89,335.01,334.85,334.965,34099
2026-07-27 14:38:00,334.9524,334.985,334.8475,334.985,35472
2026-07-27 14:39:00,334.97,335.06,334.91,335.0,63559
2026-07-27 14:40:00,334.995,335.02,334.8401,334.85,43589
2026-07-27 14:41:00,334.84,335.19,334.79,334.84,141492
2026-07-27 14:42:00,334.865,334.8734,334.7,334.83,51207
2026-07-27 14:43:00,334.82,335.07,334.77,334.99,54240
2026-07-27 14:44:00,334.98,335.1515,334.98,335.04,116097
2026-07-27 14:45:00,335.04,335.2851,335.005,335.26,56812
2026-07-27 14:46:00,335.265,335.305,335.1981,335.305,33506
2026-07-27 14:47:00,335.31,335.3999,335.26,335.33,51660
2026-07-27 14:48:00,335.321,335.46,335.29,335.31,52873
2026-07-27 14:49:00,335.31,335.3198,335.04,335.0901,37093
2026-07-27 14:50:00,335.1,335.3399,335.1,335.27,28152
2026-07-27 14:51:00,335.27,335.27,335.15,335.195,25155
2026-07-27 14:52:00,335.18,335.655,335.16,335.59,54436
2026-07-27 14:53:00,335.61,335.8423,335.59,335.7098,70219
2026-07-27 14:54:00,335.69,335.7999,335.62,335.75,36844
2026-07-27 14:55:00,335.8,336.24,335.75,336.17,73575
2026-07-27 14:56:00,336.17,336.17,335.79,335.85,38582
2026-07-27 14:57:00,335.855,335.9299,335.7581,335.795,35082
2026-07-27 14:58:00,335.78,335.87,335.6648,335.855,33171
2026-07-27 14:59:00,335.83,335.885,335.73,335.85,34731
2026-07-27 15:00:00,335.85,335.85,335.6351,335.66,35094
2026-07-27 15:01:00,335.675,335.76,335.585,335.59,35244
2026-07-27 15:02:00,335.625,335.75,335.56,335.56,43848
2026-07-27 15:03:00,335.56,335.64,335.5,335.52,40532
2026-07-27 15:04:00,335.51,335.54,335.28,335.3031,49050
2026-07-27 15:05:00,335.3,335.45,335.25,335.4382,33120
2026-07-27 15:06:00,335.4699,335.62,335.37,335.47,44818
2026-07-27 15:07:00,335.47,335.565,335.44,335.4504,42265
2026-07-27 15:08:00,335.465,335.595,335.465,335.58,26687
2026-07-27 15:09:00,335.55,335.66,335.45,335.535,42482
2026-07-27 15:10:00,335.6,335.72,335.585,335.72,42216
2026-07-27 15:11:00,335.72,335.8,335.57,335.725,46364
2026-07-27 15:12:00,335.725,335.82,335.605,335.73,40154
2026-07-27 15:13:00,335.73,335.83,335.66,335.78,33544
2026-07-27 15:14:00,335.79,335.81,335.5,335.6,102762
2026-07-27 15:15:00,335.58,335.755,335.58,335.705,44485
2026-07-27 15:16:00,335.705,335.76,335.64,335.73,42069
2026-07-27 15:17:00,335.73,335.7897,335.63,335.66,39669
2026-07-27 15:18:00,335.66,335.71,335.55,335.63,35924
2026-07-27 15:19:00,335.615,335.64,335.5417,335.6,47657
2026-07-27 15:20:00,335.62,335.64,335.525,335.559,53775
2026-07-27 15:21:00,335.545,335.93,335.52,335.73,91204
2026-07-27 15:22:00,335.75,335.95,335.75,335.89,76334
2026-07-27 15:23:00,335.89,335.91,335.73,335.74,51016
2026-07-27 15:24:00,335.7499,335.85,335.59,335.85,34855
2026-07-27 15:25:00,335.855,335.91,335.7601,335.84,39405
2026-07-27 15:26:00,335.84,335.84,335.67,335.75,531365
2026-07-27 15:27:00,335.755,335.87,335.739,335.829,33950
2026-07-27 15:28:00,335.82,335.93,335.8,335.87,46839
2026-07-27 15:29:00,335.86,335.88,335.68,335.72,55888
2026-07-27 15:30:00,335.72,336.01,335.65,335.91,89466
2026-07-27 15:31:00,335.905,336.0,335.905,335.925,60216
2026-07-27 15:32:00,335.925,335.925,335.77,335.86,61197
2026-07-27 15:33:00,335.86,336.07,335.79,336.03,73379
2026-07-27 15:34:00,336.04,336.115,336.0,336.0103,59320
2026-07-27 15:35:00,336.01,336.105,335.945,335.985,70011
2026-07-27 15:36:00,335.98,336.3,335.98,336.2999,49902
2026-07-27 15:37:00,336.3,336.36,336.21,336.35,75312
2026-07-27 15:38:00,336.35,336.3799,336.24,336.35,62678
2026-07-27 15:39:00,336.35,336.44,336.2146,336.29,75180
2026-07-27 15:40:00,336.29,336.35,336.2294,336.345,51942
2026-07-27 15:41:00,336.35,336.36,336.27,336.29,60310
2026-07-27 15:42:00,336.29,336.38,336.19,336.295,70003
2026-07-27 15:43:00,336.295,336.38,336.22,336.27,68371
2026-07-27 15:44:00,336.27,336.27,336.115,336.23,75623
2026-07-27 15:45:00,336.235,336.27,335.85,335.98,112125
2026-07-27 15:46:00,335.99,336.29,335.88,335.88,121818
2026-07-27 15:47:00,335.875,336.11,335.72,336.1,106200
2026-07-27 15:48:00,336.09,336.28,336.05,336.18,55269
2026-07-27 15:49:00,336.205,336.362,336.19,336.35,74818
2026-07-27 15:50:00,336.35,336.63,336.35,336.57,126525
2026-07-27 15:51:00,336.56,336.64,336.4473,336.5899,99204
2026-07-27 15:52:00,336.58,336.63,336.475,336.5,112760
2026-07-27 15:53:00,336.51,336.64,336.4257,336.64,124141
2026-07-27 15:54:00,336.64,337.13,336.59,337.12,169498
2026-07-27 15:55:00,337.13,337.22,336.69,337.07,248840
2026-07-27 15:56:00,337.07,337.11,336.89,337.0,186554
2026-07-27 15:57:00,337.005,337.08,336.785,337.0,195051
2026-07-27 15:58:00,337.01,337.09,336.875,336.98,300117
2026-07-27 15:59:00,336.97,337.04,336.69,336.92,578680
2026-07-27 16:00:00,336.94,337.08,336.8,337.01,2171787
2026-07-27 16:01:00,337.0,337.1,336.95,337.1,0
2026-07-27 16:02:00,336.9542,337.12,336.95,337.12,0
2026-07-27 16:03:00,337.0194,337.15,336.97,336.9717,0
2026-07-27 16:04:00,336.91,337.15,336.89,337.13,0
2026-07-27 16:05:00,337.05,337.16,336.95,337.02,0
2026-07-27 16:06:00,337.06,337.17,336.91,336.96,0
2026-07-27 16:07:00,336.91,337.19,336.91,336.9557,0
2026-07-27 16:08:00,336.96,337.175,336.9557,337.0435,0
2026-07-27 16:09:00,337.04,337.18,336.91,336.91,0
2026-07-27 16:10:00,337.17,337.19,336.91,337.08,0
2026-07-27 16:11:00,337.08,337.16,336.98,337.15,0
2026-07-27 16:12:00,337.0,337.0,336.99,336.9959,0
2026-07-27 16:13:00,336.9988,337.0,336.95,336.99,0
2026-07-27 16:14:00,336.9224,336.9985,336.9224,336.9546,0
2026-07-27 16:15:00,336.91,337.0,336.91,336.9985,0
2026-07-27 16:16:00,336.96,337.0,336.9,336.9,0
2026-07-27 16:17:00,336.84,336.9415,336.8,336.9415,0
2026-07-27 16:18:00,336.9415,336.9985,336.94,336.97,0
2026-07-27 16:19:00,336.9508,336.99,336.94,336.94,0
2026-07-27 16:20:00,336.96,337.0,336.8612,336.8612,0
2026-07-27 16:21:00,336.9389,336.99,336.8,336.9852,0
2026-07-27 16:22:00,336.99,336.99,336.83,336.99,0
2026-07-27 16:23:00,336.91,336.986,336.83,336.897,0
2026-07-27 16:24:00,336.8982,336.99,336.834,336.8741,0
2026-07-27 16:25:00,336.8892,336.99,336.83,336.92,0
2026-07-27 16:26:00,336.88,336.99,336.87,336.87,0
2026-07-27 16:27:00,336.98,336.987,336.8727,336.96,0
2026-07-27 16:28:00,336.87,336.97,336.51,336.65,0
2026-07-27 16:29:00,336.51,336.85,336.51,336.56,0
2026-07-27 16:30:00,336.51,336.9327,336.51,336.8408,0
2026-07-27 16:31:00,336.84,336.87,336.6555,336.85,0
2026-07-27 16:32:00,336.82,336.8645,336.65,336.76,0
2026-07-27 16:33:00,336.6527,336.9342,336.65,336.8017,0
2026-07-27 16:34:00,336.71,336.92,336.71,336.92,0
2026-07-27 16:35:00,336.9,336.9738,336.7157,336.95,0
2026-07-27 16:36:00,336.9408,336.9796,336.8,336.8,0
2026-07-27 16:37:00,336.94,336.98,336.727,336.7634,0
2026-07-27 16:38:00,336.76,336.9927,336.76,336.9927,0
2026-07-27 16:39:00,336.8145,336.9927,336.71,336.812,0
2026-07-27 16:40:00,336.75,336.7977,336.71,336.7847,0
2026-07-27 16:41:00,336.7317,336.99,336.7301,336.99,0
2026-07-27 16:42:00,336.99,336.99,336.9,336.91,0
2026-07-27 16:43:00,336.91,336.99,336.9,336.9888,0
2026-07-27 16:44:00,336.9852,336.9852,336.8047,336.98,0
2026-07-27 16:45:00,336.9521,336.9521,336.84,336.8619,0
2026-07-27 16:46:00,336.85,336.9755,336.8045,336.84,0
2026-07-27 16:47:00,336.9,336.9755,336.8012,336.804,0
2026-07-27 16:48:00,336.9,336.956,336.8012,336.8035,0
2026-07-27 16:49:00,336.94,336.98,336.8,336.8368,0
2026-07-27 16:50:00,336.82,336.94,336.82,336.8613,0
2026-07-27 16:51:00,336.9697,336.9697,336.84,336.84,0
2026-07-27 16:52:00,336.84,336.97,336.84,336.8432,0
2026-07-27 16:53:00,336.85,336.9667,336.72,336.72,0
2026-07-27 16:54:00,336.71,336.9342,336.71,336.8,0
2026-07-27 16:55:00,336.94,336.94,336.85,336.9342,0
2026-07-27 16:56:00,336.7157,336.94,336.7157,336.8,0
2026-07-27 16:57:00,336.8,336.8,336.5,336.5103,0
2026-07-27 16:58:00,336.5747,336.7,336.5172,336.7,0
2026-07-27 16:59:00,336.6427,336.79,336.26,336.52,0
2026-07-27 17:00:00,336.4797,336.52,336.2665,336.4556,0
2026-07-27 17:01:00,336.49,336.5199,336.26,336.4,0
2026-07-27 17:02:00,336.4012,336.5,336.34,336.3462,0
2026-07-27 17:03:00,336.31,336.3991,336.3,336.3752,0
2026-07-27 17:04:00,336.244,336.48,336.24,336.45,0
2026-07-27 17:05:00,336.4,336.51,336.4,336.43,0
2026-07-27 17:06:00,336.45,336.91,336.43,336.508,0
2026-07-27 17:07:00,336.43,336.52,336.4001,336.5,0
2026-07-27 17:08:00,336.5,336.5,336.4,336.48,0
2026-07-27 17:09:00,336.45,336.48,336.42,336.42,0
2026-07-27 17:10:00,336.5188,336.5188,336.42,336.42,0
2026-07-27 17:11:00,336.44,336.52,336.44,336.4517,0
2026-07-27 17:12:00,336.471,336.49,336.47,336.47,0
2026-07-27 17:13:00,336.5,336.5187,336.47,336.4712,0
2026-07-27 17:14:00,336.47,336.5123,336.46,336.46,0
2026-07-27 17:15:00,336.4873,336.5,336.461,336.466,0
2026-07-27 17:16:00,336.4628,336.47,336.461,336.4662,0
2026-07-27 17:17:00,336.466,336.499,336.4025,336.4025,0
2026-07-27 17:18:00,336.4975,336.4975,336.4025,336.4396,0
2026-07-27 17:19:00,336.43,336.91,336.4,336.91,0
2026-07-27 17:20:00,336.46,336.5,336.44,336.5,0
2026-07-27 17:21:00,336.5,336.5177,336.5,336.5177,0
2026-07-27 17:22:00,336.45,336.52,336.45,336.52,0
2026-07-27 17:23:00,336.52,336.52,336.43,336.47,0
2026-07-27 17:24:00,336.5177,336.52,336.43,336.52,0
2026-07-27 17:25:00,336.4467,336.45,336.4186,336.4186,0
2026-07-27 17:26:00,336.44,336.517,336.43,336.4335,0
2026-07-27 17:27:00,336.43,336.43,336.4013,336.403,0
2026-07-27 17:28:00,336.4222,336.52,336.4,336.52,0
2026-07-27 17:29:00,336.49,336.517,336.4012,336.43,0
2026-07-27 17:30:00,336.47,336.51,336.3,336.37,0
2026-07-27 17:31:00,336.2372,336.2372,336.2372,336.2372,0
2026-07-27 17:32:00,336.2347,336.5,336.2347,336.5,0
2026-07-27 17:33:00,336.52,336.52,336.42,336.43,0
2026-07-27 17:34:00,336.422,336.52,336.2749,336.2749,0
2026-07-27 17:35:00,336.43,336.52,336.43,336.49,0
2026-07-27 17:36:00,336.4834,336.5,336.42,336.5,0
2026-07-27 17:37:00,336.52,336.52,336.46,336.52,0
2026-07-27 17:38:00,336.52,336.52,336.4225,336.5,0
2026-07-27 17:39:00,336.52,336.52,336.49,336.52,0
2026-07-27 17:40:00,336.5,336.52,336.4225,336.43,0
2026-07-27 17:41:00,336.4359,336.52,336.42,336.4223,0
2026-07-27 17:42:00,336.4355,336.5,336.4201,336.47,0
2026-07-27 17:43:00,336.47,336.5,336.47,336.48,0
2026-07-27 17:44:00,336.5,336.51,336.4777,336.49,0
2026-07-27 17:45:00,336.5,336.52,336.47,336.49,0
2026-07-27 17:46:00,336.5192,336.5192,336.47,336.5,0
2026-07-27 17:47:00,336.52,336.52,336.5,336.52,0
2026-07-27 17:48:00,336.52,336.52,336.42,336.5175,0
2026-07-27 17:49:00,336.52,336.52,336.42,336.52,0
2026-07-27 17:50:00,336.48,336.52,336.42,336.49,0
2026-07-27 17:51:00,336.47,336.65,336.44,336.65,0
2026-07-27 17:52:00,336.5965,336.5965,336.5965,336.5965,0
2026-07-27 17:53:00,336.66,336.91,336.6175,336.75,0
2026-07-27 17:54:00,336.86,336.86,336.67,336.75,0
2026-07-27 17:55:00,336.6999,336.91,336.6999,336.9,0
2026-07-27 17:56:00,336.65,336.9,336.5,336.8,0
2026-07-27 17:57:00,336.91,336.91,336.51,336.51,0
2026-07-27 17:58:00,336.42,336.7988,336.42,336.48,0
2026-07-27 17:59:00,336.7,336.77,336.4295,336.7327,0
2026-07-27 18:00:00,336.77,337.0,336.6767,336.83,0
2026-07-27 18:01:00,336.9099,336.91,336.52,336.85,0
2026-07-27 18:02:00,336.85,336.85,336.76,336.76,0
2026-07-27 18:03:00,336.7566,336.99,336.5859,336.9644,0
2026-07-27 18:04:00,336.85,336.9633,336.75,336.75,0
2026-07-27 18:05:00,336.9937,336.9937,336.7562,336.7562,0
2026-07-27 18:06:00,336.9,336.95,336.8145,336.82,0
2026-07-27 18:07:00,336.82,336.82,336.754,336.8,0
2026-07-27 18:08:00,336.8,336.891,336.548,336.7,0
2026-07-27 18:09:00,336.79,336.79,336.54,336.54,0
2026-07-27 18:10:00,336.7935,336.7935,336.54,336.63,0
2026-07-27 18:11:00,336.8,336.8,336.6,336.68,0
2026-07-27 18:12:00,336.6982,336.8,336.6982,336.8,0
2026-07-27 18:13:00,336.66,336.9915,336.66,336.7111,0
2026-07-27 18:14:00,336.6682,336.7283,336.66,336.66,0
2026-07-27 18:15:00,336.71,336.9822,336.71,336.8125,0
2026-07-27 18:16:00,336.6877,336.9822,336.68,336.68,0
2026-07-27 18:17:00,336.8,336.8,336.6012,336.6012,0
2026-07-27 18:18:00,336.99,336.99,336.67,336.7462,0
2026-07-27 18:19:00,336.74,336.9705,336.6,336.951,0
2026-07-27 18:20:00,336.85,336.9607,336.6,336.96,0
2026-07-27 18:21:00,336.85,336.96,336.7813,336.85,0
2026-07-27 18:22:00,336.85,336.85,336.85,336.85,0
2026-07-27 18:23:00,336.9488,336.9488,336.78,336.7805,0
2026-07-27 18:24:00,336.74,336.9,336.6,336.9,0
2026-07-27 18:25:00,336.802,336.802,336.67,336.68,0
2026-07-27 18:26:00,336.6565,336.9035,336.6565,336.67,0
2026-07-27 18:27:00,336.8209,336.91,336.6787,336.9035,0
2026-07-27 18:28:00,336.91,336.91,336.68,336.68,0
2026-07-27 18:29:00,336.68,336.78,336.67,336.78,0
2026-07-27 18:30:00,336.7072,336.78,336.7,336.7,0
2026-07-27 18:31:00,336.67,336.8,336.67,336.8,0
2026-07-27 18:32:00,336.68,336.68,336.68,336.68,0
2026-07-27 18:33:00,336.905,336.905,336.7084,336.7085,0
2026-07-27 18:34:00,336.6515,336.67,336.5,336.576,0
2026-07-27 18:35:00,336.7,336.91,336.5102,336.55,0
2026-07-27 18:36:00,336.5,336.7925,336.5,336.5302,0
2026-07-27 18:37:00,336.75,336.75,336.52,336.522,0
2026-07-27 18:38:00,336.6,336.7,336.52,336.52,0
2026-07-27 18:39:00,336.7,336.7,336.5,336.6653,0
2026-07-27 18:40:00,336.5,336.7,336.5,336.7,0
2026-07-27 18:41:00,336.66,336.66,336.5053,336.58,0
2026-07-27 18:42:00,336.53,336.65,336.5012,336.617,0
2026-07-27 18:43:00,336.6012,336.65,336.6,336.65,0
2026-07-27 18:44:00,336.51,336.65,336.23,336.23,0
2026-07-27 18:45:00,336.43,336.65,336.23,336.5,0
2026-07-27 18:46:00,336.5,336.6462,336.5,336.56,0
2026-07-27 18:47:00,336.5037,336.6268,336.5,336.56,0
2026-07-27 18:48:00,336.55,336.6965,336.23,336.23,0
2026-07-27 18:49:00,336.6,336.6,336.5617,336.5617,0
2026-07-27 18:50:00,336.6,336.6882,336.56,336.56,0
2026-07-27 18:51:00,336.56,336.7375,336.2625,336.4087,0
2026-07-27 18:52:00,336.4012,336.75,336.4,336.7488,0
2026-07-27 18:53:00,336.6823,336.7488,336.41,336.6973,0
2026-07-27 18:54:00,336.57,336.68,336.4,336.66,0
2026-07-27 18:55:00,336.41,336.57,336.4,336.57,0
2026-07-27 18:56:00,336.7,336.75,336.57,336.57,0
2026-07-27 18:57:00,336.6739,336.6739,336.505,336.66,0
2026-07-27 18:58:00,336.66,336.66,336.6559,336.6559,0
2026-07-27 18:59:00,336.57,336.69,336.57,336.6,0
2026-07-27 19:00:00,336.52,336.695,336.5,336.695,0
2026-07-27 19:01:00,336.66,336.695,336.6,336.68,0
2026-07-27 19:02:00,336.68,336.7925,336.5012,336.5012,0
2026-07-27 19:03:00,336.63,336.8899,336.63,336.87,0
2026-07-27 19:04:00,336.831,336.91,336.6072,336.812,0
2026-07-27 19:05:00,336.88,337.0,336.71,336.86,0
2026-07-27 19:06:00,336.86,337.05,336.86,336.988,0
2026-07-27 19:07:00,336.98,336.99,336.7745,336.91,0
2026-07-27 19:08:00,336.996,336.996,336.84,336.95,0
2026-07-27 19:09:00,336.95,336.95,336.5,336.7,0
2026-07-27 19:10:00,336.72,336.886,336.7,336.886,0
2026-07-27 19:11:00,336.73,336.8,336.73,336.8,0
2026-07-27 19:12:00,336.8,336.86,336.74,336.86,0
2026-07-27 19:13:00,336.89,336.89,336.8476,336.8476,0
2026-07-27 19:14:00,336.8494,336.88,336.74,336.747,0
2026-07-27 19:15:00,336.75,336.75,336.74,336.74,0
2026-07-27 19:16:00,336.74,336.85,336.5367,336.65,0
2026-07-27 19:17:00,336.85,336.89,336.75,336.8703,0
2026-07-27 19:18:00,336.7717,336.87,336.75,336.7525,0
2026-07-27 19:19:00,336.8,336.9488,336.75,336.85,0
2026-07-27 19:20:00,336.96,337.0,336.75,336.99,0
2026-07-27 19:21:00,336.9483,336.9635,336.85,336.9635,0
2026-07-27 19:22:00,336.984,336.99,336.7872,336.85,0
2026-07-27 19:23:00,336.98,336.98,336.85,336.96,0
2026-07-27 19:24:00,336.85,337.0,336.75,336.82,0
2026-07-27 19:25:00,336.98,336.98,336.8033,336.8033,0
2026-07-27 19:26:00,336.85,336.99,336.85,336.9,0
2026-07-27 19:27:00,336.86,336.9847,336.8,336.86,0
2026-07-27 19:28:00,336.86,336.9897,336.78,336.95,0
2026-07-27 19:29:00,336.95,336.975,336.785,336.97,0
2026-07-27 19:30:00,336.88,336.9788,336.78,336.78,0
2026-07-27 19:31:00,336.87,336.88,336.7847,336.7847,0
2026-07-27 19:32:00,336.9652,336.9652,336.88,336.9,0
2026-07-27 19:33:00,336.9,336.97,336.814,336.82,0
2026-07-27 19:34:00,336.9,336.9699,336.86,336.9017,0
2026-07-27 19:35:00,336.9017,336.9682,336.9,336.92,0
2026-07-27 19:36:00,336.94,336.9799,336.91,336.9792,0
2026-07-27 19:37:00,336.95,336.98,336.902,336.902,0
2026-07-27 19:38:00,336.9676,336.9676,336.9,336.96,0
2026-07-27 19:39:00,336.93,336.94,336.74,336.74,0
2026-07-27 19:40:00,336.85,336.85,336.85,336.85,0
2026-07-27 19:41:00,336.8,336.9799,336.7655,336.78,0
2026-07-27 19:42:00,336.8,336.8,336.76,336.76,0
2026-07-27 19:43:00,336.9452,336.95,336.76,336.76,0
2026-07-27 19:44:00,336.79,336.94,336.76,336.794,0
2026-07-27 19:45:00,336.79,336.91,336.79,336.79,0
2026-07-27 19:46:00,336.9,336.9,336.81,336.8977,0
2026-07-27 19:47:00,336.88,336.9488,336.8317,336.9488,0
2026-07-27 19:48:00,336.9475,336.9475,336.85,336.85,0
2026-07-27 19:49:00,336.8525,336.9475,336.85,336.85,0
2026-07-27 19:50:00,336.97,337.0,336.8537,336.9728,0
2026-07-27 19:51:00,337.0,337.33,336.8519,337.33,0
2026-07-27 19:52:00,337.27,337.3347,337.13,337.21,0
2026-07-27 19:53:00,337.1335,337.4127,337.13,337.36,0
2026-07-27 19:54:00,337.39,337.4057,337.29,337.29,0
2026-07-27 19:55:00,337.34,337.406,337.0105,337.37,0
2026-07-27 19:56:00,337.0651,337.42,337.0651,337.42,0
2026-07-27 19:57:00,337.42,337.42,337.27,337.27,0
2026-07-27 19:58:00,337.42,337.5,337.0,337.3999,0
2026-07-27 19:59:00,337.4,337.5,337.224,337.5,0
2026-07-28 04:00:00,337.5,338.4977,336.91,337.48,0
2026-07-28 04:01:00,337.65,338.37,337.08,337.79,0
2026-07-28 04:02:00,337.8,338.42,337.71,338.2,0
2026-07-28 04:03:00,338.47,338.47,337.85,338.43,0
2026-07-28 04:04:00,338.15,338.17,338.0,338.09,0
2026-07-28 04:05:00,338.09,338.4645,337.87,338.0,0
2026-07-28 04:06:00,338.078,338.4,338.0012,338.4,0
2026-07-28 04:07:00,338.29,338.29,337.16,338.0,0
2026-07-28 04:08:00,338.154,338.1888,337.5172,338.1888,0
2026-07-28 04:09:00,338.0,338.154,337.79,337.97,0
2026-07-28 04:10:00,337.9582,337.9582,337.5117,337.79,0
2026-07-28 04:11:00,337.79,337.79,337.7844,337.7844,0
2026-07-28 04:12:00,337.56,337.56,337.56,337.56,0
2026-07-28 04:13:00,337.7984,337.7984,337.68,337.78,0
2026-07-28 04:14:00,337.68,337.9657,337.64,337.8089,0
2026-07-28 04:15:00,337.8,338.0,337.8,337.89,0
2026-07-28 04:16:00,338.29,338.47,337.9492,337.9492,0
2026-07-28 04:17:00,338.4288,338.4288,338.13,338.13,0
2026-07-28 04:18:00,338.41,338.41,338.1,338.23,0
2026-07-28 04:19:00,338.18,338.2688,337.9385,338.2688,0
2026-07-28 04:20:00,338.21,338.4088,338.0043,338.19,0
2026-07-28 04:21:00,337.93,338.3297,337.93,337.9322,0
2026-07-28 04:22:00,338.1,338.43,337.942,338.345,0
2026-07-28 04:23:00,338.34,338.4,337.93,338.4,0
2026-07-28 04:24:00,337.93,338.11,337.93,338.11,0
2026-07-28 04:25:00,338.33,338.3755,338.11,338.21,0
2026-07-28 04:26:00,338.117,338.21,338.11,338.2,0
2026-07-28 04:27:00,338.33,338.33,338.115,338.1988,0
2026-07-28 04:28:00,338.1953,338.1953,338.1953,338.1953,0
2026-07-28 04:29:00,338.16,338.2,338.1112,338.2,0
2026-07-28 04:30:00,338.11,338.3888,338.11,338.38,0
2026-07-28 04:31:00,338.3732,338.3732,338.1112,338.1112,0
2026-07-28 04:32:00,338.25,338.39,338.17,338.3659,0
2026-07-28 04:33:00,338.36,338.3788,338.11,338.22,0
2026-07-28 04:34:00,338.22,338.23,338.22,338.23,0
2026-07-28 04:35:00,338.3988,338.3988,338.2212,338.315,0
2026-07-28 04:36:00,338.34,338.3977,338.24,338.36,0
2026-07-28 04:37:00,338.39,338.3953,338.23,338.23,0
2026-07-28 04:38:00,338.26,338.3118,338.25,338.25,0
2026-07-28 04:39:00,338.23,338.29,338.16,338.28,0
2026-07-28 04:40:00,338.2788,338.3988,338.2104,338.3988,0
2026-07-28 04:41:00,338.35,338.35,338.21,338.21,0
2026-07-28 04:42:00,338.28,338.3988,338.2199,338.28,0
2026-07-28 04:43:00,338.28,338.29,338.16,338.2472,0
2026-07-28 04:44:00,338.2488,338.2488,338.19,338.19,0
2026-07-28 04:45:00,338.2472,338.2472,338.0012,338.11,0
2026-07-28 04:46:00,338.11,338.11,338.0062,338.11,0
2026-07-28 04:47:00,338.11,338.2488,338.05,338.2488,0
2026-07-28 04:48:00,338.16,338.16,338.1,338.1,0
2026-07-28 04:49:00,338.12,338.17,338.0877,338.17,0
2026-07-28 04:50:00,338.17,338.39,338.01,338.01,0
2026-07-28 04:51:00,338.01,338.39,338.01,338.39,0
2026-07-28 04:52:00,338.39,338.39,338.2855,338.31,0
2026-07-28 04:53:00,338.2612,338.3832,338.0612,338.3817,0
2026-07-28 04:54:00,338.32,338.32,338.27,338.27,0
2026-07-28 04:55:00,338.27,338.35,338.27,338.35,0
2026-07-28 04:56:00,338.27,338.44,338.2,338.44,0
2026-07-28 04:57:00,338.47,338.51,338.3704,338.3704,0
2026-07-28 04:58:00,338.52,338.53,338.52,338.5288,0
2026-07-28 04:59:00,338.36,338.7202,338.36,338.7202,0
2026-07-28 05:00:00,338.7202,338.7388,338.4,338.5645,0
2026-07-28 05:01:00,338.6,338.8188,338.6,338.78,0
2026-07-28 05:02:00,338.78,338.78,338.6715,338.7,0
2026-07-28 05:03:00,338.69,338.77,338.5812,338.6,0
2026-07-28 05:04:00,338.62,338.62,338.37,338.37,0
2026-07-28 05:05:00,338.5988,338.5988,338.41,338.42,0
2026-07-28 05:06:00,338.44,338.44,338.36,338.36,0
2026-07-28 05:07:00,338.36,338.4988,338.22,338.22,0
2026-07-28 05:08:00,338.4,338.4,338.3,338.4,0
2026-07-28 05:09:00,338.2245,338.3955,338.2212,338.3467,0
2026-07-28 05:10:00,338.34,338.35,338.07,338.07,0
2026-07-28 05:11:00,338.3488,338.3488,338.0087,338.3317,0
2026-07-28 05:12:00,338.34,338.34,338.005,338.14,0
2026-07-28 05:13:00,338.3412,338.3412,338.0087,338.29,0
2026-07-28 05:14:00,338.3318,338.35,338.2481,338.3488,0
2026-07-28 05:15:00,338.29,338.3022,338.15,338.3,0
2026-07-28 05:16:00,338.3,338.3,338.15,338.27,0
2026-07-28 05:17:00,338.3,338.3,338.113,338.2307,0
2026-07-28 05:18:00,338.3,338.4,338.2245,338.26,0
2026-07-28 05:20:00,338.31,338.5,338.31,338.36,0
2026-07-28 05:21:00,338.399,338.399,338.3621,338.3621,0
2026-07-28 05:22:00,338.38,338.4925,338.38,338.4,0
2026-07-28 05:23:00,338.4,338.4988,338.205,338.205,0
2026-07-28 05:24:00,338.395,338.395,338.205,338.205,0
2026-07-28 05:25:00,338.3988,338.3988,338.27,338.27,0
2026-07-28 05:26:00,338.37,338.37,338.37,338.37,0
2026-07-28 05:27:00,338.37,338.4,338.37,338.37,0
2026-07-28 05:28:00,338.3767,338.5,338.3745,338.3745,0
2026-07-28 05:29:00,338.5,338.55,338.4035,338.5411,0
2026-07-28 05:30:00,338.53,338.53,338.3897,338.39,0
2026-07-28 05:31:00,338.5488,338.5488,338.3889,338.5,0
2026-07-28 05:32:00,338.5411,338.5411,338.5,338.5,0
2026-07-28 05:33:00,338.44,338.5488,338.41,338.45,0
2026-07-28 05:34:00,338.5452,338.5488,338.3647,338.5488,0
2026-07-28 05:35:00,338.46,338.5,338.36,338.5,0
2026-07-28 05:36:00,338.55,338.7988,338.394,338.7988,0
2026-07-28 05:37:00,338.55,338.8,338.42,338.42,0
2026-07-28 05:38:00,338.42,338.64,338.42,338.51,0
2026-07-28 05:39:00,338.65,338.65,338.4812,338.64,0
2026-07-28 05:40:00,338.64,338.85,338.57,338.85,0
2026-07-28 05:41:00,338.8453,339.0,338.7062,338.98,0
2026-07-28 05:42:00,338.6912,338.9988,338.6912,338.9892,0
2026-07-28 05:43:00,338.9,339.0,338.766,338.766,0
2026-07-28 05:44:00,338.8,338.9,338.72,338.9,0
2026-07-28 05:45:00,338.82,338.93,338.8,338.89,0
2026-07-28 05:46:00,338.727,338.99,338.727,338.82,0
2026-07-28 05:47:00,338.9776,338.99,338.7212,338.91,0
2026-07-28 05:48:00,338.85,338.9888,338.7733,338.7733,0
2026-07-28 05:49:00,338.804,339.17,338.7802,339.1688,0
2026-07-28 05:50:00,339.17,339.3382,339.17,339.2,0
2026-07-28 05:51:00,339.2,339.26,339.0,339.26,0
2026-07-28 05:52:00,339.3988,339.3988,339.0209,339.39,0
2026-07-28 05:53:00,339.07,339.4,338.77,338.77,0
2026-07-28 05:54:00,338.8029,339.3986,338.8029,339.16,0
2026-07-28 05:55:00,339.1,339.15,339.0,339.0,0
2026-07-28 05:56:00,339.0,339.0988,338.85,338.85,0
2026-07-28 05:57:00,338.9,339.01,338.85,339.01,0
2026-07-28 05:58:00,339.0682,339.0682,338.5337,338.79,0
2026-07-28 05:59:00,338.82,338.82,338.42,338.8,0
2026-07-28 06:00:00,338.956,339.0,338.48,338.9755,0
2026-07-28 06:01:00,339.0,339.0,338.85,338.9,0
2026-07-28 06:02:00,338.805,338.995,338.805,338.995,0
2026-07-28 06:03:00,338.91,339.0,338.5417,338.5417,0
2026-07-28 06:04:00,338.96,338.96,338.95,338.95,0
2026-07-28 06:05:00,338.9,338.95,338.89,338.9,0
2026-07-28 06:06:00,338.95,339.0,338.7312,338.86,0
2026-07-28 06:07:00,338.91,338.9988,338.71,338.7156,0
2026-07-28 06:08:00,338.8,339.0,338.8,338.8,0
2026-07-28 06:09:00,338.84,338.9844,338.83,338.9844,0
2026-07-28 06:10:00,338.98,338.996,338.81,338.896,0
2026-07-28 06:11:00,338.9,339.0,338.84,339.0,0
2026-07-28 06:12:00,338.95,339.0,338.85,338.99,0
2026-07-28 06:13:00,338.82,339.0,338.82,339.0,0
2026-07-28 06:14:00,338.9857,339.0,338.8635,338.9965,0
2026-07-28 06:15:00,338.9858,338.9965,338.855,338.93,0
2026-07-28 06:16:00,339.0,339.0,338.9,338.9988,0
2026-07-28 06:17:00,339.0,339.0,338.98,338.99,0
2026-07-28 06:18:00,339.0,339.0,338.95,338.99,0
2026-07-28 06:19:00,338.95,339.0,338.8612,338.95,0
2026-07-28 06:20:00,338.8612,338.9988,338.8612,338.95,0
2026-07-28 06:21:00,338.93,338.93,338.8,338.817,0
2026-07-28 06:22:00,338.82,338.9925,338.7075,338.85,0
2026-07-28 06:23:00,338.88,339.0,338.86,338.9,0
2026-07-28 06:24:00,339.0,339.0,338.89,339.0,0
2026-07-28 06:25:00,338.9947,339.0,338.7012,338.92,0
2026-07-28 06:26:00,338.93,338.9925,338.7075,338.92,0
2026-07-28 06:27:00,339.0,339.0,338.7075,339.0,0
2026-07-28 06:28:00,338.96,339.0,338.8475,338.95,0
2026-07-28 06:29:00,338.9988,339.0,338.7012,339.0,0
2026-07-28 06:30:00,339.0,339.0,338.98,339.0,0
2026-07-28 06:31:00,339.0,339.0,338.7012,338.9,0
2026-07-28 06:32:00,338.9,339.0,338.8,338.8,0
2026-07-28 06:33:00,338.7147,338.7147,338.7147,338.7147,0
2026-07-28 06:34:00,338.88,338.9,338.81,338.81,0
2026-07-28 06:35:00,338.85,338.9992,338.763,338.9311,0
2026-07-28 06:36:00,338.94,338.9488,338.7062,338.85,0
2026-07-28 06:37:00,338.94,339.0,338.7075,338.99,0
2026-07-28 06:38:00,338.7012,338.9925,338.7,338.79,0
2026-07-28 06:39:00,338.8,338.8,338.8,338.8,0
2026-07-28 06:40:00,338.92,339.0,338.77,338.98,0
2026-07-28 06:41:00,338.98,339.0,338.8,338.81,0
2026-07-28 06:42:00,339.0,339.0,338.8,338.9,0
2026-07-28 06:43:00,338.9,339.0,338.9,338.93,0
2026-07-28 06:44:00,338.93,339.0,338.9,338.9025,0
2026-07-28 06:45:00,338.99,339.0,338.9052,338.97,0
2026-07-28 06:46:00,338.99,339.0,338.99,339.0,0
2026-07-28 06:47:00,338.9849,339.0,338.96,338.99,0
2026-07-28 06:48:00,338.9982,339.0,338.9317,338.9896,0
2026-07-28 06:49:00,338.989,339.0,338.91,338.94,0
2026-07-28 06:50:00,338.94,338.94,338.8245,338.8245,0
2026-07-28 06:51:00,338.9,338.9512,338.88,338.9512,0
2026-07-28 06:52:00,338.9906,338.9925,338.8,338.85,0
2026-07-28 06:53:00,338.83,338.9988,338.7,338.94,0
2026-07-28 06:54:00,338.81,338.9988,338.72,338.9444,0
2026-07-28 06:55:00,338.94,339.0,338.75,338.9,0
2026-07-28 06:56:00,338.75,338.7932,338.5312,338.7932,0
2026-07-28 06:57:00,338.59,338.7,338.5301,338.66,0
2026-07-28 06:58:00,338.5312,338.7,338.5312,338.6402,0
2026-07-28 06:59:00,338.54,338.7,338.53,338.63,0
2026-07-28 07:00:00,338.53,338.98,338.5,338.71,0
2026-07-28 07:01:00,338.77,338.98,336.91,338.69,0
2026-07-28 07:02:00,338.66,338.77,338.51,338.6875,0
2026-07-28 07:03:00,338.71,338.71,338.4294,338.6,0
2026-07-28 07:04:00,338.5721,338.75,338.42,338.5,0
2026-07-28 07:05:00,338.5152,338.9063,338.5152,338.8912,0
2026-07-28 07:06:00,338.5587,338.9,338.5587,338.74,0
2026-07-28 07:07:00,338.7235,338.731,338.6,338.7,0
2026-07-28 07:08:00,338.6988,338.9,338.5782,338.7012,0
2026-07-28 07:09:00,338.8501,338.9,338.7,338.78,0
2026-07-28 07:10:00,338.8296,338.98,338.7503,338.98,0
2026-07-28 07:11:00,338.78,338.99,338.78,338.9377,0
2026-07-28 07:12:00,338.99,339.0,338.72,338.73,0
2026-07-28 07:13:00,338.82,338.9925,338.7062,338.9,0
2026-07-28 07:14:00,338.8651,338.95,338.7387,338.9499,0
2026-07-28 07:15:00,338.9113,339.0,338.8,338.8,0
2026-07-28 07:16:00,338.92,338.99,338.7504,338.815,0
2026-07-28 07:17:00,338.9613,339.0,338.763,338.9,0
2026-07-28 07:18:00,338.9,339.0,338.805,338.94,0
2026-07-28 07:19:00,338.99,339.0,338.87,338.9992,0
2026-07-28 07:20:00,338.9999,339.0,338.8701,338.9,0
2026-07-28 07:21:00,338.9999,339.0,338.76,338.78,0
2026-07-28 07:22:00,338.8,338.8,338.7155,338.72,0
2026-07-28 07:23:00,338.7999,338.8,338.51,338.8,0
2026-07-28 07:24:00,338.71,338.8,338.71,338.7883,0
2026-07-28 07:25:00,338.79,338.8,338.681,338.7834,0
2026-07-28 07:26:00,338.8,338.99,338.76,338.875,0
2026-07-28 07:27:00,338.845,338.9888,338.6377,338.6377,0
2026-07-28 07:28:00,338.8,338.88,338.6112,338.7,0
2026-07-28 07:29:00,338.77,338.8388,338.58,338.59,0
2026-07-28 07:30:00,338.56,338.6925,338.4,338.45,0
2026-07-28 07:31:00,338.4,338.6925,338.4,338.54,0
2026-07-28 07:32:00,338.44,338.517,338.4,338.49,0
2026-07-28 07:33:00,338.5862,338.5865,338.27,338.3,0
2026-07-28 07:34:00,338.37,338.5332,338.27,338.3975,0
2026-07-28 07:35:00,338.37,338.3948,338.37,338.38,0
2026-07-28 07:36:00,338.4,338.7,338.3,338.38,0
2026-07-28 07:37:00,338.5,338.5,338.3077,338.4,0
2026-07-28 07:38:00,338.5,338.7,338.27,338.27,0
2026-07-28 07:39:00,338.27,338.7,338.27,338.4,0
2026-07-28 07:40:00,338.5888,338.5888,338.3,338.3,0
2026-07-28 07:41:00,338.34,338.42,338.24,338.42,0
2026-07-28 07:42:00,338.4188,338.42,338.26,338.2708,0
2026-07-28 07:43:00,338.3752,338.6,338.249,338.5442,0
2026-07-28 07:44:00,338.6,338.6,338.42,338.46,0
2026-07-28 07:45:00,338.5912,338.5912,338.46,338.48,0
2026-07-28 07:46:00,338.48,338.5,338.2562,338.2725,0
2026-07-28 07:47:00,338.45,338.69,338.45,338.6006,0
2026-07-28 07:48:00,338.6988,338.7,338.4177,338.4177,0
2026-07-28 07:49:00,338.515,338.6,338.29,338.3988,0
2026-07-28 07:50:00,338.3991,338.3991,338.12,338.23,0
2026-07-28 07:51:00,338.25,338.389,338.12,338.38,0
2026-07-28 07:52:00,338.38,338.3997,338.2571,338.3997,0
2026-07-28 07:53:00,338.4,338.4,338.12,338.39,0
2026-07-28 07:54:00,338.3899,338.3899,338.12,338.36,0
2026-07-28 07:55:00,338.35,338.5588,338.3205,338.5228,0
2026-07-28 07:56:00,338.434,338.53,338.32,338.4383,0
2026-07-28 07:57:00,338.37,338.44,338.3,338.44,0
2026-07-28 07:58:00,338.33,338.56,338.3195,338.56,0
2026-07-28 07:59:00,338.55,338.56,338.43,338.52,0
2026-07-28 08:00:00,338.43,338.56,338.43,338.5517,0
2026-07-28 08:01:00,338.5,338.6535,338.4,338.5,0
2026-07-28 08:02:00,338.4999,338.5,338.29,338.46,0
2026-07-28 08:03:00,338.4,338.4897,338.2,338.3314,0
2026-07-28 08:04:00,338.5,338.5,338.39,338.3927,0
2026-07-28 08:05:00,338.4988,338.56,338.31,338.39,0
2026-07-28 08:06:00,338.32,338.5,338.13,338.37,0
2026-07-28 08:07:00,338.3286,338.3888,338.1212,338.2489,0
2026-07-28 08:08:00,338.25,338.25,338.1612,338.249,0
2026-07-28 08:09:00,338.19,338.39,338.1852,338.3283,0
2026-07-28 08:10:00,338.39,338.4,338.3212,338.38,0
2026-07-28 08:11:00,338.3317,338.4,338.3317,338.3991,0
2026-07-28 08:12:00,338.368,338.4,338.3512,338.3526,0
2026-07-28 08:13:00,338.3526,338.3998,338.306,338.37,0
2026-07-28 08:14:00,338.37,338.4,338.35,338.3761,0
2026-07-28 08:15:00,338.38,338.72,338.35,338.6822,0
2026-07-28 08:16:00,338.77,338.88,338.7111,338.8794,0
2026-07-28 08:17:00,338.88,338.9644,338.5,338.77,0
2026-07-28 08:18:00,338.72,338.9,338.2097,338.37,0
2026-07-28 08:19:00,338.48,338.8888,338.26,338.88,0
2026-07-28 08:20:00,338.7979,338.8382,338.42,338.6397,0
2026-07-28 08:21:00,338.6,338.68,338.3095,338.68,0
2026-07-28 08:22:00,338.63,338.68,338.58,338.61,0
2026-07-28 08:23:00,338.65,338.84,338.6,338.7768,0
2026-07-28 08:24:00,338.75,338.8,338.67,338.7491,0
2026-07-28 08:25:00,338.75,338.75,338.65,338.72,0
2026-07-28 08:26:00,338.75,338.75,338.6851,338.7,0
2026-07-28 08:27:00,338.6915,338.85,338.62,338.78,0
2026-07-28 08:28:00,338.7037,338.88,338.7037,338.82,0
2026-07-28 08:29:00,338.8,339.0,338.7547,339.0,0
2026-07-28 08:30:00,339.0,339.0,338.922,338.922,0
2026-07-28 08:31:00,338.93,339.0,338.83,338.8563,0
2026-07-28 08:32:00,338.984,339.12,338.922,339.05,0
2026-07-28 08:33:00,339.05,339.1968,339.02,339.1507,0
2026-07-28 08:34:00,339.1507,339.1588,338.62,339.02,0
2026-07-28 08:35:00,338.76,339.15,338.72,339.0,0
2026-07-28 08:36:00,339.0,339.0,338.7,338.98,0
2026-07-28 08:37:00,339.0,339.15,338.89,339.01,0
2026-07-28 08:38:00,338.9148,339.16,338.9148,339.1277,0
2026-07-28 08:39:00,339.13,339.13,338.8912,338.8912,0
2026-07-28 08:40:00,339.03,339.3,339.03,339.19,0
2026-07-28 08:41:00,339.19,339.3,339.0,339.2,0
2026-07-28 08:42:00,339.3,339.43,339.2052,339.38,0
2026-07-28 08:43:00,339.36,339.45,339.2,339.3753,0
2026-07-28 08:44:00,339.375,339.4757,339.3,339.3337,0
2026-07-28 08:45:00,339.33,339.48,339.265,339.35,0
2026-07-28 08:46:00,339.3505,339.37,339.009,339.2575,0
2026-07-28 08:47:00,339.29,339.29,339.1,339.12,0
2026-07-28 08:48:00,339.1301,339.2865,333.26,339.196,0
2026-07-28 08:49:00,339.2,339.3,339.144,339.3,0
2026-07-28 08:50:00,339.24,339.2993,339.0,339.0,0
2026-07-28 08:51:00,338.9986,339.12,338.99,339.1,0
2026-07-28 08:52:00,339.12,339.12,339.0,339.0,0
2026-07-28 08:53:00,339.03,339.1,338.8957,339.0,0
2026-07-28 08:54:00,338.95,339.12,338.95,339.1033,0
2026-07-28 08:55:00,339.103,339.12,339.06,339.07,0
2026-07-28 08:56:00,339.1,339.12,339.07,339.08,0
2026-07-28 08:57:00,339.1,339.11,339.05,339.1085,0
2026-07-28 08:58:00,339.0919,339.1,339.05,339.08,0
2026-07-28 08:59:00,339.1,339.11,339.0312,339.1081,0
2026-07-28 09:00:00,339.04,339.1,338.12,338.85,0
2026-07-28 09:01:00,338.78,339.12,338.78,339.1,0
2026-07-28 09:02:00,339.06,339.12,339.05,339.11,0
2026-07-28 09:03:00,339.1007,339.12,339.07,339.12,0
2026-07-28 09:04:00,339.08,339.5,339.0112,339.47,0
2026-07-28 09:05:00,339.3982,339.4,339.225,339.35,0
2026-07-28 09:06:00,339.28,339.76,339.26,339.69,0
2026-07-28 09:07:00,339.64,339.7,339.45,339.6021,0
2026-07-28 09:08:00,339.52,339.63,339.4512,339.5988,0
2026-07-28 09:09:00,339.5988,339.6,339.34,339.34,0
2026-07-28 09:10:00,339.45,339.4699,339.2,339.27,0
2026-07-28 09:11:00,339.4645,339.47,339.2,339.369,0
2026-07-28 09:12:00,339.35,339.4,339.25,339.35,0
2026-07-28 09:13:00,339.37,339.86,339.37,339.67,0
2026-07-28 09:14:00,339.5,339.57,339.3212,339.47,0
2026-07-28 09:15:00,339.453,339.47,339.206,339.2125,0
2026-07-28 09:16:00,339.2125,339.4399,339.2,339.43,0
2026-07-28 09:17:00,339.42,339.44,339.347,339.4024,0
2026-07-28 09:18:00,339.3357,339.43,339.0012,339.12,0
2026-07-28 09:19:00,339.11,339.11,339.0,339.1,0
2026-07-28 09:20:00,339.1099,339.33,339.05,339.13,0
2026-07-28 09:21:00,339.13,339.26,338.76,339.0915,0
2026-07-28 09:22:00,339.1,339.1,338.85,338.8552,0
2026-07-28 09:23:00,338.9,338.95,338.6,338.81,0
2026-07-28 09:24:00,338.87,338.95,338.62,338.95,0
2026-07-28 09:25:00,338.73,338.8488,338.07,338.75,0
2026-07-28 09:26:00,338.71,339.26,338.56,339.2425,0
2026-07-28 09:27:00,338.99,339.94,338.97,339.69,0
2026-07-28 09:28:00,339.81,340.33,339.77,340.3,0
2026-07-28 09:29:00,340.25,340.46,339.85,340.14,0
2026-07-28 09:30:00,340.03,342.89,339.69,341.13,2567995
2026-07-28 09:31:00,341.21,341.5,337.9,338.33,687343
2026-07-28 09:32:00,338.23,338.8845,337.71,338.83,380368
2026-07-28 09:33:00,338.83,339.91,338.47,338.89,355529
2026-07-28 09:34:00,339.02,339.86,338.985,339.47,306564
2026-07-28 09:35:00,339.47,340.01,339.36,339.945,325632
2026-07-28 09:36:00,339.9475,340.42,339.65,339.83,329121
2026-07-28 09:37:00,339.835,339.89,338.6,339.3401,342284
2026-07-28 09:38:00,339.39,339.89,339.33,339.49,210567
2026-07-28 09:39:00,339.42,339.53,338.6,338.75,225563
2026-07-28 09:40:00,338.69,339.28,338.67,338.81,332883
2026-07-28 09:41:00,338.8,339.08,338.54,338.745,183337
2026-07-28 09:42:00,338.72,339.0434,338.6,338.93,191408
2026-07-28 09:43:00,338.9,339.415,338.12,338.29,297679
2026-07-28 09:44:00,338.28,338.8799,338.28,338.43,181077
2026-07-28 09:45:00,338.56,338.855,338.28,338.56,179886
2026-07-28 09:46:00,338.56,338.6,338.235,338.27,144593
2026-07-28 09:47:00,338.26,338.5,337.92,338.45,260057
2026-07-28 09:48:00,338.49,338.56,337.81,337.85,183938
2026-07-28 09:49:00,337.865,337.98,337.53,337.935,189002
2026-07-28 09:50:00,337.915,338.49,337.835,338.33,203840
2026-07-28 09:51:00,338.34,339.57,338.34,339.43,304479
2026-07-28 09:52:00,339.45,339.6011,338.4601,338.7395,224493
2026-07-28 09:53:00,338.705,338.96,337.89,338.15,279266
2026-07-28 09:54:00,338.19,338.47,337.9401,338.25,169968
2026-07-28 09:55:00,338.24,338.7492,337.61,337.67,162175
2026-07-28 09:56:00,337.66,337.7,337.15,337.56,189406
2026-07-28 09:57:00,337.53,337.82,337.4,337.72,109445
2026-07-28 09:58:00,337.73,337.77,337.22,337.6223,140514
2026-07-28 09:59:00,337.61,337.81,337.39,337.5,107432
2026-07-28 10:00:00,337.58,338.12,337.51,337.9,127774
2026-07-28 10:01:00,337.89,338.12,337.6,337.6156,81664
2026-07-28 10:02:00,337.625,337.92,337.4228,337.53,91039
2026-07-28 10:03:00,337.53,337.58,336.58,336.635,204213
2026-07-28 10:04:00,336.66,336.6986,336.04,336.35,209351
2026-07-28 10:05:00,336.35,336.39,335.6,336.015,191427
2026-07-28 10:06:00,336.06,336.625,335.84,336.595,130284
2026-07-28 10:07:00,336.58,336.96,336.57,336.8052,124810
2026-07-28 10:08:00,336.76,337.5599,336.74,337.4,160257
2026-07-28 10:09:00,337.4211,337.4211,336.61,336.635,133126
2026-07-28 10:10:00,336.645,336.665,336.16,336.265,157067
2026-07-28 10:11:00,336.285,336.42,336.07,336.2398,69709
2026-07-28 10:12:00,336.19,336.34,336.0,336.32,114111
2026-07-28 10:13:00,336.32,336.81,336.23,336.64,88952
2026-07-28 10:14:00,336.625,336.97,336.53,336.88,130467
2026-07-28 10:15:00,336.9699,337.49,336.95,337.345,200015
2026-07-28 10:16:00,337.37,337.53,337.02,337.42,114134
2026-07-28 10:17:00,337.41,337.5,337.02,337.3,137298
2026-07-28 10:18:00,337.27,337.63,337.09,337.625,173121
2026-07-28 10:19:00,337.63,337.795,337.38,337.415,106730
2026-07-28 10:20:00,337.44,337.6891,337.33,337.455,89277
2026-07-28 10:21:00,337.44,337.8999,337.4,337.805,122315
2026-07-28 10:22:00,337.825,338.09,337.6,337.63,164086
2026-07-28 10:23:00,337.625,338.26,337.62,338.25,177958
2026-07-28 10:24:00,338.245,338.27,337.65,337.72,102231
2026-07-28 10:25:00,337.7,338.06,337.68,337.955,88764
2026-07-28 10:26:00,337.97,337.999,337.41,337.49,100336
2026-07-28 10:27:00,337.475,337.74,337.41,337.65,73046
2026-07-28 10:28:00,337.65,337.87,337.54,337.78,70378
2026-07-28 10:29:00,337.78,338.0652,337.75,337.96,75263
2026-07-28 10:30:00,337.98,338.16,337.915,338.055,111324
2026-07-28 10:31:00,338.0751,338.35,337.91,338.33,75616
2026-07-28 10:32:00,338.335,338.52,338.19,338.48,178489
2026-07-28 10:33:00,338.48,338.67,338.37,338.635,107798
2026-07-28 10:34:00,338.635,338.79,338.375,338.6,120343
2026-07-28 10:35:00,338.58,338.6,338.02,338.2626,115148
2026-07-28 10:36:00,338.31,338.39,338.09,338.3601,90248
2026-07-28 10:37:00,338.36,338.49,337.93,338.11,125470
2026-07-28 10:38:00,338.12,338.16,337.63,337.7,109804
2026-07-28 10:39:00,337.7,337.74,337.4,337.4365,72886
2026-07-28 10:40:00,337.45,337.5,337.21,337.47,99277
2026-07-28 10:41:00,337.47,337.87,337.36,337.82,94016
2026-07-28 10:42:00,337.82,338.2337,337.77,337.8494,101414
2026-07-28 10:43:00,337.87,338.05,337.6,337.92,92409
2026-07-28 10:44:00,337.92,338.305,337.76,338.165,78870
2026-07-28 10:45:00,338.17,338.395,338.12,338.34,126684
2026-07-28 10:46:00,338.32,338.395,338.1303,338.23,112444
2026-07-28 10:47:00,338.215,338.365,338.01,338.16,83076
2026-07-28 10:48:00,338.155,338.32,338.0816,338.21,66403
2026-07-28 10:49:00,338.21,338.24,337.95,338.09,112772
2026-07-28 10:50:00,338.09,338.38,338.05,338.32,68966
2026-07-28 10:51:00,338.31,338.32,338.07,338.155,69482
2026-07-28 10:52:00,338.16,338.16,337.81,337.9,111890
2026-07-28 10:53:00,337.9,337.99,337.225,337.37,172939
2026-07-28 10:54:00,337.36,337.39,337.14,337.225,105046
2026-07-28 10:55:00,337.2201,337.28,336.93,337.2132,93476
2026-07-28 10:56:00,337.23,337.298,337.02,337.155,72203
2026-07-28 10:57:00,337.15,337.25,336.99,337.2151,72175
2026-07-28 10:58:00,337.23,337.58,337.215,337.44,60968
2026-07-28 10:59:00,337.46,337.505,337.0,337.055,115847
2026-07-28 11:00:00,337.0405,337.11,336.6,336.815,89057
2026-07-28 11:01:00,336.87,336.97,336.78,336.885,66983
2026-07-28 11:02:00,336.89,336.89,336.64,336.81,60982
2026-07-28 11:03:00,336.8,337.575,336.655,337.57,116943
2026-07-28 11:04:00,337.59,337.79,337.54,337.765,74559
2026-07-28 11:05:00,337.7513,338.23,337.732,338.06,112731
2026-07-28 11:06:00,338.08,338.08,337.84,338.01,48930
2026-07-28 11:07:00,338.02,338.34,337.89,338.26,179172
2026-07-28 11:08:00,338.26,338.32,338.1,338.29,66462
2026-07-28 11:09:00,338.285,338.88,338.25,338.84,140000
2026-07-28 11:10:00,338.85,339.4,338.83,339.29,213942
2026-07-28 11:11:00,339.275,339.46,338.97,339.335,154551
2026-07-28 11:12:00,339.33,339.48,339.16,339.315,114387
2026-07-28 11:13:00,339.33,339.4299,339.22,339.35,61232
2026-07-28 11:14:00,339.3501,339.44,339.04,339.09,95764
2026-07-28 11:15:00,339.09,339.24,338.96,339.125,100301
2026-07-28 11:16:00,339.14,339.42,339.1,339.34,59648
2026-07-28 11:17:00,339.34,339.47,339.16,339.365,90232
2026-07-28 11:18:00,339.37,339.515,339.27,339.515,176261
2026-07-28 11:19:00,339.53,339.6688,339.31,339.35,67092
2026-07-28 11:20:00,339.35,339.48,339.26,339.29,72727
2026-07-28 11:21:00,339.285,339.32,338.872,338.95,88969
2026-07-28 11:22:00,338.95,339.1782,338.71,338.761,75234
2026-07-28 11:23:00,338.8,338.83,338.61,338.7501,61260
2026-07-28 11:24:00,338.7501,338.92,338.71,338.81,81451
2026-07-28 11:25:00,338.81,338.85,338.68,338.83,64406
2026-07-28 11:26:00,338.84,339.3099,338.84,339.285,65997
2026-07-28 11:27:00,339.3,339.37,339.15,339.2675,61211
2026-07-28 11:28:00,339.28,339.46,339.21,339.46,52853
2026-07-28 11:29:00,339.46,339.5,339.27,339.27,66609
2026-07-28 11:30:00,339.2401,339.65,339.18,339.575,110929
2026-07-28 11:31:00,339.59,339.59,339.2601,339.305,69102
2026-07-28 11:32:00,339.295,339.4287,339.27,339.35,54829
2026-07-28 11:33:00,339.35,339.36,339.21,339.24,495431
2026-07-28 11:34:00,339.27,339.2795,339.0,339.19,144293
2026-07-28 11:35:00,339.19,339.35,339.16,339.195,40073
2026-07-28 11:36:00,339.2,339.4999,339.13,339.4999,56688
2026-07-28 11:37:00,339.49,339.55,339.3101,339.44,68895
2026-07-28 11:38:00,339.44,339.45,339.24,339.265,74871
2026-07-28 11:39:00,339.28,339.47,339.25,339.44,38470
2026-07-28 11:40:00,339.435,339.63,339.4,339.52,66707
2026-07-28 11:41:00,339.5115,339.79,339.5,339.59,83702
2026-07-28 11:42:00,339.585,339.89,339.585,339.875,52866
2026-07-28 11:43:00,339.8887,339.895,339.62,339.68,67012
2026-07-28 11:44:00,339.73,339.795,339.61,339.67,47007
2026-07-28 11:45:00,339.71,339.715,339.5,339.565,46062
2026-07-28 11:46:00,339.56,339.59,339.39,339.41,42466
2026-07-28 11:47:00,339.41,339.49,339.265,339.27,44163
2026-07-28 11:48:00,339.275,339.41,339.26,339.35,47920
2026-07-28 11:49:00,339.34,339.49,339.2398,339.3005,57140
2026-07-28 11:50:00,339.33,339.36,339.03,339.21,66024
2026-07-28 11:51:00,339.21,339.55,339.15,339.525,46727
2026-07-28 11:52:00,339.53,339.76,339.51,339.7,52767
2026-07-28 11:53:00,339.67,339.6825,339.47,339.54,76739
2026-07-28 11:54:00,339.52,339.57,339.42,339.56,34679
2026-07-28 11:55:00,339.55,339.7601,339.55,339.63,38988
2026-07-28 11:56:00,339.645,339.82,339.63,339.755,38348
2026-07-28 11:57:00,339.76,339.869,339.69,339.77,61397
2026-07-28 11:58:00,339.75,339.7599,339.66,339.71,35988
2026-07-28 11:59:00,339.71,339.8,339.61,339.66,48430
2026-07-28 12:00:00,339.66,339.6825,339.505,339.564,64536
2026-07-28 12:01:00,339.54,339.6,339.46,339.55,43031
2026-07-28 12:02:00,339.545,339.5699,339.4612,339.5,47564
2026-07-28 12:03:00,339.505,339.69,339.505,339.68,37541
2026-07-28 12:04:00,339.685,339.75,339.59,339.66,54168
2026-07-28 12:05:00,339.67,339.685,339.47,339.585,32998
2026-07-28 12:06:00,339.59,339.8499,339.59,339.8,55935
2026-07-28 12:07:00,339.8,339.89,339.63,339.65,60427
2026-07-28 12:08:00,339.63,339.93,339.53,339.86,72251
2026-07-28 12:09:00,339.87,339.94,339.84,339.91,43060
2026-07-28 12:10:00,339.92,339.99,339.8205,339.855,65759
2026-07-28 12:11:00,339.87,339.89,339.76,339.89,59201
2026-07-28 12:12:00,339.88,339.9,339.7201,339.78,44475
2026-07-28 12:13:00,339.785,339.9,339.765,339.83,58640
2026-07-28 12:14:00,339.85,339.87,339.75,339.82,39841
2026-07-28 12:15:00,339.83,339.89,339.74,339.815,53267
2026-07-28 12:16:00,339.805,339.85,339.72,339.79,47806
2026-07-28 12:17:00,339.81,339.86,339.63,339.665,50161
2026-07-28 12:18:00,339.665,339.74,339.52,339.5841,56437
2026-07-28 12:19:00,339.58,339.74,339.57,339.71,49969
2026-07-28 12:20:00,339.68,339.83,339.675,339.78,48300
2026-07-28 12:21:00,339.79,339.91,339.75,339.86,54334
2026-07-28 12:22:00,339.843,339.9395,339.78,339.82,67941
2026-07-28 12:23:00,339.86,339.87,339.72,339.785,68977
2026-07-28 12:24:00,339.78,339.8,339.51,339.665,87115
2026-07-28 12:25:00,339.664,339.83,339.63,339.82,53303
2026-07-28 12:26:00,339.815,339.95,339.81,339.935,43194
2026-07-28 12:27:00,339.94,340.14,339.9,339.93,268759
2026-07-28 12:28:00,339.92,340.02,339.855,340.02,58761
2026-07-28 12:29:00,340.01,340.04,339.76,339.81,46901
2026-07-28 12:30:00,339.83,340.11,339.7901,340.065,68062
2026-07-28 12:31:00,340.03,340.19,340.02,340.1001,65192
2026-07-28 12:32:00,340.11,340.47,340.08,340.455,116728
2026-07-28 12:33:00,340.46,340.5799,340.23,340.2305,110054
2026-07-28 12:34:00,340.245,340.45,340.206,340.3,37080
2026-07-28 12:35:00,340.315,340.42,340.24,340.24,55699
2026-07-28 12:36:00,340.25,340.26,339.97,340.01,65865
2026-07-28 12:37:00,339.98,340.1294,339.96,340.035,40896
2026-07-28 12:38:00,340.05,340.16,340.02,340.06,59615
2026-07-28 12:39:00,340.06,340.09,339.97,340.0501,72372
2026-07-28 12:40:00,340.06,340.1,339.81,339.94,61847
2026-07-28 12:41:00,339.93,340.01,339.83,339.94,62663
2026-07-28 12:42:00,339.92,339.9372,339.72,339.77,39610
2026-07-28 12:43:00,339.75,339.76,339.62,339.665,52244
2026-07-28 12:44:00,339.68,339.68,339.39,339.455,98978
2026-07-28 12:45:00,339.47,339.55,339.16,339.285,89489
2026-07-28 12:46:00,339.29,339.42,338.94,339.07,86788
2026-07-28 12:47:00,339.07,339.285,339.05,339.285,44037
2026-07-28 12:48:00,339.29,339.4,339.0701,339.1,58112
2026-07-28 12:49:00,339.105,339.24,339.1,339.13,45633
2026-07-28 12:50:00,339.15,339.46,339.13,339.4101,56002
2026-07-28 12:51:00,339.42,339.6,339.415,339.515,71808
2026-07-28 12:52:00,339.5101,339.535,339.35,339.515,49004
2026-07-28 12:53:00,339.49,339.85,339.47,339.845,74993
2026-07-28 12:54:00,339.845,339.975,339.7404,339.93,52203
2026-07-28 12:55:00,339.92,339.965,339.7742,339.785,40742
2026-07-28 12:56:00,339.76,339.81,339.6,339.75,56625
2026-07-28 12:57:00,339.745,339.77,339.52,339.61,57734
2026-07-28 12:58:00,339.605,339.61,339.53,339.5888,34636
2026-07-28 12:59:00,339.585,339.8,339.52,339.77,43916
2026-07-28 13:00:00,339.8,339.89,339.76,339.825,39190
2026-07-28 13:01:00,339.83,339.85,339.74,339.74,29128
2026-07-28 13:02:00,339.73,339.73,339.5417,339.66,37140
2026-07-28 13:03:00,339.67,339.7,339.56,339.63,26342
2026-07-28 13:04:00,339.6241,339.67,339.52,339.67,43969
2026-07-28 13:05:00,339.6601,339.82,339.62,339.65,47061
2026-07-28 13:06:00,339.63,339.6599,339.45,339.58,52203
2026-07-28 13:07:00,339.545,339.585,339.365,339.3899,54751
2026-07-28 13:08:00,339.38,339.43,339.3401,339.385,45098
2026-07-28 13:09:00,339.39,339.4099,339.252,339.38,53169
2026-07-28 13:10:00,339.37,339.4,339.27,339.3,44466
2026-07-28 13:11:00,339.28,339.3599,339.18,339.25,57861
2026-07-28 13:12:00,339.27,339.305,339.18,339.205,33984
2026-07-28 13:13:00,339.21,339.24,339.0501,339.1,50679
2026-07-28 13:14:00,339.1,339.1299,339.02,339.1,35141
2026-07-28 13:15:00,339.07,339.17,339.05,339.09,63430
2026-07-28 13:16:00,339.1,339.13,339.02,339.095,38551
2026-07-28 13:17:00,339.1159,339.12,339.05,339.0501,21160
2026-07-28 13:18:00,339.0539,339.09,338.98,339.07,37871
2026-07-28 13:19:00,339.06,339.13,338.9301,339.05,58623
2026-07-28 13:20:00,339.05,339.47,339.0407,339.41,84670
2026-07-28 13:21:00,339.41,339.5,339.155,339.155,48478
2026-07-28 13:22:00,339.19,339.227,338.961,339.0113,31938
2026-07-28 13:23:00,339.01,339.1901,338.96,339.16,31918
2026-07-28 13:24:00,339.19,339.26,339.17,339.1857,31192
2026-07-28 13:25:00,339.21,339.2355,339.04,339.0999,37849
2026-07-28 13:26:00,339.0999,339.137,338.945,338.97,26403
2026-07-28 13:27:00,338.975,339.11,338.9509,339.01,31935
2026-07-28 13:28:00,339.01,339.09,338.96,338.96,20738
2026-07-28 13:29:00,338.97,339.1,338.97,339.03,23042
2026-07-28 13:30:00,339.04,339.09,339.01,339.04,27304
2026-07-28 13:31:00,339.04,339.11,339.02,339.03,21622
2026-07-28 13:32:00,339.04,339.0899,339.0,339.04,50640
2026-07-28 13:33:00,339.05,339.28,339.0101,339.11,50613
2026-07-28 13:34:00,339.12,339.1899,339.05,339.14,42117
2026-07-28 13:35:00,339.135,339.23,339.09,339.14,46284
2026-07-28 13:36:00,339.14,339.19,339.08,339.16,31263
2026-07-28 13:37:00,339.17,339.21,339.099,339.2,29774
2026-07-28 13:38:00,339.195,339.33,339.17,339.305,47106
2026-07-28 13:39:00,339.32,339.425,339.3,339.3704,41868
2026-07-28 13:40:00,339.38,339.5699,339.3701,339.52,64055
2026-07-28 13:41:00,339.51,339.78,339.51,339.7481,69010
2026-07-28 13:42:00,339.755,339.755,339.56,339.6,66654
2026-07-28 13:43:00,339.6,339.7801,339.53,339.54,63444
2026-07-28 13:44:00,339.55,339.59,339.4,339.52,48380
2026-07-28 13:45:00,339.49,339.65,339.46,339.55,35246
2026-07-28 13:46:00,339.56,339.67,339.5,339.65,44748
2026-07-28 13:47:00,339.66,339.7499,339.62,339.69,54032
2026-07-28 13:48:00,339.69,340.0199,339.6801,339.951,110084
2026-07-28 13:49:00,339.94,340.01,339.83,339.88,64791
2026-07-28 13:50:00,339.88,339.89,339.66,339.69,56086
2026-07-28 13:51:00,339.7,339.76,339.616,339.76,33228
2026-07-28 13:52:00,339.77,339.92,339.76,339.7801,41306
2026-07-28 13:53:00,339.783,339.85,339.72,339.82,42879
2026-07-28 13:54:00,339.82,339.89,339.765,339.79,61452
2026-07-28 13:55:00,339.79,339.9,339.7,339.73,36173
2026-07-28 13:56:00,339.74,339.825,339.69,339.8,30238
2026-07-28 13:57:00,339.77,339.85,339.595,339.6,61877
2026-07-28 13:58:00,339.6,339.68,339.5009,339.68,79130
2026-07-28 13:59:00,339.69,339.78,339.655,339.745,32385
2026-07-28 14:00:00,339.745,339.84,339.7,339.765,358273
2026-07-28 14:01:00,339.765,339.775,339.68,339.725,34196
2026-07-28 14:02:00,339.71,339.74,339.51,339.55,42618
2026-07-28 14:03:00,339.56,339.64,339.545,339.6,56507
2026-07-28 14:04:00,339.6,339.67,339.555,339.66,39977
2026-07-28 14:05:00,339.64,339.69,339.59,339.67,29456
2026-07-28 14:06:00,339.68,339.68,339.4801,339.51,65368
2026-07-28 14:07:00,339.54,339.575,339.49,339.55,28161
2026-07-28 14:08:00,339.5801,339.66,339.56,339.61,48042
2026-07-28 14:09:00,339.615,339.65,339.52,339.625,43937
2026-07-28 14:10:00,339.61,339.65,339.535,339.545,61407
2026-07-28 14:11:00,339.54,339.64,339.52,339.591,42890
2026-07-28 14:12:00,339.58,339.59,339.49,339.52,33597
2026-07-28 14:13:00,339.56,339.63,339.46,339.46,34578
2026-07-28 14:14:00,339.43,339.61,339.42,339.56,29810
2026-07-28 14:15:00,339.57,339.58,339.43,339.48,48425
2026-07-28 14:16:00,339.48,339.59,339.4301,339.565,63367
2026-07-28 14:17:00,339.575,339.58,339.515,339.575,30435
2026-07-28 14:18:00,339.575,339.74,339.5701,339.7258,43632
2026-07-28 14:19:00,339.74,339.81,339.6503,339.75,40054
2026-07-28 14:20:00,339.755,339.81,339.65,339.725,69633
2026-07-28 14:21:00,339.7234,339.82,339.68,339.7067,34523
2026-07-28 14:22:00,339.73,339.85,339.7101,339.8,42440
2026-07-28 14:23:00,339.84,339.885,339.71,339.72,40782
2026-07-28 14:24:00,339.72,339.79,339.715,339.77,34713
2026-07-28 14:25:00,339.76,339.875,339.76,339.81,58486
2026-07-28 14:26:00,339.81,339.9,339.8,339.81,59778
2026-07-28 14:27:00,339.82,340.1599,339.75,339.93,134548
2026-07-28 14:28:00,339.96,339.97,339.83,339.87,56588
2026-07-28 14:29:00,339.87,339.9099,339.78,339.84,33069
2026-07-28 14:30:00,339.84,339.89,339.63,339.78,73261
2026-07-28 14:31:00,339.78,339.78,339.39,339.47,105097
2026-07-28 14:32:00,339.47,339.5,339.32,339.335,57369
2026-07-28 14:33:00,339.33,339.48,339.32,339.3901,51001
2026-07-28 14:34:00,339.4,339.51,339.385,339.45,81013
2026-07-28 14:35:00,339.455,339.53,339.16,339.26,90990
2026-07-28 14:36:00,339.26,339.27,339.075,339.14,35715
2026-07-28 14:37:00,339.15,339.235,339.11,339.19,38862
2026-07-28 14:38:00,339.2,339.29,339.0892,339.25,40893
2026-07-28 14:39:00,339.255,339.255,338.795,338.815,104283
2026-07-28 14:40:00,338.815,338.84,338.4401,338.4401,84630
2026-07-28 14:41:00,338.4401,338.47,338.3,338.32,58955
2026-07-28 14:42:00,338.32,338.5275,338.28,338.46,44761
2026-07-28 14:43:00,338.455,338.655,338.45,338.625,75260
2026-07-28 14:44:00,338.64,338.64,338.375,338.4,43229
2026-07-28 14:45:00,338.41,338.6599,338.41,338.65,42166
2026-07-28 14:46:00,338.64,338.66,338.51,338.62,43769
2026-07-28 14:47:00,338.64,338.87,338.61,338.856,56460
2026-07-28 14:48:00,338.86,338.865,338.59,338.69,45655
2026-07-28 14:49:00,338.69,338.701,338.58,338.65,33210
2026-07-28 14:50:00,338.6257,338.77,338.62,338.685,55514
2026-07-28 14:51:00,338.69,338.9095,338.66,338.8599,63986
2026-07-28 14:52:00,338.855,338.935,338.8054,338.88,43085
2026-07-28 14:53:00,338.88,338.89,338.77,338.815,46200
2026-07-28 14:54:00,338.82,338.9,338.7601,338.85,50542
2026-07-28 14:55:00,338.86,339.075,338.86,339.07,72829
2026-07-28 14:56:00,339.0601,339.45,338.9901,339.43,90360
2026-07-28 14:57:00,339.43,339.56,339.36,339.44,74303
2026-07-28 14:58:00,339.445,339.48,339.29,339.405,47372
2026-07-28 14:59:00,339.435,339.46,339.29,339.35,59047
2026-07-28 15:00:00,339.345,339.485,339.32,339.42,69955
2026-07-28 15:01:00,339.43,339.55,339.4,339.515,52663
2026-07-28 15:02:00,339.52,339.55,339.4,339.51,45752
2026-07-28 15:03:00,339.51,339.54,339.43,339.5301,48163
2026-07-28 15:04:00,339.53,339.675,339.53,339.615,91116
2026-07-28 15:05:00,339.6,339.62,339.42,339.51,65212
2026-07-28 15:06:00,339.5,339.54,339.39,339.51,56695
2026-07-28 15:07:00,339.52,339.565,339.4,339.54,58657
2026-07-28 15:08:00,339.53,339.535,339.3933,339.4,55716
2026-07-28 15:09:00,339.41,339.445,339.2101,339.325,75549
2026-07-28 15:10:00,339.34,339.4,339.3,339.32,50774
2026-07-28 15:11:00,339.325,339.35,339.22,339.26,44713
2026-07-28 15:12:00,339.2799,339.45,339.265,339.44,36658
2026-07-28 15:13:00,339.43,339.45,339.241,339.315,85850
2026-07-28 15:14:00,339.305,339.32,339.17,339.17,47884
2026-07-28 15:15:00,339.17,339.26,339.13,339.2,40602
2026-07-28 15:16:00,339.2,339.27,339.135,339.1513,60748
2026-07-28 15:17:00,339.17,339.3364,339.16,339.27,54102
2026-07-28 15:18:00,339.28,339.43,339.24,339.41,69255
2026-07-28 15:19:00,339.405,339.48,339.25,339.2795,71800
2026-07-28 15:20:00,339.3,339.44,339.29,339.42,47261
2026-07-28 15:21:00,339.4,339.42,339.31,339.37,54777
2026-07-28 15:22:00,339.375,339.52,339.29,339.31,98949
2026-07-28 15:23:00,339.31,339.31,339.1765,339.2701,45423
2026-07-28 15:24:00,339.27,339.33,339.225,339.275,35750
2026-07-28 15:25:00,339.28,339.29,339.19,339.19,72274
2026-07-28 15:26:00,339.1999,339.22,339.05,339.0693,64766
2026-07-28 15:27:00,339.05,339.23,339.03,339.21,58106
2026-07-28 15:28:00,339.21,339.35,339.17,339.34,48047
2026-07-28 15:29:00,339.36,339.37,339.15,339.2,72986
2026-07-28 15:30:00,339.16,339.28,339.12,339.23,68216
2026-07-28 15:31:00,339.235,339.29,339.1,339.16,67740
2026-07-28 15:32:00,339.16,339.38,339.16,339.31,67002
2026-07-28 15:33:00,339.31,339.38,339.21,339.22,66740
2026-07-28 15:34:00,339.21,339.36,339.185,339.36,1169802
2026-07-28 15:35:00,339.35,339.55,339.33,339.44,68911
2026-07-28 15:36:00,339.42,339.57,339.42,339.555,111089
2026-07-28 15:37:00,339.5407,339.77,339.51,339.74,103468
2026-07-28 15:38:00,339.74,339.91,339.57,339.685,152259
2026-07-28 15:39:00,339.6701,339.74,339.655,339.705,65515
2026-07-28 15:40:00,339.72,339.8799,339.7,339.87,70573
2026-07-28 15:41:00,339.86,339.9,339.78,339.87,64714
2026-07-28 15:42:00,339.87,339.9499,339.7,339.84,64680
2026-07-28 15:43:00,339.835,340.15,339.7701,340.105,165832
2026-07-28 15:44:00,340.11,340.12,340.0,340.01,85914
2026-07-28 15:45:00,340.01,340.01,339.2,339.32,141124
2026-07-28 15:46:00,339.33,339.4,339.13,339.37,86814
2026-07-28 15:47:00,339.365,339.48,339.22,339.48,90554
2026-07-28 15:48:00,339.48,339.54,339.44,339.52,71306
2026-07-28 15:49:00,339.5299,339.53,339.34,339.44,68816
2026-07-28 15:50:00,339.44,339.98,339.37,339.97,143874
2026-07-28 15:51:00,339.965,340.0,339.68,339.75,132748
2026-07-28 15:52:00,339.7601,339.85,339.565,339.615,102229
2026-07-28 15:53:00,339.63,339.74,339.48,339.55,121160
2026-07-28 15:54:00,339.57,340.0,339.29,339.85,211884
2026-07-28 15:55:00,339.84,339.94,339.1,339.84,399825
2026-07-28 15:56:00,339.85,340.15,339.74,340.125,280877
2026-07-28 15:57:00,340.125,340.41,339.9701,340.39,390175
2026-07-28 15:58:00,340.4,340.53,340.19,340.345,547327
2026-07-28 15:59:00,340.345,340.35,339.94,340.16,1234410
2026-07-28 16:00:00,340.08,340.26,339.92,340.02,0
2026-07-28 16:01:00,340.08,340.08,339.92,340.0,0
2026-07-28 16:02:00,340.04,340.13,340.02,340.13,0
2026-07-28 16:03:00,340.0801,340.2336,340.072,340.08,0
2026-07-28 16:04:00,340.2,340.2555,340.08,340.08,0
2026-07-28 16:05:00,340.1079,340.3,339.9324,339.9324,0
2026-07-28 16:06:00,339.936,340.1765,339.88,340.13,0
2026-07-28 16:07:00,340.0313,340.06,339.9,340.04,0
2026-07-28 16:08:00,340.13,340.18,340.0,340.0,0
2026-07-28 16:09:00,340.05,340.25,340.0,340.24,0
2026-07-28 16:10:00,340.08,340.4,340.08,340.4,0
2026-07-28 16:11:00,340.39,340.48,340.2403,340.4499,0
2026-07-28 16:12:00,340.43,340.45,340.03,340.05,0
2026-07-28 16:13:00,340.0192,340.38,340.0192,340.11,0
2026-07-28 16:14:00,340.15,340.38,339.9372,340.247,0
2026-07-28 16:15:00,340.08,340.33,340.08,340.2487,0
2026-07-28 16:16:00,340.2244,340.23,339.9372,340.2,0
2026-07-28 16:17:00,340.29,340.29,340.08,340.197,0
2026-07-28 16:18:00,340.2,340.2,340.08,340.1119,0
2026-07-28 16:19:00,340.11,340.2762,340.1,340.11,0
2026-07-28 16:20:00,340.1,340.28,340.1,340.2755,0
2026-07-28 16:21:00,340.25,340.2777,340.107,340.18,0
2026-07-28 16:22:00,340.1837,340.1837,340.1124,340.14,0
2026-07-28 16:23:00,340.11,340.18,340.1,340.15,0
2026-07-28 16:24:00,340.102,340.178,340.1,340.1,0
2026-07-28 16:25:00,340.1,340.1134,340.1,340.1133,0
2026-07-28 16:26:00,340.14,340.19,340.11,340.16,0
2026-07-28 16:27:00,340.14,340.2025,340.1,340.18,0
2026-07-28 16:28:00,340.1015,340.18,340.1,340.14,0
2026-07-28 16:29:00,340.1015,340.18,340.1,340.1409,0
2026-07-28 16:30:00,340.1009,340.15,340.1,340.1068,0
2026-07-28 16:31:00,340.12,340.22,340.1,340.2,0
2026-07-28 16:32:00,340.15,340.22,340.08,340.1,0
2026-07-28 16:33:00,340.1002,340.2188,340.0,340.0,0
2026-07-28 16:34:00,340.0,340.0988,340.0,340.03,0
2026-07-28 16:35:00,340.03,340.03,340.0,340.0254,0
2026-07-28 16:36:00,340.0,340.08,339.95,339.95,0
2026-07-28 16:37:00,340.0,340.0,339.9,339.9,0
2026-07-28 16:38:00,339.98,339.98,339.83,339.8882,0
2026-07-28 16:39:00,339.8,339.856,339.7,339.7977,0
2026-07-28 16:40:00,339.8,339.8965,339.761,339.8965,0
2026-07-28 16:41:00,339.86,339.9128,339.78,339.91,0
2026-07-28 16:42:00,339.9049,339.95,339.8,339.8,0
2026-07-28 16:43:00,339.9465,339.9465,339.81,339.8317,0
2026-07-28 16:44:00,339.81,339.95,339.81,339.8861,0
2026-07-28 16:45:00,339.84,339.8861,339.82,339.8239,0
2026-07-28 16:46:00,339.85,339.9,339.85,339.9,0
2026-07-28 16:47:00,339.82,339.8845,339.8,339.8845,0
2026-07-28 16:48:00,339.85,339.88,334.0266,339.8333,0
2026-07-28 16:49:00,334.0266,339.8977,334.0266,339.88,0
2026-07-28 16:50:00,339.8977,339.8977,339.8,339.8,0
2026-07-28 16:51:00,339.8147,339.9,339.8,339.83,0
2026-07-28 16:52:00,339.8,339.9,339.8,339.8417,0
2026-07-28 16:53:00,339.82,339.8977,339.75,339.7699,0
2026-07-28 16:54:00,339.78,339.78,339.76,339.76,0
2026-07-28 16:55:00,339.75,339.9,339.689,339.85,0
2026-07-28 16:56:00,339.85,339.9,339.8413,339.8413,0
2026-07-28 16:57:00,339.8155,339.8937,339.6887,339.8057,0
2026-07-28 16:58:00,339.8962,339.9,339.86,339.9,0
2026-07-28 16:59:00,339.8768,339.9,339.75,339.877,0
2026-07-28 17:00:00,339.9,339.9,339.8093,339.8093,0
2026-07-28 17:01:00,339.8797,339.8962,339.75,339.8239,0
2026-07-28 17:02:00,339.83,339.8858,339.82,339.8858,0
2026-07-28 17:03:00,339.84,339.9,339.8,339.9,0
2026-07-28 17:04:00,339.84,339.87,339.84,339.84,0
2026-07-28 17:05:00,339.8415,339.9,339.8415,339.9,0
2026-07-28 17:06:00,339.9,339.9,339.87,339.88,0
2026-07-28 17:07:00,339.88,339.9447,339.8635,339.9032,0
2026-07-28 17:08:00,339.9395,339.9965,339.8817,339.8817,0
2026-07-28 17:09:00,339.9783,340.0,339.94,339.94,0
2026-07-28 17:10:00,339.9988,340.0,339.89,339.94,0
2026-07-28 17:11:00,339.89,339.9988,339.8612,339.8612,0
2026-07-28 17:12:00,340.0,340.0,339.9,339.98,0
2026-07-28 17:13:00,339.9155,339.95,339.9,339.91,0
2026-07-28 17:14:00,339.9112,339.949,339.9,339.9,0
2026-07-28 17:15:00,339.91,340.08,339.9,339.9,0
2026-07-28 17:16:00,339.9057,339.9423,339.9,339.9012,0
2026-07-28 17:17:00,339.9,339.95,339.9,339.9423,0
2026-07-28 17:18:00,339.9012,339.95,339.9,339.9338,0
2026-07-28 17:19:00,339.9382,339.9499,339.9,339.94,0
2026-07-28 17:20:00,339.909,339.95,339.9012,339.9012,0
2026-07-28 17:21:00,339.9127,339.95,339.9,339.9127,0
2026-07-28 17:22:00,339.9,339.95,339.9,339.9089,0
2026-07-28 17:23:00,339.9077,339.95,339.9,339.95,0
2026-07-28 17:24:00,339.91,339.9488,339.85,339.9465,0
2026-07-28 17:25:00,339.84,339.8861,339.81,339.8161,0
2026-07-28 17:26:00,339.8265,339.9,339.81,339.82,0
2026-07-28 17:27:00,339.8888,339.89,339.81,339.81,0
2026-07-28 17:28:00,339.81,340.08,339.81,339.81,0
2026-07-28 17:29:00,339.82,339.8692,339.77,339.81,0
2026-07-28 17:30:00,339.85,339.8782,339.81,339.8782,0
2026-07-28 17:31:00,339.81,339.8782,339.81,339.81,0
2026-07-28 17:32:00,339.8782,339.8782,339.83,339.83,0
2026-07-28 17:33:00,339.8359,339.88,339.83,339.8373,0
2026-07-28 17:34:00,339.83,339.8795,339.83,339.83,0
2026-07-28 17:35:00,339.86,339.89,339.8315,339.89,0
2026-07-28 17:36:00,339.83,339.89,339.83,339.89,0
2026-07-28 17:37:00,339.9,339.9,339.8965,339.8988,0
2026-07-28 17:38:00,339.8995,339.8995,339.88,339.88,0
2026-07-28 17:39:00,339.89,339.9,339.8831,339.8831,0
2026-07-28 17:40:00,339.89,339.89,339.8828,339.89,0
2026-07-28 17:41:00,339.89,339.89,339.89,339.89,0
2026-07-28 17:42:00,339.89,339.95,339.89,339.89,0
2026-07-28 17:43:00,339.9387,339.9494,339.9024,339.9494,0
2026-07-28 17:44:00,339.949,339.9988,339.9392,339.9988,0
2026-07-28 17:45:00,339.99,340.0,339.95,340.0,0
2026-07-28 17:46:00,339.9933,340.08,339.963,339.98,0
2026-07-28 17:47:00,340.0,340.0,339.9,339.9799,0
2026-07-28 17:48:00,339.9759,340.0,339.9,339.9,0
2026-07-28 17:49:00,339.96,339.985,339.9,339.928,0
2026-07-28 17:50:00,339.92,340.0,339.92,340.0,0
2026-07-28 17:51:00,339.92,339.9988,339.9,339.99,0
2026-07-28 17:52:00,339.93,339.99,339.87,339.99,0
2026-07-28 17:53:00,339.87,340.0,339.87,339.8712,0
2026-07-28 17:54:00,339.8886,339.98,339.87,339.8742,0
2026-07-28 17:55:00,339.96,339.9772,339.8727,339.8727,0
2026-07-28 17:56:00,339.96,339.96,339.87,339.95,0
2026-07-28 17:57:00,339.8701,339.98,339.87,339.87,0
2026-07-28 17:58:00,339.9988,339.9988,339.8802,339.8825,0
2026-07-28 17:59:00,339.8812,339.98,339.88,339.98,0
2026-07-28 18:00:00,339.89,339.9793,339.88,339.8808,0
2026-07-28 18:01:00,339.98,339.99,339.95,339.95,0
2026-07-28 18:02:00,339.88,340.0,339.88,340.0,0
2026-07-28 18:03:00,339.999,340.03,339.8812,339.97,0
2026-07-28 18:04:00,339.97,339.97,339.922,339.97,0
2026-07-28 18:05:00,340.0,340.09,339.93,340.0,0
2026-07-28 18:06:00,339.9899,340.0017,339.9888,340.0017,0
2026-07-28 18:07:00,339.98,340.03,339.92,339.92,0
2026-07-28 18:08:00,339.92,340.0,339.8932,340.0,0
2026-07-28 18:09:00,339.92,339.93,339.85,339.85,0
2026-07-28 18:10:00,339.8612,339.9962,339.8601,339.9962,0
2026-07-28 18:11:00,339.8732,339.8775,339.8478,339.8478,0
2026-07-28 18:12:00,339.84,339.85,339.83,339.85,0
2026-07-28 18:13:00,339.83,339.85,339.77,339.8488,0
2026-07-28 18:14:00,339.8488,339.8488,339.75,339.75,0
2026-07-28 18:15:00,339.6812,339.6812,339.6812,339.6812,0
2026-07-28 18:16:00,339.681,339.681,339.65,339.65,0
2026-07-28 18:17:00,339.819,339.85,339.75,339.85,0
2026-07-28 18:18:00,339.75,339.809,339.25,339.734,0
2026-07-28 18:19:00,339.55,339.85,339.5,339.85,0
2026-07-28 18:20:00,339.5,339.7827,339.5,339.71,0
2026-07-28 18:21:00,339.64,339.8412,339.5072,339.5072,0
2026-07-28 18:22:00,339.5087,339.5941,339.5087,339.5941,0
2026-07-28 18:23:00,339.545,339.74,339.54,339.56,0
2026-07-28 18:24:00,339.56,339.56,339.4012,339.5499,0
2026-07-28 18:25:00,339.5,339.562,339.4,339.562,0
2026-07-28 18:26:00,339.5,339.9777,339.5,339.5387,0
2026-07-28 18:27:00,339.5,339.7488,339.5,339.5725,0
2026-07-28 18:28:00,339.54,339.65,339.54,339.6412,0
2026-07-28 18:29:00,339.649,339.8245,339.649,339.82,0
2026-07-28 18:30:00,339.6401,339.85,339.6401,339.6785,0
2026-07-28 18:31:00,339.8257,339.8257,339.6301,339.7085,0
2026-07-28 18:32:00,339.65,339.709,339.5012,339.5112,0
2026-07-28 18:33:00,339.5,339.5792,339.5,339.5,0
2026-07-28 18:34:00,339.5765,339.5765,339.44,339.4923,0
2026-07-28 18:35:00,339.4982,339.4982,339.45,339.45,0
2026-07-28 18:36:00,339.47,339.85,339.45,339.45,0
2026-07-28 18:37:00,339.4515,339.4977,339.45,339.45,0
2026-07-28 18:38:00,339.45,339.45,339.4,339.4001,0
2026-07-28 18:39:00,339.4,339.4475,339.35,339.37,0
2026-07-28 18:40:00,339.3507,339.3799,339.35,339.35,0
2026-07-28 18:41:00,339.35,339.3794,339.35,339.35,0
2026-07-28 18:42:00,339.3785,339.3785,339.3215,339.35,0
2026-07-28 18:43:00,339.36,339.36,339.321,339.35,0
2026-07-28 18:44:00,339.3109,339.35,339.25,339.25,0
2026-07-28 18:45:00,339.25,339.36,339.2301,339.2301,0
2026-07-28 18:46:00,339.2222,339.45,339.2204,339.44,0
2026-07-28 18:47:00,339.44,340.2,339.4,339.49,0
2026-07-28 18:48:00,339.49,339.68,339.4,339.63,0
2026-07-28 18:49:00,339.75,339.95,339.4127,339.95,0
2026-07-28 18:50:00,339.67,340.0,339.42,339.54,0
2026-07-28 18:51:00,340.0,340.05,339.82,339.82,0
2026-07-28 18:52:00,339.93,340.89,339.4167,340.06,0
2026-07-28 18:53:00,340.08,340.22,339.82,340.21,0
2026-07-28 18:54:00,340.21,340.38,339.7913,340.21,0
2026-07-28 18:55:00,340.2,340.2999,340.1147,340.2,0
2026-07-28 18:56:00,340.2,340.21,340.0,340.1,0
2026-07-28 18:57:00,339.8,340.39,339.8,340.39,0
2026-07-28 18:58:00,340.32,340.49,340.22,340.4025,0
2026-07-28 18:59:00,340.34,340.52,340.22,340.22,0
2026-07-28 19:00:00,340.23,340.49,340.2265,340.48,0
2026-07-28 19:01:00,340.5,340.5717,340.25,340.25,0
2026-07-28 19:02:00,340.49,340.5,340.2501,340.2739,0
2026-07-28 19:03:00,340.29,340.5,340.05,340.26,0
2026-07-28 19:04:00,340.05,340.46,339.87,340.29,0
2026-07-28 19:05:00,340.48,340.568,340.1,340.1582,0
2026-07-28 19:06:00,340.395,340.5788,340.256,340.256,0
2026-07-28 19:07:00,340.42,340.58,340.0,340.5788,0
2026-07-28 19:08:00,340.44,340.568,340.11,340.4396,0
2026-07-28 19:09:00,340.2887,340.5,340.22,340.32,0
2026-07-28 19:10:00,340.32,340.4988,340.15,340.39,0
2026-07-28 19:11:00,340.32,340.5,340.2562,340.49,0
2026-07-28 19:12:00,340.2562,340.54,340.2562,340.3403,0
2026-07-28 19:13:00,340.31,340.56,340.3,340.3065,0
2026-07-28 19:14:00,340.4723,340.59,340.47,340.4721,0
2026-07-28 19:15:00,340.387,340.48,340.387,340.42,0
2026-07-28 19:16:00,340.42,340.45,340.28,340.4291,0
2026-07-28 19:17:00,340.4434,340.48,340.324,340.3435,0
2026-07-28 19:18:00,340.48,340.48,340.32,340.43,0
2026-07-28 19:19:00,340.3,340.4114,340.0075,340.3,0
2026-07-28 19:20:00,340.2,340.2925,340.0,340.0075,0
2026-07-28 19:21:00,340.21,340.47,340.1,340.47,0
2026-07-28 19:22:00,340.2285,340.62,340.15,340.6,0
2026-07-28 19:23:00,340.53,340.65,340.46,340.49,0
2026-07-28 19:24:00,340.5,340.64,340.49,340.6,0
2026-07-28 19:25:00,340.5,340.6,340.5,340.5504,0
2026-07-28 19:26:00,340.5894,340.67,340.5894,340.67,0
2026-07-28 19:27:00,340.653,340.78,340.59,340.59,0
2026-07-28 19:28:00,340.55,340.62,340.53,340.5767,0
2026-07-28 19:29:00,340.57,340.57,340.3833,340.4,0
2026-07-28 19:30:00,340.39,340.4,340.08,340.4,0
2026-07-28 19:31:00,340.38,340.48,340.25,340.281,0
2026-07-28 19:32:00,340.36,340.3611,340.25,340.35,0
2026-07-28 19:33:00,340.34,340.3962,340.25,340.2549,0
2026-07-28 19:34:00,340.2549,340.3877,340.25,340.3001,0
2026-07-28 19:35:00,340.32,340.39,340.3,340.39,0
2026-07-28 19:36:00,340.3,340.3877,340.3,340.31,0
2026-07-28 19:37:00,340.3,340.3495,340.3,340.3077,0
2026-07-28 19:38:00,340.3,340.35,340.3,340.3483,0
2026-07-28 19:39:00,340.3,340.35,340.3,340.3,0
2026-07-28 19:40:00,340.2577,340.2952,340.1988,340.1988,0
2026-07-28 19:41:00,340.25,340.25,340.1525,340.1525,0
2026-07-28 19:42:00,340.25,340.25,340.15,340.2498,0
2026-07-28 19:43:00,340.2475,340.3,340.15,340.26,0
2026-07-28 19:44:00,340.35,340.87,340.33,340.8,0
2026-07-28 19:45:00,340.8142,340.87,340.519,340.87,0
2026-07-28 19:46:00,340.69,340.87,340.69,340.8655,0
2026-07-28 19:47:00,340.6945,340.97,340.6945,340.97,0
2026-07-28 19:48:00,340.98,340.98,340.266,340.77,0
2026-07-28 19:49:00,340.8771,340.98,340.4911,340.87,0
2026-07-28 19:50:00,340.95,341.21,340.3927,341.19,0
2026-07-28 19:51:00,341.21,341.21,340.72,340.7346,0
2026-07-28 19:52:00,341.0,341.09,340.72,341.0,0
2026-07-28 19:53:00,341.1,341.21,340.72,341.21,0
2026-07-28 19:54:00,341.0,341.21,340.6152,341.2,0
2026-07-28 19:55:00,340.9611,341.44,340.6001,341.0,0
2026-07-28 19:56:00,341.25,341.5,341.1,341.5,0
2026-07-28 19:57:00,341.4415,341.6,341.0337,341.0337,0
2026-07-28 19:58:00,341.4,341.5,341.0,341.42,0
2026-07-28 19:59:00,341.2,341.6777,341.2,341.2465,0
2026-07-29 04:00:00,341.33,344.4845,339.9855,341.58,0
2026-07-29 04:01:00,341.427,344.69,340.01,341.62,0
2026-07-29 04:02:00,341.6988,341.7,341.3977,341.3977,0
2026-07-29 04:03:00,341.3996,341.8,341.3166,341.52,0
2026-07-29 04:04:00,341.7,342.75,341.55,341.57,0
2026-07-29 04:05:00,341.6895,342.16,341.2693,341.2693,0
2026-07-29 04:06:00,341.59,341.69,340.02,340.39,0
2026-07-29 04:07:00,340.35,343.56,340.02,341.74,0
2026-07-29 04:08:00,341.11,343.56,340.35,341.6,0
2026-07-29 04:09:00,341.6025,341.7,341.2512,341.2612,0
2026-07-29 04:10:00,341.2512,341.7,341.2512,341.7,0
2026-07-29 04:11:00,341.55,341.6988,341.55,341.65,0
2026-07-29 04:12:00,341.7,341.7,341.2612,341.6887,0
2026-07-29 04:13:00,341.2612,341.74,341.2612,341.74,0
2026-07-29 04:14:00,341.689,341.69,341.271,341.69,0
2026-07-29 04:15:00,341.2612,341.7,341.26,341.57,0
2026-07-29 04:16:00,341.2707,341.2707,341.2707,341.2707,0
2026-07-29 04:17:00,341.6988,341.6988,341.6988,341.6988,0
2026-07-29 04:18:00,341.505,341.695,341.505,341.505,0
2026-07-29 04:19:00,341.6988,341.7,341.6988,341.7,0
2026-07-29 04:20:00,341.605,341.6996,341.605,341.61,0
2026-07-29 04:21:00,341.69,341.7,341.67,341.6988,0
2026-07-29 04:22:00,341.6988,341.6988,341.65,341.65,0
2026-07-29 04:23:00,341.66,341.69,341.2612,341.6887,0
2026-07-29 04:24:00,341.7,341.7,341.2612,341.2612,0
2026-07-29 04:25:00,341.2612,341.2612,341.2612,341.2612,0
2026-07-29 04:26:00,341.7,341.7,341.2612,341.6887,0
2026-07-29 04:27:00,341.2512,341.69,341.2512,341.64,0
2026-07-29 04:28:00,341.6,341.6,341.4,341.6,0
2026-07-29 04:29:00,341.64,341.64,341.6,341.6,0
2026-07-29 04:30:00,341.42,341.46,341.42,341.46,0
2026-07-29 04:31:00,341.6988,341.6988,341.46,341.5,0
2026-07-29 04:32:00,341.53,341.7,341.53,341.5685,0
2026-07-29 04:33:00,341.58,341.62,341.5684,341.5684,0
2026-07-29 04:34:00,341.5998,341.7,341.5998,341.7,0
2026-07-29 04:35:00,341.6988,341.6988,341.56,341.56,0
2026-07-29 04:36:00,341.58,341.7,341.4536,341.5,0
2026-07-29 04:37:00,341.4465,341.5,341.4465,341.5,0
2026-07-29 04:38:00,341.51,341.51,341.44,341.5,0
2026-07-29 04:39:00,341.5,341.6988,341.5,341.596,0
2026-07-29 04:40:00,341.59,341.59,341.4,341.4,0
2026-07-29 04:41:00,341.25,341.5488,341.25,341.5,0
2026-07-29 04:42:00,341.5,341.5,341.43,341.43,0
2026-07-29 04:43:00,341.4342,341.4937,341.43,341.4937,0
2026-07-29 04:44:00,341.5,341.5,341.305,341.305,0
2026-07-29 04:45:00,341.495,341.4975,341.25,341.46,0
2026-07-29 04:46:00,341.5,341.5,341.41,341.49,0
2026-07-29 04:47:00,341.4937,341.4937,341.25,341.25,0
2026-07-29 04:48:00,341.3174,341.36,341.3174,341.36,0
2026-07-29 04:49:00,341.2562,341.5,341.2562,341.49,0
2026-07-29 04:50:00,341.49,341.4948,341.41,341.41,0
2026-07-29 04:51:00,341.4,341.4343,341.25,341.3176,0
2026-07-29 04:52:00,341.5,341.5,341.25,341.25,0
2026-07-29 04:53:00,341.3176,341.4505,341.3176,341.4505,0
2026-07-29 04:54:00,341.44,341.45,341.44,341.45,0
2026-07-29 04:55:00,341.45,341.45,341.4396,341.45,0
2026-07-29 04:56:00,341.45,341.5,341.4,341.487,0
2026-07-29 04:57:00,341.49,341.49,341.49,341.49,0
2026-07-29 04:58:00,341.4988,341.5,341.4988,341.5,0
2026-07-29 04:59:00,341.49,341.4988,341.4,341.435,0
2026-07-29 05:00:00,341.47,341.5,341.44,341.44,0
2026-07-29 05:01:00,341.5,341.5,341.2512,341.47,0
2026-07-29 05:02:00,341.47,341.49,341.25,341.25,0
2026-07-29 05:03:00,341.263,341.5,341.25,341.4742,0
2026-07-29 05:04:00,341.47,341.47,341.23,341.23,0
2026-07-29 05:05:00,341.05,341.0975,340.4438,340.65,0
2026-07-29 05:06:00,340.73,340.73,340.5,340.5,0
2026-07-29 05:07:00,340.48,340.48,340.3078,340.4,0
2026-07-29 05:08:00,340.4,340.5662,340.3,340.5662,0
2026-07-29 05:09:00,340.67,340.83,340.45,340.48,0
2026-07-29 05:10:00,340.48,340.525,340.42,340.45,0
2026-07-29 05:11:00,340.39,340.4,340.3,340.32,0
2026-07-29 05:12:00,340.37,340.6788,340.2787,340.6788,0
2026-07-29 05:13:00,340.45,340.46,340.32,340.32,0
2026-07-29 05:14:00,340.3545,340.3545,340.33,340.33,0
2026-07-29 05:15:00,340.5,340.5,340.39,340.39,0
2026-07-29 05:16:00,340.3997,340.78,340.3,340.38,0
2026-07-29 05:17:00,340.7524,340.7788,340.35,340.35,0
2026-07-29 05:18:00,340.39,340.7788,340.3,340.3,0
2026-07-29 05:19:00,340.3607,340.48,340.3607,340.48,0
2026-07-29 05:20:00,340.46,340.7788,340.325,340.5,0
2026-07-29 05:21:00,340.65,340.773,340.5146,340.54,0
2026-07-29 05:23:00,340.78,340.78,340.55,340.68,0
2026-07-29 05:24:00,340.507,340.7788,340.507,340.7788,0
2026-07-29 05:25:00,340.78,340.78,340.5012,340.5012,0
2026-07-29 05:26:00,340.65,340.78,340.6,340.69,0
2026-07-29 05:27:00,340.74,340.74,340.74,340.74,0
2026-07-29 05:28:00,340.75,340.75,340.5012,340.57,0
2026-07-29 05:29:00,340.7788,340.7788,340.5,340.5012,0
2026-07-29 05:30:00,340.5,340.773,340.5,340.63,0
2026-07-29 05:31:00,340.7559,340.7559,340.5012,340.58,0
2026-07-29 05:32:00,340.58,340.6267,340.58,340.6267,0
2026-07-29 05:33:00,340.53,340.6,340.5,340.6,0
2026-07-29 05:34:00,340.63,340.7601,340.5847,340.63,0
2026-07-29 05:35:00,340.7688,340.7688,340.28,340.28,0
2026-07-29 05:36:00,340.26,340.54,340.1,340.14,0
2026-07-29 05:37:00,340.15,340.15,339.81,339.96,0
2026-07-29 05:38:00,339.8088,339.8875,339.7912,339.88,0
2026-07-29 05:39:00,339.84,339.84,339.79,339.79,0
2026-07-29 05:40:00,340.08,340.08,339.56,339.5859,0
2026-07-29 05:41:00,339.62,339.62,339.51,339.51,0
2026-07-29 05:42:00,340.15,340.15,339.51,339.51,0
2026-07-29 05:43:00,339.82,339.84,339.65,339.8,0
2026-07-29 05:44:00,339.54,339.72,339.48,339.5241,0
2026-07-29 05:45:00,339.45,339.75,339.3912,339.3912,0
2026-07-29 05:46:00,339.68,339.6922,339.37,339.37,0
2026-07-29 05:47:00,339.6888,339.6888,339.41,339.41,0
2026-07-29 05:48:00,339.64,339.64,339.01,339.11,0
2026-07-29 05:49:00,339.13,339.44,338.5885,339.01,0
2026-07-29 05:50:00,339.01,339.28,338.83,338.9365,0
2026-07-29 05:51:00,338.83,339.25,338.81,339.025,0
2026-07-29 05:52:00,339.0,339.25,338.89,339.25,0
2026-07-29 05:53:00,339.0,339.2488,338.899,339.0537,0
2026-07-29 05:54:00,339.0772,339.59,338.92,338.9785,0
2026-07-29 05:55:00,339.15,339.5,339.15,339.35,0
2026-07-29 05:56:00,339.5,339.7,339.35,339.35,0
2026-07-29 05:57:00,339.1867,339.47,339.1867,339.47,0
2026-07-29 05:58:00,339.6965,339.7745,339.5,339.5,0
2026-07-29 05:59:00,339.6254,339.75,339.23,339.39,0
2026-07-29 06:00:00,339.6497,339.6497,339.25,339.25,0
2026-07-29 06:01:00,339.57,339.8,339.57,339.75,0
2026-07-29 06:02:00,339.7015,339.8388,339.4893,339.8,0
2026-07-29 06:03:00,339.7917,339.7917,339.477,339.65,0
2026-07-29 06:04:00,339.68,339.7772,339.47,339.655,0
2026-07-29 06:05:00,339.8307,339.8307,339.48,339.52,0
2026-07-29 06:06:00,339.4712,339.821,339.4712,339.52,0
2026-07-29 06:07:00,339.693,339.8388,339.479,339.8207,0
2026-07-29 06:08:00,339.52,339.52,339.4712,339.49,0
2026-07-29 06:09:00,339.5,339.8307,339.0125,339.2125,0
2026-07-29 06:10:00,339.4,339.4739,339.0,339.4739,0
2026-07-29 06:11:00,339.49,339.8388,339.32,339.48,0
2026-07-29 06:12:00,339.48,339.48,339.2012,339.2012,0
2026-07-29 06:13:00,339.7362,339.7362,339.7362,339.7362,0
2026-07-29 06:14:00,339.73,339.73,339.3697,339.3697,0
2026-07-29 06:15:00,339.5,339.83,339.3612,339.3612,0
2026-07-29 06:16:00,339.6,339.6,339.3717,339.6,0
2026-07-29 06:17:00,339.67,339.84,339.563,339.84,0
2026-07-29 06:18:00,339.833,339.833,339.567,339.7,0
2026-07-29 06:19:00,339.68,339.832,339.62,339.832,0
2026-07-29 06:20:00,339.65,339.8388,339.528,339.8238,0
2026-07-29 06:21:00,339.84,339.84,339.5377,339.5377,0
2026-07-29 06:22:00,339.6,339.8388,339.6,339.73,0
2026-07-29 06:23:00,339.5426,339.8325,339.5426,339.75,0
2026-07-29 06:24:00,339.75,339.75,339.55,339.6,0
2026-07-29 06:25:00,339.56,339.737,339.5062,339.6,0
2026-07-29 06:26:00,339.61,339.61,339.58,339.61,0
2026-07-29 06:27:00,339.61,339.6135,339.513,339.6135,0
2026-07-29 06:28:00,339.7465,339.7465,339.61,339.6135,0
2026-07-29 06:29:00,339.6112,339.75,339.6112,339.71,0
2026-07-29 06:30:00,339.73,339.95,339.73,339.95,0
2026-07-29 06:31:00,339.73,339.86,339.5112,339.86,0
2026-07-29 06:32:00,339.9877,339.99,339.71,339.715,0
2026-07-29 06:33:00,339.98,340.0,339.5222,339.5222,0
2026-07-29 06:34:00,340.0,340.0,339.86,339.86,0
2026-07-29 06:35:00,339.85,340.0,339.85,339.8512,0
2026-07-29 06:36:00,339.8537,339.9,339.85,339.85,0
2026-07-29 06:37:00,339.9465,339.9988,339.85,339.8578,0
2026-07-29 06:38:00,339.99,339.9988,339.87,339.9988,0
2026-07-29 06:39:00,340.0,340.0,339.89,339.89,0
2026-07-29 06:40:00,339.89,339.99,339.8537,339.8537,0
2026-07-29 06:41:00,339.92,340.02,339.92,339.93,0
2026-07-29 06:42:00,340.0012,340.15,339.94,340.15,0
2026-07-29 06:43:00,340.15,340.26,340.0222,340.25,0
2026-07-29 06:44:00,340.2,340.4988,340.0735,340.4988,0
2026-07-29 06:45:00,340.4,340.47,340.4,340.4,0
2026-07-29 06:46:00,340.5539,340.7488,340.3015,340.5,0
2026-07-29 06:47:00,340.45,340.7488,340.45,340.4575,0
2026-07-29 06:48:00,340.5,341.14,340.5,341.11,0
2026-07-29 06:49:00,341.06,341.22,341.0,341.2,0
2026-07-29 06:50:00,341.03,341.2188,341.03,341.2188,0
2026-07-29 06:51:00,341.12,341.19,341.0,341.18,0
2026-07-29 06:52:00,341.01,341.1,341.0052,341.062,0
2026-07-29 06:53:00,341.199,341.199,341.0,341.0,0
2026-07-29 06:54:00,341.0078,341.05,341.0,341.05,0
2026-07-29 06:55:00,341.05,341.2088,341.04,341.05,0
2026-07-29 06:56:00,341.03,341.199,341.0,341.0,0
2026-07-29 06:57:00,341.02,341.2047,341.02,341.04,0
2026-07-29 06:58:00,341.04,341.04,341.0,341.0,0
2026-07-29 06:59:00,341.15,341.2559,341.15,341.2145,0
2026-07-29 07:00:00,341.11,341.39,340.08,340.08,0
2026-07-29 07:01:00,341.2357,341.2788,341.0,341.18,0
2026-07-29 07:02:00,341.0,341.2,340.985,341.1948,0
2026-07-29 07:03:00,341.2,341.2,341.005,341.005,0
2026-07-29 07:04:00,341.02,341.2,341.0,341.1472,0
2026-07-29 07:05:00,341.19,341.19,341.0037,341.1,0
2026-07-29 07:06:00,341.1176,341.22,341.0037,341.22,0
2026-07-29 07:07:00,341.15,341.28,341.03,341.28,0
2026-07-29 07:08:00,341.28,341.48,341.012,341.4775,0
2026-07-29 07:09:00,341.44,341.48,341.11,341.4142,0
2026-07-29 07:10:00,341.461,341.4707,341.0,341.0,0
2026-07-29 07:11:00,341.0042,341.1437,340.64,340.6477,0
2026-07-29 07:12:00,340.8935,340.8935,340.58,340.666,0
2026-07-29 07:13:00,340.89,340.89,340.52,340.69,0
2026-07-29 07:14:00,340.7041,340.7788,340.52,340.7788,0
2026-07-29 07:15:00,340.7599,340.7797,340.63,340.7699,0
2026-07-29 07:16:00,340.6,340.77,340.533,340.73,0
2026-07-29 07:17:00,340.52,340.9,340.52,340.77,0
2026-07-29 07:18:00,340.9055,340.95,340.65,340.89,0
2026-07-29 07:19:00,340.9102,340.9102,340.79,340.87,0
2026-07-29 07:20:00,340.82,341.0,340.82,340.85,0
2026-07-29 07:21:00,340.99,340.99,340.7362,340.7362,0
2026-07-29 07:22:00,340.75,340.75,340.52,340.71,0
2026-07-29 07:23:00,340.71,340.71,340.6,340.7,0
2026-07-29 07:24:00,340.67,340.67,340.52,340.52,0
2026-07-29 07:25:00,340.6175,340.7637,340.53,340.53,0
2026-07-29 07:26:00,340.7044,340.764,340.53,340.764,0
2026-07-29 07:27:00,340.7044,340.77,340.65,340.72,0
2026-07-29 07:28:00,340.77,340.84,340.54,340.76,0
2026-07-29 07:29:00,340.7342,340.9788,340.63,340.9788,0
2026-07-29 07:30:00,340.9,340.91,340.65,340.65,0
2026-07-29 07:31:00,340.64,340.98,340.5315,340.9018,0
2026-07-29 07:32:00,340.8741,340.95,340.541,340.75,0
2026-07-29 07:33:00,340.5997,340.98,340.5997,340.7004,0
2026-07-29 07:34:00,340.6095,340.98,340.6095,340.97,0
2026-07-29 07:35:00,340.97,340.97,340.8,340.9614,0
2026-07-29 07:36:00,340.863,340.98,340.626,340.626,0
2026-07-29 07:37:00,340.7968,341.0,340.626,341.0,0
2026-07-29 07:38:00,340.88,341.1388,340.6275,340.79,0
2026-07-29 07:39:00,340.92,340.92,340.7425,340.87,0
2026-07-29 07:40:00,340.7152,341.0,340.7152,340.95,0
2026-07-29 07:41:00,340.97,341.0,340.93,340.9982,0
2026-07-29 07:42:00,341.0,341.04,340.97,340.98,0
2026-07-29 07:43:00,341.2432,341.2432,340.92,341.14,0
2026-07-29 07:44:00,341.1059,341.14,340.9242,341.14,0
2026-07-29 07:45:00,340.9796,341.03,340.91,340.917,0
2026-07-29 07:46:00,340.91,341.18,340.91,340.97,0
2026-07-29 07:47:00,341.1044,341.12,340.9236,340.9236,0
2026-07-29 07:48:00,341.01,341.01,340.8,340.8294,0
2026-07-29 07:49:00,340.8047,340.9888,340.8,340.89,0
2026-07-29 07:50:00,340.89,340.99,340.8,340.8012,0
2026-07-29 07:51:00,340.805,341.0,340.805,341.0,0
2026-07-29 07:52:00,341.0,341.0,340.8112,340.99,0
2026-07-29 07:53:00,341.0,341.0,340.81,341.0,0
2026-07-29 07:54:00,340.9901,340.9901,340.84,340.9491,0
2026-07-29 07:55:00,340.84,340.9988,340.81,340.9988,0
2026-07-29 07:56:00,340.938,340.94,340.89,340.89,0
2026-07-29 07:57:00,341.0,341.0,340.84,340.87,0
2026-07-29 07:58:00,340.9241,340.9788,340.77,340.77,0
2026-07-29 07:59:00,340.65,340.87,340.65,340.71,0
2026-07-29 08:00:00,340.7897,340.79,340.71,340.7728,0
2026-07-29 08:01:00,340.71,340.9088,340.52,340.59,0
2026-07-29 08:02:00,340.52,340.6,340.52,340.53,0
2026-07-29 08:03:00,340.8,340.8,340.52,340.52,0
2026-07-29 08:04:00,340.55,340.6,340.5,340.6,0
2026-07-29 08:05:00,340.5315,340.7,340.52,340.53,0
2026-07-29 08:06:00,340.6955,340.7,340.5201,340.6672,0
2026-07-29 08:07:00,340.5389,340.6988,340.45,340.5492,0
2026-07-29 08:08:00,340.43,340.57,340.25,340.45,0
2026-07-29 08:09:00,340.26,340.52,340.1705,340.3012,0
2026-07-29 08:10:00,340.49,340.5359,340.4,340.5359,0
2026-07-29 08:11:00,340.5929,340.7,340.531,340.7,0
2026-07-29 08:12:00,340.55,340.7,340.5,340.57,0
2026-07-29 08:13:00,340.68,340.6988,340.5,340.5,0
2026-07-29 08:14:00,340.6988,340.6988,340.35,340.4488,0
2026-07-29 08:15:00,340.39,340.39,340.3,340.31,0
2026-07-29 08:16:00,340.33,340.4,340.15,340.15,0
2026-07-29 08:17:00,340.15,340.6988,340.0,340.6988,0
2026-07-29 08:18:00,340.0212,340.4365,340.0212,340.3,0
2026-07-29 08:19:00,340.32,340.3887,340.0866,340.32,0
2026-07-29 08:20:00,340.29,340.29,340.0215,340.17,0
2026-07-29 08:21:00,340.17,340.18,340.02,340.0356,0
2026-07-29 08:22:00,340.09,340.2559,340.0,340.0,0
2026-07-29 08:23:00,340.3152,340.4,340.05,340.13,0
2026-07-29 08:24:00,340.13,340.13,339.79,339.989,0
2026-07-29 08:25:00,339.9,340.0,339.79,339.85,0
2026-07-29 08:26:00,340.0,340.12,339.85,340.12,0
2026-07-29 08:27:00,340.0,340.1,339.85,339.85,0
2026-07-29 08:28:00,339.89,339.96,339.75,339.79,0
2026-07-29 08:29:00,339.769,339.9352,339.5,339.71,0
2026-07-29 08:30:00,339.5835,339.71,338.54,338.79,0
2026-07-29 08:31:00,338.94,339.17,338.01,338.37,0
2026-07-29 08:32:00,338.09,339.1,338.0,338.66,0
2026-07-29 08:33:00,338.61,338.9613,338.61,338.8,0
2026-07-29 08:34:00,338.88,339.3,338.8,339.15,0
2026-07-29 08:35:00,339.19,339.29,339.0,339.0,0
2026-07-29 08:36:00,339.1,339.27,339.03,339.1,0
2026-07-29 08:37:00,339.25,339.75,339.03,339.75,0
2026-07-29 08:38:00,339.7271,339.75,339.41,339.4116,0
2026-07-29 08:39:00,339.41,339.6,339.3251,339.3826,0
2026-07-29 08:40:00,339.41,339.52,339.31,339.37,0
2026-07-29 08:41:00,339.44,339.48,339.32,339.42,0
2026-07-29 08:42:00,339.47,339.48,339.3,339.4326,0
2026-07-29 08:43:00,339.47,339.48,339.3512,339.45,0
2026-07-29 08:44:00,339.4,339.4755,339.25,339.4755,0
2026-07-29 08:45:00,339.4521,339.4521,339.25,339.3767,0
2026-07-29 08:46:00,339.45,339.46,339.15,339.32,0
2026-07-29 08:47:00,339.1,339.35,338.84,338.84,0
2026-07-29 08:48:00,338.832,338.91,338.66,338.7172,0
2026-07-29 08:49:00,338.92,339.0,338.66,338.8072,0
2026-07-29 08:50:00,338.81,339.43,338.7,339.43,0
2026-07-29 08:51:00,339.2533,339.2533,339.02,339.102,0
2026-07-29 08:52:00,339.1572,339.1956,338.75,339.0553,0
2026-07-29 08:53:00,338.9,339.1415,338.9,339.04,0
2026-07-29 08:54:00,339.0,339.0895,338.9895,339.01,0
2026-07-29 08:55:00,338.995,339.1488,338.93,339.06,0
2026-07-29 08:56:00,339.03,339.15,338.9641,339.04,0
2026-07-29 08:57:00,339.1,339.1,338.88,338.89,0
2026-07-29 08:58:00,338.89,339.1,338.88,339.0,0
2026-07-29 08:59:00,338.9987,339.0,338.95,338.99,0
2026-07-29 09:00:00,339.01,339.01,338.81,338.81,0
2026-07-29 09:01:00,338.81,339.0,338.81,338.8465,0
2026-07-29 09:02:00,338.97,338.97,338.5,338.59,0
2026-07-29 09:03:00,338.5,338.85,338.5,338.8198,0
2026-07-29 09:04:00,338.75,338.85,338.7,338.74,0
2026-07-29 09:05:00,338.85,339.09,338.7,339.087,0
2026-07-29 09:06:00,339.0,339.1,338.75,338.797,0
2026-07-29 09:07:00,338.83,339.0,338.75,338.77,0
2026-07-29 09:08:00,338.7923,338.7923,338.71,338.77,0
2026-07-29 09:09:00,338.88,339.0,338.77,338.88,0
2026-07-29 09:10:00,338.87,338.978,338.82,338.85,0
2026-07-29 09:11:00,338.87,339.0,338.8,339.0,0
2026-07-29 09:12:00,338.9459,339.1,338.93,339.0483,0
2026-07-29 09:13:00,339.04,339.1,338.93,338.94,0
2026-07-29 09:14:00,339.04,339.1,339.0025,339.0025,0
2026-07-29 09:15:00,339.0845,339.23,338.94,339.23,0
2026-07-29 09:16:00,339.1986,339.42,339.1986,339.25,0
2026-07-29 09:17:00,339.4,339.43,338.81,338.9,0
2026-07-29 09:18:00,338.96,339.39,338.66,338.98,0
2026-07-29 09:19:00,338.9614,339.3776,338.96,338.96,0
2026-07-29 09:20:00,338.95,339.25,338.95,339.0,0
2026-07-29 09:21:00,339.0,339.39,338.96,339.39,0
2026-07-29 09:22:00,339.15,339.39,339.0,339.39,0
2026-07-29 09:23:00,339.26,339.3888,339.0,339.3802,0
2026-07-29 09:24:00,339.26,339.38,339.0097,339.18,0
2026-07-29 09:25:00,339.1,339.1267,338.55,338.55,0
2026-07-29 09:26:00,338.7067,338.7888,338.49,338.6606,0
2026-07-29 09:27:00,338.8,339.89,338.8,339.8004,0
2026-07-29 09:28:00,339.41,339.58,338.75,339.42,0
2026-07-29 09:29:00,339.41,339.89,339.3435,339.64,0
2026-07-29 09:30:00,339.69,341.72,339.6522,341.5953,1864881
2026-07-29 09:31:00,341.7,342.19,340.56,340.83,305503
2026-07-29 09:32:00,340.89,340.9699,339.72,340.39,186855
2026-07-29 09:33:00,340.425,340.5412,339.79,339.96,210047
2026-07-29 09:34:00,339.985,340.404,339.56,340.0283,143584
2026-07-29 09:35:00,340.06,340.45,339.85,340.43,106358
2026-07-29 09:36:00,340.395,340.99,340.16,340.795,215061
2026-07-29 09:37:00,340.79,340.83,340.01,340.755,155495
2026-07-29 09:38:00,340.77,340.99,340.37,340.65,235461
2026-07-29 09:39:00,340.7,341.2179,340.6841,341.2179,161202
2026-07-29 09:40:00,341.16,341.755,340.865,341.73,198497
2026-07-29 09:41:00,341.715,341.78,341.41,341.455,175212
2026-07-29 09:42:00,341.455,341.72,341.27,341.46,130969
2026-07-29 09:43:00,341.44,341.46,340.95,341.14,113700
2026-07-29 09:44:00,341.17,341.595,340.79,341.56,108027
2026-07-29 09:45:00,341.545,342.37,341.53,342.24,256533
2026-07-29 09:46:00,342.285,342.97,342.24,342.775,371562
2026-07-29 09:47:00,342.775,343.13,342.5725,342.88,280290
2026-07-29 09:48:00,342.89,343.1,342.81,343.08,138507
2026-07-29 09:49:00,343.08,343.45,342.7501,343.235,223731
2026-07-29 09:50:00,343.2716,343.48,342.97,343.37,265217
2026-07-29 09:51:00,343.37,343.67,343.165,343.645,233364
2026-07-29 09:52:00,343.63,343.65,343.0503,343.34,199860
2026-07-29 09:53:00,343.35,343.46,343.06,343.35,128481
2026-07-29 09:54:00,343.36,343.4099,342.94,343.025,102794
2026-07-29 09:55:00,343.02,343.1,342.4,342.66,123993
2026-07-29 09:56:00,342.685,342.74,342.19,342.564,145354
2026-07-29 09:57:00,342.52,343.12,342.46,342.94,155731
2026-07-29 09:58:00,342.93,343.0,342.52,342.76,99885
2026-07-29 09:59:00,342.78,343.055,342.545,342.87,126990
2026-07-29 10:00:00,342.825,342.97,342.655,342.675,146548
2026-07-29 10:01:00,342.66,342.825,342.515,342.825,133418
2026-07-29 10:02:00,342.825,343.04,342.62,342.93,179837
2026-07-29 10:03:00,342.97,343.48,342.95,343.435,238317
2026-07-29 10:04:00,343.424,343.46,342.9501,343.19,124330
2026-07-29 10:05:00,343.19,343.3025,342.91,342.95,135478
2026-07-29 10:06:00,342.975,343.16,342.51,342.6193,233414
2026-07-29 10:07:00,342.625,342.8242,342.41,342.475,111261
2026-07-29 10:08:00,342.5,342.69,342.23,342.6197,147850
2026-07-29 10:09:00,342.595,342.749,342.4593,342.665,78765
2026-07-29 10:10:00,342.64,342.815,342.37,342.37,124239
2026-07-29 10:11:00,342.4,342.68,342.25,342.345,129929
2026-07-29 10:12:00,342.345,342.3568,341.85,342.2,208957
2026-07-29 10:13:00,342.2,342.2,341.72,341.8401,110397
2026-07-29 10:14:00,341.865,342.16,341.8,341.83,144955
2026-07-29 10:15:00,341.825,342.089,341.675,342.0576,129663
2026-07-29 10:16:00,342.05,342.0626,341.5901,341.63,100358
2026-07-29 10:17:00,341.63,341.765,341.48,341.7445,153064
2026-07-29 10:18:00,341.77,341.77,341.4176,341.46,119756
2026-07-29 10:19:00,341.48,341.5,341.2,341.3,109519
2026-07-29 10:20:00,341.29,341.53,341.13,341.39,154242
2026-07-29 10:21:00,341.385,341.48,341.1401,341.205,72115
2026-07-29 10:22:00,341.25,341.65,341.22,341.65,77135
2026-07-29 10:23:00,341.63,341.7285,341.4601,341.4601,68227
2026-07-29 10:24:00,341.435,341.48,341.16,341.22,80681
2026-07-29 10:25:00,341.28,341.31,340.96,340.9606,65398
2026-07-29 10:26:00,340.97,341.1899,340.72,341.12,124913
2026-07-29 10:27:00,341.1001,341.22,341.03,341.08,92587
2026-07-29 10:28:00,341.11,341.34,341.03,341.255,107801
2026-07-29 10:29:00,341.26,341.265,341.105,341.16,68949
2026-07-29 10:30:00,341.17,341.3199,340.91,341.29,98861
2026-07-29 10:31:00,341.32,341.4,341.05,341.3199,89307
2026-07-29 10:32:00,341.27,341.341,341.1,341.16,76185
2026-07-29 10:33:00,341.16,341.57,341.0308,341.515,102847
2026-07-29 10:34:00,341.495,341.7,341.37,341.7,69064
2026-07-29 10:35:00,341.7,341.74,341.42,341.49,63025
2026-07-29 10:36:00,341.495,341.57,341.13,341.2656,59830
2026-07-29 10:37:00,341.27,341.3696,341.1402,341.29,48879
2026-07-29 10:38:00,341.27,341.4,341.1342,341.365,52115
2026-07-29 10:39:00,341.37,341.45,341.26,341.29,54751
2026-07-29 10:40:00,341.28,341.4,341.0201,341.06,71155
2026-07-29 10:41:00,341.06,341.64,341.06,341.49,79503
2026-07-29 10:42:00,341.49,341.58,341.35,341.45,72121
2026-07-29 10:43:00,341.44,341.6,341.32,341.445,157990
2026-07-29 10:44:00,341.4275,341.6,341.32,341.59,98701
2026-07-29 10:45:00,341.57,341.7,341.35,341.46,86547
2026-07-29 10:46:00,341.44,341.64,341.3236,341.61,61702
2026-07-29 10:47:00,341.59,341.59,341.175,341.21,79733
2026-07-29 10:48:00,341.2,341.34,341.082,341.33,65185
2026-07-29 10:49:00,341.32,341.35,340.81,341.04,105451
2026-07-29 10:50:00,341.055,341.055,340.512,340.6161,161532
2026-07-29 10:51:00,340.605,340.9305,340.51,340.55,128843
2026-07-29 10:52:00,340.59,340.7793,340.38,340.38,113412
2026-07-29 10:53:00,340.42,340.9,340.415,340.71,77357
2026-07-29 10:54:00,340.7,340.77,340.44,340.71,85786
2026-07-29 10:55:00,340.72,340.75,340.62,340.7,68240
2026-07-29 10:56:00,340.695,340.84,340.5401,340.6156,81499
2026-07-29 10:57:00,340.66,340.71,340.48,340.5001,78947
2026-07-29 10:58:00,340.51,340.6,340.12,340.315,97178
2026-07-29 10:59:00,340.3,340.4488,340.27,340.39,95515
2026-07-29 11:00:00,340.4,340.5,340.15,340.325,124389
2026-07-29 11:01:00,340.335,340.43,340.1408,340.18,101960
2026-07-29 11:02:00,340.175,340.27,339.76,339.8,143607
2026-07-29 11:03:00,339.7708,340.055,339.72,339.76,127520
2026-07-29 11:04:00,339.74,339.86,339.52,339.74,154508
2026-07-29 11:05:00,339.78,339.99,339.59,339.67,68099
2026-07-29 11:06:00,339.67,340.56,339.61,340.4,140678
2026-07-29 11:07:00,340.42,340.57,340.35,340.51,128042
2026-07-29 11:08:00,340.5266,340.5399,340.2001,340.36,71661
2026-07-29 11:09:00,340.29,340.41,340.2201,340.265,71562
2026-07-29 11:10:00,340.28,340.3,340.11,340.1725,101061
2026-07-29 11:11:00,340.19,340.23,339.94,340.14,90780
2026-07-29 11:12:00,340.15,340.2,340.03,340.15,40168
2026-07-29 11:13:00,340.14,340.19,339.91,340.03,58441
2026-07-29 11:14:00,340.02,340.08,339.945,339.97,42752
2026-07-29 11:15:00,339.97,340.06,339.89,339.94,50655
2026-07-29 11:16:00,339.93,340.24,339.93,340.135,81671
2026-07-29 11:17:00,340.12,340.27,340.1,340.13,62589
2026-07-29 11:18:00,340.11,340.33,339.81,339.9,62561
2026-07-29 11:19:00,339.93,340.02,339.84,339.87,47313
2026-07-29 11:20:00,339.85,340.01,339.83,339.995,50760
2026-07-29 11:21:00,340.0,340.04,339.76,339.865,36435
2026-07-29 11:22:00,339.8699,339.92,339.69,339.795,59439
2026-07-29 11:23:00,339.7873,339.8699,339.69,339.79,52925
2026-07-29 11:24:00,339.8,340.09,339.65,340.06,89897
2026-07-29 11:25:00,340.05,340.09,339.9,340.05,73930
2026-07-29 11:26:00,340.03,340.065,339.7,339.8799,53670
2026-07-29 11:27:00,339.8701,340.04,339.74,339.87,46078
2026-07-29 11:28:00,339.89,340.08,339.88,339.98,36362
2026-07-29 11:29:00,339.98,340.03,339.78,339.81,39928
2026-07-29 11:30:00,339.83,339.99,339.81,339.915,97770
2026-07-29 11:31:00,339.91,340.0,339.76,339.99,72314
2026-07-29 11:32:00,339.985,340.2,339.93,340.07,78685
2026-07-29 11:33:00,340.07,340.13,339.99,340.02,52492
2026-07-29 11:34:00,340.0301,340.05,339.84,339.9,40785
2026-07-29 11:35:00,339.92,340.105,339.845,340.04,74277
2026-07-29 11:36:00,340.03,340.07,339.845,340.01,38910
2026-07-29 11:37:00,340.01,340.515,340.01,340.4,90535
2026-07-29 11:38:00,340.38,340.68,340.38,340.51,102581
2026-07-29 11:39:00,340.535,340.5507,340.34,340.4,56190
2026-07-29 11:40:00,340.3801,340.61,340.31,340.42,51773
2026-07-29 11:41:00,340.425,340.565,340.3801,340.49,50192
2026-07-29 11:42:00,340.48,340.57,340.24,340.34,86668
2026-07-29 11:43:00,340.325,340.45,339.88,340.105,112823
2026-07-29 11:44:00,340.13,340.1601,339.94,340.09,55997
2026-07-29 11:45:00,340.09,340.29,340.06,340.29,49117
2026-07-29 11:46:00,340.26,340.445,340.13,340.375,49017
2026-07-29 11:47:00,340.375,340.74,340.32,340.655,81070
2026-07-29 11:48:00,340.685,340.86,340.57,340.59,69446
2026-07-29 11:49:00,340.595,340.88,340.595,340.84,53000
2026-07-29 11:50:00,340.81,340.97,340.781,340.875,100429
2026-07-29 11:51:00,340.825,340.89,340.75,340.85,58719
2026-07-29 11:52:00,340.84,341.22,340.82,341.175,122585
2026-07-29 11:53:00,341.17,341.17,340.89,341.02,53202
2026-07-29 11:54:00,341.02,341.042,340.725,340.84,51197
2026-07-29 11:55:00,340.86,340.995,340.78,340.92,60312
2026-07-29 11:56:00,340.935,341.07,340.88,341.025,56931
2026-07-29 11:57:00,341.02,341.1,340.86,341.07,48212
2026-07-29 11:58:00,341.08,341.15,340.75,341.05,99450
2026-07-29 11:59:00,341.08,341.15,340.92,341.03,48453
2026-07-29 12:00:00,341.1,341.12,340.78,340.8612,40214
2026-07-29 12:01:00,340.85,340.95,340.72,340.75,36563
2026-07-29 12:02:00,340.7299,341.02,340.63,340.93,44130
2026-07-29 12:03:00,340.93,341.08,340.905,341.03,29415
2026-07-29 12:04:00,341.045,341.15,340.86,340.9,53013
2026-07-29 12:05:00,340.905,340.92,340.7,340.77,48455
2026-07-29 12:06:00,340.75,340.94,340.74,340.88,76514
2026-07-29 12:07:00,340.825,340.95,340.74,340.915,53575
2026-07-29 12:08:00,340.93,341.01,340.79,340.8451,39419
2026-07-29 12:09:00,340.84,341.035,340.756,341.01,53868
2026-07-29 12:10:00,340.97,341.075,340.9201,340.9503,38330
2026-07-29 12:11:00,340.96,340.98,340.7,340.95,29686
2026-07-29 12:12:00,340.95,340.965,340.83,340.87,30879
2026-07-29 12:13:00,340.9004,340.99,340.8,340.98,39350
2026-07-29 12:14:00,340.9701,341.04,340.81,340.83,39256
2026-07-29 12:15:00,340.8,340.86,340.69,340.695,49155
2026-07-29 12:16:00,340.695,340.86,340.68,340.84,55760
2026-07-29 12:17:00,340.8201,341.16,340.81,341.0507,81276
2026-07-29 12:18:00,341.07,341.16,340.945,341.065,62218
2026-07-29 12:19:00,341.06,341.15,341.0005,341.07,44486
2026-07-29 12:20:00,341.07,341.15,340.87,340.94,69783
2026-07-29 12:21:00,340.93,341.1,340.84,341.06,48386
2026-07-29 12:22:00,341.07,341.22,341.03,341.21,59791
2026-07-29 12:23:00,341.21,341.45,341.16,341.42,87512
2026-07-29 12:24:00,341.43,341.55,341.38,341.55,56708
2026-07-29 12:25:00,341.535,341.56,341.4,341.43,42754
2026-07-29 12:26:00,341.44,341.52,341.315,341.515,55190
2026-07-29 12:27:00,341.515,341.515,341.35,341.425,36991
2026-07-29 12:28:00,341.44,341.44,341.21,341.281,44358
2026-07-29 12:29:00,341.3,341.44,341.27,341.27,36243
2026-07-29 12:30:00,341.25,341.41,341.2,341.245,45853
2026-07-29 12:31:00,341.22,341.23,341.01,341.05,37080
2026-07-29 12:32:00,341.08,341.225,340.97,341.2104,38298
2026-07-29 12:33:00,341.23,341.32,341.18,341.2701,41145
2026-07-29 12:34:00,341.285,341.34,341.04,341.11,44506
2026-07-29 12:35:00,341.11,341.14,340.89,340.91,52568
2026-07-29 12:36:00,340.92,340.97,340.61,340.6675,45821
2026-07-29 12:37:00,340.68,340.81,340.63,340.63,42747
2026-07-29 12:38:00,340.635,340.67,340.48,340.5,42390
2026-07-29 12:39:00,340.52,340.68,340.51,340.57,32616
2026-07-29 12:40:00,340.565,340.595,340.44,340.5,46063
2026-07-29 12:41:00,340.51,340.53,340.19,340.26,41641
2026-07-29 12:42:00,340.24,340.255,340.05,340.1787,41535
2026-07-29 12:43:00,340.15,340.42,340.15,340.33,45485
2026-07-29 12:44:00,340.325,340.59,340.325,340.56,33905
2026-07-29 12:45:00,340.56,340.77,340.435,340.5,60336
2026-07-29 12:46:00,340.5,340.53,340.3006,340.3899,29442
2026-07-29 12:47:00,340.4,340.56,340.4,340.545,33349
2026-07-29 12:48:00,340.5325,340.68,340.52,340.57,32774
2026-07-29 12:49:00,340.57,340.85,340.5305,340.85,48509
2026-07-29 12:50:00,340.82,340.95,340.7901,340.88,46765
2026-07-29 12:51:00,340.86,340.97,340.75,340.895,26704
2026-07-29 12:52:00,340.895,340.96,340.815,340.9551,43384
2026-07-29 12:53:00,340.96,341.1097,340.8801,340.96,48314
2026-07-29 12:54:00,340.93,341.09,340.8801,341.03,35143
2026-07-29 12:55:00,341.03,341.0486,340.87,340.94,30990
2026-07-29 12:56:00,340.94,341.05,340.855,341.045,42633
2026-07-29 12:57:00,341.04,341.04,340.8299,340.8901,36509
2026-07-29 12:58:00,340.89,341.09,340.815,341.075,27360
2026-07-29 12:59:00,341.06,341.31,341.06,341.31,61656
2026-07-29 13:00:00,341.32,341.44,341.16,341.1795,53488
2026-07-29 13:01:00,341.17,341.32,341.13,341.2656,35631
2026-07-29 13:02:00,341.26,341.325,341.115,341.325,21264
2026-07-29 13:03:00,341.32,341.53,341.32,341.51,44035
2026-07-29 13:04:00,341.51,342.08,341.51,341.965,327522
2026-07-29 13:05:00,341.96,342.08,341.895,342.0371,146309
2026-07-29 13:06:00,342.08,342.08,341.865,341.9,41863
2026-07-29 13:07:00,341.9001,341.91,341.79,341.86,34144
2026-07-29 13:08:00,341.84,341.88,341.71,341.81,40112
2026-07-29 13:09:00,341.81,341.8391,341.56,341.5699,34941
2026-07-29 13:10:00,341.55,341.89,341.55,341.8487,54416
2026-07-29 13:11:00,341.85,341.9399,341.69,341.69,52265
2026-07-29 13:12:00,341.735,341.9299,341.69,341.895,65162
2026-07-29 13:13:00,341.895,342.16,341.865,342.12,55324
2026-07-29 13:14:00,342.12,342.32,342.075,342.32,102814
2026-07-29 13:15:00,342.32,342.33,342.1201,342.24,54093
2026-07-29 13:16:00,342.23,342.475,342.2203,342.46,63861
2026-07-29 13:17:00,342.44,342.6599,342.43,342.61,70895
2026-07-29 13:18:00,342.6001,342.8,342.58,342.725,102322
2026-07-29 13:19:00,342.73,342.89,342.705,342.865,92007
2026-07-29 13:20:00,342.88,343.16,342.8015,343.12,199220
2026-07-29 13:21:00,343.12,343.44,343.1001,343.43,164030
2026-07-29 13:22:00,343.42,343.4489,343.092,343.105,170338
2026-07-29 13:23:00,343.105,343.21,342.88,342.9675,128200
2026-07-29 13:24:00,342.96,343.05,342.84,342.93,70723
2026-07-29 13:25:00,342.97,343.0,342.75,342.97,78864
2026-07-29 13:26:00,342.9651,342.98,342.72,342.86,79114
2026-07-29 13:27:00,342.865,342.92,342.75,342.905,61991
2026-07-29 13:28:00,342.9,343.12,342.895,343.005,68938
2026-07-29 13:29:00,342.99,343.06,342.69,342.72,63940
2026-07-29 13:30:00,342.695,342.72,342.4,342.405,61278
2026-07-29 13:31:00,342.405,342.63,342.35,342.61,49706
2026-07-29 13:32:00,342.59,342.725,342.495,342.605,61694
2026-07-29 13:33:00,342.6,342.67,342.38,342.51,57453
2026-07-29 13:34:00,342.525,342.648,342.45,342.475,30933
2026-07-29 13:35:00,342.5,342.7799,342.475,342.7201,61379
2026-07-29 13:36:00,342.72,342.94,342.7,342.825,50692
2026-07-29 13:37:00,342.825,343.17,342.82,342.905,102383
2026-07-29 13:38:00,342.905,343.08,342.84,343.04,53709
2026-07-29 13:39:00,343.03,343.06,342.97,343.0011,42578
2026-07-29 13:40:00,343.0101,343.2,342.97,343.17,85750
2026-07-29 13:41:00,343.17,343.3,343.158,343.22,67968
2026-07-29 13:42:00,343.24,343.39,343.1612,343.305,62932
2026-07-29 13:43:00,343.3399,343.39,343.14,343.31,109716
2026-07-29 13:44:00,343.31,343.34,343.01,343.0484,65836
2026-07-29 13:45:00,343.065,343.14,343.035,343.08,50428
2026-07-29 13:46:00,343.0955,343.16,343.0,343.1,110830
2026-07-29 13:47:00,343.1,343.12,342.92,343.03,62279
2026-07-29 13:48:00,343.04,343.12,342.92,343.0608,48192
2026-07-29 13:49:00,343.0751,343.12,342.93,342.995,79434
2026-07-29 13:50:00,343.0,343.18,343.0,343.125,71358
2026-07-29 13:51:00,343.14,343.17,343.0049,343.02,59122
2026-07-29 13:52:00,343.015,343.105,342.942,342.9701,30528
2026-07-29 13:53:00,342.97,342.97,342.85,342.94,52331
2026-07-29 13:54:00,342.96,342.98,342.7101,342.98,59463
2026-07-29 13:55:00,342.965,343.0125,342.8195,342.955,52825
2026-07-29 13:56:00,342.97,342.97,342.75,342.785,58500
2026-07-29 13:57:00,342.79,342.83,342.66,342.78,33932
2026-07-29 13:58:00,342.77,342.93,342.67,342.89,51468
2026-07-29 13:59:00,342.87,343.34,342.87,343.21,64561
2026-07-29 14:00:00,343.25,343.8098,343.0401,343.79,255560
2026-07-29 14:01:00,343.7499,344.1,343.62,344.02,304445
2026-07-29 14:02:00,344.02,344.19,343.88,344.05,208784
2026-07-29 14:03:00,344.05,344.15,343.81,343.875,124454
2026-07-29 14:04:00,343.88,344.19,343.82,344.175,140696
2026-07-29 14:05:00,344.15,344.55,344.1417,344.52,272059
2026-07-29 14:06:00,344.49,344.5699,344.14,344.22,160590
2026-07-29 14:07:00,344.21,344.25,343.86,343.895,114810
2026-07-29 14:08:00,343.91,343.93,343.6104,343.85,106922
2026-07-29 14:09:00,343.86,343.89,343.61,343.75,90455
2026-07-29 14:10:00,343.73,343.91,343.54,343.54,108547
2026-07-29 14:11:00,343.56,343.93,343.54,343.87,58813
2026-07-29 14:12:00,343.89,343.97,343.69,343.7295,65464
2026-07-29 14:13:00,343.71,343.8,343.59,343.76,75960
2026-07-29 14:14:00,343.75,343.7899,343.4601,343.7,125774
2026-07-29 14:15:00,343.69,343.8,343.59,343.77,59650
2026-07-29 14:16:00,343.795,343.9413,343.78,343.8877,52315
2026-07-29 14:17:00,343.89,343.92,343.75,343.91,52723
2026-07-29 14:18:00,343.92,344.0199,343.755,343.95,70206
2026-07-29 14:19:00,343.96,344.0333,343.83,343.88,63561
2026-07-29 14:20:00,343.88,343.88,343.74,343.84,56312
2026-07-29 14:21:00,343.8201,343.89,343.48,343.53,125013
2026-07-29 14:22:00,343.51,343.586,343.27,343.4001,111179
2026-07-29 14:23:00,343.43,343.58,343.26,343.3,47200
2026-07-29 14:24:00,343.2944,343.4843,343.29,343.35,71924
2026-07-29 14:25:00,343.34,343.55,343.34,343.4551,60472
2026-07-29 14:26:00,343.49,343.53,343.34,343.45,51336
2026-07-29 14:27:00,343.46,343.48,343.17,343.26,78924
2026-07-29 14:28:00,343.28,343.43,343.185,343.315,84472
2026-07-29 14:29:00,343.33,343.64,343.3117,343.5877,76627
2026-07-29 14:30:00,343.59,343.84,343.54,343.78,94939
2026-07-29 14:31:00,343.79,343.8199,343.33,343.33,85182
2026-07-29 14:32:00,343.365,343.39,343.055,343.21,90085
2026-07-29 14:33:00,343.25,343.4,342.97,343.39,99530
2026-07-29 14:34:00,343.405,343.53,343.21,343.29,48064
2026-07-29 14:35:00,343.3,343.425,343.14,343.33,92621
2026-07-29 14:36:00,343.305,343.48,343.13,343.47,59914
2026-07-29 14:37:00,343.47,343.53,343.31,343.5279,73940
2026-07-29 14:38:00,343.505,343.91,343.4901,343.715,118921
2026-07-29 14:39:00,343.7,343.94,343.6201,343.8152,61404
2026-07-29 14:40:00,343.815,343.92,343.5202,343.675,95794
2026-07-29 14:41:00,343.68,343.735,343.395,343.46,83910
2026-07-29 14:42:00,343.48,343.5713,343.33,343.52,77269
2026-07-29 14:43:00,343.5,343.61,343.36,343.575,79880
2026-07-29 14:44:00,343.55,343.77,343.49,343.7,75755
2026-07-29 14:45:00,343.695,343.845,343.581,343.59,79861
2026-07-29 14:46:00,343.62,343.72,343.56,343.7028,55374
2026-07-29 14:47:00,343.735,343.8,343.51,343.68,64489
2026-07-29 14:48:00,343.7,343.74,343.4,343.51,61127
2026-07-29 14:49:00,343.5101,343.86,343.48,343.8,71497
2026-07-29 14:50:00,343.795,343.8569,343.635,343.72,68857
2026-07-29 14:51:00,343.73,343.79,343.5637,343.79,48198
2026-07-29 14:52:00,343.78,343.89,343.61,343.69,54780
2026-07-29 14:53:00,343.68,343.7093,343.5101,343.6,56099
2026-07-29 14:54:00,343.605,343.71,343.47,343.6301,63117
2026-07-29 14:55:00,343.66,343.84,343.59,343.715,74034
2026-07-29 14:56:00,343.715,343.75,343.4501,343.515,59479
2026-07-29 14:57:00,343.5,343.51,343.17,343.225,75965
2026-07-29 14:58:00,343.2382,343.25,343.0,343.08,63306
2026-07-29 14:59:00,343.1,343.1,342.745,342.9,155729
2026-07-29 15:00:00,342.9,342.99,342.685,342.685,85309
2026-07-29 15:01:00,342.69,342.9,342.62,342.86,113454
2026-07-29 15:02:00,342.87,342.92,342.61,342.655,82322
2026-07-29 15:03:00,342.655,342.795,342.49,342.5151,79343
2026-07-29 15:04:00,342.505,342.5177,341.99,342.315,154536
2026-07-29 15:05:00,342.315,342.37,342.17,342.31,89334
2026-07-29 15:06:00,342.325,342.325,342.07,342.2,91438
2026-07-29 15:07:00,342.19,342.24,342.04,342.185,66929
2026-07-29 15:08:00,342.185,342.3,341.95,342.055,86024
2026-07-29 15:09:00,342.05,342.18,341.91,341.955,79214
2026-07-29 15:10:00,341.955,342.2,341.93,342.125,84133
2026-07-29 15:11:00,342.125,342.52,342.125,342.495,93162
2026-07-29 15:12:00,342.48,342.64,342.21,342.27,100910
2026-07-29 15:13:00,342.27,342.41,342.19,342.37,75331
2026-07-29 15:14:00,342.39,342.49,342.3,342.42,63192
2026-07-29 15:15:00,342.39,342.87,342.38,342.775,74779
2026-07-29 15:16:00,342.7751,342.84,342.63,342.74,73841
2026-07-29 15:17:00,342.755,342.8,342.3505,342.52,65830
2026-07-29 15:18:00,342.5,342.515,342.1839,342.2699,83880
2026-07-29 15:19:00,342.245,342.32,342.14,342.295,41189
2026-07-29 15:20:00,342.305,342.39,342.02,342.045,64593
2026-07-29 15:21:00,342.06,342.2,341.78,342.0471,110492
2026-07-29 15:22:00,342.04,342.1,341.77,341.79,75779
2026-07-29 15:23:00,341.772,341.82,341.6,341.66,76795
2026-07-29 15:24:00,341.68,341.7758,341.545,341.55,69078
2026-07-29 15:25:00,341.53,341.74,341.44,341.49,73485
2026-07-29 15:26:00,341.49,341.6199,341.33,341.6,147134
2026-07-29 15:27:00,341.59,342.0,341.425,341.49,86327
2026-07-29 15:28:00,341.4601,341.575,341.37,341.48,57613
2026-07-29 15:29:00,341.5,341.57,341.38,341.53,78110
2026-07-29 15:30:00,341.56,341.56,341.145,341.3,118274
2026-07-29 15:31:00,341.355,341.45,341.18,341.335,105578
2026-07-29 15:32:00,341.33,341.45,341.175,341.265,63746
2026-07-29 15:33:00,341.29,341.41,340.77,340.77,110795
2026-07-29 15:34:00,340.78,340.83,340.52,340.805,101182
2026-07-29 15:35:00,340.83,340.875,340.55,340.565,83431
2026-07-29 15:36:00,340.58,340.875,340.37,340.82,89605
2026-07-29 15:37:00,340.8295,340.93,340.46,340.49,85000
2026-07-29 15:38:00,340.52,340.53,340.03,340.055,107298
2026-07-29 15:39:00,340.0586,340.06,339.57,339.64,214293
2026-07-29 15:40:00,339.64,339.8,339.32,339.75,162307
2026-07-29 15:41:00,339.77,339.91,339.4701,339.73,107195
2026-07-29 15:42:00,339.725,339.905,339.66,339.75,119878
2026-07-29 15:43:00,339.73,339.97,339.51,339.95,87583
2026-07-29 15:44:00,339.95,339.98,339.5,339.58,148939
2026-07-29 15:45:00,339.585,339.92,339.54,339.545,97350
2026-07-29 15:46:00,339.56,339.99,339.52,339.697,119079
2026-07-29 15:47:00,339.68,339.94,339.64,339.925,99219
2026-07-29 15:48:00,339.935,340.3299,339.84,340.19,112717
2026-07-29 15:49:00,340.18,340.28,339.91,340.07,161716
2026-07-29 15:50:00,340.0,340.05,339.335,339.605,187863
2026-07-29 15:51:00,339.605,339.7,339.34,339.47,167653
2026-07-29 15:52:00,339.44,339.5,339.0577,339.37,191617
2026-07-29 15:53:00,339.37,339.41,338.89,338.89,271413
2026-07-29 15:54:00,338.895,339.34,338.8301,339.33,251456
2026-07-29 15:55:00,339.32,339.34,338.18,338.31,681468
2026-07-29 15:56:00,338.33,338.52,337.9,338.11,455966
2026-07-29 15:57:00,338.12,338.35,337.83,338.015,737155
2026-07-29 15:58:00,338.02,338.08,337.5,337.57,1116215
2026-07-29 15:59:00,337.56,338.46,337.3501,338.07,2284490
2026-07-29 16:00:00,338.19,338.44,337.99,338.18,7080576
2026-07-29 16:01:00,338.16,338.19,337.8,337.8,0
2026-07-29 16:02:00,337.8012,338.19,337.12,338.0,0
2026-07-29 16:03:00,338.0015,338.15,337.96,338.1,0
2026-07-29 16:04:00,338.19,338.19,337.5,337.7925,0
2026-07-29 16:05:00,337.5465,338.19,337.5465,337.7279,0
2026-07-29 16:06:00,337.7127,338.19,314.7,337.77,0
2026-07-29 16:07:00,338.0,338.19,337.77,337.9645,0
2026-07-29 16:08:00,338.09,338.19,337.71,337.8,0
2026-07-29 16:09:00,337.8,337.995,337.71,337.74,0
2026-07-29 16:10:00,337.828,338.19,337.505,337.5811,0
2026-07-29 16:11:00,337.54,337.7,337.5,337.5976,0
2026-07-29 16:12:00,337.6768,337.81,337.41,337.6,0
2026-07-29 16:13:00,337.6149,338.19,337.57,338.0,0
2026-07-29 16:14:00,337.94,338.19,337.93,338.07,0
2026-07-29 16:15:00,338.19,338.19,337.88,338.0,0
2026-07-29 16:16:00,337.9703,338.19,337.93,338.0145,0
2026-07-29 16:17:00,338.0707,338.19,338.01,338.1485,0
2026-07-29 16:18:00,338.0993,338.19,338.01,338.01,0
2026-07-29 16:19:00,338.07,338.07,338.01,338.0412,0
2026-07-29 16:20:00,338.19,338.392,338.08,338.08,0
2026-07-29 16:21:00,338.288,338.32,338.08,338.2563,0
2026-07-29 16:22:00,338.28,338.4,338.16,338.2473,0
2026-07-29 16:23:00,338.19,338.29,338.15,338.21,0
2026-07-29 16:24:00,338.2,338.25,338.2,338.2077,0
2026-07-29 16:25:00,338.25,338.3,338.2,338.2259,0
2026-07-29 16:26:00,338.3,338.37,338.2,338.26,0
2026-07-29 16:27:00,338.37,338.44,338.19,338.43,0
2026-07-29 16:28:00,338.2965,338.44,338.2,338.4242,0
2026-07-29 16:29:00,338.4,338.56,338.3,338.51,0
2026-07-29 16:30:00,338.52,338.59,338.35,338.5,0
2026-07-29 16:31:00,338.4826,338.59,338.3,338.48,0
2026-07-29 16:32:00,338.4215,338.47,338.24,338.4392,0
2026-07-29 16:33:00,338.42,338.55,338.27,338.27,0
2026-07-29 16:34:00,338.55,338.87,338.3212,338.76,0
2026-07-29 16:35:00,338.57,338.87,338.33,338.46,0
2026-07-29 16:36:00,338.61,338.87,338.4879,338.74,0
2026-07-29 16:37:00,338.5312,338.87,338.5312,338.7,0
2026-07-29 16:38:00,338.87,339.38,338.87,339.17,0
2026-07-29 16:39:00,339.16,339.22,339.01,339.22,0
2026-07-29 16:40:00,339.18,339.18,338.87,338.87,0
2026-07-29 16:41:00,338.9,338.9,338.5,338.7,0
2026-07-29 16:42:00,338.6964,338.7077,338.31,338.3613,0
2026-07-29 16:43:00,338.4108,338.5,338.31,338.4734,0
2026-07-29 16:44:00,338.52,338.71,338.43,338.5406,0
2026-07-29 16:45:00,338.51,338.51,338.1,338.34,0
2026-07-29 16:46:00,338.28,338.4,338.2,338.3651,0
2026-07-29 16:47:00,338.1557,338.39,338.1557,338.28,0
2026-07-29 16:48:00,338.2282,338.3,338.18,338.2,0
2026-07-29 16:49:00,338.15,338.27,338.1,338.12,0
2026-07-29 16:50:00,338.14,338.29,338.1,338.25,0
2026-07-29 16:51:00,338.25,338.29,338.11,338.28,0
2026-07-29 16:52:00,338.2117,338.29,338.1732,338.2836,0
2026-07-29 16:53:00,338.2836,338.5,338.1912,338.41,0
2026-07-29 16:54:00,338.41,338.66,338.4,338.66,0
2026-07-29 16:55:00,338.6,338.69,338.19,338.55,0
2026-07-29 16:56:00,338.716,338.73,338.5511,338.7,0
2026-07-29 16:57:00,338.68,338.91,338.5501,338.91,0
2026-07-29 16:58:00,338.9,339.156,338.7501,339.0,0
2026-07-29 16:59:00,339.0097,339.05,338.99,339.0,0
2026-07-29 17:00:00,339.0,339.1572,339.0,339.08,0
2026-07-29 17:01:00,339.078,339.16,339.01,339.1565,0
2026-07-29 17:02:00,339.1,339.2,339.0001,339.18,0
2026-07-29 17:03:00,339.02,339.15,338.19,339.0248,0
2026-07-29 17:04:00,339.15,339.15,339.0,339.0074,0
2026-07-29 17:05:00,339.013,339.1,339.0,339.1,0
2026-07-29 17:06:00,339.0,339.15,338.97,339.0,0
2026-07-29 17:07:00,339.0195,339.03,339.0,339.02,0
2026-07-29 17:08:00,339.02,339.1499,339.0,339.1499,0
2026-07-29 17:09:00,339.1388,339.15,339.0,339.0037,0
2026-07-29 17:10:00,339.0658,339.25,339.0658,339.0952,0
2026-07-29 17:11:00,339.3,339.5,339.09,339.4,0
2026-07-29 17:12:00,339.5,339.99,339.4,339.99,0
2026-07-29 17:13:00,339.74,340.0,339.5,339.5,0
2026-07-29 17:14:00,339.72,339.92,339.5,339.92,0
2026-07-29 17:15:00,339.83,339.99,338.19,339.83,0
2026-07-29 17:16:00,339.82,340.19,339.82,340.0,0
2026-07-29 17:17:00,340.02,340.159,339.98,339.98,0
2026-07-29 17:18:00,339.9731,340.1336,338.19,340.06,0
2026-07-29 17:19:00,340.0,340.0,339.5,339.5102,0
2026-07-29 17:20:00,339.68,339.91,339.55,339.5501,0
2026-07-29 17:21:00,339.64,339.64,339.5,339.5062,0
2026-07-29 17:22:00,339.5,339.675,339.5,339.5093,0
2026-07-29 17:23:00,339.5487,339.5487,339.5,339.51,0
2026-07-29 17:24:00,339.5027,339.5027,339.3,339.3392,0
2026-07-29 17:25:00,339.3,339.4,339.3,339.3116,0
2026-07-29 17:26:00,339.35,339.37,339.3,339.3058,0
2026-07-29 17:27:00,339.33,339.339,339.3,339.3,0
2026-07-29 17:28:00,339.31,339.364,339.3,339.31,0
2026-07-29 17:29:00,339.3001,339.41,339.3,339.3351,0
2026-07-29 17:30:00,339.3113,339.35,339.3,339.31,0
2026-07-29 17:31:00,339.34,339.3435,339.07,339.33,0
2026-07-29 17:32:00,339.3025,339.35,339.3,339.3058,0
2026-07-29 17:33:00,339.3,339.34,339.3,339.3062,0
2026-07-29 17:34:00,339.339,339.339,339.3,339.31,0
2026-07-29 17:35:00,339.3,339.31,339.23,339.31,0
2026-07-29 17:36:00,339.3063,339.31,339.3,339.3,0
2026-07-29 17:37:00,339.3001,339.34,339.3,339.34,0
2026-07-29 17:38:00,339.32,339.38,339.12,339.302,0
2026-07-29 17:39:00,339.31,339.3487,339.3,339.3487,0
2026-07-29 17:40:00,339.22,339.37,339.22,339.3,0
2026-07-29 17:41:00,339.31,339.36,339.07,339.3,0
2026-07-29 17:42:00,339.34,339.37,339.3,339.3292,0
2026-07-29 17:43:00,339.3,339.3592,339.0,339.0352,0
2026-07-29 17:44:00,339.01,339.31,339.0,339.0465,0
2026-07-29 17:45:00,339.12,339.37,339.04,339.37,0
2026-07-29 17:46:00,339.3,339.36,339.3,339.3067,0
2026-07-29 17:47:00,339.31,339.36,339.3,339.3,0
2026-07-29 17:48:00,339.3,339.35,339.3,339.35,0
2026-07-29 17:49:00,339.35,339.35,339.3,339.33,0
2026-07-29 17:50:00,339.3,339.3488,339.3,339.3092,0
2026-07-29 17:51:00,339.35,339.5,339.3147,339.3412,0
2026-07-29 17:52:00,339.3648,339.53,339.3648,339.5,0
2026-07-29 17:53:00,339.43,339.55,339.43,339.55,0
2026-07-29 17:54:00,339.53,339.55,339.47,339.4739,0
2026-07-29 17:55:00,339.4748,339.55,339.46,339.47,0
2026-07-29 17:56:00,339.51,339.5297,339.46,339.4717,0
2026-07-29 17:57:00,339.51,339.5475,339.46,339.46,0
2026-07-29 17:58:00,339.4,339.48,338.19,339.33,0
2026-07-29 17:59:00,339.3466,339.48,339.342,339.3435,0
2026-07-29 18:00:00,339.48,340.3,339.3987,340.26,0
2026-07-29 18:01:00,339.85,340.19,339.85,340.12,0
2026-07-29 18:02:00,340.2,340.68,340.01,340.6,0
2026-07-29 18:03:00,340.6,340.8,340.33,340.8,0
2026-07-29 18:04:00,340.66,340.8,339.98,340.04,0
2026-07-29 18:05:00,340.38,340.38,339.717,339.717,0
2026-07-29 18:06:00,339.85,339.99,339.38,339.71,0
2026-07-29 18:07:00,339.71,339.92,339.63,339.63,0
2026-07-29 18:08:00,339.8627,339.92,339.5,339.5,0
2026-07-29 18:09:00,339.7,339.9107,339.5,339.7,0
2026-07-29 18:10:00,339.5101,339.92,339.5,339.57,0
2026-07-29 18:11:00,339.67,339.67,339.01,339.25,0
2026-07-29 18:12:00,339.0678,339.82,339.0101,339.52,0
2026-07-29 18:13:00,339.2803,339.58,339.2803,339.58,0
2026-07-29 18:14:00,339.5282,339.92,338.19,339.72,0
2026-07-29 18:15:00,339.69,339.7,339.261,339.58,0
2026-07-29 18:16:00,339.58,339.9142,339.58,339.69,0
2026-07-29 18:17:00,339.8432,339.8432,339.5,339.5935,0
2026-07-29 18:18:00,339.63,339.8432,339.5,339.5,0
2026-07-29 18:19:00,339.58,339.85,339.55,339.55,0
2026-07-29 18:20:00,339.55,339.85,339.55,339.59,0
2026-07-29 18:21:00,339.5877,339.5888,339.1734,339.2,0
2026-07-29 18:22:00,339.03,339.2,339.01,339.09,0
2026-07-29 18:23:00,339.0145,339.22,339.01,339.07,0
2026-07-29 18:24:00,339.1055,339.7997,339.01,339.0225,0
2026-07-29 18:25:00,339.4,339.4877,339.01,339.4877,0
2026-07-29 18:26:00,339.4167,339.4167,339.01,339.05,0
2026-07-29 18:27:00,339.05,339.32,339.01,339.01,0
2026-07-29 18:28:00,339.03,339.0793,338.87,338.99,0
2026-07-29 18:29:00,338.99,339.03,338.9,338.91,0
2026-07-29 18:30:00,338.9,339.0267,338.9,338.9,0
2026-07-29 18:31:00,338.9008,339.03,338.9,338.99,0
2026-07-29 18:32:00,338.9,339.0267,338.9,338.92,0
2026-07-29 18:33:00,338.92,339.0099,338.92,338.93,0
2026-07-29 18:34:00,338.93,339.0,338.93,338.93,0
2026-07-29 18:35:00,339.0,339.4,338.99,339.01,0
2026-07-29 18:36:00,339.01,339.0888,339.0,339.0294,0
2026-07-29 18:37:00,339.03,339.37,339.0,339.05,0
2026-07-29 18:38:00,339.04,339.3899,339.0,339.3802,0
2026-07-29 18:39:00,339.3802,339.3802,339.01,339.12,0
2026-07-29 18:40:00,339.0792,339.39,339.0,339.3802,0
2026-07-29 18:41:00,339.0097,339.39,339.0067,339.1,0
2026-07-29 18:42:00,339.02,339.1,339.02,339.0707,0
2026-07-29 18:43:00,339.0746,339.1,339.0707,339.1,0
2026-07-29 18:44:00,339.07,339.11,339.07,339.1,0
2026-07-29 18:45:00,339.0845,339.1,339.0017,339.01,0
2026-07-29 18:46:00,339.0139,339.02,339.0139,339.02,0
2026-07-29 18:47:00,339.02,339.0988,339.0,339.07,0
2026-07-29 18:48:00,339.07,339.39,339.05,339.05,0
2026-07-29 18:49:00,339.11,339.3815,339.05,339.0975,0
2026-07-29 18:50:00,339.08,339.0975,339.0,339.05,0
2026-07-29 18:51:00,339.05,339.3802,339.0,339.1,0
2026-07-29 18:52:00,339.1,339.1,339.0,339.05,0
2026-07-29 18:53:00,339.06,339.39,339.0001,339.39,0
2026-07-29 18:54:00,339.11,339.3817,339.0601,339.1042,0
2026-07-29 18:55:00,339.2757,339.3389,339.06,339.246,0
2026-07-29 18:56:00,339.39,339.39,339.2353,339.29,0
2026-07-29 18:57:00,339.29,339.5,339.06,339.5,0
2026-07-29 18:58:00,339.569,339.6,339.4,339.45,0
2026-07-29 18:59:00,339.44,339.684,339.06,339.4,0
2026-07-29 19:00:00,339.3,339.7,339.06,339.7,0
2026-07-29 19:01:00,339.4,339.684,339.3511,339.5,0
2026-07-29 19:02:00,339.38,339.8,339.38,339.8,0
2026-07-29 19:03:00,339.36,339.8,339.36,339.8,0
2026-07-29 19:04:00,339.61,339.92,339.61,339.79,0
2026-07-29 19:05:00,339.8095,339.9199,339.79,339.8499,0
2026-07-29 19:06:00,339.8485,339.8488,339.79,339.81,0
2026-07-29 19:07:00,339.8392,339.84,339.81,339.8292,0
2026-07-29 19:08:00,339.8193,340.2,339.8113,340.2,0
2026-07-29 19:09:00,340.19,340.2,339.9549,340.01,0
2026-07-29 19:10:00,339.91,339.91,339.8,339.91,0
2026-07-29 19:11:00,339.79,339.8732,339.61,339.68,0
2026-07-29 19:12:00,339.22,339.68,339.22,339.31,0
2026-07-29 19:13:00,339.6,339.77,339.3669,339.77,0
2026-07-29 19:14:00,339.77,339.91,339.45,339.9099,0
2026-07-29 19:15:00,339.62,339.898,339.62,339.77,0
2026-07-29 19:16:00,339.7655,339.7699,339.62,339.7,0
2026-07-29 19:17:00,339.7,339.77,339.59,339.6,0
2026-07-29 19:18:00,339.68,339.77,339.4104,339.4104,0
2026-07-29 19:19:00,339.5,339.5,339.36,339.5,0
2026-07-29 19:20:00,339.4999,339.4999,339.35,339.3732,0
2026-07-29 19:21:00,339.49,339.5,339.35,339.3537,0
2026-07-29 19:22:00,339.4962,339.5,339.3537,339.5,0
2026-07-29 19:23:00,339.42,339.7,339.2501,339.67,0
2026-07-29 19:24:00,339.44,339.77,339.44,339.475,0
2026-07-29 19:25:00,339.5,339.77,339.5,339.7261,0
2026-07-29 19:26:00,339.73,339.77,339.5001,339.68,0
2026-07-29 19:27:00,339.68,339.68,339.6,339.68,0
2026-07-29 19:28:00,339.68,340.2,339.68,339.81,0
2026-07-29 19:29:00,340.05,340.2,340.0,340.2,0
2026-07-29 19:30:00,340.0622,340.2,339.9999,339.9999,0
2026-07-29 19:31:00,339.99,340.16,339.91,340.0,0
2026-07-29 19:32:00,339.9,340.0,339.87,340.0,0
2026-07-29 19:33:00,339.9729,340.0,339.79,339.99,0
2026-07-29 19:34:00,339.79,339.995,339.79,339.8278,0
2026-07-29 19:35:00,339.82,340.0,339.8038,339.8038,0
2026-07-29 19:36:00,340.0,340.18,339.802,339.802,0
2026-07-29 19:37:00,339.86,339.8995,339.85,339.8995,0
2026-07-29 19:38:00,340.07,340.07,339.9,340.0,0
2026-07-29 19:39:00,340.0,340.0,339.85,339.85,0
2026-07-29 19:40:00,339.95,339.98,339.75,339.75,0
2026-07-29 19:41:00,339.57,339.95,339.55,339.85,0
2026-07-29 19:42:00,339.85,339.9,339.59,339.85,0
2026-07-29 19:43:00,339.8772,340.0,339.5777,339.92,0
2026-07-29 19:44:00,339.92,339.9927,339.71,339.9927,0
2026-07-29 19:45:00,340.0,340.2,339.7172,340.2,0
2026-07-29 19:46:00,340.188,340.2,340.07,340.17,0
2026-07-29 19:47:00,340.165,340.2,340.0338,340.16,0
2026-07-29 19:48:00,340.18,340.4925,340.18,340.47,0
2026-07-29 19:49:00,340.2,340.4535,340.0,340.062,0
2026-07-29 19:50:00,340.1,340.4,340.04,340.05,0
2026-07-29 19:51:00,340.1722,340.1722,340.0,340.04,0
2026-07-29 19:52:00,340.005,340.2,339.85,340.1,0
2026-07-29 19:53:00,340.005,340.25,340.005,340.2154,0
2026-07-29 19:54:00,340.169,340.2,339.889,340.05,0
2026-07-29 19:55:00,340.14,340.2,339.9032,340.1,0
2026-07-29 19:56:00,340.09,340.2,340.0062,340.1,0
2026-07-29 19:57:00,340.07,340.2244,340.07,340.18,0
2026-07-29 19:58:00,340.2,340.2086,340.0,340.0188,0
2026-07-29 19:59:00,340.2,340.2,340.0,340.0,0
2026-07-30 04:00:00,338.6,339.0387,337.4195,338.5075,0
2026-07-30 04:01:00,338.62,339.0,337.6,338.72,0
2026-07-30 04:02:00,338.8,338.9677,338.61,338.7037,0
2026-07-30 04:03:00,338.78,339.0,338.6,338.61,0
2026-07-30 04:04:00,338.74,338.8,338.58,338.8,0
2026-07-30 04:05:00,338.8,338.99,337.71,338.95,0
2026-07-30 04:06:00,338.47,338.995,337.6,338.71,0
2026-07-30 04:07:00,338.72,339.16,337.6,339.16,0
2026-07-30 04:08:00,339.5488,339.5488,339.1112,339.2087,0
2026-07-30 04:09:00,339.2277,339.3,339.2277,339.3,0
2026-07-30 04:10:00,339.36,339.5364,339.2372,339.2467,0
2026-07-30 04:11:00,339.29,339.5333,339.238,339.238,0
2026-07-30 04:12:00,339.34,339.4752,339.28,339.28,0
2026-07-30 04:13:00,339.2262,339.28,339.22,339.233,0
2026-07-30 04:14:00,339.25,339.48,339.2265,339.4664,0
2026-07-30 04:15:00,339.3,339.48,339.3,339.4481,0
2026-07-30 04:16:00,339.246,339.4788,339.246,339.2525,0
2026-07-30 04:17:00,339.2525,339.48,339.246,339.3537,0
2026-07-30 04:18:00,339.24,339.357,339.24,339.33,0
2026-07-30 04:19:00,339.243,339.31,339.1552,339.2962,0
2026-07-30 04:20:00,339.267,339.2988,339.1525,339.2988,0
2026-07-30 04:21:00,339.21,339.3,339.1512,339.19,0
2026-07-30 04:22:00,339.19,339.2988,339.15,339.2412,0
2026-07-30 04:23:00,339.29,339.3,339.007,339.2275,0
2026-07-30 04:24:00,339.2388,339.2388,339.03,339.1,0
2026-07-30 04:25:00,339.1,339.218,339.006,339.006,0
2026-07-30 04:26:00,339.006,339.05,339.006,339.03,0
2026-07-30 04:27:00,339.2202,339.2202,339.2202,339.2202,0
2026-07-30 04:28:00,339.22,339.2925,339.0012,339.1462,0
2026-07-30 04:29:00,339.14,339.14,339.0487,339.0487,0
2026-07-30 04:30:00,339.14,339.15,339.0012,339.0012,0
2026-07-30 04:31:00,339.05,339.15,339.05,339.1161,0
2026-07-30 04:32:00,339.0037,339.12,339.0037,339.12,0
2026-07-30 04:33:00,339.05,339.05,338.92,338.92,0
2026-07-30 04:34:00,338.92,338.92,338.92,338.92,0
2026-07-30 04:35:00,338.75,338.8,338.75,338.7512,0
2026-07-30 04:36:00,338.85,338.85,338.81,338.81,0
2026-07-30 04:37:00,338.75,338.95,338.75,338.95,0
2026-07-30 04:38:00,338.89,339.0823,338.8,339.0823,0
2026-07-30 04:39:00,339.0232,339.0232,338.7963,338.7963,0
2026-07-30 04:40:00,338.9188,338.9188,338.7971,338.7971,0
2026-07-30 04:41:00,338.791,338.8,338.7612,338.7612,0
2026-07-30 04:42:00,338.81,338.81,338.81,338.81,0
2026-07-30 04:43:00,338.916,338.916,338.764,338.8,0
2026-07-30 04:44:00,338.82,338.916,338.764,338.7896,0
2026-07-30 04:45:00,338.8,338.92,338.7542,338.7542,0
2026-07-30 04:46:00,338.83,338.83,338.83,338.83,0
2026-07-30 04:47:00,338.7589,338.89,338.7589,338.82,0
2026-07-30 04:48:00,338.82,338.87,338.7589,338.8672,0
2026-07-30 04:49:00,338.82,338.82,338.78,338.78,0
2026-07-30 04:50:00,338.7855,338.87,338.7627,338.7627,0
2026-07-30 04:51:00,338.8737,338.877,338.82,338.87,0
2026-07-30 04:52:00,338.7612,338.79,338.75,338.75,0
2026-07-30 04:53:00,338.76,338.76,338.75,338.75,0
2026-07-30 04:54:00,338.6845,338.7514,338.6845,338.7488,0
2026-07-30 04:55:00,338.69,338.69,338.63,338.67,0
2026-07-30 04:56:00,338.67,338.67,338.67,338.67,0
2026-07-30 04:57:00,338.68,338.68,338.6799,338.6799,0
2026-07-30 04:58:00,338.76,338.8,338.6799,338.8,0
2026-07-30 04:59:00,338.86,338.86,338.67,338.75,0
2026-07-30 05:00:00,338.81,338.88,338.6797,338.8236,0
2026-07-30 05:01:00,338.742,338.8227,338.742,338.795,0
2026-07-30 05:02:00,338.742,338.8788,338.67,338.67,0
2026-07-30 05:03:00,338.7,338.78,338.52,338.52,0
2026-07-30 05:04:00,338.52,338.75,338.52,338.75,0
2026-07-30 05:05:00,338.6898,338.6898,338.532,338.64,0
2026-07-30 05:06:00,338.7442,338.7442,338.5257,338.5257,0
2026-07-30 05:07:00,338.63,338.7497,338.63,338.7497,0
2026-07-30 05:08:00,338.7442,338.7442,338.53,338.64,0
2026-07-30 05:09:00,338.5257,338.69,338.5257,338.69,0
2026-07-30 05:10:00,338.69,338.69,338.68,338.69,0
2026-07-30 05:11:00,338.73,338.7488,338.66,338.68,0
2026-07-30 05:12:00,338.68,338.7488,338.68,338.71,0
2026-07-30 05:13:00,338.68,338.7488,338.5257,338.67,0
2026-07-30 05:14:00,338.67,338.8788,338.5257,338.5388,0
2026-07-30 05:15:00,338.76,338.8515,338.75,338.8,0
2026-07-30 05:16:00,338.65,338.65,338.5285,338.6185,0
2026-07-30 05:17:00,338.72,338.86,338.72,338.86,0
2026-07-30 05:18:00,338.7852,338.86,338.7852,338.86,0
2026-07-30 05:19:00,338.7851,338.871,338.7851,338.86,0
2026-07-30 05:20:00,338.83,338.83,338.83,338.83,0
2026-07-30 05:21:00,338.83,338.83,338.75,338.83,0
2026-07-30 05:22:00,338.7652,338.88,338.76,338.8723,0
2026-07-30 05:23:00,338.88,338.92,338.88,338.9,0
2026-07-30 05:24:00,338.9,339.15,338.77,338.94,0
2026-07-30 05:25:00,338.985,339.0,338.985,339.0,0
2026-07-30 05:26:00,338.89,338.89,338.86,338.89,0
2026-07-30 05:27:00,338.97,338.97,338.87,338.87,0
2026-07-30 05:28:00,338.8714,338.8714,338.8714,338.8714,0
2026-07-30 05:29:00,338.8714,339.1405,338.86,338.9,0
2026-07-30 05:30:00,338.84,339.0077,338.5425,339.0077,0
2026-07-30 05:31:00,339.1177,339.1177,338.54,338.87,0
2026-07-30 05:32:00,338.75,339.0988,338.5212,339.0988,0
2026-07-30 05:33:00,338.91,339.0,338.66,338.825,0
2026-07-30 05:34:00,338.66,338.9785,338.62,338.9785,0
2026-07-30 05:35:00,338.966,338.966,338.5422,338.5422,0
2026-07-30 05:36:00,338.63,338.8,338.63,338.8,0
2026-07-30 05:37:00,338.5312,339.0077,338.5312,339.0077,0
2026-07-30 05:38:00,338.5422,338.8,338.5422,338.8,0
2026-07-30 05:39:00,338.5422,338.5422,338.54,338.5417,0
2026-07-30 05:40:00,338.9005,338.9005,338.5395,338.5493,0
2026-07-30 05:41:00,338.53,338.61,338.53,338.61,0
2026-07-30 05:42:00,338.55,338.7352,338.55,338.64,0
2026-07-30 05:43:00,338.64,338.64,338.6,338.6,0
2026-07-30 05:44:00,338.6,338.6388,338.5522,338.5547,0
2026-07-30 05:45:00,338.5547,338.63,338.5537,338.5537,0
2026-07-30 05:46:00,338.6988,338.7,338.55,338.64,0
2026-07-30 05:47:00,338.64,338.7,338.5537,338.65,0
2026-07-30 05:48:00,338.5537,338.65,338.5512,338.5512,0
2026-07-30 05:49:00,338.6661,338.6661,338.5537,338.6661,0
2026-07-30 05:50:00,338.65,338.7,338.5537,338.69,0
2026-07-30 05:51:00,338.6962,338.6962,338.55,338.55,0
2026-07-30 05:52:00,338.5837,338.5837,338.5837,338.5837,0
2026-07-30 05:53:00,338.6475,338.6475,338.55,338.56,0
2026-07-30 05:54:00,338.552,338.8444,338.552,338.7971,0
2026-07-30 05:55:00,338.6441,338.72,338.6367,338.65,0
2026-07-30 05:56:00,338.55,338.65,338.4912,338.51,0
2026-07-30 05:57:00,338.49,338.88,338.35,338.49,0
2026-07-30 05:58:00,338.49,338.8788,338.35,338.35,0
2026-07-30 05:59:00,338.54,338.54,338.33,338.34,0
2026-07-30 06:00:00,338.3412,338.4765,338.25,338.27,0
2026-07-30 06:01:00,338.22,338.3,337.9,338.3,0
2026-07-30 06:02:00,337.9,338.329,337.9,337.911,0
2026-07-30 06:03:00,337.9,338.0,337.9,337.93,0
2026-07-30 06:04:00,337.93,338.11,337.93,338.1,0
2026-07-30 06:05:00,338.21,338.2997,338.21,338.23,0
2026-07-30 06:06:00,338.0,338.3388,338.0,338.15,0
2026-07-30 06:07:00,338.15,338.162,338.15,338.162,0
2026-07-30 06:08:00,338.16,338.4188,338.14,338.4188,0
2026-07-30 06:09:00,338.2643,338.3,338.16,338.3,0
2026-07-30 06:10:00,338.29,338.2994,338.21,338.24,0
2026-07-30 06:11:00,338.22,338.25,338.22,338.25,0
2026-07-30 06:12:00,338.1,338.1,338.1,338.1,0
2026-07-30 06:13:00,338.0037,338.12,338.0,338.12,0
2026-07-30 06:14:00,338.1,338.1188,337.9982,337.9982,0
2026-07-30 06:15:00,337.9982,338.04,337.9446,337.9964,0
2026-07-30 06:16:00,337.98,338.08,337.848,337.848,0
2026-07-30 06:17:00,337.79,337.79,337.6,337.61,0
2026-07-30 06:18:00,337.63,337.68,337.5,337.5,0
2026-07-30 06:19:00,337.53,337.61,337.26,337.3463,0
2026-07-30 06:20:00,337.337,337.6088,337.21,337.41,0
2026-07-30 06:21:00,337.21,337.4,337.21,337.35,0
2026-07-30 06:22:00,337.3,337.35,337.21,337.23,0
2026-07-30 06:23:00,337.21,337.395,337.2,337.2975,0
2026-07-30 06:24:00,337.2,337.3988,337.11,337.11,0
2026-07-30 06:25:00,337.11,337.3988,336.89,336.89,0
2026-07-30 06:26:00,337.1,337.393,337.1,337.28,0
2026-07-30 06:27:00,337.01,337.3892,336.9987,337.0,0
2026-07-30 06:28:00,337.0,337.573,336.75,336.75,0
2026-07-30 06:29:00,336.75,336.99,336.5824,336.9888,0
2026-07-30 06:30:00,336.82,336.834,336.47,336.47,0
2026-07-30 06:31:00,336.5775,336.9,336.43,336.5027,0
2026-07-30 06:32:00,336.6088,336.62,335.8302,335.94,0
2026-07-30 06:33:00,335.94,336.1462,335.4015,335.68,0
2026-07-30 06:34:00,335.68,336.3788,335.68,336.36,0
2026-07-30 06:35:00,336.2012,337.11,336.2012,337.11,0
2026-07-30 06:36:00,337.2559,337.2559,336.75,336.9,0
2026-07-30 06:37:00,336.83,337.3202,336.83,336.93,0
2026-07-30 06:38:00,336.9,337.14,336.5954,336.64,0
2026-07-30 06:39:00,336.65,337.59,336.65,337.59,0
2026-07-30 06:40:00,336.83,336.83,336.7,336.7,0
2026-07-30 06:41:00,336.74,336.9877,336.59,336.85,0
2026-07-30 06:42:00,336.8,336.85,336.6112,336.8455,0
2026-07-30 06:43:00,336.575,336.9511,336.575,336.7892,0
2026-07-30 06:44:00,336.9,337.26,336.9,336.9962,0
2026-07-30 06:45:00,336.9962,337.6088,336.98,337.26,0
2026-07-30 06:46:00,337.26,337.26,337.06,337.26,0
2026-07-30 06:47:00,337.05,337.26,337.01,337.01,0
2026-07-30 06:48:00,336.99,337.5782,336.7517,336.7517,0
2026-07-30 06:49:00,336.9701,336.9701,336.59,336.59,0
2026-07-30 06:50:00,336.34,336.5988,336.24,336.44,0
2026-07-30 06:51:00,336.44,336.84,336.3825,336.53,0
2026-07-30 06:52:00,336.65,336.8645,336.65,336.8645,0
2026-07-30 06:53:00,336.6165,337.0,336.5703,337.0,0
2026-07-30 06:54:00,336.93,336.93,336.55,336.55,0
2026-07-30 06:55:00,336.5,336.9905,336.5,336.75,0
2026-07-30 06:56:00,336.75,336.7562,336.5,336.57,0
2026-07-30 06:57:00,336.78,336.78,336.57,336.57,0
2026-07-30 06:58:00,336.62,336.99,336.61,336.78,0
2026-07-30 06:59:00,336.8632,336.99,336.77,336.77,0
2026-07-30 07:00:00,336.88,338.19,336.56,336.56,0
2026-07-30 07:01:00,336.77,336.9,336.21,336.55,0
2026-07-30 07:02:00,336.36,336.9888,336.02,336.06,0
2026-07-30 07:03:00,336.15,336.35,336.01,336.27,0
2026-07-30 07:04:00,336.05,336.272,335.75,335.9,0
2026-07-30 07:05:00,335.9,336.351,335.75,336.3,0
2026-07-30 07:06:00,336.3,337.0,336.1,336.5,0
2026-07-30 07:07:00,336.99,336.99,336.19,336.41,0
2026-07-30 07:08:00,336.3,336.6,336.3,336.46,0
2026-07-30 07:09:00,336.4983,336.6,336.3337,336.53,0
2026-07-30 07:10:00,336.5,336.77,336.31,336.6,0
2026-07-30 07:11:00,336.6,337.0,336.59,336.938,0
2026-07-30 07:12:00,336.938,337.0,336.73,336.9,0
2026-07-30 07:13:00,336.73,336.8803,336.51,336.51,0
2026-07-30 07:14:00,336.5,336.79,336.49,336.5952,0
2026-07-30 07:15:00,336.54,336.6,336.3,336.41,0
2026-07-30 07:16:00,336.43,336.7634,336.4,336.5,0
2026-07-30 07:17:00,336.7911,336.7911,336.4,336.4682,0
2026-07-30 07:18:00,336.4523,336.9752,336.4,336.42,0
2026-07-30 07:19:00,336.5,336.58,336.35,336.35,0
2026-07-30 07:20:00,336.4,336.47,336.2104,336.398,0
2026-07-30 07:21:00,336.35,336.5651,336.32,336.5,0
2026-07-30 07:22:00,336.5,336.5775,336.42,336.5,0
2026-07-30 07:23:00,336.4892,336.61,336.44,336.5,0
2026-07-30 07:24:00,336.5656,336.5806,336.4212,336.49,0
2026-07-30 07:25:00,336.49,336.61,336.42,336.4299,0
2026-07-30 07:26:00,336.54,336.54,336.42,336.48,0
2026-07-30 07:27:00,336.48,336.77,336.48,336.7,0
2026-07-30 07:28:00,336.7,336.8632,336.41,336.4185,0
2026-07-30 07:29:00,336.4047,336.4047,336.0,336.0,0
2026-07-30 07:30:00,336.01,336.51,336.0,336.01,0
2026-07-30 07:31:00,336.3396,336.4,336.0197,336.205,0
2026-07-30 07:32:00,336.21,336.478,336.18,336.38,0
2026-07-30 07:33:00,336.39,336.493,336.25,336.25,0
2026-07-30 07:34:00,336.27,336.4965,336.2346,336.4682,0
2026-07-30 07:35:00,336.5,336.8488,336.48,336.5,0
2026-07-30 07:36:00,336.6,336.7,336.5,336.62,0
2026-07-30 07:37:00,336.54,336.7,336.5,336.57,0
2026-07-30 07:38:00,336.5212,336.7,336.38,336.38,0
2026-07-30 07:39:00,336.5188,336.52,336.22,336.4,0
2026-07-30 07:40:00,336.25,336.52,336.13,336.18,0
2026-07-30 07:41:00,336.2,336.52,336.01,336.397,0
2026-07-30 07:42:00,336.41,336.41,336.26,336.3,0
2026-07-30 07:43:00,336.22,336.3,336.01,336.01,0
2026-07-30 07:44:00,336.09,336.2999,336.0,336.0465,0
2026-07-30 07:45:00,336.08,336.2925,336.0,336.14,0
2026-07-30 07:46:00,336.14,336.28,336.06,336.2,0
2026-07-30 07:47:00,336.2,336.3,336.04,336.3,0
2026-07-30 07:48:00,336.0,336.3,336.0,336.25,0
2026-07-30 07:49:00,336.2994,336.2994,336.0,336.1,0
2026-07-30 07:50:00,336.0,336.2,336.0,336.1998,0
2026-07-30 07:51:00,336.0732,336.19,336.01,336.05,0
2026-07-30 07:52:00,336.1855,336.19,336.01,336.01,0
2026-07-30 07:53:00,336.04,336.18,336.01,336.09,0
2026-07-30 07:54:00,336.0974,336.13,336.0,336.0,0
2026-07-30 07:55:00,336.0225,336.06,336.0,336.0001,0
2026-07-30 07:56:00,336.0,336.42,336.0,336.2,0
2026-07-30 07:57:00,336.3284,336.4999,336.0,336.32,0
2026-07-30 07:58:00,336.42,336.4999,336.05,336.24,0
2026-07-30 07:59:00,336.2,336.38,336.0,336.3,0
2026-07-30 08:00:00,336.2097,336.2097,336.0279,336.1015,0
2026-07-30 08:01:00,336.15,336.22,336.1052,336.22,0
2026-07-30 08:02:00,336.26,336.34,335.91,336.17,0
2026-07-30 08:03:00,336.2535,336.35,336.0,336.35,0
2026-07-30 08:04:00,336.33,336.85,336.27,336.85,0
2026-07-30 08:05:00,336.7,337.0,336.65,336.72,0
2026-07-30 08:06:00,336.65,336.8973,336.57,336.78,0
2026-07-30 08:07:00,336.73,336.7707,336.3,336.48,0
2026-07-30 08:08:00,336.49,336.95,336.3,336.5,0
2026-07-30 08:09:00,336.54,336.95,336.5,336.56,0
2026-07-30 08:10:00,336.56,336.8217,336.5,336.52,0
2026-07-30 08:11:00,336.52,336.57,336.3,336.4072,0
2026-07-30 08:12:00,336.31,336.3922,336.25,336.25,0
2026-07-30 08:13:00,336.2604,336.453,336.2604,336.45,0
2026-07-30 08:14:00,336.31,336.53,336.01,336.08,0
2026-07-30 08:15:00,336.1901,336.2,336.0,336.1896,0
2026-07-30 08:16:00,336.01,336.19,336.01,336.147,0
2026-07-30 08:17:00,336.2,336.2788,336.005,336.195,0
2026-07-30 08:18:00,336.19,336.2,336.0,336.0018,0
2026-07-30 08:19:00,336.0227,336.5,336.0,336.1415,0
2026-07-30 08:20:00,336.4,336.4,336.0,336.07,0
2026-07-30 08:21:00,336.05,336.28,336.007,336.14,0
2026-07-30 08:22:00,336.11,336.2,336.0012,336.14,0
2026-07-30 08:23:00,336.05,336.22,336.0,336.22,0
2026-07-30 08:24:00,336.24,336.2977,336.21,336.2977,0
2026-07-30 08:25:00,336.26,336.43,336.26,336.3657,0
2026-07-30 08:26:00,336.27,336.36,336.01,336.2524,0
2026-07-30 08:27:00,336.2684,336.2684,335.75,335.79,0
2026-07-30 08:28:00,335.77,335.88,335.69,335.76,0
2026-07-30 08:29:00,335.82,335.86,335.67,335.67,0
2026-07-30 08:30:00,335.75,336.35,335.67,336.0183,0
2026-07-30 08:31:00,336.2,336.34,336.01,336.23,0
2026-07-30 08:32:00,336.0,336.0854,335.67,335.748,0
2026-07-30 08:33:00,335.9828,336.0,335.18,335.18,0
2026-07-30 08:34:00,335.2,335.37,335.14,335.14,0
2026-07-30 08:35:00,335.37,335.37,335.14,335.16,0
2026-07-30 08:36:00,335.14,335.33,335.12,335.21,0
2026-07-30 08:37:00,335.302,335.33,334.812,334.812,0
2026-07-30 08:38:00,334.99,335.2,334.8,335.1242,0
2026-07-30 08:39:00,335.09,335.09,334.87,334.9001,0
2026-07-30 08:40:00,334.9,335.25,334.9,335.09,0
2026-07-30 08:41:00,335.12,335.2,334.8,334.965,0
2026-07-30 08:42:00,334.85,335.18,334.75,335.18,0
2026-07-30 08:43:00,334.91,335.3,334.8,335.18,0
2026-07-30 08:44:00,335.09,335.3,335.06,335.21,0
2026-07-30 08:45:00,335.27,335.2853,335.2,335.24,0
2026-07-30 08:46:00,335.25,335.25,334.7503,334.86,0
2026-07-30 08:47:00,335.0852,335.2,334.9003,335.2,0
2026-07-30 08:48:00,335.05,335.48,335.05,335.4688,0
2026-07-30 08:49:00,335.35,335.47,335.05,335.29,0
2026-07-30 08:50:00,335.27,335.41,335.17,335.17,0
2026-07-30 08:51:00,335.29,335.48,334.9,335.334,0
2026-07-30 08:52:00,335.1,335.4128,334.94,335.12,0
2026-07-30 08:53:00,335.01,335.12,334.85,335.0,0
2026-07-30 08:54:00,334.8858,335.22,334.8,335.21,0
2026-07-30 08:55:00,335.07,335.21,335.0,335.1222,0
2026-07-30 08:56:00,335.03,335.1494,335.03,335.04,0
2026-07-30 08:57:00,335.0807,335.0896,334.85,335.02,0
2026-07-30 08:58:00,335.01,335.229,334.9007,334.95,0
2026-07-30 08:59:00,335.15,335.15,334.9,335.13,0
2026-07-30 09:00:00,335.11,335.3299,335.0207,335.26,0
2026-07-30 09:01:00,335.27,335.41,335.2,335.41,0
2026-07-30 09:02:00,335.2,335.4,335.06,335.21,0
2026-07-30 09:03:00,335.2,335.3,334.95,335.1,0
2026-07-30 09:04:00,335.1,335.19,334.91,334.9982,0
2026-07-30 09:05:00,334.9025,335.08,334.8,335.0,0
2026-07-30 09:06:00,335.0,335.407,334.81,334.93,0
2026-07-30 09:07:00,334.9948,335.45,334.9,335.06,0
2026-07-30 09:08:00,335.05,335.27,335.05,335.24,0
2026-07-30 09:09:00,335.24,335.7,335.1815,335.5,0
2026-07-30 09:10:00,335.51,335.79,335.4,335.79,0
2026-07-30 09:11:00,335.61,335.99,335.6,335.85,0
2026-07-30 09:12:00,335.79,335.95,335.62,335.66,0
2026-07-30 09:13:00,335.84,335.99,335.65,335.9121,0
2026-07-30 09:14:00,335.8,335.9,335.62,335.62,0
2026-07-30 09:15:00,335.85,336.09,335.67,335.9505,0
2026-07-30 09:16:00,335.99,336.25,335.7172,336.0,0
2026-07-30 09:17:00,336.0387,336.4932,336.01,336.1002,0
2026-07-30 09:18:00,336.32,336.4988,336.01,336.25,0
2026-07-30 09:19:00,336.26,336.35,336.1,336.19,0
2026-07-30 09:20:00,336.32,336.6,336.1915,336.42,0
2026-07-30 09:21:00,336.3903,336.59,336.3111,336.3724,0
2026-07-30 09:22:00,336.4,336.5,336.21,336.2449,0
2026-07-30 09:23:00,336.25,336.49,336.2,336.265,0
2026-07-30 09:24:00,336.35,336.43,336.21,336.4,0
2026-07-30 09:25:00,336.4,336.42,336.0,336.22,0
2026-07-30 09:26:00,336.22,336.39,335.7987,335.7987,0
2026-07-30 09:27:00,335.76,335.7999,333.77,333.97,0
2026-07-30 09:28:00,333.02,333.98,332.5,333.76,0
2026-07-30 09:29:00,333.98,334.1375,333.05,333.06,0
2026-07-30 09:30:00,334.11,334.12,333.58,333.73,2574098
2026-07-30 09:31:00,333.67,334.38,332.87,334.2,378510
2026-07-30 09:32:00,334.17,334.48,333.36,333.955,344835
2026-07-30 09:33:00,333.96,334.31,332.825,333.04,309612
2026-07-30 09:34:00,333.03,333.54,332.4,332.74,225362
2026-07-30 09:35:00,332.69,332.91,332.01,332.47,266524
2026-07-30 09:36:00,332.52,332.97,332.055,332.47,314134
2026-07-30 09:37:00,332.44,332.86,332.23,332.665,199841
2026-07-30 09:38:00,332.7,332.7746,331.76,331.82,288977
2026-07-30 09:39:00,331.81,331.89,331.21,331.295,240614
2026-07-30 09:40:00,331.31,331.73,330.7102,331.6668,223877
2026-07-30 09:41:00,331.69,331.88,331.3,331.72,201772
2026-07-30 09:42:00,331.74,332.62,331.485,332.54,273460
2026-07-30 09:43:00,332.52,332.74,331.95,332.095,278172
2026-07-30 09:44:00,332.08,332.35,332.06,332.19,150303
2026-07-30 09:45:00,332.175,332.48,331.84,331.9,238537
2026-07-30 09:46:00,331.92,331.9625,331.53,331.54,309501
2026-07-30 09:47:00,331.54,331.9,331.41,331.43,237264
2026-07-30 09:48:00,331.43,331.79,331.25,331.67,211238
2026-07-30 09:49:00,331.695,331.87,331.51,331.555,170667
2026-07-30 09:50:00,331.55,332.43,331.34,332.3101,276699
2026-07-30 09:51:00,332.375,332.85,332.23,332.54,219652
2026-07-30 09:52:00,332.56,333.16,332.49,333.07,191400
2026-07-30 09:53:00,333.08,333.18,332.24,332.25,172127
2026-07-30 09:54:00,332.27,332.605,332.06,332.3107,127525
2026-07-30 09:55:00,332.27,332.35,331.94,332.0005,141903
2026-07-30 09:56:00,332.025,332.15,331.63,332.01,165164
2026-07-30 09:57:00,331.95,332.0,331.435,331.77,174237
2026-07-30 09:58:00,331.77,332.1,331.7004,332.06,138534
2026-07-30 09:59:00,332.06,332.24,331.96,332.15,156825
2026-07-30 10:00:00,332.08,332.124,331.42,331.63,200839
2026-07-30 10:01:00,331.67,331.93,331.44,331.46,149345
2026-07-30 10:02:00,331.442,331.49,331.01,331.2,207461
2026-07-30 10:03:00,331.24,331.265,330.57,330.82,233582
2026-07-30 10:04:00,330.805,331.08,330.6701,330.75,158445
2026-07-30 10:05:00,330.73,331.03,330.35,330.94,202588
2026-07-30 10:06:00,330.94,331.75,330.94,331.435,165641
2026-07-30 10:07:00,331.435,331.75,331.4001,331.57,133770
2026-07-30 10:08:00,331.6,332.26,331.55,332.1801,168005
2026-07-30 10:09:00,332.21,332.87,332.19,332.8,317184
2026-07-30 10:10:00,332.805,332.82,332.23,332.45,206067
2026-07-30 10:11:00,332.44,332.55,331.92,332.25,182741
2026-07-30 10:12:00,332.22,332.33,331.73,331.735,98374
2026-07-30 10:13:00,331.73,331.8,331.43,331.68,107313
2026-07-30 10:14:00,331.68,331.84,331.16,331.4,125567
2026-07-30 10:15:00,331.405,331.72,331.405,331.72,112063
2026-07-30 10:16:00,331.72,331.98,331.64,331.785,159666
2026-07-30 10:17:00,331.78,331.9599,331.32,331.36,88977
2026-07-30 10:18:00,331.36,331.54,331.11,331.475,119605
2026-07-30 10:19:00,331.5,331.6,331.36,331.44,96611
2026-07-30 10:20:00,331.46,332.17,331.33,331.985,225473
2026-07-30 10:21:00,331.96,332.0895,331.695,331.72,114236
2026-07-30 10:22:00,331.78,332.08,331.75,331.95,89898
2026-07-30 10:23:00,331.93,332.01,331.605,331.66,88196
2026-07-30 10:24:00,331.67,331.83,331.44,331.59,106263
2026-07-30 10:25:00,331.6,331.705,331.33,331.61,116871
2026-07-30 10:26:00,331.63,331.7599,331.41,331.6701,91071
2026-07-30 10:27:00,331.66,332.29,331.64,332.09,110095
2026-07-30 10:28:00,332.09,332.1499,331.72,331.74,102819
2026-07-30 10:29:00,331.77,331.91,331.25,331.31,98864
2026-07-30 10:30:00,331.3,331.3,330.79,330.8,166175
2026-07-30 10:31:00,330.7824,331.0001,330.7,330.746,116298
2026-07-30 10:32:00,330.78,330.86,330.58,330.71,128119
2026-07-30 10:33:00,330.71,330.73,330.24,330.35,147059
2026-07-30 10:34:00,330.34,330.42,329.76,329.86,245634
2026-07-30 10:35:00,329.855,330.28,329.59,330.03,243107
2026-07-30 10:36:00,330.035,330.58,329.995,330.29,151494
2026-07-30 10:37:00,330.305,330.75,330.27,330.64,105840
2026-07-30 10:38:00,330.65,331.1834,330.61,331.08,189933
2026-07-30 10:39:00,331.08,331.5,330.905,331.14,189875
2026-07-30 10:40:00,331.14,331.93,331.12,331.84,209292
2026-07-30 10:41:00,331.88,332.1162,331.53,331.895,126699
2026-07-30 10:42:00,331.89,331.9527,331.69,331.8,128929
2026-07-30 10:43:00,331.78,331.88,331.66,331.79,130961
2026-07-30 10:44:00,331.76,332.24,331.685,332.08,172560
2026-07-30 10:45:00,332.07,332.349,331.8206,332.2901,106006
2026-07-30 10:46:00,332.29,332.29,331.9,332.09,106270
2026-07-30 10:47:00,332.09,332.34,332.005,332.13,94592
2026-07-30 10:48:00,332.095,332.1097,331.74,331.98,117643
2026-07-30 10:49:00,332.0,332.4,331.96,332.23,104279
2026-07-30 10:50:00,332.2438,332.25,331.77,331.985,105989
2026-07-30 10:51:00,332.02,332.45,331.9,332.425,105504
2026-07-30 10:52:00,332.4155,332.64,332.0475,332.2,182485
2026-07-30 10:53:00,332.1999,332.29,331.78,331.91,116401
2026-07-30 10:54:00,331.83,332.0724,331.82,331.97,63509
2026-07-30 10:55:00,331.99,332.03,331.7,331.8,62038
2026-07-30 10:56:00,331.81,331.9499,331.65,331.78,55109
2026-07-30 10:57:00,331.8,332.06,331.65,331.66,77661
2026-07-30 10:58:00,331.68,331.74,331.495,331.595,83962
2026-07-30 10:59:00,331.63,332.33,331.6,332.33,94289
2026-07-30 11:00:00,332.34,332.34,332.0,332.16,102714
2026-07-30 11:01:00,332.14,332.16,331.685,331.835,90503
2026-07-30 11:02:00,331.81,331.81,331.35,331.68,157038
2026-07-30 11:03:00,331.7,331.97,331.4145,331.8,105993
2026-07-30 11:04:00,331.77,332.055,331.63,331.84,141038
2026-07-30 11:05:00,331.865,331.94,331.6601,331.7401,82082
2026-07-30 11:06:00,331.76,331.96,331.575,331.75,139979
2026-07-30 11:07:00,331.735,332.28,331.68,332.195,148916
2026-07-30 11:08:00,332.18,332.3599,332.02,332.32,135242
2026-07-30 11:09:00,332.3205,333.0,332.28,332.78,141395
2026-07-30 11:10:00,332.8,333.0323,332.55,332.55,88078
2026-07-30 11:11:00,332.53,332.6898,332.335,332.385,78599
2026-07-30 11:12:00,332.4199,332.4199,331.86,332.0,88792
2026-07-30 11:13:00,331.99,331.99,331.71,331.79,60428
2026-07-30 11:14:00,331.78,331.785,331.45,331.47,85132
2026-07-30 11:15:00,331.49,331.94,331.3,331.92,74324
2026-07-30 11:16:00,331.89,331.9344,331.65,331.765,69947
2026-07-30 11:17:00,331.77,332.07,331.54,331.71,79855
2026-07-30 11:18:00,331.68,331.87,331.66,331.79,53355
2026-07-30 11:19:00,331.78,331.955,331.52,331.635,86337
2026-07-30 11:20:00,331.63,331.65,331.14,331.42,109726
2026-07-30 11:21:00,331.415,331.74,331.225,331.49,104177
2026-07-30 11:22:00,331.49,331.54,331.15,331.27,100307
2026-07-30 11:23:00,331.28,331.42,331.1001,331.34,74199
2026-07-30 11:24:00,331.3,331.4,331.165,331.2,78299
2026-07-30 11:25:00,331.2,331.6,331.14,331.4,70447
2026-07-30 11:26:00,331.41,331.48,331.1571,331.2018,69967
2026-07-30 11:27:00,331.16,331.42,331.11,331.15,57867
2026-07-30 11:28:00,331.155,331.3,331.02,331.25,57329
2026-07-30 11:29:00,331.25,331.49,331.17,331.22,108480
2026-07-30 11:30:00,331.235,331.33,331.15,331.31,58343
2026-07-30 11:31:00,331.32,331.64,331.32,331.58,66808
2026-07-30 11:32:00,331.5605,331.865,331.54,331.78,53047
2026-07-30 11:33:00,331.77,331.785,331.47,331.6,61058
2026-07-30 11:34:00,331.61,332.07,331.6,332.03,79843
2026-07-30 11:35:00,332.05,332.1094,331.84,331.96,72720
2026-07-30 11:36:00,331.965,332.005,331.772,331.93,1360554
2026-07-30 11:37:00,331.92,331.93,331.6105,331.65,76054
2026-07-30 11:38:00,331.67,331.75,331.57,331.71,51591
2026-07-30 11:39:00,331.7,331.83,331.65,331.72,69819
2026-07-30 11:40:00,331.72,331.8,331.6,331.78,48204
2026-07-30 11:41:00,331.785,331.99,331.73,331.865,50577
2026-07-30 11:42:00,331.86,331.99,331.8,331.9401,62370
2026-07-30 11:43:00,331.96,332.24,331.91,332.1,108017
2026-07-30 11:44:00,332.11,332.34,332.0206,332.14,99418
2026-07-30 11:45:00,332.15,332.31,332.06,332.2,91977
2026-07-30 11:46:00,332.18,332.29,332.05,332.2601,53765
2026-07-30 11:47:00,332.265,332.275,332.13,332.185,58362
2026-07-30 11:48:00,332.185,332.42,332.05,332.05,69160
2026-07-30 11:49:00,332.05,332.11,331.7899,331.835,61032
2026-07-30 11:50:00,331.85,332.04,331.74,331.825,71427
2026-07-30 11:51:00,331.82,331.82,331.51,331.57,97705
2026-07-30 11:52:00,331.565,331.645,331.34,331.58,59754
2026-07-30 11:53:00,331.595,331.78,331.55,331.66,79103
2026-07-30 11:54:00,331.68,331.76,331.605,331.705,58414
2026-07-30 11:55:00,331.72,332.02,331.61,331.965,72482
2026-07-30 11:56:00,331.98,332.12,331.95,331.95,93433
2026-07-30 11:57:00,331.945,332.11,331.8369,332.04,97499
2026-07-30 11:58:00,332.0301,332.065,331.9,331.96,61462
2026-07-30 11:59:00,331.96,332.0,331.73,331.76,60697
2026-07-30 12:00:00,331.75,331.75,331.56,331.6,83410
2026-07-30 12:01:00,331.6,331.69,331.41,331.55,95617
2026-07-30 12:02:00,331.56,331.7,331.36,331.45,74654
2026-07-30 12:03:00,331.465,331.5,331.02,331.05,106200
2026-07-30 12:04:00,331.02,331.2,330.89,331.05,159953
2026-07-30 12:05:00,331.07,331.08,330.85,330.96,116303
2026-07-30 12:06:00,330.975,331.285,330.9,331.06,95531
2026-07-30 12:07:00,331.05,331.08,330.63,330.91,109812
2026-07-30 12:08:00,330.89,330.975,330.6358,330.765,90926
2026-07-30 12:09:00,330.76,331.0,330.76,330.98,92111
2026-07-30 12:10:00,330.96,331.17,330.84,331.12,65422
2026-07-30 12:11:00,331.12,331.435,331.035,331.2,88066
2026-07-30 12:12:00,331.19,331.21,330.97,331.075,79776
2026-07-30 12:13:00,331.08,331.21,331.0,331.11,64652
2026-07-30 12:14:00,331.11,331.21,331.06,331.21,52973
2026-07-30 12:15:00,331.205,331.35,331.095,331.33,67867
2026-07-30 12:16:00,331.33,331.65,331.29,331.64,88798
2026-07-30 12:17:00,331.63,331.9193,331.49,331.73,69194
2026-07-30 12:18:00,331.71,332.274,331.7,332.26,128200
2026-07-30 12:19:00,332.238,332.6,332.0,332.04,180686
2026-07-30 12:20:00,332.06,332.435,331.985,332.315,98838
2026-07-30 12:21:00,332.315,332.36,332.04,332.245,121145
2026-07-30 12:22:00,332.245,332.28,332.12,332.2,52626
2026-07-30 12:23:00,332.19,332.21,331.85,331.87,89297
2026-07-30 12:24:00,331.8582,331.9699,331.7306,331.94,49642
2026-07-30 12:25:00,331.935,332.01,331.845,331.96,90851
2026-07-30 12:26:00,331.97,332.0,331.76,331.9887,62165
2026-07-30 12:27:00,331.95,332.106,331.83,332.075,45777
2026-07-30 12:28:00,332.08,332.35,331.985,332.03,66471
2026-07-30 12:29:00,332.03,332.18,331.97,332.09,70323
2026-07-30 12:30:00,332.09,332.14,331.925,331.98,70101
2026-07-30 12:31:00,331.98,331.98,331.7,331.745,47997
2026-07-30 12:32:00,331.73,331.79,331.405,331.475,63070
2026-07-30 12:33:00,331.465,331.64,331.46,331.63,43692
2026-07-30 12:34:00,331.62,331.92,331.56,331.83,65413
2026-07-30 12:35:00,331.82,332.06,331.76,332.06,60813
2026-07-30 12:36:00,332.05,332.0899,331.81,331.83,66334
2026-07-30 12:37:00,331.82,332.17,331.8,331.988,83944
2026-07-30 12:38:00,331.98,332.0676,331.875,331.96,53009
2026-07-30 12:39:00,331.95,332.02,331.8,332.015,101237
2026-07-30 12:40:00,332.0299,332.13,331.59,331.75,85251
2026-07-30 12:41:00,331.74,332.065,331.735,331.885,81414
2026-07-30 12:42:00,331.895,332.1,331.79,332.09,152874
2026-07-30 12:43:00,332.07,332.13,331.98,331.99,80788
2026-07-30 12:44:00,331.97,332.2491,331.97,332.125,82086
2026-07-30 12:45:00,332.125,332.14,331.82,332.02,84296
2026-07-30 12:46:00,332.03,332.13,331.935,331.965,54975
2026-07-30 12:47:00,331.95,332.37,331.95,332.18,92648
2026-07-30 12:48:00,332.21,332.22,332.025,332.06,50767
2026-07-30 12:49:00,332.06,332.15,331.96,332.12,68375
2026-07-30 12:50:00,332.14,332.165,331.99,332.09,56211
2026-07-30 12:51:00,332.11,332.23,332.1,332.185,56608
2026-07-30 12:52:00,332.19,332.26,331.99,332.24,306350
2026-07-30 12:53:00,332.23,332.2613,332.13,332.14,55041
2026-07-30 12:54:00,332.13,332.25,332.08,332.13,57709
2026-07-30 12:55:00,332.14,332.17,331.63,331.73,84131
2026-07-30 12:56:00,331.8,331.9,331.71,331.745,42296
2026-07-30 12:57:00,331.745,331.77,331.61,331.67,46155
2026-07-30 12:58:00,331.66,331.77,331.64,331.76,52246
2026-07-30 12:59:00,331.755,331.7801,331.58,331.62,47259
2026-07-30 13:00:00,331.62,332.15,331.62,332.1001,61270
2026-07-30 13:01:00,332.1,332.1391,331.93,332.105,56929
2026-07-30 13:02:00,332.0901,332.14,332.0,332.065,49224
2026-07-30 13:03:00,332.09,332.25,332.05,332.09,52881
2026-07-30 13:04:00,332.09,332.19,332.025,332.16,44967
2026-07-30 13:05:00,332.17,332.21,332.065,332.17,37634
2026-07-30 13:06:00,332.17,332.22,332.09,332.19,45167
2026-07-30 13:07:00,332.16,332.2399,332.1,332.2399,38964
2026-07-30 13:08:00,332.2,332.27,332.09,332.12,40643
2026-07-30 13:09:00,332.09,332.2623,332.05,332.25,50359
2026-07-30 13:10:00,332.26,332.44,332.256,332.42,85939
2026-07-30 13:11:00,332.41,332.5709,332.33,332.54,55797
2026-07-30 13:12:00,332.5699,332.6,332.2901,332.32,89666
2026-07-30 13:13:00,332.31,332.55,332.2868,332.4332,46329
2026-07-30 13:14:00,332.45,332.85,332.4301,332.71,99921
2026-07-30 13:15:00,332.72,332.7696,332.29,332.29,123178
2026-07-30 13:16:00,332.31,332.5,332.25,332.47,67174
2026-07-30 13:17:00,332.47,332.589,332.39,332.585,53057
2026-07-30 13:18:00,332.58,332.77,332.3,332.3599,65624
2026-07-30 13:19:00,332.31,332.67,332.3,332.56,60953
2026-07-30 13:20:00,332.55,332.57,332.16,332.335,53826
2026-07-30 13:21:00,332.3488,332.37,332.16,332.335,57526
2026-07-30 13:22:00,332.3351,332.3351,332.14,332.14,40146
2026-07-30 13:23:00,332.15,332.405,332.15,332.24,54353
2026-07-30 13:24:00,332.235,332.46,332.13,332.29,98887
2026-07-30 13:25:00,332.29,332.336,332.24,332.29,77903
2026-07-30 13:26:00,332.28,332.31,332.14,332.14,33655
2026-07-30 13:27:00,332.16,332.26,332.1307,332.195,40509
2026-07-30 13:28:00,332.195,332.22,331.99,332.01,49606
2026-07-30 13:29:00,332.01,332.13,331.99,332.09,43621
2026-07-30 13:30:00,332.08,332.33,332.055,332.2687,34045
2026-07-30 13:31:00,332.26,332.4,332.245,332.31,37439
2026-07-30 13:32:00,332.3,332.3,331.82,331.85,90814
2026-07-30 13:33:00,331.87,332.01,331.8232,331.94,55199
2026-07-30 13:34:00,331.92,331.93,331.7201,331.91,39613
2026-07-30 13:35:00,331.95,332.05,331.91,332.0061,83146
2026-07-30 13:36:00,332.005,332.2603,332.0,332.2603,46956
2026-07-30 13:37:00,332.28,332.3899,332.12,332.15,55253
2026-07-30 13:38:00,332.17,332.355,331.97,332.275,50649
2026-07-30 13:39:00,332.25,332.2723,332.07,332.1501,35917
2026-07-30 13:40:00,332.2,332.345,332.0004,332.05,55237
2026-07-30 13:41:00,332.09,332.27,331.98,332.25,37824
2026-07-30 13:42:00,332.26,332.52,332.23,332.49,51309
2026-07-30 13:43:00,332.5,332.6899,332.48,332.65,34432
2026-07-30 13:44:00,332.64,332.78,332.6103,332.65,13985
2026-07-30 13:45:00,332.64,332.72,332.48,332.67,49886
2026-07-30 13:46:00,332.68,332.71,332.5,332.62,47544
2026-07-30 13:47:00,332.63,332.72,332.46,332.47,39406
2026-07-30 13:48:00,332.485,332.685,332.48,332.67,40749
2026-07-30 13:49:00,332.68,332.74,332.63,332.69,34267
2026-07-30 13:50:00,332.69,332.83,332.6493,332.825,53326
2026-07-30 13:51:00,332.82,333.086,332.8,333.0501,68769
2026-07-30 13:52:00,333.065,333.166,332.97,333.114,51123
2026-07-30 13:53:00,333.0958,333.135,333.0,333.1109,54617
2026-07-30 13:54:00,333.09,333.14,332.93,332.93,51540
2026-07-30 13:55:00,332.95,333.09,332.87,333.03,51938
2026-07-30 13:56:00,333.045,333.25,332.93,333.17,74476
2026-07-30 13:57:00,333.18,333.27,333.07,333.23,64634
2026-07-30 13:58:00,333.2499,333.2499,333.09,333.18,65897
2026-07-30 13:59:00,333.18,333.31,333.1708,333.295,40368
2026-07-30 14:00:00,333.31,333.87,333.29,333.87,103223
2026-07-30 14:01:00,333.865,333.98,333.78,333.8125,79155
2026-07-30 14:02:00,333.8299,333.83,333.521,333.59,61766
2026-07-30 14:03:00,333.59,333.61,333.2,333.24,85464
2026-07-30 14:04:00,333.25,333.35,333.015,333.025,64600
2026-07-30 14:05:00,333.0499,333.23,333.0116,333.225,42713
2026-07-30 14:06:00,333.235,333.4999,333.23,333.495,99711
2026-07-30 14:07:00,333.495,333.51,333.2501,333.285,46918
2026-07-30 14:08:00,333.275,333.33,333.17,333.27,39291
2026-07-30 14:09:00,333.29,333.29,333.08,333.195,92169
2026-07-30 14:10:00,333.195,333.46,333.11,333.125,140611
2026-07-30 14:11:00,333.13,333.18,333.03,333.115,97965
2026-07-30 14:12:00,333.125,333.33,333.125,333.3264,78379
2026-07-30 14:13:00,333.31,333.31,333.1709,333.25,40370
2026-07-30 14:14:00,333.25,333.29,333.17,333.275,72437
2026-07-30 14:15:00,333.28,333.51,333.275,333.505,69584
2026-07-30 14:16:00,333.505,333.66,333.45,333.565,55183
2026-07-30 14:17:00,333.5799,333.64,333.4609,333.555,97084
2026-07-30 14:18:00,333.56,333.74,333.56,333.665,72138
2026-07-30 14:19:00,333.655,333.72,333.6,333.655,48339
2026-07-30 14:20:00,333.64,333.64,333.37,333.4,52440
2026-07-30 14:21:00,333.42,333.45,333.25,333.4042,78654
2026-07-30 14:22:00,333.41,333.42,333.16,333.19,65718
2026-07-30 14:23:00,333.21,333.21,333.02,333.1,78230
2026-07-30 14:24:00,333.095,333.13,332.95,333.0602,39431
2026-07-30 14:25:00,333.075,333.09,332.865,332.865,39610
2026-07-30 14:26:00,332.87,332.94,332.7341,332.85,77879
2026-07-30 14:27:00,332.8601,333.11,332.86,333.045,39673
2026-07-30 14:28:00,333.04,333.09,332.91,332.94,28937
2026-07-30 14:29:00,332.94,333.2,332.94,333.1,96862
2026-07-30 14:30:00,333.12,333.1695,332.9,333.11,74720
2026-07-30 14:31:00,333.1,333.3543,333.0,333.3,62620
2026-07-30 14:32:00,333.29,333.4299,333.21,333.33,36554
2026-07-30 14:33:00,333.34,333.52,333.32,333.4,45777
2026-07-30 14:34:00,333.42,333.62,333.4007,333.59,56305
2026-07-30 14:35:00,333.58,333.585,333.41,333.55,61514
2026-07-30 14:36:00,333.55,333.6502,333.45,333.555,44894
2026-07-30 14:37:00,333.57,333.58,333.375,333.47,73193
2026-07-30 14:38:00,333.49,333.56,333.44,333.46,46298
2026-07-30 14:39:00,333.465,333.65,333.46,333.56,43055
2026-07-30 14:40:00,333.56,333.74,333.545,333.71,86821
2026-07-30 14:41:00,333.7199,333.755,333.47,333.52,51659
2026-07-30 14:42:00,333.525,333.7,333.525,333.6,68861
2026-07-30 14:43:00,333.62,333.63,333.54,333.57,42813
2026-07-30 14:44:00,333.59,333.66,333.53,333.53,59483
2026-07-30 14:45:00,333.54,333.605,333.42,333.57,90931
2026-07-30 14:46:00,333.58,333.7942,333.58,333.785,54552
2026-07-30 14:47:00,333.785,333.85,333.75,333.82,53596
2026-07-30 14:48:00,333.8205,333.8739,333.72,333.735,47900
2026-07-30 14:49:00,333.74,333.9996,333.72,333.91,67634
2026-07-30 14:50:00,333.91,334.09,333.87,333.91,84476
2026-07-30 14:51:00,333.91,333.915,333.74,333.915,71338
2026-07-30 14:52:00,333.9,333.965,333.83,333.83,45801
2026-07-30 14:53:00,333.83,333.87,333.775,333.82,47441
2026-07-30 14:54:00,333.82,334.04,333.7861,333.9799,70744
2026-07-30 14:55:00,333.94,333.985,333.84,333.84,47759
2026-07-30 14:56:00,333.83,334.01,333.82,333.965,60055
2026-07-30 14:57:00,333.965,333.965,333.8201,333.91,67741
2026-07-30 14:58:00,333.915,334.08,333.745,333.79,92039
2026-07-30 14:59:00,333.79,333.925,333.7123,333.75,68389
2026-07-30 15:00:00,333.735,333.8999,333.46,333.485,164817
2026-07-30 15:01:00,333.4988,333.99,333.49,333.91,117212
2026-07-30 15:02:00,333.9499,334.0166,333.53,333.645,67758
2026-07-30 15:03:00,333.645,333.82,333.63,333.75,49140
2026-07-30 15:04:00,333.76,333.86,333.715,333.81,65544
2026-07-30 15:05:00,333.805,333.83,333.66,333.68,60465
2026-07-30 15:06:00,333.685,333.73,333.4055,333.66,97975
2026-07-30 15:07:00,333.68,333.885,333.6,333.695,115112
2026-07-30 15:08:00,333.69,333.77,333.59,333.6,74978
2026-07-30 15:09:00,333.6,333.735,333.55,333.61,78428
2026-07-30 15:10:00,333.61,333.9,333.53,333.825,99657
2026-07-30 15:11:00,333.8332,333.84,333.6,333.613,73980
2026-07-30 15:12:00,333.62,333.8,333.53,333.72,65250
2026-07-30 15:13:00,333.72,333.78,333.555,333.73,63220
2026-07-30 15:14:00,333.72,333.7401,333.58,333.655,69667
2026-07-30 15:15:00,333.66,333.8,333.565,333.76,82992
2026-07-30 15:16:00,333.78,333.9,333.5,333.69,114042
2026-07-30 15:17:00,333.7,333.78,333.68,333.705,55951
2026-07-30 15:18:00,333.7,333.8599,333.645,333.79,82341
2026-07-30 15:19:00,333.79,333.95,333.69,333.87,105281
2026-07-30 15:20:00,333.875,333.9,333.54,333.645,84002
2026-07-30 15:21:00,333.64,333.755,333.5301,333.57,83355
2026-07-30 15:22:00,333.58,333.58,333.29,333.4,113223
2026-07-30 15:23:00,333.39,333.4133,333.13,333.145,79724
2026-07-30 15:24:00,333.145,333.52,333.13,333.45,117132
2026-07-30 15:25:00,333.465,333.57,333.295,333.35,104118
2026-07-30 15:26:00,333.34,333.43,333.21,333.215,92786
2026-07-30 15:27:00,333.21,333.55,333.15,333.465,169598
2026-07-30 15:28:00,333.5,333.74,333.42,333.4801,239749
2026-07-30 15:29:00,333.49,333.62,333.16,333.16,155831
2026-07-30 15:30:00,333.16,333.495,333.1,333.44,126096
2026-07-30 15:31:00,333.44,333.53,332.8,333.045,246795
2026-07-30 15:32:00,333.06,333.35,332.9701,333.29,210747
2026-07-30 15:33:00,333.271,333.39,332.96,333.08,189809
2026-07-30 15:34:00,333.08,333.34,333.07,333.25,140340
2026-07-30 15:35:00,333.25,333.33,333.13,333.28,125848
2026-07-30 15:36:00,333.27,333.58,333.24,333.49,125139
2026-07-30 15:37:00,333.49,333.54,333.34,333.4,111377
2026-07-30 15:38:00,333.43,333.51,333.26,333.32,83634
2026-07-30 15:39:00,333.33,333.53,333.32,333.47,79953
2026-07-30 15:40:00,333.465,333.525,333.245,333.39,126911
2026-07-30 15:41:00,333.4,333.56,333.22,333.24,131130
2026-07-30 15:42:00,333.26,333.26,332.91,333.25,120725
2026-07-30 15:43:00,333.235,333.25,333.05,333.1199,92915
2026-07-30 15:44:00,333.115,333.1669,332.96,333.005,105091
2026-07-30 15:45:00,333.01,333.09,332.88,332.96,141958
2026-07-30 15:46:00,332.93,333.115,332.7912,332.97,115804
2026-07-30 15:47:00,332.97,332.99,332.75,332.86,168941
2026-07-30 15:48:00,332.86,332.89,332.31,332.39,209100
2026-07-30 15:49:00,332.4,332.81,332.34,332.655,138644
2026-07-30 15:50:00,332.63,333.11,332.48,332.8791,194101
2026-07-30 15:51:00,332.86,333.0,332.7,332.98,200790
2026-07-30 15:52:00,332.99,332.99,332.57,332.74,242184
2026-07-30 15:53:00,332.73,333.19,332.68,332.78,229882
2026-07-30 15:54:00,332.78,332.9661,332.66,332.865,272984
2026-07-30 15:55:00,332.85,333.4,332.53,333.4,279044
2026-07-30 15:56:00,333.39,334.0,333.3,333.97,232337
2026-07-30 15:57:00,333.96,334.13,333.54,333.71,290673
2026-07-30 15:58:00,333.72,334.75,333.3,333.52,420049
2026-07-30 15:59:00,333.52,334.0,333.04,333.85,882500
2026-07-30 16:00:00,333.87,334.49,333.14,334.16,5363
2026-07-30 16:01:00,334.16,334.8126,333.43,334.6155,0
2026-07-30 16:02:00,334.6,334.7,333.43,333.9211,0
2026-07-30 16:03:00,333.8221,334.3,333.26,334.27,0
2026-07-30 16:04:00,334.0867,334.4,333.43,334.34,0
2026-07-30 16:05:00,334.295,334.45,333.43,334.24,0
2026-07-30 16:06:00,334.275,334.99,334.2,334.82,0
2026-07-30 16:07:00,334.8,334.99,334.6,334.9014,0
2026-07-30 16:08:00,334.91,335.65,334.3,334.84,0
2026-07-30 16:09:00,334.5,334.76,333.75,333.97,0
2026-07-30 16:10:00,333.98,334.25,333.43,333.97,0
2026-07-30 16:11:00,333.96,334.49,333.96,333.999,0
2026-07-30 16:12:00,333.9974,334.27,333.96,334.2495,0
2026-07-30 16:13:00,334.2487,334.9,334.2,334.87,0
2026-07-30 16:14:00,334.76,335.0,334.2931,334.41,0
2026-07-30 16:15:00,333.43,335.2,333.43,335.2,0
2026-07-30 16:16:00,335.1252,335.35,334.26,334.89,0
2026-07-30 16:17:00,334.7316,334.89,334.27,334.51,0
2026-07-30 16:18:00,334.6072,335.25,334.4,335.2,0
2026-07-30 16:19:00,335.13,335.7,333.43,335.06,0
2026-07-30 16:20:00,335.0576,335.31,334.5,334.6986,0
2026-07-30 16:21:00,334.66,334.8146,334.1,334.3449,0
2026-07-30 16:22:00,334.2144,334.74,334.1,334.5234,0
2026-07-30 16:23:00,334.62,335.32,334.4,335.17,0
2026-07-30 16:24:00,335.0042,335.77,334.96,335.49,0
2026-07-30 16:25:00,335.49,335.5,334.5,335.4,0
2026-07-30 16:26:00,335.2,335.7,335.0,335.5303,0
2026-07-30 16:27:00,335.55,335.7,335.0,335.3509,0
2026-07-30 16:28:00,335.2,335.37,335.0,335.09,0
2026-07-30 16:29:00,335.0114,335.5,335.01,335.3099,0
2026-07-30 16:30:00,335.46,339.14,325.01,325.4206,0
2026-07-30 16:31:00,325.53,327.79,324.38,325.2121,0
2026-07-30 16:32:00,325.21,327.0,324.1,325.7541,0
2026-07-30 16:33:00,325.39,326.2,324.77,325.75,0
2026-07-30 16:34:00,325.75,333.43,325.15,326.19,0
2026-07-30 16:35:00,326.19,326.19,323.25,324.55,0
2026-07-30 16:36:00,324.68,333.43,323.27,325.8599,0
2026-07-30 16:37:00,325.76,326.0,325.01,325.85,0
2026-07-30 16:38:00,325.85,326.17,324.56,325.1887,0
2026-07-30 16:39:00,325.1978,325.32,323.37,323.67,0
2026-07-30 16:40:00,323.5011,323.78,320.85,321.99,0
2026-07-30 16:41:00,321.92,322.35,318.91,319.61,0
2026-07-30 16:42:00,319.6115,333.43,319.01,321.43,0
2026-07-30 16:43:00,321.4276,322.15,320.53,320.9089,0
2026-07-30 16:44:00,320.8883,320.92,319.65,320.2,0
2026-07-30 16:45:00,320.2465,320.55,319.73,320.11,0
2026-07-30 16:46:00,320.1,321.16,319.94,320.61,0
2026-07-30 16:47:00,320.61,320.71,319.9,320.5,0
2026-07-30 16:48:00,320.5,320.66,320.2,320.43,0
2026-07-30 16:49:00,320.59,320.59,319.8,320.0,0
2026-07-30 16:50:00,320.11,320.23,319.12,319.5465,0
2026-07-30 16:51:00,319.7,320.27,319.5,320.1,0
2026-07-30 16:52:00,320.03,320.17,319.71,319.9845,0
2026-07-30 16:53:00,319.99,320.04,318.8,319.0,0
2026-07-30 16:54:00,319.0,319.41,318.56,319.37,0
2026-07-30 16:55:00,319.37,319.6,318.8501,318.92,0
2026-07-30 16:56:00,318.85,319.5,318.75,318.87,0
2026-07-30 16:57:00,318.87,319.02,318.56,318.98,0
2026-07-30 16:58:00,318.72,319.0,318.57,318.94,0
2026-07-30 16:59:00,318.923,318.96,317.64,318.1563,0
2026-07-30 17:00:00,318.12,318.53,317.13,317.9139,0
2026-07-30 17:01:00,317.9,318.3788,317.1887,317.59,0
2026-07-30 17:02:00,317.6,317.99,317.07,317.6821,0
2026-07-30 17:03:00,317.69,317.7,316.75,317.22,0
2026-07-30 17:04:00,317.1875,333.43,317.0425,317.6831,0
2026-07-30 17:05:00,317.6155,319.49,317.6,319.28,0
2026-07-30 17:06:00,319.29,320.0,318.8,319.723,0
2026-07-30 17:07:00,319.7143,319.7414,318.76,319.0,0
2026-07-30 17:08:00,319.0,319.35,318.8,319.01,0
2026-07-30 17:09:00,319.0857,319.1,318.25,318.6788,0
2026-07-30 17:10:00,318.83,319.0,318.55,318.95,0
2026-07-30 17:11:00,318.73,320.0,318.73,319.6982,0
2026-07-30 17:12:00,319.76,320.0,318.7,318.9451,0
2026-07-30 17:13:00,318.7012,319.19,318.7,319.1683,0
2026-07-30 17:14:00,319.0717,319.3,318.85,319.28,0
2026-07-30 17:15:00,319.2784,319.47,318.97,319.15,0
2026-07-30 17:16:00,319.15,319.95,319.15,319.8914,0
2026-07-30 17:17:00,319.8913,320.35,319.85,320.35,0
2026-07-30 17:18:00,320.35,320.74,319.92,320.0,0
2026-07-30 17:19:00,320.0874,320.57,319.92,320.458,0
2026-07-30 17:20:00,320.44,320.5,319.85,319.8686,0
2026-07-30 17:21:00,319.91,320.0,319.11,319.4748,0
2026-07-30 17:22:00,319.6,319.67,317.7,318.03,0
2026-07-30 17:23:00,317.99,318.1,316.83,317.36,0
2026-07-30 17:24:00,317.3,317.66,316.54,316.99,0
2026-07-30 17:25:00,317.0,317.99,316.9,316.9945,0
2026-07-30 17:26:00,316.88,317.34,312.26,313.12,0
2026-07-30 17:27:00,313.11,314.85,309.25,310.0,0
2026-07-30 17:28:00,310.0,311.35,307.77,307.99,0
2026-07-30 17:29:00,307.99,308.99,305.75,308.03,0
2026-07-30 17:30:00,308.0928,309.94,306.0,306.96,0
2026-07-30 17:31:00,306.96,308.0,306.5,307.49,0
2026-07-30 17:32:00,307.4782,307.86,305.07,305.35,0
2026-07-30 17:33:00,305.44,306.86,305.07,305.8877,0
2026-07-30 17:34:00,305.98,307.5,305.4,307.3,0
2026-07-30 17:35:00,307.01,308.19,305.99,306.7,0
2026-07-30 17:36:00,306.3451,306.7,305.22,306.0,0
2026-07-30 17:37:00,306.4582,307.37,305.75,307.0004,0
2026-07-30 17:38:00,307.07,308.25,306.0,308.25,0
2026-07-30 17:39:00,308.25,309.33,308.22,309.3,0
2026-07-30 17:40:00,309.33,309.99,308.99,309.86,0
2026-07-30 17:41:00,309.7963,310.28,309.0,309.75,0
2026-07-30 17:42:00,309.8,310.01,309.33,309.94,0
2026-07-30 17:43:00,309.9656,311.0,309.39,309.93,0
2026-07-30 17:44:00,309.96,310.14,309.5,309.9043,0
2026-07-30 17:45:00,309.9,309.95,308.5,308.9628,0
2026-07-30 17:46:00,308.77,310.0,308.5859,309.8899,0
2026-07-30 17:47:00,309.8823,310.08,309.79,309.8,0
2026-07-30 17:48:00,309.81,309.81,309.3,309.47,0
2026-07-30 17:49:00,309.5,309.54,308.97,309.12,0
2026-07-30 17:50:00,309.0152,309.05,307.9255,308.15,0
2026-07-30 17:51:00,308.17,309.25,308.0427,308.9215,0
2026-07-30 17:52:00,308.984,311.02,308.74,310.55,0
2026-07-30 17:53:00,310.55,311.0,309.88,310.45,0
2026-07-30 17:54:00,310.45,311.42,310.22,311.3627,0
2026-07-30 17:55:00,311.3469,312.0,310.88,311.883,0
2026-07-30 17:56:00,311.9019,312.14,311.0,311.05,0
2026-07-30 17:57:00,311.0113,311.4,311.0113,311.3393,0
2026-07-30 17:58:00,311.25,311.3399,310.23,310.8,0
2026-07-30 17:59:00,310.8268,311.5487,310.6613,311.15,0
2026-07-30 18:00:00,311.35,311.4,310.83,310.952,0
2026-07-30 18:01:00,310.86,311.33,310.67,311.33,0
2026-07-30 18:02:00,311.34,312.4,311.34,312.2812,0
2026-07-30 18:03:00,312.2883,312.5,312.0003,312.4899,0
2026-07-30 18:04:00,312.4474,312.5,311.7,311.88,0
2026-07-30 18:05:00,311.7544,312.2,311.56,312.1,0
2026-07-30 18:06:00,312.1196,312.2,311.25,311.5069,0
2026-07-30 18:07:00,311.5,311.89,311.5,311.586,0
2026-07-30 18:08:00,311.5992,311.99,311.5,311.95,0
2026-07-30 18:09:00,311.96,312.4,311.88,312.3,0
2026-07-30 18:10:00,312.2988,312.4385,312.12,312.4,0
2026-07-30 18:11:00,312.4,312.4,311.7,311.7,0
2026-07-30 18:12:00,311.9,311.95,311.0867,311.27,0
2026-07-30 18:13:00,311.2696,325.0,310.96,311.28,0
2026-07-30 18:14:00,311.2944,311.75,311.0572,311.3,0
2026-07-30 18:15:00,311.393,311.4,311.1,311.25,0
2026-07-30 18:16:00,311.25,311.31,311.11,311.2824,0
2026-07-30 18:17:00,311.27,311.55,311.14,311.5,0
2026-07-30 18:18:00,311.42,311.5487,311.3239,311.5,0
2026-07-30 18:19:00,311.5,311.75,311.5,311.56,0
2026-07-30 18:20:00,311.5987,311.89,311.55,311.72,0
2026-07-30 18:21:00,311.72,312.2,311.71,312.0058,0
2026-07-30 18:22:00,312.0062,312.01,311.6922,311.7607,0
2026-07-30 18:23:00,311.7607,311.77,311.0,311.02,0
2026-07-30 18:24:00,311.04,311.11,310.89,311.0,0
2026-07-30 18:25:00,311.04,311.81,311.0,311.81,0
2026-07-30 18:26:00,311.75,311.8684,311.5,311.55,0
2026-07-30 18:27:00,311.55,311.77,311.5,311.6345,0
2026-07-30 18:28:00,311.6345,312.01,311.5,312.01,0
2026-07-30 18:29:00,312.0001,312.01,311.6,311.75,0
2026-07-30 18:30:00,311.75,312.01,311.74,312.0085,0
2026-07-30 18:31:00,312.0,312.38,311.98,312.3682,0
2026-07-30 18:32:00,312.38,312.43,312.05,312.3754,0
2026-07-30 18:33:00,312.3501,312.38,312.2517,312.36,0
2026-07-30 18:34:00,312.3262,313.13,312.3262,313.01,0
2026-07-30 18:35:00,313.01,313.2,312.79,312.93,0
2026-07-30 18:36:00,312.97,313.0,312.6763,312.86,0
2026-07-30 18:37:00,312.9347,312.95,312.51,312.8001,0
2026-07-30 18:38:00,312.8192,313.0,312.65,312.9662,0
2026-07-30 18:39:00,312.9988,313.36,312.96,313.25,0
2026-07-30 18:40:00,313.1,313.49,313.1,313.3486,0
2026-07-30 18:41:00,313.3,313.4528,313.23,313.34,0
2026-07-30 18:42:00,313.2301,313.49,313.2301,313.42,0
2026-07-30 18:43:00,313.45,313.75,313.32,313.74,0
2026-07-30 18:44:00,313.69,313.8396,313.56,313.8105,0
2026-07-30 18:45:00,313.816,313.83,313.0,313.4768,0
2026-07-30 18:46:00,313.3449,313.7,313.3,313.47,0
2026-07-30 18:47:00,313.47,313.53,312.9,312.9697,0
2026-07-30 18:48:00,312.9706,313.0,312.51,312.67,0
2026-07-30 18:49:00,312.6519,313.15,312.51,312.85,0
2026-07-30 18:50:00,312.7816,313.2,312.75,313.0901,0
2026-07-30 18:51:00,313.2,313.25,312.97,313.0268,0
2026-07-30 18:52:00,313.0268,313.21,312.88,313.04,0
2026-07-30 18:53:00,313.04,313.21,313.0,313.2,0
2026-07-30 18:54:00,313.2,313.47,313.1155,313.4565,0
2026-07-30 18:55:00,313.46,313.4967,313.1985,313.4699,0
2026-07-30 18:56:00,313.41,313.47,313.3,313.469,0
2026-07-30 18:57:00,313.47,313.61,312.9,312.99,0
2026-07-30 18:58:00,312.9,313.55,312.9,313.23,0
2026-07-30 18:59:00,313.23,313.3,313.1,313.25,0
2026-07-30 19:00:00,313.2737,313.35,313.13,313.2734,0
2026-07-30 19:01:00,313.2703,313.68,313.2703,313.6,0
2026-07-30 19:02:00,313.69,314.0,313.6126,313.9893,0
2026-07-30 19:03:00,314.0,314.0,313.8,313.9594,0
2026-07-30 19:04:00,313.94,314.0,313.6,313.6773,0
2026-07-30 19:05:00,313.7,313.8767,313.7,313.75,0
2026-07-30 19:06:00,313.75,313.95,313.61,313.95,0
2026-07-30 19:07:00,313.82,313.98,313.61,313.87,0
2026-07-30 19:08:00,313.7766,313.85,313.6,313.7302,0
2026-07-30 19:09:00,313.73,314.0,313.73,313.83,0
2026-07-30 19:10:00,313.82,314.0,313.78,313.868,0
2026-07-30 19:11:00,313.9377,314.0,313.83,313.9296,0
2026-07-30 19:12:00,313.92,313.93,313.68,313.7834,0
2026-07-30 19:13:00,313.8,313.98,313.72,313.98,0
2026-07-30 19:14:00,313.9796,314.0,313.81,313.92,0
2026-07-30 19:15:00,313.9,314.0,313.8817,313.92,0
2026-07-30 19:16:00,313.95,313.97,313.86,313.88,0
2026-07-30 19:17:00,313.89,313.89,313.7,313.7301,0
2026-07-30 19:18:00,313.75,313.8,313.55,313.57,0
2026-07-30 19:19:00,313.6606,313.69,313.5,313.67,0
2026-07-30 19:20:00,313.63,313.67,313.31,313.5874,0
2026-07-30 19:21:00,313.5969,313.76,313.5,313.74,0
2026-07-30 19:22:00,313.76,313.88,313.74,313.84,0
2026-07-30 19:23:00,313.84,313.88,313.8,313.84,0
2026-07-30 19:24:00,313.85,313.88,313.7,313.86,0
2026-07-30 19:25:00,313.8593,314.44,313.85,314.4192,0
2026-07-30 19:26:00,314.4187,314.9,314.2,314.7915,0
2026-07-30 19:27:00,314.77,314.9,314.77,314.88,0
2026-07-30 19:28:00,314.9,315.06,314.52,314.8112,0
2026-07-30 19:29:00,314.8,314.83,314.47,314.5956,0
2026-07-30 19:30:00,314.49,314.7,313.8732,314.0,0
2026-07-30 19:31:00,314.11,314.79,313.99,314.3652,0
2026-07-30 19:32:00,314.36,314.68,314.1187,314.4,0
2026-07-30 19:33:00,314.4,314.49,314.2,314.3462,0
2026-07-30 19:34:00,314.35,314.38,314.11,314.35,0
2026-07-30 19:35:00,314.33,314.38,313.8,313.95,0
2026-07-30 19:36:00,313.9067,314.0,313.62,313.62,0
2026-07-30 19:37:00,313.8637,313.8637,313.57,313.8,0
2026-07-30 19:38:00,313.6905,313.96,313.57,313.96,0
2026-07-30 19:39:00,313.7083,313.94,313.7083,313.94,0
2026-07-30 19:40:00,313.8,313.98,313.48,313.5449,0
2026-07-30 19:41:00,313.4,313.54,312.4987,312.86,0
2026-07-30 19:42:00,312.79,312.9072,312.6,312.74,0
2026-07-30 19:43:00,312.66,312.79,312.0732,312.5248,0
2026-07-30 19:44:00,312.66,312.7,312.3496,312.6029,0
2026-07-30 19:45:00,312.5537,313.0,312.5537,312.8999,0
2026-07-30 19:46:00,312.8365,312.9,312.61,312.7721,0
2026-07-30 19:47:00,312.7001,312.85,312.65,312.68,0
2026-07-30 19:48:00,312.7087,313.0,312.7,312.8,0
2026-07-30 19:49:00,312.8,312.9899,312.65,312.8,0
2026-07-30 19:50:00,312.76,312.99,312.6044,312.83,0
2026-07-30 19:51:00,312.8,312.98,312.75,312.85,0
2026-07-30 19:52:00,312.86,313.5,312.75,313.32,0
2026-07-30 19:53:00,313.27,313.35,313.0,313.25,0
2026-07-30 19:54:00,313.2074,313.42,313.04,313.31,0
2026-07-30 19:55:00,313.31,313.3969,313.0001,313.09,0
2026-07-30 19:56:00,313.09,313.4,313.05,313.2023,0
2026-07-30 19:57:00,313.1186,313.18,312.66,312.819,0
2026-07-30 19:58:00,312.72,312.85,312.4,312.5448,0
2026-07-30 19:59:00,312.56,312.57,312.3,312.3315,0
2026-07-31 04:00:00,312.3,333.43,310.6725,311.09,0
2026-07-31 04:01:00,311.1957,314.16,310.1,310.41,0
2026-07-31 04:02:00,314.01,314.2,310.11,310.47,0
2026-07-31 04:03:00,310.47,310.6,309.3,309.79,0
2026-07-31 04:04:00,309.76,309.99,309.1595,309.29,0
2026-07-31 04:05:00,309.2518,314.0,309.15,309.98,0
2026-07-31 04:06:00,313.5,313.5,309.52,312.01,0
2026-07-31 04:07:00,310.12,314.06,309.0,309.7563,0
2026-07-31 04:08:00,309.76,312.7,309.32,309.5,0
2026-07-31 04:09:00,309.6233,309.932,309.2483,309.932,0
2026-07-31 04:10:00,309.76,309.932,308.59,308.6,0
2026-07-31 04:11:00,308.695,309.07,308.58,308.77,0
2026-07-31 04:12:00,308.9988,309.19,308.61,309.17,0
2026-07-31 04:13:00,309.2,309.6,309.019,309.6,0
2026-07-31 04:14:00,309.65,309.7538,309.5,309.635,0
2026-07-31 04:15:00,309.736,310.3488,309.59,309.88,0
2026-07-31 04:16:00,309.88,310.4,309.59,309.8,0
2026-07-31 04:17:00,309.88,309.9,309.7,309.75,0
2026-07-31 04:18:00,309.8,309.8,309.243,309.46,0
2026-07-31 04:19:00,309.6242,309.9,309.19,309.76,0
2026-07-31 04:20:00,309.76,309.9,309.0,309.09,0
2026-07-31 04:21:00,309.1341,309.5205,308.55,308.768,0
2026-07-31 04:22:00,308.78,309.23,308.33,308.51,0
2026-07-31 04:23:00,308.5988,308.97,308.28,308.4937,0
2026-07-31 04:24:00,308.25,308.7838,308.11,308.6012,0
2026-07-31 04:25:00,308.7476,308.95,308.39,308.84,0
2026-07-31 04:26:00,308.79,309.0,308.6,308.6993,0
2026-07-31 04:27:00,308.8,309.0,308.61,308.94,0
2026-07-31 04:28:00,308.845,309.0,308.8,308.86,0
2026-07-31 04:29:00,308.8,308.8955,308.3,308.41,0
2026-07-31 04:30:00,308.41,308.8942,308.41,308.79,0
2026-07-31 04:31:00,308.79,308.845,308.5,308.74,0
2026-07-31 04:32:00,308.8245,309.4646,308.65,308.72,0
2026-07-31 04:33:00,308.7,308.8507,308.41,308.6,0
2026-07-31 04:34:00,308.62,309.0,308.503,308.82,0
2026-07-31 04:35:00,308.9,309.3952,308.73,308.85,0
2026-07-31 04:36:00,308.85,309.5,308.78,309.49,0
2026-07-31 04:37:00,309.39,309.75,309.34,309.65,0
2026-07-31 04:38:00,309.7488,309.75,309.05,309.49,0
2026-07-31 04:39:00,309.5,309.75,309.05,309.5,0
2026-07-31 04:40:00,309.47,309.75,309.1,309.6,0
2026-07-31 04:41:00,309.6,309.75,309.55,309.68,0
2026-07-31 04:42:00,309.75,310.0,309.74,309.99,0
2026-07-31 04:43:00,309.91,310.34,309.91,310.34,0
2026-07-31 04:44:00,310.18,310.53,310.18,310.4937,0
2026-07-31 04:45:00,310.3505,310.6,310.3,310.4594,0
2026-07-31 04:46:00,310.4,310.5749,310.28,310.43,0
2026-07-31 04:47:00,310.43,310.584,310.0,310.2844,0
2026-07-31 04:48:00,310.28,310.28,309.75,310.08,0
2026-07-31 04:49:00,309.96,310.3,309.9,310.0066,0
2026-07-31 04:50:00,310.08,310.295,309.68,309.8821,0
2026-07-31 04:51:00,309.75,309.9988,309.26,309.26,0
2026-07-31 04:52:00,309.98,309.98,309.0782,309.4,0
2026-07-31 04:53:00,309.25,309.5,309.2,309.45,0
2026-07-31 04:54:00,309.38,309.4925,309.05,309.47,0
2026-07-31 04:55:00,309.25,309.5,309.1012,309.26,0
2026-07-31 04:56:00,309.23,309.4988,309.1012,309.4988,0
2026-07-31 04:57:00,309.45,309.8,309.4,309.63,0
2026-07-31 04:58:00,309.69,309.9488,309.6,309.71,0
2026-07-31 04:59:00,309.58,309.8,309.3,309.3,0
2026-07-31 05:00:00,309.4925,309.5,309.02,309.25,0
2026-07-31 05:01:00,309.47,309.5,309.11,309.45,0
2026-07-31 05:02:00,309.45,309.45,309.0,309.0,0
2026-07-31 05:03:00,309.0,309.5,309.0,309.476,0
2026-07-31 05:04:00,309.4885,309.5255,309.2,309.5255,0
2026-07-31 05:05:00,309.57,309.8,308.8,309.2,0
2026-07-31 05:06:00,309.17,309.71,309.09,309.5,0
2026-07-31 05:07:00,309.78,309.95,309.3339,309.9464,0
2026-07-31 05:08:00,309.94,310.0,309.565,309.71,0
2026-07-31 05:09:00,309.99,309.99,309.5938,309.8,0
2026-07-31 05:10:00,309.6012,310.1994,309.6,310.1988,0
2026-07-31 05:11:00,309.9562,310.365,309.9562,310.11,0
2026-07-31 05:12:00,310.3,310.36,310.01,310.125,0
2026-07-31 05:13:00,310.223,310.49,310.17,310.49,0
2026-07-31 05:14:00,310.49,310.49,310.1339,310.41,0
2026-07-31 05:15:00,310.3459,310.4252,309.7512,310.18,0
2026-07-31 05:16:00,310.1,310.35,310.1,310.14,0
2026-07-31 05:17:00,310.23,310.23,309.67,309.6975,0
2026-07-31 05:18:00,309.6,310.23,309.6,310.157,0
2026-07-31 05:19:00,310.22,310.23,309.61,309.9,0
2026-07-31 05:20:00,309.8161,310.1488,309.6012,309.67,0
2026-07-31 05:21:00,309.66,310.0688,309.6,309.75,0
2026-07-31 05:22:00,309.79,310.0559,309.79,309.8,0
2026-07-31 05:23:00,309.8012,310.0,309.8,310.0,0
2026-07-31 05:24:00,309.92,310.15,309.87,310.15,0
2026-07-31 05:25:00,310.07,310.1988,309.62,309.8,0
2026-07-31 05:26:00,309.88,310.08,309.632,309.88,0
2026-07-31 05:27:00,309.7492,310.1,309.65,310.1,0
2026-07-31 05:28:00,310.01,310.1,309.38,309.47,0
2026-07-31 05:29:00,309.28,310.04,309.28,309.8,0
2026-07-31 05:30:00,309.6,309.67,309.1,309.59,0
2026-07-31 05:31:00,309.1983,309.5,308.6752,309.27,0
2026-07-31 05:32:00,308.9901,309.2988,308.8,309.2988,0
2026-07-31 05:33:00,308.8585,309.0791,308.71,308.73,0
2026-07-31 05:34:00,308.99,309.09,308.7387,308.91,0
2026-07-31 05:35:00,308.99,309.1355,308.7365,308.7365,0
2026-07-31 05:36:00,308.86,308.99,308.6877,308.8852,0
2026-07-31 05:37:00,308.9688,309.25,308.711,309.14,0
2026-07-31 05:38:00,309.3,309.3,309.0562,309.1193,0
2026-07-31 05:39:00,309.1193,309.3,309.0562,309.12,0
2026-07-31 05:40:00,309.2906,309.724,309.23,309.7204,0
2026-07-31 05:41:00,309.3,309.7,309.22,309.5012,0
2026-07-31 05:42:00,309.7,309.7927,309.48,309.6,0
2026-07-31 05:43:00,309.77,309.9,309.69,309.7,0
2026-07-31 05:44:00,309.7,309.89,309.6,309.66,0
2026-07-31 05:45:00,309.75,309.8988,309.7338,309.7537,0
2026-07-31 05:46:00,309.75,309.9,309.6562,309.825,0
2026-07-31 05:47:00,309.6,309.8816,309.35,309.4,0
2026-07-31 05:48:00,309.3645,309.75,309.34,309.68,0
2026-07-31 05:49:00,309.53,309.78,309.0847,309.0847,0
2026-07-31 05:50:00,309.3,309.6488,309.01,309.26,0
2026-07-31 05:51:00,309.0841,309.28,309.01,309.1,0
2026-07-31 05:52:00,309.15,309.6505,309.15,309.44,0
2026-07-31 05:53:00,309.88,309.88,309.37,309.56,0
2026-07-31 05:54:00,309.46,309.595,309.2877,309.44,0
2026-07-31 05:55:00,309.46,309.5688,309.28,309.46,0
2026-07-31 05:56:00,309.49,309.5588,309.28,309.38,0
2026-07-31 05:57:00,309.43,309.47,309.1472,309.1936,0
2026-07-31 05:58:00,309.29,309.37,308.6812,309.0,0
2026-07-31 05:59:00,309.0,309.25,308.86,309.1,0
2026-07-31 06:00:00,309.0,309.24,308.835,309.01,0
2026-07-31 06:01:00,309.12,309.22,309.0,309.0,0
2026-07-31 06:02:00,309.1,309.2088,308.97,309.0,0
2026-07-31 06:03:00,309.0,309.4,309.0,309.4,0
2026-07-31 06:04:00,309.21,309.25,308.8,308.8,0
2026-07-31 06:05:00,308.8945,309.1801,308.69,309.1801,0
2026-07-31 06:06:00,309.02,309.14,308.8177,308.995,0
2026-07-31 06:07:00,308.9,309.14,308.8062,309.0437,0
2026-07-31 06:08:00,309.037,309.2,309.0,309.16,0
2026-07-31 06:09:00,309.2,309.3315,309.1,309.15,0
2026-07-31 06:10:00,309.28,309.4896,309.02,309.4896,0
2026-07-31 06:11:00,309.49,309.79,309.4,309.6437,0
2026-07-31 06:12:00,309.5,309.79,309.0,309.29,0
2026-07-31 06:13:00,309.2,309.4,309.0,309.0001,0
2026-07-31 06:14:00,309.3988,309.3988,309.1288,309.18,0
2026-07-31 06:15:00,309.4,309.4,308.94,309.0,0
2026-07-31 06:16:00,309.07,309.36,308.9012,309.0037,0
2026-07-31 06:17:00,309.0078,309.15,309.0,309.092,0
2026-07-31 06:18:00,309.2,309.4,309.2,309.35,0
2026-07-31 06:19:00,309.38,309.6188,309.3242,309.39,0
2026-07-31 06:20:00,309.5,309.7488,309.45,309.64,0
2026-07-31 06:21:00,309.7,309.88,309.6,309.84,0
2026-07-31 06:22:00,309.78,309.88,309.5,309.51,0
2026-07-31 06:23:00,309.5226,309.7217,309.26,309.31,0
2026-07-31 06:24:00,309.28,309.3,309.05,309.19,0
2026-07-31 06:25:00,309.05,309.25,308.86,309.2,0
2026-07-31 06:26:00,309.09,309.2452,309.06,309.15,0
2026-07-31 06:27:00,309.2488,309.25,309.15,309.2069,0
2026-07-31 06:28:00,309.3,309.4,309.19,309.2128,0
2026-07-31 06:29:00,309.2,309.29,308.89,309.01,0
2026-07-31 06:30:00,309.191,309.27,308.99,309.0,0
2026-07-31 06:31:00,309.0072,309.25,308.89,309.1,0
2026-07-31 06:32:00,309.08,309.66,309.0,309.25,0
2026-07-31 06:33:00,309.2503,309.62,308.8,309.14,0
2026-07-31 06:34:00,309.04,309.302,308.42,308.5,0
2026-07-31 06:35:00,308.5,308.8888,308.15,308.8306,0
2026-07-31 06:36:00,308.72,309.15,308.6603,309.05,0
2026-07-31 06:37:00,309.01,309.1988,308.8,309.1988,0
2026-07-31 06:38:00,309.04,309.1988,308.925,309.09,0
2026-07-31 06:39:00,309.08,309.77,309.08,309.66,0
2026-07-31 06:40:00,309.69,309.9,309.261,309.4,0
2026-07-31 06:41:00,309.36,309.46,309.15,309.315,0
2026-07-31 06:42:00,309.15,309.315,308.85,308.9009,0
2026-07-31 06:43:00,308.93,309.0,308.7975,308.96,0
2026-07-31 06:44:00,308.9364,309.2488,308.9364,309.032,0
2026-07-31 06:45:00,309.08,309.17,309.02,309.083,0
2026-07-31 06:46:00,309.238,309.238,308.95,308.95,0
2026-07-31 06:47:00,309.05,309.13,308.68,308.82,0
2026-07-31 06:48:00,308.8,308.84,308.68,308.79,0
2026-07-31 06:49:00,308.8,308.84,307.7,307.84,0
2026-07-31 06:50:00,307.75,308.0,307.42,307.94,0
2026-07-31 06:51:00,307.88,307.9,307.36,307.7291,0
2026-07-31 06:52:00,307.55,307.9305,307.48,307.8541,0
2026-07-31 06:53:00,307.83,307.9772,307.56,307.65,0
2026-07-31 06:54:00,307.87,307.917,307.6141,307.9034,0
2026-07-31 06:55:00,307.7346,308.0,307.7346,307.8163,0
2026-07-31 06:56:00,307.9,308.42,307.8003,308.05,0
2026-07-31 06:57:00,307.98,308.32,307.9,308.29,0
2026-07-31 06:58:00,308.32,308.5,308.23,308.4388,0
2026-07-31 06:59:00,308.389,308.5,308.195,308.36,0
2026-07-31 07:00:00,308.49,333.43,307.85,308.35,0
2026-07-31 07:01:00,308.2,308.5,308.1,308.2937,0
2026-07-31 07:02:00,308.0012,308.8,308.0,308.74,0
2026-07-31 07:03:00,308.59,309.2366,308.59,309.2366,0
2026-07-31 07:04:00,309.27,309.28,308.59,308.65,0
2026-07-31 07:05:00,308.9066,309.0,308.5,308.7499,0
2026-07-31 07:06:00,308.81,308.9827,308.5,308.86,0
2026-07-31 07:07:00,308.9,308.95,308.6,308.8285,0
2026-07-31 07:08:00,308.81,308.81,308.3,308.7,0
2026-07-31 07:09:00,308.7,308.7,307.98,308.19,0
2026-07-31 07:10:00,308.19,308.27,307.9012,308.27,0
2026-07-31 07:11:00,308.1627,308.5,307.81,307.97,0
2026-07-31 07:12:00,307.86,307.9,307.5,307.6,0
2026-07-31 07:13:00,307.6,307.76,307.04,307.1499,0
2026-07-31 07:14:00,307.16,307.49,306.8156,307.338,0
2026-07-31 07:15:00,307.1783,307.4,306.6,306.72,0
2026-07-31 07:16:00,306.72,307.225,306.57,306.7,0
2026-07-31 07:17:00,306.75,306.85,306.33,306.7733,0
2026-07-31 07:18:00,306.84,307.38,306.75,307.2,0
2026-07-31 07:19:00,307.14,307.3045,307.05,307.18,0
2026-07-31 07:20:00,307.2,307.3,306.98,306.98,0
2026-07-31 07:21:00,307.12,307.55,306.9,307.45,0
2026-07-31 07:22:00,307.5019,307.76,307.41,307.74,0
2026-07-31 07:23:00,307.65,307.85,307.6,307.6986,0
2026-07-31 07:24:00,307.695,307.79,307.4,307.57,0
2026-07-31 07:25:00,307.57,307.74,307.4,307.66,0
2026-07-31 07:26:00,307.4569,307.54,307.3,307.48,0
2026-07-31 07:27:00,307.44,307.48,307.2,307.2693,0
2026-07-31 07:28:00,307.25,307.36,307.1,307.2,0
2026-07-31 07:29:00,307.24,307.53,307.195,307.3524,0
2026-07-31 07:30:00,307.49,307.6,306.9,307.14,0
2026-07-31 07:31:00,307.3,307.3,306.57,306.69,0
2026-07-31 07:32:00,306.69,306.94,306.55,306.9,0
2026-07-31 07:33:00,306.92,307.07,306.8732,306.98,0
2026-07-31 07:34:00,306.9,307.66,306.9,307.5419,0
2026-07-31 07:35:00,307.51,307.96,307.4,307.87,0
2026-07-31 07:36:00,307.96,307.96,307.4998,307.66,0
2026-07-31 07:37:00,307.55,307.69,307.43,307.56,0
2026-07-31 07:38:00,307.56,307.786,307.44,307.7,0
2026-07-31 07:39:00,307.6,307.7,307.5,307.67,0
2026-07-31 07:40:00,307.6,307.89,307.56,307.89,0
2026-07-31 07:41:00,307.82,308.26,307.82,308.26,0
2026-07-31 07:42:00,308.26,308.26,307.8,307.81,0
2026-07-31 07:43:00,307.9,307.969,307.8,307.8684,0
2026-07-31 07:44:00,307.89,307.89,307.5,307.77,0
2026-07-31 07:45:00,307.7664,308.08,307.7,307.9775,0
2026-07-31 07:46:00,308.04,308.29,307.93,308.07,0
2026-07-31 07:47:00,308.08,308.3,307.59,308.2133,0
2026-07-31 07:48:00,308.12,308.27,308.0,308.25,0
2026-07-31 07:49:00,308.26,308.3,308.0,308.15,0
2026-07-31 07:50:00,308.2,308.249,307.95,308.244,0
2026-07-31 07:51:00,308.05,308.3,308.0,308.01,0
2026-07-31 07:52:00,308.13,308.1801,307.71,307.75,0
2026-07-31 07:53:00,307.8403,308.18,307.71,308.0,0
2026-07-31 07:54:00,308.0845,308.55,308.0,308.25,0
2026-07-31 07:55:00,308.33,308.52,307.99,308.1027,0
2026-07-31 07:56:00,308.13,308.39,307.8,307.86,0
2026-07-31 07:57:00,307.9,308.0,307.75,307.883,0
2026-07-31 07:58:00,308.3088,308.31,307.9,308.13,0
2026-07-31 07:59:00,308.11,308.3,307.93,308.0,0
2026-07-31 08:00:00,308.0336,308.53,307.25,307.6,0
2026-07-31 08:01:00,307.66,308.55,307.61,308.01,0
2026-07-31 08:02:00,308.1,308.1,307.7108,307.9,0
2026-07-31 08:03:00,307.93,308.3,307.84,308.01,0
2026-07-31 08:04:00,308.01,308.45,308.0,308.44,0
2026-07-31 08:05:00,308.42,308.45,307.85,307.97,0
2026-07-31 08:06:00,307.9992,308.0,307.31,307.6,0
2026-07-31 08:07:00,307.5,307.8448,307.25,307.51,0
2026-07-31 08:08:00,307.6695,307.74,307.5,307.68,0
2026-07-31 08:09:00,307.7182,307.95,307.71,307.8776,0
2026-07-31 08:10:00,307.8792,307.9345,307.64,307.74,0
2026-07-31 08:11:00,307.7369,308.15,307.73,308.1267,0
2026-07-31 08:12:00,308.1267,308.391,307.95,308.05,0
2026-07-31 08:13:00,307.91,308.3382,307.91,308.0,0
2026-07-31 08:14:00,307.97,308.0,307.02,307.17,0
2026-07-31 08:15:00,307.5,307.59,307.07,307.4067,0
2026-07-31 08:16:00,307.38,307.8,307.29,307.725,0
2026-07-31 08:17:00,307.75,308.0999,307.7,308.09,0
2026-07-31 08:18:00,307.99,308.15,307.72,308.01,0
2026-07-31 08:19:00,308.0,308.04,307.7162,307.8,0
2026-07-31 08:20:00,308.1145,308.1145,307.5047,307.7,0
2026-07-31 08:21:00,307.7,307.902,307.35,307.896,0
2026-07-31 08:22:00,307.96,307.96,307.75,307.88,0
2026-07-31 08:23:00,307.8502,308.07,307.75,307.91,0
2026-07-31 08:24:00,307.85,308.0999,307.75,308.078,0
2026-07-31 08:25:00,308.0253,308.3,307.89,308.1783,0
2026-07-31 08:26:00,308.1522,308.29,308.02,308.259,0
2026-07-31 08:27:00,308.14,308.29,308.07,308.14,0
2026-07-31 08:28:00,308.03,308.23,307.3,307.786,0
2026-07-31 08:29:00,307.9999,308.19,307.5195,308.0005,0
2026-07-31 08:30:00,307.55,307.9988,307.3725,307.68,0
2026-07-31 08:31:00,307.64,307.65,307.4513,307.538,0
2026-07-31 08:32:00,307.55,307.8,307.5078,307.65,0
2026-07-31 08:33:00,307.61,307.7067,306.85,307.0,0
2026-07-31 08:34:00,307.15,307.75,306.86,307.1578,0
2026-07-31 08:35:00,307.4,307.49,307.0,307.295,0
2026-07-31 08:36:00,307.11,307.5,307.0384,307.4766,0
2026-07-31 08:37:00,307.4704,307.67,307.3,307.33,0
2026-07-31 08:38:00,307.32,307.5,307.0,307.2962,0
2026-07-31 08:39:00,307.15,307.47,307.15,307.2783,0
2026-07-31 08:40:00,307.23,307.4288,307.15,307.42,0
2026-07-31 08:41:00,307.42,308.0,307.01,307.59,0
2026-07-31 08:42:00,307.439,307.59,306.734,306.85,0
2026-07-31 08:43:00,306.72,307.31,306.5,307.03,0
2026-07-31 08:44:00,307.1464,307.3,306.61,307.22,0
2026-07-31 08:45:00,307.25,307.47,306.56,306.89,0
2026-07-31 08:46:00,306.7,307.0,306.68,306.73,0
2026-07-31 08:47:00,306.79,306.97,306.73,306.933,0
2026-07-31 08:48:00,306.9437,307.0,306.75,306.91,0
2026-07-31 08:49:00,306.87,306.99,306.8,306.8315,0
2026-07-31 08:50:00,306.8598,306.96,306.61,306.89,0
2026-07-31 08:51:00,306.8861,307.77,306.75,307.5029,0
2026-07-31 08:52:00,307.7,307.77,307.26,307.5345,0
2026-07-31 08:53:00,307.5,307.85,307.5,307.66,0
2026-07-31 08:54:00,307.68,307.99,307.5,307.99,0
2026-07-31 08:55:00,307.85,308.3999,307.7219,308.3999,0
2026-07-31 08:56:00,308.2971,308.7,307.84,308.53,0
2026-07-31 08:57:00,308.5,308.5,308.0,308.0996,0
2026-07-31 08:58:00,308.027,308.4,308.027,308.4,0
2026-07-31 08:59:00,308.27,308.6,308.08,308.2012,0
2026-07-31 09:00:00,308.37,308.3852,307.77,307.93,0
2026-07-31 09:01:00,307.78,307.93,307.52,307.69,0
2026-07-31 09:02:00,307.61,307.9,307.6048,307.81,0
2026-07-31 09:03:00,307.93,307.93,307.5,307.65,0
2026-07-31 09:04:00,307.7378,307.9,307.65,307.66,0
2026-07-31 09:05:00,307.68,307.89,307.6507,307.89,0
2026-07-31 09:06:00,307.86,307.89,307.71,307.82,0
2026-07-31 09:07:00,307.82,307.89,307.62,307.7806,0
2026-07-31 09:08:00,307.69,307.81,307.5,307.6,0
2026-07-31 09:09:00,307.54,307.7,307.0,307.06,0
2026-07-31 09:10:00,307.01,307.41,307.0,307.41,0
2026-07-31 09:11:00,307.4423,307.67,307.21,307.558,0
2026-07-31 09:12:00,307.5093,307.57,306.96,307.08,0
2026-07-31 09:13:00,307.09,307.3025,307.0,307.21,0
2026-07-31 09:14:00,307.19,307.4,306.8,307.0,0
2026-07-31 09:15:00,307.13,307.42,306.8,307.4,0
2026-07-31 09:16:00,307.4107,307.42,306.97,307.0099,0
2026-07-31 09:17:00,307.01,307.02,306.7,306.8,0
2026-07-31 09:18:00,306.77,306.83,305.92,306.0,0
2026-07-31 09:19:00,305.98,306.25,305.98,306.0299,0
2026-07-31 09:20:00,306.0421,306.25,305.8,305.81,0
2026-07-31 09:21:00,305.81,306.38,305.75,306.38,0
2026-07-31 09:22:00,306.3794,306.98,306.28,306.85,0
2026-07-31 09:23:00,306.8073,307.65,306.7,307.5,0
2026-07-31 09:24:00,307.5,307.64,307.16,307.47,0
2026-07-31 09:25:00,307.45,307.51,306.5,306.82,0
2026-07-31 09:26:00,306.77,307.5,306.7,307.2056,0
2026-07-31 09:27:00,307.2,307.21,304.0,304.712,0
2026-07-31 09:28:00,305.0,305.6775,303.469,305.6775,0
2026-07-31 09:29:00,305.57,305.68,304.7,304.7,0
2026-07-31 09:30:00,304.81,306.9,303.64,304.05,9663898
2026-07-31 09:31:00,304.01,305.01,301.83,302.03,1704033
2026-07-31 09:32:00,301.9,302.7875,301.3414,302.03,2027555
2026-07-31 09:33:00,302.07,302.57,301.07,301.8217,1823229
2026-07-31 09:34:00,301.83,302.3999,300.55,302.11,1758609
2026-07-31 09:35:00,302.31,303.35,302.05,302.185,1230557
2026-07-31 09:36:00,302.2188,302.8285,301.42,302.29,971306
2026-07-31 09:37:00,302.3175,302.64,301.66,302.24,1236614
2026-07-31 09:38:00,302.24,302.61,300.92,301.875,1175625
2026-07-31 09:39:00,301.8851,302.19,300.95,301.32,809397
2026-07-31 09:40:00,301.19,301.29,300.33,300.59,799820
2026-07-31 09:41:00,300.55,301.405,300.44,301.405,550663
2026-07-31 09:42:00,301.405,302.53,301.09,302.425,580946
2026-07-31 09:43:00,302.5,303.705,302.39,303.53,865229
2026-07-31 09:44:00,303.52,304.91,303.5,304.79,1046614
2026-07-31 09:45:00,304.78,305.76,304.2,304.3049,890889
2026-07-31 09:46:00,304.26,305.3195,304.08,305.09,984915
2026-07-31 09:47:00,305.14,305.9199,305.06,305.5295,550400
2026-07-31 09:48:00,305.5,305.74,304.99,305.4924,521867
2026-07-31 09:49:00,305.51,305.56,304.59,305.18,528192
2026-07-31 09:50:00,305.2062,305.5,304.67,305.062,137528
2026-07-31 09:51:00,305.08,305.3,304.5,304.925,462719
2026-07-31 09:52:00,304.925,305.3,304.67,304.82,467175
2026-07-31 09:53:00,304.835,305.17,304.46,304.6101,399899
2026-07-31 09:54:00,304.765,305.1,304.3,304.8189,374101
2026-07-31 09:55:00,304.825,305.19,304.56,305.0799,294735
2026-07-31 09:56:00,305.0,305.45,304.73,305.09,446809
2026-07-31 09:57:00,305.08,305.08,304.04,304.04,402898
2026-07-31 09:58:00,304.03,304.03,302.85,302.865,416099
2026-07-31 09:59:00,302.865,303.13,302.52,302.79,414869
2026-07-31 10:00:00,302.79,303.32,302.67,303.1699,395902
2026-07-31 10:01:00,303.145,303.19,302.5,302.84,717782
2026-07-31 10:02:00,302.81,302.815,302.171,302.29,447277
2026-07-31 10:03:00,302.28,302.28,301.3501,301.64,479635
2026-07-31 10:04:00,301.61,302.25,301.55,302.12,341397
2026-07-31 10:05:00,302.095,302.3,301.84,302.12,365227
2026-07-31 10:06:00,302.06,302.5,301.88,302.275,296843
2026-07-31 10:07:00,302.3,302.7473,302.0301,302.68,277881
2026-07-31 10:08:00,302.65,302.87,302.03,302.7801,283397
2026-07-31 10:09:00,302.805,302.94,302.48,302.88,337271
2026-07-31 10:10:00,302.834,303.065,302.31,302.785,394124
2026-07-31 10:11:00,302.79,302.7925,301.74,301.9,381165
2026-07-31 10:12:00,301.94,302.01,301.36,301.47,358443
2026-07-31 10:13:00,301.47,301.97,301.44,301.805,232900
2026-07-31 10:14:00,301.78,302.359,301.76,302.1361,293360
2026-07-31 10:15:00,302.145,302.47,301.94,302.215,193118
2026-07-31 10:16:00,302.21,302.73,302.17,302.5386,217540
2026-07-31 10:17:00,302.5,302.5,301.65,301.675,226186
2026-07-31 10:18:00,301.68,302.4,301.66,302.345,196020
2026-07-31 10:19:00,302.345,302.8495,302.315,302.5301,324031
2026-07-31 10:20:00,302.51,303.22,302.39,302.59,190002
2026-07-31 10:21:00,302.615,302.91,302.52,302.82,160749
2026-07-31 10:22:00,302.8142,302.95,302.4265,302.8005,194117
2026-07-31 10:23:00,302.83,303.56,302.77,303.5095,258295
2026-07-31 10:24:00,303.52,303.5699,303.14,303.21,202472
2026-07-31 10:25:00,303.185,303.24,302.97,303.1299,159987
2026-07-31 10:26:00,303.13,303.5393,303.06,303.38,213186
2026-07-31 10:27:00,303.405,303.44,302.65,302.67,276695
2026-07-31 10:28:00,302.69,303.17,302.58,303.05,189361
2026-07-31 10:29:00,303.04,303.1,302.7,302.74,130072
2026-07-31 10:30:00,302.755,302.89,302.0901,302.155,206537
2026-07-31 10:31:00,302.15,302.595,302.15,302.314,156679
2026-07-31 10:32:00,302.32,302.62,302.26,302.6199,125005
2026-07-31 10:33:00,302.585,302.998,302.375,302.505,204706
2026-07-31 10:34:00,302.48,302.58,301.92,301.94,223197
2026-07-31 10:35:00,301.925,302.0497,301.7,301.96,141861
2026-07-31 10:36:00,301.98,302.07,301.87,301.94,113869
2026-07-31 10:37:00,301.94,302.06,301.8,301.945,151259
2026-07-31 10:38:00,301.935,302.3785,301.91,302.345,161798
2026-07-31 10:39:00,302.345,302.58,302.225,302.26,167619
2026-07-31 10:40:00,302.28,302.35,302.04,302.32,144111
2026-07-31 10:41:00,302.31,302.8,302.31,302.76,133530
2026-07-31 10:42:00,302.7,302.76,302.26,302.39,188950
2026-07-31 10:43:00,302.41,302.6799,302.32,302.56,160932
2026-07-31 10:44:00,302.56,302.58,302.27,302.435,126948
2026-07-31 10:45:00,302.42,302.66,302.36,302.5201,130890
2026-07-31 10:46:00,302.52,302.63,302.13,302.13,164172
2026-07-31 10:47:00,302.145,302.54,302.06,302.435,168086
2026-07-31 10:48:00,302.45,302.53,302.19,302.43,201177
2026-07-31 10:49:00,302.43,302.66,302.3301,302.57,186142
2026-07-31 10:50:00,302.57,302.65,302.45,302.52,135651
2026-07-31 10:51:00,302.515,302.64,302.34,302.62,121960
2026-07-31 10:52:00,302.63,302.76,302.4,302.435,154626
2026-07-31 10:53:00,302.41,302.45,302.17,302.27,186367
2026-07-31 10:54:00,302.2777,302.4599,302.19,302.4299,138066
2026-07-31 10:55:00,302.4,302.41,302.08,302.19,170211
2026-07-31 10:56:00,302.1517,302.2267,302.09,302.1662,160185
2026-07-31 10:57:00,302.165,302.24,301.95,302.175,310837
2026-07-31 10:58:00,302.17,302.74,302.12,302.685,220713
2026-07-31 10:59:00,302.66,303.2,302.535,303.16,179819
2026-07-31 11:00:00,303.16,303.24,302.7,302.86,370783
2026-07-31 11:01:00,302.85,302.97,302.63,302.7,135362
2026-07-31 11:02:00,302.705,302.78,302.3207,302.56,188473
2026-07-31 11:03:00,302.53,302.59,302.34,302.42,158325
2026-07-31 11:04:00,302.415,302.7,302.39,302.635,185076
2026-07-31 11:05:00,302.63,302.74,302.54,302.725,126383
2026-07-31 11:06:00,302.73,302.95,302.59,302.695,170978
2026-07-31 11:07:00,302.685,302.71,302.46,302.66,133414
2026-07-31 11:08:00,302.67,302.83,302.66,302.78,163115
2026-07-31 11:09:00,302.77,302.93,302.66,302.89,136075
2026-07-31 11:10:00,302.92,303.04,302.79,302.995,159390
2026-07-31 11:11:00,302.9714,303.05,302.73,302.85,218322
2026-07-31 11:12:00,302.87,303.065,302.6175,302.69,208884
2026-07-31 11:13:00,302.665,302.9,302.53,302.76,190776
2026-07-31 11:14:00,302.745,303.0795,302.535,302.995,165813
2026-07-31 11:15:00,302.995,303.1,302.8,302.87,185402
2026-07-31 11:16:00,302.87,303.138,302.86,303.0923,200508
2026-07-31 11:17:00,303.08,303.66,302.76,303.5,252280
2026-07-31 11:18:00,303.48,303.85,303.38,303.49,195655
2026-07-31 11:19:00,303.4531,304.0295,303.45,303.8901,202967
2026-07-31 11:20:00,303.89,304.16,303.78,303.88,147194
2026-07-31 11:21:00,303.8999,304.25,303.85,303.86,172898
2026-07-31 11:22:00,303.87,303.925,303.51,303.52,159885
2026-07-31 11:23:00,303.5301,303.64,303.05,303.075,136577
2026-07-31 11:24:00,303.09,303.1699,302.923,302.95,159177
2026-07-31 11:25:00,302.9551,303.08,302.48,302.5842,234506
2026-07-31 11:26:00,302.55,302.68,302.23,302.66,286510
2026-07-31 11:27:00,302.66,302.68,302.2,302.23,152149
2026-07-31 11:28:00,302.23,302.2699,301.69,301.84,434429
2026-07-31 11:29:00,301.84,301.965,301.64,301.73,230607
2026-07-31 11:30:00,301.73,302.1485,301.725,301.845,188306
2026-07-31 11:31:00,301.8599,302.13,301.8,301.99,139131
2026-07-31 11:32:00,301.99,302.01,301.83,301.945,139620
2026-07-31 11:33:00,301.93,302.24,301.84,302.195,224493
2026-07-31 11:34:00,302.2199,302.36,302.02,302.2731,134027
2026-07-31 11:35:00,302.29,302.59,302.24,302.37,141148
2026-07-31 11:36:00,302.37,302.39,302.05,302.12,435130
2026-07-31 11:37:00,302.09,302.81,302.09,302.665,226342
2026-07-31 11:38:00,302.665,302.72,302.23,302.71,198770
2026-07-31 11:39:00,302.72,302.82,302.1,302.16,147101
2026-07-31 11:40:00,302.19,302.3399,301.965,302.15,135334
2026-07-31 11:41:00,302.13,302.145,301.533,301.5617,185343
2026-07-31 11:42:00,301.555,301.9,301.47,301.6,430282
2026-07-31 11:43:00,301.66,301.775,301.44,301.46,176173
2026-07-31 11:44:00,301.46,301.97,301.45,301.95,152135
2026-07-31 11:45:00,301.95,302.1275,301.86,302.1,108927
2026-07-31 11:46:00,302.11,302.3,302.04,302.22,85698
2026-07-31 11:47:00,302.26,302.357,301.82,302.05,140616
2026-07-31 11:48:00,302.05,302.15,301.95,302.06,70853
2026-07-31 11:49:00,302.02,302.07,300.74,300.8858,603041
2026-07-31 11:50:00,300.865,300.88,300.4,300.78,369526
2026-07-31 11:51:00,300.76,300.84,300.52,300.835,173480
2026-07-31 11:52:00,300.84,301.04,300.76,300.92,152510
2026-07-31 11:53:00,300.925,300.96,300.64,300.84,153073
2026-07-31 11:54:00,300.82,301.422,300.76,301.4,124587
2026-07-31 11:55:00,301.39,301.43,300.89,301.25,190842
2026-07-31 11:56:00,301.2752,301.55,301.15,301.385,175210
2026-07-31 11:57:00,301.385,301.58,301.135,301.53,113200
2026-07-31 11:58:00,301.53,301.72,301.45,301.59,115955
2026-07-31 11:59:00,301.58,301.64,301.28,301.295,471568
2026-07-31 12:00:00,301.285,301.358,300.9,301.1448,138876
2026-07-31 12:01:00,301.14,301.3399,301.0,301.27,165038
2026-07-31 12:02:00,301.27,301.5999,301.2,301.535,147658
2026-07-31 12:03:00,301.5156,301.56,301.28,301.3399,112284
2026-07-31 12:04:00,301.325,301.379,301.19,301.34,111757
2026-07-31 12:05:00,301.355,301.45,301.18,301.19,104587
2026-07-31 12:06:00,301.185,301.3,301.12,301.2558,67029
2026-07-31 12:07:00,301.26,301.29,301.16,301.1799,89869
2026-07-31 12:08:00,301.18,301.38,301.15,301.34,69707
2026-07-31 12:09:00,301.36,301.37,301.16,301.23,61393
2026-07-31 12:10:00,301.2675,301.51,301.19,301.43,74815
2026-07-31 12:11:00,301.435,301.65,301.34,301.635,76521
2026-07-31 12:12:00,301.635,301.83,301.49,301.73,101752
2026-07-31 12:13:00,301.7,301.92,301.6801,301.85,102624
2026-07-31 12:14:00,301.85,302.14,301.75,302.115,136618
2026-07-31 12:15:00,302.105,302.34,302.03,302.09,132811
2026-07-31 12:16:00,302.0801,302.1064,301.84,302.0399,132842
2026-07-31 12:17:00,302.025,302.0396,301.73,301.9,141921
2026-07-31 12:18:00,301.94,301.94,301.3609,301.49,284333
2026-07-31 12:19:00,301.51,301.52,301.13,301.155,169347
2026-07-31 12:20:00,301.175,301.47,301.14,301.28,108957
2026-07-31 12:21:00,301.28,301.39,301.16,301.295,111508
2026-07-31 12:22:00,301.29,301.4398,301.24,301.4398,136774
2026-07-31 12:23:00,301.42,301.614,301.33,301.4899,105188
2026-07-31 12:24:00,301.4899,301.585,301.36,301.445,107492
2026-07-31 12:25:00,301.45,301.58,301.35,301.385,92743
2026-07-31 12:26:00,301.39,301.4399,301.16,301.24,132644
2026-07-31 12:27:00,301.24,301.3,300.8,300.82,200765
2026-07-31 12:28:00,300.83,301.0,300.73,300.97,137195
2026-07-31 12:29:00,300.97,300.98,300.47,300.54,199747
2026-07-31 12:30:00,300.56,300.68,300.1,300.3805,297715
2026-07-31 12:31:00,300.4,300.55,300.28,300.46,205525
2026-07-31 12:32:00,300.466,300.466,300.01,300.08,279913
2026-07-31 12:33:00,300.08,300.45,300.0,300.3451,445989
2026-07-31 12:34:00,300.335,300.56,300.33,300.535,127501
2026-07-31 12:35:00,300.52,300.69,300.35,300.6899,125136
2026-07-31 12:36:00,300.69,300.709,300.575,300.66,122646
2026-07-31 12:37:00,300.66,301.01,300.57,300.75,155071
2026-07-31 12:38:00,300.72,300.76,300.55,300.55,100355
2026-07-31 12:39:00,300.55,300.71,300.49,300.55,142020
2026-07-31 12:40:00,300.5478,300.89,300.48,300.8899,142825
2026-07-31 12:41:00,300.89,300.91,300.6,300.82,110839
2026-07-31 12:42:00,300.8,300.98,300.69,300.71,158749
2026-07-31 12:43:00,300.715,300.8,300.21,300.35,259442
2026-07-31 12:44:00,300.34,300.425,300.2101,300.365,148225
2026-07-31 12:45:00,300.36,300.4999,300.245,300.4999,124092
2026-07-31 12:46:00,300.5,300.68,300.41,300.63,96373
2026-07-31 12:47:00,300.63,301.08,300.4201,301.05,133735
2026-07-31 12:48:00,301.05,301.11,300.9,301.01,120311
2026-07-31 12:49:00,301.0,301.0151,300.66,300.78,84648
2026-07-31 12:50:00,300.79,300.82,300.57,300.76,93349
2026-07-31 12:51:00,300.7523,301.09,300.7523,301.08,127630
2026-07-31 12:52:00,301.08,301.32,301.08,301.26,154144
2026-07-31 12:53:00,301.24,301.55,301.22,301.34,212673
2026-07-31 12:54:00,301.34,301.37,300.715,300.72,143146
2026-07-31 12:55:00,300.73,300.89,300.57,300.76,110134
2026-07-31 12:56:00,300.75,300.86,300.585,300.6899,152201
2026-07-31 12:57:00,300.67,300.6867,300.4201,300.4599,97575
2026-07-31 12:58:00,300.45,300.7395,300.39,300.7064,133018
2026-07-31 12:59:00,300.695,300.97,300.69,300.87,97677
2026-07-31 13:00:00,300.86,301.09,300.855,300.9401,94716
2026-07-31 13:01:00,300.955,301.2439,300.955,301.165,104970
2026-07-31 13:02:00,301.1601,301.19,300.98,301.1766,94557
2026-07-31 13:03:00,301.165,301.8343,301.165,301.61,234745
2026-07-31 13:04:00,301.619,301.7454,301.535,301.585,95204
2026-07-31 13:05:00,301.59,301.78,301.38,301.6699,133984
2026-07-31 13:06:00,301.67,301.72,301.5202,301.605,97953
2026-07-31 13:07:00,301.605,301.62,301.3,301.3401,94184
2026-07-31 13:08:00,301.35,301.5,301.31,301.44,92764
2026-07-31 13:09:00,301.43,301.47,301.15,301.171,82667
2026-07-31 13:10:00,301.17,301.315,301.11,301.175,108588
2026-07-31 13:11:00,301.171,301.2151,301.02,301.05,61866
2026-07-31 13:12:00,301.01,301.1193,300.96,301.1,136234
2026-07-31 13:13:00,301.1,301.14,301.04,301.06,78778
2026-07-31 13:14:00,301.055,301.6,301.0,301.52,113226
2026-07-31 13:15:00,301.515,301.7,301.515,301.645,119747
2026-07-31 13:16:00,301.64,301.82,301.63,301.77,116336
2026-07-31 13:17:00,301.78,301.795,301.2601,301.27,146286
2026-07-31 13:18:00,301.27,301.625,301.2,301.59,143011
2026-07-31 13:19:00,301.6,301.69,301.5,301.575,84608
2026-07-31 13:20:00,301.579,301.655,301.535,301.5499,101720
2026-07-31 13:21:00,301.55,301.57,301.355,301.39,111817
2026-07-31 13:22:00,301.39,301.515,301.28,301.2997,94660
2026-07-31 13:23:00,301.29,301.52,301.25,301.45,95775
2026-07-31 13:24:00,301.45,301.525,301.3401,301.35,91045
2026-07-31 13:25:00,301.34,301.45,301.25,301.259,75578
2026-07-31 13:26:00,301.26,301.34,301.2499,301.28,56313
2026-07-31 13:27:00,301.28,301.3399,301.04,301.05,74334
2026-07-31 13:28:00,301.0499,301.2292,301.0405,301.12,74835
2026-07-31 13:29:00,301.13,301.34,301.055,301.2,100592
2026-07-31 13:30:00,301.2,301.32,301.1,301.295,88887
2026-07-31 13:31:00,301.2999,301.51,301.29,301.475,103249
2026-07-31 13:32:00,301.475,301.48,301.2203,301.2501,116997
2026-07-31 13:33:00,301.26,301.55,301.25,301.488,96018
2026-07-31 13:34:00,301.48,301.57,301.43,301.469,84401
2026-07-31 13:35:00,301.46,301.6,301.43,301.5401,81356
2026-07-31 13:36:00,301.54,301.72,301.48,301.4968,94874
2026-07-31 13:37:00,301.47,301.54,301.4,301.42,83750
2026-07-31 13:38:00,301.44,301.495,301.27,301.4825,93322
2026-07-31 13:39:00,301.485,301.54,301.39,301.39,60427
2026-07-31 13:40:00,301.4,301.6,301.39,301.58,66902
2026-07-31 13:41:00,301.58,301.59,301.4601,301.51,84693
2026-07-31 13:42:00,301.51,301.5195,301.41,301.425,79318
2026-07-31 13:43:00,301.425,301.585,301.35,301.355,111478
2026-07-31 13:44:00,301.3502,301.42,301.29,301.305,67481
2026-07-31 13:45:00,301.305,301.43,301.21,301.21,83969
2026-07-31 13:46:00,301.205,301.29,301.15,301.1798,92681
2026-07-31 13:47:00,301.16,301.2279,301.07,301.085,100163
2026-07-31 13:48:00,301.08,301.32,301.0601,301.2591,95843
2026-07-31 13:49:00,301.25,301.27,301.16,301.16,66902
2026-07-31 13:50:00,301.1699,301.22,301.09,301.16,83394
2026-07-31 13:51:00,301.1697,301.265,301.1,301.101,3113931
2026-07-31 13:52:00,301.105,301.21,301.08,301.15,87521
2026-07-31 13:53:00,301.1401,301.16,300.615,300.615,207455
2026-07-31 13:54:00,300.61,300.7,300.535,300.68,138785
2026-07-31 13:55:00,300.69,300.86,300.685,300.79,100105
2026-07-31 13:56:00,300.79,300.87,300.7523,300.848,87000
2026-07-31 13:57:00,300.845,300.8498,300.62,300.665,112771
2026-07-31 13:58:00,300.665,300.805,300.585,300.59,98137
2026-07-31 13:59:00,300.58,300.68,300.5,300.64,122991
2026-07-31 14:00:00,300.64,300.79,300.595,300.79,98818
2026-07-31 14:01:00,300.79,301.18,300.7801,301.115,163199
2026-07-31 14:02:00,301.115,301.29,301.08,301.085,129386
2026-07-31 14:03:00,301.09,301.135,300.945,301.0,119067
2026-07-31 14:04:00,301.005,301.17,301.0001,301.075,109386
2026-07-31 14:05:00,301.065,301.225,300.995,301.0509,105761
2026-07-31 14:06:00,301.06,301.07,300.88,300.965,124145
2026-07-31 14:07:00,300.9501,301.05,300.88,300.885,175481
2026-07-31 14:08:00,300.885,300.9,300.785,300.82,131458
2026-07-31 14:09:00,300.815,300.98,300.695,300.955,191143
2026-07-31 14:10:00,300.97,301.25,300.94,301.15,125183
2026-07-31 14:11:00,301.15,301.37,301.15,301.31,131040
2026-07-31 14:12:00,301.31,301.52,301.3,301.49,124549
2026-07-31 14:13:00,301.485,301.9,301.45,301.825,267178
2026-07-31 14:14:00,301.83,302.095,301.82,301.995,197059
2026-07-31 14:15:00,302.005,302.09,301.9,301.9,138414
2026-07-31 14:16:00,301.8923,301.92,301.83,301.865,79993
2026-07-31 14:17:00,301.86,301.8781,301.61,301.8601,100225
2026-07-31 14:18:00,301.8799,301.94,301.71,301.875,103344
2026-07-31 14:19:00,301.89,302.05,301.77,302.03,68104
2026-07-31 14:20:00,302.02,302.15,302.005,302.035,107316
2026-07-31 14:21:00,302.0399,302.13,301.98,302.09,102559
2026-07-31 14:22:00,302.095,302.1,301.97,302.05,93848
2026-07-31 14:23:00,302.05,302.28,302.02,302.14,113682
2026-07-31 14:24:00,302.14,302.42,302.115,302.33,101311
2026-07-31 14:25:00,302.34,302.36,302.04,302.05,87800
2026-07-31 14:26:00,302.0669,302.0669,301.84,301.845,114834
2026-07-31 14:27:00,301.84,301.85,301.735,301.75,85664
2026-07-31 14:28:00,301.71,301.815,301.68,301.78,71133
2026-07-31 14:29:00,301.785,301.89,301.7001,301.73,109778
2026-07-31 14:30:00,301.76,301.99,301.745,301.94,127582
2026-07-31 14:31:00,301.93,302.01,301.75,301.91,103825
2026-07-31 14:32:00,301.92,302.02,301.8523,301.991,95738
2026-07-31 14:33:00,302.0,302.0899,301.96,302.0301,131259
2026-07-31 14:34:00,302.035,302.16,302.015,302.061,125633
2026-07-31 14:35:00,302.065,302.1601,302.01,302.05,107971
2026-07-31 14:36:00,302.04,302.15,302.0,302.14,87696
2026-07-31 14:37:00,302.14,302.1498,301.88,301.88,110716
2026-07-31 14:38:00,301.875,301.965,301.85,301.95,97122
2026-07-31 14:39:00,301.94,302.05,301.92,302.015,68276
2026-07-31 14:40:00,302.015,302.18,301.96,302.095,109401
2026-07-31 14:41:00,302.0909,302.1,301.91,302.0,85413
2026-07-31 14:42:00,302.005,302.11,301.8901,302.015,142128
2026-07-31 14:43:00,302.015,302.18,301.98,302.12,123360
2026-07-31 14:44:00,302.11,302.345,302.11,302.3224,146291
2026-07-31 14:45:00,302.315,302.53,302.31,302.405,150585
2026-07-31 14:46:00,302.405,302.44,302.0401,302.269,208742
2026-07-31 14:47:00,302.25,302.44,302.25,302.325,94377
2026-07-31 14:48:00,302.325,302.385,302.28,302.285,68430
2026-07-31 14:49:00,302.2898,302.34,302.2501,302.295,93985
2026-07-31 14:50:00,302.295,302.3,302.24,302.255,103002
2026-07-31 14:51:00,302.25,302.4,302.25,302.325,174826
2026-07-31 14:52:00,302.325,302.6,302.315,302.5299,130044
2026-07-31 14:53:00,302.52,302.96,302.47,302.95,185099
2026-07-31 14:54:00,302.955,303.0,302.79,302.885,210354
2026-07-31 14:55:00,302.885,302.9446,302.83,302.9,124655
2026-07-31 14:56:00,302.91,302.93,302.79,302.85,113019
2026-07-31 14:57:00,302.85,302.91,302.835,302.86,98308
2026-07-31 14:58:00,302.861,302.87,302.4602,302.575,148482
2026-07-31 14:59:00,302.575,302.86,302.42,302.83,178485
2026-07-31 15:00:00,302.84,303.23,302.78,303.13,252173
2026-07-31 15:01:00,303.14,303.3,303.08,303.2899,143109
2026-07-31 15:02:00,303.29,303.62,303.26,303.52,222093
2026-07-31 15:03:00,303.51,303.64,303.4001,303.4249,191090
2026-07-31 15:04:00,303.4,303.94,303.4,303.75,245713
2026-07-31 15:05:00,303.755,303.88,303.65,303.69,191298
2026-07-31 15:06:00,303.69,304.14,303.68,304.05,272650
2026-07-31 15:07:00,304.05,304.17,303.9305,304.07,208922
2026-07-31 15:08:00,304.075,304.3,304.02,304.285,179942
2026-07-31 15:09:00,304.285,304.53,304.24,304.415,409518
2026-07-31 15:10:00,304.41,304.87,304.39,304.6447,279770
2026-07-31 15:11:00,304.655,304.75,304.59,304.638,232686
2026-07-31 15:12:00,304.63,304.64,304.4,304.47,230400
2026-07-31 15:13:00,304.47,304.76,304.445,304.75,218729
2026-07-31 15:14:00,304.758,304.84,304.47,304.58,175887
2026-07-31 15:15:00,304.585,305.07,304.53,304.97,268564
2026-07-31 15:16:00,304.98,304.99,304.74,304.935,1350783
2026-07-31 15:17:00,304.93,305.71,304.93,305.515,308605
2026-07-31 15:18:00,305.51,305.519,305.15,305.16,372034
2026-07-31 15:19:00,305.151,305.43,305.14,305.242,178858
2026-07-31 15:20:00,305.24,305.24,304.635,304.92,287074
2026-07-31 15:21:00,304.91,305.11,304.785,305.015,227567
2026-07-31 15:22:00,305.015,305.05,304.86,304.94,224763
2026-07-31 15:23:00,304.935,305.23,304.935,305.2,183987
2026-07-31 15:24:00,305.195,305.3999,305.17,305.345,198407
2026-07-31 15:25:00,305.345,305.52,305.22,305.22,197286
2026-07-31 15:26:00,305.22,305.45,305.14,305.262,290451
2026-07-31 15:27:00,305.265,305.32,305.11,305.155,145062
2026-07-31 15:28:00,305.155,305.38,305.14,305.355,198320
2026-07-31 15:29:00,305.355,305.705,305.29,305.655,221418
2026-07-31 15:30:00,305.66,305.84,305.28,305.38,366369
2026-07-31 15:31:00,305.38,305.38,305.105,305.3,271376
2026-07-31 15:32:00,305.315,305.315,305.11,305.245,273516
2026-07-31 15:33:00,305.25,305.57,305.07,305.3,390630
2026-07-31 15:34:00,305.3,305.865,305.295,305.86,377087
2026-07-31 15:35:00,305.87,306.2,305.77,306.125,359994
2026-07-31 15:36:00,306.12,306.41,306.08,306.159,278192
2026-07-31 15:37:00,306.155,306.16,305.85,305.9601,263508
2026-07-31 15:38:00,305.97,306.0832,305.85,305.865,209496
2026-07-31 15:39:00,305.8501,305.87,305.02,305.14,334159
2026-07-31 15:40:00,305.14,305.96,305.11,305.9191,334913
2026-07-31 15:41:00,305.91,306.01,305.83,305.91,280725
2026-07-31 15:42:00,305.92,306.27,305.91,306.19,369428
2026-07-31 15:43:00,306.2,306.4997,306.1998,306.31,352480
2026-07-31 15:44:00,306.31,306.62,306.24,306.535,353353
2026-07-31 15:45:00,306.54,306.63,306.4,306.6297,359258
2026-07-31 15:46:00,306.62,307.33,306.62,306.75,765716
2026-07-31 15:47:00,306.75,307.09,306.36,306.375,556159
2026-07-31 15:48:00,306.385,306.83,306.29,306.515,437429
2026-07-31 15:49:00,306.51,306.74,306.13,306.71,477356
2026-07-31 15:50:00,306.69,308.35,306.68,307.46,1351695
2026-07-31 15:51:00,307.475,307.53,306.91,307.035,726662
2026-07-31 15:52:00,307.04,307.14,306.68,306.835,583348
2026-07-31 15:53:00,306.82,308.19,306.8,308.19,830038
2026-07-31 15:54:00,308.19,309.9999,308.15,309.72,1607407
2026-07-31 15:55:00,309.71,309.72,307.64,308.15,1386786
2026-07-31 15:56:00,308.165,308.52,307.98,308.505,906089
2026-07-31 15:57:00,308.52,309.7,308.43,309.595,1221895
2026-07-31 15:58:00,309.59,310.08,309.025,309.6401,2052730
2026-07-31 15:59:00,309.65,310.66,308.44,309.03,2565164
2026-07-31 16:00:00,310.19,310.19,308.91,309.05,0
2026-07-31 16:01:00,309.1,309.3,308.9,309.0,0
2026-07-31 16:02:00,309.0,309.35,309.0,309.08,0
2026-07-31 16:03:00,309.1,309.16,308.28,308.65,0
2026-07-31 16:04:00,308.58,309.0,308.58,308.8,0
2026-07-31 16:05:00,308.88,308.88,308.7448,308.88,0
2026-07-31 16:06:00,308.85,309.0,308.84,308.91,0
2026-07-31 16:07:00,308.9105,308.95,308.83,308.9,0
2026-07-31 16:08:00,308.91,309.3,308.91,309.23,0
2026-07-31 16:09:00,309.26,309.5,309.06,309.49,0
2026-07-31 16:10:00,309.49,309.5,308.91,309.33,0
2026-07-31 16:11:00,308.91,309.4788,308.91,309.3675,0
2026-07-31 16:12:00,309.36,309.45,309.21,309.31,0
2026-07-31 16:13:00,309.33,309.35,309.21,309.2197,0
2026-07-31 16:14:00,309.22,309.22,309.1,309.14,0
2026-07-31 16:15:00,308.91,309.2,308.91,309.07,0
2026-07-31 16:16:00,309.07,309.1,308.96,309.0165,0
2026-07-31 16:17:00,309.0162,309.05,308.91,308.9431,0
2026-07-31 16:18:00,308.91,308.95,308.83,308.9,0
2026-07-31 16:19:00,308.9036,308.96,308.8897,308.9,0
2026-07-31 16:20:00,308.92,308.92,308.71,308.8,0
2026-07-31 16:21:00,308.8,308.8,308.71,308.7901,0
2026-07-31 16:22:00,308.8,308.8,308.71,308.8,0
2026-07-31 16:23:00,308.8,308.85,308.76,308.8169,0
2026-07-31 16:24:00,308.82,308.85,308.72,308.76,0
2026-07-31 16:25:00,308.7359,308.8,308.72,308.7624,0
2026-07-31 16:26:00,308.7643,308.78,308.75,308.7564,0
2026-07-31 16:27:00,308.75,308.77,308.62,308.62,0
2026-07-31 16:28:00,308.62,329.391,308.62,308.64,0
2026-07-31 16:29:00,308.6458,308.66,308.62,308.65,0
2026-07-31 16:30:00,308.65,308.7,308.65,308.656,0
2026-07-31 16:31:00,308.69,308.6923,308.43,308.43,0
2026-07-31 16:32:00,308.4062,308.5,308.35,308.4897,0
2026-07-31 16:33:00,308.49,308.5,308.41,308.4201,0
2026-07-31 16:34:00,308.43,308.91,308.42,308.48,0
2026-07-31 16:35:00,308.48,308.59,308.44,308.44,0
2026-07-31 16:36:00,308.4385,308.4385,308.3517,308.3899,0
2026-07-31 16:37:00,308.4,308.4,308.28,308.28,0
2026-07-31 16:38:00,308.29,308.29,308.25,308.28,0
2026-07-31 16:39:00,308.25,308.66,308.22,308.52,0
2026-07-31 16:40:00,308.51,308.58,308.41,308.4499,0
2026-07-31 16:41:00,308.43,308.43,308.22,308.27,0
2026-07-31 16:42:00,308.27,308.3,308.27,308.2895,0
2026-07-31 16:43:00,308.29,308.29,308.15,308.16,0
2026-07-31 16:44:00,308.16,308.91,308.05,308.05,0
2026-07-31 16:45:00,308.0732,308.2,307.98,308.01,0
2026-07-31 16:46:00,308.05,308.05,307.97,308.03,0
2026-07-31 16:47:00,307.98,308.05,307.8421,307.9,0
2026-07-31 16:48:00,307.85,307.97,307.85,307.9595,0
2026-07-31 16:49:00,307.95,307.97,307.94,307.9575,0
2026-07-31 16:50:00,307.95,308.0,307.95,307.9873,0
2026-07-31 16:51:00,307.99,308.0054,307.92,307.93,0
2026-07-31 16:52:00,307.9236,307.94,307.9088,307.9088,0
2026-07-31 16:53:00,307.9063,307.91,307.7,307.7128,0
2026-07-31 16:54:00,307.71,307.72,307.4,307.4,0
2026-07-31 16:55:00,307.41,307.41,307.3575,307.386,0
2026-07-31 16:56:00,307.38,307.39,307.1,307.24,0
2026-07-31 16:57:00,307.21,307.23,307.1,307.1532,0
2026-07-31 16:58:00,307.1909,307.1909,307.06,307.06,0
2026-07-31 16:59:00,307.065,307.0699,306.69,306.69,0
2026-07-31 17:00:00,306.75,306.9,306.63,306.7996,0
2026-07-31 17:01:00,306.6694,306.75,306.5,306.63,0
2026-07-31 17:02:00,306.66,306.8,306.63,306.79,0
2026-07-31 17:03:00,306.7864,306.8,306.78,306.78,0
2026-07-31 17:04:00,306.75,306.8,306.66,306.73,0
2026-07-31 17:05:00,306.7398,306.8,306.66,306.8,0
2026-07-31 17:06:00,306.79,306.98,306.79,306.98,0
2026-07-31 17:07:00,306.98,307.2,306.98,307.15,0
2026-07-31 17:08:00,307.14,307.2,306.9952,307.0819,0
2026-07-31 17:09:00,307.12,307.2,307.0,307.0982,0
2026-07-31 17:10:00,307.02,307.17,307.0,307.17,0
2026-07-31 17:11:00,307.17,307.18,307.07,307.07,0
2026-07-31 17:12:00,307.09,307.09,306.93,306.9495,0
2026-07-31 17:13:00,306.9485,306.97,306.93,306.9315,0
2026-07-31 17:14:00,306.9358,306.94,306.85,306.8798,0
2026-07-31 17:15:00,306.88,306.91,306.8086,306.8499,0
2026-07-31 17:16:00,306.8088,306.99,306.8,306.98,0
2026-07-31 17:17:00,306.97,307.0824,306.89,306.9289,0
2026-07-31 17:18:00,306.96,306.96,306.82,306.8263,0
2026-07-31 17:19:00,306.83,306.83,306.81,306.82,0
2026-07-31 17:20:00,306.8164,306.82,306.77,306.7767,0
2026-07-31 17:21:00,306.7701,306.78,306.71,306.7199,0
2026-07-31 17:22:00,306.71,306.72,306.61,306.6127,0
2026-07-31 17:23:00,306.61,306.61,306.6,306.6033,0
2026-07-31 17:24:00,306.6037,306.6037,306.2887,306.472,0
2026-07-31 17:25:00,306.47,306.5,306.4556,306.4988,0
2026-07-31 17:26:00,306.48,306.5,306.26,306.3201,0
2026-07-31 17:27:00,306.32,306.4,306.32,306.36,0
2026-07-31 17:28:00,306.36,306.4,306.36,306.39,0
2026-07-31 17:29:00,306.4012,306.41,306.4,306.4,0
2026-07-31 17:30:00,306.4098,306.41,306.3063,306.3587,0
2026-07-31 17:31:00,306.36,306.39,306.31,306.3763,0
2026-07-31 17:32:00,306.38,306.38,306.3149,306.3492,0
2026-07-31 17:33:00,306.3499,306.39,306.31,306.39,0
2026-07-31 17:34:00,306.38,306.39,306.35,306.3501,0
2026-07-31 17:35:00,306.35,306.39,306.35,306.39,0
2026-07-31 17:36:00,306.36,306.5,306.35,306.4597,0
2026-07-31 17:37:00,306.46,306.4899,306.45,306.48,0
2026-07-31 17:38:00,306.47,306.48,306.46,306.4715,0
2026-07-31 17:39:00,306.48,306.5,306.47,306.5,0
2026-07-31 17:40:00,306.5,306.54,306.49,306.5395,0
2026-07-31 17:41:00,306.54,306.54,306.35,306.36,0
2026-07-31 17:42:00,306.3515,306.4017,306.35,306.4017,0
2026-07-31 17:43:00,306.4037,306.48,306.4,306.45,0
2026-07-31 17:44:00,306.47,306.48,306.4,306.4737,0
2026-07-31 17:45:00,306.4796,306.48,306.43,306.458,0
2026-07-31 17:46:00,306.46,306.46,306.45,306.46,0
2026-07-31 17:47:00,306.4585,306.5,306.45,306.4759,0
2026-07-31 17:48:00,306.5,306.54,306.4999,306.54,0
2026-07-31 17:49:00,306.5399,306.6,306.5276,306.57,0
2026-07-31 17:50:00,306.56,306.6,306.54,306.5999,0
2026-07-31 17:51:00,306.5987,306.6,306.56,306.5674,0
2026-07-31 17:52:00,306.56,306.58,306.45,306.51,0
2026-07-31 17:53:00,306.51,306.56,306.5,306.5,0
2026-07-31 17:54:00,306.51,306.6,306.5017,306.5999,0
2026-07-31 17:55:00,306.59,306.6,306.5,306.57,0
2026-07-31 17:56:00,306.5592,306.57,306.53,306.5698,0
2026-07-31 17:57:00,306.56,306.58,306.56,306.58,0
2026-07-31 17:58:00,306.57,306.58,306.5,306.56,0
2026-07-31 17:59:00,306.5111,306.5111,306.5,306.5,0
2026-07-31 18:00:00,306.51,306.6,306.5,306.55,0
2026-07-31 18:01:00,306.55,306.6,306.5452,306.5999,0
2026-07-31 18:02:00,306.55,306.65,306.55,306.65,0
2026-07-31 18:03:00,306.6,306.6493,306.5366,306.58,0
2026-07-31 18:04:00,306.55,306.75,306.55,306.68,0
2026-07-31 18:05:00,306.75,306.92,306.7,306.92,0
2026-07-31 18:06:00,306.92,307.0,306.8,306.9999,0
2026-07-31 18:07:00,307.08,307.1442,306.9215,307.09,0
2026-07-31 18:08:00,306.992,307.08,306.92,306.9988,0
2026-07-31 18:09:00,306.9324,307.0,306.9,306.966,0
2026-07-31 18:10:00,306.96,306.98,306.852,306.95,0
2026-07-31 18:11:00,306.95,307.1413,306.93,307.1413,0
2026-07-31 18:12:00,307.1423,307.1487,307.0,307.0845,0
2026-07-31 18:13:00,307.1,307.1,307.0,307.09,0
2026-07-31 18:14:00,307.06,307.0838,307.0,307.05,0
2026-07-31 18:15:00,307.07,307.1,307.01,307.0987,0
2026-07-31 18:16:00,307.0987,307.1,307.0,307.02,0
2026-07-31 18:17:00,307.09,307.1,307.05,307.0585,0
2026-07-31 18:18:00,307.0906,307.1,307.05,307.06,0
2026-07-31 18:19:00,307.06,307.1,307.0,307.1,0
2026-07-31 18:20:00,307.0975,307.1,307.0,307.05,0
2026-07-31 18:21:00,307.0,307.03,306.9,306.91,0
2026-07-31 18:22:00,306.9001,306.939,306.9,306.9001,0
2026-07-31 18:23:00,306.9003,306.91,306.8863,306.9,0
2026-07-31 18:24:00,306.8801,306.89,306.8208,306.8208,0
2026-07-31 18:25:00,306.82,306.87,306.76,306.78,0
2026-07-31 18:26:00,306.8337,306.85,306.75,306.85,0
2026-07-31 18:27:00,306.82,306.86,306.8,306.86,0
2026-07-31 18:28:00,306.86,306.9,306.86,306.88,0
2026-07-31 18:29:00,306.89,306.95,306.89,306.95,0
2026-07-31 18:30:00,306.95,307.0,306.9,306.99,0
2026-07-31 18:31:00,307.0,307.1,306.9927,307.03,0
2026-07-31 18:32:00,307.0035,307.1688,307.0001,307.1,0
2026-07-31 18:33:00,307.17,308.91,307.11,308.91,0
2026-07-31 18:34:00,308.91,308.91,307.21,307.2577,0
2026-07-31 18:35:00,307.26,307.3,307.25,307.2569,0
2026-07-31 18:36:00,307.25,307.28,307.25,307.26,0
2026-07-31 18:37:00,307.2502,307.3,307.25,307.28,0
2026-07-31 18:38:00,307.2801,307.31,307.2512,307.31,0
2026-07-31 18:39:00,307.31,307.35,307.19,307.279,0
2026-07-31 18:40:00,307.3,307.3,307.1,307.2,0
2026-07-31 18:41:00,307.2,307.2267,307.1,307.2,0
2026-07-31 18:42:00,307.1845,307.2,307.08,307.1,0
2026-07-31 18:43:00,307.12,307.15,307.01,307.01,0
2026-07-31 18:44:00,307.05,307.1,307.01,307.1,0
2026-07-31 18:45:00,307.06,307.1,307.0,307.0423,0
2026-07-31 18:46:00,307.05,307.05,307.0,307.0363,0
2026-07-31 18:47:00,307.0381,307.05,307.0146,307.05,0
2026-07-31 18:48:00,307.06,307.1,307.06,307.0763,0
2026-07-31 18:49:00,307.06,307.1,307.05,307.0998,0
2026-07-31 18:50:00,307.0992,307.1,307.0748,307.0987,0
2026-07-31 18:51:00,307.09,307.15,307.05,307.15,0
2026-07-31 18:52:00,307.1314,307.2282,307.05,307.228,0
2026-07-31 18:53:00,307.2105,307.23,307.15,307.23,0
2026-07-31 18:54:00,307.228,307.28,307.1862,307.28,0
2026-07-31 18:55:00,307.233,307.35,307.2,307.29,0
2026-07-31 18:56:00,307.35,307.35,307.2,307.3267,0
2026-07-31 18:57:00,307.3099,307.32,307.22,307.2892,0
2026-07-31 18:58:00,307.2892,307.33,307.25,307.25,0
2026-07-31 18:59:00,307.22,307.3,307.2002,307.2768,0
2026-07-31 19:00:00,307.27,307.33,307.2201,307.33,0
2026-07-31 19:01:00,307.3,307.3298,307.2,307.21,0
2026-07-31 19:02:00,307.25,307.3199,307.2,307.26,0
2026-07-31 19:03:00,307.25,307.3,307.25,307.3,0
2026-07-31 19:04:00,307.2845,307.35,307.2,307.35,0
2026-07-31 19:05:00,307.28,307.3499,307.22,307.3499,0
2026-07-31 19:06:00,307.32,307.35,307.24,307.3492,0
2026-07-31 19:07:00,307.257,307.35,307.2427,307.35,0
2026-07-31 19:08:00,307.3999,307.59,307.3155,307.5139,0
2026-07-31 19:09:00,307.55,307.5899,307.5012,307.58,0
2026-07-31 19:10:00,307.58,307.59,307.5,307.59,0
2026-07-31 19:11:00,307.52,307.66,307.5,307.5994,0
2026-07-31 19:12:00,307.5,307.7,307.5,307.7,0
2026-07-31 19:13:00,307.7,307.7,307.65,307.65,0
2026-07-31 19:14:00,307.6676,307.68,307.6139,307.6152,0
2026-07-31 19:15:00,307.68,307.68,307.52,307.64,0
2026-07-31 19:16:00,307.56,307.7,307.53,307.7,0
2026-07-31 19:17:00,307.8,307.8,307.64,307.7158,0
2026-07-31 19:18:00,307.61,307.75,307.59,307.7,0
2026-07-31 19:19:00,307.6,307.7388,307.6,307.65,0
2026-07-31 19:20:00,307.643,307.643,307.5,307.5,0
2026-07-31 19:21:00,307.5,307.6,307.43,307.5,0
2026-07-31 19:22:00,307.5,307.59,307.45,307.51,0
2026-07-31 19:23:00,307.52,307.6,307.45,307.5025,0
2026-07-31 19:24:00,307.5836,307.8,307.51,307.8,0
2026-07-31 19:25:00,307.6,307.8,307.5103,307.671,0
2026-07-31 19:26:00,307.66,307.77,307.5101,307.5101,0
2026-07-31 19:27:00,307.5995,307.73,307.5135,307.73,0
2026-07-31 19:28:00,307.72,307.75,307.68,307.73,0
2026-07-31 19:29:00,307.7293,307.75,307.68,307.7154,0
2026-07-31 19:30:00,307.71,307.75,307.68,307.6997,0
2026-07-31 19:31:00,307.7087,307.7088,307.6602,307.6685,0
2026-07-31 19:32:00,307.7,307.7,307.64,307.64,0
2026-07-31 19:33:00,307.65,307.7,307.51,307.69,0
2026-07-31 19:34:00,307.64,307.7399,307.51,307.7399,0
2026-07-31 19:35:00,307.7018,307.74,307.7,307.73,0
2026-07-31 19:36:00,307.7085,307.8,307.7085,307.7268,0
2026-07-31 19:37:00,307.8,307.8,307.7025,307.8,0
2026-07-31 19:38:00,307.7831,307.8,307.78,307.7995,0
2026-07-31 19:39:00,307.79,307.8,307.78,307.7851,0
2026-07-31 19:40:00,307.8,307.8,307.78,307.79,0
2026-07-31 19:41:00,307.79,307.8,307.78,307.78,0
2026-07-31 19:42:00,307.78,307.7865,307.66,307.7347,0
2026-07-31 19:43:00,307.75,307.75,307.66,307.69,0
2026-07-31 19:44:00,307.68,307.77,307.6562,307.71,0
2026-07-31 19:45:00,307.7487,307.7488,307.69,307.7,0
2026-07-31 19:46:00,307.6994,307.7,307.68,307.69,0
2026-07-31 19:47:00,307.69,307.7,307.68,307.6998,0
2026-07-31 19:48:00,307.68,307.7,307.68,307.7,0
2026-07-31 19:49:00,307.6936,307.7,307.68,307.6837,0
2026-07-31 19:50:00,307.6863,307.69,307.67,307.67,0
2026-07-31 19:51:00,307.65,307.67,307.52,307.5813,0
2026-07-31 19:52:00,307.65,307.67,307.53,307.59,0
2026-07-31 19:53:00,307.53,307.5992,307.53,307.5452,0
2026-07-31 19:54:00,307.5463,307.55,307.43,307.49,0
2026-07-31 19:55:00,307.4877,307.49,307.31,307.31,0
2026-07-31 19:56:00,307.31,307.49,307.18,307.4,0
2026-07-31 19:57:00,307.4,307.47,307.36,307.41,0
2026-07-31 19:58:00,307.41,307.43,307.3,307.3853,0
2026-07-31 19:59:00,307.3998,307.4,307.3,307.34,0
2026-08-03 04:00:00,308.97,309.3072,308.4,308.6557,0
2026-08-03 04:01:00,308.6557,309.09,308.26,308.48,0
2026-08-03 04:02:00,308.37,309.0,308.01,308.365,0
2026-08-03 04:03:00,308.1,308.3602,308.0,308.3602,0
2026-08-03 04:04:00,308.11,308.19,307.67,307.7411,0
2026-08-03 04:05:00,307.65,307.87,307.65,307.87,0
2026-08-03 04:06:00,307.84,308.98,307.65,308.66,0
2026-08-03 04:07:00,308.94,308.94,307.78,307.79,0
2026-08-03 04:08:00,307.8189,307.94,307.78,307.93,0
2026-08-03 04:09:00,307.93,307.97,307.72,307.72,0
2026-08-03 04:10:00,307.85,308.09,307.85,308.09,0
2026-08-03 04:11:00,308.07,308.08,307.85,307.85,0
2026-08-03 04:12:00,307.85,307.969,307.7752,307.969,0
2026-08-03 04:13:00,307.96,307.9688,307.65,307.74,0
2026-08-03 04:14:00,307.7572,307.7572,307.6501,307.66,0
2026-08-03 04:15:00,307.67,307.7262,307.6647,307.67,0
2026-08-03 04:16:00,307.6617,307.71,307.65,307.6605,0
2026-08-03 04:17:00,307.6697,307.74,307.65,307.66,0
2026-08-03 04:18:00,307.66,307.66,307.65,307.6597,0
2026-08-03 04:19:00,307.6538,307.73,307.65,307.71,0
2026-08-03 04:20:00,307.65,307.65,307.39,307.4,0
2026-08-03 04:21:00,307.4373,307.4487,307.4,307.41,0
2026-08-03 04:22:00,307.42,307.5,307.39,307.4,0
2026-08-03 04:23:00,307.3983,307.73,307.3983,307.46,0
2026-08-03 04:24:00,307.55,307.8,307.55,307.7225,0
2026-08-03 04:25:00,307.72,308.0,307.7,307.81,0
2026-08-03 04:26:00,307.98,308.0,307.7212,307.925,0
2026-08-03 04:27:00,307.81,307.993,307.727,307.97,0
2026-08-03 04:28:00,307.97,308.0,307.7003,307.9,0
2026-08-03 04:29:00,307.6682,307.9817,307.6682,307.7614,0
2026-08-03 04:30:00,307.82,307.97,307.82,307.91,0
2026-08-03 04:31:00,307.9,307.91,307.666,307.91,0
2026-08-03 04:32:00,307.8988,307.95,307.7104,307.95,0
2026-08-03 04:33:00,307.9225,307.99,307.8569,307.9025,0
2026-08-03 04:34:00,307.9022,307.9988,307.9022,307.92,0
2026-08-03 04:35:00,307.98,307.9902,307.9,307.92,0
2026-08-03 04:36:00,307.9594,308.01,307.89,307.9988,0
2026-08-03 04:37:00,308.0,308.0,307.94,307.9671,0
2026-08-03 04:38:00,308.0,308.0,307.96,307.96,0
2026-08-03 04:39:00,307.9699,307.99,307.91,307.99,0
2026-08-03 04:40:00,307.98,308.0,307.9602,307.9602,0
2026-08-03 04:41:00,307.9612,307.9698,307.96,307.9698,0
2026-08-03 04:42:00,307.9697,307.97,307.9602,307.9605,0
2026-08-03 04:43:00,307.96,307.97,307.8097,307.84,0
2026-08-03 04:44:00,307.84,307.84,307.8012,307.83,0
2026-08-03 04:45:00,307.8853,307.8853,307.8012,307.84,0
2026-08-03 04:46:00,307.8,307.9588,307.8,307.9588,0
2026-08-03 04:47:00,307.956,307.96,307.85,307.8917,0
2026-08-03 04:48:00,307.87,307.87,307.8,307.8,0
2026-08-03 04:49:00,307.8,307.949,307.8,307.949,0
2026-08-03 04:50:00,307.8062,307.9588,307.8062,307.9588,0
2026-08-03 04:51:00,307.8364,307.956,307.8012,307.956,0
2026-08-03 04:52:00,307.86,307.956,307.84,307.95,0
2026-08-03 04:53:00,307.95,307.956,307.92,307.9239,0
2026-08-03 04:54:00,307.923,307.995,307.9,307.995,0
2026-08-03 04:55:00,307.883,308.0,307.883,307.94,0
2026-08-03 04:56:00,307.9,307.9937,307.87,307.9937,0
2026-08-03 04:57:00,307.8863,307.9937,307.8863,307.9937,0
2026-08-03 04:58:00,307.94,307.95,307.8801,307.9009,0
2026-08-03 04:59:00,307.882,307.94,307.88,307.8842,0
2026-08-03 05:00:00,307.96,308.0,307.88,307.9641,0
2026-08-03 05:01:00,307.99,307.99,307.94,307.99,0
2026-08-03 05:02:00,307.8863,307.99,307.8863,307.99,0
2026-08-03 05:03:00,307.99,308.0,307.97,308.0,0
2026-08-03 05:04:00,307.9151,307.97,307.9151,307.97,0
2026-08-03 05:05:00,307.97,307.9788,307.9012,307.902,0
2026-08-03 05:06:00,307.97,307.9888,307.9012,307.97,0
2026-08-03 05:07:00,307.94,307.9877,307.94,307.95,0
2026-08-03 05:08:00,307.9585,307.96,307.9052,307.96,0
2026-08-03 05:09:00,307.94,307.96,307.9097,307.94,0
2026-08-03 05:10:00,307.9888,307.9888,307.9275,307.94,0
2026-08-03 05:11:00,307.99,307.99,307.9012,307.99,0
2026-08-03 05:12:00,307.99,308.0,307.9226,307.9226,0
2026-08-03 05:13:00,308.0,308.08,307.9337,308.0,0
2026-08-03 05:14:00,308.0,308.0,307.93,307.99,0
2026-08-03 05:15:00,307.9495,308.025,307.9365,308.025,0
2026-08-03 05:16:00,307.9567,307.9597,307.9357,307.9488,0
2026-08-03 05:17:00,307.95,308.0,307.93,308.0,0
2026-08-03 05:18:00,307.99,308.0,307.95,307.97,0
2026-08-03 05:19:00,307.9317,307.9336,307.9317,307.9336,0
2026-08-03 05:20:00,307.93,308.0,307.93,307.9787,0
2026-08-03 05:21:00,307.98,307.98,307.94,307.97,0
2026-08-03 05:22:00,307.98,308.01,307.904,307.909,0
2026-08-03 05:23:00,307.9,307.91,307.9,307.9,0
2026-08-03 05:24:00,307.9067,307.91,307.88,307.9095,0
2026-08-03 05:25:00,307.91,307.91,307.9,307.9,0
2026-08-03 05:26:00,307.85,307.9975,307.85,307.9975,0
2026-08-03 05:27:00,307.92,307.9988,307.92,307.9988,0
2026-08-03 05:28:00,307.9975,307.9975,307.905,307.905,0
2026-08-03 05:29:00,307.92,307.92,307.91,307.91,0
2026-08-03 05:30:00,307.9292,307.9292,307.9,307.92,0
2026-08-03 05:31:00,307.93,307.93,307.9,307.92,0
2026-08-03 05:32:00,307.9078,307.93,307.9,307.93,0
2026-08-03 05:33:00,307.9217,307.99,307.9,307.96,0
2026-08-03 05:34:00,307.98,307.99,307.9089,307.9877,0
2026-08-03 05:35:00,307.99,307.99,307.9022,307.99,0
2026-08-03 05:36:00,307.99,308.0,307.95,307.98,0
2026-08-03 05:37:00,307.9901,308.01,307.9707,307.9707,0
2026-08-03 05:38:00,307.9988,307.9992,307.97,307.9895,0
2026-08-03 05:39:00,307.99,307.99,307.9705,307.9767,0
2026-08-03 05:40:00,307.9922,308.01,307.9712,308.01,0
2026-08-03 05:41:00,307.9988,308.03,307.9809,308.03,0
2026-08-03 05:42:00,307.9902,308.0,307.9902,308.0,0
2026-08-03 05:43:00,307.99,308.0,307.99,307.99,0
2026-08-03 05:44:00,307.996,307.996,307.859,307.86,0
2026-08-03 05:45:00,307.8588,307.93,307.8212,307.8578,0
2026-08-03 05:46:00,307.9922,307.9975,307.8526,307.9764,0
2026-08-03 05:47:00,307.97,308.0,307.9017,307.98,0
2026-08-03 05:48:00,307.9975,307.9988,307.9,307.97,0
2026-08-03 05:49:00,308.0,308.0,307.9,307.9,0
2026-08-03 05:50:00,307.9,307.9099,307.9,307.9095,0
2026-08-03 05:51:00,307.9,307.91,307.9,307.9,0
2026-08-03 05:52:00,307.9,307.91,307.9,307.9,0
2026-08-03 05:53:00,307.9002,307.91,307.9,307.91,0
2026-08-03 05:54:00,307.9098,307.91,307.9,307.9,0
2026-08-03 05:55:00,307.906,307.91,307.9,307.9,0
2026-08-03 05:56:00,307.9,307.91,307.9,307.9098,0
2026-08-03 05:57:00,307.91,308.49,307.91,308.48,0
2026-08-03 05:58:00,308.48,308.48,308.29,308.29,0
2026-08-03 05:59:00,308.39,308.3988,308.29,308.29,0
2026-08-03 06:00:00,308.29,308.4,308.29,308.4,0
2026-08-03 06:01:00,308.37,308.3987,308.35,308.3632,0
2026-08-03 06:02:00,308.352,308.8,308.352,308.7,0
2026-08-03 06:03:00,308.8,308.8,308.5412,308.79,0
2026-08-03 06:04:00,308.8,308.9,308.56,308.8132,0
2026-08-03 06:05:00,308.895,309.2,308.895,308.954,0
2026-08-03 06:06:00,309.106,309.11,308.8077,309.02,0
2026-08-03 06:07:00,309.0,309.195,308.9,309.19,0
2026-08-03 06:08:00,308.9374,309.4,308.9374,309.4,0
2026-08-03 06:09:00,309.32,309.81,309.32,309.74,0
2026-08-03 06:10:00,309.799,309.81,309.6,309.7475,0
2026-08-03 06:11:00,309.738,309.75,309.66,309.7,0
2026-08-03 06:12:00,309.75,309.75,309.352,309.352,0
2026-08-03 06:13:00,309.43,309.59,309.42,309.59,0
2026-08-03 06:14:00,309.59,309.6,309.37,309.48,0
2026-08-03 06:15:00,309.46,309.96,309.1397,309.36,0
2026-08-03 06:16:00,309.36,309.36,309.13,309.13,0
2026-08-03 06:17:00,309.13,309.36,309.12,309.29,0
2026-08-03 06:18:00,309.36,309.6,309.2008,309.25,0
2026-08-03 06:19:00,309.36,309.36,309.14,309.2037,0
2026-08-03 06:20:00,309.3294,309.6,309.26,309.42,0
2026-08-03 06:21:00,309.42,309.83,309.4,309.83,0
2026-08-03 06:22:00,309.81,310.06,309.6,310.0,0
2026-08-03 06:23:00,310.03,310.27,309.75,310.24,0
2026-08-03 06:24:00,310.0,310.24,309.88,310.0,0
2026-08-03 06:25:00,310.0,310.23,309.8673,310.05,0
2026-08-03 06:26:00,310.07,310.24,309.8695,310.04,0
2026-08-03 06:27:00,310.05,310.24,310.04,310.123,0
2026-08-03 06:28:00,310.2038,310.27,309.88,309.9475,0
2026-08-03 06:29:00,309.9475,309.95,309.78,309.78,0
2026-08-03 06:30:00,309.9487,310.25,309.79,310.125,0
2026-08-03 06:31:00,310.125,310.3388,310.0062,310.22,0
2026-08-03 06:32:00,310.2,310.492,310.0712,310.492,0
2026-08-03 06:33:00,310.372,310.61,310.372,310.42,0
2026-08-03 06:34:00,310.42,310.59,310.0,310.148,0
2026-08-03 06:35:00,310.02,310.12,309.89,309.9301,0
2026-08-03 06:36:00,309.89,310.25,309.89,310.0062,0
2026-08-03 06:37:00,310.13,310.25,310.13,310.25,0
2026-08-03 06:38:00,310.25,310.4,310.2,310.32,0
2026-08-03 06:39:00,310.32,310.36,310.2,310.28,0
2026-08-03 06:40:00,310.4,310.4,310.3,310.35,0
2026-08-03 06:41:00,310.35,310.39,310.3,310.34,0
2026-08-03 06:42:00,310.39,310.41,310.18,310.37,0
2026-08-03 06:43:00,310.32,310.53,310.32,310.45,0
2026-08-03 06:44:00,310.46,310.49,310.4,310.41,0
2026-08-03 06:45:00,310.42,310.4925,310.1964,310.43,0
2026-08-03 06:46:00,310.325,310.45,310.2025,310.45,0
2026-08-03 06:47:00,310.4,310.59,310.239,310.4,0
2026-08-03 06:48:00,310.55,310.59,310.402,310.42,0
2026-08-03 06:49:00,310.42,310.5,310.33,310.35,0
2026-08-03 06:50:00,310.35,310.35,310.2412,310.246,0
2026-08-03 06:51:00,310.245,310.25,310.05,310.1488,0
2026-08-03 06:52:00,310.05,310.1,309.9174,309.9174,0
2026-08-03 06:53:00,310.0,310.0,309.49,309.67,0
2026-08-03 06:54:00,309.6171,309.89,309.6,309.66,0
2026-08-03 06:55:00,309.67,309.9888,309.66,309.9888,0
2026-08-03 06:56:00,309.87,309.983,309.7121,309.82,0
2026-08-03 06:57:00,309.85,309.9,309.74,309.74,0
2026-08-03 06:58:00,309.7593,309.9488,309.66,309.67,0
2026-08-03 06:59:00,309.71,309.8797,309.66,309.67,0
2026-08-03 07:00:00,309.66,310.24,309.66,310.09,0
2026-08-03 07:01:00,310.1761,310.25,309.99,310.0191,0
2026-08-03 07:02:00,310.0,310.08,309.7,309.9671,0
2026-08-03 07:03:00,309.89,310.0,309.7,309.95,0
2026-08-03 07:04:00,309.97,310.08,309.8054,309.83,0
2026-08-03 07:05:00,309.9599,309.96,309.83,309.96,0
2026-08-03 07:06:00,309.95,309.95,309.76,309.76,0
2026-08-03 07:07:00,309.77,309.9412,309.6,309.9412,0
2026-08-03 07:08:00,309.85,309.95,309.61,309.8,0
2026-08-03 07:09:00,309.82,310.11,309.6542,309.97,0
2026-08-03 07:10:00,309.95,310.1,309.9,310.07,0
2026-08-03 07:11:00,310.1,310.1,309.9,310.0,0
2026-08-03 07:12:00,309.99,310.06,309.9,309.999,0
2026-08-03 07:13:00,309.9999,310.0,309.76,309.9867,0
2026-08-03 07:14:00,310.0,310.0,309.85,309.9589,0
2026-08-03 07:15:00,309.8846,309.96,309.78,309.95,0
2026-08-03 07:16:00,309.95,309.98,309.8871,309.9069,0
2026-08-03 07:17:00,309.8655,310.34,309.85,310.34,0
2026-08-03 07:18:00,310.37,310.43,310.2901,310.43,0
2026-08-03 07:19:00,310.41,310.5988,310.4077,310.5401,0
2026-08-03 07:20:00,310.5201,310.6,310.5,310.5027,0
2026-08-03 07:21:00,310.5097,310.52,310.33,310.3698,0
2026-08-03 07:22:00,310.3409,310.5888,310.3301,310.5458,0
2026-08-03 07:23:00,310.55,310.9,310.5012,310.87,0
2026-08-03 07:24:00,310.8889,310.94,310.7472,310.8439,0
2026-08-03 07:25:00,310.86,310.92,310.8,310.8,0
2026-08-03 07:26:00,310.801,310.83,310.6,310.62,0
2026-08-03 07:27:00,310.6,310.79,310.6,310.69,0
2026-08-03 07:28:00,310.6829,310.79,310.56,310.56,0
2026-08-03 07:29:00,310.61,310.85,310.56,310.8,0
2026-08-03 07:30:00,310.7638,311.17,310.7638,311.12,0
2026-08-03 07:31:00,311.0,311.14,310.85,310.9067,0
2026-08-03 07:32:00,310.9,311.0,310.88,311.0,0
2026-08-03 07:33:00,311.07,311.15,310.92,311.07,0
2026-08-03 07:34:00,311.06,311.15,311.0177,311.1098,0
2026-08-03 07:35:00,311.1097,311.23,311.1,311.2,0
2026-08-03 07:36:00,311.1836,311.24,311.13,311.1415,0
2026-08-03 07:37:00,311.22,311.22,311.13,311.14,0
2026-08-03 07:38:00,311.13,311.1697,311.0,311.0,0
2026-08-03 07:39:00,311.004,311.09,310.89,310.9372,0
2026-08-03 07:40:00,310.95,311.25,310.95,311.23,0
2026-08-03 07:41:00,311.1808,311.45,311.1808,311.35,0
2026-08-03 07:42:00,311.3493,311.46,311.267,311.46,0
2026-08-03 07:43:00,311.455,311.6499,311.42,311.6,0
2026-08-03 07:44:00,311.6143,311.6489,311.5497,311.61,0
2026-08-03 07:45:00,311.61,311.78,311.6,311.75,0
2026-08-03 07:46:00,311.77,311.77,311.59,311.77,0
2026-08-03 07:47:00,311.74,311.8,311.66,311.7,0
2026-08-03 07:48:00,311.7,311.8,311.7,311.71,0
2026-08-03 07:49:00,311.72,311.86,311.71,311.85,0
2026-08-03 07:50:00,311.86,311.99,311.71,311.7503,0
2026-08-03 07:51:00,311.71,311.73,311.45,311.52,0
2026-08-03 07:52:00,311.51,311.6043,311.25,311.2882,0
2026-08-03 07:53:00,311.26,311.27,311.1,311.2505,0
2026-08-03 07:54:00,311.22,311.3999,311.15,311.15,0
2026-08-03 07:55:00,311.26,311.7991,311.25,311.62,0
2026-08-03 07:56:00,311.6101,311.7,311.32,311.33,0
2026-08-03 07:57:00,311.3202,311.8,311.3202,311.8,0
2026-08-03 07:58:00,311.8,311.8988,311.7,311.72,0
2026-08-03 07:59:00,311.7001,311.75,311.605,311.7,0
2026-08-03 08:00:00,311.6324,311.7,311.323,311.4077,0
2026-08-03 08:01:00,311.4103,311.645,311.4103,311.63,0
2026-08-03 08:02:00,311.5957,311.9207,311.59,311.9207,0
2026-08-03 08:03:00,311.9207,312.42,311.91,312.4,0
2026-08-03 08:04:00,312.4001,312.5,312.4,312.41,0
2026-08-03 08:05:00,312.4169,312.6423,312.4001,312.6423,0
2026-08-03 08:06:00,312.65,312.75,312.35,312.35,0
2026-08-03 08:07:00,312.4,312.4572,312.2015,312.3,0
2026-08-03 08:08:00,312.3,312.3,311.57,311.65,0
2026-08-03 08:09:00,311.67,312.0,311.56,311.6001,0
2026-08-03 08:10:00,311.6038,311.61,311.55,311.57,0
2026-08-03 08:11:00,311.5703,311.94,311.5267,311.612,0
2026-08-03 08:12:00,311.58,311.85,311.52,311.6,0
2026-08-03 08:13:00,311.5792,311.84,311.52,311.7,0
2026-08-03 08:14:00,311.75,311.75,311.26,311.32,0
2026-08-03 08:15:00,311.261,311.47,311.26,311.34,0
2026-08-03 08:16:00,311.3,311.4138,311.3,311.4138,0
2026-08-03 08:17:00,311.38,311.585,311.38,311.4796,0
2026-08-03 08:18:00,311.5,311.5,311.42,311.45,0
2026-08-03 08:19:00,311.42,311.5,311.42,311.46,0
2026-08-03 08:20:00,311.4707,311.52,311.42,311.5,0
2026-08-03 08:21:00,311.5,311.5,311.45,311.5,0
2026-08-03 08:22:00,311.46,311.5,311.0,311.0221,0
2026-08-03 08:23:00,311.0591,311.21,311.0,311.02,0
2026-08-03 08:24:00,311.01,311.38,311.01,311.2,0
2026-08-03 08:25:00,311.2279,311.5,311.2,311.31,0
2026-08-03 08:26:00,311.42,311.5,311.2766,311.2785,0
2026-08-03 08:27:00,311.27,311.473,311.11,311.39,0
2026-08-03 08:28:00,311.3012,311.48,311.3,311.4308,0
2026-08-03 08:29:00,311.49,311.5,311.42,311.47,0
2026-08-03 08:30:00,311.43,311.5,311.3534,311.4,0
2026-08-03 08:31:00,311.3492,311.5,311.29,311.31,0
2026-08-03 08:32:00,311.34,311.5488,311.3,311.4435,0
2026-08-03 08:33:00,311.5,311.5,311.32,311.3367,0
2026-08-03 08:34:00,311.4098,311.43,311.34,311.38,0
2026-08-03 08:35:00,311.38,311.4,311.3,311.33,0
2026-08-03 08:36:00,311.3299,311.33,311.19,311.19,0
2026-08-03 08:37:00,311.2403,311.31,311.11,311.11,0
2026-08-03 08:38:00,311.11,311.25,310.66,310.67,0
2026-08-03 08:39:00,310.67,310.85,310.66,310.82,0
2026-08-03 08:40:00,310.74,310.99,310.7,310.9768,0
2026-08-03 08:41:00,310.97,311.11,310.85,310.8995,0
2026-08-03 08:42:00,310.88,310.88,310.7001,310.7046,0
2026-08-03 08:43:00,310.7016,310.7967,310.6001,310.7881,0
2026-08-03 08:44:00,310.7893,310.8,310.67,310.79,0
2026-08-03 08:45:00,310.76,310.8,310.6,310.7,0
2026-08-03 08:46:00,310.72,310.9065,310.7,310.8967,0
2026-08-03 08:47:00,310.8905,310.99,310.8001,310.99,0
2026-08-03 08:48:00,310.8829,311.1,310.8829,311.1,0
2026-08-03 08:49:00,311.0003,311.15,311.0,311.103,0
2026-08-03 08:50:00,311.08,311.15,310.97,311.0,0
2026-08-03 08:51:00,311.0336,311.05,310.9112,311.01,0
2026-08-03 08:52:00,310.97,311.0957,310.91,311.0,0
2026-08-03 08:53:00,311.0,311.02,310.79,310.81,0
2026-08-03 08:54:00,310.879,311.0,310.81,310.98,0
2026-08-03 08:55:00,310.9988,311.0775,310.9151,310.96,0
2026-08-03 08:56:00,311.0,311.0,310.76,310.7697,0
2026-08-03 08:57:00,310.76,310.9,310.76,310.8282,0
2026-08-03 08:58:00,310.7611,310.83,310.62,310.6793,0
2026-08-03 08:59:00,310.6702,310.68,310.51,310.6,0
2026-08-03 09:00:00,310.5757,310.88,310.53,310.849,0
2026-08-03 09:01:00,310.7427,310.86,310.7,310.7788,0
2026-08-03 09:02:00,310.7758,310.78,310.51,310.5888,0
2026-08-03 09:03:00,310.588,310.75,310.52,310.6975,0
2026-08-03 09:04:00,310.6,310.7,310.51,310.7,0
2026-08-03 09:05:00,310.6,310.6975,310.09,310.09,0
2026-08-03 09:06:00,310.0902,310.2,310.07,310.11,0
2026-08-03 09:07:00,310.1474,310.65,310.11,310.65,0
2026-08-03 09:08:00,310.65,310.8,310.6,310.8,0
2026-08-03 09:09:00,310.8,310.8,310.58,310.5986,0
2026-08-03 09:10:00,310.58,310.7044,310.5006,310.51,0
2026-08-03 09:11:00,310.64,310.7383,310.51,310.53,0
2026-08-03 09:12:00,310.5776,310.59,310.51,310.56,0
2026-08-03 09:13:00,310.56,310.59,310.4,310.4,0
2026-08-03 09:14:00,310.45,310.51,310.32,310.3536,0
2026-08-03 09:15:00,310.49,310.62,310.4,310.55,0
2026-08-03 09:16:00,310.5512,310.64,310.5512,310.62,0
2026-08-03 09:17:00,310.6242,310.7,310.62,310.7,0
2026-08-03 09:18:00,310.702,310.8,310.7,310.79,0
2026-08-03 09:19:00,310.7465,310.8,310.7,310.78,0
2026-08-03 09:20:00,310.78,310.8,310.4,310.49,0
2026-08-03 09:21:00,310.49,310.62,310.4,310.48,0
2026-08-03 09:22:00,310.48,310.5,310.16,310.17,0
2026-08-03 09:23:00,310.19,310.5,310.11,310.4135,0
2026-08-03 09:24:00,310.3303,310.8,310.21,310.6297,0
2026-08-03 09:25:00,310.62,310.62,309.71,309.72,0
2026-08-03 09:26:00,309.72,310.2,309.72,310.0,0
2026-08-03 09:27:00,309.92,310.1499,309.64,309.72,0
2026-08-03 09:28:00,309.72,309.9,308.83,309.08,0
2026-08-03 09:29:00,309.08,309.74,309.08,309.73,0
2026-08-03 09:30:00,309.8,309.86,309.725,309.7625,3149635
2026-08-03 09:31:00,309.75,310.03,305.5201,306.3932,777117
2026-08-03 09:32:00,306.465,306.615,305.17,305.87,397489
2026-08-03 09:33:00,305.91,308.34,305.41,308.23,377688
2026-08-03 09:34:00,308.23,308.7899,307.25,308.28,353318
2026-08-03 09:35:00,308.285,308.48,307.52,307.75,210010
2026-08-03 09:36:00,307.74,307.9893,306.93,307.245,259860
2026-08-03 09:37:00,307.195,307.31,306.41,307.03,223067
2026-08-03 09:38:00,307.025,307.7199,306.7,306.84,249042
2026-08-03 09:39:00,306.835,307.64,306.74,306.92,280739
2026-08-03 09:40:00,306.9431,308.46,306.86,307.995,337214
2026-08-03 09:41:00,307.995,308.3,307.42,307.675,227861
2026-08-03 09:42:00,307.675,307.685,307.03,307.255,134647
2026-08-03 09:43:00,307.2188,307.3299,306.39,306.6786,239468
2026-08-03 09:44:00,306.652,306.8598,306.0,306.135,162569
2026-08-03 09:45:00,306.135,306.41,305.595,305.7505,224785
2026-08-03 09:46:00,305.78,305.94,305.55,305.595,203234
2026-08-03 09:47:00,305.595,306.2244,305.595,306.195,259831
2026-08-03 09:48:00,306.2,306.365,305.7,305.93,258060
2026-08-03 09:49:00,305.925,306.7399,305.78,306.68,154501
2026-08-03 09:50:00,306.74,307.83,306.73,307.63,233527
2026-08-03 09:51:00,307.67,307.825,307.2504,307.4495,129987
2026-08-03 09:52:00,307.51,307.51,307.02,307.375,155474
2026-08-03 09:53:00,307.37,307.52,307.2601,307.34,147646
2026-08-03 09:54:00,307.3523,308.3,307.215,308.295,240795
2026-08-03 09:55:00,308.27,308.285,307.415,307.825,181729
2026-08-03 09:56:00,307.825,307.84,307.16,307.209,194746
2026-08-03 09:57:00,307.205,307.205,306.2801,306.535,190068
2026-08-03 09:58:00,306.53,306.66,306.1,306.24,162856
2026-08-03 09:59:00,306.225,306.23,305.77,305.919,149478
2026-08-03 10:00:00,305.91,305.91,304.34,304.7,479510
2026-08-03 10:01:00,304.7199,305.12,304.59,304.72,331332
2026-08-03 10:02:00,304.725,305.29,304.6636,304.72,283321
2026-08-03 10:03:00,304.705,304.9488,304.61,304.8251,195009
2026-08-03 10:04:00,304.8251,304.84,304.44,304.6,178759
2026-08-03 10:05:00,304.5857,304.7899,304.495,304.495,143535
2026-08-03 10:06:00,304.5,304.69,304.39,304.45,164835
2026-08-03 10:07:00,304.46,304.8675,304.4501,304.8675,140411
2026-08-03 10:08:00,304.87,305.07,304.68,304.715,226830
2026-08-03 10:09:00,304.76,305.63,304.695,305.53,163920
2026-08-03 10:10:00,305.52,305.67,305.05,305.56,216610
2026-08-03 10:11:00,305.57,305.665,305.3,305.575,154686
2026-08-03 10:12:00,305.535,305.535,305.2,305.4401,117469
2026-08-03 10:13:00,305.46,305.99,305.4185,305.99,151459
2026-08-03 10:14:00,306.0,306.67,305.825,306.51,193928
2026-08-03 10:15:00,306.505,307.2155,306.41,306.99,192372
2026-08-03 10:16:00,307.0,307.0491,306.18,306.3351,159980
2026-08-03 10:17:00,306.345,306.68,306.06,306.4095,104553
2026-08-03 10:18:00,306.37,306.477,306.11,306.3,87242
2026-08-03 10:19:00,306.295,306.39,306.15,306.215,88643
2026-08-03 10:20:00,306.215,306.32,305.665,305.72,184168
2026-08-03 10:21:00,305.735,306.0,305.595,305.8534,140804
2026-08-03 10:22:00,305.875,306.0,305.61,305.69,145102
2026-08-03 10:23:00,305.69,305.9599,305.625,305.82,159330
2026-08-03 10:24:00,305.83,306.12,305.785,306.01,91024
2026-08-03 10:25:00,306.01,306.02,305.75,305.75,82383
2026-08-03 10:26:00,305.76,305.82,305.51,305.65,106349
2026-08-03 10:27:00,305.64,305.83,305.64,305.6401,64161
2026-08-03 10:28:00,305.645,305.73,305.5201,305.73,101086
2026-08-03 10:29:00,305.7201,305.7201,305.5501,305.5501,66617
2026-08-03 10:30:00,305.55,305.6,305.5,305.591,112034
2026-08-03 10:31:00,305.5951,305.635,305.5,305.5699,127912
2026-08-03 10:32:00,305.57,305.68,305.33,305.335,167609
2026-08-03 10:33:00,305.335,305.59,305.3,305.445,123042
2026-08-03 10:34:00,305.445,305.65,305.25,305.625,180288
2026-08-03 10:35:00,305.6399,305.89,305.5042,305.825,117956
2026-08-03 10:36:00,305.8201,306.177,305.82,306.085,139605
2026-08-03 10:37:00,306.086,306.086,305.735,305.81,142539
2026-08-03 10:38:00,305.82,305.8499,305.4,305.615,150153
2026-08-03 10:39:00,305.61,305.71,305.41,305.5001,201821
2026-08-03 10:40:00,305.515,305.655,305.3401,305.445,130547
2026-08-03 10:41:00,305.445,305.7777,305.4101,305.685,117966
2026-08-03 10:42:00,305.685,305.75,305.55,305.725,76906
2026-08-03 10:43:00,305.725,305.9,305.67,305.81,108697
2026-08-03 10:44:00,305.81,305.89,305.74,305.755,70788
2026-08-03 10:45:00,305.755,306.44,305.755,306.2601,160732
2026-08-03 10:46:00,306.265,306.265,305.8801,305.935,131351
2026-08-03 10:47:00,305.935,306.03,305.615,305.62,149971
2026-08-03 10:48:00,305.615,305.65,305.36,305.36,209975
2026-08-03 10:49:00,305.3601,305.62,305.0801,305.28,220493
2026-08-03 10:50:00,305.28,305.49,305.235,305.37,128840
2026-08-03 10:51:00,305.37,305.6,305.305,305.415,147400
2026-08-03 10:52:00,305.42,305.79,305.42,305.785,128329
2026-08-03 10:53:00,305.785,305.97,305.595,305.69,151846
2026-08-03 10:54:00,305.69,305.71,305.405,305.41,97845
2026-08-03 10:55:00,305.415,305.66,305.1705,305.1705,175394
2026-08-03 10:56:00,305.165,305.2797,305.04,305.27,161542
2026-08-03 10:57:00,305.27,305.2793,305.0201,305.1101,97915
2026-08-03 10:58:00,305.115,305.435,305.1,305.18,144719
2026-08-03 10:59:00,305.195,305.46,305.105,305.35,117846
2026-08-03 11:00:00,305.345,305.47,305.28,305.335,96421
2026-08-03 11:01:00,305.3301,305.41,304.8545,304.86,284990
2026-08-03 11:02:00,304.859,305.56,304.8123,305.495,254862
2026-08-03 11:03:00,305.495,305.67,305.12,305.3261,232789
2026-08-03 11:04:00,305.3,305.465,304.9507,304.965,144160
2026-08-03 11:05:00,304.95,305.03,304.8,304.8001,181511
2026-08-03 11:06:00,304.8097,304.85,304.68,304.755,212705
2026-08-03 11:07:00,304.755,304.9,304.6,304.7999,145271
2026-08-03 11:08:00,304.795,305.09,304.72,304.765,146615
2026-08-03 11:09:00,304.76,304.9493,304.66,304.89,80962
2026-08-03 11:10:00,304.895,305.07,304.8675,305.0,185319
2026-08-03 11:11:00,305.0,305.17,304.9,305.155,137839
2026-08-03 11:12:00,305.155,305.49,305.055,305.38,189910
2026-08-03 11:13:00,305.39,305.48,305.02,305.36,143106
2026-08-03 11:14:00,305.375,305.48,305.13,305.1572,112340
2026-08-03 11:15:00,305.15,305.44,305.11,305.25,99677
2026-08-03 11:16:00,305.26,305.394,305.175,305.385,56147
2026-08-03 11:17:00,305.385,305.8,305.325,305.42,168285
2026-08-03 11:18:00,305.415,305.64,305.395,305.405,116304
2026-08-03 11:19:00,305.4,305.4,305.1,305.19,602237
2026-08-03 11:20:00,305.195,305.21,304.8,304.87,196524
2026-08-03 11:21:00,304.8591,305.01,304.795,304.981,110205
2026-08-03 11:22:00,304.985,305.05,304.835,304.95,145534
2026-08-03 11:23:00,304.95,305.05,304.72,304.9301,144540
2026-08-03 11:24:00,304.935,305.05,304.82,304.895,110053
2026-08-03 11:25:00,304.895,304.895,304.6901,304.71,175836
2026-08-03 11:26:00,304.71,304.74,304.34,304.4064,165431
2026-08-03 11:27:00,304.35,304.35,304.0,304.18,385047
2026-08-03 11:28:00,304.175,304.19,303.99,303.995,177720
2026-08-03 11:29:00,303.995,304.28,303.9,304.215,118029
2026-08-03 11:30:00,304.215,304.23,303.95,303.956,144986
2026-08-03 11:31:00,303.94,303.95,303.65,303.6501,205499
2026-08-03 11:32:00,303.62,303.96,303.6,303.915,219498
2026-08-03 11:33:00,303.91,303.95,303.59,303.615,129141
2026-08-03 11:34:00,303.61,303.755,303.5,303.62,138741
2026-08-03 11:35:00,303.625,303.76,303.6,303.66,95210
2026-08-03 11:36:00,303.68,304.13,303.67,304.1101,118782
2026-08-03 11:37:00,304.115,304.395,304.11,304.215,151446
2026-08-03 11:38:00,304.215,304.29,304.07,304.105,100688
2026-08-03 11:39:00,304.105,304.15,303.8,303.809,112479
2026-08-03 11:40:00,303.81,303.88,303.685,303.743,120082
2026-08-03 11:41:00,303.745,303.76,303.56,303.68,112636
2026-08-03 11:42:00,303.6899,303.6899,303.23,303.24,162154
2026-08-03 11:43:00,303.25,303.29,303.18,303.2001,159118
2026-08-03 11:44:00,303.205,303.2499,303.1101,303.1601,140565
2026-08-03 11:45:00,303.165,303.1699,303.01,303.01,122437
2026-08-03 11:46:00,303.015,303.11,302.72,302.725,196325
2026-08-03 11:47:00,302.725,302.76,302.56,302.695,160253
2026-08-03 11:48:00,302.695,302.8699,302.66,302.86,108669
2026-08-03 11:49:00,302.87,302.94,302.75,302.7511,101215
2026-08-03 11:50:00,302.755,302.9599,302.745,302.8662,103873
2026-08-03 11:51:00,302.865,303.1277,302.8401,303.109,102150
2026-08-03 11:52:00,303.11,303.19,302.91,302.94,112895
2026-08-03 11:53:00,302.935,303.04,302.86,303.005,85266
2026-08-03 11:54:00,303.0099,303.0911,302.9,303.085,68439
2026-08-03 11:55:00,303.085,303.25,303.0801,303.215,106167
2026-08-03 11:56:00,303.335,303.335,303.335,303.335,0
