time_et,open,high,low,close,volume
2026-07-24 04:00:00,541.3716,546.5,539.38,541.58,0
2026-07-24 04:01:00,541.31,546.5,539.36,540.2389,0
2026-07-24 04:02:00,540.34,546.43,539.0422,540.31,0
2026-07-24 04:03:00,546.5,546.5,539.55,539.55,0
2026-07-24 04:04:00,540.0,541.7688,539.0,539.0,0
2026-07-24 04:05:00,539.975,539.975,538.2,538.7,0
2026-07-24 04:06:00,538.7,546.04,538.62,539.9207,0
2026-07-24 04:07:00,539.9369,539.9369,539.0,539.0,0
2026-07-24 04:08:00,539.42,539.75,538.8152,539.09,0
2026-07-24 04:09:00,538.8152,539.2,538.8152,539.09,0
2026-07-24 04:10:00,539.78,539.78,539.0,539.39,0
2026-07-24 04:11:00,538.8,539.39,538.17,538.5,0
2026-07-24 04:12:00,538.17,539.4,537.7,538.13,0
2026-07-24 04:13:00,538.12,539.4,537.61,538.0,0
2026-07-24 04:14:00,537.8355,538.64,537.8355,538.64,0
2026-07-24 04:15:00,538.32,538.5664,538.3,538.45,0
2026-07-24 04:16:00,538.56,539.8,538.56,539.1301,0
2026-07-24 04:17:00,539.43,539.78,539.059,539.5,0
2026-07-24 04:18:00,539.38,539.63,539.1282,539.1282,0
2026-07-24 04:19:00,539.7077,539.7077,539.0,539.0,0
2026-07-24 04:20:00,539.5,540.0,539.3,539.75,0
2026-07-24 04:21:00,539.69,540.0,539.69,539.83,0
2026-07-24 04:22:00,539.83,539.9988,539.83,539.9988,0
2026-07-24 04:23:00,539.99,539.99,539.67,539.88,0
2026-07-24 04:24:00,539.3,539.3,538.5,539.2,0
2026-07-24 04:25:00,538.0,539.9988,538.0,538.55,0
2026-07-24 04:26:00,538.61,539.57,538.01,539.01,0
2026-07-24 04:27:00,538.673,538.7692,538.66,538.66,0
2026-07-24 04:28:00,538.6012,539.61,538.6012,538.65,0
2026-07-24 04:29:00,539.1,541.0,539.01,540.01,0
2026-07-24 04:30:00,540.1,541.0,539.52,539.92,0
2026-07-24 04:31:00,540.0,540.73,540.0,540.0,0
2026-07-24 04:32:00,541.7988,541.7988,541.35,541.35,0
2026-07-24 04:33:00,541.755,541.755,540.0,540.0,0
2026-07-24 04:34:00,541.0,541.755,540.0,540.0939,0
2026-07-24 04:35:00,541.0,541.755,541.0,541.0,0
2026-07-24 04:36:00,540.97,541.0,540.97,541.0,0
2026-07-24 04:37:00,540.51,541.79,540.0,541.0,0
2026-07-24 04:38:00,540.63,540.63,539.23,540.2,0
2026-07-24 04:39:00,540.14,540.8,540.08,540.2,0
2026-07-24 04:40:00,539.9531,540.3,539.9531,540.3,0
2026-07-24 04:41:00,540.38,540.5745,539.86,540.5745,0
2026-07-24 04:42:00,540.2,540.2,540.14,540.14,0
2026-07-24 04:43:00,540.04,540.09,540.0,540.0,0
2026-07-24 04:44:00,540.0,540.0,539.985,539.985,0
2026-07-24 04:45:00,540.5355,540.5355,540.0,540.19,0
2026-07-24 04:46:00,539.95,539.99,539.62,539.68,0
2026-07-24 04:47:00,539.7,539.9813,539.025,539.025,0
2026-07-24 04:48:00,539.81,540.0,539.32,540.0,0
2026-07-24 04:49:00,539.6,539.73,539.6,539.73,0
2026-07-24 04:50:00,539.63,539.63,539.3,539.3,0
2026-07-24 04:51:00,539.73,539.73,539.49,539.64,0
2026-07-24 04:52:00,539.6124,539.6124,539.5,539.5,0
2026-07-24 04:53:00,539.66,539.66,539.5,539.5,0
2026-07-24 04:54:00,539.66,540.0,539.66,540.0,0
2026-07-24 04:55:00,540.0,540.2,539.9622,540.2,0
2026-07-24 04:57:00,540.42,540.42,540.42,540.42,0
2026-07-24 04:58:00,539.68,540.0,539.528,539.528,0
2026-07-24 05:00:00,540.1,540.18,540.0,540.18,0
2026-07-24 05:01:00,540.0,540.42,540.0,540.2,0
2026-07-24 05:02:00,540.2,540.32,540.17,540.2,0
2026-07-24 05:03:00,540.2,540.62,540.2,540.2,0
2026-07-24 05:04:00,540.18,541.2988,539.7205,541.2988,0
2026-07-24 05:05:00,540.66,540.66,540.31,540.31,0
2026-07-24 05:06:00,540.2,540.69,540.2,540.69,0
2026-07-24 05:07:00,540.3,540.99,540.025,540.8,0
2026-07-24 05:08:00,540.8,540.8,540.61,540.8,0
2026-07-24 05:09:00,540.8,541.2,540.8,541.2,0
2026-07-24 05:10:00,541.6,541.7988,541.4,541.4,0
2026-07-24 05:11:00,541.7538,541.8,541.38,541.38,0
2026-07-24 05:12:00,541.75,541.75,540.9278,540.9278,0
2026-07-24 05:13:00,541.5393,541.5393,541.3,541.3,0
2026-07-24 05:14:00,541.3,541.3,541.3,541.3,0
2026-07-24 05:15:00,541.3,541.5,540.1716,541.5,0
2026-07-24 05:16:00,541.0,541.0,540.025,540.025,0
2026-07-24 05:17:00,541.0,541.0,540.78,540.78,0
2026-07-24 05:18:00,540.61,540.75,540.61,540.75,0
2026-07-24 05:19:00,540.75,540.75,540.54,540.75,0
2026-07-24 05:20:00,540.8468,541.0,540.54,540.54,0
2026-07-24 05:22:00,540.8,540.8,540.5,540.5,0
2026-07-24 05:23:00,540.9488,540.9488,540.9488,540.9488,0
2026-07-24 05:24:00,540.94,540.94,540.2203,540.8,0
2026-07-24 05:25:00,540.43,540.95,540.43,540.95,0
2026-07-24 05:26:00,540.64,540.95,540.59,540.95,0
2026-07-24 05:27:00,540.53,540.95,540.3,540.95,0
2026-07-24 05:28:00,540.8064,540.8064,540.62,540.8,0
2026-07-24 05:29:00,540.6,540.95,539.5,539.6,0
2026-07-24 05:30:00,539.8,539.8,539.0521,539.5,0
2026-07-24 05:31:00,539.52,539.89,539.51,539.89,0
2026-07-24 05:32:00,540.0,540.0,540.0,540.0,0
2026-07-24 05:33:00,540.0237,541.05,540.0237,541.05,0
2026-07-24 05:34:00,541.4218,541.4218,540.89,540.95,0
2026-07-24 05:35:00,540.72,541.5125,540.72,541.5125,0
2026-07-24 05:36:00,540.0012,541.0,540.0012,540.58,0
2026-07-24 05:37:00,540.05,540.81,540.05,540.05,0
2026-07-24 05:38:00,542.0,542.0,540.95,540.95,0
2026-07-24 05:39:00,540.95,542.0,540.91,542.0,0
2026-07-24 05:40:00,540.75,541.5,540.62,540.8,0
2026-07-24 05:41:00,541.7322,541.8,540.9,541.0,0
2026-07-24 05:42:00,541.0,542.39,541.0,542.39,0
2026-07-24 05:43:00,542.45,543.0,542.39,542.9485,0
2026-07-24 05:44:00,543.0,543.0,542.0,542.08,0
2026-07-24 05:45:00,542.51,543.0,542.5,542.9061,0
2026-07-24 05:46:00,543.0,543.0,542.72,542.72,0
2026-07-24 05:47:00,542.39,542.7856,542.39,542.4,0
2026-07-24 05:48:00,542.24,542.4,541.8,542.0365,0
2026-07-24 05:49:00,542.2,542.38,541.81,541.8987,0
2026-07-24 05:50:00,541.8692,542.2643,541.8,542.0,0
2026-07-24 05:51:00,542.6531,542.6531,542.38,542.49,0
2026-07-24 05:52:00,542.49,542.51,542.2,542.2,0
2026-07-24 05:53:00,542.7,542.7,542.24,542.24,0
2026-07-24 05:54:00,542.24,542.24,542.0,542.0,0
2026-07-24 05:55:00,542.22,542.7,542.14,542.42,0
2026-07-24 05:56:00,542.5,543.0,542.5,542.7,0
2026-07-24 05:57:00,543.01,543.01,542.47,542.95,0
2026-07-24 05:58:00,543.05,543.05,542.025,542.025,0
2026-07-24 05:59:00,543.0,543.5538,542.2454,543.5538,0
2026-07-24 06:00:00,543.52,543.7,543.0,543.5,0
2026-07-24 06:01:00,543.5,543.7,542.3835,543.05,0
2026-07-24 06:02:00,543.6675,543.7,542.4698,543.6988,0
2026-07-24 06:03:00,543.05,543.05,542.63,542.7,0
2026-07-24 06:04:00,543.6,543.6,542.35,542.4474,0
2026-07-24 06:05:00,543.0182,543.0182,542.35,542.59,0
2026-07-24 06:06:00,542.53,543.53,542.0,543.53,0
2026-07-24 06:07:00,542.35,543.5042,542.24,542.4739,0
2026-07-24 06:08:00,542.0,542.5,542.0,542.12,0
2026-07-24 06:09:00,542.214,542.214,541.8,541.8,0
2026-07-24 06:10:00,542.25,542.3,542.03,542.19,0
2026-07-24 06:11:00,542.19,542.3988,542.19,542.39,0
2026-07-24 06:12:00,542.15,542.15,541.5,541.81,0
2026-07-24 06:13:00,541.5,542.23,541.5,542.23,0
2026-07-24 06:14:00,542.21,542.8957,541.89,541.9573,0
2026-07-24 06:15:00,541.79,542.9484,541.245,542.4863,0
2026-07-24 06:16:00,542.6,542.62,542.06,542.62,0
2026-07-24 06:17:00,542.74,543.0,542.74,543.0,0
2026-07-24 06:18:00,543.0,543.53,543.0,543.05,0
2026-07-24 06:19:00,543.37,543.43,543.05,543.05,0
2026-07-24 06:20:00,543.1,543.6,542.98,543.6,0
2026-07-24 06:21:00,543.2,543.5,543.0,543.0,0
2026-07-24 06:22:00,543.0,543.5,543.0,543.27,0
2026-07-24 06:23:00,543.39,543.4,543.188,543.2,0
2026-07-24 06:24:00,543.2,543.5,543.0697,543.27,0
2026-07-24 06:25:00,543.48,543.72,543.21,543.27,0
2026-07-24 06:26:00,543.2381,545.5,543.2381,545.5,0
2026-07-24 06:27:00,545.64,546.5,545.0472,545.61,0
2026-07-24 06:28:00,545.31,546.0,545.2208,546.0,0
2026-07-24 06:29:00,545.9531,546.0,545.1,546.0,0
2026-07-24 06:30:00,545.2266,546.5,545.2266,546.5,0
2026-07-24 06:31:00,546.3385,547.29,546.13,547.0175,0
2026-07-24 06:32:00,547.6,547.6635,546.5,547.1,0
2026-07-24 06:33:00,547.0,547.7,546.8,546.8,0
2026-07-24 06:34:00,547.45,547.7,545.25,545.65,0
2026-07-24 06:35:00,545.52,545.76,545.01,545.1919,0
2026-07-24 06:36:00,545.181,545.52,543.92,544.7,0
2026-07-24 06:37:00,544.323,545.0,543.92,544.17,0
2026-07-24 06:38:00,544.3,544.87,544.3,544.47,0
2026-07-24 06:39:00,543.6,544.13,543.6,543.61,0
2026-07-24 06:40:00,543.85,544.1,543.0,543.8806,0
2026-07-24 06:41:00,543.41,543.8098,543.1,543.8098,0
2026-07-24 06:42:00,543.33,544.16,543.01,543.1,0
2026-07-24 06:43:00,543.0,543.0,542.5,542.5,0
2026-07-24 06:44:00,542.36,544.7061,542.27,542.27,0
2026-07-24 06:45:00,543.0,544.7988,543.0,543.76,0
2026-07-24 06:46:00,543.6,544.0,543.025,543.7,0
2026-07-24 06:47:00,543.7,543.87,543.21,543.6365,0
2026-07-24 06:48:00,543.18,544.7988,543.18,544.24,0
2026-07-24 06:49:00,544.01,545.0,543.1967,543.1967,0
2026-07-24 06:50:00,543.81,544.19,543.21,544.19,0
2026-07-24 06:51:00,543.2,543.2,542.27,542.72,0
2026-07-24 06:52:00,543.52,543.52,542.43,542.8,0
2026-07-24 06:53:00,542.81,544.8,542.01,542.57,0
2026-07-24 06:54:00,542.63,544.8,542.63,542.79,0
2026-07-24 06:55:00,542.79,544.01,542.79,543.75,0
2026-07-24 06:56:00,543.75,543.75,543.72,543.72,0
2026-07-24 06:57:00,544.0,544.0,543.25,543.25,0
2026-07-24 06:58:00,543.73,544.0,543.7,543.97,0
2026-07-24 06:59:00,543.8616,544.0,543.8616,543.93,0
2026-07-24 07:00:00,543.65,545.0,542.01,542.01,0
2026-07-24 07:01:00,542.5,543.92,542.18,542.8,0
2026-07-24 07:02:00,543.1283,543.9199,542.8,542.85,0
2026-07-24 07:03:00,543.5,543.5,542.1,543.4374,0
2026-07-24 07:04:00,542.35,543.328,542.35,543.0,0
2026-07-24 07:05:00,542.9225,544.74,542.5,543.0,0
2026-07-24 07:06:00,543.01,543.4403,542.4494,542.925,0
2026-07-24 07:07:00,543.0,543.99,542.55,542.7,0
2026-07-24 07:08:00,543.68,543.68,542.5,542.5,0
2026-07-24 07:09:00,542.88,543.25,542.0,542.2882,0
2026-07-24 07:10:00,542.9,543.25,542.14,542.14,0
2026-07-24 07:11:00,543.0112,543.88,543.01,543.52,0
2026-07-24 07:12:00,543.28,544.74,543.22,543.38,0
2026-07-24 07:13:00,543.3,544.74,543.3,543.88,0
2026-07-24 07:14:00,543.99,545.0,543.6,545.0,0
2026-07-24 07:15:00,545.0,545.0,544.0,544.5,0
2026-07-24 07:16:00,544.9722,545.0,544.4,544.5,0
2026-07-24 07:17:00,544.5698,545.0,544.5,544.5,0
2026-07-24 07:18:00,545.0,545.5,544.75,545.2,0
2026-07-24 07:19:00,545.031,545.5,544.5001,545.5,0
2026-07-24 07:20:00,545.5,545.5,544.655,545.3606,0
2026-07-24 07:21:00,545.2605,545.3531,544.8,545.0,0
2026-07-24 07:22:00,544.9241,545.0,544.51,544.63,0
2026-07-24 07:23:00,544.5,545.0,544.5,544.51,0
2026-07-24 07:24:00,544.8667,545.5,544.83,545.04,0
2026-07-24 07:25:00,545.0,545.25,544.51,544.75,0
2026-07-24 07:26:00,544.7,545.0,544.4,544.4,0
2026-07-24 07:27:00,544.45,544.8,543.525,543.7684,0
2026-07-24 07:28:00,544.29,544.9625,543.5,544.0,0
2026-07-24 07:29:00,544.25,544.95,544.04,544.95,0
2026-07-24 07:30:00,544.3692,544.95,544.26,544.5,0
2026-07-24 07:31:00,544.5,544.8,543.75,543.8,0
2026-07-24 07:32:00,544.12,544.5,543.75,543.9,0
2026-07-24 07:33:00,544.03,544.03,543.33,543.49,0
2026-07-24 07:34:00,543.5,544.2,543.3,543.89,0
2026-07-24 07:35:00,543.5,544.2,542.9857,542.9857,0
2026-07-24 07:36:00,543.7,543.9257,542.8045,543.0,0
2026-07-24 07:37:00,543.49,543.52,542.43,542.5,0
2026-07-24 07:38:00,542.43,542.97,542.4,542.4836,0
2026-07-24 07:39:00,542.29,542.43,541.831,541.88,0
2026-07-24 07:40:00,542.1553,543.0,541.88,542.8264,0
2026-07-24 07:41:00,542.25,544.0,542.25,544.0,0
2026-07-24 07:42:00,543.54,543.7114,543.01,543.5,0
2026-07-24 07:43:00,543.0,543.975,543.0,543.28,0
2026-07-24 07:44:00,543.49,543.4917,542.8,542.8,0
2026-07-24 07:45:00,543.05,543.49,542.8,543.49,0
2026-07-24 07:46:00,543.35,543.48,542.36,543.4,0
2026-07-24 07:47:00,543.0,543.39,542.78,542.84,0
2026-07-24 07:48:00,543.22,543.48,542.5,543.09,0
2026-07-24 07:49:00,542.83,543.25,542.36,542.7,0
2026-07-24 07:50:00,543.0,543.0,542.5,542.9284,0
2026-07-24 07:51:00,543.0,543.48,542.54,543.3,0
2026-07-24 07:52:00,543.3,543.47,543.0,543.0,0
2026-07-24 07:53:00,543.2046,543.48,542.99,543.47,0
2026-07-24 07:54:00,543.48,543.48,542.51,543.0,0
2026-07-24 07:55:00,543.21,543.48,542.7399,543.48,0
2026-07-24 07:56:00,543.0,543.2031,542.49,542.919,0
2026-07-24 07:57:00,542.9931,542.9973,542.5,542.5,0
2026-07-24 07:58:00,543.2,544.6,542.4,544.6,0
2026-07-24 07:59:00,544.64,545.77,544.2392,545.32,0
2026-07-24 08:00:00,544.7862,545.77,543.69,544.6,0
2026-07-24 08:01:00,544.6,544.6,543.7,544.4,0
2026-07-24 08:02:00,543.79,544.6,543.5012,543.82,0
2026-07-24 08:03:00,543.83,544.414,543.4,543.41,0
2026-07-24 08:04:00,544.0,544.29,543.42,543.42,0
2026-07-24 08:05:00,544.0,544.04,543.42,543.47,0
2026-07-24 08:06:00,543.3,544.3,543.0,544.1,0
2026-07-24 08:07:00,544.1869,544.6,543.73,544.6,0
2026-07-24 08:08:00,544.23,544.5,543.5,544.33,0
2026-07-24 08:09:00,544.33,545.84,544.0,545.71,0
2026-07-24 08:10:00,545.52,545.99,545.27,545.66,0
2026-07-24 08:11:00,545.63,545.97,545.4,545.6911,0
2026-07-24 08:12:00,545.56,545.9,545.5,545.51,0
2026-07-24 08:13:00,545.9,545.9,545.0961,545.0961,0
2026-07-24 08:14:00,545.1,546.59,545.05,546.29,0
2026-07-24 08:15:00,546.29,546.3,545.3634,545.71,0
2026-07-24 08:16:00,546.0466,546.2,545.21,545.7,0
2026-07-24 08:17:00,545.97,546.5,545.21,546.0001,0
2026-07-24 08:18:00,546.3,546.59,546.0,546.39,0
2026-07-24 08:19:00,546.31,546.59,545.0584,545.77,0
2026-07-24 08:20:00,546.0,546.0,545.31,545.9138,0
2026-07-24 08:21:00,545.4154,545.99,545.31,545.6,0
2026-07-24 08:22:00,545.6,546.0,545.31,545.31,0
2026-07-24 08:23:00,545.4,546.55,545.4,546.0,0
2026-07-24 08:24:00,545.995,546.99,545.98,546.99,0
2026-07-24 08:25:00,546.7502,547.0,545.44,546.6,0
2026-07-24 08:26:00,546.7582,548.0,546.68,547.4,0
2026-07-24 08:27:00,547.4,548.5,547.32,548.09,0
2026-07-24 08:28:00,548.24,549.0,547.6912,548.92,0
2026-07-24 08:29:00,548.88,548.9225,548.0,548.62,0
2026-07-24 08:30:00,548.23,548.77,547.57,548.6,0
2026-07-24 08:31:00,548.56,548.6,547.2,548.0,0
2026-07-24 08:32:00,547.56,548.6,547.56,548.0,0
2026-07-24 08:33:00,548.3204,548.4,547.26,547.9,0
2026-07-24 08:34:00,547.26,547.8,546.69,546.7,0
2026-07-24 08:35:00,546.845,547.755,546.05,547.4365,0
2026-07-24 08:36:00,547.25,547.6999,546.08,546.81,0
2026-07-24 08:37:00,547.2424,547.5,546.16,547.23,0
2026-07-24 08:38:00,547.7,547.7,547.1085,547.55,0
2026-07-24 08:39:00,547.64,548.3,547.31,547.9011,0
2026-07-24 08:40:00,547.5728,547.9072,547.1,547.1175,0
2026-07-24 08:41:00,547.2085,547.78,546.8,546.8,0
2026-07-24 08:42:00,546.8,547.8,546.5,546.5,0
2026-07-24 08:43:00,546.5,547.8,546.3,546.591,0
2026-07-24 08:44:00,546.43,546.78,545.49,546.27,0
2026-07-24 08:45:00,546.1322,546.69,546.0,546.2967,0
2026-07-24 08:46:00,546.04,547.2,545.924,546.3,0
2026-07-24 08:47:00,546.0,547.8,545.49,547.8,0
2026-07-24 08:48:00,546.5,547.75,545.49,546.65,0
2026-07-24 08:49:00,546.93,547.4,546.05,546.08,0
2026-07-24 08:50:00,546.05,546.9762,546.0,546.4,0
2026-07-24 08:51:00,546.05,547.6,545.49,546.0,0
2026-07-24 08:52:00,546.07,547.2,545.4912,545.98,0
2026-07-24 08:53:00,545.69,547.2,545.1,545.49,0
2026-07-24 08:54:00,545.94,545.94,545.1,545.67,0
2026-07-24 08:55:00,545.65,545.91,545.15,545.2,0
2026-07-24 08:56:00,545.1799,546.5,545.1455,546.13,0
2026-07-24 08:57:00,545.65,546.4306,544.1225,544.4,0
2026-07-24 08:58:00,544.4,545.6,544.1,545.515,0
2026-07-24 08:59:00,545.78,546.02,544.7303,545.5,0
2026-07-24 09:00:00,545.49,546.6,544.42,544.68,0
2026-07-24 09:01:00,545.2022,545.4,544.12,545.17,0
2026-07-24 09:02:00,545.0,546.0,544.5225,546.0,0
2026-07-24 09:03:00,545.45,545.89,545.0,545.71,0
2026-07-24 09:04:00,546.0,546.25,545.67,546.25,0
2026-07-24 09:05:00,546.0,547.0,545.99,546.01,0
2026-07-24 09:06:00,545.9,546.27,545.34,545.35,0
2026-07-24 09:07:00,545.9,546.4295,545.73,545.75,0
2026-07-24 09:08:00,545.62,546.0,545.5,545.7546,0
2026-07-24 09:09:00,545.75,546.5,545.75,546.15,0
2026-07-24 09:10:00,546.2,547.0,546.0,547.0,0
2026-07-24 09:11:00,546.99,547.69,546.65,547.6,0
2026-07-24 09:12:00,547.31,547.78,547.0001,547.6,0
2026-07-24 09:13:00,547.6,547.6,547.01,547.01,0
2026-07-24 09:14:00,547.25,547.75,547.01,547.5,0
2026-07-24 09:15:00,547.5,547.8,547.19,547.5,0
2026-07-24 09:16:00,547.5,547.9,546.5,546.77,0
2026-07-24 09:17:00,546.55,548.01,546.5,547.0,0
2026-07-24 09:18:00,547.71,548.0,547.1324,548.0,0
2026-07-24 09:19:00,547.9,548.01,547.505,548.0,0
2026-07-24 09:20:00,548.0999,548.5,547.75,548.1253,0
2026-07-24 09:21:00,548.0512,548.32,547.5428,547.86,0
2026-07-24 09:22:00,547.5,548.0,546.7015,547.2,0
2026-07-24 09:23:00,547.5809,548.0,547.5,548.0,0
2026-07-24 09:24:00,547.8,548.0,547.45,547.8139,0
2026-07-24 09:25:00,547.89,551.0,547.89,550.4,0
2026-07-24 09:26:00,550.88,551.75,550.0,550.43,0
2026-07-24 09:27:00,550.14,550.5,544.9,544.9,0
2026-07-24 09:28:00,545.1,547.9,544.615,547.27,0
2026-07-24 09:29:00,547.33,547.52,546.15,546.99,0
2026-07-24 09:30:00,546.905,547.0,541.63,542.82,1177484
2026-07-24 09:31:00,542.825,546.1254,540.57,544.64,197003
2026-07-24 09:32:00,544.5,545.98,540.87,543.89,138651
2026-07-24 09:33:00,544.31,545.55,541.37,542.4828,99448
2026-07-24 09:34:00,542.7,547.89,542.1,547.455,120835
2026-07-24 09:35:00,547.0605,549.0,543.3801,545.55,167454
2026-07-24 09:36:00,545.62,545.89,539.56,539.815,174530
2026-07-24 09:37:00,539.795,540.7599,536.28,537.96,180369
2026-07-24 09:38:00,538.35,542.39,538.29,541.06,97443
2026-07-24 09:39:00,541.4288,541.4288,538.8,540.86,110158
2026-07-24 09:40:00,541.13,541.6372,537.0,537.02,115409
2026-07-24 09:41:00,537.03,537.48,533.19,534.6727,151157
2026-07-24 09:42:00,534.31,534.705,530.2,531.8999,128328
2026-07-24 09:43:00,531.6668,532.4995,530.6701,532.12,71253
2026-07-24 09:44:00,532.25,534.8999,532.0,533.51,92122
2026-07-24 09:45:00,533.655,534.02,531.19,533.61,89272
2026-07-24 09:46:00,533.4,534.18,529.01,529.6413,149836
2026-07-24 09:47:00,530.09,530.5282,528.82,529.91,77075
2026-07-24 09:48:00,529.99,530.29,526.88,527.65,148376
2026-07-24 09:49:00,527.79,531.02,527.64,530.36,126354
2026-07-24 09:50:00,530.34,531.29,524.5,526.2699,200155
2026-07-24 09:51:00,526.32,526.3399,523.6001,525.5681,90131
2026-07-24 09:52:00,525.24,525.8,522.0341,522.5601,103829
2026-07-24 09:53:00,522.59,522.59,520.1,520.51,138636
2026-07-24 09:54:00,520.545,521.31,519.5,520.22,139676
2026-07-24 09:55:00,520.245,520.623,518.6,519.4961,146579
2026-07-24 09:56:00,519.47,521.01,518.55,518.93,121455
2026-07-24 09:57:00,518.67,519.75,518.1485,519.01,72571
2026-07-24 09:58:00,518.945,521.81,518.7,520.78,138549
2026-07-24 09:59:00,520.6501,522.345,520.12,521.34,104809
2026-07-24 10:00:00,521.145,525.14,519.88,524.41,140820
2026-07-24 10:01:00,524.5,524.9581,522.8706,523.275,95118
2026-07-24 10:02:00,523.1997,525.64,523.1997,523.39,92999
2026-07-24 10:03:00,523.73,524.2156,521.58,523.9501,72139
2026-07-24 10:04:00,523.815,525.45,523.4801,524.725,69415
2026-07-24 10:05:00,524.5001,527.4999,524.5001,526.61,141215
2026-07-24 10:06:00,526.8499,528.01,526.1103,526.745,98954
2026-07-24 10:07:00,526.91,529.51,525.28,528.905,136880
2026-07-24 10:08:00,529.1,530.4,528.686,529.16,126603
2026-07-24 10:09:00,529.0,529.2048,526.89,528.0,67354
2026-07-24 10:10:00,528.15,530.12,527.1,529.5067,100088
2026-07-24 10:11:00,528.82,530.99,528.36,529.635,77300
2026-07-24 10:12:00,529.3501,531.25,529.1312,529.605,97026
2026-07-24 10:13:00,529.605,530.63,529.0145,529.925,49238
2026-07-24 10:14:00,529.925,532.09,529.51,529.66,82621
2026-07-24 10:15:00,529.905,530.4899,527.19,527.475,99574
2026-07-24 10:16:00,527.3163,527.8,524.76,525.87,112664
2026-07-24 10:17:00,525.795,526.37,523.82,524.975,73577
2026-07-24 10:18:00,524.77,525.6284,521.5,521.5,102461
2026-07-24 10:20:00,520.495,523.5,520.2542,522.605,204548
2026-07-24 10:21:00,522.7178,525.49,522.1,524.78,81721
2026-07-24 10:22:00,524.74,527.3199,524.51,526.51,110122
2026-07-24 10:23:00,526.69,530.8099,526.5182,530.54,108833
2026-07-24 10:24:00,530.495,531.749,528.22,529.025,85867
2026-07-24 10:25:00,529.15,529.6599,527.535,528.425,64384
2026-07-24 10:26:00,528.73,529.22,527.3078,528.17,71096
2026-07-24 10:27:00,528.04,528.99,526.8301,527.45,68586
2026-07-24 10:28:00,527.725,529.4799,526.77,529.0547,72193
2026-07-24 10:29:00,529.5,531.7,529.5,531.27,110710
2026-07-24 10:30:00,531.09,531.4499,525.3,526.06,127851
2026-07-24 10:31:00,526.2185,528.0299,526.0001,527.16,62223
2026-07-24 10:32:00,526.995,527.0,524.89,524.89,70729
2026-07-24 10:33:00,524.9,525.9799,524.1,524.6,52771
2026-07-24 10:34:00,524.0,525.5,523.24,523.24,52068
2026-07-24 10:35:00,523.74,525.51,523.1,525.5,50652
2026-07-24 10:36:00,525.59,526.035,524.7,525.06,40719
2026-07-24 10:37:00,525.315,526.045,523.97,523.97,36555
2026-07-24 10:38:00,524.0249,524.9294,524.0249,524.395,27226
2026-07-24 10:39:00,524.69,524.8799,522.63,523.075,68113
2026-07-24 10:40:00,522.79,523.01,521.24,521.75,69889
2026-07-24 10:41:00,521.75,523.0,520.9,521.93,70493
2026-07-24 10:42:00,521.92,523.0316,520.9,521.25,50850
2026-07-24 10:43:00,521.1846,522.455,521.1,521.75,36011
2026-07-24 10:44:00,522.2,523.8764,522.1601,523.09,63131
2026-07-24 10:45:00,522.73,523.0,521.2,522.0,38745
2026-07-24 10:46:00,521.8,523.45,521.29,522.96,176135
2026-07-24 10:47:00,522.995,523.8364,521.47,522.1999,41458
2026-07-24 10:48:00,521.76,522.37,521.3665,521.88,26200
2026-07-24 10:49:00,521.88,525.88,521.88,524.99,70240
2026-07-24 10:50:00,525.0,526.5,524.99,526.02,69330
2026-07-24 10:51:00,525.61,526.38,523.69,524.145,57125
2026-07-24 10:52:00,524.31,525.98,522.5,522.766,62314
2026-07-24 10:53:00,522.82,525.5,522.5,524.995,54943
2026-07-24 10:54:00,524.94,525.7567,523.74,524.6401,29748
2026-07-24 10:55:00,524.875,527.0,524.875,526.6418,43421
2026-07-24 10:56:00,526.19,527.1099,525.9,527.0686,42712
2026-07-24 10:57:00,527.12,529.0943,527.11,528.345,60433
2026-07-24 10:58:00,528.5553,529.6704,527.18,529.66,55607
2026-07-24 10:59:00,529.7188,530.83,529.0601,529.49,90126
2026-07-24 11:00:00,529.82,531.37,528.1,531.22,90810
2026-07-24 11:01:00,531.34,532.4799,530.01,530.01,145668
2026-07-24 11:02:00,530.335,531.7999,529.74,531.36,55339
2026-07-24 11:03:00,531.2,532.2026,530.5877,531.045,47335
2026-07-24 11:04:00,531.49,532.0699,529.12,529.2188,70862
2026-07-24 11:05:00,529.305,530.18,528.69,529.5194,66672
2026-07-24 11:06:00,529.38,530.1469,528.5066,529.46,61425
2026-07-24 11:07:00,529.2313,530.7,528.0,530.7,63591
2026-07-24 11:08:00,530.7,531.89,530.38,530.825,50552
2026-07-24 11:09:00,531.1499,531.904,529.26,529.6,61248
2026-07-24 11:10:00,529.26,531.86,528.6,530.78,64199
2026-07-24 11:11:00,531.115,534.4999,530.6101,531.6008,129929
2026-07-24 11:12:00,531.83,532.91,530.1001,530.67,103124
2026-07-24 11:13:00,530.5,531.36,529.68,530.55,65676
2026-07-24 11:14:00,530.34,533.57,530.34,533.3875,64869
2026-07-24 11:15:00,533.155,537.13,532.7601,536.42,189683
2026-07-24 11:16:00,536.4382,536.9,534.55,534.75,70261
2026-07-24 11:17:00,534.87,535.71,532.23,532.655,55562
2026-07-24 11:18:00,532.39,533.16,530.55,531.2,78408
2026-07-24 11:19:00,531.08,532.73,529.805,530.505,75712
2026-07-24 11:20:00,530.0,532.15,529.945,531.5,49065
2026-07-24 11:21:00,531.515,532.0,530.58,530.83,35378
2026-07-24 11:22:00,530.74,531.15,530.16,530.17,30567
2026-07-24 11:23:00,530.16,532.36,530.16,531.3301,36325
2026-07-24 11:24:00,531.89,531.99,530.68,531.055,44236
2026-07-24 11:25:00,530.92,532.8,530.92,532.225,47570
2026-07-24 11:26:00,532.45,532.99,530.75,530.85,50867
2026-07-24 11:27:00,530.71,532.34,530.71,531.6,32820
2026-07-24 11:28:00,531.83,532.3799,530.13,530.13,41855
2026-07-24 11:29:00,530.2584,530.525,527.51,528.3101,114764
2026-07-24 11:30:00,527.8,529.5,527.11,528.73,64804
2026-07-24 11:31:00,528.5175,531.6138,528.49,530.6068,51926
2026-07-24 11:32:00,530.6389,531.81,529.7,530.68,49168
2026-07-24 11:33:00,530.505,531.0699,529.91,530.96,30650
2026-07-24 11:34:00,530.96,531.28,529.8,530.0,28470
2026-07-24 11:35:00,530.0,531.6,529.8,531.4425,29812
2026-07-24 11:36:00,531.5,531.792,530.8101,531.005,21724
2026-07-24 11:37:00,531.33,531.75,529.7191,531.72,38551
2026-07-24 11:38:00,531.68,532.78,531.47,532.3963,63606
2026-07-24 11:39:00,532.515,533.6699,532.39,533.5245,71819
2026-07-24 11:40:00,533.2,534.1095,533.19,533.28,55980
2026-07-24 11:41:00,533.225,533.43,531.24,531.85,47030
2026-07-24 11:42:00,532.11,532.7587,530.16,530.22,79406
2026-07-24 11:43:00,530.345,530.85,529.21,530.4,65230
2026-07-24 11:44:00,529.68,531.2751,529.68,530.645,40077
2026-07-24 11:45:00,530.58,532.3485,530.235,531.2999,43829
2026-07-24 11:46:00,531.12,531.57,530.76,531.11,29558
2026-07-24 11:47:00,530.72,531.3099,530.0,530.59,36589
2026-07-24 11:48:00,530.365,531.6762,530.36,531.635,25926
2026-07-24 11:49:00,531.26,532.2454,530.62,531.71,27200
2026-07-24 11:50:00,531.88,532.87,531.845,532.74,32781
2026-07-24 11:51:00,532.9491,533.62,532.19,533.35,38808
2026-07-24 11:52:00,533.0,533.9999,532.9527,533.38,35156
2026-07-24 11:53:00,532.79,534.05,532.28,533.75,32539
2026-07-24 11:54:00,533.755,534.95,533.6,534.255,100346
2026-07-24 11:55:00,534.06,536.4899,534.06,535.79,61038
2026-07-24 11:56:00,535.9845,537.7499,535.26,537.4,60083
2026-07-24 11:57:00,537.42,537.75,536.0201,536.255,61208
2026-07-24 11:58:00,536.43,537.4828,536.169,537.32,44037
2026-07-24 11:59:00,537.315,537.5,536.73,537.14,47720
2026-07-24 12:00:00,536.94,537.13,535.7222,535.79,57079
2026-07-24 12:01:00,535.885,536.3199,535.525,536.11,42482
2026-07-24 12:02:00,536.0512,536.6,535.6594,536.345,39468
2026-07-24 12:03:00,536.11,537.12,535.67,537.0052,42808
2026-07-24 12:04:00,537.19,537.93,537.1,537.5191,48850
2026-07-24 12:05:00,537.2801,538.37,537.1299,538.025,70167
2026-07-24 12:06:00,538.09,538.75,536.807,537.0,50558
2026-07-24 12:07:00,537.2599,539.4707,536.7006,539.4457,65123
2026-07-24 12:08:00,539.35,539.49,538.2401,538.75,39963
2026-07-24 12:09:00,538.852,539.6099,538.32,538.74,53774
2026-07-24 12:10:00,538.48,539.9796,538.39,539.77,38552
2026-07-24 12:11:00,539.78,539.8999,538.05,538.4,53063
2026-07-24 12:12:00,538.2,539.3099,537.85,538.0,39104
2026-07-24 12:13:00,537.9206,537.9504,536.7501,537.2951,48976
2026-07-24 12:14:00,537.22,538.15,537.21,537.9,30910
2026-07-24 12:15:00,537.83,538.78,537.1557,537.84,66602
2026-07-24 12:16:00,538.06,538.0741,537.2201,537.62,36531
2026-07-24 12:17:00,537.79,537.79,536.1,536.78,79398
2026-07-24 12:18:00,536.6194,537.8036,536.5001,537.59,24629
2026-07-24 12:19:00,537.5,538.39,537.37,538.04,40942
2026-07-24 12:20:00,537.96,539.23,537.74,539.0,37199
2026-07-24 12:21:00,539.19,539.315,538.0,538.965,42087
2026-07-24 12:22:00,538.68,540.34,538.6,540.22,65613
2026-07-24 12:23:00,540.095,540.6993,539.23,540.145,45854
2026-07-24 12:24:00,539.86,540.36,539.24,539.7823,37611
2026-07-24 12:25:00,539.7,539.7,538.53,539.365,35045
2026-07-24 12:26:00,539.415,539.72,537.7471,538.22,46895
2026-07-24 12:27:00,538.2,538.53,536.72,537.34,36235
2026-07-24 12:28:00,537.47,538.94,537.44,538.94,31648
2026-07-24 12:29:00,538.94,539.2599,538.2182,538.71,28404
2026-07-24 12:30:00,538.655,538.7465,537.15,537.79,48177
2026-07-24 12:31:00,538.0463,538.11,536.61,536.99,61550
2026-07-24 12:32:00,537.3,538.1576,537.02,537.625,36349
2026-07-24 12:33:00,538.2,538.44,537.5474,537.88,25913
2026-07-24 12:34:00,537.6,538.5,536.64,537.1,41411
2026-07-24 12:35:00,536.6,536.9995,536.1,536.29,31116
2026-07-24 12:36:00,536.445,537.15,535.67,536.22,34278
2026-07-24 12:37:00,535.955,536.2253,535.3642,535.555,33842
2026-07-24 12:38:00,535.4163,536.01,534.11,534.6399,76014
2026-07-24 12:39:00,534.1469,534.8361,533.8001,534.7197,42028
2026-07-24 12:40:00,534.62,534.81,533.36,533.58,40790
2026-07-24 12:41:00,533.565,535.1299,533.122,535.1299,36846
2026-07-24 12:42:00,535.02,535.02,533.91,534.07,22721
2026-07-24 12:43:00,534.3001,534.42,533.21,534.21,29873
2026-07-24 12:44:00,534.3542,534.55,533.4401,533.98,31323
2026-07-24 12:45:00,534.1,535.22,533.8465,534.93,46388
2026-07-24 12:46:00,534.99,535.17,533.7,533.7,28990
2026-07-24 12:47:00,533.51,534.4,533.2863,533.67,20963
2026-07-24 12:48:00,533.37,533.7499,532.21,533.1,52552
2026-07-24 12:49:00,532.99,533.67,532.8501,533.49,18353
2026-07-24 12:50:00,533.5,533.6,532.72,533.435,32449
2026-07-24 12:51:00,533.6,534.0,532.2501,532.855,37801
2026-07-24 12:52:00,532.815,533.1994,532.6,532.7673,18975
2026-07-24 12:53:00,532.8918,533.24,532.52,532.5993,27464
2026-07-24 12:54:00,532.68,533.03,532.46,532.46,32122
2026-07-24 12:55:00,532.2001,533.98,532.11,533.6,47822
2026-07-24 12:56:00,533.595,534.39,533.59,534.29,34684
2026-07-24 12:57:00,534.255,535.5299,534.255,535.195,44425
2026-07-24 12:58:00,535.2716,536.42,535.06,535.1401,51938
2026-07-24 12:59:00,535.1401,535.9399,535.02,535.442,29376
2026-07-24 13:00:00,535.41,535.87,534.45,534.68,28082
2026-07-24 13:01:00,534.53,534.535,532.62,533.31,46645
2026-07-24 13:02:00,533.3,534.36,533.16,533.7,28382
2026-07-24 13:03:00,533.965,534.58,533.69,534.0,34255
2026-07-24 13:04:00,534.2,534.86,533.77,534.21,22973
2026-07-24 13:05:00,533.89,534.19,533.3201,533.925,22610
2026-07-24 13:06:00,534.06,534.45,532.79,533.94,69751
2026-07-24 13:07:00,533.6501,534.29,532.9,532.9,26058
2026-07-24 13:08:00,533.095,533.79,532.59,533.1895,28923
2026-07-24 13:09:00,532.91,533.64,532.57,533.3811,32397
2026-07-24 13:10:00,533.0,533.3425,531.51,532.55,39867
2026-07-24 13:11:00,532.625,533.1,531.8001,532.26,39933
2026-07-24 13:12:00,532.54,533.2,532.48,532.895,31576
2026-07-24 13:13:00,533.0456,533.42,532.62,533.11,21281
2026-07-24 13:14:00,533.08,533.85,532.52,532.61,29085
2026-07-24 13:15:00,532.615,533.2,532.3401,532.3401,23444
2026-07-24 13:16:00,532.8,532.8,531.6,531.775,32867
2026-07-24 13:17:00,531.67,533.8422,531.67,533.7,31893
2026-07-24 13:18:00,533.81,534.49,533.19,534.0001,29852
2026-07-24 13:19:00,534.235,534.9099,533.935,534.52,30404
2026-07-24 13:20:00,534.595,535.6499,534.5076,534.79,31690
2026-07-24 13:21:00,534.53,534.8299,534.3,534.7299,24420
2026-07-24 13:22:00,534.2002,534.36,533.6001,533.8801,21332
2026-07-24 13:23:00,533.79,534.3999,533.5,533.69,21297
2026-07-24 13:24:00,533.92,535.16,533.68,535.095,16201
2026-07-24 13:25:00,535.0,535.1845,534.05,534.73,22068
2026-07-24 13:26:00,534.73,535.75,534.73,535.535,20775
2026-07-24 13:27:00,535.535,536.01,535.27,535.98,25116
2026-07-24 13:28:00,535.9,536.42,535.71,536.21,21976
2026-07-24 13:29:00,536.21,536.21,535.63,536.045,17761
2026-07-24 13:30:00,536.2,536.64,535.3,536.11,31895
2026-07-24 13:31:00,535.89,536.0,535.56,535.86,15274
2026-07-24 13:32:00,535.88,536.04,535.22,535.5,17797
2026-07-24 13:33:00,535.5,536.8799,535.27,536.87,29143
2026-07-24 13:34:00,536.3518,537.0795,536.3518,536.875,33412
2026-07-24 13:35:00,536.85,537.08,536.485,536.745,24198
2026-07-24 13:36:00,536.94,536.94,536.1801,536.34,21048
2026-07-24 13:37:00,536.2322,536.2322,535.17,535.575,21634
2026-07-24 13:38:00,535.71,535.8,535.03,535.7699,26282
2026-07-24 13:39:00,535.13,535.36,534.465,534.465,19504
2026-07-24 13:40:00,534.37,534.46,533.54,534.355,37992
2026-07-24 13:41:00,534.3,534.33,533.22,533.36,21469
2026-07-24 13:42:00,533.36,533.36,532.66,533.055,32657
2026-07-24 13:43:00,533.15,533.645,532.95,533.62,21238
2026-07-24 13:44:00,533.7617,534.2099,532.8,533.0,30088
2026-07-24 13:45:00,532.76,532.7799,531.64,531.93,32511
2026-07-24 13:46:00,531.957,532.9599,531.8027,532.755,14688
2026-07-24 13:47:00,532.76,533.0,532.22,532.385,22744
2026-07-24 13:48:00,532.385,533.0,532.05,532.86,22075
2026-07-24 13:49:00,532.78,533.75,532.61,533.525,26316
2026-07-24 13:50:00,533.64,534.36,532.7278,534.09,31962
2026-07-24 13:51:00,534.37,534.64,533.501,533.68,24885
2026-07-24 13:52:00,533.61,534.1599,533.35,534.03,14599
2026-07-24 13:53:00,534.25,534.5,533.681,534.01,11086
2026-07-24 13:54:00,533.935,534.07,533.5,533.865,17160
2026-07-24 13:55:00,534.11,534.65,533.4,533.65,21316
2026-07-24 13:56:00,533.66,533.9943,533.54,533.755,13899
2026-07-24 13:57:00,533.4001,533.65,532.71,532.845,16411
2026-07-24 13:58:00,532.84,533.105,532.23,532.7752,31091
2026-07-24 13:59:00,532.57,532.8399,532.3101,532.62,13754
2026-07-24 14:00:00,532.3,532.7099,532.0,532.62,35802
2026-07-24 14:01:00,532.85,533.0295,531.66,532.1801,26640
2026-07-24 14:02:00,531.81,532.68,531.55,532.435,16799
2026-07-24 14:03:00,532.69,533.051,531.7201,532.085,21635
2026-07-24 14:04:00,532.02,532.3489,532.0,532.1134,11803
2026-07-24 14:05:00,532.04,532.2044,531.67,531.995,27455
2026-07-24 14:06:00,531.9425,532.27,530.2001,530.47,48232
2026-07-24 14:07:00,530.7,531.2,530.38,530.71,39360
2026-07-24 14:08:00,530.547,531.3775,530.36,531.042,17331
2026-07-24 14:09:00,531.255,531.4999,530.3601,530.6946,20738
2026-07-24 14:10:00,530.9,531.035,530.12,530.67,25901
2026-07-24 14:11:00,530.42,530.67,530.12,530.13,19113
2026-07-24 14:12:00,530.085,530.6901,529.8,530.6901,31717
2026-07-24 14:13:00,530.52,531.0,529.8922,530.22,22448
2026-07-24 14:14:00,530.15,530.73,529.66,530.2,36902
2026-07-24 14:15:00,530.0,530.5,529.84,530.35,18893
2026-07-24 14:16:00,530.35,530.54,529.97,530.115,24848
2026-07-24 14:17:00,530.0,530.5399,529.7815,530.29,14267
2026-07-24 14:18:00,530.0001,530.4999,529.91,530.16,22181
2026-07-24 14:19:00,530.305,530.305,528.7101,529.04,96347
2026-07-24 14:20:00,528.91,529.083,528.3001,528.8942,46919
2026-07-24 14:21:00,528.705,529.06,528.4308,528.715,38871
2026-07-24 14:22:00,528.8,529.26,528.6001,528.76,25206
2026-07-24 14:23:00,528.73,528.88,527.64,528.5372,44684
2026-07-24 14:24:00,528.5,528.98,527.8001,527.94,34570
2026-07-24 14:25:00,528.015,528.015,527.36,527.675,44022
2026-07-24 14:26:00,527.595,527.7999,526.4673,526.7704,72773
2026-07-24 14:27:00,526.52,527.2499,526.43,526.97,38604
2026-07-24 14:28:00,526.97,527.2012,526.62,526.79,34424
2026-07-24 14:29:00,526.845,527.7995,526.6,526.63,61982
2026-07-24 14:30:00,526.74,527.13,526.1,526.6839,55772
2026-07-24 14:31:00,526.44,526.44,524.5321,524.915,98831
2026-07-24 14:32:00,524.94,525.32,524.6,524.905,36464
2026-07-24 14:33:00,524.9051,525.6899,524.5,524.73,35762
2026-07-24 14:34:00,524.67,525.1,524.355,524.89,48161
2026-07-24 14:35:00,524.7195,524.97,523.58,523.845,64705
2026-07-24 14:36:00,523.845,525.4399,523.7,524.64,92254
2026-07-24 14:37:00,524.87,524.98,524.06,524.44,38547
2026-07-24 14:38:00,524.375,524.8695,524.108,524.52,27212
2026-07-24 14:39:00,524.52,524.68,523.04,523.52,64275
2026-07-24 14:40:00,523.44,523.829,522.0,522.25,58949
2026-07-24 14:41:00,522.23,522.81,521.25,522.32,66569
2026-07-24 14:42:00,522.17,522.59,521.8,522.17,32577
2026-07-24 14:43:00,522.32,523.34,522.1601,522.6001,45229
2026-07-24 14:44:00,522.74,524.36,522.7,523.725,48950
2026-07-24 14:45:00,523.725,525.4683,523.11,525.18,100844
2026-07-24 14:46:00,525.5,526.75,525.4301,526.245,61083
2026-07-24 14:47:00,526.0001,526.72,525.45,526.54,41154
2026-07-24 14:48:00,526.74,526.83,525.43,525.965,114493
2026-07-24 14:49:00,526.065,526.065,524.89,525.155,30841
2026-07-24 14:50:00,525.51,526.24,524.55,524.58,44889
2026-07-24 14:51:00,524.71,526.5665,524.71,525.85,28037
2026-07-24 14:52:00,526.0,526.6803,525.4,526.2892,28740
2026-07-24 14:53:00,526.035,526.32,525.65,525.88,30850
2026-07-24 14:54:00,526.005,526.005,524.57,525.51,36596
2026-07-24 14:55:00,525.02,526.07,524.85,526.0,34671
2026-07-24 14:56:00,526.07,526.845,525.6208,526.56,37466
2026-07-24 14:57:00,526.625,526.9699,526.0,526.0229,61021
2026-07-24 14:58:00,526.1548,526.2,524.73,525.425,39553
2026-07-24 14:59:00,525.51,525.71,524.78,525.01,43643
2026-07-24 15:00:00,525.29,525.852,524.1068,525.01,46205
2026-07-24 15:01:00,524.895,526.4,524.26,524.26,34823
2026-07-24 15:02:00,524.595,524.61,523.0,523.44,29407
2026-07-24 15:03:00,523.44,524.0932,523.0,523.92,39959
2026-07-24 15:04:00,523.91,524.8999,523.66,523.825,19925
2026-07-24 15:05:00,523.825,524.752,523.04,524.57,42307
2026-07-24 15:06:00,524.75,525.4799,523.07,523.46,43548
2026-07-24 15:07:00,523.47,523.79,521.0,521.49,157688
2026-07-24 15:08:00,521.395,521.79,520.6,521.23,55675
2026-07-24 15:09:00,521.23,521.69,520.05,520.32,49507
2026-07-24 15:10:00,520.295,521.06,519.8,520.09,88777
2026-07-24 15:11:00,520.0,520.8899,519.77,520.5,35148
2026-07-24 15:12:00,520.68,521.7519,520.665,520.88,55692
2026-07-24 15:13:00,520.695,520.72,519.73,520.5005,56296
2026-07-24 15:14:00,520.26,520.5399,519.65,519.805,28875
2026-07-24 15:15:00,519.65,520.15,518.84,519.18,93711
2026-07-24 15:16:00,519.0,519.91,518.01,519.815,103598
2026-07-24 15:17:00,520.03,520.9219,519.96,520.63,40122
2026-07-24 15:18:00,520.475,520.869,519.8001,520.05,33904
2026-07-24 15:19:00,519.9001,520.74,519.7301,520.48,37932
2026-07-24 15:20:00,520.48,521.0,519.88,520.69,53017
2026-07-24 15:21:00,520.625,521.4799,520.08,521.16,52906
2026-07-24 15:22:00,520.99,522.1876,520.97,521.537,51869
2026-07-24 15:23:00,521.5,522.2114,521.0,521.515,33705
2026-07-24 15:24:00,521.34,521.68,519.7,520.21,51648
2026-07-24 15:25:00,520.33,520.3499,519.2001,520.21,40907
2026-07-24 15:26:00,520.21,520.975,520.0901,520.705,44765
2026-07-24 15:27:00,520.96,522.28,520.95,521.8128,67102
2026-07-24 15:28:00,521.83,522.9999,521.785,522.99,36225
2026-07-24 15:29:00,522.99,523.5,522.4001,522.6275,47797
2026-07-24 15:30:00,522.62,523.7,522.4,523.1233,66589
2026-07-24 15:31:00,522.945,524.17,522.65,523.225,66402
2026-07-24 15:32:00,522.87,524.64,522.87,524.265,66384
2026-07-24 15:33:00,524.0,524.6399,523.83,524.23,36831
2026-07-24 15:34:00,524.19,524.6,523.33,523.34,42628
2026-07-24 15:35:00,523.88,523.88,522.22,523.34,73712
2026-07-24 15:36:00,523.18,523.5,522.2129,522.44,39395
2026-07-24 15:37:00,522.6,523.86,522.6,523.29,37089
2026-07-24 15:38:00,523.27,523.83,522.885,523.69,26570
2026-07-24 15:39:00,523.8,524.0504,521.97,522.235,45265
2026-07-24 15:40:00,522.26,522.585,521.6201,521.87,56719
2026-07-24 15:41:00,521.88,522.265,521.2,521.84,46022
2026-07-24 15:42:00,521.84,522.26,521.0101,521.38,57120
2026-07-24 15:43:00,521.35,522.3583,520.81,522.0389,65275
2026-07-24 15:44:00,522.2865,523.14,522.03,522.99,41173
2026-07-24 15:45:00,523.015,523.37,521.9224,522.08,59880
2026-07-24 15:46:00,521.91,522.5,521.8,522.28,46636
2026-07-24 15:47:00,522.28,523.28,522.26,523.025,53815
2026-07-24 15:48:00,523.07,523.57,522.77,522.92,41027
2026-07-24 15:49:00,522.9,524.3299,522.34,524.01,58908
2026-07-24 15:50:00,524.155,524.53,521.27,521.27,221635
2026-07-24 15:51:00,521.26,522.29,520.72,521.755,70200
2026-07-24 15:52:00,521.8,521.9099,521.13,521.7,61811
2026-07-24 15:53:00,521.555,521.6,520.22,520.68,102370
2026-07-24 15:54:00,520.7688,522.36,520.38,521.865,146494
2026-07-24 15:55:00,522.28,522.5,519.31,519.32,246339
2026-07-24 15:56:00,519.27,520.21,518.85,520.1172,181237
2026-07-24 15:57:00,519.875,521.0,519.805,520.71,172341
2026-07-24 15:58:00,520.59,520.95,520.34,520.56,167344
2026-07-24 15:59:00,520.56,522.85,519.57,522.03,613607
2026-07-24 16:00:00,521.95,523.0,520.0,522.15,16069
2026-07-24 16:01:00,522.49,522.49,521.95,522.05,0
2026-07-24 16:02:00,522.0282,522.8,521.95,522.5,0
2026-07-24 16:03:00,522.1,522.54,522.07,522.15,0
2026-07-24 16:04:00,522.16,522.5,521.95,522.32,0
2026-07-24 16:05:00,522.2761,527.62,522.1,522.26,0
2026-07-24 16:06:00,522.5,522.78,522.2345,522.49,0
2026-07-24 16:07:00,522.46,523.13,521.95,522.7463,0
2026-07-24 16:08:00,522.66,522.88,522.31,522.7,0
2026-07-24 16:09:00,522.75,522.88,521.95,522.76,0
2026-07-24 16:10:00,522.43,523.0,521.95,522.4613,0
2026-07-24 16:11:00,522.4768,522.75,522.3697,522.7,0
2026-07-24 16:12:00,522.81,523.0,522.4635,522.9,0
2026-07-24 16:13:00,523.0,523.3,522.98,523.0,0
2026-07-24 16:14:00,523.01,523.3,523.0,523.0487,0
2026-07-24 16:15:00,521.95,523.49,521.95,523.25,0
2026-07-24 16:16:00,523.25,523.68,523.0167,523.68,0
2026-07-24 16:17:00,523.6216,523.68,523.25,523.48,0
2026-07-24 16:18:00,523.25,523.8,523.25,523.67,0
2026-07-24 16:19:00,523.5925,523.5925,522.92,523.1345,0
2026-07-24 16:20:00,523.08,523.4,522.41,523.0621,0
2026-07-24 16:21:00,523.2,523.4,523.0451,523.0451,0
2026-07-24 16:22:00,523.3,523.4,522.98,523.19,0
2026-07-24 16:23:00,523.3349,531.51,522.98,523.41,0
2026-07-24 16:24:00,523.2,523.5,523.0,523.3349,0
2026-07-24 16:25:00,523.25,523.49,523.2,523.2549,0
2026-07-24 16:26:00,523.4236,523.5,523.21,523.35,0
2026-07-24 16:27:00,523.29,523.35,522.5,522.9655,0
2026-07-24 16:28:00,522.9832,523.09,522.8,523.09,0
2026-07-24 16:29:00,523.1111,523.39,522.44,523.39,0
2026-07-24 16:30:00,523.22,523.25,522.6,523.25,0
2026-07-24 16:31:00,522.5469,522.99,522.5469,522.73,0
2026-07-24 16:32:00,522.6701,522.74,522.41,522.575,0
2026-07-24 16:33:00,522.5757,522.74,522.5,522.6105,0
2026-07-24 16:34:00,522.61,522.61,522.41,522.5,0
2026-07-24 16:35:00,522.59,522.99,522.47,522.6272,0
2026-07-24 16:36:00,522.99,522.9999,522.51,522.71,0
2026-07-24 16:37:00,522.75,522.89,522.5,522.61,0
2026-07-24 16:38:00,522.6,522.89,522.51,522.5876,0
2026-07-24 16:39:00,522.44,522.75,522.41,522.75,0
2026-07-24 16:40:00,522.7,522.89,522.42,522.42,0
2026-07-24 16:41:00,522.851,522.851,522.5,522.53,0
2026-07-24 16:42:00,522.64,522.64,522.422,522.422,0
2026-07-24 16:43:00,522.4296,522.56,522.41,522.56,0
2026-07-24 16:44:00,522.45,522.6,522.41,522.51,0
2026-07-24 16:45:00,522.5,522.8535,522.5,522.8057,0
2026-07-24 16:46:00,522.5,522.762,522.41,522.585,0
2026-07-24 16:47:00,522.41,522.59,522.31,522.31,0
2026-07-24 16:48:00,522.41,522.66,522.2031,522.5155,0
2026-07-24 16:49:00,522.53,522.66,522.1601,522.28,0
2026-07-24 16:50:00,522.16,522.66,522.16,522.29,0
2026-07-24 16:51:00,522.3,522.51,522.25,522.48,0
2026-07-24 16:52:00,522.31,522.59,522.3,522.53,0
2026-07-24 16:53:00,522.51,522.66,522.1725,522.33,0
2026-07-24 16:54:00,522.5,522.66,522.16,522.646,0
2026-07-24 16:55:00,522.6485,522.66,522.2,522.66,0
2026-07-24 16:56:00,522.6997,522.7,521.95,522.55,0
2026-07-24 16:57:00,522.21,522.69,522.21,522.6368,0
2026-07-24 16:58:00,522.638,522.69,522.3,522.469,0
2026-07-24 16:59:00,522.49,522.5,522.42,522.4524,0
2026-07-24 17:00:00,522.4566,522.47,522.32,522.47,0
2026-07-24 17:01:00,522.4566,522.7,522.4566,522.5,0
2026-07-24 17:02:00,522.6,522.7,522.51,522.65,0
2026-07-24 17:03:00,522.67,522.7,522.4465,522.6605,0
2026-07-24 17:04:00,522.65,522.65,521.95,522.53,0
2026-07-24 17:05:00,522.63,522.63,522.39,522.55,0
2026-07-24 17:06:00,522.55,522.5959,522.41,522.55,0
2026-07-24 17:07:00,522.48,522.65,522.1852,522.1852,0
2026-07-24 17:08:00,522.4,522.65,522.25,522.35,0
2026-07-24 17:09:00,522.35,522.55,522.35,522.55,0
2026-07-24 17:10:00,522.55,522.65,522.39,522.4,0
2026-07-24 17:11:00,522.25,522.5,522.25,522.5,0
2026-07-24 17:12:00,522.4999,522.65,522.35,522.57,0
2026-07-24 17:13:00,522.25,522.64,522.25,522.57,0
2026-07-24 17:14:00,522.57,522.57,522.25,522.32,0
2026-07-24 17:15:00,522.3,522.3789,522.11,522.24,0
2026-07-24 17:16:00,522.265,522.43,522.1012,522.26,0
2026-07-24 17:17:00,522.11,522.31,522.1,522.31,0
2026-07-24 17:18:00,522.26,522.35,522.1387,522.35,0
2026-07-24 17:19:00,522.1,522.35,522.1,522.3124,0
2026-07-24 17:20:00,522.3051,522.3298,522.2232,522.3,0
2026-07-24 17:21:00,522.35,522.35,522.24,522.3244,0
2026-07-24 17:22:00,522.24,522.4,522.2,522.3985,0
2026-07-24 17:23:00,522.394,522.57,522.394,522.4158,0
2026-07-24 17:24:00,522.405,522.42,522.371,522.41,0
2026-07-24 17:25:00,522.35,522.42,522.2,522.3717,0
2026-07-24 17:26:00,522.2746,522.57,522.2,522.57,0
2026-07-24 17:27:00,522.54,522.65,522.54,522.55,0
2026-07-24 17:28:00,522.59,522.85,522.59,522.7,0
2026-07-24 17:29:00,522.71,522.85,522.66,522.85,0
2026-07-24 17:30:00,522.74,522.85,522.65,522.85,0
2026-07-24 17:31:00,522.7818,522.96,522.7818,522.9,0
2026-07-24 17:32:00,522.9,523.0,522.75,523.0,0
2026-07-24 17:33:00,523.08,523.44,523.0,523.44,0
2026-07-24 17:34:00,523.25,523.45,523.0,523.0697,0
2026-07-24 17:35:00,523.0697,523.45,523.0,523.45,0
2026-07-24 17:36:00,523.0697,523.45,523.0697,523.3521,0
2026-07-24 17:37:00,523.01,523.43,523.0,523.2,0
2026-07-24 17:38:00,523.4,523.4,523.0,523.0829,0
2026-07-24 17:39:00,523.12,523.22,523.0697,523.22,0
2026-07-24 17:40:00,523.01,523.25,523.01,523.25,0
2026-07-24 17:41:00,523.1,523.25,523.0554,523.0758,0
2026-07-24 17:42:00,523.2,523.2,523.01,523.19,0
2026-07-24 17:43:00,523.05,523.1727,523.0,523.0,0
2026-07-24 17:44:00,522.82,523.14,522.64,522.64,0
2026-07-24 17:45:00,522.51,522.9426,522.49,522.49,0
2026-07-24 17:46:00,522.49,522.64,522.2,522.45,0
2026-07-24 17:47:00,522.35,523.2237,522.2,522.2,0
2026-07-24 17:48:00,522.942,522.942,522.2881,522.72,0
2026-07-24 17:49:00,522.8,522.8,522.4173,522.51,0
2026-07-24 17:50:00,522.79,522.79,522.293,522.293,0
2026-07-24 17:51:00,522.79,522.79,522.52,522.65,0
2026-07-24 17:52:00,522.7,522.8,522.5798,522.7473,0
2026-07-24 17:53:00,522.6139,522.8,522.54,522.79,0
2026-07-24 17:54:00,522.75,522.99,522.56,522.6763,0
2026-07-24 17:55:00,522.71,522.75,522.3,522.7,0
2026-07-24 17:56:00,522.57,522.73,522.49,522.5,0
2026-07-24 17:57:00,522.3597,522.56,522.3597,522.5,0
2026-07-24 17:58:00,522.5,522.53,522.3,522.52,0
2026-07-24 17:59:00,522.75,522.75,522.2,522.325,0
2026-07-24 18:00:00,522.2,522.75,522.2,522.58,0
2026-07-24 18:01:00,522.39,522.4,522.35,522.361,0
2026-07-24 18:02:00,522.6,522.65,522.2,522.44,0
2026-07-24 18:03:00,522.2996,522.65,522.2,522.4,0
2026-07-24 18:04:00,522.75,522.75,522.3777,522.6,0
2026-07-24 18:05:00,522.38,522.38,522.38,522.38,0
2026-07-24 18:06:00,522.4535,522.475,522.2101,522.2101,0
2026-07-24 18:07:00,522.48,522.75,522.25,522.39,0
2026-07-24 18:08:00,522.39,522.6414,522.2,522.45,0
2026-07-24 18:09:00,522.45,522.65,522.2,522.5,0
2026-07-24 18:10:00,522.458,522.5,522.45,522.45,0
2026-07-24 18:11:00,522.45,522.45,522.1,522.24,0
2026-07-24 18:12:00,522.19,522.31,522.1087,522.29,0
2026-07-24 18:13:00,522.1,522.35,522.06,522.2,0
2026-07-24 18:14:00,522.1669,522.75,522.06,522.08,0
2026-07-24 18:15:00,522.17,522.75,522.08,522.11,0
2026-07-24 18:16:00,522.352,522.352,522.06,522.07,0
2026-07-24 18:17:00,522.15,522.15,522.15,522.15,0
2026-07-24 18:18:00,522.15,522.75,522.07,522.75,0
2026-07-24 18:19:00,522.75,522.75,521.34,521.97,0
2026-07-24 18:20:00,521.5,521.8977,521.4,521.65,0
2026-07-24 18:21:00,521.5,521.9999,521.0,521.5,0
2026-07-24 18:22:00,521.5,522.0,521.0,521.5,0
2026-07-24 18:23:00,521.5,521.5,521.01,521.5,0
2026-07-24 18:24:00,521.16,522.0,521.0,521.0,0
2026-07-24 18:25:00,521.22,522.0,521.16,521.25,0
2026-07-24 18:26:00,521.25,521.65,521.0,521.0,0
2026-07-24 18:27:00,521.845,522.0,521.0,521.2687,0
2026-07-24 18:28:00,521.27,521.51,521.25,521.3662,0
2026-07-24 18:29:00,521.4083,521.58,521.25,521.38,0
2026-07-24 18:30:00,521.65,521.8365,521.3662,521.5,0
2026-07-24 18:31:00,521.5,522.0,521.5,521.65,0
2026-07-24 18:32:00,521.8765,521.95,521.25,521.7,0
2026-07-24 18:33:00,521.65,522.0,521.25,521.25,0
2026-07-24 18:34:00,521.85,522.0,521.85,522.0,0
2026-07-24 18:35:00,521.86,522.0,521.86,521.937,0
2026-07-24 18:36:00,521.93,522.0,521.75,521.88,0
2026-07-24 18:37:00,521.75,521.8838,521.5,521.75,0
2026-07-24 18:38:00,521.75,521.99,521.75,521.9154,0
2026-07-24 18:39:00,521.99,521.99,521.5775,521.9154,0
2026-07-24 18:40:00,521.8,521.99,521.5245,521.5245,0
2026-07-24 18:41:00,521.52,521.8812,521.52,521.7,0
2026-07-24 18:42:00,521.4,521.99,521.26,521.99,0
2026-07-24 18:43:00,521.29,521.4,521.26,521.4,0
2026-07-24 18:44:00,521.25,521.62,521.25,521.3726,0
2026-07-24 18:45:00,521.25,521.98,521.25,521.29,0
2026-07-24 18:46:00,521.31,521.98,521.25,521.51,0
2026-07-24 18:47:00,521.8315,521.9799,521.31,521.73,0
2026-07-24 18:48:00,521.88,521.98,521.5,521.8333,0
2026-07-24 18:49:00,521.8287,521.8762,521.5,521.5728,0
2026-07-24 18:50:00,521.5,521.67,521.5,521.5,0
2026-07-24 18:51:00,521.67,521.8,521.5,521.8,0
2026-07-24 18:52:00,521.8,521.8,521.5434,521.64,0
2026-07-24 18:53:00,521.64,521.78,521.31,521.78,0
2026-07-24 18:54:00,521.64,521.78,521.55,521.77,0
2026-07-24 18:55:00,521.73,521.78,521.65,521.74,0
2026-07-24 18:56:00,521.5987,521.78,521.54,521.64,0
2026-07-24 18:57:00,521.78,521.78,521.7022,521.77,0
2026-07-24 18:58:00,521.77,521.77,521.5,521.54,0
2026-07-24 18:59:00,521.44,521.54,521.0,521.0,0
2026-07-24 19:00:00,521.17,521.48,521.0,521.42,0
2026-07-24 19:01:00,521.4,521.4,521.1202,521.27,0
2026-07-24 19:02:00,521.4,521.42,521.27,521.3487,0
2026-07-24 19:03:00,521.5,521.77,521.3208,521.3208,0
2026-07-24 19:04:00,521.57,521.77,521.41,521.41,0
2026-07-24 19:05:00,521.77,521.77,521.6591,521.71,0
2026-07-24 19:06:00,521.47,521.47,521.36,521.47,0
2026-07-24 19:07:00,521.49,521.6958,521.4,521.6,0
2026-07-24 19:08:00,521.6002,521.99,521.6,521.72,0
2026-07-24 19:09:00,521.72,521.72,521.5,521.6301,0
2026-07-24 19:10:00,521.6075,521.7268,521.46,521.46,0
2026-07-24 19:11:00,521.4465,521.46,521.41,521.44,0
2026-07-24 19:12:00,521.44,521.53,521.252,521.53,0
2026-07-24 19:13:00,521.35,521.5686,521.16,521.19,0
2026-07-24 19:14:00,521.61,521.61,521.0862,521.2,0
2026-07-24 19:15:00,521.2,521.75,521.07,521.15,0
2026-07-24 19:16:00,521.07,521.75,521.07,521.15,0
2026-07-24 19:17:00,521.15,521.64,521.07,521.07,0
2026-07-24 19:18:00,521.6,521.6,521.0827,521.59,0
2026-07-24 19:19:00,521.07,521.55,520.8214,521.2,0
2026-07-24 19:20:00,521.0,521.0275,521.0,521.0001,0
2026-07-24 19:21:00,521.18,521.18,520.76,520.88,0
2026-07-24 19:22:00,520.88,521.0,520.76,520.88,0
2026-07-24 19:23:00,520.75,521.0,520.75,520.9279,0
2026-07-24 19:24:00,520.9279,521.6,520.9098,521.0724,0
2026-07-24 19:25:00,521.3,521.3,521.0136,521.02,0
2026-07-24 19:26:00,521.2901,521.4,521.16,521.2,0
2026-07-24 19:27:00,521.2,521.3999,521.02,521.2873,0
2026-07-24 19:28:00,521.2,521.22,520.89,520.89,0
2026-07-24 19:29:00,520.81,521.08,520.78,521.0,0
2026-07-24 19:30:00,521.0,521.4,520.75,521.0,0
2026-07-24 19:31:00,520.65,521.0,520.55,520.7243,0
2026-07-24 19:32:00,520.81,520.81,520.55,520.6,0
2026-07-24 19:33:00,520.6,521.0,520.55,520.55,0
2026-07-24 19:34:00,520.63,520.95,520.55,520.55,0
2026-07-24 19:35:00,520.73,520.9999,520.6197,520.96,0
2026-07-24 19:36:00,520.75,520.95,520.6,520.75,0
2026-07-24 19:37:00,520.6184,520.95,520.6184,520.9,0
2026-07-24 19:38:00,520.79,520.8,520.6,520.6454,0
2026-07-24 19:39:00,520.7,520.8,520.55,520.79,0
2026-07-24 19:40:00,520.75,520.7697,520.54,520.54,0
2026-07-24 19:41:00,520.81,520.81,520.68,520.68,0
2026-07-24 19:42:00,520.571,520.9,520.55,520.6007,0
2026-07-24 19:43:00,520.6042,520.9,520.55,520.8999,0
2026-07-24 19:44:00,520.65,520.975,520.65,520.975,0
2026-07-24 19:45:00,521.4,521.4,520.6817,520.9,0
2026-07-24 19:46:00,520.78,520.9,520.78,520.81,0
2026-07-24 19:47:00,520.8516,521.4,520.75,520.8,0
2026-07-24 19:48:00,520.8384,520.95,520.8,520.8,0
2026-07-24 19:49:00,520.8,521.4,520.65,520.75,0
2026-07-24 19:50:00,520.73,520.75,520.6,520.6,0
2026-07-24 19:51:00,520.7,521.34,520.7,520.89,0
2026-07-24 19:52:00,520.99,521.2563,520.8,520.8,0
2026-07-24 19:53:00,520.8,521.21,520.6152,521.02,0
2026-07-24 19:54:00,521.34,521.34,520.7147,520.99,0
2026-07-24 19:55:00,521.0,521.29,520.7914,521.0,0
2026-07-24 19:56:00,521.07,521.29,521.07,521.27,0
2026-07-24 19:57:00,521.29,521.29,521.0,521.25,0
2026-07-24 19:58:00,521.1,521.5194,521.1,521.5194,0
2026-07-24 19:59:00,521.5,521.67,521.5,521.6,0
2026-07-27 04:00:00,540.592,540.592,532.688,537.51,0
2026-07-27 04:01:00,536.83,539.48,533.0,536.71,0
2026-07-27 04:02:00,537.4165,538.95,536.6,537.75,0
2026-07-27 04:03:00,537.9,538.1,536.67,537.5145,0
2026-07-27 04:04:00,537.61,538.0,536.5,537.25,0
2026-07-27 04:05:00,536.88,536.88,535.0,536.04,0
2026-07-27 04:06:00,536.0,539.27,533.6,535.75,0
2026-07-27 04:07:00,535.75,536.76,535.1455,536.76,0
2026-07-27 04:08:00,535.3,536.48,535.26,536.48,0
2026-07-27 04:09:00,535.75,536.9061,535.3553,536.9,0
2026-07-27 04:10:00,535.41,535.41,535.2,535.2,0
2026-07-27 04:11:00,536.0,536.0,535.1,535.3246,0
2026-07-27 04:12:00,535.61,535.61,534.07,535.1411,0
2026-07-27 04:13:00,535.1,535.1988,534.088,534.088,0
2026-07-27 04:14:00,534.3,536.1,533.76,536.1,0
2026-07-27 04:15:00,535.5,535.5,534.99,534.99,0
2026-07-27 04:16:00,535.18,535.18,534.42,534.42,0
2026-07-27 04:17:00,535.18,535.37,533.7,534.5538,0
2026-07-27 04:18:00,535.2,536.02,534.3,535.68,0
2026-07-27 04:19:00,535.79,536.1,535.0574,536.1,0
2026-07-27 04:20:00,536.22,536.22,535.05,535.05,0
2026-07-27 04:21:00,536.0,536.0,535.096,535.096,0
2026-07-27 04:22:00,536.0,536.71,536.0,536.71,0
2026-07-27 04:23:00,536.0,536.0,535.6,536.0,0
2026-07-27 04:24:00,536.25,536.4837,536.02,536.3,0
2026-07-27 04:25:00,536.3,536.49,536.3,536.49,0
2026-07-27 04:26:00,535.5,536.41,535.5,536.41,0
2026-07-27 04:27:00,536.21,536.8175,536.01,536.45,0
2026-07-27 04:28:00,536.5,536.52,536.26,536.52,0
2026-07-27 04:29:00,536.51,537.24,536.32,536.89,0
2026-07-27 04:30:00,537.15,537.75,536.89,536.89,0
2026-07-27 04:31:00,537.32,537.689,536.65,536.65,0
2026-07-27 04:32:00,536.96,536.96,536.6984,536.7457,0
2026-07-27 04:33:00,536.6,537.99,536.58,537.75,0
2026-07-27 04:34:00,536.78,537.85,536.78,537.31,0
2026-07-27 04:35:00,537.5,537.5,536.41,536.78,0
2026-07-27 04:37:00,536.92,538.0,536.91,538.0,0
2026-07-27 04:38:00,538.0,538.0,537.0,537.0,0
2026-07-27 04:39:00,537.0,538.0,536.5,537.0,0
2026-07-27 04:40:00,536.25,537.0,536.25,537.0,0
2026-07-27 04:41:00,537.19,537.945,536.77,536.7787,0
2026-07-27 04:42:00,536.77,537.99,536.77,537.99,0
2026-07-27 04:43:00,538.0,538.75,537.31,538.75,0
2026-07-27 04:44:00,538.5681,539.5,538.34,539.5,0
2026-07-27 04:45:00,539.5,539.5,538.5,538.92,0
2026-07-27 04:46:00,538.71,539.49,538.5,538.5,0
2026-07-27 04:47:00,539.0,539.0,538.78,538.78,0
2026-07-27 04:48:00,538.78,538.92,538.64,538.73,0
2026-07-27 04:49:00,539.0,539.0,538.5,538.75,0
2026-07-27 04:50:00,538.6,538.6,538.6,538.6,0
2026-07-27 04:51:00,538.78,538.95,538.64,538.72,0
2026-07-27 04:52:00,538.72,538.88,538.72,538.88,0
2026-07-27 04:53:00,538.7,538.88,538.5,538.7,0
2026-07-27 04:54:00,538.7,539.3,538.7,539.24,0
2026-07-27 04:55:00,539.19,539.22,539.0,539.18,0
2026-07-27 04:56:00,539.0,539.0,538.91,539.0,0
2026-07-27 04:57:00,538.84,539.39,538.54,539.39,0
2026-07-27 04:58:00,539.03,539.2,539.03,539.1825,0
2026-07-27 04:59:00,539.18,539.2,539.0,539.0,0
2026-07-27 05:00:00,538.8,539.39,537.92,538.01,0
2026-07-27 05:01:00,538.08,538.35,538.08,538.35,0
2026-07-27 05:02:00,537.673,539.0,537.6447,538.65,0
2026-07-27 05:03:00,538.63,538.63,538.63,538.63,0
2026-07-27 05:04:00,538.1875,538.94,538.0347,538.94,0
2026-07-27 05:05:00,538.0347,538.51,538.0347,538.51,0
2026-07-27 05:06:00,538.36,539.0,537.8007,538.19,0
2026-07-27 05:07:00,538.2,538.2,538.0152,538.0152,0
2026-07-27 05:08:00,538.5,538.5,537.9957,537.9957,0
2026-07-27 05:09:00,537.9957,537.9957,537.9957,537.9957,0
2026-07-27 05:10:00,538.2,538.2,538.2,538.2,0
2026-07-27 05:11:00,538.36,538.59,538.36,538.4877,0
2026-07-27 05:12:00,538.5,538.9,538.01,538.77,0
2026-07-27 05:13:00,538.61,538.9,537.9957,538.68,0
2026-07-27 05:14:00,538.9,539.0,538.44,538.6,0
2026-07-27 05:15:00,537.9957,537.9957,537.9957,537.9957,0
2026-07-27 05:16:00,538.5,538.9742,537.97,538.9742,0
2026-07-27 05:17:00,538.65,539.0,538.2,538.5842,0
2026-07-27 05:18:00,538.6,538.6,538.165,538.165,0
2026-07-27 05:19:00,538.2,538.5,538.2,538.36,0
2026-07-27 05:20:00,538.36,538.5,538.36,538.4724,0
2026-07-27 05:21:00,538.4,538.5,538.0,538.42,0
2026-07-27 05:22:00,538.5,539.0,538.5,538.5,0
2026-07-27 05:23:00,538.9479,538.9479,538.15,538.15,0
2026-07-27 05:24:00,538.9194,538.9194,538.152,538.152,0
2026-07-27 05:25:00,538.48,538.48,538.0,538.48,0
2026-07-27 05:26:00,538.48,538.49,538.48,538.48,0
2026-07-27 05:27:00,538.31,538.52,538.24,538.52,0
2026-07-27 05:28:00,538.01,538.2404,538.01,538.2404,0
2026-07-27 05:29:00,538.42,538.46,538.42,538.46,0
2026-07-27 05:30:00,538.27,538.27,537.6,537.72,0
2026-07-27 05:31:00,537.2133,538.0,537.1907,537.85,0
2026-07-27 05:32:00,537.69,537.9988,537.69,537.9567,0
2026-07-27 05:33:00,537.9,537.9,537.1907,537.1907,0
2026-07-27 05:34:00,537.84,538.06,537.84,538.06,0
2026-07-27 05:35:00,537.99,538.715,537.99,538.0,0
2026-07-27 05:36:00,538.23,538.23,537.18,537.18,0
2026-07-27 05:37:00,538.3,538.42,538.3,538.42,0
2026-07-27 05:38:00,538.5,538.5,537.2654,537.2654,0
2026-07-27 05:39:00,538.01,538.01,538.01,538.01,0
2026-07-27 05:40:00,538.06,538.06,538.06,538.06,0
2026-07-27 05:41:00,538.4,538.99,538.4,538.99,0
2026-07-27 05:42:00,538.99,538.99,537.2155,538.3,0
2026-07-27 05:43:00,538.3,538.49,538.12,538.49,0
2026-07-27 05:44:00,538.5,538.9552,538.5,538.9552,0
2026-07-27 05:45:00,538.37,538.6,538.36,538.6,0
2026-07-27 05:46:00,538.3,538.71,538.3,538.71,0
2026-07-27 05:47:00,538.73,539.4635,538.73,539.21,0
2026-07-27 05:48:00,539.42,539.42,538.8175,538.8175,0
2026-07-27 05:49:00,539.0,539.0,539.0,539.0,0
2026-07-27 05:50:00,539.0,539.0,539.0,539.0,0
2026-07-27 05:51:00,538.89,539.19,538.89,539.1,0
2026-07-27 05:52:00,539.0,539.09,538.75,539.09,0
2026-07-27 05:53:00,539.18,539.49,538.48,539.49,0
2026-07-27 05:54:00,539.0,539.09,538.2,538.52,0
2026-07-27 05:55:00,538.6,538.61,537.6584,538.51,0
2026-07-27 05:56:00,538.61,538.8,538.61,538.8,0
2026-07-27 05:57:00,538.54,538.55,538.5,538.5,0
2026-07-27 05:58:00,538.64,538.64,538.64,538.64,0
2026-07-27 05:59:00,538.8,538.89,538.8,538.89,0
2026-07-27 06:00:00,538.89,538.96,538.89,538.96,0
2026-07-27 06:01:00,538.89,538.98,538.3,538.89,0
2026-07-27 06:02:00,538.89,538.99,538.64,538.73,0
2026-07-27 06:03:00,538.82,539.0,538.82,539.0,0
2026-07-27 06:04:00,538.3,538.965,538.3,538.965,0
2026-07-27 06:05:00,538.59,538.59,538.59,538.59,0
2026-07-27 06:06:00,538.94,538.94,538.8,538.8,0
2026-07-27 06:07:00,538.8,538.8,538.0295,538.8,0
2026-07-27 06:08:00,538.8,539.18,538.8,538.99,0
2026-07-27 06:09:00,538.88,539.48,538.71,538.99,0
2026-07-27 06:10:00,538.74,538.74,538.3,538.3,0
2026-07-27 06:11:00,538.3,538.31,537.67,538.3,0
2026-07-27 06:12:00,538.05,538.05,537.6,537.6,0
2026-07-27 06:13:00,537.6,538.01,537.6,538.0,0
2026-07-27 06:14:00,538.3,538.95,538.05,538.05,0
2026-07-27 06:15:00,538.01,539.4888,538.01,539.4888,0
2026-07-27 06:16:00,539.0,539.0,539.0,539.0,0
2026-07-27 06:17:00,538.06,538.06,538.06,538.06,0
2026-07-27 06:18:00,538.4,538.77,537.23,538.07,0
2026-07-27 06:19:00,537.2389,537.6,537.2389,537.55,0
2026-07-27 06:20:00,537.81,539.0,537.17,537.44,0
2026-07-27 06:21:00,537.69,537.69,537.215,537.215,0
2026-07-27 06:22:00,537.2147,538.96,537.2147,538.04,0
2026-07-27 06:24:00,538.05,538.15,537.52,538.15,0
2026-07-27 06:25:00,537.75,537.75,537.5974,537.5974,0
2026-07-27 06:26:00,537.72,537.72,537.1945,537.44,0
2026-07-27 06:27:00,537.93,538.1255,537.44,537.94,0
2026-07-27 06:28:00,537.94,537.94,537.75,537.8,0
2026-07-27 06:29:00,537.8,537.8,537.8,537.8,0
2026-07-27 06:30:00,538.02,538.46,537.2037,537.2037,0
2026-07-27 06:31:00,537.5255,537.8,537.5255,537.8,0
2026-07-27 06:32:00,538.5188,538.5188,537.2817,538.0,0
2026-07-27 06:33:00,538.33,538.33,538.32,538.32,0
2026-07-27 06:34:00,538.13,538.13,537.55,537.58,0
2026-07-27 06:35:00,537.3302,537.75,537.25,537.25,0
2026-07-27 06:36:00,537.25,538.04,537.1712,537.18,0
2026-07-27 06:37:00,537.61,537.61,537.1797,537.2,0
2026-07-27 06:38:00,537.25,537.25,537.25,537.25,0
2026-07-27 06:39:00,537.15,537.25,537.0,537.0012,0
2026-07-27 06:40:00,537.02,537.02,537.0,537.0,0
2026-07-27 06:41:00,537.0,537.6337,537.0,537.6337,0
2026-07-27 06:42:00,537.34,537.4,537.0,537.0,0
2026-07-27 06:43:00,537.3,537.6,537.3,537.6,0
2026-07-27 06:44:00,537.0,537.44,537.0,537.44,0
2026-07-27 06:45:00,537.42,537.91,537.42,537.91,0
2026-07-27 06:46:00,537.9,537.9,537.75,537.75,0
2026-07-27 06:47:00,537.405,537.405,537.405,537.405,0
2026-07-27 06:48:00,537.0275,537.72,537.0275,537.72,0
2026-07-27 06:49:00,537.27,537.9067,537.0,537.7874,0
2026-07-27 06:50:00,537.5,537.81,537.48,537.81,0
2026-07-27 06:51:00,537.655,538.0,537.55,537.94,0
2026-07-27 06:52:00,537.691,537.7678,537.0,537.0012,0
2026-07-27 06:53:00,537.56,537.79,537.56,537.71,0
2026-07-27 06:54:00,537.48,537.48,537.0,537.0,0
2026-07-27 06:55:00,537.36,537.95,537.3,537.3,0
2026-07-27 06:56:00,537.3,537.62,537.1088,537.1088,0
2026-07-27 06:57:00,537.1099,537.1099,537.1099,537.1099,0
2026-07-27 06:59:00,537.1219,537.86,537.1219,537.86,0
2026-07-27 07:00:00,537.0,538.04,535.51,536.0,0
2026-07-27 07:01:00,535.51,536.07,534.94,534.94,0
2026-07-27 07:02:00,535.37,536.0,534.22,534.88,0
2026-07-27 07:03:00,535.0,535.8,534.01,535.3536,0
2026-07-27 07:04:00,534.01,535.8,534.01,534.6301,0
2026-07-27 07:05:00,535.6271,535.6271,534.2,534.99,0
2026-07-27 07:06:00,534.8022,535.0,534.25,534.8785,0
2026-07-27 07:07:00,534.75,535.05,534.26,534.63,0
2026-07-27 07:08:00,534.26,535.05,534.25,534.94,0
2026-07-27 07:09:00,534.5001,534.93,534.2,534.5,0
2026-07-27 07:10:00,534.0923,534.5,534.02,534.04,0
2026-07-27 07:11:00,534.68,535.25,534.03,534.75,0
2026-07-27 07:12:00,534.98,535.24,534.7001,535.0,0
2026-07-27 07:13:00,535.0,535.0595,534.1,535.0,0
2026-07-27 07:14:00,534.49,535.9,534.43,535.02,0
2026-07-27 07:15:00,535.9,535.9,534.8,535.5,0
2026-07-27 07:16:00,535.33,535.79,535.0,535.53,0
2026-07-27 07:17:00,535.59,535.59,534.8,535.3656,0
2026-07-27 07:18:00,535.36,535.36,534.01,535.26,0
2026-07-27 07:19:00,534.64,535.4999,534.24,534.24,0
2026-07-27 07:20:00,534.98,535.0,534.1634,534.4877,0
2026-07-27 07:21:00,534.026,534.65,534.01,534.4,0
2026-07-27 07:22:00,534.2171,534.6,533.33,534.17,0
2026-07-27 07:23:00,533.83,534.38,533.7,533.88,0
2026-07-27 07:24:00,534.01,534.4,533.53,534.1812,0
2026-07-27 07:25:00,533.88,534.5,533.5,534.5,0
2026-07-27 07:26:00,534.29,534.29,532.11,532.12,0
2026-07-27 07:27:00,532.71,533.0,532.11,532.2,0
2026-07-27 07:28:00,532.3,533.0,532.3,532.69,0
2026-07-27 07:29:00,532.5375,533.0,532.11,532.11,0
2026-07-27 07:30:00,532.06,533.0,531.0955,533.0,0
2026-07-27 07:31:00,532.44,534.0,532.0,534.0,0
2026-07-27 07:32:00,533.65,534.0,532.4538,533.475,0
2026-07-27 07:33:00,532.5,533.4,532.01,532.8774,0
2026-07-27 07:34:00,532.75,532.75,531.0835,531.729,0
2026-07-27 07:35:00,532.19,533.0,531.11,531.69,0
2026-07-27 07:36:00,532.69,533.0,531.5,532.8504,0
2026-07-27 07:37:00,532.44,532.841,532.0,532.34,0
2026-07-27 07:38:00,532.3662,533.0,532.3662,532.4,0
2026-07-27 07:39:00,532.5,533.0,532.35,532.89,0
2026-07-27 07:40:00,532.99,533.0,532.35,532.8993,0
2026-07-27 07:41:00,532.9837,534.0,532.4507,534.0,0
2026-07-27 07:42:00,533.845,534.1,533.0,533.6,0
2026-07-27 07:43:00,533.75,534.0562,532.6212,533.4,0
2026-07-27 07:44:00,534.0426,534.0426,533.0,533.0,0
2026-07-27 07:45:00,533.4272,533.5,533.37,533.37,0
2026-07-27 07:46:00,533.33,533.68,533.12,533.68,0
2026-07-27 07:47:00,533.4462,534.0,533.12,533.75,0
2026-07-27 07:48:00,533.99,533.99,533.12,533.12,0
2026-07-27 07:49:00,533.9481,534.11,533.14,534.09,0
2026-07-27 07:50:00,534.0,534.9042,533.2564,533.99,0
2026-07-27 07:51:00,533.569,534.35,533.569,534.35,0
2026-07-27 07:52:00,534.35,534.35,533.4,533.8,0
2026-07-27 07:53:00,533.75,534.0,533.0,533.0,0
2026-07-27 07:54:00,533.4547,533.4547,532.36,532.57,0
2026-07-27 07:55:00,532.99,533.5,532.525,533.2341,0
2026-07-27 07:56:00,532.5001,533.5,532.5,533.3,0
2026-07-27 07:57:00,533.41,533.5,532.75,533.0,0
2026-07-27 07:58:00,533.0,533.5,532.78,533.42,0
2026-07-27 07:59:00,533.45,533.49,533.0,533.3778,0
2026-07-27 08:00:00,533.38,534.74,533.0,534.0202,0
2026-07-27 08:01:00,534.0,534.7388,533.65,534.5,0
2026-07-27 08:02:00,534.0,534.8,534.0,534.8,0
2026-07-27 08:03:00,534.8,534.8,534.21,534.2138,0
2026-07-27 08:04:00,534.5732,534.8,534.1,534.75,0
2026-07-27 08:05:00,534.6,534.6,534.2,534.5115,0
2026-07-27 08:06:00,534.47,535.2,534.2146,535.2,0
2026-07-27 08:07:00,535.22,535.5,534.9085,535.44,0
2026-07-27 08:08:00,535.3,535.5,534.7046,534.7046,0
2026-07-27 08:09:00,534.53,534.8,533.0,534.343,0
2026-07-27 08:10:00,534.8,534.8,533.0,533.5,0
2026-07-27 08:11:00,533.71,534.7499,533.0,533.99,0
2026-07-27 08:12:00,534.49,534.49,532.5,533.46,0
2026-07-27 08:13:00,533.46,533.46,532.69,532.69,0
2026-07-27 08:14:00,533.0,533.084,532.35,532.35,0
2026-07-27 08:15:00,533.0,533.5,532.38,533.47,0
2026-07-27 08:16:00,533.21,534.0,533.21,534.0,0
2026-07-27 08:17:00,533.9988,534.0,533.2,533.24,0
2026-07-27 08:18:00,533.6,533.6084,533.0,533.35,0
2026-07-27 08:19:00,533.0,533.48,533.0,533.1791,0
2026-07-27 08:20:00,533.511,533.6241,533.0,533.2067,0
2026-07-27 08:21:00,533.29,533.3601,533.0,533.0,0
2026-07-27 08:22:00,533.0,533.0,532.1299,533.0,0
2026-07-27 08:23:00,533.0,533.0,532.0,532.3752,0
2026-07-27 08:24:00,532.34,532.8934,532.269,532.43,0
2026-07-27 08:25:00,532.5977,533.0,532.25,532.8838,0
2026-07-27 08:26:00,532.9,532.99,532.25,532.7975,0
2026-07-27 08:27:00,532.5,533.514,532.5,533.26,0
2026-07-27 08:28:00,533.4,533.536,533.25,533.5,0
2026-07-27 08:29:00,533.4,533.5729,533.1804,533.5729,0
2026-07-27 08:30:00,533.5,533.7,532.88,533.06,0
2026-07-27 08:31:00,533.5,533.654,532.5,533.4,0
2026-07-27 08:32:00,532.3,532.601,531.57,531.636,0
2026-07-27 08:33:00,531.6399,532.36,531.51,532.0,0
2026-07-27 08:34:00,531.99,532.82,531.9816,532.7346,0
2026-07-27 08:35:00,532.78,533.0,532.26,532.7662,0
2026-07-27 08:36:00,533.0,533.39,532.2,533.39,0
2026-07-27 08:37:00,533.094,533.4,533.0,533.0,0
2026-07-27 08:38:00,532.9177,533.49,532.51,533.31,0
2026-07-27 08:39:00,533.42,533.55,533.0,533.17,0
2026-07-27 08:40:00,533.36,533.75,533.1723,533.38,0
2026-07-27 08:41:00,533.38,533.8,533.38,533.7543,0
2026-07-27 08:42:00,533.62,533.86,533.2353,533.5,0
2026-07-27 08:43:00,533.8,533.8,533.01,533.01,0
2026-07-27 08:44:00,533.6,533.6,533.17,533.47,0
2026-07-27 08:45:00,533.35,533.86,533.2924,533.8,0
2026-07-27 08:46:00,533.4713,533.9,533.4,533.7707,0
2026-07-27 08:47:00,533.66,534.01,533.66,533.9,0
2026-07-27 08:48:00,534.5,534.71,534.23,534.6,0
2026-07-27 08:49:00,534.72,534.8,534.22,534.7,0
2026-07-27 08:50:00,534.5,534.7,534.0,534.0,0
2026-07-27 08:51:00,534.5,534.6,533.22,533.22,0
2026-07-27 08:52:00,533.88,534.22,533.64,534.22,0
2026-07-27 08:53:00,534.22,534.6479,533.76,534.34,0
2026-07-27 08:54:00,534.2296,534.5,534.2296,534.3248,0
2026-07-27 08:55:00,534.5,535.1996,534.0,535.1996,0
2026-07-27 08:56:00,535.5,535.5,534.58,535.4318,0
2026-07-27 08:57:00,535.24,535.5,534.3982,535.2609,0
2026-07-27 08:58:00,535.5,535.5,534.5,535.0,0
2026-07-27 08:59:00,534.5,535.22,534.5,535.0,0
2026-07-27 09:00:00,535.09,535.75,534.76,535.032,0
2026-07-27 09:01:00,535.44,535.51,533.59,533.78,0
2026-07-27 09:02:00,534.4,534.75,533.7888,534.13,0
2026-07-27 09:03:00,534.74,534.75,533.8,534.74,0
2026-07-27 09:04:00,534.75,534.99,534.3,534.3,0
2026-07-27 09:05:00,534.7,535.0,533.51,534.0928,0
2026-07-27 09:06:00,533.75,534.3,532.36,532.4367,0
2026-07-27 09:07:00,532.44,534.0,532.07,532.45,0
2026-07-27 09:08:00,532.3644,533.4,531.85,532.57,0
2026-07-27 09:09:00,532.47,532.7521,532.0,532.7,0
2026-07-27 09:10:00,532.8466,534.0,532.0,533.0,0
2026-07-27 09:11:00,533.0,533.8,532.99,533.5,0
2026-07-27 09:12:00,533.1157,534.0,533.1157,533.71,0
2026-07-27 09:13:00,533.48,533.72,533.0,533.5,0
2026-07-27 09:14:00,533.22,533.5,532.25,532.88,0
2026-07-27 09:15:00,532.57,533.64,532.5,533.5,0
2026-07-27 09:16:00,533.28,533.61,532.5,533.45,0
2026-07-27 09:17:00,533.0,533.75,532.5237,533.75,0
2026-07-27 09:18:00,533.51,533.8,532.5,532.6634,0
2026-07-27 09:19:00,533.49,533.49,532.26,532.93,0
2026-07-27 09:20:00,532.5,533.4,532.11,532.46,0
2026-07-27 09:21:00,532.16,532.9295,531.3,532.26,0
2026-07-27 09:22:00,531.8,532.4,531.4,532.26,0
2026-07-27 09:23:00,532.4,532.8,532.0,532.21,0
2026-07-27 09:24:00,532.54,532.55,531.11,531.6,0
2026-07-27 09:25:00,532.32,533.25,531.1212,532.01,0
2026-07-27 09:26:00,532.01,533.25,531.321,531.9082,0
2026-07-27 09:27:00,531.56,532.14,530.16,530.16,0
2026-07-27 09:28:00,530.34,530.34,527.9229,527.98,0
2026-07-27 09:29:00,527.93,528.39,527.1,527.69,0
2026-07-27 09:30:00,527.505,527.57,519.59,522.545,983073
2026-07-27 09:31:00,522.54,524.62,519.6,524.22,135573
2026-07-27 09:32:00,524.215,528.0,521.17,521.3,135128
2026-07-27 09:33:00,521.32,522.588,519.7,521.4375,188406
2026-07-27 09:34:00,520.98,522.57,520.5608,521.84,111959
2026-07-27 09:35:00,521.84,525.53,521.315,525.245,108790
2026-07-27 09:36:00,525.38,526.69,523.3401,524.5,91705
2026-07-27 09:37:00,524.6408,525.36,521.0,522.47,109861
2026-07-27 09:38:00,522.16,522.9999,515.2,515.2,180356
2026-07-27 09:39:00,515.25,517.455,514.2001,517.28,127104
2026-07-27 09:40:00,517.3798,518.225,513.36,513.88,112590
2026-07-27 09:41:00,513.83,514.5799,512.2,513.4485,119339
2026-07-27 09:42:00,513.0,514.6499,509.51,509.755,175996
2026-07-27 09:43:00,509.52,510.15,506.29,506.5633,164227
2026-07-27 09:44:00,506.875,508.2,506.63,507.08,168479
2026-07-27 09:45:00,507.34,508.6597,506.26,508.185,162979
2026-07-27 09:46:00,508.205,510.5093,507.35,508.495,146360
2026-07-27 09:47:00,508.58,509.5999,506.6922,508.335,95989
2026-07-27 09:48:00,508.08,509.4399,507.37,508.97,84493
2026-07-27 09:49:00,508.97,509.88,507.0,507.105,107152
2026-07-27 09:50:00,507.315,509.5,505.3,509.3425,194789
2026-07-27 09:51:00,509.2,510.65,508.06,510.365,86111
2026-07-27 09:52:00,510.365,511.5932,508.9,509.055,128519
2026-07-27 09:53:00,508.85,510.14,507.74,509.34,68046
2026-07-27 09:54:00,510.0612,510.88,508.5001,509.2479,64698
2026-07-27 09:55:00,508.6,508.9399,507.5,508.28,79473
2026-07-27 09:56:00,507.935,507.99,506.1601,507.17,117960
2026-07-27 09:57:00,507.41,507.545,506.0,506.32,108657
2026-07-27 09:58:00,506.4,506.4,504.21,504.275,181739
2026-07-27 09:59:00,504.44,505.395,503.5,504.2994,133297
2026-07-27 10:00:00,504.57,505.525,503.63,505.48,144954
2026-07-27 10:01:00,505.6,505.6,502.54,502.91,123307
2026-07-27 10:02:00,502.805,503.5,501.775,502.2799,153878
2026-07-27 10:03:00,502.19,502.53,499.5,500.0,257503
2026-07-27 10:04:00,500.2,502.52,499.58,502.46,130206
2026-07-27 10:05:00,502.6,503.73,501.32,501.475,103998
2026-07-27 10:06:00,501.44,501.78,500.64,501.345,62669
2026-07-27 10:07:00,501.7,503.0363,501.04,502.59,89738
2026-07-27 10:08:00,502.7776,503.5226,501.5,502.92,99235
2026-07-27 10:09:00,502.92,504.2,502.76,503.165,73420
2026-07-27 10:10:00,503.165,503.33,499.6838,500.5,129968
2026-07-27 10:11:00,500.1901,500.81,498.01,498.905,142334
2026-07-27 10:12:00,498.905,499.9353,498.39,498.7357,83926
2026-07-27 10:13:00,498.875,499.515,496.22,496.67,127911
2026-07-27 10:14:00,496.99,498.155,496.4,496.525,95456
2026-07-27 10:15:00,496.4,498.41,496.2,496.895,124995
2026-07-27 10:16:00,497.0,498.06,495.3,496.21,97627
2026-07-27 10:17:00,496.09,496.26,493.68,494.0,142420
2026-07-27 10:18:00,493.93,495.33,493.67,494.26,105652
2026-07-27 10:19:00,494.65,495.9599,494.295,494.84,87830
2026-07-27 10:20:00,494.815,495.3,491.17,491.17,145838
2026-07-27 10:21:00,491.11,493.0999,490.88,491.23,164751
2026-07-27 10:22:00,491.23,491.985,490.3,490.74,143671
2026-07-27 10:23:00,490.88,491.9899,488.91,489.06,199521
2026-07-27 10:24:00,489.08,490.1999,487.82,488.98,133362
2026-07-27 10:25:00,488.91,489.02,487.45,487.9,124055
2026-07-27 10:26:00,487.9,488.85,487.18,488.03,165865
2026-07-27 10:27:00,488.25,488.73,487.03,487.605,153497
2026-07-27 10:28:00,487.52,487.755,486.0,486.0201,136811
2026-07-27 10:29:00,486.185,486.63,484.6875,485.19,194417
2026-07-27 10:30:00,485.195,486.34,484.1297,485.49,125232
2026-07-27 10:31:00,485.31,486.85,485.0,485.79,105155
2026-07-27 10:32:00,485.647,486.44,484.6,485.73,121413
2026-07-27 10:33:00,485.73,486.3599,484.81,484.81,88530
2026-07-27 10:34:00,484.84,484.84,483.4,483.41,112838
2026-07-27 10:35:00,483.3612,483.57,481.56,483.52,144364
2026-07-27 10:36:00,483.62,483.68,480.65,481.005,147094
2026-07-27 10:37:00,480.97,481.38,479.5568,481.23,239740
2026-07-27 10:38:00,481.23,483.4999,481.23,481.62,99369
2026-07-27 10:39:00,481.41,481.71,480.5,480.905,98334
2026-07-27 10:40:00,481.07,481.46,478.82,479.67,145083
2026-07-27 10:41:00,479.56,480.0,477.2073,477.59,113215
2026-07-27 10:42:00,477.7799,478.16,477.1473,477.3,126450
2026-07-27 10:43:00,477.405,478.82,476.93,478.6502,128006
2026-07-27 10:44:00,478.82,479.89,477.5,477.95,132634
2026-07-27 10:45:00,478.02,481.69,478.02,481.345,145772
2026-07-27 10:46:00,481.18,483.41,480.6397,482.45,186428
2026-07-27 10:47:00,482.7299,484.4375,482.475,483.5,199017
2026-07-27 10:48:00,483.445,484.56,482.7388,483.25,109859
2026-07-27 10:49:00,483.25,485.63,483.04,485.145,162818
2026-07-27 10:50:00,485.19,489.32,485.164,488.455,191315
2026-07-27 10:51:00,488.18,488.9999,486.6713,486.825,115929
2026-07-27 10:52:00,486.8654,488.5999,485.69,488.255,92453
2026-07-27 10:53:00,488.25,488.5,486.16,486.805,67499
2026-07-27 10:54:00,486.805,487.585,485.4095,485.5651,67130
2026-07-27 10:55:00,485.525,487.52,485.0253,487.29,82771
2026-07-27 10:56:00,487.29,488.79,486.78,488.09,77461
2026-07-27 10:57:00,488.195,489.3495,488.195,488.32,96761
2026-07-27 10:58:00,488.0235,489.09,487.6901,488.345,93756
2026-07-27 10:59:00,488.02,489.94,488.0,489.07,79280
2026-07-27 11:00:00,489.15,489.8,487.4805,488.575,88754
2026-07-27 11:01:00,488.575,488.77,486.6,486.9,77848
2026-07-27 11:02:00,486.6,488.0945,485.9,486.87,70522
2026-07-27 11:03:00,486.615,488.45,486.2501,486.83,54354
2026-07-27 11:04:00,486.73,487.38,486.0551,486.7,48942
2026-07-27 11:05:00,486.93,487.16,485.8901,486.095,107809
2026-07-27 11:06:00,486.095,486.34,483.91,483.91,95077
2026-07-27 11:07:00,483.99,486.7,483.2,486.325,110452
2026-07-27 11:08:00,486.48,487.6,485.6727,486.3599,93220
2026-07-27 11:09:00,486.085,486.085,484.01,484.51,78127
2026-07-27 11:10:00,484.153,486.6399,483.6,485.315,84115
2026-07-27 11:11:00,484.58,485.81,483.161,483.615,73689
2026-07-27 11:12:00,483.84,485.69,483.31,484.395,81164
2026-07-27 11:13:00,484.2,484.446,482.06,483.005,78158
2026-07-27 11:14:00,482.82,483.63,480.27,480.645,90315
2026-07-27 11:15:00,480.59,480.94,479.4201,480.025,104618
2026-07-27 11:16:00,479.8001,480.86,479.5,480.275,100213
2026-07-27 11:17:00,480.235,480.92,479.2501,479.905,72636
2026-07-27 11:18:00,480.15,480.235,478.4,479.975,82279
2026-07-27 11:19:00,479.855,481.7599,479.46,481.415,77066
2026-07-27 11:20:00,481.415,483.9099,481.2,483.81,87562
2026-07-27 11:21:00,483.81,484.9099,482.79,483.07,87846
2026-07-27 11:22:00,483.075,484.56,482.485,483.38,60960
2026-07-27 11:23:00,483.395,483.395,480.5001,481.2376,89102
2026-07-27 11:24:00,481.1255,481.48,480.3305,481.185,55940
2026-07-27 11:25:00,481.3,481.63,479.6561,480.18,61252
2026-07-27 11:26:00,480.2597,481.485,479.76,480.72,39638
2026-07-27 11:27:00,480.8751,481.28,479.6001,480.04,55414
2026-07-27 11:28:00,480.005,480.24,479.1,479.9,69146
2026-07-27 11:29:00,479.715,480.95,479.71,480.62,58676
2026-07-27 11:30:00,480.42,480.79,479.88,480.64,36896
2026-07-27 11:31:00,480.605,481.5,479.22,479.2601,59206
2026-07-27 11:32:00,479.59,479.59,478.5,478.83,60109
2026-07-27 11:33:00,478.755,479.585,478.26,479.585,73087
2026-07-27 11:34:00,479.73,479.99,479.0,479.51,32886
2026-07-27 11:35:00,479.51,479.51,478.24,478.64,67044
2026-07-27 11:36:00,478.7311,480.16,478.595,479.6,50630
2026-07-27 11:37:00,479.12,479.56,478.26,478.37,56452
2026-07-27 11:38:00,478.49,478.94,478.06,478.94,48519
2026-07-27 11:39:00,478.94,480.0,478.94,479.67,49305
2026-07-27 11:40:00,479.52,480.32,478.5401,479.51,40334
2026-07-27 11:41:00,479.6788,480.13,478.91,480.065,45381
2026-07-27 11:42:00,480.065,481.2253,480.06,480.305,59523
2026-07-27 11:43:00,480.0,481.16,479.72,480.215,79704
2026-07-27 11:44:00,480.3999,481.5981,479.9,480.28,58290
2026-07-27 11:45:00,480.23,480.49,479.25,479.63,66462
2026-07-27 11:46:00,479.21,480.04,479.21,479.31,32196
2026-07-27 11:47:00,479.755,479.92,477.81,478.39,88566
2026-07-27 11:48:00,478.4404,479.55,478.21,478.21,36202
2026-07-27 11:49:00,478.18,479.0,477.7,478.55,35826
2026-07-27 11:50:00,478.925,479.1,477.8405,478.7,22238
2026-07-27 11:51:00,479.2,479.8965,478.7,479.05,33748
2026-07-27 11:52:00,479.285,479.98,478.57,478.78,35264
2026-07-27 11:53:00,478.55,479.1,478.0,478.72,31265
2026-07-27 11:54:00,478.72,479.51,478.3,478.59,41487
2026-07-27 11:55:00,478.59,479.82,478.3,479.455,47558
2026-07-27 11:56:00,479.2792,480.11,479.02,479.595,36212
2026-07-27 11:57:00,479.59,482.325,479.0,481.895,106332
2026-07-27 11:58:00,481.5508,482.76,481.44,482.37,83125
2026-07-27 11:59:00,482.215,483.24,482.0,482.735,62369
2026-07-27 12:00:00,483.0,484.47,482.13,482.85,54683
2026-07-27 12:01:00,482.77,483.5599,482.2,482.78,58717
2026-07-27 12:02:00,482.97,483.78,482.89,483.195,39426
2026-07-27 12:03:00,483.4376,484.49,483.22,484.38,56858
2026-07-27 12:04:00,484.14,485.38,484.14,484.93,66544
2026-07-27 12:05:00,485.07,486.124,484.7,485.395,53584
2026-07-27 12:06:00,485.385,485.5,484.12,485.19,63807
2026-07-27 12:07:00,484.96,485.2719,484.2,484.7596,34456
2026-07-27 12:08:00,484.44,485.13,484.01,484.97,39059
2026-07-27 12:09:00,484.89,485.0077,484.28,484.99,29865
2026-07-27 12:10:00,485.2,486.27,484.86,486.27,44816
2026-07-27 12:11:00,486.235,486.4592,485.53,485.87,31041
2026-07-27 12:12:00,485.745,486.24,485.38,485.825,44514
2026-07-27 12:13:00,485.97,485.97,484.03,484.57,49953
2026-07-27 12:14:00,484.6,485.0225,483.3668,483.775,49547
2026-07-27 12:15:00,484.0,484.0,483.0005,484.0,34797
2026-07-27 12:16:00,483.92,484.16,482.1,482.52,40034
2026-07-27 12:17:00,482.645,483.4999,482.3503,483.05,27737
2026-07-27 12:18:00,482.6901,482.995,482.0,482.0001,35364
2026-07-27 12:19:00,482.33,482.89,481.9801,482.2505,43119
2026-07-27 12:20:00,482.34,482.62,481.17,482.4,48548
2026-07-27 12:21:00,482.26,483.8799,482.21,482.35,37638
2026-07-27 12:22:00,482.4577,482.9669,481.843,482.89,45145
2026-07-27 12:23:00,482.52,483.3999,482.25,483.11,31997
2026-07-27 12:24:00,483.36,484.53,483.3415,483.8101,27360
2026-07-27 12:25:00,483.905,488.0299,483.905,487.655,142358
2026-07-27 12:26:00,487.66,488.6299,486.0639,486.415,95748
2026-07-27 12:27:00,486.5834,487.49,486.39,486.42,47965
2026-07-27 12:28:00,486.63,487.84,486.62,487.015,52009
2026-07-27 12:29:00,487.06,487.1897,485.89,486.17,69910
2026-07-27 12:30:00,486.28,487.71,486.28,486.98,42740
2026-07-27 12:31:00,487.075,487.96,487.075,487.315,46044
2026-07-27 12:32:00,487.0,487.11,485.2,485.2,35805
2026-07-27 12:33:00,485.6791,485.85,485.05,485.3,33454
2026-07-27 12:34:00,485.4503,485.61,484.25,484.2501,48144
2026-07-27 12:35:00,484.54,484.5851,483.2102,483.37,30467
2026-07-27 12:36:00,483.37,485.1,483.0,485.06,43036
2026-07-27 12:37:00,484.97,486.415,484.9348,485.38,41690
2026-07-27 12:38:00,485.49,486.8699,485.25,486.65,28161
2026-07-27 12:39:00,486.75,487.4299,486.59,487.2786,31895
2026-07-27 12:40:00,487.26,487.606,486.6831,487.606,32612
2026-07-27 12:41:00,487.3,487.6499,486.3201,486.58,29097
2026-07-27 12:42:00,486.58,487.0,486.05,486.625,18826
2026-07-27 12:43:00,486.685,486.87,486.2,486.475,24495
2026-07-27 12:44:00,486.2,486.48,485.57,486.06,40091
2026-07-27 12:45:00,486.21,486.7,485.8,486.55,44712
2026-07-27 12:46:00,486.45,487.77,486.45,487.26,42695
2026-07-27 12:47:00,487.39,488.4793,487.35,487.54,46078
2026-07-27 12:48:00,487.785,488.11,487.0105,487.74,30106
2026-07-27 12:49:00,487.465,487.749,486.711,486.8,34419
2026-07-27 12:50:00,486.955,487.14,486.06,486.06,42640
2026-07-27 12:51:00,486.02,486.4699,484.9083,485.01,88128
2026-07-27 12:52:00,485.105,485.47,484.1601,484.96,40875
2026-07-27 12:53:00,484.71,485.0,484.395,484.475,67685
2026-07-27 12:54:00,484.48,484.77,483.3,483.66,97885
2026-07-27 12:55:00,483.66,483.79,480.9501,482.99,58268
2026-07-27 12:56:00,482.69,483.4199,482.5129,483.06,45217
2026-07-27 12:57:00,482.86,483.19,482.45,483.162,71086
2026-07-27 12:58:00,483.14,483.44,482.41,482.58,42103
2026-07-27 12:59:00,482.78,483.44,482.5,483.23,35410
2026-07-27 13:00:00,483.23,483.45,482.69,483.18,32826
2026-07-27 13:01:00,483.01,483.18,482.0392,482.245,77201
2026-07-27 13:02:00,482.245,482.3325,480.63,480.99,66237
2026-07-27 13:03:00,480.7901,481.1199,480.15,480.845,61337
2026-07-27 13:04:00,481.01,481.39,479.758,480.205,60620
2026-07-27 13:05:00,480.26,480.38,479.78,479.79,35982
2026-07-27 13:06:00,480.06,480.06,478.96,479.56,66031
2026-07-27 13:07:00,479.54,480.3902,479.34,480.3902,40412
2026-07-27 13:08:00,480.37,480.53,479.709,479.72,41738
2026-07-27 13:09:00,479.84,480.41,479.59,479.59,36670
2026-07-27 13:10:00,479.6,479.7999,478.97,479.31,40037
2026-07-27 13:11:00,479.31,479.96,478.9101,479.665,35315
2026-07-27 13:12:00,479.85,481.15,479.31,480.67,40981
2026-07-27 13:13:00,480.52,480.89,480.11,480.41,25925
2026-07-27 13:14:00,480.5,481.37,480.365,480.5,33018
2026-07-27 13:15:00,480.5,480.9899,479.9,480.83,55620
2026-07-27 13:16:00,480.78,481.1699,480.0762,480.44,23300
2026-07-27 13:17:00,480.3,480.3,478.7201,479.71,44576
2026-07-27 13:18:00,479.59,479.81,478.995,479.39,31846
2026-07-27 13:19:00,479.235,479.85,479.0001,479.65,36176
2026-07-27 13:20:00,479.355,480.47,479.2054,480.275,34990
2026-07-27 13:21:00,480.3128,480.4677,479.641,480.15,24263
2026-07-27 13:22:00,479.73,480.69,479.23,480.21,29410
2026-07-27 13:23:00,480.58,480.85,479.4,479.575,22374
2026-07-27 13:24:00,479.575,479.81,479.12,479.34,36628
2026-07-27 13:25:00,479.2,479.77,478.985,478.985,28762
2026-07-27 13:26:00,479.05,479.76,478.7705,479.76,25956
2026-07-27 13:27:00,479.72,480.14,479.59,479.7703,20885
2026-07-27 13:28:00,479.97,480.05,479.66,480.03,23093
2026-07-27 13:29:00,480.03,480.2,479.49,479.905,23047
2026-07-27 13:30:00,479.88,480.51,479.88,480.46,24943
2026-07-27 13:31:00,480.4,480.97,480.305,480.41,29272
2026-07-27 13:32:00,480.52,481.615,480.0701,481.55,40565
2026-07-27 13:33:00,481.5,482.43,481.5,482.25,31708
2026-07-27 13:34:00,481.9826,482.85,481.9016,482.2,30687
2026-07-27 13:35:00,482.2,482.5,481.79,481.925,26380
2026-07-27 13:36:00,481.5701,482.2,481.22,481.475,38398
2026-07-27 13:37:00,481.68,481.6966,480.5,480.8,32627
2026-07-27 13:38:00,480.745,481.7638,480.24,481.64,35295
2026-07-27 13:39:00,481.48,481.61,480.3,480.485,30203
2026-07-27 13:40:00,480.4975,480.4975,479.7501,480.07,41186
2026-07-27 13:41:00,479.925,480.97,479.925,480.67,32542
2026-07-27 13:42:00,480.545,480.93,480.315,480.36,21335
2026-07-27 13:43:00,480.55,480.76,479.75,480.7,35601
2026-07-27 13:44:00,480.7,480.7399,480.22,480.6,21259
2026-07-27 13:45:00,480.7399,481.04,479.66,479.94,35983
2026-07-27 13:46:00,480.21,482.0199,480.08,481.14,48040
2026-07-27 13:47:00,481.115,482.01,480.9725,481.625,27471
2026-07-27 13:48:00,481.74,482.0,480.9037,480.955,27966
2026-07-27 13:49:00,481.1295,481.5796,480.5335,480.71,17324
2026-07-27 13:50:00,480.3,481.14,480.3,480.865,26041
2026-07-27 13:51:00,480.86,481.04,480.5,481.02,13965
2026-07-27 13:52:00,481.0,481.59,480.82,481.56,28603
2026-07-27 13:53:00,481.46,481.64,480.66,480.99,17190
2026-07-27 13:54:00,481.1799,481.7282,481.0,481.72,26251
2026-07-27 13:55:00,481.78,482.358,481.46,481.87,35316
2026-07-27 13:56:00,481.775,482.662,481.29,482.51,30476
2026-07-27 13:57:00,482.6455,482.93,482.3795,482.645,31553
2026-07-27 13:58:00,482.645,483.4199,482.51,483.02,58863
2026-07-27 13:59:00,483.08,483.79,483.08,483.36,43080
2026-07-27 14:00:00,483.428,483.63,483.1,483.22,34024
2026-07-27 14:01:00,483.0,484.3,482.7614,483.545,41352
2026-07-27 14:02:00,483.76,483.76,483.01,483.29,29222
2026-07-27 14:03:00,483.19,483.7399,482.92,483.51,26436
2026-07-27 14:04:00,483.565,483.9088,483.29,483.4358,31203
2026-07-27 14:05:00,483.5718,484.0999,483.23,483.992,36541
2026-07-27 14:06:00,483.95,484.3,483.51,483.615,30349
2026-07-27 14:07:00,483.615,484.18,483.615,483.79,18734
2026-07-27 14:08:00,483.88,483.98,482.39,482.61,137773
2026-07-27 14:09:00,482.66,483.246,482.66,483.15,31181
2026-07-27 14:10:00,483.01,483.2799,482.5116,482.7051,32370
2026-07-27 14:11:00,482.87,484.0,482.8,483.39,64435
2026-07-27 14:12:00,483.38,483.62,483.02,483.45,16009
2026-07-27 14:13:00,483.57,483.66,483.1801,483.39,15619
2026-07-27 14:14:00,483.55,483.86,483.26,483.55,24980
2026-07-27 14:15:00,483.55,483.7,482.39,482.52,33999
2026-07-27 14:16:00,482.41,482.63,481.6021,481.915,35655
2026-07-27 14:17:00,481.8801,482.4,481.1005,482.05,41020
2026-07-27 14:18:00,482.04,483.3078,482.03,483.14,25554
2026-07-27 14:19:00,482.97,483.88,482.09,482.6295,24431
2026-07-27 14:20:00,482.375,482.5,481.88,482.048,20445
2026-07-27 14:21:00,482.28,482.75,482.0,482.414,24689
2026-07-27 14:22:00,482.6,482.84,482.25,482.735,16153
2026-07-27 14:23:00,482.6,483.26,482.3821,482.675,27338
2026-07-27 14:24:00,482.675,483.49,482.675,483.25,24776
2026-07-27 14:25:00,483.25,483.68,483.07,483.39,28681
2026-07-27 14:26:00,483.39,483.8799,483.36,483.8158,19009
2026-07-27 14:27:00,483.7,483.82,483.05,483.2401,20292
2026-07-27 14:28:00,483.435,483.8299,483.1801,483.3918,17793
2026-07-27 14:29:00,483.38,484.54,483.38,484.35,36742
2026-07-27 14:30:00,484.195,484.31,483.05,483.47,26309
2026-07-27 14:31:00,483.49,483.87,482.9,483.05,33115
2026-07-27 14:32:00,483.09,483.85,482.91,483.765,25190
2026-07-27 14:33:00,483.86,483.86,483.29,483.36,15484
2026-07-27 14:34:00,483.36,483.63,482.875,482.98,18873
2026-07-27 14:35:00,483.005,483.26,482.81,483.25,19577
2026-07-27 14:36:00,483.13,483.5999,482.6471,483.55,26218
2026-07-27 14:37:00,483.5,483.69,482.67,483.245,33028
2026-07-27 14:38:00,483.19,483.3075,482.67,482.67,20050
2026-07-27 14:39:00,482.6701,482.76,482.28,482.38,32576
2026-07-27 14:40:00,482.435,482.435,481.31,481.775,64053
2026-07-27 14:41:00,481.799,483.7499,481.63,482.88,177569
2026-07-27 14:42:00,482.9,483.68,482.79,482.91,45411
2026-07-27 14:43:00,482.91,483.73,482.27,483.6788,36573
2026-07-27 14:44:00,483.47,484.42,483.438,484.23,32973
2026-07-27 14:45:00,484.345,485.27,484.22,484.45,42669
2026-07-27 14:46:00,484.2801,484.616,483.7101,483.7101,33630
2026-07-27 14:47:00,484.0,484.0426,483.1501,483.83,32685
2026-07-27 14:48:00,483.74,483.84,483.0009,483.81,25243
2026-07-27 14:49:00,483.65,484.25,483.0,483.27,21968
2026-07-27 14:50:00,483.23,483.98,483.225,483.98,22487
2026-07-27 14:51:00,484.01,485.0992,484.01,484.98,27905
2026-07-27 14:52:00,485.07,486.4,484.89,486.05,49487
2026-07-27 14:53:00,486.05,487.07,486.05,486.89,37342
2026-07-27 14:54:00,486.87,487.3201,486.3,486.62,67892
2026-07-27 14:55:00,486.78,487.91,486.78,487.615,78738
2026-07-27 14:56:00,487.48,488.1,487.1101,487.645,69026
2026-07-27 14:57:00,487.645,488.07,487.3701,487.8479,39208
2026-07-27 14:58:00,487.73,488.1932,487.23,487.89,38833
2026-07-27 14:59:00,487.91,489.1456,487.91,488.95,62928
2026-07-27 15:00:00,488.94,489.51,488.3972,488.5001,41558
2026-07-27 15:01:00,488.61,489.5994,488.5201,489.5994,44813
2026-07-27 15:02:00,489.3087,489.98,489.11,489.7,64136
2026-07-27 15:03:00,489.81,490.5,489.64,489.94,62527
2026-07-27 15:04:00,489.895,490.63,489.27,489.91,58880
2026-07-27 15:05:00,489.91,490.505,489.59,489.9901,32130
2026-07-27 15:06:00,489.88,490.73,489.74,490.62,58420
2026-07-27 15:07:00,490.7999,491.9999,490.69,491.895,70798
2026-07-27 15:08:00,491.895,492.0,491.0401,491.19,59348
2026-07-27 15:09:00,491.0406,492.4159,491.0406,491.39,58375
2026-07-27 15:10:00,491.385,492.4633,491.23,492.3,48904
2026-07-27 15:11:00,492.165,492.8899,492.13,492.77,63430
2026-07-27 15:12:00,492.89,493.24,492.3558,492.63,62934
2026-07-27 15:13:00,492.48,492.51,490.74,491.455,104286
2026-07-27 15:14:00,491.55,491.8999,491.1288,491.7601,42906
2026-07-27 15:15:00,491.62,492.32,491.56,492.1599,60990
2026-07-27 15:16:00,492.23,493.25,492.23,492.81,114407
2026-07-27 15:17:00,492.805,493.0,492.495,492.8801,29501
2026-07-27 15:18:00,493.0,493.5,492.82,493.09,49687
2026-07-27 15:19:00,493.24,493.52,492.815,493.52,536071
2026-07-27 15:20:00,493.5145,494.2,493.36,494.05,77404
2026-07-27 15:21:00,494.0999,494.25,493.26,493.665,49801
2026-07-27 15:22:00,493.34,494.1,493.04,494.0999,48042
2026-07-27 15:23:00,494.1,494.53,493.52,493.52,50288
2026-07-27 15:24:00,493.519,494.05,493.51,493.8,37194
2026-07-27 15:25:00,494.11,494.45,492.6,494.09,150637
2026-07-27 15:26:00,494.09,494.57,494.0,494.25,41167
2026-07-27 15:27:00,494.4495,494.86,494.0203,494.36,81536
2026-07-27 15:28:00,494.51,494.87,494.34,494.475,64172
2026-07-27 15:29:00,494.6225,495.795,494.605,495.655,68733
2026-07-27 15:30:00,495.795,496.28,495.0965,495.87,129063
2026-07-27 15:31:00,495.86,496.14,495.5,495.88,57186
2026-07-27 15:32:00,495.84,496.14,495.34,495.97,52162
2026-07-27 15:33:00,495.97,496.14,495.34,496.08,143830
2026-07-27 15:34:00,495.87,496.14,495.35,495.6067,49420
2026-07-27 15:35:00,495.49,495.65,494.92,495.295,59768
2026-07-27 15:36:00,495.33,495.58,494.35,494.5389,33465
2026-07-27 15:37:00,494.44,494.52,492.7501,493.6,79944
2026-07-27 15:38:00,493.45,493.45,492.43,492.67,48815
2026-07-27 15:39:00,492.58,492.79,492.2,492.79,59630
2026-07-27 15:40:00,492.79,494.67,492.79,494.44,80978
2026-07-27 15:41:00,494.2842,494.513,492.7701,493.14,54496
2026-07-27 15:42:00,493.344,493.63,492.5,492.72,52356
2026-07-27 15:43:00,492.715,493.312,492.21,492.98,46270
2026-07-27 15:44:00,493.29,493.61,492.9,492.9,35458
2026-07-27 15:45:00,492.9,493.47,492.79,493.395,53593
2026-07-27 15:46:00,493.34,493.83,492.63,493.0,47744
2026-07-27 15:47:00,493.16,493.86,493.0,493.525,52113
2026-07-27 15:48:00,493.32,493.48,492.69,493.29,42164
2026-07-27 15:49:00,493.145,494.16,493.145,494.02,52629
2026-07-27 15:50:00,494.1,494.6,492.79,493.08,89104
2026-07-27 15:51:00,492.88,493.26,492.41,492.9661,56078
2026-07-27 15:52:00,492.85,493.4,492.6001,493.08,67785
2026-07-27 15:53:00,493.13,493.7256,492.78,493.41,80583
2026-07-27 15:54:00,493.32,494.365,492.8001,494.0,122989
2026-07-27 15:55:00,493.795,495.1,492.5,494.88,134089
2026-07-27 15:56:00,494.9099,495.63,494.51,495.49,110019
2026-07-27 15:57:00,495.455,495.9788,494.91,494.91,114371
2026-07-27 15:58:00,494.96,495.565,494.62,495.435,174262
2026-07-27 15:59:00,495.38,495.9329,494.69,495.07,391634
2026-07-27 16:00:00,495.12,495.85,494.77,495.01,2151148
2026-07-27 16:01:00,495.0112,495.2,493.2201,494.6386,0
2026-07-27 16:02:00,494.01,495.0,494.01,494.61,0
2026-07-27 16:03:00,494.6,494.9,494.07,494.501,0
2026-07-27 16:04:00,494.53,495.0,494.06,494.9,0
2026-07-27 16:05:00,494.89,495.0,494.37,494.8,0
2026-07-27 16:06:00,495.1,495.5,493.3174,495.5,0
2026-07-27 16:07:00,495.2996,495.5,494.4,495.24,0
2026-07-27 16:08:00,495.24,495.25,494.4,494.5817,0
2026-07-27 16:09:00,494.51,495.0,494.5,494.71,0
2026-07-27 16:10:00,494.5,495.0,494.17,494.29,0
2026-07-27 16:11:00,494.29,494.9999,494.17,494.24,0
2026-07-27 16:12:00,494.24,494.34,494.17,494.18,0
2026-07-27 16:13:00,494.2,494.7488,494.17,494.47,0
2026-07-27 16:14:00,494.35,494.75,494.17,494.75,0
2026-07-27 16:15:00,494.95,494.98,494.2,494.64,0
2026-07-27 16:16:00,494.39,494.97,494.3331,494.64,0
2026-07-27 16:17:00,494.51,494.64,494.22,494.3966,0
2026-07-27 16:18:00,494.3,494.6,494.22,494.5,0
2026-07-27 16:19:00,494.5,494.64,494.28,494.5,0
2026-07-27 16:20:00,494.43,494.6,494.37,494.41,0
2026-07-27 16:21:00,494.43,494.6,494.36,494.4,0
2026-07-27 16:22:00,494.3873,494.5,494.36,494.4783,0
2026-07-27 16:23:00,494.49,494.5,494.36,494.37,0
2026-07-27 16:24:00,494.43,494.59,494.379,494.4788,0
2026-07-27 16:25:00,494.5,494.5947,494.36,494.4583,0
2026-07-27 16:26:00,494.41,494.59,494.36,494.4,0
2026-07-27 16:27:00,494.42,494.48,494.28,494.28,0
2026-07-27 16:28:00,494.36,494.43,493.25,493.82,0
2026-07-27 16:29:00,493.8767,494.3788,493.4251,493.96,0
2026-07-27 16:30:00,493.81,494.38,493.81,493.95,0
2026-07-27 16:31:00,493.94,494.38,493.81,494.0,0
2026-07-27 16:32:00,494.38,494.38,493.81,494.15,0
2026-07-27 16:33:00,494.01,494.35,493.81,494.35,0
2026-07-27 16:34:00,494.34,494.8,494.0216,494.8,0
2026-07-27 16:35:00,494.8322,495.1702,493.8,495.1702,0
2026-07-27 16:36:00,495.09,495.09,494.02,494.56,0
2026-07-27 16:37:00,494.1,495.05,494.1,494.81,0
2026-07-27 16:38:00,494.95,495.0,494.58,494.9106,0
2026-07-27 16:39:00,494.6714,494.99,494.58,494.99,0
2026-07-27 16:40:00,495.0,495.0,494.58,494.85,0
2026-07-27 16:41:00,494.704,494.95,494.59,494.75,0
2026-07-27 16:42:00,494.7,494.85,494.59,494.7,0
2026-07-27 16:43:00,494.684,494.95,494.59,494.6914,0
2026-07-27 16:44:00,494.8,494.95,494.65,494.65,0
2026-07-27 16:45:00,494.66,494.8114,494.39,494.5,0
2026-07-27 16:46:00,494.0747,494.65,494.0747,494.19,0
2026-07-27 16:47:00,494.28,494.5,494.08,494.21,0
2026-07-27 16:48:00,494.07,494.2626,493.25,493.51,0
2026-07-27 16:49:00,493.51,494.0,493.26,493.28,0
2026-07-27 16:50:00,493.55,493.6773,493.25,493.67,0
2026-07-27 16:51:00,493.64,494.0,493.29,493.32,0
2026-07-27 16:52:00,493.7,493.99,493.29,493.32,0
2026-07-27 16:53:00,493.5,493.64,493.33,493.6,0
2026-07-27 16:54:00,493.35,493.7,493.3,493.45,0
2026-07-27 16:55:00,493.29,493.75,493.29,493.75,0
2026-07-27 16:56:00,493.75,493.75,493.42,493.42,0
2026-07-27 16:57:00,493.7,493.75,493.5,493.67,0
2026-07-27 16:58:00,493.74,494.95,493.5,493.75,0
2026-07-27 16:59:00,493.79,493.95,493.5,493.8904,0
2026-07-27 17:00:00,493.96,494.19,493.5775,494.0225,0
2026-07-27 17:01:00,494.0,494.19,494.0,494.0274,0
2026-07-27 17:02:00,494.03,495.0,494.03,494.324,0
2026-07-27 17:03:00,494.49,495.0,494.2,494.66,0
2026-07-27 17:04:00,494.66,494.9,494.31,494.31,0
2026-07-27 17:05:00,494.9,495.0,494.8,494.85,0
2026-07-27 17:06:00,494.9999,495.0,494.31,495.0,0
2026-07-27 17:07:00,494.9,495.0,494.9,494.9921,0
2026-07-27 17:08:00,494.98,495.0,494.41,495.0,0
2026-07-27 17:09:00,494.9639,495.0,494.7,494.96,0
2026-07-27 17:10:00,494.99,495.0,494.87,494.95,0
2026-07-27 17:11:00,494.98,495.0,494.86,494.9881,0
2026-07-27 17:12:00,494.9893,495.05,494.9,495.0229,0
2026-07-27 17:13:00,495.04,495.45,494.9101,495.35,0
2026-07-27 17:14:00,495.28,495.5,494.85,494.85,0
2026-07-27 17:15:00,495.0,495.06,494.63,494.8902,0
2026-07-27 17:16:00,494.5704,494.9,494.5704,494.9,0
2026-07-27 17:17:00,494.9607,495.06,494.9014,495.0,0
2026-07-27 17:18:00,495.0,495.06,494.8,494.94,0
2026-07-27 17:19:00,495.02,495.3,494.81,495.07,0
2026-07-27 17:20:00,495.0,495.356,494.8503,495.03,0
2026-07-27 17:21:00,495.27,495.2992,494.8,495.0,0
2026-07-27 17:22:00,495.05,495.2,494.9,495.1,0
2026-07-27 17:23:00,495.1,495.2,494.95,494.95,0
2026-07-27 17:24:00,495.15,495.19,494.9,494.9,0
2026-07-27 17:25:00,495.0,495.2,495.0,495.1,0
2026-07-27 17:26:00,495.08,495.1,494.9001,495.0,0
2026-07-27 17:27:00,495.1,495.18,495.0,495.09,0
2026-07-27 17:28:00,495.09,495.09,494.9,494.9,0
2026-07-27 17:29:00,494.82,494.91,494.82,494.9,0
2026-07-27 17:30:00,495.0,495.0,494.82,494.9,0
2026-07-27 17:31:00,494.82,495.0,494.82,494.85,0
2026-07-27 17:32:00,495.0,495.0,494.85,494.91,0
2026-07-27 17:33:00,494.91,495.0,494.82,494.92,0
2026-07-27 17:34:00,494.8814,494.8897,494.8298,494.83,0
2026-07-27 17:35:00,494.9,494.9,494.81,494.83,0
2026-07-27 17:36:00,494.8897,494.8897,494.81,494.81,0
2026-07-27 17:37:00,494.8897,494.98,494.81,494.9,0
2026-07-27 17:38:00,494.98,494.9806,494.9119,494.9795,0
2026-07-27 17:39:00,494.97,495.0,494.81,494.81,0
2026-07-27 17:40:00,494.86,495.0,494.81,494.85,0
2026-07-27 17:41:00,494.75,494.9902,494.55,494.55,0
2026-07-27 17:42:00,494.8,494.8,494.65,494.65,0
2026-07-27 17:43:00,494.745,494.8,494.65,494.75,0
2026-07-27 17:44:00,494.75,494.8,494.53,494.67,0
2026-07-27 17:45:00,494.5512,494.8,494.5512,494.79,0
2026-07-27 17:46:00,494.8,495.0,494.6,494.81,0
2026-07-27 17:47:00,495.0,495.0,494.55,494.9,0
2026-07-27 17:48:00,494.8,495.0,494.55,494.8911,0
2026-07-27 17:49:00,494.9,495.0,494.86,495.0,0
2026-07-27 17:50:00,494.99,495.0,494.8,494.91,0
2026-07-27 17:51:00,494.8911,495.0,494.5512,494.9079,0
2026-07-27 17:52:00,494.89,495.0,494.805,494.813,0
2026-07-27 17:53:00,494.81,494.88,494.6056,494.88,0
2026-07-27 17:54:00,494.8,494.88,494.6518,494.8302,0
2026-07-27 17:55:00,494.6301,494.88,494.63,494.8788,0
2026-07-27 17:56:00,494.83,494.83,494.51,494.51,0
2026-07-27 17:57:00,494.59,494.62,494.28,494.36,0
2026-07-27 17:58:00,494.27,494.27,494.0,494.1181,0
2026-07-27 17:59:00,494.0,494.3,493.9877,493.9877,0
2026-07-27 18:00:00,494.41,494.6,494.01,494.6,0
2026-07-27 18:01:00,494.1213,494.5752,493.62,494.5752,0
2026-07-27 18:02:00,493.8027,494.6,493.61,493.74,0
2026-07-27 18:03:00,493.74,494.6,493.61,493.61,0
2026-07-27 18:04:00,494.4184,494.4184,493.61,494.4184,0
2026-07-27 18:05:00,494.4224,494.4683,493.65,493.99,0
2026-07-27 18:06:00,494.0,494.6,493.7634,494.4466,0
2026-07-27 18:07:00,493.7501,494.6,493.5,494.05,0
2026-07-27 18:08:00,493.6705,493.98,493.2501,493.61,0
2026-07-27 18:09:00,493.73,493.8505,493.26,493.4999,0
2026-07-27 18:10:00,493.26,493.5,493.0,493.0,0
2026-07-27 18:11:00,493.0,493.4999,492.12,492.2357,0
2026-07-27 18:12:00,492.0,492.41,490.99,491.64,0
2026-07-27 18:13:00,492.0692,492.0692,491.0,491.69,0
2026-07-27 18:14:00,491.11,492.0,490.99,490.99,0
2026-07-27 18:15:00,491.07,491.9999,491.0,491.5,0
2026-07-27 18:16:00,491.7554,491.8,491.5475,491.7,0
2026-07-27 18:17:00,491.7,492.6,491.0,492.0,0
2026-07-27 18:18:00,492.54,492.57,491.7347,492.0,0
2026-07-27 18:19:00,492.5,492.99,491.02,492.0,0
2026-07-27 18:20:00,491.7154,492.5971,491.44,491.55,0
2026-07-27 18:21:00,491.32,492.0,491.0,491.32,0
2026-07-27 18:22:00,491.5,491.72,491.17,491.72,0
2026-07-27 18:23:00,491.5,492.0,491.17,491.5,0
2026-07-27 18:24:00,491.8219,491.99,491.17,491.57,0
2026-07-27 18:25:00,491.57,491.75,491.17,491.39,0
2026-07-27 18:26:00,491.2007,491.7,491.08,491.44,0
2026-07-27 18:27:00,491.4,491.75,491.1162,491.43,0
2026-07-27 18:28:00,491.43,491.75,490.9017,490.9017,0
2026-07-27 18:29:00,491.0266,491.3615,490.0,491.0,0
2026-07-27 18:30:00,491.29,492.0,490.0,491.29,0
2026-07-27 18:31:00,490.58,492.6,490.4801,491.46,0
2026-07-27 18:32:00,491.46,492.8227,490.55,492.0,0
2026-07-27 18:33:00,492.0,492.89,491.545,492.89,0
2026-07-27 18:34:00,492.0,492.0,490.2,492.0,0
2026-07-27 18:35:00,491.7578,491.99,491.26,491.98,0
2026-07-27 18:36:00,491.4085,491.99,491.4085,491.6441,0
2026-07-27 18:37:00,491.8,492.0,491.6,491.96,0
2026-07-27 18:38:00,491.79,491.99,491.0,491.44,0
2026-07-27 18:39:00,491.81,492.0,490.5,490.5,0
2026-07-27 18:40:00,491.98,491.98,491.0894,491.41,0
2026-07-27 18:41:00,491.36,491.8605,490.7216,491.03,0
2026-07-27 18:42:00,491.25,491.6309,490.3076,491.1357,0
2026-07-27 18:43:00,491.25,491.46,491.01,491.24,0
2026-07-27 18:44:00,491.1781,491.3,490.8,491.11,0
2026-07-27 18:45:00,491.1,491.93,491.0,491.04,0
2026-07-27 18:46:00,491.3,491.93,491.0,491.3,0
2026-07-27 18:47:00,491.18,491.86,491.18,491.5,0
2026-07-27 18:48:00,491.72,492.0,491.1,491.35,0
2026-07-27 18:49:00,491.99,491.99,491.38,491.4,0
2026-07-27 18:50:00,491.8467,492.0,491.12,491.12,0
2026-07-27 18:51:00,491.8356,492.27,491.2564,492.27,0
2026-07-27 18:52:00,492.11,492.26,492.01,492.13,0
2026-07-27 18:53:00,491.99,492.2688,491.58,491.99,0
2026-07-27 18:54:00,491.3,492.25,491.3,491.99,0
2026-07-27 18:55:00,491.78,491.963,491.2782,491.2782,0
2026-07-27 18:56:00,491.99,492.1028,491.3,491.7875,0
2026-07-27 18:57:00,491.78,491.78,491.0,491.0,0
2026-07-27 18:58:00,491.1,491.1,491.0,491.1,0
2026-07-27 18:59:00,491.7805,491.8,491.032,491.5,0
2026-07-27 19:00:00,491.11,491.75,491.0,491.1,0
2026-07-27 19:01:00,491.0,491.1,490.0,490.05,0
2026-07-27 19:02:00,490.48,490.48,489.12,489.51,0
2026-07-27 19:03:00,490.43,490.43,489.12,489.68,0
2026-07-27 19:04:00,489.6007,490.0,489.12,489.8227,0
2026-07-27 19:05:00,489.55,491.7988,489.12,491.0,0
2026-07-27 19:06:00,491.25,491.8,490.5123,491.5938,0
2026-07-27 19:07:00,491.69,491.69,489.12,491.3575,0
2026-07-27 19:08:00,491.0,491.53,490.35,490.75,0
2026-07-27 19:09:00,490.4,491.35,490.0,490.51,0
2026-07-27 19:10:00,491.0,491.51,490.0,490.4,0
2026-07-27 19:11:00,490.89,490.9299,490.0,490.71,0
2026-07-27 19:12:00,490.7,490.93,490.0,490.5,0
2026-07-27 19:13:00,490.5,491.51,490.01,490.76,0
2026-07-27 19:14:00,490.5,491.3225,490.3,490.4633,0
2026-07-27 19:15:00,490.46,491.05,490.11,490.11,0
2026-07-27 19:16:00,490.0,490.0,489.83,489.83,0
2026-07-27 19:17:00,490.0,491.07,489.13,490.311,0
2026-07-27 19:18:00,490.13,491.07,489.9,491.07,0
2026-07-27 19:19:00,491.0,491.0699,490.55,490.71,0
2026-07-27 19:20:00,490.7,491.5,490.6,491.49,0
2026-07-27 19:21:00,491.175,491.175,490.69,490.77,0
2026-07-27 19:22:00,490.93,491.0,490.06,490.88,0
2026-07-27 19:23:00,490.6451,490.65,490.0,490.1579,0
2026-07-27 19:24:00,490.8,491.0,490.01,490.8,0
2026-07-27 19:25:00,490.8571,491.0,490.141,490.32,0
2026-07-27 19:26:00,490.8,491.5,490.4867,490.75,0
2026-07-27 19:27:00,490.5,491.2722,490.5,491.0,0
2026-07-27 19:28:00,491.0,491.49,490.75,490.8935,0
2026-07-27 19:29:00,491.4,491.5,491.0,491.4271,0
2026-07-27 19:30:00,491.433,491.5,491.0,491.39,0
2026-07-27 19:31:00,491.5,491.5,491.0001,491.0001,0
2026-07-27 19:32:00,491.22,491.4,491.0,491.0,0
2026-07-27 19:33:00,491.094,491.1,490.245,491.0,0
2026-07-27 19:34:00,491.094,491.094,490.09,491.0,0
2026-07-27 19:35:00,490.76,491.0,490.57,491.0,0
2026-07-27 19:36:00,490.9225,491.0,490.5068,490.93,0
2026-07-27 19:37:00,490.99,490.99,490.6,490.77,0
2026-07-27 19:38:00,490.6,490.85,490.6,490.679,0
2026-07-27 19:39:00,490.76,490.88,490.6,490.61,0
2026-07-27 19:40:00,490.61,491.0,490.61,490.71,0
2026-07-27 19:41:00,490.62,491.0,490.02,490.29,0
2026-07-27 19:42:00,491.0,491.0,490.0,490.1317,0
2026-07-27 19:43:00,490.1782,490.25,489.9,489.9646,0
2026-07-27 19:44:00,489.99,490.0,489.0,489.2,0
2026-07-27 19:45:00,489.73,490.0,489.0595,489.71,0
2026-07-27 19:46:00,489.9,489.95,489.1557,489.1557,0
2026-07-27 19:47:00,489.36,489.99,489.01,489.03,0
2026-07-27 19:48:00,489.5,489.99,489.0,489.5515,0
2026-07-27 19:49:00,489.8,489.8,488.02,489.0,0
2026-07-27 19:50:00,488.49,488.9,488.0,488.9,0
2026-07-27 19:51:00,488.9,490.0,488.5,489.5,0
2026-07-27 19:52:00,489.99,490.82,488.5,490.72,0
2026-07-27 19:53:00,490.0,490.82,489.0877,490.6,0
2026-07-27 19:54:00,490.6,490.7987,490.01,490.3,0
2026-07-27 19:55:00,490.49,490.82,490.11,490.82,0
2026-07-27 19:56:00,490.8032,490.82,490.52,490.72,0
2026-07-27 19:57:00,490.7001,491.0,490.7,490.71,0
2026-07-27 19:58:00,490.7169,490.72,490.11,490.5,0
2026-07-27 19:59:00,490.7,491.48,490.52,491.48,0
2026-07-28 04:00:00,478.0,494.95,475.0687,475.57,0
2026-07-28 04:01:00,475.92,483.0,473.57,473.57,0
2026-07-28 04:02:00,474.08,475.1788,473.0,473.8,0
2026-07-28 04:03:00,474.2,476.0,473.4,474.67,0
2026-07-28 04:04:00,474.88,475.0,473.4,474.84,0
2026-07-28 04:05:00,474.84,475.94,474.0212,475.59,0
2026-07-28 04:06:00,475.41,476.0,474.2012,475.2167,0
2026-07-28 04:07:00,477.26,482.95,474.2,475.0,0
2026-07-28 04:08:00,475.0,475.2992,474.1,474.3595,0
2026-07-28 04:09:00,474.2616,474.4777,474.1,474.46,0
2026-07-28 04:10:00,474.0,474.9637,473.0012,474.0,0
2026-07-28 04:11:00,474.0,474.9988,473.6012,474.9988,0
2026-07-28 04:12:00,474.39,475.0,474.0,474.913,0
2026-07-28 04:13:00,474.91,475.0,474.06,474.4,0
2026-07-28 04:14:00,474.4,474.9479,474.0,474.275,0
2026-07-28 04:15:00,474.2775,476.9988,474.15,475.8,0
2026-07-28 04:16:00,476.22,477.0,476.18,476.57,0
2026-07-28 04:17:00,476.9,478.0,476.73,476.73,0
2026-07-28 04:18:00,477.0,477.8397,476.95,477.4715,0
2026-07-28 04:19:00,477.83,479.2676,477.77,479.0,0
2026-07-28 04:20:00,478.24,479.2,478.09,478.8,0
2026-07-28 04:21:00,478.79,479.63,478.78,479.05,0
2026-07-28 04:22:00,479.9,479.9,478.2,478.2,0
2026-07-28 04:23:00,478.8,479.9888,478.8,479.9888,0
2026-07-28 04:24:00,479.9888,480.27,479.53,480.25,0
2026-07-28 04:25:00,479.43,480.4,479.0012,479.78,0
2026-07-28 04:26:00,479.7298,479.9988,478.52,479.11,0
2026-07-28 04:27:00,480.5988,480.5988,478.58,479.66,0
2026-07-28 04:28:00,479.8,480.0,479.17,479.17,0
2026-07-28 04:29:00,479.6079,480.0,479.02,479.74,0
2026-07-28 04:30:00,480.0,480.0,478.26,478.65,0
2026-07-28 04:31:00,478.82,479.5,478.05,479.0,0
2026-07-28 04:32:00,479.01,479.975,479.01,479.27,0
2026-07-28 04:33:00,479.2,479.47,479.06,479.47,0
2026-07-28 04:34:00,479.01,480.5645,479.01,480.2,0
2026-07-28 04:35:00,480.4976,480.65,480.1003,480.39,0
2026-07-28 04:36:00,480.06,480.5,479.41,479.71,0
2026-07-28 04:37:00,479.0611,479.87,479.0611,479.79,0
2026-07-28 04:38:00,479.7,481.27,479.7,481.0,0
2026-07-28 04:39:00,480.4,481.7988,480.4,480.42,0
2026-07-28 04:40:00,480.79,481.78,480.52,481.78,0
2026-07-28 04:41:00,481.646,481.99,481.09,481.99,0
2026-07-28 04:42:00,481.8,482.0,481.18,481.3,0
2026-07-28 04:43:00,481.53,481.8646,481.0542,481.18,0
2026-07-28 04:44:00,481.5,481.9044,480.97,481.0,0
2026-07-28 04:45:00,481.5,482.0,481.0,481.47,0
2026-07-28 04:46:00,481.0,481.02,480.12,480.12,0
2026-07-28 04:47:00,479.46,481.6188,479.46,481.6188,0
2026-07-28 04:48:00,481.5245,481.5245,481.5245,481.5245,0
2026-07-28 04:49:00,480.01,480.01,480.01,480.01,0
2026-07-28 04:50:00,480.84,480.84,480.7147,480.7147,0
2026-07-28 04:51:00,480.8436,480.8436,479.87,479.87,0
2026-07-28 04:52:00,480.0,480.0,480.0,480.0,0
2026-07-28 04:53:00,479.99,480.3,479.01,479.985,0
2026-07-28 04:54:00,479.97,479.97,479.0112,479.81,0
2026-07-28 04:55:00,479.5,479.81,479.5,479.81,0
2026-07-28 04:56:00,479.97,480.8,479.1655,480.8,0
2026-07-28 04:57:00,480.068,480.8,479.01,479.01,0
2026-07-28 04:58:00,479.14,479.53,478.81,479.28,0
2026-07-28 04:59:00,478.8,479.17,478.0,479.08,0
2026-07-28 05:00:00,478.975,479.08,478.025,478.0952,0
2026-07-28 05:01:00,479.07,479.7017,478.065,479.7017,0
2026-07-28 05:02:00,479.45,480.5988,478.2952,478.2952,0
2026-07-28 05:03:00,479.78,480.6,479.12,479.5,0
2026-07-28 05:04:00,479.0,479.66,479.0,479.66,0
2026-07-28 05:05:00,479.57,479.6,478.88,479.6,0
2026-07-28 05:07:00,479.6,479.6,479.6,479.6,0
2026-07-28 05:08:00,479.42,479.6,479.42,479.55,0
2026-07-28 05:09:00,479.56,479.72,479.56,479.58,0
2026-07-28 05:10:00,479.58,479.76,479.04,479.76,0
2026-07-28 05:11:00,479.96,480.0,479.96,480.0,0
2026-07-28 05:12:00,480.25,480.94,479.48,479.71,0
2026-07-28 05:13:00,479.5,479.604,479.0,479.0,0
2026-07-28 05:14:00,479.0,479.365,478.5,478.69,0
2026-07-28 05:15:00,479.0,479.19,478.75,479.19,0
2026-07-28 05:16:00,478.5,479.1,478.36,478.36,0
2026-07-28 05:17:00,479.02,479.3,478.51,478.51,0
2026-07-28 05:18:00,478.53,478.53,478.0,478.38,0
2026-07-28 05:19:00,478.2,478.82,478.0,478.82,0
2026-07-28 05:20:00,478.0,478.41,478.0,478.41,0
2026-07-28 05:21:00,478.41,478.8564,478.0012,478.8564,0
2026-07-28 05:22:00,478.41,478.86,478.3859,478.45,0
2026-07-28 05:23:00,478.51,478.53,478.5,478.5,0
2026-07-28 05:24:00,478.53,478.55,478.2186,478.55,0
2026-07-28 05:25:00,478.22,479.365,478.0,478.39,0
2026-07-28 05:27:00,478.85,479.0,478.05,478.89,0
2026-07-28 05:28:00,478.1011,479.03,478.1011,479.03,0
2026-07-28 05:29:00,479.2,479.9225,479.2,479.44,0
2026-07-28 05:30:00,479.02,479.18,478.25,478.2512,0
2026-07-28 05:31:00,479.3712,479.9087,478.39,478.39,0
2026-07-28 05:32:00,478.32,478.755,477.8,478.2285,0
2026-07-28 05:33:00,477.91,478.01,477.5,477.79,0
2026-07-28 05:34:00,477.71,477.95,477.1327,477.95,0
2026-07-28 05:35:00,477.59,478.0,477.0,477.0008,0
2026-07-28 05:36:00,477.44,477.5,477.0,477.0,0
2026-07-28 05:37:00,477.13,477.37,476.2,476.81,0
2026-07-28 05:38:00,476.8,477.49,476.8,477.49,0
2026-07-28 05:39:00,477.6109,477.66,477.01,477.49,0
2026-07-28 05:40:00,477.51,477.51,477.1,477.11,0
2026-07-28 05:41:00,477.14,478.1988,477.14,477.22,0
2026-07-28 05:42:00,477.24,477.84,477.24,477.5,0
2026-07-28 05:43:00,477.52,477.84,477.52,477.8,0
2026-07-28 05:44:00,478.7061,478.7061,477.0012,477.79,0
2026-07-28 05:45:00,477.79,477.87,477.56,477.57,0
2026-07-28 05:46:00,477.2243,478.35,475.3,476.15,0
2026-07-28 05:47:00,475.98,476.0,475.0945,476.0,0
2026-07-28 05:48:00,475.56,475.7,475.0,475.4,0
2026-07-28 05:49:00,475.31,476.0,475.2,475.25,0
2026-07-28 05:50:00,475.4,476.74,475.18,476.0,0
2026-07-28 05:51:00,476.0,476.9988,476.0,476.1,0
2026-07-28 05:52:00,476.32,476.37,476.0,476.13,0
2026-07-28 05:53:00,476.25,476.9479,476.0,476.01,0
2026-07-28 05:54:00,476.0417,476.9097,476.0,476.3,0
2026-07-28 05:55:00,476.1231,476.7,476.0,476.35,0
2026-07-28 05:56:00,476.3,476.5,476.0,476.0,0
2026-07-28 05:57:00,476.0,476.26,476.0,476.0,0
2026-07-28 05:58:00,476.0781,476.2,476.0,476.0261,0
2026-07-28 05:59:00,476.4988,476.4988,476.0,476.0,0
2026-07-28 06:00:00,476.38,477.0,476.0,476.3,0
2026-07-28 06:01:00,476.22,476.31,476.0,476.0,0
2026-07-28 06:02:00,476.39,476.827,476.0,476.06,0
2026-07-28 06:03:00,476.5,476.5,476.06,476.5,0
2026-07-28 06:04:00,476.5222,476.5222,476.5,476.5,0
2026-07-28 06:05:00,476.5,476.5,476.02,476.5,0
2026-07-28 06:06:00,476.84,476.9988,476.84,476.9988,0
2026-07-28 06:07:00,476.54,477.0,476.05,476.5,0
2026-07-28 06:08:00,476.2,476.46,476.2,476.46,0
2026-07-28 06:09:00,476.05,477.0,476.05,476.28,0
2026-07-28 06:10:00,476.05,476.05,475.18,475.59,0
2026-07-28 06:11:00,475.58,476.0,475.5,475.63,0
2026-07-28 06:12:00,475.62,475.7,475.62,475.62,0
2026-07-28 06:13:00,475.69,475.9988,475.09,475.9526,0
2026-07-28 06:14:00,475.81,475.9988,475.0912,475.3071,0
2026-07-28 06:15:00,475.26,475.8,475.26,475.52,0
2026-07-28 06:16:00,475.2891,476.0,475.25,475.64,0
2026-07-28 06:17:00,475.8667,476.5,475.84,476.5,0
2026-07-28 06:18:00,476.49,476.81,475.89,476.81,0
2026-07-28 06:19:00,475.21,476.99,475.21,476.8179,0
2026-07-28 06:20:00,476.15,476.96,476.15,476.6296,0
2026-07-28 06:21:00,476.63,476.63,475.36,475.3645,0
2026-07-28 06:22:00,475.31,476.1097,475.2,475.91,0
2026-07-28 06:23:00,475.92,476.4,475.01,475.01,0
2026-07-28 06:24:00,475.01,475.7802,474.0,474.8066,0
2026-07-28 06:25:00,474.81,474.8388,474.4832,474.75,0
2026-07-28 06:26:00,474.47,474.9875,474.47,474.6214,0
2026-07-28 06:27:00,474.6209,475.25,474.6209,475.25,0
2026-07-28 06:28:00,475.5,476.56,475.5,476.56,0
2026-07-28 06:29:00,476.9888,476.9888,476.45,476.74,0
2026-07-28 06:30:00,476.86,476.98,476.51,476.94,0
2026-07-28 06:31:00,476.99,477.08,475.98,476.9725,0
2026-07-28 06:32:00,476.8,476.8,476.3365,476.4,0
2026-07-28 06:33:00,477.0,477.0,475.5312,476.0,0
2026-07-28 06:34:00,476.9625,476.9625,474.2,475.8,0
2026-07-28 06:35:00,475.02,476.345,474.26,474.26,0
2026-07-28 06:36:00,474.4,475.01,474.2,474.2412,0
2026-07-28 06:37:00,474.5,475.0,474.5,474.7,0
2026-07-28 06:38:00,474.7,475.0,474.2417,474.2417,0
2026-07-28 06:40:00,474.05,474.202,473.1,473.79,0
2026-07-28 06:41:00,473.8,474.0,473.1,474.0,0
2026-07-28 06:42:00,473.79,474.5,473.49,473.5203,0
2026-07-28 06:43:00,474.63,474.9988,473.45,473.83,0
2026-07-28 06:44:00,474.9374,474.99,473.83,474.99,0
2026-07-28 06:45:00,474.07,475.39,473.997,474.79,0
2026-07-28 06:46:00,474.79,475.365,474.0,474.0,0
2026-07-28 06:47:00,474.54,475.35,474.54,475.327,0
2026-07-28 06:48:00,475.32,476.2675,475.0,475.44,0
2026-07-28 06:49:00,475.44,476.3,475.0,475.44,0
2026-07-28 06:50:00,475.38,475.57,475.0,475.54,0
2026-07-28 06:51:00,475.28,475.57,475.0,475.5,0
2026-07-28 06:52:00,475.57,476.2675,475.02,475.1301,0
2026-07-28 06:53:00,475.48,475.74,475.13,475.74,0
2026-07-28 06:54:00,476.2675,476.3,475.0678,475.74,0
2026-07-28 06:55:00,476.2725,476.2725,475.2,475.98,0
2026-07-28 06:56:00,476.0,476.2675,475.2,476.1398,0
2026-07-28 06:57:00,475.94,476.2675,475.77,476.0,0
2026-07-28 06:58:00,476.365,476.4625,475.0012,476.4625,0
2026-07-28 06:59:00,475.21,476.44,475.0,476.34,0
2026-07-28 07:00:00,476.44,476.79,474.0,474.46,0
2026-07-28 07:01:00,475.0,494.95,474.234,474.5566,0
2026-07-28 07:02:00,474.1,494.95,473.1,473.87,0
2026-07-28 07:03:00,474.383,474.383,472.4,472.97,0
2026-07-28 07:04:00,472.93,473.7,471.9,472.962,0
2026-07-28 07:05:00,471.48,473.0,471.48,471.672,0
2026-07-28 07:06:00,472.19,472.98,471.6705,472.85,0
2026-07-28 07:07:00,472.732,472.98,470.5,471.4077,0
2026-07-28 07:08:00,471.1363,472.98,471.0,472.49,0
2026-07-28 07:09:00,472.46,472.5,471.3,471.8,0
2026-07-28 07:10:00,472.1645,472.1645,470.2,471.9997,0
2026-07-28 07:11:00,471.48,471.9575,470.3626,471.3482,0
2026-07-28 07:12:00,471.2042,472.0,470.41,470.96,0
2026-07-28 07:13:00,470.96,470.96,470.1,470.78,0
2026-07-28 07:14:00,470.45,470.78,469.0,469.42,0
2026-07-28 07:15:00,469.52,473.925,469.02,471.8264,0
2026-07-28 07:16:00,471.96,472.8,470.4,471.99,0
2026-07-28 07:17:00,472.0,472.44,471.5,471.9887,0
2026-07-28 07:18:00,472.0,474.0,471.64,472.72,0
2026-07-28 07:19:00,471.73,473.8,471.73,473.13,0
2026-07-28 07:20:00,473.2988,474.0,472.2,472.2,0
2026-07-28 07:21:00,472.55,473.9385,472.0,473.76,0
2026-07-28 07:22:00,472.56,473.4,472.0,473.34,0
2026-07-28 07:23:00,472.73,473.5182,472.2,472.8764,0
2026-07-28 07:24:00,472.88,473.726,471.73,472.0,0
2026-07-28 07:25:00,472.3807,472.3807,470.95,471.0012,0
2026-07-28 07:26:00,471.155,472.0,470.3,470.8868,0
2026-07-28 07:27:00,470.8911,471.1088,470.0,470.3,0
2026-07-28 07:28:00,470.6,471.56,469.5,470.0,0
2026-07-28 07:29:00,469.5,471.2588,469.5,470.5,0
2026-07-28 07:30:00,470.5,471.0,469.3503,469.5,0
2026-07-28 07:31:00,469.85,471.0,469.85,470.1,0
2026-07-28 07:32:00,470.4283,470.5,470.0,470.3687,0
2026-07-28 07:33:00,470.18,470.912,470.15,470.5,0
2026-07-28 07:34:00,470.6374,471.5,470.0521,470.4,0
2026-07-28 07:35:00,470.14,470.35,469.35,469.5331,0
2026-07-28 07:36:00,469.7,472.5,469.5,472.5,0
2026-07-28 07:37:00,472.5,472.6,470.0,470.98,0
2026-07-28 07:38:00,470.99,472.0,470.01,471.0,0
2026-07-28 07:39:00,470.5,471.0,469.35,469.75,0
2026-07-28 07:40:00,469.75,470.0,468.6623,468.6623,0
2026-07-28 07:41:00,468.9428,469.79,468.01,468.82,0
2026-07-28 07:42:00,468.5,469.0,468.2,468.4204,0
2026-07-28 07:43:00,468.8139,469.77,468.3,468.7045,0
2026-07-28 07:44:00,469.0,469.77,468.55,469.14,0
2026-07-28 07:45:00,469.56,470.72,468.99,470.0,0
2026-07-28 07:46:00,470.09,471.0,469.0512,469.21,0
2026-07-28 07:47:00,470.09,471.2,469.21,471.2,0
2026-07-28 07:48:00,470.66,471.8,470.0,471.13,0
2026-07-28 07:49:00,471.12,471.8,470.33,471.5568,0
2026-07-28 07:50:00,471.7,472.4,470.13,470.7555,0
2026-07-28 07:51:00,470.7574,471.92,470.13,471.92,0
2026-07-28 07:52:00,471.89,472.07,470.5,471.8177,0
2026-07-28 07:53:00,471.85,471.85,470.17,471.37,0
2026-07-28 07:54:00,471.01,471.9,470.17,471.9,0
2026-07-28 07:55:00,471.9,472.0,471.0,471.51,0
2026-07-28 07:56:00,471.7392,472.0,471.0,471.99,0
2026-07-28 07:57:00,471.9,472.602,471.06,472.4029,0
2026-07-28 07:58:00,472.62,473.63,471.6,473.63,0
2026-07-28 07:59:00,473.0,474.0,472.8,473.27,0
2026-07-28 08:00:00,473.26,474.0,473.0,473.7,0
2026-07-28 08:01:00,473.29,473.73,472.75,473.37,0
2026-07-28 08:02:00,473.0,473.49,472.0,473.49,0
2026-07-28 08:03:00,472.8,474.0,472.2,473.85,0
2026-07-28 08:04:00,473.85,475.0,473.3,474.52,0
2026-07-28 08:05:00,474.52,475.0,473.7312,474.0,0
2026-07-28 08:06:00,474.4,475.09,473.6972,473.6972,0
2026-07-28 08:07:00,474.2,474.5,473.0,473.0392,0
2026-07-28 08:08:00,472.9,473.4988,472.4301,473.37,0
2026-07-28 08:09:00,473.2,474.0,472.48,473.29,0
2026-07-28 08:10:00,473.14,473.33,472.48,472.6881,0
2026-07-28 08:11:00,472.846,472.9479,472.0,472.2946,0
2026-07-28 08:12:00,472.5,472.68,471.75,471.94,0
2026-07-28 08:13:00,472.2106,472.3063,471.45,472.25,0
2026-07-28 08:14:00,472.0955,473.0,471.83,472.505,0
2026-07-28 08:15:00,472.21,473.0,471.0,471.0,0
2026-07-28 08:16:00,472.41,472.84,471.66,472.2755,0
2026-07-28 08:17:00,472.88,473.906,472.0,472.31,0
2026-07-28 08:18:00,472.83,474.0,472.12,473.02,0
2026-07-28 08:19:00,474.0,474.0,472.25,472.25,0
2026-07-28 08:20:00,472.54,473.5376,472.5,472.51,0
2026-07-28 08:21:00,473.0,473.35,472.6402,473.0,0
2026-07-28 08:22:00,472.88,473.25,472.25,472.4972,0
2026-07-28 08:23:00,472.3978,473.28,472.1495,473.15,0
2026-07-28 08:24:00,472.5,473.22,472.0,472.9,0
2026-07-28 08:25:00,472.56,474.0,472.05,473.5,0
2026-07-28 08:26:00,473.599,474.0,472.2,473.97,0
2026-07-28 08:27:00,473.97,475.43,473.4,475.0,0
2026-07-28 08:28:00,475.2139,475.48,474.17,474.99,0
2026-07-28 08:29:00,475.48,475.48,473.66,475.05,0
2026-07-28 08:30:00,474.54,475.88,474.54,475.488,0
2026-07-28 08:31:00,475.15,475.55,474.17,474.79,0
2026-07-28 08:32:00,474.7,475.55,474.12,475.0,0
2026-07-28 08:33:00,474.47,475.2,474.12,475.19,0
2026-07-28 08:34:00,474.95,475.19,473.01,473.44,0
2026-07-28 08:35:00,473.8,473.97,473.03,473.97,0
2026-07-28 08:36:00,474.0,475.0,473.521,474.6412,0
2026-07-28 08:37:00,474.63,475.0,473.02,473.3497,0
2026-07-28 08:38:00,473.19,474.345,473.0,473.6419,0
2026-07-28 08:39:00,473.59,474.0,472.78,473.69,0
2026-07-28 08:40:00,473.6089,473.87,472.81,472.81,0
2026-07-28 08:41:00,473.0,473.44,472.0,472.5,0
2026-07-28 08:42:00,472.5,474.0515,472.5,473.5,0
2026-07-28 08:43:00,474.19,474.8788,473.59,474.22,0
2026-07-28 08:44:00,474.49,475.12,474.155,474.85,0
2026-07-28 08:45:00,474.9296,475.12,474.0,475.12,0
2026-07-28 08:46:00,475.0,476.15,474.64,475.4067,0
2026-07-28 08:47:00,475.25,475.73,475.0,475.12,0
2026-07-28 08:48:00,476.0,476.0,475.0,475.5,0
2026-07-28 08:49:00,475.5,475.55,474.35,474.8,0
2026-07-28 08:50:00,474.94,474.96,473.0,473.33,0
2026-07-28 08:51:00,473.4249,473.65,473.0,473.2,0
2026-07-28 08:52:00,473.79,474.6,473.01,473.93,0
2026-07-28 08:53:00,474.0,474.0,473.37,473.5,0
2026-07-28 08:54:00,473.5,475.0,473.4316,474.66,0
2026-07-28 08:55:00,474.9999,475.2,474.4172,474.65,0
2026-07-28 08:56:00,474.81,475.0,474.5,474.95,0
2026-07-28 08:57:00,474.7245,475.5,474.523,475.01,0
2026-07-28 08:58:00,475.09,475.2109,474.0,474.4113,0
2026-07-28 08:59:00,474.47,475.0,474.01,474.2395,0
2026-07-28 09:00:00,474.0,475.0,473.63,473.8274,0
2026-07-28 09:01:00,473.7,474.0,473.02,473.5,0
2026-07-28 09:02:00,473.82,474.9999,473.1672,473.6567,0
2026-07-28 09:03:00,473.6353,473.81,473.0,473.01,0
2026-07-28 09:04:00,473.19,474.45,473.0,473.0,0
2026-07-28 09:05:00,473.0,473.55,472.6257,472.7279,0
2026-07-28 09:06:00,473.08,474.9,472.7279,474.0,0
2026-07-28 09:07:00,474.33,475.0,473.41,474.55,0
2026-07-28 09:08:00,474.37,475.4,474.01,475.4,0
2026-07-28 09:09:00,475.2,475.64,474.9164,475.64,0
2026-07-28 09:10:00,475.64,476.01,475.01,475.9435,0
2026-07-28 09:11:00,475.73,476.0,475.39,475.481,0
2026-07-28 09:12:00,475.3,475.8,474.0,474.0,0
2026-07-28 09:13:00,474.14,474.38,473.01,474.3237,0
2026-07-28 09:14:00,474.1004,474.5,474.0,474.2,0
2026-07-28 09:15:00,474.35,474.5,474.08,474.09,0
2026-07-28 09:16:00,474.2688,474.5,474.0461,474.2293,0
2026-07-28 09:17:00,474.0,474.6208,474.0,474.2741,0
2026-07-28 09:18:00,474.31,475.68,474.0,475.51,0
2026-07-28 09:19:00,475.11,475.73,474.6,475.66,0
2026-07-28 09:20:00,474.61,475.7,474.12,475.25,0
2026-07-28 09:21:00,475.25,475.5,474.6363,475.0,0
2026-07-28 09:22:00,474.5574,475.6,474.01,474.6804,0
2026-07-28 09:23:00,474.7602,474.9688,473.37,473.6,0
2026-07-28 09:24:00,473.6,475.0,473.4,474.3584,0
2026-07-28 09:25:00,474.0,474.39,471.5,472.0,0
2026-07-28 09:26:00,472.4851,490.56,471.5,471.63,0
2026-07-28 09:27:00,471.5,472.0,468.01,468.93,0
2026-07-28 09:28:00,468.08,468.08,465.57,467.5,0
2026-07-28 09:29:00,467.23,468.08,465.69,466.68,0
2026-07-28 09:30:00,466.002,472.75,464.9431,469.0,1777801
2026-07-28 09:31:00,468.76,468.9,464.34,466.93,306808
2026-07-28 09:32:00,467.07,467.77,464.615,465.71,170539
2026-07-28 09:33:00,465.7491,466.3373,462.17,462.605,239108
2026-07-28 09:34:00,462.38,462.79,457.8,458.435,469144
2026-07-28 09:35:00,458.67,461.135,458.03,460.955,222274
2026-07-28 09:36:00,460.955,461.82,456.53,457.19,283956
2026-07-28 09:37:00,457.0462,457.3799,454.54,454.9,283400
2026-07-28 09:38:00,454.91,456.26,452.5401,454.67,199600
2026-07-28 09:39:00,454.5,455.47,454.5,455.23,168366
2026-07-28 09:40:00,455.47,457.77,455.01,456.1095,220712
2026-07-28 09:41:00,455.955,456.9999,455.43,455.915,164486
2026-07-28 09:42:00,456.0,456.45,454.2901,454.53,195733
2026-07-28 09:43:00,454.6608,455.36,453.6,454.32,192077
2026-07-28 09:44:00,454.495,456.95,454.33,455.605,195011
2026-07-28 09:45:00,455.75,456.82,453.3,454.115,192143
2026-07-28 09:46:00,454.09,454.21,451.2,453.1,255105
2026-07-28 09:47:00,453.16,454.6599,452.36,453.85,169445
2026-07-28 09:48:00,453.89,457.32,453.85,457.13,225008
2026-07-28 09:49:00,457.2342,458.87,456.3376,458.0,182300
2026-07-28 09:50:00,458.165,460.0,455.2,455.66,240627
2026-07-28 09:51:00,455.51,456.23,453.7301,453.9975,153980
2026-07-28 09:52:00,454.105,457.38,453.85,455.465,159379
2026-07-28 09:53:00,455.0,455.0,451.2001,452.65,163555
2026-07-28 09:54:00,453.1635,454.53,452.7101,452.96,105129
2026-07-28 09:55:00,452.87,453.64,452.05,452.795,110769
2026-07-28 09:56:00,453.17,454.61,452.33,454.38,90556
2026-07-28 09:57:00,454.475,455.17,452.321,452.86,122159
2026-07-28 09:58:00,452.6455,453.0,450.58,451.015,159663
2026-07-28 09:59:00,451.09,452.33,450.1,451.14,110819
2026-07-28 10:00:00,451.23,453.4685,450.96,452.81,147859
2026-07-28 10:01:00,452.78,453.83,452.11,453.705,137384
2026-07-28 10:02:00,453.66,456.0,453.66,455.235,152605
2026-07-28 10:03:00,455.44,455.515,454.2804,454.532,97401
2026-07-28 10:04:00,454.7,455.49,453.72,454.625,93148
2026-07-28 10:05:00,454.625,457.8999,454.0,457.5,138199
2026-07-28 10:06:00,457.4169,458.4099,456.33,457.52,106049
2026-07-28 10:07:00,457.8076,458.19,455.1188,455.33,82549
2026-07-28 10:08:00,455.23,455.3599,451.6,452.29,144227
2026-07-28 10:09:00,452.44,452.88,451.465,451.94,92670
2026-07-28 10:10:00,451.85,453.6752,451.17,453.2,119828
2026-07-28 10:11:00,453.24,455.1869,453.21,455.105,156185
2026-07-28 10:12:00,454.96,455.265,451.63,451.63,93048
2026-07-28 10:13:00,451.77,452.6963,451.03,451.135,103778
2026-07-28 10:14:00,451.135,451.26,447.85,448.32,373532
2026-07-28 10:15:00,448.3,449.2883,447.4,448.59,173630
2026-07-28 10:16:00,448.8,449.3,446.19,446.82,277360
2026-07-28 10:17:00,446.82,447.7197,445.5001,446.15,187240
2026-07-28 10:18:00,446.49,447.05,445.17,445.915,230674
2026-07-28 10:19:00,445.82,445.875,443.8418,443.94,201162
2026-07-28 10:20:00,443.8001,444.8159,443.26,443.6,176744
2026-07-28 10:21:00,443.51,446.02,442.27,445.945,289788
2026-07-28 10:22:00,445.64,447.03,442.76,443.4,193993
2026-07-28 10:23:00,443.34,445.21,442.64,445.095,200426
2026-07-28 10:24:00,444.96,446.4899,444.5001,444.78,129781
2026-07-28 10:25:00,444.97,445.86,444.355,445.86,94339
2026-07-28 10:26:00,445.91,447.54,445.41,447.12,116936
2026-07-28 10:27:00,447.2,448.36,446.6,447.1754,149472
2026-07-28 10:28:00,447.3078,447.905,446.17,446.862,82602
2026-07-28 10:29:00,446.855,447.83,446.67,447.545,78796
2026-07-28 10:30:00,447.339,449.0,445.88,446.815,116677
2026-07-28 10:31:00,447.0,448.7499,446.761,448.571,120096
2026-07-28 10:32:00,448.51,449.5,447.345,448.16,114168
2026-07-28 10:33:00,448.5,448.865,447.34,448.6,80985
2026-07-28 10:34:00,448.3,449.1024,447.2,447.55,75170
2026-07-28 10:35:00,447.495,450.57,447.33,450.52,181311
2026-07-28 10:36:00,450.48,451.9699,450.48,450.51,114298
2026-07-28 10:37:00,450.5,451.42,450.275,451.42,108361
2026-07-28 10:38:00,451.35,452.23,449.4301,449.5139,92189
2026-07-28 10:39:00,449.635,450.823,449.0,450.29,180246
2026-07-28 10:40:00,450.325,451.7,450.0,451.3995,79400
2026-07-28 10:41:00,451.15,452.12,450.3885,450.88,90235
2026-07-28 10:42:00,450.81,450.89,448.7601,449.89,202335
2026-07-28 10:43:00,449.93,450.67,449.47,450.347,84363
2026-07-28 10:44:00,450.4,450.9,448.775,448.99,117199
2026-07-28 10:45:00,448.965,449.57,447.2,447.785,96818
2026-07-28 10:46:00,447.6201,448.7099,447.53,448.275,76944
2026-07-28 10:47:00,448.3,450.3094,448.175,450.05,128540
2026-07-28 10:48:00,449.91,453.6,449.91,453.145,121025
2026-07-28 10:49:00,453.115,453.72,452.29,453.37,95359
2026-07-28 10:50:00,453.205,454.66,453.0455,453.515,115717
2026-07-28 10:51:00,453.5,454.9,453.1104,454.06,83406
2026-07-28 10:52:00,454.06,454.78,452.5,452.64,88099
2026-07-28 10:53:00,452.81,454.98,452.765,454.64,95613
2026-07-28 10:54:00,454.72,454.72,452.55,452.86,73396
2026-07-28 10:55:00,452.9899,454.43,451.775,453.5,100029
2026-07-28 10:56:00,453.56,453.75,451.79,452.3013,96900
2026-07-28 10:57:00,452.3,452.3,449.8925,451.2,104691
2026-07-28 10:58:00,451.11,451.79,450.77,451.38,64281
2026-07-28 10:59:00,451.38,452.6582,451.075,452.37,69044
2026-07-28 11:00:00,452.261,454.2463,452.26,453.9503,88045
2026-07-28 11:01:00,454.105,454.32,452.66,453.34,65841
2026-07-28 11:02:00,453.225,453.88,452.27,452.66,53087
2026-07-28 11:03:00,452.689,453.45,452.0801,452.515,58457
2026-07-28 11:04:00,452.515,452.89,451.5457,451.76,42737
2026-07-28 11:05:00,451.6097,452.1699,450.4501,451.57,75680
2026-07-28 11:06:00,451.45,453.59,450.4501,450.4501,98143
2026-07-28 11:07:00,450.5609,450.77,449.37,450.4989,68529
2026-07-28 11:08:00,450.59,451.13,449.8301,450.57,67644
2026-07-28 11:09:00,450.4,450.9999,449.5201,450.47,67968
2026-07-28 11:10:00,450.47,453.58,450.4301,450.4301,118096
2026-07-28 11:11:00,450.705,450.91,449.5,449.74,71722
2026-07-28 11:12:00,449.58,451.65,449.25,451.225,94799
2026-07-28 11:13:00,451.3,451.76,450.22,451.39,82122
2026-07-28 11:14:00,451.51,452.9559,451.4729,451.91,108959
2026-07-28 11:15:00,452.09,452.3834,451.2601,452.3834,52362
2026-07-28 11:16:00,452.27,452.8,451.5201,451.74,237889
2026-07-28 11:17:00,452.0299,452.96,451.6313,452.07,39622
2026-07-28 11:18:00,452.2384,454.55,452.05,453.87,96679
2026-07-28 11:19:00,454.0,454.13,453.0203,453.73,50920
2026-07-28 11:20:00,453.84,455.9595,453.84,455.205,110018
2026-07-28 11:21:00,455.26,455.88,454.91,455.55,69650
2026-07-28 11:22:00,455.3345,455.72,454.0,454.82,84420
2026-07-28 11:23:00,454.89,455.86,454.67,455.543,58670
2026-07-28 11:24:00,455.33,456.24,454.4,456.24,60774
2026-07-28 11:25:00,456.12,457.42,456.11,457.01,90880
2026-07-28 11:26:00,457.13,458.0,456.94,457.7704,138296
2026-07-28 11:27:00,457.7,457.7,455.3874,455.655,75860
2026-07-28 11:28:00,455.5,456.4326,455.2746,455.755,59724
2026-07-28 11:29:00,455.79,456.11,455.0101,455.84,59159
2026-07-28 11:30:00,455.81,456.2699,454.43,454.8,67443
2026-07-28 11:31:00,454.6,455.35,454.3601,455.315,49972
2026-07-28 11:32:00,455.4704,457.01,455.35,456.85,60091
2026-07-28 11:33:00,456.785,457.24,456.41,456.8,61362
2026-07-28 11:34:00,457.0,457.91,456.79,457.0,60464
2026-07-28 11:35:00,456.94,458.49,456.7101,458.25,88483
2026-07-28 11:36:00,458.06,459.19,458.06,458.6564,76343
2026-07-28 11:37:00,458.36,458.5799,457.25,458.14,74423
2026-07-28 11:38:00,458.18,459.49,457.8001,459.315,65401
2026-07-28 11:39:00,459.2651,459.7099,458.7501,459.25,69691
2026-07-28 11:40:00,459.07,459.2656,457.7772,458.28,83284
2026-07-28 11:41:00,458.28,459.75,458.1301,458.89,75972
2026-07-28 11:42:00,458.955,459.35,458.309,458.49,54108
2026-07-28 11:43:00,458.395,461.16,458.15,461.06,109628
2026-07-28 11:44:00,461.06,461.9699,460.67,461.74,79747
2026-07-28 11:45:00,461.74,463.3999,461.6,462.6101,107504
2026-07-28 11:46:00,462.77,464.44,462.4001,464.225,76190
2026-07-28 11:47:00,464.225,464.6587,463.6,463.785,119804
2026-07-28 11:48:00,463.84,464.4099,463.5001,464.055,93449
2026-07-28 11:49:00,464.0108,464.2,463.28,463.28,58189
2026-07-28 11:50:00,463.3,463.78,462.6109,463.34,77320
2026-07-28 11:51:00,463.34,463.34,462.4001,462.85,68031
2026-07-28 11:52:00,462.64,462.9599,461.6801,462.525,68426
2026-07-28 11:53:00,462.31,464.41,462.31,464.24,64859
2026-07-28 11:54:00,464.039,464.2999,462.52,462.52,71054
2026-07-28 11:55:00,462.56,462.77,461.8501,462.3501,51815
2026-07-28 11:56:00,462.3401,464.73,462.3401,464.6198,114905
2026-07-28 11:57:00,464.2901,464.355,463.2875,464.0458,56987
2026-07-28 11:58:00,463.975,464.58,463.71,463.98,60110
2026-07-28 11:59:00,463.98,464.2466,463.28,463.68,37488
2026-07-28 12:00:00,463.71,466.4799,463.19,465.765,76586
2026-07-28 12:01:00,465.7125,466.6765,465.5101,465.725,78337
2026-07-28 12:02:00,465.55,466.28,464.5,464.51,79200
2026-07-28 12:03:00,464.44,464.889,464.03,464.71,57498
2026-07-28 12:04:00,464.65,464.735,463.9,464.675,59520
2026-07-28 12:05:00,464.86,465.79,464.69,465.07,50719
2026-07-28 12:06:00,464.7,464.9,463.19,463.56,52091
2026-07-28 12:07:00,463.82,463.82,462.29,462.66,97908
2026-07-28 12:08:00,462.5,462.81,461.5001,461.86,50171
2026-07-28 12:09:00,461.95,462.1399,461.1,461.1,44113
2026-07-28 12:10:00,461.2704,461.6,460.695,461.375,75087
2026-07-28 12:11:00,461.375,462.4897,461.375,461.96,68155
2026-07-28 12:12:00,461.96,462.4784,461.7,462.27,48293
2026-07-28 12:13:00,462.27,462.9295,461.4501,461.635,51014
2026-07-28 12:14:00,461.45,461.48,460.52,461.19,73423
2026-07-28 12:15:00,461.4585,461.54,459.4971,460.085,64994
2026-07-28 12:16:00,460.01,460.4199,459.6501,460.22,41038
2026-07-28 12:17:00,460.27,461.1999,460.0,460.0,55365
2026-07-28 12:18:00,460.215,460.7,459.9001,460.245,31439
2026-07-28 12:19:00,460.48,461.67,460.4,461.38,39107
2026-07-28 12:20:00,461.37,462.1336,461.2006,461.585,56759
2026-07-28 12:21:00,461.585,461.665,460.6,461.31,59086
2026-07-28 12:22:00,461.1267,461.465,460.56,461.005,55428
2026-07-28 12:23:00,460.92,461.005,460.0,460.0252,49545
2026-07-28 12:24:00,460.18,460.44,460.0,460.19,59336
2026-07-28 12:25:00,460.27,460.88,459.84,460.87,38810
2026-07-28 12:26:00,460.71,461.16,460.3501,460.415,31091
2026-07-28 12:27:00,460.65,460.88,459.71,460.7823,39245
2026-07-28 12:28:00,460.685,461.105,460.5,460.675,32398
2026-07-28 12:29:00,460.62,461.435,460.54,460.6601,40076
2026-07-28 12:30:00,460.661,460.661,458.12,458.24,117793
2026-07-28 12:31:00,458.17,459.0,457.6501,459.0,87990
2026-07-28 12:32:00,458.82,460.5,458.82,460.405,58971
2026-07-28 12:33:00,460.21,460.99,459.85,460.04,46046
2026-07-28 12:34:00,460.04,460.9245,459.7101,459.7101,40792
2026-07-28 12:35:00,459.82,460.49,459.2,459.3101,33229
2026-07-28 12:36:00,459.405,459.8258,458.7,459.5401,34313
2026-07-28 12:37:00,459.675,460.0567,459.35,460.0,38379
2026-07-28 12:38:00,460.265,461.0,459.84,460.85,57506
2026-07-28 12:39:00,460.8,461.85,460.18,461.82,52873
2026-07-28 12:40:00,461.72,462.47,461.25,461.361,50504
2026-07-28 12:41:00,461.7984,462.25,461.0205,461.7099,30206
2026-07-28 12:42:00,461.5,461.5299,460.17,460.325,27436
2026-07-28 12:43:00,460.34,461.35,460.3001,461.065,27203
2026-07-28 12:44:00,461.17,461.18,460.2,460.9,25179
2026-07-28 12:45:00,460.78,461.57,460.5,460.882,26407
2026-07-28 12:46:00,460.8,460.92,458.81,459.08,34950
2026-07-28 12:47:00,459.01,460.3188,458.98,460.065,31183
2026-07-28 12:48:00,460.34,460.37,459.3901,459.88,35548
2026-07-28 12:49:00,459.6201,460.36,459.62,459.73,17799
2026-07-28 12:50:00,459.8743,460.99,459.85,460.88,29967
2026-07-28 12:51:00,460.91,462.19,460.6611,461.77,40498
2026-07-28 12:52:00,462.0,462.36,461.1608,461.5,28387
2026-07-28 12:53:00,461.6,462.75,461.6,462.045,46919
2026-07-28 12:54:00,462.09,462.8695,461.8001,462.41,37507
2026-07-28 12:55:00,462.45,462.8,461.44,461.9,39683
2026-07-28 12:56:00,461.89,462.7036,461.5,462.6988,28124
2026-07-28 12:57:00,462.65,462.67,461.7901,462.01,22849
2026-07-28 12:58:00,462.02,462.2,461.5001,461.99,23179
2026-07-28 12:59:00,462.0196,462.5353,461.35,461.37,31404
2026-07-28 13:00:00,461.37,461.99,460.8758,461.43,82281
2026-07-28 13:01:00,461.405,462.1999,461.405,461.76,29156
2026-07-28 13:02:00,461.59,461.82,459.6,460.16,48415
2026-07-28 13:03:00,460.01,460.25,459.5001,459.785,38970
2026-07-28 13:04:00,459.825,460.17,459.5,459.58,30337
2026-07-28 13:05:00,459.3901,459.6999,458.3201,458.3201,54184
2026-07-28 13:06:00,458.4,459.52,458.3,459.3357,35021
2026-07-28 13:07:00,459.33,459.7157,459.0501,459.38,31630
2026-07-28 13:08:00,459.9,459.98,458.8,458.8,29954
2026-07-28 13:09:00,458.935,459.0,458.0001,458.32,43412
2026-07-28 13:10:00,458.0,458.43,457.5101,458.14,58183
2026-07-28 13:11:00,458.29,458.4499,457.52,458.155,32956
2026-07-28 13:12:00,458.45,458.9216,458.02,458.35,27517
2026-07-28 13:13:00,458.35,458.59,457.66,458.3,31049
2026-07-28 13:14:00,458.31,458.7752,458.0001,458.24,19998
2026-07-28 13:15:00,458.3465,458.3973,457.85,458.08,32193
2026-07-28 13:16:00,458.13,458.14,457.69,457.8901,20647
2026-07-28 13:17:00,458.19,458.3,457.51,457.87,22500
2026-07-28 13:18:00,457.735,458.2,457.7,457.72,24209
2026-07-28 13:19:00,457.75,458.48,457.7,458.34,34597
2026-07-28 13:20:00,458.315,459.7252,458.0488,459.22,73608
2026-07-28 13:21:00,459.225,460.1937,458.84,459.1199,36751
2026-07-28 13:22:00,458.98,459.2499,458.36,459.07,28611
2026-07-28 13:23:00,459.01,459.7799,458.9,459.4,29770
2026-07-28 13:24:00,459.4,459.7,458.62,458.89,35446
2026-07-28 13:25:00,458.62,459.03,458.03,458.74,39191
2026-07-28 13:26:00,458.84,459.37,458.78,459.1405,29429
2026-07-28 13:27:00,459.13,459.65,459.13,459.65,24485
2026-07-28 13:28:00,459.2301,459.832,459.0201,459.0201,21500
2026-07-28 13:29:00,459.4159,459.71,459.0,459.05,15202
2026-07-28 13:30:00,459.0001,459.81,458.77,459.81,21242
2026-07-28 13:31:00,459.725,459.725,458.93,459.1699,13583
2026-07-28 13:32:00,459.085,459.72,459.085,459.605,19507
2026-07-28 13:33:00,459.71,460.4,459.49,460.07,37311
2026-07-28 13:34:00,460.13,460.54,459.9201,460.0,22993
2026-07-28 13:35:00,459.92,460.7499,459.92,460.1532,28487
2026-07-28 13:36:00,460.08,460.235,459.3864,459.42,34430
2026-07-28 13:37:00,459.38,459.51,459.1901,459.1901,28594
2026-07-28 13:38:00,459.26,459.69,459.0115,459.35,17916
2026-07-28 13:39:00,459.2001,459.39,458.65,458.7791,33535
2026-07-28 13:40:00,458.65,459.07,458.23,458.72,44747
2026-07-28 13:41:00,458.82,458.82,458.2501,458.3,45135
2026-07-28 13:42:00,458.2837,458.6699,458.1201,458.31,34267
2026-07-28 13:43:00,458.335,458.39,457.82,458.15,47322
2026-07-28 13:44:00,458.105,458.33,457.5601,457.995,43411
2026-07-28 13:45:00,458.1565,458.18,457.1073,457.56,43373
2026-07-28 13:46:00,457.6696,457.97,457.405,457.97,59939
2026-07-28 13:47:00,457.8001,458.1798,457.1,457.2415,55100
2026-07-28 13:48:00,457.1201,458.07,457.1201,457.775,69406
2026-07-28 13:49:00,457.775,458.39,457.681,458.22,32944
2026-07-28 13:50:00,458.04,458.19,457.6101,458.0,33113
2026-07-28 13:51:00,457.95,458.015,457.3101,457.535,27155
2026-07-28 13:52:00,457.4,457.74,457.0,457.1216,28203
2026-07-28 13:53:00,457.01,457.5,456.9306,457.34,28179
2026-07-28 13:54:00,457.19,457.47,456.66,457.0792,26097
2026-07-28 13:55:00,456.92,456.995,456.4,456.78,45028
2026-07-28 13:56:00,456.64,457.36,456.64,457.36,24885
2026-07-28 13:57:00,457.4108,457.5,457.0,457.385,25101
2026-07-28 13:58:00,457.29,457.59,457.0,457.475,23878
2026-07-28 13:59:00,457.62,458.23,457.525,458.23,30445
2026-07-28 14:00:00,458.27,459.42,458.063,459.3,41201
2026-07-28 14:01:00,459.03,459.29,457.77,457.77,32117
2026-07-28 14:02:00,457.645,458.32,457.5,458.04,25168
2026-07-28 14:03:00,458.0625,458.453,457.7401,457.8701,23259
2026-07-28 14:04:00,458.02,458.6,457.5005,458.49,28664
2026-07-28 14:05:00,458.43,458.73,457.8701,457.99,24654
2026-07-28 14:06:00,458.07,458.14,457.5,457.795,24141
2026-07-28 14:07:00,457.6101,457.69,456.8001,457.5102,42397
2026-07-28 14:08:00,457.375,457.5297,456.8131,457.21,20412
2026-07-28 14:09:00,457.12,457.44,457.005,457.1657,17468
2026-07-28 14:10:00,457.18,457.2364,456.51,456.7192,24842
2026-07-28 14:11:00,456.5001,456.79,455.69,456.04,44103
2026-07-28 14:12:00,456.12,456.685,456.03,456.685,45340
2026-07-28 14:13:00,456.593,456.665,455.5273,455.895,48262
2026-07-28 14:14:00,455.72,455.9,455.0101,455.0101,48203
2026-07-28 14:15:00,455.0878,456.29,454.55,456.29,103413
2026-07-28 14:16:00,456.31,456.38,455.5101,456.16,55412
2026-07-28 14:17:00,456.155,456.2399,455.2,455.5509,48576
2026-07-28 14:18:00,455.5,455.5,454.83,454.88,18074
2026-07-28 14:19:00,455.05,455.64,454.69,455.445,39132
2026-07-28 14:20:00,455.3778,455.99,455.15,455.976,28746
2026-07-28 14:21:00,456.0,456.247,455.3515,455.7162,44215
2026-07-28 14:22:00,455.64,456.1174,455.63,455.91,29795
2026-07-28 14:23:00,455.8208,456.07,455.0501,455.44,28310
2026-07-28 14:24:00,455.46,455.57,455.1101,455.27,20159
2026-07-28 14:25:00,455.0501,455.83,455.0501,455.5408,26984
2026-07-28 14:26:00,455.71,455.97,455.3714,455.91,27372
2026-07-28 14:27:00,455.47,455.47,455.0,455.19,17332
2026-07-28 14:28:00,455.28,455.5565,455.0,455.105,23923
2026-07-28 14:29:00,455.25,455.47,455.09,455.25,23189
2026-07-28 14:30:00,455.36,456.4798,455.14,455.5001,48965
2026-07-28 14:31:00,455.54,455.88,455.249,455.4,24716
2026-07-28 14:32:00,455.54,455.9399,455.4,455.75,33414
2026-07-28 14:33:00,455.8475,456.945,455.8,456.89,39289
2026-07-28 14:34:00,456.87,457.27,456.1363,456.2891,28304
2026-07-28 14:35:00,456.225,456.575,455.685,456.3029,34538
2026-07-28 14:36:00,456.39,456.65,455.842,456.32,24564
2026-07-28 14:37:00,456.19,456.45,455.8901,456.45,16326
2026-07-28 14:38:00,456.49,457.0,456.4,456.66,22983
2026-07-28 14:39:00,456.66,456.66,455.7843,456.01,26837
2026-07-28 14:40:00,456.1,456.31,455.7301,456.225,23737
2026-07-28 14:41:00,456.25,456.2783,455.7201,456.1225,12610
2026-07-28 14:42:00,456.01,456.3017,455.7701,455.82,14692
2026-07-28 14:43:00,455.84,456.195,455.43,456.125,29775
2026-07-28 14:44:00,456.1,456.572,455.8001,456.04,24807
2026-07-28 14:45:00,456.055,456.46,455.48,456.41,37090
2026-07-28 14:46:00,456.345,456.708,456.19,456.708,25457
2026-07-28 14:47:00,456.7355,456.95,456.2203,456.34,17731
2026-07-28 14:48:00,456.48,456.48,455.7,455.825,22515
2026-07-28 14:49:00,455.86,456.13,455.3101,455.42,40246
2026-07-28 14:50:00,455.65,456.2982,455.52,455.875,28993
2026-07-28 14:51:00,456.0525,456.745,455.82,455.895,32603
2026-07-28 14:52:00,455.9175,456.26,455.5601,455.725,26376
2026-07-28 14:53:00,455.695,456.05,455.27,455.2884,28605
2026-07-28 14:54:00,455.45,455.9573,455.38,455.85,22334
2026-07-28 14:55:00,455.78,456.4224,455.1887,456.36,35858
2026-07-28 14:56:00,456.4943,456.9,456.195,456.7089,34950
2026-07-28 14:57:00,456.79,457.26,456.62,456.74,26665
2026-07-28 14:58:00,456.68,457.46,456.5,457.03,31679
2026-07-28 14:59:00,457.15,457.33,456.9216,457.08,24210
2026-07-28 15:00:00,456.9305,458.43,456.9,458.01,52807
2026-07-28 15:01:00,458.15,458.87,458.15,458.505,32865
2026-07-28 15:02:00,458.395,458.8525,458.16,458.7571,31275
2026-07-28 15:03:00,458.5805,460.075,458.5805,459.98,55274
2026-07-28 15:04:00,460.01,460.65,459.8001,460.47,48695
2026-07-28 15:05:00,460.5443,460.5443,459.1605,459.7101,65096
2026-07-28 15:06:00,459.73,459.85,458.02,458.49,58495
2026-07-28 15:07:00,458.59,459.3499,458.59,458.745,50364
2026-07-28 15:08:00,458.77,458.86,458.0201,458.71,36922
2026-07-28 15:09:00,458.88,459.9,458.6903,459.21,93022
2026-07-28 15:10:00,458.845,459.88,458.7,459.4801,26649
2026-07-28 15:11:00,459.5,459.99,459.3,459.9,27310
2026-07-28 15:12:00,459.71,459.71,459.25,459.3225,43637
2026-07-28 15:13:00,459.2,460.45,459.14,460.39,56159
2026-07-28 15:14:00,460.39,460.5699,460.0,460.265,31297
2026-07-28 15:15:00,460.2,460.813,459.3401,459.615,51586
2026-07-28 15:16:00,459.44,460.1435,459.2501,459.65,44396
2026-07-28 15:17:00,459.56,459.9161,459.0,459.275,38897
2026-07-28 15:18:00,459.42,460.0999,459.0101,459.865,56879
2026-07-28 15:19:00,459.86,460.8175,459.85,460.5672,50007
2026-07-28 15:20:00,460.536,460.89,460.0757,460.795,39248
2026-07-28 15:21:00,460.7001,461.28,460.5301,460.79,49325
2026-07-28 15:22:00,460.94,463.23,460.94,463.11,78485
2026-07-28 15:23:00,463.29,464.2,463.25,463.95,66364
2026-07-28 15:24:00,463.96,464.3999,463.8001,464.3,54842
2026-07-28 15:25:00,464.2418,464.57,463.5,463.76,72408
2026-07-28 15:26:00,463.75,464.52,463.4001,463.765,92962
2026-07-28 15:27:00,463.765,463.88,463.1258,463.61,56988
2026-07-28 15:28:00,463.425,464.74,463.4012,464.59,79727
2026-07-28 15:29:00,464.63,465.1499,464.34,465.0,68806
2026-07-28 15:30:00,465.12,465.51,464.52,464.77,100033
2026-07-28 15:31:00,464.77,465.8117,464.51,464.845,71941
2026-07-28 15:32:00,464.845,464.9884,463.5,463.58,76503
2026-07-28 15:33:00,463.84,463.875,463.0801,463.54,51425
2026-07-28 15:34:00,463.6,464.0,463.33,463.6906,55664
2026-07-28 15:35:00,463.7,463.7,461.431,461.45,81910
2026-07-28 15:36:00,461.705,461.7411,460.0632,460.0632,81724
2026-07-28 15:37:00,460.21,460.3672,459.2,459.62,82542
2026-07-28 15:38:00,459.6202,460.66,459.4501,460.54,73518
2026-07-28 15:39:00,460.4,460.7053,459.43,459.6,98317
2026-07-28 15:40:00,459.725,459.83,458.94,459.26,76391
2026-07-28 15:41:00,459.08,459.1882,458.28,458.395,73799
2026-07-28 15:42:00,458.2101,458.7795,458.0,458.33,360096
2026-07-28 15:43:00,458.19,458.7199,458.0401,458.1801,49844
2026-07-28 15:44:00,458.34,458.34,457.21,457.765,81018
2026-07-28 15:45:00,457.66,458.0795,457.0801,457.475,73948
2026-07-28 15:46:00,457.41,457.49,456.68,456.7,57006
2026-07-28 15:47:00,456.69,457.58,456.69,457.12,97061
2026-07-28 15:48:00,457.0,457.454,456.87,457.105,52213
2026-07-28 15:49:00,457.01,457.89,456.8501,457.89,62670
2026-07-28 15:50:00,457.89,457.9779,456.0301,456.41,154027
2026-07-28 15:51:00,456.29,456.7595,455.8,456.4,106364
2026-07-28 15:52:00,456.33,456.77,455.95,456.67,97829
2026-07-28 15:53:00,456.7464,457.3,456.29,457.065,140187
2026-07-28 15:54:00,457.19,458.68,457.0148,458.08,140061
2026-07-28 15:55:00,458.0,458.0,455.42,455.44,281337
2026-07-28 15:56:00,455.43,456.0,453.58,453.7,317078
2026-07-28 15:57:00,453.65,453.65,452.61,452.995,318654
2026-07-28 15:58:00,452.99,454.0,452.83,453.975,450660
2026-07-28 15:59:00,454.06,454.89,453.255,454.85,528999
2026-07-28 16:00:00,454.62,454.62,453.12,454.6188,0
2026-07-28 16:01:00,454.35,454.6188,453.5,454.0,0
2026-07-28 16:02:00,453.6936,454.66,453.0,453.27,0
2026-07-28 16:03:00,453.16,454.62,453.0,454.0479,0
2026-07-28 16:04:00,454.17,454.62,453.0001,453.68,0
2026-07-28 16:05:00,453.7859,454.94,453.32,453.32,0
2026-07-28 16:06:00,453.67,454.99,452.0,453.62,0
2026-07-28 16:07:00,453.62,454.0,452.75,452.75,0
2026-07-28 16:08:00,452.99,454.62,452.0003,453.8,0
2026-07-28 16:09:00,453.85,454.6,453.0,454.5,0
2026-07-28 16:10:00,454.3605,454.62,454.1048,454.17,0
2026-07-28 16:11:00,454.25,454.5,454.0387,454.39,0
2026-07-28 16:12:00,454.1,454.5,454.08,454.23,0
2026-07-28 16:13:00,454.0859,454.62,454.0859,454.5877,0
2026-07-28 16:14:00,454.62,454.62,453.3471,453.66,0
2026-07-28 16:15:00,454.62,454.62,453.01,454.0,0
2026-07-28 16:16:00,453.5,454.05,453.0,453.79,0
2026-07-28 16:17:00,453.62,454.62,453.5,454.0,0
2026-07-28 16:18:00,454.0,454.62,454.0,454.16,0
2026-07-28 16:19:00,454.45,455.0,454.18,454.9015,0
2026-07-28 16:20:00,454.62,455.0,454.4413,454.54,0
2026-07-28 16:21:00,454.66,454.74,454.25,454.6325,0
2026-07-28 16:22:00,454.74,455.5,454.0944,454.9889,0
2026-07-28 16:23:00,454.89,455.0,454.74,454.91,0
2026-07-28 16:24:00,454.9,454.91,454.53,454.6851,0
2026-07-28 16:25:00,454.7141,455.3781,454.51,455.3781,0
2026-07-28 16:26:00,455.1155,456.7,455.01,456.66,0
2026-07-28 16:27:00,456.7,457.25,454.62,456.5061,0
2026-07-28 16:28:00,456.0,456.7,455.8972,456.5138,0
2026-07-28 16:29:00,456.68,456.7,455.75,456.0,0
2026-07-28 16:30:00,455.9613,456.5,455.51,456.5,0
2026-07-28 16:31:00,455.86,456.5,455.5,456.0,0
2026-07-28 16:32:00,456.15,456.5,455.72,455.97,0
2026-07-28 16:33:00,455.9241,456.0,455.0101,455.5,0
2026-07-28 16:34:00,455.01,456.0,455.01,455.2,0
2026-07-28 16:35:00,455.0497,455.55,455.0497,455.53,0
2026-07-28 16:36:00,455.5259,456.0,455.24,455.55,0
2026-07-28 16:37:00,455.4149,456.5,455.13,455.8347,0
2026-07-28 16:38:00,455.62,456.5,455.2401,455.35,0
2026-07-28 16:39:00,456.15,456.15,455.4085,455.5,0
2026-07-28 16:40:00,455.399,456.0,455.35,455.63,0
2026-07-28 16:41:00,455.44,455.8934,455.3,455.46,0
2026-07-28 16:42:00,455.46,456.0,455.46,455.7,0
2026-07-28 16:43:00,455.7,456.0,455.38,455.5,0
2026-07-28 16:44:00,455.5,455.8,455.24,455.31,0
2026-07-28 16:45:00,455.45,455.5,455.24,455.4914,0
2026-07-28 16:46:00,455.24,456.0,455.24,455.79,0
2026-07-28 16:47:00,455.7225,456.15,455.3,456.1,0
2026-07-28 16:48:00,456.1,456.1,455.424,455.97,0
2026-07-28 16:49:00,455.97,456.0,455.24,455.8366,0
2026-07-28 16:50:00,455.606,456.0,455.24,455.57,0
2026-07-28 16:51:00,455.2401,455.68,455.24,455.4465,0
2026-07-28 16:52:00,455.45,455.65,455.2819,455.64,0
2026-07-28 16:53:00,455.65,456.0,455.4085,456.0,0
2026-07-28 16:54:00,456.0,456.15,455.8,455.9,0
2026-07-28 16:55:00,455.8945,456.15,455.84,456.15,0
2026-07-28 16:56:00,455.9,456.15,455.24,456.01,0
2026-07-28 16:57:00,456.01,456.7,456.01,456.58,0
2026-07-28 16:58:00,456.5,456.7,456.036,456.5,0
2026-07-28 16:59:00,456.19,456.7,456.1,456.5,0
2026-07-28 17:00:00,456.3044,456.7,456.15,456.15,0
2026-07-28 17:01:00,456.15,457.03,456.15,457.0,0
2026-07-28 17:02:00,457.24,457.25,456.96,456.96,0
2026-07-28 17:03:00,457.0,457.43,456.7852,457.3889,0
2026-07-28 17:04:00,457.3155,457.4,457.085,457.1967,0
2026-07-28 17:05:00,457.27,457.39,456.7,457.2,0
2026-07-28 17:06:00,457.08,457.2,456.7775,457.0,0
2026-07-28 17:07:00,456.9449,457.19,456.55,456.55,0
2026-07-28 17:08:00,457.0,457.0,456.5,456.859,0
2026-07-28 17:09:00,456.8336,457.0,456.55,457.0,0
2026-07-28 17:10:00,456.7755,457.0,456.3545,457.0,0
2026-07-28 17:11:00,456.9316,457.37,456.8228,457.37,0
2026-07-28 17:12:00,457.3416,457.4225,457.0,457.36,0
2026-07-28 17:13:00,457.42,457.59,457.0775,457.5,0
2026-07-28 17:14:00,457.5,457.6,457.17,457.17,0
2026-07-28 17:15:00,457.18,457.6,457.0001,457.446,0
2026-07-28 17:16:00,457.2,457.55,457.1027,457.55,0
2026-07-28 17:17:00,457.41,457.55,457.25,457.25,0
2026-07-28 17:18:00,457.25,457.55,457.1,457.1,0
2026-07-28 17:19:00,457.1157,457.55,457.0,457.0,0
2026-07-28 17:20:00,457.41,457.5,456.8,457.1,0
2026-07-28 17:21:00,456.99,457.0,456.26,456.7,0
2026-07-28 17:22:00,456.6,457.0,456.27,456.27,0
2026-07-28 17:23:00,456.8,457.0,456.51,456.7499,0
2026-07-28 17:24:00,456.6851,456.75,456.4968,456.5017,0
2026-07-28 17:25:00,456.6772,456.75,456.3528,456.7413,0
2026-07-28 17:26:00,456.75,457.0,456.59,456.947,0
2026-07-28 17:27:00,456.9322,457.0,456.7887,456.97,0
2026-07-28 17:28:00,456.9852,457.0,456.85,456.9613,0
2026-07-28 17:29:00,456.99,457.0,456.75,456.9539,0
2026-07-28 17:30:00,456.9679,457.68,456.7955,457.5,0
2026-07-28 17:31:00,457.8999,457.9,457.562,457.6,0
2026-07-28 17:32:00,457.5,457.89,457.5,457.65,0
2026-07-28 17:33:00,457.6,457.8451,457.57,457.5863,0
2026-07-28 17:34:00,457.5813,457.9,457.52,457.73,0
2026-07-28 17:35:00,457.73,458.17,457.52,458.1522,0
2026-07-28 17:36:00,458.35,458.7385,458.0,458.7385,0
2026-07-28 17:37:00,458.5,459.0,458.3721,458.62,0
2026-07-28 17:38:00,458.62,458.62,458.39,458.55,0
2026-07-28 17:39:00,458.4999,458.55,458.0,458.4,0
2026-07-28 17:40:00,458.4648,458.4648,458.01,458.39,0
2026-07-28 17:41:00,458.5,458.5,458.1872,458.2,0
2026-07-28 17:42:00,458.39,458.39,458.0,458.09,0
2026-07-28 17:43:00,458.09,458.16,458.01,458.09,0
2026-07-28 17:44:00,458.1,458.16,458.0248,458.08,0
2026-07-28 17:45:00,458.1,458.16,458.0248,458.16,0
2026-07-28 17:46:00,458.211,458.2111,458.0001,458.15,0
2026-07-28 17:47:00,458.1,458.42,457.56,458.22,0
2026-07-28 17:48:00,458.14,458.21,457.55,457.89,0
2026-07-28 17:49:00,458.1077,458.21,457.55,457.85,0
2026-07-28 17:50:00,457.5554,458.0,457.55,458.0,0
2026-07-28 17:51:00,457.86,458.0,457.6,457.71,0
2026-07-28 17:52:00,457.89,458.199,457.7028,458.02,0
2026-07-28 17:53:00,458.1,458.5,458.04,458.2,0
2026-07-28 17:54:00,458.2,458.5,458.0914,458.1,0
2026-07-28 17:55:00,458.36,458.5,458.0,458.0775,0
2026-07-28 17:56:00,458.01,458.5,458.0,458.32,0
2026-07-28 17:57:00,458.3884,458.5,458.0,458.37,0
2026-07-28 17:58:00,458.5,458.5,457.65,457.796,0
2026-07-28 17:59:00,457.66,458.001,457.65,457.7,0
2026-07-28 18:00:00,457.87,458.01,457.65,457.8,0
2026-07-28 18:01:00,457.8,458.17,457.7,458.1274,0
2026-07-28 18:02:00,457.71,458.1,457.71,457.77,0
2026-07-28 18:03:00,457.75,458.18,457.75,458.1635,0
2026-07-28 18:04:00,458.2238,458.4,458.1,458.1,0
2026-07-28 18:05:00,458.1705,458.5,458.0,458.4225,0
2026-07-28 18:06:00,458.46,458.5,458.2,458.35,0
2026-07-28 18:07:00,458.44,458.5,458.0,458.3,0
2026-07-28 18:08:00,458.3,458.37,458.19,458.19,0
2026-07-28 18:09:00,458.031,458.4296,458.0,458.4296,0
2026-07-28 18:10:00,458.5,458.5,458.05,458.4473,0
2026-07-28 18:11:00,458.37,458.39,458.05,458.25,0
2026-07-28 18:12:00,458.21,458.4048,458.05,458.382,0
2026-07-28 18:13:00,458.34,458.34,457.52,458.0318,0
2026-07-28 18:14:00,457.6584,458.48,457.53,457.58,0
2026-07-28 18:15:00,457.5845,457.99,457.25,457.25,0
2026-07-28 18:16:00,457.2978,457.52,457.25,457.3,0
2026-07-28 18:17:00,457.28,457.373,457.1463,457.37,0
2026-07-28 18:18:00,457.0,457.37,456.04,456.8,0
2026-07-28 18:19:00,456.5,456.78,456.16,456.78,0
2026-07-28 18:20:00,456.56,456.96,456.1488,456.8112,0
2026-07-28 18:21:00,456.81,456.96,456.0,456.96,0
2026-07-28 18:22:00,456.5357,456.96,456.47,456.75,0
2026-07-28 18:23:00,456.6,456.8577,456.16,456.42,0
2026-07-28 18:24:00,456.08,456.42,456.0,456.39,0
2026-07-28 18:25:00,456.08,456.39,455.89,456.0,0
2026-07-28 18:26:00,456.0,456.3,455.593,456.0,0
2026-07-28 18:27:00,456.288,456.8,455.5,456.56,0
2026-07-28 18:28:00,456.8647,456.96,456.3001,456.8,0
2026-07-28 18:29:00,456.95,457.0146,456.55,456.9,0
2026-07-28 18:30:00,457.0694,457.5,456.9,457.3,0
2026-07-28 18:31:00,457.13,457.412,456.8,456.8,0
2026-07-28 18:32:00,456.6,456.8942,455.51,455.71,0
2026-07-28 18:33:00,456.0,456.24,455.5882,455.75,0
2026-07-28 18:34:00,455.6972,455.75,455.5,455.5,0
2026-07-28 18:35:00,455.47,455.4975,455.02,455.2,0
2026-07-28 18:36:00,455.4,457.19,455.01,456.0,0
2026-07-28 18:37:00,455.69,456.23,455.2087,455.71,0
2026-07-28 18:38:00,455.01,456.0,455.01,455.22,0
2026-07-28 18:39:00,455.25,456.6,455.13,455.25,0
2026-07-28 18:40:00,455.02,455.6,455.01,455.5862,0
2026-07-28 18:41:00,455.24,456.6,455.12,455.49,0
2026-07-28 18:42:00,455.45,456.3737,455.2547,455.34,0
2026-07-28 18:43:00,455.51,455.9988,455.2,455.44,0
2026-07-28 18:44:00,455.25,455.41,455.0,455.0,0
2026-07-28 18:45:00,455.0085,455.01,453.0,453.0,0
2026-07-28 18:46:00,452.92,454.7988,452.5,452.5,0
2026-07-28 18:47:00,452.5885,453.0,450.1,450.5,0
2026-07-28 18:48:00,450.4,451.7,450.1,451.38,0
2026-07-28 18:49:00,450.49,451.49,450.01,450.3323,0
2026-07-28 18:50:00,450.0,451.2,450.0,450.4,0
2026-07-28 18:51:00,450.26,452.0,450.0,450.47,0
2026-07-28 18:52:00,450.09,452.0,450.0,451.5226,0
2026-07-28 18:53:00,450.01,450.3173,446.18,446.709,0
2026-07-28 18:54:00,447.0575,448.0,446.1,447.06,0
2026-07-28 18:55:00,447.5,448.2,446.02,447.463,0
2026-07-28 18:56:00,446.5,447.5,446.25,446.5,0
2026-07-28 18:57:00,446.7131,447.33,445.01,445.9,0
2026-07-28 18:58:00,445.63,447.0,445.01,446.0,0
2026-07-28 18:59:00,446.12,446.55,445.01,445.2,0
2026-07-28 19:00:00,445.8466,446.0,445.0,445.28,0
2026-07-28 19:01:00,445.8259,447.0,445.06,446.8376,0
2026-07-28 19:02:00,447.0,447.0,445.0,445.8127,0
2026-07-28 19:03:00,445.99,446.5,445.01,445.8,0
2026-07-28 19:04:00,445.0,446.9697,445.0,446.0367,0
2026-07-28 19:05:00,446.27,447.5,445.5635,447.26,0
2026-07-28 19:06:00,446.5,448.0,446.5,447.38,0
2026-07-28 19:07:00,447.0926,448.0,446.51,447.85,0
2026-07-28 19:08:00,447.2063,448.0,446.6501,447.1,0
2026-07-28 19:09:00,446.65,447.6,444.5,444.5,0
2026-07-28 19:10:00,444.5,445.3942,444.0,444.0012,0
2026-07-28 19:11:00,445.41,445.41,444.0,445.41,0
2026-07-28 19:12:00,445.74,446.45,444.4312,446.45,0
2026-07-28 19:13:00,446.8154,447.8,446.0,447.8,0
2026-07-28 19:14:00,447.676,450.0,447.0001,448.2,0
2026-07-28 19:15:00,447.4601,448.9,446.6,447.4,0
2026-07-28 19:16:00,447.4,448.5,446.6,448.0,0
2026-07-28 19:17:00,448.0,448.5,446.6,446.6,0
2026-07-28 19:18:00,447.8,448.5,446.6,447.77,0
2026-07-28 19:19:00,447.76,448.2,447.3,447.6,0
2026-07-28 19:20:00,447.99,448.2,447.54,448.2,0
2026-07-28 19:21:00,448.49,448.9,447.38,448.32,0
2026-07-28 19:22:00,448.9,450.9,448.9,449.9705,0
2026-07-28 19:23:00,450.9,450.9,449.0001,449.0001,0
2026-07-28 19:24:00,450.0,450.9,449.0,449.5,0
2026-07-28 19:25:00,449.5,450.36,449.02,449.02,0
2026-07-28 19:26:00,449.81,450.09,449.01,449.01,0
2026-07-28 19:27:00,449.16,450.09,449.01,449.74,0
2026-07-28 19:28:00,449.75,451.0,449.67,450.8172,0
2026-07-28 19:29:00,450.5775,451.0,450.5,450.95,0
2026-07-28 19:30:00,450.9225,451.9999,450.5,451.43,0
2026-07-28 19:31:00,451.8,452.0,450.5,451.9,0
2026-07-28 19:32:00,451.9,452.5,451.3,451.5,0
2026-07-28 19:33:00,452.0,452.5,451.5,451.98,0
2026-07-28 19:34:00,452.05,452.5,451.61,452.1813,0
2026-07-28 19:35:00,452.28,452.5,451.6,452.43,0
2026-07-28 19:36:00,452.5,452.5,451.6,452.47,0
2026-07-28 19:37:00,451.7173,452.324,451.53,451.6,0
2026-07-28 19:38:00,451.7,452.39,451.7,452.39,0
2026-07-28 19:39:00,452.48,453.0,451.7,452.91,0
2026-07-28 19:40:00,451.7,452.98,451.7,452.26,0
2026-07-28 19:41:00,452.41,453.99,452.21,453.97,0
2026-07-28 19:42:00,453.98,454.63,452.7,452.83,0
2026-07-28 19:43:00,453.0,454.6917,452.0,453.7154,0
2026-07-28 19:44:00,455.0,458.0,453.8085,457.6942,0
2026-07-28 19:45:00,457.19,457.98,455.4,457.96,0
2026-07-28 19:46:00,457.8,458.39,457.31,457.945,0
2026-07-28 19:47:00,457.99,459.0,457.5,458.5,0
2026-07-28 19:48:00,458.5,459.0,458.0,458.2852,0
2026-07-28 19:49:00,458.5,459.9,458.1,459.75,0
2026-07-28 19:50:00,459.98,460.99,459.155,460.08,0
2026-07-28 19:51:00,460.093,460.6,458.1,459.0,0
2026-07-28 19:52:00,458.54,459.3366,455.4,458.01,0
2026-07-28 19:53:00,453.9,459.0,453.2,458.25,0
2026-07-28 19:54:00,458.5,459.27,458.04,458.99,0
2026-07-28 19:55:00,459.5,460.01,458.0412,460.01,0
2026-07-28 19:56:00,459.26,460.87,459.0,459.91,0
2026-07-28 19:57:00,460.352,460.6,459.0,460.48,0
2026-07-28 19:58:00,460.01,460.4,459.0,459.51,0
2026-07-28 19:59:00,460.4,460.48,459.5,460.4,0
2026-07-29 04:00:00,445.53,454.6922,437.7404,450.01,0
2026-07-29 04:01:00,450.0,454.67,437.5,444.8,0
2026-07-29 04:02:00,451.5,452.34,450.0003,451.98,0
2026-07-29 04:03:00,452.0,452.8209,452.0,452.8209,0
2026-07-29 04:04:00,452.06,453.1595,442.0,451.81,0
2026-07-29 04:05:00,439.0,452.19,439.0,444.5,0
2026-07-29 04:06:00,445.0,454.34,444.44,451.34,0
2026-07-29 04:07:00,451.34,454.45,438.35,441.76,0
2026-07-29 04:08:00,449.54,454.41,438.99,452.5,0
2026-07-29 04:09:00,451.74,451.74,450.0,450.42,0
2026-07-29 04:10:00,450.42,450.42,448.8,450.0,0
2026-07-29 04:11:00,450.0,450.14,450.0,450.14,0
2026-07-29 04:12:00,449.99,450.1,449.0,449.27,0
2026-07-29 04:13:00,449.4,449.9108,448.2002,448.2002,0
2026-07-29 04:14:00,449.0,449.0,448.11,448.76,0
2026-07-29 04:15:00,448.53,449.04,448.12,449.04,0
2026-07-29 04:16:00,449.04,450.0,448.92,449.0,0
2026-07-29 04:17:00,449.0,449.9988,449.0,449.0,0
2026-07-29 04:18:00,449.188,450.0,449.0,449.0,0
2026-07-29 04:19:00,449.82,450.0,449.36,449.9,0
2026-07-29 04:20:00,449.9,449.9,448.13,449.3685,0
2026-07-29 04:21:00,449.0,449.9537,448.54,448.88,0
2026-07-29 04:22:00,448.61,449.27,448.61,448.8991,0
2026-07-29 04:23:00,448.75,448.75,447.5,448.47,0
2026-07-29 04:24:00,449.0788,449.0788,446.9,446.91,0
2026-07-29 04:25:00,446.6,446.6,445.17,446.58,0
2026-07-29 04:26:00,446.8119,447.3,446.4825,446.4825,0
2026-07-29 04:27:00,446.61,448.1988,446.61,447.14,0
2026-07-29 04:28:00,447.1,447.42,447.1,447.38,0
2026-07-29 04:29:00,447.6,448.8,446.4,447.5,0
2026-07-29 04:30:00,447.5,448.49,447.12,448.46,0
2026-07-29 04:31:00,447.9124,449.9218,447.9124,449.7509,0
2026-07-29 04:32:00,449.0,451.2,449.0,450.83,0
2026-07-29 04:33:00,450.61,450.61,448.2,448.2,0
2026-07-29 04:34:00,450.32,450.38,449.4,450.1,0
2026-07-29 04:35:00,449.4012,450.12,449.4012,450.12,0
2026-07-29 04:36:00,450.29,450.51,450.29,450.31,0
2026-07-29 04:37:00,450.46,450.6,450.24,450.6,0
2026-07-29 04:38:00,450.75,450.75,450.12,450.43,0
2026-07-29 04:39:00,450.46,450.46,449.83,449.88,0
2026-07-29 04:40:00,450.16,450.2,449.7,450.0,0
2026-07-29 04:41:00,450.0,450.0,449.92,449.92,0
2026-07-29 04:42:00,450.56,450.56,449.0894,449.0894,0
2026-07-29 04:43:00,450.8,452.19,450.8,452.19,0
2026-07-29 04:44:00,452.3462,452.3462,451.49,451.49,0
2026-07-29 04:45:00,451.92,452.4,451.88,452.4,0
2026-07-29 04:46:00,452.03,452.4,451.0375,452.0,0
2026-07-29 04:47:00,451.77,451.95,450.85,451.92,0
2026-07-29 04:48:00,451.34,451.34,451.0,451.0,0
2026-07-29 04:49:00,451.12,451.5,451.11,451.5,0
2026-07-29 04:50:00,451.5,451.98,451.5,451.6,0
2026-07-29 04:51:00,451.98,452.23,451.6,451.6,0
2026-07-29 04:52:00,452.5,452.5,451.0012,452.108,0
2026-07-29 04:53:00,451.5,452.4988,451.38,452.4988,0
2026-07-29 04:54:00,451.38,451.7105,450.45,450.45,0
2026-07-29 04:55:00,451.45,451.45,450.53,450.53,0
2026-07-29 04:56:00,451.49,451.49,450.6,450.6,0
2026-07-29 04:57:00,451.13,451.8,450.5,450.96,0
2026-07-29 04:58:00,450.6,450.9166,450.5,450.9166,0
2026-07-29 04:59:00,450.5,450.5,450.5,450.5,0
2026-07-29 05:00:00,450.9,451.72,450.103,451.72,0
2026-07-29 05:01:00,450.0,450.2,450.0,450.2,0
2026-07-29 05:02:00,451.98,452.35,451.58,452.14,0
2026-07-29 05:03:00,452.01,453.89,451.5,453.89,0
2026-07-29 05:04:00,453.37,453.51,452.3881,453.5,0
2026-07-29 05:05:00,453.46,454.0,452.3881,454.0,0
2026-07-29 05:06:00,454.19,454.87,453.62,454.76,0
2026-07-29 05:07:00,454.7137,455.44,453.7812,455.44,0
2026-07-29 05:08:00,455.04,455.5,454.68,454.98,0
2026-07-29 05:09:00,455.5,456.22,454.9,455.88,0
2026-07-29 05:10:00,456.1,456.1,455.5,455.6,0
2026-07-29 05:11:00,455.95,456.0,455.16,456.0,0
2026-07-29 05:12:00,456.0,456.805,455.83,456.8,0
2026-07-29 05:13:00,457.0,457.4,456.33,457.35,0
2026-07-29 05:14:00,456.9,457.4,455.5012,457.38,0
2026-07-29 05:15:00,457.6543,458.0,457.265,457.52,0
2026-07-29 05:16:00,457.89,457.89,455.13,456.21,0
2026-07-29 05:17:00,456.1,456.5,455.7,455.7,0
2026-07-29 05:18:00,455.79,457.0,455.5,456.59,0
2026-07-29 05:19:00,456.99,457.7988,455.8,455.8,0
2026-07-29 05:20:00,456.51,456.7312,455.44,455.44,0
2026-07-29 05:21:00,456.507,457.0,456.0,456.91,0
2026-07-29 05:22:00,456.5,457.927,456.5,457.927,0
2026-07-29 05:23:00,456.635,457.9988,456.41,456.41,0
2026-07-29 05:24:00,457.8,457.8,456.2865,456.2865,0
2026-07-29 05:25:00,457.0133,457.0133,457.0,457.0,0
2026-07-29 05:26:00,457.0,457.8,455.46,455.46,0
2026-07-29 05:27:00,456.0,456.4,456.0,456.4,0
2026-07-29 05:28:00,456.7327,456.96,456.55,456.55,0
2026-07-29 05:29:00,456.96,457.0,456.4,456.87,0
2026-07-29 05:30:00,456.87,457.0,456.8,456.8,0
2026-07-29 05:31:00,456.8,456.9988,455.3705,455.7873,0
2026-07-29 05:32:00,455.89,455.89,455.89,455.89,0
2026-07-29 05:33:00,455.9177,456.6,455.0,455.3132,0
2026-07-29 05:34:00,455.78,455.78,455.78,455.78,0
2026-07-29 05:35:00,456.2573,456.7752,456.2573,456.7752,0
2026-07-29 05:36:00,456.8,457.96,456.8,457.23,0
2026-07-29 05:37:00,457.39,457.8,457.29,457.61,0
2026-07-29 05:38:00,458.0,459.41,457.65,459.04,0
2026-07-29 05:39:00,459.16,459.5,458.85,459.04,0
2026-07-29 05:40:00,459.33,459.79,459.06,459.62,0
2026-07-29 05:41:00,459.63,460.4,459.57,460.25,0
2026-07-29 05:42:00,460.25,460.8,459.58,460.5,0
2026-07-29 05:43:00,460.36,460.7555,459.91,460.0073,0
2026-07-29 05:44:00,460.0,460.0,459.01,460.0,0
2026-07-29 05:45:00,460.0,460.36,459.5,460.27,0
2026-07-29 05:46:00,460.16,460.8,460.0,460.01,0
2026-07-29 05:47:00,460.494,460.8,459.98,460.52,0
2026-07-29 05:48:00,460.66,460.85,460.0,460.17,0
2026-07-29 05:49:00,460.6899,461.5,460.4084,461.3654,0
2026-07-29 05:50:00,461.3791,461.5,460.2325,460.2325,0
2026-07-29 05:51:00,461.15,461.5,461.0,461.0,0
2026-07-29 05:52:00,460.975,461.5,460.975,461.27,0
2026-07-29 05:53:00,461.27,461.5,461.0,461.16,0
2026-07-29 05:54:00,461.16,461.5,461.05,461.5,0
2026-07-29 05:55:00,461.14,461.3997,460.0704,460.77,0
2026-07-29 05:56:00,460.77,461.0,459.84,460.0,0
2026-07-29 05:57:00,460.23,461.1731,459.4272,461.1731,0
2026-07-29 05:58:00,461.13,461.3488,460.15,460.51,0
2026-07-29 05:59:00,461.35,461.35,459.35,459.35,0
2026-07-29 06:00:00,459.8,459.8,459.13,459.3425,0
2026-07-29 06:01:00,459.53,460.23,459.53,460.23,0
2026-07-29 06:02:00,460.54,460.9988,459.8717,460.9988,0
2026-07-29 06:03:00,459.93,460.57,459.55,459.55,0
2026-07-29 06:04:00,459.78,460.3,459.5526,459.84,0
2026-07-29 06:05:00,460.7401,460.88,460.18,460.62,0
2026-07-29 06:06:00,460.7,461.01,460.28,460.41,0
2026-07-29 06:07:00,460.18,460.7988,459.6,459.89,0
2026-07-29 06:08:00,459.89,460.06,459.63,460.06,0
2026-07-29 06:09:00,459.89,460.3,459.73,460.073,0
2026-07-29 06:10:00,460.37,460.37,459.9,459.9,0
2026-07-29 06:11:00,459.73,460.1927,459.5,460.0,0
2026-07-29 06:12:00,460.8,461.34,459.96,460.2,0
2026-07-29 06:13:00,459.762,460.05,459.01,459.22,0
2026-07-29 06:14:00,459.64,459.8,459.0,459.45,0
2026-07-29 06:15:00,459.3101,460.18,459.3101,460.0,0
2026-07-29 06:16:00,460.11,460.11,460.11,460.11,0
2026-07-29 06:17:00,459.54,460.0,459.01,459.3172,0
2026-07-29 06:18:00,459.31,460.5835,459.31,459.72,0
2026-07-29 06:19:00,460.8,460.8,459.0626,459.206,0
2026-07-29 06:20:00,459.55,460.15,459.55,459.8164,0
2026-07-29 06:21:00,460.1846,460.5988,460.0,460.0,0
2026-07-29 06:22:00,459.5,460.5,459.43,459.43,0
2026-07-29 06:23:00,460.1111,460.42,460.0,460.42,0
2026-07-29 06:24:00,460.02,460.25,459.35,460.25,0
2026-07-29 06:25:00,459.76,459.76,458.7,459.01,0
2026-07-29 06:26:00,459.27,459.27,458.0,458.53,0
2026-07-29 06:27:00,458.0521,459.18,458.0,458.9,0
2026-07-29 06:28:00,458.04,458.33,458.04,458.13,0
2026-07-29 06:29:00,458.25,458.98,458.25,458.9,0
2026-07-29 06:30:00,459.1,459.6,457.5069,457.8,0
2026-07-29 06:31:00,458.13,458.13,457.48,457.9,0
2026-07-29 06:32:00,457.23,458.1129,457.07,458.052,0
2026-07-29 06:33:00,457.73,457.73,457.6395,457.6395,0
2026-07-29 06:34:00,457.5,457.5,457.36,457.36,0
2026-07-29 06:35:00,457.5,457.5,456.46,456.88,0
2026-07-29 06:36:00,456.5,457.23,456.5,456.54,0
2026-07-29 06:37:00,456.7218,457.5737,456.55,456.97,0
2026-07-29 06:38:00,457.0,457.3,456.63,456.63,0
2026-07-29 06:39:00,456.99,457.47,456.7293,456.7307,0
2026-07-29 06:40:00,457.45,457.45,456.55,456.55,0
2026-07-29 06:41:00,456.828,458.13,456.61,457.9,0
2026-07-29 06:42:00,457.96,458.4,457.6,458.4,0
2026-07-29 06:43:00,457.6,457.6,457.22,457.22,0
2026-07-29 06:44:00,457.23,457.23,456.89,456.89,0
2026-07-29 06:45:00,456.61,457.0432,456.55,457.0432,0
2026-07-29 06:46:00,456.0212,456.2,456.0212,456.2,0
2026-07-29 06:47:00,456.2,456.5351,455.94,455.94,0
2026-07-29 06:48:00,455.59,456.0,455.33,456.0,0
2026-07-29 06:49:00,455.89,456.0,455.5442,455.5442,0
2026-07-29 06:50:00,455.56,455.56,455.56,455.56,0
2026-07-29 06:51:00,456.22,456.4,454.44,454.44,0
2026-07-29 06:52:00,454.48,454.9757,453.46,453.8227,0
2026-07-29 06:53:00,453.913,454.57,453.73,454.03,0
2026-07-29 06:54:00,454.1815,454.32,454.0,454.32,0
2026-07-29 06:55:00,454.32,455.0,454.0,454.12,0
2026-07-29 06:56:00,454.73,454.96,454.16,454.96,0
2026-07-29 06:57:00,455.0,455.0,454.5,454.7,0
2026-07-29 06:58:00,454.97,454.97,454.3345,454.77,0
2026-07-29 06:59:00,454.78,454.78,454.01,454.54,0
2026-07-29 07:00:00,454.74,455.9999,453.0,455.0,0
2026-07-29 07:01:00,455.9988,456.06,454.54,456.0,0
2026-07-29 07:02:00,456.0,456.6,454.8603,455.724,0
2026-07-29 07:03:00,455.776,456.9257,455.43,456.0001,0
2026-07-29 07:04:00,456.25,457.0528,454.8601,455.7061,0
2026-07-29 07:05:00,455.0,456.0,454.9,455.7636,0
2026-07-29 07:06:00,455.5,455.76,453.0,453.0,0
2026-07-29 07:07:00,453.87,455.31,453.0,455.1,0
2026-07-29 07:08:00,455.62,456.4193,455.62,456.2584,0
2026-07-29 07:09:00,456.31,457.5435,454.5012,457.5435,0
2026-07-29 07:10:00,457.0,457.59,456.69,457.59,0
2026-07-29 07:11:00,457.42,458.28,457.42,457.68,0
2026-07-29 07:12:00,458.0,458.3,457.57,457.8598,0
2026-07-29 07:13:00,458.2303,458.2303,457.5,457.948,0
2026-07-29 07:14:00,457.9282,458.3,457.2,457.83,0
2026-07-29 07:15:00,457.69,458.3,457.69,458.0,0
2026-07-29 07:16:00,458.16,458.25,456.4417,457.25,0
2026-07-29 07:17:00,457.65,458.25,456.4417,457.78,0
2026-07-29 07:18:00,457.99,458.32,457.9,458.2028,0
2026-07-29 07:19:00,458.0485,458.5,458.013,458.05,0
2026-07-29 07:20:00,458.0775,458.83,458.0,458.51,0
2026-07-29 07:21:00,459.0,459.0,458.1925,459.0,0
2026-07-29 07:22:00,458.49,459.0,457.31,458.0125,0
2026-07-29 07:23:00,458.0,459.0,458.0,458.51,0
2026-07-29 07:24:00,458.7,459.0,458.07,459.0,0
2026-07-29 07:25:00,458.01,458.75,457.01,457.6,0
2026-07-29 07:26:00,457.8704,458.99,457.0,458.99,0
2026-07-29 07:27:00,458.17,458.99,457.0,458.11,0
2026-07-29 07:28:00,457.0497,458.99,457.0,458.65,0
2026-07-29 07:29:00,458.12,458.6816,457.0001,457.01,0
2026-07-29 07:30:00,457.01,458.4,457.01,457.47,0
2026-07-29 07:31:00,457.5,458.4,457.2403,457.79,0
2026-07-29 07:32:00,457.5,457.67,456.67,456.79,0
2026-07-29 07:33:00,456.93,457.79,456.1447,456.81,0
2026-07-29 07:34:00,456.54,456.99,456.539,456.68,0
2026-07-29 07:35:00,456.5,456.7333,456.16,456.35,0
2026-07-29 07:36:00,456.12,456.99,456.12,456.5,0
2026-07-29 07:37:00,456.8536,456.8536,455.7,455.88,0
2026-07-29 07:38:00,455.7,456.2589,455.0,456.2589,0
2026-07-29 07:39:00,455.76,456.38,455.15,455.1965,0
2026-07-29 07:40:00,455.53,456.0,455.05,455.24,0
2026-07-29 07:41:00,455.4,455.75,455.2397,455.32,0
2026-07-29 07:42:00,455.5,456.0,455.5,455.92,0
2026-07-29 07:43:00,455.662,456.36,455.33,455.47,0
2026-07-29 07:44:00,455.6,456.0,455.13,455.9788,0
2026-07-29 07:45:00,455.2219,455.45,455.12,455.3055,0
2026-07-29 07:46:00,455.1201,455.31,454.5,454.69,0
2026-07-29 07:47:00,454.75,455.8551,454.55,455.36,0
2026-07-29 07:48:00,455.99,456.83,455.33,456.79,0
2026-07-29 07:49:00,456.7893,457.0,455.77,456.0,0
2026-07-29 07:50:00,456.642,456.642,455.77,456.38,0
2026-07-29 07:51:00,455.78,455.814,455.0,455.44,0
2026-07-29 07:52:00,455.071,456.0,454.8626,455.0,0
2026-07-29 07:53:00,455.97,455.97,455.0001,455.25,0
2026-07-29 07:54:00,455.0,455.8,454.9904,455.49,0
2026-07-29 07:55:00,454.955,455.82,454.8,455.48,0
2026-07-29 07:56:00,455.8091,457.25,454.89,454.8912,0
2026-07-29 07:57:00,456.8,456.91,456.0,456.0,0
2026-07-29 07:58:00,456.3701,456.9166,456.2,456.46,0
2026-07-29 07:59:00,456.46,457.0,456.0,456.9345,0
2026-07-29 08:00:00,457.25,457.25,456.1937,456.8872,0
2026-07-29 08:01:00,456.44,457.0,455.5,456.852,0
2026-07-29 08:02:00,456.65,457.0,455.81,456.3,0
2026-07-29 08:03:00,456.18,456.1847,455.4,455.7,0
2026-07-29 08:04:00,456.0,456.1644,455.7,455.974,0
2026-07-29 08:05:00,456.0,456.3,455.1,456.277,0
2026-07-29 08:06:00,455.13,457.0,455.13,456.3691,0
2026-07-29 08:07:00,455.93,456.99,455.1,456.5988,0
2026-07-29 08:08:00,455.3562,455.74,454.8,454.91,0
2026-07-29 08:09:00,455.09,455.3915,454.8001,455.2,0
2026-07-29 08:10:00,455.2,455.5,454.12,454.5,0
2026-07-29 08:11:00,454.78,455.5,454.0,455.0,0
2026-07-29 08:12:00,454.68,455.5,453.9,453.9,0
2026-07-29 08:13:00,453.93,455.0,453.51,454.2,0
2026-07-29 08:14:00,454.43,454.6556,453.21,453.936,0
2026-07-29 08:15:00,453.8595,454.38,452.73,453.47,0
2026-07-29 08:16:00,453.1887,453.7888,452.0,452.3,0
2026-07-29 08:17:00,452.01,452.3,450.02,452.0,0
2026-07-29 08:18:00,452.0,452.47,451.1921,452.28,0
2026-07-29 08:19:00,452.0,452.0,451.5,451.6729,0
2026-07-29 08:20:00,452.39,452.4,451.67,452.01,0
2026-07-29 08:21:00,452.25,452.43,451.04,451.9,0
2026-07-29 08:22:00,450.5782,451.47,450.3,451.0183,0
2026-07-29 08:23:00,451.35,452.4727,451.0,452.4727,0
2026-07-29 08:24:00,452.29,452.61,451.2817,451.8044,0
2026-07-29 08:25:00,451.41,452.2,451.41,452.0134,0
2026-07-29 08:26:00,452.2,452.5,451.83,451.845,0
2026-07-29 08:27:00,451.8179,452.0,451.0,451.72,0
2026-07-29 08:28:00,451.81,452.0,451.27,451.49,0
2026-07-29 08:29:00,451.49,451.99,450.71,450.79,0
2026-07-29 08:30:00,450.71,451.99,450.21,450.79,0
2026-07-29 08:31:00,450.0,451.99,450.0,450.5,0
2026-07-29 08:32:00,450.88,451.23,449.7,450.0,0
2026-07-29 08:33:00,449.84,450.71,448.15,448.54,0
2026-07-29 08:34:00,448.9,450.23,448.0,449.61,0
2026-07-29 08:35:00,450.0,450.9899,450.0,450.2061,0
2026-07-29 08:36:00,450.37,450.9,449.39,449.83,0
2026-07-29 08:37:00,450.292,451.45,449.02,451.05,0
2026-07-29 08:38:00,451.4,451.4,450.6692,450.7,0
2026-07-29 08:39:00,450.84,451.34,450.0,451.33,0
2026-07-29 08:40:00,451.0,451.5,450.0,451.1001,0
2026-07-29 08:41:00,451.43,452.01,451.0,451.524,0
2026-07-29 08:42:00,452.2,452.9899,451.67,452.2,0
2026-07-29 08:43:00,451.99,452.5,451.99,452.15,0
2026-07-29 08:44:00,452.03,452.3,451.81,451.81,0
2026-07-29 08:45:00,451.91,452.5,451.91,452.2,0
2026-07-29 08:46:00,452.28,452.87,452.0,452.4,0
2026-07-29 08:47:00,452.85,452.85,451.81,451.81,0
2026-07-29 08:48:00,452.3,452.5,451.81,452.25,0
2026-07-29 08:49:00,452.3,454.62,452.29,452.5003,0
2026-07-29 08:50:00,452.58,453.0,452.155,452.9039,0
2026-07-29 08:51:00,452.95,453.99,452.51,452.51,0
2026-07-29 08:52:00,453.01,453.42,452.8,453.25,0
2026-07-29 08:53:00,453.1,453.5,452.5001,453.02,0
2026-07-29 08:54:00,453.02,453.99,453.02,453.71,0
2026-07-29 08:55:00,453.8961,453.9214,453.0706,453.0706,0
2026-07-29 08:56:00,453.3,453.99,453.02,453.5208,0
2026-07-29 08:57:00,453.3,453.4762,452.5001,452.55,0
2026-07-29 08:58:00,452.69,453.05,452.15,452.4,0
2026-07-29 08:59:00,452.4,453.0,452.13,452.42,0
2026-07-29 09:00:00,453.0,453.0,452.41,452.94,0
2026-07-29 09:01:00,452.85,453.32,452.6778,453.0,0
2026-07-29 09:02:00,453.1233,453.63,453.0,453.33,0
2026-07-29 09:03:00,453.14,453.14,452.02,452.93,0
2026-07-29 09:04:00,452.2,452.51,451.9,452.03,0
2026-07-29 09:05:00,452.28,452.29,451.51,451.52,0
2026-07-29 09:06:00,451.9,452.5432,451.5001,452.0978,0
2026-07-29 09:07:00,452.0978,452.9999,451.6432,451.71,0
2026-07-29 09:08:00,452.7855,453.0,451.8012,452.732,0
2026-07-29 09:09:00,452.56,453.29,452.5,453.1839,0
2026-07-29 09:10:00,453.23,453.3,451.935,451.935,0
2026-07-29 09:11:00,452.85,453.0,451.9,452.51,0
2026-07-29 09:12:00,452.19,452.485,452.0,452.35,0
2026-07-29 09:13:00,452.407,452.407,451.9,452.06,0
2026-07-29 09:14:00,452.06,452.4988,451.69,451.94,0
2026-07-29 09:15:00,451.7,452.0605,451.5775,451.5775,0
2026-07-29 09:16:00,451.99,452.1103,451.5,451.6047,0
2026-07-29 09:17:00,451.73,452.0,451.2,451.36,0
2026-07-29 09:18:00,451.35,451.57,451.01,451.01,0
2026-07-29 09:19:00,451.0746,451.2694,450.5,451.21,0
2026-07-29 09:20:00,451.21,451.21,450.9382,451.0,0
2026-07-29 09:21:00,451.2,452.46,451.0,452.25,0
2026-07-29 09:22:00,451.8942,452.92,451.75,452.85,0
2026-07-29 09:23:00,452.8125,453.0,452.0,452.45,0
2026-07-29 09:24:00,452.3,453.0,452.0,452.03,0
2026-07-29 09:25:00,452.99,456.0,452.6002,455.15,0
2026-07-29 09:26:00,455.15,456.3812,454.9734,456.3812,0
2026-07-29 09:27:00,456.4835,456.52,452.46,452.52,0
2026-07-29 09:28:00,452.52,454.2,452.52,453.39,0
2026-07-29 09:29:00,453.39,453.6,452.0,452.9,0
2026-07-29 09:30:00,452.0,454.1467,448.5,448.56,1235845
2026-07-29 09:31:00,448.51,451.3,447.47,449.99,131132
2026-07-29 09:32:00,449.56,453.5,449.23,452.0844,133534
2026-07-29 09:33:00,451.81,453.31,450.695,453.31,77590
2026-07-29 09:34:00,452.9,454.97,452.9,454.24,117087
2026-07-29 09:35:00,454.2,457.22,453.74,455.135,129099
2026-07-29 09:36:00,455.2376,455.5829,449.8256,451.13,97856
2026-07-29 09:37:00,451.02,451.176,448.3001,448.505,97717
2026-07-29 09:38:00,448.4,451.67,448.4,448.75,76362
2026-07-29 09:39:00,448.75,448.97,447.41,448.05,91017
2026-07-29 09:40:00,447.99,449.54,446.2,449.37,143915
2026-07-29 09:41:00,449.86,450.49,448.84,450.015,69936
2026-07-29 09:42:00,450.24,450.57,447.61,449.255,100087
2026-07-29 09:43:00,449.35,450.654,448.81,449.9504,130111
2026-07-29 09:44:00,450.34,451.99,450.27,451.78,71324
2026-07-29 09:45:00,451.715,452.24,449.58,450.92,118122
2026-07-29 09:46:00,451.3,451.7499,449.44,450.2928,45086
2026-07-29 09:47:00,450.57,450.57,446.6901,448.17,86699
2026-07-29 09:48:00,448.3825,449.705,447.08,447.08,61157
2026-07-29 09:49:00,447.02,448.44,446.51,448.32,58786
2026-07-29 09:50:00,448.5305,448.625,444.7585,445.1001,149976
2026-07-29 09:51:00,445.1,445.1,442.2844,442.2844,111356
2026-07-29 09:52:00,442.425,442.96,441.17,442.1934,99891
2026-07-29 09:53:00,442.125,443.9599,440.6021,443.495,96278
2026-07-29 09:54:00,443.09,443.99,441.748,442.9899,98892
2026-07-29 09:55:00,442.575,442.72,440.1,441.46,136112
2026-07-29 09:56:00,441.18,441.49,439.67,440.195,104579
2026-07-29 09:57:00,440.195,440.335,438.43,439.555,103265
2026-07-29 09:58:00,439.7448,440.9899,439.45,440.77,69416
2026-07-29 09:59:00,440.76,442.05,439.78,440.59,89674
2026-07-29 10:00:00,440.95,442.93,440.6901,441.35,116799
2026-07-29 10:01:00,441.46,442.8094,440.3101,440.9251,69307
2026-07-29 10:02:00,441.225,443.5,441.195,442.955,88594
2026-07-29 10:03:00,442.74,443.46,441.67,441.7384,113193
2026-07-29 10:04:00,441.32,442.855,441.0,442.8,84285
2026-07-29 10:05:00,443.0,445.0,442.81,443.76,100071
2026-07-29 10:06:00,443.5,445.11,442.7701,443.0,103015
2026-07-29 10:07:00,443.0,443.0,440.1201,442.09,97024
2026-07-29 10:08:00,442.02,442.4489,439.87,441.15,82803
2026-07-29 10:09:00,441.0,442.0,440.32,440.5675,63013
2026-07-29 10:10:00,440.45,441.47,439.22,440.95,107417
2026-07-29 10:11:00,440.95,442.2,440.5,441.4825,131008
2026-07-29 10:12:00,441.62,442.4199,438.65,439.095,135085
2026-07-29 10:13:00,438.86,439.105,437.7001,438.8678,119311
2026-07-29 10:14:00,438.82,438.82,436.295,436.71,126379
2026-07-29 10:15:00,436.85,438.74,436.7001,437.54,120551
2026-07-29 10:16:00,437.745,439.4399,437.6875,438.7701,98513
2026-07-29 10:17:00,438.88,439.18,437.888,438.45,111859
2026-07-29 10:18:00,438.54,440.0,438.3,439.18,137989
2026-07-29 10:19:00,439.0,439.01,437.43,437.59,83122
2026-07-29 10:20:00,437.7,439.45,437.0,438.625,85167
2026-07-29 10:21:00,438.625,439.51,438.49,439.35,61747
2026-07-29 10:22:00,439.2525,439.5,438.32,438.89,48391
2026-07-29 10:23:00,438.88,438.89,437.3501,437.56,142476
2026-07-29 10:24:00,437.555,437.75,435.8,436.775,188464
2026-07-29 10:25:00,436.775,437.01,434.57,434.57,116540
2026-07-29 10:26:00,434.605,434.87,433.0601,433.865,159272
2026-07-29 10:27:00,433.86,433.91,432.21,433.105,168750
2026-07-29 10:28:00,433.3,434.4288,432.9,434.3203,118387
2026-07-29 10:29:00,434.43,435.0,433.875,433.975,101250
2026-07-29 10:30:00,433.885,435.9899,433.6701,435.37,83640
2026-07-29 10:31:00,435.2301,435.7269,434.4001,435.5174,61114
2026-07-29 10:32:00,435.295,436.4694,435.1501,435.83,69770
2026-07-29 10:33:00,435.915,436.6,434.5001,435.07,78417
2026-07-29 10:34:00,435.07,435.51,433.92,434.94,122826
2026-07-29 10:35:00,434.945,434.945,433.6801,434.26,69578
2026-07-29 10:36:00,434.43,434.83,433.7092,434.145,54470
2026-07-29 10:37:00,434.01,434.2442,433.0,433.48,57485
2026-07-29 10:38:00,433.48,433.9,432.75,433.68,105211
2026-07-29 10:39:00,433.67,433.68,431.3859,431.535,85078
2026-07-29 10:40:00,431.535,431.65,430.03,430.65,111482
2026-07-29 10:41:00,430.65,431.795,430.1001,430.34,135254
2026-07-29 10:42:00,430.215,430.41,429.48,429.49,125842
2026-07-29 10:43:00,429.51,430.33,429.4,429.5,166499
2026-07-29 10:44:00,429.8404,430.4595,428.68,430.0,198632
2026-07-29 10:45:00,429.85,431.39,429.7001,430.001,95634
2026-07-29 10:46:00,430.22,431.03,429.4401,430.855,76355
2026-07-29 10:47:00,431.03,432.6599,431.005,431.35,116157
2026-07-29 10:48:00,431.07,431.19,429.65,430.13,132044
2026-07-29 10:49:00,430.23,432.5,430.14,431.96,92950
2026-07-29 10:50:00,432.015,432.96,431.98,432.715,87952
2026-07-29 10:51:00,432.715,433.49,431.53,431.73,63605
2026-07-29 10:52:00,431.675,434.91,431.675,433.875,78708
2026-07-29 10:53:00,433.76,434.4199,433.2107,433.74,46173
2026-07-29 10:54:00,433.74,434.0,432.2001,433.079,44956
2026-07-29 10:55:00,432.8588,433.22,431.29,431.37,51414
2026-07-29 10:56:00,431.3375,431.89,430.89,431.275,54805
2026-07-29 10:57:00,431.5,432.0788,430.43,430.6066,56691
2026-07-29 10:58:00,430.735,432.83,430.5,432.605,50304
2026-07-29 10:59:00,432.86,434.3946,432.5301,432.79,83316
2026-07-29 11:00:00,432.75,433.691,431.712,432.5098,116786
2026-07-29 11:01:00,432.18,432.96,431.5,432.42,97298
2026-07-29 11:02:00,432.42,434.4668,432.315,433.79,74206
2026-07-29 11:03:00,433.88,434.22,433.04,433.475,101218
2026-07-29 11:04:00,433.835,435.07,433.25,435.07,86458
2026-07-29 11:05:00,434.9,435.12,432.01,433.64,99031
2026-07-29 11:06:00,433.455,434.675,432.64,432.98,41356
2026-07-29 11:07:00,432.6001,434.0146,432.56,433.44,56352
2026-07-29 11:08:00,433.73,434.97,432.9001,432.99,50562
2026-07-29 11:09:00,433.04,433.3299,432.2262,433.21,46199
2026-07-29 11:10:00,433.26,433.745,431.45,431.5,62039
2026-07-29 11:11:00,431.43,431.43,429.78,430.615,93370
2026-07-29 11:12:00,430.5557,431.61,430.31,431.025,45724
2026-07-29 11:13:00,431.05,431.75,430.515,430.975,36444
2026-07-29 11:14:00,430.975,431.4399,430.0,430.985,45091
2026-07-29 11:15:00,431.0993,431.63,430.3501,431.47,44620
2026-07-29 11:16:00,431.48,432.19,430.975,431.19,66444
2026-07-29 11:17:00,431.245,431.78,430.36,431.26,39726
2026-07-29 11:18:00,431.8,432.0874,431.2401,431.2401,38413
2026-07-29 11:19:00,431.65,431.86,429.97,430.04,52494
2026-07-29 11:20:00,430.28,430.66,429.3601,430.21,47066
2026-07-29 11:21:00,430.42,431.4466,429.5101,430.975,72768
2026-07-29 11:22:00,430.96,431.6499,430.4545,431.44,50121
2026-07-29 11:23:00,431.435,432.1795,431.06,432.1795,42512
2026-07-29 11:24:00,432.1795,432.42,431.315,432.0101,40046
2026-07-29 11:25:00,432.11,432.43,431.2401,431.87,33280
2026-07-29 11:26:00,431.61,432.5899,430.4101,431.16,44874
2026-07-29 11:27:00,431.13,431.4199,430.5,430.505,21328
2026-07-29 11:28:00,430.62,430.8614,430.21,430.66,24121
2026-07-29 11:29:00,430.4816,430.92,430.0301,430.185,31463
2026-07-29 11:30:00,430.31,430.91,429.6,430.76,70960
2026-07-29 11:31:00,430.5609,430.71,429.6001,430.68,31109
2026-07-29 11:32:00,430.685,430.98,429.9301,430.47,30983
2026-07-29 11:33:00,430.51,431.56,430.1,431.16,61072
2026-07-29 11:34:00,431.43,431.52,430.21,430.39,29091
2026-07-29 11:35:00,430.2,431.0,429.8,430.82,41143
2026-07-29 11:36:00,430.8,431.03,430.2101,430.835,24821
2026-07-29 11:37:00,430.82,431.2975,430.29,430.375,43747
2026-07-29 11:38:00,430.375,430.4999,429.37,429.48,50654
2026-07-29 11:39:00,429.4878,429.83,428.59,428.68,59923
2026-07-29 11:40:00,428.595,429.1,428.56,428.955,54648
2026-07-29 11:41:00,428.89,429.61,428.82,429.13,30496
2026-07-29 11:42:00,429.0,429.21,428.38,428.39,57421
2026-07-29 11:43:00,428.5,428.87,428.0917,428.3,41110
2026-07-29 11:44:00,428.235,429.1351,428.235,429.015,39084
2026-07-29 11:45:00,428.86,429.1999,428.29,428.46,52194
2026-07-29 11:46:00,428.57,429.25,428.3701,429.015,44575
2026-07-29 11:47:00,429.015,429.16,428.24,428.9275,48614
2026-07-29 11:48:00,428.725,429.25,428.43,428.7,35732
2026-07-29 11:49:00,428.6,429.19,428.2,429.085,38455
2026-07-29 11:50:00,429.085,429.46,428.5964,429.03,46407
2026-07-29 11:51:00,429.01,429.51,428.8801,429.2825,47523
2026-07-29 11:52:00,429.265,429.275,428.2701,428.84,44369
2026-07-29 11:53:00,428.84,428.84,427.33,427.9,74015
2026-07-29 11:54:00,427.93,427.95,426.1,426.2,80445
2026-07-29 11:55:00,426.32,426.47,425.7321,426.0745,86419
2026-07-29 11:56:00,426.1,426.38,425.4501,426.25,83914
2026-07-29 11:57:00,426.245,427.8799,426.245,426.94,58630
2026-07-29 11:58:00,426.95,427.21,426.34,426.99,36960
2026-07-29 11:59:00,427.19,428.36,427.0001,428.21,73361
2026-07-29 12:00:00,428.34,429.49,427.24,427.285,75739
2026-07-29 12:01:00,427.285,427.58,426.3872,426.8,43296
2026-07-29 12:02:00,426.99,426.99,426.01,426.425,31161
2026-07-29 12:03:00,426.46,426.48,425.92,426.14,24062
2026-07-29 12:04:00,426.01,426.01,425.2509,425.44,71409
2026-07-29 12:05:00,425.44,425.5499,424.21,424.795,142807
2026-07-29 12:06:00,425.06,425.2799,424.4,424.65,64535
2026-07-29 12:07:00,424.51,425.16,424.19,425.015,74723
2026-07-29 12:08:00,425.015,425.39,424.31,425.095,75477
2026-07-29 12:09:00,425.095,425.48,424.6901,425.2001,40432
2026-07-29 12:10:00,425.275,425.88,425.0101,425.34,47342
2026-07-29 12:11:00,425.45,426.14,425.28,425.4999,76297
2026-07-29 12:12:00,425.5535,426.2076,425.5515,425.905,27994
2026-07-29 12:13:00,425.815,426.42,425.14,425.33,60229
2026-07-29 12:14:00,425.335,425.505,424.5711,424.655,50657
2026-07-29 12:15:00,424.655,425.525,424.0316,425.275,75695
2026-07-29 12:16:00,425.305,425.305,424.59,424.88,32715
2026-07-29 12:17:00,424.81,425.99,424.3001,425.675,78277
2026-07-29 12:18:00,425.64,426.23,425.59,426.1,53488
2026-07-29 12:19:00,426.091,426.35,425.8401,426.01,33489
2026-07-29 12:20:00,426.05,426.9899,425.62,426.92,67035
2026-07-29 12:21:00,426.85,427.4687,426.3201,426.38,47363
2026-07-29 12:22:00,426.44,427.3,426.3269,427.23,40553
2026-07-29 12:23:00,427.23,428.71,427.23,427.85,55691
2026-07-29 12:24:00,427.95,428.5979,427.4801,427.83,41490
2026-07-29 12:25:00,428.06,428.835,427.8901,428.54,45970
2026-07-29 12:26:00,428.62,429.49,428.44,429.44,51453
2026-07-29 12:27:00,429.44,429.6,428.56,428.56,42790
2026-07-29 12:28:00,428.62,429.7499,428.24,429.45,40910
2026-07-29 12:29:00,429.41,429.77,429.245,429.71,28974
2026-07-29 12:30:00,429.64,431.0799,429.43,430.61,75244
2026-07-29 12:31:00,430.71,430.86,429.5,430.3078,42863
2026-07-29 12:32:00,430.305,430.36,429.05,429.2,37500
2026-07-29 12:33:00,429.33,429.5299,429.1901,429.4,21300
2026-07-29 12:34:00,429.77,429.9999,428.5441,428.7001,40023
2026-07-29 12:35:00,428.795,428.8843,427.6284,427.89,45459
2026-07-29 12:36:00,427.92,428.16,427.56,427.615,30094
2026-07-29 12:37:00,427.655,428.4599,427.4801,428.305,36259
2026-07-29 12:38:00,428.46,428.64,428.0,428.375,28966
2026-07-29 12:39:00,428.38,429.09,428.07,428.95,36021
2026-07-29 12:40:00,428.8,429.24,428.1601,429.195,34850
2026-07-29 12:41:00,429.195,429.3999,428.88,428.965,25238
2026-07-29 12:42:00,428.965,429.05,427.58,428.11,45851
2026-07-29 12:43:00,428.0,428.0983,427.31,427.32,36924
2026-07-29 12:44:00,427.32,427.48,427.03,427.25,33799
2026-07-29 12:45:00,427.365,427.5,426.82,427.37,39344
2026-07-29 12:46:00,427.2761,427.67,426.8301,427.165,43783
2026-07-29 12:47:00,427.35,428.5872,427.21,427.795,38502
2026-07-29 12:48:00,427.7394,428.24,427.5301,427.625,25120
2026-07-29 12:49:00,427.7399,428.67,427.72,428.26,42627
2026-07-29 12:50:00,428.24,428.7998,427.37,427.94,48403
2026-07-29 12:51:00,427.9495,428.38,427.36,427.36,31708
2026-07-29 12:52:00,427.4367,428.62,427.185,428.34,47642
2026-07-29 12:53:00,428.1962,428.81,428.02,428.62,34158
2026-07-29 12:54:00,428.485,428.61,427.57,427.91,35188
2026-07-29 12:55:00,427.78,429.08,427.775,428.73,49270
2026-07-29 12:56:00,428.805,429.49,428.1,429.48,35142
2026-07-29 12:57:00,429.44,430.49,429.31,430.04,38768
2026-07-29 12:58:00,430.3,430.45,429.29,429.98,33975
2026-07-29 12:59:00,429.99,430.4499,429.81,430.4499,61677
2026-07-29 13:00:00,430.5,431.1,430.18,430.99,58108
2026-07-29 13:01:00,430.8801,431.67,430.88,431.15,32927
2026-07-29 13:02:00,431.27,431.8,431.15,431.15,36163
2026-07-29 13:03:00,431.035,432.4,430.58,432.3,44785
2026-07-29 13:04:00,432.25,433.58,431.8,433.57,76949
2026-07-29 13:05:00,433.34,433.41,432.0001,432.22,72022
2026-07-29 13:06:00,432.43,433.22,431.8,432.56,50712
2026-07-29 13:07:00,432.77,432.94,432.24,432.2701,24264
2026-07-29 13:08:00,432.52,433.16,432.0001,433.16,35364
2026-07-29 13:09:00,432.88,433.8,432.6858,433.55,37680
2026-07-29 13:10:00,433.64,434.99,433.4501,434.745,108687
2026-07-29 13:11:00,434.91,435.9697,434.83,435.84,114361
2026-07-29 13:12:00,435.84,435.84,434.5,435.8,57394
2026-07-29 13:13:00,435.56,436.91,435.56,436.5699,79843
2026-07-29 13:14:00,436.425,438.34,436.2301,438.34,100556
2026-07-29 13:15:00,438.35,438.84,437.85,438.225,102586
2026-07-29 13:16:00,438.12,438.5,437.25,437.6159,89569
2026-07-29 13:17:00,437.525,438.5,437.2,438.15,52633
2026-07-29 13:18:00,437.94,438.49,437.061,437.33,48875
2026-07-29 13:19:00,437.325,437.535,436.8332,436.8332,50459
2026-07-29 13:20:00,436.92,437.94,436.83,437.655,33733
2026-07-29 13:21:00,437.41,438.39,437.39,438.34,53199
2026-07-29 13:22:00,438.275,438.7,437.6201,437.64,52436
2026-07-29 13:23:00,437.64,438.06,437.17,437.58,53464
2026-07-29 13:24:00,437.58,437.58,436.2513,436.765,59498
2026-07-29 13:25:00,436.76,437.52,436.64,437.42,60685
2026-07-29 13:26:00,437.2596,438.345,437.2596,438.345,47768
2026-07-29 13:27:00,438.2514,438.7,437.4101,437.65,39812
2026-07-29 13:28:00,437.75,437.825,437.1939,437.71,39849
2026-07-29 13:29:00,437.63,437.7864,436.59,436.705,39245
2026-07-29 13:30:00,436.705,436.96,436.1,436.185,43257
2026-07-29 13:31:00,436.15,437.6,436.06,437.43,47399
2026-07-29 13:32:00,437.45,437.87,437.105,437.7,51457
2026-07-29 13:33:00,437.595,439.26,437.58,439.26,62066
2026-07-29 13:34:00,439.2,439.29,438.34,438.61,37174
2026-07-29 13:35:00,438.65,438.69,437.0801,437.455,36520
2026-07-29 13:36:00,437.5796,437.86,436.53,436.785,28512
2026-07-29 13:37:00,436.84,437.74,436.5088,437.46,39850
2026-07-29 13:38:00,437.5,437.94,437.37,437.525,20583
2026-07-29 13:39:00,437.46,437.74,437.3,437.7,15409
2026-07-29 13:40:00,437.58,437.78,437.3301,437.48,22733
2026-07-29 13:41:00,437.3,437.95,437.255,437.7601,22347
2026-07-29 13:42:00,437.8301,438.41,437.2,437.245,33553
2026-07-29 13:43:00,437.25,438.0,436.7901,437.805,33838
2026-07-29 13:44:00,438.0,438.0,437.2,437.405,18914
2026-07-29 13:45:00,437.7,437.7599,436.6901,436.96,25320
2026-07-29 13:46:00,436.74,437.5961,436.62,437.0401,23700
2026-07-29 13:47:00,437.235,437.53,436.9103,437.22,21956
2026-07-29 13:48:00,437.175,437.92,437.175,437.92,16832
2026-07-29 13:49:00,437.91,437.99,437.32,437.785,19854
2026-07-29 13:50:00,438.0,438.2479,437.7108,437.7108,23288
2026-07-29 13:51:00,437.945,438.6999,437.945,438.435,35172
2026-07-29 13:52:00,438.375,438.9999,437.7501,438.3404,35941
2026-07-29 13:53:00,438.175,438.74,438.175,438.3901,26468
2026-07-29 13:54:00,438.56,438.63,437.8,437.84,24432
2026-07-29 13:55:00,437.94,438.015,436.81,436.95,42823
2026-07-29 13:56:00,437.11,437.35,436.71,436.7101,28413
2026-07-29 13:57:00,436.8151,436.87,436.1801,436.5,38065
2026-07-29 13:58:00,436.79,436.79,435.62,436.24,66061
2026-07-29 13:59:00,436.24,437.19,436.03,436.915,36979
2026-07-29 14:00:00,437.16,443.5,436.9,442.32,179269
2026-07-29 14:01:00,441.99,443.31,440.0,443.195,154269
2026-07-29 14:02:00,443.01,444.4,441.6501,441.825,151834
2026-07-29 14:03:00,441.7852,442.5,440.79,441.335,92111
2026-07-29 14:04:00,441.0201,441.355,438.83,440.55,103016
2026-07-29 14:05:00,440.675,441.385,439.6401,441.115,42493
2026-07-29 14:06:00,441.275,443.49,441.275,442.76,71713
2026-07-29 14:07:00,443.09,444.32,443.09,443.5401,80257
2026-07-29 14:08:00,443.56,444.0,442.0801,443.54,56332
2026-07-29 14:09:00,443.58,444.0,442.5,443.96,51144
2026-07-29 14:10:00,443.895,445.0,443.0538,444.18,55991
2026-07-29 14:11:00,444.05,444.46,442.7501,443.71,99032
2026-07-29 14:12:00,443.8,444.04,442.8501,442.93,40795
2026-07-29 14:13:00,442.94,443.2775,440.92,441.7299,61456
2026-07-29 14:14:00,442.02,442.71,441.0,441.73,48950
2026-07-29 14:15:00,441.8675,443.8,441.8001,442.09,49979
2026-07-29 14:16:00,442.085,442.95,441.58,442.06,31318
2026-07-29 14:17:00,441.9601,442.28,440.01,441.29,58173
2026-07-29 14:18:00,441.21,441.21,439.34,440.25,65057
2026-07-29 14:19:00,439.9649,440.6699,439.51,440.315,44164
2026-07-29 14:20:00,440.315,440.97,439.4,439.74,48687
2026-07-29 14:21:00,439.77,440.29,438.8801,439.39,59196
2026-07-29 14:22:00,439.35,439.425,438.5001,439.275,58180
2026-07-29 14:23:00,439.335,439.7699,439.17,439.3,39381
2026-07-29 14:24:00,439.31,440.9,439.085,439.79,37978
2026-07-29 14:25:00,439.6005,440.0,438.6001,439.19,32668
2026-07-29 14:26:00,439.6,440.04,438.64,438.91,32910
2026-07-29 14:27:00,439.205,439.41,438.16,438.74,32495
2026-07-29 14:28:00,438.74,439.28,438.41,438.94,25232
2026-07-29 14:29:00,439.08,439.9499,438.7,439.64,30340
2026-07-29 14:30:00,440.0,440.8999,440.0,440.76,38623
2026-07-29 14:31:00,440.695,441.86,439.6,439.7601,59353
2026-07-29 14:32:00,439.9451,440.18,438.1,439.8,39761
2026-07-29 14:33:00,439.69,441.12,439.0,440.145,35317
2026-07-29 14:34:00,440.4,440.5915,439.7101,440.5915,23836
2026-07-29 14:35:00,440.485,440.62,438.73,439.81,40845
2026-07-29 14:36:00,439.6501,441.19,439.2,441.184,27924
2026-07-29 14:37:00,441.23,443.3,441.0101,442.87,66909
2026-07-29 14:38:00,442.6351,444.86,442.635,444.25,75361
2026-07-29 14:39:00,444.12,444.9892,443.26,444.6527,51109
2026-07-29 14:40:00,444.22,446.8648,444.001,446.2095,96985
2026-07-29 14:41:00,445.995,447.73,445.94,446.8501,91510
2026-07-29 14:42:00,447.3026,447.3026,445.9407,446.83,63397
2026-07-29 14:43:00,446.47,447.5595,446.12,447.43,69881
2026-07-29 14:44:00,447.195,448.49,446.94,447.73,74164
2026-07-29 14:45:00,447.77,448.3,447.1,447.84,83327
2026-07-29 14:46:00,448.0,449.35,447.6,448.79,80384
2026-07-29 14:47:00,448.805,450.5253,448.5,449.51,109077
2026-07-29 14:48:00,449.56,449.795,448.1869,448.69,81807
2026-07-29 14:49:00,448.695,450.3863,448.59,450.2,70240
2026-07-29 14:50:00,450.3308,450.68,449.2995,450.081,89183
2026-07-29 14:51:00,450.235,450.235,448.62,449.76,71661
2026-07-29 14:52:00,450.0,450.4,449.04,449.2,65432
2026-07-29 14:53:00,449.2,451.0,449.2,450.0,69516
2026-07-29 14:54:00,449.81,450.87,449.75,450.785,58315
2026-07-29 14:55:00,450.7,450.87,449.5605,450.055,59506
2026-07-29 14:56:00,449.8,450.2,448.5117,448.635,77309
2026-07-29 14:57:00,448.655,449.5,447.74,449.5,81260
2026-07-29 14:58:00,449.62,451.33,449.62,449.91,85385
2026-07-29 14:59:00,450.01,450.42,449.33,450.39,48862
2026-07-29 15:00:00,450.365,450.7599,449.381,449.84,55819
2026-07-29 15:01:00,449.84,452.8,449.5701,452.61,70413
2026-07-29 15:02:00,452.64,453.229,451.51,451.69,84697
2026-07-29 15:03:00,451.5,451.7967,450.69,451.49,90453
2026-07-29 15:04:00,451.52,451.54,449.8001,450.61,90700
2026-07-29 15:05:00,450.795,451.425,449.03,449.27,76280
2026-07-29 15:06:00,449.43,451.18,449.2701,450.54,98722
2026-07-29 15:07:00,450.495,450.51,448.44,448.44,57994
2026-07-29 15:08:00,448.4,449.4475,447.75,448.54,72342
2026-07-29 15:09:00,448.9825,449.1,447.5,447.7,55541
2026-07-29 15:10:00,447.655,448.05,445.67,446.81,79053
2026-07-29 15:11:00,446.78,448.81,446.66,448.71,62624
2026-07-29 15:12:00,448.695,449.32,447.445,447.7,63755
2026-07-29 15:13:00,448.0,448.93,447.8243,448.02,56670
2026-07-29 15:14:00,448.14,448.745,447.6412,447.8801,27629
2026-07-29 15:15:00,447.88,448.14,446.06,447.325,110868
2026-07-29 15:16:00,447.54,447.81,445.5,446.145,49061
2026-07-29 15:17:00,446.47,446.4801,444.5201,444.5901,78754
2026-07-29 15:18:00,444.47,444.5,443.1946,444.0985,72685
2026-07-29 15:19:00,444.085,444.28,443.0,443.6801,54591
2026-07-29 15:20:00,444.0,444.0,441.801,441.801,73823
2026-07-29 15:21:00,441.81,441.95,439.78,440.85,92183
2026-07-29 15:22:00,441.0,441.03,438.38,440.45,66273
2026-07-29 15:23:00,440.28,440.8928,439.91,440.645,56185
2026-07-29 15:24:00,440.6,441.7399,440.031,440.8145,68836
2026-07-29 15:25:00,440.875,441.3,439.5,439.79,64473
2026-07-29 15:26:00,439.83,439.8699,438.2601,439.56,61194
2026-07-29 15:27:00,439.625,439.825,438.2201,439.34,45778
2026-07-29 15:28:00,439.2901,440.1597,439.27,439.87,37214
2026-07-29 15:29:00,439.65,441.33,439.625,441.2473,75550
2026-07-29 15:30:00,441.22,442.44,440.7419,441.995,95010
2026-07-29 15:31:00,442.09,442.89,440.4,440.98,72035
2026-07-29 15:32:00,441.11,441.2,439.0401,439.418,60398
2026-07-29 15:33:00,439.765,439.765,437.0401,437.22,69256
2026-07-29 15:34:00,437.34,437.73,435.84,437.62,73792
2026-07-29 15:35:00,437.45,437.86,436.41,437.5901,80910
2026-07-29 15:36:00,438.07,438.735,437.335,437.82,57654
2026-07-29 15:37:00,437.88,438.19,436.12,436.58,86205
2026-07-29 15:38:00,436.73,436.73,434.65,434.87,80688
2026-07-29 15:39:00,434.95,434.95,433.66,434.18,81499
2026-07-29 15:40:00,434.09,434.15,432.69,433.905,110236
2026-07-29 15:41:00,433.93,435.22,433.7801,434.31,74884
2026-07-29 15:42:00,434.49,434.9883,433.61,433.88,64007
2026-07-29 15:43:00,433.88,434.39,433.0,433.3543,75246
2026-07-29 15:44:00,433.61,433.61,432.6509,433.1,93911
2026-07-29 15:45:00,433.18,433.5276,432.28,432.55,103302
2026-07-29 15:46:00,432.54,433.525,431.745,431.78,109416
2026-07-29 15:47:00,431.83,432.49,431.075,431.78,108493
2026-07-29 15:48:00,431.865,433.275,431.72,432.72,89204
2026-07-29 15:49:00,432.55,434.89,432.06,434.8,134062
2026-07-29 15:50:00,434.76,434.76,433.06,433.95,210124
2026-07-29 15:51:00,433.64,433.85,431.94,432.68,193494
2026-07-29 15:52:00,432.735,432.75,431.0901,432.445,136185
2026-07-29 15:53:00,432.33,433.14,431.7196,432.89,117948
2026-07-29 15:54:00,432.825,434.09,432.825,433.65,121218
2026-07-29 15:55:00,433.56,433.6,431.2571,431.86,219640
2026-07-29 15:56:00,431.955,432.77,430.555,430.92,240020
2026-07-29 15:57:00,430.965,430.965,429.43,429.53,387394
2026-07-29 15:58:00,429.545,430.01,429.0,429.86,384185
2026-07-29 15:59:00,429.865,429.89,428.715,429.57,859647
2026-07-29 16:00:00,429.56,430.0,427.6,427.6,296564
2026-07-29 16:01:00,427.58,429.56,426.22,426.551,0
2026-07-29 16:02:00,426.22,427.96,425.1,426.0,0
2026-07-29 16:03:00,427.0,427.0,423.11,425.45,0
2026-07-29 16:04:00,424.65,429.56,423.71,424.12,0
2026-07-29 16:05:00,424.75,427.0,424.12,425.14,0
2026-07-29 16:06:00,425.0,427.0,424.5,425.7,0
2026-07-29 16:07:00,425.99,426.6,425.18,425.96,0
2026-07-29 16:08:00,425.96,429.56,424.7,424.7,0
2026-07-29 16:09:00,424.8,424.8,424.2,424.2112,0
2026-07-29 16:10:00,424.25,429.56,423.57,423.59,0
2026-07-29 16:11:00,423.74,424.38,423.0,424.3547,0
2026-07-29 16:12:00,424.0,424.99,423.05,424.99,0
2026-07-29 16:13:00,424.75,429.56,424.75,426.99,0
2026-07-29 16:14:00,426.1978,426.31,425.0,425.31,0
2026-07-29 16:15:00,429.56,429.56,425.0,426.4,0
2026-07-29 16:16:00,426.49,429.56,426.0,426.9273,0
2026-07-29 16:17:00,427.0,427.0,426.0,426.33,0
2026-07-29 16:18:00,426.01,427.0,425.41,425.56,0
2026-07-29 16:19:00,425.75,426.96,425.01,425.4363,0
2026-07-29 16:20:00,425.02,429.56,425.01,425.5413,0
2026-07-29 16:21:00,425.5162,426.6,425.03,426.6,0
2026-07-29 16:22:00,425.6,426.58,425.0,425.2,0
2026-07-29 16:23:00,425.2,429.56,425.03,425.8443,0
2026-07-29 16:24:00,425.96,426.09,424.85,425.0,0
2026-07-29 16:25:00,425.2,426.0495,424.9,425.47,0
2026-07-29 16:26:00,425.6605,425.6605,423.56,423.56,0
2026-07-29 16:27:00,423.55,424.0,423.4,423.4,0
2026-07-29 16:28:00,423.5002,425.11,423.5,424.1415,0
2026-07-29 16:29:00,424.68,425.0,424.01,424.15,0
2026-07-29 16:30:00,424.24,424.8,423.6,423.65,0
2026-07-29 16:31:00,423.8,424.2,423.61,424.2,0
2026-07-29 16:32:00,424.2,424.85,424.01,424.4827,0
2026-07-29 16:33:00,424.4816,424.56,424.1084,424.4994,0
2026-07-29 16:34:00,424.2011,424.5217,424.0,424.392,0
2026-07-29 16:35:00,424.16,424.56,424.06,424.1,0
2026-07-29 16:36:00,424.0801,424.56,424.0,424.4,0
2026-07-29 16:37:00,424.526,424.56,424.34,424.54,0
2026-07-29 16:38:00,424.54,425.5,424.41,425.5,0
2026-07-29 16:39:00,424.52,426.0,424.52,424.52,0
2026-07-29 16:40:00,425.49,425.9,424.8,425.3999,0
2026-07-29 16:41:00,425.0,425.2,424.51,424.94,0
2026-07-29 16:42:00,425.0,425.15,424.65,424.949,0
2026-07-29 16:43:00,424.9506,425.0,424.65,424.9301,0
2026-07-29 16:44:00,424.65,425.0,424.65,424.94,0
2026-07-29 16:45:00,424.94,425.0,424.66,424.85,0
2026-07-29 16:46:00,424.99,424.99,424.21,424.53,0
2026-07-29 16:47:00,424.32,424.98,424.22,424.4414,0
2026-07-29 16:48:00,424.98,424.98,424.35,424.7648,0
2026-07-29 16:49:00,424.21,424.98,417.3121,424.4,0
2026-07-29 16:50:00,424.91,424.99,424.26,424.27,0
2026-07-29 16:51:00,424.5,424.99,424.31,424.5701,0
2026-07-29 16:52:00,424.5668,424.99,424.3,424.8831,0
2026-07-29 16:53:00,424.5001,424.99,424.3,424.8316,0
2026-07-29 16:54:00,424.62,424.99,424.3001,424.83,0
2026-07-29 16:55:00,424.6,424.99,424.57,424.93,0
2026-07-29 16:56:00,424.62,424.99,424.33,424.5,0
2026-07-29 16:57:00,424.75,424.99,424.4342,424.65,0
2026-07-29 16:58:00,424.99,424.99,424.27,424.42,0
2026-07-29 16:59:00,424.717,424.99,424.2697,424.5418,0
2026-07-29 17:00:00,424.5,424.99,424.3003,424.31,0
2026-07-29 17:01:00,424.3,424.99,404.9609,424.14,0
2026-07-29 17:02:00,423.86,424.41,423.5,423.63,0
2026-07-29 17:03:00,423.55,424.41,423.5,424.24,0
2026-07-29 17:04:00,424.2515,424.41,423.67,424.3505,0
2026-07-29 17:05:00,424.12,424.46,424.0,424.39,0
2026-07-29 17:06:00,424.26,424.5,424.0,424.0,0
2026-07-29 17:07:00,424.1,424.5,424.0,424.25,0
2026-07-29 17:08:00,424.0688,424.2,424.0,424.0072,0
2026-07-29 17:09:00,424.0072,424.2,424.0,424.08,0
2026-07-29 17:10:00,424.15,424.5,396.9662,423.9875,0
2026-07-29 17:11:00,423.7,424.0,423.0,423.76,0
2026-07-29 17:12:00,423.7512,423.98,423.75,423.96,0
2026-07-29 17:13:00,424.0,424.5,422.8868,424.5,0
2026-07-29 17:14:00,424.1,424.5,423.76,424.2,0
2026-07-29 17:15:00,424.4036,424.89,424.0,424.42,0
2026-07-29 17:16:00,424.41,436.5579,424.0,424.4763,0
2026-07-29 17:17:00,424.45,434.3038,423.76,424.21,0
2026-07-29 17:18:00,424.3839,425.9,424.0,425.54,0
2026-07-29 17:19:00,425.65,425.9,424.02,425.23,0
2026-07-29 17:20:00,425.23,425.9,424.02,425.9,0
2026-07-29 17:21:00,425.8988,425.9,424.5,424.7,0
2026-07-29 17:22:00,424.73,425.89,424.5,425.48,0
2026-07-29 17:23:00,425.0,425.43,424.5,424.63,0
2026-07-29 17:24:00,424.5,425.89,424.5,425.6746,0
2026-07-29 17:25:00,425.0,425.0,424.5,424.9261,0
2026-07-29 17:26:00,424.5731,425.0,424.01,424.01,0
2026-07-29 17:27:00,424.0721,424.75,424.0,424.49,0
2026-07-29 17:28:00,424.42,424.65,424.0,424.46,0
2026-07-29 17:29:00,424.0,424.75,424.0,424.66,0
2026-07-29 17:30:00,424.75,425.0,424.3,424.82,0
2026-07-29 17:31:00,424.58,425.0,424.51,424.78,0
2026-07-29 17:32:00,424.76,425.0,424.5101,424.5902,0
2026-07-29 17:33:00,424.5811,424.9008,424.41,424.41,0
2026-07-29 17:34:00,424.73,424.73,424.01,424.36,0
2026-07-29 17:35:00,424.0,424.51,423.06,423.49,0
2026-07-29 17:36:00,423.5,424.51,423.26,423.5,0
2026-07-29 17:37:00,423.01,423.9847,422.1,422.11,0
2026-07-29 17:38:00,422.11,422.9,421.1112,421.5,0
2026-07-29 17:39:00,421.5,422.0,420.88,420.9,0
2026-07-29 17:40:00,421.0,422.0,420.53,421.01,0
2026-07-29 17:41:00,421.7,421.7,420.54,420.7,0
2026-07-29 17:42:00,421.0,421.31,420.54,420.6268,0
2026-07-29 17:43:00,420.9,421.5,420.4033,420.5582,0
2026-07-29 17:44:00,420.56,421.5,420.4,421.5,0
2026-07-29 17:45:00,421.5,422.05,421.0,421.32,0
2026-07-29 17:46:00,421.9999,422.0,421.0,421.0,0
2026-07-29 17:47:00,421.5,421.7,420.61,420.61,0
2026-07-29 17:48:00,421.01,421.66,420.88,421.2398,0
2026-07-29 17:49:00,421.24,421.35,420.6,420.6,0
2026-07-29 17:50:00,420.6396,420.8,420.2,420.6,0
2026-07-29 17:51:00,420.5,421.5,420.5,420.7968,0
2026-07-29 17:52:00,421.5754,421.89,420.68,420.76,0
2026-07-29 17:53:00,421.39,423.53,421.39,421.75,0
2026-07-29 17:54:00,421.6461,421.75,421.002,421.75,0
2026-07-29 17:55:00,421.65,422.1124,421.01,422.0,0
2026-07-29 17:56:00,421.99,423.0,421.1293,422.85,0
2026-07-29 17:57:00,422.77,424.0,422.57,423.56,0
2026-07-29 17:58:00,423.2,429.56,423.0,423.2,0
2026-07-29 17:59:00,423.4,424.0,423.3,423.3534,0
2026-07-29 18:00:00,423.58,425.8,423.3,425.0,0
2026-07-29 18:01:00,425.64,425.75,425.04,425.46,0
2026-07-29 18:02:00,425.4807,427.0,425.0,426.25,0
2026-07-29 18:03:00,426.1561,426.9,424.072,426.815,0
2026-07-29 18:04:00,426.3,426.9,425.5183,426.15,0
2026-07-29 18:05:00,426.0,426.8,425.91,426.77,0
2026-07-29 18:06:00,425.91,426.77,425.0,425.89,0
2026-07-29 18:07:00,425.88,426.77,425.52,426.77,0
2026-07-29 18:08:00,426.46,428.7,426.27,426.5,0
2026-07-29 18:09:00,428.0,428.7,427.0,428.7,0
2026-07-29 18:10:00,427.58,428.7,427.0,428.29,0
2026-07-29 18:11:00,428.68,428.7,426.5495,428.1946,0
2026-07-29 18:12:00,428.1264,428.48,426.0,427.36,0
2026-07-29 18:13:00,427.52,427.99,425.9858,427.45,0
2026-07-29 18:14:00,427.01,429.56,425.62,426.5,0
2026-07-29 18:15:00,426.97,427.74,426.0,427.06,0
2026-07-29 18:16:00,426.9076,427.98,426.4,427.8382,0
2026-07-29 18:17:00,427.93,427.98,427.0,427.88,0
2026-07-29 18:18:00,427.65,427.97,426.34,427.75,0
2026-07-29 18:19:00,427.93,428.0466,426.5001,427.99,0
2026-07-29 18:20:00,427.99,428.2,426.5,427.51,0
2026-07-29 18:21:00,427.5,428.46,426.7836,428.04,0
2026-07-29 18:22:00,428.04,428.48,427.55,428.0,0
2026-07-29 18:23:00,427.98,428.35,426.5,428.35,0
2026-07-29 18:24:00,428.0485,429.56,427.26,427.5,0
2026-07-29 18:25:00,427.82,428.28,427.0,427.52,0
2026-07-29 18:26:00,427.2,428.28,426.51,427.06,0
2026-07-29 18:27:00,426.8654,427.41,426.5,427.1915,0
2026-07-29 18:28:00,427.15,427.98,425.679,426.5,0
2026-07-29 18:29:00,426.5,427.91,426.0,427.47,0
2026-07-29 18:30:00,427.66,427.97,426.83,427.702,0
2026-07-29 18:31:00,427.7045,427.97,426.2856,426.92,0
2026-07-29 18:32:00,426.5367,427.97,426.0,427.97,0
2026-07-29 18:33:00,427.97,427.97,426.17,427.46,0
2026-07-29 18:34:00,427.32,427.8,426.17,427.4,0
2026-07-29 18:35:00,427.45,427.73,427.12,427.73,0
2026-07-29 18:36:00,427.73,427.943,427.31,427.64,0
2026-07-29 18:37:00,427.58,428.5,427.58,428.33,0
2026-07-29 18:38:00,428.33,428.33,427.5,427.88,0
2026-07-29 18:39:00,427.88,428.0,427.23,427.6,0
2026-07-29 18:40:00,427.59,428.0,426.5,427.4,0
2026-07-29 18:41:00,427.0,427.7422,426.5,426.7278,0
2026-07-29 18:42:00,426.7651,427.66,426.5,426.5154,0
2026-07-29 18:43:00,427.23,427.38,426.5,427.0,0
2026-07-29 18:44:00,427.8,427.8,426.67,427.8,0
2026-07-29 18:45:00,427.5985,427.8,426.5,427.6202,0
2026-07-29 18:46:00,427.41,428.0,427.35,427.35,0
2026-07-29 18:47:00,427.7,428.0,426.6,426.6,0
2026-07-29 18:48:00,426.6,427.02,426.5,427.0,0
2026-07-29 18:49:00,427.5,427.5,426.5,426.95,0
2026-07-29 18:50:00,426.98,426.98,426.51,426.7,0
2026-07-29 18:51:00,426.65,427.0,425.8,425.8,0
2026-07-29 18:52:00,425.62,426.04,425.39,426.0,0
2026-07-29 18:53:00,425.7,426.0,425.01,425.01,0
2026-07-29 18:54:00,425.8466,426.4,425.01,425.9,0
2026-07-29 18:55:00,425.9,426.1761,425.01,425.96,0
2026-07-29 18:56:00,426.0,426.4,425.61,425.65,0
2026-07-29 18:57:00,425.6,426.4,425.5,426.01,0
2026-07-29 18:58:00,425.5,426.4,425.386,426.05,0
2026-07-29 18:59:00,426.25,426.54,425.13,426.54,0
2026-07-29 19:00:00,427.41,427.41,426.0,426.25,0
2026-07-29 19:01:00,426.38,426.56,426.0,426.15,0
2026-07-29 19:02:00,426.56,427.41,425.4,426.8954,0
2026-07-29 19:03:00,427.41,427.41,426.55,427.059,0
2026-07-29 19:04:00,427.41,427.41,426.5227,427.19,0
2026-07-29 19:05:00,427.3507,427.38,426.5,426.75,0
2026-07-29 19:06:00,426.5,426.75,425.8992,426.4,0
2026-07-29 19:07:00,426.0,427.4,425.88,426.02,0
2026-07-29 19:08:00,426.24,427.41,426.0,427.3747,0
2026-07-29 19:09:00,427.41,427.55,426.0,426.0,0
2026-07-29 19:10:00,427.0,427.43,426.0,426.678,0
2026-07-29 19:11:00,426.49,426.76,426.0,426.0326,0
2026-07-29 19:12:00,426.39,427.0,426.0,426.0,0
2026-07-29 19:13:00,427.0,427.0,426.25,426.25,0
2026-07-29 19:14:00,426.48,426.95,426.0,426.95,0
2026-07-29 19:15:00,426.5,426.95,426.0,426.3,0
2026-07-29 19:16:00,426.1472,426.8772,426.0,426.25,0
2026-07-29 19:17:00,426.54,426.95,426.02,426.75,0
2026-07-29 19:18:00,426.75,427.8,426.5298,427.61,0
2026-07-29 19:19:00,427.56,427.7532,427.0,427.35,0
2026-07-29 19:20:00,427.79,428.0,427.35,427.4587,0
2026-07-29 19:21:00,427.72,428.1,427.4452,428.0,0
2026-07-29 19:22:00,427.45,428.0,427.0001,427.1364,0
2026-07-29 19:23:00,428.0,428.0,427.0741,427.2192,0
2026-07-29 19:24:00,427.845,428.0,427.0,427.84,0
2026-07-29 19:25:00,427.1588,427.85,427.03,427.8,0
2026-07-29 19:26:00,427.52,427.95,427.0,427.55,0
2026-07-29 19:27:00,427.7352,427.95,427.36,427.9,0
2026-07-29 19:28:00,427.65,428.0,427.55,427.99,0
2026-07-29 19:29:00,427.91,428.5,427.45,428.0,0
2026-07-29 19:30:00,428.4698,428.55,428.018,428.55,0
2026-07-29 19:31:00,428.42,428.69,428.1,428.669,0
2026-07-29 19:32:00,428.69,428.99,428.5297,428.745,0
2026-07-29 19:33:00,428.9899,428.99,428.51,428.51,0
2026-07-29 19:34:00,428.61,428.99,428.5,428.65,0
2026-07-29 19:35:00,428.55,428.99,428.5,428.5001,0
2026-07-29 19:36:00,428.56,428.8,428.1224,428.79,0
2026-07-29 19:37:00,428.49,428.7048,428.0,428.7048,0
2026-07-29 19:38:00,428.7,428.8,428.1147,428.7,0
2026-07-29 19:39:00,428.5831,428.8,428.0,428.1569,0
2026-07-29 19:40:00,428.07,428.6045,426.8001,427.6599,0
2026-07-29 19:41:00,427.7485,428.58,426.97,427.0,0
2026-07-29 19:42:00,428.0,428.0,426.75,428.0,0
2026-07-29 19:43:00,427.6,428.0,427.04,427.99,0
2026-07-29 19:44:00,427.8,428.35,426.8,428.0,0
2026-07-29 19:45:00,428.1412,428.5,427.81,428.5,0
2026-07-29 19:46:00,428.5,428.9738,428.25,428.7072,0
2026-07-29 19:47:00,428.25,428.99,428.25,428.76,0
2026-07-29 19:48:00,428.76,429.0,428.2875,428.5981,0
2026-07-29 19:49:00,428.99,429.0,427.99,428.98,0
2026-07-29 19:50:00,428.355,428.8899,428.0,428.35,0
2026-07-29 19:51:00,428.0419,428.34,427.2,427.52,0
2026-07-29 19:52:00,427.8725,427.9999,427.25,427.8922,0
2026-07-29 19:53:00,427.99,428.89,427.4825,428.21,0
2026-07-29 19:54:00,428.7,428.87,427.51,428.39,0
2026-07-29 19:55:00,428.1199,429.0,428.0001,428.5,0
2026-07-29 19:56:00,428.31,429.0,428.0001,428.6,0
2026-07-29 19:57:00,428.6,428.6,428.2974,428.35,0
2026-07-29 19:58:00,428.3472,428.36,428.0097,428.0097,0
2026-07-29 19:59:00,428.001,428.001,427.35,427.75,0
2026-07-30 04:00:00,430.16,433.1163,424.55,425.0,0
2026-07-30 04:01:00,426.024,432.85,424.44,426.6,0
2026-07-30 04:02:00,425.03,426.4,424.74,425.26,0
2026-07-30 04:03:00,426.36,426.36,423.48,424.55,0
2026-07-30 04:04:00,423.0957,431.45,423.0957,424.56,0
2026-07-30 04:05:00,432.36,432.36,423.61,424.5,0
2026-07-30 04:06:00,426.4,432.6,424.37,431.05,0
2026-07-30 04:07:00,430.73,432.77,424.25,424.3903,0
2026-07-30 04:08:00,425.2,426.8332,425.2,426.35,0
2026-07-30 04:09:00,425.89,426.8159,425.89,426.5,0
2026-07-30 04:10:00,426.57,427.34,426.57,426.69,0
2026-07-30 04:11:00,427.16,427.18,425.95,426.5,0
2026-07-30 04:12:00,426.97,427.34,426.75,427.17,0
2026-07-30 04:13:00,426.8,427.34,426.53,427.34,0
2026-07-30 04:14:00,427.02,427.24,426.77,426.79,0
2026-07-30 04:15:00,426.89,427.34,425.5747,427.2,0
2026-07-30 04:16:00,427.1249,427.1642,425.78,426.13,0
2026-07-30 04:17:00,426.58,428.75,426.52,428.75,0
2026-07-30 04:18:00,428.0,428.43,427.52,427.56,0
2026-07-30 04:19:00,427.6,428.5,427.4,427.4,0
2026-07-30 04:20:00,427.4,428.41,427.4,428.22,0
2026-07-30 04:21:00,428.5,429.65,427.56,429.65,0
2026-07-30 04:22:00,429.99,429.99,429.43,429.65,0
2026-07-30 04:23:00,429.99,430.98,429.99,430.7175,0
2026-07-30 04:24:00,431.5775,431.5775,430.29,430.48,0
2026-07-30 04:25:00,430.15,430.6857,429.74,430.6857,0
2026-07-30 04:26:00,431.5426,432.005,430.5,430.5,0
2026-07-30 04:27:00,430.8,431.6,430.28,430.33,0
2026-07-30 04:28:00,430.975,431.62,430.06,431.62,0
2026-07-30 04:29:00,431.365,431.365,430.31,431.01,0
2026-07-30 04:30:00,431.0,431.7,430.56,431.24,0
2026-07-30 04:31:00,431.77,431.77,430.64,430.74,0
2026-07-30 04:32:00,430.93,431.0,430.4875,430.75,0
2026-07-30 04:33:00,430.39,430.83,430.06,430.73,0
2026-07-30 04:34:00,431.7725,431.7725,430.0012,430.87,0
2026-07-30 04:35:00,431.0,431.755,431.0,431.755,0
2026-07-30 04:36:00,431.38,431.59,430.0,431.59,0
2026-07-30 04:37:00,431.11,432.9988,431.11,432.745,0
2026-07-30 04:38:00,431.91,432.0,430.35,430.35,0
2026-07-30 04:39:00,431.2,431.2,430.0,430.75,0
2026-07-30 04:40:00,430.71,431.3,430.21,430.29,0
2026-07-30 04:41:00,432.1988,432.1988,430.21,430.21,0
2026-07-30 04:42:00,430.01,430.66,429.98,430.66,0
2026-07-30 04:43:00,430.67,430.9,430.04,430.6963,0
2026-07-30 04:44:00,429.6012,430.65,429.6012,430.23,0
2026-07-30 04:45:00,430.9,430.9,430.8,430.88,0
2026-07-30 04:46:00,429.4972,431.34,429.4972,430.59,0
2026-07-30 04:47:00,430.68,431.4988,430.5,431.4988,0
2026-07-30 04:48:00,430.82,430.94,430.0,430.0,0
2026-07-30 04:49:00,430.09,430.9665,429.8,430.9665,0
2026-07-30 04:50:00,429.7299,429.7299,429.7299,429.7299,0
2026-07-30 04:51:00,430.7717,430.9988,430.13,430.59,0
2026-07-30 04:52:00,429.68,429.8335,429.18,429.59,0
2026-07-30 04:53:00,429.27,429.4732,429.01,429.47,0
2026-07-30 04:54:00,429.34,429.9612,428.46,428.46,0
2026-07-30 04:55:00,429.0,429.06,428.47,428.9997,0
2026-07-30 04:56:00,428.67,429.18,428.6,428.96,0
2026-07-30 04:57:00,429.7988,429.9988,428.02,429.45,0
2026-07-30 04:58:00,429.45,430.0,429.45,429.56,0
2026-07-30 04:59:00,429.63,429.63,429.58,429.58,0
2026-07-30 05:00:00,429.99,430.0,428.5,428.5,0
2026-07-30 05:01:00,429.65,430.0,429.65,430.0,0
2026-07-30 05:02:00,428.5953,429.71,428.5953,429.41,0
2026-07-30 05:03:00,430.338,430.338,430.338,430.338,0
2026-07-30 05:04:00,430.3,430.3,429.6882,429.6882,0
2026-07-30 05:05:00,430.3147,430.3147,429.92,430.09,0
2026-07-30 05:06:00,429.56,429.56,429.56,429.56,0
2026-07-30 05:07:00,430.38,430.39,430.01,430.39,0
2026-07-30 05:08:00,430.1375,430.54,430.1375,430.54,0
2026-07-30 05:09:00,430.4,431.02,429.76,429.76,0
2026-07-30 05:10:00,430.5,430.5,429.88,429.94,0
2026-07-30 05:11:00,430.69,430.69,430.56,430.56,0
2026-07-30 05:12:00,430.6635,430.6635,430.5,430.5,0
2026-07-30 05:13:00,430.62,430.79,430.38,430.38,0
2026-07-30 05:14:00,431.0,432.44,430.92,431.87,0
2026-07-30 05:15:00,431.55,432.29,431.45,431.99,0
2026-07-30 05:16:00,431.99,432.59,431.99,432.59,0
2026-07-30 05:17:00,432.58,432.9565,432.41,432.6,0
2026-07-30 05:18:00,432.43,432.9142,432.41,432.9142,0
2026-07-30 05:19:00,432.29,432.29,432.27,432.27,0
2026-07-30 05:20:00,432.29,432.9142,432.0,432.77,0
2026-07-30 05:21:00,432.48,433.01,432.48,433.01,0
2026-07-30 05:22:00,433.0,433.58,432.99,432.99,0
2026-07-30 05:23:00,433.33,433.58,432.0,433.16,0
2026-07-30 05:24:00,433.29,433.5,432.0,433.21,0
2026-07-30 05:25:00,433.21,433.5,432.2,433.5,0
2026-07-30 05:26:00,432.72,433.33,432.64,433.33,0
2026-07-30 05:27:00,433.2444,433.4997,432.56,433.02,0
2026-07-30 05:28:00,433.02,433.5,432.75,433.02,0
2026-07-30 05:29:00,432.6756,433.0655,432.5,432.98,0
2026-07-30 05:30:00,432.98,433.0,431.68,433.0,0
2026-07-30 05:32:00,432.17,432.17,432.17,432.17,0
2026-07-30 05:33:00,433.0,433.33,433.0,433.33,0
2026-07-30 05:34:00,433.0,433.4988,433.0,433.02,0
2026-07-30 05:35:00,433.3,433.5988,432.4275,433.35,0
2026-07-30 05:36:00,433.01,433.01,433.0,433.0,0
2026-07-30 05:37:00,433.2,433.6,433.18,433.51,0
2026-07-30 05:38:00,433.25,433.4,432.65,432.65,0
2026-07-30 05:39:00,432.72,432.72,432.0,432.0,0
2026-07-30 05:40:00,432.56,432.967,431.99,432.967,0
2026-07-30 05:41:00,432.7416,432.7416,431.7415,432.15,0
2026-07-30 05:42:00,432.4572,432.4572,431.79,431.79,0
2026-07-30 05:43:00,431.84,432.08,431.49,432.08,0
2026-07-30 05:44:00,432.327,432.327,431.1503,431.1503,0
2026-07-30 05:45:00,431.9019,431.9019,431.77,431.77,0
2026-07-30 05:46:00,431.5,432.14,431.5,431.5,0
2026-07-30 05:47:00,431.5,432.0,431.5,431.526,0
2026-07-30 05:48:00,431.99,432.365,431.9,432.365,0
2026-07-30 05:49:00,431.74,432.2267,431.74,432.2267,0
2026-07-30 05:50:00,432.2,432.2,432.2,432.2,0
2026-07-30 05:51:00,431.86,432.86,431.86,432.35,0
2026-07-30 05:52:00,431.912,432.79,431.912,432.55,0
2026-07-30 05:53:00,431.7,432.57,431.7,432.38,0
2026-07-30 05:54:00,432.15,432.3988,432.0,432.38,0
2026-07-30 05:55:00,432.9988,432.9988,432.4,432.4,0
2026-07-30 05:56:00,432.35,433.0,432.2,433.0,0
2026-07-30 05:57:00,432.52,432.9,432.0,432.0,0
2026-07-30 05:58:00,432.12,432.21,431.72,432.11,0
2026-07-30 05:59:00,431.93,432.4,431.06,431.21,0
2026-07-30 06:00:00,431.3,431.963,430.57,430.9206,0
2026-07-30 06:01:00,431.2,431.62,431.0616,431.62,0
2026-07-30 06:02:00,431.7,431.7,431.7,431.7,0
2026-07-30 06:03:00,431.7,431.79,431.7,431.79,0
2026-07-30 06:04:00,431.25,431.53,431.05,431.53,0
2026-07-30 06:05:00,431.5,432.0,431.5,431.79,0
2026-07-30 06:06:00,431.89,432.01,431.79,432.0,0
2026-07-30 06:07:00,432.475,433.0,432.35,432.6697,0
2026-07-30 06:08:00,432.66,432.9142,432.5,432.9142,0
2026-07-30 06:09:00,432.9988,433.44,432.3592,433.44,0
2026-07-30 06:10:00,432.0,433.5,432.0,432.78,0
2026-07-30 06:11:00,433.0,433.25,432.07,432.54,0
2026-07-30 06:12:00,432.94,432.98,432.94,432.98,0
2026-07-30 06:13:00,432.98,432.98,432.7,432.7,0
2026-07-30 06:14:00,432.75,432.75,432.2093,432.2093,0
2026-07-30 06:15:00,432.75,433.25,432.75,433.25,0
2026-07-30 06:16:00,433.08,434.4139,433.08,434.34,0
2026-07-30 06:17:00,434.25,434.75,434.0,434.71,0
2026-07-30 06:18:00,433.6,436.0,433.6,436.0,0
2026-07-30 06:19:00,436.25,436.75,435.43,436.035,0
2026-07-30 06:20:00,436.45,436.75,435.38,436.75,0
2026-07-30 06:21:00,436.19,437.25,436.1,437.1604,0
2026-07-30 06:22:00,436.65,437.25,436.5,436.9046,0
2026-07-30 06:23:00,436.9036,437.25,436.5,436.94,0
2026-07-30 06:24:00,436.9,436.955,436.39,436.55,0
2026-07-30 06:25:00,436.55,437.39,436.55,437.0,0
2026-07-30 06:26:00,437.0,438.0,436.4,437.25,0
2026-07-30 06:27:00,437.57,438.01,437.0,437.71,0
2026-07-30 06:28:00,437.75,438.25,437.0,437.08,0
2026-07-30 06:29:00,437.22,438.0,437.0,437.37,0
2026-07-30 06:30:00,437.59,438.8,437.0,438.49,0
2026-07-30 06:31:00,438.5,439.4988,438.0944,439.0,0
2026-07-30 06:32:00,438.78,439.45,438.5,438.681,0
2026-07-30 06:33:00,438.5,438.9875,438.0,438.52,0
2026-07-30 06:34:00,438.35,438.6,437.5,437.64,0
2026-07-30 06:35:00,437.64,438.5988,437.5,437.79,0
2026-07-30 06:36:00,437.82,438.5117,437.82,438.51,0
2026-07-30 06:37:00,438.5,438.9384,437.0,438.5,0
2026-07-30 06:38:00,438.29,438.39,438.0,438.3552,0
2026-07-30 06:39:00,438.2,438.39,437.2,438.1,0
2026-07-30 06:40:00,438.1,438.92,437.2,437.2,0
2026-07-30 06:41:00,438.6919,438.9,438.5,438.88,0
2026-07-30 06:42:00,438.55,438.86,437.88,437.88,0
2026-07-30 06:43:00,438.0,438.9,437.0,438.87,0
2026-07-30 06:44:00,438.14,438.99,438.0,438.9888,0
2026-07-30 06:45:00,438.426,439.4,438.0,439.06,0
2026-07-30 06:46:00,438.81,439.44,438.64,438.77,0
2026-07-30 06:47:00,439.41,440.7415,439.41,440.0,0
2026-07-30 06:48:00,439.9057,440.0,439.5,439.5,0
2026-07-30 06:49:00,440.2,440.2,439.5,439.57,0
2026-07-30 06:50:00,439.8164,440.2,439.8,439.99,0
2026-07-30 06:51:00,439.94,440.0,439.5,439.71,0
2026-07-30 06:52:00,439.99,440.45,439.5,440.45,0
2026-07-30 06:53:00,439.5,440.5,439.5,439.57,0
2026-07-30 06:54:00,440.15,440.8,439.5,439.65,0
2026-07-30 06:55:00,439.74,440.0,439.5,439.59,0
2026-07-30 06:56:00,439.95,439.98,439.5,439.82,0
2026-07-30 06:57:00,439.71,439.83,439.5,439.75,0
2026-07-30 06:58:00,439.7,440.0,439.5,439.79,0
2026-07-30 06:59:00,439.49,440.5,439.49,440.0,0
2026-07-30 07:00:00,439.67,443.7,429.56,443.0,0
2026-07-30 07:01:00,443.59,443.6,442.19,442.9774,0
2026-07-30 07:02:00,443.5,444.5,443.037,443.71,0
2026-07-30 07:03:00,444.0,444.8,443.5,443.64,0
2026-07-30 07:04:00,443.85,444.22,443.3,444.0814,0
2026-07-30 07:05:00,444.21,444.8757,443.75,444.5,0
2026-07-30 07:06:00,444.26,444.98,443.75,444.941,0
2026-07-30 07:07:00,444.373,444.99,443.75,444.3093,0
2026-07-30 07:08:00,444.0,444.99,443.6801,444.4631,0
2026-07-30 07:09:00,444.0,444.55,443.75,444.1971,0
2026-07-30 07:10:00,444.3,444.99,444.1162,444.1162,0
2026-07-30 07:11:00,444.0,444.676,443.5,444.1915,0
2026-07-30 07:12:00,444.99,444.99,444.0,444.55,0
2026-07-30 07:13:00,444.0681,444.97,443.62,444.5,0
2026-07-30 07:14:00,443.62,444.5,443.62,444.25,0
2026-07-30 07:15:00,443.84,444.35,443.62,444.0,0
2026-07-30 07:16:00,444.0883,444.6466,443.7862,444.5,0
2026-07-30 07:17:00,444.646,444.8,443.9,444.5,0
2026-07-30 07:18:00,444.78,445.63,443.75,445.27,0
2026-07-30 07:19:00,445.5,446.0,444.0,444.0,0
2026-07-30 07:20:00,444.5,445.33,443.7,443.77,0
2026-07-30 07:21:00,443.7258,444.8,443.0,443.5,0
2026-07-30 07:22:00,443.9,444.4,443.0,443.51,0
2026-07-30 07:23:00,443.03,444.0,443.0,443.63,0
2026-07-30 07:24:00,443.63,444.5,443.0,443.0375,0
2026-07-30 07:25:00,444.0,444.3152,443.0,444.0,0
2026-07-30 07:26:00,444.3,444.53,443.5,444.0,0
2026-07-30 07:27:00,444.0,445.0,443.91,444.09,0
2026-07-30 07:28:00,444.7644,445.0,444.13,444.155,0
2026-07-30 07:29:00,444.31,444.63,444.093,444.6,0
2026-07-30 07:30:00,444.6625,444.82,444.0428,444.82,0
2026-07-30 07:31:00,444.25,444.82,443.6876,443.85,0
2026-07-30 07:32:00,444.3,444.3,443.0,443.0,0
2026-07-30 07:33:00,442.96,444.0,442.0,443.0,0
2026-07-30 07:34:00,442.72,443.49,442.57,442.62,0
2026-07-30 07:35:00,442.5409,444.0,442.5409,443.9,0
2026-07-30 07:36:00,443.5,444.57,443.5,444.351,0
2026-07-30 07:37:00,444.33,444.57,444.0,444.1096,0
2026-07-30 07:38:00,444.5403,446.0,444.0,445.1028,0
2026-07-30 07:39:00,445.4755,445.5,444.24,444.5,0
2026-07-30 07:40:00,444.55,445.0,444.13,444.845,0
2026-07-30 07:41:00,444.77,445.0,444.4,444.65,0
2026-07-30 07:42:00,444.75,445.99,444.4,445.0,0
2026-07-30 07:43:00,445.0,446.5,445.0,445.8,0
2026-07-30 07:44:00,446.0,446.0,445.0,445.1963,0
2026-07-30 07:45:00,445.85,446.0,445.0,445.83,0
2026-07-30 07:46:00,445.969,446.5,445.5,446.0,0
2026-07-30 07:47:00,445.98,446.5,445.5,446.27,0
2026-07-30 07:48:00,446.0,447.0,445.89,446.35,0
2026-07-30 07:49:00,447.2031,447.5,446.3003,447.0,0
2026-07-30 07:50:00,447.28,448.81,447.024,448.3,0
2026-07-30 07:51:00,448.1302,449.69,447.2504,449.36,0
2026-07-30 07:52:00,449.0,449.69,447.2,447.289,0
2026-07-30 07:53:00,448.76,449.07,447.5,447.73,0
2026-07-30 07:54:00,447.51,448.0,446.5,447.7,0
2026-07-30 07:55:00,447.79,448.0,446.5,447.0,0
2026-07-30 07:56:00,446.75,447.5,446.4,447.22,0
2026-07-30 07:57:00,447.2958,448.0,447.0,447.59,0
2026-07-30 07:58:00,447.8,448.0,447.26,447.5934,0
2026-07-30 07:59:00,447.99,448.0,447.26,447.55,0
2026-07-30 08:00:00,447.5001,448.4,447.3639,447.72,0
2026-07-30 08:01:00,448.08,448.08,447.0,447.26,0
2026-07-30 08:02:00,447.33,449.99,447.33,449.99,0
2026-07-30 08:03:00,449.58,449.99,449.0475,449.84,0
2026-07-30 08:04:00,449.99,449.99,449.1534,449.99,0
2026-07-30 08:05:00,449.7,451.24,449.0,450.59,0
2026-07-30 08:06:00,450.57,451.13,450.0,450.7,0
2026-07-30 08:07:00,450.7,451.33,450.34,451.0,0
2026-07-30 08:08:00,450.85,451.7499,450.0,450.51,0
2026-07-30 08:09:00,450.56,451.22,450.205,450.78,0
2026-07-30 08:10:00,450.707,450.9,450.4095,450.8,0
2026-07-30 08:11:00,450.77,450.893,449.51,449.7518,0
2026-07-30 08:12:00,449.51,451.0,449.0,450.222,0
2026-07-30 08:13:00,450.32,450.6,449.0,450.45,0
2026-07-30 08:14:00,450.224,450.8822,449.755,450.84,0
2026-07-30 08:15:00,450.7954,451.0,449.8,450.0,0
2026-07-30 08:16:00,449.8,450.7374,449.43,449.6,0
2026-07-30 08:17:00,449.7875,450.7,449.24,449.24,0
2026-07-30 08:18:00,449.24,449.7365,448.0,449.0,0
2026-07-30 08:19:00,449.3,449.9,448.0,449.8131,0
2026-07-30 08:20:00,449.5,449.51,448.01,448.9301,0
2026-07-30 08:21:00,449.0,449.45,448.01,449.222,0
2026-07-30 08:22:00,449.0,449.0,448.25,448.64,0
2026-07-30 08:23:00,448.99,449.1546,448.34,449.09,0
2026-07-30 08:24:00,449.1547,449.98,448.93,449.67,0
2026-07-30 08:25:00,449.82,449.99,449.0001,449.21,0
2026-07-30 08:26:00,449.6,450.8225,449.155,450.8225,0
2026-07-30 08:27:00,450.52,451.0,450.0,450.5,0
2026-07-30 08:28:00,450.5,450.75,449.3909,450.13,0
2026-07-30 08:29:00,449.74,450.66,449.5839,450.5,0
2026-07-30 08:30:00,450.75,453.49,450.382,453.0,0
2026-07-30 08:31:00,453.0,453.7,450.11,452.7187,0
2026-07-30 08:32:00,452.2,453.25,451.0,452.37,0
2026-07-30 08:33:00,452.03,452.74,451.0,452.0,0
2026-07-30 08:34:00,452.0,452.5,450.5,451.55,0
2026-07-30 08:35:00,452.0,453.7,451.42,453.7,0
2026-07-30 08:36:00,453.4985,454.0,452.4,453.55,0
2026-07-30 08:37:00,453.5,454.0,452.75,453.2,0
2026-07-30 08:38:00,452.93,453.8,452.75,453.5,0
2026-07-30 08:39:00,453.4,454.39,453.0,453.0,0
2026-07-30 08:40:00,453.9479,454.0097,453.0,453.38,0
2026-07-30 08:41:00,453.75,454.39,453.16,454.25,0
2026-07-30 08:42:00,454.03,454.57,453.3,454.4,0
2026-07-30 08:43:00,454.323,454.69,453.3,454.09,0
2026-07-30 08:44:00,454.54,454.54,453.5,453.84,0
2026-07-30 08:45:00,454.0,454.0119,452.7512,453.29,0
2026-07-30 08:46:00,453.03,454.15,452.75,454.15,0
2026-07-30 08:47:00,453.8288,454.17,453.5,453.77,0
2026-07-30 08:48:00,453.94,454.0,452.97,453.9706,0
2026-07-30 08:49:00,454.0,454.8,453.06,454.13,0
2026-07-30 08:50:00,454.5,455.0,453.63,454.4635,0
2026-07-30 08:51:00,454.5,454.77,453.8,454.55,0
2026-07-30 08:52:00,454.5,454.7,453.1,454.0,0
2026-07-30 08:53:00,454.38,454.5,453.1,453.9,0
2026-07-30 08:54:00,453.15,454.4,453.1,454.0,0
2026-07-30 08:55:00,453.75,454.4512,453.15,453.6,0
2026-07-30 08:56:00,454.0807,454.0807,453.3538,454.0,0
2026-07-30 08:57:00,453.9988,454.3,453.2,454.0807,0
2026-07-30 08:58:00,454.18,454.49,453.5,453.5,0
2026-07-30 08:59:00,454.01,454.4,453.6395,454.01,0
2026-07-30 09:00:00,454.22,455.89,453.8,455.89,0
2026-07-30 09:01:00,455.0,455.89,454.0,455.25,0
2026-07-30 09:02:00,455.26,455.8,455.0,455.37,0
2026-07-30 09:03:00,455.6989,455.89,455.0,455.49,0
2026-07-30 09:04:00,455.7,455.8,455.0,455.5,0
2026-07-30 09:05:00,455.17,455.8,455.0,455.0542,0
2026-07-30 09:06:00,455.25,455.77,454.4,455.13,0
2026-07-30 09:07:00,455.13,455.7,454.72,455.0,0
2026-07-30 09:08:00,455.0,455.69,454.72,455.0,0
2026-07-30 09:09:00,454.8136,455.48,453.7,454.54,0
2026-07-30 09:10:00,454.8481,455.0,453.7228,454.68,0
2026-07-30 09:11:00,454.4,455.0,453.8,454.975,0
2026-07-30 09:12:00,454.44,455.69,454.0,455.4,0
2026-07-30 09:13:00,455.0,456.0,455.0,455.755,0
2026-07-30 09:14:00,455.61,455.89,454.5267,455.3053,0
2026-07-30 09:15:00,455.35,456.0,454.5,455.8901,0
2026-07-30 09:16:00,456.0,456.51,455.25,455.45,0
2026-07-30 09:17:00,455.75,456.0,454.99,455.2921,0
2026-07-30 09:18:00,455.08,455.44,454.4,454.96,0
2026-07-30 09:19:00,454.8,456.0,454.8,455.18,0
2026-07-30 09:20:00,455.78,455.8,454.4,455.1867,0
2026-07-30 09:21:00,455.1,455.8,454.6391,455.8,0
2026-07-30 09:22:00,455.26,456.99,455.26,456.7,0
2026-07-30 09:23:00,456.49,457.0,456.0,456.25,0
2026-07-30 09:24:00,456.21,456.9384,455.3,455.56,0
2026-07-30 09:25:00,456.2,456.75,454.54,455.0,0
2026-07-30 09:26:00,455.6,457.61,454.9,455.86,0
2026-07-30 09:27:00,456.97,457.92,455.89,456.99,0
2026-07-30 09:28:00,456.78,460.58,456.78,460.0,0
2026-07-30 09:29:00,460.19,461.87,459.19,460.6,0
2026-07-30 09:30:00,462.0,462.015,461.92,462.015,2016365
2026-07-30 09:31:00,461.55,465.6499,461.0,464.01,229721
2026-07-30 09:32:00,464.145,466.275,461.0,461.395,375771
2026-07-30 09:33:00,461.395,461.63,457.68,459.575,255221
2026-07-30 09:34:00,459.99,462.53,459.43,461.775,167192
2026-07-30 09:35:00,461.51,464.0,460.37,463.3,160380
2026-07-30 09:36:00,463.3,464.56,460.3,462.5403,133905
2026-07-30 09:37:00,462.465,462.72,459.2576,460.31,134729
2026-07-30 09:38:00,460.315,463.7051,459.2935,463.25,130049
2026-07-30 09:39:00,463.24,464.0,462.123,463.54,122066
2026-07-30 09:40:00,463.6296,465.5,462.59,463.48,151980
2026-07-30 09:41:00,463.56,464.59,461.72,464.59,90358
2026-07-30 09:42:00,464.26,466.27,463.47,465.84,172663
2026-07-30 09:43:00,465.955,469.69,465.54,469.545,241800
2026-07-30 09:44:00,469.6409,472.39,469.31,469.65,302572
2026-07-30 09:45:00,469.89,471.205,469.668,470.545,138341
2026-07-30 09:46:00,470.385,472.42,470.385,472.1,236287
2026-07-30 09:47:00,472.135,473.2293,470.9046,472.965,186546
2026-07-30 09:48:00,472.8,474.7699,472.3001,474.7599,166689
2026-07-30 09:49:00,474.76,476.5416,474.4301,476.4528,239175
2026-07-30 09:50:00,476.53,478.57,476.19,478.48,290657
2026-07-30 09:51:00,478.305,479.13,477.44,478.5152,171220
2026-07-30 09:52:00,478.34,478.66,475.43,476.12,205826
2026-07-30 09:53:00,476.12,478.71,475.5324,477.89,171761
2026-07-30 09:54:00,478.025,479.57,477.5401,479.4416,155563
2026-07-30 09:55:00,479.33,480.4406,478.7501,480.245,178243
2026-07-30 09:56:00,480.2605,480.81,478.28,478.735,131081
2026-07-30 09:57:00,478.73,479.23,477.57,478.47,126055
2026-07-30 09:58:00,478.49,481.16,478.49,480.5,142174
2026-07-30 09:59:00,480.41,482.18,480.08,481.91,109548
2026-07-30 10:00:00,481.735,483.15,481.31,482.98,174259
2026-07-30 10:01:00,483.25,485.6,482.73,485.25,224366
2026-07-30 10:02:00,485.24,486.49,484.65,485.265,155351
2026-07-30 10:03:00,485.22,486.8599,484.2773,486.405,207507
2026-07-30 10:04:00,486.22,486.7576,484.5601,484.715,142197
2026-07-30 10:05:00,484.53,485.4999,483.94,484.655,144034
2026-07-30 10:06:00,484.41,484.75,482.39,482.455,120462
2026-07-30 10:07:00,482.61,483.5,481.25,481.5,135350
2026-07-30 10:08:00,481.49,482.5,481.0447,481.39,148124
2026-07-30 10:09:00,481.53,483.1999,480.25,483.0,175856
2026-07-30 10:10:00,482.835,484.48,482.49,484.02,136938
2026-07-30 10:11:00,484.0299,484.89,483.2,484.64,136689
2026-07-30 10:12:00,484.43,486.07,483.6551,485.96,143971
2026-07-30 10:13:00,486.17,486.17,483.84,483.84,130071
2026-07-30 10:14:00,483.935,485.307,483.43,484.385,87956
2026-07-30 10:15:00,484.35,486.505,484.35,486.2099,134814
2026-07-30 10:16:00,485.76,486.95,484.74,486.6646,88774
2026-07-30 10:17:00,486.81,487.98,486.44,486.51,135408
2026-07-30 10:18:00,486.4401,486.94,484.6701,486.685,114253
2026-07-30 10:19:00,486.655,488.68,486.655,488.535,147224
2026-07-30 10:20:00,488.32,489.8899,488.32,489.6095,108973
2026-07-30 10:21:00,489.8502,491.6499,489.71,491.51,226124
2026-07-30 10:22:00,491.3988,491.8914,490.6233,491.77,146931
2026-07-30 10:23:00,491.675,492.79,491.65,492.79,162501
2026-07-30 10:24:00,492.775,493.57,491.8401,492.44,146305
2026-07-30 10:25:00,492.2845,493.3,492.21,492.48,111569
2026-07-30 10:26:00,492.6785,493.3,491.2569,492.34,80062
2026-07-30 10:27:00,492.34,495.93,492.2502,495.7128,157708
2026-07-30 10:28:00,495.84,497.38,495.69,496.43,180053
2026-07-30 10:29:00,496.455,497.4,496.18,497.15,120288
2026-07-30 10:30:00,497.16,497.45,495.1,496.15,152890
2026-07-30 10:31:00,495.97,497.16,495.672,496.6,156527
2026-07-30 10:32:00,496.745,498.2,496.62,497.785,125287
2026-07-30 10:33:00,497.785,498.17,497.03,497.33,123388
2026-07-30 10:34:00,497.375,498.06,496.5501,497.525,149123
2026-07-30 10:35:00,497.54,497.762,495.68,496.2,167617
2026-07-30 10:36:00,496.085,497.17,495.3501,496.85,108602
2026-07-30 10:37:00,497.0,497.29,495.77,496.71,118614
2026-07-30 10:38:00,496.595,496.83,494.89,495.13,155277
2026-07-30 10:39:00,495.13,495.8,494.829,495.69,71647
2026-07-30 10:40:00,495.78,496.0,494.91,495.04,129641
2026-07-30 10:41:00,495.17,495.875,494.81,495.1328,104592
2026-07-30 10:42:00,495.2,496.04,494.3904,494.495,115940
2026-07-30 10:43:00,494.495,494.62,493.21,494.09,130352
2026-07-30 10:44:00,494.11,494.27,492.4463,493.4,112818
2026-07-30 10:45:00,493.41,493.73,491.88,493.22,160121
2026-07-30 10:46:00,493.265,494.09,491.51,491.71,134043
2026-07-30 10:47:00,491.7891,492.96,491.57,492.245,93492
2026-07-30 10:48:00,492.1,493.15,491.27,493.15,97179
2026-07-30 10:49:00,493.03,493.59,491.55,492.43,119974
2026-07-30 10:50:00,492.621,493.32,490.62,490.635,156110
2026-07-30 10:51:00,490.75,491.085,488.71,489.0099,152684
2026-07-30 10:52:00,489.19,489.9599,488.4101,488.585,104201
2026-07-30 10:53:00,488.42,488.615,486.79,487.27,115519
2026-07-30 10:54:00,487.27,487.5,485.32,485.32,104175
2026-07-30 10:55:00,485.32,485.32,483.53,484.6296,131501
2026-07-30 10:56:00,484.06,484.6933,483.51,483.605,110889
2026-07-30 10:57:00,483.7,485.8,483.37,485.79,145195
2026-07-30 10:58:00,485.76,486.7795,485.3196,486.14,124203
2026-07-30 10:59:00,486.38,486.7818,484.505,484.9299,96852
2026-07-30 11:00:00,484.51,484.88,483.1,483.835,94572
2026-07-30 11:01:00,483.835,485.89,483.662,485.841,85322
2026-07-30 11:02:00,485.665,487.77,485.45,487.4106,107700
2026-07-30 11:03:00,487.84,489.2,487.4523,488.15,95192
2026-07-30 11:04:00,488.52,489.27,487.4901,488.6205,84730
2026-07-30 11:05:00,488.75,489.1999,487.7206,488.96,53370
2026-07-30 11:06:00,488.96,489.9,487.51,487.51,96274
2026-07-30 11:07:00,487.75,487.8099,485.2105,486.02,101077
2026-07-30 11:08:00,485.86,486.9899,485.09,486.695,65207
2026-07-30 11:09:00,486.695,488.64,486.695,488.03,86031
2026-07-30 11:10:00,487.93,488.1,485.4,485.82,68833
2026-07-30 11:11:00,485.7275,486.1799,483.41,483.89,110505
2026-07-30 11:12:00,483.805,485.4895,483.5,485.18,69661
2026-07-30 11:13:00,484.97,485.2132,483.42,484.7881,67366
2026-07-30 11:14:00,484.77,485.87,484.31,484.84,75797
2026-07-30 11:15:00,484.82,486.1,484.33,486.0,76546
2026-07-30 11:16:00,486.0608,486.4999,485.236,485.3914,66863
2026-07-30 11:17:00,485.695,486.47,484.39,484.8,53553
2026-07-30 11:18:00,484.8446,485.24,483.915,485.2,60459
2026-07-30 11:19:00,485.3499,485.95,484.5,484.775,39397
2026-07-30 11:20:00,484.905,486.0999,484.7644,485.45,59899
2026-07-30 11:21:00,485.2517,487.7493,485.1801,486.68,99083
2026-07-30 11:22:00,486.64,486.71,485.7001,486.49,41050
2026-07-30 11:23:00,486.22,486.23,484.13,484.96,70535
2026-07-30 11:24:00,485.0,485.63,484.32,484.55,49060
2026-07-30 11:25:00,484.52,486.18,483.865,484.2,68260
2026-07-30 11:26:00,484.04,484.15,481.74,483.74,79304
2026-07-30 11:27:00,483.74,484.38,483.0,483.42,38311
2026-07-30 11:28:00,483.245,483.29,482.41,482.99,55622
2026-07-30 11:29:00,483.15,483.54,482.69,482.86,41750
2026-07-30 11:30:00,482.87,483.8021,482.4801,482.54,60238
2026-07-30 11:31:00,482.66,483.73,482.42,483.23,43885
2026-07-30 11:32:00,483.205,484.39,482.94,483.7036,75095
2026-07-30 11:33:00,483.32,483.9865,482.88,483.9865,31152
2026-07-30 11:34:00,484.0,484.1119,482.8049,483.515,49747
2026-07-30 11:35:00,483.7688,484.6966,483.36,483.63,49115
2026-07-30 11:36:00,483.77,484.7,483.655,484.08,50405
2026-07-30 11:37:00,484.05,484.1,482.54,482.55,70672
2026-07-30 11:38:00,482.66,483.23,482.13,482.925,54313
2026-07-30 11:39:00,483.2275,484.0,482.54,483.81,40661
2026-07-30 11:40:00,483.81,484.6,483.42,483.95,54100
2026-07-30 11:41:00,483.86,483.99,482.915,483.04,33078
2026-07-30 11:42:00,483.19,483.33,482.1,482.41,57262
2026-07-30 11:43:00,482.25,482.9875,481.9001,482.6324,34834
2026-07-30 11:44:00,483.0,484.21,482.65,482.82,44047
2026-07-30 11:45:00,482.98,484.25,482.81,484.0,45661
2026-07-30 11:46:00,484.0,485.2828,483.778,484.94,83212
2026-07-30 11:47:00,484.94,485.38,484.44,484.61,63345
2026-07-30 11:48:00,484.44,484.44,483.44,483.92,42522
2026-07-30 11:49:00,483.8,484.35,482.9752,484.18,53614
2026-07-30 11:50:00,484.02,484.4399,482.73,482.94,49185
2026-07-30 11:51:00,482.895,484.25,482.27,484.25,47244
2026-07-30 11:52:00,484.21,484.24,481.8701,482.665,56426
2026-07-30 11:53:00,482.71,483.55,482.2832,483.4,35315
2026-07-30 11:54:00,483.43,483.9963,482.83,483.9963,47004
2026-07-30 11:55:00,483.93,484.56,483.74,484.41,57477
2026-07-30 11:56:00,484.255,484.65,484.04,484.57,31748
2026-07-30 11:57:00,484.42,484.58,483.455,483.62,29954
2026-07-30 11:58:00,483.8,483.8,482.7,482.885,44553
2026-07-30 11:59:00,482.64,482.65,481.85,482.57,61620
2026-07-30 12:00:00,482.6,483.3,482.21,482.97,43422
2026-07-30 12:01:00,482.61,484.18,482.1,484.01,71192
2026-07-30 12:02:00,483.95,484.64,483.7,484.4183,50204
2026-07-30 12:03:00,484.36,485.45,484.36,485.298,63076
2026-07-30 12:04:00,485.06,486.26,485.03,486.005,56415
2026-07-30 12:05:00,485.7801,487.34,485.74,486.78,101092
2026-07-30 12:06:00,487.03,487.44,486.1,486.19,56062
2026-07-30 12:07:00,486.27,486.545,485.91,486.545,49274
2026-07-30 12:08:00,486.59,486.7847,486.125,486.6617,31676
2026-07-30 12:09:00,486.2801,486.86,485.79,486.07,63147
2026-07-30 12:10:00,486.135,486.65,485.6101,486.09,39718
2026-07-30 12:11:00,486.26,486.57,485.72,486.3665,25928
2026-07-30 12:12:00,486.37,487.06,485.99,486.945,61396
2026-07-30 12:13:00,486.8753,487.76,486.8753,487.57,56325
2026-07-30 12:14:00,487.46,487.8,486.87,487.64,54220
2026-07-30 12:15:00,487.41,487.8599,486.87,487.0,48393
2026-07-30 12:16:00,486.87,487.5273,486.73,487.21,51394
2026-07-30 12:17:00,487.08,487.4999,486.62,487.4999,27662
2026-07-30 12:18:00,487.15,487.305,486.2,486.87,35571
2026-07-30 12:19:00,486.865,486.9844,485.69,485.775,37435
2026-07-30 12:20:00,485.745,486.34,485.28,486.0,41025
2026-07-30 12:21:00,485.82,486.0,485.42,485.86,44173
2026-07-30 12:22:00,485.5801,486.36,485.4,485.86,55626
2026-07-30 12:23:00,485.635,485.86,484.62,485.13,52112
2026-07-30 12:24:00,485.21,485.6799,484.96,485.16,37751
2026-07-30 12:25:00,485.09,485.33,484.88,485.15,35111
2026-07-30 12:26:00,485.115,485.35,484.81,485.04,46141
2026-07-30 12:27:00,485.04,486.17,484.9,485.84,46337
2026-07-30 12:28:00,486.17,486.17,485.46,485.7,33772
2026-07-30 12:29:00,485.5688,485.99,485.39,485.7,26640
2026-07-30 12:30:00,485.705,485.95,484.0,484.045,70907
2026-07-30 12:31:00,484.045,484.34,483.32,484.125,50374
2026-07-30 12:32:00,484.19,484.19,483.33,484.09,24884
2026-07-30 12:33:00,484.16,484.289,483.67,483.765,22767
2026-07-30 12:34:00,483.68,483.91,483.2301,483.815,32811
2026-07-30 12:35:00,483.98,484.7498,483.37,483.47,46092
2026-07-30 12:36:00,483.57,484.23,483.36,484.045,21043
2026-07-30 12:37:00,484.05,484.36,483.77,483.84,22953
2026-07-30 12:38:00,483.87,484.44,483.65,483.8601,28499
2026-07-30 12:39:00,484.06,484.5,483.92,484.09,23193
2026-07-30 12:40:00,484.15,484.16,482.5,482.6825,45878
2026-07-30 12:41:00,482.71,482.84,481.9517,482.43,50761
2026-07-30 12:42:00,482.52,482.61,482.0007,482.35,33240
2026-07-30 12:43:00,482.35,482.8399,481.74,482.45,43418
2026-07-30 12:44:00,482.19,482.59,481.91,482.37,37315
2026-07-30 12:45:00,482.225,483.75,482.225,483.205,44631
2026-07-30 12:46:00,483.32,483.88,483.21,483.7299,32497
2026-07-30 12:47:00,483.49,483.9,483.22,483.37,33559
2026-07-30 12:48:00,483.3175,483.49,482.66,483.04,33676
2026-07-30 12:49:00,482.9648,483.9,482.9648,483.9,30520
2026-07-30 12:50:00,484.0,484.12,483.27,483.8,41760
2026-07-30 12:51:00,484.2,485.3,483.98,485.3,34071
2026-07-30 12:52:00,485.4104,485.77,484.81,485.23,28027
2026-07-30 12:53:00,485.13,485.13,484.09,484.215,36592
2026-07-30 12:54:00,484.15,484.45,484.15,484.305,25728
2026-07-30 12:55:00,484.48,485.11,484.2,485.11,30073
2026-07-30 12:56:00,484.985,485.48,484.78,485.0,23096
2026-07-30 12:57:00,485.2,485.675,485.12,485.3201,24380
2026-07-30 12:58:00,485.315,485.6,484.9601,485.34,35904
2026-07-30 12:59:00,485.5699,486.31,485.3,485.9,39351
2026-07-30 13:00:00,485.82,487.0,485.82,486.15,61177
2026-07-30 13:01:00,486.11,487.0,485.76,486.625,43386
2026-07-30 13:02:00,486.75,486.77,485.2107,485.395,32914
2026-07-30 13:03:00,485.395,485.6991,485.22,485.415,20676
2026-07-30 13:04:00,485.56,485.96,485.4392,485.82,18282
2026-07-30 13:05:00,485.9207,486.0066,485.47,485.6804,19833
2026-07-30 13:06:00,485.7903,486.4488,485.6,486.28,38014
2026-07-30 13:07:00,486.07,486.21,485.5,485.82,35168
2026-07-30 13:08:00,485.94,486.41,485.85,486.3,16807
2026-07-30 13:09:00,486.12,486.12,485.4,485.62,24535
2026-07-30 13:10:00,485.59,486.3,485.471,485.5756,32925
2026-07-30 13:11:00,485.755,486.28,485.4941,486.17,22383
2026-07-30 13:12:00,486.27,486.32,485.65,485.74,46289
2026-07-30 13:13:00,485.85,486.0,485.6101,485.725,19494
2026-07-30 13:14:00,485.7301,485.97,485.5,485.795,27588
2026-07-30 13:15:00,485.7,486.136,485.55,485.74,34875
2026-07-30 13:16:00,485.88,486.67,485.64,486.5167,41021
2026-07-30 13:17:00,486.42,486.94,486.42,486.6208,23212
2026-07-30 13:18:00,486.71,487.19,486.53,486.835,49003
2026-07-30 13:19:00,486.99,487.9303,486.62,487.78,38080
2026-07-30 13:20:00,487.66,488.31,487.475,488.27,84178
2026-07-30 13:21:00,488.195,488.44,487.59,487.865,49054
2026-07-30 13:22:00,487.9,488.15,487.1234,487.92,123245
2026-07-30 13:23:00,488.0,488.75,487.94,488.605,37608
2026-07-30 13:24:00,488.45,488.9899,488.19,488.3447,44636
2026-07-30 13:25:00,488.485,488.5754,487.8701,488.13,52181
2026-07-30 13:26:00,488.22,488.7,488.07,488.695,31481
2026-07-30 13:27:00,488.695,489.0,488.5,488.65,30573
2026-07-30 13:28:00,488.68,488.68,487.64,488.025,38015
2026-07-30 13:29:00,488.02,488.2,487.61,487.885,24620
2026-07-30 13:30:00,487.885,488.4199,487.885,488.11,20820
2026-07-30 13:31:00,487.98,487.9904,487.65,487.775,45277
2026-07-30 13:32:00,487.8325,488.47,487.8325,488.0,31634
2026-07-30 13:33:00,488.1,488.43,487.52,488.045,57552
2026-07-30 13:34:00,487.98,488.42,487.81,488.29,28078
2026-07-30 13:35:00,488.13,488.83,487.96,488.265,38615
2026-07-30 13:36:00,488.15,488.15,487.65,487.86,35848
2026-07-30 13:37:00,487.88,488.24,487.6,487.65,36214
2026-07-30 13:38:00,487.63,487.73,486.66,487.15,42591
2026-07-30 13:39:00,487.245,487.3899,486.67,486.69,35632
2026-07-30 13:40:00,486.67,487.37,486.67,487.16,39617
2026-07-30 13:41:00,487.16,487.55,487.0,487.41,21919
2026-07-30 13:42:00,487.59,487.6,486.929,487.1214,27953
2026-07-30 13:43:00,487.07,487.96,487.07,487.76,26421
2026-07-30 13:44:00,487.51,488.04,487.43,487.85,42421
2026-07-30 13:45:00,487.85,488.25,487.7301,487.89,38403
2026-07-30 13:46:00,487.8962,488.27,487.88,488.11,27815
2026-07-30 13:47:00,488.11,488.55,488.07,488.308,33308
2026-07-30 13:48:00,488.22,488.54,488.0601,488.1338,35296
2026-07-30 13:49:00,488.12,488.2084,487.3,487.4,34331
2026-07-30 13:50:00,487.4558,487.73,487.25,487.71,25605
2026-07-30 13:51:00,487.71,488.3999,487.64,488.18,18418
2026-07-30 13:52:00,488.34,488.3995,487.5205,487.77,31955
2026-07-30 13:53:00,487.83,487.93,487.35,487.62,27621
2026-07-30 13:54:00,487.64,488.31,487.61,488.14,22818
2026-07-30 13:55:00,488.03,488.23,487.36,487.81,35034
2026-07-30 13:56:00,487.52,488.0,487.52,487.9,15883
2026-07-30 13:57:00,487.9,488.25,487.66,487.83,18453
2026-07-30 13:58:00,487.89,488.03,487.69,487.89,21304
2026-07-30 13:59:00,487.92,488.36,487.92,488.16,30046
2026-07-30 14:00:00,488.28,489.2399,488.24,488.65,42674
2026-07-30 14:01:00,488.665,489.0,488.47,488.785,26073
2026-07-30 14:02:00,488.65,488.7999,488.1901,488.46,38585
2026-07-30 14:03:00,488.61,488.735,488.12,488.1331,37789
2026-07-30 14:04:00,488.27,488.6,487.6,487.82,45512
2026-07-30 14:05:00,487.87,488.748,487.63,487.925,43183
2026-07-30 14:06:00,487.7701,488.73,487.7701,488.55,16901
2026-07-30 14:07:00,488.7499,488.75,488.32,488.4,28844
2026-07-30 14:08:00,488.39,488.899,488.01,488.715,26558
2026-07-30 14:09:00,488.715,489.16,488.2101,488.56,41560
2026-07-30 14:10:00,488.675,488.8949,488.24,488.48,19834
2026-07-30 14:11:00,488.425,488.58,488.28,488.5252,14058
2026-07-30 14:12:00,488.515,488.85,487.71,488.74,57711
2026-07-30 14:13:00,488.74,488.7783,488.2201,488.59,66994
2026-07-30 14:14:00,488.57,488.76,488.13,488.58,31148
2026-07-30 14:15:00,488.585,488.68,487.75,487.865,109098
2026-07-30 14:16:00,488.0199,488.0199,487.395,487.57,41032
2026-07-30 14:17:00,487.6343,487.6343,486.93,487.5,35043
2026-07-30 14:18:00,487.36,487.415,486.8,487.0,21249
2026-07-30 14:19:00,487.07,487.07,485.82,486.38,43733
2026-07-30 14:20:00,486.29,487.06,486.11,486.92,26460
2026-07-30 14:21:00,486.81,488.0499,486.65,487.93,60072
2026-07-30 14:22:00,487.835,488.239,487.23,488.239,71086
2026-07-30 14:23:00,488.2286,488.275,487.6,487.73,30249
2026-07-30 14:24:00,487.72,488.06,487.6,487.765,57341
2026-07-30 14:25:00,487.76,488.2,487.69,488.015,27278
2026-07-30 14:26:00,488.14,488.32,487.88,488.185,19221
2026-07-30 14:27:00,488.1464,488.539,487.8082,488.0187,34700
2026-07-30 14:28:00,487.8,488.46,487.8,488.22,17887
2026-07-30 14:29:00,488.215,488.48,487.95,488.3,20787
2026-07-30 14:30:00,488.395,489.2877,488.29,489.2136,33303
2026-07-30 14:31:00,489.195,489.2558,488.1301,488.305,44854
2026-07-30 14:32:00,488.5199,488.5199,487.9,488.07,23758
2026-07-30 14:33:00,488.075,488.56,488.075,488.485,18473
2026-07-30 14:34:00,488.54,488.54,487.99,488.19,19907
2026-07-30 14:35:00,488.03,488.13,487.6601,488.1252,29697
2026-07-30 14:36:00,488.025,488.13,487.21,487.71,92497
2026-07-30 14:37:00,487.71,488.1299,487.41,487.6918,28795
2026-07-30 14:38:00,487.8,488.3118,487.48,487.48,38696
2026-07-30 14:39:00,487.49,487.615,486.8152,487.01,42002
2026-07-30 14:40:00,486.98,487.56,486.91,487.44,24358
2026-07-30 14:41:00,487.33,487.44,486.5,486.66,47426
2026-07-30 14:42:00,486.78,487.208,486.55,486.875,18583
2026-07-30 14:43:00,487.135,487.427,486.8592,487.31,19195
2026-07-30 14:44:00,487.32,487.64,487.03,487.6,28591
2026-07-30 14:45:00,487.55,487.7,487.21,487.33,31480
2026-07-30 14:46:00,487.1951,487.9995,487.18,487.875,42876
2026-07-30 14:47:00,487.9,488.0,487.4801,487.4801,26877
2026-07-30 14:48:00,487.63,487.96,487.5,487.915,24142
2026-07-30 14:49:00,487.84,487.925,487.26,487.51,44835
2026-07-30 14:50:00,487.39,487.8,486.2869,486.375,48888
2026-07-30 14:51:00,486.38,486.39,485.275,485.5,31671
2026-07-30 14:52:00,485.5,486.0299,485.26,485.87,37854
2026-07-30 14:53:00,485.94,486.0695,485.64,485.8,32255
2026-07-30 14:54:00,485.855,486.08,485.3001,485.405,21105
2026-07-30 14:55:00,485.46,485.9699,485.21,485.865,60826
2026-07-30 14:56:00,485.86,486.33,485.2001,486.1699,116299
2026-07-30 14:57:00,486.17,486.25,485.3237,485.87,28683
2026-07-30 14:58:00,486.06,486.06,485.6119,485.995,31640
2026-07-30 14:59:00,485.93,486.66,485.85,486.5,51898
2026-07-30 15:00:00,486.56,487.13,486.2901,487.0,37234
2026-07-30 15:01:00,487.0796,487.55,486.4601,486.8,42670
2026-07-30 15:02:00,486.8542,487.4421,486.65,487.15,20208
2026-07-30 15:03:00,487.15,487.19,486.6101,486.71,40960
2026-07-30 15:04:00,486.57,487.08,486.55,486.99,29820
2026-07-30 15:05:00,487.06,487.58,486.885,487.42,43994
2026-07-30 15:06:00,487.39,489.095,487.165,489.095,82364
2026-07-30 15:07:00,489.145,489.99,489.04,489.23,127912
2026-07-30 15:08:00,489.21,489.96,489.0,489.825,136702
2026-07-30 15:09:00,489.85,490.4,489.39,489.8799,87703
2026-07-30 15:10:00,489.58,490.36,489.54,490.33,66879
2026-07-30 15:11:00,490.19,490.94,490.19,490.63,79605
2026-07-30 15:12:00,490.68,491.96,490.68,491.7892,96639
2026-07-30 15:13:00,491.73,491.96,491.4,491.56,69992
2026-07-30 15:14:00,491.485,491.49,490.31,490.3108,95709
2026-07-30 15:15:00,490.31,490.405,489.44,489.495,59765
2026-07-30 15:16:00,489.45,490.86,489.45,490.7,58466
2026-07-30 15:17:00,490.84,491.0,490.43,490.97,40460
2026-07-30 15:18:00,491.0,491.09,490.6601,490.8,53837
2026-07-30 15:19:00,490.6742,490.73,490.03,490.06,48577
2026-07-30 15:20:00,490.01,490.3195,489.18,489.18,47449
2026-07-30 15:21:00,489.26,489.35,488.5216,488.585,51882
2026-07-30 15:22:00,488.52,488.67,488.0701,488.635,44798
2026-07-30 15:23:00,488.7,489.7299,488.65,489.19,62579
2026-07-30 15:24:00,489.0,489.23,488.74,488.76,41067
2026-07-30 15:25:00,488.735,488.85,487.62,487.81,72619
2026-07-30 15:26:00,487.75,488.4,487.2313,488.2,58207
2026-07-30 15:27:00,488.03,488.33,487.47,487.88,52579
2026-07-30 15:28:00,488.01,488.18,487.86,487.92,49274
2026-07-30 15:29:00,487.975,488.0,487.3,487.6456,48356
2026-07-30 15:30:00,487.4,488.3799,487.22,488.27,51679
2026-07-30 15:31:00,488.2,488.2,487.1,487.37,57346
2026-07-30 15:32:00,487.69,488.2,487.53,487.725,46801
2026-07-30 15:33:00,487.81,488.86,487.81,488.61,67162
2026-07-30 15:34:00,488.615,488.88,487.945,488.365,70776
2026-07-30 15:35:00,488.44,488.86,488.15,488.175,44825
2026-07-30 15:36:00,488.1104,488.2,487.3101,487.4348,62567
2026-07-30 15:37:00,487.495,488.25,487.495,487.91,42696
2026-07-30 15:38:00,487.9,488.59,487.85,487.99,50523
2026-07-30 15:39:00,488.0,488.07,487.69,487.83,44308
2026-07-30 15:40:00,487.75,488.0,487.35,487.7,52366
2026-07-30 15:41:00,487.69,488.05,487.5308,487.89,34231
2026-07-30 15:42:00,487.865,487.865,487.185,487.46,53177
2026-07-30 15:43:00,487.365,487.975,487.25,487.5249,35455
2026-07-30 15:44:00,487.55,487.64,487.09,487.37,52526
2026-07-30 15:45:00,487.26,487.89,487.21,487.6,69394
2026-07-30 15:46:00,487.6,487.8,487.19,487.51,33595
2026-07-30 15:47:00,487.4,487.75,487.16,487.4,52956
2026-07-30 15:48:00,487.39,487.4,486.84,487.11,64338
2026-07-30 15:49:00,487.11,487.43,486.92,487.19,71280
2026-07-30 15:50:00,487.19,488.0,486.3,487.765,194860
2026-07-30 15:51:00,487.64,488.01,486.8,487.24,117061
2026-07-30 15:52:00,487.24,487.8046,486.8508,486.96,153037
2026-07-30 15:53:00,487.15,487.2438,486.2,486.285,117284
2026-07-30 15:54:00,486.2,488.33,486.105,486.46,182721
2026-07-30 15:55:00,486.24,486.24,484.5,485.03,130069
2026-07-30 15:56:00,484.95,486.0,484.74,485.535,132793
2026-07-30 15:57:00,485.5,485.8399,485.03,485.44,118434
2026-07-30 15:58:00,485.44,486.0,485.28,485.52,202864
2026-07-30 15:59:00,485.58,486.6,484.895,485.585,537294
2026-07-30 16:00:00,484.4,485.9466,484.0,485.11,0
2026-07-30 16:01:00,484.9,486.8,484.9,486.8,0
2026-07-30 16:02:00,486.8,487.9999,485.6,487.9675,0
2026-07-30 16:03:00,487.4695,489.0,485.39,487.32,0
2026-07-30 16:04:00,486.71,487.8,485.39,487.32,0
2026-07-30 16:05:00,487.5,489.0,485.39,488.72,0
2026-07-30 16:06:00,488.35,489.0,487.16,487.16,0
2026-07-30 16:07:00,487.16,488.65,486.71,487.97,0
2026-07-30 16:08:00,487.8,488.55,486.7201,487.7456,0
2026-07-30 16:09:00,487.25,487.89,486.0,487.56,0
2026-07-30 16:10:00,487.0,487.24,485.39,486.04,0
2026-07-30 16:11:00,486.0765,487.5,486.0,486.2192,0
2026-07-30 16:12:00,487.0,487.5,486.5,486.88,0
2026-07-30 16:13:00,486.6615,488.0,486.6615,488.0,0
2026-07-30 16:14:00,487.75,488.0,487.25,487.44,0
2026-07-30 16:15:00,485.39,488.0,485.39,487.0,0
2026-07-30 16:16:00,487.0,487.73,486.0,487.0,0
2026-07-30 16:17:00,486.73,486.8,486.0,486.4,0
2026-07-30 16:18:00,486.3764,487.0645,486.1175,487.0125,0
2026-07-30 16:19:00,487.01,487.74,487.0,487.6354,0
2026-07-30 16:20:00,487.5,488.76,487.1634,488.513,0
2026-07-30 16:21:00,488.4,488.6,487.01,488.08,0
2026-07-30 16:22:00,487.5455,488.5,487.01,488.0735,0
2026-07-30 16:23:00,488.0622,488.5,487.8,488.3,0
2026-07-30 16:24:00,488.4273,489.58,488.1,489.1,0
2026-07-30 16:25:00,489.6,489.6,488.9312,489.3891,0
2026-07-30 16:26:00,489.3106,489.99,489.3,489.78,0
2026-07-30 16:27:00,489.4855,489.99,489.22,489.99,0
2026-07-30 16:28:00,489.6,489.99,489.4,489.98,0
2026-07-30 16:29:00,489.9,490.0,489.23,489.904,0
2026-07-30 16:30:00,490.0,490.0,488.0,488.0,0
2026-07-30 16:31:00,488.53,489.2,488.0,489.2,0
2026-07-30 16:32:00,488.11,489.19,485.39,489.05,0
2026-07-30 16:33:00,489.1439,489.92,488.2301,488.96,0
2026-07-30 16:34:00,489.75,489.75,485.39,489.59,0
2026-07-30 16:35:00,489.5,489.99,488.72,489.3861,0
2026-07-30 16:36:00,489.01,489.5,488.5,489.0,0
2026-07-30 16:37:00,488.8715,489.49,488.23,489.0,0
2026-07-30 16:38:00,489.1764,489.1764,488.23,488.92,0
2026-07-30 16:39:00,489.0,489.0,488.3,488.52,0
2026-07-30 16:40:00,488.5814,488.8,488.19,488.5,0
2026-07-30 16:41:00,488.7306,488.8,488.3,488.315,0
2026-07-30 16:42:00,488.68,489.2,485.39,489.2,0
2026-07-30 16:43:00,489.28,489.98,488.7,489.3,0
2026-07-30 16:44:00,489.7,489.9,489.3,489.68,0
2026-07-30 16:45:00,489.46,489.67,488.7,489.3,0
2026-07-30 16:46:00,489.39,489.39,488.7,489.0,0
2026-07-30 16:47:00,488.7,489.35,488.7,489.14,0
2026-07-30 16:48:00,488.7,489.3,488.7,489.0,0
2026-07-30 16:49:00,488.99,489.35,488.7,489.25,0
2026-07-30 16:50:00,489.25,489.35,488.72,489.2,0
2026-07-30 16:51:00,488.91,489.35,488.8,489.14,0
2026-07-30 16:52:00,489.0,489.6,488.75,489.0,0
2026-07-30 16:53:00,488.9937,489.6,488.75,489.1098,0
2026-07-30 16:54:00,489.5,489.55,489.0,489.4578,0
2026-07-30 16:55:00,489.0001,489.91,489.0,489.5,0
2026-07-30 16:56:00,489.8505,489.91,489.64,489.75,0
2026-07-30 16:57:00,489.8,489.91,489.5,489.9097,0
2026-07-30 16:58:00,489.82,489.91,489.55,489.91,0
2026-07-30 16:59:00,489.73,489.91,489.5,489.59,0
2026-07-30 17:00:00,489.8498,489.91,489.6,489.91,0
2026-07-30 17:01:00,489.8,490.27,489.5,489.53,0
2026-07-30 17:02:00,490.29,490.89,489.75,490.8267,0
2026-07-30 17:03:00,490.7444,491.64,489.7785,491.5,0
2026-07-30 17:04:00,491.4563,491.65,490.4,491.0001,0
2026-07-30 17:05:00,491.34,492.0,491.0,492.0,0
2026-07-30 17:06:00,491.5,492.0,491.0,491.2,0
2026-07-30 17:07:00,491.6,491.75,490.1634,491.5,0
2026-07-30 17:08:00,491.4,491.8,490.62,491.4,0
2026-07-30 17:09:00,491.56,491.69,484.1068,491.173,0
2026-07-30 17:10:00,491.4634,491.4634,491.15,491.4131,0
2026-07-30 17:11:00,491.234,491.6,480.0023,491.2523,0
2026-07-30 17:12:00,491.42,491.44,490.5275,491.09,0
2026-07-30 17:13:00,491.05,491.5997,490.2564,491.5997,0
2026-07-30 17:14:00,491.0,491.5,490.01,491.28,0
2026-07-30 17:15:00,491.5,491.96,456.7247,491.54,0
2026-07-30 17:16:00,491.54,492.5,491.07,492.3,0
2026-07-30 17:17:00,492.345,492.7,458.29,492.7,0
2026-07-30 17:18:00,492.1013,492.8,458.29,492.8,0
2026-07-30 17:19:00,492.8,494.75,492.62,494.1084,0
2026-07-30 17:20:00,494.0,494.75,485.39,493.1937,0
2026-07-30 17:21:00,493.88,494.24,493.0,493.21,0
2026-07-30 17:22:00,493.1332,494.0,493.0,493.98,0
2026-07-30 17:23:00,493.31,494.0,493.0,493.5,0
2026-07-30 17:24:00,493.5,494.0,493.1,493.23,0
2026-07-30 17:25:00,493.5,494.1,493.1,494.0,0
2026-07-30 17:26:00,493.8,494.92,493.1,494.38,0
2026-07-30 17:27:00,494.77,494.92,493.75,494.8058,0
2026-07-30 17:28:00,494.92,496.4014,494.1517,496.4014,0
2026-07-30 17:29:00,496.16,496.4,495.01,495.35,0
2026-07-30 17:30:00,495.52,496.0,494.1937,494.6845,0
2026-07-30 17:31:00,494.124,495.25,494.0,494.5,0
2026-07-30 17:32:00,494.78,495.0,492.54,494.55,0
2026-07-30 17:33:00,495.0,495.0,493.5,494.4,0
2026-07-30 17:34:00,494.4,495.0,494.0,494.21,0
2026-07-30 17:35:00,494.205,495.0,494.0,494.85,0
2026-07-30 17:36:00,494.85,495.0,494.01,494.38,0
2026-07-30 17:37:00,494.1214,494.9,493.5,493.5,0
2026-07-30 17:38:00,493.9169,494.1,493.5,494.06,0
2026-07-30 17:39:00,493.92,494.75,485.39,494.15,0
2026-07-30 17:40:00,494.15,494.6028,493.7,493.81,0
2026-07-30 17:41:00,493.6,494.77,493.6,494.77,0
2026-07-30 17:42:00,494.03,494.77,493.6,494.7688,0
2026-07-30 17:43:00,494.01,494.77,493.7813,494.14,0
2026-07-30 17:44:00,494.5,494.77,494.27,494.77,0
2026-07-30 17:45:00,494.302,494.77,494.0,494.7,0
2026-07-30 17:46:00,494.68,495.05,494.68,495.01,0
2026-07-30 17:47:00,495.01,495.25,495.0,495.25,0
2026-07-30 17:48:00,495.18,495.45,495.1,495.26,0
2026-07-30 17:49:00,495.13,495.49,494.2602,495.2876,0
2026-07-30 17:50:00,494.31,495.49,494.2864,494.92,0
2026-07-30 17:51:00,494.6471,495.47,494.6471,495.0,0
2026-07-30 17:52:00,495.1857,495.4138,494.64,494.94,0
2026-07-30 17:53:00,494.6257,495.49,494.6257,494.96,0
2026-07-30 17:54:00,495.27,495.29,494.5,495.0,0
2026-07-30 17:55:00,494.6437,494.96,494.09,494.27,0
2026-07-30 17:56:00,494.27,494.27,493.0,493.8915,0
2026-07-30 17:57:00,493.3,493.89,492.0,492.48,0
2026-07-30 17:58:00,492.1395,493.0,492.0,492.97,0
2026-07-30 17:59:00,492.5,493.185,492.0,492.12,0
2026-07-30 18:00:00,493.0,494.0,492.0,494.0,0
2026-07-30 18:01:00,493.77,495.5,493.0,495.025,0
2026-07-30 18:02:00,495.4225,495.74,495.0,495.2,0
2026-07-30 18:03:00,495.2,495.98,495.1572,495.79,0
2026-07-30 18:04:00,495.85,496.2862,495.85,495.8865,0
2026-07-30 18:05:00,495.88,496.32,495.33,495.89,0
2026-07-30 18:06:00,496.0,496.01,495.3301,495.96,0
2026-07-30 18:07:00,495.67,496.33,495.5,496.062,0
2026-07-30 18:08:00,496.2,497.0,496.12,496.9622,0
2026-07-30 18:09:00,496.99,497.6,496.97,497.1045,0
2026-07-30 18:10:00,497.12,497.65,497.12,497.6342,0
2026-07-30 18:11:00,497.6425,498.2,497.3,498.19,0
2026-07-30 18:12:00,498.2,498.8,497.65,498.0,0
2026-07-30 18:13:00,497.9,498.42,497.31,497.65,0
2026-07-30 18:14:00,497.3505,497.8,497.18,497.8,0
2026-07-30 18:15:00,497.8616,498.4751,497.0,498.4751,0
2026-07-30 18:16:00,498.5,499.9,498.42,499.8,0
2026-07-30 18:17:00,499.65,499.9,499.5,499.55,0
2026-07-30 18:18:00,499.8296,499.9,498.8642,498.8642,0
2026-07-30 18:19:00,498.89,499.7425,498.57,499.68,0
2026-07-30 18:20:00,499.5,499.9,499.08,499.225,0
2026-07-30 18:21:00,499.5,499.9,499.08,499.1,0
2026-07-30 18:22:00,499.1,499.6,499.1,499.38,0
2026-07-30 18:23:00,499.14,499.2919,498.0,498.0701,0
2026-07-30 18:24:00,498.2,499.0,498.0,498.51,0
2026-07-30 18:25:00,498.0,499.38,498.0,498.6,0
2026-07-30 18:26:00,499.0,499.38,498.12,499.35,0
2026-07-30 18:27:00,499.3502,499.3838,498.75,499.0,0
2026-07-30 18:28:00,499.5,499.5,498.12,499.3,0
2026-07-30 18:29:00,499.0,499.5,498.843,499.0613,0
2026-07-30 18:30:00,499.4,499.5,499.0,499.3763,0
2026-07-30 18:31:00,499.08,499.17,498.0,498.36,0
2026-07-30 18:32:00,498.01,498.99,498.0,498.4,0
2026-07-30 18:33:00,498.636,498.99,498.0,498.76,0
2026-07-30 18:34:00,498.6,499.1497,498.0,499.0,0
2026-07-30 18:35:00,498.0,499.2514,498.0,499.0,0
2026-07-30 18:36:00,498.89,499.3433,498.49,499.0,0
2026-07-30 18:37:00,499.25,499.28,498.5,499.28,0
2026-07-30 18:38:00,499.28,499.28,498.5,498.5,0
2026-07-30 18:39:00,498.5,499.21,498.5,499.0,0
2026-07-30 18:40:00,499.2,499.25,498.6085,499.0,0
2026-07-30 18:41:00,499.1825,499.1825,498.6085,499.02,0
2026-07-30 18:42:00,498.9,499.7,498.9,499.55,0
2026-07-30 18:43:00,499.23,499.69,499.0224,499.68,0
2026-07-30 18:44:00,499.4,499.6,499.0,499.5,0
2026-07-30 18:45:00,499.6,499.6,499.0,499.4,0
2026-07-30 18:46:00,499.48,499.53,499.0,499.0317,0
2026-07-30 18:47:00,499.3,499.5,498.9,499.37,0
2026-07-30 18:48:00,499.1,499.52,498.9961,499.01,0
2026-07-30 18:49:00,499.07,499.5,498.9,499.2521,0
2026-07-30 18:50:00,499.1,499.4,498.91,499.25,0
2026-07-30 18:51:00,499.4488,499.4888,498.99,499.03,0
2026-07-30 18:52:00,499.0,499.42,498.63,499.03,0
2026-07-30 18:53:00,499.06,499.39,498.93,499.1164,0
2026-07-30 18:54:00,499.3,499.3,499.0,499.0,0
2026-07-30 18:55:00,498.97,499.15,498.5,499.0,0
2026-07-30 18:56:00,499.0297,499.1,498.5,498.99,0
2026-07-30 18:57:00,498.81,499.1,498.51,498.93,0
2026-07-30 18:58:00,498.73,499.1,498.51,499.1,0
2026-07-30 18:59:00,498.87,498.87,498.0,498.58,0
2026-07-30 19:00:00,498.75,498.76,498.0,498.41,0
2026-07-30 19:01:00,498.6,499.1,498.49,499.1,0
2026-07-30 19:02:00,499.1987,499.3,498.91,499.08,0
2026-07-30 19:03:00,499.02,499.3,498.38,499.05,0
2026-07-30 19:04:00,499.0,499.3,499.0,499.25,0
2026-07-30 19:05:00,499.01,499.3,498.1,498.67,0
2026-07-30 19:06:00,498.74,499.3,498.1,498.8201,0
2026-07-30 19:07:00,498.76,499.0,498.565,498.73,0
2026-07-30 19:08:00,498.73,499.0,498.13,498.2261,0
2026-07-30 19:09:00,498.2323,498.79,497.18,497.18,0
2026-07-30 19:10:00,497.81,498.0,497.0,497.0,0
2026-07-30 19:11:00,497.5,497.5,497.0,497.2607,0
2026-07-30 19:12:00,497.25,498.4,497.2,498.4,0
2026-07-30 19:13:00,497.6,498.46,497.35,498.46,0
2026-07-30 19:14:00,498.0,499.0,497.9275,498.8497,0
2026-07-30 19:15:00,498.5,498.5,497.3,498.27,0
2026-07-30 19:16:00,498.4399,498.44,497.3,498.1801,0
2026-07-30 19:17:00,498.291,498.37,497.8,498.0,0
2026-07-30 19:18:00,498.004,498.2917,497.2,497.5,0
2026-07-30 19:19:00,497.98,497.98,497.2,497.98,0
2026-07-30 19:20:00,497.98,498.27,497.28,497.54,0
2026-07-30 19:21:00,497.7,498.27,497.28,497.298,0
2026-07-30 19:22:00,497.3916,498.0,497.27,497.27,0
2026-07-30 19:23:00,497.5,497.8036,497.5,497.61,0
2026-07-30 19:24:00,497.6177,497.8,497.61,497.7,0
2026-07-30 19:25:00,497.88,498.3697,497.88,498.34,0
2026-07-30 19:26:00,498.36,498.37,498.15,498.37,0
2026-07-30 19:27:00,498.21,498.35,497.6,498.21,0
2026-07-30 19:28:00,498.0,498.35,498.0,498.0,0
2026-07-30 19:29:00,498.0507,498.44,497.7,497.8147,0
2026-07-30 19:30:00,498.0613,498.44,498.0,498.43,0
2026-07-30 19:31:00,498.25,498.98,498.0,498.75,0
2026-07-30 19:32:00,498.98,498.98,498.07,498.71,0
2026-07-30 19:33:00,498.75,498.9,498.09,498.73,0
2026-07-30 19:34:00,498.75,498.9,498.37,498.75,0
2026-07-30 19:35:00,498.7,498.8999,498.562,498.6,0
2026-07-30 19:36:00,498.8,498.9,498.52,498.72,0
2026-07-30 19:37:00,498.71,498.9,498.57,498.76,0
2026-07-30 19:38:00,498.6,498.8,498.09,498.69,0
2026-07-30 19:39:00,498.4654,498.9,498.1,498.3155,0
2026-07-30 19:40:00,498.7,499.25,498.493,499.1,0
2026-07-30 19:41:00,499.12,499.65,499.0,499.51,0
2026-07-30 19:42:00,499.5,499.65,499.0,499.1,0
2026-07-30 19:43:00,499.65,499.65,499.0,499.26,0
2026-07-30 19:44:00,499.49,499.5,499.25,499.48,0
2026-07-30 19:45:00,499.49,499.97,499.48,499.97,0
2026-07-30 19:46:00,499.52,500.0,499.52,499.6392,0
2026-07-30 19:47:00,500.0,500.0,499.5001,499.99,0
2026-07-30 19:48:00,499.9256,500.0,499.5,499.77,0
2026-07-30 19:49:00,499.7,499.9,499.7,499.89,0
2026-07-30 19:50:00,499.89,499.9,499.22,499.493,0
2026-07-30 19:51:00,499.39,499.6,499.22,499.2201,0
2026-07-30 19:52:00,499.7,500.0,499.22,499.88,0
2026-07-30 19:53:00,499.9,499.9,499.22,499.89,0
2026-07-30 19:54:00,499.75,499.8,499.22,499.7101,0
2026-07-30 19:55:00,499.3099,499.8,499.3099,499.7999,0
2026-07-30 19:56:00,499.8,499.8,499.22,499.7,0
2026-07-30 19:57:00,499.7,499.8,499.51,499.8,0
2026-07-30 19:58:00,499.69,499.7975,499.51,499.5799,0
2026-07-30 19:59:00,499.58,499.58,499.2,499.3,0
2026-07-31 04:00:00,505.33,507.43,496.53,503.0,0
2026-07-31 04:01:00,504.13,507.78,496.35,498.26,0
2026-07-31 04:02:00,498.27,507.64,497.17,501.3,0
2026-07-31 04:03:00,502.0,502.0,500.654,501.0,0
2026-07-31 04:04:00,500.97,502.39,500.0,501.01,0
2026-07-31 04:05:00,501.0,504.6,498.0,503.09,0
2026-07-31 04:06:00,502.0,506.0,501.8,505.0,0
2026-07-31 04:07:00,502.0222,507.3,496.78,498.5,0
2026-07-31 04:08:00,503.5988,503.5988,497.51,501.0,0
2026-07-31 04:09:00,500.76,501.9988,500.6,500.62,0
2026-07-31 04:10:00,501.9988,501.9988,499.5,499.6,0
2026-07-31 04:11:00,499.78,501.6,499.78,501.6,0
2026-07-31 04:12:00,501.0,501.8,500.43,501.74,0
2026-07-31 04:13:00,501.74,503.0,501.74,502.2782,0
2026-07-31 04:14:00,502.49,502.99,502.4775,502.78,0
2026-07-31 04:15:00,502.89,504.0965,502.89,503.61,0
2026-07-31 04:16:00,503.47,504.3,502.53,503.6,0
2026-07-31 04:17:00,503.5,503.57,502.85,503.1917,0
2026-07-31 04:18:00,503.56,504.0,502.53,503.0,0
2026-07-31 04:19:00,503.5014,504.4,503.26,504.3915,0
2026-07-31 04:20:00,504.3341,505.0,504.15,504.8,0
2026-07-31 04:21:00,504.8,506.0,504.025,506.0,0
2026-07-31 04:22:00,505.02,505.99,504.0,505.09,0
2026-07-31 04:23:00,505.09,505.37,504.26,504.49,0
2026-07-31 04:24:00,504.9625,504.9625,503.6,504.5,0
2026-07-31 04:25:00,504.6,505.99,504.6,505.37,0
2026-07-31 04:26:00,505.37,505.5212,504.4,505.3,0
2026-07-31 04:27:00,505.26,506.38,505.0247,506.28,0
2026-07-31 04:28:00,506.4739,506.8996,505.59,506.8996,0
2026-07-31 04:29:00,506.39,506.99,506.0,506.63,0
2026-07-31 04:30:00,506.99,506.99,505.6542,506.5,0
2026-07-31 04:31:00,506.97,507.25,506.78,507.23,0
2026-07-31 04:32:00,507.22,507.7975,506.99,507.03,0
2026-07-31 04:33:00,507.62,508.0,506.04,507.6499,0
2026-07-31 04:34:00,506.97,507.552,506.64,506.94,0
2026-07-31 04:35:00,507.0,507.0,506.1,506.38,0
2026-07-31 04:36:00,506.23,506.4,505.62,506.0,0
2026-07-31 04:37:00,506.4,506.9061,505.6,506.9061,0
2026-07-31 04:38:00,505.78,506.9218,505.59,506.0,0
2026-07-31 04:39:00,506.0,507.0,505.68,506.0,0
2026-07-31 04:40:00,505.66,506.8,505.0,505.0,0
2026-07-31 04:41:00,505.03,505.14,503.6385,504.965,0
2026-07-31 04:42:00,503.6012,505.95,503.6012,505.7,0
2026-07-31 04:43:00,505.8997,505.95,504.05,504.99,0
2026-07-31 04:44:00,505.0,505.3,504.495,505.0,0
2026-07-31 04:45:00,505.5,505.9625,504.5,504.76,0
2026-07-31 04:46:00,504.76,506.0,504.76,505.85,0
2026-07-31 04:47:00,505.85,506.5,504.8,506.5,0
2026-07-31 04:48:00,506.2657,506.51,506.19,506.19,0
2026-07-31 04:49:00,506.19,506.19,505.7,506.0,0
2026-07-31 04:50:00,505.65,506.24,504.8887,506.24,0
2026-07-31 04:51:00,506.0,506.0,505.72,505.72,0
2026-07-31 04:52:00,505.9988,506.0,505.0,505.0,0
2026-07-31 04:53:00,505.03,505.9123,504.79,505.9123,0
2026-07-31 04:54:00,505.48,505.99,505.1,505.99,0
2026-07-31 04:55:00,505.17,505.9888,504.79,505.01,0
2026-07-31 04:56:00,504.5372,506.0,504.5372,505.79,0
2026-07-31 04:57:00,506.17,506.27,504.8437,506.15,0
2026-07-31 04:58:00,504.785,506.15,504.785,505.5,0
2026-07-31 04:59:00,506.0,506.04,505.65,505.7,0
2026-07-31 05:00:00,506.04,506.8,505.39,506.2341,0
2026-07-31 05:01:00,506.36,506.9087,505.96,506.25,0
2026-07-31 05:02:00,507.0,507.0,506.05,506.79,0
2026-07-31 05:03:00,506.5,507.0,505.635,506.61,0
2026-07-31 05:04:00,506.78,507.8993,506.0412,507.64,0
2026-07-31 05:05:00,506.65,507.88,506.2237,506.2237,0
2026-07-31 05:06:00,506.78,507.63,506.5,507.63,0
2026-07-31 05:07:00,507.65,508.0,507.5,507.63,0
2026-07-31 05:08:00,507.62,508.0,507.0012,507.75,0
2026-07-31 05:09:00,507.975,508.0,507.0,507.5,0
2026-07-31 05:10:00,507.97,508.2,507.39,508.03,0
2026-07-31 05:11:00,508.09,508.38,507.53,507.82,0
2026-07-31 05:12:00,507.97,508.37,507.81,507.81,0
2026-07-31 05:13:00,507.81,507.95,507.54,507.61,0
2026-07-31 05:14:00,508.05,508.05,506.7,507.52,0
2026-07-31 05:15:00,507.51,508.0,507.15,507.5989,0
2026-07-31 05:16:00,507.76,508.0,506.52,506.77,0
2026-07-31 05:17:00,506.0,507.39,506.0,507.22,0
2026-07-31 05:18:00,507.29,508.0,506.4,506.4,0
2026-07-31 05:19:00,507.67,507.9988,506.4834,507.1907,0
2026-07-31 05:20:00,507.0,507.95,506.98,507.8,0
2026-07-31 05:21:00,507.7,507.7,507.0,507.0,0
2026-07-31 05:22:00,508.0,508.0,506.5,506.79,0
2026-07-31 05:23:00,506.44,507.47,506.0834,506.32,0
2026-07-31 05:24:00,507.5,507.5,506.0012,507.0,0
2026-07-31 05:25:00,506.52,507.0,506.2,506.8059,0
2026-07-31 05:26:00,506.44,507.0,506.3052,506.9988,0
2026-07-31 05:27:00,506.7,507.0,506.0175,506.0175,0
2026-07-31 05:28:00,506.17,506.7,504.87,504.87,0
2026-07-31 05:29:00,505.3,505.39,504.5,505.37,0
2026-07-31 05:30:00,505.21,505.87,504.5,505.0,0
2026-07-31 05:31:00,505.34,505.74,504.5678,505.19,0
2026-07-31 05:32:00,505.17,505.32,504.5,504.88,0
2026-07-31 05:33:00,504.5471,505.6,504.5471,505.36,0
2026-07-31 05:34:00,504.88,504.9832,503.9,504.0,0
2026-07-31 05:35:00,503.99,504.48,503.2212,504.0,0
2026-07-31 05:36:00,503.51,503.51,503.51,503.51,0
2026-07-31 05:37:00,503.51,504.34,503.46,503.83,0
2026-07-31 05:38:00,503.83,504.2,503.0,503.89,0
2026-07-31 05:39:00,503.01,503.8,502.56,503.2385,0
2026-07-31 05:40:00,503.4,503.93,503.4,503.4,0
2026-07-31 05:41:00,503.99,504.85,503.4512,504.47,0
2026-07-31 05:42:00,503.6012,505.0,503.6012,504.86,0
2026-07-31 05:43:00,504.6,504.86,503.6887,503.6887,0
2026-07-31 05:44:00,504.3,505.0,503.65,503.65,0
2026-07-31 05:45:00,503.6787,504.58,503.65,504.43,0
2026-07-31 05:46:00,504.43,504.8,504.43,504.8,0
2026-07-31 05:47:00,504.0012,504.23,504.0012,504.23,0
2026-07-31 05:48:00,504.89,505.17,504.78,505.17,0
2026-07-31 05:49:00,505.05,505.5,504.0012,504.0012,0
2026-07-31 05:50:00,504.9,506.0,504.78,505.11,0
2026-07-31 05:51:00,505.06,505.54,504.4,504.68,0
2026-07-31 05:52:00,504.83,505.65,504.83,504.83,0
2026-07-31 05:53:00,504.64,504.968,504.5,504.5,0
2026-07-31 05:54:00,504.73,505.0,504.56,504.56,0
2026-07-31 05:55:00,504.6,505.5,504.5,504.79,0
2026-07-31 05:56:00,504.23,504.23,502.77,503.13,0
2026-07-31 05:57:00,503.31,504.0,503.0,504.0,0
2026-07-31 05:58:00,503.4,504.0,503.0422,504.0,0
2026-07-31 05:59:00,504.0,504.365,503.0,503.93,0
2026-07-31 06:00:00,503.6,503.6,503.36,503.3886,0
2026-07-31 06:01:00,503.39,503.72,503.01,503.0547,0
2026-07-31 06:02:00,503.3146,503.8,502.61,503.0,0
2026-07-31 06:03:00,502.31,503.0,502.0,502.8,0
2026-07-31 06:04:00,502.3944,503.0,502.3944,503.0,0
2026-07-31 06:05:00,503.0,503.1,502.47,502.97,0
2026-07-31 06:06:00,503.09,503.5,502.8297,503.46,0
2026-07-31 06:07:00,503.46,504.51,503.0,504.51,0
2026-07-31 06:08:00,504.25,504.25,502.066,504.25,0
2026-07-31 06:09:00,504.0,504.0,504.0,504.0,0
2026-07-31 06:10:00,503.75,503.75,503.03,503.03,0
2026-07-31 06:11:00,503.12,504.25,503.12,504.25,0
2026-07-31 06:12:00,504.1,504.17,503.75,503.75,0
2026-07-31 06:13:00,505.0,505.49,504.3152,505.4525,0
2026-07-31 06:14:00,503.6991,505.5,503.6991,505.2673,0
2026-07-31 06:15:00,504.56,505.5,504.22,505.02,0
2026-07-31 06:16:00,505.11,505.11,504.41,504.4739,0
2026-07-31 06:17:00,504.27,504.5,504.2,504.5,0
2026-07-31 06:18:00,504.4875,504.5,504.0125,504.0125,0
2026-07-31 06:19:00,504.4049,504.66,504.22,504.59,0
2026-07-31 06:20:00,504.74,505.1,504.0,505.1,0
2026-07-31 06:21:00,505.04,505.0988,504.79,505.0,0
2026-07-31 06:22:00,504.91,505.08,504.81,504.81,0
2026-07-31 06:23:00,504.95,505.4997,504.95,505.05,0
2026-07-31 06:24:00,505.05,505.05,504.8,504.8115,0
2026-07-31 06:25:00,505.0,505.4725,504.57,505.3,0
2026-07-31 06:26:00,505.3,505.5,504.78,504.89,0
2026-07-31 06:27:00,504.89,505.13,504.0012,504.0012,0
2026-07-31 06:28:00,505.13,505.48,504.95,505.31,0
2026-07-31 06:29:00,505.25,505.4988,505.2499,505.3,0
2026-07-31 06:30:00,505.3,505.31,505.009,505.009,0
2026-07-31 06:31:00,505.47,505.47,505.03,505.03,0
2026-07-31 06:32:00,505.3,505.3,505.04,505.27,0
2026-07-31 06:33:00,505.04,505.09,505.0,505.0,0
2026-07-31 06:34:00,505.01,505.27,504.0375,505.16,0
2026-07-31 06:35:00,504.95,505.5,504.95,505.5,0
2026-07-31 06:36:00,505.5,505.5,504.95,504.95,0
2026-07-31 06:38:00,505.0,505.33,504.86,505.0,0
2026-07-31 06:39:00,505.33,505.33,505.33,505.33,0
2026-07-31 06:40:00,504.4,505.4725,504.4,504.83,0
2026-07-31 06:41:00,504.9,505.4042,504.0843,504.6,0
2026-07-31 06:42:00,504.0457,505.0,504.0457,504.84,0
2026-07-31 06:43:00,505.44,505.44,504.0457,504.97,0
2026-07-31 06:44:00,504.8,505.44,504.8,505.44,0
2026-07-31 06:45:00,505.2038,505.44,505.02,505.4042,0
2026-07-31 06:46:00,505.1961,505.44,505.0,505.4388,0
2026-07-31 06:47:00,505.44,505.44,504.114,505.02,0
2026-07-31 06:48:00,505.34,505.34,504.0,504.2539,0
2026-07-31 06:49:00,504.253,504.7997,503.98,504.33,0
2026-07-31 06:50:00,504.0,504.68,504.0,504.68,0
2026-07-31 06:51:00,504.5,504.5,504.5,504.5,0
2026-07-31 06:52:00,504.693,504.693,504.693,504.693,0
2026-07-31 06:53:00,504.1762,505.2,504.1762,505.2,0
2026-07-31 06:54:00,505.1453,505.1988,504.71,505.0,0
2026-07-31 06:55:00,505.2,505.2,504.26,504.54,0
2026-07-31 06:56:00,504.8,504.93,504.7,504.7,0
2026-07-31 06:57:00,505.2,505.2,505.0,505.0,0
2026-07-31 06:58:00,504.25,505.2,504.1,504.1,0
2026-07-31 06:59:00,504.47,504.7,504.0175,504.62,0
2026-07-31 07:00:00,504.3,506.7999,504.0,506.05,0
2026-07-31 07:01:00,506.78,508.5,506.15,508.0977,0
2026-07-31 07:02:00,508.48,509.0,508.04,508.9044,0
2026-07-31 07:03:00,508.7,509.35,508.1712,509.2,0
2026-07-31 07:04:00,508.75,509.2282,508.5,509.01,0
2026-07-31 07:05:00,509.14,509.33,508.19,509.2,0
2026-07-31 07:06:00,509.027,509.7999,509.0,509.35,0
2026-07-31 07:07:00,509.6481,509.8,509.04,509.8,0
2026-07-31 07:08:00,509.79,510.77,508.0,508.9225,0
2026-07-31 07:09:00,508.9239,509.68,508.4,509.68,0
2026-07-31 07:10:00,509.35,509.68,508.4,508.7395,0
2026-07-31 07:11:00,508.6,509.5,508.6,509.2,0
2026-07-31 07:12:00,508.6771,509.1687,508.2959,508.96,0
2026-07-31 07:13:00,508.96,509.0,508.2,508.5,0
2026-07-31 07:14:00,508.355,509.0,508.0,508.6962,0
2026-07-31 07:15:00,509.07,509.24,508.0,508.2125,0
2026-07-31 07:16:00,509.2,509.2,506.4,507.7267,0
2026-07-31 07:17:00,507.5,507.9988,506.5,507.96,0
2026-07-31 07:18:00,507.9365,507.99,507.0,507.1109,0
2026-07-31 07:19:00,507.0201,507.72,507.0201,507.6165,0
2026-07-31 07:20:00,507.6056,507.75,507.0003,507.31,0
2026-07-31 07:21:00,507.0382,507.75,507.03,507.2411,0
2026-07-31 07:22:00,507.2535,507.5,506.8,507.5,0
2026-07-31 07:23:00,507.31,507.7,506.8,507.1326,0
2026-07-31 07:24:00,507.0,507.7,507.0,507.5,0
2026-07-31 07:25:00,507.8,508.0,507.0,507.49,0
2026-07-31 07:26:00,507.6056,507.75,507.01,507.29,0
2026-07-31 07:27:00,507.6,508.0,507.39,508.0,0
2026-07-31 07:28:00,508.0,508.5,507.9,508.4,0
2026-07-31 07:29:00,508.122,508.4,506.2,507.068,0
2026-07-31 07:30:00,506.77,507.13,506.1757,506.63,0
2026-07-31 07:31:00,506.61,507.13,506.0,506.2125,0
2026-07-31 07:32:00,506.64,507.0,505.99,506.0003,0
2026-07-31 07:33:00,506.6932,506.97,505.87,506.49,0
2026-07-31 07:34:00,506.1819,506.97,506.0,506.51,0
2026-07-31 07:35:00,506.52,507.43,506.5,507.13,0
2026-07-31 07:36:00,507.5462,507.7,506.5,506.5,0
2026-07-31 07:37:00,506.0,507.15,505.8,506.5,0
2026-07-31 07:38:00,506.1,507.0,505.79,506.0,0
2026-07-31 07:39:00,507.0,507.0,505.9961,506.0,0
2026-07-31 07:40:00,507.0,507.0,505.7,506.51,0
2026-07-31 07:41:00,505.8,507.0,505.8,506.64,0
2026-07-31 07:42:00,506.9225,507.0,506.5,506.6,0
2026-07-31 07:43:00,506.6,507.0,506.0071,506.6,0
2026-07-31 07:44:00,506.32,507.0,506.29,507.0,0
2026-07-31 07:45:00,506.93,507.0,505.6012,507.0,0
2026-07-31 07:46:00,507.0,507.5,505.6,506.75,0
2026-07-31 07:47:00,506.86,506.93,505.6,506.0,0
2026-07-31 07:48:00,505.96,507.2,505.6,506.8,0
2026-07-31 07:49:00,506.46,507.4426,505.6,506.8064,0
2026-07-31 07:50:00,506.85,507.0,506.4,507.0,0
2026-07-31 07:51:00,507.2,507.4427,506.5787,507.317,0
2026-07-31 07:52:00,506.5876,507.49,506.4,507.02,0
2026-07-31 07:53:00,507.4988,507.5,506.6877,507.5,0
2026-07-31 07:54:00,507.4289,507.47,506.5,506.8,0
2026-07-31 07:55:00,507.13,507.13,506.1355,506.8621,0
2026-07-31 07:56:00,506.12,507.0,506.1,506.3,0
2026-07-31 07:57:00,506.99,507.1,506.3,507.0,0
2026-07-31 07:58:00,507.09,507.48,506.21,507.48,0
2026-07-31 07:59:00,507.35,507.48,506.4,506.77,0
2026-07-31 08:00:00,506.65,507.4367,506.0,506.0,0
2026-07-31 08:01:00,505.99,506.8,505.5957,505.9002,0
2026-07-31 08:02:00,505.37,505.79,505.02,505.26,0
2026-07-31 08:03:00,505.01,505.8381,504.01,504.241,0
2026-07-31 08:04:00,505.0,505.0,504.1,505.0,0
2026-07-31 08:05:00,504.5,505.01,504.16,504.38,0
2026-07-31 08:06:00,504.19,504.75,504.01,504.68,0
2026-07-31 08:07:00,505.0,505.0,504.29,504.75,0
2026-07-31 08:08:00,504.5,505.0,504.5,504.9039,0
2026-07-31 08:09:00,504.5,504.9,503.95,504.1695,0
2026-07-31 08:10:00,504.9,504.9,503.5,503.98,0
2026-07-31 08:11:00,503.92,504.3,503.5,503.78,0
2026-07-31 08:12:00,503.84,504.0,503.07,503.15,0
2026-07-31 08:13:00,503.77,504.0,503.4,503.4,0
2026-07-31 08:14:00,503.72,504.0,503.1,503.495,0
2026-07-31 08:15:00,503.46,503.8,503.0,503.0,0
2026-07-31 08:16:00,503.0,503.4916,502.08,502.76,0
2026-07-31 08:17:00,502.9,503.0,502.01,502.01,0
2026-07-31 08:18:00,502.35,502.84,502.0,502.39,0
2026-07-31 08:19:00,502.0,502.4531,501.2,501.843,0
2026-07-31 08:20:00,501.843,502.7466,501.2,502.45,0
2026-07-31 08:21:00,502.77,503.49,502.16,503.49,0
2026-07-31 08:22:00,503.5,503.76,502.98,503.76,0
2026-07-31 08:23:00,503.31,503.76,502.0,502.6605,0
2026-07-31 08:24:00,502.7,503.57,502.63,502.9167,0
2026-07-31 08:25:00,503.04,503.76,502.6,503.4735,0
2026-07-31 08:26:00,502.8,504.0,502.8,503.0,0
2026-07-31 08:27:00,503.1425,503.5,502.6,502.91,0
2026-07-31 08:28:00,502.6,503.48,502.578,503.0,0
2026-07-31 08:29:00,503.5,503.5,502.7012,503.0,0
2026-07-31 08:30:00,503.0,503.65,501.2,503.25,0
2026-07-31 08:31:00,503.0775,504.0,502.63,502.65,0
2026-07-31 08:32:00,503.0,504.0,502.0,503.0,0
2026-07-31 08:33:00,502.6,503.4625,501.5,501.5387,0
2026-07-31 08:34:00,501.89,502.51,501.5,502.1922,0
2026-07-31 08:35:00,502.0,503.0,502.0,503.0,0
2026-07-31 08:36:00,503.15,503.5,502.0,502.3396,0
2026-07-31 08:37:00,502.61,503.24,502.173,502.4,0
2026-07-31 08:38:00,502.75,503.5,502.1,503.25,0
2026-07-31 08:39:00,503.2694,503.5,502.4973,502.6859,0
2026-07-31 08:40:00,502.93,503.21,502.5,503.17,0
2026-07-31 08:41:00,503.0,503.59,502.55,503.19,0
2026-07-31 08:42:00,503.26,503.93,502.3,502.34,0
2026-07-31 08:43:00,502.31,503.0,501.2,502.86,0
2026-07-31 08:44:00,502.99,503.8895,502.1,502.99,0
2026-07-31 08:45:00,502.55,502.99,502.1,502.79,0
2026-07-31 08:46:00,502.0,503.0,502.0,502.31,0
2026-07-31 08:47:00,502.2457,502.86,502.0,502.49,0
2026-07-31 08:48:00,502.1,502.88,502.1,502.24,0
2026-07-31 08:49:00,502.2619,502.8398,501.2939,501.94,0
2026-07-31 08:50:00,502.02,503.5,501.4681,503.5,0
2026-07-31 08:51:00,503.36,504.01,502.4,503.9,0
2026-07-31 08:52:00,503.9,504.5,503.74,504.0,0
2026-07-31 08:53:00,504.2,504.2,503.8,503.8,0
2026-07-31 08:54:00,504.2,504.5,503.8047,504.4183,0
2026-07-31 08:55:00,504.47,504.9,504.1451,504.35,0
2026-07-31 08:56:00,504.79,504.9,504.0,504.79,0
2026-07-31 08:57:00,504.51,504.9,503.99,503.99,0
2026-07-31 08:58:00,504.35,504.35,503.35,503.35,0
2026-07-31 08:59:00,503.6056,503.62,502.4,503.3126,0
2026-07-31 09:00:00,503.48,503.5,502.4,503.0,0
2026-07-31 09:01:00,502.9,503.258,502.4,503.258,0
2026-07-31 09:02:00,503.45,504.0,502.4,503.8808,0
2026-07-31 09:03:00,503.99,504.9,503.4,504.6818,0
2026-07-31 09:04:00,504.9,504.9,503.75,504.3952,0
2026-07-31 09:05:00,504.69,505.49,504.33,505.49,0
2026-07-31 09:06:00,505.5,505.5,504.72,505.2765,0
2026-07-31 09:07:00,505.0,505.3,504.5,504.8,0
2026-07-31 09:08:00,505.0682,505.32,504.75,505.15,0
2026-07-31 09:09:00,504.5,505.1838,504.5,505.1838,0
2026-07-31 09:10:00,505.14,505.84,504.55,505.53,0
2026-07-31 09:11:00,505.84,505.84,504.73,505.5,0
2026-07-31 09:12:00,505.0759,505.49,504.85,505.0989,0
2026-07-31 09:13:00,505.22,505.22,504.55,504.8487,0
2026-07-31 09:14:00,504.8487,505.7098,504.54,505.3,0
2026-07-31 09:15:00,505.42,505.84,505.01,505.52,0
2026-07-31 09:16:00,505.33,505.99,505.07,505.83,0
2026-07-31 09:17:00,505.84,505.98,504.9467,505.7,0
2026-07-31 09:18:00,505.55,505.99,505.0247,505.69,0
2026-07-31 09:19:00,505.99,507.45,505.6752,506.89,0
2026-07-31 09:20:00,506.701,507.4,505.77,506.25,0
2026-07-31 09:21:00,506.12,506.183,505.0,505.35,0
2026-07-31 09:22:00,505.1744,505.975,505.0,505.5,0
2026-07-31 09:23:00,505.75,506.0,505.0,505.3,0
2026-07-31 09:24:00,505.46,505.77,505.0,505.77,0
2026-07-31 09:25:00,505.99,507.95,505.99,507.8557,0
2026-07-31 09:26:00,507.62,507.95,506.01,506.66,0
2026-07-31 09:27:00,506.99,510.77,506.0616,510.47,0
2026-07-31 09:28:00,510.86,511.9,509.9637,511.425,0
2026-07-31 09:29:00,510.08,511.8,509.9875,510.6,0
2026-07-31 09:30:00,510.275,514.8582,506.8,511.76,1567209
2026-07-31 09:31:00,512.18,514.44,510.5404,511.465,226483
2026-07-31 09:32:00,511.455,515.36,511.455,515.2607,182146
2026-07-31 09:33:00,515.11,515.5499,512.59,514.455,181348
2026-07-31 09:34:00,514.455,515.62,512.7603,512.96,194985
2026-07-31 09:35:00,512.88,515.34,512.7,514.49,123097
2026-07-31 09:36:00,514.485,514.81,510.33,510.3441,136969
2026-07-31 09:37:00,510.14,510.6194,506.44,506.675,171565
2026-07-31 09:38:00,506.61,508.0176,504.6701,506.4845,240558
2026-07-31 09:39:00,506.47,507.0,505.14,506.615,116684
2026-07-31 09:40:00,506.615,508.1857,504.59,505.765,166424
2026-07-31 09:41:00,505.81,508.3,505.2001,505.925,140186
2026-07-31 09:42:00,505.92,506.14,502.39,502.68,148537
2026-07-31 09:43:00,502.87,503.71,500.52,501.9601,123214
2026-07-31 09:44:00,502.003,502.63,499.3876,499.3876,129202
2026-07-31 09:45:00,499.54,502.0,498.67,499.725,136295
2026-07-31 09:46:00,499.73,500.0,495.2,496.22,137707
2026-07-31 09:47:00,496.02,497.35,494.35,495.4275,127726
2026-07-31 09:48:00,495.495,496.0,492.6001,493.6877,130819
2026-07-31 09:49:00,493.58,495.72,492.55,495.0,123994
2026-07-31 09:50:00,495.18,497.3499,493.06,494.86,156883
2026-07-31 09:51:00,495.0,497.0,494.01,496.445,77291
2026-07-31 09:52:00,496.7499,497.28,493.25,493.74,113830
2026-07-31 09:53:00,493.66,493.67,491.1,492.53,99279
2026-07-31 09:54:00,492.05,493.0199,491.2001,492.59,74758
2026-07-31 09:55:00,492.66,494.03,491.2001,493.66,98519
2026-07-31 09:56:00,493.8999,496.34,493.12,496.34,112115
2026-07-31 09:57:00,496.37,497.18,495.12,495.42,117195
2026-07-31 09:58:00,495.26,495.69,493.7,494.19,69584
2026-07-31 09:59:00,494.19,496.18,494.19,495.455,85164
2026-07-31 10:00:00,495.31,496.3999,492.61,492.88,97324
2026-07-31 10:01:00,492.65,493.1499,491.05,492.58,86192
2026-07-31 10:02:00,492.805,494.2784,489.78,490.2604,126430
2026-07-31 10:03:00,490.65,492.5925,490.26,490.905,78323
2026-07-31 10:04:00,491.235,491.5899,489.27,489.5501,82665
2026-07-31 10:05:00,489.745,490.7052,488.3038,490.145,100699
2026-07-31 10:06:00,490.1,491.255,488.8,488.845,76818
2026-07-31 10:07:00,488.845,489.49,486.16,487.49,139926
2026-07-31 10:08:00,487.465,488.135,485.22,486.24,133520
2026-07-31 10:09:00,486.295,487.0,484.673,485.335,123967
2026-07-31 10:10:00,485.6,486.73,483.24,484.35,122101
2026-07-31 10:11:00,484.665,487.3,484.36,487.3,97095
2026-07-31 10:12:00,487.45,488.23,486.0,486.86,132481
2026-07-31 10:13:00,486.62,487.195,484.64,485.445,93146
2026-07-31 10:14:00,485.365,486.77,484.41,486.055,46527
2026-07-31 10:15:00,485.97,487.48,485.26,485.5509,75227
2026-07-31 10:16:00,485.66,485.9,483.23,484.69,71285
2026-07-31 10:17:00,484.72,487.39,484.5,485.26,139514
2026-07-31 10:18:00,485.415,488.88,484.94,488.88,91620
2026-07-31 10:19:00,488.92,490.4715,488.0006,488.28,196476
2026-07-31 10:20:00,488.0,491.7699,486.98,491.3232,138728
2026-07-31 10:21:00,491.42,491.97,488.01,489.19,83099
2026-07-31 10:22:00,489.26,491.99,489.02,491.32,82455
2026-07-31 10:23:00,491.09,491.86,489.78,490.825,77761
2026-07-31 10:24:00,490.825,490.825,487.4224,489.37,79434
2026-07-31 10:25:00,489.37,491.04,488.59,489.9737,61393
2026-07-31 10:26:00,489.815,489.85,488.355,489.1363,38590
2026-07-31 10:27:00,489.095,491.04,487.69,491.0073,80563
2026-07-31 10:28:00,490.865,492.27,490.64,492.24,65757
2026-07-31 10:29:00,492.48,492.66,491.465,492.49,81654
2026-07-31 10:30:00,492.5,493.9,492.03,493.8999,88987
2026-07-31 10:31:00,493.54,494.99,492.4201,492.45,108947
2026-07-31 10:32:00,492.46,492.46,490.58,492.025,102673
2026-07-31 10:33:00,492.0,493.05,490.2,490.52,95664
2026-07-31 10:34:00,490.26,492.53,489.32,492.035,133858
2026-07-31 10:35:00,492.2,494.87,491.93,493.8,74647
2026-07-31 10:36:00,493.56,493.8,492.19,492.885,67972
2026-07-31 10:37:00,492.89,494.37,492.89,493.475,49617
2026-07-31 10:38:00,493.475,494.18,492.955,492.955,57468
2026-07-31 10:39:00,492.95,494.39,492.66,493.4485,45860
2026-07-31 10:40:00,493.62,494.28,492.51,493.4,52641
2026-07-31 10:41:00,493.225,493.225,490.96,491.27,65489
2026-07-31 10:42:00,491.365,491.57,489.51,490.435,91494
2026-07-31 10:43:00,490.57,491.2,490.02,490.59,40241
2026-07-31 10:44:00,490.86,491.65,490.6,491.035,58500
2026-07-31 10:45:00,491.035,491.27,489.27,489.58,70105
2026-07-31 10:46:00,489.6,492.2668,488.7021,490.9,75555
2026-07-31 10:47:00,490.9,491.295,489.75,491.06,36923
2026-07-31 10:48:00,491.1,492.76,490.58,492.585,67079
2026-07-31 10:49:00,492.755,493.531,492.22,493.175,75016
2026-07-31 10:50:00,493.09,493.92,492.55,493.1025,99859
2026-07-31 10:51:00,492.97,494.12,492.7,493.6901,80591
2026-07-31 10:52:00,493.58,493.81,492.71,492.83,52960
2026-07-31 10:53:00,492.8,493.4199,492.385,492.87,77067
2026-07-31 10:54:00,493.18,493.18,490.5,490.955,67306
2026-07-31 10:55:00,491.11,492.49,490.46,491.42,34312
2026-07-31 10:56:00,491.2,493.7,490.69,493.09,59970
2026-07-31 10:57:00,493.045,493.63,492.28,492.355,30253
2026-07-31 10:58:00,492.36,492.64,491.0,492.295,55265
2026-07-31 10:59:00,492.35,492.74,491.86,491.995,43525
2026-07-31 11:00:00,492.21,493.1,490.4322,490.57,62509
2026-07-31 11:01:00,490.575,491.785,490.39,491.45,40059
2026-07-31 11:02:00,491.195,492.41,490.9,491.945,29335
2026-07-31 11:03:00,491.85,492.12,491.04,491.655,28846
2026-07-31 11:04:00,491.23,492.81,491.23,492.62,21796
2026-07-31 11:05:00,493.0,494.0382,491.69,491.69,52137
2026-07-31 11:06:00,491.66,493.2,491.66,492.64,35175
2026-07-31 11:07:00,492.71,493.35,491.5,492.895,39457
2026-07-31 11:08:00,492.9664,493.2,492.475,492.585,24724
2026-07-31 11:09:00,492.3,493.24,491.71,491.735,54823
2026-07-31 11:10:00,491.99,492.66,490.98,491.385,51021
2026-07-31 11:11:00,491.0,491.04,488.18,488.56,87920
2026-07-31 11:12:00,488.89,490.745,488.2501,490.745,62029
2026-07-31 11:13:00,490.745,492.08,489.94,491.79,48700
2026-07-31 11:14:00,492.1599,493.5,491.4501,492.05,70918
2026-07-31 11:15:00,491.93,495.6899,491.85,494.9274,126647
2026-07-31 11:16:00,494.73,495.0,491.39,491.835,70825
2026-07-31 11:17:00,491.83,492.09,491.07,491.6094,46999
2026-07-31 11:18:00,491.695,492.2299,491.0,491.84,135383
2026-07-31 11:19:00,491.84,492.17,491.0,491.16,32223
2026-07-31 11:20:00,490.94,491.36,489.4603,489.805,47602
2026-07-31 11:21:00,489.96,490.5,488.5,488.5,45808
2026-07-31 11:22:00,488.38,488.805,487.67,488.115,51574
2026-07-31 11:23:00,488.11,488.76,487.23,488.48,47731
2026-07-31 11:24:00,488.62,488.62,487.49,487.905,37132
2026-07-31 11:25:00,487.745,488.1,485.95,486.28,64501
2026-07-31 11:26:00,486.225,486.71,483.64,484.39,125134
2026-07-31 11:27:00,484.35,485.5477,484.07,484.96,46268
2026-07-31 11:28:00,485.0,485.9899,484.01,485.86,52487
2026-07-31 11:29:00,485.77,486.4999,485.7,486.215,50730
2026-07-31 11:30:00,486.06,487.4201,486.06,487.08,53403
2026-07-31 11:31:00,487.035,488.4699,486.03,486.55,58814
2026-07-31 11:32:00,486.43,486.81,486.0,486.765,36029
2026-07-31 11:33:00,486.8099,486.8099,485.6701,485.75,28382
2026-07-31 11:34:00,485.835,487.48,484.51,487.44,60835
2026-07-31 11:35:00,487.67,489.81,487.3852,488.73,66752
2026-07-31 11:36:00,488.695,489.5506,488.1701,489.051,35002
2026-07-31 11:37:00,488.88,490.0,488.8,489.125,26518
2026-07-31 11:38:00,489.4,490.88,489.16,489.16,43134
2026-07-31 11:39:00,489.63,489.88,488.5109,489.045,27870
2026-07-31 11:40:00,488.82,489.39,488.27,488.62,25650
2026-07-31 11:41:00,488.515,488.515,486.39,486.98,39002
2026-07-31 11:42:00,486.945,487.67,486.27,487.115,32104
2026-07-31 11:43:00,487.115,487.91,486.12,487.885,45868
2026-07-31 11:44:00,488.227,488.47,487.61,488.065,19229
2026-07-31 11:45:00,488.28,488.485,487.06,487.635,30009
2026-07-31 11:46:00,487.46,488.2096,486.4001,486.59,25035
2026-07-31 11:47:00,486.9497,487.0251,485.62,486.33,36162
2026-07-31 11:48:00,486.14,486.74,486.0,486.705,26941
2026-07-31 11:49:00,486.93,487.37,485.97,487.09,43477
2026-07-31 11:50:00,487.37,489.515,487.37,489.22,50773
2026-07-31 11:51:00,489.0201,489.77,488.75,489.69,58374
2026-07-31 11:52:00,489.52,489.69,488.0,489.24,59777
2026-07-31 11:53:00,489.27,489.66,488.255,488.655,46318
2026-07-31 11:54:00,488.555,489.97,488.555,489.685,42696
2026-07-31 11:55:00,489.7075,490.1982,488.78,489.065,45417
2026-07-31 11:56:00,489.05,489.505,488.14,489.36,63732
2026-07-31 11:57:00,489.465,489.62,488.5,488.73,37086
2026-07-31 11:58:00,488.895,488.915,487.25,487.465,42969
2026-07-31 11:59:00,487.46,487.8399,486.54,487.8399,39059
2026-07-31 12:00:00,487.645,488.44,486.56,488.2994,38547
2026-07-31 12:01:00,488.38,489.5,488.295,488.75,40394
2026-07-31 12:02:00,488.81,489.26,487.89,487.94,18062
2026-07-31 12:03:00,487.9401,488.8132,487.9401,488.55,27147
2026-07-31 12:04:00,488.73,489.43,488.12,488.56,39415
2026-07-31 12:05:00,488.33,488.33,487.6102,487.76,19068
2026-07-31 12:06:00,487.55,488.3399,487.01,487.51,23548
2026-07-31 12:07:00,487.5,488.05,487.0,487.6,27924
2026-07-31 12:08:00,487.41,487.92,487.23,487.5,17514
2026-07-31 12:09:00,487.71,488.1,487.5,487.74,17179
2026-07-31 12:10:00,487.75,488.46,487.31,487.53,17855
2026-07-31 12:11:00,487.18,488.17,486.9639,487.835,81147
2026-07-31 12:12:00,488.2,488.75,487.6,488.185,18302
2026-07-31 12:13:00,488.1335,488.3599,487.2,488.12,25038
2026-07-31 12:14:00,488.23,488.54,487.25,488.03,22386
2026-07-31 12:15:00,488.2,488.47,486.5,486.5,30565
2026-07-31 12:16:00,486.58,487.6599,486.3,487.6599,17404
2026-07-31 12:17:00,487.45,488.19,487.2404,487.99,28732
2026-07-31 12:18:00,488.0,489.52,487.86,488.425,74555
2026-07-31 12:19:00,488.6,488.74,487.92,488.03,22042
2026-07-31 12:20:00,487.99,488.4,487.67,488.2,16085
2026-07-31 12:21:00,488.265,488.6152,487.47,487.98,17183
2026-07-31 12:22:00,487.65,488.6,487.4101,488.27,61560
2026-07-31 12:23:00,488.44,488.7499,488.21,488.46,18846
2026-07-31 12:24:00,488.6,490.06,488.6,489.7799,111730
2026-07-31 12:25:00,489.37,489.78,488.22,488.62,48242
2026-07-31 12:26:00,488.795,489.55,488.57,489.55,54629
2026-07-31 12:27:00,489.55,490.2999,489.55,489.89,46499
2026-07-31 12:28:00,489.8899,490.511,489.5701,490.511,25474
2026-07-31 12:29:00,490.365,491.39,490.365,491.38,40965
2026-07-31 12:30:00,491.38,491.99,490.5069,490.8397,56312
2026-07-31 12:31:00,490.56,491.3,490.555,490.985,24407
2026-07-31 12:32:00,491.15,492.4,491.045,492.27,110399
2026-07-31 12:33:00,492.26,492.61,491.91,492.45,40743
2026-07-31 12:34:00,492.45,492.51,491.44,491.76,25488
2026-07-31 12:35:00,491.775,492.38,491.775,492.29,30781
2026-07-31 12:36:00,492.16,492.3,491.375,491.375,28444
2026-07-31 12:37:00,491.5499,492.12,491.26,491.445,171649
2026-07-31 12:38:00,491.64,491.69,490.31,490.5799,47445
2026-07-31 12:39:00,490.67,491.0,490.25,490.63,19572
2026-07-31 12:40:00,490.625,490.75,489.8,489.83,28422
2026-07-31 12:41:00,490.1,490.18,488.3,488.535,46110
2026-07-31 12:42:00,488.42,488.87,487.76,488.72,36214
2026-07-31 12:43:00,488.5251,488.87,488.0301,488.2672,39169
2026-07-31 12:44:00,488.35,488.43,487.24,487.44,41920
2026-07-31 12:45:00,487.44,488.79,487.0,487.93,85582
2026-07-31 12:46:00,488.0,488.6,487.42,488.43,19155
2026-07-31 12:47:00,488.335,488.79,488.1191,488.61,18347
2026-07-31 12:48:00,488.585,488.8,488.18,488.27,14722
2026-07-31 12:49:00,488.52,489.2,487.96,488.88,67708
2026-07-31 12:50:00,489.28,489.97,489.095,489.77,31797
2026-07-31 12:51:00,489.5,490.4499,489.1301,489.79,34071
2026-07-31 12:52:00,489.85,490.0999,489.24,489.3,15392
2026-07-31 12:53:00,489.36,489.36,488.69,489.095,29255
2026-07-31 12:54:00,489.3,489.49,488.5,488.65,18971
2026-07-31 12:55:00,488.81,489.5255,488.8,489.275,44054
2026-07-31 12:56:00,489.31,489.8,489.07,489.455,171185
2026-07-31 12:57:00,489.47,490.463,489.47,490.41,38750
2026-07-31 12:58:00,490.55,490.56,489.54,489.78,47802
2026-07-31 12:59:00,489.775,489.8,488.9,489.145,14484
2026-07-31 13:00:00,489.15,489.57,488.64,489.5,17261
2026-07-31 13:01:00,489.43,490.4999,489.195,490.27,34880
2026-07-31 13:02:00,490.29,490.555,489.74,489.885,18894
2026-07-31 13:03:00,489.84,490.2299,489.56,490.2299,13176
2026-07-31 13:04:00,490.025,490.28,489.7656,489.91,12425
2026-07-31 13:05:00,489.605,489.89,489.26,489.89,20270
2026-07-31 13:06:00,489.635,489.83,489.0,489.02,16233
2026-07-31 13:07:00,488.79,489.22,488.36,488.84,23856
2026-07-31 13:08:00,488.53,489.18,488.53,488.94,44113
2026-07-31 13:09:00,488.94,489.29,488.86,489.25,16857
2026-07-31 13:10:00,489.33,489.6799,488.88,489.23,23657
2026-07-31 13:11:00,489.24,490.28,489.24,489.92,19077
2026-07-31 13:12:00,489.92,490.46,489.68,489.97,41426
2026-07-31 13:13:00,489.86,489.9,489.5738,489.705,12357
2026-07-31 13:14:00,489.79,490.15,489.56,489.9,23527
2026-07-31 13:15:00,489.77,490.55,489.56,490.13,23561
2026-07-31 13:16:00,490.15,490.416,489.66,489.785,17621
2026-07-31 13:17:00,489.78,490.325,489.78,490.1,12891
2026-07-31 13:18:00,489.92,490.08,489.69,489.84,22924
2026-07-31 13:19:00,489.71,490.43,489.63,490.415,42748
2026-07-31 13:20:00,490.44,490.44,489.88,490.105,16983
2026-07-31 13:21:00,489.99,489.99,489.43,489.54,23115
2026-07-31 13:22:00,489.42,489.99,489.12,489.99,29152
2026-07-31 13:23:00,489.91,490.33,489.77,490.2999,20077
2026-07-31 13:24:00,490.3,491.19,490.285,491.0517,34713
2026-07-31 13:25:00,491.1,491.599,490.82,491.599,32474
2026-07-31 13:26:00,491.445,491.6,490.86,491.6,26141
2026-07-31 13:27:00,491.69,491.86,490.66,490.66,69975
2026-07-31 13:28:00,490.6937,491.04,490.11,490.475,27095
2026-07-31 13:29:00,490.31,490.91,490.06,490.745,23012
2026-07-31 13:30:00,490.68,490.81,490.24,490.2961,30994
2026-07-31 13:31:00,490.32,490.7499,490.12,490.35,19602
2026-07-31 13:32:00,490.29,491.1,489.66,490.87,32660
2026-07-31 13:33:00,490.8,491.61,490.53,491.51,36232
2026-07-31 13:34:00,491.35,491.64,491.15,491.4,28259
2026-07-31 13:35:00,491.445,492.045,491.2325,491.7,52647
2026-07-31 13:36:00,491.6,492.21,491.6,492.105,25108
2026-07-31 13:37:00,492.0644,493.1,492.0644,492.96,46370
2026-07-31 13:38:00,492.965,493.03,492.01,492.165,35837
2026-07-31 13:39:00,492.1299,492.1299,490.435,490.7499,41741
2026-07-31 13:40:00,490.46,491.56,490.45,491.24,32994
2026-07-31 13:41:00,491.26,491.499,490.6,491.06,25611
2026-07-31 13:42:00,490.86,490.91,490.38,490.67,23592
2026-07-31 13:43:00,490.61,491.34,490.51,491.23,22836
2026-07-31 13:44:00,491.21,491.43,490.46,490.8,24875
2026-07-31 13:45:00,490.71,490.9412,490.33,490.4199,36202
2026-07-31 13:46:00,490.36,491.37,490.3,491.1325,56524
2026-07-31 13:47:00,491.0,491.095,490.08,490.3201,27144
2026-07-31 13:48:00,490.02,490.13,489.0527,489.55,38482
2026-07-31 13:49:00,489.64,489.79,488.7739,488.995,39802
2026-07-31 13:50:00,489.0,489.54,488.8,489.287,25166
2026-07-31 13:51:00,489.04,490.26,488.96,490.26,32305
2026-07-31 13:52:00,490.1246,490.8881,490.1246,490.24,46306
2026-07-31 13:53:00,490.175,490.45,489.75,490.27,42627
2026-07-31 13:54:00,490.37,490.8,490.04,490.04,24828
2026-07-31 13:55:00,489.83,490.4899,489.78,490.285,17724
2026-07-31 13:56:00,490.39,490.49,489.91,490.27,13981
2026-07-31 13:57:00,490.26,490.26,489.67,489.91,15902
2026-07-31 13:58:00,489.91,490.135,489.45,489.67,29151
2026-07-31 13:59:00,489.87,489.87,489.2,489.37,34332
2026-07-31 14:00:00,489.31,489.9999,488.8,489.575,23431
2026-07-31 14:01:00,489.655,489.8,489.31,489.44,19533
2026-07-31 14:02:00,489.49,489.49,489.0101,489.14,22311
2026-07-31 14:03:00,489.0,489.0,488.24,488.4,31836
2026-07-31 14:04:00,488.39,488.7,488.1,488.3,16963
2026-07-31 14:05:00,488.275,488.37,487.57,488.19,34449
2026-07-31 14:06:00,488.3899,489.3,488.21,488.9895,31900
2026-07-31 14:07:00,488.825,488.98,488.16,488.415,32518
2026-07-31 14:08:00,488.36,488.95,488.2,488.95,22882
2026-07-31 14:09:00,488.84,488.895,488.32,488.4,22502
2026-07-31 14:10:00,488.31,488.58,487.485,487.79,35693
2026-07-31 14:11:00,487.7,487.7,486.55,487.13,52604
2026-07-31 14:12:00,487.25,487.27,486.5501,486.86,21452
2026-07-31 14:13:00,486.6809,487.16,486.55,486.99,20335
2026-07-31 14:14:00,487.17,487.17,486.01,486.35,28223
2026-07-31 14:15:00,486.35,487.2,486.1,487.045,21374
2026-07-31 14:16:00,487.05,487.41,487.0,487.305,24817
2026-07-31 14:17:00,487.4704,487.74,486.82,487.12,23154
2026-07-31 14:18:00,487.095,488.06,487.0,487.87,30120
2026-07-31 14:19:00,487.95,488.0,487.02,487.21,18726
2026-07-31 14:20:00,487.175,487.62,486.7016,487.29,29852
2026-07-31 14:21:00,487.38,488.21,487.04,487.785,25110
2026-07-31 14:22:00,487.685,487.8897,487.415,487.55,15769
2026-07-31 14:23:00,487.61,487.81,487.4401,487.4401,9890
2026-07-31 14:24:00,487.43,487.755,486.88,487.145,21818
2026-07-31 14:25:00,487.12,487.14,486.58,486.66,19839
2026-07-31 14:26:00,486.695,487.2,486.5101,486.99,15251
2026-07-31 14:27:00,487.07,487.368,486.83,487.2056,13485
2026-07-31 14:28:00,487.065,487.48,486.848,486.9,14357
2026-07-31 14:29:00,486.721,487.5199,486.721,487.38,12111
2026-07-31 14:30:00,487.53,488.484,487.5,488.26,24927
2026-07-31 14:31:00,488.42,488.42,487.755,487.79,35721
2026-07-31 14:32:00,487.79,487.99,487.55,487.97,14280
2026-07-31 14:33:00,487.9825,488.23,487.89,488.135,14514
2026-07-31 14:34:00,488.14,488.5795,488.0101,488.06,24304
2026-07-31 14:35:00,488.06,488.16,487.18,487.7,24857
2026-07-31 14:36:00,487.755,488.24,487.51,487.75,21772
2026-07-31 14:37:00,487.66,487.91,487.3001,487.9,18517
2026-07-31 14:38:00,487.915,488.5,487.915,488.2701,21245
2026-07-31 14:39:00,488.395,488.56,488.2,488.515,16510
2026-07-31 14:40:00,488.545,488.545,487.8907,488.18,18533
2026-07-31 14:41:00,488.205,488.5899,488.1601,488.37,16920
2026-07-31 14:42:00,488.375,488.55,488.05,488.49,16415
2026-07-31 14:43:00,488.46,488.5,488.23,488.395,15380
2026-07-31 14:44:00,488.385,488.4,488.04,488.16,28258
2026-07-31 14:45:00,488.01,488.3801,488.01,488.17,18351
2026-07-31 14:46:00,488.17,488.33,487.625,487.625,18883
2026-07-31 14:47:00,487.625,487.805,487.16,487.32,21877
2026-07-31 14:48:00,487.325,487.81,487.2169,487.75,13717
2026-07-31 14:49:00,487.75,488.115,487.61,487.9852,17302
2026-07-31 14:50:00,488.22,488.835,488.0001,488.545,38106
2026-07-31 14:51:00,488.64,488.655,488.0,488.11,20550
2026-07-31 14:52:00,488.0702,488.4,487.73,487.93,18046
2026-07-31 14:53:00,487.87,487.935,487.61,487.935,18233
2026-07-31 14:54:00,487.94,488.12,487.825,487.965,12307
2026-07-31 14:55:00,487.85,488.075,487.05,487.1115,26535
2026-07-31 14:56:00,487.01,487.04,486.6804,486.765,26849
2026-07-31 14:57:00,486.76,487.065,486.3,487.065,36174
2026-07-31 14:58:00,487.1,487.39,486.8501,487.2,25626
2026-07-31 14:59:00,487.17,487.71,487.01,487.345,21599
2026-07-31 15:00:00,487.2,488.0748,487.06,487.54,26584
2026-07-31 15:01:00,487.54,487.8,487.1,487.215,20319
2026-07-31 15:02:00,487.09,487.27,486.6501,486.785,23094
2026-07-31 15:03:00,486.695,486.93,486.3801,486.665,26894
2026-07-31 15:04:00,486.74,486.74,486.0,486.0,25849
2026-07-31 15:05:00,486.0,486.65,485.6,486.65,36327
2026-07-31 15:06:00,486.585,486.63,485.81,485.98,32239
2026-07-31 15:07:00,486.05,486.21,485.36,486.2,46096
2026-07-31 15:08:00,486.18,486.21,485.62,485.85,23679
2026-07-31 15:09:00,485.8848,486.3,485.86,486.25,22216
2026-07-31 15:10:00,485.98,486.3499,485.98,486.23,18570
2026-07-31 15:11:00,485.76,486.32,485.5901,485.78,36721
2026-07-31 15:12:00,485.72,486.2601,485.51,486.26,26311
2026-07-31 15:13:00,486.26,486.4,485.8,485.8,28073
2026-07-31 15:14:00,485.775,485.94,485.68,485.835,16653
2026-07-31 15:15:00,485.9,486.09,485.16,485.585,40940
2026-07-31 15:16:00,485.4867,485.8084,485.055,485.21,23489
2026-07-31 15:17:00,485.275,485.58,484.84,485.365,46457
2026-07-31 15:18:00,485.45,485.92,485.275,485.8,36624
2026-07-31 15:19:00,485.98,486.59,485.8601,486.4,51004
2026-07-31 15:20:00,486.32,486.5,485.81,486.2132,22874
2026-07-31 15:21:00,486.255,486.48,485.6532,485.785,36377
2026-07-31 15:22:00,485.9199,486.35,485.8,486.16,19984
2026-07-31 15:23:00,486.145,486.45,485.86,486.03,23818
2026-07-31 15:24:00,485.94,486.17,485.5,485.63,30769
2026-07-31 15:25:00,485.575,485.6699,485.1001,485.2377,22657
2026-07-31 15:26:00,485.39,486.29,485.385,486.15,29262
2026-07-31 15:27:00,486.3,486.46,486.0,486.25,23724
2026-07-31 15:28:00,486.28,486.505,486.1595,486.36,22018
2026-07-31 15:29:00,486.23,486.83,486.225,486.6,33077
2026-07-31 15:30:00,486.97,487.03,485.44,486.0,64844
2026-07-31 15:31:00,485.86,486.129,485.6,485.875,20796
2026-07-31 15:32:00,485.77,486.28,485.6505,486.0525,28724
2026-07-31 15:33:00,486.215,486.68,485.9409,486.0,25337
2026-07-31 15:34:00,486.01,486.58,485.85,486.03,21825
2026-07-31 15:35:00,486.14,486.15,485.31,485.61,27826
2026-07-31 15:36:00,485.6,485.61,485.0,485.58,38904
2026-07-31 15:37:00,485.37,485.37,484.16,484.2,52115
2026-07-31 15:38:00,484.15,484.31,483.53,484.13,70406
2026-07-31 15:39:00,484.17,484.32,483.87,483.87,27127
2026-07-31 15:40:00,483.84,483.92,483.36,483.6136,69166
2026-07-31 15:41:00,483.595,484.0098,482.81,482.915,74066
2026-07-31 15:42:00,482.8,483.4895,482.62,483.3353,41555
2026-07-31 15:43:00,483.4899,483.99,483.45,483.8993,44059
2026-07-31 15:44:00,483.94,484.26,483.5301,483.935,71596
2026-07-31 15:45:00,484.2,484.92,484.15,484.58,59571
2026-07-31 15:46:00,484.58,485.4099,484.58,485.195,42188
2026-07-31 15:47:00,485.27,485.54,484.53,484.54,44678
2026-07-31 15:48:00,484.63,484.9799,484.31,484.76,46492
2026-07-31 15:49:00,484.87,486.53,484.55,486.475,87137
2026-07-31 15:50:00,486.53,486.53,483.84,483.87,104024
2026-07-31 15:51:00,483.83,484.1,483.25,483.85,145131
2026-07-31 15:52:00,483.8,484.4217,483.5901,484.4217,78121
2026-07-31 15:53:00,484.38,484.395,483.52,483.745,78696
2026-07-31 15:54:00,483.78,483.99,482.15,482.2,134697
2026-07-31 15:55:00,482.57,482.57,479.71,480.255,277415
2026-07-31 15:56:00,480.26,480.55,479.515,479.85,187397
2026-07-31 15:57:00,479.87,479.96,477.71,477.91,237100
2026-07-31 15:58:00,477.91,478.49,477.65,477.71,285689
2026-07-31 15:59:00,477.71,478.13,475.83,476.14,923075
2026-07-31 16:00:00,476.15,478.0,475.9859,477.4,1425919
2026-07-31 16:01:00,477.404,478.8,476.49,476.8844,0
2026-07-31 16:02:00,476.9999,477.22,475.5,475.96,0
2026-07-31 16:03:00,475.97,476.6688,475.5,475.8146,0
2026-07-31 16:04:00,476.2082,476.81,474.23,476.5,0
2026-07-31 16:05:00,476.0,476.5,475.87,476.13,0
2026-07-31 16:06:00,476.13,476.26,475.88,476.1056,0
2026-07-31 16:07:00,476.1444,476.83,476.12,476.5,0
2026-07-31 16:08:00,476.55,478.0987,476.15,477.8,0
2026-07-31 16:09:00,477.8,477.8,477.1224,477.5,0
2026-07-31 16:10:00,477.6413,478.25,476.15,478.25,0
2026-07-31 16:11:00,478.5,478.9,476.15,478.25,0
2026-07-31 16:12:00,478.5,478.5,477.95,478.49,0
2026-07-31 16:13:00,478.4268,478.5,477.7436,477.87,0
2026-07-31 16:14:00,477.82,478.25,477.69,478.0,0
2026-07-31 16:15:00,476.15,478.0,476.15,477.6906,0
2026-07-31 16:16:00,477.52,477.99,477.35,477.99,0
2026-07-31 16:17:00,477.7512,478.094,477.5,478.06,0
2026-07-31 16:18:00,478.1,478.1,477.5137,478.06,0
2026-07-31 16:19:00,478.0,478.24,477.82,478.0,0
2026-07-31 16:20:00,476.15,478.24,476.15,477.99,0
2026-07-31 16:21:00,477.99,478.24,477.98,478.014,0
2026-07-31 16:22:00,478.0,478.23,477.85,478.08,0
2026-07-31 16:23:00,478.23,478.23,477.5001,477.69,0
2026-07-31 16:24:00,477.7,477.8,477.54,477.67,0
2026-07-31 16:25:00,477.52,477.8,477.24,477.79,0
2026-07-31 16:26:00,477.5,477.8,477.24,477.69,0
2026-07-31 16:27:00,477.66,477.78,477.43,477.7,0
2026-07-31 16:28:00,477.704,477.75,477.0,477.41,0
2026-07-31 16:29:00,477.27,477.75,477.27,477.5,0
2026-07-31 16:30:00,477.6,477.75,477.5362,477.6838,0
2026-07-31 16:31:00,477.6757,477.74,477.32,477.6868,0
2026-07-31 16:32:00,477.7,478.18,477.54,477.86,0
2026-07-31 16:33:00,478.0,478.2,477.8785,478.2,0
2026-07-31 16:34:00,478.22,478.55,478.02,478.51,0
2026-07-31 16:35:00,478.55,479.0,478.55,478.79,0
2026-07-31 16:36:00,478.98,479.1711,478.9,479.0289,0
2026-07-31 16:37:00,479.01,479.4,479.01,479.39,0
2026-07-31 16:38:00,479.38,480.0,479.3,480.0,0
2026-07-31 16:39:00,479.65,480.3,479.65,479.98,0
2026-07-31 16:40:00,479.8,480.0,478.52,479.79,0
2026-07-31 16:41:00,479.79,479.97,479.79,479.79,0
2026-07-31 16:42:00,479.85,479.85,479.5,479.5,0
2026-07-31 16:43:00,479.5,479.84,478.27,479.79,0
2026-07-31 16:44:00,479.79,479.85,479.59,479.79,0
2026-07-31 16:45:00,479.79,480.04,479.6,479.6,0
2026-07-31 16:46:00,479.71,480.3,479.6,479.7367,0
2026-07-31 16:47:00,479.91,480.3,479.8414,480.0,0
2026-07-31 16:48:00,480.3,480.3,479.51,479.6692,0
2026-07-31 16:49:00,479.4,479.9,479.21,479.8,0
2026-07-31 16:50:00,479.46,479.9,479.46,479.66,0
2026-07-31 16:51:00,479.9,479.98,479.45,479.81,0
2026-07-31 16:52:00,479.88,480.1,479.66,479.82,0
2026-07-31 16:53:00,479.66,479.99,477.3,477.64,0
2026-07-31 16:54:00,477.79,478.46,476.702,477.469,0
2026-07-31 16:55:00,477.0,477.56,476.95,477.4387,0
2026-07-31 16:56:00,477.29,478.9888,477.24,477.24,0
2026-07-31 16:57:00,477.72,477.8342,477.0,477.0,0
2026-07-31 16:58:00,477.44,477.5,477.0,477.47,0
2026-07-31 16:59:00,477.5,478.0,475.93,478.0,0
2026-07-31 17:00:00,477.44,478.75,477.0,478.75,0
2026-07-31 17:01:00,478.98,478.98,477.4487,478.6278,0
2026-07-31 17:02:00,477.33,478.63,477.33,477.33,0
2026-07-31 17:03:00,478.6,478.6,477.5,478.4,0
2026-07-31 17:04:00,478.83,478.83,477.5,478.6203,0
2026-07-31 17:05:00,478.68,478.78,478.25,478.78,0
2026-07-31 17:06:00,478.79,478.83,478.0,478.83,0
2026-07-31 17:07:00,478.6524,478.85,478.3,478.85,0
2026-07-31 17:08:00,478.9652,479.2,478.186,479.19,0
2026-07-31 17:09:00,479.0,479.2,478.0,478.88,0
2026-07-31 17:10:00,478.99,478.99,478.44,478.8929,0
2026-07-31 17:11:00,478.99,478.99,478.33,478.45,0
2026-07-31 17:12:00,478.44,478.44,478.0,478.1849,0
2026-07-31 17:13:00,478.2395,478.25,478.0,478.22,0
2026-07-31 17:14:00,478.25,478.9899,477.9927,478.28,0
2026-07-31 17:15:00,478.01,478.35,477.83,478.14,0
2026-07-31 17:16:00,478.35,478.9,478.0,478.25,0
2026-07-31 17:17:00,478.4997,478.8,478.0,478.25,0
2026-07-31 17:18:00,478.02,478.25,478.0,478.03,0
2026-07-31 17:19:00,478.03,478.25,478.0,478.21,0
2026-07-31 17:20:00,478.33,479.0,478.1,479.0,0
2026-07-31 17:21:00,478.75,479.0,478.1,478.5,0
2026-07-31 17:22:00,478.18,478.75,478.0,478.1,0
2026-07-31 17:23:00,478.1928,478.5,478.1,478.12,0
2026-07-31 17:24:00,478.49,478.58,478.2,478.33,0
2026-07-31 17:25:00,478.33,478.57,478.1,478.51,0
2026-07-31 17:26:00,478.18,478.58,477.1857,477.4061,0
2026-07-31 17:27:00,477.98,478.5,476.93,477.55,0
2026-07-31 17:28:00,477.55,478.5,477.1733,477.5,0
2026-07-31 17:29:00,478.0,478.0,477.41,477.41,0
2026-07-31 17:30:00,477.8516,477.89,477.1,477.6,0
2026-07-31 17:31:00,477.8539,478.0,476.15,477.0,0
2026-07-31 17:32:00,477.155,478.0,477.0,477.6,0
2026-07-31 17:33:00,477.6,477.94,477.1697,477.5,0
2026-07-31 17:34:00,477.5,477.8251,477.16,477.5,0
2026-07-31 17:35:00,477.5,477.72,477.15,477.31,0
2026-07-31 17:36:00,477.45,477.49,477.17,477.2,0
2026-07-31 17:37:00,477.2,477.4417,477.15,477.4417,0
2026-07-31 17:38:00,477.49,477.49,141.4759,477.44,0
2026-07-31 17:39:00,477.49,477.78,477.15,477.15,0
2026-07-31 17:40:00,477.25,477.77,477.15,477.25,0
2026-07-31 17:41:00,477.3647,477.69,477.25,477.5,0
2026-07-31 17:42:00,477.49,477.5,477.29,477.3,0
2026-07-31 17:43:00,477.5,477.5,477.2901,477.2901,0
2026-07-31 17:44:00,477.758,478.0,477.29,477.71,0
2026-07-31 17:45:00,477.39,477.9988,477.29,477.51,0
2026-07-31 17:46:00,477.38,477.51,477.31,477.38,0
2026-07-31 17:47:00,477.31,477.4912,476.93,476.93,0
2026-07-31 17:48:00,476.93,477.4999,476.49,476.93,0
2026-07-31 17:49:00,476.52,477.49,476.49,476.84,0
2026-07-31 17:50:00,476.75,476.84,476.49,476.73,0
2026-07-31 17:51:00,476.79,476.99,476.6,476.99,0
2026-07-31 17:52:00,477.0,477.4,476.6,476.62,0
2026-07-31 17:53:00,476.6436,477.368,476.6,476.6,0
2026-07-31 17:54:00,476.9,477.5,476.65,476.75,0
2026-07-31 17:55:00,476.64,476.9327,476.64,476.9327,0
2026-07-31 17:56:00,476.98,476.98,476.6,476.6566,0
2026-07-31 17:57:00,476.93,477.4,476.65,476.75,0
2026-07-31 17:58:00,476.75,476.75,476.49,476.75,0
2026-07-31 17:59:00,477.1576,477.1576,476.5097,476.61,0
2026-07-31 18:00:00,476.6074,476.9275,476.5,476.9263,0
2026-07-31 18:01:00,476.921,477.0,476.49,476.9277,0
2026-07-31 18:02:00,476.86,477.0,476.5,476.5,0
2026-07-31 18:03:00,476.6,477.0,476.5,476.5726,0
2026-07-31 18:04:00,476.75,476.9225,476.15,476.16,0
2026-07-31 18:05:00,476.16,476.4875,476.0,476.0443,0
2026-07-31 18:06:00,476.25,476.25,475.79,475.79,0
2026-07-31 18:07:00,475.79,477.0,475.61,477.0,0
2026-07-31 18:08:00,476.3,476.3,475.61,476.03,0
2026-07-31 18:09:00,476.38,476.38,476.0,476.08,0
2026-07-31 18:10:00,476.22,476.82,476.0205,476.25,0
2026-07-31 18:11:00,476.1208,476.7995,476.0205,476.06,0
2026-07-31 18:12:00,476.25,476.7995,476.0,476.0,0
2026-07-31 18:13:00,476.1201,476.82,476.0,476.0,0
2026-07-31 18:14:00,476.8199,476.8199,476.16,476.18,0
2026-07-31 18:15:00,476.47,476.82,476.1337,476.25,0
2026-07-31 18:16:00,476.75,476.8188,476.0,476.2471,0
2026-07-31 18:17:00,476.5,476.82,476.46,476.5,0
2026-07-31 18:18:00,476.7324,476.82,476.5,476.5,0
2026-07-31 18:19:00,476.5,476.66,476.0759,476.21,0
2026-07-31 18:20:00,476.21,477.0,476.21,476.21,0
2026-07-31 18:21:00,476.7,477.0,476.25,476.5,0
2026-07-31 18:22:00,476.4,477.0,476.07,476.49,0
2026-07-31 18:23:00,476.0,477.0,476.0,476.28,0
2026-07-31 18:24:00,476.5,476.5,476.25,476.5,0
2026-07-31 18:25:00,476.4,476.4,476.0,476.01,0
2026-07-31 18:26:00,476.18,476.2499,475.74,476.2,0
2026-07-31 18:27:00,475.99,476.0,475.71,476.0,0
2026-07-31 18:28:00,475.99,476.0,475.61,475.76,0
2026-07-31 18:29:00,475.9695,476.16,475.75,475.75,0
2026-07-31 18:30:00,475.84,476.2,475.61,475.8,0
2026-07-31 18:31:00,475.7953,476.5,475.5,476.5,0
2026-07-31 18:32:00,476.05,476.5,475.28,475.28,0
2026-07-31 18:33:00,476.15,476.5,475.5,476.2,0
2026-07-31 18:34:00,476.0,476.5,475.655,476.0,0
2026-07-31 18:35:00,476.0,476.5,475.5,475.9,0
2026-07-31 18:36:00,476.3,476.5,475.5,476.3,0
2026-07-31 18:37:00,476.0,476.75,476.0,476.7139,0
2026-07-31 18:38:00,476.75,477.0,476.5012,476.5012,0
2026-07-31 18:39:00,476.71,476.8142,476.51,476.62,0
2026-07-31 18:40:00,476.85,476.85,476.57,476.85,0
2026-07-31 18:41:00,476.6001,476.99,476.6,476.7682,0
2026-07-31 18:42:00,476.74,477.0,476.73,476.8,0
2026-07-31 18:43:00,476.9582,477.2,476.9,476.9609,0
2026-07-31 18:44:00,476.92,477.0,476.7718,476.9647,0
2026-07-31 18:45:00,476.99,477.0,476.79,476.946,0
2026-07-31 18:46:00,476.95,477.0,476.6,476.7,0
2026-07-31 18:47:00,476.81,476.99,476.6523,476.6523,0
2026-07-31 18:48:00,476.89,477.0,476.6012,476.85,0
2026-07-31 18:49:00,476.83,477.0,476.6641,476.85,0
2026-07-31 18:50:00,476.662,477.0,476.5,476.8531,0
2026-07-31 18:51:00,476.5,476.8,475.55,476.0,0
2026-07-31 18:52:00,476.0,476.5985,475.5,476.31,0
2026-07-31 18:53:00,476.0,476.397,475.64,475.87,0
2026-07-31 18:54:00,475.67,476.0,475.5,476.0,0
2026-07-31 18:55:00,475.9268,476.0,475.5,475.8,0
2026-07-31 18:56:00,475.84,476.7224,475.55,475.55,0
2026-07-31 18:57:00,475.9,477.0,475.7726,475.9225,0
2026-07-31 18:58:00,475.9266,476.0,475.9266,476.0,0
2026-07-31 18:59:00,475.92,476.0,475.65,475.65,0
2026-07-31 19:00:00,475.92,476.0,475.65,475.9225,0
2026-07-31 19:01:00,475.8,475.99,475.69,475.75,0
2026-07-31 19:02:00,475.7,476.1,475.7,475.81,0
2026-07-31 19:03:00,476.3,476.8,475.6977,476.0,0
2026-07-31 19:04:00,476.47,477.0,475.98,476.0,0
2026-07-31 19:05:00,475.8001,477.0,475.5,475.7,0
2026-07-31 19:06:00,476.69,476.69,475.7,475.7,0
2026-07-31 19:07:00,476.0,476.0,474.98,475.0,0
2026-07-31 19:08:00,475.5,475.5,474.48,475.5,0
2026-07-31 19:09:00,475.46,476.0,474.5,476.0,0
2026-07-31 19:10:00,474.5043,476.0,474.5043,475.0,0
2026-07-31 19:11:00,475.0,475.828,474.89,474.89,0
2026-07-31 19:12:00,475.25,476.0,474.5375,475.92,0
2026-07-31 19:13:00,475.92,476.0,474.77,475.201,0
2026-07-31 19:14:00,475.08,475.35,474.5,475.2,0
2026-07-31 19:15:00,474.955,475.35,474.62,475.0152,0
2026-07-31 19:16:00,474.81,475.0,474.5,474.81,0
2026-07-31 19:17:00,475.69,475.69,474.6844,475.0,0
2026-07-31 19:18:00,474.8318,475.09,474.8318,475.05,0
2026-07-31 19:19:00,475.32,475.32,474.98,474.98,0
2026-07-31 19:20:00,475.16,475.16,474.36,474.36,0
2026-07-31 19:21:00,474.23,474.7,474.23,474.55,0
2026-07-31 19:22:00,474.66,474.7535,474.5,474.5,0
2026-07-31 19:23:00,474.7072,474.76,474.5,474.75,0
2026-07-31 19:24:00,474.75,474.85,474.23,474.23,0
2026-07-31 19:25:00,474.46,475.5,474.23,474.85,0
2026-07-31 19:26:00,474.85,474.99,474.71,474.71,0
2026-07-31 19:27:00,474.92,475.0,474.817,474.99,0
2026-07-31 19:28:00,474.99,475.0,474.6,474.95,0
2026-07-31 19:29:00,475.0,475.0,474.7425,474.7425,0
2026-07-31 19:30:00,474.75,475.0,474.75,474.84,0
2026-07-31 19:31:00,474.75,474.938,474.6,474.66,0
2026-07-31 19:32:00,474.66,474.66,474.23,474.47,0
2026-07-31 19:33:00,474.47,474.93,474.07,474.5,0
2026-07-31 19:34:00,474.5,474.51,474.0,474.25,0
2026-07-31 19:35:00,474.46,474.93,474.11,474.5,0
2026-07-31 19:36:00,474.3,474.93,474.3,474.3,0
2026-07-31 19:37:00,474.5,474.65,474.2286,474.5,0
2026-07-31 19:38:00,474.65,474.93,474.1,474.54,0
2026-07-31 19:39:00,474.53,474.8401,474.1001,474.8401,0
2026-07-31 19:40:00,474.93,474.93,474.0003,474.0003,0
2026-07-31 19:41:00,474.2,474.6,474.0,474.5,0
2026-07-31 19:42:00,474.5,474.6,474.25,474.33,0
2026-07-31 19:43:00,474.4,474.4782,474.3244,474.386,0
2026-07-31 19:44:00,474.66,474.93,474.3262,474.913,0
2026-07-31 19:45:00,474.819,474.93,474.3554,474.56,0
2026-07-31 19:46:00,474.794,474.93,474.25,474.896,0
2026-07-31 19:47:00,474.76,474.93,474.44,474.75,0
2026-07-31 19:48:00,474.88,474.93,474.45,474.4999,0
2026-07-31 19:49:00,474.49,474.7879,474.25,474.7,0
2026-07-31 19:50:00,474.51,474.9,474.31,474.34,0
2026-07-31 19:51:00,474.4,474.5,474.25,474.5,0
2026-07-31 19:52:00,474.4,474.5,474.08,474.2155,0
2026-07-31 19:53:00,474.212,474.2499,473.6,473.6,0
2026-07-31 19:54:00,473.99,474.4812,473.8,474.01,0
2026-07-31 19:55:00,474.5,474.5,473.85,473.85,0
2026-07-31 19:56:00,473.9827,474.01,473.6,473.8,0
2026-07-31 19:57:00,473.85,473.85,473.22,473.22,0
2026-07-31 19:58:00,473.4,473.4,473.01,473.01,0
2026-07-31 19:59:00,473.022,473.4,472.08,472.1188,0
2026-08-03 04:00:00,488.33,488.95,480.8412,482.604,0
2026-08-03 04:01:00,481.97,488.95,481.0,481.15,0
2026-08-03 04:02:00,481.81,488.75,480.65,481.2,0
2026-08-03 04:03:00,483.2,483.2,479.0,479.25,0
2026-08-03 04:04:00,478.99,479.23,477.68,478.4,0
2026-08-03 04:05:00,477.65,480.5415,477.65,479.0918,0
2026-08-03 04:06:00,479.09,488.86,478.2003,482.43,0
2026-08-03 04:07:00,487.87,487.87,478.4,478.4,0
2026-08-03 04:08:00,478.0,478.8395,477.1512,477.1512,0
2026-08-03 04:09:00,477.98,480.79,477.672,480.79,0
2026-08-03 04:10:00,479.0,480.34,478.0012,480.34,0
2026-08-03 04:11:00,480.34,480.56,479.77,480.56,0
2026-08-03 04:12:00,480.56,481.0,480.0,480.5,0
2026-08-03 04:13:00,480.9,481.0,480.5,481.0,0
2026-08-03 04:14:00,480.87,481.96,480.646,481.93,0
2026-08-03 04:15:00,480.53,481.72,480.31,480.5362,0
2026-08-03 04:16:00,480.0287,480.346,479.4,480.346,0
2026-08-03 04:17:00,479.9555,479.97,478.15,478.15,0
2026-08-03 04:18:00,479.32,479.32,477.1832,477.93,0
2026-08-03 04:19:00,477.65,478.4588,476.65,477.0,0
2026-08-03 04:20:00,477.0,477.56,476.38,477.56,0
2026-08-03 04:21:00,477.0,477.5435,476.09,476.4739,0
2026-08-03 04:22:00,476.38,477.0,475.73,476.6,0
2026-08-03 04:23:00,475.78,476.9537,474.65,474.67,0
2026-08-03 04:24:00,474.65,475.4787,474.65,475.45,0
2026-08-03 04:25:00,474.8942,475.45,474.49,475.05,0
2026-08-03 04:26:00,474.9,475.0031,474.5,474.67,0
2026-08-03 04:27:00,475.06,475.06,473.65,474.0,0
2026-08-03 04:28:00,474.76,475.8,474.0,474.99,0
2026-08-03 04:29:00,475.26,475.79,474.245,474.52,0
2026-08-03 04:30:00,474.98,475.8,473.8105,473.8105,0
2026-08-03 04:31:00,474.22,475.7,474.22,475.5013,0
2026-08-03 04:32:00,474.9038,475.7,474.9038,475.32,0
2026-08-03 04:33:00,475.32,475.6988,474.18,474.2,0
2026-08-03 04:34:00,474.95,475.0,474.34,474.77,0
2026-08-03 04:35:00,474.73,475.28,474.73,475.0,0
2026-08-03 04:36:00,475.47,478.1988,475.4325,477.0,0
2026-08-03 04:37:00,476.86,478.3525,476.5,478.3525,0
2026-08-03 04:38:00,477.0,478.0,476.5,476.5,0
2026-08-03 04:39:00,476.8233,478.5988,476.5821,477.1,0
2026-08-03 04:40:00,477.7,478.6,477.2675,477.4887,0
2026-08-03 04:41:00,477.51,478.8,477.51,478.46,0
2026-08-03 04:42:00,478.6,479.1442,478.0,479.0,0
2026-08-03 04:43:00,478.59,479.0,477.88,477.88,0
2026-08-03 04:44:00,477.88,478.9997,477.8,477.8,0
2026-08-03 04:45:00,477.8,479.0,477.5,477.7617,0
2026-08-03 04:46:00,478.07,478.62,478.07,478.62,0
2026-08-03 04:47:00,478.4,479.0,478.0,478.61,0
2026-08-03 04:48:00,478.0,479.0,478.0,478.52,0
2026-08-03 04:49:00,479.0,479.6888,478.2,479.6888,0
2026-08-03 04:50:00,479.68,479.7,479.0,479.7,0
2026-08-03 04:51:00,479.61,479.67,479.35,479.67,0
2026-08-03 04:52:00,479.57,480.48,479.0,479.55,0
2026-08-03 04:53:00,479.27,479.77,479.19,479.77,0
2026-08-03 04:54:00,479.77,480.48,479.66,479.83,0
2026-08-03 04:55:00,480.4497,480.45,479.88,480.25,0
2026-08-03 04:56:00,480.37,481.26,480.24,481.0,0
2026-08-03 04:57:00,481.1361,481.26,480.8714,480.88,0
2026-08-03 04:58:00,480.6222,480.6222,480.01,480.1,0
2026-08-03 04:59:00,480.0217,481.22,480.0217,481.0228,0
2026-08-03 05:00:00,481.22,482.4,480.5,481.0,0
2026-08-03 05:01:00,480.5,480.77,479.54,479.91,0
2026-08-03 05:02:00,480.0,480.0,479.0,479.01,0
2026-08-03 05:03:00,479.0182,480.11,478.4427,479.5,0
2026-08-03 05:04:00,479.75,481.17,479.3032,480.1668,0
2026-08-03 05:05:00,480.1668,481.9045,479.3032,481.0,0
2026-08-03 05:06:00,480.84,481.6,480.25,480.5,0
2026-08-03 05:07:00,480.0,480.76,479.88,480.76,0
2026-08-03 05:08:00,480.1,480.76,480.1,480.76,0
2026-08-03 05:09:00,479.89,479.89,479.89,479.89,0
2026-08-03 05:10:00,480.716,480.716,479.8003,480.45,0
2026-08-03 05:11:00,480.45,480.45,478.9,478.9,0
2026-08-03 05:12:00,478.53,478.53,478.5,478.5,0
2026-08-03 05:13:00,478.47,478.75,478.47,478.59,0
2026-08-03 05:14:00,479.12,479.84,478.27,478.66,0
2026-08-03 05:15:00,479.84,479.84,478.5,478.99,0
2026-08-03 05:16:00,478.77,479.469,478.77,479.469,0
2026-08-03 05:17:00,479.27,479.4988,478.75,479.4354,0
2026-08-03 05:18:00,478.3247,479.4354,478.3247,479.06,0
2026-08-03 05:19:00,479.28,479.5,478.4275,479.29,0
2026-08-03 05:20:00,479.29,479.5,479.0,479.5,0
2026-08-03 05:21:00,478.75,479.4988,478.75,478.88,0
2026-08-03 05:22:00,478.88,478.88,478.52,478.74,0
2026-08-03 05:23:00,478.62,479.5,478.5,478.61,0
2026-08-03 05:24:00,478.47,478.61,477.7744,477.7744,0
2026-08-03 05:25:00,477.795,478.5847,477.79,477.8,0
2026-08-03 05:26:00,477.8,477.8,477.16,477.56,0
2026-08-03 05:27:00,477.15,478.0,476.985,477.14,0
2026-08-03 05:28:00,477.37,477.37,476.8,476.8,0
2026-08-03 05:29:00,476.96,478.35,476.4948,478.35,0
2026-08-03 05:30:00,478.35,478.35,477.57,478.2552,0
2026-08-03 05:31:00,477.57,477.75,477.57,477.75,0
2026-08-03 05:32:00,478.3488,478.3488,478.0,478.0,0
2026-08-03 05:33:00,477.58,477.6,477.58,477.6,0
2026-08-03 05:34:00,477.58,477.65,477.58,477.65,0
2026-08-03 05:35:00,477.3,477.65,476.6803,477.65,0
2026-08-03 05:36:00,477.45,478.72,477.08,478.0,0
2026-08-03 05:37:00,478.19,478.19,476.55,477.3552,0
2026-08-03 05:38:00,476.51,476.51,476.51,476.51,0
2026-08-03 05:39:00,476.87,477.1,476.52,476.52,0
2026-08-03 05:41:00,477.44,477.44,476.3309,476.53,0
2026-08-03 05:42:00,476.5,477.44,476.5,477.0,0
2026-08-03 05:43:00,477.0,477.0,477.0,477.0,0
2026-08-03 05:44:00,476.81,477.405,476.5,476.56,0
2026-08-03 05:45:00,476.56,477.0,476.34,476.4,0
2026-08-03 05:46:00,476.0112,477.2,476.0112,477.2,0
2026-08-03 05:47:00,478.1052,478.1052,476.76,476.9,0
2026-08-03 05:48:00,477.77,477.77,476.01,476.9,0
2026-08-03 05:49:00,476.72,476.99,476.72,476.72,0
2026-08-03 05:50:00,476.01,476.2,475.93,476.0,0
2026-08-03 05:51:00,475.55,476.755,475.06,475.06,0
2026-08-03 05:52:00,475.07,475.5,475.0,475.1,0
2026-08-03 05:53:00,475.0938,475.35,475.0,475.05,0
2026-08-03 05:54:00,475.0,476.05,475.0,475.88,0
2026-08-03 05:55:00,475.8,476.1,475.8,476.1,0
2026-08-03 05:56:00,476.17,477.0,476.17,476.5,0
2026-08-03 05:57:00,476.65,476.65,476.22,476.22,0
2026-08-03 05:58:00,476.25,476.9637,476.2236,476.6,0
2026-08-03 05:59:00,476.83,476.83,475.635,476.5,0
2026-08-03 06:00:00,477.6754,477.7257,476.5,476.89,0
2026-08-03 06:01:00,476.75,477.6,475.5912,475.5912,0
2026-08-03 06:02:00,475.855,476.0,475.855,476.0,0
2026-08-03 06:03:00,475.8,476.6,475.6055,476.38,0
2026-08-03 06:04:00,476.02,477.0,475.6,475.78,0
2026-08-03 06:05:00,475.7604,475.8777,475.5,475.8777,0
2026-08-03 06:06:00,475.5,475.64,475.05,475.0597,0
2026-08-03 06:07:00,475.8,475.8,474.89,475.3095,0
2026-08-03 06:08:00,474.92,475.9625,474.4,474.4,0
2026-08-03 06:09:00,474.4337,475.17,474.2516,474.72,0
2026-08-03 06:10:00,474.6,474.7043,473.26,474.08,0
2026-08-03 06:11:00,473.38,474.2712,473.15,474.13,0
2026-08-03 06:12:00,473.8,474.1134,473.6686,473.98,0
2026-08-03 06:13:00,473.78,474.0,472.5877,473.94,0
2026-08-03 06:14:00,473.33,473.83,472.28,472.28,0
2026-08-03 06:15:00,472.3961,473.8,472.3961,473.01,0
2026-08-03 06:16:00,473.01,473.5,472.23,473.5,0
2026-08-03 06:17:00,473.44,473.5,471.8134,471.8134,0
2026-08-03 06:18:00,471.8127,472.99,471.8127,472.54,0
2026-08-03 06:19:00,473.5,473.5,471.68,471.83,0
2026-08-03 06:20:00,471.83,471.87,471.09,471.09,0
2026-08-03 06:21:00,471.5677,471.5677,470.12,470.2,0
2026-08-03 06:22:00,470.2,470.965,469.6,469.65,0
2026-08-03 06:23:00,470.0,471.62,469.6,471.62,0
2026-08-03 06:24:00,470.0,471.0,468.488,468.52,0
2026-08-03 06:25:00,469.21,470.0,468.82,469.99,0
2026-08-03 06:26:00,469.85,470.98,469.599,470.8666,0
2026-08-03 06:27:00,470.5,470.5,469.7579,470.5,0
2026-08-03 06:28:00,470.5,471.81,470.5,471.1,0
2026-08-03 06:29:00,471.0325,472.0,471.0325,472.0,0
2026-08-03 06:30:00,472.13,472.8,471.5,472.72,0
2026-08-03 06:31:00,472.8,472.8,470.6012,471.5,0
2026-08-03 06:32:00,471.9,472.0,471.0,471.0,0
2026-08-03 06:33:00,472.043,472.19,470.64,471.34,0
2026-08-03 06:34:00,471.5,472.8,471.35,472.5,0
2026-08-03 06:35:00,473.29,473.29,473.0,473.0,0
2026-08-03 06:36:00,473.0,473.3,472.93,473.3,0
2026-08-03 06:37:00,472.54,473.3,472.4435,473.3,0
2026-08-03 06:38:00,472.75,472.8,472.37,472.8,0
2026-08-03 06:39:00,472.31,473.0,472.31,473.0,0
2026-08-03 06:40:00,472.8674,473.0,471.57,472.66,0
2026-08-03 06:41:00,472.8,473.02,472.77,472.94,0
2026-08-03 06:42:00,473.03,473.21,472.5596,473.0995,0
2026-08-03 06:43:00,472.85,472.91,472.5246,472.91,0
2026-08-03 06:44:00,472.64,473.2,472.6,473.2,0
2026-08-03 06:45:00,473.2088,473.21,472.78,473.15,0
2026-08-03 06:46:00,472.82,472.82,472.57,472.57,0
2026-08-03 06:47:00,472.52,473.5,472.1,472.1,0
2026-08-03 06:48:00,472.96,473.03,472.4,472.4,0
2026-08-03 06:49:00,472.35,472.35,471.7,472.0878,0
2026-08-03 06:50:00,472.0,473.18,471.5,473.18,0
2026-08-03 06:51:00,473.18,473.5,472.95,473.06,0
2026-08-03 06:52:00,473.0125,473.35,473.0125,473.0675,0
2026-08-03 06:53:00,473.28,473.46,473.0,473.46,0
2026-08-03 06:54:00,473.46,473.52,473.46,473.49,0
2026-08-03 06:55:00,473.5,474.17,473.5,474.02,0
2026-08-03 06:56:00,473.2012,474.29,473.2012,474.2,0
2026-08-03 06:57:00,473.67,474.29,473.0,473.26,0
2026-08-03 06:58:00,473.92,473.92,473.34,473.87,0
2026-08-03 06:59:00,473.5,473.96,473.0443,473.85,0
2026-08-03 07:00:00,474.0,474.44,470.6,471.0,0
2026-08-03 07:01:00,470.86,470.9802,469.0,469.5,0
2026-08-03 07:02:00,469.5,469.99,468.2,469.6469,0
2026-08-03 07:03:00,469.82,469.83,467.95,469.3,0
2026-08-03 07:04:00,470.06,470.75,468.88,470.47,0
2026-08-03 07:05:00,470.0,471.0,469.9,470.54,0
2026-08-03 07:06:00,471.0,471.0,468.1755,468.1755,0
2026-08-03 07:07:00,468.78,470.0,468.05,468.05,0
2026-08-03 07:08:00,469.0,469.92,467.71,467.74,0
2026-08-03 07:09:00,468.1543,469.28,467.74,468.7,0
2026-08-03 07:10:00,468.0,469.0,468.0,468.7,0
2026-08-03 07:11:00,468.68,469.0,468.0,468.32,0
2026-08-03 07:12:00,468.6852,469.9997,468.019,469.7333,0
2026-08-03 07:13:00,468.4,469.99,468.4,469.7,0
2026-08-03 07:14:00,469.5655,469.69,468.0,469.69,0
2026-08-03 07:15:00,469.98,469.98,469.0,469.5831,0
2026-08-03 07:16:00,469.4225,469.99,469.0,469.93,0
2026-08-03 07:17:00,469.8366,469.99,468.5,469.97,0
2026-08-03 07:18:00,469.56,469.99,468.5,468.5961,0
2026-08-03 07:19:00,468.98,469.5,468.5,468.8258,0
2026-08-03 07:20:00,468.56,468.8988,467.5775,467.5775,0
2026-08-03 07:21:00,467.9029,469.2677,467.5,467.9115,0
2026-08-03 07:22:00,467.55,468.3547,467.0,468.05,0
2026-08-03 07:23:00,468.4812,468.4812,467.35,467.35,0
2026-08-03 07:24:00,467.77,467.98,467.35,467.79,0
2026-08-03 07:25:00,467.71,468.01,467.3444,467.8,0
2026-08-03 07:26:00,467.16,468.3259,467.01,468.3259,0
2026-08-03 07:27:00,468.39,468.49,466.7,466.7,0
2026-08-03 07:28:00,467.0,467.9988,466.7,467.01,0
2026-08-03 07:29:00,467.0,467.5,466.0,466.098,0
2026-08-03 07:30:00,466.5027,467.5,466.01,467.5,0
2026-08-03 07:31:00,467.92,468.5,467.02,468.2,0
2026-08-03 07:32:00,468.0,468.5,467.7085,468.31,0
2026-08-03 07:33:00,468.2769,468.7296,467.22,467.9484,0
2026-08-03 07:34:00,467.8074,468.0,467.2599,467.8,0
2026-08-03 07:35:00,467.79,467.96,466.41,467.0,0
2026-08-03 07:36:00,466.96,467.24,466.41,466.705,0
2026-08-03 07:37:00,466.89,467.0,466.41,466.43,0
2026-08-03 07:38:00,466.8865,467.0,465.4,465.5,0
2026-08-03 07:39:00,465.5,466.0,465.33,465.83,0
2026-08-03 07:40:00,465.664,465.9651,465.33,465.33,0
2026-08-03 07:41:00,466.0,466.0,465.01,465.204,0
2026-08-03 07:42:00,465.58,465.8838,465.1,465.5,0
2026-08-03 07:43:00,465.25,465.87,465.1,465.25,0
2026-08-03 07:44:00,465.25,466.9999,465.25,466.338,0
2026-08-03 07:45:00,466.17,466.4,465.2,465.8,0
2026-08-03 07:46:00,465.8,465.9,465.2103,465.55,0
2026-08-03 07:47:00,465.525,466.3,465.5,465.5,0
2026-08-03 07:48:00,465.5,466.0331,464.0,464.44,0
2026-08-03 07:49:00,464.1933,465.83,464.1517,465.3748,0
2026-08-03 07:50:00,465.05,465.5,464.01,464.2927,0
2026-08-03 07:51:00,464.02,465.2,463.2,464.19,0
2026-08-03 07:52:00,464.16,464.8,463.2,464.46,0
2026-08-03 07:53:00,463.92,464.43,463.1069,463.49,0
2026-08-03 07:54:00,463.99,464.39,463.3,463.99,0
2026-08-03 07:55:00,463.5,463.95,462.95,463.0,0
2026-08-03 07:56:00,463.2398,463.6634,462.0,463.48,0
2026-08-03 07:57:00,463.75,463.75,461.4,462.35,0
2026-08-03 07:58:00,462.3,463.33,462.3,462.5,0
2026-08-03 07:59:00,463.13,464.0,462.7242,464.0,0
2026-08-03 08:00:00,463.6,464.0,462.05,463.85,0
2026-08-03 08:01:00,463.0,463.6,462.05,462.88,0
2026-08-03 08:02:00,463.0,463.6,462.3,462.3,0
2026-08-03 08:03:00,463.6,463.6,462.3,462.85,0
2026-08-03 08:04:00,462.7,463.49,462.13,462.63,0
2026-08-03 08:05:00,462.2718,463.6,461.6737,461.9224,0
2026-08-03 08:06:00,461.76,461.9997,460.3,461.0,0
2026-08-03 08:07:00,461.6,462.25,460.5395,462.25,0
2026-08-03 08:08:00,462.3,463.6,461.2,463.21,0
2026-08-03 08:09:00,463.26,463.91,462.96,463.5938,0
2026-08-03 08:10:00,463.71,463.92,463.0,463.8071,0
2026-08-03 08:11:00,463.8021,464.0,463.0,463.0,0
2026-08-03 08:12:00,463.86,464.25,463.31,464.11,0
2026-08-03 08:13:00,464.0642,465.0,463.8288,464.95,0
2026-08-03 08:14:00,464.95,465.8015,464.1472,464.95,0
2026-08-03 08:15:00,465.0374,465.83,464.6,465.2039,0
2026-08-03 08:16:00,465.3734,465.83,464.42,464.42,0
2026-08-03 08:17:00,464.55,464.96,464.1007,464.7056,0
2026-08-03 08:18:00,464.7056,465.0,464.22,464.2994,0
2026-08-03 08:19:00,464.6,465.22,463.89,464.77,0
2026-08-03 08:20:00,465.03,465.31,464.8268,465.062,0
2026-08-03 08:21:00,465.392,465.5,465.0,465.1028,0
2026-08-03 08:22:00,465.19,465.83,464.8,465.75,0
2026-08-03 08:23:00,465.52,465.75,464.0,464.61,0
2026-08-03 08:24:00,464.9091,465.0,463.76,463.76,0
2026-08-03 08:25:00,464.52,464.67,464.0124,464.29,0
2026-08-03 08:26:00,464.2,464.67,464.15,464.4,0
2026-08-03 08:27:00,464.4,464.8,463.03,464.8,0
2026-08-03 08:28:00,464.76,465.0,464.24,464.9348,0
2026-08-03 08:29:00,464.99,465.0,464.09,464.09,0
2026-08-03 08:30:00,464.87,465.0,464.25,464.597,0
2026-08-03 08:31:00,464.51,465.05,464.5,464.88,0
2026-08-03 08:32:00,464.66,465.0,464.16,464.85,0
2026-08-03 08:33:00,464.1,465.0,463.22,463.8,0
2026-08-03 08:34:00,463.9,464.9988,463.81,464.99,0
2026-08-03 08:35:00,464.71,465.0,464.4,464.9038,0
2026-08-03 08:36:00,464.78,464.99,464.0225,464.69,0
2026-08-03 08:37:00,464.1744,465.0,464.1744,464.8652,0
2026-08-03 08:38:00,464.869,465.0,464.06,464.509,0
2026-08-03 08:39:00,464.509,464.63,463.22,464.4988,0
2026-08-03 08:40:00,464.26,465.0,463.7581,464.47,0
2026-08-03 08:41:00,465.0,465.3,464.0758,464.9056,0
2026-08-03 08:42:00,464.9,465.0,464.5,464.81,0
2026-08-03 08:43:00,465.05,465.83,465.05,465.5,0
2026-08-03 08:44:00,465.5,465.83,464.51,465.55,0
2026-08-03 08:45:00,465.7773,465.83,465.0,465.83,0
2026-08-03 08:46:00,465.45,465.83,464.71,465.0462,0
2026-08-03 08:47:00,464.82,465.05,464.29,464.57,0
2026-08-03 08:48:00,464.29,464.74,463.95,464.1,0
2026-08-03 08:49:00,464.2537,464.2537,463.43,464.0,0
2026-08-03 08:50:00,463.62,463.77,463.3,463.31,0
2026-08-03 08:51:00,463.3,464.6,463.03,464.236,0
2026-08-03 08:52:00,464.6,464.6,463.6,464.59,0
2026-08-03 08:53:00,464.6,464.6,463.66,463.88,0
2026-08-03 08:54:00,464.5,464.6,464.22,464.4846,0
2026-08-03 08:55:00,464.4846,464.6,464.0,464.59,0
2026-08-03 08:56:00,464.59,464.8,464.0,464.0,0
2026-08-03 08:57:00,464.45,464.93,463.61,464.45,0
2026-08-03 08:58:00,464.02,464.7409,463.5,464.0,0
2026-08-03 08:59:00,463.8,464.28,463.5,463.9,0
2026-08-03 09:00:00,464.1671,464.28,463.4378,463.4378,0
2026-08-03 09:01:00,464.01,464.24,463.3,463.81,0
2026-08-03 09:02:00,463.5,464.0,462.9,463.0,0
2026-08-03 09:03:00,463.19,464.0,462.6,463.0,0
2026-08-03 09:04:00,463.246,464.28,462.99,464.11,0
2026-08-03 09:05:00,464.5,464.75,463.2,464.03,0
2026-08-03 09:06:00,464.75,464.779,464.0301,464.779,0
2026-08-03 09:07:00,464.7375,464.79,463.75,464.59,0
2026-08-03 09:08:00,464.0,464.79,464.0,464.3,0
2026-08-03 09:09:00,464.27,464.79,463.5,464.4671,0
2026-08-03 09:10:00,464.22,464.79,463.5,464.5812,0
2026-08-03 09:11:00,464.15,476.15,463.5,464.58,0
2026-08-03 09:12:00,464.4731,464.552,463.7,463.99,0
2026-08-03 09:13:00,463.99,464.2,463.0,463.5,0
2026-08-03 09:14:00,463.31,464.0,463.03,463.5,0
2026-08-03 09:15:00,463.72,464.58,463.72,464.4724,0
2026-08-03 09:16:00,464.48,464.9,464.168,464.5847,0
2026-08-03 09:17:00,464.607,465.0,464.461,464.9739,0
2026-08-03 09:18:00,464.74,466.15,464.74,465.95,0
2026-08-03 09:19:00,466.15,466.75,465.5,466.75,0
2026-08-03 09:20:00,466.2101,466.9,466.21,466.405,0
2026-08-03 09:21:00,466.13,466.41,464.11,465.0,0
2026-08-03 09:22:00,464.99,466.02,464.28,465.5,0
2026-08-03 09:23:00,465.53,465.9999,464.0,465.225,0
2026-08-03 09:24:00,465.0554,466.0,464.25,465.32,0
2026-08-03 09:25:00,465.32,466.0,463.63,464.254,0
2026-08-03 09:26:00,463.8,464.0288,462.0,463.7086,0
2026-08-03 09:27:00,462.4403,464.0,460.0,462.0,0
2026-08-03 09:28:00,462.96,462.96,460.02,461.6,0
2026-08-03 09:29:00,461.0,462.53,460.8,462.53,0
2026-08-03 09:30:00,461.79,464.59,458.1614,458.88,1620614
2026-08-03 09:31:00,458.88,461.9899,458.88,460.69,120449
2026-08-03 09:32:00,460.35,460.99,458.3466,459.325,118233
2026-08-03 09:33:00,459.4,459.4,455.3,456.1,192453
2026-08-03 09:34:00,455.96,459.57,455.91,458.32,129000
2026-08-03 09:35:00,458.42,463.49,457.1992,463.195,151916
2026-08-03 09:36:00,463.46,465.4264,462.49,465.1678,267001
2026-08-03 09:37:00,465.4,468.2499,465.36,465.8,161833
2026-08-03 09:38:00,465.8,467.0,462.985,466.195,122638
2026-08-03 09:39:00,466.31,466.9,463.805,465.515,91357
2026-08-03 09:40:00,465.2701,466.57,457.55,459.85,273422
2026-08-03 09:41:00,459.71,460.665,457.71,458.505,118023
2026-08-03 09:42:00,458.24,459.47,456.12,457.6,109840
2026-08-03 09:43:00,457.485,459.33,456.86,459.33,85600
2026-08-03 09:44:00,459.49,462.29,459.06,462.035,160975
2026-08-03 09:45:00,462.03,462.99,459.7972,459.7972,112171
2026-08-03 09:46:00,459.54,460.5906,457.4,457.705,121686
2026-08-03 09:47:00,457.76,458.86,457.53,458.6,56889
2026-08-03 09:48:00,458.86,461.8595,458.86,459.93,85200
2026-08-03 09:49:00,459.71,460.7642,458.2102,458.39,64982
2026-08-03 09:50:00,458.42,459.95,457.4107,458.69,86812
2026-08-03 09:51:00,458.5,460.569,458.38,459.935,79289
2026-08-03 09:52:00,459.89,460.25,458.27,458.57,73693
2026-08-03 09:53:00,459.43,460.83,458.67,460.635,96553
2026-08-03 09:54:00,460.53,462.55,460.15,462.535,105254
2026-08-03 09:55:00,462.535,465.1902,462.08,464.75,100335
2026-08-03 09:56:00,464.9,465.655,464.3,465.575,101838
2026-08-03 09:57:00,465.42,467.6999,465.02,467.405,98227
2026-08-03 09:58:00,467.09,470.5899,467.04,470.36,115652
2026-08-03 09:59:00,470.5325,471.04,469.6001,470.7664,95513
2026-08-03 10:00:00,470.64,470.9676,468.7678,470.215,100178
2026-08-03 10:01:00,470.2,470.5899,468.11,468.835,89585
2026-08-03 10:02:00,468.83,469.6999,467.49,469.42,86885
2026-08-03 10:03:00,469.7,471.49,468.2,468.2,110775
2026-08-03 10:04:00,468.345,468.5101,466.3199,467.06,75888
2026-08-03 10:05:00,467.06,468.66,466.3323,468.045,76289
2026-08-03 10:06:00,468.01,469.67,467.68,468.52,66553
2026-08-03 10:07:00,468.15,468.625,466.66,467.24,61122
2026-08-03 10:08:00,467.0,468.9999,465.49,468.45,79727
2026-08-03 10:09:00,468.45,469.1709,467.575,468.6575,44391
2026-08-03 10:10:00,468.52,470.6399,468.0,469.635,65243
2026-08-03 10:11:00,469.8396,471.92,469.8396,471.06,77658
2026-08-03 10:12:00,471.38,472.1475,470.77,470.85,65212
2026-08-03 10:13:00,471.125,472.62,470.73,471.22,81944
2026-08-03 10:14:00,471.44,471.44,468.5,468.805,103278
2026-08-03 10:15:00,468.745,469.07,467.4201,469.07,64461
2026-08-03 10:16:00,469.11,470.95,469.105,470.51,90615
2026-08-03 10:17:00,470.22,470.64,469.5201,470.35,40331
2026-08-03 10:18:00,470.59,473.4,470.435,473.025,97069
2026-08-03 10:19:00,473.025,473.476,472.23,472.539,123586
2026-08-03 10:20:00,472.21,474.1,471.05,474.0599,74420
2026-08-03 10:21:00,473.845,474.565,473.19,474.565,56698
2026-08-03 10:22:00,474.565,475.32,473.86,473.96,87948
2026-08-03 10:23:00,473.69,474.3642,473.0,473.61,58382
2026-08-03 10:24:00,473.745,474.99,472.84,474.91,58636
2026-08-03 10:25:00,475.0,475.91,474.845,475.215,70774
2026-08-03 10:26:00,475.3,475.51,474.31,474.95,43928
2026-08-03 10:27:00,475.05,475.135,473.02,474.0419,107164
2026-08-03 10:28:00,473.95,476.0,473.95,474.94,58512
2026-08-03 10:29:00,474.71,477.11,474.61,476.99,69417
2026-08-03 10:30:00,477.0001,477.14,475.185,475.75,57377
2026-08-03 10:31:00,475.575,477.21,475.575,476.49,58566
2026-08-03 10:32:00,476.4,478.7699,476.3,477.65,98167
2026-08-03 10:33:00,477.71,479.75,477.71,479.61,79250
2026-08-03 10:34:00,479.77,479.78,478.475,479.0863,64116
2026-08-03 10:35:00,479.01,480.5999,478.56,480.14,104624
2026-08-03 10:36:00,480.49,480.68,479.26,480.345,53388
2026-08-03 10:37:00,480.345,481.7399,479.96,480.2492,75394
2026-08-03 10:38:00,480.12,480.48,478.79,479.2299,77460
2026-08-03 10:39:00,479.18,480.98,478.7894,480.32,58548
2026-08-03 10:40:00,480.1,480.1716,479.3,479.73,46309
2026-08-03 10:41:00,479.822,480.71,479.37,479.5305,45166
2026-08-03 10:42:00,479.5,479.845,478.27,478.795,65104
2026-08-03 10:43:00,478.82,478.855,477.37,478.22,68507
2026-08-03 10:44:00,478.16,479.3,477.72,478.37,49542
2026-08-03 10:45:00,478.435,478.9558,477.2,478.325,54144
2026-08-03 10:46:00,478.672,480.64,478.672,480.425,58036
2026-08-03 10:47:00,480.425,481.95,479.25,481.27,94607
2026-08-03 10:48:00,481.5898,482.92,481.42,482.39,70945
2026-08-03 10:49:00,482.45,484.0,482.1001,483.72,85375
2026-08-03 10:50:00,483.53,484.45,483.4501,484.34,70262
2026-08-03 10:51:00,484.51,485.39,483.9291,484.66,73337
2026-08-03 10:52:00,484.56,485.77,484.56,484.945,57591
2026-08-03 10:53:00,484.875,486.24,484.87,485.365,85165
2026-08-03 10:54:00,485.515,485.5659,484.5501,484.9175,41514
2026-08-03 10:55:00,484.85,486.69,484.85,486.475,71375
2026-08-03 10:56:00,486.5379,486.85,484.66,484.9,87863
2026-08-03 10:57:00,484.61,485.0928,484.2344,484.725,58089
2026-08-03 10:58:00,484.5,485.75,484.26,485.7398,38141
2026-08-03 10:59:00,485.595,486.35,485.46,486.14,68271
2026-08-03 11:00:00,486.16,486.16,485.07,485.47,46973
2026-08-03 11:01:00,485.69,485.8,484.89,485.27,37525
2026-08-03 11:02:00,485.55,485.84,484.8,484.91,33293
2026-08-03 11:03:00,484.83,485.025,483.8,484.73,54964
2026-08-03 11:04:00,484.725,485.1,484.52,485.1,44892
2026-08-03 11:05:00,485.1485,485.3899,483.45,483.45,50816
2026-08-03 11:06:00,483.46,483.61,482.815,483.245,49195
2026-08-03 11:07:00,483.41,483.95,482.79,483.775,43466
2026-08-03 11:08:00,483.775,483.8151,482.37,483.0491,59781
2026-08-03 11:09:00,482.79,483.248,481.41,481.59,68175
2026-08-03 11:10:00,481.12,481.46,480.41,481.0525,53841
2026-08-03 11:11:00,480.92,480.99,479.8,480.785,53906
2026-08-03 11:12:00,480.745,481.26,479.5,481.26,46747
2026-08-03 11:13:00,481.26,482.5,481.0,481.0,44522
2026-08-03 11:14:00,481.0,481.64,479.7001,480.1778,55046
2026-08-03 11:15:00,480.075,481.3696,480.0475,481.195,34281
2026-08-03 11:16:00,481.195,482.6599,481.195,482.3,57572
2026-08-03 11:17:00,482.225,482.4,481.13,481.8,44827
2026-08-03 11:18:00,481.64,482.49,481.11,482.21,41200
2026-08-03 11:19:00,481.89,482.64,481.68,482.09,34264
2026-08-03 11:20:00,482.45,482.98,481.69,482.88,17562
2026-08-03 11:21:00,482.76,483.05,481.81,482.2075,46809
2026-08-03 11:22:00,481.85,481.85,480.2,481.485,63717
2026-08-03 11:23:00,481.6,481.65,481.02,481.13,27004
2026-08-03 11:24:00,481.26,481.37,479.6,479.825,42995
2026-08-03 11:25:00,479.94,480.72,479.27,480.0,72421
2026-08-03 11:26:00,479.55,480.2532,479.2,479.4,52994
2026-08-03 11:27:00,479.37,479.405,478.3249,478.37,40726
2026-08-03 11:28:00,478.77,478.86,477.57,478.075,57650
2026-08-03 11:29:00,477.8584,478.5094,477.33,477.72,31891
2026-08-03 11:30:00,477.845,479.15,477.24,478.505,48042
2026-08-03 11:31:00,478.625,479.93,478.625,479.265,44227
2026-08-03 11:32:00,479.3455,479.8193,478.36,478.65,43064
2026-08-03 11:33:00,478.6351,479.95,478.39,479.95,33025
2026-08-03 11:34:00,479.99,480.65,479.01,479.01,39403
2026-08-03 11:35:00,479.015,479.59,478.1626,479.59,46441
2026-08-03 11:36:00,479.71,479.7686,478.4449,478.9,42767
2026-08-03 11:37:00,478.63,478.63,477.4,477.68,40696
2026-08-03 11:38:00,477.27,478.07,477.16,477.835,38116
2026-08-03 11:39:00,477.93,478.99,477.75,478.69,42911
2026-08-03 11:40:00,478.7,479.8476,478.41,479.1656,36328
2026-08-03 11:41:00,479.205,480.0,478.6,478.94,54724
2026-08-03 11:42:00,478.8,479.53,478.8,479.25,30299
2026-08-03 11:43:00,479.52,480.09,479.22,479.845,29844
2026-08-03 11:44:00,479.9,480.15,479.17,479.605,24903
2026-08-03 11:45:00,479.56,480.115,479.44,479.84,19626
2026-08-03 11:46:00,479.65,480.0,479.35,479.46,24254
2026-08-03 11:47:00,479.64,479.76,479.3001,479.435,14513
2026-08-03 11:48:00,479.43,480.52,479.35,480.08,27686
2026-08-03 11:49:00,480.0899,480.92,479.69,479.95,33074
2026-08-03 11:50:00,479.95,480.1087,479.666,479.8075,16435
2026-08-03 11:51:00,479.97,480.1742,478.5201,479.18,26209
2026-08-03 11:52:00,479.21,479.87,479.08,479.67,20706
2026-08-03 11:53:00,479.825,480.5212,479.5101,480.44,33545
2026-08-03 11:54:00,480.525,481.1999,480.2,480.27,37426
2026-08-03 11:55:00,480.27,480.5,479.95,480.47,32016
2026-08-03 11:56:00,480.28,480.28,480.28,480.28,0
