time_et,open,high,low,close,volume
2026-07-24 04:00:00,234.78,234.7802,233.33,234.19,0
2026-07-24 04:01:00,234.37,234.8112,233.21,234.24,0
2026-07-24 04:02:00,234.35,234.56,233.66,234.56,0
2026-07-24 04:03:00,234.12,234.6,234.12,234.6,0
2026-07-24 04:04:00,234.6,234.8092,234.42,234.8,0
2026-07-24 04:05:00,234.33,234.58,234.33,234.58,0
2026-07-24 04:06:00,234.36,234.7988,233.2,234.7988,0
2026-07-24 04:07:00,234.8,234.8,234.8,234.8,0
2026-07-24 04:08:00,234.46,234.8288,234.43,234.51,0
2026-07-24 04:09:00,234.44,234.83,234.44,234.46,0
2026-07-24 04:10:00,234.51,234.58,234.42,234.42,0
2026-07-24 04:11:00,234.6,234.7867,234.515,234.7,0
2026-07-24 04:12:00,234.61,234.61,234.61,234.61,0
2026-07-24 04:13:00,234.5687,234.5687,234.0012,234.0012,0
2026-07-24 04:14:00,234.56,234.56,234.35,234.4,0
2026-07-24 04:15:00,234.0,234.0,234.0,234.0,0
2026-07-24 04:16:00,234.3673,234.59,234.0,234.0,0
2026-07-24 04:17:00,234.41,234.47,234.3802,234.3802,0
2026-07-24 04:18:00,234.2078,234.59,234.2078,234.3,0
2026-07-24 04:19:00,234.3,234.4875,234.1196,234.39,0
2026-07-24 04:20:00,234.39,234.39,234.39,234.39,0
2026-07-24 04:21:00,234.39,234.43,234.38,234.43,0
2026-07-24 04:22:00,234.26,234.39,234.26,234.26,0
2026-07-24 04:24:00,234.39,234.4,234.39,234.4,0
2026-07-24 04:25:00,234.45,234.45,234.3,234.3,0
2026-07-24 04:26:00,234.3,234.5,234.25,234.33,0
2026-07-24 04:27:00,234.32,234.32,234.01,234.2,0
2026-07-24 04:28:00,234.4744,234.4744,234.266,234.32,0
2026-07-24 04:29:00,234.39,234.39,234.39,234.39,0
2026-07-24 04:30:00,234.49,234.5845,234.44,234.44,0
2026-07-24 04:31:00,234.5888,234.5888,234.48,234.48,0
2026-07-24 04:32:00,234.3809,234.6,234.3809,234.5011,0
2026-07-24 04:33:00,234.5,234.5,234.5,234.5,0
2026-07-24 04:34:00,234.83,234.83,234.7,234.7,0
2026-07-24 04:35:00,234.83,234.83,234.6,234.75,0
2026-07-24 04:36:00,234.53,234.8076,234.5,234.8076,0
2026-07-24 04:37:00,234.51,234.8,234.51,234.8,0
2026-07-24 04:38:00,234.83,234.83,234.4475,234.8076,0
2026-07-24 04:39:00,234.71,234.8,234.655,234.6642,0
2026-07-24 04:40:00,234.67,234.67,234.6,234.6,0
2026-07-24 04:41:00,234.66,234.83,234.57,234.83,0
2026-07-24 04:42:00,234.5,234.6,234.48,234.5,0
2026-07-24 04:43:00,234.508,234.82,234.508,234.52,0
2026-07-24 04:44:00,234.7,234.7,234.5257,234.5257,0
2026-07-24 04:45:00,234.52,234.75,234.52,234.69,0
2026-07-24 04:46:00,234.69,234.69,234.64,234.66,0
2026-07-24 04:47:00,234.71,234.71,234.7,234.7,0
2026-07-24 04:48:00,234.7,234.75,234.65,234.75,0
2026-07-24 04:49:00,234.7167,234.75,234.7167,234.7305,0
2026-07-24 04:50:00,234.52,234.7,234.52,234.7,0
2026-07-24 04:51:00,234.72,234.79,234.7,234.79,0
2026-07-24 04:52:00,234.79,234.79,234.79,234.79,0
2026-07-24 04:53:00,234.6,234.6,234.6,234.6,0
2026-07-24 04:54:00,234.6988,234.6988,234.6,234.6,0
2026-07-24 04:55:00,234.61,234.71,234.5412,234.71,0
2026-07-24 04:56:00,234.64,234.71,234.64,234.65,0
2026-07-24 04:57:00,234.6437,234.7,234.64,234.7,0
2026-07-24 04:58:00,234.8,234.83,234.5212,234.83,0
2026-07-24 04:59:00,234.69,234.8288,234.69,234.8288,0
2026-07-24 05:00:00,234.6,234.82,234.6,234.82,0
2026-07-24 05:01:00,234.8044,234.82,234.75,234.75,0
2026-07-24 05:02:00,234.7605,234.7605,234.695,234.695,0
2026-07-24 05:03:00,234.7852,234.7852,234.61,234.68,0
2026-07-24 05:04:00,234.6,234.6,234.6,234.6,0
2026-07-24 05:05:00,234.75,234.75,234.6,234.6,0
2026-07-24 05:06:00,234.6,234.6,234.6,234.6,0
2026-07-24 05:07:00,234.64,234.75,234.6225,234.6271,0
2026-07-24 05:08:00,234.67,234.82,234.67,234.71,0
2026-07-24 05:09:00,234.81,234.92,234.81,234.9091,0
2026-07-24 05:10:00,234.8932,234.92,234.8932,234.92,0
2026-07-24 05:11:00,234.9122,234.92,234.83,234.86,0
2026-07-24 05:12:00,234.82,234.87,234.8,234.87,0
2026-07-24 05:13:00,234.87,234.87,234.77,234.8688,0
2026-07-24 05:14:00,234.87,234.87,234.67,234.84,0
2026-07-24 05:15:00,234.92,234.92,234.73,234.73,0
2026-07-24 05:16:00,234.7042,234.7042,234.7042,234.7042,0
2026-07-24 05:17:00,234.77,234.907,234.76,234.9,0
2026-07-24 05:19:00,234.9,234.9,234.7,234.7,0
2026-07-24 05:20:00,234.7,234.77,234.7,234.77,0
2026-07-24 05:21:00,234.608,234.75,234.608,234.75,0
2026-07-24 05:22:00,234.9188,234.9188,234.72,234.72,0
2026-07-24 05:23:00,234.85,234.89,234.65,234.89,0
2026-07-24 05:24:00,234.912,234.92,234.79,234.8001,0
2026-07-24 05:25:00,234.92,235.17,234.92,234.92,0
2026-07-24 05:26:00,235.0,235.17,235.0,235.17,0
2026-07-24 05:27:00,235.1471,235.1471,234.9,235.03,0
2026-07-24 05:29:00,234.9918,235.0,234.9918,235.0,0
2026-07-24 05:30:00,235.1688,235.19,234.98,235.19,0
2026-07-24 05:31:00,235.11,235.55,235.11,235.55,0
2026-07-24 05:32:00,235.15,235.3485,235.14,235.25,0
2026-07-24 05:33:00,235.2,235.4388,235.2,235.25,0
2026-07-24 05:34:00,235.25,235.25,235.15,235.15,0
2026-07-24 05:35:00,235.23,235.491,235.08,235.15,0
2026-07-24 05:36:00,235.1398,235.2,235.09,235.12,0
2026-07-24 05:37:00,235.19,235.2,235.17,235.17,0
2026-07-24 05:38:00,235.15,235.5255,235.14,235.5255,0
2026-07-24 05:39:00,235.2,235.25,235.14,235.14,0
2026-07-24 05:40:00,235.14,235.5,235.0812,235.5,0
2026-07-24 05:41:00,235.24,235.34,235.09,235.28,0
2026-07-24 05:42:00,235.28,235.35,235.28,235.35,0
2026-07-24 05:43:00,235.28,235.3667,235.24,235.24,0
2026-07-24 05:44:00,235.21,235.3,235.21,235.3,0
2026-07-24 05:45:00,235.22,235.3988,235.1,235.371,0
2026-07-24 05:46:00,235.26,235.3844,235.26,235.34,0
2026-07-24 05:47:00,235.14,235.24,235.0,235.19,0
2026-07-24 05:48:00,235.05,235.25,235.05,235.25,0
2026-07-24 05:49:00,235.07,235.07,235.07,235.07,0
2026-07-24 05:50:00,235.05,235.05,234.6125,234.6125,0
2026-07-24 05:51:00,235.0,235.0988,234.84,235.0988,0
2026-07-24 05:52:00,235.0,235.0881,235.0,235.0881,0
2026-07-24 05:53:00,235.0,235.0,234.61,234.86,0
2026-07-24 05:55:00,234.6,234.95,234.6,234.95,0
2026-07-24 05:56:00,234.8876,234.95,234.8876,234.89,0
2026-07-24 05:57:00,234.89,234.89,234.89,234.89,0
2026-07-24 05:58:00,234.86,234.9109,234.6087,234.9109,0
2026-07-24 05:59:00,234.95,234.95,234.895,234.895,0
2026-07-24 06:00:00,234.9,234.91,234.7,234.9,0
2026-07-24 06:01:00,234.895,234.9,234.895,234.9,0
2026-07-24 06:02:00,234.895,234.9,234.8,234.8,0
2026-07-24 06:03:00,234.95,234.95,234.9,234.9,0
2026-07-24 06:04:00,234.92,234.92,234.9,234.9,0
2026-07-24 06:05:00,234.9,234.9,234.78,234.8447,0
2026-07-24 06:06:00,234.84,234.84,234.84,234.84,0
2026-07-24 06:08:00,234.84,234.84,234.7,234.7,0
2026-07-24 06:09:00,234.651,234.8,234.651,234.8,0
2026-07-24 06:11:00,234.8,234.8,234.6675,234.6675,0
2026-07-24 06:12:00,234.8,234.8,234.8,234.8,0
2026-07-24 06:13:00,234.81,234.81,234.81,234.81,0
2026-07-24 06:14:00,234.71,234.76,234.7,234.76,0
2026-07-24 06:15:00,234.6282,234.78,234.6282,234.71,0
2026-07-24 06:16:00,234.8999,234.8999,234.8999,234.8999,0
2026-07-24 06:17:00,234.72,234.9412,234.72,234.9412,0
2026-07-24 06:18:00,234.71,234.71,234.6087,234.6087,0
2026-07-24 06:19:00,234.8,234.8,234.6012,234.6012,0
2026-07-24 06:20:00,234.75,234.9488,234.61,234.74,0
2026-07-24 06:21:00,234.9488,234.9488,234.9317,234.9317,0
2026-07-24 06:22:00,234.9,234.9,234.9,234.9,0
2026-07-24 06:23:00,234.62,234.62,234.61,234.61,0
2026-07-24 06:24:00,234.6,234.6,234.55,234.55,0
2026-07-24 06:25:00,234.78,234.85,234.25,234.33,0
2026-07-24 06:26:00,234.6,234.6,234.52,234.52,0
2026-07-24 06:27:00,234.6,234.6,234.6,234.6,0
2026-07-24 06:28:00,234.5812,234.5988,234.5812,234.5988,0
2026-07-24 06:29:00,234.314,234.5,234.314,234.5,0
2026-07-24 06:30:00,234.6,234.6,234.54,234.6,0
2026-07-24 06:31:00,234.6,234.6,234.5585,234.58,0
2026-07-24 06:32:00,234.5,234.53,234.45,234.45,0
2026-07-24 06:33:00,234.59,234.6,234.32,234.59,0
2026-07-24 06:35:00,234.44,234.53,234.24,234.26,0
2026-07-24 06:36:00,234.26,234.51,234.26,234.28,0
2026-07-24 06:37:00,234.25,234.41,234.24,234.39,0
2026-07-24 06:38:00,234.26,234.41,234.2,234.34,0
2026-07-24 06:39:00,234.39,234.4,234.2,234.2,0
2026-07-24 06:40:00,234.34,234.44,234.34,234.44,0
2026-07-24 06:41:00,234.6,234.6,234.0272,234.0272,0
2026-07-24 06:42:00,234.65,234.7,234.55,234.68,0
2026-07-24 06:43:00,234.68,234.77,234.1,234.6,0
2026-07-24 06:44:00,234.7288,235.01,234.68,234.72,0
2026-07-24 06:45:00,234.79,234.79,234.5,234.5,0
2026-07-24 06:46:00,234.89,235.03,234.89,235.03,0
2026-07-24 06:47:00,234.9944,235.085,234.5,234.5,0
2026-07-24 06:48:00,235.03,235.03,234.5,235.02,0
2026-07-24 06:49:00,234.5012,235.02,234.5012,234.9802,0
2026-07-24 06:50:00,234.99,234.99,234.5,234.9235,0
2026-07-24 06:51:00,234.94,234.94,234.75,234.75,0
2026-07-24 06:52:00,234.7,234.86,234.7,234.85,0
2026-07-24 06:53:00,234.7,234.7,234.55,234.6,0
2026-07-24 06:54:00,234.9972,234.9972,234.69,234.69,0
2026-07-24 06:55:00,234.56,234.7,234.1952,234.305,0
2026-07-24 06:56:00,234.4,234.94,234.4,234.91,0
2026-07-24 06:57:00,234.72,234.72,234.36,234.36,0
2026-07-24 06:58:00,234.65,234.65,234.2012,234.36,0
2026-07-24 06:59:00,234.47,234.6,234.2,234.2,0
2026-07-24 07:00:00,234.4,234.6,234.33,234.3887,0
2026-07-24 07:01:00,234.6,234.6,234.3983,234.55,0
2026-07-24 07:02:00,234.57,234.83,234.5,234.5,0
2026-07-24 07:03:00,234.8,234.99,234.5,234.6,0
2026-07-24 07:04:00,234.5685,234.9,234.5685,234.8823,0
2026-07-24 07:05:00,234.74,234.8,234.5612,234.628,0
2026-07-24 07:06:00,234.74,234.8,234.56,234.8,0
2026-07-24 07:07:00,234.8,234.8473,234.6127,234.7072,0
2026-07-24 07:08:00,234.725,234.8915,234.49,234.538,0
2026-07-24 07:09:00,234.6,234.66,234.2,234.44,0
2026-07-24 07:10:00,234.7,234.7,234.4,234.6999,0
2026-07-24 07:11:00,234.7,234.7,234.232,234.7,0
2026-07-24 07:12:00,234.69,234.7,234.22,234.7,0
2026-07-24 07:13:00,234.69,234.6999,234.2682,234.5,0
2026-07-24 07:14:00,234.2,234.6388,234.2,234.6388,0
2026-07-24 07:15:00,234.5,234.57,234.395,234.5522,0
2026-07-24 07:16:00,234.59,234.68,234.3,234.6504,0
2026-07-24 07:17:00,234.6,234.6728,234.4449,234.6728,0
2026-07-24 07:18:00,234.69,234.69,234.4,234.5,0
2026-07-24 07:19:00,234.5,234.65,234.5,234.6,0
2026-07-24 07:20:00,234.5232,234.65,234.4,234.6,0
2026-07-24 07:21:00,234.62,234.65,234.4062,234.65,0
2026-07-24 07:22:00,234.64,234.65,234.6,234.6,0
2026-07-24 07:23:00,234.648,234.648,234.6459,234.648,0
2026-07-24 07:24:00,234.59,234.69,234.59,234.65,0
2026-07-24 07:25:00,234.6841,234.69,234.55,234.69,0
2026-07-24 07:26:00,234.67,234.69,234.62,234.69,0
2026-07-24 07:27:00,234.4072,234.6831,234.4072,234.6831,0
2026-07-24 07:29:00,234.62,234.6888,234.551,234.62,0
2026-07-24 07:30:00,234.6606,234.6606,234.57,234.61,0
2026-07-24 07:31:00,234.6,234.69,234.5,234.5297,0
2026-07-24 07:32:00,234.5,234.6606,234.5,234.6606,0
2026-07-24 07:33:00,234.69,234.69,234.55,234.6749,0
2026-07-24 07:34:00,234.69,234.69,234.5,234.5001,0
2026-07-24 07:35:00,234.4072,234.65,234.4072,234.47,0
2026-07-24 07:36:00,234.48,234.65,234.4436,234.65,0
2026-07-24 07:37:00,234.69,234.75,234.5572,234.65,0
2026-07-24 07:38:00,234.4,234.99,234.4,234.65,0
2026-07-24 07:39:00,234.65,234.65,234.5107,234.55,0
2026-07-24 07:40:00,234.64,234.8128,234.4172,234.6551,0
2026-07-24 07:41:00,234.6,234.98,234.4197,234.65,0
2026-07-24 07:42:00,234.66,234.78,234.65,234.6536,0
2026-07-24 07:43:00,234.4612,234.78,234.4612,234.78,0
2026-07-24 07:44:00,234.6999,234.78,234.52,234.78,0
2026-07-24 07:45:00,234.7788,234.98,234.5336,234.84,0
2026-07-24 07:46:00,234.84,234.98,234.7,234.7,0
2026-07-24 07:47:00,234.52,234.98,234.52,234.98,0
2026-07-24 07:48:00,234.52,234.98,234.52,234.7,0
2026-07-24 07:49:00,234.75,234.75,234.5,234.737,0
2026-07-24 07:50:00,234.738,234.738,234.52,234.69,0
2026-07-24 07:51:00,234.52,234.75,234.52,234.7,0
2026-07-24 07:52:00,234.7,234.75,234.6,234.67,0
2026-07-24 07:53:00,234.69,234.7,234.52,234.6988,0
2026-07-24 07:54:00,234.7,234.7,234.57,234.7,0
2026-07-24 07:55:00,234.57,234.58,234.41,234.41,0
2026-07-24 07:56:00,234.609,234.7,234.4,234.7,0
2026-07-24 07:57:00,234.5896,234.6,234.4,234.5,0
2026-07-24 07:58:00,234.4118,234.75,234.35,234.75,0
2026-07-24 07:59:00,234.6839,234.89,234.41,234.89,0
2026-07-24 08:00:00,234.4,234.89,234.4,234.71,0
2026-07-24 08:01:00,234.69,234.69,234.55,234.59,0
2026-07-24 08:02:00,234.5,234.69,234.4,234.43,0
2026-07-24 08:03:00,234.5,234.5944,234.3,234.5,0
2026-07-24 08:04:00,234.41,234.51,234.3,234.3,0
2026-07-24 08:05:00,234.46,234.46,234.22,234.37,0
2026-07-24 08:06:00,234.44,234.707,234.2062,234.5,0
2026-07-24 08:07:00,234.2,234.63,234.2,234.63,0
2026-07-24 08:08:00,234.63,234.63,234.2868,234.31,0
2026-07-24 08:09:00,234.5,234.826,234.254,234.39,0
2026-07-24 08:10:00,234.36,234.39,234.2659,234.39,0
2026-07-24 08:11:00,234.39,234.39,234.35,234.3852,0
2026-07-24 08:12:00,234.295,234.39,234.23,234.36,0
2026-07-24 08:13:00,234.31,234.55,234.2356,234.55,0
2026-07-24 08:14:00,234.51,234.84,234.51,234.73,0
2026-07-24 08:15:00,234.42,234.63,234.31,234.4069,0
2026-07-24 08:16:00,234.3419,234.55,234.3101,234.3101,0
2026-07-24 08:17:00,234.5,234.84,234.31,234.84,0
2026-07-24 08:18:00,234.73,234.76,234.4,234.76,0
2026-07-24 08:19:00,234.76,234.76,234.31,234.5,0
2026-07-24 08:20:00,234.49,234.55,234.31,234.4,0
2026-07-24 08:21:00,234.4,234.54,234.36,234.5,0
2026-07-24 08:22:00,234.5,234.68,234.35,234.45,0
2026-07-24 08:23:00,234.467,234.47,234.44,234.47,0
2026-07-24 08:24:00,234.47,234.52,234.4288,234.5,0
2026-07-24 08:25:00,234.47,234.52,234.05,234.47,0
2026-07-24 08:26:00,234.49,234.52,234.35,234.35,0
2026-07-24 08:27:00,234.5184,234.52,234.39,234.39,0
2026-07-24 08:28:00,234.5,234.52,234.35,234.35,0
2026-07-24 08:29:00,234.35,234.52,234.05,234.36,0
2026-07-24 08:30:00,234.457,234.5,234.208,234.4704,0
2026-07-24 08:31:00,234.5,234.513,234.2,234.208,0
2026-07-24 08:32:00,234.52,234.68,234.52,234.5983,0
2026-07-24 08:33:00,234.59,234.6,234.4,234.53,0
2026-07-24 08:34:00,234.59,234.6,234.31,234.4,0
2026-07-24 08:35:00,234.5186,234.58,234.4,234.58,0
2026-07-24 08:36:00,234.3,234.58,234.3,234.5289,0
2026-07-24 08:37:00,234.58,234.58,234.3,234.38,0
2026-07-24 08:38:00,234.31,234.35,234.05,234.35,0
2026-07-24 08:39:00,234.3344,234.35,234.05,234.236,0
2026-07-24 08:40:00,234.25,234.25,234.0,234.0,0
2026-07-24 08:41:00,234.0,234.24,234.0,234.01,0
2026-07-24 08:42:00,233.99,234.2142,233.99,234.0,0
2026-07-24 08:43:00,234.09,234.25,233.87,233.97,0
2026-07-24 08:44:00,233.94,233.99,233.9,233.9,0
2026-07-24 08:45:00,233.9,234.0,233.804,233.96,0
2026-07-24 08:46:00,233.8,234.02,233.8,233.83,0
2026-07-24 08:47:00,234.03,234.03,233.83,234.01,0
2026-07-24 08:48:00,234.01,234.25,233.84,234.0,0
2026-07-24 08:49:00,234.0,234.22,233.9,234.1,0
2026-07-24 08:50:00,234.25,234.25,234.01,234.21,0
2026-07-24 08:51:00,234.1488,234.15,234.1,234.1283,0
2026-07-24 08:52:00,234.1,234.15,234.0254,234.1006,0
2026-07-24 08:53:00,234.25,234.25,234.1,234.15,0
2026-07-24 08:54:00,234.23,234.25,234.15,234.15,0
2026-07-24 08:55:00,234.17,234.25,234.1,234.21,0
2026-07-24 08:56:00,234.21,234.21,234.0,234.0,0
2026-07-24 08:57:00,234.09,234.25,234.0,234.0001,0
2026-07-24 08:58:00,234.11,234.11,234.0,234.0,0
2026-07-24 08:59:00,234.11,234.24,233.8,233.8,0
2026-07-24 09:00:00,234.2388,234.2388,233.93,233.93,0
2026-07-24 09:01:00,233.93,234.09,233.7716,233.7716,0
2026-07-24 09:02:00,233.9999,234.0,233.7307,233.94,0
2026-07-24 09:03:00,233.952,234.24,233.8,233.95,0
2026-07-24 09:04:00,233.95,234.24,233.79,233.9959,0
2026-07-24 09:05:00,234.0,234.0,233.73,234.0,0
2026-07-24 09:06:00,233.78,234.0,233.76,234.0,0
2026-07-24 09:07:00,233.9943,234.0,233.8,233.8,0
2026-07-24 09:08:00,234.0,234.0,233.73,233.93,0
2026-07-24 09:09:00,233.82,233.93,233.73,233.86,0
2026-07-24 09:10:00,233.803,233.94,233.74,233.9,0
2026-07-24 09:11:00,234.0,234.0,233.7803,233.9,0
2026-07-24 09:12:00,233.88,234.25,233.74,234.25,0
2026-07-24 09:13:00,234.0,234.25,233.91,234.02,0
2026-07-24 09:14:00,234.0197,234.24,233.7512,234.0,0
2026-07-24 09:15:00,234.0,234.12,234.0,234.12,0
2026-07-24 09:16:00,234.0,234.12,233.91,233.92,0
2026-07-24 09:17:00,233.79,234.07,233.75,233.77,0
2026-07-24 09:18:00,234.01,234.01,233.8,233.95,0
2026-07-24 09:19:00,233.8297,234.0919,233.7562,234.07,0
2026-07-24 09:20:00,233.83,234.1,233.83,233.88,0
2026-07-24 09:21:00,233.96,234.12,233.8,233.8,0
2026-07-24 09:22:00,233.88,233.99,233.75,233.98,0
2026-07-24 09:23:00,233.86,234.12,233.785,234.12,0
2026-07-24 09:24:00,234.0,234.12,233.9,234.12,0
2026-07-24 09:25:00,233.75,234.47,233.75,234.0,0
2026-07-24 09:26:00,234.0,234.44,233.75,234.24,0
2026-07-24 09:27:00,234.2,234.668,233.76,234.54,0
2026-07-24 09:28:00,234.67,234.86,234.09,234.09,0
2026-07-24 09:29:00,234.67,234.71,234.14,234.16,0
2026-07-24 09:30:00,234.37,234.95,233.8,233.985,891871
2026-07-24 09:31:00,233.995,234.04,233.41,233.41,148800
2026-07-24 09:32:00,233.565,233.83,233.2401,233.3,104501
2026-07-24 09:33:00,233.295,233.31,233.07,233.165,87020
2026-07-24 09:34:00,233.13,233.58,232.97,233.43,100056
2026-07-24 09:35:00,233.39,233.76,233.15,233.7003,93277
2026-07-24 09:36:00,233.705,234.67,233.615,234.34,150317
2026-07-24 09:37:00,234.3,234.73,234.15,234.675,92193
2026-07-24 09:38:00,234.64,234.64,234.0,234.16,74815
2026-07-24 09:39:00,234.13,234.285,233.88,234.05,83702
2026-07-24 09:40:00,234.05,234.23,233.905,234.114,86463
2026-07-24 09:41:00,234.13,234.18,233.8005,233.9,138335
2026-07-24 09:42:00,233.855,233.91,233.35,233.6,176364
2026-07-24 09:43:00,233.595,233.6114,232.88,232.95,132525
2026-07-24 09:44:00,232.9799,232.9999,232.36,232.47,141860
2026-07-24 09:45:00,232.3,232.5,232.2,232.345,214920
2026-07-24 09:46:00,232.37,232.7129,232.29,232.48,216385
2026-07-24 09:47:00,232.5,232.925,232.475,232.7201,88432
2026-07-24 09:48:00,232.75,233.27,232.7,233.265,103400
2026-07-24 09:49:00,233.265,233.3151,232.9201,233.21,89274
2026-07-24 09:50:00,233.2,233.71,233.14,233.7,183410
2026-07-24 09:51:00,233.666,233.9,233.3315,233.53,110959
2026-07-24 09:52:00,233.56,233.8,233.295,233.7,103855
2026-07-24 09:53:00,233.74,233.74,233.5,233.53,81126
2026-07-24 09:54:00,233.5,233.6599,233.285,233.61,173684
2026-07-24 09:55:00,233.59,233.68,233.145,233.225,108723
2026-07-24 09:56:00,233.22,233.31,232.81,232.88,143387
2026-07-24 09:57:00,232.9398,233.11,232.85,233.015,142448
2026-07-24 09:58:00,233.015,233.1,232.89,233.0575,112070
2026-07-24 09:59:00,233.05,233.08,232.66,232.675,83840
2026-07-24 10:00:00,232.675,232.8,232.35,232.46,189892
2026-07-24 10:01:00,232.45,232.6999,232.25,232.5699,187663
2026-07-24 10:02:00,232.535,232.915,232.385,232.74,195071
2026-07-24 10:03:00,232.7,232.87,232.675,232.7901,75012
2026-07-24 10:04:00,232.835,232.8899,232.44,232.46,71203
2026-07-24 10:05:00,232.445,232.6268,232.33,232.54,88108
2026-07-24 10:06:00,232.54,232.54,232.25,232.4983,117803
2026-07-24 10:07:00,232.465,232.58,232.22,232.35,65555
2026-07-24 10:08:00,232.32,232.685,232.09,232.685,114504
2026-07-24 10:09:00,232.6536,232.98,232.64,232.875,79564
2026-07-24 10:10:00,232.85,233.0,232.71,232.95,98392
2026-07-24 10:11:00,232.95,232.97,232.34,232.365,174583
2026-07-24 10:12:00,232.39,232.39,232.06,232.11,56587
2026-07-24 10:13:00,232.11,232.38,232.0698,232.28,88932
2026-07-24 10:14:00,232.36,232.7984,232.3,232.7,102289
2026-07-24 10:15:00,232.71,232.73,232.51,232.65,91830
2026-07-24 10:16:00,232.6,232.84,232.56,232.65,73392
2026-07-24 10:17:00,232.67,232.68,232.4101,232.57,83696
2026-07-24 10:18:00,232.615,232.74,232.56,232.685,54562
2026-07-24 10:19:00,232.69,232.7225,232.3,232.34,128943
2026-07-24 10:20:00,232.455,232.66,232.44,232.52,193939
2026-07-24 10:21:00,232.52,232.59,232.39,232.44,56511
2026-07-24 10:22:00,232.46,232.6,232.38,232.515,69751
2026-07-24 10:23:00,232.525,232.695,232.33,232.335,331266
2026-07-24 10:24:00,232.37,232.53,232.32,232.43,90511
2026-07-24 10:25:00,232.445,232.46,232.24,232.315,77527
2026-07-24 10:26:00,232.355,232.5,232.26,232.425,75244
2026-07-24 10:27:00,232.42,232.5699,232.31,232.35,140144
2026-07-24 10:28:00,232.327,232.39,232.06,232.06,103797
2026-07-24 10:29:00,232.09,232.12,231.59,231.59,238871
2026-07-24 10:30:00,231.61,231.91,231.61,231.8001,113763
2026-07-24 10:31:00,231.8,232.05,231.7,232.03,92019
2026-07-24 10:32:00,232.03,232.1,231.88,231.9239,130569
2026-07-24 10:33:00,231.91,232.13,231.77,232.1,69230
2026-07-24 10:34:00,232.095,232.1,231.85,231.855,60011
2026-07-24 10:35:00,231.84,231.9866,231.81,231.8687,43167
2026-07-24 10:36:00,231.89,232.15,231.88,232.11,82211
2026-07-24 10:37:00,232.08,232.25,232.02,232.15,57197
2026-07-24 10:38:00,232.115,232.33,232.115,232.235,71564
2026-07-24 10:39:00,232.25,232.29,231.88,231.915,94205
2026-07-24 10:40:00,231.92,232.15,231.92,232.11,91013
2026-07-24 10:41:00,232.1,232.3,232.01,232.225,73017
2026-07-24 10:42:00,232.27,232.39,232.245,232.3385,78117
2026-07-24 10:43:00,232.32,232.3637,232.2,232.23,83340
2026-07-24 10:44:00,232.225,232.32,231.91,231.96,75826
2026-07-24 10:45:00,231.91,232.06,231.91,231.92,88243
2026-07-24 10:46:00,231.91,232.07,231.75,231.81,155614
2026-07-24 10:47:00,231.835,231.89,231.6,231.6003,133803
2026-07-24 10:48:00,231.61,231.6799,231.35,231.485,93267
2026-07-24 10:49:00,231.49,231.79,231.48,231.73,129156
2026-07-24 10:50:00,231.745,232.05,231.735,231.9925,220684
2026-07-24 10:51:00,231.97,232.24,231.875,232.2025,77062
2026-07-24 10:52:00,232.19,232.19,231.976,232.015,63061
2026-07-24 10:53:00,232.04,232.19,231.98,232.16,59546
2026-07-24 10:54:00,232.17,232.18,231.8409,231.86,63633
2026-07-24 10:55:00,231.885,232.1055,231.82,232.095,65170
2026-07-24 10:56:00,232.103,232.25,232.0,232.22,73734
2026-07-24 10:57:00,232.21,232.394,232.195,232.31,66502
2026-07-24 10:58:00,232.3,232.7195,232.3,232.68,71914
2026-07-24 10:59:00,232.68,233.26,232.68,233.25,173255
2026-07-24 11:00:00,233.27,233.28,232.99,233.14,95653
2026-07-24 11:01:00,233.13,233.18,233.06,233.15,72752
2026-07-24 11:02:00,233.1725,233.1725,232.97,232.9789,49645
2026-07-24 11:03:00,232.99,233.01,232.66,232.8,123581
2026-07-24 11:04:00,232.8,232.8515,232.53,232.715,107607
2026-07-24 11:05:00,232.69,232.771,232.61,232.64,72292
2026-07-24 11:06:00,232.61,232.7,232.56,232.58,65934
2026-07-24 11:07:00,232.59,232.6,232.35,232.42,56088
2026-07-24 11:08:00,232.44,232.565,232.305,232.36,49470
2026-07-24 11:09:00,232.36,232.36,232.17,232.19,57841
2026-07-24 11:10:00,232.19,232.77,232.14,232.67,103777
2026-07-24 11:11:00,232.62,232.98,232.5,232.56,68186
2026-07-24 11:12:00,232.55,232.81,232.545,232.635,48614
2026-07-24 11:13:00,232.635,232.66,232.44,232.495,44833
2026-07-24 11:14:00,232.51,232.92,232.51,232.83,83162
2026-07-24 11:15:00,232.81,233.09,232.69,233.03,113832
2026-07-24 11:16:00,233.03,233.04,232.84,232.905,51328
2026-07-24 11:17:00,232.9,232.946,232.7062,232.72,56901
2026-07-24 11:18:00,232.8,232.975,232.74,232.955,42668
2026-07-24 11:19:00,232.93,232.93,232.7,232.8,40300
2026-07-24 11:20:00,232.79,233.135,232.77,232.87,108475
2026-07-24 11:21:00,232.86,232.86,232.51,232.56,87646
2026-07-24 11:22:00,232.5876,232.6182,232.41,232.5107,58879
2026-07-24 11:23:00,232.515,232.83,232.515,232.795,144591
2026-07-24 11:24:00,232.79,232.93,232.67,232.82,76783
2026-07-24 11:25:00,232.83,233.08,232.76,233.08,90257
2026-07-24 11:26:00,233.08,233.285,233.02,233.205,142145
2026-07-24 11:27:00,233.24,233.64,233.225,233.605,77608
2026-07-24 11:28:00,233.61,233.93,233.61,233.6201,75953
2026-07-24 11:29:00,233.61,233.81,233.57,233.78,58328
2026-07-24 11:30:00,233.82,233.9252,233.52,233.85,98251
2026-07-24 11:31:00,233.88,233.99,233.71,233.77,76428
2026-07-24 11:32:00,233.74,233.79,233.61,233.61,51328
2026-07-24 11:33:00,233.61,233.7357,233.49,233.52,67838
2026-07-24 11:34:00,233.5,233.5,233.1104,233.1104,52501
2026-07-24 11:35:00,233.11,233.2,232.86,232.98,89588
2026-07-24 11:36:00,233.0,233.31,232.8962,233.2355,55368
2026-07-24 11:37:00,233.28,233.3099,233.05,233.17,112606
2026-07-24 11:38:00,233.19,233.36,233.17,233.295,49003
2026-07-24 11:39:00,233.315,233.325,233.185,233.3,43700
2026-07-24 11:40:00,233.3,233.47,233.25,233.37,86879
2026-07-24 11:41:00,233.3895,233.425,233.2302,233.345,40802
2026-07-24 11:42:00,233.335,233.65,233.244,233.595,67938
2026-07-24 11:43:00,233.6,233.63,233.34,233.3916,35150
2026-07-24 11:44:00,233.3965,233.4875,233.34,233.45,38256
2026-07-24 11:45:00,233.44,233.44,233.27,233.2901,31513
2026-07-24 11:46:00,233.31,233.4,233.28,233.33,37887
2026-07-24 11:47:00,233.33,233.38,233.27,233.2826,34624
2026-07-24 11:48:00,233.29,233.305,233.19,233.26,34349
2026-07-24 11:49:00,233.23,233.23,232.96,232.9601,30323
2026-07-24 11:50:00,233.0,233.23,232.9997,233.13,38826
2026-07-24 11:51:00,233.15,233.2099,233.05,233.05,40736
2026-07-24 11:52:00,233.11,233.11,232.88,232.91,27554
2026-07-24 11:53:00,232.92,233.19,232.91,233.19,25837
2026-07-24 11:54:00,233.19,233.22,233.03,233.07,27339
2026-07-24 11:55:00,233.085,233.21,233.0101,233.05,29142
2026-07-24 11:56:00,233.05,233.105,233.01,233.01,25233
2026-07-24 11:57:00,233.01,233.17,233.01,233.14,40326
2026-07-24 11:58:00,233.13,233.2,233.07,233.15,74252
2026-07-24 11:59:00,233.15,233.2,233.115,233.17,36228
2026-07-24 12:00:00,233.18,233.32,233.13,233.3063,70839
2026-07-24 12:01:00,233.32,233.42,233.28,233.351,41608
2026-07-24 12:02:00,233.32,233.4,233.25,233.265,35812
2026-07-24 12:03:00,233.25,233.27,233.17,233.17,27781
2026-07-24 12:04:00,233.21,233.36,233.12,233.315,46348
2026-07-24 12:05:00,233.315,233.53,233.28,233.355,52622
2026-07-24 12:06:00,233.35,233.365,233.1701,233.26,37278
2026-07-24 12:07:00,233.29,233.38,233.26,233.36,27184
2026-07-24 12:08:00,233.38,233.52,233.375,233.425,39779
2026-07-24 12:09:00,233.45,233.56,233.385,233.385,31673
2026-07-24 12:10:00,233.385,233.5799,233.3701,233.55,41348
2026-07-24 12:11:00,233.56,233.8,233.52,233.66,56132
2026-07-24 12:12:00,233.6401,233.69,233.59,233.62,43239
2026-07-24 12:13:00,233.61,233.73,233.53,233.54,31334
2026-07-24 12:14:00,233.555,233.57,233.38,233.45,39983
2026-07-24 12:15:00,233.465,233.53,233.4104,233.46,37719
2026-07-24 12:16:00,233.46,233.785,233.46,233.74,41191
2026-07-24 12:17:00,233.76,233.86,233.65,233.68,45220
2026-07-24 12:18:00,233.66,233.78,233.6201,233.68,57496
2026-07-24 12:19:00,233.66,233.74,233.5674,233.6,37199
2026-07-24 12:20:00,233.595,233.645,233.55,233.595,88543
2026-07-24 12:21:00,233.57,233.83,233.57,233.785,49632
2026-07-24 12:22:00,233.77,233.775,233.65,233.74,33331
2026-07-24 12:23:00,233.73,233.79,233.7,233.765,38351
2026-07-24 12:24:00,233.765,234.06,233.765,233.91,149448
2026-07-24 12:25:00,233.9694,234.09,233.86,234.09,81199
2026-07-24 12:26:00,234.09,234.17,234.04,234.08,43795
2026-07-24 12:27:00,234.075,234.1899,234.02,234.17,42312
2026-07-24 12:28:00,234.17,234.18,233.9507,233.9507,34285
2026-07-24 12:29:00,233.95,234.08,233.95,234.035,40221
2026-07-24 12:30:00,234.03,234.04,233.78,233.865,37269
2026-07-24 12:31:00,233.87,233.92,233.7801,233.85,36167
2026-07-24 12:32:00,233.85,233.88,233.81,233.82,26612
2026-07-24 12:33:00,233.835,233.835,233.59,233.72,58386
2026-07-24 12:34:00,233.726,233.82,233.72,233.7999,37484
2026-07-24 12:35:00,233.78,233.97,233.75,233.8,51558
2026-07-24 12:36:00,233.81,234.19,233.81,234.19,49321
2026-07-24 12:37:00,234.17,234.28,234.06,234.24,65137
2026-07-24 12:38:00,234.25,234.31,234.135,234.14,55115
2026-07-24 12:39:00,234.12,234.1524,233.9,233.92,41910
2026-07-24 12:40:00,233.92,233.96,233.7701,233.955,37043
2026-07-24 12:41:00,233.9469,234.1,233.9469,234.025,58630
2026-07-24 12:42:00,234.03,234.03,233.84,233.9,34414
2026-07-24 12:43:00,233.88,233.9799,233.85,233.9,45622
2026-07-24 12:44:00,233.88,233.975,233.815,233.87,41056
2026-07-24 12:45:00,233.86,233.87,233.78,233.79,44474
2026-07-24 12:46:00,233.78,233.845,233.69,233.73,35123
2026-07-24 12:47:00,233.73,233.74,233.52,233.545,38171
2026-07-24 12:48:00,233.53,233.61,233.46,233.595,62224
2026-07-24 12:49:00,233.595,233.6694,233.5,233.61,35137
2026-07-24 12:50:00,233.5889,233.63,233.49,233.585,34819
2026-07-24 12:51:00,233.59,233.665,233.53,233.53,36487
2026-07-24 12:52:00,233.535,233.57,233.4005,233.4005,30301
2026-07-24 12:53:00,233.41,233.6899,233.36,233.6899,46058
2026-07-24 12:54:00,233.63,233.89,233.63,233.8,42695
2026-07-24 12:55:00,233.8123,233.89,233.73,233.85,32108
2026-07-24 12:56:00,233.83,233.88,233.65,233.66,32676
2026-07-24 12:57:00,233.63,233.68,233.47,233.54,35402
2026-07-24 12:58:00,233.54,233.66,233.5,233.525,36368
2026-07-24 12:59:00,233.5,233.51,233.38,233.44,30430
2026-07-24 13:00:00,233.47,233.61,233.44,233.56,29628
2026-07-24 13:01:00,233.545,233.71,233.518,233.66,54743
2026-07-24 13:02:00,233.62,233.64,233.42,233.43,36781
2026-07-24 13:03:00,233.45,233.56,233.3822,233.4536,89576
2026-07-24 13:04:00,233.44,233.55,233.42,233.43,35917
2026-07-24 13:05:00,233.44,233.5399,233.42,233.47,33534
2026-07-24 13:06:00,233.475,233.51,233.13,233.25,109960
2026-07-24 13:07:00,233.2345,233.39,233.22,233.335,49440
2026-07-24 13:08:00,233.35,233.3769,233.17,233.33,36546
2026-07-24 13:09:00,233.323,233.323,233.17,233.185,42385
2026-07-24 13:10:00,233.19,233.23,233.12,233.23,29508
2026-07-24 13:11:00,233.225,233.34,233.22,233.265,37501
2026-07-24 13:12:00,233.29,233.44,233.27,233.33,38073
2026-07-24 13:13:00,233.33,233.43,233.32,233.39,30721
2026-07-24 13:14:00,233.39,233.44,233.37,233.41,25965
2026-07-24 13:15:00,233.41,233.44,233.2686,233.27,62601
2026-07-24 13:16:00,233.29,233.305,233.13,233.26,45750
2026-07-24 13:17:00,233.26,233.335,233.26,233.291,28074
2026-07-24 13:18:00,233.31,233.39,233.26,233.3,34164
2026-07-24 13:19:00,233.29,233.33,233.26,233.31,21190
2026-07-24 13:20:00,233.31,233.35,233.24,233.33,31647
2026-07-24 13:21:00,233.33,233.33,233.0301,233.07,43100
2026-07-24 13:22:00,233.06,233.221,233.03,233.0601,54582
2026-07-24 13:23:00,233.06,233.155,232.935,232.935,43645
2026-07-24 13:24:00,232.935,233.01,232.9,233.0,59387
2026-07-24 13:25:00,233.0,233.12,232.89,233.12,41326
2026-07-24 13:26:00,233.125,233.16,233.0653,233.11,27094
2026-07-24 13:27:00,233.12,233.34,233.12,233.255,39359
2026-07-24 13:28:00,233.2699,233.3,233.21,233.26,31300
2026-07-24 13:29:00,233.26,233.57,233.24,233.555,188749
2026-07-24 13:30:00,233.57,233.75,233.56,233.625,47112
2026-07-24 13:31:00,233.64,233.77,233.6,233.62,45505
2026-07-24 13:32:00,233.605,233.8,233.57,233.79,65639
2026-07-24 13:33:00,233.795,233.87,233.7,233.74,36042
2026-07-24 13:34:00,233.715,233.74,233.6101,233.705,43770
2026-07-24 13:35:00,233.695,233.72,233.61,233.625,66516
2026-07-24 13:36:00,233.62,233.62,233.21,233.2108,130642
2026-07-24 13:37:00,233.23,233.24,233.0,233.02,50140
2026-07-24 13:38:00,233.015,233.19,233.015,233.0201,111616
2026-07-24 13:39:00,233.045,233.045,232.62,232.805,72659
2026-07-24 13:40:00,232.82,232.905,232.71,232.775,60144
2026-07-24 13:41:00,232.76,232.82,232.71,232.815,55085
2026-07-24 13:42:00,232.815,232.82,232.72,232.755,55420
2026-07-24 13:43:00,232.765,232.8,232.735,232.735,47874
2026-07-24 13:44:00,232.75,232.98,232.75,232.85,50051
2026-07-24 13:45:00,232.85,232.94,232.84,232.94,47423
2026-07-24 13:46:00,232.91,232.96,232.895,232.91,50319
2026-07-24 13:47:00,232.9,232.97,232.88,232.91,38491
2026-07-24 13:48:00,232.91,232.99,232.83,232.98,54950
2026-07-24 13:49:00,232.9999,233.03,232.905,233.01,40423
2026-07-24 13:50:00,233.0018,233.1999,232.94,233.17,59432
2026-07-24 13:51:00,233.1545,233.2699,233.0,233.02,56371
2026-07-24 13:52:00,233.01,233.075,232.99,233.06,40640
2026-07-24 13:53:00,233.07,233.12,233.05,233.06,23492
2026-07-24 13:54:00,233.09,233.25,233.04,233.165,79421
2026-07-24 13:55:00,233.19,233.19,233.07,233.07,29610
2026-07-24 13:56:00,233.09,233.11,233.02,233.075,30878
2026-07-24 13:57:00,233.06,233.12,233.05,233.09,34828
2026-07-24 13:58:00,233.1,233.165,233.07,233.08,28642
2026-07-24 13:59:00,233.09,233.11,233.04,233.08,36369
2026-07-24 14:00:00,233.1,233.14,233.075,233.1,29857
2026-07-24 14:01:00,233.11,233.14,232.87,232.87,74246
2026-07-24 14:02:00,232.86,232.895,232.78,232.82,49304
2026-07-24 14:03:00,232.8101,232.85,232.78,232.79,35318
2026-07-24 14:04:00,232.78,232.84,232.77,232.835,55786
2026-07-24 14:05:00,232.835,232.855,232.64,232.68,45908
2026-07-24 14:06:00,232.68,232.765,232.595,232.75,52421
2026-07-24 14:07:00,232.74,232.87,232.7324,232.815,38167
2026-07-24 14:08:00,232.815,232.84,232.735,232.735,47683
2026-07-24 14:09:00,232.75,232.8,232.65,232.65,31787
2026-07-24 14:10:00,232.65,232.735,232.58,232.65,53985
2026-07-24 14:11:00,232.65,232.78,232.63,232.75,42914
2026-07-24 14:12:00,232.75,232.92,232.7301,232.79,40611
2026-07-24 14:13:00,232.81,232.9,232.81,232.84,41774
2026-07-24 14:14:00,232.83,232.85,232.77,232.85,60183
2026-07-24 14:15:00,232.85,232.89,232.78,232.86,55730
2026-07-24 14:16:00,232.84,232.86,232.699,232.81,81401
2026-07-24 14:17:00,232.77,232.86,232.76,232.82,53341
2026-07-24 14:18:00,232.81,232.85,232.77,232.85,46264
2026-07-24 14:19:00,232.8599,232.8695,232.66,232.7,60759
2026-07-24 14:20:00,232.69,232.69,232.56,232.56,26446
2026-07-24 14:21:00,232.58,232.64,232.45,232.51,55038
2026-07-24 14:22:00,232.5,232.56,232.43,232.495,35479
2026-07-24 14:23:00,232.495,232.53,232.36,232.47,62221
2026-07-24 14:24:00,232.47,232.52,232.47,232.495,50244
2026-07-24 14:25:00,232.48,232.48,232.3401,232.385,60026
2026-07-24 14:26:00,232.39,232.42,232.32,232.34,38421
2026-07-24 14:27:00,232.35,232.45,232.2,232.28,208869
2026-07-24 14:28:00,232.295,232.37,232.24,232.325,42069
2026-07-24 14:29:00,232.32,232.365,232.16,232.16,46755
2026-07-24 14:30:00,232.1601,232.3,232.08,232.09,133015
2026-07-24 14:31:00,232.1,232.27,232.1,232.18,74578
2026-07-24 14:32:00,232.17,232.33,232.14,232.18,66861
2026-07-24 14:33:00,232.175,232.18,231.85,231.86,111287
2026-07-24 14:34:00,231.865,231.88,231.69,231.76,56185
2026-07-24 14:35:00,231.75,231.834,231.62,231.83,66045
2026-07-24 14:36:00,231.8399,232.0987,231.83,231.92,77537
2026-07-24 14:37:00,231.9084,232.045,231.9084,232.02,28238
2026-07-24 14:38:00,232.025,232.27,232.025,232.2,49822
2026-07-24 14:39:00,232.225,232.25,232.07,232.1775,58795
2026-07-24 14:40:00,232.16,232.2599,232.13,232.23,48079
2026-07-24 14:41:00,232.26,232.329,232.07,232.109,81288
2026-07-24 14:42:00,232.1,232.18,232.0,232.17,506083
2026-07-24 14:43:00,232.1799,232.24,232.145,232.18,39209
2026-07-24 14:44:00,232.2,232.295,232.0595,232.0595,47098
2026-07-24 14:45:00,232.065,232.15,232.02,232.02,42238
2026-07-24 14:46:00,232.035,232.035,231.84,231.865,58057
2026-07-24 14:47:00,231.86,232.04,231.8,232.01,43720
2026-07-24 14:48:00,232.0,232.1,231.9757,231.99,62114
2026-07-24 14:49:00,231.96,232.03,231.955,231.97,37038
2026-07-24 14:50:00,231.99,232.1229,231.99,232.07,37315
2026-07-24 14:51:00,232.06,232.08,231.95,231.95,52139
2026-07-24 14:52:00,231.97,231.99,231.84,231.92,50690
2026-07-24 14:53:00,231.93,231.95,231.8,231.94,37751
2026-07-24 14:54:00,231.9204,231.94,231.85,231.92,40671
2026-07-24 14:55:00,231.9,232.0,231.9,231.93,30460
2026-07-24 14:56:00,231.94,232.08,231.86,232.07,35809
2026-07-24 14:57:00,232.03,232.1,232.0027,232.025,38013
2026-07-24 14:58:00,232.03,232.08,231.88,231.915,35260
2026-07-24 14:59:00,231.91,232.03,231.91,231.94,51300
2026-07-24 15:00:00,231.97,232.05,231.93,232.02,44062
2026-07-24 15:01:00,232.04,232.08,231.98,232.04,49448
2026-07-24 15:02:00,232.04,232.05,231.94,231.95,30756
2026-07-24 15:03:00,231.94,231.985,231.6701,231.78,53043
2026-07-24 15:04:00,231.78,231.82,231.77,231.78,42515
2026-07-24 15:05:00,231.76,231.84,231.72,231.75,62154
2026-07-24 15:06:00,231.755,231.93,231.69,231.9,51081
2026-07-24 15:07:00,231.9,231.96,231.8,231.8,52829
2026-07-24 15:08:00,231.795,231.9399,231.795,231.89,60690
2026-07-24 15:09:00,231.88,232.17,231.88,232.04,116361
2026-07-24 15:10:00,232.07,232.115,231.9904,232.0,66796
2026-07-24 15:11:00,232.01,232.075,231.88,232.0001,49471
2026-07-24 15:12:00,232.01,232.16,231.99,232.02,65958
2026-07-24 15:13:00,232.01,232.075,231.92,232.07,75879
2026-07-24 15:14:00,232.05,232.05,231.9,231.93,37399
2026-07-24 15:15:00,231.925,232.01,231.87,231.895,61051
2026-07-24 15:16:00,231.895,231.95,231.85,231.905,62873
2026-07-24 15:17:00,231.9,232.02,231.85,231.875,60561
2026-07-24 15:18:00,231.885,232.0,231.885,231.95,42422
2026-07-24 15:19:00,231.94,231.99,231.91,231.965,46632
2026-07-24 15:20:00,231.96,232.06,231.91,232.0401,40361
2026-07-24 15:21:00,232.04,232.1,231.9701,232.01,56121
2026-07-24 15:22:00,232.015,232.0704,231.95,231.98,100462
2026-07-24 15:23:00,231.965,232.0391,231.925,231.965,31958
2026-07-24 15:24:00,231.96,231.96,231.7401,231.78,59386
2026-07-24 15:25:00,231.785,231.82,231.66,231.68,81304
2026-07-24 15:26:00,231.67,231.68,231.5401,231.575,52133
2026-07-24 15:27:00,231.575,231.5888,231.45,231.45,97644
2026-07-24 15:28:00,231.45,231.54,231.36,231.41,64545
2026-07-24 15:29:00,231.44,231.57,231.4101,231.4946,88211
2026-07-24 15:30:00,231.45,231.53,231.45,231.51,46969
2026-07-24 15:31:00,231.53,231.75,231.49,231.74,58967
2026-07-24 15:32:00,231.73,231.84,231.69,231.745,55210
2026-07-24 15:33:00,231.76,231.96,231.76,231.85,82434
2026-07-24 15:34:00,231.845,231.93,231.82,231.82,69325
2026-07-24 15:35:00,231.84,232.0,231.7801,231.91,74983
2026-07-24 15:36:00,231.91,231.955,231.835,231.92,67450
2026-07-24 15:37:00,231.9,232.075,231.89,232.05,136032
2026-07-24 15:38:00,232.055,232.1099,232.03,232.04,59266
2026-07-24 15:39:00,232.07,232.14,231.98,231.985,69753
2026-07-24 15:40:00,231.97,232.125,231.96,232.065,77675
2026-07-24 15:41:00,232.06,232.06,231.99,232.04,72532
2026-07-24 15:42:00,232.04,232.11,232.0001,232.07,62460
2026-07-24 15:43:00,232.08,232.14,231.9105,232.045,68248
2026-07-24 15:44:00,232.0599,232.17,231.98,232.08,83778
2026-07-24 15:45:00,232.105,232.135,231.96,232.05,119309
2026-07-24 15:46:00,232.04,232.065,231.945,232.005,73488
2026-07-24 15:47:00,232.0,232.01,231.865,231.935,68384
2026-07-24 15:48:00,231.94,232.06,231.9055,231.96,68792
2026-07-24 15:49:00,231.97,232.04,231.77,232.03,143210
2026-07-24 15:50:00,232.02,232.09,231.915,231.99,157624
2026-07-24 15:51:00,231.985,232.08,231.96,232.005,165259
2026-07-24 15:52:00,231.98,232.03,231.925,232.02,97259
2026-07-24 15:53:00,232.02,232.14,231.96,232.13,167524
2026-07-24 15:54:00,232.11,232.5,232.06,232.37,173897
2026-07-24 15:55:00,232.37,232.46,232.13,232.28,320845
2026-07-24 15:56:00,232.27,232.41,232.2,232.25,199345
2026-07-24 15:57:00,232.24,232.34,231.94,232.0181,236573
2026-07-24 15:58:00,232.02,232.13,231.965,232.01,283669
2026-07-24 15:59:00,232.015,232.12,231.88,232.07,732096
2026-07-24 16:00:00,232.075,232.36,231.99,232.11,75
2026-07-24 16:01:00,232.1117,232.16,232.11,232.1101,0
2026-07-24 16:02:00,232.11,232.2999,231.96,232.2999,0
2026-07-24 16:03:00,232.03,232.11,231.86,231.94,0
2026-07-24 16:04:00,231.85,232.11,231.7,232.0557,0
2026-07-24 16:05:00,231.9648,232.11,231.5,231.85,0
2026-07-24 16:06:00,231.86,232.05,231.8,232.0,0
2026-07-24 16:07:00,231.92,232.11,231.8745,231.8745,0
2026-07-24 16:08:00,231.9712,232.05,231.85,231.85,0
2026-07-24 16:09:00,232.11,232.11,231.84,231.9747,0
2026-07-24 16:10:00,232.11,232.11,231.8545,231.8545,0
2026-07-24 16:11:00,232.0,232.03,231.92,232.0,0
2026-07-24 16:12:00,232.03,232.03,231.7,231.9,0
2026-07-24 16:13:00,231.8,231.99,231.5587,231.8,0
2026-07-24 16:14:00,231.675,231.99,231.67,231.99,0
2026-07-24 16:15:00,232.11,232.11,231.8,231.8795,0
2026-07-24 16:16:00,231.87,232.03,231.81,231.9,0
2026-07-24 16:17:00,232.0,232.2457,232.0,232.18,0
2026-07-24 16:18:00,232.0842,232.25,232.0817,232.22,0
2026-07-24 16:19:00,232.08,232.3,232.08,232.23,0
2026-07-24 16:20:00,232.11,232.3,232.1,232.3,0
2026-07-24 16:21:00,232.3,232.3,232.08,232.22,0
2026-07-24 16:22:00,232.2,232.45,232.16,232.22,0
2026-07-24 16:23:00,232.15,232.4,232.15,232.4,0
2026-07-24 16:24:00,232.4,232.4,232.13,232.16,0
2026-07-24 16:25:00,232.25,232.4,232.1599,232.1599,0
2026-07-24 16:26:00,232.16,232.25,232.15,232.25,0
2026-07-24 16:27:00,232.15,232.38,232.11,232.1393,0
2026-07-24 16:28:00,232.08,232.1,232.0,232.01,0
2026-07-24 16:29:00,232.0,232.08,231.97,232.08,0
2026-07-24 16:30:00,231.95,232.08,231.9,231.9,0
2026-07-24 16:31:00,231.9279,232.08,231.82,232.0,0
2026-07-24 16:32:00,231.82,232.08,231.82,231.9,0
2026-07-24 16:33:00,231.9,231.9991,231.87,231.92,0
2026-07-24 16:34:00,231.99,231.99,231.865,231.95,0
2026-07-24 16:35:00,231.87,231.99,231.87,231.9893,0
2026-07-24 16:36:00,231.9886,232.0,231.82,231.9955,0
2026-07-24 16:37:00,231.9666,232.0,231.82,232.0,0
2026-07-24 16:38:00,231.99,232.0,231.82,231.97,0
2026-07-24 16:39:00,232.0,232.0,231.9575,231.9997,0
2026-07-24 16:40:00,232.0,232.0,231.8732,231.9962,0
2026-07-24 16:41:00,232.0,232.0,231.8635,231.8635,0
2026-07-24 16:42:00,231.99,231.99,231.88,231.8975,0
2026-07-24 16:43:00,231.9788,231.98,231.65,231.65,0
2026-07-24 16:44:00,231.9416,231.98,231.77,231.97,0
2026-07-24 16:45:00,231.9127,231.97,231.86,231.89,0
2026-07-24 16:46:00,231.93,231.97,231.82,231.82,0
2026-07-24 16:47:00,231.97,231.97,231.82,231.97,0
2026-07-24 16:48:00,231.9395,231.97,231.84,231.87,0
2026-07-24 16:49:00,231.85,231.97,229.341,231.93,0
2026-07-24 16:50:00,231.91,231.96,231.9,231.9,0
2026-07-24 16:51:00,231.86,231.95,231.83,231.88,0
2026-07-24 16:52:00,231.83,231.9,231.83,231.9,0
2026-07-24 16:53:00,231.83,231.8602,231.83,231.8332,0
2026-07-24 16:54:00,231.9399,231.96,231.8332,231.96,0
2026-07-24 16:55:00,231.9156,231.96,231.83,231.96,0
2026-07-24 16:56:00,231.9369,232.11,231.85,231.943,0
2026-07-24 16:57:00,231.9389,231.9389,221.5176,231.9004,0
2026-07-24 16:58:00,231.91,231.96,221.5176,231.94,0
2026-07-24 16:59:00,231.96,231.96,231.83,231.9,0
2026-07-24 17:00:00,231.88,231.96,231.8621,231.9588,0
2026-07-24 17:01:00,231.96,231.96,231.85,231.88,0
2026-07-24 17:02:00,231.88,231.88,231.86,231.88,0
2026-07-24 17:03:00,231.8734,231.88,231.85,231.8501,0
2026-07-24 17:04:00,231.88,232.11,231.8362,231.8787,0
2026-07-24 17:05:00,231.8501,231.88,231.82,231.82,0
2026-07-24 17:06:00,231.8,231.8284,231.7,231.8,0
2026-07-24 17:07:00,231.83,231.83,231.8,231.82,0
2026-07-24 17:08:00,231.8,231.83,231.8,231.83,0
2026-07-24 17:09:00,231.8,231.895,231.8,231.895,0
2026-07-24 17:10:00,231.83,231.83,231.7359,231.83,0
2026-07-24 17:11:00,231.8,231.83,231.51,231.72,0
2026-07-24 17:12:00,231.72,231.8138,231.51,231.8138,0
2026-07-24 17:13:00,231.66,231.75,231.61,231.62,0
2026-07-24 17:14:00,231.65,231.65,231.5408,231.556,0
2026-07-24 17:15:00,231.6166,231.6166,231.54,231.54,0
2026-07-24 17:16:00,231.58,231.83,231.5491,231.7,0
2026-07-24 17:17:00,231.5626,231.7,231.55,231.55,0
2026-07-24 17:18:00,231.6,231.7,231.5,231.5083,0
2026-07-24 17:19:00,231.51,231.6,231.5,231.6,0
2026-07-24 17:20:00,231.7,231.7,231.5411,231.58,0
2026-07-24 17:21:00,231.6,231.7,231.6,231.6,0
2026-07-24 17:22:00,231.6,231.83,231.585,231.7,0
2026-07-24 17:23:00,231.65,231.83,231.5,231.75,0
2026-07-24 17:24:00,231.83,231.83,231.5097,231.64,0
2026-07-24 17:25:00,231.83,231.83,231.64,231.83,0
2026-07-24 17:26:00,231.83,231.89,231.75,231.812,0
2026-07-24 17:27:00,231.9,231.9,231.8,231.83,0
2026-07-24 17:28:00,231.83,231.9,231.7,231.9,0
2026-07-24 17:29:00,231.79,231.9,231.5704,231.8,0
2026-07-24 17:30:00,231.88,231.9,231.51,231.8,0
2026-07-24 17:31:00,231.89,231.9,231.85,231.89,0
2026-07-24 17:32:00,231.89,231.9,231.8,231.9,0
2026-07-24 17:33:00,231.89,231.9,231.7,231.9,0
2026-07-24 17:34:00,231.8,231.9,231.7,231.869,0
2026-07-24 17:35:00,231.8,231.9,231.7,231.9,0
2026-07-24 17:36:00,231.89,231.9,231.8565,231.8925,0
2026-07-24 17:37:00,231.7,231.9,231.7,231.86,0
2026-07-24 17:38:00,231.9,231.9,231.7,231.7,0
2026-07-24 17:39:00,231.89,231.9,231.74,231.74,0
2026-07-24 17:40:00,231.7,231.9,231.7,231.9,0
2026-07-24 17:41:00,231.7,231.89,231.7,231.86,0
2026-07-24 17:42:00,231.731,231.9,231.731,231.9,0
2026-07-24 17:43:00,231.88,231.88,231.7,231.7,0
2026-07-24 17:44:00,231.88,231.9,231.731,231.9,0
2026-07-24 17:45:00,231.9,231.9,231.7,231.8,0
2026-07-24 17:46:00,231.88,231.9,231.88,231.8845,0
2026-07-24 17:47:00,231.9,231.9,231.8012,231.8012,0
2026-07-24 17:48:00,231.8001,231.89,231.8,231.89,0
2026-07-24 17:49:00,231.8,231.8001,231.75,231.75,0
2026-07-24 17:50:00,231.76,231.8,231.7,231.8,0
2026-07-24 17:51:00,231.9,232.11,231.5,231.88,0
2026-07-24 17:52:00,231.7,231.7,231.6,231.6,0
2026-07-24 17:53:00,231.74,231.85,231.65,231.768,0
2026-07-24 17:54:00,231.7827,231.79,231.6,231.74,0
2026-07-24 17:55:00,231.74,231.79,231.5,231.7383,0
2026-07-24 17:56:00,231.79,231.79,231.51,231.51,0
2026-07-24 17:57:00,231.51,231.76,231.51,231.74,0
2026-07-24 17:58:00,231.51,231.89,231.51,231.51,0
2026-07-24 17:59:00,231.7,231.9,231.51,231.9,0
2026-07-24 18:00:00,231.75,231.9,231.52,231.9,0
2026-07-24 18:01:00,231.5392,231.9,231.53,231.6,0
2026-07-24 18:02:00,231.6,231.8,231.53,231.5367,0
2026-07-24 18:03:00,231.7932,231.8,231.5367,231.71,0
2026-07-24 18:04:00,231.8,231.8,231.54,231.8,0
2026-07-24 18:05:00,231.79,231.79,231.7,231.74,0
2026-07-24 18:06:00,231.72,231.77,231.665,231.71,0
2026-07-24 18:07:00,231.75,231.75,231.67,231.6863,0
2026-07-24 18:08:00,231.6626,231.75,231.547,231.6331,0
2026-07-24 18:09:00,231.6489,231.65,231.5853,231.6482,0
2026-07-24 18:10:00,231.59,231.75,231.59,231.7496,0
2026-07-24 18:11:00,231.58,231.75,231.58,231.62,0
2026-07-24 18:12:00,231.67,231.75,231.58,231.67,0
2026-07-24 18:13:00,231.58,231.7457,231.58,231.7457,0
2026-07-24 18:14:00,231.69,231.75,231.58,231.75,0
2026-07-24 18:15:00,231.75,231.75,231.69,231.69,0
2026-07-24 18:16:00,231.69,231.7497,231.58,231.65,0
2026-07-24 18:17:00,231.7488,231.75,231.69,231.75,0
2026-07-24 18:18:00,231.5842,231.7496,231.58,231.58,0
2026-07-24 18:19:00,231.7164,231.75,231.58,231.7161,0
2026-07-24 18:20:00,231.58,231.75,231.58,231.58,0
2026-07-24 18:21:00,231.69,231.7365,231.58,231.7365,0
2026-07-24 18:22:00,231.74,231.74,231.65,231.74,0
2026-07-24 18:23:00,231.7068,231.7068,231.4052,231.4052,0
2026-07-24 18:24:00,231.57,231.57,231.4,231.5,0
2026-07-24 18:25:00,231.6873,231.6873,231.4085,231.6611,0
2026-07-24 18:26:00,231.6383,231.67,231.48,231.67,0
2026-07-24 18:27:00,231.57,231.74,231.4737,231.4737,0
2026-07-24 18:28:00,231.67,231.74,231.5,231.74,0
2026-07-24 18:29:00,231.74,231.75,231.51,231.75,0
2026-07-24 18:30:00,231.6093,231.6093,231.5369,231.5369,0
2026-07-24 18:31:00,231.74,231.8,231.6,231.7525,0
2026-07-24 18:32:00,231.8,231.8,231.775,231.775,0
2026-07-24 18:33:00,231.78,231.8,231.7605,231.78,0
2026-07-24 18:34:00,231.7897,231.8,231.76,231.8,0
2026-07-24 18:35:00,231.8,231.8,231.76,231.7987,0
2026-07-24 18:36:00,231.76,231.8,231.7502,231.7525,0
2026-07-24 18:37:00,231.7535,231.8,231.7525,231.8,0
2026-07-24 18:38:00,231.8,231.8,231.5465,231.66,0
2026-07-24 18:39:00,231.8,231.8,231.5635,231.75,0
2026-07-24 18:40:00,231.5791,231.8,231.5,231.75,0
2026-07-24 18:41:00,231.6,231.79,231.48,231.48,0
2026-07-24 18:43:00,231.78,231.78,231.5075,231.72,0
2026-07-24 18:44:00,231.69,231.7459,231.69,231.7,0
2026-07-24 18:45:00,231.76,231.76,231.4,231.4,0
2026-07-24 18:46:00,231.5,231.78,231.5,231.64,0
2026-07-24 18:47:00,231.63,231.63,231.5937,231.63,0
2026-07-24 18:48:00,231.78,231.78,231.5,231.5,0
2026-07-24 18:49:00,231.4,231.78,231.4,231.7,0
2026-07-24 18:50:00,231.7,231.78,231.55,231.76,0
2026-07-24 18:51:00,231.591,231.78,231.55,231.55,0
2026-07-24 18:52:00,231.55,231.7444,231.55,231.55,0
2026-07-24 18:53:00,231.78,231.78,231.5512,231.6,0
2026-07-24 18:54:00,231.6,231.6,231.5879,231.5879,0
2026-07-24 18:55:00,231.5923,231.78,231.585,231.59,0
2026-07-24 18:56:00,231.58,231.78,231.58,231.68,0
2026-07-24 18:57:00,231.58,231.78,231.58,231.67,0
2026-07-24 18:58:00,231.6577,231.78,231.64,231.64,0
2026-07-24 18:59:00,231.67,231.78,231.64,231.78,0
2026-07-24 19:00:00,231.775,231.7799,231.58,231.7799,0
2026-07-24 19:01:00,231.66,231.78,231.585,231.585,0
2026-07-24 19:02:00,231.6245,231.775,231.58,231.58,0
2026-07-24 19:03:00,231.62,231.78,231.58,231.58,0
2026-07-24 19:04:00,231.58,231.78,231.58,231.775,0
2026-07-24 19:05:00,231.78,231.78,231.6,231.6001,0
2026-07-24 19:06:00,231.6392,231.6482,231.61,231.6482,0
2026-07-24 19:07:00,231.6,231.6,231.58,231.58,0
2026-07-24 19:08:00,231.68,231.69,231.63,231.69,0
2026-07-24 19:09:00,231.58,231.7,231.58,231.69,0
2026-07-24 19:10:00,231.67,231.775,231.67,231.7,0
2026-07-24 19:11:00,231.78,231.78,231.581,231.6,0
2026-07-24 19:12:00,231.6895,231.6895,231.58,231.633,0
2026-07-24 19:13:00,231.69,231.69,231.69,231.69,0
2026-07-24 19:14:00,231.69,231.78,231.64,231.69,0
2026-07-24 19:15:00,231.68,231.78,231.58,231.58,0
2026-07-24 19:16:00,231.68,231.78,231.58,231.67,0
2026-07-24 19:17:00,231.6,231.78,231.59,231.78,0
2026-07-24 19:18:00,231.6599,231.66,231.6253,231.6333,0
2026-07-24 19:19:00,231.6295,231.6929,231.6295,231.66,0
2026-07-24 19:20:00,231.69,231.69,231.6205,231.6212,0
2026-07-24 19:21:00,231.63,231.78,231.63,231.78,0
2026-07-24 19:22:00,231.68,231.7799,231.6418,231.6418,0
2026-07-24 19:23:00,231.7307,231.7583,231.68,231.71,0
2026-07-24 19:24:00,231.73,231.78,231.41,231.78,0
2026-07-24 19:25:00,231.52,231.78,231.4,231.7705,0
2026-07-24 19:26:00,231.4927,231.7,231.4927,231.52,0
2026-07-24 19:27:00,231.605,231.65,231.52,231.65,0
2026-07-24 19:28:00,231.6,231.65,231.4,231.65,0
2026-07-24 19:29:00,231.52,231.65,231.44,231.59,0
2026-07-24 19:30:00,231.63,231.63,231.4,231.4062,0
2026-07-24 19:31:00,231.62,231.62,231.4,231.5,0
2026-07-24 19:32:00,231.5,231.55,231.5,231.5065,0
2026-07-24 19:33:00,231.6,231.6,231.55,231.58,0
2026-07-24 19:34:00,231.5518,231.78,231.45,231.57,0
2026-07-24 19:35:00,231.5856,231.7799,231.56,231.5738,0
2026-07-24 19:36:00,231.57,231.78,231.56,231.78,0
2026-07-24 19:37:00,231.58,231.58,231.5676,231.5676,0
2026-07-24 19:38:00,231.55,231.773,231.55,231.55,0
2026-07-24 19:39:00,231.69,231.7,231.55,231.56,0
2026-07-24 19:40:00,231.56,231.65,231.5237,231.6,0
2026-07-24 19:41:00,231.55,231.6462,231.5012,231.55,0
2026-07-24 19:42:00,231.54,231.575,231.54,231.54,0
2026-07-24 19:43:00,231.4641,231.59,231.426,231.426,0
2026-07-24 19:44:00,231.54,231.6061,231.5,231.56,0
2026-07-24 19:45:00,231.5,231.6,231.5,231.5,0
2026-07-24 19:46:00,231.6,231.65,231.5174,231.6484,0
2026-07-24 19:47:00,231.5232,231.63,231.5232,231.5316,0
2026-07-24 19:48:00,231.65,231.65,231.5001,231.6186,0
2026-07-24 19:49:00,231.6,231.6168,231.57,231.59,0
2026-07-24 19:50:00,231.55,231.6,231.55,231.6,0
2026-07-24 19:51:00,231.5962,231.5988,231.5512,231.5982,0
2026-07-24 19:52:00,231.5501,231.5501,231.5,231.5,0
2026-07-24 19:53:00,231.49,231.5887,231.48,231.496,0
2026-07-24 19:54:00,231.4994,231.55,231.48,231.55,0
2026-07-24 19:55:00,231.6,231.6,231.54,231.56,0
2026-07-24 19:56:00,231.4986,231.6,231.4986,231.6,0
2026-07-24 19:57:00,231.517,231.6,231.48,231.52,0
2026-07-24 19:58:00,231.59,231.6,231.48,231.54,0
2026-07-24 19:59:00,231.6,231.6,231.5,231.6,0
2026-07-27 04:00:00,235.875,235.875,234.171,235.0,0
2026-07-27 04:01:00,235.08,235.48,234.2,235.19,0
2026-07-27 04:02:00,235.33,235.5,235.33,235.45,0
2026-07-27 04:03:00,235.32,235.4887,235.32,235.33,0
2026-07-27 04:04:00,235.26,235.26,235.0512,235.0512,0
2026-07-27 04:05:00,235.4302,235.44,235.05,235.4,0
2026-07-27 04:06:00,235.33,235.7988,234.44,235.57,0
2026-07-27 04:07:00,235.63,235.77,235.63,235.7533,0
2026-07-27 04:08:00,235.75,235.77,235.6,235.6104,0
2026-07-27 04:09:00,235.795,235.8,235.6,235.8,0
2026-07-27 04:10:00,235.66,235.7,235.58,235.58,0
2026-07-27 04:11:00,235.6,235.6,235.05,235.1428,0
2026-07-27 04:12:00,235.15,235.5988,235.15,235.52,0
2026-07-27 04:13:00,235.52,235.6,235.0735,235.0735,0
2026-07-27 04:14:00,235.44,235.5988,235.2196,235.5718,0
2026-07-27 04:15:00,235.45,235.53,235.3027,235.46,0
2026-07-27 04:16:00,235.46,235.574,235.43,235.574,0
2026-07-27 04:17:00,235.58,235.58,235.29,235.48,0
2026-07-27 04:18:00,235.54,235.54,235.0612,235.53,0
2026-07-27 04:19:00,235.5788,235.5788,235.48,235.49,0
2026-07-27 04:20:00,235.4559,235.5788,235.4559,235.52,0
2026-07-27 04:21:00,235.5788,235.58,235.5732,235.5732,0
2026-07-27 04:22:00,235.57,235.5732,235.51,235.5441,0
2026-07-27 04:23:00,235.58,235.58,235.49,235.58,0
2026-07-27 04:24:00,235.4632,235.48,235.4512,235.46,0
2026-07-27 04:25:00,235.4845,235.49,235.3612,235.3612,0
2026-07-27 04:26:00,235.5,235.5,235.4675,235.4675,0
2026-07-27 04:27:00,235.5,235.59,235.46,235.52,0
2026-07-27 04:28:00,235.56,235.56,235.4638,235.4638,0
2026-07-27 04:29:00,235.58,235.8,235.58,235.77,0
2026-07-27 04:30:00,235.55,235.7988,235.55,235.7988,0
2026-07-27 04:31:00,235.77,235.77,235.5112,235.74,0
2026-07-27 04:32:00,235.73,235.8088,235.72,235.72,0
2026-07-27 04:33:00,235.646,235.66,235.646,235.66,0
2026-07-27 04:34:00,235.5589,235.645,235.49,235.49,0
2026-07-27 04:35:00,235.45,235.63,235.45,235.63,0
2026-07-27 04:36:00,235.63,235.79,235.2537,235.7336,0
2026-07-27 04:37:00,235.48,235.79,235.48,235.75,0
2026-07-27 04:38:00,235.51,235.51,235.5,235.5,0
2026-07-27 04:39:00,235.71,235.71,235.5,235.62,0
2026-07-27 04:40:00,235.66,235.7,235.6,235.6,0
2026-07-27 04:41:00,235.69,235.76,235.69,235.7308,0
2026-07-27 04:42:00,235.57,235.75,235.54,235.61,0
2026-07-27 04:43:00,235.7562,235.76,235.7,235.76,0
2026-07-27 04:44:00,235.7488,235.7488,235.68,235.74,0
2026-07-27 04:45:00,235.6127,235.7188,235.6127,235.7188,0
2026-07-27 04:46:00,235.6975,235.6975,235.575,235.575,0
2026-07-27 04:47:00,235.6105,235.6105,235.6,235.6,0
2026-07-27 04:48:00,235.6109,235.66,235.5,235.5,0
2026-07-27 04:49:00,235.49,235.7727,235.49,235.7,0
2026-07-27 04:50:00,235.5,235.5,235.4,235.4,0
2026-07-27 04:51:00,235.4188,235.7412,235.4188,235.55,0
2026-07-27 04:52:00,235.55,235.55,235.55,235.55,0
2026-07-27 04:53:00,235.55,235.56,235.55,235.56,0
2026-07-27 04:54:00,235.55,235.7788,235.48,235.7788,0
2026-07-27 04:55:00,235.5,235.5,235.3487,235.3487,0
2026-07-27 04:56:00,235.3094,235.3094,235.3012,235.3012,0
2026-07-27 04:57:00,235.37,235.37,235.37,235.37,0
2026-07-27 04:58:00,235.44,235.62,235.3,235.6022,0
2026-07-27 04:59:00,235.5,235.5,235.46,235.46,0
2026-07-27 05:00:00,235.41,235.4595,235.41,235.41,0
2026-07-27 05:01:00,235.3758,235.44,235.3758,235.44,0
2026-07-27 05:02:00,235.4309,235.4309,235.4211,235.4211,0
2026-07-27 05:03:00,235.42,235.42,235.32,235.37,0
2026-07-27 05:04:00,235.05,235.0582,235.05,235.0582,0
2026-07-27 05:05:00,235.34,235.3717,235.34,235.34,0
2026-07-27 05:06:00,235.05,235.61,235.05,235.61,0
2026-07-27 05:07:00,235.6,235.6,235.3263,235.36,0
2026-07-27 05:08:00,235.36,235.57,235.36,235.46,0
2026-07-27 05:09:00,235.4597,235.4597,235.0761,235.3522,0
2026-07-27 05:10:00,235.3402,235.35,235.0572,235.0572,0
2026-07-27 05:11:00,235.26,235.33,235.26,235.32,0
2026-07-27 05:13:00,235.59,235.59,235.46,235.46,0
2026-07-27 05:14:00,235.52,235.52,235.48,235.48,0
2026-07-27 05:15:00,235.36,235.48,235.36,235.47,0
2026-07-27 05:16:00,235.3055,235.4,235.3,235.3,0
2026-07-27 05:17:00,235.3,235.3,235.1775,235.1775,0
2026-07-27 05:18:00,235.25,235.25,235.12,235.2388,0
2026-07-27 05:19:00,235.24,235.24,235.2222,235.2222,0
2026-07-27 05:20:00,235.05,235.21,235.05,235.21,0
2026-07-27 05:21:00,235.24,235.24,235.24,235.24,0
2026-07-27 05:22:00,235.24,235.27,235.2,235.2,0
2026-07-27 05:23:00,235.13,235.21,235.13,235.2,0
2026-07-27 05:24:00,235.2,235.2,235.18,235.18,0
2026-07-27 05:25:00,235.18,235.24,235.17,235.24,0
2026-07-27 05:26:00,235.23,235.38,235.23,235.3,0
2026-07-27 05:27:00,235.3,235.39,235.3,235.39,0
2026-07-27 05:28:00,235.35,235.46,235.34,235.39,0
2026-07-27 05:29:00,235.32,235.4959,235.24,235.46,0
2026-07-27 05:30:00,235.4888,235.4888,235.41,235.41,0
2026-07-27 05:31:00,235.4545,235.4545,235.4545,235.4545,0
2026-07-27 05:33:00,235.31,235.39,235.3,235.39,0
2026-07-27 05:34:00,235.38,235.38,235.25,235.25,0
2026-07-27 05:35:00,235.3,235.35,235.2507,235.29,0
2026-07-27 05:36:00,235.28,235.28,235.24,235.28,0
2026-07-27 05:37:00,235.28,235.28,235.28,235.28,0
2026-07-27 05:38:00,235.28,235.5288,235.2035,235.35,0
2026-07-27 05:39:00,235.34,235.34,235.25,235.25,0
2026-07-27 05:40:00,235.28,235.29,235.24,235.24,0
2026-07-27 05:41:00,235.2289,235.24,235.2289,235.23,0
2026-07-27 05:42:00,235.21,235.21,235.2094,235.2094,0
2026-07-27 05:43:00,235.23,235.25,235.2012,235.24,0
2026-07-27 05:44:00,235.225,235.225,235.175,235.175,0
2026-07-27 05:45:00,235.22,235.22,235.17,235.17,0
2026-07-27 05:46:00,235.2,235.2,235.19,235.19,0
2026-07-27 05:47:00,235.59,235.59,235.27,235.59,0
2026-07-27 05:48:00,235.5688,235.5688,235.26,235.26,0
2026-07-27 05:49:00,235.5388,235.5388,235.25,235.25,0
2026-07-27 05:50:00,235.26,235.31,235.26,235.31,0
2026-07-27 05:51:00,235.51,235.51,235.1397,235.29,0
2026-07-27 05:52:00,235.3666,235.3666,235.23,235.23,0
2026-07-27 05:53:00,235.27,235.27,235.27,235.27,0
2026-07-27 05:54:00,235.27,235.27,235.25,235.26,0
2026-07-27 05:55:00,235.2432,235.42,235.2432,235.26,0
2026-07-27 05:56:00,235.3,235.41,235.1565,235.33,0
2026-07-27 05:57:00,235.3718,235.38,235.37,235.38,0
2026-07-27 05:58:00,235.36,235.36,235.15,235.36,0
2026-07-27 05:59:00,235.161,235.35,235.161,235.3,0
2026-07-27 06:00:00,235.34,235.34,235.25,235.25,0
2026-07-27 06:01:00,235.315,235.42,235.15,235.42,0
2026-07-27 06:02:00,235.42,235.47,235.25,235.47,0
2026-07-27 06:03:00,235.4,235.46,235.4,235.4,0
2026-07-27 06:04:00,235.4488,235.4488,235.3,235.3,0
2026-07-27 06:05:00,235.3,235.4588,235.3,235.304,0
2026-07-27 06:06:00,235.46,235.46,235.35,235.4,0
2026-07-27 06:07:00,235.45,235.5,235.3083,235.4,0
2026-07-27 06:09:00,235.42,235.55,235.42,235.55,0
2026-07-27 06:10:00,235.4,235.4,235.3,235.3,0
2026-07-27 06:11:00,235.38,235.53,235.28,235.49,0
2026-07-27 06:12:00,235.44,235.54,235.4132,235.54,0
2026-07-27 06:13:00,235.41,235.54,235.25,235.25,0
2026-07-27 06:14:00,235.41,235.5,235.41,235.5,0
2026-07-27 06:15:00,235.5,235.5,235.5,235.5,0
2026-07-27 06:16:00,235.58,235.62,235.58,235.6188,0
2026-07-27 06:17:00,235.62,235.62,235.42,235.5799,0
2026-07-27 06:18:00,235.57,235.57,235.57,235.57,0
2026-07-27 06:19:00,235.57,235.57,235.57,235.57,0
2026-07-27 06:20:00,235.57,235.57,235.49,235.5,0
2026-07-27 06:21:00,235.52,235.62,235.25,235.52,0
2026-07-27 06:22:00,235.4883,235.6188,235.4883,235.5,0
2026-07-27 06:23:00,235.56,235.59,235.56,235.59,0
2026-07-27 06:24:00,235.59,235.59,235.49,235.59,0
2026-07-27 06:25:00,235.62,235.62,235.62,235.62,0
2026-07-27 06:27:00,235.62,235.62,235.62,235.62,0
2026-07-27 06:28:00,235.6,235.62,235.4115,235.62,0
2026-07-27 06:30:00,235.55,235.62,235.54,235.62,0
2026-07-27 06:32:00,235.6,235.62,235.6,235.6,0
2026-07-27 06:33:00,235.6,235.62,235.6,235.62,0
2026-07-27 06:34:00,235.61,235.61,235.6,235.61,0
2026-07-27 06:35:00,235.56,235.69,235.55,235.63,0
2026-07-27 06:36:00,235.7559,235.7559,235.52,235.52,0
2026-07-27 06:37:00,235.75,235.75,235.75,235.75,0
2026-07-27 06:38:00,235.7,235.77,235.65,235.65,0
2026-07-27 06:39:00,235.76,235.76,235.5012,235.65,0
2026-07-27 06:40:00,235.6,235.6398,235.55,235.55,0
2026-07-27 06:41:00,235.55,235.82,235.55,235.7,0
2026-07-27 06:42:00,235.7,235.8,235.55,235.8,0
2026-07-27 06:43:00,235.7,235.8,235.7,235.8,0
2026-07-27 06:44:00,235.722,235.987,235.722,235.7681,0
2026-07-27 06:45:00,235.85,235.85,235.62,235.85,0
2026-07-27 06:46:00,235.68,235.79,235.64,235.79,0
2026-07-27 06:47:00,235.9,235.9,235.7,235.73,0
2026-07-27 06:48:00,235.8,235.8,235.65,235.7488,0
2026-07-27 06:49:00,235.71,235.74,235.71,235.73,0
2026-07-27 06:50:00,235.74,235.7758,235.5,235.57,0
2026-07-27 06:51:00,235.617,235.87,235.59,235.8,0
2026-07-27 06:52:00,235.592,235.9,235.5567,235.5567,0
2026-07-27 06:53:00,235.77,235.87,235.77,235.78,0
2026-07-27 06:54:00,235.5,235.73,235.5,235.73,0
2026-07-27 06:55:00,235.78,236.0,235.7,235.78,0
2026-07-27 06:56:00,235.8,236.0,235.78,235.98,0
2026-07-27 06:57:00,235.8,235.98,235.72,235.8,0
2026-07-27 06:58:00,235.8,236.0,235.72,235.9875,0
2026-07-27 06:59:00,235.75,235.98,235.72,235.72,0
2026-07-27 07:00:00,235.55,235.99,232.11,235.59,0
2026-07-27 07:01:00,235.87,235.99,235.59,235.8817,0
2026-07-27 07:02:00,235.625,235.85,235.5938,235.85,0
2026-07-27 07:03:00,235.8691,235.8691,235.55,235.8,0
2026-07-27 07:04:00,235.75,235.89,235.55,235.59,0
2026-07-27 07:05:00,235.7,235.89,235.56,235.7,0
2026-07-27 07:06:00,235.69,235.7,235.51,235.6,0
2026-07-27 07:07:00,235.65,235.6706,235.51,235.58,0
2026-07-27 07:08:00,235.58,235.6,235.5,235.51,0
2026-07-27 07:09:00,235.5004,235.51,235.45,235.5,0
2026-07-27 07:10:00,235.5085,235.51,235.5,235.502,0
2026-07-27 07:11:00,235.5099,235.51,235.35,235.48,0
2026-07-27 07:12:00,235.42,235.49,235.15,235.32,0
2026-07-27 07:13:00,235.32,235.4,235.15,235.28,0
2026-07-27 07:14:00,235.26,235.4,235.18,235.29,0
2026-07-27 07:15:00,235.25,235.3713,235.16,235.25,0
2026-07-27 07:16:00,235.25,235.25,235.15,235.24,0
2026-07-27 07:17:00,235.2008,235.25,235.15,235.18,0
2026-07-27 07:18:00,235.2365,235.26,235.15,235.2481,0
2026-07-27 07:19:00,235.2448,235.2497,235.15,235.15,0
2026-07-27 07:20:00,235.2475,235.25,235.15,235.18,0
2026-07-27 07:21:00,235.18,235.23,235.138,235.18,0
2026-07-27 07:22:00,235.17,235.24,235.05,235.15,0
2026-07-27 07:23:00,235.11,235.25,235.05,235.09,0
2026-07-27 07:24:00,235.08,235.2499,235.05,235.0668,0
2026-07-27 07:25:00,235.1,235.24,235.08,235.1,0
2026-07-27 07:26:00,235.1,235.165,235.06,235.06,0
2026-07-27 07:27:00,235.0,235.1448,234.91,235.06,0
2026-07-27 07:28:00,234.934,235.14,234.934,235.0,0
2026-07-27 07:29:00,235.06,235.15,234.88,234.88,0
2026-07-27 07:30:00,234.88,235.11,234.81,235.0,0
2026-07-27 07:31:00,235.11,235.17,234.84,235.17,0
2026-07-27 07:32:00,235.0012,235.2,234.91,234.9127,0
2026-07-27 07:33:00,234.91,235.17,234.85,234.85,0
2026-07-27 07:34:00,235.0,235.17,234.85,234.9,0
2026-07-27 07:35:00,235.01,235.18,234.89,235.12,0
2026-07-27 07:36:00,235.0,235.2,234.85,235.02,0
2026-07-27 07:37:00,235.05,235.22,235.0012,235.1,0
2026-07-27 07:38:00,235.01,235.21,235.0,235.0,0
2026-07-27 07:39:00,235.1993,235.21,235.1,235.21,0
2026-07-27 07:40:00,235.17,235.22,235.0284,235.14,0
2026-07-27 07:41:00,235.2,235.2,235.0948,235.1,0
2026-07-27 07:42:00,235.2,235.2,235.0,235.05,0
2026-07-27 07:43:00,235.05,235.19,235.0,235.1,0
2026-07-27 07:44:00,235.09,235.2,234.9,235.2,0
2026-07-27 07:45:00,235.2,235.2,235.0,235.0185,0
2026-07-27 07:46:00,235.0104,235.2,234.9,235.1388,0
2026-07-27 07:47:00,235.1535,235.2,234.9,235.1988,0
2026-07-27 07:48:00,235.1925,235.2012,235.0,235.2,0
2026-07-27 07:49:00,235.24,235.25,235.0,235.0,0
2026-07-27 07:50:00,235.25,235.25,235.15,235.15,0
2026-07-27 07:51:00,235.25,235.25,235.09,235.1,0
2026-07-27 07:52:00,235.2,235.25,235.11,235.25,0
2026-07-27 07:53:00,235.2113,235.23,235.1232,235.21,0
2026-07-27 07:54:00,235.13,235.21,235.13,235.2,0
2026-07-27 07:55:00,235.1939,235.2,235.13,235.1991,0
2026-07-27 07:56:00,235.15,235.2,235.11,235.1546,0
2026-07-27 07:57:00,235.11,235.2,235.11,235.11,0
2026-07-27 07:58:00,235.1203,235.2,235.1203,235.16,0
2026-07-27 07:59:00,235.16,235.2,235.0,235.15,0
2026-07-27 08:00:00,235.001,235.2,235.0,235.11,0
2026-07-27 08:01:00,235.03,235.1,231.53,235.032,0
2026-07-27 08:02:00,235.0862,235.14,235.0203,235.03,0
2026-07-27 08:03:00,235.14,235.14,235.0268,235.0988,0
2026-07-27 08:04:00,235.0988,235.15,235.02,235.15,0
2026-07-27 08:05:00,235.1487,235.15,235.02,235.1268,0
2026-07-27 08:06:00,235.05,235.1,235.0,235.05,0
2026-07-27 08:07:00,235.04,235.1,235.0089,235.02,0
2026-07-27 08:08:00,235.1,235.1,235.008,235.05,0
2026-07-27 08:09:00,235.02,235.06,234.89,234.9985,0
2026-07-27 08:10:00,234.99,234.99,234.86,234.86,0
2026-07-27 08:11:00,234.8657,234.93,234.8,234.8,0
2026-07-27 08:12:00,234.79,234.82,234.71,234.73,0
2026-07-27 08:13:00,234.78,234.9333,234.6,234.6975,0
2026-07-27 08:14:00,234.61,234.685,234.55,234.55,0
2026-07-27 08:15:00,234.58,234.85,234.55,234.55,0
2026-07-27 08:16:00,234.69,234.9,234.55,234.85,0
2026-07-27 08:17:00,234.85,234.85,234.58,234.8,0
2026-07-27 08:18:00,234.8,234.8,234.5855,234.5855,0
2026-07-27 08:19:00,234.79,234.7945,234.75,234.7659,0
2026-07-27 08:20:00,234.7659,234.8,234.58,234.7,0
2026-07-27 08:21:00,234.66,234.79,234.66,234.71,0
2026-07-27 08:22:00,234.75,234.79,234.7,234.78,0
2026-07-27 08:23:00,234.7877,234.97,234.75,234.97,0
2026-07-27 08:24:00,234.9,235.0,234.7,234.75,0
2026-07-27 08:25:00,234.785,234.87,234.7,234.81,0
2026-07-27 08:26:00,234.738,235.0,234.7,234.84,0
2026-07-27 08:27:00,234.71,234.99,234.71,234.93,0
2026-07-27 08:28:00,234.95,234.99,234.74,234.9259,0
2026-07-27 08:29:00,234.826,234.96,234.826,234.9,0
2026-07-27 08:30:00,234.9369,234.96,234.85,234.9562,0
2026-07-27 08:31:00,234.9,234.9758,234.9,234.951,0
2026-07-27 08:32:00,234.9,234.96,234.85,234.9,0
2026-07-27 08:33:00,234.87,235.13,234.87,235.0,0
2026-07-27 08:34:00,235.1,235.25,235.01,235.1,0
2026-07-27 08:35:00,235.15,235.21,235.15,235.18,0
2026-07-27 08:36:00,235.2333,235.25,235.094,235.21,0
2026-07-27 08:37:00,235.22,235.22,235.051,235.051,0
2026-07-27 08:38:00,235.2,235.27,235.1,235.27,0
2026-07-27 08:39:00,235.2,235.27,235.15,235.27,0
2026-07-27 08:40:00,235.2,235.27,235.0067,235.2,0
2026-07-27 08:41:00,235.15,235.2475,235.1309,235.14,0
2026-07-27 08:42:00,235.1,235.15,235.0,235.1,0
2026-07-27 08:43:00,235.1,235.212,235.06,235.15,0
2026-07-27 08:44:00,235.16,235.25,235.16,235.16,0
2026-07-27 08:45:00,235.25,235.39,235.212,235.39,0
2026-07-27 08:46:00,235.22,235.35,235.22,235.25,0
2026-07-27 08:47:00,235.23,235.25,235.01,235.06,0
2026-07-27 08:48:00,235.22,235.24,235.0289,235.24,0
2026-07-27 08:49:00,235.25,235.2932,235.1705,235.1976,0
2026-07-27 08:50:00,235.1954,235.2,234.956,235.1528,0
2026-07-27 08:51:00,235.18,235.19,234.956,235.1,0
2026-07-27 08:52:00,234.95,235.23,234.95,235.2127,0
2026-07-27 08:53:00,235.21,235.3,235.21,235.24,0
2026-07-27 08:54:00,235.2493,235.2867,235.19,235.19,0
2026-07-27 08:55:00,235.29,235.3,235.2859,235.29,0
2026-07-27 08:56:00,235.29,235.3,235.05,235.21,0
2026-07-27 08:57:00,235.21,235.3,235.0012,235.0507,0
2026-07-27 08:58:00,235.24,235.24,235.0,235.19,0
2026-07-27 08:59:00,235.19,235.3778,235.19,235.3778,0
2026-07-27 09:00:00,235.39,235.39,235.19,235.39,0
2026-07-27 09:01:00,235.39,235.39,235.2,235.38,0
2026-07-27 09:02:00,235.2012,235.32,235.2005,235.32,0
2026-07-27 09:03:00,235.2,235.34,235.2,235.2035,0
2026-07-27 09:04:00,235.3388,235.34,235.2217,235.28,0
2026-07-27 09:05:00,235.28,235.3,235.07,235.14,0
2026-07-27 09:06:00,235.16,235.3,235.0562,235.0562,0
2026-07-27 09:07:00,235.2,235.3,235.07,235.1394,0
2026-07-27 09:08:00,235.24,235.5488,235.24,235.45,0
2026-07-27 09:09:00,235.44,235.5,235.36,235.36,0
2026-07-27 09:10:00,235.41,235.49,235.3,235.4105,0
2026-07-27 09:11:00,235.47,235.5,235.4,235.5,0
2026-07-27 09:12:00,235.5,235.5,235.41,235.46,0
2026-07-27 09:13:00,235.4541,235.57,235.27,235.27,0
2026-07-27 09:14:00,235.5,235.6,235.43,235.4982,0
2026-07-27 09:15:00,235.49,235.65,235.49,235.65,0
2026-07-27 09:16:00,235.6,235.75,235.51,235.63,0
2026-07-27 09:17:00,235.65,235.75,235.5001,235.74,0
2026-07-27 09:18:00,235.65,235.75,235.38,235.38,0
2026-07-27 09:19:00,235.38,235.7,235.38,235.6,0
2026-07-27 09:20:00,235.4103,235.69,235.17,235.43,0
2026-07-27 09:21:00,235.61,235.69,235.2,235.2,0
2026-07-27 09:22:00,235.3,235.64,235.173,235.26,0
2026-07-27 09:23:00,235.35,235.68,235.26,235.47,0
2026-07-27 09:24:00,235.47,235.68,235.2101,235.31,0
2026-07-27 09:25:00,235.32,235.46,235.1,235.15,0
2026-07-27 09:26:00,235.39,235.6788,235.15,235.6,0
2026-07-27 09:27:00,235.22,235.6013,235.09,235.14,0
2026-07-27 09:28:00,235.6797,235.76,235.42,235.55,0
2026-07-27 09:29:00,235.64,235.89,235.47,235.72,0
2026-07-27 09:30:00,235.7,235.88,233.75,234.255,1296037
2026-07-27 09:31:00,234.18,234.48,233.25,233.5,159675
2026-07-27 09:32:00,233.43,234.82,233.22,234.805,121016
2026-07-27 09:33:00,234.81,235.15,234.415,234.415,123999
2026-07-27 09:34:00,234.47,234.92,234.07,234.835,80596
2026-07-27 09:35:00,234.835,235.42,234.67,235.26,118697
2026-07-27 09:36:00,235.22,235.3,234.9201,235.07,151356
2026-07-27 09:37:00,235.04,235.1279,234.67,234.93,85754
2026-07-27 09:38:00,234.86,235.4719,234.84,235.325,151062
2026-07-27 09:39:00,235.36,235.41,234.665,234.6675,127580
2026-07-27 09:40:00,234.68,234.9699,234.58,234.87,114504
2026-07-27 09:41:00,234.87,234.9,234.55,234.58,80750
2026-07-27 09:42:00,234.58,234.765,234.51,234.645,94780
2026-07-27 09:43:00,234.62,235.075,234.55,235.05,79491
2026-07-27 09:44:00,235.09,235.105,234.49,234.5,83567
2026-07-27 09:45:00,234.51,235.13,234.4003,235.13,111209
2026-07-27 09:46:00,235.1,235.14,234.72,234.72,103929
2026-07-27 09:47:00,234.71,234.785,234.525,234.58,63161
2026-07-27 09:48:00,234.63,234.86,234.5,234.8535,70307
2026-07-27 09:49:00,234.89,235.31,234.58,235.055,85037
2026-07-27 09:50:00,235.105,235.105,234.87,234.96,98384
2026-07-27 09:51:00,234.97,235.0,234.77,234.89,62050
2026-07-27 09:52:00,234.93,235.0,234.65,234.785,109369
2026-07-27 09:53:00,234.8,234.87,234.61,234.64,72725
2026-07-27 09:54:00,234.64,234.6499,234.34,234.45,59253
2026-07-27 09:55:00,234.48,234.8,234.46,234.7,65221
2026-07-27 09:56:00,234.64,234.705,234.51,234.5109,64206
2026-07-27 09:57:00,234.5101,234.605,234.22,234.24,61862
2026-07-27 09:58:00,234.215,234.3114,234.08,234.17,87378
2026-07-27 09:59:00,234.1401,234.3297,234.08,234.09,83528
2026-07-27 10:00:00,234.09,234.11,233.655,234.09,139583
2026-07-27 10:01:00,234.09,234.09,233.7,233.88,54313
2026-07-27 10:02:00,233.9,234.44,233.82,234.39,89909
2026-07-27 10:03:00,234.405,234.63,234.33,234.57,94060
2026-07-27 10:04:00,234.57,234.57,234.39,234.5,97516
2026-07-27 10:05:00,234.52,234.7501,234.5,234.62,65770
2026-07-27 10:06:00,234.66,234.66,234.43,234.6,103541
2026-07-27 10:07:00,234.59,234.7,234.37,234.385,66337
2026-07-27 10:08:00,234.38,234.566,234.37,234.48,85702
2026-07-27 10:09:00,234.5,234.54,234.362,234.45,64196
2026-07-27 10:10:00,234.42,234.49,234.23,234.3,69549
2026-07-27 10:11:00,234.3291,234.52,234.21,234.46,78137
2026-07-27 10:12:00,234.46,234.84,234.445,234.835,85891
2026-07-27 10:13:00,234.8793,234.89,234.66,234.82,87177
2026-07-27 10:14:00,234.86,234.86,234.69,234.73,64210
2026-07-27 10:15:00,234.735,235.005,234.735,234.8,86227
2026-07-27 10:16:00,234.82,234.92,234.73,234.81,93896
2026-07-27 10:17:00,234.815,234.93,234.64,234.84,80506
2026-07-27 10:18:00,234.825,234.8824,234.605,234.86,49654
2026-07-27 10:19:00,234.84,234.86,234.53,234.57,90072
2026-07-27 10:20:00,234.58,234.6,234.375,234.465,58967
2026-07-27 10:21:00,234.5179,234.59,234.425,234.49,74058
2026-07-27 10:22:00,234.48,234.535,234.15,234.165,63074
2026-07-27 10:23:00,234.16,234.235,234.05,234.175,93074
2026-07-27 10:24:00,234.195,234.25,234.075,234.15,56508
2026-07-27 10:25:00,234.15,234.59,234.125,234.59,97783
2026-07-27 10:26:00,234.595,234.67,234.3401,234.395,84605
2026-07-27 10:27:00,234.39,234.39,234.09,234.14,65949
2026-07-27 10:28:00,234.1599,234.16,233.69,233.78,114933
2026-07-27 10:29:00,233.75,233.85,233.36,233.48,143661
2026-07-27 10:30:00,233.48,233.7,233.38,233.68,93484
2026-07-27 10:31:00,233.75,233.865,233.61,233.7968,167710
2026-07-27 10:32:00,233.815,234.0,233.69,233.99,77275
2026-07-27 10:33:00,234.0,234.19,233.955,234.12,99415
2026-07-27 10:34:00,234.19,234.43,233.964,234.24,80020
2026-07-27 10:35:00,234.24,234.2699,233.785,233.96,59809
2026-07-27 10:36:00,233.93,234.11,233.77,233.77,48839
2026-07-27 10:37:00,233.775,234.0399,233.69,234.01,46129
2026-07-27 10:38:00,234.01,234.21,233.99,234.05,66090
2026-07-27 10:39:00,234.05,234.22,233.98,234.11,58178
2026-07-27 10:40:00,234.125,234.22,233.96,234.0,88061
2026-07-27 10:41:00,233.992,234.09,233.64,233.715,106839
2026-07-27 10:42:00,233.73,233.885,233.73,233.77,66066
2026-07-27 10:43:00,233.79,233.83,233.536,233.65,87345
2026-07-27 10:44:00,233.68,233.68,233.4704,233.5,52538
2026-07-27 10:45:00,233.58,233.67,233.356,233.375,93009
2026-07-27 10:46:00,233.35,233.3805,233.1,233.29,127727
2026-07-27 10:47:00,233.3,233.305,233.075,233.18,73476
2026-07-27 10:48:00,233.16,233.18,233.01,233.06,67251
2026-07-27 10:49:00,233.07,233.1,233.0206,233.03,59506
2026-07-27 10:50:00,233.01,233.12,232.93,233.05,107421
2026-07-27 10:51:00,233.045,233.32,233.0,233.26,51398
2026-07-27 10:52:00,233.24,233.3799,233.08,233.255,71749
2026-07-27 10:53:00,233.26,233.29,233.04,233.09,82112
2026-07-27 10:54:00,233.165,233.29,233.08,233.125,123032
2026-07-27 10:55:00,233.125,233.36,233.11,233.1935,98887
2026-07-27 10:56:00,233.18,233.3895,233.13,233.315,89154
2026-07-27 10:57:00,233.293,233.46,233.28,233.374,76916
2026-07-27 10:58:00,233.3,233.57,233.3,233.55,82444
2026-07-27 10:59:00,233.53,233.63,233.21,233.55,85675
2026-07-27 11:00:00,233.56,233.57,233.28,233.45,96509
2026-07-27 11:01:00,233.475,233.66,233.475,233.6,98336
2026-07-27 11:02:00,233.585,233.67,233.35,233.36,97154
2026-07-27 11:03:00,233.37,233.66,233.37,233.57,94000
2026-07-27 11:04:00,233.55,233.73,233.5,233.53,91421
2026-07-27 11:05:00,233.56,233.9,233.55,233.85,100036
2026-07-27 11:06:00,233.78,233.87,233.64,233.79,221243
2026-07-27 11:07:00,233.81,234.09,233.81,233.92,96123
2026-07-27 11:08:00,233.91,233.95,233.76,233.82,74398
2026-07-27 11:09:00,233.82,233.89,233.68,233.76,58234
2026-07-27 11:10:00,233.79,233.83,233.58,233.68,218305
2026-07-27 11:11:00,233.695,233.88,233.67,233.87,35717
2026-07-27 11:12:00,233.9,233.96,233.81,233.82,35991
2026-07-27 11:13:00,233.8433,234.04,233.82,234.005,42228
2026-07-27 11:14:00,233.98,234.2,233.94,233.95,56071
2026-07-27 11:15:00,233.93,233.945,233.7089,233.715,52011
2026-07-27 11:16:00,233.73,233.86,233.68,233.805,45123
2026-07-27 11:17:00,233.805,233.84,233.5966,233.65,42785
2026-07-27 11:18:00,233.66,233.67,233.26,233.41,74793
2026-07-27 11:19:00,233.425,233.47,233.18,233.23,158161
2026-07-27 11:20:00,233.225,233.32,233.16,233.275,55427
2026-07-27 11:21:00,233.26,233.35,233.17,233.23,90367
2026-07-27 11:22:00,233.21,233.49,233.19,233.46,47554
2026-07-27 11:23:00,233.41,233.51,233.35,233.395,64058
2026-07-27 11:24:00,233.4,233.4099,233.27,233.34,36256
2026-07-27 11:25:00,233.33,233.365,233.1706,233.35,55980
2026-07-27 11:26:00,233.305,233.37,233.27,233.3,31607
2026-07-27 11:27:00,233.33,233.42,233.29,233.33,69976
2026-07-27 11:28:00,233.31,233.34,233.2,233.315,34644
2026-07-27 11:29:00,233.3,233.36,233.2601,233.305,32182
2026-07-27 11:30:00,233.31,233.31,233.0,233.0598,53010
2026-07-27 11:31:00,233.05,233.07,232.882,232.9,66096
2026-07-27 11:32:00,232.91,232.96,232.65,232.65,65884
2026-07-27 11:33:00,232.66,232.71,232.5,232.66,60833
2026-07-27 11:34:00,232.66,232.68,232.43,232.47,72966
2026-07-27 11:35:00,232.46,232.57,232.17,232.205,83462
2026-07-27 11:36:00,232.19,232.37,232.08,232.28,82193
2026-07-27 11:37:00,232.285,232.3459,232.23,232.28,43743
2026-07-27 11:38:00,232.2975,232.45,232.26,232.435,59189
2026-07-27 11:39:00,232.46,232.53,232.335,232.38,70214
2026-07-27 11:40:00,232.38,232.435,232.29,232.395,56200
2026-07-27 11:41:00,232.395,232.48,232.29,232.39,49643
2026-07-27 11:42:00,232.3835,232.55,232.375,232.5468,45572
2026-07-27 11:43:00,232.53,232.565,232.35,232.395,43690
2026-07-27 11:44:00,232.404,232.5599,232.33,232.53,59564
2026-07-27 11:45:00,232.55,232.565,232.22,232.35,40077
2026-07-27 11:46:00,232.355,232.425,232.295,232.39,92780
2026-07-27 11:47:00,232.4042,232.495,232.4,232.4599,64119
2026-07-27 11:48:00,232.4322,232.6297,232.42,232.45,32486
2026-07-27 11:49:00,232.435,232.445,232.11,232.21,126955
2026-07-27 11:50:00,232.24,232.3,232.1,232.245,114286
2026-07-27 11:51:00,232.27,232.3037,232.17,232.18,37580
2026-07-27 11:52:00,232.17,232.21,232.0051,232.0578,31728
2026-07-27 11:53:00,232.04,232.265,232.0008,232.205,40107
2026-07-27 11:54:00,232.205,232.27,232.11,232.25,45078
2026-07-27 11:55:00,232.235,232.285,232.18,232.26,36816
2026-07-27 11:56:00,232.27,232.27,232.16,232.18,39040
2026-07-27 11:57:00,232.19,232.2,232.0805,232.165,34030
2026-07-27 11:58:00,232.14,232.14,231.91,232.04,66956
2026-07-27 11:59:00,232.05,232.065,231.87,231.885,51988
2026-07-27 12:00:00,231.9,232.17,231.9,232.1,106344
2026-07-27 12:01:00,232.105,232.12,231.95,232.05,53630
2026-07-27 12:02:00,232.03,232.08,231.86,231.9,32046
2026-07-27 12:03:00,231.88,231.97,231.82,231.89,46130
2026-07-27 12:04:00,231.9,232.015,231.855,232.015,61852
2026-07-27 12:05:00,232.005,232.08,231.99,232.0,32509
2026-07-27 12:06:00,232.01,232.01,231.75,231.87,42857
2026-07-27 12:07:00,231.87,231.905,231.75,231.77,38747
2026-07-27 12:08:00,231.79,231.94,231.75,231.879,55236
2026-07-27 12:09:00,231.91,231.9602,231.795,231.9602,48612
2026-07-27 12:10:00,231.93,231.98,231.85,231.97,42451
2026-07-27 12:11:00,231.97,232.02,231.885,232.01,46017
2026-07-27 12:12:00,232.005,232.03,231.92,231.92,45000
2026-07-27 12:13:00,231.91,231.92,231.62,231.68,74834
2026-07-27 12:14:00,231.67,231.68,231.44,231.44,104382
2026-07-27 12:15:00,231.43,231.505,231.36,231.4046,72772
2026-07-27 12:16:00,231.38,231.38,231.25,231.295,54540
2026-07-27 12:17:00,231.32,231.36,230.99,231.225,135239
2026-07-27 12:18:00,231.23,231.37,231.22,231.34,42932
2026-07-27 12:19:00,231.38,231.505,231.34,231.34,61091
2026-07-27 12:20:00,231.365,231.365,231.22,231.22,59648
2026-07-27 12:21:00,231.2,231.31,231.11,231.15,72251
2026-07-27 12:22:00,231.12,231.12,230.9903,231.075,47811
2026-07-27 12:23:00,231.08,231.165,231.0,231.13,43009
2026-07-27 12:24:00,231.11,231.17,231.0315,231.15,39056
2026-07-27 12:25:00,231.155,231.82,231.03,231.82,165632
2026-07-27 12:26:00,231.8,231.81,231.48,231.5,58665
2026-07-27 12:27:00,231.55,231.9725,231.53,231.9,62867
2026-07-27 12:28:00,231.905,231.96,231.705,231.7095,66091
2026-07-27 12:29:00,231.67,231.71,231.52,231.53,77721
2026-07-27 12:30:00,231.53,231.875,231.49,231.77,96637
2026-07-27 12:31:00,231.78,231.9399,231.775,231.9301,76433
2026-07-27 12:32:00,231.935,232.02,231.905,231.965,70123
2026-07-27 12:33:00,231.9819,231.9819,231.84,231.925,54145
2026-07-27 12:34:00,231.92,232.095,231.88,232.08,63539
2026-07-27 12:35:00,232.1,232.19,232.08,232.17,53423
2026-07-27 12:36:00,232.16,232.18,232.02,232.115,48392
2026-07-27 12:37:00,232.13,232.16,231.99,232.02,30405
2026-07-27 12:38:00,232.0,232.015,231.82,231.87,43144
2026-07-27 12:39:00,231.8684,231.8684,231.66,231.73,57297
2026-07-27 12:40:00,231.76,231.79,231.71,231.73,39002
2026-07-27 12:41:00,231.735,231.79,231.5651,231.77,62913
2026-07-27 12:42:00,231.76,231.855,231.675,231.675,112631
2026-07-27 12:43:00,231.675,231.68,231.51,231.555,32187
2026-07-27 12:44:00,231.5397,231.68,231.5,231.67,27713
2026-07-27 12:45:00,231.67,231.8,231.63,231.72,49965
2026-07-27 12:46:00,231.71,231.74,231.63,231.71,28527
2026-07-27 12:47:00,231.7,231.7899,231.67,231.77,33794
2026-07-27 12:48:00,231.73,231.775,231.575,231.6401,65945
2026-07-27 12:49:00,231.65,231.71,231.63,231.63,35478
2026-07-27 12:50:00,231.62,231.6599,231.54,231.55,43516
2026-07-27 12:51:00,231.61,231.61,231.5,231.61,41100
2026-07-27 12:52:00,231.605,231.68,231.55,231.6001,31943
2026-07-27 12:53:00,231.6,231.64,231.56,231.58,24560
2026-07-27 12:54:00,231.565,231.7872,231.565,231.785,30100
2026-07-27 12:55:00,231.7899,231.88,231.76,231.87,50773
2026-07-27 12:56:00,231.89,231.99,231.81,231.97,38746
2026-07-27 12:57:00,231.98,232.02,231.93,231.94,43779
2026-07-27 12:58:00,231.93,231.96,231.82,231.885,33486
2026-07-27 12:59:00,231.89,231.9,231.7,231.84,24349
2026-07-27 13:00:00,231.85,231.865,231.775,231.83,53721
2026-07-27 13:01:00,231.81,231.845,231.77,231.79,22123
2026-07-27 13:02:00,231.7602,231.78,231.52,231.575,48390
2026-07-27 13:03:00,231.57,231.585,231.46,231.51,30613
2026-07-27 13:04:00,231.5203,231.5203,231.3901,231.43,29312
2026-07-27 13:05:00,231.4231,231.52,231.42,231.459,33331
2026-07-27 13:06:00,231.45,231.48,231.38,231.48,64790
2026-07-27 13:07:00,231.49,231.49,231.41,231.435,49352
2026-07-27 13:08:00,231.44,231.57,231.4,231.53,55092
2026-07-27 13:09:00,231.53,231.6133,231.49,231.57,23058
2026-07-27 13:10:00,231.56,231.61,231.55,231.61,21336
2026-07-27 13:11:00,231.61,231.61,231.52,231.54,25427
2026-07-27 13:12:00,231.53,231.68,231.525,231.67,33041
2026-07-27 13:13:00,231.69,231.7629,231.67,231.7001,39056
2026-07-27 13:14:00,231.72,231.74,231.62,231.72,58933
2026-07-27 13:15:00,231.74,231.8,231.71,231.8,30662
2026-07-27 13:16:00,231.795,231.795,231.615,231.63,25954
2026-07-27 13:17:00,231.63,231.695,231.54,231.6,34228
2026-07-27 13:18:00,231.6,231.7096,231.6,231.665,27708
2026-07-27 13:19:00,231.66,231.84,231.64,231.84,63303
2026-07-27 13:20:00,231.84,231.97,231.81,231.955,50936
2026-07-27 13:21:00,231.94,231.99,231.86,231.86,22369
2026-07-27 13:22:00,231.84,231.9799,231.84,231.92,28330
2026-07-27 13:23:00,231.93,231.96,231.855,231.865,43213
2026-07-27 13:24:00,231.86,231.86,231.79,231.83,25125
2026-07-27 13:25:00,231.8301,231.8712,231.8301,231.84,21545
2026-07-27 13:26:00,231.84,231.84,231.73,231.8,51426
2026-07-27 13:27:00,231.805,231.835,231.75,231.79,49475
2026-07-27 13:28:00,231.8,231.84,231.785,231.83,23643
2026-07-27 13:29:00,231.83,231.86,231.7,231.7007,31439
2026-07-27 13:30:00,231.71,231.74,231.62,231.66,53263
2026-07-27 13:31:00,231.65,231.71,231.55,231.58,54206
2026-07-27 13:32:00,231.57,231.615,231.56,231.56,44222
2026-07-27 13:33:00,231.58,231.62,231.55,231.59,29051
2026-07-27 13:34:00,231.59,231.72,231.49,231.72,33336
2026-07-27 13:35:00,231.72,231.85,231.7,231.76,43416
2026-07-27 13:36:00,231.77,231.815,231.73,231.74,28093
2026-07-27 13:37:00,231.73,231.77,231.67,231.67,64099
2026-07-27 13:38:00,231.68,231.72,231.57,231.685,47184
2026-07-27 13:39:00,231.665,231.8,231.62,231.66,47850
2026-07-27 13:40:00,231.64,231.74,231.63,231.655,31020
2026-07-27 13:41:00,231.66,231.74,231.64,231.715,19905
2026-07-27 13:42:00,231.7299,231.7299,231.525,231.525,26025
2026-07-27 13:43:00,231.53,231.65,231.53,231.65,22285
2026-07-27 13:44:00,231.6601,231.73,231.63,231.73,18398
2026-07-27 13:45:00,231.73,231.765,231.68,231.765,55499
2026-07-27 13:46:00,231.76,231.89,231.76,231.81,36555
2026-07-27 13:47:00,231.8,231.815,231.702,231.702,22558
2026-07-27 13:48:00,231.7,231.79,231.69,231.7,28676
2026-07-27 13:49:00,231.7,231.76,231.67,231.74,25388
2026-07-27 13:50:00,231.76,231.9187,231.73,231.9001,39805
2026-07-27 13:51:00,231.9,231.95,231.86,231.925,26566
2026-07-27 13:52:00,231.9,232.0,231.87,231.99,26814
2026-07-27 13:53:00,231.995,232.14,231.99,232.12,44335
2026-07-27 13:54:00,232.11,232.24,232.11,232.23,37603
2026-07-27 13:55:00,232.23,232.27,232.14,232.22,49497
2026-07-27 13:56:00,232.2388,232.43,232.23,232.43,52797
2026-07-27 13:57:00,232.425,232.5129,232.27,232.27,34486
2026-07-27 13:58:00,232.255,232.3,232.205,232.24,26215
2026-07-27 13:59:00,232.23,232.27,232.2,232.26,25506
2026-07-27 14:00:00,232.28,232.28,232.02,232.02,45876
2026-07-27 14:01:00,232.04,232.04,231.92,231.92,77296
2026-07-27 14:02:00,231.9,231.9799,231.8415,231.865,58169
2026-07-27 14:03:00,231.8801,232.01,231.86,231.99,29747
2026-07-27 14:04:00,231.99,231.99,231.9,231.9132,18759
2026-07-27 14:05:00,231.92,232.06,231.89,232.05,36500
2026-07-27 14:06:00,232.045,232.135,232.01,232.01,20084
2026-07-27 14:07:00,232.01,232.07,232.0,232.02,41119
2026-07-27 14:08:00,232.02,232.09,232.02,232.05,29472
2026-07-27 14:09:00,232.05,232.1,232.015,232.08,42663
2026-07-27 14:10:00,232.12,232.21,232.12,232.13,30974
2026-07-27 14:11:00,232.13,232.13,232.03,232.035,34143
2026-07-27 14:12:00,232.04,232.2,232.04,232.1,52606
2026-07-27 14:13:00,232.085,232.21,232.07,232.18,36217
2026-07-27 14:14:00,232.185,232.19,232.1,232.125,18465
2026-07-27 14:15:00,232.11,232.11,231.915,231.93,41793
2026-07-27 14:16:00,231.935,231.95,231.8401,231.92,48063
2026-07-27 14:17:00,231.9,231.925,231.85,231.925,27611
2026-07-27 14:18:00,231.92,231.92,231.77,231.8,29333
2026-07-27 14:19:00,231.79,231.8499,231.74,231.76,52880
2026-07-27 14:20:00,231.75,231.7999,231.71,231.725,34118
2026-07-27 14:21:00,231.71,231.79,231.62,231.79,50454
2026-07-27 14:22:00,231.8,231.8,231.68,231.69,21782
2026-07-27 14:23:00,231.69,231.78,231.65,231.65,39747
2026-07-27 14:24:00,231.66,231.82,231.65,231.75,49287
2026-07-27 14:25:00,231.75,231.81,231.75,231.79,27649
2026-07-27 14:26:00,231.8,231.8,231.715,231.76,29666
2026-07-27 14:27:00,231.77,231.84,231.76,231.81,34105
2026-07-27 14:28:00,231.8,231.8473,231.785,231.81,28352
2026-07-27 14:29:00,231.82,231.88,231.81,231.88,30716
2026-07-27 14:30:00,231.86,231.93,231.845,231.93,32030
2026-07-27 14:31:00,231.91,231.9398,231.77,231.8,29664
2026-07-27 14:32:00,231.79,231.875,231.78,231.87,35860
2026-07-27 14:33:00,231.865,231.9,231.79,231.86,53728
2026-07-27 14:34:00,231.85,231.885,231.81,231.815,34203
2026-07-27 14:35:00,231.82,231.865,231.76,231.85,26155
2026-07-27 14:36:00,231.85,231.87,231.81,231.83,21212
2026-07-27 14:37:00,231.8501,231.94,231.85,231.91,37782
2026-07-27 14:38:00,231.91,231.91,231.8,231.86,29842
2026-07-27 14:39:00,231.84,231.87,231.79,231.86,22188
2026-07-27 14:40:00,231.87,231.95,231.845,231.94,49515
2026-07-27 14:41:00,231.92,232.29,231.915,232.17,127770
2026-07-27 14:42:00,232.18,232.2,232.07,232.175,48169
2026-07-27 14:43:00,232.175,232.29,232.1201,232.285,38701
2026-07-27 14:44:00,232.295,232.3699,232.26,232.31,33266
2026-07-27 14:45:00,232.315,232.45,232.31,232.44,31204
2026-07-27 14:46:00,232.465,232.59,232.43,232.585,46456
2026-07-27 14:47:00,232.586,232.635,232.53,232.56,39178
2026-07-27 14:48:00,232.555,232.59,232.51,232.55,49646
2026-07-27 14:49:00,232.57,232.57,232.46,232.496,51085
2026-07-27 14:50:00,232.51,232.6,232.51,232.54,50296
2026-07-27 14:51:00,232.54,232.56,232.47,232.505,55232
2026-07-27 14:52:00,232.5,232.7495,232.4639,232.73,60748
2026-07-27 14:53:00,232.74,232.84,232.694,232.835,64953
2026-07-27 14:54:00,232.83,232.83,232.695,232.75,53663
2026-07-27 14:55:00,232.75,232.9889,232.75,232.92,84443
2026-07-27 14:56:00,232.92,232.9399,232.755,232.7817,61094
2026-07-27 14:57:00,232.78,232.82,232.73,232.79,59090
2026-07-27 14:58:00,232.7803,232.8369,232.675,232.8369,62707
2026-07-27 14:59:00,232.835,232.8499,232.62,232.71,79568
2026-07-27 15:00:00,232.715,232.77,232.59,232.59,60445
2026-07-27 15:01:00,232.58,232.585,232.4111,232.5194,50920
2026-07-27 15:02:00,232.51,232.555,232.425,232.425,48621
2026-07-27 15:03:00,232.42,232.42,232.3,232.365,54679
2026-07-27 15:04:00,232.37,232.37,232.26,232.27,43667
2026-07-27 15:05:00,232.31,232.39,232.265,232.32,29737
2026-07-27 15:06:00,232.3,232.4294,232.275,232.4,32262
2026-07-27 15:07:00,232.4,232.48,232.33,232.363,29616
2026-07-27 15:08:00,232.37,232.435,232.295,232.295,29214
2026-07-27 15:09:00,232.28,232.4,232.25,232.4,29145
2026-07-27 15:10:00,232.41,232.59,232.41,232.55,45888
2026-07-27 15:11:00,232.54,232.5409,232.425,232.45,26016
2026-07-27 15:12:00,232.47,232.4994,232.38,232.39,21393
2026-07-27 15:13:00,232.4,232.515,232.4,232.46,23574
2026-07-27 15:14:00,232.465,232.59,232.44,232.59,36713
2026-07-27 15:15:00,232.59,232.665,232.59,232.6,25552
2026-07-27 15:16:00,232.59,232.66,232.585,232.64,32258
2026-07-27 15:17:00,232.635,232.6557,232.545,232.57,28405
2026-07-27 15:18:00,232.565,232.59,232.535,232.58,27328
2026-07-27 15:19:00,232.57,232.62,232.515,232.515,30544
2026-07-27 15:20:00,232.51,232.59,232.465,232.51,48489
2026-07-27 15:21:00,232.49,232.52,232.42,232.49,69618
2026-07-27 15:22:00,232.5,232.51,232.4207,232.48,39211
2026-07-27 15:23:00,232.49,232.53,232.475,232.5,26311
2026-07-27 15:24:00,232.49,232.5126,232.4,232.4,30564
2026-07-27 15:25:00,232.4,232.42,232.3,232.3301,66291
2026-07-27 15:26:00,232.33,232.38,232.32,232.38,63997
2026-07-27 15:27:00,232.36,232.429,232.29,232.31,83326
2026-07-27 15:28:00,232.32,232.33,232.235,232.27,45154
2026-07-27 15:29:00,232.28,232.29,232.19,232.25,54057
2026-07-27 15:30:00,232.245,232.245,232.0601,232.07,73669
2026-07-27 15:31:00,232.08,232.12,232.05,232.09,41942
2026-07-27 15:32:00,232.08,232.26,232.08,232.21,63549
2026-07-27 15:33:00,232.21,232.26,232.18,232.25,37042
2026-07-27 15:34:00,232.252,232.2689,232.13,232.2,69854
2026-07-27 15:35:00,232.21,232.335,232.195,232.2701,63721
2026-07-27 15:36:00,232.285,232.29,231.98,232.0,48372
2026-07-27 15:37:00,232.03,232.1,232.01,232.01,50185
2026-07-27 15:38:00,231.99,232.04,231.925,231.98,34617
2026-07-27 15:39:00,231.9802,232.035,231.9101,232.03,44790
2026-07-27 15:40:00,232.035,232.05,231.91,231.97,56591
2026-07-27 15:41:00,231.98,232.0,231.945,231.97,47197
2026-07-27 15:42:00,231.97,231.97,231.7313,231.7313,97696
2026-07-27 15:43:00,231.75,231.89,231.735,231.8,45961
2026-07-27 15:44:00,231.81,231.84,231.71,231.785,60278
2026-07-27 15:45:00,231.78,231.81,231.58,231.6,62674
2026-07-27 15:46:00,231.6,231.61,231.48,231.4801,61359
2026-07-27 15:47:00,231.495,231.53,231.38,231.465,81556
2026-07-27 15:48:00,231.465,231.4799,231.33,231.355,51706
2026-07-27 15:49:00,231.35,231.42,231.26,231.415,96605
2026-07-27 15:50:00,231.4,231.86,231.4,231.77,163493
2026-07-27 15:51:00,231.79,231.81,231.57,231.575,95133
2026-07-27 15:52:00,231.59,231.63,231.5,231.6,100593
2026-07-27 15:53:00,231.61,231.9,231.43,231.52,213595
2026-07-27 15:54:00,231.52,231.63,231.27,231.335,205410
2026-07-27 15:55:00,231.34,231.505,231.3,231.48,243921
2026-07-27 15:56:00,231.48,231.575,231.46,231.51,187940
2026-07-27 15:57:00,231.51,231.51,231.29,231.35,235406
2026-07-27 15:58:00,231.35,231.43,231.3,231.35,250207
2026-07-27 15:59:00,231.34,231.48,231.21,231.36,506839
2026-07-27 16:00:00,231.39,231.5,231.35,231.46,7609374
2026-07-27 16:01:00,231.4972,247.49,231.39,231.45,0
2026-07-27 16:02:00,231.42,232.6195,231.3572,231.3572,0
2026-07-27 16:03:00,231.4,231.49,231.25,231.35,0
2026-07-27 16:04:00,231.39,231.5,231.3,231.3603,0
2026-07-27 16:05:00,231.3751,231.38,231.3301,231.35,0
2026-07-27 16:06:00,231.33,231.45,231.21,231.45,0
2026-07-27 16:07:00,231.25,231.4988,231.25,231.38,0
2026-07-27 16:08:00,231.4769,231.5,231.4767,231.4767,0
2026-07-27 16:09:00,231.4083,231.5,231.39,231.5,0
2026-07-27 16:10:00,231.43,231.5,231.39,231.45,0
2026-07-27 16:11:00,231.5,241.8,231.41,231.45,0
2026-07-27 16:12:00,231.39,231.5,231.39,231.4876,0
2026-07-27 16:13:00,231.5,231.55,231.45,231.55,0
2026-07-27 16:14:00,231.5062,231.75,231.5062,231.75,0
2026-07-27 16:15:00,231.39,231.75,231.39,231.6,0
2026-07-27 16:16:00,231.5495,231.6,231.5025,231.55,0
2026-07-27 16:17:00,231.54,231.6,231.54,231.6,0
2026-07-27 16:18:00,231.6,231.7,231.58,231.7,0
2026-07-27 16:19:00,231.7,231.7,231.63,231.63,0
2026-07-27 16:20:00,231.666,231.7,231.57,231.6,0
2026-07-27 16:21:00,231.55,231.6,231.39,231.45,0
2026-07-27 16:22:00,231.5,231.5,231.48,231.48,0
2026-07-27 16:23:00,231.46,231.5,231.39,231.5,0
2026-07-27 16:24:00,231.45,231.4796,231.39,231.45,0
2026-07-27 16:25:00,231.45,231.4999,231.4,231.4988,0
2026-07-27 16:26:00,231.4923,231.5,231.407,231.47,0
2026-07-27 16:27:00,231.3927,231.5,231.3927,231.5,0
2026-07-27 16:28:00,231.4701,231.5,231.47,231.48,0
2026-07-27 16:29:00,231.48,231.5,231.47,231.5,0
2026-07-27 16:30:00,231.46,231.5,231.38,231.5,0
2026-07-27 16:31:00,231.48,231.4999,231.4666,231.4666,0
2026-07-27 16:32:00,231.47,231.52,231.46,231.5,0
2026-07-27 16:33:00,231.4846,231.52,231.4846,231.52,0
2026-07-27 16:34:00,231.51,231.6,231.5005,231.6,0
2026-07-27 16:35:00,231.6,231.7,231.5,231.62,0
2026-07-27 16:36:00,231.66,231.7,231.6,231.6,0
2026-07-27 16:37:00,231.58,231.59,231.5022,231.55,0
2026-07-27 16:38:00,231.58,231.6,231.5,231.54,0
2026-07-27 16:39:00,231.5,231.57,231.5,231.55,0
2026-07-27 16:40:00,231.5682,231.57,231.5,231.57,0
2026-07-27 16:41:00,231.57,231.57,231.52,231.52,0
2026-07-27 16:42:00,231.59,231.61,231.5689,231.5689,0
2026-07-27 16:43:00,231.61,231.61,231.51,231.58,0
2026-07-27 16:44:00,231.6,231.61,231.5255,231.5945,0
2026-07-27 16:45:00,231.51,231.61,231.51,231.61,0
2026-07-27 16:46:00,231.5947,231.61,231.5218,231.59,0
2026-07-27 16:47:00,231.5107,231.61,231.51,231.5572,0
2026-07-27 16:48:00,231.5222,231.61,231.5222,231.61,0
2026-07-27 16:49:00,231.61,231.61,225.7291,225.7291,0
2026-07-27 16:50:00,230.3651,231.6,230.3651,231.5945,0
2026-07-27 16:51:00,225.7291,231.61,225.7291,231.61,0
2026-07-27 16:52:00,231.6,231.6,231.5605,231.5847,0
2026-07-27 16:53:00,231.5787,231.7983,228.0861,231.56,0
2026-07-27 16:54:00,231.53,231.56,223.7186,231.5395,0
2026-07-27 16:55:00,231.5392,231.5392,229.8215,231.51,0
2026-07-27 16:56:00,231.51,231.54,231.51,231.5103,0
2026-07-27 16:57:00,231.5392,231.64,222.1859,231.5807,0
2026-07-27 16:58:00,229.8215,231.5,229.8215,231.4754,0
2026-07-27 16:59:00,231.46,231.5,227.4018,231.4552,0
2026-07-27 17:00:00,222.1859,231.66,222.1859,231.6,0
2026-07-27 17:01:00,231.51,231.66,231.45,231.6,0
2026-07-27 17:02:00,227.8857,246.5713,227.8857,246.5713,0
2026-07-27 17:03:00,228.8489,231.65,226.6075,231.55,0
2026-07-27 17:04:00,231.55,231.55,231.45,231.4501,0
2026-07-27 17:05:00,231.5334,231.55,231.5,231.55,0
2026-07-27 17:06:00,231.5361,231.55,231.4739,231.55,0
2026-07-27 17:07:00,231.55,246.5713,215.5194,231.54,0
2026-07-27 17:08:00,231.55,231.55,231.5,231.5,0
2026-07-27 17:09:00,231.54,231.5482,228.0861,231.5482,0
2026-07-27 17:10:00,231.53,231.55,231.5207,231.549,0
2026-07-27 17:11:00,231.5486,231.55,231.5,231.5491,0
2026-07-27 17:12:00,231.5361,231.55,231.45,231.5304,0
2026-07-27 17:13:00,231.5475,231.7983,225.7291,231.5488,0
2026-07-27 17:14:00,231.5,231.55,225.7291,231.548,0
2026-07-27 17:15:00,230.3651,244.8185,230.3651,231.4824,0
2026-07-27 17:16:00,231.55,231.6475,231.47,231.6475,0
2026-07-27 17:17:00,231.55,231.65,231.55,231.5616,0
2026-07-27 17:18:00,231.65,231.65,231.56,231.6244,0
2026-07-27 17:19:00,231.56,231.65,231.56,231.6,0
2026-07-27 17:20:00,231.6,231.66,231.56,231.66,0
2026-07-27 17:21:00,231.6445,231.65,231.56,231.65,0
2026-07-27 17:22:00,231.63,231.66,231.61,231.66,0
2026-07-27 17:23:00,231.6398,231.65,231.56,231.64,0
2026-07-27 17:24:00,231.65,231.66,231.61,231.61,0
2026-07-27 17:25:00,231.6,231.6488,231.5724,231.5724,0
2026-07-27 17:26:00,231.56,231.64,231.56,231.5724,0
2026-07-27 17:27:00,231.6391,231.65,231.5935,231.64,0
2026-07-27 17:28:00,231.62,231.7,231.6,231.7,0
2026-07-27 17:29:00,231.6,231.7,231.56,231.6965,0
2026-07-27 17:30:00,231.65,231.7,231.62,231.6454,0
2026-07-27 17:31:00,231.64,231.64,231.6246,231.64,0
2026-07-27 17:32:00,231.63,231.66,231.6205,231.64,0
2026-07-27 17:33:00,231.64,231.64,231.56,231.64,0
2026-07-27 17:34:00,231.62,231.6398,231.562,231.63,0
2026-07-27 17:35:00,231.63,231.64,231.56,231.64,0
2026-07-27 17:36:00,231.64,231.64,231.56,231.6069,0
2026-07-27 17:37:00,231.619,231.64,231.6,231.64,0
2026-07-27 17:38:00,231.564,231.64,231.564,231.64,0
2026-07-27 17:39:00,231.7,231.7,231.56,231.56,0
2026-07-27 17:40:00,231.7,231.7,231.607,231.6783,0
2026-07-27 17:41:00,231.64,231.67,231.56,231.66,0
2026-07-27 17:42:00,231.6,231.72,231.56,231.72,0
2026-07-27 17:43:00,231.642,231.75,231.642,231.75,0
2026-07-27 17:44:00,231.74,231.78,231.73,231.74,0
2026-07-27 17:45:00,231.73,231.79,231.7,231.76,0
2026-07-27 17:46:00,231.7,231.769,231.7,231.76,0
2026-07-27 17:47:00,231.75,231.79,231.56,231.56,0
2026-07-27 17:48:00,231.67,231.79,231.56,231.77,0
2026-07-27 17:49:00,231.76,231.78,231.56,231.7,0
2026-07-27 17:50:00,231.75,231.7988,231.5647,231.7,0
2026-07-27 17:51:00,231.7,231.75,231.6633,231.73,0
2026-07-27 17:52:00,231.73,231.75,231.73,231.75,0
2026-07-27 17:53:00,231.75,231.75,231.73,231.73,0
2026-07-27 17:54:00,231.75,231.8,231.73,231.76,0
2026-07-27 17:55:00,231.71,231.8,231.56,231.8,0
2026-07-27 17:56:00,231.8,231.8,231.8,231.8,0
2026-07-27 17:57:00,231.7,231.7,231.7,231.7,0
2026-07-27 17:58:00,231.8,231.8,231.75,231.75,0
2026-07-27 17:59:00,231.72,231.72,231.65,231.65,0
2026-07-27 18:00:00,231.7,231.89,231.6491,231.84,0
2026-07-27 18:01:00,231.8,232.0,231.71,232.0,0
2026-07-27 18:02:00,231.77,231.9,231.56,231.7141,0
2026-07-27 18:03:00,231.73,231.89,231.6887,231.81,0
2026-07-27 18:04:00,231.8001,231.83,231.701,231.83,0
2026-07-27 18:05:00,231.78,232.0,231.78,231.969,0
2026-07-27 18:06:00,231.8,231.85,231.7018,231.7018,0
2026-07-27 18:07:00,231.76,231.85,231.69,231.85,0
2026-07-27 18:08:00,231.71,231.85,231.6445,231.72,0
2026-07-27 18:09:00,231.7,231.74,231.6994,231.72,0
2026-07-27 18:10:00,231.72,231.82,231.7,231.82,0
2026-07-27 18:11:00,231.65,231.65,231.56,231.6263,0
2026-07-27 18:12:00,231.61,231.61,231.56,231.575,0
2026-07-27 18:13:00,231.65,231.65,231.5318,231.59,0
2026-07-27 18:14:00,231.53,231.569,231.5001,231.5001,0
2026-07-27 18:15:00,231.57,231.59,231.45,231.53,0
2026-07-27 18:16:00,231.479,231.59,231.45,231.59,0
2026-07-27 18:17:00,231.45,231.59,231.45,231.59,0
2026-07-27 18:18:00,231.53,231.59,231.3892,231.504,0
2026-07-27 18:19:00,231.46,231.58,231.46,231.5,0
2026-07-27 18:20:00,231.5,231.5,231.39,231.45,0
2026-07-27 18:21:00,231.49,231.5,231.45,231.5,0
2026-07-27 18:22:00,231.4,231.5,231.4,231.5,0
2026-07-27 18:23:00,231.45,231.5,231.45,231.4838,0
2026-07-27 18:24:00,231.5,231.5,231.3635,231.45,0
2026-07-27 18:25:00,231.5,231.5,231.36,231.36,0
2026-07-27 18:26:00,231.44,231.5,231.3817,231.5,0
2026-07-27 18:27:00,231.36,231.5,231.36,231.45,0
2026-07-27 18:28:00,231.41,231.5,231.4,231.45,0
2026-07-27 18:29:00,231.5,231.5,231.37,231.4783,0
2026-07-27 18:30:00,231.41,231.41,231.36,231.39,0
2026-07-27 18:31:00,231.38,231.39,231.31,231.39,0
2026-07-27 18:32:00,231.3887,231.39,231.38,231.39,0
2026-07-27 18:33:00,231.39,231.39,231.35,231.389,0
2026-07-27 18:34:00,231.39,231.39,231.3776,231.39,0
2026-07-27 18:35:00,231.39,231.39,231.3386,231.39,0
2026-07-27 18:36:00,231.37,231.39,231.37,231.39,0
2026-07-27 18:37:00,231.39,231.39,231.3412,231.39,0
2026-07-27 18:38:00,231.39,231.39,231.3412,231.39,0
2026-07-27 18:39:00,231.39,231.39,231.31,231.39,0
2026-07-27 18:40:00,231.39,231.39,231.35,231.36,0
2026-07-27 18:41:00,231.35,231.39,231.3,231.3,0
2026-07-27 18:42:00,231.37,231.39,231.3,231.39,0
2026-07-27 18:43:00,231.37,231.39,231.31,231.37,0
2026-07-27 18:44:00,231.312,231.39,231.3,231.38,0
2026-07-27 18:45:00,231.39,231.39,231.3,231.3691,0
2026-07-27 18:46:00,231.3698,231.3698,231.3,231.35,0
2026-07-27 18:47:00,231.35,231.39,231.3139,231.39,0
2026-07-27 18:48:00,231.3352,231.39,231.3352,231.3877,0
2026-07-27 18:49:00,231.39,231.39,231.3,231.37,0
2026-07-27 18:50:00,231.37,231.39,231.37,231.39,0
2026-07-27 18:51:00,231.37,231.39,231.31,231.312,0
2026-07-27 18:52:00,231.39,231.39,231.37,231.37,0
2026-07-27 18:53:00,231.39,231.39,231.3462,231.3892,0
2026-07-27 18:54:00,231.3,231.39,231.3,231.38,0
2026-07-27 18:55:00,231.3,231.39,231.3,231.39,0
2026-07-27 18:56:00,231.3139,231.39,231.3139,231.39,0
2026-07-27 18:57:00,231.38,231.3897,231.3045,231.35,0
2026-07-27 18:58:00,231.3,231.39,231.3,231.378,0
2026-07-27 18:59:00,231.37,231.39,231.3,231.3888,0
2026-07-27 19:00:00,231.3877,231.39,231.3002,231.35,0
2026-07-27 19:01:00,231.3154,231.3284,231.26,231.29,0
2026-07-27 19:02:00,231.26,231.3,231.2,231.21,0
2026-07-27 19:03:00,231.2481,231.25,231.17,231.19,0
2026-07-27 19:04:00,231.2,231.24,231.16,231.2399,0
2026-07-27 19:05:00,231.24,231.39,231.2167,231.38,0
2026-07-27 19:06:00,231.3888,231.39,231.37,231.39,0
2026-07-27 19:07:00,231.39,231.39,231.3895,231.39,0
2026-07-27 19:08:00,231.3899,231.39,231.2686,231.2743,0
2026-07-27 19:09:00,231.25,231.37,231.25,231.37,0
2026-07-27 19:10:00,231.27,231.37,231.26,231.27,0
2026-07-27 19:11:00,231.27,231.37,231.27,231.37,0
2026-07-27 19:12:00,231.28,231.37,231.26,231.26,0
2026-07-27 19:13:00,231.3088,231.3299,231.26,231.3119,0
2026-07-27 19:14:00,231.2708,231.33,231.2708,231.28,0
2026-07-27 19:15:00,231.28,231.28,231.25,231.25,0
2026-07-27 19:16:00,231.25,231.28,231.25,231.25,0
2026-07-27 19:17:00,231.25,231.28,231.25,231.28,0
2026-07-27 19:18:00,231.28,231.28,231.25,231.28,0
2026-07-27 19:19:00,231.25,231.28,231.25,231.26,0
2026-07-27 19:20:00,231.2501,231.28,231.2501,231.2799,0
2026-07-27 19:21:00,231.27,231.28,231.2501,231.2792,0
2026-07-27 19:22:00,231.28,231.28,231.25,231.2792,0
2026-07-27 19:23:00,231.26,231.2788,231.26,231.2788,0
2026-07-27 19:24:00,231.26,231.488,231.26,231.39,0
2026-07-27 19:25:00,231.588,231.65,231.2975,231.34,0
2026-07-27 19:26:00,231.45,231.47,231.25,231.289,0
2026-07-27 19:27:00,231.3707,231.42,231.25,231.35,0
2026-07-27 19:28:00,231.42,231.65,231.35,231.35,0
2026-07-27 19:29:00,231.32,231.39,231.2,231.39,0
2026-07-27 19:30:00,231.2782,231.65,231.2399,231.65,0
2026-07-27 19:31:00,231.65,231.65,231.3,231.35,0
2026-07-27 19:32:00,231.291,231.3,231.21,231.21,0
2026-07-27 19:33:00,231.3,231.45,231.21,231.45,0
2026-07-27 19:34:00,231.3,231.4,231.26,231.4,0
2026-07-27 19:35:00,231.2966,231.65,231.2966,231.45,0
2026-07-27 19:36:00,231.45,231.45,231.25,231.39,0
2026-07-27 19:37:00,231.3865,231.39,231.36,231.36,0
2026-07-27 19:38:00,231.36,231.39,231.35,231.3643,0
2026-07-27 19:39:00,231.36,231.39,231.3,231.3,0
2026-07-27 19:40:00,231.3727,231.39,231.3,231.33,0
2026-07-27 19:41:00,231.33,231.39,231.33,231.39,0
2026-07-27 19:42:00,231.35,231.3797,231.35,231.36,0
2026-07-27 19:43:00,231.3854,231.39,231.32,231.3201,0
2026-07-27 19:44:00,231.3207,231.35,231.32,231.3207,0
2026-07-27 19:45:00,231.32,231.39,231.3,231.39,0
2026-07-27 19:46:00,231.35,231.39,231.3,231.31,0
2026-07-27 19:47:00,231.302,231.39,231.3,231.39,0
2026-07-27 19:48:00,231.39,231.39,231.3,231.35,0
2026-07-27 19:49:00,231.39,231.39,231.31,231.312,0
2026-07-27 19:50:00,231.34,231.3897,231.32,231.3882,0
2026-07-27 19:51:00,231.36,231.65,231.32,231.59,0
2026-07-27 19:52:00,231.3716,231.65,231.3716,231.51,0
2026-07-27 19:53:00,231.5456,231.5456,231.45,231.52,0
2026-07-27 19:54:00,231.49,231.52,231.45,231.4902,0
2026-07-27 19:55:00,231.59,231.59,231.5525,231.5525,0
2026-07-27 19:56:00,231.4,231.59,231.4,231.5852,0
2026-07-27 19:57:00,231.59,231.59,231.4,231.5,0
2026-07-27 19:58:00,231.59,231.59,231.46,231.5899,0
2026-07-27 19:59:00,231.5867,231.59,231.5027,231.5399,0
2026-07-28 04:00:00,231.6142,232.6788,230.5702,231.58,0
2026-07-28 04:01:00,231.83,232.15,230.61,231.6,0
2026-07-28 04:02:00,231.63,232.12,231.623,231.82,0
2026-07-28 04:03:00,231.7879,232.11,231.7879,232.0988,0
2026-07-28 04:04:00,231.82,232.07,231.7012,231.7012,0
2026-07-28 04:05:00,231.9,231.99,231.86,231.99,0
2026-07-28 04:06:00,231.98,232.3388,231.98,232.01,0
2026-07-28 04:07:00,231.87,232.02,230.71,231.98,0
2026-07-28 04:08:00,231.98,232.2897,231.89,232.02,0
2026-07-28 04:09:00,232.0,232.0,231.91,231.91,0
2026-07-28 04:10:00,231.93,232.0488,231.6,231.77,0
2026-07-28 04:11:00,231.69,231.8688,231.4619,231.57,0
2026-07-28 04:12:00,231.74,231.85,231.47,231.57,0
2026-07-28 04:13:00,231.64,231.82,231.4912,231.4912,0
2026-07-28 04:14:00,231.81,231.81,231.5,231.5,0
2026-07-28 04:15:00,231.79,231.87,231.4103,231.51,0
2026-07-28 04:16:00,231.87,232.0,231.554,231.554,0
2026-07-28 04:17:00,231.88,231.97,231.6,231.6,0
2026-07-28 04:18:00,231.87,231.95,231.85,231.95,0
2026-07-28 04:19:00,231.86,232.0,231.75,231.75,0
2026-07-28 04:20:00,231.9811,231.9811,231.9,231.98,0
2026-07-28 04:21:00,231.9,232.01,231.9,232.0099,0
2026-07-28 04:22:00,231.91,231.99,231.91,231.98,0
2026-07-28 04:23:00,231.98,232.01,231.96,232.01,0
2026-07-28 04:24:00,232.01,232.3488,232.01,232.19,0
2026-07-28 04:25:00,232.19,232.19,232.02,232.02,0
2026-07-28 04:27:00,232.0,232.0,232.0,232.0,0
2026-07-28 04:28:00,232.24,232.26,232.2,232.26,0
2026-07-28 04:29:00,232.24,232.278,232.19,232.278,0
2026-07-28 04:30:00,232.09,232.09,232.07,232.07,0
2026-07-28 04:31:00,232.09,232.38,232.04,232.38,0
2026-07-28 04:32:00,232.38,232.39,232.38,232.39,0
2026-07-28 04:33:00,232.2729,232.2729,231.82,232.25,0
2026-07-28 04:34:00,232.3888,232.3888,231.9112,231.9112,0
2026-07-28 04:35:00,232.0,232.39,232.0,232.1,0
2026-07-28 04:36:00,232.3888,232.3888,232.18,232.18,0
2026-07-28 04:37:00,232.24,232.3888,232.24,232.3888,0
2026-07-28 04:38:00,232.1,232.1,230.73,231.5131,0
2026-07-28 04:39:00,231.29,231.7947,231.2412,231.2412,0
2026-07-28 04:40:00,231.49,231.796,231.2792,231.78,0
2026-07-28 04:41:00,231.75,232.29,231.75,231.9,0
2026-07-28 04:42:00,231.9,231.95,231.9,231.94,0
2026-07-28 04:43:00,232.0,232.0,231.8,231.81,0
2026-07-28 04:44:00,232.0,232.0,231.94,231.94,0
2026-07-28 04:45:00,232.2188,232.2188,231.9,231.9,0
2026-07-28 04:46:00,232.1888,232.1888,231.8012,231.8012,0
2026-07-28 04:47:00,231.94,232.15,231.94,232.05,0
2026-07-28 04:48:00,232.12,232.12,232.1,232.12,0
2026-07-28 04:49:00,232.12,232.12,232.0988,232.1,0
2026-07-28 04:50:00,231.85,232.1,231.85,232.01,0
2026-07-28 04:53:00,232.01,232.03,231.91,231.91,0
2026-07-28 04:54:00,231.95,231.99,231.93,231.99,0
2026-07-28 04:55:00,231.95,232.2,231.93,231.93,0
2026-07-28 04:56:00,231.91,231.91,231.91,231.91,0
2026-07-28 04:57:00,232.1688,232.1688,231.86,231.86,0
2026-07-28 04:58:00,231.81,231.81,231.75,231.75,0
2026-07-28 04:59:00,231.9,231.98,231.6,231.95,0
2026-07-28 05:00:00,231.71,231.9355,231.7,231.9355,0
2026-07-28 05:01:00,231.8,231.94,231.8,231.88,0
2026-07-28 05:02:00,231.8823,231.8823,231.8823,231.8823,0
2026-07-28 05:03:00,231.88,231.9,231.8,231.89,0
2026-07-28 05:04:00,231.63,231.79,231.57,231.57,0
2026-07-28 05:05:00,231.63,231.86,231.58,231.85,0
2026-07-28 05:06:00,231.84,231.85,231.83,231.83,0
2026-07-28 05:07:00,231.9,232.0,231.9,232.0,0
2026-07-28 05:08:00,232.01,232.1535,231.923,231.93,0
2026-07-28 05:09:00,232.14,232.14,231.85,231.85,0
2026-07-28 05:10:00,231.9,232.08,231.8167,231.8167,0
2026-07-28 05:11:00,231.93,231.93,231.93,231.93,0
2026-07-28 05:12:00,231.87,231.95,231.752,231.95,0
2026-07-28 05:13:00,231.95,231.95,231.85,231.85,0
2026-07-28 05:14:00,231.8083,231.87,231.8083,231.87,0
2026-07-28 05:15:00,231.97,232.01,231.97,232.01,0
2026-07-28 05:17:00,231.98,231.98,231.98,231.98,0
2026-07-28 05:18:00,231.99,231.99,231.8888,231.8888,0
2026-07-28 05:19:00,231.9682,231.9682,231.8,231.95,0
2026-07-28 05:20:00,231.95,232.0945,231.8812,232.079,0
2026-07-28 05:21:00,232.08,232.08,232.0,232.08,0
2026-07-28 05:22:00,232.03,232.04,231.9407,232.035,0
2026-07-28 05:23:00,231.9921,232.03,231.9921,232.02,0
2026-07-28 05:24:00,232.01,232.03,232.01,232.03,0
2026-07-28 05:25:00,232.02,232.03,232.0184,232.0184,0
2026-07-28 05:26:00,232.02,232.02,232.02,232.02,0
2026-07-28 05:27:00,232.0588,232.17,231.9937,232.17,0
2026-07-28 05:28:00,232.02,232.1957,232.02,232.11,0
2026-07-28 05:29:00,232.13,232.18,232.11,232.16,0
2026-07-28 05:30:00,232.13,232.13,231.95,231.95,0
2026-07-28 05:31:00,232.04,232.04,231.95,231.95,0
2026-07-28 05:32:00,232.01,232.0915,232.0,232.01,0
2026-07-28 05:33:00,232.02,232.02,231.99,231.99,0
2026-07-28 05:34:00,231.98,232.08,231.98,232.08,0
2026-07-28 05:35:00,232.01,232.01,231.9,231.9,0
2026-07-28 05:36:00,231.89,231.89,231.8027,231.8027,0
2026-07-28 05:37:00,231.85,231.8774,231.8,231.86,0
2026-07-28 05:38:00,231.88,231.88,231.86,231.86,0
2026-07-28 05:39:00,231.86,231.98,231.8,231.8209,0
2026-07-28 05:40:00,231.98,232.1988,231.8209,232.08,0
2026-07-28 05:41:00,232.09,232.09,231.95,231.97,0
2026-07-28 05:42:00,231.97,232.02,231.8,231.99,0
2026-07-28 05:43:00,231.99,232.03,231.99,232.03,0
2026-07-28 05:44:00,231.9,231.9,231.81,231.87,0
2026-07-28 05:45:00,232.03,232.03,231.8,231.8,0
2026-07-28 05:46:00,231.8,232.018,231.8,231.89,0
2026-07-28 05:47:00,231.85,231.85,231.8,231.8,0
2026-07-28 05:48:00,232.0,232.0,232.0,232.0,0
2026-07-28 05:49:00,231.97,231.97,231.97,231.97,0
2026-07-28 05:50:00,232.0,232.0,231.6793,231.6793,0
2026-07-28 05:51:00,231.82,231.99,231.82,231.99,0
2026-07-28 05:52:00,231.9,232.03,231.83,232.03,0
2026-07-28 05:53:00,232.0,232.0,231.85,231.85,0
2026-07-28 05:54:00,232.0,232.1,231.87,232.1,0
2026-07-28 05:55:00,231.85,231.92,231.85,231.87,0
2026-07-28 05:56:00,231.85,232.0,231.8,231.8,0
2026-07-28 05:57:00,231.72,231.8,231.6,231.64,0
2026-07-28 05:58:00,231.7988,231.7988,231.57,231.6,0
2026-07-28 05:59:00,231.65,231.65,231.61,231.61,0
2026-07-28 06:00:00,231.6082,232.1,231.6082,232.1,0
2026-07-28 06:01:00,231.8,231.8,231.67,231.67,0
2026-07-28 06:02:00,231.68,231.68,231.61,231.61,0
2026-07-28 06:03:00,231.63,231.65,231.63,231.65,0
2026-07-28 06:04:00,231.8,231.8715,231.8,231.87,0
2026-07-28 06:05:00,231.68,231.75,231.54,231.54,0
2026-07-28 06:06:00,231.5577,231.75,231.5577,231.67,0
2026-07-28 06:07:00,231.63,231.75,231.59,231.75,0
2026-07-28 06:08:00,231.62,231.62,231.5412,231.5412,0
2026-07-28 06:09:00,231.68,231.68,231.51,231.51,0
2026-07-28 06:10:00,231.52,231.52,231.2,231.44,0
2026-07-28 06:11:00,231.55,231.55,231.4025,231.5,0
2026-07-28 06:12:00,231.5,231.5,231.4,231.42,0
2026-07-28 06:13:00,231.42,231.42,231.4022,231.4022,0
2026-07-28 06:14:00,231.42,231.42,231.31,231.4,0
2026-07-28 06:15:00,231.3896,231.4988,231.34,231.34,0
2026-07-28 06:16:00,231.4,231.55,231.4,231.5,0
2026-07-28 06:17:00,231.5,231.5973,231.46,231.46,0
2026-07-28 06:18:00,231.53,231.58,231.2,231.49,0
2026-07-28 06:20:00,231.5,231.5,231.47,231.47,0
2026-07-28 06:21:00,231.4,231.5,231.21,231.5,0
2026-07-28 06:22:00,231.26,231.26,231.21,231.26,0
2026-07-28 06:23:00,231.26,231.26,231.26,231.26,0
2026-07-28 06:24:00,231.28,231.28,231.26,231.26,0
2026-07-28 06:27:00,231.32,231.32,231.2,231.31,0
2026-07-28 06:28:00,231.38,231.38,231.2,231.2687,0
2026-07-28 06:29:00,231.2,231.5,231.2,231.5,0
2026-07-28 06:30:00,231.5,231.5,231.35,231.4988,0
2026-07-28 06:31:00,231.5,231.5,231.49,231.5,0
2026-07-28 06:32:00,231.21,231.45,231.21,231.45,0
2026-07-28 06:33:00,231.38,231.42,231.2062,231.4,0
2026-07-28 06:34:00,231.39,231.4,231.38,231.38,0
2026-07-28 06:36:00,231.22,231.98,231.22,231.6,0
2026-07-28 06:37:00,231.47,231.47,231.47,231.47,0
2026-07-28 06:38:00,231.4925,231.5,231.33,231.33,0
2026-07-28 06:40:00,231.34,231.47,231.2,231.3,0
2026-07-28 06:41:00,231.3,231.4988,231.25,231.4988,0
2026-07-28 06:42:00,231.45,231.5,231.25,231.487,0
2026-07-28 06:43:00,231.48,231.48,231.48,231.48,0
2026-07-28 06:44:00,231.47,231.5,231.27,231.5,0
2026-07-28 06:45:00,231.5,231.5,231.27,231.27,0
2026-07-28 06:46:00,231.49,231.6,231.49,231.6,0
2026-07-28 06:47:00,231.4942,231.4942,231.488,231.488,0
2026-07-28 06:48:00,231.4942,231.75,231.48,231.5,0
2026-07-28 06:49:00,231.5,231.5,231.5,231.5,0
2026-07-28 06:50:00,231.5,231.5,231.4884,231.4884,0
2026-07-28 06:51:00,231.5,231.5,231.5,231.5,0
2026-07-28 06:52:00,231.45,231.5,231.45,231.5,0
2026-07-28 06:53:00,231.4871,231.5,231.4871,231.5,0
2026-07-28 06:54:00,231.58,231.9624,231.58,231.9624,0
2026-07-28 06:55:00,231.65,231.65,231.65,231.65,0
2026-07-28 06:56:00,231.55,231.7,231.4612,231.4612,0
2026-07-28 06:57:00,231.65,231.65,231.52,231.6,0
2026-07-28 06:58:00,231.7,231.73,231.61,231.61,0
2026-07-28 06:59:00,231.52,231.77,231.51,231.77,0
2026-07-28 07:00:00,231.85,232.19,231.56,231.9993,0
2026-07-28 07:01:00,231.84,231.9883,231.84,231.92,0
2026-07-28 07:02:00,232.2,232.3,231.99,232.3,0
2026-07-28 07:03:00,232.34,232.5,232.14,232.3437,0
2026-07-28 07:04:00,232.34,232.51,232.14,232.5,0
2026-07-28 07:05:00,232.4,232.62,232.35,232.59,0
2026-07-28 07:06:00,232.62,232.75,232.3235,232.75,0
2026-07-28 07:07:00,232.55,232.71,232.5,232.7,0
2026-07-28 07:08:00,232.63,232.71,232.5,232.7,0
2026-07-28 07:09:00,232.55,232.6999,232.5,232.6,0
2026-07-28 07:10:00,232.58,232.67,232.5,232.66,0
2026-07-28 07:11:00,232.66,232.71,232.5001,232.5001,0
2026-07-28 07:12:00,232.71,233.0,232.5,232.8,0
2026-07-28 07:13:00,232.85,232.9988,232.6,232.98,0
2026-07-28 07:14:00,232.8002,232.98,232.7518,232.7518,0
2026-07-28 07:15:00,232.95,233.2,232.91,233.1973,0
2026-07-28 07:16:00,233.0,233.25,233.0,233.0001,0
2026-07-28 07:17:00,233.25,233.25,232.95,233.24,0
2026-07-28 07:18:00,233.2,233.33,232.95,232.95,0
2026-07-28 07:19:00,233.2499,233.25,232.95,233.24,0
2026-07-28 07:20:00,233.2181,233.25,233.0,233.25,0
2026-07-28 07:21:00,233.25,233.25,232.95,232.95,0
2026-07-28 07:22:00,233.0,233.22,232.79,232.89,0
2026-07-28 07:23:00,233.09,233.2188,232.85,233.2092,0
2026-07-28 07:24:00,233.1782,233.1782,233.0,233.0,0
2026-07-28 07:25:00,233.0485,233.0485,233.0,233.03,0
2026-07-28 07:26:00,233.0481,233.22,232.95,233.09,0
2026-07-28 07:27:00,233.1,233.2,233.0,233.0125,0
2026-07-28 07:28:00,233.0,233.2,233.0,233.0112,0
2026-07-28 07:29:00,233.01,233.19,233.0,233.19,0
2026-07-28 07:30:00,233.184,233.19,232.5,232.95,0
2026-07-28 07:31:00,232.95,233.19,232.5,232.93,0
2026-07-28 07:32:00,232.85,232.98,232.85,232.85,0
2026-07-28 07:33:00,232.8511,233.0,232.85,232.85,0
2026-07-28 07:34:00,232.8505,233.14,232.85,233.1,0
2026-07-28 07:35:00,233.1282,233.1304,232.85,233.0,0
2026-07-28 07:36:00,233.1,233.25,232.8641,233.24,0
2026-07-28 07:37:00,233.24,233.24,233.06,233.2005,0
2026-07-28 07:38:00,233.0,233.06,232.87,233.0148,0
2026-07-28 07:39:00,233.0,233.19,233.0,233.0,0
2026-07-28 07:40:00,233.0,233.1,232.5,232.98,0
2026-07-28 07:41:00,232.85,232.87,232.5,232.75,0
2026-07-28 07:42:00,232.9,232.99,232.65,232.99,0
2026-07-28 07:43:00,232.99,232.99,232.65,232.65,0
2026-07-28 07:44:00,232.82,232.95,232.65,232.95,0
2026-07-28 07:45:00,232.95,232.95,232.65,232.9,0
2026-07-28 07:46:00,232.65,232.9,232.65,232.89,0
2026-07-28 07:47:00,232.89,233.2,232.89,233.2,0
2026-07-28 07:48:00,232.99,233.33,232.99,233.11,0
2026-07-28 07:49:00,233.11,233.39,233.11,233.1623,0
2026-07-28 07:50:00,233.25,233.39,233.1101,233.39,0
2026-07-28 07:51:00,233.11,233.39,233.11,233.38,0
2026-07-28 07:52:00,233.25,233.38,233.0,233.3788,0
2026-07-28 07:53:00,233.022,233.38,233.0,233.0024,0
2026-07-28 07:54:00,233.03,233.3199,233.0,233.03,0
2026-07-28 07:55:00,233.2,233.32,233.0,233.32,0
2026-07-28 07:56:00,233.32,233.32,233.0,233.27,0
2026-07-28 07:57:00,233.3,233.39,233.0604,233.3,0
2026-07-28 07:58:00,233.19,233.49,233.0,233.48,0
2026-07-28 07:59:00,233.48,233.49,233.22,233.24,0
2026-07-28 08:00:00,233.15,233.5,233.1,233.39,0
2026-07-28 08:01:00,233.4,233.5,233.24,233.4,0
2026-07-28 08:02:00,233.3,233.65,233.3,233.5,0
2026-07-28 08:03:00,233.65,233.65,233.5,233.65,0
2026-07-28 08:04:00,233.63,233.7447,233.5,233.5,0
2026-07-28 08:05:00,233.6,233.76,233.6,233.7421,0
2026-07-28 08:06:00,233.76,233.83,233.2,233.61,0
2026-07-28 08:07:00,233.62,233.74,233.39,233.39,0
2026-07-28 08:08:00,233.43,233.79,233.3944,233.4301,0
2026-07-28 08:09:00,233.4467,233.75,233.43,233.4317,0
2026-07-28 08:10:00,233.43,233.5705,233.43,233.43,0
2026-07-28 08:11:00,233.69,233.69,233.05,233.32,0
2026-07-28 08:12:00,233.69,233.69,233.02,233.45,0
2026-07-28 08:13:00,233.5,233.62,233.4594,233.59,0
2026-07-28 08:14:00,233.62,233.62,233.43,233.43,0
2026-07-28 08:15:00,233.6,233.7,233.6,233.6999,0
2026-07-28 08:16:00,233.7,233.7,233.5904,233.6972,0
2026-07-28 08:17:00,233.65,233.7,233.58,233.64,0
2026-07-28 08:18:00,233.7,233.7,233.43,233.61,0
2026-07-28 08:19:00,233.5821,233.61,233.4583,233.57,0
2026-07-28 08:20:00,233.6,233.7,233.45,233.5,0
2026-07-28 08:21:00,233.56,233.7,233.45,233.7,0
2026-07-28 08:22:00,233.6,233.8,233.5307,233.5307,0
2026-07-28 08:23:00,233.73,233.93,233.45,233.835,0
2026-07-28 08:24:00,233.89,234.19,233.78,234.1,0
2026-07-28 08:25:00,234.0184,234.23,233.79,234.17,0
2026-07-28 08:26:00,234.0,234.18,233.78,233.98,0
2026-07-28 08:27:00,233.99,233.99,233.78,233.99,0
2026-07-28 08:28:00,233.7941,233.85,233.76,233.76,0
2026-07-28 08:29:00,233.8345,233.85,233.7525,233.85,0
2026-07-28 08:30:00,233.9,233.99,233.75,233.95,0
2026-07-28 08:31:00,233.93,233.9885,233.75,233.984,0
2026-07-28 08:32:00,233.93,233.99,233.7872,233.8501,0
2026-07-28 08:33:00,233.86,234.04,233.75,234.01,0
2026-07-28 08:34:00,234.23,234.23,233.75,234.0,0
2026-07-28 08:35:00,234.0,234.0,233.75,233.86,0
2026-07-28 08:36:00,233.9,233.9528,233.75,233.87,0
2026-07-28 08:37:00,233.87,233.93,233.5,233.6,0
2026-07-28 08:38:00,233.66,233.7028,233.45,233.47,0
2026-07-28 08:39:00,233.51,233.92,233.0,233.062,0
2026-07-28 08:40:00,233.3999,233.4,233.2,233.2,0
2026-07-28 08:41:00,233.2012,233.39,232.97,233.1,0
2026-07-28 08:42:00,233.0,233.44,232.95,232.95,0
2026-07-28 08:43:00,232.9995,233.03,232.97,232.9954,0
2026-07-28 08:44:00,233.0,233.44,232.98,233.0015,0
2026-07-28 08:45:00,233.3718,233.44,230.812,233.4106,0
2026-07-28 08:46:00,233.37,233.91,233.3,233.44,0
2026-07-28 08:47:00,233.5688,233.5688,232.95,233.03,0
2026-07-28 08:48:00,233.03,233.25,233.03,233.0641,0
2026-07-28 08:49:00,233.21,233.24,233.03,233.19,0
2026-07-28 08:50:00,233.0527,233.25,233.0414,233.2,0
2026-07-28 08:51:00,233.0367,233.2,233.03,233.03,0
2026-07-28 08:52:00,233.19,233.19,233.0342,233.12,0
2026-07-28 08:53:00,233.1,233.14,233.03,233.1,0
2026-07-28 08:54:00,233.1,233.25,233.05,233.2499,0
2026-07-28 08:55:00,233.11,233.25,233.1016,233.17,0
2026-07-28 08:56:00,233.2314,233.25,233.1,233.2252,0
2026-07-28 08:57:00,233.2,233.25,233.09,233.25,0
2026-07-28 08:58:00,233.14,233.25,233.09,233.0901,0
2026-07-28 08:59:00,233.14,233.24,233.14,233.2,0
2026-07-28 09:00:00,233.23,233.33,233.0,233.237,0
2026-07-28 09:01:00,233.16,233.25,233.0,233.101,0
2026-07-28 09:02:00,233.2489,233.29,233.14,233.19,0
2026-07-28 09:03:00,233.1572,233.17,232.95,233.12,0
2026-07-28 09:04:00,233.14,233.14,232.95,232.9972,0
2026-07-28 09:05:00,233.0,233.0,232.65,232.65,0
2026-07-28 09:06:00,232.9673,233.0,232.9,233.0,0
2026-07-28 09:07:00,232.984,233.0,232.92,232.92,0
2026-07-28 09:08:00,232.89,233.0,232.65,232.87,0
2026-07-28 09:09:00,232.87,232.97,232.65,232.95,0
2026-07-28 09:10:00,232.91,233.01,232.79,233.01,0
2026-07-28 09:11:00,233.01,233.01,232.7,232.86,0
2026-07-28 09:12:00,232.7,233.0,232.7,232.76,0
2026-07-28 09:13:00,232.9,232.9,232.7,232.89,0
2026-07-28 09:14:00,232.8852,232.89,232.7,232.7,0
2026-07-28 09:15:00,232.81,232.89,232.2,232.47,0
2026-07-28 09:16:00,232.47,232.5,232.25,232.35,0
2026-07-28 09:17:00,232.372,232.95,232.372,232.72,0
2026-07-28 09:18:00,232.78,233.0,232.6,232.78,0
2026-07-28 09:19:00,233.0,233.0,232.55,232.8788,0
2026-07-28 09:20:00,232.66,232.88,232.2,232.21,0
2026-07-28 09:21:00,232.6438,232.6438,232.18,232.4553,0
2026-07-28 09:22:00,232.5,232.5,232.02,232.05,0
2026-07-28 09:23:00,232.29,232.41,232.1,232.12,0
2026-07-28 09:24:00,232.35,232.384,232.15,232.38,0
2026-07-28 09:25:00,232.39,232.93,232.03,232.34,0
2026-07-28 09:26:00,232.61,232.67,232.25,232.38,0
2026-07-28 09:27:00,232.3415,232.92,232.21,232.74,0
2026-07-28 09:28:00,232.95,233.86,232.95,233.63,0
2026-07-28 09:29:00,233.65,233.89,232.8,232.81,0
2026-07-28 09:30:00,232.85,233.02,231.15,231.97,1455865
2026-07-28 09:31:00,231.84,232.02,231.25,231.25,494957
2026-07-28 09:32:00,231.26,231.54,230.54,230.805,285757
2026-07-28 09:33:00,230.75,230.8988,230.36,230.78,213726
2026-07-28 09:34:00,230.765,230.92,230.495,230.845,184363
2026-07-28 09:35:00,230.86,231.6399,230.8,231.57,221981
2026-07-28 09:36:00,231.57,231.8,231.175,231.42,205214
2026-07-28 09:37:00,231.41,231.49,231.21,231.305,126521
2026-07-28 09:38:00,231.3,231.32,230.75,231.11,216560
2026-07-28 09:39:00,231.11,231.15,230.635,230.8,107210
2026-07-28 09:40:00,230.8,230.855,230.4,230.5,167152
2026-07-28 09:41:00,230.51,230.6399,229.9,229.97,286276
2026-07-28 09:42:00,229.96,230.09,229.69,229.913,227879
2026-07-28 09:43:00,229.91,229.98,229.66,229.84,149132
2026-07-28 09:44:00,229.89,230.3,229.87,230.15,133731
2026-07-28 09:45:00,230.17,230.26,229.92,229.96,103927
2026-07-28 09:46:00,230.015,230.08,229.82,229.82,95999
2026-07-28 09:47:00,229.82,229.94,229.36,229.395,124093
2026-07-28 09:48:00,229.38,230.11,229.38,229.9454,189680
2026-07-28 09:49:00,229.97,230.0099,229.6,229.72,93571
2026-07-28 09:50:00,229.73,230.01,229.65,229.78,135304
2026-07-28 09:51:00,229.81,230.06,229.8,229.94,110578
2026-07-28 09:52:00,229.9499,230.05,229.79,229.81,138828
2026-07-28 09:53:00,229.8165,230.13,229.66,230.01,171093
2026-07-28 09:54:00,229.99,230.4,229.88,229.91,245743
2026-07-28 09:55:00,229.92,229.99,229.33,229.38,122463
2026-07-28 09:56:00,229.44,229.75,229.385,229.57,84976
2026-07-28 09:57:00,229.574,229.83,229.47,229.73,59904
2026-07-28 09:58:00,229.725,229.7599,229.3,229.38,77918
2026-07-28 09:59:00,229.37,229.635,229.3,229.37,151463
2026-07-28 10:00:00,229.44,229.81,229.39,229.78,111082
2026-07-28 10:01:00,229.78,229.85,229.51,229.655,81155
2026-07-28 10:02:00,229.66,230.0,229.66,229.865,89164
2026-07-28 10:03:00,229.875,229.89,229.67,229.71,83923
2026-07-28 10:04:00,229.695,229.7405,229.35,229.37,92190
2026-07-28 10:05:00,229.38,229.65,229.27,229.5501,89967
2026-07-28 10:06:00,229.55,229.56,229.27,229.53,124369
2026-07-28 10:07:00,229.53,229.66,229.47,229.53,58845
2026-07-28 10:08:00,229.525,229.8699,229.4,229.84,113439
2026-07-28 10:09:00,229.835,229.9374,229.8,229.8,58645
2026-07-28 10:10:00,229.7571,229.9689,229.624,229.8,94467
2026-07-28 10:11:00,229.805,229.85,229.6775,229.73,89261
2026-07-28 10:12:00,229.72,229.81,229.52,229.66,63906
2026-07-28 10:13:00,229.635,229.9,229.58,229.68,66202
2026-07-28 10:14:00,229.67,229.85,229.605,229.83,97474
2026-07-28 10:15:00,229.84,229.9799,229.77,229.91,90569
2026-07-28 10:16:00,229.91,229.91,229.61,229.71,82217
2026-07-28 10:17:00,229.75,230.07,229.74,230.045,117468
2026-07-28 10:18:00,230.01,230.43,229.95,230.35,129692
2026-07-28 10:19:00,230.35,230.53,230.18,230.21,96240
2026-07-28 10:20:00,230.26,230.4,230.026,230.0699,73591
2026-07-28 10:21:00,230.04,230.1,229.65,229.92,138606
2026-07-28 10:22:00,229.89,229.95,229.59,229.81,76438
2026-07-28 10:23:00,229.815,230.2,229.78,230.19,97016
2026-07-28 10:24:00,230.19,230.2299,229.815,229.915,70434
2026-07-28 10:25:00,229.92,230.04,229.81,229.88,46447
2026-07-28 10:26:00,229.89,230.0,229.8,229.88,45603
2026-07-28 10:27:00,229.91,229.96,229.8,229.815,50082
2026-07-28 10:28:00,229.815,229.87,229.575,229.62,132545
2026-07-28 10:29:00,229.59,229.72,229.5001,229.57,103780
2026-07-28 10:30:00,229.555,229.63,229.11,229.11,97307
2026-07-28 10:31:00,229.13,229.23,228.89,228.91,182999
2026-07-28 10:32:00,228.89,228.95,228.71,228.8536,99852
2026-07-28 10:33:00,228.8308,229.13,228.7437,229.11,120026
2026-07-28 10:34:00,229.12,229.23,228.8164,228.84,96895
2026-07-28 10:35:00,228.825,228.86,228.735,228.85,63465
2026-07-28 10:36:00,228.86,228.99,228.77,228.8733,81695
2026-07-28 10:37:00,228.8767,228.97,228.73,228.79,44896
2026-07-28 10:38:00,228.775,228.775,228.36,228.48,83975
2026-07-28 10:39:00,228.48,228.48,228.25,228.285,106075
2026-07-28 10:40:00,228.29,228.35,228.1,228.3394,99855
2026-07-28 10:41:00,228.325,228.4696,228.23,228.43,129144
2026-07-28 10:42:00,228.4499,228.715,228.38,228.71,95812
2026-07-28 10:43:00,228.715,228.83,228.6401,228.6401,71602
2026-07-28 10:44:00,228.67,228.74,228.47,228.495,84617
2026-07-28 10:45:00,228.49,228.73,228.49,228.61,89872
2026-07-28 10:46:00,228.6,228.94,228.59,228.9,82336
2026-07-28 10:47:00,228.89,228.95,228.78,228.8699,67485
2026-07-28 10:48:00,228.855,229.0454,228.855,229.025,62654
2026-07-28 10:49:00,229.0354,229.13,228.96,229.07,95203
2026-07-28 10:50:00,229.04,229.1399,228.93,228.96,106749
2026-07-28 10:51:00,228.96,229.01,228.8303,228.92,61933
2026-07-28 10:52:00,228.92,229.02,228.8,228.98,80353
2026-07-28 10:53:00,228.975,229.0,228.6705,228.68,80314
2026-07-28 10:54:00,228.68,228.81,228.58,228.755,89413
2026-07-28 10:55:00,228.76,228.87,228.6942,228.83,54663
2026-07-28 10:56:00,228.835,229.28,228.82,229.11,82938
2026-07-28 10:57:00,229.0901,229.13,229.035,229.04,62817
2026-07-28 10:58:00,229.035,229.3899,228.98,229.3,72467
2026-07-28 10:59:00,229.29,229.32,229.07,229.17,57305
2026-07-28 11:00:00,229.17,229.3237,229.08,229.285,53344
2026-07-28 11:01:00,229.32,229.4499,229.26,229.36,81395
2026-07-28 11:02:00,229.37,229.3999,229.21,229.235,57820
2026-07-28 11:03:00,229.235,229.25,229.03,229.175,98524
2026-07-28 11:04:00,229.17,229.21,228.83,228.83,124075
2026-07-28 11:05:00,228.835,229.11,228.7501,229.11,111359
2026-07-28 11:06:00,229.09,229.24,229.025,229.185,61688
2026-07-28 11:07:00,229.22,229.34,228.95,228.96,63055
2026-07-28 11:08:00,228.99,229.05,228.76,228.895,115624
2026-07-28 11:09:00,228.88,229.1055,228.745,229.1055,111723
2026-07-28 11:10:00,229.09,229.435,228.95,229.1,145481
2026-07-28 11:11:00,229.075,229.32,229.05,229.3,94735
2026-07-28 11:12:00,229.28,229.73,229.17,229.65,108591
2026-07-28 11:13:00,229.665,229.73,229.5,229.5701,64703
2026-07-28 11:14:00,229.62,229.78,229.56,229.76,114596
2026-07-28 11:15:00,229.755,229.92,229.7376,229.82,85229
2026-07-28 11:16:00,229.81,230.01,229.81,229.91,101497
2026-07-28 11:17:00,229.94,230.025,229.81,230.025,85950
2026-07-28 11:18:00,230.01,230.315,229.95,230.3,116194
2026-07-28 11:19:00,230.28,230.562,230.26,230.44,64628
2026-07-28 11:20:00,230.43,230.7299,230.375,230.64,73888
2026-07-28 11:21:00,230.63,230.68,230.3401,230.61,93073
2026-07-28 11:22:00,230.62,230.685,230.43,230.5,52605
2026-07-28 11:23:00,230.51,230.545,230.23,230.3,110340
2026-07-28 11:24:00,230.3,230.39,230.21,230.3,46431
2026-07-28 11:25:00,230.24,230.335,230.2001,230.305,56398
2026-07-28 11:26:00,230.3,230.54,230.3,230.52,75849
2026-07-28 11:27:00,230.505,230.54,230.305,230.305,39099
2026-07-28 11:28:00,230.29,230.37,230.23,230.3598,43378
2026-07-28 11:29:00,230.36,230.44,230.23,230.3,48108
2026-07-28 11:30:00,230.29,230.38,230.15,230.16,63030
2026-07-28 11:31:00,230.144,230.28,230.09,230.225,85305
2026-07-28 11:32:00,230.21,230.2299,229.97,229.99,65896
2026-07-28 11:33:00,229.99,230.355,229.94,230.33,93439
2026-07-28 11:34:00,230.34,230.37,230.19,230.265,72485
2026-07-28 11:35:00,230.28,230.53,230.26,230.5,81220
2026-07-28 11:36:00,230.51,230.63,230.485,230.53,73387
2026-07-28 11:37:00,230.51,230.74,230.51,230.73,102699
2026-07-28 11:38:00,230.71,230.729,230.63,230.6684,58589
2026-07-28 11:39:00,230.655,230.685,230.58,230.6291,32929
2026-07-28 11:40:00,230.61,230.6599,230.31,230.35,50583
2026-07-28 11:41:00,230.34,230.45,230.23,230.235,50848
2026-07-28 11:42:00,230.23,230.31,230.16,230.31,57261
2026-07-28 11:43:00,230.29,230.37,230.201,230.2606,59405
2026-07-28 11:44:00,230.2772,230.4,230.2772,230.38,43179
2026-07-28 11:45:00,230.38,230.41,230.265,230.33,46110
2026-07-28 11:46:00,230.33,230.41,230.28,230.375,52008
2026-07-28 11:47:00,230.36,230.43,230.33,230.37,42490
2026-07-28 11:48:00,230.36,230.4297,230.3,230.3786,50226
2026-07-28 11:49:00,230.38,230.62,230.37,230.62,70595
2026-07-28 11:50:00,230.625,230.68,230.54,230.565,59830
2026-07-28 11:51:00,230.59,231.13,230.59,231.07,134005
2026-07-28 11:52:00,231.0788,231.15,230.91,231.05,63289
2026-07-28 11:53:00,231.02,231.19,230.96,231.145,47352
2026-07-28 11:54:00,231.1299,231.29,231.07,231.1598,128063
2026-07-28 11:55:00,231.1528,231.25,231.0901,231.17,35479
2026-07-28 11:56:00,231.175,231.34,231.11,231.3,53964
2026-07-28 11:57:00,231.305,231.31,231.19,231.29,37619
2026-07-28 11:58:00,231.2301,231.2899,231.17,231.2503,44557
2026-07-28 11:59:00,231.265,231.3899,231.22,231.245,63502
2026-07-28 12:00:00,231.245,231.26,231.0603,231.21,61866
2026-07-28 12:01:00,231.21,231.32,231.08,231.095,87657
2026-07-28 12:02:00,231.1,231.13,230.92,230.985,132968
2026-07-28 12:03:00,230.98,231.37,230.97,231.27,86096
2026-07-28 12:04:00,231.26,231.31,231.22,231.2466,27412
2026-07-28 12:05:00,231.24,231.24,231.02,231.095,39113
2026-07-28 12:06:00,231.08,231.285,231.06,231.2783,40812
2026-07-28 12:07:00,231.27,231.331,231.2,231.24,52846
2026-07-28 12:08:00,231.24,231.33,231.24,231.3,34560
2026-07-28 12:09:00,231.31,231.31,231.2,231.305,46852
2026-07-28 12:10:00,231.32,231.345,231.21,231.21,38790
2026-07-28 12:11:00,231.19,231.25,231.155,231.23,36216
2026-07-28 12:12:00,231.27,231.3,231.06,231.1401,48895
2026-07-28 12:13:00,231.18,231.21,231.06,231.065,21607
2026-07-28 12:14:00,231.08,231.18,231.05,231.14,27040
2026-07-28 12:15:00,231.16,231.3238,231.1001,231.3,32355
2026-07-28 12:16:00,231.305,231.41,231.23,231.385,41756
2026-07-28 12:17:00,231.385,231.635,231.38,231.5999,71309
2026-07-28 12:18:00,231.58,231.6665,231.538,231.665,41462
2026-07-28 12:19:00,231.68,231.76,231.62,231.73,67645
2026-07-28 12:20:00,231.7399,231.79,231.62,231.74,57458
2026-07-28 12:21:00,231.72,231.8022,231.61,231.61,58714
2026-07-28 12:22:00,231.64,231.68,231.5591,231.5591,33547
2026-07-28 12:23:00,231.55,231.65,231.5105,231.61,55465
2026-07-28 12:24:00,231.595,231.645,231.53,231.5699,35505
2026-07-28 12:25:00,231.56,231.61,231.52,231.5822,52735
2026-07-28 12:26:00,231.59,231.62,231.505,231.5299,39046
2026-07-28 12:27:00,231.52,231.58,231.415,231.44,49260
2026-07-28 12:28:00,231.445,231.5,231.3562,231.39,43670
2026-07-28 12:29:00,231.375,231.39,231.27,231.28,27350
2026-07-28 12:30:00,231.2851,231.5138,231.25,231.4201,43448
2026-07-28 12:31:00,231.455,231.57,231.45,231.53,31433
2026-07-28 12:32:00,231.5203,231.65,231.51,231.59,24806
2026-07-28 12:33:00,231.61,231.61,231.4426,231.46,21167
2026-07-28 12:34:00,231.445,231.49,231.31,231.34,35569
2026-07-28 12:35:00,231.34,231.35,231.27,231.35,36039
2026-07-28 12:36:00,231.37,231.39,231.25,231.26,44951
2026-07-28 12:37:00,231.24,231.3,231.18,231.29,52295
2026-07-28 12:38:00,231.275,231.35,231.21,231.34,29910
2026-07-28 12:39:00,231.33,231.44,231.33,231.44,19883
2026-07-28 12:40:00,231.5,231.52,231.32,231.34,30633
2026-07-28 12:41:00,231.33,231.405,231.33,231.3701,27372
2026-07-28 12:42:00,231.41,231.43,231.2605,231.27,20921
2026-07-28 12:43:00,231.27,231.33,231.23,231.3151,40765
2026-07-28 12:44:00,231.31,231.4,231.18,231.19,53884
2026-07-28 12:45:00,231.18,231.22,231.08,231.21,57471
2026-07-28 12:46:00,231.23,231.4234,231.23,231.23,25844
2026-07-28 12:47:00,231.25,231.295,231.21,231.225,24608
2026-07-28 12:48:00,231.24,231.345,231.235,231.34,31409
2026-07-28 12:49:00,231.33,231.3698,231.28,231.325,22962
2026-07-28 12:50:00,231.32,231.77,231.32,231.765,83097
2026-07-28 12:51:00,231.765,231.84,231.7301,231.83,32513
2026-07-28 12:52:00,231.81,231.85,231.76,231.8,38008
2026-07-28 12:53:00,231.79,231.82,231.7001,231.71,41935
2026-07-28 12:54:00,231.72,231.73,231.61,231.66,41984
2026-07-28 12:55:00,231.66,231.73,231.63,231.69,31021
2026-07-28 12:56:00,231.68,231.715,231.61,231.64,30888
2026-07-28 12:57:00,231.64,231.64,231.56,231.5964,14481
2026-07-28 12:58:00,231.61,231.65,231.5835,231.6217,17409
2026-07-28 12:59:00,231.6,231.61,231.49,231.58,23607
2026-07-28 13:00:00,231.58,231.605,231.43,231.43,26368
2026-07-28 13:01:00,231.42,231.51,231.3601,231.41,48297
2026-07-28 13:02:00,231.41,231.41,231.23,231.265,40485
2026-07-28 13:03:00,231.27,231.45,231.2,231.4,75808
2026-07-28 13:04:00,231.41,231.77,231.4,231.77,63843
2026-07-28 13:05:00,231.78,231.95,231.76,231.885,88391
2026-07-28 13:06:00,231.9,231.99,231.81,231.9492,87388
2026-07-28 13:07:00,231.96,232.04,231.88,231.93,95291
2026-07-28 13:08:00,231.92,231.95,231.7401,231.76,49046
2026-07-28 13:09:00,231.75,231.78,231.7047,231.77,44667
2026-07-28 13:10:00,231.73,231.82,231.6105,231.81,47469
2026-07-28 13:11:00,231.805,231.93,231.805,231.88,44919
2026-07-28 13:12:00,231.895,231.97,231.87,231.89,38882
2026-07-28 13:13:00,231.88,231.89,231.821,231.85,29934
2026-07-28 13:14:00,231.87,231.96,231.82,231.96,52723
2026-07-28 13:15:00,231.95,232.05,231.8701,231.9,78282
2026-07-28 13:16:00,231.92,231.94,231.8549,231.86,27548
2026-07-28 13:17:00,231.84,231.88,231.72,231.745,43217
2026-07-28 13:18:00,231.73,231.8,231.71,231.77,21222
2026-07-28 13:19:00,231.76,231.83,231.64,231.64,39130
2026-07-28 13:20:00,231.63,231.89,231.55,231.85,78920
2026-07-28 13:21:00,231.85,231.97,231.755,231.755,34291
2026-07-28 13:22:00,231.755,231.975,231.67,231.97,41351
2026-07-28 13:23:00,231.97,232.28,231.965,232.2109,77761
2026-07-28 13:24:00,232.21,232.29,232.08,232.1,61441
2026-07-28 13:25:00,232.0901,232.095,231.96,231.97,34499
2026-07-28 13:26:00,231.98,232.2,231.98,232.175,31290
2026-07-28 13:27:00,232.22,232.38,232.22,232.3201,45200
2026-07-28 13:28:00,232.325,232.325,232.21,232.215,29784
2026-07-28 13:29:00,232.19,232.24,232.03,232.03,44902
2026-07-28 13:30:00,232.04,232.08,231.95,231.98,44464
2026-07-28 13:31:00,231.96,232.08,231.92,232.05,58538
2026-07-28 13:32:00,232.06,232.0744,231.88,231.89,60155
2026-07-28 13:33:00,231.905,232.02,231.88,231.935,87830
2026-07-28 13:34:00,231.92,232.01,231.855,231.86,43424
2026-07-28 13:35:00,231.87,232.0,231.75,231.85,51233
2026-07-28 13:36:00,231.84,232.14,231.84,231.98,62852
2026-07-28 13:37:00,231.95,232.05,231.8701,231.93,27690
2026-07-28 13:38:00,231.88,231.945,231.79,231.915,60173
2026-07-28 13:39:00,231.92,231.96,231.82,231.88,28956
2026-07-28 13:40:00,231.86,231.97,231.65,231.704,83986
2026-07-28 13:41:00,231.67,231.715,231.44,231.52,79923
2026-07-28 13:42:00,231.49,231.49,231.39,231.425,28314
2026-07-28 13:43:00,231.4269,231.4269,231.19,231.23,56982
2026-07-28 13:44:00,231.21,231.28,231.131,231.155,29291
2026-07-28 13:45:00,231.17,231.25,231.15,231.215,30161
2026-07-28 13:46:00,231.2,231.3199,231.18,231.23,40893
2026-07-28 13:47:00,231.235,231.29,231.11,231.145,24882
2026-07-28 13:48:00,231.16,231.44,231.0801,231.37,80021
2026-07-28 13:49:00,231.36,231.36,231.27,231.29,27753
2026-07-28 13:50:00,231.295,231.34,231.245,231.26,41460
2026-07-28 13:51:00,231.26,231.28,231.2122,231.26,20519
2026-07-28 13:52:00,231.26,231.3182,231.24,231.24,35305
2026-07-28 13:53:00,231.255,231.27,231.22,231.24,26159
2026-07-28 13:54:00,231.24,231.38,231.24,231.26,35333
2026-07-28 13:55:00,231.2501,231.28,231.17,231.21,28175
2026-07-28 13:56:00,231.21,231.45,231.1905,231.45,34976
2026-07-28 13:57:00,231.41,231.55,231.41,231.506,27484
2026-07-28 13:58:00,231.52,231.57,231.47,231.57,38831
2026-07-28 13:59:00,231.635,231.635,231.575,231.6,23528
2026-07-28 14:00:00,231.58,231.62,231.43,231.5592,46170
2026-07-28 14:01:00,231.57,231.57,231.325,231.33,48861
2026-07-28 14:02:00,231.32,231.39,231.18,231.23,49695
2026-07-28 14:03:00,231.2726,231.34,231.2,231.2,28164
2026-07-28 14:04:00,231.2295,231.29,231.195,231.29,29033
2026-07-28 14:05:00,231.25,231.26,231.12,231.215,20703
2026-07-28 14:06:00,231.21,231.25,231.1001,231.1001,25858
2026-07-28 14:07:00,231.115,231.2,231.115,231.1438,23645
2026-07-28 14:08:00,231.16,231.2,231.06,231.1,45672
2026-07-28 14:09:00,231.1,231.269,231.1,231.269,34139
2026-07-28 14:10:00,231.24,231.3,231.185,231.185,23625
2026-07-28 14:11:00,231.17,231.19,230.97,231.0003,37607
2026-07-28 14:12:00,231.0,231.01,230.86,230.92,38861
2026-07-28 14:13:00,230.945,230.97,230.81,230.9,32408
2026-07-28 14:14:00,230.91,231.09,230.88,231.08,50874
2026-07-28 14:15:00,231.09,231.215,231.09,231.185,41933
2026-07-28 14:16:00,231.19,231.2,231.04,231.06,40104
2026-07-28 14:17:00,231.085,231.11,230.93,231.045,54010
2026-07-28 14:18:00,231.04,231.23,231.04,231.23,55619
2026-07-28 14:19:00,231.2,231.2,230.98,230.99,41212
2026-07-28 14:20:00,230.97,231.16,230.95,231.13,27805
2026-07-28 14:21:00,231.13,231.185,231.0912,231.11,25777
2026-07-28 14:22:00,231.115,231.2,231.08,231.19,18433
2026-07-28 14:23:00,231.21,231.225,231.12,231.13,23769
2026-07-28 14:24:00,231.17,231.23,231.14,231.1596,28934
2026-07-28 14:25:00,231.12,231.26,231.1,231.2,52555
2026-07-28 14:26:00,231.23,231.24,231.16,231.2,22751
2026-07-28 14:27:00,231.18,231.18,231.11,231.15,21437
2026-07-28 14:28:00,231.15,231.18,231.06,231.075,21844
2026-07-28 14:29:00,231.09,231.15,231.06,231.15,17608
2026-07-28 14:30:00,231.145,231.29,231.11,231.27,48594
2026-07-28 14:31:00,231.27,231.27,231.19,231.22,20634
2026-07-28 14:32:00,231.21,231.24,231.15,231.225,26152
2026-07-28 14:33:00,231.23,231.23,231.09,231.16,27298
2026-07-28 14:34:00,231.15,231.22,231.13,231.18,32772
2026-07-28 14:35:00,231.18,231.29,231.12,231.16,67829
2026-07-28 14:36:00,231.17,231.18,231.0532,231.14,18789
2026-07-28 14:37:00,231.1274,231.21,231.11,231.19,19093
2026-07-28 14:38:00,231.165,231.19,231.1301,231.1742,17594
2026-07-28 14:39:00,231.16,231.16,231.11,231.12,16490
2026-07-28 14:40:00,231.105,231.18,231.04,231.115,26876
2026-07-28 14:41:00,231.13,231.27,231.115,231.23,50700
2026-07-28 14:42:00,231.21,231.25,231.165,231.25,33078
2026-07-28 14:43:00,231.265,231.39,231.265,231.37,27190
2026-07-28 14:44:00,231.3728,231.385,231.257,231.28,38352
2026-07-28 14:45:00,231.315,231.34,231.12,231.185,101006
2026-07-28 14:46:00,231.17,231.46,231.12,231.46,63207
2026-07-28 14:47:00,231.45,231.45,231.365,231.37,34545
2026-07-28 14:48:00,231.37,231.455,231.335,231.43,26616
2026-07-28 14:49:00,231.4267,231.53,231.425,231.46,34039
2026-07-28 14:50:00,231.48,231.49,231.245,231.245,39739
2026-07-28 14:51:00,231.26,231.2909,231.17,231.24,59384
2026-07-28 14:52:00,231.2412,231.33,231.18,231.33,121132
2026-07-28 14:53:00,231.33,231.44,231.27,231.38,56827
2026-07-28 14:54:00,231.39,231.44,231.29,231.3091,25965
2026-07-28 14:55:00,231.31,231.34,231.27,231.3101,33065
2026-07-28 14:56:00,231.325,231.35,231.1699,231.18,47198
2026-07-28 14:57:00,231.19,231.25,231.15,231.19,38769
2026-07-28 14:58:00,231.18,231.215,231.14,231.15,19886
2026-07-28 14:59:00,231.15,231.34,231.12,231.335,41972
2026-07-28 15:00:00,231.34,231.39,231.22,231.25,36027
2026-07-28 15:01:00,231.25,231.29,231.17,231.225,20679
2026-07-28 15:02:00,231.225,231.285,231.125,231.27,34878
2026-07-28 15:03:00,231.265,231.32,231.245,231.28,32297
2026-07-28 15:04:00,231.28,231.34,231.2055,231.33,31368
2026-07-28 15:05:00,231.32,231.3769,231.2601,231.3,35029
2026-07-28 15:06:00,231.32,231.435,231.28,231.28,34478
2026-07-28 15:07:00,231.28,231.33,231.191,231.295,50203
2026-07-28 15:08:00,231.32,231.33,231.21,231.2941,33491
2026-07-28 15:09:00,231.28,231.365,231.27,231.3,42865
2026-07-28 15:10:00,231.32,231.37,231.18,231.185,48587
2026-07-28 15:11:00,231.2,231.31,231.2,231.2301,28394
2026-07-28 15:12:00,231.23,231.3,231.225,231.245,34749
2026-07-28 15:13:00,231.25,231.3,231.13,231.28,30394
2026-07-28 15:14:00,231.29,231.31,231.2,231.2,57380
2026-07-28 15:15:00,231.19,231.23,231.08,231.09,37462
2026-07-28 15:16:00,231.08,231.12,231.045,231.09,41876
2026-07-28 15:17:00,231.09,231.22,231.09,231.2,38650
2026-07-28 15:18:00,231.19,231.32,231.15,231.315,60493
2026-07-28 15:19:00,231.33,231.343,231.04,231.055,57669
2026-07-28 15:20:00,231.05,231.12,230.99,230.99,39771
2026-07-28 15:21:00,230.99,231.0,230.95,230.97,30904
2026-07-28 15:22:00,230.95,230.95,230.7501,230.82,58477
2026-07-28 15:23:00,230.81,230.88,230.78,230.88,28224
2026-07-28 15:24:00,230.87,230.904,230.82,230.85,34994
2026-07-28 15:25:00,230.84,230.87,230.785,230.79,51157
2026-07-28 15:26:00,230.79,230.86,230.7846,230.84,43062
2026-07-28 15:27:00,230.83,230.945,230.81,230.81,43690
2026-07-28 15:28:00,230.825,230.98,230.81,230.97,45406
2026-07-28 15:29:00,230.98,231.01,230.94,230.945,47622
2026-07-28 15:30:00,230.91,231.01,230.83,230.98,72602
2026-07-28 15:31:00,230.985,230.99,230.83,230.855,60037
2026-07-28 15:32:00,230.87,231.06,230.86,231.045,79906
2026-07-28 15:33:00,231.05,231.1099,231.0143,231.1,64584
2026-07-28 15:34:00,231.07,231.23,231.03,231.215,62154
2026-07-28 15:35:00,231.21,231.2499,231.12,231.145,48112
2026-07-28 15:36:00,231.13,231.2085,231.12,231.175,50749
2026-07-28 15:37:00,231.18,231.23,231.14,231.225,59849
2026-07-28 15:38:00,231.23,231.23,231.07,231.13,44243
2026-07-28 15:39:00,231.12,231.12,231.035,231.04,58167
2026-07-28 15:40:00,231.04,231.1243,231.01,231.09,46711
2026-07-28 15:41:00,231.095,231.15,231.07,231.12,39972
2026-07-28 15:42:00,231.14,231.1699,230.915,230.93,66883
2026-07-28 15:43:00,230.94,231.12,230.93,231.0894,57217
2026-07-28 15:44:00,231.0801,231.11,231.02,231.06,34202
2026-07-28 15:45:00,231.05,231.15,230.9,230.92,82865
2026-07-28 15:46:00,230.92,230.97,230.88,230.97,64641
2026-07-28 15:47:00,230.97,231.02,230.88,230.9,49517
2026-07-28 15:48:00,230.9,230.9299,230.77,230.775,60844
2026-07-28 15:49:00,230.77,230.78,230.66,230.74,94451
2026-07-28 15:50:00,230.71,230.84,230.6509,230.8135,2382215
2026-07-28 15:51:00,230.82,230.825,230.7,230.7,89559
2026-07-28 15:52:00,230.69,230.79,230.69,230.79,135251
2026-07-28 15:53:00,230.79,231.04,230.79,231.03,153113
2026-07-28 15:54:00,231.04,231.2,230.87,230.925,207808
2026-07-28 15:55:00,230.93,231.09,230.4,231.0199,2628713
2026-07-28 15:56:00,231.015,231.18,231.0101,231.15,237653
2026-07-28 15:57:00,231.15,231.18,230.89,230.91,299226
2026-07-28 15:58:00,230.91,231.05,230.89,230.94,408192
2026-07-28 15:59:00,230.945,231.01,230.69,230.9,986330
2026-07-28 16:00:00,230.86,231.2,230.8,230.9,3043954
2026-07-28 16:01:00,230.81,230.86,230.61,230.72,0
2026-07-28 16:02:00,230.82,230.86,230.74,230.86,0
2026-07-28 16:03:00,230.8,230.99,230.77,230.86,0
2026-07-28 16:04:00,230.858,230.86,230.8,230.8591,0
2026-07-28 16:05:00,230.8382,231.19,230.71,230.98,0
2026-07-28 16:06:00,230.8877,230.98,230.19,230.84,0
2026-07-28 16:07:00,230.63,230.86,230.63,230.85,0
2026-07-28 16:08:00,230.76,230.86,230.63,230.8545,0
2026-07-28 16:09:00,230.85,230.88,230.64,230.74,0
2026-07-28 16:10:00,230.85,230.86,230.6357,230.744,0
2026-07-28 16:11:00,230.85,230.86,230.6656,230.74,0
2026-07-28 16:12:00,230.655,230.95,230.655,230.9353,0
2026-07-28 16:13:00,230.85,230.99,230.73,230.99,0
2026-07-28 16:14:00,230.98,230.99,230.75,230.9528,0
2026-07-28 16:15:00,230.86,231.0,230.75,230.919,0
2026-07-28 16:16:00,230.75,231.04,230.7,231.0,0
2026-07-28 16:17:00,230.99,231.0,230.7,231.0,0
2026-07-28 16:18:00,231.0,231.0,230.825,231.0,0
2026-07-28 16:19:00,230.86,231.0,230.7,230.7,0
2026-07-28 16:20:00,230.86,230.97,230.85,230.95,0
2026-07-28 16:21:00,230.95,231.0,230.7,230.9,0
2026-07-28 16:22:00,231.0,231.0,230.7,230.9,0
2026-07-28 16:23:00,230.9535,234.689,230.7,231.0,0
2026-07-28 16:24:00,230.85,231.0,230.7,230.88,0
2026-07-28 16:25:00,230.88,231.0,230.7,231.0,0
2026-07-28 16:26:00,230.96,231.0,230.92,230.96,0
2026-07-28 16:27:00,230.96,231.0,230.76,231.0,0
2026-07-28 16:28:00,231.0,231.0,230.8,230.99,0
2026-07-28 16:29:00,231.0,231.19,231.0,231.07,0
2026-07-28 16:30:00,231.07,231.2,231.0,231.2,0
2026-07-28 16:31:00,231.1,231.2,231.0,231.05,0
2026-07-28 16:32:00,231.17,231.2,231.1,231.15,0
2026-07-28 16:33:00,231.1,231.15,230.7,230.85,0
2026-07-28 16:34:00,231.08,231.0988,230.7604,231.0988,0
2026-07-28 16:35:00,230.92,231.05,230.7,231.0,0
2026-07-28 16:36:00,230.7016,231.1,230.7016,231.0,0
2026-07-28 16:37:00,230.86,230.99,230.7,230.92,0
2026-07-28 16:38:00,230.98,230.99,230.7,230.98,0
2026-07-28 16:39:00,230.81,230.98,230.6,230.75,0
2026-07-28 16:40:00,230.8,230.98,230.66,230.7404,0
2026-07-28 16:41:00,230.95,231.74,230.68,231.74,0
2026-07-28 16:42:00,230.9015,230.95,230.9,230.9,0
2026-07-28 16:43:00,230.8985,230.9,230.7537,230.8984,0
2026-07-28 16:44:00,230.87,230.99,230.7537,230.83,0
2026-07-28 16:45:00,230.9895,230.99,230.932,230.938,0
2026-07-28 16:46:00,230.99,230.99,230.86,230.9492,0
2026-07-28 16:47:00,230.89,230.9898,230.2912,230.95,0
2026-07-28 16:48:00,230.99,230.99,216.2078,230.97,0
2026-07-28 16:49:00,230.91,231.0,230.91,230.9774,0
2026-07-28 16:50:00,230.91,231.1,230.91,231.0706,0
2026-07-28 16:51:00,231.05,231.1,231.0,231.0245,0
2026-07-28 16:52:00,231.07,233.1072,230.91,230.91,0
2026-07-28 16:53:00,230.9707,231.1,230.9106,231.0952,0
2026-07-28 16:54:00,230.98,231.0952,230.98,231.01,0
2026-07-28 16:55:00,230.91,231.0,230.91,231.0,0
2026-07-28 16:56:00,230.97,231.1,230.93,231.1,0
2026-07-28 16:57:00,230.98,231.1,230.93,230.99,0
2026-07-28 16:58:00,230.99,237.6573,230.97,237.6573,0
2026-07-28 16:59:00,231.03,231.1,231.019,231.05,0
2026-07-28 17:00:00,231.05,231.1,230.98,230.98,0
2026-07-28 17:01:00,231.01,231.07,230.98,231.07,0
2026-07-28 17:02:00,231.0079,231.07,230.98,231.01,0
2026-07-28 17:03:00,231.01,231.07,230.91,231.0359,0
2026-07-28 17:04:00,230.96,231.0688,230.96,231.0688,0
2026-07-28 17:05:00,230.92,231.17,230.92,231.17,0
2026-07-28 17:06:00,231.07,231.2,231.07,231.07,0
2026-07-28 17:07:00,231.0732,231.2,231.0709,231.0901,0
2026-07-28 17:08:00,231.2,237.6573,231.07,231.1516,0
2026-07-28 17:09:00,231.07,231.07,230.99,230.99,0
2026-07-28 17:10:00,231.1035,231.1035,231.0242,231.06,0
2026-07-28 17:11:00,231.0141,231.1675,231.0141,231.1675,0
2026-07-28 17:12:00,231.13,231.17,230.9952,231.0717,0
2026-07-28 17:13:00,231.1683,231.1683,230.99,230.99,0
2026-07-28 17:14:00,230.99,233.1072,230.99,231.06,0
2026-07-28 17:15:00,231.06,231.06,231.0363,231.0363,0
2026-07-28 17:16:00,231.08,235.0206,231.06,231.06,0
2026-07-28 17:17:00,231.0,231.05,230.9,230.9,0
2026-07-28 17:18:00,230.95,230.95,230.75,230.92,0
2026-07-28 17:19:00,230.94,231.01,230.75,230.8845,0
2026-07-28 17:20:00,230.95,231.0937,230.8874,231.0937,0
2026-07-28 17:21:00,231.1,231.1,230.95,230.98,0
2026-07-28 17:22:00,231.01,231.1,230.8042,231.06,0
2026-07-28 17:23:00,231.1,231.1,230.97,231.06,0
2026-07-28 17:24:00,230.98,231.0962,230.95,231.0025,0
2026-07-28 17:25:00,230.9537,231.0768,230.95,230.95,0
2026-07-28 17:26:00,231.05,231.1,230.97,231.05,0
2026-07-28 17:27:00,231.05,231.05,231.02,231.04,0
2026-07-28 17:28:00,231.05,231.05,230.9901,231.02,0
2026-07-28 17:29:00,231.0,231.0,230.86,230.86,0
2026-07-28 17:30:00,231.0979,231.1,230.9732,231.0999,0
2026-07-28 17:31:00,231.0,231.1,230.97,230.97,0
2026-07-28 17:32:00,231.0,231.1,231.0,231.1,0
2026-07-28 17:33:00,231.1,231.1,230.9732,231.0303,0
2026-07-28 17:34:00,231.0799,231.0799,230.9732,231.04,0
2026-07-28 17:35:00,231.0734,231.2,230.97,231.1,0
2026-07-28 17:36:00,231.2,231.2,231.0056,231.05,0
2026-07-28 17:37:00,231.16,231.2,231.1,231.14,0
2026-07-28 17:38:00,231.11,231.15,231.1,231.15,0
2026-07-28 17:39:00,231.1644,231.1988,230.9757,231.0688,0
2026-07-28 17:40:00,231.07,231.07,231.0687,231.07,0
2026-07-28 17:41:00,231.07,231.07,231.07,231.07,0
2026-07-28 17:42:00,231.14,231.1462,231.07,231.07,0
2026-07-28 17:43:00,231.1,231.2,231.07,231.07,0
2026-07-28 17:44:00,231.0,231.162,231.0,231.07,0
2026-07-28 17:45:00,231.14,231.2,230.97,231.07,0
2026-07-28 17:46:00,231.17,231.2,230.86,231.2,0
2026-07-28 17:47:00,231.2,231.2,231.07,231.2,0
2026-07-28 17:48:00,231.04,231.17,231.02,231.07,0
2026-07-28 17:49:00,231.0068,231.17,230.97,231.13,0
2026-07-28 17:50:00,231.1,231.17,231.0,231.0,0
2026-07-28 17:51:00,231.01,231.17,231.01,231.17,0
2026-07-28 17:52:00,231.17,231.17,231.0663,231.17,0
2026-07-28 17:53:00,231.0816,231.1688,230.97,230.97,0
2026-07-28 17:54:00,230.97,231.17,230.97,231.15,0
2026-07-28 17:55:00,231.1345,231.17,231.03,231.15,0
2026-07-28 17:56:00,231.14,231.17,230.975,231.15,0
2026-07-28 17:57:00,231.14,231.17,231.11,231.11,0
2026-07-28 17:58:00,231.11,231.17,230.975,231.09,0
2026-07-28 17:59:00,231.07,231.17,230.975,231.0,0
2026-07-28 18:00:00,231.17,231.17,230.97,231.17,0
2026-07-28 18:01:00,230.9797,231.17,230.971,231.17,0
2026-07-28 18:02:00,231.05,231.14,231.05,231.14,0
2026-07-28 18:03:00,231.17,231.22,230.9992,230.9992,0
2026-07-28 18:04:00,231.13,231.25,231.13,231.19,0
2026-07-28 18:05:00,231.22,231.44,230.97,231.22,0
2026-07-28 18:06:00,231.22,231.22,231.2,231.2,0
2026-07-28 18:07:00,231.05,231.23,231.05,231.1876,0
2026-07-28 18:08:00,231.1876,231.23,231.1,231.1,0
2026-07-28 18:09:00,231.15,231.2,231.0519,231.0519,0
2026-07-28 18:10:00,231.1944,231.62,231.19,231.23,0
2026-07-28 18:11:00,231.1944,231.23,231.0,231.18,0
2026-07-28 18:12:00,231.0,231.18,231.0,231.18,0
2026-07-28 18:13:00,231.18,231.18,231.0,231.1,0
2026-07-28 18:14:00,231.0,231.01,230.8704,230.8704,0
2026-07-28 18:15:00,230.868,230.9,230.85,230.85,0
2026-07-28 18:16:00,231.0,231.0,231.0,231.0,0
2026-07-28 18:17:00,231.2,231.2,230.99,230.99,0
2026-07-28 18:18:00,231.1988,231.1988,230.49,230.83,0
2026-07-28 18:19:00,230.75,230.77,230.7487,230.7575,0
2026-07-28 18:20:00,230.54,231.18,230.33,230.86,0
2026-07-28 18:21:00,230.685,231.15,230.685,231.15,0
2026-07-28 18:22:00,230.94,230.94,230.5,230.5,0
2026-07-28 18:23:00,230.8634,230.8634,230.5,230.8,0
2026-07-28 18:24:00,230.8634,230.93,230.5,230.85,0
2026-07-28 18:25:00,230.75,230.85,230.51,230.51,0
2026-07-28 18:26:00,230.93,230.93,230.51,230.51,0
2026-07-28 18:27:00,230.8,230.93,230.5302,230.68,0
2026-07-28 18:28:00,230.81,230.81,230.6004,230.69,0
2026-07-28 18:29:00,230.69,230.93,230.69,230.88,0
2026-07-28 18:30:00,230.71,230.71,230.7,230.7,0
2026-07-28 18:31:00,230.8878,230.9288,230.67,230.8,0
2026-07-28 18:32:00,230.8,230.81,230.65,230.73,0
2026-07-28 18:33:00,230.767,230.79,230.5,230.5012,0
2026-07-28 18:34:00,230.52,230.69,230.5,230.5,0
2026-07-28 18:35:00,230.5,230.6982,230.5,230.57,0
2026-07-28 18:36:00,230.5463,230.79,230.5463,230.79,0
2026-07-28 18:37:00,230.6742,230.6742,230.5369,230.5369,0
2026-07-28 18:38:00,230.6162,230.6162,230.52,230.5324,0
2026-07-28 18:39:00,230.5302,230.64,230.5302,230.64,0
2026-07-28 18:40:00,230.5297,230.91,230.5297,230.91,0
2026-07-28 18:41:00,230.5697,230.91,230.52,230.52,0
2026-07-28 18:42:00,230.6,230.91,230.52,230.6021,0
2026-07-28 18:43:00,230.64,230.64,230.61,230.61,0
2026-07-28 18:44:00,230.65,230.72,230.6237,230.6237,0
2026-07-28 18:45:00,230.64,230.91,230.52,230.8496,0
2026-07-28 18:46:00,230.64,230.91,230.6,230.64,0
2026-07-28 18:47:00,230.64,230.8417,230.52,230.52,0
2026-07-28 18:48:00,230.69,230.93,230.52,230.93,0
2026-07-28 18:49:00,230.76,231.0,230.52,231.0,0
2026-07-28 18:50:00,231.0,231.38,230.6,231.04,0
2026-07-28 18:51:00,230.85,231.185,230.85,231.185,0
2026-07-28 18:52:00,231.18,231.55,230.6,231.27,0
2026-07-28 18:53:00,231.25,231.45,231.0,231.18,0
2026-07-28 18:54:00,231.04,231.2,230.885,230.99,0
2026-07-28 18:55:00,231.2,231.2,230.6,231.1515,0
2026-07-28 18:56:00,230.7507,231.0,230.6,231.0,0
2026-07-28 18:57:00,231.01,231.3,231.0,231.3,0
2026-07-28 18:58:00,231.1,231.39,230.8352,231.35,0
2026-07-28 18:59:00,231.45,231.49,230.8,231.49,0
2026-07-28 19:00:00,231.18,231.4617,231.0,231.08,0
2026-07-28 19:01:00,231.0,231.4999,230.86,231.29,0
2026-07-28 19:02:00,231.2318,231.3,230.86,231.3,0
2026-07-28 19:03:00,231.3,231.3,230.86,231.24,0
2026-07-28 19:04:00,231.2,231.24,231.0,231.15,0
2026-07-28 19:05:00,230.9,231.21,230.9,231.06,0
2026-07-28 19:06:00,231.25,231.25,230.9,231.15,0
2026-07-28 19:07:00,230.9387,231.15,230.9387,231.15,0
2026-07-28 19:08:00,231.15,231.5,231.02,231.5,0
2026-07-28 19:09:00,231.02,231.5,230.9,230.9,0
2026-07-28 19:10:00,231.0,231.4655,230.9,230.9,0
2026-07-28 19:11:00,231.232,231.32,231.0,231.24,0
2026-07-28 19:12:00,231.19,231.48,231.0001,231.48,0
2026-07-28 19:13:00,231.48,231.48,231.18,231.47,0
2026-07-28 19:14:00,231.0467,231.6,231.0467,231.58,0
2026-07-28 19:15:00,231.6,231.6,230.9,231.4508,0
2026-07-28 19:16:00,231.6,231.61,230.9,231.6,0
2026-07-28 19:17:00,231.181,231.61,230.9,231.5197,0
2026-07-28 19:18:00,231.58,231.69,231.1,231.6025,0
2026-07-28 19:19:00,231.62,231.7,231.51,231.51,0
2026-07-28 19:20:00,231.5,231.6,231.4726,231.6,0
2026-07-28 19:21:00,231.4,231.6,231.15,231.6,0
2026-07-28 19:22:00,231.59,231.82,231.35,231.7915,0
2026-07-28 19:23:00,231.79,231.89,231.45,231.45,0
2026-07-28 19:24:00,231.45,231.75,231.35,231.72,0
2026-07-28 19:25:00,231.45,231.74,231.35,231.52,0
2026-07-28 19:26:00,231.68,231.74,231.51,231.73,0
2026-07-28 19:27:00,231.58,231.95,231.58,231.75,0
2026-07-28 19:28:00,231.66,231.95,231.35,231.6087,0
2026-07-28 19:29:00,231.81,231.88,231.6,231.795,0
2026-07-28 19:30:00,231.6,231.8,231.6,231.6,0
2026-07-28 19:31:00,231.63,231.63,231.35,231.52,0
2026-07-28 19:32:00,231.51,231.59,231.51,231.55,0
2026-07-28 19:33:00,231.5,231.58,231.35,231.35,0
2026-07-28 19:34:00,231.35,231.5,231.3,231.4,0
2026-07-28 19:35:00,231.4,231.4,231.3,231.4,0
2026-07-28 19:36:00,231.3993,231.5,231.35,231.35,0
2026-07-28 19:37:00,231.49,231.5,231.4,231.4,0
2026-07-28 19:38:00,231.59,231.59,231.3,231.4967,0
2026-07-28 19:39:00,231.49,231.5745,231.3,231.43,0
2026-07-28 19:40:00,231.48,231.54,231.35,231.4,0
2026-07-28 19:41:00,231.54,231.54,231.35,231.35,0
2026-07-28 19:42:00,231.4016,231.54,231.4016,231.54,0
2026-07-28 19:43:00,231.51,231.51,231.4,231.44,0
2026-07-28 19:44:00,231.42,231.95,231.4,231.95,0
2026-07-28 19:45:00,231.94,232.0,231.5,231.75,0
2026-07-28 19:46:00,231.5001,232.0,231.5,231.51,0
2026-07-28 19:47:00,231.7,231.9,231.5,231.813,0
2026-07-28 19:48:00,231.72,231.72,231.51,231.6,0
2026-07-28 19:49:00,231.7,231.98,231.6042,231.9648,0
2026-07-28 19:50:00,231.99,232.5,231.9,232.25,0
2026-07-28 19:51:00,232.03,232.1,231.55,231.99,0
2026-07-28 19:52:00,231.99,232.0,231.55,232.0,0
2026-07-28 19:53:00,232.0,232.0,231.69,232.0,0
2026-07-28 19:54:00,231.95,232.5,231.9,232.045,0
2026-07-28 19:55:00,232.0001,232.3,232.0,232.21,0
2026-07-28 19:56:00,232.5,232.5,231.9,232.48,0
2026-07-28 19:57:00,232.2613,232.3999,231.9616,232.12,0
2026-07-28 19:58:00,231.97,232.48,231.9,232.07,0
2026-07-28 19:59:00,232.07,232.3,232.0002,232.04,0
2026-07-29 04:00:00,231.94,232.2388,230.834,232.1626,0
2026-07-29 04:01:00,231.95,232.33,230.87,232.01,0
2026-07-29 04:02:00,231.6,232.3,231.6,231.86,0
2026-07-29 04:03:00,231.77,231.84,231.77,231.82,0
2026-07-29 04:04:00,232.07,232.07,230.91,230.91,0
2026-07-29 04:05:00,231.98,231.9897,231.77,231.9,0
2026-07-29 04:06:00,231.78,232.12,230.87,231.12,0
2026-07-29 04:07:00,231.17,231.97,230.88,231.29,0
2026-07-29 04:08:00,231.81,232.154,230.85,231.91,0
2026-07-29 04:09:00,231.91,231.91,231.85,231.85,0
2026-07-29 04:10:00,231.86,232.19,231.86,232.19,0
2026-07-29 04:12:00,232.03,232.2788,231.87,232.0,0
2026-07-29 04:13:00,231.87,231.87,231.72,231.8,0
2026-07-29 04:14:00,231.8,231.9388,231.2185,231.9,0
2026-07-29 04:15:00,231.9,231.9,231.2012,231.53,0
2026-07-29 04:16:00,231.73,231.9,231.28,231.9,0
2026-07-29 04:18:00,231.59,231.59,231.59,231.59,0
2026-07-29 04:19:00,231.8414,231.8414,231.8414,231.8414,0
2026-07-29 04:20:00,231.7189,231.7189,231.7189,231.7189,0
2026-07-29 04:21:00,231.81,232.19,231.81,232.06,0
2026-07-29 04:22:00,232.06,232.06,231.95,232.0,0
2026-07-29 04:23:00,231.95,232.01,231.9,232.01,0
2026-07-29 04:24:00,231.91,232.25,231.76,231.82,0
2026-07-29 04:25:00,231.79,231.82,231.79,231.82,0
2026-07-29 04:26:00,232.25,232.25,231.6,231.6,0
2026-07-29 04:28:00,231.6921,231.9915,231.6921,231.9915,0
2026-07-29 04:30:00,231.61,231.9326,231.4012,231.6,0
2026-07-29 04:31:00,231.86,231.99,231.86,231.99,0
2026-07-29 04:32:00,231.4,231.99,231.4,231.99,0
2026-07-29 04:33:00,231.92,231.94,231.444,231.94,0
2026-07-29 04:34:00,231.6,231.6,231.6,231.6,0
2026-07-29 04:35:00,231.95,231.95,231.8875,231.89,0
2026-07-29 04:36:00,231.89,231.89,231.87,231.87,0
2026-07-29 04:37:00,231.9,231.9,231.9,231.9,0
2026-07-29 04:38:00,231.6,231.8605,231.6,231.8605,0
2026-07-29 04:39:00,231.6,231.67,231.6,231.67,0
2026-07-29 04:40:00,231.8655,231.8655,231.76,231.76,0
2026-07-29 04:41:00,231.87,231.87,231.8542,231.8542,0
2026-07-29 04:42:00,231.7335,231.7335,231.73,231.73,0
2026-07-29 04:43:00,231.86,231.9,231.86,231.9,0
2026-07-29 04:44:00,231.9715,231.9988,231.8,231.82,0
2026-07-29 04:45:00,231.766,231.766,231.766,231.766,0
2026-07-29 04:46:00,231.93,231.93,231.76,231.76,0
2026-07-29 04:47:00,231.94,231.96,231.93,231.96,0
2026-07-29 04:48:00,231.9988,231.9988,231.94,231.94,0
2026-07-29 04:49:00,231.94,232.0,231.94,231.99,0
2026-07-29 04:50:00,231.92,232.2244,231.92,232.2244,0
2026-07-29 04:51:00,232.2488,232.2488,232.005,232.005,0
2026-07-29 04:52:00,231.97,231.97,231.97,231.97,0
2026-07-29 04:53:00,232.04,232.2244,231.7855,232.14,0
2026-07-29 04:54:00,232.05,232.05,232.03,232.03,0
2026-07-29 04:55:00,232.1749,232.25,232.1749,232.25,0
2026-07-29 04:56:00,232.22,232.22,232.06,232.09,0
2026-07-29 04:57:00,232.0785,232.16,232.0,232.06,0
2026-07-29 04:58:00,232.22,232.22,232.1,232.2188,0
2026-07-29 04:59:00,232.2033,232.2033,232.2033,232.2033,0
2026-07-29 05:00:00,232.0,232.0,231.93,231.93,0
2026-07-29 05:01:00,231.97,231.97,231.87,231.87,0
2026-07-29 05:02:00,231.82,231.9842,231.65,231.9488,0
2026-07-29 05:04:00,231.79,231.9,231.544,231.9,0
2026-07-29 05:05:00,231.9,231.9,231.8988,231.8988,0
2026-07-29 05:06:00,231.75,231.89,231.6,231.89,0
2026-07-29 05:07:00,231.68,231.68,231.5,231.55,0
2026-07-29 05:08:00,231.54,231.54,231.47,231.54,0
2026-07-29 05:09:00,231.54,231.58,231.43,231.44,0
2026-07-29 05:10:00,231.5788,231.5788,231.4,231.45,0
2026-07-29 05:11:00,231.545,231.5788,231.545,231.5788,0
2026-07-29 05:12:00,231.58,231.58,231.4012,231.5755,0
2026-07-29 05:13:00,231.66,231.66,231.49,231.5,0
2026-07-29 05:14:00,231.49,231.54,231.47,231.54,0
2026-07-29 05:15:00,231.54,231.54,231.4,231.4,0
2026-07-29 05:17:00,231.45,231.5042,231.4,231.5042,0
2026-07-29 05:18:00,231.5,231.5,231.5,231.5,0
2026-07-29 05:19:00,231.5079,231.54,231.44,231.44,0
2026-07-29 05:20:00,231.3461,231.3461,231.3461,231.3461,0
2026-07-29 05:21:00,231.35,231.35,231.35,231.35,0
2026-07-29 05:22:00,231.4,231.4884,231.36,231.4884,0
2026-07-29 05:23:00,231.49,231.6617,231.49,231.57,0
2026-07-29 05:24:00,231.57,231.57,231.36,231.43,0
2026-07-29 05:25:00,231.43,231.43,231.336,231.336,0
2026-07-29 05:26:00,231.53,231.55,231.36,231.36,0
2026-07-29 05:27:00,231.48,231.54,231.48,231.54,0
2026-07-29 05:30:00,231.5334,231.54,231.37,231.54,0
2026-07-29 05:31:00,231.54,231.54,231.54,231.54,0
2026-07-29 05:32:00,231.5,231.5,231.5,231.5,0
2026-07-29 05:33:00,231.55,231.5602,231.55,231.5561,0
2026-07-29 05:36:00,231.57,231.67,231.57,231.67,0
2026-07-29 05:37:00,231.7,231.7,231.69,231.69,0
2026-07-29 05:38:00,231.69,231.69,231.6052,231.6052,0
2026-07-29 05:39:00,231.6,231.6,231.5,231.55,0
2026-07-29 05:40:00,231.47,231.6095,231.4,231.6095,0
2026-07-29 05:41:00,231.4,231.4,231.2102,231.4,0
2026-07-29 05:42:00,231.4,231.6,231.4,231.4,0
2026-07-29 05:43:00,231.4,231.4,231.21,231.4,0
2026-07-29 05:44:00,231.47,231.47,231.13,231.13,0
2026-07-29 05:45:00,231.13,231.2,231.13,231.2,0
2026-07-29 05:46:00,231.2,231.3698,231.2,231.2,0
2026-07-29 05:47:00,231.01,231.3988,231.0,231.15,0
2026-07-29 05:48:00,231.3988,231.3988,231.0,231.0,0
2026-07-29 05:49:00,231.0,231.38,231.0,231.0,0
2026-07-29 05:50:00,231.1,231.27,231.0,231.27,0
2026-07-29 05:51:00,231.2386,231.37,231.21,231.37,0
2026-07-29 05:52:00,230.8905,231.3,230.8905,231.3,0
2026-07-29 05:53:00,231.3,231.4,230.893,231.3,0
2026-07-29 05:54:00,231.2,231.3217,231.2,231.2,0
2026-07-29 05:55:00,231.28,231.2809,231.2,231.2,0
2026-07-29 05:56:00,231.22,231.22,231.1562,231.1562,0
2026-07-29 05:57:00,231.1512,231.1512,231.1512,231.1512,0
2026-07-29 05:59:00,231.2988,231.2988,231.2,231.2,0
2026-07-29 06:00:00,231.2948,231.3,231.24,231.24,0
2026-07-29 06:01:00,231.2,231.2867,231.2,231.24,0
2026-07-29 06:02:00,231.4,231.4,231.37,231.39,0
2026-07-29 06:03:00,231.2,231.3816,231.2,231.3811,0
2026-07-29 06:04:00,231.3811,231.4,231.26,231.26,0
2026-07-29 06:05:00,231.4,231.4,231.2,231.26,0
2026-07-29 06:06:00,231.39,231.3988,231.3,231.3,0
2026-07-29 06:07:00,231.31,231.31,231.31,231.31,0
2026-07-29 06:08:00,231.3806,231.39,231.3,231.3,0
2026-07-29 06:09:00,231.3,231.395,231.3,231.31,0
2026-07-29 06:10:00,231.4,231.4,231.2,231.4,0
2026-07-29 06:12:00,231.7,231.7,231.49,231.5,0
2026-07-29 06:13:00,231.51,231.51,231.51,231.51,0
2026-07-29 06:14:00,231.52,231.52,231.4,231.4,0
2026-07-29 06:15:00,231.46,231.46,231.34,231.34,0
2026-07-29 06:16:00,231.34,231.34,231.34,231.34,0
2026-07-29 06:17:00,231.57,231.57,231.35,231.35,0
2026-07-29 06:19:00,231.36,231.39,231.36,231.37,0
2026-07-29 06:20:00,231.36,231.5912,231.31,231.31,0
2026-07-29 06:21:00,231.4,231.57,231.25,231.25,0
2026-07-29 06:22:00,231.25,231.4,231.25,231.38,0
2026-07-29 06:24:00,231.48,231.48,231.48,231.48,0
2026-07-29 06:25:00,231.595,231.6,231.49,231.6,0
2026-07-29 06:26:00,231.44,231.47,231.4,231.47,0
2026-07-29 06:27:00,231.38,231.47,231.38,231.47,0
2026-07-29 06:28:00,231.47,231.47,231.47,231.47,0
2026-07-29 06:29:00,231.47,231.48,231.44,231.48,0
2026-07-29 06:30:00,231.48,231.6,231.42,231.42,0
2026-07-29 06:31:00,231.41,231.41,231.25,231.25,0
2026-07-29 06:32:00,231.25,231.4,231.25,231.4,0
2026-07-29 06:33:00,231.38,231.38,231.2587,231.2587,0
2026-07-29 06:34:00,231.5718,231.5817,231.2587,231.5639,0
2026-07-29 06:35:00,231.5818,231.5818,231.5818,231.5818,0
2026-07-29 06:36:00,231.2831,231.2831,231.2782,231.2782,0
2026-07-29 06:37:00,231.32,231.6,231.32,231.6,0
2026-07-29 06:38:00,231.43,231.43,231.42,231.42,0
2026-07-29 06:39:00,231.32,231.5988,231.32,231.4,0
2026-07-29 06:40:00,231.4,231.5912,231.3,231.32,0
2026-07-29 06:41:00,231.25,231.32,231.25,231.27,0
2026-07-29 06:42:00,231.25,231.5988,231.25,231.5988,0
2026-07-29 06:43:00,231.6,231.6,231.43,231.5912,0
2026-07-29 06:44:00,231.43,231.43,231.43,231.43,0
2026-07-29 06:45:00,231.4,231.44,231.25,231.43,0
2026-07-29 06:46:00,231.32,231.4488,231.31,231.4488,0
2026-07-29 06:47:00,231.44,231.5817,231.31,231.5817,0
2026-07-29 06:48:00,231.25,231.5,231.25,231.5,0
2026-07-29 06:49:00,231.5,231.5,231.32,231.32,0
2026-07-29 06:50:00,231.5818,231.6,231.27,231.27,0
2026-07-29 06:51:00,231.27,231.32,231.25,231.278,0
2026-07-29 06:53:00,231.27,231.27,231.27,231.27,0
2026-07-29 06:54:00,231.3124,231.3124,231.3,231.3,0
2026-07-29 06:55:00,231.3488,231.3488,231.3488,231.3488,0
2026-07-29 06:56:00,231.3475,231.3475,231.32,231.32,0
2026-07-29 06:57:00,231.3,231.3475,231.21,231.21,0
2026-07-29 06:58:00,231.25,231.25,231.2,231.2,0
2026-07-29 06:59:00,231.27,231.35,231.25,231.288,0
2026-07-29 07:00:00,231.375,231.6,231.35,231.6,0
2026-07-29 07:01:00,231.6,231.6,231.49,231.49,0
2026-07-29 07:02:00,231.51,231.6,231.46,231.6,0
2026-07-29 07:03:00,231.6,231.6,231.4558,231.52,0
2026-07-29 07:04:00,231.5,231.6,231.5,231.6,0
2026-07-29 07:05:00,231.5,231.78,231.5,231.78,0
2026-07-29 07:06:00,231.72,231.9289,231.51,231.51,0
2026-07-29 07:07:00,231.98,231.98,231.25,231.79,0
2026-07-29 07:08:00,231.79,231.8,231.75,231.8,0
2026-07-29 07:09:00,231.75,231.79,231.25,231.28,0
2026-07-29 07:10:00,231.7988,231.8,231.28,231.8,0
2026-07-29 07:11:00,231.8,231.8,231.25,231.78,0
2026-07-29 07:12:00,231.7492,231.8,231.5075,231.8,0
2026-07-29 07:13:00,231.78,231.78,231.69,231.69,0
2026-07-29 07:14:00,231.3183,231.59,231.3183,231.5,0
2026-07-29 07:15:00,231.5164,231.52,231.5,231.5,0
2026-07-29 07:16:00,231.4,231.65,231.38,231.4,0
2026-07-29 07:17:00,231.46,231.6497,231.3,231.55,0
2026-07-29 07:18:00,231.5,231.58,231.3125,231.3125,0
2026-07-29 07:19:00,231.75,231.8,231.58,231.58,0
2026-07-29 07:20:00,231.35,231.5,231.3,231.49,0
2026-07-29 07:21:00,231.49,231.49,231.3,231.3,0
2026-07-29 07:22:00,231.3,231.5,231.24,231.24,0
2026-07-29 07:23:00,231.2125,231.4875,231.0,231.27,0
2026-07-29 07:24:00,231.416,231.5,231.0,231.45,0
2026-07-29 07:25:00,231.4288,231.4288,231.25,231.25,0
2026-07-29 07:26:00,231.38,231.38,231.136,231.23,0
2026-07-29 07:27:00,231.21,231.2844,231.18,231.2844,0
2026-07-29 07:28:00,231.11,231.2988,231.0678,231.2988,0
2026-07-29 07:29:00,231.0,231.2481,231.0,231.015,0
2026-07-29 07:30:00,231.2481,231.2988,231.0012,231.0012,0
2026-07-29 07:31:00,231.2401,231.3,231.15,231.26,0
2026-07-29 07:32:00,231.2754,231.29,231.01,231.01,0
2026-07-29 07:33:00,231.01,231.01,231.01,231.01,0
2026-07-29 07:34:00,231.29,231.29,231.13,231.2,0
2026-07-29 07:35:00,231.2,231.2,231.01,231.18,0
2026-07-29 07:36:00,231.29,231.29,231.01,231.29,0
2026-07-29 07:37:00,231.2899,231.2899,231.017,231.2683,0
2026-07-29 07:38:00,231.29,231.29,231.202,231.202,0
2026-07-29 07:39:00,231.18,231.25,231.15,231.2,0
2026-07-29 07:40:00,231.15,231.22,231.15,231.22,0
2026-07-29 07:41:00,231.25,231.25,231.1627,231.2488,0
2026-07-29 07:42:00,231.25,231.25,231.1552,231.2488,0
2026-07-29 07:43:00,231.25,231.25,231.22,231.25,0
2026-07-29 07:44:00,231.2345,231.25,231.15,231.2372,0
2026-07-29 07:45:00,231.25,231.25,231.15,231.15,0
2026-07-29 07:46:00,231.1552,231.23,231.1552,231.18,0
2026-07-29 07:47:00,231.17,231.29,231.1643,231.29,0
2026-07-29 07:48:00,231.35,231.46,231.15,231.3,0
2026-07-29 07:49:00,231.4,231.49,231.15,231.4815,0
2026-07-29 07:50:00,231.43,231.4723,231.15,231.43,0
2026-07-29 07:51:00,231.3,231.49,231.17,231.3012,0
2026-07-29 07:52:00,231.32,231.35,231.15,231.17,0
2026-07-29 07:53:00,231.1695,231.345,231.1525,231.16,0
2026-07-29 07:54:00,231.16,231.49,231.01,231.035,0
2026-07-29 07:55:00,231.12,231.12,231.01,231.12,0
2026-07-29 07:56:00,231.01,231.2,231.01,231.06,0
2026-07-29 07:57:00,231.2,231.2,231.0408,231.07,0
2026-07-29 07:58:00,231.06,231.1458,230.95,230.95,0
2026-07-29 07:59:00,231.1,231.2,231.0,231.15,0
2026-07-29 08:00:00,231.12,231.2,231.05,231.05,0
2026-07-29 08:01:00,231.1624,231.2,231.0266,231.031,0
2026-07-29 08:02:00,231.03,231.17,231.0,231.17,0
2026-07-29 08:03:00,230.96,231.2,230.9536,231.14,0
2026-07-29 08:04:00,231.2,231.2,230.95,231.0,0
2026-07-29 08:05:00,231.0,231.2,230.9731,231.0,0
2026-07-29 08:06:00,231.1,231.1383,231.0042,231.031,0
2026-07-29 08:07:00,231.1,231.1,230.97,230.97,0
2026-07-29 08:08:00,231.1509,231.2,230.9,230.9,0
2026-07-29 08:09:00,230.88,231.1988,230.88,230.8986,0
2026-07-29 08:10:00,230.93,230.99,230.8812,230.8812,0
2026-07-29 08:11:00,230.98,231.0,230.88,231.0,0
2026-07-29 08:12:00,231.0,231.2,230.97,230.9997,0
2026-07-29 08:13:00,231.0,231.2,230.88,231.0,0
2026-07-29 08:14:00,231.2,231.2,230.75,230.86,0
2026-07-29 08:15:00,230.81,231.11,230.65,231.11,0
2026-07-29 08:16:00,231.01,231.01,230.5,230.6,0
2026-07-29 08:17:00,230.62,230.72,230.26,230.3,0
2026-07-29 08:18:00,230.43,230.64,230.3,230.64,0
2026-07-29 08:19:00,230.5,230.76,230.4,230.4,0
2026-07-29 08:20:00,230.67,230.81,230.4,230.81,0
2026-07-29 08:21:00,230.78,230.81,230.4,230.7,0
2026-07-29 08:22:00,230.55,230.6408,230.4,230.5,0
2026-07-29 08:23:00,230.5202,230.6,230.4,230.58,0
2026-07-29 08:24:00,230.6,230.6,230.36,230.4999,0
2026-07-29 08:25:00,230.37,230.5,230.2502,230.42,0
2026-07-29 08:26:00,230.27,230.43,230.2,230.25,0
2026-07-29 08:27:00,230.4255,230.4255,230.3,230.4099,0
2026-07-29 08:28:00,230.43,230.43,230.3,230.3269,0
2026-07-29 08:29:00,230.33,230.43,230.25,230.26,0
2026-07-29 08:30:00,230.3191,230.3191,230.11,230.11,0
2026-07-29 08:31:00,230.1172,230.3551,230.1112,230.17,0
2026-07-29 08:32:00,230.17,230.4,230.11,230.26,0
2026-07-29 08:33:00,230.2,230.4,230.17,230.32,0
2026-07-29 08:34:00,230.35,230.4,230.25,230.3,0
2026-07-29 08:35:00,230.3703,230.4,230.25,230.32,0
2026-07-29 08:36:00,230.4,230.41,230.25,230.41,0
2026-07-29 08:37:00,230.34,230.5,230.34,230.48,0
2026-07-29 08:38:00,230.48,230.5,230.4,230.4668,0
2026-07-29 08:39:00,230.46,230.5,230.4155,230.5,0
2026-07-29 08:40:00,230.45,230.9,230.45,230.7,0
2026-07-29 08:41:00,230.64,230.76,230.51,230.51,0
2026-07-29 08:42:00,230.72,230.99,230.7,230.75,0
2026-07-29 08:43:00,230.88,230.93,230.45,230.7,0
2026-07-29 08:44:00,230.7,230.82,230.625,230.789,0
2026-07-29 08:45:00,230.815,230.82,230.6,230.8,0
2026-07-29 08:46:00,230.793,230.8,230.5212,230.72,0
2026-07-29 08:47:00,230.6342,230.77,230.61,230.7352,0
2026-07-29 08:48:00,230.66,230.7352,230.6,230.66,0
2026-07-29 08:49:00,230.68,230.74,230.623,230.63,0
2026-07-29 08:50:00,230.69,230.72,230.6,230.6951,0
2026-07-29 08:51:00,230.6198,230.8,230.6,230.61,0
2026-07-29 08:52:00,230.67,230.7682,230.62,230.7082,0
2026-07-29 08:53:00,230.66,230.71,230.6,230.6241,0
2026-07-29 08:54:00,230.68,230.68,230.6001,230.6203,0
2026-07-29 08:55:00,230.6,230.65,230.5014,230.6,0
2026-07-29 08:56:00,230.6463,230.68,230.5089,230.59,0
2026-07-29 08:57:00,230.5,230.72,230.5,230.54,0
2026-07-29 08:58:00,230.5225,230.5225,230.5,230.5,0
2026-07-29 08:59:00,230.54,230.62,230.5,230.62,0
2026-07-29 09:00:00,230.568,230.61,230.4,230.58,0
2026-07-29 09:01:00,230.55,230.62,230.4,230.6173,0
2026-07-29 09:02:00,230.58,230.72,230.458,230.48,0
2026-07-29 09:03:00,230.5859,230.59,230.34,230.47,0
2026-07-29 09:04:00,230.32,230.62,230.32,230.47,0
2026-07-29 09:05:00,230.51,230.51,230.47,230.51,0
2026-07-29 09:06:00,230.39,230.48,230.3012,230.3012,0
2026-07-29 09:07:00,230.53,230.53,230.361,230.46,0
2026-07-29 09:08:00,230.3372,230.62,230.33,230.54,0
2026-07-29 09:09:00,230.62,230.62,230.43,230.52,0
2026-07-29 09:10:00,230.52,230.62,230.3649,230.52,0
2026-07-29 09:11:00,230.62,230.62,230.45,230.45,0
2026-07-29 09:12:00,230.45,230.52,230.3341,230.37,0
2026-07-29 09:13:00,230.5,230.5,230.3,230.3371,0
2026-07-29 09:14:00,230.48,230.48,230.3354,230.45,0
2026-07-29 09:15:00,230.35,230.62,230.35,230.48,0
2026-07-29 09:16:00,230.49,230.6188,230.358,230.425,0
2026-07-29 09:17:00,230.43,230.62,230.4,230.5859,0
2026-07-29 09:18:00,230.43,230.62,230.4115,230.62,0
2026-07-29 09:19:00,230.47,230.61,230.4,230.4115,0
2026-07-29 09:20:00,230.43,230.6145,230.42,230.42,0
2026-07-29 09:21:00,230.51,230.62,230.4,230.56,0
2026-07-29 09:22:00,230.4,230.67,230.4,230.67,0
2026-07-29 09:23:00,230.67,230.7927,230.5549,230.7927,0
2026-07-29 09:24:00,230.67,230.7999,230.4,230.65,0
2026-07-29 09:25:00,230.45,230.65,229.65,230.05,0
2026-07-29 09:26:00,229.9,230.0,229.8,229.91,0
2026-07-29 09:27:00,229.91,230.0,229.24,229.61,0
2026-07-29 09:28:00,229.32,229.32,228.91,229.31,0
2026-07-29 09:29:00,229.31,229.6,229.17,229.47,0
2026-07-29 09:30:00,229.315,230.165,228.51,228.6301,1086296
2026-07-29 09:31:00,228.635,229.32,228.41,228.82,123044
2026-07-29 09:32:00,228.99,229.43,228.74,228.77,110616
2026-07-29 09:33:00,228.7,229.68,228.64,229.68,101652
2026-07-29 09:34:00,229.7477,230.0,229.43,230.0,76113
2026-07-29 09:35:00,230.0,230.24,229.76,229.795,119030
2026-07-29 09:36:00,229.84,230.1614,229.76,230.0,53449
2026-07-29 09:37:00,229.96,229.96,229.35,229.48,68052
2026-07-29 09:38:00,229.495,229.69,229.39,229.635,69963
2026-07-29 09:39:00,229.6595,230.23,229.62,230.15,77783
2026-07-29 09:40:00,230.19,230.19,229.28,229.595,133760
2026-07-29 09:41:00,229.58,229.58,229.14,229.17,52986
2026-07-29 09:42:00,229.17,229.515,229.17,229.295,78088
2026-07-29 09:43:00,229.29,229.6,229.26,229.53,64764
2026-07-29 09:44:00,229.52,229.628,229.34,229.34,60640
2026-07-29 09:45:00,229.355,229.7,229.3405,229.51,75565
2026-07-29 09:46:00,229.47,229.5,228.7,228.91,111274
2026-07-29 09:47:00,228.87,229.01,228.51,228.6,76128
2026-07-29 09:48:00,228.59,228.79,228.555,228.7401,82716
2026-07-29 09:49:00,228.8,228.97,228.62,228.95,47886
2026-07-29 09:50:00,228.945,228.95,228.73,228.81,49591
2026-07-29 09:51:00,228.79,228.84,228.64,228.715,118613
2026-07-29 09:52:00,228.69,228.76,228.55,228.635,75080
2026-07-29 09:53:00,228.635,228.945,228.58,228.917,87685
2026-07-29 09:54:00,228.92,228.93,228.71,228.7701,36526
2026-07-29 09:55:00,228.9,229.16,228.84,229.085,51233
2026-07-29 09:56:00,229.1,229.47,229.06,229.45,76116
2026-07-29 09:57:00,229.41,229.51,229.23,229.27,73133
2026-07-29 09:58:00,229.27,229.68,229.265,229.6086,84069
2026-07-29 09:59:00,229.595,229.63,229.3,229.455,111331
2026-07-29 10:00:00,229.43,229.91,229.42,229.7,99933
2026-07-29 10:01:00,229.7,229.83,229.48,229.62,72576
2026-07-29 10:02:00,229.5901,229.67,229.34,229.5,108353
2026-07-29 10:03:00,229.48,229.52,229.27,229.38,72819
2026-07-29 10:04:00,229.35,229.43,229.22,229.3,53726
2026-07-29 10:05:00,229.255,229.32,228.98,229.06,58063
2026-07-29 10:06:00,229.03,229.03,228.7,228.735,93284
2026-07-29 10:07:00,228.7455,228.89,228.62,228.735,85178
2026-07-29 10:08:00,228.76,228.88,228.71,228.8099,71341
2026-07-29 10:09:00,228.79,228.86,228.595,228.6001,60553
2026-07-29 10:10:00,228.61,228.61,228.13,228.2,115961
2026-07-29 10:11:00,228.24,228.31,228.13,228.22,62983
2026-07-29 10:12:00,228.23,228.37,227.945,228.0,118372
2026-07-29 10:13:00,227.98,227.985,227.58,227.58,96766
2026-07-29 10:14:00,227.605,227.8025,227.56,227.77,98483
2026-07-29 10:15:00,227.775,227.9401,227.74,227.9401,83194
2026-07-29 10:16:00,227.91,227.93,227.5801,227.845,96039
2026-07-29 10:17:00,227.845,227.86,227.47,227.549,74459
2026-07-29 10:18:00,227.53,227.84,227.51,227.74,95716
2026-07-29 10:19:00,227.72,227.915,227.55,227.61,81382
2026-07-29 10:20:00,227.64,227.98,227.54,227.965,75731
2026-07-29 10:21:00,227.97,227.97,227.8,227.9102,71733
2026-07-29 10:22:00,227.91,228.08,227.85,227.99,55507
2026-07-29 10:23:00,228.01,228.1599,227.98,228.015,51751
2026-07-29 10:24:00,228.02,228.035,227.59,227.65,92900
2026-07-29 10:25:00,227.665,227.72,227.58,227.59,74640
2026-07-29 10:26:00,227.5951,227.6499,227.37,227.63,103990
2026-07-29 10:27:00,227.61,227.8,227.565,227.79,65023
2026-07-29 10:28:00,227.7851,227.8,227.625,227.73,68639
2026-07-29 10:29:00,227.715,227.76,227.5,227.625,75061
2026-07-29 10:30:00,227.6,227.81,227.54,227.8,47457
2026-07-29 10:31:00,227.82,227.82,227.53,227.695,75722
2026-07-29 10:32:00,227.71,227.91,227.615,227.87,62729
2026-07-29 10:33:00,227.86,228.01,227.8066,227.9,53415
2026-07-29 10:34:00,227.91,227.9299,227.73,227.79,39649
2026-07-29 10:35:00,227.79,227.9,227.56,227.83,53719
2026-07-29 10:36:00,227.83,227.9,227.765,227.765,38069
2026-07-29 10:37:00,227.77,227.85,227.7301,227.79,40529
2026-07-29 10:38:00,227.79,227.85,227.6622,227.795,80529
2026-07-29 10:39:00,227.78,227.78,227.51,227.595,59285
2026-07-29 10:40:00,227.57,227.57,227.195,227.32,79722
2026-07-29 10:41:00,227.33,227.7599,227.33,227.715,71227
2026-07-29 10:42:00,227.72,227.81,227.6,227.615,81327
2026-07-29 10:43:00,227.58,227.88,227.56,227.835,72827
2026-07-29 10:44:00,227.84,227.8899,227.7,227.86,58703
2026-07-29 10:45:00,227.83,227.98,227.73,227.97,59868
2026-07-29 10:46:00,227.9601,227.99,227.55,227.83,78416
2026-07-29 10:47:00,227.82,227.83,227.64,227.65,33747
2026-07-29 10:48:00,227.65,227.711,227.5,227.61,51843
2026-07-29 10:49:00,227.59,227.65,227.49,227.6,85822
2026-07-29 10:50:00,227.615,227.745,227.52,227.72,75485
2026-07-29 10:51:00,227.72,227.72,227.47,227.63,65182
2026-07-29 10:52:00,227.73,227.79,227.62,227.635,55286
2026-07-29 10:53:00,227.62,227.82,227.58,227.755,59038
2026-07-29 10:54:00,227.76,227.96,227.73,227.94,38687
2026-07-29 10:55:00,227.91,227.95,227.825,227.83,30349
2026-07-29 10:56:00,227.82,227.82,227.67,227.7425,47092
2026-07-29 10:57:00,227.755,227.865,227.68,227.84,58363
2026-07-29 10:58:00,227.82,228.09,227.8151,227.89,70521
2026-07-29 10:59:00,227.885,227.91,227.73,227.85,46152
2026-07-29 11:00:00,227.86,228.03,227.84,227.87,55398
2026-07-29 11:01:00,227.89,228.2947,227.86,228.17,76912
2026-07-29 11:02:00,228.174,228.18,227.935,228.05,52485
2026-07-29 11:03:00,228.02,228.17,227.985,228.0429,65070
2026-07-29 11:04:00,228.04,228.2,227.985,228.1901,59746
2026-07-29 11:05:00,228.17,228.23,228.01,228.0304,39648
2026-07-29 11:06:00,228.03,228.1499,228.03,228.12,33528
2026-07-29 11:07:00,228.129,228.21,228.08,228.17,51050
2026-07-29 11:08:00,228.18,228.21,228.09,228.09,48931
2026-07-29 11:09:00,228.08,228.315,228.05,228.315,60401
2026-07-29 11:10:00,228.315,228.38,228.25,228.27,51567
2026-07-29 11:11:00,228.27,228.29,227.91,228.06,105563
2026-07-29 11:12:00,228.1,228.17,227.98,228.07,54769
2026-07-29 11:13:00,228.1,228.28,228.03,228.12,74845
2026-07-29 11:14:00,228.115,228.24,228.1,228.15,42627
2026-07-29 11:15:00,228.16,228.21,228.07,228.17,59873
2026-07-29 11:16:00,228.15,228.365,228.11,228.32,40902
2026-07-29 11:17:00,228.32,228.34,228.15,228.17,45376
2026-07-29 11:18:00,228.19,228.2747,228.18,228.19,28375
2026-07-29 11:19:00,228.165,228.23,228.06,228.07,39354
2026-07-29 11:20:00,228.06,228.11,228.02,228.06,47721
2026-07-29 11:21:00,228.105,228.105,227.88,227.92,98750
2026-07-29 11:22:00,227.935,227.94,227.8383,227.895,56929
2026-07-29 11:23:00,227.91,228.0,227.87,227.98,49305
2026-07-29 11:24:00,227.97,228.09,227.9,228.05,79709
2026-07-29 11:25:00,228.05,228.3,228.01,228.3,72840
2026-07-29 11:26:00,228.285,228.38,228.07,228.08,66629
2026-07-29 11:27:00,228.09,228.1,227.945,227.945,34937
2026-07-29 11:28:00,227.96,228.12,227.96,228.04,88517
2026-07-29 11:29:00,228.04,228.07,227.98,228.015,76104
2026-07-29 11:30:00,228.0,228.2325,227.98,228.215,110894
2026-07-29 11:31:00,228.18,228.48,228.18,228.375,108302
2026-07-29 11:32:00,228.395,228.61,228.3,228.4725,97840
2026-07-29 11:33:00,228.475,228.575,228.4,228.515,78120
2026-07-29 11:34:00,228.53,228.6,228.2505,228.38,89570
2026-07-29 11:35:00,228.38,228.51,228.33,228.49,38902
2026-07-29 11:36:00,228.495,228.5199,228.28,228.395,84494
2026-07-29 11:37:00,228.4,228.45,228.25,228.2699,77782
2026-07-29 11:38:00,228.235,228.4,228.2117,228.275,60752
2026-07-29 11:39:00,228.275,228.32,228.23,228.23,44631
2026-07-29 11:40:00,228.23,228.29,228.21,228.21,41653
2026-07-29 11:41:00,228.205,228.4,228.1,228.4,89565
2026-07-29 11:42:00,228.37,228.48,228.34,228.34,50941
2026-07-29 11:43:00,228.36,228.41,228.29,228.295,50580
2026-07-29 11:44:00,228.295,228.39,228.22,228.31,62445
2026-07-29 11:45:00,228.3,228.405,228.25,228.315,107213
2026-07-29 11:46:00,228.3,228.34,228.125,228.26,102696
2026-07-29 11:47:00,228.269,228.72,228.15,228.7,122151
2026-07-29 11:48:00,228.695,228.76,228.62,228.7,91914
2026-07-29 11:49:00,228.7,228.77,228.68,228.77,54847
2026-07-29 11:50:00,228.76,228.905,228.66,228.685,71953
2026-07-29 11:51:00,228.685,228.7,228.51,228.54,61809
2026-07-29 11:52:00,228.56,228.5951,228.355,228.4952,60586
2026-07-29 11:53:00,228.49,228.55,228.45,228.46,29232
2026-07-29 11:54:00,228.475,228.475,228.375,228.39,47759
2026-07-29 11:55:00,228.41,228.41,228.1269,228.15,47141
2026-07-29 11:56:00,228.15,228.235,228.07,228.165,49715
2026-07-29 11:57:00,228.17,228.1853,227.62,227.72,217985
2026-07-29 11:58:00,227.71,227.98,227.71,227.96,56633
2026-07-29 11:59:00,227.97,227.97,227.85,227.88,36317
2026-07-29 12:00:00,227.89,227.99,227.6,227.62,48272
2026-07-29 12:01:00,227.61,227.7299,227.58,227.625,31425
2026-07-29 12:02:00,227.63,227.68,227.58,227.58,43844
2026-07-29 12:03:00,227.598,227.75,227.52,227.73,65448
2026-07-29 12:04:00,227.74,227.77,227.5907,227.64,31147
2026-07-29 12:05:00,227.64,227.64,227.39,227.515,70606
2026-07-29 12:06:00,227.52,227.61,227.49,227.57,32078
2026-07-29 12:07:00,227.56,227.56,227.32,227.355,55721
2026-07-29 12:08:00,227.36,227.5,227.32,227.485,57997
2026-07-29 12:09:00,227.48,227.6088,227.36,227.595,58254
2026-07-29 12:10:00,227.585,227.61,227.49,227.5,24024
2026-07-29 12:11:00,227.505,227.61,227.47,227.61,30679
2026-07-29 12:12:00,227.605,227.67,227.56,227.61,26513
2026-07-29 12:13:00,227.615,227.84,227.59,227.815,41125
2026-07-29 12:14:00,227.8,227.81,227.621,227.665,39593
2026-07-29 12:15:00,227.65,227.75,227.56,227.73,43915
2026-07-29 12:16:00,227.78,227.955,227.71,227.955,81127
2026-07-29 12:17:00,227.96,228.13,227.96,228.11,53563
2026-07-29 12:18:00,228.12,228.15,228.0704,228.145,34059
2026-07-29 12:19:00,228.145,228.22,228.1,228.1799,35526
2026-07-29 12:20:00,228.17,228.2,228.0943,228.18,35981
2026-07-29 12:21:00,228.16,228.3,228.14,228.3,37320
2026-07-29 12:22:00,228.32,228.55,228.32,228.49,41488
2026-07-29 12:23:00,228.5,228.735,228.44,228.63,61445
2026-07-29 12:24:00,228.61,228.7492,228.6,228.725,40484
2026-07-29 12:25:00,228.7201,228.885,228.7201,228.82,132393
2026-07-29 12:26:00,228.82,229.0299,228.81,229.015,42163
2026-07-29 12:27:00,229.0093,229.13,228.9801,229.09,39989
2026-07-29 12:28:00,229.08,229.08,228.97,229.035,30320
2026-07-29 12:29:00,229.05,229.1799,229.05,229.17,54154
2026-07-29 12:30:00,229.14,229.43,229.14,229.35,78148
2026-07-29 12:31:00,229.3,229.34,229.22,229.24,53225
2026-07-29 12:32:00,229.2286,229.24,229.11,229.18,47969
2026-07-29 12:33:00,229.16,229.1899,229.07,229.1528,36250
2026-07-29 12:34:00,229.16,229.23,229.06,229.065,44901
2026-07-29 12:35:00,229.0605,229.15,229.0504,229.0925,32836
2026-07-29 12:36:00,229.12,229.12,228.92,229.07,31116
2026-07-29 12:37:00,229.07,229.2,229.07,229.2,30404
2026-07-29 12:38:00,229.18,229.18,228.99,229.0325,43446
2026-07-29 12:39:00,229.04,229.22,229.0375,229.1734,52561
2026-07-29 12:40:00,229.19,229.2199,229.09,229.19,33017
2026-07-29 12:41:00,229.16,229.1999,229.035,229.035,27074
2026-07-29 12:42:00,229.04,229.13,228.97,229.05,26613
2026-07-29 12:43:00,229.0315,229.15,229.0,229.04,26355
2026-07-29 12:44:00,229.02,229.15,229.01,229.14,30505
2026-07-29 12:45:00,229.125,229.176,229.04,229.0701,27357
2026-07-29 12:46:00,229.06,229.0999,229.03,229.05,24416
2026-07-29 12:47:00,229.08,229.4,229.07,229.4,1080115
2026-07-29 12:48:00,229.43,229.51,229.38,229.41,69592
2026-07-29 12:49:00,229.41,229.51,229.4,229.51,50293
2026-07-29 12:50:00,229.51,229.5289,229.43,229.495,50622
2026-07-29 12:51:00,229.5,229.61,229.45,229.575,44686
2026-07-29 12:52:00,229.58,229.61,229.48,229.58,44552
2026-07-29 12:53:00,229.58,229.63,229.5501,229.605,44116
2026-07-29 12:54:00,229.6,229.6401,229.55,229.56,34468
2026-07-29 12:55:00,229.565,229.65,229.5301,229.585,28532
2026-07-29 12:56:00,229.582,229.69,229.36,229.66,86154
2026-07-29 12:57:00,229.66,229.72,229.59,229.675,40340
2026-07-29 12:58:00,229.67,229.73,229.5701,229.725,35515
2026-07-29 12:59:00,229.74,229.96,229.72,229.935,59686
2026-07-29 13:00:00,229.95,229.99,229.86,229.8999,43095
2026-07-29 13:01:00,229.8495,229.93,229.78,229.78,40193
2026-07-29 13:02:00,229.79,229.98,229.7621,229.98,30215
2026-07-29 13:03:00,229.99,230.29,229.99,230.285,100197
2026-07-29 13:04:00,230.27,230.42,230.19,230.42,53066
2026-07-29 13:05:00,230.41,230.44,230.1801,230.26,73344
2026-07-29 13:06:00,230.265,230.27,230.16,230.23,31929
2026-07-29 13:07:00,230.25,230.25,230.07,230.09,28902
2026-07-29 13:08:00,230.085,230.22,230.07,230.125,48706
2026-07-29 13:09:00,230.12,230.1725,230.05,230.13,29379
2026-07-29 13:10:00,230.135,230.45,230.13,230.36,141331
2026-07-29 13:11:00,230.4,230.5135,230.39,230.44,68318
2026-07-29 13:12:00,230.445,230.64,230.43,230.62,61327
2026-07-29 13:13:00,230.64,230.66,230.21,230.22,225528
2026-07-29 13:14:00,230.22,230.3,230.22,230.235,51311
2026-07-29 13:15:00,230.235,230.485,230.17,230.43,187744
2026-07-29 13:16:00,230.43,230.45,230.285,230.395,52942
2026-07-29 13:17:00,230.4,230.63,230.4,230.6,35198
2026-07-29 13:18:00,230.58,230.65,230.44,230.4588,30660
2026-07-29 13:19:00,230.44,230.7628,230.44,230.7628,99858
2026-07-29 13:20:00,230.76,230.78,230.67,230.7,69097
2026-07-29 13:21:00,230.705,230.88,230.69,230.875,46027
2026-07-29 13:22:00,230.87,230.875,230.665,230.69,51646
2026-07-29 13:23:00,230.67,230.67,230.5,230.6,46088
2026-07-29 13:24:00,230.595,230.595,230.4,230.45,36291
2026-07-29 13:25:00,230.455,230.56,230.4,230.415,35989
2026-07-29 13:26:00,230.42,230.465,230.2676,230.3,43737
2026-07-29 13:27:00,230.283,230.32,230.26,230.26,28137
2026-07-29 13:28:00,230.24,230.47,230.22,230.43,52586
2026-07-29 13:29:00,230.44,230.44,230.14,230.14,38704
2026-07-29 13:30:00,230.13,230.13,229.7,229.72,49632
2026-07-29 13:31:00,229.71,229.72,229.6401,229.685,50882
2026-07-29 13:32:00,229.6901,229.76,229.65,229.755,25951
2026-07-29 13:33:00,229.755,229.78,229.56,229.66,38326
2026-07-29 13:34:00,229.685,229.695,229.53,229.58,28352
2026-07-29 13:35:00,229.56,229.71,229.54,229.6,29284
2026-07-29 13:36:00,229.59,229.6578,229.54,229.55,30374
2026-07-29 13:37:00,229.565,229.6575,229.49,229.5,24304
2026-07-29 13:38:00,229.495,229.496,229.36,229.44,24616
2026-07-29 13:39:00,229.44,229.6,229.425,229.455,32388
2026-07-29 13:40:00,229.475,229.52,229.4001,229.4481,51324
2026-07-29 13:41:00,229.44,229.6001,229.43,229.6001,30600
2026-07-29 13:42:00,229.64,229.79,229.56,229.6899,31366
2026-07-29 13:43:00,229.69,229.81,229.64,229.7851,40946
2026-07-29 13:44:00,229.8,229.88,229.735,229.82,19284
2026-07-29 13:45:00,229.84,229.87,229.725,229.74,20323
2026-07-29 13:46:00,229.76,229.86,229.74,229.7851,28696
2026-07-29 13:47:00,229.81,229.9,229.72,229.9,32956
2026-07-29 13:48:00,229.89,229.96,229.77,229.9399,90978
2026-07-29 13:49:00,229.95,229.96,229.88,229.93,51813
2026-07-29 13:50:00,229.94,230.05,229.915,229.93,79815
2026-07-29 13:51:00,229.91,229.93,229.845,229.9089,43572
2026-07-29 13:52:00,229.92,229.9399,229.85,229.86,41115
2026-07-29 13:53:00,229.86,229.925,229.82,229.86,60589
2026-07-29 13:54:00,229.865,230.29,229.83,230.29,56436
2026-07-29 13:55:00,230.316,230.316,230.18,230.3,48798
2026-07-29 13:56:00,230.3,230.4499,230.22,230.435,37032
2026-07-29 13:57:00,230.43,230.447,230.37,230.44,34296
2026-07-29 13:58:00,230.44,230.586,230.435,230.55,47854
2026-07-29 13:59:00,230.55,230.625,230.51,230.565,50091
2026-07-29 14:00:00,230.57,231.22,230.55,231.09,197275
2026-07-29 14:01:00,231.03,231.71,230.95,231.575,106665
2026-07-29 14:02:00,231.55,232.075,231.55,231.79,297099
2026-07-29 14:03:00,231.79,231.87,231.49,231.73,136174
2026-07-29 14:04:00,231.7475,231.87,231.45,231.81,118650
2026-07-29 14:05:00,231.805,232.075,231.755,231.89,201141
2026-07-29 14:06:00,231.91,232.0,231.67,231.75,88814
2026-07-29 14:07:00,231.78,231.79,231.3947,231.3947,92828
2026-07-29 14:08:00,231.385,231.61,231.35,231.53,69754
2026-07-29 14:09:00,231.5265,231.5265,231.18,231.265,73663
2026-07-29 14:10:00,231.26,231.46,231.145,231.37,76984
2026-07-29 14:11:00,231.37,231.5195,231.33,231.485,41593
2026-07-29 14:12:00,231.51,231.53,231.37,231.38,43891
2026-07-29 14:13:00,231.39,231.49,231.35,231.445,30909
2026-07-29 14:14:00,231.445,231.445,231.215,231.36,71002
2026-07-29 14:15:00,231.37,231.62,231.3401,231.475,75868
2026-07-29 14:16:00,231.485,231.52,231.37,231.38,36827
2026-07-29 14:17:00,231.39,231.42,231.22,231.36,42632
2026-07-29 14:18:00,231.38,231.435,231.275,231.375,41054
2026-07-29 14:19:00,231.39,231.4192,231.25,231.266,30203
2026-07-29 14:20:00,231.27,231.27,231.11,231.15,55896
2026-07-29 14:21:00,231.15,231.28,231.14,231.22,33471
2026-07-29 14:22:00,231.2,231.215,231.13,231.15,42958
2026-07-29 14:23:00,231.155,231.22,230.93,230.95,59297
2026-07-29 14:24:00,230.95,231.08,230.94,230.99,50708
2026-07-29 14:25:00,230.98,231.0,230.89,230.95,46838
2026-07-29 14:26:00,230.96,231.04,230.96,231.0,34975
2026-07-29 14:27:00,231.03,231.1,230.94,231.1,34892
2026-07-29 14:28:00,231.11,231.36,231.11,231.325,79637
2026-07-29 14:29:00,231.3,231.5,231.2957,231.445,56942
2026-07-29 14:30:00,231.4301,231.65,231.41,231.6,119916
2026-07-29 14:31:00,231.6,231.6479,231.23,231.2774,95106
2026-07-29 14:32:00,231.23,231.3409,231.05,231.3191,90664
2026-07-29 14:33:00,231.315,231.43,231.21,231.4,54219
2026-07-29 14:34:00,231.435,231.48,231.12,231.18,47241
2026-07-29 14:35:00,231.24,231.38,231.19,231.2401,57735
2026-07-29 14:36:00,231.28,231.45,231.13,231.45,45485
2026-07-29 14:37:00,231.43,231.48,231.27,231.46,60943
2026-07-29 14:38:00,231.438,231.88,231.438,231.785,120034
2026-07-29 14:39:00,231.795,231.83,231.61,231.75,78416
2026-07-29 14:40:00,231.755,231.85,231.72,231.82,57186
2026-07-29 14:41:00,231.8255,232.02,231.81,231.81,91485
2026-07-29 14:42:00,231.785,231.795,231.515,231.73,42376
2026-07-29 14:43:00,231.72,231.89,231.59,231.89,51344
2026-07-29 14:44:00,231.875,232.07,231.83,232.01,67794
2026-07-29 14:45:00,231.99,232.0951,231.915,232.005,89519
2026-07-29 14:46:00,232.02,232.14,231.96,232.034,80789
2026-07-29 14:47:00,232.03,232.26,231.9801,232.12,61562
2026-07-29 14:48:00,232.13,232.26,231.98,232.22,76601
2026-07-29 14:49:00,232.21,232.5494,232.21,232.53,64125
2026-07-29 14:50:00,232.53,232.55,232.35,232.36,64892
2026-07-29 14:51:00,232.375,232.44,232.26,232.43,51284
2026-07-29 14:52:00,232.425,232.48,232.2301,232.36,50441
2026-07-29 14:53:00,232.38,232.41,232.26,232.34,82793
2026-07-29 14:54:00,232.35,232.53,232.33,232.53,64325
2026-07-29 14:55:00,232.535,232.82,232.52,232.78,57386
2026-07-29 14:56:00,232.78,232.78,232.52,232.535,76858
2026-07-29 14:57:00,232.535,232.5699,232.41,232.555,88109
2026-07-29 14:58:00,232.57,232.76,232.52,232.65,86720
2026-07-29 14:59:00,232.6635,232.6635,232.37,232.46,78393
2026-07-29 15:00:00,232.465,232.57,232.315,232.34,74988
2026-07-29 15:01:00,232.345,232.5,232.1604,232.5,72333
2026-07-29 15:02:00,232.5,232.565,232.32,232.33,48933
2026-07-29 15:03:00,232.34,232.34,231.9,231.94,52245
2026-07-29 15:04:00,231.9498,231.99,231.455,231.5556,57838
2026-07-29 15:05:00,231.59,231.59,231.3,231.425,68047
2026-07-29 15:06:00,231.425,231.58,231.3,231.52,41407
2026-07-29 15:07:00,231.49,231.5674,231.35,231.4295,62586
2026-07-29 15:08:00,231.41,231.53,231.28,231.305,53371
2026-07-29 15:09:00,231.3,231.32,231.15,231.15,56442
2026-07-29 15:10:00,231.13,231.22,231.02,231.16,66369
2026-07-29 15:11:00,231.18,231.38,231.18,231.38,31440
2026-07-29 15:12:00,231.36,231.44,231.16,231.43,662464
2026-07-29 15:13:00,231.43,231.51,231.33,231.43,43518
2026-07-29 15:14:00,231.42,231.51,231.38,231.425,35570
2026-07-29 15:15:00,231.42,231.6403,231.34,231.6403,43996
2026-07-29 15:16:00,231.655,231.66,231.37,231.41,67043
2026-07-29 15:17:00,231.39,231.405,231.12,231.13,49562
2026-07-29 15:18:00,231.03,231.0699,230.79,231.0,69138
2026-07-29 15:19:00,230.98,231.01,230.87,230.87,40133
2026-07-29 15:20:00,230.95,230.95,230.53,230.64,61849
2026-07-29 15:21:00,230.62,230.69,230.41,230.5951,110270
2026-07-29 15:22:00,230.58,230.61,230.33,230.44,95334
2026-07-29 15:23:00,230.42,230.46,230.12,230.21,56021
2026-07-29 15:24:00,230.225,230.36,230.15,230.16,59817
2026-07-29 15:25:00,230.15,230.27,229.795,229.8,98953
2026-07-29 15:26:00,229.8,229.82,229.49,229.66,55340
2026-07-29 15:27:00,229.68,229.8499,229.6207,229.69,55673
2026-07-29 15:28:00,229.685,229.8,229.6,229.78,42419
2026-07-29 15:29:00,229.79,229.79,229.5,229.6,50335
2026-07-29 15:30:00,229.65,229.655,229.445,229.6,88841
2026-07-29 15:31:00,229.57,229.65,229.35,229.6,63116
2026-07-29 15:32:00,229.5967,229.64,229.35,229.38,89777
2026-07-29 15:33:00,229.385,229.385,228.77,228.83,113375
2026-07-29 15:34:00,228.83,229.3,228.74,229.28,87270
2026-07-29 15:35:00,229.3,229.35,228.97,229.0313,155014
2026-07-29 15:36:00,229.03,229.06,228.79,228.97,132702
2026-07-29 15:37:00,228.97,229.0,228.69,228.705,127363
2026-07-29 15:38:00,228.72,228.73,228.32,228.32,494698
2026-07-29 15:39:00,228.31,228.55,228.15,228.25,101512
2026-07-29 15:40:00,228.26,228.59,228.2,228.575,159109
2026-07-29 15:41:00,228.575,228.71,228.23,228.415,133658
2026-07-29 15:42:00,228.41,228.43,228.27,228.33,95210
2026-07-29 15:43:00,228.31,228.47,228.04,228.37,83804
2026-07-29 15:44:00,228.43,228.43,227.93,228.03,122233
2026-07-29 15:45:00,228.05,228.1975,228.022,228.08,181781
2026-07-29 15:46:00,228.0906,228.3,228.075,228.1834,135330
2026-07-29 15:47:00,228.19,228.2,227.86,228.07,128306
2026-07-29 15:48:00,228.08,228.2,227.96,228.08,114633
2026-07-29 15:49:00,228.08,228.25,228.01,228.17,126981
2026-07-29 15:50:00,228.14,228.14,227.5,227.66,158369
2026-07-29 15:51:00,227.67,227.72,227.48,227.54,145846
2026-07-29 15:52:00,227.54,227.75,227.36,227.52,170010
2026-07-29 15:53:00,227.5,227.52,227.33,227.43,144209
2026-07-29 15:54:00,227.38,227.59,227.02,227.03,271155
2026-07-29 15:55:00,227.01,227.2,226.25,227.065,752046
2026-07-29 15:56:00,227.065,227.2,226.72,226.74,451695
2026-07-29 15:57:00,226.74,226.88,226.4,226.4,714629
2026-07-29 15:58:00,226.42,226.48,226.19,226.36,902442
2026-07-29 15:59:00,226.37,226.885,226.16,226.71,1642321
2026-07-29 16:00:00,226.99,227.38,226.2,226.64,0
2026-07-29 16:01:00,226.52,228.0,226.15,226.16,0
2026-07-29 16:02:00,226.21,226.95,225.76,226.6825,0
2026-07-29 16:03:00,226.65,227.3,226.65,227.14,0
2026-07-29 16:04:00,227.05,227.94,226.65,226.65,0
2026-07-29 16:05:00,226.65,230.92,226.6,226.68,0
2026-07-29 16:06:00,226.7,226.91,226.66,226.76,0
2026-07-29 16:07:00,226.7985,227.0,226.73,227.0,0
2026-07-29 16:08:00,226.86,227.0,226.65,226.7,0
2026-07-29 16:09:00,226.7,227.18,226.66,227.01,0
2026-07-29 16:10:00,227.0,227.1,226.25,226.4999,0
2026-07-29 16:11:00,226.28,226.49,225.4,225.92,0
2026-07-29 16:12:00,225.4001,226.17,225.33,225.96,0
2026-07-29 16:13:00,226.3,227.0,226.2,226.34,0
2026-07-29 16:14:00,226.6,226.6,226.1565,226.45,0
2026-07-29 16:15:00,226.65,226.75,226.17,226.75,0
2026-07-29 16:16:00,226.71,226.95,226.4,226.4,0
2026-07-29 16:17:00,226.51,226.95,226.42,226.79,0
2026-07-29 16:18:00,226.65,226.86,226.35,226.55,0
2026-07-29 16:19:00,226.51,226.79,226.45,226.72,0
2026-07-29 16:20:00,226.7,226.9,226.6,226.8,0
2026-07-29 16:21:00,226.8,226.9,226.69,226.9,0
2026-07-29 16:22:00,226.8697,227.18,226.6271,226.94,0
2026-07-29 16:23:00,226.84,226.95,226.6185,226.7882,0
2026-07-29 16:24:00,226.85,226.95,226.7,226.7,0
2026-07-29 16:25:00,226.7,226.94,226.65,226.9388,0
2026-07-29 16:26:00,226.93,226.94,226.17,226.45,0
2026-07-29 16:27:00,226.6,226.85,226.06,226.17,0
2026-07-29 16:28:00,226.29,226.3,225.5,225.71,0
2026-07-29 16:29:00,225.79,226.0,225.57,225.8891,0
2026-07-29 16:30:00,225.89,226.0,225.56,225.89,0
2026-07-29 16:31:00,225.83,226.49,225.83,226.4884,0
2026-07-29 16:32:00,226.42,226.64,226.04,226.3,0
2026-07-29 16:33:00,226.1,226.49,226.1,226.24,0
2026-07-29 16:34:00,226.07,226.64,226.03,226.5,0
2026-07-29 16:35:00,226.36,226.8,226.36,226.7877,0
2026-07-29 16:36:00,226.51,229.32,226.3,226.6522,0
2026-07-29 16:37:00,226.7274,226.8,226.65,226.8,0
2026-07-29 16:38:00,226.8,227.09,226.65,226.99,0
2026-07-29 16:39:00,226.99,227.09,226.89,227.0,0
2026-07-29 16:40:00,226.96,227.18,226.89,227.18,0
2026-07-29 16:41:00,227.18,227.18,226.65,227.17,0
2026-07-29 16:42:00,227.18,227.44,227.01,227.03,0
2026-07-29 16:43:00,227.29,227.69,227.14,227.5551,0
2026-07-29 16:44:00,227.5422,227.8979,227.45,227.75,0
2026-07-29 16:45:00,227.53,227.9,227.4,227.54,0
2026-07-29 16:46:00,227.43,227.65,227.4,227.4,0
2026-07-29 16:47:00,227.5,227.6,214.6322,227.327,0
2026-07-29 16:48:00,227.4999,227.5,227.32,227.4299,0
2026-07-29 16:49:00,227.32,227.79,219.9001,227.64,0
2026-07-29 16:50:00,227.45,227.7,216.1078,227.68,0
2026-07-29 16:51:00,227.7,227.78,227.36,227.36,0
2026-07-29 16:52:00,227.55,227.7,227.32,227.5,0
2026-07-29 16:53:00,227.63,227.7,227.5,227.53,0
2026-07-29 16:54:00,227.5,227.88,227.5,227.8,0
2026-07-29 16:55:00,227.83,227.88,226.65,227.6,0
2026-07-29 16:56:00,227.75,227.75,227.51,227.63,0
2026-07-29 16:57:00,227.69,227.74,214.6322,225.5829,0
2026-07-29 16:58:00,227.7,227.7,227.44,227.6,0
2026-07-29 16:59:00,227.5,234.3677,222.8317,227.41,0
2026-07-29 17:00:00,227.01,228.8791,227.01,227.17,0
2026-07-29 17:01:00,227.38,227.38,227.0172,227.156,0
2026-07-29 17:02:00,227.2,236.7941,215.604,227.2,0
2026-07-29 17:03:00,227.3,234.8631,226.65,227.174,0
2026-07-29 17:04:00,227.2,227.47,227.09,227.4,0
2026-07-29 17:05:00,227.35,228.8791,221.6102,227.2088,0
2026-07-29 17:06:00,227.2,227.352,227.09,227.21,0
2026-07-29 17:07:00,227.17,236.7941,226.81,226.9,0
2026-07-29 17:08:00,226.95,227.1,226.65,226.65,0
2026-07-29 17:09:00,226.7317,226.9,226.7,226.75,0
2026-07-29 17:10:00,226.8,227.1,226.7,226.8589,0
2026-07-29 17:11:00,226.8,234.8631,226.66,226.66,0
2026-07-29 17:12:00,226.66,227.0,215.604,225.9659,0
2026-07-29 17:13:00,226.02,226.02,225.7,226.0,0
2026-07-29 17:14:00,225.99,226.0,225.88,225.97,0
2026-07-29 17:15:00,226.0,226.0,216.1078,225.9988,0
2026-07-29 17:16:00,225.95,234.3677,219.9001,225.6017,0
2026-07-29 17:17:00,225.6001,225.9,222.8317,225.5,0
2026-07-29 17:18:00,225.5705,226.0,225.25,225.25,0
2026-07-29 17:19:00,225.25,226.65,224.73,224.8,0
2026-07-29 17:20:00,224.69,225.4,224.69,225.35,0
2026-07-29 17:21:00,225.062,225.4,225.0,225.4,0
2026-07-29 17:22:00,225.2,225.4,225.18,225.4,0
2026-07-29 17:23:00,225.4,225.4,225.25,225.25,0
2026-07-29 17:24:00,225.25,225.4,225.12,225.2732,0
2026-07-29 17:25:00,225.26,225.4,225.1,225.2,0
2026-07-29 17:26:00,225.27,225.35,224.74,224.9,0
2026-07-29 17:27:00,224.97,225.4,224.97,225.28,0
2026-07-29 17:28:00,225.4,225.4,224.98,225.0388,0
2026-07-29 17:29:00,225.0,225.4,225.0,225.32,0
2026-07-29 17:30:00,225.39,225.39,225.0294,225.2,0
2026-07-29 17:31:00,225.29,225.3,225.0,225.2999,0
2026-07-29 17:32:00,225.29,225.4,224.74,224.8,0
2026-07-29 17:33:00,224.9615,225.0,224.8,225.0,0
2026-07-29 17:34:00,225.0,225.0,224.71,224.88,0
2026-07-29 17:35:00,224.84,225.0,224.77,224.8,0
2026-07-29 17:36:00,224.7999,225.0,224.68,225.0,0
2026-07-29 17:37:00,225.0,225.0,224.55,224.79,0
2026-07-29 17:38:00,224.79,224.95,224.55,224.75,0
2026-07-29 17:39:00,224.78,224.95,224.42,224.51,0
2026-07-29 17:40:00,224.51,224.7384,224.3,224.58,0
2026-07-29 17:41:00,224.44,224.75,224.3,224.64,0
2026-07-29 17:42:00,224.65,224.9,224.64,224.74,0
2026-07-29 17:43:00,224.7,224.8,224.6,224.7,0
2026-07-29 17:44:00,224.6732,224.89,224.65,224.6956,0
2026-07-29 17:45:00,224.8888,224.8888,224.5,224.75,0
2026-07-29 17:46:00,224.6267,224.71,224.5,224.5,0
2026-07-29 17:47:00,224.65,224.75,224.5443,224.736,0
2026-07-29 17:48:00,224.7,224.75,224.53,224.56,0
2026-07-29 17:49:00,224.56,224.75,224.52,224.75,0
2026-07-29 17:50:00,224.75,224.75,224.23,224.7,0
2026-07-29 17:51:00,224.75,224.75,224.43,224.7,0
2026-07-29 17:52:00,224.7417,224.75,224.65,224.7345,0
2026-07-29 17:53:00,224.65,224.75,224.65,224.75,0
2026-07-29 17:54:00,224.75,225.01,224.75,224.95,0
2026-07-29 17:55:00,224.9,225.0,224.7402,224.7499,0
2026-07-29 17:56:00,224.7402,224.75,224.65,224.7353,0
2026-07-29 17:57:00,224.73,224.75,224.66,224.66,0
2026-07-29 17:58:00,224.74,226.65,224.66,224.7499,0
2026-07-29 17:59:00,224.74,224.77,224.66,224.74,0
2026-07-29 18:00:00,224.78,225.76,224.63,225.75,0
2026-07-29 18:01:00,225.76,225.76,225.4097,225.67,0
2026-07-29 18:02:00,225.43,225.95,225.31,225.87,0
2026-07-29 18:03:00,225.73,226.0,225.5401,226.0,0
2026-07-29 18:04:00,226.0,227.2,225.774,227.0,0
2026-07-29 18:05:00,226.78,229.8442,226.62,229.8,0
2026-07-29 18:06:00,229.72,230.71,229.02,229.57,0
2026-07-29 18:07:00,229.79,231.8777,229.68,230.5,0
2026-07-29 18:08:00,230.51,231.8,230.36,231.5333,0
2026-07-29 18:09:00,231.7,232.0,231.17,231.74,0
2026-07-29 18:10:00,231.55,231.59,230.6505,231.0,0
2026-07-29 18:11:00,230.7549,232.29,230.7549,231.29,0
2026-07-29 18:12:00,231.2801,231.46,230.7,230.76,0
2026-07-29 18:13:00,231.0,231.6,230.8,231.27,0
2026-07-29 18:14:00,230.81,231.0,226.65,230.55,0
2026-07-29 18:15:00,230.78,231.33,230.01,230.82,0
2026-07-29 18:16:00,230.83,230.8793,230.0,230.8,0
2026-07-29 18:17:00,230.7643,231.13,230.34,230.6,0
2026-07-29 18:18:00,230.5,230.5999,229.72,230.0,0
2026-07-29 18:19:00,230.08,230.4,229.62,229.8,0
2026-07-29 18:20:00,229.71,230.47,229.62,230.38,0
2026-07-29 18:21:00,230.07,230.47,230.01,230.01,0
2026-07-29 18:22:00,230.3903,230.91,230.0797,230.91,0
2026-07-29 18:23:00,230.7,230.76,230.26,230.4351,0
2026-07-29 18:24:00,230.54,230.91,230.05,230.7,0
2026-07-29 18:25:00,230.694,230.91,230.11,230.6683,0
2026-07-29 18:26:00,230.52,230.91,230.51,230.54,0
2026-07-29 18:27:00,230.8106,231.13,230.5,231.0,0
2026-07-29 18:28:00,231.0,231.23,230.8,230.99,0
2026-07-29 18:29:00,230.85,231.23,230.75,230.89,0
2026-07-29 18:30:00,231.15,231.15,230.76,230.7972,0
2026-07-29 18:31:00,230.8,231.0,230.75,230.9,0
2026-07-29 18:32:00,231.0,231.0,230.75,230.77,0
2026-07-29 18:33:00,230.75,231.0,230.75,230.95,0
2026-07-29 18:34:00,230.82,231.23,230.82,230.98,0
2026-07-29 18:35:00,231.15,231.23,231.02,231.13,0
2026-07-29 18:36:00,231.0525,231.25,231.03,231.25,0
2026-07-29 18:37:00,231.25,231.25,231.02,231.15,0
2026-07-29 18:38:00,231.15,231.15,231.02,231.0253,0
2026-07-29 18:39:00,231.0202,231.15,230.92,231.0001,0
2026-07-29 18:40:00,231.15,231.15,231.0,231.04,0
2026-07-29 18:41:00,231.0,231.04,231.0,231.0,0
2026-07-29 18:42:00,231.0014,231.04,231.0,231.0,0
2026-07-29 18:43:00,231.0329,231.04,231.0,231.0062,0
2026-07-29 18:44:00,231.04,231.25,231.01,231.25,0
2026-07-29 18:45:00,231.25,231.4399,231.1,231.2,0
2026-07-29 18:46:00,231.2,231.44,231.0109,231.2,0
2026-07-29 18:47:00,231.2,232.0,231.01,231.75,0
2026-07-29 18:48:00,231.99,231.99,231.29,231.29,0
2026-07-29 18:49:00,231.39,231.5,231.23,231.4675,0
2026-07-29 18:50:00,231.3199,231.45,231.15,231.2,0
2026-07-29 18:51:00,231.1569,231.5,231.01,231.2,0
2026-07-29 18:52:00,231.32,231.32,231.01,231.05,0
2026-07-29 18:53:00,231.2613,231.2613,231.01,231.01,0
2026-07-29 18:54:00,231.24,231.5,231.01,231.49,0
2026-07-29 18:55:00,231.321,231.49,231.08,231.08,0
2026-07-29 18:56:00,231.24,231.39,231.08,231.1,0
2026-07-29 18:57:00,231.2493,231.25,231.0,231.0076,0
2026-07-29 18:58:00,231.15,231.15,231.0,231.1078,0
2026-07-29 18:59:00,231.1,231.23,231.0001,231.23,0
2026-07-29 19:00:00,231.226,231.4,231.07,231.22,0
2026-07-29 19:01:00,231.22,231.25,231.01,231.01,0
2026-07-29 19:02:00,231.02,231.23,231.01,231.043,0
2026-07-29 19:03:00,231.1987,231.47,231.12,231.47,0
2026-07-29 19:04:00,231.2752,231.47,231.26,231.47,0
2026-07-29 19:05:00,231.33,231.3646,231.03,231.1147,0
2026-07-29 19:06:00,231.08,231.25,231.0,231.25,0
2026-07-29 19:07:00,231.25,231.27,231.0,231.0,0
2026-07-29 19:08:00,231.1,231.75,231.0,231.65,0
2026-07-29 19:09:00,231.54,231.97,231.29,231.4797,0
2026-07-29 19:10:00,231.4,231.5,231.29,231.48,0
2026-07-29 19:11:00,231.4,231.5,231.18,231.3037,0
2026-07-29 19:12:00,231.41,231.75,231.3,231.75,0
2026-07-29 19:13:00,231.44,231.75,231.14,231.47,0
2026-07-29 19:14:00,231.46,231.46,231.14,231.389,0
2026-07-29 19:15:00,231.33,231.4637,231.22,231.22,0
2026-07-29 19:16:00,231.22,231.45,231.188,231.3,0
2026-07-29 19:17:00,231.14,231.43,231.14,231.2927,0
2026-07-29 19:18:00,231.393,231.4796,231.29,231.41,0
2026-07-29 19:19:00,231.4,231.48,231.29,231.45,0
2026-07-29 19:20:00,231.48,231.5,231.29,231.29,0
2026-07-29 19:21:00,231.43,231.49,231.2945,231.2945,0
2026-07-29 19:22:00,231.4436,231.48,231.25,231.3955,0
2026-07-29 19:23:00,231.45,231.5,231.2,231.25,0
2026-07-29 19:24:00,231.31,231.4,231.02,231.25,0
2026-07-29 19:25:00,231.066,231.4887,231.066,231.17,0
2026-07-29 19:26:00,231.1988,231.39,231.1,231.25,0
2026-07-29 19:27:00,231.39,231.5,230.72,230.936,0
2026-07-29 19:28:00,230.94,231.0,230.6,230.6,0
2026-07-29 19:29:00,230.6,230.7488,230.07,230.54,0
2026-07-29 19:30:00,230.2689,230.7,230.2689,230.54,0
2026-07-29 19:31:00,230.54,230.7,230.31,230.68,0
2026-07-29 19:32:00,230.53,230.75,230.53,230.73,0
2026-07-29 19:33:00,230.75,230.75,230.3,230.56,0
2026-07-29 19:34:00,230.56,230.75,230.26,230.5,0
2026-07-29 19:35:00,230.71,230.85,230.26,230.62,0
2026-07-29 19:36:00,230.62,230.85,230.3625,230.7,0
2026-07-29 19:37:00,230.715,231.2235,230.2,230.65,0
2026-07-29 19:38:00,230.82,230.8317,230.413,230.413,0
2026-07-29 19:39:00,230.4,230.92,230.4,230.65,0
2026-07-29 19:40:00,230.675,230.7,230.25,230.5,0
2026-07-29 19:41:00,230.3,230.65,230.01,230.42,0
2026-07-29 19:42:00,230.25,230.4097,229.69,229.69,0
2026-07-29 19:43:00,230.0702,230.18,229.2,229.69,0
2026-07-29 19:44:00,229.793,230.0,229.5,229.91,0
2026-07-29 19:45:00,229.8,230.0,229.77,229.89,0
2026-07-29 19:46:00,229.5001,230.17,229.5,230.17,0
2026-07-29 19:47:00,230.1081,230.18,229.6,229.99,0
2026-07-29 19:48:00,229.99,230.12,229.6899,230.0,0
2026-07-29 19:49:00,230.0,230.0,229.74,229.9,0
2026-07-29 19:50:00,229.9,229.9,229.77,229.86,0
2026-07-29 19:51:00,229.9,229.9,229.5,229.5,0
2026-07-29 19:52:00,229.8,229.8,229.53,229.6845,0
2026-07-29 19:53:00,229.7,229.9,229.6,229.8768,0
2026-07-29 19:54:00,229.9,229.9,229.79,229.8975,0
2026-07-29 19:55:00,229.8,230.5,229.8,230.05,0
2026-07-29 19:56:00,230.4303,230.5,229.99,230.4148,0
2026-07-29 19:57:00,230.24,230.5,230.0,230.0,0
2026-07-29 19:58:00,230.4988,230.5,229.8,229.8,0
2026-07-29 19:59:00,229.8,230.15,229.5147,230.0845,0
2026-07-30 04:00:00,230.6,230.989,226.65,229.62,0
2026-07-30 04:01:00,229.99,230.92,229.0,229.1,0
2026-07-30 04:02:00,229.33,229.45,229.15,229.44,0
2026-07-30 04:03:00,229.3222,229.7,229.3222,229.45,0
2026-07-30 04:04:00,229.7,229.7,229.5,229.5,0
2026-07-30 04:05:00,229.9875,230.0,229.5261,229.78,0
2026-07-30 04:06:00,229.78,230.9,229.39,230.38,0
2026-07-30 04:07:00,229.78,230.9,229.53,230.18,0
2026-07-30 04:08:00,230.0,232.43,230.0,231.36,0
2026-07-30 04:09:00,231.4075,231.74,231.34,231.43,0
2026-07-30 04:10:00,231.4988,231.7,231.3,231.4416,0
2026-07-30 04:11:00,231.55,231.9,231.52,231.74,0
2026-07-30 04:12:00,231.64,232.3,231.3012,232.0,0
2026-07-30 04:13:00,231.3,231.95,231.3,231.9,0
2026-07-30 04:14:00,231.83,232.03,231.5,231.76,0
2026-07-30 04:15:00,231.83,231.83,231.72,231.72,0
2026-07-30 04:16:00,231.84,231.98,231.7,231.7,0
2026-07-30 04:17:00,231.7,231.81,231.5,231.7,0
2026-07-30 04:18:00,231.78,231.968,231.66,231.8,0
2026-07-30 04:19:00,231.68,231.75,231.6,231.74,0
2026-07-30 04:20:00,231.7,231.9388,231.6,231.9388,0
2026-07-30 04:21:00,231.74,231.94,231.69,231.6912,0
2026-07-30 04:22:00,231.87,231.9322,231.63,231.84,0
2026-07-30 04:23:00,231.88,232.454,231.88,232.454,0
2026-07-30 04:24:00,232.42,232.5,232.36,232.36,0
2026-07-30 04:25:00,232.23,232.4887,232.0612,232.0612,0
2026-07-30 04:26:00,232.3,232.5,232.2,232.24,0
2026-07-30 04:27:00,232.3,232.45,232.24,232.45,0
2026-07-30 04:28:00,232.24,232.44,232.2,232.2,0
2026-07-30 04:29:00,232.2,232.3432,231.99,232.18,0
2026-07-30 04:30:00,232.18,232.3033,232.0,232.3033,0
2026-07-30 04:31:00,232.0,232.2437,232.0,232.0153,0
2026-07-30 04:32:00,232.14,232.2488,232.008,232.22,0
2026-07-30 04:33:00,232.2365,232.2365,232.14,232.22,0
2026-07-30 04:34:00,232.1976,232.25,231.99,232.25,0
2026-07-30 04:35:00,232.2,232.45,232.2,232.45,0
2026-07-30 04:36:00,232.5,232.88,232.0399,232.6,0
2026-07-30 04:37:00,232.88,232.88,232.2355,232.2355,0
2026-07-30 04:38:00,232.8,232.8,232.48,232.49,0
2026-07-30 04:39:00,232.7,232.7,232.0012,232.48,0
2026-07-30 04:40:00,232.6424,232.6424,232.2,232.2,0
2026-07-30 04:41:00,232.24,232.3,232.19,232.21,0
2026-07-30 04:42:00,232.07,232.4,232.0581,232.4,0
2026-07-30 04:43:00,232.48,232.48,232.48,232.48,0
2026-07-30 04:44:00,232.48,232.49,232.18,232.19,0
2026-07-30 04:45:00,232.3,232.3,232.0,232.19,0
2026-07-30 04:46:00,232.3,232.4988,232.0975,232.4988,0
2026-07-30 04:47:00,232.5,232.5,232.4875,232.5,0
2026-07-30 04:48:00,232.4025,232.4988,232.25,232.35,0
2026-07-30 04:49:00,232.35,232.4,232.07,232.12,0
2026-07-30 04:50:00,232.12,232.22,232.12,232.17,0
2026-07-30 04:51:00,232.22,232.4912,232.1842,232.4,0
2026-07-30 04:52:00,232.4658,232.4658,232.16,232.16,0
2026-07-30 04:53:00,232.19,232.4917,232.18,232.19,0
2026-07-30 04:54:00,232.25,232.26,232.2003,232.2003,0
2026-07-30 04:55:00,232.27,232.27,232.15,232.15,0
2026-07-30 04:56:00,232.1718,232.4,232.15,232.2,0
2026-07-30 04:57:00,232.04,232.2285,231.97,232.149,0
2026-07-30 04:58:00,232.13,232.14,231.7365,232.08,0
2026-07-30 04:59:00,232.06,232.09,231.78,231.9,0
2026-07-30 05:00:00,231.9,232.09,231.88,232.09,0
2026-07-30 05:01:00,232.0,232.3875,231.9012,232.38,0
2026-07-30 05:02:00,232.3988,232.4,231.945,232.0,0
2026-07-30 05:03:00,232.27,232.3356,231.8028,232.0192,0
2026-07-30 05:04:00,232.3988,232.3988,232.33,232.33,0
2026-07-30 05:05:00,232.3,232.3753,232.22,232.3529,0
2026-07-30 05:06:00,232.3937,232.3937,232.35,232.35,0
2026-07-30 05:07:00,232.22,232.22,232.19,232.19,0
2026-07-30 05:08:00,232.189,232.4912,232.15,232.4912,0
2026-07-30 05:09:00,232.5,232.5,232.15,232.2,0
2026-07-30 05:10:00,232.2,232.25,232.16,232.25,0
2026-07-30 05:11:00,232.09,232.4988,231.7612,232.17,0
2026-07-30 05:12:00,232.16,232.22,232.11,232.11,0
2026-07-30 05:13:00,232.2,232.2,232.11,232.18,0
2026-07-30 05:14:00,232.01,232.7,232.01,232.7,0
2026-07-30 05:15:00,232.7724,232.7724,232.6,232.77,0
2026-07-30 05:16:00,232.59,232.66,232.59,232.59,0
2026-07-30 05:17:00,232.6,232.73,232.59,232.59,0
2026-07-30 05:18:00,232.5,232.6,232.1672,232.5,0
2026-07-30 05:19:00,232.88,232.88,232.15,232.15,0
2026-07-30 05:20:00,232.1881,232.75,232.1881,232.5,0
2026-07-30 05:21:00,232.48,232.74,232.48,232.74,0
2026-07-30 05:22:00,232.57,232.8715,232.53,232.5631,0
2026-07-30 05:23:00,232.56,232.9,232.56,232.73,0
2026-07-30 05:24:00,232.74,232.9,232.66,232.87,0
2026-07-30 05:25:00,232.72,232.9,232.63,232.87,0
2026-07-30 05:26:00,232.79,232.9,232.75,232.76,0
2026-07-30 05:27:00,232.88,232.9,232.7,232.79,0
2026-07-30 05:28:00,232.81,232.8788,232.8,232.8,0
2026-07-30 05:29:00,232.71,232.82,232.71,232.8,0
2026-07-30 05:30:00,232.8,232.88,232.73,232.73,0
2026-07-30 05:31:00,232.78,232.78,232.78,232.78,0
2026-07-30 05:32:00,232.875,233.58,232.73,233.26,0
2026-07-30 05:33:00,233.52,233.75,233.28,233.75,0
2026-07-30 05:34:00,233.62,233.85,233.5,233.63,0
2026-07-30 05:35:00,233.71,233.78,233.45,233.65,0
2026-07-30 05:36:00,233.65,233.7788,233.6079,233.61,0
2026-07-30 05:37:00,233.61,233.78,233.61,233.67,0
2026-07-30 05:38:00,233.78,233.78,233.59,233.67,0
2026-07-30 05:39:00,233.5947,234.0,233.5,233.85,0
2026-07-30 05:40:00,234.11,234.47,233.78,234.1172,0
2026-07-30 05:41:00,234.29,234.42,233.81,233.81,0
2026-07-30 05:42:00,233.81,234.0,233.56,233.8,0
2026-07-30 05:43:00,233.63,233.9888,233.49,233.49,0
2026-07-30 05:44:00,233.9639,233.9639,233.49,233.56,0
2026-07-30 05:45:00,233.6,233.6,233.53,233.53,0
2026-07-30 05:46:00,233.7,233.72,233.49,233.5112,0
2026-07-30 05:47:00,233.49,233.66,233.49,233.66,0
2026-07-30 05:48:00,233.68,233.72,233.5128,233.7,0
2026-07-30 05:49:00,233.55,233.6,233.48,233.6,0
2026-07-30 05:50:00,233.8084,233.8084,233.8084,233.8084,0
2026-07-30 05:51:00,233.49,233.61,233.4,233.4,0
2026-07-30 05:52:00,233.4,233.41,233.31,233.3988,0
2026-07-30 05:53:00,233.4,233.4,233.33,233.4,0
2026-07-30 05:54:00,233.4,234.23,233.1656,233.81,0
2026-07-30 05:55:00,233.78,234.0,233.75,233.88,0
2026-07-30 05:56:00,233.73,233.89,233.5,233.5,0
2026-07-30 05:57:00,233.84,233.8862,233.64,233.71,0
2026-07-30 05:58:00,233.8,233.8,233.3735,233.6432,0
2026-07-30 05:59:00,233.68,233.68,233.28,233.31,0
2026-07-30 06:00:00,233.28,233.442,233.08,233.35,0
2026-07-30 06:01:00,233.4,233.86,233.25,233.4,0
2026-07-30 06:02:00,233.8988,233.9,233.5,233.5,0
2026-07-30 06:03:00,233.7,233.87,233.4,233.7,0
2026-07-30 06:04:00,233.7,233.87,233.45,233.77,0
2026-07-30 06:05:00,233.77,233.85,233.54,233.64,0
2026-07-30 06:06:00,233.65,233.89,233.61,233.89,0
2026-07-30 06:07:00,233.86,233.97,233.7,233.9345,0
2026-07-30 06:08:00,233.98,234.29,233.97,234.13,0
2026-07-30 06:09:00,234.2,234.2406,233.9055,233.97,0
2026-07-30 06:10:00,233.9,234.1488,233.84,233.84,0
2026-07-30 06:11:00,234.08,234.08,233.64,233.7,0
2026-07-30 06:12:00,233.64,233.81,233.57,233.61,0
2026-07-30 06:13:00,233.6,233.71,233.51,233.7,0
2026-07-30 06:14:00,233.61,233.81,233.6,233.7,0
2026-07-30 06:15:00,233.6,233.81,233.6,233.81,0
2026-07-30 06:16:00,233.81,233.81,233.65,233.77,0
2026-07-30 06:17:00,233.6,233.7944,233.6,233.62,0
2026-07-30 06:18:00,233.58,233.79,233.51,233.79,0
2026-07-30 06:19:00,233.58,234.35,233.58,234.18,0
2026-07-30 06:20:00,234.144,234.32,233.6707,233.83,0
2026-07-30 06:21:00,234.0,234.34,233.94,234.34,0
2026-07-30 06:22:00,234.3,234.33,234.0751,234.26,0
2026-07-30 06:23:00,234.3,234.89,234.0612,234.8,0
2026-07-30 06:24:00,234.8,234.8888,234.56,234.56,0
2026-07-30 06:25:00,234.58,234.66,234.15,234.37,0
2026-07-30 06:26:00,234.5265,234.55,234.1,234.54,0
2026-07-30 06:27:00,234.38,234.49,234.16,234.4532,0
2026-07-30 06:28:00,234.1,234.2896,234.0,234.195,0
2026-07-30 06:29:00,234.1,234.2988,234.0,234.0,0
2026-07-30 06:30:00,234.0,234.3,234.0,234.04,0
2026-07-30 06:31:00,234.15,234.3,234.08,234.23,0
2026-07-30 06:32:00,234.07,234.1488,233.99,233.99,0
2026-07-30 06:33:00,233.99,234.56,233.97,234.12,0
2026-07-30 06:34:00,234.49,234.5,234.12,234.38,0
2026-07-30 06:35:00,234.36,234.42,234.15,234.29,0
2026-07-30 06:36:00,234.12,234.12,233.5047,233.84,0
2026-07-30 06:37:00,233.92,234.04,233.92,234.04,0
2026-07-30 06:38:00,233.92,234.38,233.83,233.95,0
2026-07-30 06:39:00,233.83,234.1,233.83,233.87,0
2026-07-30 06:40:00,233.6075,234.04,233.6075,234.04,0
2026-07-30 06:41:00,234.08,234.08,233.86,233.86,0
2026-07-30 06:42:00,234.08,234.08,233.76,233.76,0
2026-07-30 06:43:00,234.0,234.0,233.68,233.76,0
2026-07-30 06:44:00,233.74,233.74,233.3,233.4725,0
2026-07-30 06:45:00,233.67,233.88,233.51,233.88,0
2026-07-30 06:46:00,233.88,233.88,233.5,233.8498,0
2026-07-30 06:47:00,233.5012,233.84,233.5,233.5,0
2026-07-30 06:48:00,233.5,233.88,233.0,233.8435,0
2026-07-30 06:49:00,233.69,233.8,233.18,233.7988,0
2026-07-30 06:50:00,233.69,233.79,233.18,233.69,0
2026-07-30 06:51:00,233.676,233.676,233.3,233.3,0
2026-07-30 06:52:00,233.3,233.97,233.06,233.97,0
2026-07-30 06:53:00,233.92,234.56,233.92,233.92,0
2026-07-30 06:54:00,234.24,234.56,233.9052,234.32,0
2026-07-30 06:55:00,233.97,234.45,233.97,234.1,0
2026-07-30 06:56:00,234.1,234.1,233.73,234.0057,0
2026-07-30 06:57:00,233.83,234.05,233.48,234.0,0
2026-07-30 06:58:00,233.5,233.9546,233.01,233.9546,0
2026-07-30 06:59:00,233.53,233.6915,233.0,233.14,0
2026-07-30 07:00:00,233.35,233.7488,232.99,233.2,0
2026-07-30 07:01:00,233.34,233.49,226.65,233.4,0
2026-07-30 07:02:00,233.3,233.7499,233.3,233.41,0
2026-07-30 07:03:00,233.43,233.98,233.39,233.76,0
2026-07-30 07:04:00,233.8,233.95,233.5,233.61,0
2026-07-30 07:05:00,233.7,233.89,233.33,233.33,0
2026-07-30 07:06:00,233.49,233.52,233.3312,233.47,0
2026-07-30 07:07:00,233.4483,233.47,233.33,233.33,0
2026-07-30 07:08:00,233.35,233.52,233.33,233.42,0
2026-07-30 07:09:00,233.41,234.17,233.41,233.93,0
2026-07-30 07:10:00,233.97,234.1699,233.7,233.7,0
2026-07-30 07:11:00,233.9997,234.0213,233.5,233.8197,0
2026-07-30 07:12:00,233.51,233.9,233.49,233.7,0
2026-07-30 07:13:00,233.69,233.7,233.11,233.41,0
2026-07-30 07:14:00,233.31,233.6,233.0,233.11,0
2026-07-30 07:15:00,233.19,233.4999,233.0,233.2,0
2026-07-30 07:16:00,233.5,233.5,233.0,233.35,0
2026-07-30 07:17:00,233.23,233.49,233.12,233.4,0
2026-07-30 07:18:00,233.28,233.5,233.28,233.32,0
2026-07-30 07:19:00,233.4011,233.42,233.0012,233.11,0
2026-07-30 07:20:00,233.02,233.3,232.99,232.99,0
2026-07-30 07:21:00,232.99,233.7999,232.83,233.7999,0
2026-07-30 07:22:00,233.46,233.78,233.2634,233.48,0
2026-07-30 07:23:00,233.4,233.7,233.24,233.6227,0
2026-07-30 07:24:00,233.49,233.8,233.24,233.66,0
2026-07-30 07:25:00,233.81,234.0,233.25,233.8,0
2026-07-30 07:26:00,233.74,233.99,233.25,233.5,0
2026-07-30 07:27:00,233.74,233.74,233.27,233.52,0
2026-07-30 07:28:00,233.5,234.0,233.45,233.9063,0
2026-07-30 07:29:00,233.73,233.99,233.46,233.5,0
2026-07-30 07:30:00,233.9079,233.99,233.46,233.9,0
2026-07-30 07:31:00,233.85,233.99,233.56,233.83,0
2026-07-30 07:32:00,233.83,234.1,233.76,234.02,0
2026-07-30 07:33:00,233.91,234.56,233.91,234.3373,0
2026-07-30 07:34:00,234.3396,234.36,233.88,234.0,0
2026-07-30 07:35:00,233.9975,234.0,233.84,233.84,0
2026-07-30 07:36:00,233.95,234.1,233.8401,233.98,0
2026-07-30 07:37:00,233.9,234.35,233.9,234.35,0
2026-07-30 07:38:00,234.17,234.44,234.06,234.44,0
2026-07-30 07:39:00,234.39,234.4,234.0,234.25,0
2026-07-30 07:40:00,234.2015,234.36,233.92,234.2414,0
2026-07-30 07:41:00,234.12,234.89,233.95,234.55,0
2026-07-30 07:42:00,234.7,234.89,234.47,234.72,0
2026-07-30 07:43:00,234.53,234.89,234.53,234.7,0
2026-07-30 07:44:00,234.83,234.97,234.23,234.48,0
2026-07-30 07:45:00,234.26,234.69,234.26,234.5,0
2026-07-30 07:46:00,234.45,234.69,234.38,234.51,0
2026-07-30 07:47:00,234.51,234.6156,234.21,234.34,0
2026-07-30 07:48:00,234.23,234.69,234.21,234.2251,0
2026-07-30 07:49:00,234.3,234.3,234.0465,234.2659,0
2026-07-30 07:50:00,234.3,234.5,234.15,234.5,0
2026-07-30 07:51:00,234.5,234.62,234.0101,234.4875,0
2026-07-30 07:52:00,234.5,234.61,234.18,234.61,0
2026-07-30 07:53:00,234.63,234.98,234.35,234.53,0
2026-07-30 07:54:00,234.88,234.98,234.54,234.7334,0
2026-07-30 07:55:00,234.84,234.84,234.0,234.4,0
2026-07-30 07:56:00,234.546,234.546,234.0,234.39,0
2026-07-30 07:57:00,234.387,234.5,234.28,234.5,0
2026-07-30 07:58:00,234.4,234.5,234.3,234.3414,0
2026-07-30 07:59:00,234.422,234.5,234.3,234.32,0
2026-07-30 08:00:00,234.3,234.84,234.15,234.8,0
2026-07-30 08:01:00,234.22,234.649,234.12,234.15,0
2026-07-30 08:02:00,234.36,234.36,233.91,234.01,0
2026-07-30 08:03:00,234.1322,234.1322,233.5,233.5,0
2026-07-30 08:04:00,233.69,234.0,233.57,233.69,0
2026-07-30 08:05:00,234.0,234.0,233.69,233.7155,0
2026-07-30 08:06:00,233.7534,234.0,233.7,233.75,0
2026-07-30 08:07:00,233.5,233.8706,233.5,233.7127,0
2026-07-30 08:08:00,233.71,234.0,233.71,233.842,0
2026-07-30 08:09:00,233.94,233.9901,233.6,233.63,0
2026-07-30 08:10:00,233.7007,233.7087,233.35,233.44,0
2026-07-30 08:11:00,233.38,233.5,233.3015,233.488,0
2026-07-30 08:12:00,233.45,233.8,233.41,233.65,0
2026-07-30 08:13:00,233.64,233.77,233.5,233.624,0
2026-07-30 08:14:00,233.6845,234.1412,233.6196,233.9,0
2026-07-30 08:15:00,233.9,234.15,233.8,234.0,0
2026-07-30 08:16:00,233.91,234.07,233.5,233.51,0
2026-07-30 08:17:00,233.6,233.99,233.28,233.59,0
2026-07-30 08:18:00,233.56,233.59,233.22,233.49,0
2026-07-30 08:19:00,233.6,234.01,233.6,233.84,0
2026-07-30 08:20:00,233.8317,234.04,233.37,233.4,0
2026-07-30 08:21:00,233.65,233.89,233.43,233.826,0
2026-07-30 08:22:00,233.57,233.8733,233.56,233.68,0
2026-07-30 08:23:00,233.56,233.89,233.5,233.6784,0
2026-07-30 08:24:00,233.5563,234.15,233.5563,234.15,0
2026-07-30 08:25:00,234.0,234.0584,233.7,233.75,0
2026-07-30 08:26:00,233.75,233.83,233.43,233.69,0
2026-07-30 08:27:00,233.6768,233.7,233.22,233.23,0
2026-07-30 08:28:00,233.48,233.5,233.12,233.12,0
2026-07-30 08:29:00,233.4337,233.5,233.03,233.42,0
2026-07-30 08:30:00,233.3,234.0,233.17,233.2408,0
2026-07-30 08:31:00,233.21,233.5,232.95,233.04,0
2026-07-30 08:32:00,233.0786,233.09,232.75,232.83,0
2026-07-30 08:33:00,232.81,233.0,232.75,232.8,0
2026-07-30 08:34:00,233.0,233.0,232.5,232.61,0
2026-07-30 08:35:00,232.6919,232.77,232.4,232.56,0
2026-07-30 08:36:00,232.622,232.78,232.4,232.5881,0
2026-07-30 08:37:00,232.77,232.78,232.4,232.4,0
2026-07-30 08:38:00,232.34,232.99,232.33,232.85,0
2026-07-30 08:39:00,232.94,233.09,232.7,233.05,0
2026-07-30 08:40:00,232.9909,233.27,232.85,233.0,0
2026-07-30 08:41:00,233.16,233.16,232.71,232.85,0
2026-07-30 08:42:00,232.99,233.96,232.8,233.34,0
2026-07-30 08:43:00,233.32,233.69,233.32,233.492,0
2026-07-30 08:44:00,233.5682,233.57,233.0,233.4716,0
2026-07-30 08:45:00,233.5,233.89,233.07,233.87,0
2026-07-30 08:46:00,233.86,233.86,233.34,233.48,0
2026-07-30 08:47:00,233.4,233.65,233.17,233.418,0
2026-07-30 08:48:00,233.6342,233.69,233.35,233.55,0
2026-07-30 08:49:00,233.69,233.8,233.6,233.6873,0
2026-07-30 08:50:00,233.6873,233.7,233.2719,233.67,0
2026-07-30 08:51:00,233.8,233.84,233.51,233.7334,0
2026-07-30 08:52:00,233.74,234.1,233.72,233.86,0
2026-07-30 08:53:00,233.92,234.34,233.86,234.3,0
2026-07-30 08:54:00,234.18,234.49,234.0,234.05,0
2026-07-30 08:55:00,234.2864,234.3,233.83,234.0047,0
2026-07-30 08:56:00,234.19,234.39,234.0,234.0,0
2026-07-30 08:57:00,234.0179,234.5,234.0179,234.49,0
2026-07-30 08:58:00,234.48,234.65,234.21,234.3761,0
2026-07-30 08:59:00,234.39,234.51,234.22,234.38,0
2026-07-30 09:00:00,234.5,234.71,234.37,234.66,0
2026-07-30 09:01:00,234.54,235.25,234.4,234.96,0
2026-07-30 09:02:00,235.0191,235.4344,234.9125,235.4,0
2026-07-30 09:03:00,235.01,235.28,234.82,234.98,0
2026-07-30 09:04:00,234.98,235.3,234.88,235.0,0
2026-07-30 09:05:00,235.245,235.3,234.88,235.1204,0
2026-07-30 09:06:00,235.0,235.12,234.88,235.05,0
2026-07-30 09:07:00,235.0127,235.4,235.0,235.12,0
2026-07-30 09:08:00,235.2,235.21,234.9,235.1,0
2026-07-30 09:09:00,235.13,235.18,234.9,234.9,0
2026-07-30 09:10:00,234.88,235.07,234.81,234.85,0
2026-07-30 09:11:00,234.85,234.99,234.5,234.53,0
2026-07-30 09:12:00,234.58,234.9,234.49,234.6747,0
2026-07-30 09:13:00,234.8319,234.9,234.57,234.65,0
2026-07-30 09:14:00,234.69,234.8,234.4913,234.6092,0
2026-07-30 09:15:00,234.51,234.7,234.22,234.62,0
2026-07-30 09:16:00,234.6,234.8,234.42,234.7155,0
2026-07-30 09:17:00,234.8,235.0,234.7,234.92,0
2026-07-30 09:18:00,234.9,235.09,234.9,235.0,0
2026-07-30 09:19:00,235.05,235.09,234.9,235.04,0
2026-07-30 09:20:00,234.95,235.11,234.9,235.027,0
2026-07-30 09:21:00,235.05,235.25,234.93,235.0,0
2026-07-30 09:22:00,235.12,235.23,234.9,235.04,0
2026-07-30 09:23:00,235.0,235.2,234.9,234.9987,0
2026-07-30 09:24:00,234.98,235.18,234.95,235.04,0
2026-07-30 09:25:00,235.1,235.34,235.01,235.13,0
2026-07-30 09:26:00,235.04,235.45,235.0,235.25,0
2026-07-30 09:27:00,235.33,235.5,234.22,234.23,0
2026-07-30 09:28:00,234.25,234.69,233.51,233.74,0
2026-07-30 09:29:00,233.64,234.19,233.3,233.3,0
2026-07-30 09:30:00,233.25,234.2619,231.82,232.94,3918688
2026-07-30 09:31:00,232.94,233.45,231.06,231.24,424770
2026-07-30 09:32:00,231.27,232.37,231.16,232.18,492453
2026-07-30 09:33:00,232.17,232.97,232.01,232.4102,327985
2026-07-30 09:34:00,232.46,233.4,232.3,233.25,372180
2026-07-30 09:35:00,233.19,233.57,232.52,233.28,263825
2026-07-30 09:36:00,233.26,233.67,233.18,233.33,392880
2026-07-30 09:37:00,233.33,234.0,233.25,233.99,250437
2026-07-30 09:38:00,233.99,234.05,233.2,233.37,232812
2026-07-30 09:39:00,233.36,233.43,232.9201,233.37,236293
2026-07-30 09:40:00,233.41,233.6,233.19,233.325,173448
2026-07-30 09:41:00,233.32,233.9799,233.16,233.595,223419
2026-07-30 09:42:00,233.595,234.5,233.55,234.45,321559
2026-07-30 09:43:00,234.47,235.09,234.41,234.75,571014
2026-07-30 09:44:00,234.805,235.13,234.64,234.74,404250
2026-07-30 09:45:00,234.72,235.25,234.68,235.03,252556
2026-07-30 09:46:00,235.09,235.44,234.87,235.345,264278
2026-07-30 09:47:00,235.335,235.365,234.76,234.87,331119
2026-07-30 09:48:00,234.885,235.21,234.73,234.875,309742
2026-07-30 09:49:00,234.875,235.18,234.82,235.135,322394
2026-07-30 09:50:00,235.14,235.57,235.01,235.38,345416
2026-07-30 09:51:00,235.4198,235.76,235.2901,235.66,353139
2026-07-30 09:52:00,235.64,235.84,235.17,235.505,344785
2026-07-30 09:53:00,235.52,236.23,235.5,235.98,348530
2026-07-30 09:54:00,235.98,236.31,235.85,236.16,302082
2026-07-30 09:55:00,236.13,236.46,236.07,236.3499,245568
2026-07-30 09:56:00,236.33,236.58,235.98,236.56,459452
2026-07-30 09:57:00,236.56,236.71,236.38,236.52,203158
2026-07-30 09:58:00,236.5195,236.87,236.3,236.85,242931
2026-07-30 09:59:00,236.85,237.02,236.65,236.79,274989
2026-07-30 10:00:00,236.78,237.2025,236.6,237.2025,283786
2026-07-30 10:01:00,237.2,237.405,237.09,237.35,4479571
2026-07-30 10:02:00,237.37,237.555,236.7401,236.92,469325
2026-07-30 10:03:00,236.92,236.92,235.87,236.42,297787
2026-07-30 10:04:00,236.4,237.04,236.22,236.955,193885
2026-07-30 10:05:00,236.985,237.2,236.6,237.16,242056
2026-07-30 10:06:00,237.135,237.1599,236.725,236.865,225498
2026-07-30 10:07:00,236.855,236.98,236.6,236.92,142695
2026-07-30 10:08:00,236.93,237.05,236.68,236.875,145292
2026-07-30 10:09:00,236.865,237.1,236.85,237.0899,180358
2026-07-30 10:10:00,237.06,237.22,236.54,236.66,314138
2026-07-30 10:11:00,236.65,237.78,236.51,237.74,340039
2026-07-30 10:12:00,237.71,237.85,237.45,237.7,270248
2026-07-30 10:13:00,237.68,238.37,237.64,238.12,397439
2026-07-30 10:14:00,238.06,238.38,238.0,238.095,312130
2026-07-30 10:15:00,238.12,238.35,237.745,237.8788,330825
2026-07-30 10:16:00,237.87,238.0,237.51,237.82,272979
2026-07-30 10:17:00,237.85,238.1,237.7532,237.88,159181
2026-07-30 10:18:00,237.825,237.87,237.22,237.42,277639
2026-07-30 10:19:00,237.39,237.5,236.75,237.08,164453
2026-07-30 10:20:00,237.03,237.11,236.78,236.925,144587
2026-07-30 10:21:00,236.925,237.13,236.8301,236.99,128690
2026-07-30 10:22:00,236.975,237.175,236.85,237.03,118374
2026-07-30 10:23:00,237.03,237.085,236.86,236.876,103431
2026-07-30 10:24:00,236.815,236.905,236.6,236.66,151219
2026-07-30 10:25:00,236.68,236.95,236.6301,236.74,157339
2026-07-30 10:26:00,236.72,237.35,236.62,237.28,133303
2026-07-30 10:27:00,237.26,237.4599,237.21,237.42,161140
2026-07-30 10:28:00,237.42,237.77,237.33,237.58,188522
2026-07-30 10:29:00,237.58,237.62,237.2605,237.31,144411
2026-07-30 10:30:00,237.31,237.755,237.165,237.66,174382
2026-07-30 10:31:00,237.69,237.99,237.58,237.9,136684
2026-07-30 10:32:00,237.875,238.1378,237.79,238.13,147810
2026-07-30 10:33:00,238.11,238.11,237.765,237.885,119138
2026-07-30 10:34:00,237.88,237.94,237.46,237.71,115482
2026-07-30 10:35:00,237.68,237.745,237.11,237.25,156104
2026-07-30 10:36:00,237.2235,237.61,237.2235,237.61,78216
2026-07-30 10:37:00,237.595,237.71,237.5174,237.57,109777
2026-07-30 10:38:00,237.54,237.59,237.33,237.38,111120
2026-07-30 10:39:00,237.38,237.4999,237.3,237.45,179715
2026-07-30 10:40:00,237.425,237.575,237.21,237.575,126127
2026-07-30 10:41:00,237.565,237.84,237.53,237.84,170990
2026-07-30 10:42:00,237.785,237.82,237.31,237.33,114677
2026-07-30 10:43:00,237.33,237.49,237.25,237.3478,108175
2026-07-30 10:44:00,237.31,237.58,237.18,237.2937,104589
2026-07-30 10:45:00,237.345,237.61,237.33,237.61,73697
2026-07-30 10:46:00,237.62,237.67,237.35,237.46,120649
2026-07-30 10:47:00,237.445,237.665,237.4,237.45,87184
2026-07-30 10:48:00,237.44,237.445,237.21,237.35,110069
2026-07-30 10:49:00,237.4,237.44,236.67,236.92,223469
2026-07-30 10:50:00,236.92,237.12,236.8,237.075,71121
2026-07-30 10:51:00,237.095,237.4,237.075,237.4,141663
2026-07-30 10:52:00,237.39,237.45,237.0501,237.1,103922
2026-07-30 10:53:00,237.12,237.305,237.08,237.19,101469
2026-07-30 10:54:00,237.15,237.38,237.06,237.28,77557
2026-07-30 10:55:00,237.275,237.33,236.99,237.1251,210748
2026-07-30 10:56:00,237.17,237.17,236.9,237.17,93332
2026-07-30 10:57:00,237.14,237.23,237.04,237.23,95115
2026-07-30 10:58:00,237.14,237.52,237.13,237.52,95584
2026-07-30 10:59:00,237.495,237.6,236.8929,237.02,111649
2026-07-30 11:00:00,237.05,237.12,236.786,236.83,115440
2026-07-30 11:01:00,236.82,237.1,236.8186,237.1,63690
2026-07-30 11:02:00,237.08,237.08,236.76,236.87,139966
2026-07-30 11:03:00,236.88,237.085,236.83,237.0475,76041
2026-07-30 11:04:00,237.055,237.17,236.915,236.985,75704
2026-07-30 11:05:00,236.99,237.25,236.98,237.25,112904
2026-07-30 11:06:00,237.215,237.3,236.88,237.23,126413
2026-07-30 11:07:00,237.215,237.2156,237.0,237.08,73186
2026-07-30 11:08:00,237.1,237.15,236.9772,237.15,70983
2026-07-30 11:09:00,237.15,237.37,236.97,237.1901,70913
2026-07-30 11:10:00,237.19,237.195,236.73,236.82,61108
2026-07-30 11:11:00,236.83,236.8995,236.64,236.7,69295
2026-07-30 11:12:00,236.6999,236.78,236.585,236.68,86166
2026-07-30 11:13:00,236.66,236.68,236.43,236.59,81255
2026-07-30 11:14:00,236.575,236.66,236.465,236.54,92022
2026-07-30 11:15:00,236.495,236.755,236.3275,236.755,77747
2026-07-30 11:16:00,236.76,237.055,236.7,236.92,120891
2026-07-30 11:17:00,236.895,237.07,236.6214,236.835,62496
2026-07-30 11:18:00,236.86,237.02,236.8,236.91,61428
2026-07-30 11:19:00,236.865,237.01,236.78,236.965,85185
2026-07-30 11:20:00,236.955,236.98,236.61,236.93,102985
2026-07-30 11:21:00,236.93,237.37,236.83,237.27,110106
2026-07-30 11:22:00,237.285,237.4099,237.08,237.15,159090
2026-07-30 11:23:00,237.1571,237.21,236.7,236.985,98102
2026-07-30 11:24:00,236.97,237.05,236.8106,236.87,79710
2026-07-30 11:25:00,236.9099,237.0797,236.66,236.6955,73139
2026-07-30 11:26:00,236.69,236.79,236.46,236.79,65393
2026-07-30 11:27:00,236.8,237.01,236.69,236.93,87936
2026-07-30 11:28:00,236.93,237.03,236.7501,236.79,57591
2026-07-30 11:29:00,236.82,236.9,236.54,236.55,69568
2026-07-30 11:30:00,236.56,236.805,236.45,236.745,102895
2026-07-30 11:31:00,236.75,237.05,236.67,236.92,122835
2026-07-30 11:32:00,236.93,237.1,236.91,237.02,138373
2026-07-30 11:33:00,237.01,237.275,236.95,237.275,78729
2026-07-30 11:34:00,237.28,237.48,237.15,237.48,86553
2026-07-30 11:35:00,237.48,237.64,237.43,237.44,120024
2026-07-30 11:36:00,237.44,237.7,237.36,237.7,73323
2026-07-30 11:37:00,237.68,237.68,237.25,237.27,79273
2026-07-30 11:38:00,237.29,237.5483,237.25,237.345,94823
2026-07-30 11:39:00,237.39,237.44,237.31,237.405,46828
2026-07-30 11:40:00,237.4204,237.5383,237.21,237.42,92901
2026-07-30 11:41:00,237.44,237.57,237.35,237.555,53398
2026-07-30 11:42:00,237.53,237.66,237.5,237.65,51273
2026-07-30 11:43:00,237.65,237.815,237.63,237.78,82828
2026-07-30 11:44:00,237.79,237.92,237.74,237.805,88133
2026-07-30 11:45:00,237.81,237.93,237.74,237.8,83500
2026-07-30 11:46:00,237.8,237.96,237.715,237.955,53887
2026-07-30 11:47:00,237.945,238.16,237.93,237.94,170798
2026-07-30 11:48:00,237.94,238.1,237.8,237.8,84298
2026-07-30 11:49:00,237.841,237.9,237.75,237.9,54043
2026-07-30 11:50:00,237.91,238.0,237.78,237.93,71975
2026-07-30 11:51:00,237.91,237.94,237.673,237.86,112747
2026-07-30 11:52:00,237.93,237.98,237.665,237.715,55487
2026-07-30 11:53:00,237.7051,238.34,237.7051,238.34,136810
2026-07-30 11:54:00,238.33,238.48,238.23,238.46,119751
2026-07-30 11:55:00,238.44,238.59,238.405,238.5,124188
2026-07-30 11:56:00,238.44,238.71,238.23,238.255,110981
2026-07-30 11:57:00,238.2475,238.29,238.11,238.215,76704
2026-07-30 11:58:00,238.21,238.215,237.99,238.09,72245
2026-07-30 11:59:00,238.1,238.29,238.05,238.19,120649
2026-07-30 12:00:00,238.195,238.245,238.0,238.12,101643
2026-07-30 12:01:00,238.12,238.466,238.12,238.45,124152
2026-07-30 12:02:00,238.43,238.5,238.25,238.44,127147
2026-07-30 12:03:00,238.4799,238.73,238.42,238.675,138542
2026-07-30 12:04:00,238.665,238.99,238.555,238.9175,200358
2026-07-30 12:05:00,238.93,239.08,238.87,238.91,159127
2026-07-30 12:06:00,238.92,239.18,238.9,238.97,148383
2026-07-30 12:07:00,238.9596,239.01,238.815,238.98,135370
2026-07-30 12:08:00,239.0,239.36,238.995,239.21,503204
2026-07-30 12:09:00,239.2,239.33,239.036,239.18,212495
2026-07-30 12:10:00,239.13,239.24,239.125,239.19,62100
2026-07-30 12:11:00,239.17,239.4,239.0,239.3699,130850
2026-07-30 12:12:00,239.3674,239.43,239.2,239.41,89513
2026-07-30 12:13:00,239.425,239.49,239.21,239.24,139435
2026-07-30 12:14:00,239.24,239.33,239.0665,239.16,86271
2026-07-30 12:15:00,239.17,239.2,238.91,238.925,83121
2026-07-30 12:16:00,238.925,239.0,238.675,238.82,94941
2026-07-30 12:17:00,238.78,238.8196,238.4931,238.68,78221
2026-07-30 12:18:00,238.705,238.84,238.4601,238.6,137821
2026-07-30 12:19:00,238.58,238.67,238.36,238.47,139177
2026-07-30 12:20:00,238.48,238.83,238.38,238.83,184969
2026-07-30 12:21:00,238.84,239.0,238.76,238.886,105252
2026-07-30 12:22:00,238.8988,238.8988,238.625,238.6899,133633
2026-07-30 12:23:00,238.6925,238.8691,238.69,238.76,119328
2026-07-30 12:24:00,238.75,238.8,238.64,238.72,105625
2026-07-30 12:25:00,238.69,238.74,238.53,238.575,105868
2026-07-30 12:26:00,238.59,238.6,238.4,238.53,109553
2026-07-30 12:27:00,238.545,238.69,238.53,238.655,60524
2026-07-30 12:28:00,238.645,238.6599,238.53,238.65,46731
2026-07-30 12:29:00,238.635,238.775,238.5805,238.7,103778
2026-07-30 12:30:00,238.67,238.6797,238.36,238.41,103283
2026-07-30 12:31:00,238.4494,238.64,238.4,238.635,84794
2026-07-30 12:32:00,238.635,238.96,238.635,238.69,124254
2026-07-30 12:33:00,238.7,238.84,238.64,238.7898,55457
2026-07-30 12:34:00,238.7692,238.98,238.73,238.85,120142
2026-07-30 12:35:00,238.8543,238.8899,238.775,238.795,85995
2026-07-30 12:36:00,238.785,238.89,238.685,238.755,79311
2026-07-30 12:37:00,238.76,238.77,238.63,238.7201,40168
2026-07-30 12:38:00,238.72,238.88,238.59,238.86,77725
2026-07-30 12:39:00,238.84,238.92,238.625,238.755,117009
2026-07-30 12:40:00,238.77,238.81,238.59,238.61,104645
2026-07-30 12:41:00,238.63,238.8265,238.56,238.72,51796
2026-07-30 12:42:00,238.75,238.77,238.6,238.65,41534
2026-07-30 12:43:00,238.63,238.89,238.62,238.83,60909
2026-07-30 12:44:00,238.83,238.83,238.62,238.64,140019
2026-07-30 12:45:00,238.62,238.84,238.56,238.739,75669
2026-07-30 12:46:00,238.705,238.86,238.67,238.74,120649
2026-07-30 12:47:00,238.76,238.82,238.65,238.8,68532
2026-07-30 12:48:00,238.7808,238.83,238.65,238.65,53868
2026-07-30 12:49:00,238.65,238.68,238.54,238.625,38399
2026-07-30 12:50:00,238.65,238.66,238.4347,238.505,55924
2026-07-30 12:51:00,238.5,238.7,238.48,238.665,57562
2026-07-30 12:52:00,238.675,238.7199,238.62,238.69,64790
2026-07-30 12:53:00,238.68,238.7,238.55,238.615,54806
2026-07-30 12:54:00,238.58,238.64,238.51,238.515,39275
2026-07-30 12:55:00,238.53,238.6699,238.44,238.664,48036
2026-07-30 12:56:00,238.62,238.67,238.53,238.54,35139
2026-07-30 12:57:00,238.54,238.57,238.32,238.3755,120091
2026-07-30 12:58:00,238.36,238.45,238.28,238.435,98981
2026-07-30 12:59:00,238.435,238.46,238.18,238.2,82279
2026-07-30 13:00:00,238.195,238.59,238.195,238.4899,154199
2026-07-30 13:01:00,238.485,238.65,238.4309,238.645,65069
2026-07-30 13:02:00,238.67,238.76,238.615,238.62,79877
2026-07-30 13:03:00,238.62,238.63,238.4708,238.525,58358
2026-07-30 13:04:00,238.51,238.65,238.5,238.62,81099
2026-07-30 13:05:00,238.625,238.75,238.58,238.7,114623
2026-07-30 13:06:00,238.7,238.71,238.39,238.42,77654
2026-07-30 13:07:00,238.42,238.4299,238.29,238.36,46250
2026-07-30 13:08:00,238.365,238.415,238.33,238.38,61435
2026-07-30 13:09:00,238.36,238.44,238.16,238.365,68987
2026-07-30 13:10:00,238.365,238.58,238.33,238.51,103707
2026-07-30 13:11:00,238.51,238.5299,238.195,238.33,81758
2026-07-30 13:12:00,238.35,238.3699,238.17,238.205,64159
2026-07-30 13:13:00,238.205,238.26,238.105,238.15,57390
2026-07-30 13:14:00,238.14,238.3399,238.14,238.24,51780
2026-07-30 13:15:00,238.235,238.2699,238.0,238.13,70467
2026-07-30 13:16:00,238.1299,238.165,238.03,238.0301,74882
2026-07-30 13:17:00,238.05,238.075,237.7301,237.7301,64242
2026-07-30 13:18:00,237.755,237.84,237.7,237.76,68937
2026-07-30 13:19:00,237.75,237.85,237.75,237.83,129311
2026-07-30 13:20:00,237.84,237.86,237.655,237.72,57746
2026-07-30 13:21:00,237.72,237.72,237.55,237.57,58752
2026-07-30 13:22:00,237.54,237.58,237.5,237.56,64383
2026-07-30 13:23:00,237.57,237.6699,237.5,237.59,73197
2026-07-30 13:24:00,237.6,237.65,237.53,237.56,75721
2026-07-30 13:25:00,237.59,237.63,237.51,237.59,49620
2026-07-30 13:26:00,237.595,237.67,237.5345,237.61,49244
2026-07-30 13:27:00,237.63,237.7499,237.6,237.6099,44568
2026-07-30 13:28:00,237.59,237.72,237.55,237.715,71576
2026-07-30 13:29:00,237.71,237.82,237.69,237.77,80611
2026-07-30 13:30:00,237.75,237.9699,237.745,237.8601,49531
2026-07-30 13:31:00,237.88,237.95,237.8,237.87,82457
2026-07-30 13:32:00,237.87,237.88,237.64,237.73,84028
2026-07-30 13:33:00,237.76,237.83,237.62,237.66,87995
2026-07-30 13:34:00,237.645,237.66,237.51,237.59,67116
2026-07-30 13:35:00,237.6,237.675,237.45,237.6725,76483
2026-07-30 13:36:00,237.6769,237.8199,237.65,237.8099,69206
2026-07-30 13:37:00,237.795,237.86,237.6401,237.6401,117267
2026-07-30 13:38:00,237.64,237.745,237.53,237.72,71419
2026-07-30 13:39:00,237.71,237.73,237.615,237.72,49131
2026-07-30 13:40:00,237.72,237.88,237.66,237.715,78078
2026-07-30 13:41:00,237.71,237.8,237.6721,237.77,38991
2026-07-30 13:42:00,237.77,237.96,237.77,237.905,61557
2026-07-30 13:43:00,237.92,238.125,237.9,238.02,70207
2026-07-30 13:44:00,238.055,238.07,237.88,237.9,59186
2026-07-30 13:45:00,237.91,237.95,237.78,237.79,58591
2026-07-30 13:46:00,237.76,238.0,237.76,237.93,74085
2026-07-30 13:47:00,237.925,237.98,237.81,237.825,40855
2026-07-30 13:48:00,237.82,237.8999,237.8,237.86,43556
2026-07-30 13:49:00,237.84,237.8696,237.75,237.755,41603
2026-07-30 13:50:00,237.74,237.87,237.72,237.84,48858
2026-07-30 13:51:00,237.85,237.99,237.83,237.92,66096
2026-07-30 13:52:00,237.9299,237.98,237.77,237.84,63367
2026-07-30 13:53:00,237.835,237.835,237.76,237.7825,32296
2026-07-30 13:54:00,237.775,237.8,237.63,237.635,61320
2026-07-30 13:55:00,237.63,237.84,237.61,237.84,64873
2026-07-30 13:56:00,237.825,237.88,237.79,237.84,55611
2026-07-30 13:57:00,237.84,237.85,237.57,237.621,73087
2026-07-30 13:58:00,237.64,237.72,237.49,237.495,60833
2026-07-30 13:59:00,237.495,237.68,237.495,237.58,77635
2026-07-30 14:00:00,237.59,237.605,237.5,237.585,72573
2026-07-30 14:01:00,237.57,237.66,237.48,237.515,68691
2026-07-30 14:02:00,237.515,237.6,237.43,237.49,68329
2026-07-30 14:03:00,237.49,237.49,237.365,237.39,64927
2026-07-30 14:04:00,237.42,237.4656,237.29,237.31,81225
2026-07-30 14:05:00,237.31,237.4599,237.24,237.26,48713
2026-07-30 14:06:00,237.26,237.4,237.26,237.38,42458
2026-07-30 14:07:00,237.375,237.375,237.03,237.155,220567
2026-07-30 14:08:00,237.13,237.28,236.98,237.275,275943
2026-07-30 14:09:00,237.29,237.375,237.18,237.2775,86952
2026-07-30 14:10:00,237.27,237.32,237.0,237.0699,129497
2026-07-30 14:11:00,237.07,237.14,236.98,237.12,297084
2026-07-30 14:12:00,237.12,237.19,236.91,237.1899,104278
2026-07-30 14:13:00,237.17,237.28,237.14,237.26,48270
2026-07-30 14:14:00,237.27,237.37,237.25,237.265,68841
2026-07-30 14:15:00,237.265,237.49,237.2625,237.35,63717
2026-07-30 14:16:00,237.355,237.6,237.32,237.555,165561
2026-07-30 14:17:00,237.5499,237.63,237.4436,237.6101,70376
2026-07-30 14:18:00,237.63,237.66,237.4501,237.6599,69611
2026-07-30 14:19:00,237.6595,237.68,237.52,237.53,53528
2026-07-30 14:20:00,237.525,237.67,237.48,237.67,49243
2026-07-30 14:21:00,237.64,237.735,237.535,237.63,121261
2026-07-30 14:22:00,237.63,237.68,237.5,237.51,79334
2026-07-30 14:23:00,237.525,237.56,237.28,237.3567,116580
2026-07-30 14:24:00,237.39,237.5799,237.38,237.47,51692
2026-07-30 14:25:00,237.51,237.72,237.51,237.625,52988
2026-07-30 14:26:00,237.62,237.62,237.201,237.42,22115
2026-07-30 14:27:00,237.44,237.45,237.26,237.26,163575
2026-07-30 14:28:00,237.275,237.44,237.26,237.4,66063
2026-07-30 14:29:00,237.4195,237.47,237.35,237.408,66112
2026-07-30 14:30:00,237.43,237.58,237.42,237.5799,39543
2026-07-30 14:31:00,237.56,237.5699,237.3,237.5,245823
2026-07-30 14:32:00,237.52,237.53,237.3801,237.47,67983
2026-07-30 14:33:00,237.485,237.59,237.485,237.51,93794
2026-07-30 14:34:00,237.5,237.65,237.47,237.595,49396
2026-07-30 14:35:00,237.59,237.66,237.51,237.53,106811
2026-07-30 14:36:00,237.53,237.53,237.4,237.518,80881
2026-07-30 14:37:00,237.52,237.57,237.43,237.52,82899
2026-07-30 14:38:00,237.535,237.545,237.325,237.325,54824
2026-07-30 14:39:00,237.34,237.39,237.28,237.29,50268
2026-07-30 14:40:00,237.295,237.35,237.1201,237.245,91697
2026-07-30 14:41:00,237.23,237.2626,237.04,237.07,93273
2026-07-30 14:42:00,237.08,237.22,237.04,237.0944,92916
2026-07-30 14:43:00,237.1,237.22,237.1,237.17,52806
2026-07-30 14:44:00,237.175,237.262,237.15,237.25,47335
2026-07-30 14:45:00,237.23,237.31,237.2,237.31,54204
2026-07-30 14:46:00,237.31,237.46,237.31,237.44,60337
2026-07-30 14:47:00,237.45,237.475,237.39,237.47,57219
2026-07-30 14:48:00,237.45,237.47,237.17,237.17,74192
2026-07-30 14:49:00,237.16,237.3889,237.16,237.38,45859
2026-07-30 14:50:00,237.39,237.55,237.385,237.465,49175
2026-07-30 14:51:00,237.45,237.62,237.43,237.595,159986
2026-07-30 14:52:00,237.61,237.625,237.41,237.41,54242
2026-07-30 14:53:00,237.415,237.51,237.38,237.49,59949
2026-07-30 14:54:00,237.51,237.7599,237.51,237.73,77247
2026-07-30 14:55:00,237.73,237.82,237.56,237.68,109240
2026-07-30 14:56:00,237.67,237.79,237.61,237.79,63053
2026-07-30 14:57:00,237.79,237.82,237.7,237.76,66496
2026-07-30 14:58:00,237.74,237.83,237.73,237.78,66018
2026-07-30 14:59:00,237.76,237.91,237.76,237.79,96795
2026-07-30 15:00:00,237.785,237.794,237.43,237.77,300947
2026-07-30 15:01:00,237.75,237.79,237.65,237.75,86495
2026-07-30 15:02:00,237.76,237.8,237.64,237.725,81284
2026-07-30 15:03:00,237.72,237.81,237.63,237.63,148447
2026-07-30 15:04:00,237.61,237.7599,237.58,237.69,111182
2026-07-30 15:05:00,237.69,237.9,237.64,237.7,272591
2026-07-30 15:06:00,237.71,237.81,237.52,237.77,241720
2026-07-30 15:07:00,237.76,237.88,237.71,237.82,231727
2026-07-30 15:08:00,237.805,238.04,237.79,238.0,238997
2026-07-30 15:09:00,238.025,238.19,237.89,238.1,164448
2026-07-30 15:10:00,238.1019,238.41,238.07,238.3,178360
2026-07-30 15:11:00,238.29,238.58,238.17,238.4232,217059
2026-07-30 15:12:00,238.415,238.7,238.315,238.7,191581
2026-07-30 15:13:00,238.69,238.94,238.6254,238.835,248144
2026-07-30 15:14:00,238.86,238.95,238.78,238.87,195936
2026-07-30 15:15:00,238.87,239.04,238.83,238.99,133382
2026-07-30 15:16:00,238.98,239.08,238.81,239.04,230977
2026-07-30 15:17:00,239.0301,239.1299,238.96,239.0099,115190
2026-07-30 15:18:00,239.01,239.54,238.98,239.506,288020
2026-07-30 15:19:00,239.495,239.65,239.412,239.6,181989
2026-07-30 15:20:00,239.58,239.63,239.48,239.585,200227
2026-07-30 15:21:00,239.5698,239.6199,239.3301,239.39,451562
2026-07-30 15:22:00,239.395,239.49,239.15,239.26,311219
2026-07-30 15:23:00,239.27,239.33,239.22,239.255,109780
2026-07-30 15:24:00,239.25,239.4,239.21,239.23,247116
2026-07-30 15:25:00,239.225,239.41,239.19,239.41,149624
2026-07-30 15:26:00,239.41,239.54,239.305,239.465,120500
2026-07-30 15:27:00,239.465,239.694,239.45,239.6,205079
2026-07-30 15:28:00,239.5999,239.8236,239.54,239.63,171048
2026-07-30 15:29:00,239.65,239.65,239.37,239.52,241058
2026-07-30 15:30:00,239.54,239.765,239.49,239.74,213680
2026-07-30 15:31:00,239.73,239.77,239.6,239.705,250634
2026-07-30 15:32:00,239.72,239.75,239.24,239.27,207791
2026-07-30 15:33:00,239.27,239.47,239.03,239.21,316127
2026-07-30 15:34:00,239.21,239.2759,239.05,239.115,224963
2026-07-30 15:35:00,239.12,239.1973,238.405,238.44,251492
2026-07-30 15:36:00,238.42,238.47,237.96,238.0599,207023
2026-07-30 15:37:00,237.98,238.33,237.86,237.95,189832
2026-07-30 15:38:00,237.975,238.1299,237.85,237.91,135454
2026-07-30 15:39:00,237.9,238.09,237.8,237.8,106590
2026-07-30 15:40:00,237.8085,238.0,237.565,237.96,209165
2026-07-30 15:41:00,237.9788,238.26,237.82,238.25,185765
2026-07-30 15:42:00,238.25,238.25,237.6,237.63,216647
2026-07-30 15:43:00,237.63,237.67,237.3105,237.5927,293458
2026-07-30 15:44:00,237.55,237.7699,237.54,237.6099,124135
2026-07-30 15:45:00,237.59,237.89,237.48,237.855,154592
2026-07-30 15:46:00,237.855,237.855,237.42,237.48,170199
2026-07-30 15:47:00,237.485,237.74,237.48,237.54,142096
2026-07-30 15:48:00,237.53,237.688,237.48,237.565,189474
2026-07-30 15:49:00,237.5695,237.58,237.15,237.385,240523
2026-07-30 15:50:00,237.41,237.57,236.85,236.99,372247
2026-07-30 15:51:00,236.98,237.0532,236.74,236.875,265476
2026-07-30 15:52:00,236.86,237.345,236.8,237.27,274718
2026-07-30 15:53:00,237.28,237.3955,236.87,237.04,375358
2026-07-30 15:54:00,237.04,237.19,236.4,236.655,505481
2026-07-30 15:55:00,236.63,236.65,235.05,235.08,968947
2026-07-30 15:56:00,235.07,235.6,235.01,235.58,677076
2026-07-30 15:57:00,235.55,235.84,234.7801,235.225,1328939
2026-07-30 15:58:00,235.25,235.7,234.94,234.955,1540938
2026-07-30 15:59:00,234.955,236.12,234.8325,236.03,2207995
2026-07-30 16:00:00,235.5,236.28,235.11,235.49,8622251
2026-07-30 16:01:00,235.62,248.75,235.5,247.04,0
2026-07-30 16:02:00,247.02,255.16,247.0,254.85,0
2026-07-30 16:03:00,254.85,256.5,249.69,250.0897,0
2026-07-30 16:04:00,250.09,252.35,235.5,252.1,0
2026-07-30 16:05:00,252.055,252.95,235.5,251.3,0
2026-07-30 16:06:00,251.4458,251.5,248.15,249.53,0
2026-07-30 16:07:00,250.0,252.49,249.0,250.6907,0
2026-07-30 16:08:00,250.64,251.5,249.5,250.032,0
2026-07-30 16:09:00,250.24,250.31,248.0,248.55,0
2026-07-30 16:10:00,248.3,251.6,235.5,251.122,0
2026-07-30 16:11:00,251.4448,251.88,247.5,250.25,0
2026-07-30 16:12:00,250.26,251.5,250.0,251.15,0
2026-07-30 16:13:00,251.1417,252.75,251.0,251.69,0
2026-07-30 16:14:00,251.94,253.4,251.0,252.975,0
2026-07-30 16:15:00,235.5,255.55,235.5,255.48,0
2026-07-30 16:16:00,255.3351,257.89,255.0,257.6,0
2026-07-30 16:17:00,257.6,257.66,255.41,255.88,0
2026-07-30 16:18:00,255.4272,257.99,255.21,255.83,0
2026-07-30 16:19:00,255.8864,257.02,255.7,256.95,0
2026-07-30 16:20:00,256.91,257.4,256.15,256.2,0
2026-07-30 16:21:00,256.31,257.45,256.0,256.83,0
2026-07-30 16:22:00,256.69,257.4,256.52,256.8035,0
2026-07-30 16:23:00,256.75,257.8,255.98,256.203,0
2026-07-30 16:24:00,256.2,256.85,254.11,254.9721,0
2026-07-30 16:25:00,254.99,255.0,253.0,254.25,0
2026-07-30 16:26:00,254.0,255.86,254.0,255.2,0
2026-07-30 16:27:00,255.1222,255.74,255.0,255.11,0
2026-07-30 16:28:00,255.031,255.5,255.0,255.1,0
2026-07-30 16:29:00,255.24,255.5,255.0,255.28,0
2026-07-30 16:30:00,255.25,256.21,255.25,256.131,0
2026-07-30 16:31:00,255.95,256.87,255.49,255.9995,0
2026-07-30 16:32:00,255.99,256.21,255.48,256.1,0
2026-07-30 16:33:00,256.0308,256.69,255.6,256.2273,0
2026-07-30 16:34:00,256.16,257.41,255.94,256.12,0
2026-07-30 16:35:00,256.04,256.44,255.0,255.3,0
2026-07-30 16:36:00,255.01,255.3,251.84,252.26,0
2026-07-30 16:37:00,252.33,252.75,250.55,252.11,0
2026-07-30 16:38:00,252.4,252.89,235.5,252.11,0
2026-07-30 16:39:00,252.22,252.34,250.75,252.0,0
2026-07-30 16:40:00,252.0012,252.94,251.34,252.5,0
2026-07-30 16:41:00,252.71,252.93,251.84,252.01,0
2026-07-30 16:42:00,252.11,252.9,251.58,252.61,0
2026-07-30 16:43:00,252.72,253.0,251.82,252.3279,0
2026-07-30 16:44:00,252.3283,253.34,237.2502,253.03,0
2026-07-30 16:45:00,253.16,254.2016,252.5,252.55,0
2026-07-30 16:46:00,252.64,252.7,252.5,252.5679,0
2026-07-30 16:47:00,252.5,252.58,251.56,252.0,0
2026-07-30 16:48:00,251.9408,264.3478,251.9,252.53,0
2026-07-30 16:49:00,252.47,253.81,252.41,252.94,0
2026-07-30 16:50:00,253.0,257.0107,252.8,253.38,0
2026-07-30 16:51:00,253.23,253.98,252.85,253.8009,0
2026-07-30 16:52:00,253.83,254.33,253.38,254.33,0
2026-07-30 16:53:00,254.1606,254.49,249.8114,254.2715,0
2026-07-30 16:54:00,254.2568,255.02,253.84,254.9,0
2026-07-30 16:55:00,254.81,255.8,249.8114,255.46,0
2026-07-30 16:56:00,255.32,264.3478,254.75,254.9,0
2026-07-30 16:57:00,254.95,254.97,253.92,253.92,0
2026-07-30 16:58:00,253.9487,254.51,253.01,254.22,0
2026-07-30 16:59:00,253.78,254.75,253.7701,254.5401,0
2026-07-30 17:00:00,254.5419,254.6,253.5,254.28,0
2026-07-30 17:01:00,254.3,257.0107,253.3,253.3,0
2026-07-30 17:02:00,254.0,254.07,253.3,253.83,0
2026-07-30 17:03:00,253.8,254.5,251.9,252.41,0
2026-07-30 17:04:00,252.52,253.71,252.3,253.24,0
2026-07-30 17:05:00,253.0,254.79,253.0,253.7713,0
2026-07-30 17:06:00,253.99,254.0,252.69,252.7894,0
2026-07-30 17:07:00,252.7571,252.81,251.25,251.6741,0
2026-07-30 17:08:00,251.52,251.75,250.77,251.0,0
2026-07-30 17:09:00,251.0,252.0,251.0,252.0,0
2026-07-30 17:10:00,251.86,252.41,251.0,251.1232,0
2026-07-30 17:11:00,251.05,251.7,250.41,251.2,0
2026-07-30 17:12:00,251.0,255.5,251.0,254.5142,0
2026-07-30 17:13:00,254.42,255.94,251.13,254.1,0
2026-07-30 17:14:00,253.74,256.5,250.01,255.6,0
2026-07-30 17:15:00,255.3,258.37,254.05,256.64,0
2026-07-30 17:16:00,256.3217,260.16,256.3217,259.46,0
2026-07-30 17:17:00,259.1151,259.9,257.0,258.9552,0
2026-07-30 17:18:00,258.98,259.0,257.51,258.0,0
2026-07-30 17:19:00,258.0,258.8,256.5,258.4,0
2026-07-30 17:20:00,258.38,258.8,257.19,257.19,0
2026-07-30 17:21:00,257.05,258.0,256.6001,257.3605,0
2026-07-30 17:22:00,256.6,257.6,255.36,256.0544,0
2026-07-30 17:23:00,256.2,256.71,255.01,256.499,0
2026-07-30 17:24:00,256.42,256.71,256.0,256.4845,0
2026-07-30 17:25:00,256.4,256.5,255.2,255.49,0
2026-07-30 17:26:00,255.5,255.5,254.12,254.89,0
2026-07-30 17:27:00,254.75,254.8783,254.03,254.2,0
2026-07-30 17:28:00,254.2,255.5,254.03,255.16,0
2026-07-30 17:29:00,255.4,255.5,254.55,255.0,0
2026-07-30 17:30:00,254.99,255.0,254.0,254.256,0
2026-07-30 17:31:00,254.24,254.5,254.03,254.2654,0
2026-07-30 17:32:00,254.41,255.25,254.13,255.12,0
2026-07-30 17:33:00,255.12,256.28,254.6,256.1972,0
2026-07-30 17:34:00,256.2,257.66,256.0,257.0098,0
2026-07-30 17:35:00,257.0035,257.98,257.0035,257.25,0
2026-07-30 17:36:00,257.2781,257.38,256.99,257.02,0
2026-07-30 17:37:00,257.0008,257.23,256.29,257.2,0
2026-07-30 17:38:00,257.1675,257.57,256.5,257.0,0
2026-07-30 17:39:00,257.0,258.7,257.0,258.3,0
2026-07-30 17:40:00,258.31,259.15,258.0,258.62,0
2026-07-30 17:41:00,258.63,259.25,258.53,259.14,0
2026-07-30 17:42:00,259.2,259.2583,257.5,257.99,0
2026-07-30 17:43:00,257.8621,257.99,257.0,257.25,0
2026-07-30 17:44:00,257.15,258.0,257.15,257.54,0
2026-07-30 17:45:00,257.746,258.5,257.12,258.5,0
2026-07-30 17:46:00,258.195,259.0,258.0,258.9,0
2026-07-30 17:47:00,258.9,259.0,258.0,258.5,0
2026-07-30 17:48:00,258.25,258.9,258.05,258.56,0
2026-07-30 17:49:00,258.3042,258.4121,257.8,258.24,0
2026-07-30 17:50:00,258.23,258.57,258.0,258.5,0
2026-07-30 17:51:00,258.45,259.18,258.3,258.9979,0
2026-07-30 17:52:00,258.91,258.9593,257.8,257.85,0
2026-07-30 17:53:00,258.0,258.0,255.75,256.96,0
2026-07-30 17:54:00,257.2,257.48,256.35,256.9742,0
2026-07-30 17:55:00,256.36,256.75,255.9,256.64,0
2026-07-30 17:56:00,256.6409,256.72,256.6,256.63,0
2026-07-30 17:57:00,256.6,257.43,256.6,257.15,0
2026-07-30 17:58:00,257.0,257.14,256.3308,256.9,0
2026-07-30 17:59:00,256.9,257.19,256.8,256.88,0
2026-07-30 18:00:00,256.95,257.2,256.8,256.9007,0
2026-07-30 18:01:00,256.99,257.5,256.85,257.0,0
2026-07-30 18:02:00,256.99,258.0,256.95,257.5,0
2026-07-30 18:03:00,257.0,257.5,256.89,257.4208,0
2026-07-30 18:04:00,257.31,258.0,257.3,257.7,0
2026-07-30 18:05:00,257.65,258.28,257.65,257.9628,0
2026-07-30 18:06:00,257.98,258.11,257.58,258.0,0
2026-07-30 18:07:00,257.9566,258.0,257.0,257.5001,0
2026-07-30 18:08:00,257.51,257.8,257.5,257.6,0
2026-07-30 18:09:00,257.5,257.8,257.5,257.65,0
2026-07-30 18:10:00,257.6001,258.8,257.6,258.719,0
2026-07-30 18:11:00,258.75,258.75,258.5,258.5,0
2026-07-30 18:12:00,258.53,258.7,258.0,258.16,0
2026-07-30 18:13:00,258.15,258.47,258.0,258.2,0
2026-07-30 18:14:00,258.1,258.48,258.0,258.19,0
2026-07-30 18:15:00,258.1279,258.6,258.0,258.413,0
2026-07-30 18:16:00,258.4155,258.75,258.4,258.6,0
2026-07-30 18:17:00,258.57,258.65,258.4,258.5845,0
2026-07-30 18:18:00,258.5142,258.6,258.5,258.5,0
2026-07-30 18:19:00,258.52,258.53,258.5,258.5,0
2026-07-30 18:20:00,258.53,258.53,258.5,258.5053,0
2026-07-30 18:21:00,258.5,258.53,257.97,258.01,0
2026-07-30 18:22:00,258.2,258.2,258.0,258.031,0
2026-07-30 18:23:00,258.0,258.2,258.0,258.15,0
2026-07-30 18:24:00,258.1572,258.44,257.2,257.5,0
2026-07-30 18:25:00,257.63,257.9,257.493,257.8,0
2026-07-30 18:26:00,257.8,257.9947,257.5415,257.79,0
2026-07-30 18:27:00,257.91,258.4,257.6,258.13,0
2026-07-30 18:28:00,258.4388,258.4388,258.1,258.29,0
2026-07-30 18:29:00,258.23,258.3,258.0,258.15,0
2026-07-30 18:30:00,258.15,258.3,258.01,258.0112,0
2026-07-30 18:31:00,258.01,258.06,258.0,258.0077,0
2026-07-30 18:32:00,258.05,258.05,257.6,257.62,0
2026-07-30 18:33:00,257.63,257.98,257.61,257.9,0
2026-07-30 18:34:00,257.91,258.0,257.8,257.8,0
2026-07-30 18:35:00,257.75,257.9,257.25,257.42,0
2026-07-30 18:36:00,257.55,257.9,257.42,257.75,0
2026-07-30 18:37:00,257.76,257.8,257.53,257.68,0
2026-07-30 18:38:00,257.53,257.68,257.4,257.5633,0
2026-07-30 18:39:00,257.6,257.6,257.0,257.0644,0
2026-07-30 18:40:00,257.0655,257.1,256.5,256.75,0
2026-07-30 18:41:00,256.75,256.8,256.15,256.46,0
2026-07-30 18:42:00,256.4,256.7,256.32,256.52,0
2026-07-30 18:43:00,256.6388,256.69,256.25,256.6,0
2026-07-30 18:44:00,256.44,256.7,256.27,256.51,0
2026-07-30 18:45:00,256.6,256.7,256.21,256.45,0
2026-07-30 18:46:00,256.4861,256.7,256.2,256.6,0
2026-07-30 18:47:00,256.65,256.7,256.53,256.7,0
2026-07-30 18:48:00,256.6975,256.7,256.61,256.7,0
2026-07-30 18:49:00,256.7,256.7,256.35,256.63,0
2026-07-30 18:50:00,256.68,256.69,256.54,256.6,0
2026-07-30 18:51:00,256.54,256.6,256.2,256.345,0
2026-07-30 18:52:00,256.35,256.54,256.2,256.31,0
2026-07-30 18:53:00,256.35,256.4,256.21,256.31,0
2026-07-30 18:54:00,256.3089,256.3089,256.05,256.18,0
2026-07-30 18:55:00,256.1126,257.56,256.1001,257.51,0
2026-07-30 18:56:00,256.83,257.76,256.81,257.0582,0
2026-07-30 18:57:00,257.0549,257.5,257.01,257.26,0
2026-07-30 18:58:00,257.25,257.4,257.25,257.32,0
2026-07-30 18:59:00,257.3699,257.39,257.11,257.16,0
2026-07-30 19:00:00,257.283,257.29,256.76,256.9669,0
2026-07-30 19:01:00,256.832,257.35,256.832,257.34,0
2026-07-30 19:02:00,257.23,257.35,257.11,257.23,0
2026-07-30 19:03:00,257.1394,257.3499,257.08,257.15,0
2026-07-30 19:04:00,257.2,257.35,257.1301,257.3488,0
2026-07-30 19:05:00,257.2601,257.3486,257.179,257.179,0
2026-07-30 19:06:00,257.0872,257.25,257.01,257.01,0
2026-07-30 19:07:00,257.09,257.1,256.8797,256.9233,0
2026-07-30 19:08:00,257.0,257.0,256.8,256.8845,0
2026-07-30 19:09:00,256.9,256.9,256.69,256.8,0
2026-07-30 19:10:00,256.74,256.8,256.52,256.5317,0
2026-07-30 19:11:00,256.55,256.6,256.26,256.5,0
2026-07-30 19:12:00,256.46,256.6,256.331,256.6,0
2026-07-30 19:13:00,256.56,256.6,256.27,256.27,0
2026-07-30 19:14:00,256.28,256.3,256.11,256.15,0
2026-07-30 19:15:00,256.28,256.99,256.28,256.6604,0
2026-07-30 19:16:00,256.76,256.9899,256.5,256.75,0
2026-07-30 19:17:00,256.7282,256.77,256.5,256.7201,0
2026-07-30 19:18:00,256.7004,256.91,256.7,256.8154,0
2026-07-30 19:19:00,256.87,256.91,256.5,256.68,0
2026-07-30 19:20:00,256.69,256.99,256.65,256.99,0
2026-07-30 19:21:00,256.9875,257.2,256.89,257.1858,0
2026-07-30 19:22:00,257.15,257.3268,256.996,257.23,0
2026-07-30 19:23:00,257.06,257.23,257.0,257.1,0
2026-07-30 19:24:00,257.0001,257.23,257.0,257.05,0
2026-07-30 19:25:00,257.0011,257.2,257.0011,257.13,0
2026-07-30 19:26:00,257.13,257.2,257.12,257.18,0
2026-07-30 19:27:00,257.2,257.22,257.1,257.1854,0
2026-07-30 19:28:00,257.0317,257.2,257.0,257.06,0
2026-07-30 19:29:00,257.0466,257.32,257.0262,257.2873,0
2026-07-30 19:30:00,257.32,257.41,257.16,257.37,0
2026-07-30 19:31:00,257.25,257.39,257.25,257.25,0
2026-07-30 19:32:00,257.2575,257.36,257.03,257.15,0
2026-07-30 19:33:00,257.15,257.32,257.1,257.3107,0
2026-07-30 19:34:00,257.26,257.32,257.26,257.295,0
2026-07-30 19:35:00,257.2902,257.41,257.29,257.3326,0
2026-07-30 19:36:00,257.35,257.41,257.29,257.29,0
2026-07-30 19:37:00,257.35,257.39,257.1779,257.2261,0
2026-07-30 19:38:00,257.1655,257.33,257.15,257.201,0
2026-07-30 19:39:00,257.2,257.33,257.2,257.3183,0
2026-07-30 19:40:00,257.22,257.25,256.99,257.02,0
2026-07-30 19:41:00,257.0,257.25,256.957,257.2,0
2026-07-30 19:42:00,257.1,257.2,257.05,257.05,0
2026-07-30 19:43:00,257.0,257.19,256.94,257.0,0
2026-07-30 19:44:00,256.9486,257.19,256.9486,257.0338,0
2026-07-30 19:45:00,257.0002,257.19,257.0,257.18,0
2026-07-30 19:46:00,257.1,257.42,257.05,257.2,0
2026-07-30 19:47:00,257.4602,257.7,257.19,257.55,0
2026-07-30 19:48:00,257.61,257.75,257.45,257.7,0
2026-07-30 19:49:00,257.7,257.9,257.5,257.66,0
2026-07-30 19:50:00,257.5996,257.7,257.2,257.4,0
2026-07-30 19:51:00,257.55,257.65,257.31,257.39,0
2026-07-30 19:52:00,257.4,257.6,257.31,257.4732,0
2026-07-30 19:53:00,257.53,258.0768,257.53,258.0,0
2026-07-30 19:54:00,257.98,258.13,257.8704,258.1001,0
2026-07-30 19:55:00,258.1088,258.25,258.0,258.005,0
2026-07-30 19:56:00,258.0001,258.07,257.9,258.05,0
2026-07-30 19:57:00,258.0015,258.07,257.9,258.02,0
2026-07-30 19:58:00,258.03,258.1,258.03,258.07,0
2026-07-30 19:59:00,258.0697,258.09,257.95,257.95,0
2026-07-31 04:00:00,259.99,261.665,235.5,261.665,0
2026-07-31 04:01:00,261.49,262.0,258.8,261.7297,0
2026-07-31 04:02:00,259.07,261.8,258.77,261.4,0
2026-07-31 04:03:00,261.6,261.9,261.45,261.77,0
2026-07-31 04:04:00,261.76,262.0,261.15,261.86,0
2026-07-31 04:05:00,261.7701,262.45,259.35,262.3243,0
2026-07-31 04:06:00,262.3,262.45,259.43,262.02,0
2026-07-31 04:07:00,262.2,262.8,258.81,262.5,0
2026-07-31 04:08:00,262.699,263.96,259.3,263.9,0
2026-07-31 04:09:00,263.88,264.0,262.305,263.75,0
2026-07-31 04:10:00,263.8902,263.9,263.0417,263.6,0
2026-07-31 04:11:00,263.7,264.0,263.4807,263.6156,0
2026-07-31 04:12:00,263.8844,264.75,263.65,264.5929,0
2026-07-31 04:13:00,264.57,264.7,264.5547,264.69,0
2026-07-31 04:14:00,264.55,264.69,264.54,264.6,0
2026-07-31 04:15:00,264.5536,264.7,264.55,264.65,0
2026-07-31 04:16:00,264.55,264.7,264.55,264.6,0
2026-07-31 04:17:00,264.64,264.7,264.6,264.64,0
2026-07-31 04:18:00,264.64,264.84,264.64,264.82,0
2026-07-31 04:19:00,264.82,264.86,264.26,264.26,0
2026-07-31 04:20:00,264.1,264.6,264.0,264.29,0
2026-07-31 04:21:00,264.47,264.52,264.15,264.3012,0
2026-07-31 04:22:00,264.3,264.5,263.8,263.995,0
2026-07-31 04:23:00,263.8,264.25,263.8,264.0,0
2026-07-31 04:24:00,264.0,264.2437,264.0,264.0,0
2026-07-31 04:25:00,264.0,264.2948,264.0,264.2279,0
2026-07-31 04:26:00,264.29,264.4,263.98,264.0084,0
2026-07-31 04:27:00,264.0084,264.4,264.0,264.4,0
2026-07-31 04:28:00,264.1,264.4,264.05,264.1,0
2026-07-31 04:29:00,264.14,264.34,264.0,264.0,0
2026-07-31 04:30:00,264.0,264.28,264.0,264.0,0
2026-07-31 04:31:00,264.07,264.3742,264.0,264.24,0
2026-07-31 04:32:00,264.181,264.34,264.0,264.09,0
2026-07-31 04:33:00,264.0,264.4788,264.0,264.07,0
2026-07-31 04:34:00,264.2288,264.2288,264.0,264.1,0
2026-07-31 04:35:00,264.05,264.06,263.5116,263.5133,0
2026-07-31 04:36:00,263.5133,263.63,263.2334,263.2334,0
2026-07-31 04:37:00,263.2334,263.5,263.2075,263.33,0
2026-07-31 04:38:00,263.25,263.63,263.25,263.4283,0
2026-07-31 04:39:00,263.4,263.69,263.4,263.46,0
2026-07-31 04:40:00,263.48,263.8684,263.46,263.64,0
2026-07-31 04:41:00,263.72,264.0,263.6,263.9,0
2026-07-31 04:42:00,263.9127,263.95,263.61,263.7048,0
2026-07-31 04:43:00,263.51,263.9,263.5,263.8333,0
2026-07-31 04:44:00,263.7,263.99,263.67,263.7016,0
2026-07-31 04:45:00,263.68,263.7,263.5,263.65,0
2026-07-31 04:46:00,263.6893,263.69,263.61,263.6214,0
2026-07-31 04:47:00,263.68,263.8462,263.61,263.8335,0
2026-07-31 04:48:00,263.8432,264.3,263.83,264.12,0
2026-07-31 04:49:00,264.24,264.3,264.0,264.0975,0
2026-07-31 04:50:00,264.0,264.4671,264.0,264.0949,0
2026-07-31 04:51:00,264.11,264.5,264.05,264.25,0
2026-07-31 04:52:00,264.4,264.4,264.0,264.0012,0
2026-07-31 04:53:00,264.11,264.2,264.0,264.1,0
2026-07-31 04:54:00,264.064,264.2,263.99,264.01,0
2026-07-31 04:55:00,264.0104,264.16,263.99,264.0191,0
2026-07-31 04:56:00,264.0,264.1,264.0,264.02,0
2026-07-31 04:57:00,264.01,264.01,263.5012,263.72,0
2026-07-31 04:58:00,263.78,263.91,263.75,263.88,0
2026-07-31 04:59:00,263.82,263.82,263.5193,263.78,0
2026-07-31 05:00:00,263.77,263.78,263.44,263.5,0
2026-07-31 05:01:00,263.4,263.5,263.2,263.3,0
2026-07-31 05:02:00,263.35,263.35,263.2,263.34,0
2026-07-31 05:03:00,263.2067,263.35,263.02,263.0294,0
2026-07-31 05:04:00,263.05,263.822,263.02,263.62,0
2026-07-31 05:05:00,263.6,264.15,263.5,263.99,0
2026-07-31 05:06:00,264.0189,264.2,263.6588,264.12,0
2026-07-31 05:07:00,264.2,264.2,264.0,264.2,0
2026-07-31 05:08:00,264.12,264.36,264.0089,264.14,0
2026-07-31 05:09:00,264.08,264.23,264.02,264.1095,0
2026-07-31 05:10:00,264.09,264.2855,264.09,264.24,0
2026-07-31 05:11:00,264.29,264.29,264.0546,264.1,0
2026-07-31 05:12:00,264.2764,264.2764,264.0,264.224,0
2026-07-31 05:13:00,264.05,264.29,264.0,264.0274,0
2026-07-31 05:14:00,264.0,264.24,264.0,264.04,0
2026-07-31 05:15:00,264.04,264.1522,264.0,264.0189,0
2026-07-31 05:16:00,264.03,264.195,264.0,264.02,0
2026-07-31 05:17:00,264.02,264.07,264.0,264.07,0
2026-07-31 05:18:00,264.005,264.07,264.0,264.0118,0
2026-07-31 05:19:00,264.01,264.05,264.0,264.0,0
2026-07-31 05:20:00,263.98,264.19,263.98,264.04,0
2026-07-31 05:21:00,264.1,264.1957,264.03,264.05,0
2026-07-31 05:22:00,264.15,264.25,264.03,264.03,0
2026-07-31 05:23:00,264.27,264.5,264.1632,264.35,0
2026-07-31 05:24:00,264.3691,264.5,264.2,264.3999,0
2026-07-31 05:25:00,264.5,265.2,264.47,264.98,0
2026-07-31 05:26:00,265.0207,265.5,265.0,265.5,0
2026-07-31 05:27:00,265.5,265.668,265.15,265.3226,0
2026-07-31 05:28:00,265.31,265.52,264.52,264.96,0
2026-07-31 05:29:00,264.88,264.9,264.3193,264.3761,0
2026-07-31 05:30:00,264.53,264.6622,264.03,264.2859,0
2026-07-31 05:31:00,264.3,264.48,264.03,264.2,0
2026-07-31 05:32:00,264.2208,264.6688,264.2115,264.52,0
2026-07-31 05:33:00,264.52,264.67,264.03,264.654,0
2026-07-31 05:34:00,264.1538,264.1538,263.8,263.991,0
2026-07-31 05:35:00,263.8,264.1707,263.6,263.9192,0
2026-07-31 05:36:00,264.1707,264.4,263.915,264.0,0
2026-07-31 05:37:00,264.0,264.1,263.8,263.86,0
2026-07-31 05:38:00,263.9927,264.21,263.98,264.1,0
2026-07-31 05:39:00,264.0,264.2,264.0,264.07,0
2026-07-31 05:40:00,264.09,264.4,264.02,264.1378,0
2026-07-31 05:41:00,264.12,264.2,264.02,264.02,0
2026-07-31 05:42:00,264.0579,264.2,264.02,264.1202,0
2026-07-31 05:43:00,264.11,264.26,264.11,264.204,0
2026-07-31 05:44:00,264.204,264.2988,264.0464,264.0464,0
2026-07-31 05:45:00,264.02,264.37,264.02,264.37,0
2026-07-31 05:46:00,264.24,264.3932,264.15,264.15,0
2026-07-31 05:47:00,264.0584,264.2133,264.02,264.05,0
2026-07-31 05:48:00,264.21,264.9,264.0987,264.8413,0
2026-07-31 05:49:00,264.8413,264.8413,264.28,264.38,0
2026-07-31 05:50:00,264.4098,264.67,264.27,264.35,0
2026-07-31 05:51:00,264.3,264.4088,264.02,264.13,0
2026-07-31 05:52:00,264.07,264.41,264.02,264.2198,0
2026-07-31 05:53:00,264.2,264.41,264.2,264.41,0
2026-07-31 05:54:00,264.35,264.72,264.35,264.5,0
2026-07-31 05:55:00,264.46,264.9,264.46,264.81,0
2026-07-31 05:56:00,264.8988,264.8988,264.4112,264.5955,0
2026-07-31 05:57:00,264.42,264.7,264.42,264.5,0
2026-07-31 05:58:00,264.44,264.9,264.4,264.52,0
2026-07-31 05:59:00,264.63,264.8,264.4,264.6,0
2026-07-31 06:00:00,264.6,264.9,264.5,264.62,0
2026-07-31 06:01:00,264.62,265.45,264.6,265.4,0
2026-07-31 06:02:00,265.3,265.7,265.3,265.6688,0
2026-07-31 06:03:00,265.05,265.68,265.05,265.32,0
2026-07-31 06:04:00,265.25,265.5,265.24,265.5,0
2026-07-31 06:05:00,265.43,265.63,265.32,265.61,0
2026-07-31 06:06:00,265.49,266.4,265.0449,266.34,0
2026-07-31 06:07:00,266.3848,266.3848,265.71,266.08,0
2026-07-31 06:08:00,266.197,266.197,265.2614,265.49,0
2026-07-31 06:09:00,265.5,265.97,265.3965,265.7,0
2026-07-31 06:10:00,265.7,265.9753,265.6028,265.9,0
2026-07-31 06:11:00,265.9,265.98,265.69,265.7691,0
2026-07-31 06:12:00,265.767,266.02,265.7537,266.0,0
2026-07-31 06:13:00,266.0,266.58,265.99,266.36,0
2026-07-31 06:14:00,266.28,266.8,266.28,266.28,0
2026-07-31 06:15:00,266.3,266.32,266.0,266.13,0
2026-07-31 06:16:00,266.07,266.22,266.0,266.02,0
2026-07-31 06:17:00,266.02,266.2484,266.0,266.1,0
2026-07-31 06:18:00,266.12,266.21,266.0,266.0236,0
2026-07-31 06:19:00,266.0,266.0988,266.0,266.0,0
2026-07-31 06:20:00,266.0052,266.1,265.98,266.0127,0
2026-07-31 06:21:00,266.01,266.2306,266.01,266.04,0
2026-07-31 06:22:00,266.05,266.54,266.0,266.27,0
2026-07-31 06:23:00,266.33,266.44,266.04,266.04,0
2026-07-31 06:24:00,266.2742,266.28,266.0,266.07,0
2026-07-31 06:25:00,266.0012,266.15,266.0,266.0003,0
2026-07-31 06:26:00,266.12,266.28,266.0146,266.032,0
2026-07-31 06:27:00,266.02,266.18,265.56,266.0,0
2026-07-31 06:28:00,265.62,265.8631,265.2793,265.68,0
2026-07-31 06:29:00,265.69,265.9,265.5003,265.68,0
2026-07-31 06:30:00,265.69,265.9,265.6,265.71,0
2026-07-31 06:31:00,265.7,265.8559,265.55,265.7,0
2026-07-31 06:32:00,265.64,266.1,265.64,265.91,0
2026-07-31 06:33:00,265.91,266.0072,265.87,265.91,0
2026-07-31 06:34:00,265.91,266.7,265.89,266.55,0
2026-07-31 06:35:00,266.56,266.72,266.3,266.5,0
2026-07-31 06:36:00,266.36,266.6712,266.3,266.4784,0
2026-07-31 06:37:00,266.33,266.4687,266.0532,266.33,0
2026-07-31 06:38:00,266.3578,266.6721,266.05,266.5,0
2026-07-31 06:39:00,266.59,266.69,266.39,266.63,0
2026-07-31 06:40:00,266.4151,266.58,266.19,266.27,0
2026-07-31 06:41:00,266.39,266.39,266.1,266.11,0
2026-07-31 06:42:00,266.33,266.33,265.88,265.9,0
2026-07-31 06:43:00,265.9127,265.9127,265.5,265.77,0
2026-07-31 06:44:00,265.51,265.75,265.11,265.5517,0
2026-07-31 06:45:00,265.69,265.756,265.54,265.6,0
2026-07-31 06:46:00,265.5699,265.69,265.5699,265.69,0
2026-07-31 06:47:00,265.65,265.7,265.5,265.65,0
2026-07-31 06:48:00,265.58,265.7,264.82,265.5,0
2026-07-31 06:49:00,265.0,265.25,264.61,264.8,0
2026-07-31 06:50:00,264.61,264.9789,264.3,264.76,0
2026-07-31 06:51:00,264.82,264.82,264.3112,264.33,0
2026-07-31 06:52:00,264.6,264.64,264.33,264.41,0
2026-07-31 06:53:00,264.49,264.49,264.3,264.41,0
2026-07-31 06:54:00,264.4,264.56,264.35,264.56,0
2026-07-31 06:55:00,264.55,264.68,264.3422,264.3566,0
2026-07-31 06:56:00,264.43,264.6,264.02,264.18,0
2026-07-31 06:57:00,264.05,264.18,264.02,264.0301,0
2026-07-31 06:58:00,264.07,264.08,263.4099,263.5,0
2026-07-31 06:59:00,263.51,263.54,262.41,262.6,0
2026-07-31 07:00:00,262.4,262.703,261.69,262.0,0
2026-07-31 07:01:00,261.74,263.12,261.44,262.58,0
2026-07-31 07:02:00,262.4,262.58,261.74,261.7834,0
2026-07-31 07:03:00,262.2,262.2,261.11,261.64,0
2026-07-31 07:04:00,261.4814,262.44,261.06,262.2193,0
2026-07-31 07:05:00,262.4487,262.94,261.8744,262.2698,0
2026-07-31 07:06:00,262.4,262.78,262.1,262.58,0
2026-07-31 07:07:00,262.5716,262.9,262.0,262.85,0
2026-07-31 07:08:00,262.9,262.9,262.0,262.0,0
2026-07-31 07:09:00,262.0669,262.885,261.99,262.838,0
2026-07-31 07:10:00,262.5,262.8281,261.99,262.12,0
2026-07-31 07:11:00,262.04,262.18,261.01,261.6016,0
2026-07-31 07:12:00,261.5813,261.78,261.5,261.63,0
2026-07-31 07:13:00,261.59,262.0,261.5,261.8415,0
2026-07-31 07:14:00,261.9,262.0,261.55,261.7525,0
2026-07-31 07:15:00,261.8,262.18,261.7,261.9011,0
2026-07-31 07:16:00,262.1236,262.18,261.7,261.85,0
2026-07-31 07:17:00,262.0,262.0,261.69,261.82,0
2026-07-31 07:18:00,261.7584,262.0,261.6,261.8,0
2026-07-31 07:19:00,261.7914,262.25,261.45,262.01,0
2026-07-31 07:20:00,262.25,262.3,261.8,261.98,0
2026-07-31 07:21:00,261.7,261.99,261.7,261.9,0
2026-07-31 07:22:00,261.7,262.11,261.7,261.94,0
2026-07-31 07:23:00,261.9,262.22,261.76,262.22,0
2026-07-31 07:24:00,262.2,262.49,262.1012,262.3503,0
2026-07-31 07:25:00,262.489,262.49,262.0,262.24,0
2026-07-31 07:26:00,262.4,262.9,262.15,262.4781,0
2026-07-31 07:27:00,262.38,262.4885,261.7,261.7802,0
2026-07-31 07:28:00,261.75,261.9,261.6,261.7,0
2026-07-31 07:29:00,261.737,261.76,261.01,261.328,0
2026-07-31 07:30:00,261.0214,261.59,261.0,261.19,0
2026-07-31 07:31:00,261.02,261.53,261.0,261.2,0
2026-07-31 07:32:00,261.16,261.5297,261.0,261.24,0
2026-07-31 07:33:00,261.11,261.3,260.2766,260.9942,0
2026-07-31 07:34:00,260.99,261.3,260.77,261.14,0
2026-07-31 07:35:00,260.98,262.52,260.98,262.4813,0
2026-07-31 07:36:00,262.22,262.52,261.8352,261.8352,0
2026-07-31 07:37:00,262.15,262.32,261.75,262.1,0
2026-07-31 07:38:00,262.1999,262.3,262.0,262.2,0
2026-07-31 07:39:00,262.2488,262.45,261.67,261.95,0
2026-07-31 07:40:00,261.8331,262.15,261.6663,262.14,0
2026-07-31 07:41:00,262.06,262.3,262.04,262.26,0
2026-07-31 07:42:00,262.4,262.72,262.14,262.6408,0
2026-07-31 07:43:00,262.64,262.72,262.38,262.58,0
2026-07-31 07:44:00,262.59,263.01,262.5,262.9552,0
2026-07-31 07:45:00,262.904,263.3,262.8,263.0331,0
2026-07-31 07:46:00,263.2,263.2,262.22,262.7,0
2026-07-31 07:47:00,262.5448,262.91,262.2285,262.66,0
2026-07-31 07:48:00,262.8649,263.1,262.61,262.8717,0
2026-07-31 07:49:00,263.0,263.1,262.74,262.9872,0
2026-07-31 07:50:00,262.91,263.09,262.75,263.0114,0
2026-07-31 07:51:00,263.05,263.19,262.8677,263.11,0
2026-07-31 07:52:00,263.086,263.19,262.9,263.1,0
2026-07-31 07:53:00,263.1791,263.18,263.02,263.0603,0
2026-07-31 07:54:00,263.06,263.18,263.0,263.05,0
2026-07-31 07:55:00,263.15,263.43,262.96,263.3348,0
2026-07-31 07:56:00,263.42,263.5,262.85,263.15,0
2026-07-31 07:57:00,263.26,263.5,262.83,263.16,0
2026-07-31 07:58:00,263.3,263.3024,263.0,263.1048,0
2026-07-31 07:59:00,262.81,263.17,262.8,263.16,0
2026-07-31 08:00:00,262.88,263.16,262.6,262.793,0
2026-07-31 08:01:00,262.793,262.969,262.6,262.6,0
2026-07-31 08:02:00,262.6013,263.0,262.4,262.5596,0
2026-07-31 08:03:00,262.4,262.4952,261.6,261.98,0
2026-07-31 08:04:00,261.99,262.0,261.4,261.41,0
2026-07-31 08:05:00,261.5,261.8,261.4112,261.5179,0
2026-07-31 08:06:00,261.6585,261.78,261.4,261.6,0
2026-07-31 08:07:00,261.78,261.78,261.486,261.58,0
2026-07-31 08:08:00,261.58,261.72,261.48,261.62,0
2026-07-31 08:09:00,261.6327,262.0,261.36,261.4187,0
2026-07-31 08:10:00,261.4057,261.63,261.25,261.5,0
2026-07-31 08:11:00,261.53,261.53,261.0937,261.13,0
2026-07-31 08:12:00,261.2283,261.5,261.07,261.5,0
2026-07-31 08:13:00,261.28,261.6,260.72,260.8,0
2026-07-31 08:14:00,260.84,261.169,260.51,260.7,0
2026-07-31 08:15:00,260.7,260.92,260.5,260.7594,0
2026-07-31 08:16:00,260.75,260.87,260.62,260.8162,0
2026-07-31 08:17:00,260.8215,261.15,260.8102,260.8578,0
2026-07-31 08:18:00,260.8578,261.0,260.83,260.8537,0
2026-07-31 08:19:00,260.96,261.0,260.62,260.6375,0
2026-07-31 08:20:00,260.6,260.94,260.3,260.33,0
2026-07-31 08:21:00,260.5,260.67,260.33,260.4737,0
2026-07-31 08:22:00,260.4957,260.5,260.23,260.33,0
2026-07-31 08:23:00,260.42,260.6025,260.22,260.4022,0
2026-07-31 08:24:00,260.4114,260.95,260.4,260.8627,0
2026-07-31 08:25:00,260.87,260.95,260.59,260.9,0
2026-07-31 08:26:00,260.85,260.9397,260.25,260.43,0
2026-07-31 08:27:00,260.4,260.51,260.03,260.1,0
2026-07-31 08:28:00,260.1,260.25,260.03,260.2073,0
2026-07-31 08:29:00,260.23,260.41,260.13,260.25,0
2026-07-31 08:30:00,260.2283,260.44,260.11,260.2499,0
2026-07-31 08:31:00,260.2411,261.0,260.24,260.99,0
2026-07-31 08:32:00,260.99,260.99,260.23,260.41,0
2026-07-31 08:33:00,260.5,260.5,260.15,260.18,0
2026-07-31 08:34:00,260.18,260.33,259.67,259.95,0
2026-07-31 08:35:00,259.95,260.33,259.8915,260.16,0
2026-07-31 08:36:00,260.25,260.33,259.689,259.7517,0
2026-07-31 08:37:00,259.88,259.9,259.55,259.89,0
2026-07-31 08:38:00,259.79,260.0,259.55,259.7001,0
2026-07-31 08:39:00,259.9,259.9475,259.55,259.6345,0
2026-07-31 08:40:00,259.5633,259.8,259.1,259.54,0
2026-07-31 08:41:00,259.55,259.7,259.07,259.4952,0
2026-07-31 08:42:00,259.5,259.7,259.26,259.32,0
2026-07-31 08:43:00,259.32,259.89,259.21,259.6113,0
2026-07-31 08:44:00,259.84,260.0,259.58,259.73,0
2026-07-31 08:45:00,259.99,260.36,259.5829,259.77,0
2026-07-31 08:46:00,259.91,260.0,259.5,259.51,0
2026-07-31 08:47:00,259.8,260.05,259.51,259.99,0
2026-07-31 08:48:00,259.97,260.0,259.73,259.98,0
2026-07-31 08:49:00,259.99,260.0015,259.83,260.0,0
2026-07-31 08:50:00,260.27,260.85,260.2172,260.49,0
2026-07-31 08:51:00,260.65,260.83,260.31,260.5,0
2026-07-31 08:52:00,260.57,260.79,260.42,260.7,0
2026-07-31 08:53:00,260.79,261.35,260.68,261.12,0
2026-07-31 08:54:00,261.17,261.35,261.0,261.09,0
2026-07-31 08:55:00,261.1,261.1,260.73,261.03,0
2026-07-31 08:56:00,261.03,261.1,260.02,260.5,0
2026-07-31 08:57:00,260.64,260.7,260.2,260.6621,0
2026-07-31 08:58:00,260.6,261.02,260.47,260.7251,0
2026-07-31 08:59:00,260.99,261.35,260.71,261.22,0
2026-07-31 09:00:00,261.3,261.49,261.0,261.3632,0
2026-07-31 09:01:00,261.4404,262.21,261.17,261.95,0
2026-07-31 09:02:00,261.95,262.5,261.92,262.3199,0
2026-07-31 09:03:00,262.3092,262.9,262.25,262.5,0
2026-07-31 09:04:00,262.55,262.9,262.5,262.7,0
2026-07-31 09:05:00,262.75,263.1,262.55,263.0861,0
2026-07-31 09:06:00,263.07,263.18,262.5,262.68,0
2026-07-31 09:07:00,262.78,263.05,262.55,262.94,0
2026-07-31 09:08:00,262.8141,263.1,262.6,262.62,0
2026-07-31 09:09:00,262.6,262.7313,262.52,262.6652,0
2026-07-31 09:10:00,262.64,263.18,262.53,262.97,0
2026-07-31 09:11:00,263.05,263.18,262.6,262.63,0
2026-07-31 09:12:00,262.89,262.89,262.51,262.66,0
2026-07-31 09:13:00,262.65,263.2988,262.51,263.1368,0
2026-07-31 09:14:00,263.1682,263.18,262.92,262.92,0
2026-07-31 09:15:00,263.0,263.0,262.55,262.7,0
2026-07-31 09:16:00,262.5575,262.7,262.32,262.5,0
2026-07-31 09:17:00,262.51,262.96,262.25,262.8189,0
2026-07-31 09:18:00,262.8179,264.88,262.8,264.8011,0
2026-07-31 09:19:00,264.85,265.24,264.64,265.0,0
2026-07-31 09:20:00,264.97,265.5,264.8,265.46,0
2026-07-31 09:21:00,265.46,265.95,264.8,264.99,0
2026-07-31 09:22:00,265.0,265.59,264.92,265.4,0
2026-07-31 09:23:00,265.58,265.95,265.0,265.03,0
2026-07-31 09:24:00,265.08,265.67,264.8,265.5,0
2026-07-31 09:25:00,265.51,265.51,263.0,265.25,0
2026-07-31 09:26:00,265.4662,266.0,264.8,265.09,0
2026-07-31 09:27:00,264.93,266.5,264.91,266.48,0
2026-07-31 09:28:00,266.4,266.48,265.04,265.3997,0
2026-07-31 09:29:00,265.34,265.37,264.81,264.93,0
2026-07-31 09:30:00,264.985,265.0,262.15,263.56,11136767
2026-07-31 09:31:00,263.56,264.86,262.15,264.86,1039656
2026-07-31 09:32:00,264.79,266.88,264.73,266.615,1774959
2026-07-31 09:33:00,266.59,268.11,266.42,267.43,1389468
2026-07-31 09:34:00,267.31,268.63,267.31,267.79,1090934
2026-07-31 09:35:00,267.75,268.74,267.2,268.65,995903
2026-07-31 09:36:00,268.6622,268.8,266.83,267.96,976369
2026-07-31 09:37:00,267.935,268.77,267.81,267.935,962634
2026-07-31 09:38:00,267.935,269.2891,267.62,269.18,1243066
2026-07-31 09:39:00,269.22,269.46,267.6,268.28,868594
2026-07-31 09:40:00,268.278,268.285,266.51,267.21,858126
2026-07-31 09:41:00,267.21,268.5,267.15,268.3,770235
2026-07-31 09:42:00,268.28,268.85,266.9,266.92,579833
2026-07-31 09:43:00,267.06,267.46,265.38,266.175,681836
2026-07-31 09:44:00,266.23,267.46,265.84,266.08,844458
2026-07-31 09:45:00,266.08,266.5,265.38,266.165,686894
2026-07-31 09:46:00,266.165,267.14,266.0901,266.835,650190
2026-07-31 09:47:00,266.8576,267.39,266.64,267.03,437427
2026-07-31 09:48:00,266.98,267.5,266.7227,267.39,372821
2026-07-31 09:49:00,267.39,268.58,267.34,267.755,522584
2026-07-31 09:50:00,267.7012,268.62,267.3701,267.97,589990
2026-07-31 09:51:00,267.97,268.62,267.7211,268.56,462516
2026-07-31 09:52:00,268.55,268.97,267.6705,267.671,437367
2026-07-31 09:53:00,267.69,267.9666,267.2011,267.8,405911
2026-07-31 09:54:00,267.73,268.31,267.63,267.7213,458359
2026-07-31 09:55:00,267.79,268.63,267.65,268.32,572246
2026-07-31 09:56:00,268.37,269.74,268.12,269.55,925336
2026-07-31 09:57:00,269.53,269.99,269.2501,269.375,725213
2026-07-31 09:58:00,269.3395,269.5,268.623,269.33,420540
2026-07-31 09:59:00,269.325,269.95,268.98,269.16,585660
2026-07-31 10:00:00,269.15,270.58,269.03,270.535,1483033
2026-07-31 10:01:00,270.545,270.94,270.02,270.66,729173
2026-07-31 10:02:00,270.65,270.65,269.62,269.85,489371
2026-07-31 10:03:00,269.87,270.6,269.77,270.45,657007
2026-07-31 10:04:00,270.45,270.58,269.53,269.72,705493
2026-07-31 10:05:00,269.76,269.77,268.56,268.69,694788
2026-07-31 10:06:00,268.7,268.935,267.49,267.89,815430
2026-07-31 10:07:00,267.89,267.9891,267.3,267.8001,636308
2026-07-31 10:08:00,267.79,268.07,267.43,268.07,797770
2026-07-31 10:09:00,268.04,268.46,267.81,268.205,403116
2026-07-31 10:10:00,268.16,268.6,267.6401,267.8,446348
2026-07-31 10:11:00,267.78,268.97,267.75,268.78,551927
2026-07-31 10:12:00,268.84,268.92,267.88,267.99,569614
2026-07-31 10:13:00,267.975,268.245,267.54,268.03,390674
2026-07-31 10:14:00,267.995,268.153,267.84,268.03,513045
2026-07-31 10:15:00,268.11,269.52,268.0,269.15,662205
2026-07-31 10:16:00,269.11,269.16,268.1401,268.37,293130
2026-07-31 10:17:00,268.43,269.0,268.39,268.795,236033
2026-07-31 10:18:00,268.7656,269.03,268.26,268.2601,281738
2026-07-31 10:19:00,268.3,268.73,268.07,268.46,316746
2026-07-31 10:20:00,268.435,268.71,267.61,267.71,411054
2026-07-31 10:21:00,267.64,267.67,266.91,267.3,388636
2026-07-31 10:22:00,267.2899,267.8492,267.1006,267.81,193444
2026-07-31 10:23:00,267.8793,268.09,267.5,267.88,269244
2026-07-31 10:24:00,267.9,268.53,267.55,268.45,314251
2026-07-31 10:25:00,268.5,269.249,268.43,269.17,392872
2026-07-31 10:26:00,269.195,270.25,269.195,269.81,1361496
2026-07-31 10:27:00,269.81,270.12,269.33,269.9569,341396
2026-07-31 10:28:00,269.96,270.04,269.165,269.28,262783
2026-07-31 10:29:00,269.29,269.685,269.081,269.63,205865
2026-07-31 10:30:00,269.6,270.6,269.58,270.345,540247
2026-07-31 10:31:00,270.36,271.23,270.22,271.23,568053
2026-07-31 10:32:00,271.25,271.29,270.72,271.2798,556277
2026-07-31 10:33:00,271.26,272.04,271.25,271.745,656006
2026-07-31 10:34:00,271.795,271.8299,271.35,271.655,762110
2026-07-31 10:35:00,271.6647,271.86,271.08,271.33,335338
2026-07-31 10:36:00,271.34,271.825,271.03,271.825,304113
2026-07-31 10:37:00,271.825,271.84,271.02,271.18,303495
2026-07-31 10:38:00,271.215,271.43,271.0101,271.1,290076
2026-07-31 10:39:00,271.1,271.24,270.61,270.61,325242
2026-07-31 10:40:00,270.61,270.76,270.25,270.42,282799
2026-07-31 10:41:00,270.42,270.7351,270.25,270.3,227714
2026-07-31 10:42:00,270.29,270.98,270.25,270.88,233583
2026-07-31 10:43:00,270.88,271.455,270.77,271.4,325866
2026-07-31 10:44:00,271.3701,271.5295,271.12,271.315,323857
2026-07-31 10:45:00,271.3,271.65,271.23,271.24,473277
2026-07-31 10:46:00,271.24,271.3,270.8017,270.84,207562
2026-07-31 10:47:00,270.8,271.255,270.72,271.255,172475
2026-07-31 10:48:00,271.255,271.3388,271.04,271.11,178249
2026-07-31 10:49:00,271.0665,271.34,270.97,271.01,337088
2026-07-31 10:50:00,270.99,271.24,270.8303,271.12,273390
2026-07-31 10:51:00,271.09,271.23,270.9521,271.11,177146
2026-07-31 10:52:00,271.11,271.33,270.85,271.07,513139
2026-07-31 10:53:00,271.07,271.61,271.05,271.27,325789
2026-07-31 10:54:00,271.285,271.285,270.98,271.1403,189853
2026-07-31 10:55:00,271.17,271.3,270.86,271.105,536245
2026-07-31 10:56:00,271.06,271.4,270.95,271.115,162684
2026-07-31 10:57:00,271.11,271.1525,270.69,270.89,367016
2026-07-31 10:58:00,270.895,271.08,270.64,270.7402,337131
2026-07-31 10:59:00,270.75,270.945,270.6601,270.81,193506
2026-07-31 11:00:00,270.805,271.354,270.73,271.01,257078
2026-07-31 11:01:00,271.0,271.02,270.595,270.65,292874
2026-07-31 11:02:00,270.62,270.8869,270.19,270.21,196347
2026-07-31 11:03:00,270.21,270.55,270.04,270.12,174028
2026-07-31 11:04:00,270.09,270.28,270.03,270.12,142742
2026-07-31 11:05:00,270.12,270.51,270.105,270.25,168411
2026-07-31 11:06:00,270.2201,270.649,270.2,270.39,155970
2026-07-31 11:07:00,270.4,270.45,270.12,270.2,156099
2026-07-31 11:08:00,270.206,270.3999,270.01,270.255,210096
2026-07-31 11:09:00,270.2475,270.25,269.81,270.05,279662
2026-07-31 11:10:00,270.055,270.54,270.03,270.255,218825
2026-07-31 11:11:00,270.27,270.77,270.2108,270.6,196596
2026-07-31 11:12:00,270.57,270.91,270.415,270.87,240132
2026-07-31 11:13:00,270.87,271.62,270.84,271.315,372805
2026-07-31 11:14:00,271.3281,271.85,271.115,271.61,263172
2026-07-31 11:15:00,271.66,271.99,271.38,271.44,337539
2026-07-31 11:16:00,271.43,271.45,270.88,271.1,188021
2026-07-31 11:17:00,271.12,271.15,270.4119,270.4201,245921
2026-07-31 11:18:00,270.445,270.77,270.24,270.735,161093
2026-07-31 11:19:00,270.735,270.79,270.42,270.44,154165
2026-07-31 11:20:00,270.435,270.645,270.39,270.605,123562
2026-07-31 11:21:00,270.61,270.84,270.46,270.7,181534
2026-07-31 11:22:00,270.69,270.75,270.53,270.715,105343
2026-07-31 11:23:00,270.7056,270.735,270.395,270.42,100272
2026-07-31 11:24:00,270.39,270.43,269.95,270.07,178900
2026-07-31 11:25:00,270.0514,270.0514,269.375,269.425,223925
2026-07-31 11:26:00,269.425,269.8699,268.81,269.08,276631
2026-07-31 11:27:00,269.05,269.09,268.1601,268.21,262309
2026-07-31 11:28:00,268.195,268.3699,267.66,267.69,336666
2026-07-31 11:29:00,267.71,267.86,267.365,267.4,336192
2026-07-31 11:30:00,267.405,267.42,266.85,267.03,285150
2026-07-31 11:31:00,267.0,267.29,266.84,267.19,296122
2026-07-31 11:32:00,267.19,267.73,267.13,267.2799,400320
2026-07-31 11:33:00,267.23,267.245,266.75,266.875,182958
2026-07-31 11:34:00,266.86,267.06,266.56,267.0,1228333
2026-07-31 11:35:00,267.005,267.005,266.32,266.52,249289
2026-07-31 11:36:00,266.52,266.8611,266.32,266.55,168521
2026-07-31 11:37:00,266.55,266.905,266.535,266.7901,179171
2026-07-31 11:38:00,266.83,267.1,266.66,266.71,230543
2026-07-31 11:39:00,266.74,267.0143,266.55,266.59,146245
2026-07-31 11:40:00,266.59,266.84,266.47,266.565,158829
2026-07-31 11:41:00,266.565,267.02,266.485,266.94,151500
2026-07-31 11:42:00,266.94,267.02,266.7,266.8599,166136
2026-07-31 11:43:00,266.815,266.93,266.48,266.91,132673
2026-07-31 11:44:00,266.875,267.02,266.664,266.79,249119
2026-07-31 11:45:00,266.78,266.84,266.63,266.79,161258
2026-07-31 11:46:00,266.78,267.38,266.76,266.93,177365
2026-07-31 11:47:00,266.95,267.06,266.67,266.78,127455
2026-07-31 11:48:00,266.77,266.9798,266.6801,266.915,107019
2026-07-31 11:49:00,266.91,267.339,266.83,267.251,284616
2026-07-31 11:50:00,267.3,268.1656,267.2501,268.075,219399
2026-07-31 11:51:00,268.05,269.0587,267.86,268.3,471725
2026-07-31 11:52:00,268.27,268.67,268.24,268.64,137484
2026-07-31 11:53:00,268.625,269.05,268.46,268.54,212493
2026-07-31 11:54:00,268.525,268.525,268.07,268.115,176929
2026-07-31 11:55:00,268.1002,268.1699,267.9,268.1699,151653
2026-07-31 11:56:00,268.175,268.7,268.1,268.516,133454
2026-07-31 11:57:00,268.545,268.905,268.54,268.76,221922
2026-07-31 11:58:00,268.8,268.97,268.6,268.75,124507
2026-07-31 11:59:00,268.75,269.13,268.69,268.89,161031
2026-07-31 12:00:00,268.86,269.32,268.845,269.2301,187829
2026-07-31 12:01:00,269.2799,269.855,269.16,269.73,268266
2026-07-31 12:02:00,269.74,269.95,269.6812,269.77,187416
2026-07-31 12:03:00,269.76,270.2,269.69,269.945,338218
2026-07-31 12:04:00,269.96,270.0,269.79,269.95,126200
2026-07-31 12:05:00,269.95,270.25,269.8901,270.225,201195
2026-07-31 12:06:00,270.235,270.34,269.8501,269.94,201198
2026-07-31 12:07:00,269.945,269.945,269.425,269.59,196702
2026-07-31 12:08:00,269.612,269.6699,269.29,269.47,678680
2026-07-31 12:09:00,269.49,269.97,269.49,269.74,202854
2026-07-31 12:10:00,269.7201,270.27,269.7,270.1,259473
2026-07-31 12:11:00,270.1023,270.315,269.86,270.315,274221
2026-07-31 12:12:00,270.31,270.47,270.12,270.47,162014
2026-07-31 12:13:00,270.41,270.82,270.41,270.81,180170
2026-07-31 12:14:00,270.81,270.9,270.6318,270.7651,189255
2026-07-31 12:15:00,270.765,270.85,270.5009,270.58,174067
2026-07-31 12:16:00,270.6,271.4,270.4002,271.065,368889
2026-07-31 12:17:00,271.065,271.07,270.56,270.56,122495
2026-07-31 12:18:00,270.57,270.61,270.31,270.47,97969
2026-07-31 12:19:00,270.5,270.77,270.25,270.373,175546
2026-07-31 12:20:00,270.385,270.7,270.365,270.625,141859
2026-07-31 12:21:00,270.625,270.66,270.45,270.66,99582
2026-07-31 12:22:00,270.63,271.07,270.63,270.97,138976
2026-07-31 12:23:00,270.975,271.53,270.94,271.32,228181
2026-07-31 12:24:00,271.34,271.52,271.19,271.4184,153195
2026-07-31 12:25:00,271.43,271.49,271.225,271.29,157733
2026-07-31 12:26:00,271.24,271.28,271.0501,271.0501,116352
2026-07-31 12:27:00,271.065,271.215,270.92,270.9496,119305
2026-07-31 12:28:00,270.945,271.08,270.8103,270.84,120031
2026-07-31 12:29:00,270.84,271.0155,270.7707,270.79,121426
2026-07-31 12:30:00,270.8,271.2,270.8,271.1817,148494
2026-07-31 12:31:00,271.19,271.25,270.84,271.115,127365
2026-07-31 12:32:00,271.105,271.105,270.66,270.66,158720
2026-07-31 12:33:00,270.68,270.7799,270.5073,270.7799,131120
2026-07-31 12:34:00,270.7555,271.2348,270.74,271.2,184794
2026-07-31 12:35:00,271.1956,271.43,270.96,270.98,173103
2026-07-31 12:36:00,270.97,270.97,270.42,270.615,104000
2026-07-31 12:37:00,270.615,270.765,270.5018,270.675,118202
2026-07-31 12:38:00,270.65,270.745,270.55,270.605,84737
2026-07-31 12:39:00,270.58,270.67,270.4975,270.55,91934
2026-07-31 12:40:00,270.54,270.82,270.5,270.81,126578
2026-07-31 12:41:00,270.82,270.88,270.67,270.695,122642
2026-07-31 12:42:00,270.695,270.82,270.6,270.715,90538
2026-07-31 12:43:00,270.7,270.7992,270.62,270.75,97183
2026-07-31 12:44:00,270.745,270.855,270.72,270.72,123859
2026-07-31 12:45:00,270.72,270.79,270.5745,270.69,81664
2026-07-31 12:46:00,270.7,270.7,270.54,270.64,76103
2026-07-31 12:47:00,270.66,270.75,270.57,270.62,90293
2026-07-31 12:48:00,270.62,270.84,270.62,270.68,95020
2026-07-31 12:49:00,270.68,270.7,270.55,270.625,94850
2026-07-31 12:50:00,270.62,270.98,270.5901,270.9099,146173
2026-07-31 12:51:00,270.905,270.97,270.8676,270.9,97102
2026-07-31 12:52:00,270.89,270.97,270.81,270.96,201798
2026-07-31 12:53:00,270.965,271.37,270.85,271.135,202200
2026-07-31 12:54:00,271.15,271.55,271.12,271.17,250391
2026-07-31 12:55:00,271.1701,271.1794,270.96,271.0701,120558
2026-07-31 12:56:00,271.08,271.18,270.89,270.96,174475
2026-07-31 12:57:00,270.97,271.08,270.97,271.04,77876
2026-07-31 12:58:00,271.0402,271.2,271.0,271.025,77137
2026-07-31 12:59:00,271.02,271.265,271.02,271.065,92734
2026-07-31 13:00:00,271.06,271.31,271.06,271.2601,101629
2026-07-31 13:01:00,271.29,271.305,271.14,271.15,105143
2026-07-31 13:02:00,271.17,271.27,271.16,271.27,50254
2026-07-31 13:03:00,271.285,271.3899,271.25,271.27,99504
2026-07-31 13:04:00,271.26,271.43,271.05,271.08,140056
2026-07-31 13:05:00,271.12,271.35,271.1167,271.31,70917
2026-07-31 13:06:00,271.31,271.39,271.1222,271.1222,67062
2026-07-31 13:07:00,271.1,271.33,270.8801,271.03,244555
2026-07-31 13:08:00,271.03,271.155,270.935,270.94,158390
2026-07-31 13:09:00,270.94,271.07,270.92,270.96,115050
2026-07-31 13:10:00,270.95,270.98,270.7,270.88,237062
2026-07-31 13:11:00,270.86,271.05,270.84,271.025,51944
2026-07-31 13:12:00,270.7925,270.7925,270.32,270.39,209978
2026-07-31 13:13:00,270.4,270.43,270.025,270.15,141603
2026-07-31 13:14:00,270.14,270.16,269.91,269.9525,132896
2026-07-31 13:15:00,269.965,270.18,269.94,270.16,116610
2026-07-31 13:16:00,270.17,270.2743,270.0401,270.045,127307
2026-07-31 13:17:00,270.0518,270.06,269.68,269.755,183467
2026-07-31 13:18:00,269.755,269.9,269.6918,269.81,104162
2026-07-31 13:19:00,269.8,270.079,269.8,269.93,94886
2026-07-31 13:20:00,269.925,270.7,269.9201,270.685,142682
2026-07-31 13:21:00,270.655,270.9,270.55,270.6802,281817
2026-07-31 13:22:00,270.71,270.88,270.64,270.825,139034
2026-07-31 13:23:00,270.83,271.15,270.7805,271.12,145559
2026-07-31 13:24:00,271.11,271.29,271.0005,271.155,129797
2026-07-31 13:25:00,271.1305,271.17,271.04,271.095,88207
2026-07-31 13:26:00,271.07,271.28,271.03,271.28,79273
2026-07-31 13:27:00,271.28,271.45,271.27,271.335,102276
2026-07-31 13:28:00,271.33,271.43,271.2105,271.33,79193
2026-07-31 13:29:00,271.33,271.48,271.2,271.31,107581
2026-07-31 13:30:00,271.33,271.34,270.71,271.075,192327
2026-07-31 13:31:00,271.06,271.3,270.9201,271.3,124764
2026-07-31 13:32:00,271.29,271.3475,271.015,271.015,148731
2026-07-31 13:33:00,271.02,271.27,271.0,271.197,104285
2026-07-31 13:34:00,271.205,271.22,271.06,271.125,110563
2026-07-31 13:35:00,271.12,271.13,270.82,271.095,135497
2026-07-31 13:36:00,271.07,271.095,270.73,270.73,110737
2026-07-31 13:37:00,270.735,270.968,270.7,270.9601,76128
2026-07-31 13:38:00,270.9601,271.14,270.9003,270.92,70267
2026-07-31 13:39:00,270.92,271.02,270.6045,270.62,76669
2026-07-31 13:40:00,270.63,270.65,270.4,270.438,88046
2026-07-31 13:41:00,270.41,270.43,270.2,270.43,90745
2026-07-31 13:42:00,270.425,270.75,270.37,270.695,139040
2026-07-31 13:43:00,270.695,270.792,270.65,270.685,104159
2026-07-31 13:44:00,270.675,270.81,270.66,270.745,90896
2026-07-31 13:45:00,270.76,271.17,270.75,271.08,161538
2026-07-31 13:46:00,271.09,271.21,271.04,271.15,91788
2026-07-31 13:47:00,271.1401,271.225,270.7,270.7,81395
2026-07-31 13:48:00,270.675,270.825,270.58,270.65,90828
2026-07-31 13:49:00,270.64,270.74,270.5802,270.635,58924
2026-07-31 13:50:00,270.63,270.72,270.59,270.59,79712
2026-07-31 13:51:00,270.63,270.63,270.5,270.56,65478
2026-07-31 13:52:00,270.5895,270.8,270.53,270.585,107408
2026-07-31 13:53:00,270.58,270.66,270.51,270.5469,76844
2026-07-31 13:54:00,270.55,270.795,270.53,270.7599,65417
2026-07-31 13:55:00,270.73,270.885,270.69,270.69,85370
2026-07-31 13:56:00,270.7,270.895,270.67,270.84,135000
2026-07-31 13:57:00,270.83,270.93,270.76,270.885,77360
2026-07-31 13:58:00,270.85,270.855,270.72,270.77,69604
2026-07-31 13:59:00,270.78,270.7899,270.5,270.55,82932
2026-07-31 14:00:00,270.56,270.72,270.54,270.7062,68415
2026-07-31 14:01:00,270.71,270.82,270.67,270.73,113219
2026-07-31 14:02:00,270.74,270.94,270.71,270.92,204245
2026-07-31 14:03:00,270.915,271.25,270.915,271.15,161183
2026-07-31 14:04:00,271.1571,271.215,271.01,271.05,88101
2026-07-31 14:05:00,271.05,271.31,271.0001,271.1283,115707
2026-07-31 14:06:00,271.12,271.41,271.09,271.345,114835
2026-07-31 14:07:00,271.345,271.46,271.21,271.305,112954
2026-07-31 14:08:00,271.305,271.36,271.23,271.3301,88958
2026-07-31 14:09:00,271.31,271.36,271.28,271.288,109037
2026-07-31 14:10:00,271.3,271.33,271.2001,271.25,97294
2026-07-31 14:11:00,271.25,271.27,271.14,271.16,81001
2026-07-31 14:12:00,271.16,271.4,271.16,271.315,97232
2026-07-31 14:13:00,271.32,271.65,271.29,271.46,209438
2026-07-31 14:14:00,271.49,271.62,271.46,271.555,93331
2026-07-31 14:15:00,271.54,271.56,271.32,271.38,118160
2026-07-31 14:16:00,271.355,271.57,271.34,271.47,80150
2026-07-31 14:17:00,271.45,271.575,271.36,271.375,98426
2026-07-31 14:18:00,271.36,271.44,271.33,271.44,83303
2026-07-31 14:19:00,271.4202,271.59,271.4202,271.57,84735
2026-07-31 14:20:00,271.56,271.7,271.38,271.68,169529
2026-07-31 14:21:00,271.685,271.75,271.33,271.38,209273
2026-07-31 14:22:00,271.38,271.47,271.31,271.3101,92827
2026-07-31 14:23:00,271.3,271.42,271.23,271.325,105222
2026-07-31 14:24:00,271.335,271.5,271.295,271.43,83028
2026-07-31 14:25:00,271.43,271.51,271.01,271.02,148036
2026-07-31 14:26:00,271.05,271.1,270.96,271.07,85953
2026-07-31 14:27:00,271.06,271.1,270.82,270.84,78287
2026-07-31 14:28:00,270.8206,270.87,270.69,270.8,77814
2026-07-31 14:29:00,270.8,270.855,270.73,270.78,71586
2026-07-31 14:30:00,270.7784,270.93,270.7784,270.87,260184
2026-07-31 14:31:00,270.87,271.19,270.8601,270.94,107451
2026-07-31 14:32:00,270.965,270.99,270.84,270.91,199537
2026-07-31 14:33:00,270.9,270.96,270.73,270.735,66540
2026-07-31 14:34:00,270.75,270.7894,270.5727,270.69,84391
2026-07-31 14:35:00,270.69,270.75,270.6268,270.65,64538
2026-07-31 14:36:00,270.66,270.86,270.66,270.8,70855
2026-07-31 14:37:00,270.74,270.78,270.67,270.78,83940
2026-07-31 14:38:00,270.78,270.86,270.76,270.86,68456
2026-07-31 14:39:00,270.87,270.91,270.69,270.7218,71998
2026-07-31 14:40:00,270.735,270.7801,270.624,270.635,101837
2026-07-31 14:41:00,270.63,270.8,270.51,270.615,80976
2026-07-31 14:42:00,270.63,270.85,270.56,270.831,77159
2026-07-31 14:43:00,270.84,270.86,270.685,270.685,82970
2026-07-31 14:44:00,270.685,270.79,270.67,270.77,75938
2026-07-31 14:45:00,270.78,270.86,270.755,270.8298,89405
2026-07-31 14:46:00,270.82,270.91,270.82,270.87,88199
2026-07-31 14:47:00,270.885,271.25,270.8521,271.25,149806
2026-07-31 14:48:00,271.2525,271.38,271.13,271.34,117490
2026-07-31 14:49:00,271.35,271.47,271.3201,271.44,109972
2026-07-31 14:50:00,271.4432,271.6,271.41,271.47,277150
2026-07-31 14:51:00,271.49,271.8,271.49,271.63,153473
2026-07-31 14:52:00,271.645,271.8776,271.47,271.64,230461
2026-07-31 14:53:00,271.635,271.7,271.5825,271.62,84951
2026-07-31 14:54:00,271.63,271.695,271.32,271.375,217954
2026-07-31 14:55:00,271.375,271.485,271.345,271.4,135759
2026-07-31 14:56:00,271.42,271.65,271.42,271.5379,131462
2026-07-31 14:57:00,271.55,271.7199,271.495,271.53,161090
2026-07-31 14:58:00,271.54,271.73,271.4501,271.73,188082
2026-07-31 14:59:00,271.7151,271.85,271.6101,271.68,227586
2026-07-31 15:00:00,271.68,271.71,271.4,271.4,266057
2026-07-31 15:01:00,271.39,271.43,271.22,271.43,176958
2026-07-31 15:02:00,271.44,271.55,271.35,271.44,210677
2026-07-31 15:03:00,271.425,271.47,271.23,271.315,103860
2026-07-31 15:04:00,271.32,271.43,271.2097,271.43,136959
2026-07-31 15:05:00,271.44,271.51,271.22,271.225,149293
2026-07-31 15:06:00,271.2216,271.37,271.1594,271.37,162956
2026-07-31 15:07:00,271.39,271.45,271.22,271.4,121667
2026-07-31 15:08:00,271.4,271.5393,271.4,271.475,110626
2026-07-31 15:09:00,271.475,271.605,271.29,271.59,202841
2026-07-31 15:10:00,271.57,271.57,271.39,271.5,166009
2026-07-31 15:11:00,271.4802,271.555,271.38,271.38,150446
2026-07-31 15:12:00,271.375,271.46,271.29,271.32,152759
2026-07-31 15:13:00,271.335,271.4255,271.2302,271.27,95542
2026-07-31 15:14:00,271.28,271.44,271.18,271.26,140441
2026-07-31 15:15:00,271.26,271.295,271.115,271.1601,120604
2026-07-31 15:16:00,271.17,271.24,271.11,271.18,106544
2026-07-31 15:17:00,271.18,271.35,271.03,271.28,204609
2026-07-31 15:18:00,271.275,271.45,271.265,271.285,573810
2026-07-31 15:19:00,271.3,271.47,271.3,271.39,160393
2026-07-31 15:20:00,271.3872,271.3901,271.08,271.27,125266
2026-07-31 15:21:00,271.26,271.315,271.2,271.28,188316
2026-07-31 15:22:00,271.285,271.5,271.23,271.35,185891
2026-07-31 15:23:00,271.335,271.55,271.218,271.42,185111
2026-07-31 15:24:00,271.39,271.42,271.29,271.37,114902
2026-07-31 15:25:00,271.38,271.5801,271.27,271.46,168317
2026-07-31 15:26:00,271.46,271.92,271.42,271.92,264438
2026-07-31 15:27:00,271.9204,272.36,271.9204,272.1808,840412
2026-07-31 15:28:00,272.19,272.275,271.9814,272.09,253092
2026-07-31 15:29:00,272.09,272.135,271.63,271.822,246283
2026-07-31 15:30:00,271.83,272.115,271.82,272.085,256312
2026-07-31 15:31:00,272.085,272.5829,272.085,272.57,333853
2026-07-31 15:32:00,272.56,272.72,272.36,272.56,515788
2026-07-31 15:33:00,272.57,272.7,272.0901,272.19,396337
2026-07-31 15:34:00,272.19,272.19,271.59,271.705,371164
2026-07-31 15:35:00,271.72,272.1396,271.63,272.095,246489
2026-07-31 15:36:00,272.095,272.1399,271.79,271.83,151164
2026-07-31 15:37:00,271.84,272.23,271.69,272.15,247053
2026-07-31 15:38:00,272.15,272.2095,271.86,271.905,185233
2026-07-31 15:39:00,271.93,271.93,271.4001,271.555,289846
2026-07-31 15:40:00,271.54,271.5695,271.04,271.2306,269842
2026-07-31 15:41:00,271.24,271.43,271.09,271.35,208461
2026-07-31 15:42:00,271.37,271.37,271.105,271.2,181755
2026-07-31 15:43:00,271.185,271.35,271.07,271.2701,179149
2026-07-31 15:44:00,271.31,271.4901,271.21,271.42,198329
2026-07-31 15:45:00,271.42,271.555,271.36,271.525,192564
2026-07-31 15:46:00,271.51,271.7,271.4001,271.42,187609
2026-07-31 15:47:00,271.41,271.7,271.33,271.665,193765
2026-07-31 15:48:00,271.65,271.88,271.53,271.875,224162
2026-07-31 15:49:00,271.88,272.18,271.63,271.7563,322276
2026-07-31 15:50:00,271.72,272.99,271.72,272.9117,573404
2026-07-31 15:51:00,272.9,273.07,272.85,273.025,641309
2026-07-31 15:52:00,273.025,273.23,272.93,273.15,484446
2026-07-31 15:53:00,273.17,273.18,272.62,272.85,620887
2026-07-31 15:54:00,272.85,272.95,272.43,272.465,573834
2026-07-31 15:55:00,272.47,272.5,271.57,271.5784,736140
2026-07-31 15:56:00,271.575,271.93,271.42,271.93,596805
2026-07-31 15:57:00,271.93,272.38,271.75,272.28,724931
2026-07-31 15:58:00,272.28,272.4896,272.11,272.305,710217
2026-07-31 15:59:00,272.31,272.32,271.15,271.61,1377685
2026-07-31 16:00:00,271.58,272.88,271.58,271.75,10453713
2026-07-31 16:01:00,271.73,271.98,271.33,271.4,0
2026-07-31 16:02:00,271.5,271.7817,271.1197,271.35,0
2026-07-31 16:03:00,271.54,271.58,271.3,271.55,0
2026-07-31 16:04:00,271.3,271.58,271.3,271.48,0
2026-07-31 16:05:00,271.475,271.55,271.2,271.2,0
2026-07-31 16:06:00,271.3,271.35,270.93,271.15,0
2026-07-31 16:07:00,271.21,271.58,271.1,271.1,0
2026-07-31 16:08:00,271.1996,271.58,271.0107,271.07,0
2026-07-31 16:09:00,271.01,271.2,270.93,271.18,0
2026-07-31 16:10:00,271.0819,271.58,271.06,271.49,0
2026-07-31 16:11:00,271.37,271.58,271.25,271.328,0
2026-07-31 16:12:00,271.15,271.35,271.15,271.2,0
2026-07-31 16:13:00,271.3,271.3,271.06,271.06,0
2026-07-31 16:14:00,271.0762,271.58,271.0,271.0,0
2026-07-31 16:15:00,271.58,271.58,270.83,270.94,0
2026-07-31 16:16:00,270.94,271.1,270.85,271.0155,0
2026-07-31 16:17:00,271.0317,271.22,271.0317,271.1818,0
2026-07-31 16:18:00,271.15,271.25,271.15,271.1571,0
2026-07-31 16:19:00,271.17,271.19,271.1,271.1,0
2026-07-31 16:20:00,271.14,271.58,271.0,271.0008,0
2026-07-31 16:21:00,271.0,271.06,271.0,271.0002,0
2026-07-31 16:22:00,271.0003,271.07,271.0,271.0,0
2026-07-31 16:23:00,271.04,271.13,271.0,271.0,0
2026-07-31 16:24:00,271.0205,271.12,271.0,271.05,0
2026-07-31 16:25:00,271.08,271.58,271.0,271.0,0
2026-07-31 16:26:00,271.0,271.19,271.0,271.12,0
2026-07-31 16:27:00,271.19,271.19,270.82,270.9005,0
2026-07-31 16:28:00,270.914,271.1,268.265,271.05,0
2026-07-31 16:29:00,271.09,271.1988,270.82,271.0288,0
2026-07-31 16:30:00,271.0,271.15,271.0,271.13,0
2026-07-31 16:31:00,271.12,271.35,271.01,271.27,0
2026-07-31 16:32:00,271.2178,271.2178,271.0103,271.1965,0
2026-07-31 16:33:00,271.2,271.2,271.06,271.13,0
2026-07-31 16:34:00,271.13,271.71,271.1,271.34,0
2026-07-31 16:35:00,271.225,271.34,271.2,271.25,0
2026-07-31 16:36:00,271.21,271.3028,271.0,271.0,0
2026-07-31 16:37:00,271.02,271.1,270.89,270.95,0
2026-07-31 16:38:00,271.0,271.1,270.95,271.0,0
2026-07-31 16:39:00,271.0,271.1,270.95,271.0,0
2026-07-31 16:40:00,271.0019,271.1,271.0,271.06,0
2026-07-31 16:41:00,271.06,271.1,271.06,271.0607,0
2026-07-31 16:42:00,271.06,271.099,271.0,271.0158,0
2026-07-31 16:43:00,271.1,271.1,270.61,271.06,0
2026-07-31 16:44:00,271.0977,271.1,271.01,271.04,0
2026-07-31 16:45:00,271.0085,271.06,271.0,271.06,0
2026-07-31 16:46:00,271.0569,271.1,271.0,271.05,0
2026-07-31 16:47:00,271.06,271.1,270.95,271.07,0
2026-07-31 16:48:00,271.1,271.29,271.0406,271.29,0
2026-07-31 16:49:00,271.06,271.31,271.06,271.09,0
2026-07-31 16:50:00,271.0942,271.18,270.99,271.06,0
2026-07-31 16:51:00,271.17,271.24,271.0,271.15,0
2026-07-31 16:52:00,271.0545,271.24,271.02,271.05,0
2026-07-31 16:53:00,271.12,271.2355,270.82,270.846,0
2026-07-31 16:54:00,270.86,270.99,270.61,270.61,0
2026-07-31 16:55:00,270.61,270.98,270.61,270.88,0
2026-07-31 16:56:00,270.73,270.98,270.6,270.76,0
2026-07-31 16:57:00,270.9745,270.9788,270.75,270.75,0
2026-07-31 16:58:00,270.8,270.88,270.75,270.88,0
2026-07-31 16:59:00,270.7615,270.88,270.6,270.67,0
2026-07-31 17:00:00,270.82,270.9765,270.82,270.92,0
2026-07-31 17:01:00,270.9628,270.98,270.86,270.9,0
2026-07-31 17:02:00,270.91,270.99,270.86,270.8614,0
2026-07-31 17:03:00,270.8698,270.899,270.75,270.75,0
2026-07-31 17:04:00,270.6,270.86,270.6,270.801,0
2026-07-31 17:05:00,270.81,270.8819,270.8,270.81,0
2026-07-31 17:06:00,270.81,270.87,270.8,270.81,0
2026-07-31 17:07:00,270.8,270.8469,270.8,270.8112,0
2026-07-31 17:08:00,270.8001,270.81,270.8,270.8,0
2026-07-31 17:09:00,270.63,270.82,270.63,270.72,0
2026-07-31 17:10:00,270.83,270.9,270.72,270.81,0
2026-07-31 17:11:00,270.8114,270.9614,270.81,270.87,0
2026-07-31 17:12:00,270.9575,270.96,270.78,270.92,0
2026-07-31 17:13:00,270.9,270.98,270.8,270.84,0
2026-07-31 17:14:00,270.85,270.953,270.85,270.87,0
2026-07-31 17:15:00,270.87,270.953,270.8,270.8895,0
2026-07-31 17:16:00,270.88,270.89,270.8,270.87,0
2026-07-31 17:17:00,270.8898,270.89,270.8,270.86,0
2026-07-31 17:18:00,270.8139,270.89,270.8,270.86,0
2026-07-31 17:19:00,270.86,270.9,270.81,270.87,0
2026-07-31 17:20:00,270.87,270.89,270.87,270.8774,0
2026-07-31 17:21:00,270.8705,270.8895,270.87,270.875,0
2026-07-31 17:22:00,270.87,270.89,270.87,270.8743,0
2026-07-31 17:23:00,270.8705,270.9,270.87,270.8705,0
2026-07-31 17:24:00,270.8895,270.8895,270.87,270.88,0
2026-07-31 17:25:00,270.88,270.9576,270.88,270.89,0
2026-07-31 17:26:00,270.9211,270.97,270.89,270.89,0
2026-07-31 17:27:00,270.9,271.58,270.86,270.8647,0
2026-07-31 17:28:00,270.9,271.05,270.9,270.9253,0
2026-07-31 17:29:00,270.9253,270.95,270.9,270.95,0
2026-07-31 17:30:00,270.93,271.0,270.93,270.9408,0
2026-07-31 17:31:00,271.0,271.0,270.93,270.98,0
2026-07-31 17:32:00,271.0,271.0,270.96,270.97,0
2026-07-31 17:33:00,270.97,271.0,270.9301,270.9301,0
2026-07-31 17:34:00,270.9316,270.9982,270.9,270.9975,0
2026-07-31 17:35:00,270.9011,270.98,270.6312,270.6653,0
2026-07-31 17:36:00,270.6799,270.7,270.62,270.65,0
2026-07-31 17:37:00,270.678,270.912,270.65,270.912,0
2026-07-31 17:38:00,270.65,270.96,270.61,270.65,0
2026-07-31 17:39:00,270.65,270.72,270.64,270.6417,0
2026-07-31 17:40:00,270.68,270.7,270.6407,270.66,0
2026-07-31 17:41:00,270.66,270.693,252.8452,270.66,0
2026-07-31 17:42:00,270.8935,286.5045,252.8452,270.6671,0
2026-07-31 17:43:00,270.66,286.5045,253.7302,270.7,0
2026-07-31 17:44:00,270.7,270.8659,270.67,270.75,0
2026-07-31 17:45:00,270.7,270.75,270.67,270.7,0
2026-07-31 17:46:00,270.68,270.7,270.66,270.67,0
2026-07-31 17:47:00,270.67,270.6815,270.6,270.6,0
2026-07-31 17:48:00,270.58,270.5876,270.5,270.53,0
2026-07-31 17:49:00,270.5,270.51,270.32,270.32,0
2026-07-31 17:50:00,270.429,270.8855,270.32,270.5,0
2026-07-31 17:51:00,270.3537,270.52,270.35,270.416,0
2026-07-31 17:52:00,270.38,270.61,270.38,270.44,0
2026-07-31 17:53:00,270.4414,270.61,270.35,270.3505,0
2026-07-31 17:54:00,270.353,270.4,270.13,270.13,0
2026-07-31 17:55:00,270.23,270.23,270.07,270.07,0
2026-07-31 17:56:00,270.07,270.25,270.03,270.12,0
2026-07-31 17:57:00,270.19,270.5,270.15,270.22,0
2026-07-31 17:58:00,270.1232,270.2515,270.09,270.13,0
2026-07-31 17:59:00,270.17,270.2337,270.09,270.1911,0
2026-07-31 18:00:00,270.12,270.25,270.03,270.1482,0
2026-07-31 18:01:00,270.2,270.2599,270.12,270.12,0
2026-07-31 18:02:00,270.1501,270.26,270.13,270.15,0
2026-07-31 18:03:00,270.15,270.26,270.12,270.1763,0
2026-07-31 18:04:00,270.1417,270.26,270.12,270.1766,0
2026-07-31 18:05:00,270.2,270.26,270.13,270.1899,0
2026-07-31 18:06:00,270.2,270.25,270.1594,270.2,0
2026-07-31 18:07:00,270.2,270.249,270.18,270.1908,0
2026-07-31 18:08:00,270.21,270.5002,270.18,270.23,0
2026-07-31 18:09:00,270.21,270.48,270.18,270.2,0
2026-07-31 18:10:00,270.2,270.4788,270.15,270.16,0
2026-07-31 18:11:00,270.4988,270.4988,270.15,270.35,0
2026-07-31 18:12:00,270.2,270.2,270.15,270.18,0
2026-07-31 18:13:00,270.17,270.35,270.1565,270.1565,0
2026-07-31 18:14:00,270.16,270.17,270.15,270.15,0
2026-07-31 18:15:00,270.169,270.3452,270.13,270.13,0
2026-07-31 18:16:00,270.14,270.21,269.88,269.995,0
2026-07-31 18:17:00,269.969,269.995,269.7713,269.98,0
2026-07-31 18:18:00,269.8781,270.0,269.8129,269.83,0
2026-07-31 18:19:00,270.0,270.48,269.85,269.91,0
2026-07-31 18:20:00,269.85,270.48,269.85,270.48,0
2026-07-31 18:21:00,270.3799,270.3799,269.95,270.01,0
2026-07-31 18:22:00,270.0499,270.2732,270.01,270.191,0
2026-07-31 18:23:00,270.2015,270.23,270.01,270.01,0
2026-07-31 18:24:00,270.1952,270.2,270.01,270.2,0
2026-07-31 18:25:00,270.01,270.2,270.01,270.07,0
2026-07-31 18:26:00,270.05,270.17,270.05,270.12,0
2026-07-31 18:27:00,270.12,270.4925,270.1,270.4925,0
2026-07-31 18:28:00,270.21,270.49,270.2,270.3,0
2026-07-31 18:29:00,270.21,270.4927,270.2,270.2465,0
2026-07-31 18:30:00,270.257,270.35,270.2,270.2659,0
2026-07-31 18:31:00,270.27,270.35,270.21,270.2101,0
2026-07-31 18:32:00,270.282,270.45,270.21,270.29,0
2026-07-31 18:33:00,270.3,270.45,270.2101,270.34,0
2026-07-31 18:34:00,270.49,271.58,270.21,270.3042,0
2026-07-31 18:35:00,270.4,270.49,270.217,270.483,0
2026-07-31 18:36:00,270.38,270.49,270.21,270.35,0
2026-07-31 18:37:00,270.35,270.4466,270.21,270.31,0
2026-07-31 18:38:00,270.4466,270.49,270.2112,270.4,0
2026-07-31 18:39:00,270.37,270.49,270.31,270.31,0
2026-07-31 18:40:00,270.4,270.4865,270.31,270.3513,0
2026-07-31 18:41:00,270.38,270.4092,270.35,270.38,0
2026-07-31 18:42:00,270.38,270.49,270.353,270.4,0
2026-07-31 18:43:00,270.3505,270.4,270.3505,270.37,0
2026-07-31 18:44:00,270.38,270.38,270.24,270.2706,0
2026-07-31 18:45:00,270.27,270.4065,270.21,270.405,0
2026-07-31 18:46:00,270.315,270.41,270.22,270.41,0
2026-07-31 18:47:00,270.2319,270.39,270.2303,270.39,0
2026-07-31 18:48:00,270.25,270.38,270.01,270.22,0
2026-07-31 18:49:00,270.22,270.48,270.12,270.2609,0
2026-07-31 18:50:00,270.2618,270.4835,270.2491,270.28,0
2026-07-31 18:51:00,270.4,270.484,270.24,270.39,0
2026-07-31 18:52:00,270.39,270.49,270.23,270.2315,0
2026-07-31 18:53:00,270.23,270.49,270.23,270.49,0
2026-07-31 18:54:00,270.48,270.48,270.22,270.26,0
2026-07-31 18:55:00,270.3,270.49,270.22,270.37,0
2026-07-31 18:56:00,270.35,270.35,270.02,270.198,0
2026-07-31 18:57:00,270.171,270.49,270.171,270.2,0
2026-07-31 18:58:00,270.2232,270.35,270.2037,270.23,0
2026-07-31 18:59:00,270.12,270.3442,270.12,270.22,0
2026-07-31 19:00:00,270.3467,270.41,270.2594,270.4,0
2026-07-31 19:01:00,270.24,270.41,270.24,270.32,0
2026-07-31 19:02:00,270.33,270.33,270.2579,270.2624,0
2026-07-31 19:03:00,270.26,270.33,270.26,270.3,0
2026-07-31 19:04:00,270.29,270.355,270.29,270.31,0
2026-07-31 19:05:00,270.31,270.35,270.2,270.21,0
2026-07-31 19:06:00,270.22,270.25,270.21,270.22,0
2026-07-31 19:07:00,270.2023,270.22,270.1206,270.1206,0
2026-07-31 19:08:00,270.2857,270.2857,270.12,270.25,0
2026-07-31 19:09:00,270.1312,270.26,270.1312,270.25,0
2026-07-31 19:10:00,270.25,270.41,270.25,270.41,0
2026-07-31 19:11:00,270.2318,270.41,270.2,270.31,0
2026-07-31 19:12:00,270.29,270.41,270.2211,270.41,0
2026-07-31 19:13:00,270.48,270.49,270.24,270.2643,0
2026-07-31 19:14:00,270.37,270.49,270.2712,270.28,0
2026-07-31 19:15:00,270.29,270.45,270.28,270.45,0
2026-07-31 19:16:00,270.49,270.49,270.33,270.35,0
2026-07-31 19:17:00,270.4865,270.4865,270.33,270.34,0
2026-07-31 19:18:00,270.33,270.34,270.2227,270.275,0
2026-07-31 19:19:00,270.22,270.35,270.22,270.2593,0
2026-07-31 19:20:00,270.2401,270.3768,270.22,270.25,0
2026-07-31 19:21:00,270.34,270.3768,270.26,270.3,0
2026-07-31 19:22:00,270.3962,270.4,270.25,270.25,0
2026-07-31 19:23:00,270.22,270.3,270.22,270.3,0
2026-07-31 19:24:00,270.25,270.35,270.22,270.35,0
2026-07-31 19:25:00,270.29,270.45,270.22,270.28,0
2026-07-31 19:26:00,270.379,270.379,270.25,270.35,0
2026-07-31 19:27:00,270.35,270.38,270.3,270.38,0
2026-07-31 19:28:00,270.3788,270.3788,270.3,270.35,0
2026-07-31 19:29:00,270.33,270.35,270.2525,270.2925,0
2026-07-31 19:30:00,270.3,270.3,270.25,270.27,0
2026-07-31 19:31:00,270.29,270.35,270.26,270.2746,0
2026-07-31 19:32:00,270.3,270.3,270.25,270.25,0
2026-07-31 19:33:00,270.26,270.3,270.22,270.27,0
2026-07-31 19:34:00,270.25,270.3,270.25,270.25,0
2026-07-31 19:35:00,270.25,270.3,270.25,270.29,0
2026-07-31 19:36:00,270.29,270.3338,270.29,270.3,0
2026-07-31 19:37:00,270.29,270.29,270.23,270.27,0
2026-07-31 19:38:00,270.25,270.27,270.2,270.2202,0
2026-07-31 19:39:00,270.2264,270.3,270.22,270.3,0
2026-07-31 19:40:00,270.22,270.3,270.22,270.2201,0
2026-07-31 19:41:00,270.2492,270.25,270.22,270.23,0
2026-07-31 19:42:00,270.22,270.3,270.22,270.22,0
2026-07-31 19:43:00,270.2205,270.25,270.22,270.2296,0
2026-07-31 19:44:00,270.2296,270.29,270.22,270.24,0
2026-07-31 19:45:00,270.2476,270.2825,269.85,270.0584,0
2026-07-31 19:46:00,270.21,270.29,270.02,270.19,0
2026-07-31 19:47:00,270.19,270.2166,270.0,270.11,0
2026-07-31 19:48:00,270.17,270.2,270.1,270.17,0
2026-07-31 19:49:00,270.18,270.2,270.11,270.19,0
2026-07-31 19:50:00,270.2,270.29,270.12,270.2,0
2026-07-31 19:51:00,270.22,270.29,270.2,270.29,0
2026-07-31 19:52:00,270.23,270.24,270.0,270.11,0
2026-07-31 19:53:00,270.0,270.15,270.0,270.1001,0
2026-07-31 19:54:00,270.0,270.15,270.0,270.0,0
2026-07-31 19:55:00,270.0012,270.15,270.0,270.14,0
2026-07-31 19:56:00,270.25,270.25,270.14,270.2425,0
2026-07-31 19:57:00,270.22,270.29,270.2,270.25,0
2026-07-31 19:58:00,270.21,270.2923,270.2,270.2923,0
2026-07-31 19:59:00,270.2568,270.4988,270.2025,270.4988,0
2026-08-03 04:00:00,274.41,276.3532,273.844,274.7217,0
2026-08-03 04:01:00,274.5202,276.35,274.35,274.5,0
2026-08-03 04:02:00,274.46,276.01,274.41,274.4112,0
2026-08-03 04:03:00,274.4275,274.429,273.55,274.08,0
2026-08-03 04:04:00,274.16,274.16,273.8,273.9,0
2026-08-03 04:05:00,274.2896,274.2896,274.1,274.19,0
2026-08-03 04:06:00,274.1,276.2,274.1,274.46,0
2026-08-03 04:07:00,275.33,275.33,274.1012,274.37,0
2026-08-03 04:08:00,274.6188,274.6188,274.1,274.4388,0
2026-08-03 04:09:00,274.1085,274.55,274.1,274.55,0
2026-08-03 04:10:00,274.54,274.54,274.37,274.49,0
2026-08-03 04:11:00,274.36,274.43,274.1,274.23,0
2026-08-03 04:12:00,274.36,274.4388,274.167,274.37,0
2026-08-03 04:13:00,274.37,274.43,274.19,274.43,0
2026-08-03 04:14:00,274.44,274.5,274.3612,274.47,0
2026-08-03 04:15:00,274.44,274.5,274.19,274.46,0
2026-08-03 04:16:00,274.5,274.5,274.19,274.19,0
2026-08-03 04:17:00,274.45,274.5,274.1932,274.34,0
2026-08-03 04:18:00,274.32,274.63,274.32,274.58,0
2026-08-03 04:19:00,274.53,274.69,274.5,274.53,0
2026-08-03 04:20:00,274.6304,274.64,274.5,274.63,0
2026-08-03 04:21:00,274.6,274.69,274.5,274.6,0
2026-08-03 04:22:00,274.6786,274.68,274.6,274.6586,0
2026-08-03 04:23:00,274.65,274.77,274.6012,274.6012,0
2026-08-03 04:24:00,274.7,274.99,274.69,274.99,0
2026-08-03 04:25:00,274.99,275.26,274.9,275.25,0
2026-08-03 04:26:00,275.28,275.4,275.2,275.3624,0
2026-08-03 04:27:00,275.38,275.38,275.23,275.23,0
2026-08-03 04:28:00,275.36,275.4,275.23,275.38,0
2026-08-03 04:29:00,275.34,275.43,275.2,275.4,0
2026-08-03 04:30:00,275.4,275.4,275.2,275.2,0
2026-08-03 04:31:00,275.2,275.3327,275.2,275.2,0
2026-08-03 04:32:00,275.26,275.31,275.2,275.24,0
2026-08-03 04:33:00,275.22,275.2754,275.01,275.2635,0
2026-08-03 04:34:00,275.05,275.2,275.0112,275.2,0
2026-08-03 04:35:00,275.12,275.1275,274.99,275.12,0
2026-08-03 04:36:00,275.05,275.2488,275.0,275.13,0
2026-08-03 04:37:00,275.19,275.19,275.0,275.01,0
2026-08-03 04:38:00,275.0,275.13,274.9,275.0,0
2026-08-03 04:39:00,274.9811,275.0,274.8,275.0,0
2026-08-03 04:40:00,274.8104,275.0,274.8104,274.89,0
2026-08-03 04:41:00,274.89,275.1,274.89,275.0,0
2026-08-03 04:42:00,275.1875,275.237,275.18,275.237,0
2026-08-03 04:43:00,275.12,275.12,275.11,275.1197,0
2026-08-03 04:44:00,275.1188,275.12,275.03,275.12,0
2026-08-03 04:45:00,275.06,275.1137,275.0,275.1,0
2026-08-03 04:46:00,275.06,275.2437,275.0003,275.2437,0
2026-08-03 04:47:00,275.25,275.25,275.1,275.16,0
2026-08-03 04:48:00,275.1319,275.15,275.0068,275.04,0
2026-08-03 04:49:00,275.0,275.15,275.0,275.06,0
2026-08-03 04:50:00,275.07,275.15,275.0,275.07,0
2026-08-03 04:51:00,274.89,274.96,274.8087,274.8087,0
2026-08-03 04:52:00,274.956,274.956,274.8012,274.8853,0
2026-08-03 04:53:00,274.8,274.89,274.8,274.87,0
2026-08-03 04:54:00,274.812,274.89,274.8012,274.89,0
2026-08-03 04:55:00,275.23,275.23,274.8644,275.0,0
2026-08-03 04:56:00,274.8412,275.0,274.8412,274.8863,0
2026-08-03 04:57:00,275.0,275.0088,274.8952,275.0,0
2026-08-03 04:58:00,275.0,275.01,274.9515,275.01,0
2026-08-03 04:59:00,275.02,275.23,275.0,275.23,0
2026-08-03 05:00:00,275.1,275.2696,275.0003,275.2696,0
2026-08-03 05:01:00,275.3967,275.4,275.22,275.4,0
2026-08-03 05:02:00,275.33,275.4,275.0012,275.25,0
2026-08-03 05:03:00,275.26,275.36,275.26,275.28,0
2026-08-03 05:04:00,275.31,275.351,275.0012,275.2925,0
2026-08-03 05:05:00,275.2828,275.5,275.2828,275.48,0
2026-08-03 05:06:00,275.45,275.45,275.34,275.45,0
2026-08-03 05:07:00,275.45,275.45,275.3,275.3937,0
2026-08-03 05:08:00,275.3937,275.3937,275.283,275.3673,0
2026-08-03 05:09:00,275.33,275.378,275.3,275.31,0
2026-08-03 05:10:00,275.35,275.4,275.32,275.38,0
2026-08-03 05:11:00,275.3112,275.48,275.31,275.45,0
2026-08-03 05:12:00,275.31,275.35,275.31,275.3388,0
2026-08-03 05:13:00,275.27,275.4255,275.25,275.3866,0
2026-08-03 05:14:00,275.45,275.45,275.25,275.32,0
2026-08-03 05:15:00,275.42,275.42,275.263,275.3,0
2026-08-03 05:16:00,275.3,275.72,275.24,275.72,0
2026-08-03 05:17:00,275.78,275.78,275.6103,275.65,0
2026-08-03 05:18:00,275.65,275.8,275.65,275.6812,0
2026-08-03 05:19:00,275.76,275.8,275.7,275.7,0
2026-08-03 05:20:00,275.77,275.94,275.77,275.92,0
2026-08-03 05:21:00,275.9388,275.94,275.6899,275.6899,0
2026-08-03 05:22:00,275.81,275.87,275.6899,275.8652,0
2026-08-03 05:23:00,275.86,275.86,275.42,275.42,0
2026-08-03 05:24:00,275.35,275.42,275.0,275.0347,0
2026-08-03 05:25:00,275.1,275.43,275.0012,275.43,0
2026-08-03 05:26:00,275.43,275.43,275.0,275.15,0
2026-08-03 05:27:00,275.03,275.2222,275.0125,275.2222,0
2026-08-03 05:28:00,275.24,275.8465,275.24,275.8465,0
2026-08-03 05:29:00,275.4,275.8027,275.4,275.448,0
2026-08-03 05:30:00,275.62,275.67,275.4,275.6588,0
2026-08-03 05:31:00,275.66,275.66,275.4,275.42,0
2026-08-03 05:32:00,275.28,275.64,275.28,275.6212,0
2026-08-03 05:33:00,275.3732,275.6,275.2812,275.2812,0
2026-08-03 05:34:00,275.44,275.5997,275.33,275.3925,0
2026-08-03 05:35:00,275.43,275.58,275.2875,275.44,0
2026-08-03 05:36:00,275.5644,275.58,275.28,275.28,0
2026-08-03 05:37:00,275.5644,275.58,275.33,275.33,0
2026-08-03 05:38:00,275.33,275.4,275.286,275.286,0
2026-08-03 05:39:00,275.322,275.4952,275.28,275.31,0
2026-08-03 05:40:00,275.28,275.31,275.28,275.28,0
2026-08-03 05:41:00,275.32,275.37,275.26,275.37,0
2026-08-03 05:42:00,275.26,275.52,275.024,275.37,0
2026-08-03 05:43:00,275.46,275.46,275.28,275.46,0
2026-08-03 05:44:00,275.4464,275.4535,275.28,275.28,0
2026-08-03 05:45:00,275.33,275.4464,275.26,275.33,0
2026-08-03 05:46:00,275.2136,275.46,275.2012,275.38,0
2026-08-03 05:47:00,275.38,275.46,275.3062,275.46,0
2026-08-03 05:48:00,275.42,275.42,275.078,275.22,0
2026-08-03 05:49:00,275.15,275.15,275.02,275.1012,0
2026-08-03 05:50:00,275.07,275.4002,275.07,275.14,0
2026-08-03 05:51:00,275.13,275.3552,275.13,275.25,0
2026-08-03 05:52:00,275.25,275.33,275.15,275.19,0
2026-08-03 05:53:00,275.2225,275.2973,275.2225,275.29,0
2026-08-03 05:54:00,275.29,275.3137,275.19,275.22,0
2026-08-03 05:55:00,275.3122,275.32,275.0641,275.32,0
2026-08-03 05:56:00,275.3,275.41,275.3,275.3887,0
2026-08-03 05:57:00,275.1955,275.32,275.1955,275.3,0
2026-08-03 05:58:00,275.25,275.39,275.25,275.2733,0
2026-08-03 05:59:00,275.3,275.3888,275.2573,275.38,0
2026-08-03 06:00:00,275.38,275.39,275.25,275.25,0
2026-08-03 06:01:00,275.2568,275.3988,275.25,275.37,0
2026-08-03 06:02:00,275.38,275.42,275.35,275.41,0
2026-08-03 06:03:00,275.4,275.46,275.36,275.38,0
2026-08-03 06:04:00,275.44,275.537,275.383,275.4144,0
2026-08-03 06:05:00,275.4873,275.5,275.383,275.383,0
2026-08-03 06:06:00,275.48,275.5,275.45,275.5,0
2026-08-03 06:07:00,275.4948,275.51,275.38,275.45,0
2026-08-03 06:08:00,275.44,275.49,275.38,275.44,0
2026-08-03 06:09:00,275.42,275.6517,275.42,275.522,0
2026-08-03 06:10:00,275.52,275.83,275.52,275.83,0
2026-08-03 06:11:00,275.8,275.9,275.8,275.84,0
2026-08-03 06:12:00,275.85,275.9,275.8052,275.81,0
2026-08-03 06:13:00,275.84,275.85,275.8,275.8488,0
2026-08-03 06:14:00,275.85,275.94,275.8,275.89,0
2026-08-03 06:15:00,275.8975,276.2,275.8,276.0227,0
2026-08-03 06:16:00,276.02,276.21,276.02,276.21,0
2026-08-03 06:17:00,276.24,276.24,276.0,276.03,0
2026-08-03 06:18:00,276.05,276.35,276.05,276.28,0
2026-08-03 06:19:00,276.29,276.29,276.0251,276.2844,0
2026-08-03 06:20:00,276.28,276.39,276.2012,276.33,0
2026-08-03 06:21:00,276.3,276.37,276.195,276.37,0
2026-08-03 06:22:00,276.3307,276.3588,276.287,276.3,0
2026-08-03 06:23:00,276.2948,276.5,276.2012,276.45,0
2026-08-03 06:24:00,276.53,276.66,276.5,276.6,0
2026-08-03 06:25:00,276.6031,276.65,276.44,276.5416,0
2026-08-03 06:26:00,276.509,276.59,276.44,276.59,0
2026-08-03 06:27:00,276.52,276.59,276.05,276.11,0
2026-08-03 06:28:00,276.06,276.11,275.9,276.0,0
2026-08-03 06:29:00,276.0,276.0,275.83,275.9,0
2026-08-03 06:30:00,275.95,276.29,275.95,276.2445,0
2026-08-03 06:31:00,276.21,276.45,276.16,276.35,0
2026-08-03 06:32:00,276.36,276.44,276.3,276.34,0
2026-08-03 06:33:00,276.3,276.39,276.3,276.3169,0
2026-08-03 06:34:00,276.3,276.45,276.3,276.35,0
2026-08-03 06:35:00,276.33,276.45,276.0012,276.39,0
2026-08-03 06:36:00,276.4,276.45,276.33,276.33,0
2026-08-03 06:37:00,276.42,276.5,276.34,276.5,0
2026-08-03 06:38:00,276.5,276.55,276.43,276.5,0
2026-08-03 06:39:00,276.42,276.54,276.4,276.53,0
2026-08-03 06:40:00,276.53,276.53,276.39,276.39,0
2026-08-03 06:41:00,276.33,276.63,276.33,276.53,0
2026-08-03 06:42:00,276.52,276.6,276.33,276.33,0
2026-08-03 06:43:00,276.29,276.47,276.17,276.17,0
2026-08-03 06:44:00,276.2484,276.4388,276.2478,276.4217,0
2026-08-03 06:45:00,276.41,276.49,276.35,276.49,0
2026-08-03 06:46:00,276.45,276.4783,276.27,276.3835,0
2026-08-03 06:47:00,276.27,276.27,276.2,276.26,0
2026-08-03 06:48:00,276.2,276.2,276.1,276.14,0
2026-08-03 06:49:00,276.08,276.12,276.05,276.12,0
2026-08-03 06:50:00,276.04,276.16,276.0,276.16,0
2026-08-03 06:51:00,276.0403,276.16,276.04,276.1,0
2026-08-03 06:52:00,276.1,276.1,276.06,276.099,0
2026-08-03 06:53:00,276.1,276.1,275.88,275.9896,0
2026-08-03 06:54:00,275.9127,276.0,275.9,276.0,0
2026-08-03 06:55:00,275.9979,276.0,275.97,275.98,0
2026-08-03 06:56:00,275.97,276.1,275.97,276.0078,0
2026-08-03 06:57:00,276.05,276.08,276.0,276.0,0
2026-08-03 06:58:00,276.0134,276.06,276.0,276.0474,0
2026-08-03 06:59:00,276.01,276.15,276.0,276.15,0
2026-08-03 07:00:00,276.07,276.23,275.57,276.0879,0
2026-08-03 07:01:00,276.19,276.19,275.52,275.55,0
2026-08-03 07:02:00,275.8,275.8,275.32,275.4821,0
2026-08-03 07:03:00,275.36,275.8,275.32,275.41,0
2026-08-03 07:04:00,275.54,275.99,275.4692,275.99,0
2026-08-03 07:05:00,275.845,276.17,275.66,275.9873,0
2026-08-03 07:06:00,275.94,276.0,275.75,275.89,0
2026-08-03 07:07:00,275.75,276.24,275.75,276.12,0
2026-08-03 07:08:00,276.19,276.25,276.02,276.1897,0
2026-08-03 07:09:00,276.19,276.25,276.02,276.24,0
2026-08-03 07:10:00,276.24,276.5,276.21,276.47,0
2026-08-03 07:11:00,276.4845,276.5,276.1003,276.39,0
2026-08-03 07:12:00,276.3451,276.5,276.1,276.37,0
2026-08-03 07:13:00,276.39,276.4088,276.0,276.0,0
2026-08-03 07:14:00,276.0,276.3,275.8,275.85,0
2026-08-03 07:15:00,275.9484,275.98,275.8,275.946,0
2026-08-03 07:16:00,275.85,275.96,275.82,275.82,0
2026-08-03 07:17:00,275.8,275.94,275.8,275.89,0
2026-08-03 07:18:00,275.89,275.98,275.83,275.89,0
2026-08-03 07:19:00,275.95,276.3,275.9,276.11,0
2026-08-03 07:20:00,276.0989,276.2521,276.0801,276.1736,0
2026-08-03 07:21:00,276.17,276.34,276.1035,276.16,0
2026-08-03 07:22:00,276.102,276.18,276.0,276.0609,0
2026-08-03 07:23:00,276.1352,276.152,275.75,275.9785,0
2026-08-03 07:24:00,275.99,276.11,275.93,276.0127,0
2026-08-03 07:25:00,276.04,276.1,276.0,276.05,0
2026-08-03 07:26:00,276.0001,276.2,276.0,276.05,0
2026-08-03 07:27:00,276.08,276.3,276.0,276.131,0
2026-08-03 07:28:00,276.1348,276.4,276.1,276.32,0
2026-08-03 07:29:00,276.3019,276.46,276.3,276.3923,0
2026-08-03 07:30:00,276.4,276.74,276.39,276.58,0
2026-08-03 07:31:00,276.57,276.65,276.1003,276.1696,0
2026-08-03 07:32:00,276.22,276.48,276.22,276.48,0
2026-08-03 07:33:00,276.32,276.48,276.3,276.41,0
2026-08-03 07:34:00,276.43,276.48,276.3,276.4714,0
2026-08-03 07:35:00,276.4546,276.5,276.45,276.48,0
2026-08-03 07:36:00,276.45,276.55,276.45,276.5331,0
2026-08-03 07:37:00,276.6,276.7,276.53,276.63,0
2026-08-03 07:38:00,276.62,276.89,276.6,276.7,0
2026-08-03 07:39:00,276.6609,276.86,276.65,276.68,0
2026-08-03 07:40:00,276.6578,276.8,276.53,276.53,0
2026-08-03 07:41:00,276.5641,276.65,276.4,276.64,0
2026-08-03 07:42:00,276.6203,276.65,276.39,276.55,0
2026-08-03 07:43:00,276.42,276.52,276.3517,276.4503,0
2026-08-03 07:44:00,276.52,276.78,276.52,276.64,0
2026-08-03 07:45:00,276.7459,276.78,276.59,276.7,0
2026-08-03 07:46:00,276.6875,276.8,276.604,276.74,0
2026-08-03 07:47:00,276.74,276.8,276.67,276.7873,0
2026-08-03 07:48:00,276.7845,276.8,276.59,276.74,0
2026-08-03 07:49:00,276.7111,276.7755,276.6,276.75,0
2026-08-03 07:50:00,276.75,276.8,276.6,276.8,0
2026-08-03 07:51:00,276.7501,276.86,276.6341,276.79,0
2026-08-03 07:52:00,276.8241,276.86,276.6,276.8188,0
2026-08-03 07:53:00,276.8188,276.82,276.7,276.75,0
2026-08-03 07:54:00,276.81,276.82,276.6,276.63,0
2026-08-03 07:55:00,276.7148,276.88,276.42,276.71,0
2026-08-03 07:56:00,276.72,276.72,276.39,276.58,0
2026-08-03 07:57:00,276.4045,276.58,276.4,276.49,0
2026-08-03 07:58:00,276.41,276.57,276.4,276.51,0
2026-08-03 07:59:00,276.63,276.63,271.58,276.41,0
2026-08-03 08:00:00,276.4,276.5448,276.4,276.4715,0
2026-08-03 08:01:00,276.5,276.55,276.2502,276.3371,0
2026-08-03 08:02:00,276.2718,276.55,276.22,276.4595,0
2026-08-03 08:03:00,276.48,276.79,276.37,276.7,0
2026-08-03 08:04:00,276.66,276.8,276.65,276.71,0
2026-08-03 08:05:00,276.6814,276.9,276.6501,276.78,0
2026-08-03 08:06:00,276.7648,276.9,276.75,276.8,0
2026-08-03 08:07:00,276.76,276.87,276.6,276.7,0
2026-08-03 08:08:00,276.7152,276.8,276.3217,276.3217,0
2026-08-03 08:09:00,276.4,276.5,276.27,276.3172,0
2026-08-03 08:10:00,276.44,276.44,276.19,276.301,0
2026-08-03 08:11:00,276.34,276.42,276.12,276.26,0
2026-08-03 08:12:00,276.3025,276.3025,276.1,276.1876,0
2026-08-03 08:13:00,276.1876,276.42,276.08,276.3077,0
2026-08-03 08:14:00,276.3084,276.48,276.3,276.3105,0
2026-08-03 08:15:00,276.32,276.48,276.3,276.3396,0
2026-08-03 08:16:00,276.38,276.48,276.31,276.3593,0
2026-08-03 08:17:00,276.35,276.49,276.3,276.47,0
2026-08-03 08:18:00,276.4783,276.48,276.35,276.36,0
2026-08-03 08:19:00,276.36,276.4194,276.33,276.3601,0
2026-08-03 08:20:00,276.35,276.42,276.35,276.4,0
2026-08-03 08:21:00,276.41,276.58,276.35,276.5,0
2026-08-03 08:22:00,276.59,276.6,276.45,276.5,0
2026-08-03 08:23:00,276.5,276.6,276.35,276.4,0
2026-08-03 08:24:00,276.41,276.5,276.35,276.3883,0
2026-08-03 08:25:00,276.38,276.65,276.38,276.6351,0
2026-08-03 08:26:00,276.698,276.9,276.6001,276.845,0
2026-08-03 08:27:00,276.8765,276.88,276.4275,276.74,0
2026-08-03 08:28:00,276.65,276.85,276.4,276.71,0
2026-08-03 08:29:00,276.64,276.85,276.5,276.75,0
2026-08-03 08:30:00,276.75,276.9,276.75,276.8481,0
2026-08-03 08:31:00,276.8,276.92,276.75,276.8289,0
2026-08-03 08:32:00,276.89,277.74,276.81,277.5,0
2026-08-03 08:33:00,277.4975,277.58,277.32,277.4,0
2026-08-03 08:34:00,277.3245,277.5,277.01,277.18,0
2026-08-03 08:35:00,277.19,277.2,277.05,277.1,0
2026-08-03 08:36:00,277.15,277.16,277.05,277.1306,0
2026-08-03 08:37:00,277.1419,277.4,277.1419,277.3191,0
2026-08-03 08:38:00,277.35,277.4,277.15,277.2786,0
2026-08-03 08:39:00,277.3,277.4,277.2,277.3,0
2026-08-03 08:40:00,277.3,277.4,277.13,277.16,0
2026-08-03 08:41:00,277.13,277.36,277.13,277.158,0
2026-08-03 08:42:00,277.16,277.3811,277.13,277.22,0
2026-08-03 08:43:00,277.35,277.58,277.22,277.5,0
2026-08-03 08:44:00,277.499,277.5,277.4,277.5,0
2026-08-03 08:45:00,277.4999,277.74,277.4999,277.69,0
2026-08-03 08:46:00,277.69,277.73,277.55,277.55,0
2026-08-03 08:47:00,277.51,277.65,277.26,277.3391,0
2026-08-03 08:48:00,277.27,277.5,277.2229,277.3,0
2026-08-03 08:49:00,277.3,277.3,277.05,277.18,0
2026-08-03 08:50:00,277.219,277.25,277.05,277.2,0
2026-08-03 08:51:00,277.2,277.2,277.0,277.19,0
2026-08-03 08:52:00,277.06,277.25,277.02,277.11,0
2026-08-03 08:53:00,277.0247,277.18,276.86,277.06,0
2026-08-03 08:54:00,277.06,277.15,276.9603,277.11,0
2026-08-03 08:55:00,277.05,277.5,277.05,277.3,0
2026-08-03 08:56:00,277.42,277.5,277.19,277.5,0
2026-08-03 08:57:00,277.5845,277.67,277.5,277.5876,0
2026-08-03 08:58:00,277.6,277.67,277.5,277.55,0
2026-08-03 08:59:00,277.59,277.59,277.3,277.56,0
2026-08-03 09:00:00,277.56,277.9,277.4,277.69,0
2026-08-03 09:01:00,277.63,277.7,277.2,277.48,0
2026-08-03 09:02:00,277.4,277.7,277.3,277.52,0
2026-08-03 09:03:00,277.5,277.69,277.3,277.5,0
2026-08-03 09:04:00,277.49,277.6451,277.23,277.5576,0
2026-08-03 09:05:00,277.4,277.59,277.24,277.24,0
2026-08-03 09:06:00,277.39,277.5,276.88,277.0,0
2026-08-03 09:07:00,276.97,277.26,276.81,277.0,0
2026-08-03 09:08:00,277.06,277.2,276.9,277.0,0
2026-08-03 09:09:00,277.0,277.2,276.7,276.89,0
2026-08-03 09:10:00,276.7,277.08,276.7,276.86,0
2026-08-03 09:11:00,277.08,277.08,276.7156,277.0,0
2026-08-03 09:12:00,277.0,277.2,276.7,276.99,0
2026-08-03 09:13:00,276.9832,277.4,276.9832,277.28,0
2026-08-03 09:14:00,277.3,277.5,277.0,277.32,0
2026-08-03 09:15:00,277.38,277.5,277.25,277.45,0
2026-08-03 09:16:00,277.45,277.5,277.25,277.4866,0
2026-08-03 09:17:00,277.4963,277.5,277.0035,277.0035,0
2026-08-03 09:18:00,277.0035,277.4,276.78,277.0,0
2026-08-03 09:19:00,276.99,276.99,276.7,276.85,0
2026-08-03 09:20:00,276.78,276.86,276.5748,276.71,0
2026-08-03 09:21:00,276.7,277.0,276.61,276.7555,0
2026-08-03 09:22:00,276.9291,277.08,276.68,276.86,0
2026-08-03 09:23:00,276.78,276.88,276.61,276.7584,0
2026-08-03 09:24:00,276.7682,276.77,276.11,276.3,0
2026-08-03 09:25:00,276.35,276.35,274.17,275.65,0
2026-08-03 09:26:00,275.64,275.98,275.54,275.7016,0
2026-08-03 09:27:00,275.96,277.44,275.81,277.06,0
2026-08-03 09:28:00,277.29,278.2,277.29,278.2,0
2026-08-03 09:29:00,278.2,278.58,278.0,278.52,0
2026-08-03 09:30:00,279.125,279.15,278.915,279.01,7284402
2026-08-03 09:31:00,278.945,282.74,278.8501,282.145,1171807
2026-08-03 09:32:00,282.16,284.17,282.15,282.5905,1098875
2026-08-03 09:33:00,282.8,282.97,281.8201,282.47,674603
2026-08-03 09:34:00,282.45,284.94,282.4248,284.75,1036704
2026-08-03 09:35:00,284.76,286.04,283.62,285.46,1456324
2026-08-03 09:36:00,285.4665,285.86,283.8,284.62,863718
2026-08-03 09:37:00,284.53,285.83,283.9,285.8,884376
2026-08-03 09:38:00,285.795,286.4,285.19,285.74,1147760
2026-08-03 09:39:00,285.71,286.34,285.4119,286.25,658025
2026-08-03 09:40:00,286.3,286.82,285.6402,286.3408,1254511
2026-08-03 09:41:00,286.3475,286.89,285.85,286.53,1062761
2026-08-03 09:42:00,286.5,286.79,286.19,286.2801,782595
2026-08-03 09:43:00,286.32,286.9,285.1,285.995,653865
2026-08-03 09:44:00,286.07,286.3399,285.25,286.25,386494
2026-08-03 09:45:00,286.21,287.0,285.8201,286.63,719086
2026-08-03 09:46:00,286.615,287.16,286.05,286.1675,541900
2026-08-03 09:47:00,286.155,286.85,286.03,286.79,414064
2026-08-03 09:48:00,286.82,286.98,285.5,285.89,456514
2026-08-03 09:49:00,285.89,285.97,284.43,284.66,525827
2026-08-03 09:50:00,284.645,284.77,283.53,283.84,414232
2026-08-03 09:51:00,283.85,284.63,283.5896,283.8,378802
2026-08-03 09:52:00,283.8699,285.24,283.76,285.1636,289731
2026-08-03 09:53:00,285.14,286.15,285.036,285.945,487447
2026-08-03 09:54:00,285.945,286.06,285.0401,285.86,346678
2026-08-03 09:55:00,285.79,285.88,284.71,285.24,327357
2026-08-03 09:56:00,285.1501,285.76,285.0,285.185,357614
2026-08-03 09:57:00,285.18,285.2599,284.07,284.74,245629
2026-08-03 09:58:00,284.79,284.9,284.12,284.2151,311440
2026-08-03 09:59:00,284.215,284.765,284.08,284.675,270843
2026-08-03 10:00:00,284.68,285.35,284.01,285.11,404248
2026-08-03 10:01:00,285.07,285.365,284.13,284.395,308771
2026-08-03 10:02:00,284.46,284.69,283.71,284.0114,362369
2026-08-03 10:03:00,284.065,284.345,283.7,284.085,252248
2026-08-03 10:04:00,284.15,284.25,283.9,284.03,180490
2026-08-03 10:05:00,283.99,284.26,283.5,283.71,210409
2026-08-03 10:06:00,283.74,284.2,283.64,283.75,167375
2026-08-03 10:07:00,283.82,284.457,283.72,284.4001,233663
2026-08-03 10:08:00,284.46,284.5799,283.76,284.32,314023
2026-08-03 10:09:00,284.28,284.66,284.13,284.53,196994
2026-08-03 10:10:00,284.6184,284.64,284.08,284.26,189569
2026-08-03 10:11:00,284.26,284.99,283.78,284.83,258512
2026-08-03 10:12:00,284.81,284.955,284.19,284.48,281783
2026-08-03 10:13:00,284.45,284.62,283.89,284.056,231413
2026-08-03 10:14:00,284.105,284.28,283.68,284.26,467312
2026-08-03 10:15:00,284.3,284.3899,283.75,284.1,211628
2026-08-03 10:16:00,284.05,284.76,283.83,284.39,326335
2026-08-03 10:17:00,284.46,284.95,283.76,283.89,380428
2026-08-03 10:18:00,283.82,284.01,283.33,283.615,257202
2026-08-03 10:19:00,283.615,284.235,283.4468,284.2,284253
2026-08-03 10:20:00,284.2,284.26,283.65,283.65,171172
2026-08-03 10:21:00,283.66,283.91,283.55,283.57,182624
2026-08-03 10:22:00,283.57,283.9551,283.26,283.955,182271
2026-08-03 10:23:00,283.9519,284.71,283.67,284.66,248216
2026-08-03 10:24:00,284.64,284.78,284.05,284.215,250673
2026-08-03 10:25:00,284.215,285.4,284.18,285.355,335829
2026-08-03 10:26:00,285.405,285.4175,284.81,285.3299,357191
2026-08-03 10:27:00,285.33,285.6,285.19,285.48,317147
2026-08-03 10:28:00,285.48,285.96,285.25,285.85,217964
2026-08-03 10:29:00,285.825,285.946,285.6,285.84,199798
2026-08-03 10:30:00,285.74,285.895,285.41,285.47,220419
2026-08-03 10:31:00,285.45,285.88,285.32,285.82,179098
2026-08-03 10:32:00,285.85,286.01,285.26,285.27,376050
2026-08-03 10:33:00,285.19,285.58,284.62,284.7,197905
2026-08-03 10:34:00,284.7,285.25,284.7,285.15,1688326
2026-08-03 10:35:00,285.145,285.69,285.145,285.475,223047
2026-08-03 10:36:00,285.45,285.58,285.0,285.0,207802
2026-08-03 10:37:00,284.97,285.2,284.7001,285.0,220027
2026-08-03 10:38:00,285.0,285.75,284.93,285.715,161717
2026-08-03 10:39:00,285.75,285.8,285.23,285.33,350811
2026-08-03 10:40:00,285.29,285.5,285.07,285.14,102450
2026-08-03 10:41:00,285.135,285.29,284.95,285.26,109549
2026-08-03 10:42:00,285.28,286.3995,285.25,286.2103,306132
2026-08-03 10:43:00,286.23,286.57,285.81,286.14,296238
2026-08-03 10:44:00,286.115,286.115,285.54,285.54,169014
2026-08-03 10:45:00,285.58,285.92,285.48,285.5699,147750
2026-08-03 10:46:00,285.51,285.529,285.17,285.365,165174
2026-08-03 10:47:00,285.36,285.62,285.31,285.32,154469
2026-08-03 10:48:00,285.33,285.55,285.14,285.25,131088
2026-08-03 10:49:00,285.2751,285.28,284.64,284.675,203341
2026-08-03 10:50:00,284.675,284.7099,284.14,284.655,231270
2026-08-03 10:51:00,284.69,284.94,284.32,284.36,157123
2026-08-03 10:52:00,284.33,284.74,284.224,284.5302,121971
2026-08-03 10:53:00,284.545,284.86,284.46,284.72,162326
2026-08-03 10:54:00,284.725,284.755,283.85,283.955,431801
2026-08-03 10:55:00,283.92,284.456,283.88,283.9205,193113
2026-08-03 10:56:00,283.955,284.5399,283.9206,284.5399,167045
2026-08-03 10:57:00,284.55,284.68,284.26,284.445,175993
2026-08-03 10:58:00,284.445,284.71,284.26,284.54,197101
2026-08-03 10:59:00,284.5303,284.94,284.4,284.935,142412
2026-08-03 11:00:00,284.935,285.08,284.11,284.19,179463
2026-08-03 11:01:00,284.18,284.5,284.07,284.47,135179
2026-08-03 11:02:00,284.455,284.56,284.2,284.24,119756
2026-08-03 11:03:00,284.24,284.45,284.02,284.375,126216
2026-08-03 11:04:00,284.36,284.465,284.08,284.2501,179243
2026-08-03 11:05:00,284.25,285.21,284.1829,285.12,172338
2026-08-03 11:06:00,285.13,285.2096,284.8801,284.975,135373
2026-08-03 11:07:00,284.97,284.9808,284.65,284.68,125320
2026-08-03 11:08:00,284.69,284.865,284.565,284.65,108019
2026-08-03 11:09:00,284.635,284.77,284.62,284.705,111373
2026-08-03 11:10:00,284.68,284.81,284.5,284.74,123799
2026-08-03 11:11:00,284.75,284.965,284.44,284.51,130731
2026-08-03 11:12:00,284.485,284.76,284.42,284.695,87175
2026-08-03 11:13:00,284.695,285.055,284.48,284.915,138696
2026-08-03 11:14:00,284.915,285.1758,284.905,285.005,133565
2026-08-03 11:15:00,285.02,285.355,284.94,284.94,156111
2026-08-03 11:16:00,284.93,284.935,284.68,284.77,95842
2026-08-03 11:17:00,284.795,285.1,284.4,284.84,195656
2026-08-03 11:18:00,284.93,284.9828,284.37,284.38,149757
2026-08-03 11:19:00,284.385,284.7,284.12,284.18,235590
2026-08-03 11:20:00,284.17,284.19,283.9,284.07,142324
2026-08-03 11:21:00,284.07,284.4799,283.99,284.28,212540
2026-08-03 11:22:00,284.3,284.83,284.26,284.815,130212
2026-08-03 11:23:00,284.8,285.29,284.7,285.265,185074
2026-08-03 11:24:00,285.29,285.75,285.23,285.71,238140
2026-08-03 11:25:00,285.71,285.7799,285.0,285.26,201624
2026-08-03 11:26:00,285.27,285.76,285.27,285.48,151383
2026-08-03 11:27:00,285.47,286.18,285.47,285.775,384643
2026-08-03 11:28:00,285.77,286.0,285.512,285.91,196480
2026-08-03 11:29:00,285.9118,285.9853,285.6,285.77,162696
2026-08-03 11:30:00,285.785,285.9955,285.6001,285.72,181897
2026-08-03 11:31:00,285.69,285.77,285.42,285.64,671751
2026-08-03 11:32:00,285.63,286.21,285.54,286.08,263224
2026-08-03 11:33:00,286.07,286.4096,285.84,286.21,231395
2026-08-03 11:34:00,286.21,286.24,285.94,286.05,156729
2026-08-03 11:35:00,286.05,286.2971,286.0,286.09,168152
2026-08-03 11:36:00,286.07,286.12,285.7606,285.8,138329
2026-08-03 11:37:00,285.8,285.86,285.54,285.805,135091
2026-08-03 11:38:00,285.8,285.98,285.77,285.955,237012
2026-08-03 11:39:00,285.95,286.1042,285.77,285.88,125604
2026-08-03 11:40:00,285.88,286.09,285.5504,285.665,172710
2026-08-03 11:41:00,285.665,285.92,285.58,285.77,92931
2026-08-03 11:42:00,285.78,285.91,285.6301,285.7301,106408
2026-08-03 11:43:00,285.73,285.78,285.52,285.76,101184
2026-08-03 11:44:00,285.77,285.79,285.54,285.695,85896
2026-08-03 11:45:00,285.695,285.7494,285.48,285.7494,80869
2026-08-03 11:46:00,285.75,285.96,285.725,285.9275,119064
2026-08-03 11:47:00,285.93,285.93,285.68,285.695,79971
2026-08-03 11:48:00,285.67,285.73,285.3,285.33,114665
2026-08-03 11:49:00,285.37,285.6198,285.34,285.61,146066
2026-08-03 11:50:00,285.6,285.86,285.58,285.63,111548
2026-08-03 11:51:00,285.63,285.88,285.54,285.645,92795
2026-08-03 11:52:00,285.68,285.76,285.5541,285.57,89903
2026-08-03 11:53:00,285.61,286.01,285.595,285.78,168882
2026-08-03 11:54:00,285.79,286.097,285.7002,285.93,140259
2026-08-03 11:55:00,285.93,285.93,285.66,285.71,91147
2026-08-03 11:56:00,285.4826,285.4826,285.4826,285.4826,0
