time_et,open,high,low,close,volume
2026-07-24 04:00:00,319.13,319.4988,316.77,319.31,0
2026-07-24 04:01:00,318.86,319.49,316.78,319.25,0
2026-07-24 04:02:00,319.2,319.44,317.53,318.94,0
2026-07-24 04:03:00,318.68,319.72,318.32,319.53,0
2026-07-24 04:04:00,319.3,319.72,319.3,319.4838,0
2026-07-24 04:05:00,319.46,319.5854,316.81,319.35,0
2026-07-24 04:06:00,319.4846,319.6,319.3,319.5685,0
2026-07-24 04:07:00,319.5,319.51,319.3,319.3,0
2026-07-24 04:08:00,319.48,319.6,319.48,319.588,0
2026-07-24 04:09:00,319.58,319.73,319.57,319.7122,0
2026-07-24 04:10:00,319.69,319.73,319.5545,319.67,0
2026-07-24 04:11:00,319.7,319.7,319.5594,319.66,0
2026-07-24 04:12:00,319.59,319.73,319.4002,319.5,0
2026-07-24 04:13:00,319.5,319.7,319.5,319.6,0
2026-07-24 04:14:00,319.6,319.7,319.32,319.4775,0
2026-07-24 04:15:00,319.48,319.59,319.3056,319.47,0
2026-07-24 04:16:00,319.3528,319.51,319.342,319.51,0
2026-07-24 04:17:00,319.5729,319.7,319.53,319.65,0
2026-07-24 04:18:00,319.66,319.7,319.46,319.6,0
2026-07-24 04:19:00,319.6547,319.7,319.56,319.56,0
2026-07-24 04:20:00,319.69,319.7,319.61,319.6977,0
2026-07-24 04:21:00,319.69,319.7,319.61,319.6896,0
2026-07-24 04:22:00,319.6948,319.7,319.6012,319.6012,0
2026-07-24 04:23:00,319.67,319.7,319.6012,319.69,0
2026-07-24 04:24:00,319.69,319.6988,319.6,319.62,0
2026-07-24 04:25:00,319.62,319.62,319.38,319.6,0
2026-07-24 04:26:00,319.5901,319.69,319.48,319.61,0
2026-07-24 04:27:00,319.6501,319.8879,319.63,319.8835,0
2026-07-24 04:28:00,319.65,319.88,319.65,319.79,0
2026-07-24 04:29:00,319.79,319.95,319.79,319.93,0
2026-07-24 04:30:00,319.95,320.0,319.8142,319.9852,0
2026-07-24 04:31:00,319.9876,320.0,319.9,319.9902,0
2026-07-24 04:32:00,319.9871,320.0,319.87,319.9,0
2026-07-24 04:33:00,319.9975,320.05,319.9145,320.05,0
2026-07-24 04:34:00,320.0022,320.15,320.0022,320.1187,0
2026-07-24 04:35:00,320.08,320.15,320.05,320.1137,0
2026-07-24 04:36:00,320.12,320.3672,320.12,320.35,0
2026-07-24 04:37:00,320.3671,320.45,320.3671,320.4345,0
2026-07-24 04:38:00,320.4482,320.4482,320.31,320.3421,0
2026-07-24 04:39:00,320.44,320.44,320.2168,320.2558,0
2026-07-24 04:40:00,320.2558,320.2558,319.9995,319.9995,0
2026-07-24 04:41:00,320.1,320.1,319.99,320.004,0
2026-07-24 04:42:00,320.0595,320.095,319.8974,319.9937,0
2026-07-24 04:43:00,319.997,320.0,319.9,319.95,0
2026-07-24 04:44:00,319.98,320.2,319.89,320.09,0
2026-07-24 04:45:00,320.09,320.2,320.02,320.1896,0
2026-07-24 04:46:00,320.0045,320.17,320.0045,320.17,0
2026-07-24 04:47:00,320.1611,320.1688,319.9336,319.9336,0
2026-07-24 04:48:00,320.15,320.1575,319.9696,320.0,0
2026-07-24 04:49:00,319.97,320.1637,319.9,319.9363,0
2026-07-24 04:50:00,319.9364,320.15,319.9364,320.0,0
2026-07-24 04:51:00,319.95,320.24,319.95,320.24,0
2026-07-24 04:52:00,320.1643,320.3662,320.1643,320.24,0
2026-07-24 04:53:00,320.3396,320.35,320.23,320.3,0
2026-07-24 04:54:00,320.3,320.4,320.205,320.27,0
2026-07-24 04:55:00,320.29,320.3762,320.22,320.2948,0
2026-07-24 04:56:00,320.29,320.29,320.22,320.22,0
2026-07-24 04:57:00,320.2177,320.22,320.064,320.1245,0
2026-07-24 04:58:00,320.2896,320.2988,320.02,320.02,0
2026-07-24 04:59:00,320.15,320.3,320.0172,320.0172,0
2026-07-24 05:00:00,320.06,320.28,320.0,320.1843,0
2026-07-24 05:01:00,320.2,320.2953,320.1184,320.2797,0
2026-07-24 05:02:00,320.2953,320.3,320.1,320.3,0
2026-07-24 05:03:00,320.35,320.45,320.33,320.4,0
2026-07-24 05:04:00,320.44,320.5,320.44,320.48,0
2026-07-24 05:05:00,320.48,320.62,320.45,320.61,0
2026-07-24 05:06:00,320.55,320.63,320.3845,320.63,0
2026-07-24 05:07:00,320.613,320.71,320.55,320.6025,0
2026-07-24 05:08:00,320.7,320.9343,320.66,320.83,0
2026-07-24 05:09:00,320.9,321.15,320.85,321.138,0
2026-07-24 05:10:00,321.07,321.15,320.9,320.93,0
2026-07-24 05:11:00,320.95,321.08,320.76,320.8101,0
2026-07-24 05:12:00,320.7756,320.7806,320.4997,320.51,0
2026-07-24 05:13:00,320.67,320.7,320.52,320.64,0
2026-07-24 05:14:00,320.56,320.6657,320.419,320.6455,0
2026-07-24 05:15:00,320.6406,320.65,320.4487,320.4487,0
2026-07-24 05:16:00,320.4488,320.5888,320.35,320.35,0
2026-07-24 05:17:00,320.55,320.62,320.39,320.61,0
2026-07-24 05:18:00,320.5922,320.71,320.4754,320.6945,0
2026-07-24 05:19:00,320.52,320.6301,320.4,320.4931,0
2026-07-24 05:20:00,320.6,320.65,320.4772,320.63,0
2026-07-24 05:21:00,320.6082,320.85,320.57,320.85,0
2026-07-24 05:22:00,320.85,320.85,320.716,320.716,0
2026-07-24 05:23:00,320.73,320.82,320.6973,320.79,0
2026-07-24 05:24:00,320.79,320.9388,320.6477,320.9035,0
2026-07-24 05:25:00,320.85,320.97,320.85,320.85,0
2026-07-24 05:26:00,320.9362,320.97,320.8386,320.96,0
2026-07-24 05:27:00,320.75,320.75,320.63,320.75,0
2026-07-24 05:28:00,320.7305,320.9,320.7305,320.896,0
2026-07-24 05:29:00,320.8576,320.97,320.77,320.89,0
2026-07-24 05:30:00,320.96,320.97,320.75,320.95,0
2026-07-24 05:31:00,320.82,321.0,320.82,321.0,0
2026-07-24 05:32:00,320.9042,321.1,320.9042,321.1,0
2026-07-24 05:33:00,321.09,321.15,320.89,320.9807,0
2026-07-24 05:34:00,320.95,321.0,320.95,320.98,0
2026-07-24 05:35:00,320.99,320.9922,320.9,320.99,0
2026-07-24 05:36:00,320.99,321.14,320.99,321.1,0
2026-07-24 05:37:00,321.18,321.18,320.92,321.1,0
2026-07-24 05:38:00,321.07,321.31,321.07,321.2674,0
2026-07-24 05:39:00,321.27,321.46,321.25,321.44,0
2026-07-24 05:40:00,321.38,321.599,321.35,321.59,0
2026-07-24 05:41:00,321.62,321.65,321.5,321.5587,0
2026-07-24 05:42:00,321.55,321.6422,321.5,321.5,0
2026-07-24 05:43:00,321.5955,321.6,321.3567,321.449,0
2026-07-24 05:44:00,321.43,321.5567,321.2615,321.4562,0
2026-07-24 05:45:00,321.37,321.37,321.28,321.28,0
2026-07-24 05:46:00,321.2857,321.35,321.0057,321.25,0
2026-07-24 05:47:00,321.1838,321.28,320.937,320.94,0
2026-07-24 05:48:00,321.02,321.02,320.76,320.84,0
2026-07-24 05:49:00,320.88,321.0,320.7425,320.83,0
2026-07-24 05:50:00,320.8175,320.8457,320.683,320.8457,0
2026-07-24 05:51:00,320.8457,320.8457,320.67,320.7458,0
2026-07-24 05:52:00,320.75,320.75,320.61,320.61,0
2026-07-24 05:53:00,320.61,320.61,320.29,320.395,0
2026-07-24 05:54:00,320.4085,320.4564,320.17,320.18,0
2026-07-24 05:55:00,320.1025,320.37,320.1025,320.37,0
2026-07-24 05:56:00,320.34,320.4,320.216,320.4,0
2026-07-24 05:57:00,320.43,320.43,320.23,320.4,0
2026-07-24 05:58:00,320.3957,320.46,320.3317,320.45,0
2026-07-24 05:59:00,320.45,320.604,320.376,320.6,0
2026-07-24 06:00:00,320.59,320.59,320.3,320.3,0
2026-07-24 06:01:00,320.3896,320.4,320.12,320.39,0
2026-07-24 06:02:00,320.3952,320.51,320.2729,320.47,0
2026-07-24 06:03:00,320.5,320.6088,320.39,320.5862,0
2026-07-24 06:04:00,320.3825,320.6,320.3825,320.588,0
2026-07-24 06:05:00,320.59,320.59,320.26,320.33,0
2026-07-24 06:06:00,320.33,320.4,320.3121,320.3501,0
2026-07-24 06:07:00,320.2912,320.33,320.1097,320.2,0
2026-07-24 06:08:00,320.2,320.2787,320.1257,320.2,0
2026-07-24 06:09:00,320.19,320.31,320.1328,320.2151,0
2026-07-24 06:10:00,320.2397,320.32,320.2397,320.3175,0
2026-07-24 06:11:00,320.32,320.32,320.0,320.15,0
2026-07-24 06:12:00,319.9985,320.1488,319.77,319.9,0
2026-07-24 06:13:00,319.8819,320.07,319.85,320.01,0
2026-07-24 06:14:00,320.0176,320.15,320.0176,320.15,0
2026-07-24 06:15:00,320.15,320.21,320.15,320.18,0
2026-07-24 06:16:00,320.2037,320.2088,320.0318,320.1305,0
2026-07-24 06:17:00,320.1688,320.2432,320.1347,320.23,0
2026-07-24 06:18:00,320.22,320.25,320.122,320.122,0
2026-07-24 06:19:00,320.19,320.25,320.15,320.15,0
2026-07-24 06:20:00,320.1958,320.2,320.08,320.2,0
2026-07-24 06:21:00,320.1557,320.2,319.95,320.08,0
2026-07-24 06:22:00,320.1145,320.1145,319.8951,319.98,0
2026-07-24 06:23:00,320.0,320.15,319.92,320.08,0
2026-07-24 06:24:00,320.0267,320.0288,319.89,319.89,0
2026-07-24 06:25:00,319.96,320.0988,319.8,319.94,0
2026-07-24 06:26:00,319.88,320.0,319.7,319.98,0
2026-07-24 06:27:00,319.9559,319.99,319.73,319.95,0
2026-07-24 06:28:00,319.98,320.194,319.98,320.11,0
2026-07-24 06:29:00,320.15,320.15,319.9,319.9,0
2026-07-24 06:30:00,319.74,320.08,319.7,319.7,0
2026-07-24 06:31:00,319.7733,319.87,319.65,319.7865,0
2026-07-24 06:32:00,319.75,319.84,319.66,319.79,0
2026-07-24 06:33:00,319.86,319.9228,319.79,319.7978,0
2026-07-24 06:34:00,319.8932,319.96,319.78,319.96,0
2026-07-24 06:35:00,319.8259,319.9078,319.67,319.75,0
2026-07-24 06:36:00,319.7,319.9,319.61,319.61,0
2026-07-24 06:37:00,319.669,319.78,319.536,319.536,0
2026-07-24 06:38:00,319.66,319.77,319.5,319.67,0
2026-07-24 06:39:00,319.67,319.84,319.5,319.84,0
2026-07-24 06:40:00,319.84,319.88,319.66,319.72,0
2026-07-24 06:41:00,319.87,320.2,319.8364,320.2,0
2026-07-24 06:42:00,320.04,320.04,319.75,319.75,0
2026-07-24 06:43:00,319.934,319.94,319.5819,319.62,0
2026-07-24 06:44:00,319.7,319.7664,319.606,319.76,0
2026-07-24 06:45:00,319.75,319.85,319.71,319.76,0
2026-07-24 06:46:00,319.7,319.75,319.6,319.6,0
2026-07-24 06:47:00,319.7614,319.78,319.62,319.7411,0
2026-07-24 06:48:00,319.7411,319.75,319.5273,319.74,0
2026-07-24 06:49:00,319.68,319.8096,319.61,319.62,0
2026-07-24 06:50:00,319.6872,319.7301,319.6107,319.73,0
2026-07-24 06:51:00,319.74,319.74,319.59,319.681,0
2026-07-24 06:52:00,319.62,319.74,319.61,319.74,0
2026-07-24 06:53:00,319.7289,319.74,319.7021,319.71,0
2026-07-24 06:54:00,319.739,319.7988,319.63,319.7896,0
2026-07-24 06:55:00,319.6,319.7,319.6,319.615,0
2026-07-24 06:56:00,319.6,319.62,319.54,319.6,0
2026-07-24 06:57:00,319.6,319.6,319.5,319.5763,0
2026-07-24 06:58:00,319.51,319.68,319.4985,319.68,0
2026-07-24 06:59:00,319.68,319.68,319.52,319.52,0
2026-07-24 07:00:00,319.545,319.68,319.3,319.34,0
2026-07-24 07:01:00,319.34,319.6,319.3,319.43,0
2026-07-24 07:02:00,319.3,319.68,319.3,319.6,0
2026-07-24 07:03:00,319.518,319.68,319.5,319.5585,0
2026-07-24 07:04:00,319.5,319.6183,319.5,319.5161,0
2026-07-24 07:05:00,319.6,319.61,319.47,319.59,0
2026-07-24 07:06:00,319.5008,319.62,319.5,319.5988,0
2026-07-24 07:07:00,319.5926,319.79,319.55,319.7372,0
2026-07-24 07:08:00,319.7611,319.7611,319.55,319.55,0
2026-07-24 07:09:00,319.65,319.65,319.51,319.65,0
2026-07-24 07:10:00,319.5112,319.65,319.5,319.6039,0
2026-07-24 07:11:00,319.6,319.62,319.5,319.5002,0
2026-07-24 07:12:00,319.5,319.6048,319.1,319.2814,0
2026-07-24 07:13:00,319.29,319.36,319.1,319.21,0
2026-07-24 07:14:00,319.2568,319.36,319.17,319.36,0
2026-07-24 07:15:00,319.37,319.45,319.29,319.37,0
2026-07-24 07:16:00,319.38,319.43,319.3124,319.43,0
2026-07-24 07:17:00,319.4021,319.49,319.32,319.42,0
2026-07-24 07:18:00,319.4,319.49,319.25,319.25,0
2026-07-24 07:19:00,319.41,319.43,319.0,319.19,0
2026-07-24 07:20:00,319.1621,319.3213,319.05,319.22,0
2026-07-24 07:21:00,319.3339,319.3339,319.12,319.12,0
2026-07-24 07:22:00,319.05,319.21,319.03,319.03,0
2026-07-24 07:23:00,319.03,319.2,319.01,319.1,0
2026-07-24 07:24:00,319.19,319.2,319.0112,319.18,0
2026-07-24 07:25:00,319.2683,319.3,319.08,319.2854,0
2026-07-24 07:26:00,319.1,319.3,319.063,319.26,0
2026-07-24 07:27:00,319.2396,319.3,319.03,319.2922,0
2026-07-24 07:28:00,319.2922,319.3,319.18,319.29,0
2026-07-24 07:29:00,319.2721,319.3,319.15,319.24,0
2026-07-24 07:30:00,319.1387,319.29,319.11,319.17,0
2026-07-24 07:31:00,319.19,319.3,319.1,319.2896,0
2026-07-24 07:32:00,319.17,319.1984,319.1004,319.1898,0
2026-07-24 07:33:00,319.19,319.19,319.1,319.1622,0
2026-07-24 07:34:00,319.19,319.19,319.1,319.16,0
2026-07-24 07:35:00,319.1195,319.16,318.9012,319.1113,0
2026-07-24 07:36:00,319.1,319.29,319.0,319.29,0
2026-07-24 07:37:00,319.29,319.3628,319.1982,319.2981,0
2026-07-24 07:38:00,319.2889,319.2889,319.03,319.078,0
2026-07-24 07:39:00,319.01,319.0911,318.94,319.01,0
2026-07-24 07:40:00,319.05,319.09,319.0,319.05,0
2026-07-24 07:41:00,319.1,319.1,319.0507,319.09,0
2026-07-24 07:42:00,319.0923,319.1,318.97,319.09,0
2026-07-24 07:43:00,319.0988,319.1,319.0,319.1,0
2026-07-24 07:44:00,319.1,319.1,318.93,319.0696,0
2026-07-24 07:45:00,319.1,319.16,319.0,319.1339,0
2026-07-24 07:46:00,319.106,319.17,319.01,319.06,0
2026-07-24 07:47:00,319.1422,319.1657,319.0,319.09,0
2026-07-24 07:48:00,319.09,319.1172,319.0,319.1143,0
2026-07-24 07:49:00,319.01,319.138,318.9,318.971,0
2026-07-24 07:50:00,319.25,319.288,319.06,319.06,0
2026-07-24 07:51:00,319.1999,319.2,319.0817,319.2,0
2026-07-24 07:52:00,319.17,319.2,319.1374,319.15,0
2026-07-24 07:53:00,319.1808,319.29,319.1352,319.14,0
2026-07-24 07:54:00,319.15,319.26,319.04,319.153,0
2026-07-24 07:55:00,319.2,319.2,319.0,319.05,0
2026-07-24 07:56:00,319.05,319.13,318.65,318.68,0
2026-07-24 07:57:00,318.7441,318.78,318.52,318.665,0
2026-07-24 07:58:00,318.51,319.19,318.51,319.19,0
2026-07-24 07:59:00,319.18,319.4,319.013,319.25,0
2026-07-24 08:00:00,319.216,319.23,318.76,318.968,0
2026-07-24 08:01:00,318.99,319.01,318.67,318.77,0
2026-07-24 08:02:00,318.88,319.04,318.68,318.81,0
2026-07-24 08:03:00,318.77,319.06,318.57,318.57,0
2026-07-24 08:04:00,318.6868,318.71,318.4,318.64,0
2026-07-24 08:05:00,318.64,318.89,318.49,318.6,0
2026-07-24 08:06:00,318.6099,318.63,318.41,318.6288,0
2026-07-24 08:07:00,318.61,318.9,318.47,318.9,0
2026-07-24 08:08:00,318.9,319.0,318.78,318.95,0
2026-07-24 08:09:00,318.96,319.13,318.9,319.0087,0
2026-07-24 08:10:00,319.147,319.19,319.01,319.0794,0
2026-07-24 08:11:00,319.0711,319.17,319.0,319.17,0
2026-07-24 08:12:00,319.15,319.24,319.1,319.12,0
2026-07-24 08:13:00,319.1803,319.24,319.1328,319.24,0
2026-07-24 08:14:00,319.16,319.3607,319.16,319.31,0
2026-07-24 08:15:00,319.35,319.4028,319.2975,319.35,0
2026-07-24 08:16:00,319.35,319.4,319.23,319.3,0
2026-07-24 08:17:00,319.19,319.26,319.1,319.25,0
2026-07-24 08:18:00,319.21,319.37,319.11,319.29,0
2026-07-24 08:19:00,319.274,319.3,319.06,319.06,0
2026-07-24 08:20:00,319.16,319.16,318.91,319.1,0
2026-07-24 08:21:00,319.089,319.089,318.89,319.0,0
2026-07-24 08:22:00,319.0,319.16,318.93,319.16,0
2026-07-24 08:23:00,319.16,319.1775,319.0083,319.1775,0
2026-07-24 08:24:00,319.1706,319.23,319.0,319.17,0
2026-07-24 08:25:00,319.17,319.24,318.8,319.16,0
2026-07-24 08:26:00,319.24,319.24,318.89,319.035,0
2026-07-24 08:27:00,318.9706,319.1,318.901,319.02,0
2026-07-24 08:28:00,319.03,319.07,318.9052,318.9999,0
2026-07-24 08:29:00,318.9998,319.0,318.63,318.999,0
2026-07-24 08:30:00,319.0,319.0,318.8042,318.9437,0
2026-07-24 08:31:00,318.87,319.01,318.8,318.903,0
2026-07-24 08:32:00,319.01,319.05,318.9777,318.9975,0
2026-07-24 08:33:00,318.9853,318.99,318.9,318.99,0
2026-07-24 08:34:00,318.94,318.94,318.63,318.65,0
2026-07-24 08:35:00,318.67,318.75,318.5212,318.74,0
2026-07-24 08:36:00,318.69,318.7486,318.3201,318.347,0
2026-07-24 08:37:00,318.4911,318.79,318.37,318.78,0
2026-07-24 08:38:00,318.718,318.83,318.54,318.798,0
2026-07-24 08:39:00,318.83,318.94,318.6601,318.8669,0
2026-07-24 08:40:00,318.94,318.94,318.8013,318.85,0
2026-07-24 08:41:00,318.8009,318.86,318.66,318.7952,0
2026-07-24 08:42:00,318.8,318.85,318.6012,318.7601,0
2026-07-24 08:43:00,318.82,318.85,318.44,318.5,0
2026-07-24 08:44:00,318.39,318.42,318.25,318.31,0
2026-07-24 08:45:00,318.2297,318.35,318.121,318.1953,0
2026-07-24 08:46:00,318.172,318.2201,317.99,318.04,0
2026-07-24 08:47:00,318.039,318.04,317.77,317.98,0
2026-07-24 08:48:00,318.03,318.295,318.0152,318.13,0
2026-07-24 08:49:00,318.1796,318.27,318.11,318.21,0
2026-07-24 08:50:00,318.1717,318.4301,318.1717,318.4,0
2026-07-24 08:51:00,318.4,318.4,318.14,318.37,0
2026-07-24 08:52:00,318.37,318.43,318.2014,318.43,0
2026-07-24 08:53:00,318.38,318.48,318.37,318.44,0
2026-07-24 08:54:00,318.44,318.44,318.31,318.31,0
2026-07-24 08:55:00,318.42,318.49,318.29,318.3705,0
2026-07-24 08:56:00,318.4,318.47,318.17,318.17,0
2026-07-24 08:57:00,318.17,318.46,318.09,318.33,0
2026-07-24 08:58:00,318.4764,318.4764,318.25,318.4246,0
2026-07-24 08:59:00,318.3135,318.4,318.19,318.37,0
2026-07-24 09:00:00,318.37,318.45,318.1004,318.15,0
2026-07-24 09:01:00,318.18,318.31,318.08,318.11,0
2026-07-24 09:02:00,318.07,318.29,318.0,318.22,0
2026-07-24 09:03:00,318.2887,318.3499,318.11,318.31,0
2026-07-24 09:04:00,318.31,318.49,318.26,318.3548,0
2026-07-24 09:05:00,318.39,318.43,318.26,318.33,0
2026-07-24 09:06:00,318.37,318.37,318.18,318.28,0
2026-07-24 09:07:00,318.28,318.32,318.1622,318.2691,0
2026-07-24 09:08:00,318.2448,318.26,318.05,318.13,0
2026-07-24 09:09:00,318.11,318.37,318.11,318.25,0
2026-07-24 09:10:00,318.3243,318.35,318.2182,318.23,0
2026-07-24 09:11:00,318.33,318.33,318.19,318.3292,0
2026-07-24 09:12:00,318.32,318.33,318.21,318.29,0
2026-07-24 09:13:00,318.33,318.33,318.05,318.05,0
2026-07-24 09:14:00,318.0731,318.2,318.07,318.07,0
2026-07-24 09:15:00,318.13,318.33,318.05,318.2,0
2026-07-24 09:16:00,318.296,318.3,317.8,317.9371,0
2026-07-24 09:17:00,317.9422,318.33,317.86,318.33,0
2026-07-24 09:18:00,318.33,318.4,318.14,318.4,0
2026-07-24 09:19:00,318.3986,318.46,318.29,318.4169,0
2026-07-24 09:20:00,318.41,318.53,318.25,318.25,0
2026-07-24 09:21:00,318.25,318.36,318.16,318.26,0
2026-07-24 09:22:00,318.2447,318.32,318.13,318.32,0
2026-07-24 09:23:00,318.29,318.3243,318.14,318.27,0
2026-07-24 09:24:00,318.22,318.55,318.22,318.43,0
2026-07-24 09:25:00,318.43,319.14,318.43,318.77,0
2026-07-24 09:26:00,318.87,319.13,318.61,319.1284,0
2026-07-24 09:27:00,319.12,319.6,318.73,319.6,0
2026-07-24 09:28:00,319.36,319.36,317.91,318.05,0
2026-07-24 09:29:00,318.11,318.7351,317.98,318.07,0
2026-07-24 09:30:00,318.315,320.4,317.33,319.72,1945637
2026-07-24 09:31:00,319.69,320.46,319.16,320.19,165076
2026-07-24 09:32:00,320.22,320.2899,318.7203,318.7483,150595
2026-07-24 09:33:00,318.82,319.98,318.7,319.98,103144
2026-07-24 09:34:00,319.84,320.1,319.43,319.74,138909
2026-07-24 09:35:00,319.74,320.4,319.72,320.035,125933
2026-07-24 09:36:00,320.09,320.93,320.02,320.65,140452
2026-07-24 09:37:00,320.6892,320.91,320.22,320.715,120407
2026-07-24 09:38:00,320.715,320.84,319.95,320.345,135568
2026-07-24 09:39:00,320.33,320.55,320.11,320.2717,120664
2026-07-24 09:40:00,320.275,320.45,319.56,320.175,257175
2026-07-24 09:41:00,320.2,320.56,320.06,320.24,134514
2026-07-24 09:42:00,320.27,320.54,319.95,320.0854,107790
2026-07-24 09:43:00,320.06,320.06,319.4,319.73,105574
2026-07-24 09:44:00,319.74,320.48,319.72,320.225,146981
2026-07-24 09:45:00,320.25,320.25,319.6001,320.06,99100
2026-07-24 09:46:00,320.12,320.42,319.93,320.315,102173
2026-07-24 09:47:00,320.36,320.84,320.3,320.615,128035
2026-07-24 09:48:00,320.615,321.8,320.24,321.7,217959
2026-07-24 09:49:00,321.7,322.586,321.66,322.5,199377
2026-07-24 09:50:00,322.495,323.13,322.33,322.4003,240532
2026-07-24 09:51:00,322.43,322.55,321.5,321.61,131225
2026-07-24 09:52:00,321.57,321.71,321.18,321.4505,96630
2026-07-24 09:53:00,321.5,321.66,320.94,321.47,145315
2026-07-24 09:54:00,321.48,321.5799,321.23,321.38,101919
2026-07-24 09:55:00,321.45,322.0,321.425,321.987,158173
2026-07-24 09:56:00,321.965,322.815,321.93,322.79,161932
2026-07-24 09:57:00,322.805,323.87,322.77,323.515,217697
2026-07-24 09:58:00,323.51,324.18,323.2801,323.42,203408
2026-07-24 09:59:00,323.43,323.46,322.5,322.565,178371
2026-07-24 10:00:00,322.57,323.24,322.3,323.0751,167803
2026-07-24 10:01:00,323.14,323.23,322.68,322.78,104076
2026-07-24 10:02:00,322.74,323.2899,322.74,323.01,95178
2026-07-24 10:03:00,323.01,323.01,322.2,322.63,85710
2026-07-24 10:04:00,322.66,322.72,321.0,321.0409,120797
2026-07-24 10:05:00,321.0267,321.33,320.67,321.005,101280
2026-07-24 10:06:00,321.04,321.065,319.94,320.2,142836
2026-07-24 10:07:00,320.2299,320.31,319.85,319.92,68622
2026-07-24 10:08:00,319.8419,320.5,319.7301,320.43,91876
2026-07-24 10:09:00,320.43,320.7599,320.4,320.48,63846
2026-07-24 10:10:00,320.45,321.005,320.43,320.99,84928
2026-07-24 10:11:00,320.965,321.06,320.59,320.6,95817
2026-07-24 10:12:00,320.585,320.6299,320.2501,320.32,51620
2026-07-24 10:13:00,320.29,321.0,320.24,320.93,53606
2026-07-24 10:14:00,320.98,321.2,320.7,320.97,101162
2026-07-24 10:15:00,320.975,321.15,320.57,320.585,57003
2026-07-24 10:16:00,320.58,320.7477,320.46,320.65,59735
2026-07-24 10:17:00,320.66,321.06,320.62,320.835,56838
2026-07-24 10:18:00,320.85,321.4,320.765,321.345,71291
2026-07-24 10:19:00,321.34,321.3798,320.955,321.13,61176
2026-07-24 10:20:00,321.1,321.41,320.9,321.2,78368
2026-07-24 10:21:00,321.2066,321.35,320.94,321.05,58918
2026-07-24 10:22:00,321.03,321.275,320.84,320.94,58471
2026-07-24 10:23:00,320.945,320.99,320.6501,320.685,56928
2026-07-24 10:24:00,320.68,320.929,320.5445,320.87,61387
2026-07-24 10:26:00,321.0,321.24,320.8,320.8399,105472
2026-07-24 10:27:00,320.82,321.11,320.6,320.6752,35153
2026-07-24 10:28:00,320.665,320.75,320.46,320.475,33431
2026-07-24 10:29:00,320.47,320.62,319.83,319.83,124352
2026-07-24 10:30:00,319.86,319.865,319.07,319.09,215730
2026-07-24 10:31:00,319.1,319.44,318.82,319.44,90260
2026-07-24 10:32:00,319.345,319.58,318.99,319.0287,81419
2026-07-24 10:33:00,319.025,319.22,318.8401,319.01,71992
2026-07-24 10:34:00,319.02,319.05,318.8775,318.94,160730
2026-07-24 10:35:00,318.97,319.04,318.67,318.6999,46076
2026-07-24 10:36:00,318.71,318.845,318.5825,318.685,41882
2026-07-24 10:37:00,318.71,318.93,318.62,318.7104,53473
2026-07-24 10:38:00,318.695,318.94,318.68,318.83,47445
2026-07-24 10:39:00,318.8261,318.89,318.4,318.6,63462
2026-07-24 10:40:00,318.58,318.76,318.41,318.65,52371
2026-07-24 10:41:00,318.62,318.64,318.2,318.415,59476
2026-07-24 10:42:00,318.42,318.52,318.18,318.21,52172
2026-07-24 10:43:00,318.18,318.205,317.95,318.14,88579
2026-07-24 10:44:00,318.09,318.14,317.81,317.925,79781
2026-07-24 10:45:00,317.89,317.96,317.78,317.825,46171
2026-07-24 10:46:00,317.77,318.18,317.62,318.15,126977
2026-07-24 10:47:00,318.12,318.24,317.63,317.655,96783
2026-07-24 10:48:00,317.675,317.94,317.62,317.87,79284
2026-07-24 10:49:00,317.87,318.07,317.755,318.01,98902
2026-07-24 10:50:00,317.995,318.6896,317.995,318.6795,101491
2026-07-24 10:51:00,318.64,318.8,318.58,318.72,50159
2026-07-24 10:52:00,318.71,318.85,318.6,318.76,40607
2026-07-24 10:53:00,318.76,319.14,318.75,319.01,53697
2026-07-24 10:54:00,319.015,319.04,318.68,318.89,49060
2026-07-24 10:55:00,318.8892,318.98,318.765,318.83,27639
2026-07-24 10:56:00,318.8,318.81,318.6,318.71,36549
2026-07-24 10:57:00,318.725,319.2499,318.7,319.2499,38888
2026-07-24 10:58:00,319.249,319.608,319.1601,319.52,48521
2026-07-24 10:59:00,319.5601,320.06,319.5601,320.04,54399
2026-07-24 11:00:00,320.06,320.26,319.84,320.25,64469
2026-07-24 11:01:00,320.255,320.31,320.07,320.31,66503
2026-07-24 11:02:00,320.29,320.32,320.03,320.03,43270
2026-07-24 11:03:00,320.035,320.14,319.86,319.96,50823
2026-07-24 11:04:00,319.97,320.1899,319.88,320.12,32776
2026-07-24 11:05:00,320.1199,320.25,319.93,320.09,40235
2026-07-24 11:06:00,320.05,320.4,320.02,320.285,68223
2026-07-24 11:07:00,320.285,320.2999,320.1,320.235,31847
2026-07-24 11:08:00,320.235,320.4,320.0,320.065,48067
2026-07-24 11:09:00,320.0582,320.11,319.7,319.83,67393
2026-07-24 11:10:00,319.815,320.37,319.71,320.3099,55509
2026-07-24 11:11:00,320.24,320.66,320.15,320.305,55340
2026-07-24 11:12:00,320.33,320.6,320.31,320.455,62431
2026-07-24 11:13:00,320.47,320.49,320.2,320.235,72815
2026-07-24 11:14:00,320.21,321.0,320.21,320.83,49896
2026-07-24 11:15:00,320.78,321.13,320.67,320.9499,77854
2026-07-24 11:16:00,320.935,320.94,320.42,320.435,43700
2026-07-24 11:17:00,320.435,320.49,320.145,320.2,44486
2026-07-24 11:18:00,320.18,320.415,319.9005,319.95,58484
2026-07-24 11:19:00,319.9,319.9699,319.66,319.69,48323
2026-07-24 11:20:00,319.675,319.94,319.58,319.6262,82810
2026-07-24 11:21:00,319.6,319.81,319.4,319.81,83113
2026-07-24 11:22:00,319.845,320.0,319.715,319.92,38243
2026-07-24 11:23:00,319.9196,320.355,319.9196,320.289,41318
2026-07-24 11:24:00,320.265,320.76,320.225,320.68,75267
2026-07-24 11:25:00,320.68,320.89,320.65,320.8356,69417
2026-07-24 11:26:00,320.855,320.9755,320.77,320.82,38848
2026-07-24 11:27:00,320.84,321.16,320.81,321.07,85206
2026-07-24 11:28:00,321.07,321.49,321.0,321.375,86004
2026-07-24 11:29:00,321.39,321.82,321.39,321.75,58603
2026-07-24 11:30:00,321.76,321.88,321.64,321.87,55899
2026-07-24 11:31:00,321.87,322.12,321.86,322.02,81526
2026-07-24 11:32:00,322.02,322.03,321.64,321.655,55203
2026-07-24 11:33:00,321.665,321.69,321.28,321.28,79503
2026-07-24 11:34:00,321.25,321.44,321.17,321.2031,66915
2026-07-24 11:35:00,321.2239,321.37,321.036,321.26,51612
2026-07-24 11:36:00,321.24,321.58,320.99,321.56,41527
2026-07-24 11:37:00,321.5674,321.65,321.28,321.555,49984
2026-07-24 11:38:00,321.55,321.84,321.54,321.8,48538
2026-07-24 11:39:00,321.8,321.95,321.73,321.9,81552
2026-07-24 11:40:00,321.935,321.975,321.495,321.51,58857
2026-07-24 11:41:00,321.51,321.64,321.37,321.5125,41345
2026-07-24 11:42:00,321.495,321.535,321.165,321.31,60989
2026-07-24 11:43:00,321.31,321.34,320.93,320.99,43699
2026-07-24 11:44:00,320.98,321.14,320.87,320.94,45052
2026-07-24 11:45:00,320.97,321.025,320.76,320.93,50771
2026-07-24 11:46:00,320.96,320.985,320.62,320.6605,54101
2026-07-24 11:47:00,320.63,320.75,320.55,320.68,50763
2026-07-24 11:48:00,320.68,320.875,320.56,320.74,37864
2026-07-24 11:49:00,320.75,320.75,320.33,320.4199,49839
2026-07-24 11:50:00,320.43,320.825,320.36,320.715,35668
2026-07-24 11:51:00,320.715,320.77,320.575,320.61,47495
2026-07-24 11:52:00,320.62,320.89,320.48,320.515,40598
2026-07-24 11:53:00,320.52,320.59,320.32,320.59,29554
2026-07-24 11:54:00,320.62,320.66,320.365,320.43,28200
2026-07-24 11:55:00,320.45,320.48,320.29,320.33,38716
2026-07-24 11:56:00,320.33,320.37,320.175,320.28,40830
2026-07-24 11:57:00,320.28,320.3595,320.05,320.05,109579
2026-07-24 11:58:00,320.06,320.18,319.88,320.105,80027
2026-07-24 11:59:00,320.088,320.0999,319.91,320.0999,27283
2026-07-24 12:00:00,320.11,320.14,319.93,320.02,5516
2026-07-24 12:01:00,320.01,320.05,319.8,319.9699,35562
2026-07-24 12:02:00,319.95,320.0282,319.91,319.91,21955
2026-07-24 12:03:00,319.935,320.0215,319.87,319.95,27367
2026-07-24 12:04:00,319.96,320.07,319.95,320.035,39943
2026-07-24 12:05:00,320.05,320.09,319.87,319.9,37505
2026-07-24 12:06:00,319.88,319.92,319.57,319.615,47480
2026-07-24 12:07:00,319.55,319.79,319.495,319.76,39943
2026-07-24 12:08:00,319.78,320.025,319.65,319.9298,38736
2026-07-24 12:09:00,319.9,320.01,319.62,319.69,33002
2026-07-24 12:10:00,319.6601,319.8101,319.5725,319.725,28618
2026-07-24 12:11:00,319.7084,319.74,319.6,319.63,23901
2026-07-24 12:12:00,319.63,319.81,319.605,319.76,34758
2026-07-24 12:13:00,319.735,319.765,319.58,319.58,33976
2026-07-24 12:14:00,319.58,319.82,319.31,319.63,87646
2026-07-24 12:15:00,319.61,319.7499,319.53,319.66,50220
2026-07-24 12:16:00,319.655,319.8,319.61,319.6515,64702
2026-07-24 12:17:00,319.63,319.68,319.5,319.64,42332
2026-07-24 12:18:00,319.6599,319.82,319.61,319.7465,37587
2026-07-24 12:19:00,319.74,320.08,319.7244,319.945,60074
2026-07-24 12:20:00,319.945,319.97,319.675,319.8077,41308
2026-07-24 12:21:00,319.81,319.82,319.66,319.67,24607
2026-07-24 12:22:00,319.645,319.815,319.52,319.79,33001
2026-07-24 12:23:00,319.73,319.75,319.62,319.6215,27808
2026-07-24 12:24:00,319.65,319.84,319.62,319.72,34645
2026-07-24 12:25:00,319.75,319.92,319.74,319.75,39688
2026-07-24 12:26:00,319.7696,319.78,319.68,319.74,54460
2026-07-24 12:27:00,319.735,319.84,319.61,319.6763,30002
2026-07-24 12:28:00,319.6899,319.72,319.53,319.53,37163
2026-07-24 12:29:00,319.53,319.5899,319.39,319.4,32017
2026-07-24 12:30:00,319.405,319.42,318.92,319.03,69034
2026-07-24 12:31:00,319.04,319.16,318.995,319.07,51033
2026-07-24 12:32:00,319.0555,319.065,318.86,318.93,53215
2026-07-24 12:33:00,318.92,318.94,318.56,318.685,62975
2026-07-24 12:34:00,318.685,318.94,318.61,318.85,39495
2026-07-24 12:35:00,318.92,319.21,318.86,319.115,53977
2026-07-24 12:36:00,319.1,319.47,319.08,319.4299,38510
2026-07-24 12:37:00,319.4,319.71,319.38,319.71,38114
2026-07-24 12:38:00,319.67,319.755,319.4597,319.4597,27298
2026-07-24 12:39:00,319.45,319.57,319.4135,319.43,36277
2026-07-24 12:40:00,319.435,319.58,319.39,319.54,23766
2026-07-24 12:41:00,319.54,319.65,319.425,319.425,29817
2026-07-24 12:42:00,319.44,319.56,319.4021,319.47,38697
2026-07-24 12:43:00,319.49,319.51,319.36,319.415,27567
2026-07-24 12:44:00,319.42,319.46,318.98,319.06,73155
2026-07-24 12:45:00,319.055,319.055,318.825,318.92,41230
2026-07-24 12:46:00,318.91,319.11,318.83,318.9416,27060
2026-07-24 12:47:00,318.955,319.0,318.72,318.755,39152
2026-07-24 12:48:00,318.77,319.11,318.72,319.105,50279
2026-07-24 12:49:00,319.12,319.14,318.96,319.07,36318
2026-07-24 12:50:00,319.07,319.15,319.02,319.1399,36660
2026-07-24 12:51:00,319.14,319.34,319.1001,319.19,43657
2026-07-24 12:52:00,319.15,319.35,319.06,319.08,29766
2026-07-24 12:53:00,319.11,319.25,319.07,319.2,35740
2026-07-24 12:54:00,319.202,319.4,319.19,319.32,26447
2026-07-24 12:55:00,319.34,319.5,319.26,319.47,32148
2026-07-24 12:56:00,319.475,319.59,319.441,319.47,36207
2026-07-24 12:57:00,319.46,319.56,319.32,319.39,26070
2026-07-24 12:58:00,319.39,319.58,319.33,319.5,32613
2026-07-24 12:59:00,319.4801,319.545,319.43,319.47,27750
2026-07-24 13:00:00,319.47,319.47,319.25,319.38,43626
2026-07-24 13:01:00,319.38,319.83,319.34,319.61,41639
2026-07-24 13:02:00,319.63,319.67,319.5,319.58,27358
2026-07-24 13:03:00,319.57,319.57,319.4,319.44,26629
2026-07-24 13:04:00,319.435,319.58,319.32,319.3742,31379
2026-07-24 13:05:00,319.3459,319.45,319.32,319.32,25925
2026-07-24 13:06:00,319.35,320.45,318.89,319.665,245731
2026-07-24 13:07:00,319.64,319.96,319.54,319.59,47788
2026-07-24 13:08:00,319.63,319.69,319.27,319.5458,57297
2026-07-24 13:09:00,319.51,319.53,319.37,319.48,30991
2026-07-24 13:10:00,319.49,319.675,319.38,319.63,29659
2026-07-24 13:11:00,319.6,319.8095,319.5975,319.72,29555
2026-07-24 13:12:00,319.71,320.06,319.71,319.9099,43735
2026-07-24 13:13:00,319.92,320.13,319.83,320.03,42006
2026-07-24 13:14:00,320.05,320.27,320.0001,320.12,38488
2026-07-24 13:15:00,320.13,320.25,320.07,320.085,27335
2026-07-24 13:16:00,320.09,320.2199,319.901,320.1728,42913
2026-07-24 13:17:00,320.17,320.46,320.12,320.255,46645
2026-07-24 13:18:00,320.27,320.44,320.14,320.385,35860
2026-07-24 13:19:00,320.4,320.4,320.26,320.3207,19466
2026-07-24 13:20:00,320.33,320.39,320.25,320.34,28487
2026-07-24 13:21:00,320.3243,320.39,320.26,320.34,34663
2026-07-24 13:22:00,320.37,320.49,320.28,320.33,36415
2026-07-24 13:23:00,320.32,320.42,320.2431,320.3675,27485
2026-07-24 13:24:00,320.4,320.56,320.31,320.56,28113
2026-07-24 13:25:00,320.54,320.78,320.54,320.78,38747
2026-07-24 13:26:00,320.76,320.78,320.55,320.62,36494
2026-07-24 13:27:00,320.62,320.83,320.54,320.62,61142
2026-07-24 13:28:00,320.59,320.7,320.44,320.44,50462
2026-07-24 13:29:00,320.43,320.54,320.31,320.53,24359
2026-07-24 13:30:00,320.52,320.605,320.46,320.49,31244
2026-07-24 13:31:00,320.48,320.65,320.4,320.61,29487
2026-07-24 13:32:00,320.64,320.8137,320.535,320.8137,22420
2026-07-24 13:33:00,320.81,320.81,320.56,320.56,26775
2026-07-24 13:34:00,320.55,320.6681,320.51,320.58,29819
2026-07-24 13:35:00,320.56,320.61,320.38,320.48,45480
2026-07-24 13:36:00,320.475,320.6,320.41,320.42,23697
2026-07-24 13:37:00,320.405,320.405,320.08,320.11,24322
2026-07-24 13:38:00,320.11,320.15,319.97,319.975,36218
2026-07-24 13:39:00,319.97,320.04,319.81,319.87,32474
2026-07-24 13:40:00,319.9,319.92,319.79,319.82,20963
2026-07-24 13:41:00,319.83,320.0365,319.8,319.9714,23983
2026-07-24 13:42:00,319.995,320.01,319.86,319.93,23643
2026-07-24 13:43:00,319.935,319.99,319.73,319.735,32164
2026-07-24 13:44:00,319.714,319.79,319.66,319.68,23005
2026-07-24 13:45:00,319.655,319.68,319.5401,319.62,29045
2026-07-24 13:46:00,319.64,319.75,319.59,319.62,29019
2026-07-24 13:47:00,319.61,319.7,319.421,319.495,29123
2026-07-24 13:48:00,319.4775,319.5099,319.35,319.45,23547
2026-07-24 13:49:00,319.4501,319.755,319.43,319.75,42209
2026-07-24 13:50:00,319.75,319.88,319.71,319.875,41024
2026-07-24 13:51:00,319.89,319.93,319.655,319.655,28506
2026-07-24 13:52:00,319.65,319.75,319.61,319.63,33586
2026-07-24 13:53:00,319.625,319.78,319.57,319.69,30808
2026-07-24 13:54:00,319.705,319.94,319.69,319.9,44658
2026-07-24 13:55:00,319.91,320.11,319.8,320.04,55997
2026-07-24 13:56:00,320.09,320.14,319.99,320.0226,158344
2026-07-24 13:57:00,320.04,320.11,319.94,320.0601,37533
2026-07-24 13:58:00,320.075,320.09,319.93,319.965,41982
2026-07-24 13:59:00,319.99,320.1195,319.97,319.985,50625
2026-07-24 14:00:00,319.98,320.17,319.97,320.08,39658
2026-07-24 14:01:00,320.085,320.11,319.88,319.965,28057
2026-07-24 14:02:00,319.955,320.14,319.9405,320.075,31082
2026-07-24 14:03:00,320.0775,320.18,320.01,320.1699,42556
2026-07-24 14:04:00,320.17,320.41,320.1491,320.4,50815
2026-07-24 14:05:00,320.41,320.615,320.37,320.51,44665
2026-07-24 14:06:00,320.505,320.69,320.4601,320.64,38031
2026-07-24 14:07:00,320.66,320.86,320.615,320.85,41046
2026-07-24 14:08:00,320.86,321.105,320.84,321.005,62152
2026-07-24 14:09:00,320.995,321.06,320.815,320.83,34809
2026-07-24 14:10:00,320.85,320.88,320.65,320.6501,41977
2026-07-24 14:11:00,320.6776,320.82,320.63,320.7175,30248
2026-07-24 14:12:00,320.73,321.02,320.715,320.9,45127
2026-07-24 14:13:00,320.915,321.075,320.8,320.835,38601
2026-07-24 14:14:00,320.85,320.945,320.8356,320.89,38899
2026-07-24 14:15:00,320.91,321.14,320.8535,321.0,70036
2026-07-24 14:16:00,320.98,321.05,320.82,320.865,74703
2026-07-24 14:17:00,320.84,320.92,320.78,320.83,68301
2026-07-24 14:18:00,320.825,320.98,320.795,320.91,65620
2026-07-24 14:19:00,320.915,320.94,320.75,320.8,35093
2026-07-24 14:20:00,320.81,320.895,320.5,320.54,58195
2026-07-24 14:21:00,320.51,320.55,320.39,320.44,37237
2026-07-24 14:22:00,320.45,320.51,320.37,320.47,34830
2026-07-24 14:23:00,320.48,320.595,320.4,320.585,53173
2026-07-24 14:24:00,320.61,320.62,320.22,320.31,34086
2026-07-24 14:25:00,320.315,320.33,320.04,320.21,43234
2026-07-24 14:26:00,320.215,320.315,320.15,320.29,51571
2026-07-24 14:27:00,320.27,320.39,320.2,320.2208,30030
2026-07-24 14:28:00,320.215,320.34,320.08,320.18,41051
2026-07-24 14:29:00,320.2,320.285,319.965,319.975,39896
2026-07-24 14:30:00,319.96,320.03,319.84,319.89,54911
2026-07-24 14:31:00,319.89,320.11,319.83,319.995,61032
2026-07-24 14:32:00,319.965,320.12,319.925,320.02,31827
2026-07-24 14:33:00,320.0496,320.1,319.8,319.8408,24603
2026-07-24 14:34:00,319.86,319.89,319.68,319.75,49769
2026-07-24 14:35:00,319.72,319.98,319.59,319.9301,40115
2026-07-24 14:36:00,319.95,320.01,319.64,319.72,34869
2026-07-24 14:37:00,319.735,319.8983,319.62,319.66,29397
2026-07-24 14:38:00,319.62,319.865,319.6,319.79,45833
2026-07-24 14:39:00,319.79,319.84,319.61,319.74,57296
2026-07-24 14:40:00,319.73,319.875,319.62,319.685,62144
2026-07-24 14:41:00,319.71,319.75,319.51,319.52,54900
2026-07-24 14:42:00,319.51,319.615,319.375,319.46,56587
2026-07-24 14:43:00,319.47,319.52,319.35,319.37,35679
2026-07-24 14:44:00,319.355,319.47,319.3005,319.35,41538
2026-07-24 14:45:00,319.33,319.54,319.3,319.33,34809
2026-07-24 14:46:00,319.36,319.518,319.2167,319.39,34910
2026-07-24 14:47:00,319.37,319.65,319.37,319.545,37537
2026-07-24 14:48:00,319.55,319.55,319.17,319.18,29092
2026-07-24 14:49:00,319.19,319.3993,319.15,319.37,24050
2026-07-24 14:50:00,319.395,319.42,319.2,319.25,26297
2026-07-24 14:51:00,319.23,319.37,319.225,319.24,28120
2026-07-24 14:52:00,319.25,319.44,319.2,319.404,38582
2026-07-24 14:53:00,319.405,319.4328,319.19,319.27,31429
2026-07-24 14:54:00,319.27,319.36,319.24,319.3125,49892
2026-07-24 14:55:00,319.32,319.34,319.18,319.215,35152
2026-07-24 14:56:00,319.23,319.28,318.96,319.26,60852
2026-07-24 14:57:00,319.23,319.35,319.155,319.2399,38259
2026-07-24 14:58:00,319.24,319.34,319.22,319.25,32989
2026-07-24 14:59:00,319.24,319.44,319.2,319.33,43316
2026-07-24 15:00:00,319.32,319.64,319.32,319.61,60586
2026-07-24 15:01:00,319.62,319.69,319.4701,319.64,59232
2026-07-24 15:02:00,319.66,319.91,319.5901,319.76,98611
2026-07-24 15:03:00,319.75,319.89,319.7105,319.77,38461
2026-07-24 15:04:00,319.78,319.85,319.64,319.78,78220
2026-07-24 15:05:00,319.77,319.89,319.74,319.82,76153
2026-07-24 15:06:00,319.82,320.08,319.76,320.0099,62106
2026-07-24 15:07:00,319.99,320.21,319.98,320.0776,49785
2026-07-24 15:08:00,320.07,320.12,319.915,320.01,47031
2026-07-24 15:09:00,320.01,320.03,319.85,320.01,52087
2026-07-24 15:10:00,319.995,320.06,319.78,319.99,42052
2026-07-24 15:11:00,319.98,320.03,319.9,320.01,38992
2026-07-24 15:12:00,320.0375,320.26,320.0,320.1,65099
2026-07-24 15:13:00,320.08,320.26,320.03,320.11,49721
2026-07-24 15:14:00,320.09,320.09,319.9401,319.96,37279
2026-07-24 15:15:00,319.9401,320.15,319.88,320.0925,38109
2026-07-24 15:16:00,320.09,320.12,319.98,320.0,42793
2026-07-24 15:17:00,319.995,320.04,319.88,319.89,37601
2026-07-24 15:18:00,319.92,320.16,319.8975,320.09,51227
2026-07-24 15:19:00,320.09,320.16,319.82,319.9078,46945
2026-07-24 15:20:00,319.89,319.91,319.57,319.6325,48384
2026-07-24 15:21:00,319.635,319.9,319.6,319.79,38166
2026-07-24 15:22:00,319.815,319.83,319.61,319.6301,32964
2026-07-24 15:23:00,319.63,319.775,319.53,319.63,54241
2026-07-24 15:24:00,319.62,319.6299,319.43,319.61,37571
2026-07-24 15:25:00,319.61,319.78,319.61,319.7,33877
2026-07-24 15:26:00,319.69,319.72,319.575,319.68,57404
2026-07-24 15:27:00,319.64,319.71,319.5502,319.56,16580
2026-07-24 15:28:00,319.56,319.59,319.425,319.55,54023
2026-07-24 15:29:00,319.56,319.62,319.5101,319.525,47660
2026-07-24 15:30:00,319.5,319.55,319.36,319.42,47125
2026-07-24 15:31:00,319.44,319.55,319.315,319.55,48959
2026-07-24 15:32:00,319.57,319.65,319.53,319.64,67310
2026-07-24 15:33:00,319.64,319.71,319.48,319.55,45265
2026-07-24 15:34:00,319.56,319.66,319.52,319.6,28441
2026-07-24 15:35:00,319.595,319.96,319.54,319.81,56573
2026-07-24 15:36:00,319.815,319.86,319.63,319.73,35788
2026-07-24 15:37:00,319.73,319.78,319.655,319.685,58186
2026-07-24 15:38:00,319.7,319.83,319.66,319.79,40380
2026-07-24 15:39:00,319.8,320.02,319.79,319.97,48518
2026-07-24 15:40:00,319.985,320.18,319.985,320.16,63108
2026-07-24 15:41:00,320.17,320.28,320.1,320.13,55475
2026-07-24 15:42:00,320.12,320.12,319.8801,319.9601,45228
2026-07-24 15:43:00,319.97,320.0,319.78,319.92,59596
2026-07-24 15:44:00,319.92,320.3,319.87,320.3,54526
2026-07-24 15:45:00,320.31,320.378,320.09,320.09,57428
2026-07-24 15:46:00,320.09,320.12,319.89,320.05,68173
2026-07-24 15:47:00,320.05,320.18,319.8,319.82,62252
2026-07-24 15:48:00,319.83,320.04,319.83,320.02,67054
2026-07-24 15:49:00,320.0,320.29,319.99,320.22,61245
2026-07-24 15:50:00,320.24,320.69,319.6575,319.7,131941
2026-07-24 15:51:00,319.6845,319.86,319.64,319.69,93354
2026-07-24 15:52:00,319.66,319.92,319.62,319.85,90018
2026-07-24 15:53:00,319.835,319.91,319.67,319.89,110363
2026-07-24 15:54:00,319.88,320.58,319.87,320.56,158482
2026-07-24 15:55:00,320.57,320.59,319.75,319.87,271642
2026-07-24 15:56:00,319.88,320.05,319.79,319.805,173427
2026-07-24 15:57:00,319.8,319.89,319.61,319.63,214433
2026-07-24 15:58:00,319.63,319.6595,319.49,319.52,292670
2026-07-24 15:59:00,319.53,319.89,319.17,319.77,761525
2026-07-24 16:00:00,319.74,320.1187,319.62,320.0,0
2026-07-24 16:01:00,320.05,320.05,319.73,319.75,0
2026-07-24 16:02:00,319.789,320.0,319.6,320.0,0
2026-07-24 16:03:00,319.61,319.9,319.61,319.85,0
2026-07-24 16:04:00,319.83,319.85,319.7,319.82,0
2026-07-24 16:05:00,319.8599,321.6409,319.68,319.79,0
2026-07-24 16:06:00,319.74,319.86,319.6721,319.74,0
2026-07-24 16:07:00,319.81,319.82,319.7,319.7499,0
2026-07-24 16:08:00,319.7392,319.7462,319.69,319.7,0
2026-07-24 16:09:00,319.74,319.8196,319.69,319.7744,0
2026-07-24 16:10:00,319.75,319.82,319.6964,319.7,0
2026-07-24 16:11:00,319.74,319.76,319.69,319.69,0
2026-07-24 16:12:00,319.77,319.87,319.64,319.68,0
2026-07-24 16:13:00,319.69,319.72,319.57,319.57,0
2026-07-24 16:14:00,319.59,319.6,319.52,319.52,0
2026-07-24 16:15:00,319.74,319.74,319.5,319.6283,0
2026-07-24 16:16:00,319.65,319.7181,319.6,319.7181,0
2026-07-24 16:17:00,319.71,319.72,319.48,319.5,0
2026-07-24 16:18:00,319.4512,319.499,319.4512,319.4845,0
2026-07-24 16:19:00,319.4512,319.5,319.3,319.3999,0
2026-07-24 16:20:00,319.74,319.74,319.29,319.4,0
2026-07-24 16:21:00,319.4,319.4,319.3,319.37,0
2026-07-24 16:22:00,319.35,319.4,319.2512,319.3988,0
2026-07-24 16:23:00,319.4,319.41,319.34,319.35,0
2026-07-24 16:24:00,319.35,319.4,319.28,319.4,0
2026-07-24 16:25:00,319.3,319.4,319.28,319.3,0
2026-07-24 16:26:00,319.3,319.4,319.28,319.4,0
2026-07-24 16:27:00,319.3006,319.4,319.25,319.3,0
2026-07-24 16:28:00,319.2994,319.3,319.19,319.29,0
2026-07-24 16:29:00,319.25,319.29,319.05,319.06,0
2026-07-24 16:30:00,319.09,319.29,319.05,319.0752,0
2026-07-24 16:31:00,319.24,319.24,318.95,319.22,0
2026-07-24 16:32:00,319.2245,319.26,319.05,319.26,0
2026-07-24 16:33:00,319.24,319.24,319.1048,319.1145,0
2026-07-24 16:34:00,319.2386,319.58,319.2,319.38,0
2026-07-24 16:35:00,319.45,319.45,319.24,319.3,0
2026-07-24 16:36:00,319.33,319.47,319.25,319.41,0
2026-07-24 16:37:00,319.41,319.5,319.27,319.27,0
2026-07-24 16:38:00,319.42,319.5,319.3635,319.37,0
2026-07-24 16:39:00,319.5,319.54,319.37,319.54,0
2026-07-24 16:40:00,319.55,319.59,319.4041,319.5,0
2026-07-24 16:41:00,319.4,319.5395,319.4,319.5395,0
2026-07-24 16:42:00,319.4782,319.59,319.4782,319.59,0
2026-07-24 16:43:00,319.58,319.73,319.48,319.5024,0
2026-07-24 16:44:00,319.65,319.9,319.5,319.9,0
2026-07-24 16:45:00,319.7,319.8,319.67,319.73,0
2026-07-24 16:46:00,319.71,319.89,319.68,319.75,0
2026-07-24 16:47:00,319.75,319.75,319.5,319.5,0
2026-07-24 16:48:00,319.5678,319.73,319.53,319.73,0
2026-07-24 16:49:00,319.73,319.73,319.5,319.5987,0
2026-07-24 16:50:00,319.62,319.7,319.62,319.64,0
2026-07-24 16:51:00,319.64,319.74,303.7396,319.7218,0
2026-07-24 16:52:00,319.6012,319.7183,319.6012,319.65,0
2026-07-24 16:53:00,319.65,319.7,319.64,319.6985,0
2026-07-24 16:54:00,319.7,319.7,319.67,319.7,0
2026-07-24 16:55:00,319.67,319.74,319.67,319.7,0
2026-07-24 16:56:00,319.6736,319.74,301.9645,319.74,0
2026-07-24 16:57:00,319.74,319.74,319.7,319.7228,0
2026-07-24 16:58:00,319.73,319.9,301.9645,319.9,0
2026-07-24 16:59:00,319.83,319.9,319.7,319.85,0
2026-07-24 17:00:00,319.74,319.85,319.7,319.8,0
2026-07-24 17:01:00,319.7999,319.8,307.5696,319.7934,0
2026-07-24 17:02:00,319.8,319.8,319.75,319.75,0
2026-07-24 17:03:00,319.775,319.8,319.71,319.76,0
2026-07-24 17:04:00,319.75,319.75,307.8,319.73,0
2026-07-24 17:05:00,319.74,319.75,319.71,319.7463,0
2026-07-24 17:06:00,319.75,319.75,319.73,319.73,0
2026-07-24 17:07:00,319.73,319.8,319.7182,319.768,0
2026-07-24 17:08:00,319.7789,319.7975,319.7,319.7014,0
2026-07-24 17:09:00,319.75,319.7972,319.67,319.75,0
2026-07-24 17:10:00,319.75,319.8,319.7,319.75,0
2026-07-24 17:11:00,319.75,319.8,319.75,319.7988,0
2026-07-24 17:12:00,319.7512,319.8,319.7505,319.8,0
2026-07-24 17:13:00,319.75,319.8,319.75,319.79,0
2026-07-24 17:14:00,319.75,319.78,319.7201,319.7201,0
2026-07-24 17:15:00,319.78,319.8,319.75,319.7577,0
2026-07-24 17:16:00,319.75,319.75,319.43,319.5,0
2026-07-24 17:17:00,319.61,319.7099,319.43,319.6,0
2026-07-24 17:18:00,319.67,319.74,319.59,319.61,0
2026-07-24 17:19:00,319.59,319.68,319.43,319.6482,0
2026-07-24 17:20:00,319.609,319.68,319.56,319.65,0
2026-07-24 17:21:00,319.6412,319.68,319.5617,319.68,0
2026-07-24 17:22:00,319.68,319.73,319.57,319.73,0
2026-07-24 17:23:00,319.7,319.7388,319.5547,319.5547,0
2026-07-24 17:24:00,319.66,319.8,319.55,319.8,0
2026-07-24 17:25:00,319.74,319.8,319.65,319.65,0
2026-07-24 17:26:00,319.8,319.8,319.0,319.7,0
2026-07-24 17:27:00,319.39,319.8,319.39,319.41,0
2026-07-24 17:28:00,319.78,319.8,319.63,319.75,0
2026-07-24 17:29:00,319.78,319.8,319.5,319.8,0
2026-07-24 17:30:00,319.68,319.9,319.5,319.88,0
2026-07-24 17:31:00,319.5589,319.88,319.5589,319.81,0
2026-07-24 17:32:00,319.81,319.98,319.8,319.98,0
2026-07-24 17:33:00,319.94,319.98,319.75,319.83,0
2026-07-24 17:34:00,319.94,319.98,319.84,319.84,0
2026-07-24 17:35:00,319.84,320.0,319.84,319.9896,0
2026-07-24 17:36:00,319.99,320.1047,319.9,320.07,0
2026-07-24 17:37:00,320.11,320.1116,319.97,320.1024,0
2026-07-24 17:38:00,320.16,320.28,320.1,320.2,0
2026-07-24 17:39:00,320.28,320.5,319.93,320.0775,0
2026-07-24 17:40:00,320.4,320.4,320.0604,320.39,0
2026-07-24 17:41:00,320.17,320.2,320.08,320.08,0
2026-07-24 17:42:00,320.1,320.19,320.05,320.1106,0
2026-07-24 17:43:00,320.15,320.15,320.09,320.1178,0
2026-07-24 17:44:00,320.1392,320.15,320.1112,320.15,0
2026-07-24 17:45:00,320.14,320.15,320.0,320.133,0
2026-07-24 17:46:00,320.11,320.12,320.0002,320.0002,0
2026-07-24 17:47:00,320.0301,320.14,319.97,319.98,0
2026-07-24 17:48:00,319.97,319.98,319.8887,319.8887,0
2026-07-24 17:49:00,319.74,320.0,319.74,319.8334,0
2026-07-24 17:50:00,319.99,319.99,319.7501,319.98,0
2026-07-24 17:51:00,319.98,319.99,319.74,319.74,0
2026-07-24 17:52:00,319.99,319.99,319.9752,319.9797,0
2026-07-24 17:53:00,319.9462,319.99,319.81,319.91,0
2026-07-24 17:54:00,319.9139,319.94,319.88,319.91,0
2026-07-24 17:55:00,319.8125,320.1,319.8125,319.86,0
2026-07-24 17:56:00,319.86,320.0,319.86,320.0,0
2026-07-24 17:57:00,320.0,320.0,319.9,319.9022,0
2026-07-24 17:58:00,319.99,319.99,319.86,319.88,0
2026-07-24 17:59:00,319.88,319.99,319.86,319.89,0
2026-07-24 18:00:00,319.99,319.99,319.86,319.9001,0
2026-07-24 18:01:00,320.0,320.0,319.95,319.996,0
2026-07-24 18:02:00,319.98,320.0,319.904,319.98,0
2026-07-24 18:03:00,319.914,320.0,319.8635,319.8635,0
2026-07-24 18:04:00,319.91,320.15,319.86,320.15,0
2026-07-24 18:05:00,320.0,320.1268,320.0,320.03,0
2026-07-24 18:06:00,320.05,320.1,320.0,320.04,0
2026-07-24 18:07:00,320.0309,320.1488,320.0,320.01,0
2026-07-24 18:08:00,320.0347,320.15,320.0347,320.15,0
2026-07-24 18:09:00,320.05,320.19,320.05,320.1883,0
2026-07-24 18:10:00,320.19,320.19,320.1683,320.19,0
2026-07-24 18:11:00,320.15,320.19,320.01,320.01,0
2026-07-24 18:12:00,320.04,320.19,320.01,320.1209,0
2026-07-24 18:13:00,320.1,320.16,319.9025,319.9025,0
2026-07-24 18:14:00,319.99,320.0,319.9,319.98,0
2026-07-24 18:15:00,319.98,319.98,319.86,319.8609,0
2026-07-24 18:16:00,319.866,319.89,319.7562,319.7562,0
2026-07-24 18:17:00,319.7585,320.0,319.75,319.86,0
2026-07-24 18:18:00,319.8,319.88,319.8,319.81,0
2026-07-24 18:19:00,319.8116,320.0,319.81,319.9,0
2026-07-24 18:20:00,319.9,319.99,319.84,319.9,0
2026-07-24 18:21:00,319.99,319.99,319.85,319.85,0
2026-07-24 18:22:00,319.9,319.99,319.81,319.9,0
2026-07-24 18:23:00,319.81,319.8986,319.81,319.8347,0
2026-07-24 18:24:00,319.8,319.85,319.74,319.7906,0
2026-07-24 18:25:00,319.7543,319.81,319.7,319.7,0
2026-07-24 18:26:00,319.7,319.82,319.7,319.82,0
2026-07-24 18:27:00,319.9,319.9,319.72,319.75,0
2026-07-24 18:28:00,319.69,319.7,319.5,319.7,0
2026-07-24 18:29:00,319.7,319.87,319.7,319.7042,0
2026-07-24 18:30:00,319.7782,319.78,319.7006,319.7124,0
2026-07-24 18:31:00,319.78,319.8012,319.7288,319.8012,0
2026-07-24 18:32:00,319.8,319.82,319.8,319.82,0
2026-07-24 18:33:00,319.8195,319.82,319.8,319.8003,0
2026-07-24 18:34:00,319.8092,319.82,319.8,319.8091,0
2026-07-24 18:35:00,319.8104,319.84,319.8,319.83,0
2026-07-24 18:36:00,319.831,319.84,319.8001,319.83,0
2026-07-24 18:37:00,319.8299,319.84,319.81,319.83,0
2026-07-24 18:38:00,319.8205,319.97,319.8205,319.97,0
2026-07-24 18:39:00,319.98,319.99,319.9107,319.989,0
2026-07-24 18:40:00,320.0,320.0,319.8,319.82,0
2026-07-24 18:41:00,319.8,319.85,319.63,319.63,0
2026-07-24 18:42:00,319.62,319.85,319.62,319.71,0
2026-07-24 18:43:00,319.6989,319.6989,319.62,319.65,0
2026-07-24 18:44:00,319.69,319.75,319.69,319.7485,0
2026-07-24 18:45:00,319.7423,319.83,319.7003,319.75,0
2026-07-24 18:46:00,319.75,319.75,319.65,319.65,0
2026-07-24 18:47:00,319.65,319.69,319.6,319.6,0
2026-07-24 18:48:00,319.6,319.66,319.6,319.62,0
2026-07-24 18:49:00,319.66,319.75,319.62,319.74,0
2026-07-24 18:50:00,319.74,319.75,319.62,319.69,0
2026-07-24 18:51:00,319.6237,319.75,319.62,319.7467,0
2026-07-24 18:52:00,319.7,319.75,319.62,319.6308,0
2026-07-24 18:53:00,319.6206,319.7,319.62,319.68,0
2026-07-24 18:54:00,319.6676,319.68,319.6,319.62,0
2026-07-24 18:55:00,319.6419,319.6419,319.59,319.6,0
2026-07-24 18:56:00,319.5155,319.6,319.3,319.59,0
2026-07-24 18:57:00,319.59,319.59,319.42,319.48,0
2026-07-24 18:58:00,319.43,319.48,319.4117,319.4117,0
2026-07-24 18:59:00,319.42,319.45,319.3,319.3687,0
2026-07-24 19:00:00,319.36,319.5108,319.16,319.5108,0
2026-07-24 19:01:00,319.405,319.7,319.405,319.7,0
2026-07-24 19:02:00,319.7,319.7,319.51,319.5325,0
2026-07-24 19:03:00,319.59,319.6945,319.48,319.48,0
2026-07-24 19:04:00,319.61,319.66,319.61,319.66,0
2026-07-24 19:05:00,319.66,319.7,319.41,319.66,0
2026-07-24 19:06:00,319.7,319.7,319.529,319.56,0
2026-07-24 19:07:00,319.66,319.66,319.6,319.6,0
2026-07-24 19:08:00,319.66,319.6975,319.6,319.6,0
2026-07-24 19:09:00,319.6487,319.6487,319.41,319.6,0
2026-07-24 19:10:00,319.5,319.6,319.5,319.6,0
2026-07-24 19:11:00,319.6,319.6,319.5,319.6,0
2026-07-24 19:12:00,319.66,319.66,319.6,319.66,0
2026-07-24 19:13:00,319.6,319.7,319.55,319.6,0
2026-07-24 19:14:00,319.5732,319.7,319.5503,319.6036,0
2026-07-24 19:15:00,319.5508,319.7,319.55,319.6768,0
2026-07-24 19:16:00,319.67,319.67,319.5,319.65,0
2026-07-24 19:17:00,319.695,319.7,319.5,319.695,0
2026-07-24 19:18:00,319.6061,319.7,319.531,319.7,0
2026-07-24 19:19:00,319.5,319.6706,319.5,319.54,0
2026-07-24 19:20:00,319.573,319.7,319.56,319.63,0
2026-07-24 19:21:00,319.6,319.7,319.56,319.6,0
2026-07-24 19:22:00,319.6,319.7,319.56,319.56,0
2026-07-24 19:23:00,319.7,319.7,319.61,319.62,0
2026-07-24 19:24:00,319.5817,319.7,319.5603,319.62,0
2026-07-24 19:25:00,319.7,319.7,319.6,319.62,0
2026-07-24 19:26:00,319.619,319.62,319.6,319.6,0
2026-07-24 19:27:00,319.6,319.6898,319.5955,319.6898,0
2026-07-24 19:28:00,319.6695,319.6695,319.5601,319.57,0
2026-07-24 19:29:00,319.56,319.56,319.32,319.46,0
2026-07-24 19:30:00,319.46,319.499,319.3233,319.47,0
2026-07-24 19:31:00,319.47,319.47,319.3,319.3986,0
2026-07-24 19:32:00,319.4,319.4,319.35,319.39,0
2026-07-24 19:33:00,319.4,319.61,319.3577,319.5,0
2026-07-24 19:34:00,319.4142,319.5,319.3577,319.5,0
2026-07-24 19:35:00,319.4176,319.62,319.4176,319.5,0
2026-07-24 19:36:00,319.4975,319.5,319.3,319.43,0
2026-07-24 19:37:00,319.4,319.4737,319.3,319.3,0
2026-07-24 19:38:00,319.44,319.44,319.2482,319.2489,0
2026-07-24 19:39:00,319.25,319.25,319.18,319.19,0
2026-07-24 19:40:00,319.19,319.2423,319.19,319.24,0
2026-07-24 19:41:00,319.24,319.2985,319.205,319.2985,0
2026-07-24 19:42:00,319.2904,319.3,319.24,319.3,0
2026-07-24 19:43:00,319.2899,319.35,319.25,319.27,0
2026-07-24 19:44:00,319.296,319.39,319.296,319.35,0
2026-07-24 19:45:00,319.35,319.39,319.34,319.34,0
2026-07-24 19:46:00,319.32,319.39,319.24,319.39,0
2026-07-24 19:47:00,319.39,319.39,319.2,319.279,0
2026-07-24 19:48:00,319.2675,319.28,319.16,319.2,0
2026-07-24 19:49:00,319.1975,319.2,319.1299,319.14,0
2026-07-24 19:50:00,319.1298,319.39,319.1,319.39,0
2026-07-24 19:51:00,319.15,319.37,319.01,319.1097,0
2026-07-24 19:52:00,319.109,319.109,319.0,319.0336,0
2026-07-24 19:53:00,319.0,319.2,319.0,319.2,0
2026-07-24 19:54:00,319.27,319.27,319.0067,319.22,0
2026-07-24 19:55:00,319.23,319.39,319.0,319.39,0
2026-07-24 19:56:00,319.2,319.39,319.1462,319.27,0
2026-07-24 19:57:00,319.16,319.31,319.0975,319.1,0
2026-07-24 19:58:00,319.1,319.1,319.0,319.05,0
2026-07-24 19:59:00,319.05,319.05,318.82,318.84,0
2026-07-27 04:00:00,323.95,324.691,322.176,323.89,0
2026-07-27 04:01:00,323.89,324.33,322.17,323.95,0
2026-07-27 04:02:00,324.1,324.29,322.9,324.0,0
2026-07-27 04:03:00,324.0,324.0,323.7172,323.99,0
2026-07-27 04:04:00,323.9221,324.1,323.79,324.1,0
2026-07-27 04:05:00,324.1,324.42,322.2,324.3147,0
2026-07-27 04:06:00,324.41,324.66,324.41,324.61,0
2026-07-27 04:07:00,324.6,324.8462,324.6,324.8462,0
2026-07-27 04:08:00,324.7232,324.92,324.7232,324.84,0
2026-07-27 04:09:00,324.84,324.92,324.8,324.87,0
2026-07-27 04:10:00,324.87,324.87,324.65,324.7415,0
2026-07-27 04:11:00,324.69,324.7947,324.5847,324.65,0
2026-07-27 04:12:00,324.65,324.7517,324.4312,324.6953,0
2026-07-27 04:13:00,324.67,324.7488,324.6073,324.6073,0
2026-07-27 04:14:00,324.75,325.0022,324.71,325.0022,0
2026-07-27 04:15:00,325.0,325.09,324.82,325.05,0
2026-07-27 04:16:00,324.8465,324.9837,324.74,324.8797,0
2026-07-27 04:17:00,324.789,324.92,324.74,324.92,0
2026-07-27 04:18:00,324.92,324.92,324.77,324.83,0
2026-07-27 04:19:00,324.92,324.92,324.74,324.85,0
2026-07-27 04:20:00,324.74,324.84,324.62,324.7,0
2026-07-27 04:21:00,324.7,324.79,324.65,324.79,0
2026-07-27 04:22:00,324.85,324.85,324.5,324.66,0
2026-07-27 04:23:00,324.61,324.8,324.54,324.8,0
2026-07-27 04:24:00,324.89,325.09,324.89,325.07,0
2026-07-27 04:25:00,325.01,325.04,324.78,324.78,0
2026-07-27 04:26:00,324.9814,324.99,324.8872,324.89,0
2026-07-27 04:27:00,324.8707,324.93,324.85,324.9,0
2026-07-27 04:28:00,324.9,324.9,324.5812,324.6821,0
2026-07-27 04:29:00,324.71,324.78,324.58,324.74,0
2026-07-27 04:30:00,324.58,324.775,324.58,324.6542,0
2026-07-27 04:31:00,324.69,324.69,324.5437,324.68,0
2026-07-27 04:32:00,324.65,324.74,324.57,324.63,0
2026-07-27 04:33:00,324.6419,324.7043,324.6,324.6,0
2026-07-27 04:34:00,324.67,324.67,324.5,324.6002,0
2026-07-27 04:35:00,324.6,324.65,324.59,324.59,0
2026-07-27 04:36:00,324.5984,324.78,324.57,324.78,0
2026-07-27 04:37:00,324.78,324.92,324.53,324.8924,0
2026-07-27 04:38:00,324.9028,324.9188,324.82,324.82,0
2026-07-27 04:39:00,324.8,324.92,324.72,324.9137,0
2026-07-27 04:40:00,324.91,324.92,324.8,324.917,0
2026-07-27 04:41:00,324.9137,324.92,324.83,324.9,0
2026-07-27 04:42:00,324.8697,324.9948,324.8697,324.95,0
2026-07-27 04:43:00,324.95,324.95,324.64,324.7806,0
2026-07-27 04:44:00,324.71,324.7284,324.5435,324.6305,0
2026-07-27 04:45:00,324.73,324.8,324.63,324.7935,0
2026-07-27 04:46:00,324.75,324.85,324.66,324.85,0
2026-07-27 04:47:00,324.8935,324.9054,324.8,324.9,0
2026-07-27 04:48:00,324.8857,324.8857,324.783,324.88,0
2026-07-27 04:49:00,324.88,324.9488,324.7842,324.7842,0
2026-07-27 04:50:00,324.88,324.9457,324.79,324.88,0
2026-07-27 04:51:00,324.83,324.95,324.81,324.95,0
2026-07-27 04:52:00,324.822,324.8958,324.82,324.89,0
2026-07-27 04:53:00,324.8212,325.0,324.8212,324.9937,0
2026-07-27 04:54:00,324.99,325.0,324.98,324.9901,0
2026-07-27 04:55:00,324.995,324.995,324.9137,324.9137,0
2026-07-27 04:56:00,324.9769,324.99,324.9,324.9801,0
2026-07-27 04:57:00,324.9801,325.1,324.91,325.02,0
2026-07-27 04:58:00,325.146,325.146,324.95,325.0827,0
2026-07-27 04:59:00,325.05,325.05,325.0,325.039,0
2026-07-27 05:00:00,325.03,325.05,324.873,324.93,0
2026-07-27 05:01:00,324.97,325.0346,324.97,325.0346,0
2026-07-27 05:02:00,325.01,325.05,324.9135,324.98,0
2026-07-27 05:03:00,324.9915,325.05,324.98,325.0391,0
2026-07-27 05:04:00,325.0,325.05,325.0,325.0,0
2026-07-27 05:05:00,325.03,325.05,325.0,325.05,0
2026-07-27 05:06:00,324.98,325.0482,324.98,325.0,0
2026-07-27 05:07:00,325.09,325.09,324.9952,325.0253,0
2026-07-27 05:08:00,325.03,325.0738,325.02,325.0217,0
2026-07-27 05:09:00,325.03,325.0775,325.02,325.05,0
2026-07-27 05:10:00,325.06,325.06,324.9948,325.02,0
2026-07-27 05:11:00,325.0,325.05,325.0,325.02,0
2026-07-27 05:12:00,325.05,325.09,325.03,325.08,0
2026-07-27 05:13:00,325.08,325.0885,325.03,325.0315,0
2026-07-27 05:14:00,325.0774,325.1,325.04,325.0643,0
2026-07-27 05:15:00,325.0656,325.18,325.0607,325.1037,0
2026-07-27 05:16:00,325.1622,325.3,325.1622,325.2964,0
2026-07-27 05:17:00,325.2808,325.3948,325.2317,325.312,0
2026-07-27 05:18:00,325.35,325.39,325.3,325.31,0
2026-07-27 05:19:00,325.25,325.35,325.21,325.2494,0
2026-07-27 05:20:00,325.23,325.3447,325.23,325.3447,0
2026-07-27 05:21:00,325.28,325.28,325.14,325.2399,0
2026-07-27 05:22:00,325.13,325.2,325.06,325.1481,0
2026-07-27 05:23:00,325.1,325.2,325.1,325.1987,0
2026-07-27 05:24:00,325.1857,325.31,325.184,325.31,0
2026-07-27 05:25:00,325.1901,325.36,325.1901,325.34,0
2026-07-27 05:26:00,325.28,325.36,325.2,325.35,0
2026-07-27 05:27:00,325.29,325.3588,325.22,325.3511,0
2026-07-27 05:28:00,325.3111,325.3362,325.19,325.27,0
2026-07-27 05:29:00,325.27,325.27,325.16,325.19,0
2026-07-27 05:30:00,325.19,325.19,325.0557,325.0557,0
2026-07-27 05:31:00,325.19,325.3059,325.0412,325.3,0
2026-07-27 05:32:00,325.2,325.3059,325.1,325.2,0
2026-07-27 05:33:00,325.17,325.245,325.05,325.05,0
2026-07-27 05:34:00,325.08,325.2288,325.0,325.0718,0
2026-07-27 05:35:00,325.0758,325.24,325.0162,325.089,0
2026-07-27 05:36:00,325.24,325.24,325.07,325.1,0
2026-07-27 05:37:00,325.1855,325.19,325.13,325.15,0
2026-07-27 05:38:00,325.15,325.23,325.0,325.0,0
2026-07-27 05:39:00,325.0036,325.05,324.9992,325.0001,0
2026-07-27 05:40:00,325.09,325.24,325.0,325.02,0
2026-07-27 05:41:00,325.04,325.23,325.0,325.23,0
2026-07-27 05:42:00,325.23,325.23,324.9841,325.0,0
2026-07-27 05:43:00,325.11,325.23,325.02,325.23,0
2026-07-27 05:44:00,325.21,325.22,324.95,324.95,0
2026-07-27 05:45:00,324.977,325.0,324.91,325.0,0
2026-07-27 05:46:00,325.01,325.13,324.93,325.13,0
2026-07-27 05:47:00,325.13,325.2812,325.13,325.177,0
2026-07-27 05:48:00,325.17,325.19,324.9697,325.19,0
2026-07-27 05:49:00,325.178,325.178,325.0,325.12,0
2026-07-27 05:50:00,325.1639,325.19,325.15,325.19,0
2026-07-27 05:51:00,325.17,325.27,325.1312,325.27,0
2026-07-27 05:52:00,325.25,325.3,325.25,325.27,0
2026-07-27 05:53:00,325.33,325.3963,325.33,325.33,0
2026-07-27 05:54:00,325.33,325.33,325.3,325.3,0
2026-07-27 05:55:00,325.33,325.39,325.33,325.36,0
2026-07-27 05:56:00,325.36,325.3758,325.34,325.35,0
2026-07-27 05:57:00,325.4,325.4,325.38,325.3988,0
2026-07-27 05:58:00,325.3819,325.49,325.3563,325.445,0
2026-07-27 05:59:00,325.445,325.4827,325.3573,325.3573,0
2026-07-27 06:00:00,325.4,325.45,325.35,325.375,0
2026-07-27 06:01:00,325.45,325.49,325.4,325.4,0
2026-07-27 06:02:00,325.4249,325.48,325.4,325.47,0
2026-07-27 06:03:00,325.44,325.44,325.3035,325.38,0
2026-07-27 06:04:00,325.29,325.38,325.1841,325.2872,0
2026-07-27 06:05:00,325.28,325.38,325.1812,325.3696,0
2026-07-27 06:06:00,325.18,325.38,325.18,325.3,0
2026-07-27 06:07:00,325.38,325.3988,325.2933,325.3,0
2026-07-27 06:08:00,325.2345,325.38,325.2345,325.33,0
2026-07-27 06:09:00,325.3947,325.4,325.2147,325.2147,0
2026-07-27 06:10:00,325.3901,325.4,325.22,325.22,0
2026-07-27 06:11:00,325.2222,325.26,325.1336,325.26,0
2026-07-27 06:12:00,325.256,325.2797,325.17,325.2,0
2026-07-27 06:13:00,325.21,325.295,325.21,325.295,0
2026-07-27 06:14:00,325.37,325.4777,325.29,325.4777,0
2026-07-27 06:15:00,325.42,325.48,325.4,325.48,0
2026-07-27 06:16:00,325.41,325.49,325.41,325.41,0
2026-07-27 06:17:00,325.33,325.44,325.3,325.4211,0
2026-07-27 06:18:00,325.41,325.4327,325.29,325.2975,0
2026-07-27 06:19:00,325.2827,325.41,325.2664,325.3455,0
2026-07-27 06:20:00,325.319,325.38,325.17,325.2,0
2026-07-27 06:21:00,325.21,325.38,325.21,325.2917,0
2026-07-27 06:22:00,325.2932,325.3836,325.2,325.32,0
2026-07-27 06:23:00,325.32,325.35,325.21,325.3272,0
2026-07-27 06:24:00,325.32,325.35,325.2,325.2,0
2026-07-27 06:25:00,325.1957,325.2,325.0891,325.175,0
2026-07-27 06:26:00,325.12,325.3,325.0,325.0529,0
2026-07-27 06:27:00,325.32,325.33,325.23,325.23,0
2026-07-27 06:28:00,325.23,325.23,325.0,325.1323,0
2026-07-27 06:29:00,325.1937,325.2,324.9,324.9317,0
2026-07-27 06:30:00,324.9465,324.95,324.89,324.93,0
2026-07-27 06:31:00,324.93,325.0,324.8199,324.96,0
2026-07-27 06:32:00,324.8684,325.0,324.81,324.9,0
2026-07-27 06:33:00,324.9,324.9606,324.79,324.93,0
2026-07-27 06:34:00,324.9198,324.96,324.9198,324.96,0
2026-07-27 06:35:00,324.96,324.9988,324.87,324.99,0
2026-07-27 06:36:00,324.9575,325.0,324.87,324.967,0
2026-07-27 06:37:00,324.9875,324.9953,324.89,324.96,0
2026-07-27 06:38:00,324.95,325.0,324.913,324.9242,0
2026-07-27 06:39:00,324.95,325.0,324.92,324.9378,0
2026-07-27 06:40:00,324.95,324.99,324.91,324.99,0
2026-07-27 06:41:00,324.99,324.99,324.84,324.84,0
2026-07-27 06:42:00,324.83,324.83,324.81,324.81,0
2026-07-27 06:43:00,324.82,324.91,324.82,324.9053,0
2026-07-27 06:44:00,324.8974,324.9,324.8298,324.87,0
2026-07-27 06:45:00,324.87,324.94,324.87,324.91,0
2026-07-27 06:46:00,324.8701,324.95,324.8155,324.87,0
2026-07-27 06:47:00,324.87,324.9362,324.83,324.87,0
2026-07-27 06:48:00,324.83,324.83,324.7258,324.728,0
2026-07-27 06:49:00,324.75,324.7598,324.635,324.65,0
2026-07-27 06:50:00,324.5732,324.6967,324.5732,324.6553,0
2026-07-27 06:51:00,324.65,324.65,324.5,324.5,0
2026-07-27 06:52:00,324.43,324.62,324.43,324.6,0
2026-07-27 06:53:00,324.5,324.58,324.4408,324.4408,0
2026-07-27 06:54:00,324.495,324.6,324.46,324.55,0
2026-07-27 06:55:00,324.5,324.6942,324.486,324.6942,0
2026-07-27 06:56:00,324.69,324.7,324.47,324.68,0
2026-07-27 06:57:00,324.58,324.6688,324.43,324.43,0
2026-07-27 06:58:00,324.4184,324.603,324.16,324.4697,0
2026-07-27 06:59:00,324.46,324.49,324.11,324.11,0
2026-07-27 07:00:00,324.22,324.37,324.1,324.25,0
2026-07-27 07:01:00,324.16,324.36,324.11,324.2,0
2026-07-27 07:02:00,324.22,324.3,324.1,324.1,0
2026-07-27 07:03:00,324.1,324.21,323.8,323.9428,0
2026-07-27 07:04:00,323.91,324.02,323.79,324.02,0
2026-07-27 07:05:00,323.988,324.17,323.9,323.9,0
2026-07-27 07:06:00,323.89,324.15,323.88,324.076,0
2026-07-27 07:07:00,324.08,324.28,324.08,324.18,0
2026-07-27 07:08:00,324.26,324.26,324.08,324.1891,0
2026-07-27 07:09:00,324.11,324.19,323.88,324.0,0
2026-07-27 07:10:00,324.0,324.099,323.88,324.099,0
2026-07-27 07:11:00,324.05,324.156,323.95,324.03,0
2026-07-27 07:12:00,324.03,324.03,323.76,323.978,0
2026-07-27 07:13:00,323.8957,323.99,323.75,323.8535,0
2026-07-27 07:14:00,323.73,323.91,323.54,323.89,0
2026-07-27 07:15:00,323.81,323.87,323.74,323.74,0
2026-07-27 07:16:00,323.79,323.8587,323.6,323.74,0
2026-07-27 07:17:00,323.8,323.81,323.7013,323.76,0
2026-07-27 07:18:00,323.88,323.88,323.6,323.7,0
2026-07-27 07:19:00,323.7901,323.92,323.61,323.78,0
2026-07-27 07:20:00,323.799,323.799,323.6,323.6,0
2026-07-27 07:21:00,323.7,323.8,323.6001,323.8,0
2026-07-27 07:22:00,323.86,324.0,323.73,324.0,0
2026-07-27 07:23:00,324.01,324.01,323.84,323.8403,0
2026-07-27 07:24:00,323.84,324.1,323.74,324.01,0
2026-07-27 07:25:00,323.96,324.19,323.8332,324.06,0
2026-07-27 07:26:00,323.94,324.0,323.8697,323.99,0
2026-07-27 07:27:00,324.0,324.0,323.7,323.7332,0
2026-07-27 07:28:00,323.66,323.99,323.4,323.8,0
2026-07-27 07:29:00,323.5591,323.97,323.28,323.28,0
2026-07-27 07:30:00,323.26,323.77,323.26,323.77,0
2026-07-27 07:31:00,323.47,323.78,323.47,323.78,0
2026-07-27 07:32:00,323.98,323.98,323.55,323.6659,0
2026-07-27 07:33:00,323.69,323.84,323.4,323.7,0
2026-07-27 07:34:00,323.7,323.83,323.5,323.5,0
2026-07-27 07:35:00,323.64,323.79,323.5412,323.6893,0
2026-07-27 07:36:00,323.79,323.93,323.68,323.93,0
2026-07-27 07:37:00,323.93,323.93,323.72,323.8433,0
2026-07-27 07:38:00,323.93,324.04,323.7911,324.04,0
2026-07-27 07:39:00,323.84,324.1,323.84,324.0502,0
2026-07-27 07:40:00,324.0701,324.16,323.88,323.9032,0
2026-07-27 07:41:00,324.0032,324.01,323.88,323.9701,0
2026-07-27 07:42:00,323.92,324.0,323.8,323.9896,0
2026-07-27 07:43:00,323.99,324.0,323.74,323.9864,0
2026-07-27 07:44:00,323.7557,323.98,323.75,323.81,0
2026-07-27 07:45:00,323.82,324.05,323.8,324.012,0
2026-07-27 07:46:00,324.0,324.09,324.0,324.0,0
2026-07-27 07:47:00,323.93,324.07,323.93,323.99,0
2026-07-27 07:48:00,323.99,324.03,323.93,324.0285,0
2026-07-27 07:49:00,323.98,324.06,323.91,323.91,0
2026-07-27 07:50:00,324.05,324.05,323.93,323.9867,0
2026-07-27 07:51:00,323.99,324.0,323.96,323.9988,0
2026-07-27 07:52:00,324.0,324.0,323.76,323.87,0
2026-07-27 07:53:00,323.87,323.9,323.76,323.8133,0
2026-07-27 07:54:00,323.85,323.96,323.84,323.95,0
2026-07-27 07:55:00,323.9406,323.96,323.77,323.85,0
2026-07-27 07:56:00,323.9543,324.0,323.8568,323.99,0
2026-07-27 07:57:00,323.9975,324.05,323.86,324.0,0
2026-07-27 07:58:00,324.0583,324.06,323.91,323.91,0
2026-07-27 07:59:00,323.98,323.98,323.86,323.91,0
2026-07-27 08:00:00,323.8993,323.98,323.86,323.95,0
2026-07-27 08:01:00,323.91,324.06,320.539,323.9538,0
2026-07-27 08:02:00,323.98,324.08,323.8824,323.9904,0
2026-07-27 08:03:00,323.9417,324.33,323.9417,324.33,0
2026-07-27 08:04:00,324.39,324.45,324.27,324.3863,0
2026-07-27 08:05:00,324.38,324.3882,324.28,324.28,0
2026-07-27 08:06:00,324.39,324.45,324.34,324.3933,0
2026-07-27 08:07:00,324.44,324.59,324.3,324.44,0
2026-07-27 08:08:00,324.435,324.5388,324.3,324.4166,0
2026-07-27 08:09:00,324.4157,324.4617,324.14,324.3135,0
2026-07-27 08:10:00,324.1944,324.3188,324.07,324.2204,0
2026-07-27 08:11:00,324.2,324.2,323.77,323.88,0
2026-07-27 08:12:00,323.9477,323.99,323.88,323.99,0
2026-07-27 08:13:00,323.99,324.0,323.84,323.91,0
2026-07-27 08:14:00,323.87,323.9637,323.82,323.8784,0
2026-07-27 08:15:00,323.884,323.9992,323.85,323.91,0
2026-07-27 08:16:00,323.99,324.13,323.9545,324.13,0
2026-07-27 08:17:00,323.95,324.1,323.95,324.04,0
2026-07-27 08:18:00,324.09,324.1,323.94,324.1,0
2026-07-27 08:19:00,324.0,324.14,324.0,324.1261,0
2026-07-27 08:20:00,324.12,324.2,324.0,324.112,0
2026-07-27 08:21:00,324.0002,324.14,324.0,324.1,0
2026-07-27 08:22:00,324.1192,324.1327,323.86,323.9,0
2026-07-27 08:23:00,323.97,324.0,323.9,323.9988,0
2026-07-27 08:24:00,323.9842,324.06,323.9,324.0093,0
2026-07-27 08:25:00,324.0,324.25,323.96,324.25,0
2026-07-27 08:26:00,324.25,324.26,324.07,324.0701,0
2026-07-27 08:27:00,324.1017,324.3297,324.1017,324.3024,0
2026-07-27 08:28:00,324.29,324.47,324.29,324.38,0
2026-07-27 08:29:00,324.35,324.35,323.9,324.15,0
2026-07-27 08:30:00,324.29,324.29,324.0,324.15,0
2026-07-27 08:31:00,324.18,324.1995,324.0986,324.1786,0
2026-07-27 08:32:00,324.17,324.2888,324.0,324.18,0
2026-07-27 08:33:00,324.18,324.29,324.0,324.01,0
2026-07-27 08:34:00,324.08,324.78,324.02,324.78,0
2026-07-27 08:35:00,324.75,324.99,324.75,324.9342,0
2026-07-27 08:36:00,324.89,324.98,324.78,324.9711,0
2026-07-27 08:37:00,324.98,324.98,324.8,324.87,0
2026-07-27 08:38:00,324.87,324.98,324.78,324.92,0
2026-07-27 08:39:00,324.94,324.98,324.86,324.92,0
2026-07-27 08:40:00,324.92,324.96,324.86,324.86,0
2026-07-27 08:41:00,324.86,324.89,324.8,324.86,0
2026-07-27 08:42:00,324.81,324.92,324.78,324.86,0
2026-07-27 08:43:00,324.8601,324.897,324.76,324.8,0
2026-07-27 08:44:00,324.88,324.8937,324.78,324.79,0
2026-07-27 08:45:00,324.78,324.98,324.78,324.94,0
2026-07-27 08:46:00,324.98,325.09,324.78,324.78,0
2026-07-27 08:47:00,324.8,324.84,324.54,324.773,0
2026-07-27 08:48:00,324.6,324.79,324.6,324.75,0
2026-07-27 08:49:00,324.7484,324.75,324.61,324.74,0
2026-07-27 08:50:00,324.7104,324.74,324.658,324.73,0
2026-07-27 08:51:00,324.72,324.91,324.6,324.81,0
2026-07-27 08:52:00,324.8122,324.95,324.67,324.8999,0
2026-07-27 08:53:00,324.7863,325.09,324.7863,325.07,0
2026-07-27 08:54:00,325.08,325.08,324.88,324.91,0
2026-07-27 08:55:00,325.0,325.0,324.9,324.95,0
2026-07-27 08:56:00,324.96,325.0,324.5,324.91,0
2026-07-27 08:57:00,324.99,325.0,324.81,325.0,0
2026-07-27 08:58:00,325.0,325.0,324.85,324.9,0
2026-07-27 08:59:00,324.91,325.0,324.91,325.0,0
2026-07-27 09:00:00,325.0,325.1,324.0,324.5149,0
2026-07-27 09:01:00,324.2935,324.64,324.23,324.49,0
2026-07-27 09:02:00,324.29,324.5383,324.29,324.52,0
2026-07-27 09:03:00,324.48,324.6,324.3822,324.49,0
2026-07-27 09:04:00,324.71,324.71,324.38,324.4937,0
2026-07-27 09:05:00,324.5,324.5,324.4,324.5,0
2026-07-27 09:06:00,324.4777,324.5,324.3589,324.5,0
2026-07-27 09:07:00,324.58,324.58,324.47,324.55,0
2026-07-27 09:08:00,324.5,324.75,324.5,324.7462,0
2026-07-27 09:09:00,324.74,324.8,324.59,324.66,0
2026-07-27 09:10:00,324.6042,324.78,324.55,324.7456,0
2026-07-27 09:11:00,324.7,324.8,324.59,324.7475,0
2026-07-27 09:12:00,324.7345,324.8,324.605,324.631,0
2026-07-27 09:13:00,324.8,324.8,324.6694,324.7999,0
2026-07-27 09:14:00,324.8,324.8,324.6389,324.6969,0
2026-07-27 09:15:00,324.67,324.99,324.6,324.9,0
2026-07-27 09:16:00,324.99,324.99,324.78,324.9176,0
2026-07-27 09:17:00,324.8,324.9645,324.73,324.88,0
2026-07-27 09:18:00,324.75,324.89,324.7,324.89,0
2026-07-27 09:19:00,324.8272,324.89,324.69,324.7126,0
2026-07-27 09:20:00,324.82,324.82,324.6,324.7,0
2026-07-27 09:21:00,324.68,324.68,324.38,324.38,0
2026-07-27 09:22:00,324.4818,324.59,324.3545,324.3545,0
2026-07-27 09:23:00,324.53,324.53,324.1663,324.1663,0
2026-07-27 09:24:00,324.3,324.39,324.11,324.11,0
2026-07-27 09:25:00,324.29,325.47,324.29,325.4,0
2026-07-27 09:26:00,325.14,325.4,324.78,325.0,0
2026-07-27 09:27:00,325.12,325.8289,324.75,325.6618,0
2026-07-27 09:28:00,325.51,325.51,324.52,324.7694,0
2026-07-27 09:29:00,324.84,325.36,324.81,325.36,0
2026-07-27 09:30:00,327.0,327.0,327.0,327.0,1604927
2026-07-27 09:31:00,327.0,327.94,326.6,327.0116,160761
2026-07-27 09:32:00,326.97,327.1,326.31,326.95,167847
2026-07-27 09:33:00,326.92,327.16,325.95,326.1367,125227
2026-07-27 09:34:00,326.12,327.91,326.0679,327.805,227656
2026-07-27 09:35:00,327.85,328.23,327.4501,328.125,227387
2026-07-27 09:36:00,328.09,328.55,327.84,328.39,163448
2026-07-27 09:37:00,328.45,328.75,328.06,328.73,118368
2026-07-27 09:38:00,328.76,328.81,328.25,328.35,135662
2026-07-27 09:39:00,328.2705,328.545,327.638,327.73,115649
2026-07-27 09:40:00,327.71,327.8399,327.37,327.61,94530
2026-07-27 09:41:00,327.61,328.66,327.58,328.61,127744
2026-07-27 09:42:00,328.625,329.07,328.39,328.95,213217
2026-07-27 09:43:00,328.935,328.99,328.37,328.72,141074
2026-07-27 09:44:00,328.74,329.0999,328.6001,328.61,159856
2026-07-27 09:45:00,328.65,329.22,328.63,328.955,172633
2026-07-27 09:46:00,328.91,329.15,328.7,329.015,4084173
2026-07-27 09:47:00,329.02,329.23,328.58,328.6205,185429
2026-07-27 09:48:00,328.625,328.74,328.1101,328.1101,116857
2026-07-27 09:49:00,328.11,328.1597,327.21,327.21,108538
2026-07-27 09:50:00,327.2201,328.3,327.2201,328.11,130909
2026-07-27 09:51:00,328.15,328.6299,328.05,328.6,77429
2026-07-27 09:52:00,328.595,328.75,328.16,328.7101,59398
2026-07-27 09:53:00,328.69,328.82,328.53,328.78,62723
2026-07-27 09:54:00,328.8,328.93,328.41,328.71,131521
2026-07-27 09:55:00,328.71,329.15,328.57,329.15,139474
2026-07-27 09:56:00,329.1699,329.18,328.13,328.155,89468
2026-07-27 09:57:00,328.155,328.5355,327.93,328.13,98970
2026-07-27 09:58:00,328.15,328.18,327.61,327.67,67450
2026-07-27 09:59:00,327.72,328.02,327.7,327.774,63344
2026-07-27 10:00:00,327.74,328.0499,327.52,328.01,159530
2026-07-27 10:01:00,328.0359,328.12,327.68,327.85,71027
2026-07-27 10:02:00,327.835,328.5,327.82,328.3899,90222
2026-07-27 10:03:00,328.37,328.44,328.0453,328.245,98636
2026-07-27 10:04:00,328.2,328.7199,328.09,328.625,80507
2026-07-27 10:05:00,328.68,328.83,328.35,328.385,60610
2026-07-27 10:06:00,328.3,328.78,328.15,328.715,55574
2026-07-27 10:07:00,328.66,329.32,328.59,329.23,118669
2026-07-27 10:08:00,329.26,329.6399,329.26,329.58,148176
2026-07-27 10:09:00,329.565,329.75,329.47,329.6934,100934
2026-07-27 10:10:00,329.705,329.73,328.91,329.02,96998
2026-07-27 10:11:00,329.05,329.23,328.6,329.23,121166
2026-07-27 10:12:00,329.23,329.6,329.14,329.5,107594
2026-07-27 10:13:00,329.495,329.54,329.18,329.31,105016
2026-07-27 10:14:00,329.3064,330.04,329.3,329.7,272211
2026-07-27 10:15:00,329.69,330.18,329.6784,330.13,102117
2026-07-27 10:16:00,330.125,330.4199,330.0601,330.12,128900
2026-07-27 10:17:00,330.115,330.1779,329.81,330.12,116389
2026-07-27 10:18:00,330.115,330.12,329.54,329.965,71088
2026-07-27 10:19:00,329.93,330.09,329.71,329.87,83315
2026-07-27 10:20:00,329.8,329.9,329.5405,329.705,58032
2026-07-27 10:21:00,329.676,329.71,329.4001,329.5999,98856
2026-07-27 10:22:00,329.665,329.68,329.0783,329.1462,61793
2026-07-27 10:23:00,329.1542,329.45,328.36,328.39,113105
2026-07-27 10:24:00,328.39,328.52,328.17,328.21,71496
2026-07-27 10:25:00,328.2,328.43,328.0,328.43,141667
2026-07-27 10:26:00,328.445,328.47,327.77,327.8103,94708
2026-07-27 10:27:00,327.8101,327.84,326.96,327.1,162133
2026-07-27 10:28:00,327.0606,327.47,326.77,327.37,110606
2026-07-27 10:29:00,327.375,327.375,326.41,326.47,107651
2026-07-27 10:30:00,326.41,326.74,325.8637,326.0,122234
2026-07-27 10:31:00,326.02,326.3876,325.932,326.185,87961
2026-07-27 10:32:00,326.22,326.35,325.8771,326.27,109091
2026-07-27 10:33:00,326.29,326.66,326.07,326.14,103083
2026-07-27 10:34:00,326.155,326.46,325.9817,326.1,231614
2026-07-27 10:35:00,326.13,326.29,325.5711,325.88,73587
2026-07-27 10:36:00,325.88,326.24,325.42,325.45,81384
2026-07-27 10:37:00,325.46,325.74,325.03,325.265,102801
2026-07-27 10:38:00,325.29,325.7,325.2601,325.47,72690
2026-07-27 10:39:00,325.515,325.93,325.4,325.695,69386
2026-07-27 10:40:00,325.69,325.9788,325.385,325.555,73364
2026-07-27 10:41:00,325.55,325.8,324.55,324.62,148132
2026-07-27 10:42:00,324.74,325.04,324.6,324.755,80571
2026-07-27 10:43:00,324.79,325.04,324.46,324.76,87436
2026-07-27 10:44:00,324.78,325.02,324.75,324.92,119373
2026-07-27 10:45:00,324.94,325.57,324.94,325.24,100965
2026-07-27 10:46:00,325.165,325.64,325.0,325.54,103769
2026-07-27 10:47:00,325.52,325.93,325.425,325.915,143821
2026-07-27 10:48:00,326.0,326.44,325.97,326.27,96364
2026-07-27 10:49:00,326.23,327.01,326.2,326.78,84728
2026-07-27 10:50:00,326.78,327.25,326.77,326.95,63448
2026-07-27 10:51:00,326.905,327.21,326.83,326.96,52791
2026-07-27 10:52:00,326.91,327.67,326.75,327.6,56918
2026-07-27 10:53:00,327.6,327.635,327.25,327.33,53826
2026-07-27 10:54:00,327.23,327.78,327.13,327.44,93038
2026-07-27 10:55:00,327.43,327.81,327.35,327.71,77579
2026-07-27 10:56:00,327.69,328.27,327.67,328.26,80594
2026-07-27 10:57:00,328.34,328.34,327.76,327.8,105592
2026-07-27 10:58:00,327.785,328.03,327.785,327.93,61991
2026-07-27 10:59:00,327.93,328.02,327.45,327.49,59953
2026-07-27 11:00:00,327.485,327.7295,327.26,327.69,69770
2026-07-27 11:01:00,327.71,328.62,327.68,328.62,74103
2026-07-27 11:02:00,328.6,329.045,328.46,329.012,114454
2026-07-27 11:03:00,329.045,329.41,329.045,329.27,151322
2026-07-27 11:04:00,329.27,329.55,329.121,329.345,114160
2026-07-27 11:05:00,329.38,329.76,329.35,329.73,65823
2026-07-27 11:06:00,329.75,329.75,329.25,329.345,151059
2026-07-27 11:07:00,329.33,329.65,329.17,329.46,45099
2026-07-27 11:08:00,329.46,329.68,329.42,329.67,70435
2026-07-27 11:09:00,329.67,329.67,328.88,328.975,76915
2026-07-27 11:10:00,328.965,329.13,328.71,329.015,91997
2026-07-27 11:11:00,328.98,329.25,328.945,329.0455,51467
2026-07-27 11:12:00,329.0,329.195,328.98,329.07,28143
2026-07-27 11:13:00,329.065,329.59,329.01,329.49,47278
2026-07-27 11:14:00,329.5699,329.76,329.41,329.45,56052
2026-07-27 11:15:00,329.39,329.49,328.91,328.9185,61456
2026-07-27 11:16:00,328.9,328.91,328.66,328.84,40696
2026-07-27 11:17:00,328.74,328.8399,328.5,328.59,39278
2026-07-27 11:18:00,328.61,328.67,328.18,328.66,54917
2026-07-27 11:19:00,328.66,328.91,328.59,328.73,63357
2026-07-27 11:20:00,328.745,329.05,328.6071,328.67,37227
2026-07-27 11:21:00,328.68,328.68,328.3,328.3,39691
2026-07-27 11:22:00,328.3,328.708,328.24,328.655,70264
2026-07-27 11:23:00,328.67,328.72,328.455,328.54,39359
2026-07-27 11:24:00,328.49,328.65,328.37,328.5501,31531
2026-07-27 11:25:00,328.57,328.73,328.56,328.675,51027
2026-07-27 11:26:00,328.65,328.705,328.48,328.63,46721
2026-07-27 11:27:00,328.59,328.68,328.42,328.515,26560
2026-07-27 11:28:00,328.49,328.505,327.95,328.1,77323
2026-07-27 11:29:00,328.1,328.375,328.07,328.22,53298
2026-07-27 11:30:00,328.18,328.2681,327.93,328.06,44816
2026-07-27 11:31:00,327.98,328.095,327.69,327.72,33279
2026-07-27 11:32:00,327.71,327.88,327.62,327.6999,35879
2026-07-27 11:33:00,327.6802,327.83,327.585,327.74,39368
2026-07-27 11:34:00,327.71,327.7462,327.43,327.49,33786
2026-07-27 11:35:00,327.47,327.54,327.24,327.27,76822
2026-07-27 11:36:00,327.24,327.39,327.14,327.32,43958
2026-07-27 11:37:00,327.28,327.67,327.23,327.5262,35162
2026-07-27 11:38:00,327.495,327.66,327.41,327.66,43766
2026-07-27 11:39:00,327.67,327.7994,327.53,327.63,75748
2026-07-27 11:40:00,327.64,327.77,327.5102,327.64,34346
2026-07-27 11:41:00,327.635,327.83,327.5234,327.64,49019
2026-07-27 11:42:00,327.63,327.92,327.6,327.84,56536
2026-07-27 11:43:00,327.835,327.895,327.41,327.49,42690
2026-07-27 11:44:00,327.48,327.72,327.4559,327.61,41732
2026-07-27 11:45:00,327.5901,327.695,327.2725,327.555,53714
2026-07-27 11:46:00,327.51,327.69,327.5,327.635,22364
2026-07-27 11:47:00,327.66,327.77,327.6,327.66,28476
2026-07-27 11:48:00,327.67,327.955,327.61,327.65,35138
2026-07-27 11:49:00,327.61,327.86,327.56,327.8,19443
2026-07-27 11:50:00,327.83,328.47,327.76,328.47,270733
2026-07-27 11:51:00,328.49,328.94,328.39,328.68,33677
2026-07-27 11:52:00,328.64,328.7,328.29,328.34,24949
2026-07-27 11:53:00,328.3351,328.4,328.1,328.27,25602
2026-07-27 11:54:00,328.3,328.523,328.265,328.49,23714
2026-07-27 11:55:00,328.49,328.81,328.44,328.755,33848
2026-07-27 11:56:00,328.755,328.9,328.66,328.775,42804
2026-07-27 11:57:00,328.77,328.8001,328.54,328.73,26549
2026-07-27 11:58:00,328.71,328.75,328.56,328.65,23405
2026-07-27 11:59:00,328.66,328.755,328.39,328.52,52724
2026-07-27 12:00:00,328.54,328.84,328.52,328.635,29080
2026-07-27 12:01:00,328.65,328.71,328.56,328.65,19831
2026-07-27 12:02:00,328.67,328.67,328.41,328.55,22384
2026-07-27 12:03:00,328.52,328.78,328.5,328.78,54047
2026-07-27 12:04:00,328.8,329.08,328.79,329.0795,50961
2026-07-27 12:05:00,329.08,329.13,328.83,328.8467,34037
2026-07-27 12:06:00,328.88,329.0,328.655,328.825,23093
2026-07-27 12:07:00,328.85,328.98,328.76,328.805,16272
2026-07-27 12:08:00,328.81,328.89,328.76,328.81,49300
2026-07-27 12:09:00,328.83,328.88,328.6701,328.74,29431
2026-07-27 12:10:00,328.77,328.91,328.71,328.745,33662
2026-07-27 12:11:00,328.7,328.7525,328.48,328.58,35648
2026-07-27 12:12:00,328.63,328.65,328.24,328.26,42103
2026-07-27 12:13:00,328.2893,328.3,327.89,327.965,43414
2026-07-27 12:14:00,327.95,328.02,327.79,327.945,45082
2026-07-27 12:15:00,327.95,328.2999,327.94,328.11,22349
2026-07-27 12:16:00,328.11,328.11,327.83,327.93,22269
2026-07-27 12:17:00,327.95,327.98,327.83,327.92,21229
2026-07-27 12:18:00,327.91,328.09,327.91,328.055,30157
2026-07-27 12:19:00,328.065,328.07,327.889,327.9732,31061
2026-07-27 12:20:00,327.92,327.92,327.74,327.81,21222
2026-07-27 12:21:00,327.8,327.8793,327.52,327.625,23824
2026-07-27 12:22:00,327.5705,327.775,327.56,327.775,23394
2026-07-27 12:23:00,327.775,327.84,327.65,327.83,22757
2026-07-27 12:24:00,327.84,328.045,327.81,328.02,33947
2026-07-27 12:25:00,328.02,328.68,327.9655,328.6,114907
2026-07-27 12:26:00,328.51,328.64,328.17,328.3,36076
2026-07-27 12:27:00,328.285,328.54,328.285,328.49,21576
2026-07-27 12:28:00,328.42,328.44,328.03,328.08,41207
2026-07-27 12:29:00,328.1,328.1,327.8,327.9,28032
2026-07-27 12:30:00,327.88,328.015,327.77,327.9,25754
2026-07-27 12:31:00,327.84,328.07,327.84,328.055,24353
2026-07-27 12:32:00,328.055,328.21,328.0,328.125,30482
2026-07-27 12:33:00,328.12,328.135,327.82,327.97,82619
2026-07-27 12:34:00,327.97,328.1,327.9,328.08,32350
2026-07-27 12:35:00,328.04,328.23,328.01,328.15,18223
2026-07-27 12:36:00,328.13,328.1775,327.96,328.1,29334
2026-07-27 12:37:00,328.14,328.14,327.9,327.92,20241
2026-07-27 12:38:00,327.95,328.02,327.77,327.79,29237
2026-07-27 12:39:00,327.8,327.8,327.55,327.67,24776
2026-07-27 12:40:00,327.68,327.76,327.6341,327.7162,23293
2026-07-27 12:41:00,327.72,327.75,327.44,327.5,36327
2026-07-27 12:42:00,327.49,327.54,327.4,327.43,37783
2026-07-27 12:43:00,327.425,327.4607,327.3,327.335,27171
2026-07-27 12:44:00,327.33,327.42,327.165,327.285,41011
2026-07-27 12:45:00,327.28,327.48,327.25,327.33,36024
2026-07-27 12:46:00,327.325,327.59,327.2701,327.5,29971
2026-07-27 12:47:00,327.5,327.61,327.47,327.51,28639
2026-07-27 12:48:00,327.5,327.56,327.31,327.375,19225
2026-07-27 12:49:00,327.3601,327.43,327.275,327.2751,26510
2026-07-27 12:50:00,327.275,327.31,327.115,327.12,21623
2026-07-27 12:51:00,327.1,327.17,326.9499,327.11,41548
2026-07-27 12:52:00,327.1125,327.13,326.61,326.73,60993
2026-07-27 12:53:00,326.745,326.745,326.51,326.58,29748
2026-07-27 12:54:00,326.58,326.73,326.54,326.71,18000
2026-07-27 12:55:00,326.7051,326.78,326.46,326.565,26460
2026-07-27 12:56:00,326.585,326.7799,326.56,326.72,28105
2026-07-27 12:57:00,326.75,326.77,326.53,326.54,21670
2026-07-27 12:58:00,326.59,326.6025,326.49,326.58,19634
2026-07-27 12:59:00,326.54,326.6199,326.33,326.57,24673
2026-07-27 13:00:00,326.5301,326.66,326.45,326.45,33971
2026-07-27 13:01:00,326.48,326.5622,326.24,326.28,16647
2026-07-27 13:02:00,326.2301,326.27,325.96,325.9948,38685
2026-07-27 13:03:00,326.015,326.1799,325.9338,326.06,37142
2026-07-27 13:04:00,326.065,326.186,325.86,326.18,106904
2026-07-27 13:05:00,326.18,326.29,326.11,326.24,29549
2026-07-27 13:06:00,326.22,326.4224,326.15,326.38,19654
2026-07-27 13:07:00,326.36,326.54,326.3,326.5399,55899
2026-07-27 13:08:00,326.51,326.55,326.34,326.37,21651
2026-07-27 13:09:00,326.4,326.69,326.34,326.56,15430
2026-07-27 13:10:00,326.55,326.66,326.5,326.65,18696
2026-07-27 13:11:00,326.67,326.7,326.56,326.6,19314
2026-07-27 13:12:00,326.59,326.68,326.53,326.67,21534
2026-07-27 13:13:00,326.68,326.79,326.66,326.75,26166
2026-07-27 13:14:00,326.77,326.92,326.755,326.89,19061
2026-07-27 13:15:00,326.87,326.93,326.76,326.8951,17733
2026-07-27 13:16:00,326.92,326.945,326.68,326.715,22234
2026-07-27 13:17:00,326.705,326.8,326.5601,326.57,24404
2026-07-27 13:18:00,326.6,326.736,326.545,326.69,19446
2026-07-27 13:19:00,326.695,326.92,326.66,326.91,35168
2026-07-27 13:20:00,326.9394,327.32,326.9,327.28,29402
2026-07-27 13:21:00,327.28,327.3612,327.07,327.13,28297
2026-07-27 13:22:00,327.07,327.24,327.04,327.115,64164
2026-07-27 13:23:00,327.11,327.145,326.78,326.88,20132
2026-07-27 13:24:00,326.85,326.9199,326.83,326.88,22137
2026-07-27 13:25:00,326.9,326.93,326.8,326.8,17456
2026-07-27 13:26:00,326.8179,326.8199,326.64,326.72,28410
2026-07-27 13:27:00,326.75,326.91,326.74,326.86,43966
2026-07-27 13:28:00,326.84,326.91,326.72,326.87,22733
2026-07-27 13:29:00,326.87,326.89,326.69,326.74,17034
2026-07-27 13:30:00,326.75,326.83,326.69,326.775,24115
2026-07-27 13:31:00,326.775,326.91,326.71,326.81,23467
2026-07-27 13:32:00,326.81,326.88,326.765,326.78,24052
2026-07-27 13:33:00,326.78,326.83,326.545,326.63,40241
2026-07-27 13:34:00,326.625,326.635,326.38,326.51,33927
2026-07-27 13:35:00,326.51,326.675,326.38,326.42,35215
2026-07-27 13:36:00,326.404,326.71,326.404,326.67,46005
2026-07-27 13:37:00,326.64,326.75,326.49,326.555,28555
2026-07-27 13:38:00,326.545,326.63,326.29,326.555,23229
2026-07-27 13:39:00,326.54,326.58,326.4,326.44,21743
2026-07-27 13:40:00,326.435,326.5,326.26,326.26,17249
2026-07-27 13:41:00,326.3,326.5863,326.3,326.5813,15446
2026-07-27 13:42:00,326.56,326.67,326.42,326.45,16221
2026-07-27 13:43:00,326.44,326.51,326.34,326.46,19230
2026-07-27 13:44:00,326.455,326.5,326.33,326.455,20152
2026-07-27 13:45:00,326.46,326.54,326.4,326.485,12868
2026-07-27 13:46:00,326.485,326.805,326.46,326.63,19522
2026-07-27 13:47:00,326.63,326.63,326.5,326.53,9082
2026-07-27 13:48:00,326.525,326.61,326.5,326.525,26622
2026-07-27 13:49:00,326.5,326.58,326.43,326.49,23769
2026-07-27 13:50:00,326.47,326.57,326.39,326.53,22258
2026-07-27 13:51:00,326.53,326.54,326.415,326.4615,17622
2026-07-27 13:52:00,326.5,326.59,326.3901,326.55,33825
2026-07-27 13:53:00,326.545,326.705,326.535,326.6627,35421
2026-07-27 13:54:00,326.705,326.795,326.6,326.76,22879
2026-07-27 13:55:00,326.78,326.79,326.52,326.57,29837
2026-07-27 13:56:00,326.545,326.77,326.545,326.7135,22381
2026-07-27 13:57:00,326.75,326.77,326.42,326.42,34203
2026-07-27 13:58:00,326.44,326.48,326.22,326.245,42074
2026-07-27 13:59:00,326.245,326.32,326.16,326.16,22564
2026-07-27 14:00:00,326.22,326.31,325.98,326.03,24454
2026-07-27 14:01:00,326.0553,326.17,326.0101,326.0301,19742
2026-07-27 14:02:00,326.04,326.1899,325.85,326.17,27202
2026-07-27 14:03:00,326.15,326.3,326.1182,326.27,24324
2026-07-27 14:04:00,326.26,326.265,325.9701,325.9858,14309
2026-07-27 14:05:00,326.015,326.2799,325.92,326.2799,17048
2026-07-27 14:06:00,326.265,326.38,326.18,326.35,27186
2026-07-27 14:07:00,326.36,326.47,326.32,326.46,19073
2026-07-27 14:08:00,326.45,326.4814,326.28,326.31,16568
2026-07-27 14:09:00,326.3,326.32,326.03,326.045,34583
2026-07-27 14:10:00,326.05,326.26,325.98,326.04,43090
2026-07-27 14:11:00,326.01,326.1999,325.98,326.125,28512
2026-07-27 14:12:00,326.14,326.5,326.14,326.49,22036
2026-07-27 14:13:00,326.5099,326.5099,326.305,326.48,29612
2026-07-27 14:14:00,326.48,326.52,326.39,326.39,15702
2026-07-27 14:15:00,326.37,326.3758,326.22,326.25,20430
2026-07-27 14:16:00,326.26,326.28,325.99,326.03,31563
2026-07-27 14:17:00,326.02,326.17,325.99,326.12,16599
2026-07-27 14:18:00,326.11,326.175,326.06,326.175,15778
2026-07-27 14:19:00,326.15,326.24,326.03,326.03,19449
2026-07-27 14:20:00,326.04,326.11,325.8905,325.905,39687
2026-07-27 14:21:00,325.9197,325.9551,325.81,325.92,33362
2026-07-27 14:22:00,325.9295,325.9295,325.78,325.82,19860
2026-07-27 14:23:00,325.84,326.05,325.8339,325.9023,27113
2026-07-27 14:24:00,325.925,326.2114,325.9,326.12,16884
2026-07-27 14:25:00,326.115,326.215,326.087,326.13,19806
2026-07-27 14:26:00,326.15,326.15,326.02,326.0568,18334
2026-07-27 14:27:00,326.05,326.18,326.02,326.13,14651
2026-07-27 14:28:00,326.105,326.26,326.09,326.17,15748
2026-07-27 14:29:00,326.17,326.24,326.11,326.17,12696
2026-07-27 14:30:00,326.2,326.2,325.9501,325.99,20085
2026-07-27 14:31:00,325.99,326.12,325.78,325.78,22978
2026-07-27 14:32:00,325.75,325.835,325.69,325.82,23849
2026-07-27 14:33:00,325.84,325.91,325.75,325.83,26059
2026-07-27 14:34:00,325.83,325.86,325.75,325.755,18593
2026-07-27 14:35:00,325.74,325.8156,325.6301,325.76,21247
2026-07-27 14:36:00,325.75,325.93,325.725,325.85,17497
2026-07-27 14:37:00,325.82,325.93,325.82,325.85,16650
2026-07-27 14:38:00,325.84,325.925,325.82,325.85,21302
2026-07-27 14:39:00,325.82,325.87,325.8,325.85,14667
2026-07-27 14:40:00,325.86,325.9899,325.8123,325.955,17178
2026-07-27 14:41:00,325.94,326.55,325.94,326.26,94209
2026-07-27 14:42:00,326.33,326.4063,326.3,326.3,26902
2026-07-27 14:43:00,326.32,326.49,326.25,326.45,28056
2026-07-27 14:44:00,326.43,326.48,326.37,326.48,25055
2026-07-27 14:45:00,326.5,326.54,326.34,326.54,24666
2026-07-27 14:46:00,326.5799,326.78,326.5517,326.735,32909
2026-07-27 14:47:00,326.73,326.9199,326.65,326.81,33177
2026-07-27 14:48:00,326.82,326.859,326.6705,326.78,23795
2026-07-27 14:49:00,326.78,326.83,326.7101,326.79,20884
2026-07-27 14:50:00,326.7905,326.9238,326.74,326.76,26059
2026-07-27 14:51:00,326.765,326.8,326.71,326.725,48498
2026-07-27 14:52:00,326.7,327.06,326.67,327.06,28475
2026-07-27 14:53:00,327.08,327.5,327.02,327.5,37466
2026-07-27 14:54:00,327.5,327.52,327.34,327.44,24390
2026-07-27 14:55:00,327.42,327.86,327.416,327.76,38629
2026-07-27 14:56:00,327.72,327.77,327.54,327.55,22508
2026-07-27 14:57:00,327.52,327.64,327.4,327.4701,700411
2026-07-27 14:58:00,327.47,327.59,327.36,327.56,35187
2026-07-27 14:59:00,327.55,327.59,327.35,327.475,26644
2026-07-27 15:00:00,327.49,327.53,327.32,327.35,21637
2026-07-27 15:01:00,327.32,327.36,327.25,327.255,35080
2026-07-27 15:02:00,327.255,327.33,327.165,327.165,25515
2026-07-27 15:03:00,327.15,327.225,327.08,327.11,31263
2026-07-27 15:04:00,327.12,327.19,327.02,327.075,31184
2026-07-27 15:05:00,327.07,327.23,327.07,327.18,17530
2026-07-27 15:06:00,327.175,327.2,327.11,327.16,19769
2026-07-27 15:07:00,327.14,327.17,326.99,327.1001,29428
2026-07-27 15:08:00,327.115,327.19,327.04,327.0699,21021
2026-07-27 15:09:00,327.055,327.24,326.995,327.1605,24102
2026-07-27 15:10:00,327.175,327.42,327.175,327.42,42339
2026-07-27 15:11:00,327.42,327.44,327.22,327.255,31193
2026-07-27 15:12:00,327.26,327.33,327.105,327.105,26878
2026-07-27 15:13:00,327.14,327.27,327.12,327.205,18771
2026-07-27 15:14:00,327.205,327.36,327.18,327.305,24496
2026-07-27 15:15:00,327.31,327.5,327.31,327.4,72829
2026-07-27 15:16:00,327.39,327.4513,327.33,327.42,33481
2026-07-27 15:17:00,327.425,327.57,327.3705,327.42,21237
2026-07-27 15:18:00,327.4,327.47,327.325,327.39,22399
2026-07-27 15:19:00,327.38,327.64,327.35,327.62,21420
2026-07-27 15:20:00,327.6003,327.65,327.51,327.57,31562
2026-07-27 15:21:00,327.5527,327.59,327.44,327.48,25782
2026-07-27 15:22:00,327.49,327.6699,327.49,327.59,49861
2026-07-27 15:23:00,327.6,327.65,327.51,327.51,23850
2026-07-27 15:24:00,327.505,327.52,327.3805,327.46,38484
2026-07-27 15:25:00,327.47,327.615,327.44,327.58,24357
2026-07-27 15:26:00,327.57,327.59,327.41,327.48,31905
2026-07-27 15:27:00,327.49,327.5299,327.385,327.46,26518
2026-07-27 15:28:00,327.465,327.5301,327.34,327.375,30366
2026-07-27 15:29:00,327.37,327.49,327.32,327.46,27815
2026-07-27 15:30:00,327.45,327.45,327.28,327.4,39587
2026-07-27 15:31:00,327.39,327.55,327.39,327.53,34166
2026-07-27 15:32:00,327.52,327.63,327.51,327.62,30800
2026-07-27 15:33:00,327.625,327.78,327.56,327.765,32255
2026-07-27 15:34:00,327.78,327.9,327.76,327.79,39555
2026-07-27 15:35:00,327.76,327.8265,327.56,327.56,47074
2026-07-27 15:36:00,327.56,327.59,327.39,327.44,36399
2026-07-27 15:37:00,327.46,327.6,327.37,327.58,29503
2026-07-27 15:38:00,327.595,327.795,327.595,327.7389,32908
2026-07-27 15:39:00,327.745,327.78,327.6,327.62,44499
2026-07-27 15:40:00,327.63,327.66,327.5505,327.57,42364
2026-07-27 15:41:00,327.58,327.7,327.58,327.62,23230
2026-07-27 15:42:00,327.62,327.75,327.551,327.6,28675
2026-07-27 15:43:00,327.61,327.7,327.59,327.59,22867
2026-07-27 15:44:00,327.59,327.63,327.49,327.5801,42396
2026-07-27 15:45:00,327.61,327.63,327.36,327.44,43163
2026-07-27 15:46:00,327.44,327.5,327.29,327.39,38489
2026-07-27 15:47:00,327.37,327.55,327.345,327.54,30410
2026-07-27 15:48:00,327.54,327.54,327.4,327.475,33038
2026-07-27 15:49:00,327.5,327.56,327.44,327.5,36910
2026-07-27 15:50:00,327.52,327.73,327.17,327.28,110062
2026-07-27 15:51:00,327.27,327.33,327.0501,327.09,56767
2026-07-27 15:52:00,327.1,327.37,327.02,327.36,62108
2026-07-27 15:53:00,327.39,327.46,327.02,327.04,91856
2026-07-27 15:54:00,327.03,327.275,326.94,327.275,114523
2026-07-27 15:55:00,327.29,327.29,326.52,326.77,185425
2026-07-27 15:56:00,326.775,327.0,326.735,326.99,166180
2026-07-27 15:57:00,326.98,327.055,326.53,326.605,189455
2026-07-27 15:58:00,326.6,326.69,326.44,326.53,278617
2026-07-27 15:59:00,326.53,326.6225,326.32,326.56,550382
2026-07-27 16:00:00,326.56,326.9,326.56,326.61,2940217
2026-07-27 16:01:00,326.6,327.1,326.6,326.8,0
2026-07-27 16:02:00,326.7927,326.8,326.61,326.63,0
2026-07-27 16:03:00,326.63,326.8,326.44,326.7247,0
2026-07-27 16:04:00,326.75,326.79,326.45,326.64,0
2026-07-27 16:05:00,326.6572,326.7,326.4332,326.56,0
2026-07-27 16:06:00,326.4332,326.64,326.35,326.56,0
2026-07-27 16:07:00,326.5,326.51,326.35,326.48,0
2026-07-27 16:08:00,326.35,326.6,326.35,326.37,0
2026-07-27 16:09:00,326.5952,326.6,326.41,326.48,0
2026-07-27 16:10:00,326.4456,326.56,326.3878,326.45,0
2026-07-27 16:11:00,326.42,326.5497,326.4,326.48,0
2026-07-27 16:12:00,326.4025,326.6137,326.3147,326.6137,0
2026-07-27 16:13:00,326.62,326.62,326.5,326.62,0
2026-07-27 16:14:00,326.52,326.62,326.36,326.62,0
2026-07-27 16:15:00,326.56,326.62,326.5214,326.56,0
2026-07-27 16:16:00,326.57,326.64,326.53,326.6399,0
2026-07-27 16:17:00,326.5035,326.75,326.5,326.66,0
2026-07-27 16:18:00,326.66,326.75,326.63,326.75,0
2026-07-27 16:19:00,326.73,326.75,326.65,326.7345,0
2026-07-27 16:20:00,326.75,326.7987,326.6525,326.75,0
2026-07-27 16:21:00,326.81,326.83,326.75,326.83,0
2026-07-27 16:22:00,326.83,326.9566,326.823,326.85,0
2026-07-27 16:23:00,326.8829,327.0,326.85,327.0,0
2026-07-27 16:24:00,327.0,327.0,326.85,326.8915,0
2026-07-27 16:25:00,326.8693,326.91,326.8502,326.8993,0
2026-07-27 16:26:00,326.89,326.9,326.8,326.8,0
2026-07-27 16:27:00,326.9523,327.0,326.75,326.969,0
2026-07-27 16:28:00,327.0,327.0,326.77,326.78,0
2026-07-27 16:29:00,326.98,326.99,326.8301,326.91,0
2026-07-27 16:30:00,326.986,326.99,326.799,326.98,0
2026-07-27 16:31:00,326.99,327.11,326.99,326.99,0
2026-07-27 16:32:00,327.19,327.19,326.99,327.1463,0
2026-07-27 16:33:00,327.0047,327.19,327.0047,327.0047,0
2026-07-27 16:34:00,327.19,327.19,327.0,327.19,0
2026-07-27 16:35:00,327.19,327.19,327.15,327.1899,0
2026-07-27 16:36:00,327.18,327.25,327.18,327.2025,0
2026-07-27 16:37:00,327.1825,327.28,327.16,327.2,0
2026-07-27 16:38:00,327.28,327.3521,327.2045,327.327,0
2026-07-27 16:39:00,327.2,327.38,327.2,327.3755,0
2026-07-27 16:40:00,327.2,327.38,327.2,327.322,0
2026-07-27 16:41:00,327.37,327.38,327.25,327.38,0
2026-07-27 16:42:00,327.35,327.35,327.2,327.28,0
2026-07-27 16:43:00,327.2,327.3388,327.2,327.32,0
2026-07-27 16:44:00,327.1975,327.2,327.1,327.17,0
2026-07-27 16:45:00,327.1314,327.2,327.1007,327.15,0
2026-07-27 16:46:00,327.2,327.3,327.2,327.3,0
2026-07-27 16:47:00,327.2768,327.3,327.2,327.3,0
2026-07-27 16:48:00,327.2768,327.28,327.15,327.15,0
2026-07-27 16:49:00,327.27,327.27,327.1,327.105,0
2026-07-27 16:50:00,327.28,327.3,327.1,327.296,0
2026-07-27 16:51:00,327.296,339.8868,327.105,327.118,0
2026-07-27 16:52:00,327.19,327.28,327.12,327.28,0
2026-07-27 16:53:00,327.27,327.3,307.7521,327.15,0
2026-07-27 16:54:00,327.2698,327.28,327.12,327.27,0
2026-07-27 16:55:00,327.276,327.29,327.1195,327.1195,0
2026-07-27 16:56:00,327.2083,327.2083,326.55,326.9736,0
2026-07-27 16:57:00,327.0,327.03,326.88,326.94,0
2026-07-27 16:58:00,326.79,326.938,326.56,326.8,0
2026-07-27 16:59:00,326.8,326.96,326.7147,326.96,0
2026-07-27 17:00:00,326.99,327.22,326.99,327.15,0
2026-07-27 17:01:00,327.15,327.15,313.6841,327.0987,0
2026-07-27 17:02:00,327.09,327.09,326.88,326.88,0
2026-07-27 17:03:00,326.9563,327.15,326.9496,327.0763,0
2026-07-27 17:04:00,327.06,332.8823,327.06,327.12,0
2026-07-27 17:05:00,327.1979,327.27,327.1979,327.27,0
2026-07-27 17:06:00,327.12,327.2,327.0,327.0,0
2026-07-27 17:07:00,327.23,327.2945,319.9717,327.2945,0
2026-07-27 17:08:00,327.28,327.28,327.08,327.27,0
2026-07-27 17:09:00,327.0855,327.3,327.082,327.246,0
2026-07-27 17:10:00,327.24,327.24,327.08,327.11,0
2026-07-27 17:11:00,327.1072,335.214,327.0,327.0,0
2026-07-27 17:12:00,307.7521,327.11,307.7521,327.05,0
2026-07-27 17:13:00,331.2394,337.4521,327.0813,327.13,0
2026-07-27 17:14:00,327.13,327.19,327.08,327.19,0
2026-07-27 17:15:00,327.0832,331.2394,327.0832,331.2394,0
2026-07-27 17:16:00,327.21,327.25,309.4844,327.08,0
2026-07-27 17:17:00,327.18,327.19,327.18,327.1882,0
2026-07-27 17:18:00,327.19,327.21,327.08,327.21,0
2026-07-27 17:19:00,327.19,327.25,327.132,327.25,0
2026-07-27 17:20:00,327.2599,327.36,327.0845,327.36,0
2026-07-27 17:21:00,327.36,327.4,327.25,327.27,0
2026-07-27 17:22:00,327.4,327.6,327.4,327.6,0
2026-07-27 17:23:00,327.8,327.8,327.29,327.33,0
2026-07-27 17:24:00,327.65,327.65,327.29,327.4556,0
2026-07-27 17:25:00,327.57,327.57,327.42,327.43,0
2026-07-27 17:26:00,327.42,327.47,327.42,327.47,0
2026-07-27 17:27:00,327.5314,327.5314,327.5,327.5,0
2026-07-27 17:28:00,327.5074,327.55,327.45,327.4513,0
2026-07-27 17:29:00,327.45,327.5488,327.45,327.46,0
2026-07-27 17:30:00,327.4,327.543,327.277,327.36,0
2026-07-27 17:31:00,327.3275,327.35,327.25,327.2981,0
2026-07-27 17:32:00,327.29,327.3,327.15,327.29,0
2026-07-27 17:33:00,327.23,327.23,327.0986,327.1,0
2026-07-27 17:34:00,327.15,327.2,327.1,327.2,0
2026-07-27 17:35:00,327.2,327.2,327.19,327.2,0
2026-07-27 17:36:00,327.1753,327.55,327.1753,327.55,0
2026-07-27 17:37:00,327.4126,327.55,327.2,327.55,0
2026-07-27 17:38:00,327.41,327.41,327.21,327.21,0
2026-07-27 17:39:00,327.5412,327.55,327.3,327.5412,0
2026-07-27 17:40:00,327.2,327.55,327.2,327.45,0
2026-07-27 17:41:00,327.2,327.5,327.2,327.47,0
2026-07-27 17:42:00,327.2449,327.49,327.2237,327.2237,0
2026-07-27 17:43:00,327.38,327.5,327.2,327.2465,0
2026-07-27 17:44:00,327.2,327.34,327.2,327.34,0
2026-07-27 17:45:00,327.4,327.4771,327.34,327.4771,0
2026-07-27 17:46:00,327.38,327.5,327.24,327.36,0
2026-07-27 17:47:00,327.36,327.5,327.36,327.497,0
2026-07-27 17:48:00,327.5,327.5,327.38,327.4,0
2026-07-27 17:49:00,327.4339,327.48,327.4339,327.48,0
2026-07-27 17:50:00,327.24,327.4447,327.24,327.4447,0
2026-07-27 17:51:00,327.44,327.45,327.3488,327.3488,0
2026-07-27 17:52:00,327.4,327.4155,327.18,327.18,0
2026-07-27 17:53:00,327.42,327.42,327.25,327.42,0
2026-07-27 17:54:00,327.38,327.38,327.31,327.31,0
2026-07-27 17:55:00,327.1835,327.3405,327.1835,327.26,0
2026-07-27 17:56:00,327.18,327.25,327.18,327.24,0
2026-07-27 17:57:00,327.25,327.25,327.21,327.22,0
2026-07-27 17:58:00,327.25,327.25,327.22,327.25,0
2026-07-27 17:59:00,327.42,327.42,327.225,327.225,0
2026-07-27 18:00:00,327.38,327.7,327.2282,327.5,0
2026-07-27 18:01:00,327.33,327.5,327.227,327.3511,0
2026-07-27 18:02:00,327.4962,327.5,327.35,327.46,0
2026-07-27 18:03:00,327.4582,327.55,327.35,327.46,0
2026-07-27 18:04:00,327.37,327.46,327.35,327.44,0
2026-07-27 18:05:00,327.44,327.45,327.3733,327.4458,0
2026-07-27 18:06:00,327.4402,327.4483,327.42,327.42,0
2026-07-27 18:07:00,327.401,327.45,327.33,327.35,0
2026-07-27 18:08:00,327.35,327.35,327.2,327.31,0
2026-07-27 18:09:00,327.35,327.35,327.29,327.29,0
2026-07-27 18:10:00,327.29,327.3,327.22,327.26,0
2026-07-27 18:11:00,327.22,327.28,327.18,327.18,0
2026-07-27 18:12:00,327.23,327.2482,327.06,327.06,0
2026-07-27 18:13:00,327.22,327.23,327.01,327.1831,0
2026-07-27 18:14:00,327.0387,327.25,327.0387,327.06,0
2026-07-27 18:15:00,327.07,327.28,327.0,327.28,0
2026-07-27 18:16:00,327.2,327.2623,327.0434,327.08,0
2026-07-27 18:17:00,327.2,327.2,327.04,327.2,0
2026-07-27 18:18:00,327.28,327.28,327.0027,327.099,0
2026-07-27 18:19:00,327.0,327.1,327.0,327.05,0
2026-07-27 18:20:00,327.0718,327.1,327.02,327.0818,0
2026-07-27 18:21:00,327.05,327.1,327.05,327.1,0
2026-07-27 18:22:00,327.0848,327.2283,327.0265,327.11,0
2026-07-27 18:23:00,327.1108,327.28,327.11,327.28,0
2026-07-27 18:24:00,327.124,327.28,326.9982,326.9999,0
2026-07-27 18:25:00,326.99,326.9989,326.99,326.99,0
2026-07-27 18:26:00,326.98,326.98,326.7,326.8813,0
2026-07-27 18:27:00,326.99,326.9935,326.86,326.86,0
2026-07-27 18:28:00,327.0,327.0,326.86,326.8635,0
2026-07-27 18:29:00,326.86,327.0,326.56,326.8,0
2026-07-27 18:30:00,326.8,326.8,326.62,326.8,0
2026-07-27 18:31:00,326.86,327.0,326.62,326.62,0
2026-07-27 18:32:00,326.6648,327.0,326.6648,326.9,0
2026-07-27 18:33:00,326.82,326.89,326.57,326.89,0
2026-07-27 18:34:00,326.7,326.95,326.7,326.95,0
2026-07-27 18:35:00,326.95,326.969,326.81,326.8356,0
2026-07-27 18:36:00,326.83,327.0,326.83,326.84,0
2026-07-27 18:37:00,326.9999,327.0,326.81,326.93,0
2026-07-27 18:38:00,326.85,327.0,326.81,326.8104,0
2026-07-27 18:39:00,326.89,326.9,326.81,326.81,0
2026-07-27 18:40:00,326.86,326.9,326.75,326.75,0
2026-07-27 18:41:00,326.72,326.83,326.61,326.68,0
2026-07-27 18:42:00,326.75,326.75,326.7017,326.7017,0
2026-07-27 18:43:00,326.8267,326.8267,326.69,326.69,0
2026-07-27 18:44:00,326.9,326.9,326.7,326.82,0
2026-07-27 18:45:00,326.71,326.87,326.71,326.76,0
2026-07-27 18:46:00,326.76,326.82,326.7,326.71,0
2026-07-27 18:47:00,326.7104,326.82,326.71,326.8,0
2026-07-27 18:48:00,326.79,326.79,326.69,326.6997,0
2026-07-27 18:49:00,326.69,326.69,326.6473,326.65,0
2026-07-27 18:50:00,326.6501,326.68,326.57,326.57,0
2026-07-27 18:51:00,326.6,326.67,326.53,326.53,0
2026-07-27 18:52:00,326.54,326.66,326.52,326.66,0
2026-07-27 18:53:00,326.56,326.56,326.49,326.49,0
2026-07-27 18:54:00,326.4,326.49,326.3035,326.4,0
2026-07-27 18:55:00,326.4,326.5,326.31,326.3668,0
2026-07-27 18:56:00,326.38,326.5,326.38,326.484,0
2026-07-27 18:57:00,326.49,326.49,326.4301,326.4301,0
2026-07-27 18:58:00,326.4791,326.48,326.27,326.48,0
2026-07-27 18:59:00,326.48,326.6,326.48,326.6,0
2026-07-27 19:00:00,326.47,326.63,326.34,326.5,0
2026-07-27 19:01:00,326.5,326.67,326.34,326.4,0
2026-07-27 19:02:00,326.34,326.4,326.34,326.34,0
2026-07-27 19:03:00,326.31,326.3342,326.11,326.11,0
2026-07-27 19:04:00,326.11,326.34,326.11,326.29,0
2026-07-27 19:05:00,326.2278,326.56,326.15,326.2501,0
2026-07-27 19:06:00,326.56,326.66,326.42,326.6,0
2026-07-27 19:07:00,326.6,326.63,326.46,326.5887,0
2026-07-27 19:08:00,326.4995,326.6,326.15,326.3,0
2026-07-27 19:09:00,326.49,326.5,326.15,326.3,0
2026-07-27 19:10:00,326.15,326.56,326.15,326.488,0
2026-07-27 19:11:00,326.25,326.54,326.16,326.16,0
2026-07-27 19:12:00,326.29,326.5388,326.17,326.25,0
2026-07-27 19:13:00,326.47,326.474,326.17,326.29,0
2026-07-27 19:14:00,326.1701,326.2953,326.17,326.17,0
2026-07-27 19:15:00,326.2838,326.3,326.15,326.2,0
2026-07-27 19:16:00,326.2,326.2,326.112,326.149,0
2026-07-27 19:17:00,326.12,326.4,326.12,326.4,0
2026-07-27 19:18:00,326.2334,326.5,326.11,326.15,0
2026-07-27 19:19:00,326.2,326.4,326.2,326.2566,0
2026-07-27 19:20:00,326.2759,326.5,326.2562,326.2562,0
2026-07-27 19:21:00,326.27,326.4613,326.2501,326.46,0
2026-07-27 19:22:00,326.45,326.46,326.3185,326.3185,0
2026-07-27 19:23:00,326.31,326.31,326.3,326.3,0
2026-07-27 19:24:00,326.31,326.54,326.31,326.5,0
2026-07-27 19:25:00,326.53,326.571,326.4217,326.571,0
2026-07-27 19:26:00,326.63,327.0,326.5701,327.0,0
2026-07-27 19:27:00,326.78,326.9,326.59,326.78,0
2026-07-27 19:28:00,326.9,326.9,326.6996,326.704,0
2026-07-27 19:29:00,326.7,326.9,326.51,326.78,0
2026-07-27 19:30:00,326.78,326.78,326.51,326.77,0
2026-07-27 19:31:00,326.78,326.9,326.51,326.61,0
2026-07-27 19:32:00,326.65,326.65,326.6,326.6,0
2026-07-27 19:33:00,326.75,326.8065,326.51,326.8,0
2026-07-27 19:34:00,326.63,326.9,326.63,326.9,0
2026-07-27 19:35:00,326.6493,326.891,326.6,326.891,0
2026-07-27 19:36:00,326.6,326.9,326.54,326.9,0
2026-07-27 19:37:00,326.9,326.9,326.53,326.6297,0
2026-07-27 19:38:00,326.808,326.808,326.53,326.63,0
2026-07-27 19:39:00,326.57,326.63,326.5584,326.5977,0
2026-07-27 19:40:00,326.5163,326.6,326.5,326.5,0
2026-07-27 19:41:00,326.4991,326.5,326.41,326.41,0
2026-07-27 19:42:00,326.49,326.49,326.4,326.4295,0
2026-07-27 19:43:00,326.45,326.4845,326.41,326.416,0
2026-07-27 19:44:00,326.41,326.4561,326.39,326.39,0
2026-07-27 19:45:00,326.31,326.41,326.3,326.4,0
2026-07-27 19:46:00,326.5,326.6288,326.41,326.41,0
2026-07-27 19:47:00,326.41,326.63,326.4,326.5,0
2026-07-27 19:48:00,326.5,326.63,326.3,326.3,0
2026-07-27 19:49:00,326.2324,326.56,326.2324,326.54,0
2026-07-27 19:50:00,326.54,326.63,326.5,326.5,0
2026-07-27 19:51:00,326.25,327.45,326.25,327.0,0
2026-07-27 19:52:00,326.87,327.55,326.87,327.4342,0
2026-07-27 19:53:00,327.45,327.45,326.76,327.22,0
2026-07-27 19:54:00,327.4,327.45,327.01,327.05,0
2026-07-27 19:55:00,327.0,327.4,327.0,327.29,0
2026-07-27 19:56:00,327.35,327.36,327.0,327.23,0
2026-07-27 19:57:00,327.1516,327.2286,326.83,326.9131,0
2026-07-27 19:58:00,327.0,327.0,326.82,326.929,0
2026-07-27 19:59:00,327.0,327.0,326.82,326.99,0
2026-07-28 04:00:00,324.08,326.56,323.61,325.37,0
2026-07-28 04:01:00,325.56,325.86,323.6,325.85,0
2026-07-28 04:02:00,325.5703,325.99,325.5703,325.83,0
2026-07-28 04:03:00,325.5919,325.97,325.5919,325.6667,0
2026-07-28 04:04:00,325.7,325.9,325.6372,325.6372,0
2026-07-28 04:05:00,325.7589,325.8788,324.23,324.23,0
2026-07-28 04:06:00,324.41,325.8,323.64,325.8,0
2026-07-28 04:07:00,325.6,325.7897,325.4403,325.45,0
2026-07-28 04:08:00,325.5867,325.5867,325.11,325.45,0
2026-07-28 04:09:00,325.26,325.5,325.0905,325.25,0
2026-07-28 04:10:00,325.1462,325.1462,324.9,325.07,0
2026-07-28 04:11:00,325.13,325.19,324.8683,325.11,0
2026-07-28 04:12:00,325.1817,325.1817,324.8667,325.14,0
2026-07-28 04:13:00,325.14,325.14,324.85,324.95,0
2026-07-28 04:14:00,324.95,325.11,324.95,324.95,0
2026-07-28 04:15:00,325.03,325.33,324.8252,325.33,0
2026-07-28 04:16:00,325.33,325.45,325.24,325.4,0
2026-07-28 04:17:00,325.3797,325.38,325.0277,325.3307,0
2026-07-28 04:18:00,325.33,325.5707,325.0233,325.4,0
2026-07-28 04:19:00,325.42,325.56,325.35,325.44,0
2026-07-28 04:20:00,325.44,325.58,325.26,325.4547,0
2026-07-28 04:21:00,325.58,325.8,325.58,325.7,0
2026-07-28 04:22:00,325.63,325.8,325.54,325.8,0
2026-07-28 04:23:00,325.8,325.84,325.52,325.52,0
2026-07-28 04:24:00,325.8,326.04,325.5312,326.04,0
2026-07-28 04:25:00,325.8182,326.1488,325.7405,325.84,0
2026-07-28 04:26:00,325.8,325.84,325.49,325.7997,0
2026-07-28 04:27:00,325.9988,326.27,325.8,326.051,0
2026-07-28 04:28:00,326.0012,326.3488,326.0,326.0,0
2026-07-28 04:29:00,326.01,326.33,326.0,326.01,0
2026-07-28 04:30:00,326.01,326.2988,325.99,325.99,0
2026-07-28 04:31:00,326.1054,326.28,325.98,326.28,0
2026-07-28 04:32:00,326.2595,326.27,325.93,326.25,0
2026-07-28 04:33:00,326.1098,326.2142,325.885,326.2142,0
2026-07-28 04:34:00,326.21,326.24,325.859,326.23,0
2026-07-28 04:35:00,326.24,326.3733,326.0195,326.3733,0
2026-07-28 04:36:00,326.3433,326.3433,326.13,326.34,0
2026-07-28 04:37:00,326.4801,326.4801,326.06,326.06,0
2026-07-28 04:38:00,326.34,326.6897,326.34,326.6897,0
2026-07-28 04:39:00,326.5,326.6713,326.16,326.49,0
2026-07-28 04:40:00,326.5,326.8,326.5,326.7801,0
2026-07-28 04:41:00,326.7,326.79,326.6099,326.78,0
2026-07-28 04:42:00,326.78,326.79,326.59,326.7,0
2026-07-28 04:43:00,326.7,326.79,326.7,326.79,0
2026-07-28 04:44:00,326.8,326.99,326.77,326.99,0
2026-07-28 04:45:00,326.9,326.99,326.7,326.84,0
2026-07-28 04:46:00,326.84,326.9988,326.7,326.9186,0
2026-07-28 04:47:00,326.99,327.15,326.82,327.0,0
2026-07-28 04:48:00,327.23,327.23,326.75,326.7892,0
2026-07-28 04:49:00,326.8,326.8637,326.7563,326.8342,0
2026-07-28 04:50:00,326.85,327.0,326.8,326.9339,0
2026-07-28 04:51:00,327.12,327.12,326.88,326.88,0
2026-07-28 04:52:00,326.7294,326.8988,326.7294,326.8899,0
2026-07-28 04:53:00,326.89,326.9296,326.74,326.74,0
2026-07-28 04:54:00,326.71,326.99,326.5975,326.82,0
2026-07-28 04:55:00,326.82,327.1072,326.82,326.88,0
2026-07-28 04:56:00,326.71,327.11,326.71,327.11,0
2026-07-28 04:57:00,327.0,327.0,326.7014,326.7014,0
2026-07-28 04:58:00,326.8579,326.95,326.78,326.78,0
2026-07-28 04:59:00,327.0388,327.0388,326.73,327.02,0
2026-07-28 05:00:00,326.98,327.1,326.98,327.1,0
2026-07-28 05:01:00,327.0,327.12,326.915,327.12,0
2026-07-28 05:02:00,327.0635,327.11,326.82,326.82,0
2026-07-28 05:03:00,326.8245,327.0688,326.8245,326.9992,0
2026-07-28 05:04:00,326.823,326.823,326.8,326.8,0
2026-07-28 05:05:00,327.03,327.13,326.8,327.1288,0
2026-07-28 05:06:00,327.0568,327.18,326.9,327.18,0
2026-07-28 05:07:00,327.18,327.2412,327.02,327.18,0
2026-07-28 05:08:00,327.11,327.242,327.1,327.18,0
2026-07-28 05:09:00,327.1988,327.2,327.0499,327.2,0
2026-07-28 05:10:00,327.16,327.1988,327.09,327.13,0
2026-07-28 05:11:00,327.0509,327.31,327.0509,327.31,0
2026-07-28 05:12:00,327.25,327.33,327.0,327.15,0
2026-07-28 05:13:00,327.1422,327.4188,327.1177,327.14,0
2026-07-28 05:14:00,327.1965,327.1965,327.0,327.0651,0
2026-07-28 05:15:00,327.27,327.27,327.08,327.08,0
2026-07-28 05:16:00,327.2,327.2,327.0,327.1551,0
2026-07-28 05:17:00,327.087,327.3,327.087,327.1063,0
2026-07-28 05:18:00,327.29,327.29,327.29,327.29,0
2026-07-28 05:19:00,327.2663,327.3,327.2,327.3,0
2026-07-28 05:20:00,327.32,327.38,327.2673,327.29,0
2026-07-28 05:21:00,327.41,327.65,327.3057,327.55,0
2026-07-28 05:22:00,327.47,327.6064,327.41,327.4147,0
2026-07-28 05:23:00,327.4168,327.54,327.4168,327.43,0
2026-07-28 05:24:00,327.5026,327.5177,327.46,327.51,0
2026-07-28 05:25:00,327.4749,327.51,327.24,327.44,0
2026-07-28 05:26:00,327.2685,327.4654,327.2125,327.4654,0
2026-07-28 05:27:00,327.46,327.46,327.25,327.25,0
2026-07-28 05:28:00,327.25,327.4195,327.25,327.41,0
2026-07-28 05:29:00,327.43,327.47,327.43,327.47,0
2026-07-28 05:30:00,327.5388,327.5388,327.1693,327.1693,0
2026-07-28 05:31:00,327.48,327.48,327.2,327.2,0
2026-07-28 05:32:00,327.27,327.27,327.27,327.27,0
2026-07-28 05:33:00,327.22,327.2532,327.15,327.2532,0
2026-07-28 05:34:00,327.2637,327.27,327.153,327.27,0
2026-07-28 05:35:00,327.2637,327.2637,327.2022,327.21,0
2026-07-28 05:36:00,327.16,327.16,327.0,327.1157,0
2026-07-28 05:37:00,326.95,326.9767,326.83,326.83,0
2026-07-28 05:38:00,326.8389,327.0959,326.83,326.95,0
2026-07-28 05:39:00,327.01,327.0952,326.915,326.915,0
2026-07-28 05:40:00,327.01,327.03,326.87,326.87,0
2026-07-28 05:41:00,326.907,327.1249,326.85,326.95,0
2026-07-28 05:42:00,326.85,326.99,326.75,326.99,0
2026-07-28 05:43:00,326.9695,326.9747,326.92,326.92,0
2026-07-28 05:44:00,326.9829,326.9829,326.8277,326.93,0
2026-07-28 05:45:00,326.82,327.0593,326.8112,327.015,0
2026-07-28 05:46:00,327.01,327.0601,326.9,326.98,0
2026-07-28 05:47:00,326.8,326.94,326.8,326.94,0
2026-07-28 05:48:00,326.72,327.0088,326.72,327.0088,0
2026-07-28 05:49:00,326.7957,326.92,326.6972,326.7401,0
2026-07-28 05:50:00,326.97,326.97,326.97,326.97,0
2026-07-28 05:51:00,327.0088,327.0088,326.77,326.77,0
2026-07-28 05:52:00,326.81,327.0,326.7272,326.82,0
2026-07-28 05:53:00,326.9975,326.9975,326.8473,326.96,0
2026-07-28 05:54:00,326.85,327.15,326.81,327.15,0
2026-07-28 05:55:00,327.0635,327.15,326.94,327.15,0
2026-07-28 05:56:00,326.94,327.1417,326.94,327.1081,0
2026-07-28 05:57:00,327.02,327.07,326.64,326.64,0
2026-07-28 05:58:00,326.99,326.99,326.76,326.82,0
2026-07-28 05:59:00,326.8,326.96,326.61,326.8,0
2026-07-28 06:00:00,326.8,326.94,326.8,326.93,0
2026-07-28 06:01:00,326.85,327.0715,326.82,326.8871,0
2026-07-28 06:02:00,326.9,326.94,326.7604,326.87,0
2026-07-28 06:03:00,326.91,326.95,326.8,326.8995,0
2026-07-28 06:04:00,326.8,326.945,326.8,326.9,0
2026-07-28 06:05:00,326.7604,326.93,326.7604,326.93,0
2026-07-28 06:06:00,326.9,326.9615,326.9,326.95,0
2026-07-28 06:07:00,326.8,326.9976,326.75,326.875,0
2026-07-28 06:08:00,326.87,326.87,326.66,326.66,0
2026-07-28 06:09:00,326.6,326.85,326.6,326.85,0
2026-07-28 06:10:00,326.83,326.83,326.7,326.7278,0
2026-07-28 06:11:00,326.8688,326.87,326.7042,326.8611,0
2026-07-28 06:12:00,326.85,326.95,326.72,326.95,0
2026-07-28 06:13:00,326.9281,326.973,326.7062,326.973,0
2026-07-28 06:14:00,326.87,326.87,326.64,326.8385,0
2026-07-28 06:15:00,326.84,326.84,326.5,326.5,0
2026-07-28 06:16:00,326.6737,326.6737,326.2272,326.45,0
2026-07-28 06:17:00,326.45,326.538,326.45,326.49,0
2026-07-28 06:18:00,326.47,326.57,326.47,326.5,0
2026-07-28 06:19:00,326.52,326.52,326.46,326.52,0
2026-07-28 06:20:00,326.491,326.54,326.31,326.42,0
2026-07-28 06:21:00,326.35,326.35,326.12,326.17,0
2026-07-28 06:22:00,326.18,326.23,326.12,326.23,0
2026-07-28 06:23:00,326.17,326.23,326.12,326.1345,0
2026-07-28 06:24:00,326.15,326.2,326.11,326.2,0
2026-07-28 06:25:00,326.15,326.15,326.01,326.11,0
2026-07-28 06:26:00,326.11,326.2,326.0209,326.0209,0
2026-07-28 06:27:00,326.01,326.4371,326.01,326.35,0
2026-07-28 06:28:00,326.31,326.51,326.3,326.4283,0
2026-07-28 06:29:00,326.4241,326.7388,326.41,326.7388,0
2026-07-28 06:30:00,326.7,326.7317,326.4651,326.7249,0
2026-07-28 06:31:00,326.64,326.8,326.53,326.75,0
2026-07-28 06:32:00,326.8,326.9,326.79,326.9,0
2026-07-28 06:33:00,326.9,326.9,326.55,326.645,0
2026-07-28 06:34:00,326.8688,326.8988,326.62,326.8,0
2026-07-28 06:35:00,326.85,326.85,326.7361,326.79,0
2026-07-28 06:36:00,326.65,326.8705,326.41,326.8,0
2026-07-28 06:37:00,326.8988,326.8988,326.53,326.53,0
2026-07-28 06:38:00,326.8988,326.8988,326.51,326.6031,0
2026-07-28 06:40:00,326.63,326.63,326.27,326.51,0
2026-07-28 06:41:00,326.5,326.64,326.3024,326.64,0
2026-07-28 06:42:00,326.69,326.72,326.5,326.61,0
2026-07-28 06:43:00,326.58,326.61,326.4578,326.4578,0
2026-07-28 06:44:00,326.46,326.52,326.31,326.4311,0
2026-07-28 06:45:00,326.62,326.62,326.3524,326.4,0
2026-07-28 06:46:00,326.52,326.7,326.52,326.59,0
2026-07-28 06:47:00,326.59,326.81,326.4783,326.78,0
2026-07-28 06:48:00,326.8315,326.89,326.5646,326.89,0
2026-07-28 06:49:00,326.89,326.89,326.7425,326.7425,0
2026-07-28 06:50:00,326.82,326.82,326.7316,326.7316,0
2026-07-28 06:51:00,326.8,326.8033,326.8,326.8,0
2026-07-28 06:52:00,326.7741,326.8,326.535,326.79,0
2026-07-28 06:53:00,326.6,326.7997,326.6,326.78,0
2026-07-28 06:54:00,326.8,326.89,326.8,326.89,0
2026-07-28 06:55:00,326.88,326.88,326.7,326.7,0
2026-07-28 06:56:00,326.7,326.8,326.63,326.73,0
2026-07-28 06:57:00,326.73,326.85,326.5,326.5481,0
2026-07-28 06:58:00,326.6,326.7925,326.55,326.7,0
2026-07-28 06:59:00,326.43,326.68,326.38,326.45,0
2026-07-28 07:00:00,326.69,327.0,326.45,326.89,0
2026-07-28 07:01:00,326.89,326.93,326.46,326.75,0
2026-07-28 07:02:00,326.75,326.82,326.49,326.49,0
2026-07-28 07:03:00,326.5638,326.8,326.37,326.37,0
2026-07-28 07:04:00,326.37,326.84,326.37,326.6,0
2026-07-28 07:05:00,326.79,326.86,326.5101,326.5101,0
2026-07-28 07:06:00,326.94,326.94,326.52,326.75,0
2026-07-28 07:07:00,326.51,326.7,326.02,326.6067,0
2026-07-28 07:08:00,326.1926,326.5,326.05,326.5,0
2026-07-28 07:09:00,326.44,326.6,326.18,326.5964,0
2026-07-28 07:10:00,326.5025,326.5025,326.02,326.25,0
2026-07-28 07:11:00,326.21,326.22,326.0,326.0,0
2026-07-28 07:12:00,326.1097,326.42,326.0,326.07,0
2026-07-28 07:13:00,326.14,326.3088,326.0,326.08,0
2026-07-28 07:14:00,326.2,326.3,326.0,326.0894,0
2026-07-28 07:15:00,326.1,326.66,326.0001,326.66,0
2026-07-28 07:16:00,326.53,326.74,326.25,326.71,0
2026-07-28 07:17:00,326.25,326.73,326.25,326.71,0
2026-07-28 07:18:00,326.7,327.0,326.525,326.9922,0
2026-07-28 07:19:00,326.9922,327.1265,326.61,327.1265,0
2026-07-28 07:20:00,327.009,327.03,326.63,326.7137,0
2026-07-28 07:21:00,326.8025,327.21,326.8025,327.09,0
2026-07-28 07:22:00,326.95,327.15,326.85,327.15,0
2026-07-28 07:23:00,327.15,327.25,327.0,327.08,0
2026-07-28 07:24:00,327.25,327.25,326.85,327.15,0
2026-07-28 07:25:00,327.14,327.25,326.83,327.2395,0
2026-07-28 07:26:00,326.9597,327.24,326.83,327.0,0
2026-07-28 07:27:00,327.0,327.0,326.81,327.0,0
2026-07-28 07:28:00,327.0,327.13,326.84,326.95,0
2026-07-28 07:29:00,327.07,327.25,326.84,326.84,0
2026-07-28 07:30:00,326.85,327.1533,326.85,327.0396,0
2026-07-28 07:31:00,327.0,327.17,326.85,326.9,0
2026-07-28 07:32:00,327.05,328.0,326.8583,327.8,0
2026-07-28 07:33:00,327.53,328.0,327.5,327.61,0
2026-07-28 07:34:00,327.99,327.99,327.5,327.7,0
2026-07-28 07:35:00,327.64,328.0,327.04,327.45,0
2026-07-28 07:36:00,327.39,327.8729,327.38,327.8729,0
2026-07-28 07:37:00,327.65,327.65,327.38,327.4,0
2026-07-28 07:38:00,327.45,327.5375,327.2598,327.2598,0
2026-07-28 07:39:00,327.25,327.26,326.9187,327.2119,0
2026-07-28 07:40:00,327.13,327.13,326.8711,327.04,0
2026-07-28 07:41:00,326.9,327.0514,326.77,326.91,0
2026-07-28 07:42:00,326.8658,327.17,326.8658,327.17,0
2026-07-28 07:43:00,327.16,327.17,326.91,327.09,0
2026-07-28 07:44:00,327.08,327.21,326.9468,327.12,0
2026-07-28 07:45:00,327.32,327.32,326.92,327.3115,0
2026-07-28 07:46:00,327.24,327.44,327.0958,327.44,0
2026-07-28 07:47:00,327.25,327.5,327.2058,327.5,0
2026-07-28 07:48:00,327.1302,327.74,327.1302,327.45,0
2026-07-28 07:49:00,327.5,327.74,327.35,327.7,0
2026-07-28 07:50:00,327.7,327.8,327.38,327.46,0
2026-07-28 07:51:00,327.74,327.74,327.6144,327.74,0
2026-07-28 07:52:00,327.74,327.9,327.7,327.8,0
2026-07-28 07:53:00,327.8,327.82,327.58,327.82,0
2026-07-28 07:54:00,327.8985,327.9,327.71,327.8075,0
2026-07-28 07:55:00,327.767,327.93,327.63,327.7,0
2026-07-28 07:56:00,327.67,327.9,327.61,327.9,0
2026-07-28 07:57:00,327.63,327.9,327.63,327.8628,0
2026-07-28 07:58:00,327.7241,327.9,327.59,327.6,0
2026-07-28 07:59:00,327.78,327.8,327.2303,327.2303,0
2026-07-28 08:00:00,327.3419,327.6,327.33,327.35,0
2026-07-28 08:01:00,327.6,327.6,327.2492,327.6,0
2026-07-28 08:02:00,327.49,327.493,327.21,327.47,0
2026-07-28 08:03:00,327.4,327.67,327.3506,327.53,0
2026-07-28 08:04:00,327.69,327.95,327.52,327.87,0
2026-07-28 08:05:00,327.99,328.16,327.85,328.15,0
2026-07-28 08:06:00,328.0982,328.16,327.76,327.97,0
2026-07-28 08:07:00,328.09,328.09,327.75,327.75,0
2026-07-28 08:08:00,327.8142,327.9988,327.6156,327.9,0
2026-07-28 08:09:00,327.7001,327.99,327.6912,327.97,0
2026-07-28 08:10:00,327.97,327.9988,327.61,327.8,0
2026-07-28 08:11:00,327.69,327.71,327.0,327.5888,0
2026-07-28 08:12:00,327.4,327.6796,327.4,327.54,0
2026-07-28 08:13:00,327.3383,327.6144,327.33,327.51,0
2026-07-28 08:14:00,327.47,327.48,327.36,327.46,0
2026-07-28 08:15:00,327.4,327.54,327.2,327.2,0
2026-07-28 08:16:00,327.1347,327.31,327.08,327.1144,0
2026-07-28 08:17:00,327.3085,327.44,327.2157,327.32,0
2026-07-28 08:18:00,327.2,327.2634,327.15,327.25,0
2026-07-28 08:19:00,327.1655,327.32,327.1,327.32,0
2026-07-28 08:20:00,327.1115,327.1115,327.0,327.0,0
2026-07-28 08:21:00,327.0582,327.48,327.05,327.48,0
2026-07-28 08:22:00,327.48,327.54,327.3,327.54,0
2026-07-28 08:23:00,327.54,327.69,327.39,327.6,0
2026-07-28 08:24:00,327.4071,327.93,327.34,327.67,0
2026-07-28 08:25:00,327.98,327.99,327.71,327.8389,0
2026-07-28 08:26:00,327.99,328.0813,327.79,328.0,0
2026-07-28 08:27:00,328.0,328.07,327.8769,327.9005,0
2026-07-28 08:28:00,328.0,328.08,327.9,328.03,0
2026-07-28 08:29:00,327.96,328.23,327.79,328.07,0
2026-07-28 08:30:00,328.23,328.43,327.9358,328.35,0
2026-07-28 08:31:00,328.21,328.48,328.09,328.4788,0
2026-07-28 08:32:00,328.22,328.5,328.17,328.269,0
2026-07-28 08:33:00,328.49,328.58,328.03,328.47,0
2026-07-28 08:34:00,328.09,328.33,327.91,328.2488,0
2026-07-28 08:35:00,328.0101,328.2837,327.94,328.2172,0
2026-07-28 08:36:00,328.25,328.48,328.04,328.48,0
2026-07-28 08:37:00,328.48,328.48,328.2,328.34,0
2026-07-28 08:38:00,328.2,328.4085,328.2,328.4,0
2026-07-28 08:39:00,328.369,328.369,328.02,328.15,0
2026-07-28 08:40:00,328.03,328.35,327.94,328.22,0
2026-07-28 08:41:00,328.1632,328.28,327.9677,328.0631,0
2026-07-28 08:42:00,328.2815,328.29,327.99,328.09,0
2026-07-28 08:43:00,328.28,328.38,328.2,328.38,0
2026-07-28 08:44:00,328.29,328.54,328.27,328.29,0
2026-07-28 08:45:00,328.29,328.49,328.13,328.18,0
2026-07-28 08:46:00,328.13,328.45,328.13,328.34,0
2026-07-28 08:47:00,328.4435,328.4435,328.2212,328.38,0
2026-07-28 08:48:00,328.22,354.46,328.02,328.0948,0
2026-07-28 08:49:00,328.0,328.1285,327.933,327.99,0
2026-07-28 08:50:00,327.8714,328.0,327.7967,327.8,0
2026-07-28 08:51:00,327.67,327.96,327.67,327.96,0
2026-07-28 08:52:00,327.96,327.97,327.76,327.95,0
2026-07-28 08:53:00,327.68,327.9359,327.68,327.7,0
2026-07-28 08:54:00,327.6,327.7,327.44,327.6014,0
2026-07-28 08:55:00,327.82,328.0105,327.7034,327.7034,0
2026-07-28 08:56:00,327.79,327.9539,327.6912,327.9539,0
2026-07-28 08:57:00,327.94,328.0988,327.94,328.0988,0
2026-07-28 08:58:00,328.01,328.07,327.6801,327.9289,0
2026-07-28 08:59:00,327.952,327.952,327.6521,327.8827,0
2026-07-28 09:00:00,327.65,327.89,327.5547,327.74,0
2026-07-28 09:01:00,327.7,327.87,327.5996,327.86,0
2026-07-28 09:02:00,327.6,327.86,327.6,327.6149,0
2026-07-28 09:03:00,327.67,327.8232,327.6,327.74,0
2026-07-28 09:04:00,327.7,327.86,327.6,327.8256,0
2026-07-28 09:05:00,327.7663,327.77,327.41,327.4393,0
2026-07-28 09:06:00,327.57,327.66,327.5,327.6462,0
2026-07-28 09:07:00,327.56,327.65,327.55,327.6,0
2026-07-28 09:08:00,327.5911,327.6445,327.43,327.5,0
2026-07-28 09:09:00,327.5,327.57,327.19,327.26,0
2026-07-28 09:10:00,327.21,327.33,327.01,327.1,0
2026-07-28 09:11:00,327.1,327.11,327.01,327.11,0
2026-07-28 09:12:00,327.11,327.2,327.0,327.1844,0
2026-07-28 09:13:00,327.29,327.34,327.11,327.34,0
2026-07-28 09:14:00,327.25,327.3342,327.122,327.2,0
2026-07-28 09:15:00,327.1,327.34,326.92,327.25,0
2026-07-28 09:16:00,327.18,327.24,326.9877,327.12,0
2026-07-28 09:17:00,327.12,327.22,326.92,327.0,0
2026-07-28 09:18:00,327.13,327.33,327.01,327.33,0
2026-07-28 09:19:00,327.28,327.28,326.998,327.2,0
2026-07-28 09:20:00,327.23,327.24,326.9,327.19,0
2026-07-28 09:21:00,327.23,327.56,327.07,327.41,0
2026-07-28 09:22:00,327.38,327.46,327.1731,327.1731,0
2026-07-28 09:23:00,327.17,327.4,327.01,327.01,0
2026-07-28 09:24:00,327.3,327.3,327.0,327.24,0
2026-07-28 09:25:00,327.26,327.26,326.38,326.46,0
2026-07-28 09:26:00,326.67,326.87,326.4857,326.635,0
2026-07-28 09:27:00,326.71,327.88,326.65,327.3301,0
2026-07-28 09:28:00,327.33,327.81,327.18,327.7,0
2026-07-28 09:29:00,327.69,327.89,327.397,327.88,0
2026-07-28 09:30:00,327.9,330.1,327.7,329.51,1270850
2026-07-28 09:31:00,329.59,330.3,327.7,328.0271,229675
2026-07-28 09:32:00,327.92,327.96,326.85,327.705,137154
2026-07-28 09:33:00,327.64,328.04,327.27,327.85,144118
2026-07-28 09:34:00,327.845,328.04,327.5901,327.77,127693
2026-07-28 09:35:00,327.78,327.95,327.36,327.795,101898
2026-07-28 09:36:00,327.8,328.3563,327.51,328.09,217642
2026-07-28 09:37:00,328.12,328.63,328.03,328.14,109951
2026-07-28 09:38:00,328.18,328.39,327.8,327.87,107125
2026-07-28 09:39:00,327.88,327.89,327.26,327.38,115047
2026-07-28 09:40:00,327.38,327.45,326.71,326.89,202609
2026-07-28 09:41:00,326.9,326.94,325.66,325.7,170384
2026-07-28 09:42:00,325.68,325.83,325.11,325.28,118685
2026-07-28 09:43:00,325.39,325.69,324.96,325.5,149392
2026-07-28 09:44:00,325.5,325.82,325.375,325.515,94128
2026-07-28 09:45:00,325.535,325.86,325.4,325.585,81473
2026-07-28 09:46:00,325.52,325.58,324.82,324.82,100680
2026-07-28 09:47:00,324.82,324.9,324.455,324.48,111175
2026-07-28 09:48:00,324.53,325.52,324.44,325.146,156656
2026-07-28 09:49:00,325.16,325.625,325.105,325.485,79798
2026-07-28 09:50:00,325.47,325.72,325.1547,325.35,75411
2026-07-28 09:51:00,325.37,326.9,325.37,326.81,239032
2026-07-28 09:52:00,326.81,327.7,326.795,327.04,117039
2026-07-28 09:53:00,327.0903,327.75,326.8795,327.576,81995
2026-07-28 09:54:00,327.6,327.7164,327.0301,327.09,72302
2026-07-28 09:55:00,327.1,327.29,326.59,326.59,108962
2026-07-28 09:56:00,326.56,326.66,326.0,326.1988,86019
2026-07-28 09:57:00,326.11,326.33,325.9112,326.31,51031
2026-07-28 09:58:00,326.2925,326.2925,325.48,325.515,93962
2026-07-28 09:59:00,325.51,325.72,325.3069,325.52,58863
2026-07-28 10:00:00,325.51,325.9,325.46,325.895,59800
2026-07-28 10:01:00,325.885,326.38,325.87,326.1,92173
2026-07-28 10:02:00,326.1069,327.02,326.08,326.9701,89942
2026-07-28 10:03:00,327.01,327.16,326.63,326.68,71801
2026-07-28 10:04:00,326.65,326.67,326.42,326.515,46584
2026-07-28 10:05:00,326.5015,326.97,326.4302,326.86,64956
2026-07-28 10:06:00,326.89,327.1,326.625,327.08,53916
2026-07-28 10:07:00,327.06,327.44,326.93,326.93,54764
2026-07-28 10:08:00,326.95,327.35,326.63,327.35,47770
2026-07-28 10:09:00,327.39,327.61,327.19,327.49,70644
2026-07-28 10:10:00,327.4975,327.74,327.32,327.32,114013
2026-07-28 10:11:00,327.32,327.32,326.435,326.52,58294
2026-07-28 10:12:00,326.54,326.73,326.48,326.64,41862
2026-07-28 10:13:00,326.59,327.04,326.47,326.8327,69062
2026-07-28 10:14:00,326.815,327.1961,326.73,327.12,63941
2026-07-28 10:15:00,327.12,327.5,327.0,327.3997,78295
2026-07-28 10:16:00,327.39,327.39,326.83,326.93,55833
2026-07-28 10:17:00,326.92,327.08,326.72,326.955,64188
2026-07-28 10:18:00,326.94,327.38,326.66,327.38,90597
2026-07-28 10:19:00,327.3855,327.63,327.35,327.47,136924
2026-07-28 10:20:00,327.43,327.59,327.3,327.375,55971
2026-07-28 10:21:00,327.38,327.51,327.15,327.3795,49896
2026-07-28 10:22:00,327.345,327.345,326.83,326.9212,78126
2026-07-28 10:23:00,326.95,327.96,326.95,327.95,95827
2026-07-28 10:24:00,327.93,328.05,327.23,327.36,76162
2026-07-28 10:25:00,327.38,327.43,327.17,327.2729,59766
2026-07-28 10:26:00,327.35,327.56,327.02,327.465,59667
2026-07-28 10:27:00,327.47,327.74,327.32,327.6474,49646
2026-07-28 10:28:00,327.655,327.9008,327.58,327.89,30481
2026-07-28 10:29:00,327.9007,327.99,327.72,327.78,57054
2026-07-28 10:30:00,327.765,327.8899,327.455,327.46,40119
2026-07-28 10:31:00,327.43,327.77,327.365,327.67,36645
2026-07-28 10:32:00,327.69,327.9431,327.69,327.895,68791
2026-07-28 10:33:00,327.88,328.005,327.79,328.0,59379
2026-07-28 10:34:00,327.97,328.1,327.6,327.665,62849
2026-07-28 10:35:00,327.6675,327.77,327.55,327.7332,45591
2026-07-28 10:36:00,327.74,327.8,327.406,327.7585,71060
2026-07-28 10:37:00,327.79,328.0,327.755,327.94,56603
2026-07-28 10:38:00,327.925,327.99,327.63,327.71,50988
2026-07-28 10:39:00,327.69,327.75,327.2105,327.38,52661
2026-07-28 10:40:00,327.36,327.61,327.33,327.57,68431
2026-07-28 10:41:00,327.54,327.69,327.36,327.67,94995
2026-07-28 10:42:00,327.64,327.93,327.6256,327.93,34069
2026-07-28 10:43:00,327.94,328.0,327.78,327.855,50146
2026-07-28 10:44:00,327.82,328.15,327.82,328.125,50791
2026-07-28 10:45:00,328.14,328.34,327.93,327.98,81888
2026-07-28 10:46:00,327.9497,328.43,327.9497,328.3906,52550
2026-07-28 10:47:00,328.38,328.87,328.3401,328.7,51720
2026-07-28 10:48:00,328.7,328.77,328.49,328.57,43953
2026-07-28 10:49:00,328.59,328.82,328.47,328.54,48389
2026-07-28 10:50:00,328.47,328.59,328.39,328.465,54236
2026-07-28 10:51:00,328.45,328.5599,328.31,328.54,56262
2026-07-28 10:52:00,328.54,328.735,328.3101,328.735,50782
2026-07-28 10:53:00,328.75,328.93,328.59,328.655,46888
2026-07-28 10:54:00,328.6695,328.87,328.665,328.87,43094
2026-07-28 10:55:00,328.85,329.11,328.775,328.9655,68196
2026-07-28 10:56:00,328.95,329.13,328.8505,328.92,49823
2026-07-28 10:57:00,328.89,329.0,328.8685,328.92,55378
2026-07-28 10:58:00,328.94,328.96,328.72,328.75,42939
2026-07-28 10:59:00,328.75,328.915,328.5749,328.725,44768
2026-07-28 11:00:00,328.73,329.78,328.6705,329.775,73122
2026-07-28 11:01:00,329.78,329.94,329.27,329.54,93757
2026-07-28 11:02:00,329.4758,329.6,329.27,329.27,56923
2026-07-28 11:03:00,329.275,329.335,329.03,329.1099,51357
2026-07-28 11:04:00,329.07,329.28,328.95,329.035,46500
2026-07-28 11:05:00,329.03,329.4601,328.9901,329.45,47086
2026-07-28 11:06:00,329.45,330.04,329.445,329.98,112379
2026-07-28 11:07:00,329.98,329.99,329.49,329.6,38832
2026-07-28 11:08:00,329.66,329.698,329.49,329.575,39440
2026-07-28 11:09:00,329.5701,329.59,329.1877,329.56,56530
2026-07-28 11:10:00,329.53,329.8,329.07,329.12,69201
2026-07-28 11:11:00,329.13,329.42,328.8895,329.415,44265
2026-07-28 11:12:00,329.4,330.01,329.28,329.865,51459
2026-07-28 11:13:00,329.865,329.99,329.62,329.99,39965
2026-07-28 11:14:00,330.0,330.44,329.95,330.34,74338
2026-07-28 11:15:00,330.34,330.57,330.3,330.52,72456
2026-07-28 11:16:00,330.51,331.23,330.51,331.19,115645
2026-07-28 11:17:00,331.19,331.475,331.09,331.475,104529
2026-07-28 11:18:00,331.47,332.26,331.41,332.255,104322
2026-07-28 11:19:00,332.27,332.45,332.13,332.23,98508
2026-07-28 11:20:00,332.23,332.936,332.2039,332.8,120723
2026-07-28 11:21:00,332.82,333.12,332.77,332.9124,118332
2026-07-28 11:22:00,332.95,333.0,332.36,332.41,107994
2026-07-28 11:23:00,332.405,332.6399,332.08,332.33,75521
2026-07-28 11:24:00,332.32,332.36,332.15,332.17,68218
2026-07-28 11:25:00,332.14,332.145,331.67,331.83,78428
2026-07-28 11:26:00,331.84,332.33,331.82,332.3,45068
2026-07-28 11:27:00,332.345,332.48,332.26,332.42,58364
2026-07-28 11:28:00,332.42,332.65,332.3591,332.53,60007
2026-07-28 11:29:00,332.56,332.635,332.32,332.34,74970
2026-07-28 11:30:00,332.4,332.722,332.3101,332.575,50794
2026-07-28 11:31:00,332.5615,332.7,332.335,332.4185,62685
2026-07-28 11:32:00,332.405,332.57,332.28,332.485,41511
2026-07-28 11:33:00,332.51,332.6,332.35,332.5799,74766
2026-07-28 11:34:00,332.58,332.82,332.49,332.71,50055
2026-07-28 11:35:00,332.71,332.8903,332.66,332.785,68755
2026-07-28 11:36:00,332.78,333.0699,332.78,333.0699,63966
2026-07-28 11:37:00,333.035,333.32,333.0101,333.23,59774
2026-07-28 11:38:00,333.21,333.42,333.145,333.25,58826
2026-07-28 11:39:00,333.245,333.3199,333.135,333.135,43463
2026-07-28 11:40:00,333.13,333.4499,333.1,333.4499,49454
2026-07-28 11:41:00,333.42,333.67,333.1007,333.155,81707
2026-07-28 11:42:00,333.14,333.26,333.0,333.21,45485
2026-07-28 11:43:00,333.21,333.34,333.17,333.2001,55969
2026-07-28 11:44:00,333.21,333.37,333.14,333.31,28213
2026-07-28 11:45:00,333.335,333.39,333.08,333.08,42989
2026-07-28 11:46:00,333.075,333.12,332.875,332.89,50694
2026-07-28 11:47:00,332.87,333.0993,332.65,333.065,45713
2026-07-28 11:48:00,333.05,333.18,333.05,333.17,32897
2026-07-28 11:49:00,333.2,333.23,332.69,332.74,50111
2026-07-28 11:50:00,332.71,332.765,332.395,332.395,57081
2026-07-28 11:51:00,332.38,332.87,332.27,332.87,39366
2026-07-28 11:52:00,332.855,333.11,332.85,333.08,41767
2026-07-28 11:53:00,333.1,333.25,333.02,333.2,35197
2026-07-28 11:54:00,333.15,333.37,333.0601,333.37,32161
2026-07-28 11:55:00,333.39,333.47,333.14,333.1587,35159
2026-07-28 11:56:00,333.115,333.49,333.065,333.4,41156
2026-07-28 11:57:00,333.395,333.55,333.29,333.49,45286
2026-07-28 11:58:00,333.49,333.53,333.305,333.41,32323
2026-07-28 11:59:00,333.4,333.5799,333.34,333.45,33220
2026-07-28 12:00:00,333.52,333.545,333.3,333.46,27648
2026-07-28 12:01:00,333.47,333.54,333.25,333.28,36725
2026-07-28 12:02:00,333.29,333.3,333.07,333.13,36144
2026-07-28 12:03:00,333.13,333.2294,333.0,333.0695,34220
2026-07-28 12:04:00,333.08,333.1346,332.94,332.955,27114
2026-07-28 12:05:00,332.92,333.0,332.8,332.88,45075
2026-07-28 12:06:00,332.89,333.22,332.8448,333.21,65247
2026-07-28 12:07:00,333.21,333.215,333.1,333.1,21986
2026-07-28 12:08:00,333.1,333.29,333.09,333.24,34876
2026-07-28 12:09:00,333.22,333.2216,333.055,333.16,56277
2026-07-28 12:10:00,333.16,333.27,332.9483,332.98,31378
2026-07-28 12:11:00,332.99,333.105,332.9,333.1,25391
2026-07-28 12:12:00,333.1,333.173,332.96,333.12,29968
2026-07-28 12:13:00,333.1,333.21,333.005,333.015,36877
2026-07-28 12:14:00,333.03,333.18,333.03,333.14,18689
2026-07-28 12:15:00,333.135,333.54,333.135,333.52,46630
2026-07-28 12:16:00,333.4705,333.4705,333.18,333.4456,31614
2026-07-28 12:17:00,333.43,333.94,333.43,333.83,54519
2026-07-28 12:18:00,333.8594,334.13,333.6949,333.7,64781
2026-07-28 12:19:00,333.71,334.147,333.681,334.095,32473
2026-07-28 12:20:00,334.11,334.17,333.83,333.89,34591
2026-07-28 12:21:00,333.885,333.9299,333.8,333.895,19504
2026-07-28 12:22:00,333.89,334.0249,333.82,333.92,29863
2026-07-28 12:23:00,333.925,333.96,333.7074,333.83,29501
2026-07-28 12:24:00,333.835,333.835,333.6,333.76,22734
2026-07-28 12:25:00,333.7675,333.92,333.72,333.89,24173
2026-07-28 12:26:00,333.895,333.92,333.7,333.71,19054
2026-07-28 12:27:00,333.72,333.95,333.72,333.735,28308
2026-07-28 12:28:00,333.76,333.83,333.64,333.65,17310
2026-07-28 12:29:00,333.64,333.71,333.51,333.53,21342
2026-07-28 12:30:00,333.535,333.5889,333.45,333.48,22733
2026-07-28 12:31:00,333.53,333.59,333.35,333.35,31563
2026-07-28 12:32:00,333.36,333.375,333.22,333.27,29401
2026-07-28 12:33:00,333.3,333.34,333.19,333.215,31259
2026-07-28 12:34:00,333.215,333.23,332.99,333.175,40211
2026-07-28 12:35:00,333.19,333.23,333.14,333.21,18319
2026-07-28 12:36:00,333.21,333.35,333.16,333.235,18608
2026-07-28 12:37:00,333.255,333.32,333.15,333.305,18473
2026-07-28 12:38:00,333.324,333.705,333.305,333.6199,23972
2026-07-28 12:39:00,333.61,333.74,333.55,333.73,15199
2026-07-28 12:40:00,333.725,333.79,333.69,333.74,21060
2026-07-28 12:41:00,333.76,333.87,333.68,333.86,28769
2026-07-28 12:42:00,333.855,333.89,333.78,333.853,25865
2026-07-28 12:43:00,333.87,333.93,333.8,333.8883,43424
2026-07-28 12:44:00,333.9,333.98,333.65,333.6676,26141
2026-07-28 12:45:00,333.65,333.695,333.57,333.6,34402
2026-07-28 12:46:00,333.56,333.7,333.45,333.5,20896
2026-07-28 12:47:00,333.5301,333.6,333.53,333.54,13194
2026-07-28 12:48:00,333.6,333.66,333.5105,333.57,15645
2026-07-28 12:49:00,333.56,333.81,333.56,333.7993,13408
2026-07-28 12:50:00,333.8,333.97,333.76,333.95,24322
2026-07-28 12:51:00,333.925,334.13,333.925,334.0,28465
2026-07-28 12:52:00,334.0,334.11,333.92,334.075,23729
2026-07-28 12:53:00,334.08,334.3,334.07,334.1,35776
2026-07-28 12:54:00,334.12,334.15,334.025,334.1,18090
2026-07-28 12:55:00,334.08,334.2486,334.06,334.2001,24904
2026-07-28 12:56:00,334.185,334.34,334.1,334.3299,38518
2026-07-28 12:57:00,334.3,334.41,334.195,334.41,27597
2026-07-28 12:58:00,334.3701,334.48,334.3,334.38,25766
2026-07-28 12:59:00,334.36,334.45,334.355,334.45,14687
2026-07-28 13:00:00,334.45,334.45,334.3201,334.37,22166
2026-07-28 13:01:00,334.35,334.5,334.33,334.485,46312
2026-07-28 13:02:00,334.485,334.7274,334.46,334.6191,85757
2026-07-28 13:03:00,334.63,334.7,334.43,334.475,138484
2026-07-28 13:04:00,334.47,334.55,334.275,334.3678,42612
2026-07-28 13:05:00,334.35,334.45,334.31,334.36,24226
2026-07-28 13:06:00,334.35,334.435,334.18,334.36,31268
2026-07-28 13:07:00,334.36,334.4336,334.1801,334.205,31221
2026-07-28 13:08:00,334.25,334.35,334.01,334.01,29906
2026-07-28 13:09:00,334.0,334.08,333.81,333.81,29439
2026-07-28 13:10:00,333.78,333.94,333.66,333.92,46820
2026-07-28 13:11:00,333.97,334.24,333.96,334.24,41950
2026-07-28 13:12:00,334.245,334.33,334.19,334.265,36578
2026-07-28 13:13:00,334.28,334.28,334.13,334.22,18980
2026-07-28 13:14:00,334.21,334.3,334.19,334.3,21623
2026-07-28 13:15:00,334.28,334.58,334.28,334.5,33251
2026-07-28 13:16:00,334.51,334.51,334.37,334.46,75448
2026-07-28 13:17:00,334.46,334.505,334.3,334.36,48442
2026-07-28 13:18:00,334.38,334.51,334.32,334.38,53209
2026-07-28 13:19:00,334.3474,334.715,334.3356,334.71,87718
2026-07-28 13:20:00,334.708,334.82,334.57,334.78,59558
2026-07-28 13:21:00,334.785,334.98,334.775,334.82,67958
2026-07-28 13:22:00,334.825,334.825,334.6,334.68,39135
2026-07-28 13:23:00,334.675,334.83,334.675,334.76,23740
2026-07-28 13:24:00,334.7401,334.87,334.7401,334.835,17233
2026-07-28 13:25:00,334.82,334.88,334.6,334.78,25715
2026-07-28 13:26:00,334.79,334.92,334.7236,334.92,30812
2026-07-28 13:27:00,334.91,335.07,334.72,335.01,75840
2026-07-28 13:28:00,334.99,335.26,334.98,335.09,41264
2026-07-28 13:29:00,335.08,335.25,335.05,335.06,39633
2026-07-28 13:30:00,335.06,335.29,335.0,335.21,31084
2026-07-28 13:31:00,335.205,335.55,335.205,335.544,44023
2026-07-28 13:32:00,335.5499,335.63,335.265,335.41,47119
2026-07-28 13:33:00,335.36,335.62,335.355,335.53,46329
2026-07-28 13:34:00,335.545,335.85,335.53,335.725,63106
2026-07-28 13:35:00,335.7,335.83,335.47,335.51,37412
2026-07-28 13:36:00,335.515,335.76,335.515,335.63,36631
2026-07-28 13:37:00,335.655,335.79,335.655,335.75,23011
2026-07-28 13:38:00,335.76,335.78,335.56,335.63,37841
2026-07-28 13:39:00,335.63,335.665,335.48,335.55,40584
2026-07-28 13:40:00,335.555,335.7,335.48,335.64,58134
2026-07-28 13:41:00,335.63,335.85,335.6,335.6503,51064
2026-07-28 13:42:00,335.625,335.69,335.47,335.51,26463
2026-07-28 13:43:00,335.505,335.505,335.085,335.15,43749
2026-07-28 13:44:00,335.155,335.155,334.8,334.8361,88699
2026-07-28 13:45:00,334.8,334.92,334.73,334.785,46020
2026-07-28 13:46:00,334.74,334.825,334.67,334.825,34930
2026-07-28 13:47:00,334.83,335.0,334.76,335.0,20822
2026-07-28 13:48:00,335.0,335.51,335.0,335.452,48998
2026-07-28 13:49:00,335.455,335.6999,335.35,335.6999,33339
2026-07-28 13:50:00,335.7,335.72,335.53,335.55,30983
2026-07-28 13:51:00,335.54,335.65,335.5,335.58,24248
2026-07-28 13:52:00,335.58,335.64,335.325,335.325,29714
2026-07-28 13:53:00,335.33,335.38,335.2,335.29,20222
2026-07-28 13:54:00,335.285,335.3699,335.13,335.23,27911
2026-07-28 13:55:00,335.22,335.37,335.19,335.3,21219
2026-07-28 13:56:00,335.285,335.51,335.2667,335.45,85669
2026-07-28 13:57:00,335.4697,335.54,335.429,335.515,32438
2026-07-28 13:58:00,335.54,335.65,335.46,335.62,31499
2026-07-28 13:59:00,335.621,335.88,335.621,335.84,27244
2026-07-28 14:00:00,335.8214,335.8214,335.4,335.45,47343
2026-07-28 14:01:00,335.42,335.4699,335.15,335.215,33824
2026-07-28 14:02:00,335.215,335.28,335.09,335.25,21205
2026-07-28 14:03:00,335.235,335.31,335.14,335.15,27703
2026-07-28 14:04:00,335.15,335.38,335.14,335.29,22717
2026-07-28 14:05:00,335.28,335.28,334.68,334.68,71621
2026-07-28 14:06:00,334.68,334.71,334.5,334.5275,27449
2026-07-28 14:07:00,334.54,334.6,334.37,334.57,74036
2026-07-28 14:08:00,334.56,334.575,334.43,334.505,27918
2026-07-28 14:09:00,334.47,334.694,334.45,334.61,24833
2026-07-28 14:10:00,334.61,334.6214,334.433,334.44,22749
2026-07-28 14:11:00,334.43,334.43,334.25,334.34,24818
2026-07-28 14:12:00,334.34,334.3776,334.19,334.355,30377
2026-07-28 14:13:00,334.37,334.54,334.365,334.48,29353
2026-07-28 14:14:00,334.48,334.53,334.42,334.5,32049
2026-07-28 14:15:00,334.54,334.58,334.35,334.54,34443
2026-07-28 14:16:00,334.5699,334.5699,334.27,334.35,52121
2026-07-28 14:17:00,334.335,334.49,334.27,334.395,29287
2026-07-28 14:18:00,334.38,334.73,334.37,334.695,23265
2026-07-28 14:19:00,334.71,334.94,334.67,334.88,26322
2026-07-28 14:20:00,334.89,335.0295,334.84,334.965,31634
2026-07-28 14:21:00,334.95,335.02,334.91,334.9599,26058
2026-07-28 14:22:00,334.96,335.2,334.96,335.175,30720
2026-07-28 14:23:00,335.19,335.19,335.0,335.015,30321
2026-07-28 14:24:00,335.015,335.13,334.92,334.92,23096
2026-07-28 14:25:00,335.0516,335.06,334.53,334.86,60524
2026-07-28 14:26:00,334.85,335.0,334.61,334.82,38221
2026-07-28 14:27:00,334.77,334.9,334.65,334.86,27312
2026-07-28 14:28:00,334.85,334.98,334.81,334.91,19161
2026-07-28 14:29:00,334.9,334.99,334.77,334.865,23956
2026-07-28 14:30:00,334.87,334.895,334.55,334.65,35738
2026-07-28 14:31:00,334.67,334.92,334.64,334.85,29611
2026-07-28 14:32:00,334.86,334.86,334.6202,334.705,40037
2026-07-28 14:33:00,334.725,334.845,334.68,334.8201,23609
2026-07-28 14:34:00,334.83,334.9292,334.81,334.88,39320
2026-07-28 14:35:00,334.88,335.0522,334.8,334.85,28622
2026-07-28 14:36:00,334.89,334.9698,334.76,334.9001,26393
2026-07-28 14:37:00,334.935,335.035,334.91,334.98,22771
2026-07-28 14:38:00,334.99,335.16,334.95,334.9995,25586
2026-07-28 14:39:00,334.99,335.1175,334.84,335.1,23192
2026-07-28 14:40:00,335.08,335.25,335.01,335.08,47183
2026-07-28 14:41:00,335.09,335.28,335.05,335.13,34303
2026-07-28 14:42:00,335.11,335.19,335.0,335.145,27755
2026-07-28 14:43:00,335.145,335.42,335.145,335.4,46972
2026-07-28 14:44:00,335.38,335.5,335.25,335.46,42909
2026-07-28 14:45:00,335.48,335.695,335.4,335.695,38235
2026-07-28 14:46:00,335.69,335.78,335.65,335.76,36700
2026-07-28 14:47:00,335.78,335.84,335.66,335.66,36331
2026-07-28 14:48:00,335.68,335.86,335.68,335.6801,52858
2026-07-28 14:49:00,335.68,335.83,335.63,335.82,25876
2026-07-28 14:50:00,335.83,335.88,335.76,335.88,41915
2026-07-28 14:51:00,335.87,335.87,335.51,335.56,63490
2026-07-28 14:52:00,335.57,335.72,335.55,335.67,18385
2026-07-28 14:53:00,335.67,335.768,335.5,335.5,81013
2026-07-28 14:54:00,335.5,335.635,335.49,335.52,66236
2026-07-28 14:55:00,335.55,335.55,335.18,335.28,97251
2026-07-28 14:56:00,335.29,335.35,335.26,335.295,30578
2026-07-28 14:57:00,335.2901,335.3499,335.24,335.29,26476
2026-07-28 14:58:00,335.29,335.37,335.27,335.31,22476
2026-07-28 14:59:00,335.32,335.46,335.19,335.23,39456
2026-07-28 15:00:00,335.225,335.42,335.2,335.32,45078
2026-07-28 15:01:00,335.32,335.43,335.17,335.31,37023
2026-07-28 15:02:00,335.3,335.33,335.19,335.3,23520
2026-07-28 15:03:00,335.3,335.34,335.19,335.23,32742
2026-07-28 15:04:00,335.22,335.26,335.11,335.1701,34038
2026-07-28 15:05:00,335.19,335.25,335.09,335.25,32493
2026-07-28 15:06:00,335.23,335.26,335.1401,335.18,32408
2026-07-28 15:07:00,335.16,335.19,334.95,334.98,31415
2026-07-28 15:08:00,334.99,335.01,334.75,334.75,42572
2026-07-28 15:09:00,334.755,334.84,334.51,334.55,69930
2026-07-28 15:10:00,334.54,334.6,334.12,334.12,45317
2026-07-28 15:11:00,334.135,334.31,334.1,334.16,36880
2026-07-28 15:12:00,334.17,334.23,334.0,334.21,30887
2026-07-28 15:13:00,334.2,334.34,334.2,334.3,22423
2026-07-28 15:14:00,334.29,334.43,334.155,334.345,52519
2026-07-28 15:15:00,334.3301,334.3301,334.1201,334.19,81605
2026-07-28 15:16:00,334.185,334.41,334.148,334.31,38091
2026-07-28 15:17:00,334.305,334.42,334.23,334.28,52129
2026-07-28 15:18:00,334.25,334.32,334.11,334.3,43848
2026-07-28 15:19:00,334.31,334.32,334.12,334.22,36400
2026-07-28 15:20:00,334.22,334.24,334.07,334.13,50501
2026-07-28 15:21:00,334.12,334.13,333.88,334.06,73964
2026-07-28 15:22:00,334.06,334.06,333.84,333.95,66940
2026-07-28 15:23:00,333.945,333.97,333.8545,333.91,29668
2026-07-28 15:24:00,333.9099,333.995,333.83,333.87,43507
2026-07-28 15:25:00,333.86,333.91,333.78,333.8102,43920
2026-07-28 15:26:00,333.811,333.895,333.8,333.86,28628
2026-07-28 15:27:00,333.84,334.2,333.84,334.15,43786
2026-07-28 15:28:00,334.14,334.3398,334.12,334.27,37146
2026-07-28 15:29:00,334.285,334.3,334.18,334.29,38403
2026-07-28 15:30:00,334.26,334.6499,334.18,334.6,67968
2026-07-28 15:31:00,334.615,334.69,334.53,334.62,42652
2026-07-28 15:32:00,334.6207,334.705,334.48,334.4927,45326
2026-07-28 15:33:00,334.48,334.55,334.31,334.5397,73932
2026-07-28 15:34:00,334.525,334.64,334.5,334.53,35529
2026-07-28 15:35:00,334.54,334.57,334.21,334.225,50066
2026-07-28 15:36:00,334.2,334.4,334.19,334.39,50801
2026-07-28 15:37:00,334.38,334.445,334.32,334.345,37809
2026-07-28 15:38:00,334.33,334.53,334.31,334.51,48684
2026-07-28 15:39:00,334.51,334.68,334.47,334.645,40742
2026-07-28 15:40:00,334.635,334.66,334.31,334.34,47226
2026-07-28 15:41:00,334.355,334.37,334.14,334.21,36291
2026-07-28 15:42:00,334.205,334.3247,334.08,334.3247,38971
2026-07-28 15:43:00,334.33,334.545,334.3,334.49,46467
2026-07-28 15:44:00,334.47,334.49,334.33,334.39,40654
2026-07-28 15:45:00,334.39,334.485,334.0,334.05,91480
2026-07-28 15:46:00,334.02,334.14,333.9535,334.035,52775
2026-07-28 15:47:00,334.05,334.05,333.74,333.84,60713
2026-07-28 15:48:00,333.8394,333.99,333.62,333.62,44937
2026-07-28 15:49:00,333.63,333.87,333.565,333.84,73803
2026-07-28 15:50:00,333.81,333.8592,333.49,333.5844,91757
2026-07-28 15:51:00,333.61,333.66,333.39,333.5,122848
2026-07-28 15:52:00,333.5,333.72,333.38,333.69,124988
2026-07-28 15:53:00,333.69,333.78,333.61,333.63,113221
2026-07-28 15:54:00,333.64,333.915,333.56,333.88,153303
2026-07-28 15:55:00,333.88,333.88,333.4,333.54,215246
2026-07-28 15:56:00,333.53,333.8,333.45,333.75,179112
2026-07-28 15:57:00,333.76,333.9,333.7,333.725,220834
2026-07-28 15:58:00,333.725,333.83,333.61,333.74,353613
2026-07-28 15:59:00,333.74,333.83,333.57,333.73,701157
2026-07-28 16:00:00,333.79,333.9215,333.56,333.6201,790
2026-07-28 16:01:00,333.76,334.54,333.62,333.93,0
2026-07-28 16:02:00,334.3,334.35,333.901,333.901,0
2026-07-28 16:03:00,333.93,334.13,333.59,334.1287,0
2026-07-28 16:04:00,334.0385,334.6,333.71,334.6,0
2026-07-28 16:05:00,334.44,335.43,334.17,334.69,0
2026-07-28 16:06:00,334.4129,334.75,334.04,334.04,0
2026-07-28 16:07:00,334.12,334.69,334.0562,334.48,0
2026-07-28 16:08:00,334.5,334.64,334.29,334.5,0
2026-07-28 16:09:00,334.51,334.56,333.71,334.13,0
2026-07-28 16:10:00,334.14,334.7,333.71,334.7,0
2026-07-28 16:11:00,334.69,335.0,334.3985,334.95,0
2026-07-28 16:12:00,334.75,335.12,334.75,334.9682,0
2026-07-28 16:13:00,335.0,335.46,334.97,335.2,0
2026-07-28 16:14:00,335.35,335.35,334.96,335.07,0
2026-07-28 16:15:00,333.71,335.153,333.71,335.07,0
2026-07-28 16:16:00,335.08,335.25,334.96,335.18,0
2026-07-28 16:17:00,334.96,335.38,333.71,335.3435,0
2026-07-28 16:18:00,335.28,335.5,335.1,335.4063,0
2026-07-28 16:19:00,335.45,335.5,335.25,335.43,0
2026-07-28 16:20:00,333.71,335.5,333.71,335.485,0
2026-07-28 16:21:00,335.12,335.2,333.71,334.91,0
2026-07-28 16:22:00,334.9075,335.05,334.88,335.0,0
2026-07-28 16:23:00,335.0,335.11,334.9121,335.04,0
2026-07-28 16:24:00,335.0496,335.15,335.04,335.0577,0
2026-07-28 16:25:00,335.05,335.1444,334.8,334.8,0
2026-07-28 16:26:00,334.8,334.9988,334.66,334.7608,0
2026-07-28 16:27:00,334.66,335.0,334.66,334.88,0
2026-07-28 16:28:00,334.9,335.0,334.81,334.85,0
2026-07-28 16:29:00,334.95,334.99,334.766,334.97,0
2026-07-28 16:30:00,334.85,334.97,334.66,334.71,0
2026-07-28 16:31:00,334.83,334.84,334.71,334.7266,0
2026-07-28 16:32:00,334.8,334.9,334.66,334.9,0
2026-07-28 16:33:00,334.87,334.92,334.66,334.92,0
2026-07-28 16:34:00,334.82,334.92,334.66,334.85,0
2026-07-28 16:35:00,334.94,334.98,334.7,334.7755,0
2026-07-28 16:36:00,334.98,334.98,334.77,334.8,0
2026-07-28 16:37:00,334.83,334.96,334.76,334.96,0
2026-07-28 16:38:00,334.9,334.95,334.72,334.94,0
2026-07-28 16:39:00,334.9291,334.9291,334.7461,334.8995,0
2026-07-28 16:40:00,334.93,346.53,326.49,334.8483,0
2026-07-28 16:41:00,334.67,334.85,334.67,334.7,0
2026-07-28 16:42:00,334.85,334.85,334.7,334.85,0
2026-07-28 16:43:00,334.785,334.85,334.785,334.7919,0
2026-07-28 16:44:00,334.7902,334.9898,334.7902,334.96,0
2026-07-28 16:45:00,334.97,334.9952,334.81,334.99,0
2026-07-28 16:46:00,334.91,335.0,326.49,334.95,0
2026-07-28 16:47:00,334.9562,334.99,334.8801,334.99,0
2026-07-28 16:48:00,313.7336,334.99,313.7336,334.92,0
2026-07-28 16:49:00,334.8717,334.9865,334.69,334.69,0
2026-07-28 16:50:00,334.78,334.8299,334.75,334.8299,0
2026-07-28 16:51:00,334.8,334.81,334.7509,334.7509,0
2026-07-28 16:52:00,334.82,334.82,332.3136,334.8,0
2026-07-28 16:53:00,334.8,334.92,323.0275,334.9,0
2026-07-28 16:54:00,334.8046,334.9157,334.8,334.8937,0
2026-07-28 16:55:00,334.9157,334.92,334.75,334.79,0
2026-07-28 16:56:00,334.7809,334.9,332.3136,334.782,0
2026-07-28 16:57:00,334.8378,334.86,334.1021,334.7841,0
2026-07-28 16:58:00,334.79,334.8983,334.76,334.8983,0
2026-07-28 16:59:00,334.7911,334.9182,320.364,334.9182,0
2026-07-28 17:00:00,334.91,334.91,320.364,334.8988,0
2026-07-28 17:01:00,334.9445,335.35,334.8644,335.25,0
2026-07-28 17:02:00,335.19,335.19,320.364,335.13,0
2026-07-28 17:03:00,335.18,335.2,320.364,335.2,0
2026-07-28 17:04:00,330.9768,335.195,330.9768,335.0805,0
2026-07-28 17:05:00,335.04,335.1,320.4614,335.0988,0
2026-07-28 17:06:00,335.0394,335.0988,334.98,335.0988,0
2026-07-28 17:07:00,335.0,335.1,329.8273,335.01,0
2026-07-28 17:08:00,335.07,335.07,334.92,335.0,0
2026-07-28 17:09:00,334.9,335.0,334.86,334.9707,0
2026-07-28 17:10:00,334.9405,334.9965,327.3547,334.9965,0
2026-07-28 17:11:00,334.87,334.9783,334.86,334.95,0
2026-07-28 17:12:00,334.95,334.95,334.85,334.8904,0
2026-07-28 17:13:00,334.9,334.95,334.8,334.9,0
2026-07-28 17:14:00,334.8147,334.9499,333.4972,334.7285,0
2026-07-28 17:15:00,334.72,334.7586,333.71,334.75,0
2026-07-28 17:16:00,320.364,334.75,320.364,334.67,0
2026-07-28 17:17:00,334.72,334.9,334.66,334.71,0
2026-07-28 17:18:00,334.7,334.7,334.66,334.66,0
2026-07-28 17:19:00,334.78,334.78,334.69,334.71,0
2026-07-28 17:20:00,334.6645,334.84,334.65,334.78,0
2026-07-28 17:21:00,334.66,334.6604,334.66,334.6604,0
2026-07-28 17:22:00,334.66,334.7273,334.2612,334.2612,0
2026-07-28 17:23:00,334.58,334.58,334.26,334.42,0
2026-07-28 17:24:00,334.6,334.7,334.54,334.7,0
2026-07-28 17:25:00,334.2905,334.7,334.2905,334.67,0
2026-07-28 17:26:00,334.35,334.6458,334.35,334.5,0
2026-07-28 17:27:00,334.5,334.57,334.39,334.48,0
2026-07-28 17:28:00,334.5421,334.69,334.5,334.68,0
2026-07-28 17:29:00,334.68,334.69,334.27,334.39,0
2026-07-28 17:30:00,334.65,334.65,334.39,334.5265,0
2026-07-28 17:31:00,334.507,334.65,334.35,334.52,0
2026-07-28 17:32:00,334.6415,334.6415,334.3,334.51,0
2026-07-28 17:33:00,334.29,334.65,334.29,334.3473,0
2026-07-28 17:34:00,334.5,334.5435,334.3,334.44,0
2026-07-28 17:35:00,334.29,334.57,334.29,334.57,0
2026-07-28 17:36:00,334.57,334.65,334.29,334.42,0
2026-07-28 17:37:00,334.4035,334.6412,334.3314,334.4,0
2026-07-28 17:38:00,334.3,334.4,334.24,334.3435,0
2026-07-28 17:39:00,334.46,334.51,334.27,334.3371,0
2026-07-28 17:40:00,334.38,334.5,334.3508,334.44,0
2026-07-28 17:41:00,334.4393,334.5,334.37,334.37,0
2026-07-28 17:42:00,334.37,334.5,334.37,334.37,0
2026-07-28 17:43:00,334.37,334.37,334.3,334.3368,0
2026-07-28 17:44:00,334.3,334.5,334.3,334.3,0
2026-07-28 17:45:00,334.5,334.5,334.33,334.4987,0
2026-07-28 17:46:00,334.469,334.49,333.71,334.4,0
2026-07-28 17:47:00,334.4,334.41,334.31,334.41,0
2026-07-28 17:48:00,334.41,334.41,334.302,334.38,0
2026-07-28 17:49:00,334.35,334.5783,334.3,334.5319,0
2026-07-28 17:50:00,334.55,334.55,334.4586,334.55,0
2026-07-28 17:51:00,334.5185,334.55,334.47,334.5287,0
2026-07-28 17:52:00,334.52,334.54,334.5,334.5331,0
2026-07-28 17:53:00,334.54,334.54,334.42,334.51,0
2026-07-28 17:54:00,334.5,334.5,334.45,334.45,0
2026-07-28 17:55:00,334.498,334.5,334.42,334.47,0
2026-07-28 17:56:00,334.47,334.47,334.45,334.4595,0
2026-07-28 17:57:00,334.42,334.47,334.4,334.46,0
2026-07-28 17:58:00,334.34,334.46,334.34,334.3432,0
2026-07-28 17:59:00,334.45,334.47,334.3725,334.45,0
2026-07-28 18:00:00,334.3412,334.4,334.34,334.34,0
2026-07-28 18:01:00,334.4499,334.5,334.3432,334.5,0
2026-07-28 18:02:00,334.49,334.55,334.34,334.4841,0
2026-07-28 18:03:00,334.5135,334.9,334.5135,334.56,0
2026-07-28 18:04:00,334.77,334.8915,334.56,334.5685,0
2026-07-28 18:05:00,334.8915,334.8915,334.57,334.59,0
2026-07-28 18:06:00,334.7106,334.7394,334.7,334.71,0
2026-07-28 18:07:00,334.71,334.9,334.7,334.75,0
2026-07-28 18:08:00,334.71,334.9,334.37,334.6249,0
2026-07-28 18:09:00,334.86,334.86,334.55,334.6684,0
2026-07-28 18:10:00,334.55,335.3,334.55,334.7183,0
2026-07-28 18:11:00,334.55,334.7628,334.55,334.585,0
2026-07-28 18:12:00,334.62,334.62,334.55,334.56,0
2026-07-28 18:13:00,334.56,334.7,334.38,334.57,0
2026-07-28 18:14:00,334.67,334.72,334.4263,334.72,0
2026-07-28 18:15:00,334.4,334.675,334.3495,334.3592,0
2026-07-28 18:16:00,334.48,334.51,334.4,334.51,0
2026-07-28 18:17:00,334.45,334.48,334.34,334.39,0
2026-07-28 18:18:00,334.39,334.39,334.13,334.24,0
2026-07-28 18:19:00,334.13,334.1877,334.12,334.18,0
2026-07-28 18:20:00,334.05,334.1367,334.01,334.05,0
2026-07-28 18:21:00,334.14,334.14,333.89,333.89,0
2026-07-28 18:22:00,333.89,333.99,333.81,333.81,0
2026-07-28 18:23:00,334.03,334.05,333.85,333.88,0
2026-07-28 18:24:00,333.88,333.987,333.81,333.8645,0
2026-07-28 18:25:00,333.9213,333.9213,333.8142,333.8142,0
2026-07-28 18:26:00,333.98,333.98,333.785,333.83,0
2026-07-28 18:27:00,333.9605,333.9796,333.96,333.96,0
2026-07-28 18:28:00,333.98,334.23,333.98,334.23,0
2026-07-28 18:29:00,334.14,334.2262,334.04,334.04,0
2026-07-28 18:30:00,334.24,334.24,334.04,334.04,0
2026-07-28 18:31:00,334.1488,334.15,334.014,334.15,0
2026-07-28 18:32:00,334.06,334.06,333.78,333.78,0
2026-07-28 18:33:00,333.8152,334.053,333.78,333.78,0
2026-07-28 18:34:00,333.78,333.99,333.78,333.95,0
2026-07-28 18:35:00,333.91,333.91,333.78,333.87,0
2026-07-28 18:36:00,333.85,333.8899,333.7814,333.88,0
2026-07-28 18:37:00,333.78,333.8926,333.78,333.78,0
2026-07-28 18:38:00,333.8995,333.9,333.7,333.7,0
2026-07-28 18:39:00,333.7398,333.7398,333.16,333.16,0
2026-07-28 18:40:00,333.15,333.3392,333.15,333.28,0
2026-07-28 18:41:00,333.28,333.306,333.03,333.21,0
2026-07-28 18:42:00,333.184,333.48,333.1,333.3,0
2026-07-28 18:43:00,333.33,333.33,333.1,333.1,0
2026-07-28 18:44:00,333.11,333.215,333.1,333.1914,0
2026-07-28 18:45:00,333.15,333.18,332.99,333.05,0
2026-07-28 18:46:00,332.8755,333.03,332.8,332.84,0
2026-07-28 18:47:00,332.85,333.0,332.781,332.781,0
2026-07-28 18:48:00,332.85,333.1012,332.76,333.1012,0
2026-07-28 18:49:00,333.11,333.47,332.93,333.42,0
2026-07-28 18:50:00,332.96,333.73,332.95,333.25,0
2026-07-28 18:51:00,333.25,333.7,333.25,333.65,0
2026-07-28 18:52:00,333.68,334.51,333.38,333.38,0
2026-07-28 18:53:00,333.35,334.0,333.35,333.6,0
2026-07-28 18:54:00,333.6,334.3187,333.35,334.135,0
2026-07-28 18:55:00,333.84,334.15,333.6,333.84,0
2026-07-28 18:56:00,333.83,333.83,333.4095,333.4226,0
2026-07-28 18:57:00,333.4615,333.7,333.37,333.68,0
2026-07-28 18:58:00,333.47,333.84,333.37,333.4615,0
2026-07-28 18:59:00,333.9,333.9136,333.37,333.42,0
2026-07-28 19:00:00,333.828,333.83,332.84,332.84,0
2026-07-28 19:01:00,333.06,333.4388,332.84,332.84,0
2026-07-28 19:02:00,333.24,333.24,332.72,332.8394,0
2026-07-28 19:03:00,332.8,333.0807,332.331,332.5,0
2026-07-28 19:04:00,332.68,333.0,332.5,332.8,0
2026-07-28 19:05:00,332.7995,333.35,332.7995,333.14,0
2026-07-28 19:06:00,333.14,333.55,332.92,332.9902,0
2026-07-28 19:07:00,333.03,333.54,333.03,333.43,0
2026-07-28 19:08:00,333.1037,333.55,333.02,333.41,0
2026-07-28 19:09:00,333.22,333.5,332.72,332.8,0
2026-07-28 19:10:00,332.74,332.95,332.64,332.7,0
2026-07-28 19:11:00,333.32,333.32,332.64,332.97,0
2026-07-28 19:12:00,332.947,333.31,332.72,333.31,0
2026-07-28 19:13:00,332.8,333.5,332.8,333.5,0
2026-07-28 19:14:00,333.3866,333.95,333.1202,333.1202,0
2026-07-28 19:15:00,333.79,333.79,333.2767,333.3282,0
2026-07-28 19:16:00,333.21,333.8,332.82,333.33,0
2026-07-28 19:17:00,333.77,333.77,333.1869,333.4722,0
2026-07-28 19:18:00,333.75,333.9988,333.2914,333.54,0
2026-07-28 19:19:00,333.54,333.87,333.45,333.45,0
2026-07-28 19:20:00,333.54,333.7222,332.97,333.54,0
2026-07-28 19:21:00,333.2418,333.89,333.2418,333.6,0
2026-07-28 19:22:00,333.91,334.0,333.6,333.89,0
2026-07-28 19:23:00,333.991,334.0,333.49,333.8,0
2026-07-28 19:24:00,334.0,334.01,333.75,333.9746,0
2026-07-28 19:25:00,334.2405,334.2405,333.87,333.87,0
2026-07-28 19:26:00,333.89,334.28,333.88,334.2499,0
2026-07-28 19:27:00,333.9894,334.21,333.94,333.99,0
2026-07-28 19:28:00,333.87,334.25,333.73,334.25,0
2026-07-28 19:29:00,334.24,334.25,334.24,334.25,0
2026-07-28 19:30:00,334.1,334.24,333.88,333.92,0
2026-07-28 19:31:00,334.0088,334.0088,333.91,333.98,0
2026-07-28 19:32:00,334.0,334.0103,333.88,333.88,0
2026-07-28 19:33:00,333.68,334.01,333.68,333.68,0
2026-07-28 19:34:00,334.25,334.25,333.68,333.76,0
2026-07-28 19:35:00,333.8,334.0,333.73,333.8,0
2026-07-28 19:36:00,333.88,334.11,333.73,334.11,0
2026-07-28 19:37:00,333.98,334.2,333.7417,334.2,0
2026-07-28 19:38:00,334.2,334.2,333.74,333.74,0
2026-07-28 19:39:00,334.2,334.2,333.74,333.74,0
2026-07-28 19:40:00,333.7401,334.2,333.48,333.48,0
2026-07-28 19:41:00,333.48,333.88,333.48,333.88,0
2026-07-28 19:42:00,333.8446,333.88,333.48,333.5018,0
2026-07-28 19:43:00,333.52,333.99,333.52,333.602,0
2026-07-28 19:44:00,333.59,334.57,333.59,334.4,0
2026-07-28 19:45:00,333.85,334.5626,333.85,334.56,0
2026-07-28 19:46:00,333.89,334.71,333.89,334.71,0
2026-07-28 19:47:00,334.71,334.71,334.5631,334.62,0
2026-07-28 19:48:00,334.58,334.741,334.5,334.74,0
2026-07-28 19:49:00,334.74,334.9,334.6,334.9,0
2026-07-28 19:50:00,334.9,335.4472,334.9,335.4472,0
2026-07-28 19:51:00,334.66,335.5,334.66,335.4288,0
2026-07-28 19:52:00,335.12,335.12,335.0,335.08,0
2026-07-28 19:53:00,335.45,335.48,334.8,335.4,0
2026-07-28 19:54:00,334.9506,335.39,334.9506,335.01,0
2026-07-28 19:55:00,335.08,335.66,335.08,335.66,0
2026-07-28 19:56:00,335.6727,335.83,335.29,335.29,0
2026-07-28 19:57:00,335.69,335.88,335.552,335.61,0
2026-07-28 19:58:00,335.61,335.9,335.6,335.8535,0
2026-07-28 19:59:00,335.9,335.9,335.6,335.89,0
2026-07-29 04:00:00,333.86,334.86,330.51,334.23,0
2026-07-29 04:01:00,334.23,334.81,330.51,331.15,0
2026-07-29 04:02:00,334.33,334.37,333.6235,333.96,0
2026-07-29 04:03:00,333.95,333.95,333.7162,333.929,0
2026-07-29 04:04:00,333.5224,333.93,331.28,333.67,0
2026-07-29 04:05:00,333.67,334.63,330.64,333.539,0
2026-07-29 04:06:00,333.26,333.74,331.85,333.63,0
2026-07-29 04:07:00,333.58,333.6012,333.1125,333.1125,0
2026-07-29 04:08:00,333.1868,333.58,333.1,333.31,0
2026-07-29 04:09:00,333.3857,333.5788,333.3,333.4499,0
2026-07-29 04:10:00,333.5075,333.9947,333.5074,333.99,0
2026-07-29 04:11:00,333.9568,334.312,333.8947,334.008,0
2026-07-29 04:12:00,334.3,334.312,333.55,333.55,0
2026-07-29 04:13:00,333.862,334.13,333.5625,334.0538,0
2026-07-29 04:14:00,334.0538,334.0622,333.76,333.76,0
2026-07-29 04:15:00,333.61,333.83,333.61,333.76,0
2026-07-29 04:16:00,333.94,334.06,333.94,333.9944,0
2026-07-29 04:17:00,334.0428,334.29,333.9,334.29,0
2026-07-29 04:18:00,333.9892,334.3,333.9892,334.1662,0
2026-07-29 04:19:00,334.43,334.6,334.3,334.3089,0
2026-07-29 04:20:00,334.4,334.4,334.3082,334.3925,0
2026-07-29 04:21:00,334.4495,334.4495,334.43,334.43,0
2026-07-29 04:22:00,334.762,334.815,334.4385,334.808,0
2026-07-29 04:23:00,334.732,335.0,334.73,334.9402,0
2026-07-29 04:24:00,334.95,335.11,334.8067,334.95,0
2026-07-29 04:25:00,335.01,335.01,335.01,335.01,0
2026-07-29 04:26:00,334.9265,334.9265,334.609,334.7,0
2026-07-29 04:27:00,334.7,334.7,334.6119,334.7,0
2026-07-29 04:28:00,334.7,334.7812,334.67,334.78,0
2026-07-29 04:29:00,334.7062,334.88,334.7062,334.88,0
2026-07-29 04:30:00,334.88,334.88,334.71,334.88,0
2026-07-29 04:31:00,334.88,334.9709,334.88,334.97,0
2026-07-29 04:32:00,335.11,335.34,335.11,335.34,0
2026-07-29 04:33:00,335.4,335.5,335.3,335.3,0
2026-07-29 04:34:00,335.4988,335.5,335.49,335.5,0
2026-07-29 04:35:00,335.4899,335.58,335.256,335.44,0
2026-07-29 04:36:00,335.44,335.55,335.2828,335.51,0
2026-07-29 04:37:00,335.4337,335.51,335.4,335.4,0
2026-07-29 04:38:00,335.33,335.33,335.32,335.32,0
2026-07-29 04:39:00,335.3451,335.4405,335.23,335.4405,0
2026-07-29 04:40:00,335.2938,335.3559,335.08,335.3559,0
2026-07-29 04:41:00,335.1205,335.2469,335.01,335.01,0
2026-07-29 04:42:00,335.0556,335.2,334.94,334.94,0
2026-07-29 04:43:00,335.0,335.0,334.73,334.78,0
2026-07-29 04:44:00,334.9,335.2932,334.9,335.2932,0
2026-07-29 04:45:00,335.18,335.2962,334.8117,335.2592,0
2026-07-29 04:46:00,335.1437,335.1437,334.8507,335.08,0
2026-07-29 04:47:00,335.08,335.111,334.7977,335.07,0
2026-07-29 04:48:00,335.0533,335.07,334.98,334.98,0
2026-07-29 04:49:00,334.98,335.0,334.98,334.98,0
2026-07-29 04:50:00,335.2,335.33,335.18,335.33,0
2026-07-29 04:51:00,335.33,335.33,335.0182,335.2178,0
2026-07-29 04:52:00,335.21,335.2654,335.0,335.2654,0
2026-07-29 04:53:00,335.26,335.26,334.78,334.78,0
2026-07-29 04:54:00,334.7512,335.023,334.7512,334.7582,0
2026-07-29 04:55:00,334.85,335.0035,334.71,334.7565,0
2026-07-29 04:56:00,334.8046,335.0,334.8046,334.9184,0
2026-07-29 04:57:00,334.91,334.9852,334.8359,334.8359,0
2026-07-29 04:58:00,334.94,334.94,334.81,334.91,0
2026-07-29 04:59:00,334.91,334.95,334.87,334.95,0
2026-07-29 05:00:00,334.95,335.0,334.8682,334.91,0
2026-07-29 05:01:00,334.91,335.02,334.91,334.91,0
2026-07-29 05:02:00,334.91,334.93,334.75,334.82,0
2026-07-29 05:03:00,334.82,334.82,334.7142,334.77,0
2026-07-29 05:04:00,334.5968,334.9,334.53,334.79,0
2026-07-29 05:05:00,334.65,334.76,334.5878,334.6381,0
2026-07-29 05:06:00,334.63,334.7805,334.5,334.5,0
2026-07-29 05:07:00,334.71,334.71,334.3,334.3027,0
2026-07-29 05:08:00,334.35,334.35,333.8214,333.9295,0
2026-07-29 05:09:00,333.8326,334.3588,333.8326,334.3288,0
2026-07-29 05:10:00,334.0021,334.3588,334.0021,334.34,0
2026-07-29 05:11:00,334.34,334.43,334.1622,334.35,0
2026-07-29 05:12:00,334.35,334.51,334.35,334.51,0
2026-07-29 05:13:00,334.31,334.41,334.1581,334.2423,0
2026-07-29 05:14:00,334.06,334.2388,333.9006,334.11,0
2026-07-29 05:15:00,333.94,334.2344,333.94,334.0,0
2026-07-29 05:16:00,334.1791,334.1791,333.9482,334.0246,0
2026-07-29 05:17:00,334.2938,334.2938,334.1912,334.1912,0
2026-07-29 05:18:00,334.19,334.21,333.94,333.96,0
2026-07-29 05:19:00,333.89,334.1,333.89,334.05,0
2026-07-29 05:20:00,334.07,334.09,333.95,334.09,0
2026-07-29 05:21:00,334.09,334.18,334.05,334.18,0
2026-07-29 05:22:00,334.18,334.21,333.98,334.1277,0
2026-07-29 05:23:00,334.4615,334.4615,334.23,334.3697,0
2026-07-29 05:24:00,334.35,334.35,334.0689,334.21,0
2026-07-29 05:25:00,334.18,334.2,334.14,334.16,0
2026-07-29 05:26:00,334.1652,334.1734,334.1,334.1734,0
2026-07-29 05:27:00,334.27,334.3177,334.15,334.15,0
2026-07-29 05:28:00,334.0988,334.1334,334.09,334.1,0
2026-07-29 05:29:00,334.1,334.13,334.1,334.13,0
2026-07-29 05:30:00,334.11,334.15,334.075,334.15,0
2026-07-29 05:31:00,334.1047,334.14,333.8942,333.9124,0
2026-07-29 05:32:00,333.9,333.9,333.86,333.9,0
2026-07-29 05:33:00,333.91,334.15,333.9,334.0267,0
2026-07-29 05:34:00,334.0435,334.15,334.04,334.0693,0
2026-07-29 05:35:00,334.15,334.15,334.1,334.15,0
2026-07-29 05:36:00,334.14,334.32,334.14,334.32,0
2026-07-29 05:37:00,334.32,334.32,334.1512,334.1512,0
2026-07-29 05:38:00,334.0978,334.16,334.0311,334.0311,0
2026-07-29 05:39:00,334.0966,334.31,334.03,334.31,0
2026-07-29 05:40:00,334.1,334.32,334.1,334.1,0
2026-07-29 05:41:00,334.32,334.3249,334.03,334.17,0
2026-07-29 05:42:00,334.29,334.29,334.2,334.26,0
2026-07-29 05:43:00,334.26,334.26,334.02,334.04,0
2026-07-29 05:44:00,334.06,334.13,334.029,334.13,0
2026-07-29 05:45:00,334.2375,334.2375,334.1,334.13,0
2026-07-29 05:46:00,334.01,334.2342,334.01,334.2342,0
2026-07-29 05:47:00,334.02,334.06,333.82,333.82,0
2026-07-29 05:48:00,334.03,334.03,333.85,333.9097,0
2026-07-29 05:49:00,334.01,334.25,334.01,334.25,0
2026-07-29 05:50:00,334.13,334.31,334.0225,334.264,0
2026-07-29 05:51:00,334.54,334.54,334.1324,334.54,0
2026-07-29 05:52:00,334.4509,334.5,334.1687,334.34,0
2026-07-29 05:53:00,334.43,334.45,334.16,334.16,0
2026-07-29 05:54:00,334.12,334.21,334.12,334.192,0
2026-07-29 05:55:00,334.11,334.25,334.1,334.25,0
2026-07-29 05:56:00,334.1772,334.1772,334.0,334.0,0
2026-07-29 05:57:00,334.0032,334.13,333.9506,334.0,0
2026-07-29 05:58:00,334.02,334.1,334.0039,334.05,0
2026-07-29 05:59:00,333.95,334.1817,333.95,334.18,0
2026-07-29 06:00:00,333.98,334.0,333.82,333.82,0
2026-07-29 06:01:00,334.0,334.0,333.78,333.93,0
2026-07-29 06:02:00,333.9369,333.98,333.7904,333.9,0
2026-07-29 06:03:00,333.89,333.96,333.89,333.92,0
2026-07-29 06:04:00,333.92,334.0,333.82,334.0,0
2026-07-29 06:05:00,334.0,334.002,334.0,334.002,0
2026-07-29 06:06:00,334.0,334.18,333.9637,333.9637,0
2026-07-29 06:07:00,334.018,334.018,333.7,333.72,0
2026-07-29 06:08:00,333.8,333.93,333.7309,333.93,0
2026-07-29 06:09:00,333.8,333.88,333.77,333.86,0
2026-07-29 06:10:00,333.87,333.9069,333.87,333.9069,0
2026-07-29 06:11:00,333.9698,333.97,333.88,333.88,0
2026-07-29 06:12:00,333.8915,334.0,333.8805,334.0,0
2026-07-29 06:13:00,334.0,334.192,334.0,334.19,0
2026-07-29 06:14:00,334.2,334.33,334.1,334.18,0
2026-07-29 06:15:00,334.3012,334.35,334.3012,334.33,0
2026-07-29 06:16:00,334.2951,334.4317,334.2951,334.4317,0
2026-07-29 06:17:00,334.45,334.65,334.25,334.25,0
2026-07-29 06:18:00,334.4045,334.4045,334.4,334.4,0
2026-07-29 06:19:00,334.4507,334.5788,334.4507,334.5788,0
2026-07-29 06:20:00,334.4345,334.4345,334.4345,334.4345,0
2026-07-29 06:21:00,334.46,334.54,334.46,334.5358,0
2026-07-29 06:22:00,334.461,334.4647,334.34,334.42,0
2026-07-29 06:23:00,334.46,334.46,334.4,334.42,0
2026-07-29 06:24:00,334.34,334.4705,334.3,334.38,0
2026-07-29 06:25:00,334.47,334.47,334.2174,334.3104,0
2026-07-29 06:26:00,334.31,334.31,334.15,334.15,0
2026-07-29 06:27:00,334.31,334.3788,334.162,334.162,0
2026-07-29 06:28:00,334.17,334.375,334.17,334.375,0
2026-07-29 06:29:00,334.4432,334.4432,334.18,334.2955,0
2026-07-29 06:30:00,334.5727,334.5727,334.49,334.55,0
2026-07-29 06:31:00,334.568,334.58,334.4286,334.5241,0
2026-07-29 06:32:00,334.38,334.4382,334.37,334.4382,0
2026-07-29 06:33:00,334.4033,334.534,334.4033,334.45,0
2026-07-29 06:34:00,334.45,334.4962,334.45,334.4962,0
2026-07-29 06:35:00,334.49,334.51,334.3557,334.49,0
2026-07-29 06:36:00,334.49,334.49,334.4606,334.4606,0
2026-07-29 06:37:00,334.4888,334.4888,334.3,334.34,0
2026-07-29 06:38:00,334.3317,334.34,334.2962,334.2962,0
2026-07-29 06:39:00,334.29,334.31,334.19,334.19,0
2026-07-29 06:40:00,334.19,334.28,334.19,334.2,0
2026-07-29 06:41:00,334.34,334.42,334.26,334.42,0
2026-07-29 06:42:00,334.42,334.88,334.42,334.88,0
2026-07-29 06:43:00,334.7602,334.77,334.64,334.64,0
2026-07-29 06:44:00,334.77,334.77,334.5,334.55,0
2026-07-29 06:45:00,334.55,334.72,334.55,334.72,0
2026-07-29 06:46:00,334.88,334.88,334.56,334.6,0
2026-07-29 06:47:00,334.6836,334.88,334.68,334.68,0
2026-07-29 06:48:00,334.8788,334.88,334.6,334.78,0
2026-07-29 06:49:00,334.79,334.88,334.6146,334.88,0
2026-07-29 06:50:00,334.75,334.8788,334.72,334.8018,0
2026-07-29 06:51:00,334.8,334.8004,334.61,334.78,0
2026-07-29 06:52:00,334.8088,334.8088,334.4662,334.7037,0
2026-07-29 06:53:00,334.4662,334.71,334.4662,334.6647,0
2026-07-29 06:54:00,334.6,334.66,334.46,334.46,0
2026-07-29 06:55:00,334.5,334.7,334.3662,334.7,0
2026-07-29 06:56:00,334.45,334.6488,334.45,334.6344,0
2026-07-29 06:57:00,334.53,334.8,334.53,334.8,0
2026-07-29 06:58:00,334.3724,334.62,334.3724,334.62,0
2026-07-29 06:59:00,334.6006,334.91,334.6006,334.73,0
2026-07-29 07:00:00,334.91,335.8,334.7,335.46,0
2026-07-29 07:01:00,335.6096,335.94,335.57,335.85,0
2026-07-29 07:02:00,335.6,335.89,335.6,335.84,0
2026-07-29 07:03:00,335.8,335.84,335.63,335.8,0
2026-07-29 07:04:00,335.81,335.89,335.63,335.7977,0
2026-07-29 07:05:00,335.88,336.36,335.88,335.98,0
2026-07-29 07:06:00,336.16,336.16,335.6,335.824,0
2026-07-29 07:07:00,335.9988,335.9997,335.6,335.62,0
2026-07-29 07:08:00,335.75,335.86,335.65,335.86,0
2026-07-29 07:09:00,335.86,335.95,335.6828,335.95,0
2026-07-29 07:10:00,335.9344,335.95,335.6,335.6,0
2026-07-29 07:11:00,335.6183,335.87,335.16,335.4076,0
2026-07-29 07:12:00,335.19,335.87,335.13,335.25,0
2026-07-29 07:13:00,335.25,335.37,335.02,335.0346,0
2026-07-29 07:14:00,335.22,335.3,335.11,335.29,0
2026-07-29 07:15:00,335.1592,335.3,335.1,335.1,0
2026-07-29 07:16:00,335.2,335.2,335.05,335.05,0
2026-07-29 07:17:00,335.14,335.51,335.05,335.51,0
2026-07-29 07:18:00,335.51,335.51,335.09,335.09,0
2026-07-29 07:19:00,335.17,335.51,335.09,335.47,0
2026-07-29 07:20:00,335.48,335.48,335.1,335.47,0
2026-07-29 07:21:00,335.47,335.47,335.1,335.4459,0
2026-07-29 07:22:00,335.44,335.53,335.24,335.24,0
2026-07-29 07:23:00,335.2,335.2,334.9,334.94,0
2026-07-29 07:24:00,334.9975,335.0,334.6683,335.0,0
2026-07-29 07:25:00,334.97,335.34,334.88,335.02,0
2026-07-29 07:26:00,335.2588,336.1,334.98,335.53,0
2026-07-29 07:27:00,335.52,336.5002,335.32,335.8776,0
2026-07-29 07:28:00,335.82,336.243,335.3233,336.0649,0
2026-07-29 07:29:00,336.2,336.69,335.8403,336.25,0
2026-07-29 07:30:00,336.25,336.25,335.72,336.16,0
2026-07-29 07:31:00,336.15,336.16,336.0,336.14,0
2026-07-29 07:32:00,336.15,336.15,335.79,336.0208,0
2026-07-29 07:33:00,336.0098,336.11,335.63,335.85,0
2026-07-29 07:34:00,335.8371,335.8938,335.4,335.7329,0
2026-07-29 07:35:00,335.83,335.83,335.46,335.65,0
2026-07-29 07:36:00,335.73,335.897,335.4667,335.5132,0
2026-07-29 07:37:00,335.85,336.0076,335.5132,336.0076,0
2026-07-29 07:38:00,335.72,336.0128,335.72,336.0,0
2026-07-29 07:39:00,336.0128,336.0128,335.7,335.7,0
2026-07-29 07:40:00,335.7,335.87,335.7,335.819,0
2026-07-29 07:41:00,335.75,335.82,335.73,335.82,0
2026-07-29 07:42:00,335.7262,335.8523,335.5667,335.7,0
2026-07-29 07:43:00,335.7,336.16,335.7,336.1152,0
2026-07-29 07:44:00,336.08,336.16,335.55,335.9044,0
2026-07-29 07:45:00,335.6,336.16,335.6,336.16,0
2026-07-29 07:46:00,336.106,336.15,335.89,335.89,0
2026-07-29 07:47:00,336.0,336.1,335.9104,336.1,0
2026-07-29 07:48:00,336.01,336.33,336.01,336.33,0
2026-07-29 07:49:00,336.114,336.39,335.999,336.0,0
2026-07-29 07:50:00,336.1,336.1,335.86,335.9221,0
2026-07-29 07:51:00,335.92,335.92,335.7602,335.7602,0
2026-07-29 07:52:00,335.8,335.9,335.716,335.7266,0
2026-07-29 07:53:00,335.6803,335.69,335.55,335.67,0
2026-07-29 07:54:00,335.57,335.57,335.22,335.22,0
2026-07-29 07:55:00,335.49,335.69,335.26,335.6489,0
2026-07-29 07:56:00,335.54,335.69,335.54,335.59,0
2026-07-29 07:57:00,335.59,335.59,335.5766,335.5766,0
2026-07-29 07:58:00,335.58,335.8907,335.58,335.81,0
2026-07-29 07:59:00,335.9571,336.0,335.57,335.99,0
2026-07-29 08:00:00,335.9,335.9,335.7,335.8422,0
2026-07-29 08:01:00,335.79,335.9,335.7596,335.9,0
2026-07-29 08:02:00,335.9,335.9,335.75,335.7537,0
2026-07-29 08:03:00,335.8,335.9,335.783,335.783,0
2026-07-29 08:04:00,335.9,335.9,335.7,335.7104,0
2026-07-29 08:05:00,335.776,335.9922,335.71,335.99,0
2026-07-29 08:06:00,335.9962,336.09,335.75,336.01,0
2026-07-29 08:07:00,336.0,336.22,336.0,336.13,0
2026-07-29 08:08:00,336.25,336.64,336.21,336.61,0
2026-07-29 08:09:00,336.5,337.0,336.5,336.97,0
2026-07-29 08:10:00,336.86,336.87,336.74,336.7951,0
2026-07-29 08:11:00,336.853,336.853,336.6,336.72,0
2026-07-29 08:12:00,336.71,336.7389,336.4242,336.66,0
2026-07-29 08:13:00,336.7,336.8645,336.52,336.8,0
2026-07-29 08:14:00,336.82,336.86,336.52,336.5201,0
2026-07-29 08:15:00,336.7664,336.7664,336.5,336.6193,0
2026-07-29 08:16:00,336.62,336.62,335.7,335.99,0
2026-07-29 08:17:00,335.8242,335.9822,335.54,335.9822,0
2026-07-29 08:18:00,335.87,335.92,335.66,335.7843,0
2026-07-29 08:19:00,335.66,335.9488,335.66,335.66,0
2026-07-29 08:20:00,335.54,335.942,335.54,335.74,0
2026-07-29 08:21:00,335.9322,335.9322,335.5442,335.5442,0
2026-07-29 08:22:00,335.7057,335.7057,335.07,335.1818,0
2026-07-29 08:23:00,335.23,335.64,335.1456,335.29,0
2026-07-29 08:24:00,335.5,335.6891,335.5,335.583,0
2026-07-29 08:25:00,335.32,335.91,335.32,335.65,0
2026-07-29 08:26:00,335.88,336.0,335.66,335.766,0
2026-07-29 08:27:00,335.8313,336.0,335.7616,335.9165,0
2026-07-29 08:28:00,335.88,335.98,335.784,335.82,0
2026-07-29 08:29:00,335.82,335.9121,335.76,335.85,0
2026-07-29 08:30:00,335.76,335.82,335.24,335.56,0
2026-07-29 08:31:00,335.78,335.83,335.5235,335.74,0
2026-07-29 08:32:00,335.77,336.11,335.73,336.11,0
2026-07-29 08:33:00,336.11,336.11,335.65,335.65,0
2026-07-29 08:34:00,335.61,335.99,335.61,335.8,0
2026-07-29 08:35:00,335.91,335.9999,335.8012,335.91,0
2026-07-29 08:36:00,335.82,336.8,335.61,336.09,0
2026-07-29 08:37:00,336.1557,336.23,335.7276,336.09,0
2026-07-29 08:38:00,335.97,336.16,335.8558,336.01,0
2026-07-29 08:39:00,336.03,336.11,335.81,335.8565,0
2026-07-29 08:40:00,336.0539,336.11,335.85,336.0,0
2026-07-29 08:41:00,336.0,336.1267,335.81,336.1,0
2026-07-29 08:42:00,336.0001,336.273,336.0,336.0864,0
2026-07-29 08:43:00,336.0525,336.28,336.0525,336.17,0
2026-07-29 08:44:00,336.2,336.28,335.8,336.0197,0
2026-07-29 08:45:00,336.01,336.0565,335.8,335.92,0
2026-07-29 08:46:00,335.9412,336.5,335.91,336.5,0
2026-07-29 08:47:00,336.3421,336.3842,335.8,335.92,0
2026-07-29 08:48:00,335.9,336.0,335.81,335.99,0
2026-07-29 08:49:00,335.913,336.0,335.85,335.9599,0
2026-07-29 08:50:00,335.9379,335.9962,335.85,335.9562,0
2026-07-29 08:51:00,335.85,335.9962,335.81,335.85,0
2026-07-29 08:52:00,335.8657,336.0,335.8,335.8,0
2026-07-29 08:53:00,335.82,336.0,335.8001,335.81,0
2026-07-29 08:54:00,335.8201,336.0,335.8201,335.94,0
2026-07-29 08:55:00,335.87,336.48,335.87,336.236,0
2026-07-29 08:56:00,336.2378,336.33,336.0,336.0,0
2026-07-29 08:57:00,336.0,336.11,336.0,336.08,0
2026-07-29 08:58:00,336.05,336.2,336.0,336.2,0
2026-07-29 08:59:00,336.15,336.2,336.0,336.0978,0
2026-07-29 09:00:00,336.086,336.12,335.847,336.05,0
2026-07-29 09:01:00,335.96,336.02,335.8,336.0,0
2026-07-29 09:02:00,335.99,336.12,335.7,335.7,0
2026-07-29 09:03:00,335.69,335.7077,335.5,335.6388,0
2026-07-29 09:04:00,335.5257,335.65,335.3,335.65,0
2026-07-29 09:05:00,335.5,336.15,335.496,335.8317,0
2026-07-29 09:06:00,335.8,335.9035,335.53,335.53,0
2026-07-29 09:07:00,335.58,335.91,335.51,335.65,0
2026-07-29 09:08:00,335.647,335.66,335.53,335.66,0
2026-07-29 09:09:00,335.63,335.83,335.56,335.7,0
2026-07-29 09:10:00,335.75,335.75,335.59,335.6,0
2026-07-29 09:11:00,335.6,335.6,335.39,335.39,0
2026-07-29 09:12:00,335.37,335.45,335.31,335.31,0
2026-07-29 09:13:00,335.31,335.44,335.26,335.26,0
2026-07-29 09:14:00,335.2949,335.39,335.25,335.29,0
2026-07-29 09:15:00,335.25,335.2899,335.2,335.2011,0
2026-07-29 09:16:00,335.16,335.23,334.86,335.0,0
2026-07-29 09:17:00,334.97,335.02,334.8,334.8268,0
2026-07-29 09:18:00,334.87,335.13,334.87,335.13,0
2026-07-29 09:19:00,335.12,335.28,335.07,335.28,0
2026-07-29 09:20:00,335.07,335.28,334.8994,335.0,0
2026-07-29 09:21:00,335.08,335.28,334.95,335.05,0
2026-07-29 09:22:00,335.04,335.28,335.04,335.08,0
2026-07-29 09:23:00,335.25,336.0999,335.111,335.8925,0
2026-07-29 09:24:00,335.86,335.86,335.21,335.21,0
2026-07-29 09:25:00,335.36,335.37,334.08,334.32,0
2026-07-29 09:26:00,334.32,334.5095,334.11,334.29,0
2026-07-29 09:27:00,334.4237,334.75,333.72,334.28,0
2026-07-29 09:28:00,334.41,334.94,334.19,334.8,0
2026-07-29 09:29:00,334.68,334.99,334.5337,334.76,0
2026-07-29 09:30:00,334.52,335.905,334.2,334.5791,1123354
2026-07-29 09:31:00,334.77,335.2545,334.01,334.05,87917
2026-07-29 09:32:00,334.065,334.39,333.52,334.245,78656
2026-07-29 09:33:00,334.215,335.0,334.11,334.96,60964
2026-07-29 09:34:00,334.915,335.2,333.9,334.1801,61156
2026-07-29 09:35:00,334.32,335.28,334.22,335.21,78116
2026-07-29 09:36:00,335.14,335.48,334.62,335.36,87288
2026-07-29 09:37:00,335.38,335.4799,334.54,334.64,148362
2026-07-29 09:38:00,334.68,335.16,334.47,335.13,39718
2026-07-29 09:39:00,335.145,335.65,335.13,335.54,44683
2026-07-29 09:40:00,335.5253,336.49,335.2,335.8159,105554
2026-07-29 09:41:00,335.69,335.9,335.31,335.34,50510
2026-07-29 09:42:00,335.3,335.38,334.58,334.72,108892
2026-07-29 09:43:00,334.72,334.96,334.416,334.81,43644
2026-07-29 09:44:00,334.88,334.88,334.48,334.66,38960
2026-07-29 09:45:00,334.69,335.2794,334.57,334.77,87207
2026-07-29 09:46:00,334.765,335.16,333.95,334.0625,60235
2026-07-29 09:47:00,334.085,334.38,333.31,333.36,72310
2026-07-29 09:48:00,333.43,333.5,332.75,332.92,98401
2026-07-29 09:49:00,332.96,333.38,332.801,333.11,49975
2026-07-29 09:50:00,333.09,333.25,332.77,332.86,43712
2026-07-29 09:51:00,332.865,332.98,332.6005,332.86,66432
2026-07-29 09:52:00,332.8,332.8,332.1,332.165,83395
2026-07-29 09:53:00,332.1,332.65,332.04,332.46,51045
2026-07-29 09:54:00,332.6,332.68,332.3201,332.55,40627
2026-07-29 09:55:00,332.57,333.17,332.52,333.0225,94115
2026-07-29 09:56:00,333.005,333.23,332.73,332.88,59128
2026-07-29 09:57:00,332.92,332.98,332.585,332.705,47987
2026-07-29 09:58:00,332.7,332.75,332.36,332.56,47250
2026-07-29 09:59:00,332.575,333.07,332.36,332.91,69198
2026-07-29 10:00:00,332.91,333.255,332.81,332.99,60962
2026-07-29 10:01:00,333.03,333.14,332.8004,332.92,62803
2026-07-29 10:02:00,332.91,332.975,332.52,332.64,68375
2026-07-29 10:03:00,332.585,332.79,332.45,332.73,49399
2026-07-29 10:04:00,332.71,333.0,332.63,332.75,92477
2026-07-29 10:05:00,332.74,333.33,332.57,333.075,53450
2026-07-29 10:06:00,333.04,333.19,332.77,332.95,28527
2026-07-29 10:07:00,332.92,333.18,332.72,332.81,38964
2026-07-29 10:08:00,332.81,332.88,332.55,332.6894,22032
2026-07-29 10:09:00,332.64,332.96,332.62,332.7124,35457
2026-07-29 10:10:00,332.65,332.86,332.39,332.595,107768
2026-07-29 10:11:00,332.6,332.785,332.3192,332.43,28763
2026-07-29 10:12:00,332.448,332.488,331.95,332.365,62746
2026-07-29 10:13:00,332.36,332.36,331.67,331.785,72448
2026-07-29 10:14:00,331.79,331.95,331.62,331.84,57735
2026-07-29 10:15:00,331.835,332.2321,331.7712,332.195,47755
2026-07-29 10:16:00,332.185,332.3,331.9,332.16,48386
2026-07-29 10:17:00,332.19,332.36,331.895,332.09,35703
2026-07-29 10:18:00,332.09,332.54,332.09,332.49,40291
2026-07-29 10:19:00,332.5,332.71,332.37,332.565,29412
2026-07-29 10:20:00,332.595,332.88,332.41,332.865,31318
2026-07-29 10:21:00,332.88,333.07,332.75,333.03,92984
2026-07-29 10:22:00,333.04,333.73,333.04,333.719,54299
2026-07-29 10:23:00,333.69,333.86,333.54,333.58,41400
2026-07-29 10:24:00,333.56,333.565,333.015,333.14,39043
2026-07-29 10:25:00,333.125,333.415,332.86,332.88,43638
2026-07-29 10:26:00,332.87,332.9,332.41,332.6699,38746
2026-07-29 10:27:00,332.6,332.65,332.34,332.615,30447
2026-07-29 10:28:00,332.615,332.67,332.21,332.57,36861
2026-07-29 10:29:00,332.652,332.71,332.41,332.54,32174
2026-07-29 10:30:00,332.5,332.9599,332.34,332.94,45295
2026-07-29 10:31:00,332.92,333.11,332.61,332.83,32948
2026-07-29 10:32:00,332.82,333.17,332.73,333.055,43272
2026-07-29 10:33:00,333.0369,333.5,332.951,333.3,48244
2026-07-29 10:34:00,333.28,333.36,333.01,333.12,46551
2026-07-29 10:35:00,333.13,333.385,333.02,333.385,56511
2026-07-29 10:36:00,333.385,333.49,333.085,333.205,26508
2026-07-29 10:37:00,333.23,333.26,333.085,333.223,25771
2026-07-29 10:38:00,333.195,333.4,332.98,333.31,33864
2026-07-29 10:39:00,333.34,333.34,333.02,333.12,38402
2026-07-29 10:40:00,333.11,333.11,332.56,332.76,69576
2026-07-29 10:41:00,332.77,332.975,332.57,332.745,36360
2026-07-29 10:42:00,332.72,333.05,332.7,332.75,23544
2026-07-29 10:43:00,332.71,333.07,332.71,332.815,19767
2026-07-29 10:44:00,332.87,333.05,332.69,332.975,31859
2026-07-29 10:45:00,332.99,333.11,332.9011,333.1,46932
2026-07-29 10:46:00,333.11,333.36,332.8605,333.325,45484
2026-07-29 10:47:00,333.28,333.4,333.05,333.05,45005
2026-07-29 10:48:00,333.03,333.08,332.7035,332.83,27638
2026-07-29 10:49:00,332.81,333.21,332.748,333.13,57978
2026-07-29 10:50:00,333.11,333.57,333.105,333.515,46952
2026-07-29 10:51:00,333.53,333.61,333.245,333.61,36789
2026-07-29 10:52:00,333.62,334.2,333.52,334.17,83664
2026-07-29 10:53:00,334.17,334.655,334.11,334.5,102433
2026-07-29 10:54:00,334.5,334.51,334.02,334.37,47618
2026-07-29 10:55:00,334.35,334.475,334.1,334.13,35552
2026-07-29 10:56:00,334.1182,334.26,333.98,334.11,44639
2026-07-29 10:57:00,334.11,334.339,333.92,334.28,77752
2026-07-29 10:58:00,334.26,334.735,334.215,334.37,44862
2026-07-29 10:59:00,334.429,334.445,334.16,334.24,33520
2026-07-29 11:00:00,334.255,334.3,334.02,334.29,70892
2026-07-29 11:01:00,334.31,334.83,334.21,334.76,44862
2026-07-29 11:02:00,334.755,334.8432,334.64,334.685,32646
2026-07-29 11:03:00,334.685,335.14,334.61,334.98,57403
2026-07-29 11:04:00,334.9987,335.0283,334.75,335.0283,59289
2026-07-29 11:05:00,335.02,335.02,334.45,334.58,30793
2026-07-29 11:06:00,334.59,334.76,334.47,334.59,23587
2026-07-29 11:07:00,334.59,335.36,334.59,335.36,75970
2026-07-29 11:08:00,335.355,335.6,335.19,335.275,143948
2026-07-29 11:09:00,335.2999,335.46,335.23,335.42,104380
2026-07-29 11:10:00,335.44,335.47,334.87,334.99,44723
2026-07-29 11:11:00,334.97,335.04,334.23,334.25,49691
2026-07-29 11:12:00,334.32,334.5296,334.12,334.306,36287
2026-07-29 11:13:00,334.31,334.44,334.16,334.17,29692
2026-07-29 11:14:00,334.205,334.3287,334.055,334.265,28597
2026-07-29 11:15:00,334.255,334.36,334.0,334.32,46994
2026-07-29 11:16:00,334.295,334.82,334.2,334.77,50758
2026-07-29 11:17:00,334.75,334.78,334.36,334.55,31068
2026-07-29 11:18:00,334.55,334.74,334.55,334.655,20212
2026-07-29 11:19:00,334.655,334.66,334.18,334.195,32912
2026-07-29 11:20:00,334.2,334.48,334.18,334.39,85262
2026-07-29 11:21:00,334.4,334.45,334.31,334.4,26261
2026-07-29 11:22:00,334.38,334.41,334.02,334.14,53347
2026-07-29 11:23:00,334.17,334.42,334.15,334.41,29144
2026-07-29 11:24:00,334.37,334.42,334.09,334.27,26409
2026-07-29 11:25:00,334.27,334.27,333.8,334.06,36281
2026-07-29 11:26:00,334.09,334.355,333.74,333.8625,35560
2026-07-29 11:27:00,333.855,334.05,333.64,333.65,28810
2026-07-29 11:28:00,333.66,334.09,333.66,333.955,42005
2026-07-29 11:29:00,333.945,334.01,333.7001,333.86,79377
2026-07-29 11:30:00,333.845,334.09,333.72,334.081,47099
2026-07-29 11:31:00,334.04,334.1692,334.0,334.13,28472
2026-07-29 11:32:00,334.16,334.3701,334.07,334.235,44583
2026-07-29 11:33:00,334.2,334.44,334.1,334.31,29191
2026-07-29 11:34:00,334.305,334.39,333.96,334.14,25354
2026-07-29 11:35:00,334.12,334.39,334.1,334.37,27155
2026-07-29 11:36:00,334.41,334.44,334.2,334.44,14512
2026-07-29 11:37:00,334.46,334.5897,334.03,334.04,55225
2026-07-29 11:38:00,334.1099,334.135,333.61,333.68,39629
2026-07-29 11:39:00,333.66,333.7884,333.62,333.655,31027
2026-07-29 11:40:00,333.65,333.845,333.54,333.54,25955
2026-07-29 11:41:00,333.54,333.595,333.2701,333.53,55939
2026-07-29 11:42:00,333.5002,333.7184,333.365,333.46,26891
2026-07-29 11:43:00,333.455,333.69,333.41,333.51,60233
2026-07-29 11:44:00,333.52,333.71,333.47,333.65,14696
2026-07-29 11:45:00,333.64,333.72,333.4857,333.57,27538
2026-07-29 11:46:00,333.56,333.98,333.56,333.855,47175
2026-07-29 11:47:00,333.85,333.99,333.73,333.935,70317
2026-07-29 11:48:00,333.94,334.0,333.74,333.755,71986
2026-07-29 11:49:00,333.75,333.76,333.42,333.72,23760
2026-07-29 11:50:00,333.768,333.85,333.48,333.66,54500
2026-07-29 11:51:00,333.63,333.67,333.42,333.47,27671
2026-07-29 11:52:00,333.48,333.6,333.33,333.57,21017
2026-07-29 11:53:00,333.555,333.59,333.17,333.2293,33205
2026-07-29 11:54:00,333.22,333.22,333.0,333.1099,45775
2026-07-29 11:55:00,333.059,333.08,332.76,332.885,27364
2026-07-29 11:56:00,332.885,332.92,332.67,332.8,49145
2026-07-29 11:57:00,332.73,332.98,332.455,332.47,31443
2026-07-29 11:58:00,332.46,332.6469,332.36,332.6469,47418
2026-07-29 11:59:00,332.5935,332.9797,332.47,332.92,47101
2026-07-29 12:00:00,332.955,333.08,332.85,332.875,22853
2026-07-29 12:01:00,332.875,333.115,332.82,333.11,21148
2026-07-29 12:02:00,333.11,333.175,332.98,333.0,22216
2026-07-29 12:03:00,333.0,333.14,332.94,333.07,17761
2026-07-29 12:04:00,333.13,333.28,333.085,333.19,21021
2026-07-29 12:05:00,333.2101,333.2299,332.94,333.2,42631
2026-07-29 12:06:00,333.24,333.7699,333.18,333.71,36893
2026-07-29 12:07:00,333.68,333.77,333.38,333.42,38263
2026-07-29 12:08:00,333.47,334.0,333.41,333.9506,53092
2026-07-29 12:09:00,333.9999,334.2723,333.8895,334.27,47645
2026-07-29 12:10:00,334.29,334.59,334.22,334.5101,52799
2026-07-29 12:11:00,334.52,334.89,334.414,334.8,45178
2026-07-29 12:12:00,334.785,334.8401,334.56,334.56,45909
2026-07-29 12:13:00,334.59,334.66,334.341,334.341,49797
2026-07-29 12:14:00,334.4,334.5125,334.06,334.075,48868
2026-07-29 12:15:00,334.03,334.49,333.98,334.44,64543
2026-07-29 12:16:00,334.46,334.71,334.38,334.61,38543
2026-07-29 12:17:00,334.61,334.625,334.3,334.4001,49168
2026-07-29 12:18:00,334.45,334.57,334.2715,334.4,36751
2026-07-29 12:19:00,334.39,334.4,334.04,334.23,23325
2026-07-29 12:20:00,334.23,334.39,334.18,334.39,29400
2026-07-29 12:21:00,334.395,334.395,334.2401,334.32,22059
2026-07-29 12:22:00,334.34,334.84,334.34,334.82,54820
2026-07-29 12:23:00,334.82,335.22,334.78,334.845,48586
2026-07-29 12:24:00,334.8425,334.92,334.7,334.92,20367
2026-07-29 12:25:00,334.97,335.18,334.97,335.06,18450
2026-07-29 12:26:00,335.03,335.28,334.9801,335.2795,22809
2026-07-29 12:27:00,335.27,335.67,335.25,335.6,38686
2026-07-29 12:28:00,335.58,335.62,335.295,335.54,23954
2026-07-29 12:29:00,335.57,335.83,335.545,335.56,37792
2026-07-29 12:30:00,335.54,335.82,335.5,335.505,26536
2026-07-29 12:31:00,335.51,335.64,335.4812,335.64,21484
2026-07-29 12:32:00,335.625,335.65,335.38,335.47,44368
2026-07-29 12:33:00,335.44,335.56,335.27,335.33,39843
2026-07-29 12:34:00,335.315,335.49,335.2001,335.35,18599
2026-07-29 12:35:00,335.3117,335.58,335.26,335.355,29487
2026-07-29 12:36:00,335.4,335.4,335.1401,335.32,24752
2026-07-29 12:37:00,335.36,335.5,335.3078,335.465,27109
2026-07-29 12:38:00,335.4899,335.5,335.21,335.23,13058
2026-07-29 12:39:00,335.24,335.35,335.2,335.2425,23082
2026-07-29 12:40:00,335.245,335.35,335.1,335.315,22074
2026-07-29 12:41:00,335.315,335.335,335.12,335.15,15264
2026-07-29 12:42:00,335.13,335.13,334.74,334.895,23370
2026-07-29 12:43:00,334.88,335.21,334.88,335.115,23649
2026-07-29 12:44:00,335.105,335.265,335.06,335.24,28918
2026-07-29 12:45:00,335.24,335.315,335.055,335.145,16409
2026-07-29 12:46:00,335.115,335.255,335.09,335.255,14231
2026-07-29 12:47:00,335.27,335.615,335.27,335.615,44770
2026-07-29 12:48:00,335.625,335.67,335.46,335.5,32221
2026-07-29 12:49:00,335.5,335.86,335.5,335.8,22888
2026-07-29 12:50:00,335.795,335.9199,335.73,335.84,28751
2026-07-29 12:51:00,335.83,335.875,335.56,335.785,32510
2026-07-29 12:52:00,335.785,335.94,335.6,335.92,34685
2026-07-29 12:53:00,335.94,336.01,335.845,335.91,47808
2026-07-29 12:54:00,335.925,335.925,335.72,335.73,14231
2026-07-29 12:55:00,335.7,335.853,335.5901,335.78,15423
2026-07-29 12:56:00,335.78,336.08,335.72,336.06,28152
2026-07-29 12:57:00,336.075,336.2599,336.04,336.2,26548
2026-07-29 12:58:00,336.1605,336.4,336.06,336.4,32613
2026-07-29 12:59:00,336.42,336.6999,336.41,336.58,42470
2026-07-29 13:00:00,336.555,336.67,336.44,336.6,29934
2026-07-29 13:01:00,336.55,336.62,336.3,336.3075,37671
2026-07-29 13:02:00,336.28,336.399,335.97,336.35,40849
2026-07-29 13:03:00,336.37,336.72,336.37,336.64,42702
2026-07-29 13:04:00,336.645,336.81,336.545,336.71,53427
2026-07-29 13:05:00,336.67,336.76,336.11,336.2,35357
2026-07-29 13:06:00,336.17,336.33,336.1,336.285,26376
2026-07-29 13:07:00,336.32,336.41,335.9704,336.24,23935
2026-07-29 13:08:00,336.235,336.63,336.235,336.455,37686
2026-07-29 13:09:00,336.43,336.67,336.4,336.63,24369
2026-07-29 13:10:00,336.62,337.25,336.62,337.13,91544
2026-07-29 13:11:00,337.135,337.4,337.11,337.35,73362
2026-07-29 13:12:00,337.335,337.409,337.1,337.21,52260
2026-07-29 13:13:00,337.24,337.57,337.18,337.505,70434
2026-07-29 13:14:00,337.505,337.68,337.41,337.53,42076
2026-07-29 13:15:00,337.55,337.64,337.41,337.53,30654
2026-07-29 13:16:00,337.48,337.87,337.48,337.865,65014
2026-07-29 13:17:00,337.865,338.07,337.8,337.99,73234
2026-07-29 13:18:00,337.96,338.0,337.76,337.87,28751
2026-07-29 13:19:00,337.79,337.87,337.6,337.785,33150
2026-07-29 13:20:00,337.7801,337.87,337.55,337.59,24363
2026-07-29 13:21:00,337.615,338.06,337.59,338.05,32643
2026-07-29 13:22:00,338.08,338.15,337.97,338.1099,52556
2026-07-29 13:23:00,338.1,338.17,337.98,338.16,42543
2026-07-29 13:24:00,338.17,338.18,337.67,337.7596,63569
2026-07-29 13:25:00,337.72,337.79,337.42,337.4651,42994
2026-07-29 13:26:00,337.49,337.67,337.4201,337.66,37403
2026-07-29 13:27:00,337.66,337.665,337.365,337.485,35794
2026-07-29 13:28:00,337.475,337.74,337.35,337.47,42269
2026-07-29 13:29:00,337.45,337.45,337.22,337.23,24943
2026-07-29 13:30:00,337.17,337.21,336.88,336.97,50764
2026-07-29 13:31:00,336.95,337.0485,336.76,336.82,73487
2026-07-29 13:32:00,336.85,337.0595,336.76,337.0001,87907
2026-07-29 13:33:00,337.025,337.22,336.94,337.045,44856
2026-07-29 13:34:00,337.05,337.1,336.64,336.715,46194
2026-07-29 13:35:00,336.7199,336.7199,336.5,336.6102,27173
2026-07-29 13:36:00,336.61,336.62,336.385,336.46,24466
2026-07-29 13:37:00,336.43,336.54,336.16,336.16,23936
2026-07-29 13:38:00,336.13,336.25,336.02,336.065,50250
2026-07-29 13:39:00,336.105,336.25,336.07,336.15,19884
2026-07-29 13:40:00,336.178,336.22,335.9,336.0729,21578
2026-07-29 13:41:00,336.12,336.36,336.12,336.24,22648
2026-07-29 13:42:00,336.29,336.445,336.1,336.14,27716
2026-07-29 13:43:00,336.12,336.51,336.08,336.46,20052
2026-07-29 13:44:00,336.43,336.4599,336.3,336.35,17270
2026-07-29 13:45:00,336.36,336.42,336.25,336.2501,17634
2026-07-29 13:46:00,336.25,336.45,336.215,336.385,20863
2026-07-29 13:47:00,336.4,336.43,336.2,336.375,21862
2026-07-29 13:48:00,336.37,336.46,336.3,336.425,19694
2026-07-29 13:49:00,336.45,336.61,336.34,336.58,23955
2026-07-29 13:50:00,336.57,336.73,336.56,336.6942,28290
2026-07-29 13:51:00,336.68,336.785,336.61,336.785,23264
2026-07-29 13:52:00,336.77,336.94,336.71,336.88,39027
2026-07-29 13:53:00,336.9,336.95,336.8,336.88,30326
2026-07-29 13:54:00,336.89,336.98,336.82,336.905,24467
2026-07-29 13:55:00,336.93,337.0299,336.78,336.965,29926
2026-07-29 13:56:00,336.96,337.44,336.9,337.41,46011
2026-07-29 13:57:00,337.36,337.46,337.27,337.41,42510
2026-07-29 13:58:00,337.41,337.91,337.3802,337.79,159599
2026-07-29 13:59:00,337.7403,338.05,337.73,337.84,38741
2026-07-29 14:00:00,337.8,338.95,337.8,338.69,226881
2026-07-29 14:01:00,338.68,340.18,338.63,339.94,222366
2026-07-29 14:02:00,339.935,340.39,339.65,339.835,210836
2026-07-29 14:03:00,339.83,340.26,339.48,339.69,98839
2026-07-29 14:04:00,339.765,339.88,339.3016,339.74,83500
2026-07-29 14:05:00,339.74,339.97,339.23,339.44,57116
2026-07-29 14:06:00,339.425,340.08,339.425,339.855,70480
2026-07-29 14:07:00,339.82,339.8885,339.19,339.22,47355
2026-07-29 14:08:00,339.25,339.66,339.105,339.5305,72911
2026-07-29 14:09:00,339.565,339.6,339.21,339.43,58277
2026-07-29 14:10:00,339.45,340.43,339.45,340.12,156613
2026-07-29 14:11:00,340.1,340.25,339.49,339.8025,75836
2026-07-29 14:12:00,339.8,339.93,339.58,339.67,52064
2026-07-29 14:13:00,339.685,339.81,339.455,339.67,35067
2026-07-29 14:14:00,339.64,339.6615,339.091,339.435,52419
2026-07-29 14:15:00,339.435,339.88,339.435,339.7,69842
2026-07-29 14:16:00,339.695,339.88,339.64,339.71,60922
2026-07-29 14:17:00,339.7,340.4,339.68,340.38,145464
2026-07-29 14:18:00,340.4,340.48,339.9001,340.08,58594
2026-07-29 14:19:00,340.035,340.09,339.8,339.945,57539
2026-07-29 14:20:00,339.96,339.98,339.59,339.87,70177
2026-07-29 14:21:00,339.84,339.99,339.55,339.81,89040
2026-07-29 14:22:00,339.77,340.19,339.77,340.14,96303
2026-07-29 14:23:00,340.12,340.18,339.645,339.645,62779
2026-07-29 14:24:00,339.6425,339.7999,339.5,339.522,70228
2026-07-29 14:25:00,339.5,339.69,339.34,339.6899,39171
2026-07-29 14:26:00,339.69,339.785,339.355,339.57,48314
2026-07-29 14:27:00,339.57,339.64,339.43,339.585,24441
2026-07-29 14:28:00,339.57,339.9699,339.55,339.915,36881
2026-07-29 14:29:00,339.91,340.25,339.84,340.185,57043
2026-07-29 14:30:00,340.15,340.5,339.95,340.4399,88581
2026-07-29 14:31:00,340.42,340.43,339.58,339.9725,66827
2026-07-29 14:32:00,339.93,339.93,339.34,339.83,58317
2026-07-29 14:33:00,339.84,340.055,339.62,339.9349,30492
2026-07-29 14:34:00,339.96,339.9799,339.41,339.62,26301
2026-07-29 14:35:00,339.67,339.91,339.44,339.755,42134
2026-07-29 14:36:00,339.8074,339.81,339.37,339.79,33567
2026-07-29 14:37:00,339.7811,339.95,339.62,339.9,41531
2026-07-29 14:38:00,339.9,340.49,339.9,340.35,54232
2026-07-29 14:39:00,340.3399,340.88,340.31,340.59,79901
2026-07-29 14:40:00,340.58,340.99,340.57,340.99,37867
2026-07-29 14:41:00,340.945,341.23,340.945,341.01,50906
2026-07-29 14:42:00,340.9972,341.11,340.64,341.0,59416
2026-07-29 14:43:00,340.97,341.0625,340.7,341.045,45652
2026-07-29 14:44:00,341.07,341.35,340.91,341.24,28355
2026-07-29 14:45:00,341.21,341.4,341.1,341.22,49300
2026-07-29 14:46:00,341.2568,341.315,341.09,341.24,42331
2026-07-29 14:47:00,341.25,341.46,341.06,341.29,43703
2026-07-29 14:48:00,341.31,341.39,340.9,341.12,48456
2026-07-29 14:49:00,341.12,341.4,341.07,341.33,48122
2026-07-29 14:50:00,341.3,341.53,341.25,341.28,55624
2026-07-29 14:51:00,341.29,341.385,341.0208,341.37,38053
2026-07-29 14:52:00,341.37,341.53,341.27,341.4705,35340
2026-07-29 14:53:00,341.51,341.87,341.51,341.8199,47432
2026-07-29 14:54:00,341.82,342.14,341.82,342.1325,65072
2026-07-29 14:55:00,342.13,342.5,342.02,342.325,55296
2026-07-29 14:56:00,342.35,342.35,341.96,342.025,81483
2026-07-29 14:57:00,341.975,342.0,341.64,341.86,83860
2026-07-29 14:58:00,341.915,342.0114,341.64,341.73,35116
2026-07-29 14:59:00,341.775,341.8896,341.47,341.655,86251
2026-07-29 15:00:00,341.69,341.785,341.2307,341.4,50694
2026-07-29 15:01:00,341.4,341.72,341.16,341.67,56116
2026-07-29 15:02:00,341.67,342.19,341.67,342.19,99307
2026-07-29 15:03:00,342.18,342.21,341.645,341.73,67037
2026-07-29 15:04:00,341.73,341.74,341.12,341.4,72138
2026-07-29 15:05:00,341.425,341.45,340.71,340.75,86885
2026-07-29 15:06:00,340.765,340.85,340.43,340.73,40434
2026-07-29 15:07:00,340.71,340.795,340.35,340.3601,45483
2026-07-29 15:08:00,340.3745,340.57,340.01,340.25,60298
2026-07-29 15:09:00,340.245,340.29,339.94,339.95,34939
2026-07-29 15:10:00,339.9,340.1099,339.78,340.02,44535
2026-07-29 15:11:00,340.02,340.46,340.02,340.38,45048
2026-07-29 15:12:00,340.4,340.5,339.95,340.255,76424
2026-07-29 15:13:00,340.2301,340.3699,340.06,340.14,27463
2026-07-29 15:14:00,340.14,340.3,340.14,340.25,22281
2026-07-29 15:15:00,340.2,340.5,339.9301,340.44,35595
2026-07-29 15:16:00,340.48,340.5,340.0,340.17,29463
2026-07-29 15:17:00,340.17,340.19,339.88,339.9,26241
2026-07-29 15:18:00,339.87,339.87,339.33,339.45,52195
2026-07-29 15:19:00,339.43,339.47,339.05,339.146,40448
2026-07-29 15:20:00,339.2,339.21,338.3601,338.45,50722
2026-07-29 15:21:00,338.39,338.4,337.69,337.91,62727
2026-07-29 15:22:00,337.86,337.92,337.46,337.8395,58879
2026-07-29 15:23:00,337.81,337.89,337.67,337.79,50707
2026-07-29 15:24:00,337.88,338.0,337.2,337.26,91119
2026-07-29 15:25:00,337.24,337.43,336.98,337.0499,44841
2026-07-29 15:26:00,337.025,337.3095,336.48,336.74,67232
2026-07-29 15:27:00,336.755,336.988,336.59,336.81,39843
2026-07-29 15:28:00,336.805,337.07,336.68,336.99,46841
2026-07-29 15:29:00,336.975,337.03,336.75,337.02,35377
2026-07-29 15:30:00,337.05,337.16,336.8801,337.13,59636
2026-07-29 15:31:00,337.15,337.31,336.68,337.04,67539
2026-07-29 15:32:00,337.01,337.0793,336.65,336.815,42722
2026-07-29 15:33:00,336.84,336.86,335.86,335.96,72863
2026-07-29 15:34:00,335.97,336.2,335.75,336.18,66817
2026-07-29 15:35:00,336.2,336.3,335.95,336.215,61726
2026-07-29 15:36:00,336.21,336.47,336.0245,336.395,52103
2026-07-29 15:37:00,336.44,336.47,336.0,336.04,40156
2026-07-29 15:38:00,336.026,336.06,335.52,335.525,42384
2026-07-29 15:39:00,335.54,335.93,335.2701,335.8,70396
2026-07-29 15:40:00,335.805,336.07,335.5,336.07,70402
2026-07-29 15:41:00,336.13,336.3999,336.025,336.195,74482
2026-07-29 15:42:00,336.2,336.315,335.94,336.1636,47870
2026-07-29 15:43:00,336.06,336.5,335.56,336.28,70612
2026-07-29 15:44:00,336.319,336.39,336.045,336.195,71229
2026-07-29 15:45:00,336.206,336.475,336.0188,336.05,75267
2026-07-29 15:46:00,336.035,336.56,336.0,336.325,94940
2026-07-29 15:47:00,336.34,336.84,336.31,336.62,170927
2026-07-29 15:48:00,336.63,336.99,336.4,336.885,76017
2026-07-29 15:49:00,336.885,337.1,336.685,336.97,74638
2026-07-29 15:50:00,336.92,336.94,335.85,336.1,180776
2026-07-29 15:51:00,336.08,336.5,335.97,336.3,133677
2026-07-29 15:52:00,336.28,336.31,335.615,336.03,149130
2026-07-29 15:53:00,336.08,336.41,335.91,336.03,134262
2026-07-29 15:54:00,336.09,336.61,336.07,336.45,174220
2026-07-29 15:55:00,336.42,336.56,335.51,336.35,308000
2026-07-29 15:56:00,336.36,336.4,335.87,336.15,198905
2026-07-29 15:57:00,336.13,336.34,335.93,335.98,271749
2026-07-29 15:58:00,335.995,336.09,335.73,336.035,409292
2026-07-29 15:59:00,336.06,336.8,335.77,336.67,876772
2026-07-29 16:00:00,336.72,337.32,336.35,336.7,4638
2026-07-29 16:01:00,336.52,336.71,335.89,335.89,0
2026-07-29 16:02:00,335.81,336.71,335.8,336.0918,0
2026-07-29 16:03:00,336.0914,336.2,335.4,335.67,0
2026-07-29 16:04:00,335.8275,336.71,335.04,335.37,0
2026-07-29 16:05:00,335.43,335.87,335.0767,335.81,0
2026-07-29 16:06:00,335.8,336.23,335.26,335.85,0
2026-07-29 16:07:00,335.4295,336.26,335.4295,336.21,0
2026-07-29 16:08:00,335.72,336.71,335.26,335.26,0
2026-07-29 16:09:00,335.88,335.88,335.26,335.3,0
2026-07-29 16:10:00,335.15,336.71,334.0,334.4563,0
2026-07-29 16:11:00,334.22,334.5,333.88,334.2,0
2026-07-29 16:12:00,334.2,357.4,333.88,334.44,0
2026-07-29 16:13:00,334.43,335.43,334.43,335.01,0
2026-07-29 16:14:00,335.25,335.45,334.82,335.3327,0
2026-07-29 16:15:00,336.71,339.74,335.01,335.33,0
2026-07-29 16:16:00,335.33,335.8,335.1,335.62,0
2026-07-29 16:17:00,335.78,335.78,335.01,335.01,0
2026-07-29 16:18:00,336.71,336.71,334.44,334.81,0
2026-07-29 16:19:00,334.75,334.98,334.44,334.44,0
2026-07-29 16:20:00,336.71,336.71,334.44,334.75,0
2026-07-29 16:21:00,334.69,334.7,334.44,334.49,0
2026-07-29 16:22:00,334.46,334.69,334.45,334.4501,0
2026-07-29 16:23:00,334.59,336.71,333.52,333.52,0
2026-07-29 16:24:00,333.6312,334.3,333.25,333.26,0
2026-07-29 16:25:00,333.25,333.76,333.25,333.76,0
2026-07-29 16:26:00,333.7131,333.7131,333.0,333.2999,0
2026-07-29 16:27:00,333.2,333.2,332.49,332.7,0
2026-07-29 16:28:00,332.7,333.04,332.5,332.74,0
2026-07-29 16:29:00,332.74,333.0,332.69,332.72,0
2026-07-29 16:30:00,333.0,333.26,332.62,332.773,0
2026-07-29 16:31:00,332.82,341.8,332.82,333.0,0
2026-07-29 16:32:00,333.2991,333.5,332.95,332.95,0
2026-07-29 16:33:00,332.69,333.31,332.69,333.0,0
2026-07-29 16:34:00,333.32,333.94,333.05,333.94,0
2026-07-29 16:35:00,333.67,334.0,333.5,333.81,0
2026-07-29 16:36:00,333.53,333.9,333.26,333.26,0
2026-07-29 16:37:00,333.9,333.9,333.41,333.7518,0
2026-07-29 16:38:00,333.7515,334.15,333.7515,333.9486,0
2026-07-29 16:39:00,333.9465,334.15,333.78,334.01,0
2026-07-29 16:40:00,334.15,334.5,334.0087,334.34,0
2026-07-29 16:41:00,334.3412,334.3412,333.51,333.6097,0
2026-07-29 16:42:00,333.9296,333.99,333.3295,333.38,0
2026-07-29 16:43:00,333.3672,333.72,333.3045,333.55,0
2026-07-29 16:44:00,333.7,333.72,333.31,333.6391,0
2026-07-29 16:45:00,333.72,333.72,333.31,333.6,0
2026-07-29 16:46:00,333.31,333.6,313.2174,333.3991,0
2026-07-29 16:47:00,333.3737,333.5,332.9827,333.0,0
2026-07-29 16:48:00,332.9783,333.0,332.81,332.8263,0
2026-07-29 16:49:00,327.9604,333.0,327.9604,332.8,0
2026-07-29 16:50:00,332.73,332.8193,332.65,332.74,0
2026-07-29 16:51:00,333.0,343.4488,314.2742,332.94,0
2026-07-29 16:52:00,327.9604,333.44,327.9604,333.44,0
2026-07-29 16:53:00,332.91,333.5,332.9,333.23,0
2026-07-29 16:54:00,333.41,333.5,325.6984,333.21,0
2026-07-29 16:55:00,333.49,333.75,333.3,333.5,0
2026-07-29 16:56:00,333.57,333.7,325.1359,329.002,0
2026-07-29 16:57:00,333.49,333.75,333.49,333.75,0
2026-07-29 16:58:00,333.5,354.418,333.5,333.6,0
2026-07-29 16:59:00,333.6,333.6,333.3,333.36,0
2026-07-29 17:00:00,333.37,333.59,333.01,333.0602,0
2026-07-29 17:01:00,333.0,333.31,333.0,333.0518,0
2026-07-29 17:02:00,333.2,336.71,333.0,333.3268,0
2026-07-29 17:03:00,333.35,333.72,330.6842,333.6004,0
2026-07-29 17:04:00,333.6002,333.71,327.9604,333.6,0
2026-07-29 17:05:00,333.6,333.7,333.6,333.7,0
2026-07-29 17:06:00,333.63,333.78,333.2,333.2048,0
2026-07-29 17:07:00,333.2,333.25,333.03,333.2,0
2026-07-29 17:08:00,327.9604,333.06,327.9604,332.75,0
2026-07-29 17:09:00,332.9,332.9,332.69,332.75,0
2026-07-29 17:10:00,332.78,333.0,325.1359,325.1359,0
2026-07-29 17:11:00,332.8997,332.94,314.2742,332.47,0
2026-07-29 17:12:00,332.44,332.51,325.8198,332.35,0
2026-07-29 17:13:00,332.33,332.76,332.33,332.5,0
2026-07-29 17:14:00,332.5581,332.7,332.35,332.4791,0
2026-07-29 17:15:00,332.5,338.4966,332.35,332.67,0
2026-07-29 17:16:00,332.67,332.8,332.35,332.66,0
2026-07-29 17:17:00,332.6,354.418,330.6842,330.6842,0
2026-07-29 17:18:00,332.8663,333.27,332.5201,332.93,0
2026-07-29 17:19:00,332.86,333.25,332.65,332.9476,0
2026-07-29 17:20:00,332.9204,333.2,332.86,333.0,0
2026-07-29 17:21:00,333.031,333.2,333.0,333.0,0
2026-07-29 17:22:00,333.2,333.2,333.0,333.031,0
2026-07-29 17:23:00,333.03,333.1,332.51,332.5363,0
2026-07-29 17:24:00,332.55,332.68,332.35,332.35,0
2026-07-29 17:25:00,332.15,332.275,331.9818,331.9823,0
2026-07-29 17:26:00,331.928,332.166,331.62,331.65,0
2026-07-29 17:27:00,331.7564,332.36,331.65,332.1248,0
2026-07-29 17:28:00,332.2,332.2,331.85,332.1,0
2026-07-29 17:29:00,332.1,332.1,331.75,331.92,0
2026-07-29 17:30:00,331.85,332.0,331.75,331.85,0
2026-07-29 17:31:00,331.85,331.92,331.66,331.81,0
2026-07-29 17:32:00,331.7,331.726,331.15,331.19,0
2026-07-29 17:33:00,331.2,331.84,331.05,331.3,0
2026-07-29 17:34:00,331.32,331.615,331.0,331.05,0
2026-07-29 17:35:00,331.06,331.06,330.6,330.6,0
2026-07-29 17:36:00,330.6,331.0,330.15,330.4,0
2026-07-29 17:37:00,330.3,330.57,330.12,330.57,0
2026-07-29 17:38:00,330.39,330.78,330.24,330.24,0
2026-07-29 17:39:00,330.47,330.47,330.24,330.3,0
2026-07-29 17:40:00,330.302,330.93,330.302,330.6,0
2026-07-29 17:41:00,330.6,330.67,330.3123,330.33,0
2026-07-29 17:42:00,330.54,336.71,330.1,330.13,0
2026-07-29 17:43:00,330.15,330.15,329.14,329.33,0
2026-07-29 17:44:00,329.4235,330.2982,329.3201,329.9,0
2026-07-29 17:45:00,329.81,330.32,329.8,329.9,0
2026-07-29 17:46:00,329.83,330.54,329.3401,330.36,0
2026-07-29 17:47:00,330.1,330.6,330.0,330.2,0
2026-07-29 17:48:00,330.25,330.5,330.0,330.2,0
2026-07-29 17:49:00,330.2,330.4225,330.0,330.31,0
2026-07-29 17:50:00,330.31,330.5,330.0,330.19,0
2026-07-29 17:51:00,330.38,330.38,330.0,330.2,0
2026-07-29 17:52:00,330.4,330.5,330.0,330.35,0
2026-07-29 17:53:00,330.31,330.75,330.28,330.46,0
2026-07-29 17:54:00,330.28,330.6018,330.25,330.46,0
2026-07-29 17:55:00,330.3671,330.4599,330.28,330.31,0
2026-07-29 17:56:00,330.3995,330.7,330.3995,330.6,0
2026-07-29 17:57:00,330.32,331.27,330.32,331.27,0
2026-07-29 17:58:00,330.8,336.71,330.51,331.3,0
2026-07-29 17:59:00,331.3,331.6,330.91,331.4329,0
2026-07-29 18:00:00,331.79,332.8612,331.33,332.72,0
2026-07-29 18:01:00,332.62,333.0,332.53,332.75,0
2026-07-29 18:02:00,332.75,333.33,332.63,332.98,0
2026-07-29 18:03:00,332.97,332.98,332.5,332.98,0
2026-07-29 18:04:00,332.98,333.67,332.78,333.67,0
2026-07-29 18:05:00,333.7,333.88,333.13,333.88,0
2026-07-29 18:06:00,333.75,333.78,333.3,333.6646,0
2026-07-29 18:07:00,333.65,334.57,333.36,334.0912,0
2026-07-29 18:08:00,334.2,334.62,333.8,334.2,0
2026-07-29 18:09:00,334.3958,335.11,334.22,335.0,0
2026-07-29 18:10:00,335.0,335.0,334.09,334.71,0
2026-07-29 18:11:00,334.9,335.0,334.51,334.96,0
2026-07-29 18:12:00,334.95,335.4,334.7,335.4,0
2026-07-29 18:13:00,335.4,335.84,335.0,335.59,0
2026-07-29 18:14:00,335.59,336.71,334.53,334.53,0
2026-07-29 18:15:00,334.64,335.18,334.57,334.81,0
2026-07-29 18:16:00,334.85,334.9124,334.57,334.57,0
2026-07-29 18:17:00,334.91,335.32,334.5,335.32,0
2026-07-29 18:18:00,335.03,335.93,335.0,335.769,0
2026-07-29 18:19:00,335.77,336.32,335.5,336.22,0
2026-07-29 18:20:00,336.39,336.39,335.5,335.8,0
2026-07-29 18:21:00,335.6159,335.8,335.0,335.0,0
2026-07-29 18:22:00,335.4648,335.67,335.0,335.47,0
2026-07-29 18:23:00,335.5,335.69,335.1,335.5119,0
2026-07-29 18:24:00,335.7,335.7,335.1,335.44,0
2026-07-29 18:25:00,335.44,335.44,334.54,334.8,0
2026-07-29 18:26:00,334.54,334.8,334.26,334.26,0
2026-07-29 18:27:00,334.27,334.64,334.12,334.64,0
2026-07-29 18:28:00,334.65,334.8,334.45,334.65,0
2026-07-29 18:29:00,334.45,335.47,334.45,335.0,0
2026-07-29 18:30:00,335.24,335.82,335.11,335.438,0
2026-07-29 18:31:00,335.4,335.63,335.24,335.63,0
2026-07-29 18:32:00,335.63,335.8231,335.39,335.7,0
2026-07-29 18:33:00,335.71,335.8,335.5,335.8,0
2026-07-29 18:34:00,335.553,336.39,335.553,336.39,0
2026-07-29 18:35:00,336.27,336.43,335.9691,336.01,0
2026-07-29 18:36:00,336.325,336.99,336.1213,336.77,0
2026-07-29 18:37:00,336.749,336.78,336.1201,336.3412,0
2026-07-29 18:38:00,336.6,336.83,336.2,336.608,0
2026-07-29 18:39:00,336.67,336.99,336.67,336.836,0
2026-07-29 18:40:00,336.7,336.9,336.21,336.39,0
2026-07-29 18:41:00,336.5,336.8,336.21,336.77,0
2026-07-29 18:42:00,336.77,336.82,336.5,336.769,0
2026-07-29 18:43:00,336.79,336.83,336.2245,336.6635,0
2026-07-29 18:44:00,336.6896,336.6896,336.33,336.504,0
2026-07-29 18:45:00,336.53,336.83,336.53,336.8,0
2026-07-29 18:46:00,336.8046,336.8242,336.45,336.45,0
2026-07-29 18:47:00,336.6,336.6,336.07,336.2125,0
2026-07-29 18:48:00,336.07,336.3742,335.51,336.34,0
2026-07-29 18:49:00,335.81,335.81,335.5,335.72,0
2026-07-29 18:50:00,335.5356,335.7988,335.5,335.56,0
2026-07-29 18:51:00,335.6331,335.96,335.2,335.23,0
2026-07-29 18:52:00,335.2357,335.5,334.05,335.0,0
2026-07-29 18:53:00,335.0,335.1,334.6,335.1,0
2026-07-29 18:54:00,335.0246,335.1,334.62,334.89,0
2026-07-29 18:55:00,334.8937,334.8937,334.52,334.55,0
2026-07-29 18:56:00,334.55,334.92,334.25,334.79,0
2026-07-29 18:57:00,334.79,335.0,334.5,335.0,0
2026-07-29 18:58:00,334.85,335.0,334.61,334.61,0
2026-07-29 18:59:00,334.95,335.46,334.95,335.46,0
2026-07-29 19:00:00,335.7507,336.04,335.1,336.01,0
2026-07-29 19:01:00,335.12,336.2115,335.1,336.01,0
2026-07-29 19:02:00,335.19,336.01,335.15,335.5758,0
2026-07-29 19:03:00,335.89,336.01,335.67,335.87,0
2026-07-29 19:04:00,335.751,335.97,335.75,335.97,0
2026-07-29 19:05:00,335.8,335.97,335.265,335.7,0
2026-07-29 19:06:00,335.45,335.5,335.4304,335.4368,0
2026-07-29 19:07:00,335.49,335.49,335.0,335.0,0
2026-07-29 19:08:00,335.0,336.195,335.0,336.195,0
2026-07-29 19:09:00,335.9034,336.0,335.27,335.7917,0
2026-07-29 19:10:00,335.83,335.94,335.28,335.55,0
2026-07-29 19:11:00,335.68,335.68,335.25,335.45,0
2026-07-29 19:12:00,335.588,335.588,335.25,335.38,0
2026-07-29 19:13:00,335.6205,335.63,335.25,335.57,0
2026-07-29 19:14:00,335.5,335.57,335.2,335.25,0
2026-07-29 19:15:00,335.4365,335.4365,335.2,335.4,0
2026-07-29 19:16:00,335.3999,335.4,335.2537,335.39,0
2026-07-29 19:17:00,335.39,335.43,335.2,335.39,0
2026-07-29 19:18:00,335.5479,335.5479,335.2015,335.4492,0
2026-07-29 19:19:00,335.385,335.63,335.385,335.4057,0
2026-07-29 19:20:00,335.64,335.64,335.4,335.6,0
2026-07-29 19:21:00,335.41,335.55,335.2014,335.49,0
2026-07-29 19:22:00,335.49,335.53,335.2,335.5,0
2026-07-29 19:23:00,335.62,335.62,335.25,335.4792,0
2026-07-29 19:24:00,335.4997,335.54,335.2835,335.4199,0
2026-07-29 19:25:00,335.4196,335.66,335.316,335.62,0
2026-07-29 19:26:00,335.62,335.92,335.5344,335.74,0
2026-07-29 19:27:00,335.7589,335.7589,335.41,335.65,0
2026-07-29 19:28:00,335.5,335.71,335.5,335.64,0
2026-07-29 19:29:00,335.8,336.0,335.624,335.79,0
2026-07-29 19:30:00,335.8347,335.99,335.6918,335.79,0
2026-07-29 19:31:00,335.6501,336.0,335.6501,335.93,0
2026-07-29 19:32:00,335.9,336.0,335.65,336.0,0
2026-07-29 19:33:00,336.0,336.0,335.7887,335.9,0
2026-07-29 19:34:00,336.0,336.0,335.6,335.92,0
2026-07-29 19:35:00,335.99,336.0,335.8,335.9,0
2026-07-29 19:36:00,335.6,336.0,335.6,335.952,0
2026-07-29 19:37:00,335.78,335.9947,335.78,335.8,0
2026-07-29 19:38:00,335.98,336.0,335.84,335.9659,0
2026-07-29 19:39:00,335.824,336.2,335.78,336.01,0
2026-07-29 19:40:00,336.3,336.3,335.78,336.1,0
2026-07-29 19:41:00,335.78,336.0,335.78,335.81,0
2026-07-29 19:42:00,335.8075,336.03,335.8,335.8798,0
2026-07-29 19:43:00,335.8819,336.3,335.81,335.81,0
2026-07-29 19:44:00,336.17,336.3,335.8859,336.2877,0
2026-07-29 19:45:00,336.1899,336.28,335.95,336.1,0
2026-07-29 19:46:00,336.11,336.4999,336.11,336.4999,0
2026-07-29 19:47:00,336.4001,336.5,336.36,336.5,0
2026-07-29 19:48:00,336.478,336.5,336.3062,336.3062,0
2026-07-29 19:49:00,336.3,336.48,335.92,336.1958,0
2026-07-29 19:50:00,336.0562,336.1783,335.76,335.83,0
2026-07-29 19:51:00,335.7972,336.0,335.76,336.0,0
2026-07-29 19:52:00,335.5775,336.0,335.45,335.9,0
2026-07-29 19:53:00,335.45,336.16,335.45,335.9695,0
2026-07-29 19:54:00,336.01,336.15,335.6199,335.72,0
2026-07-29 19:55:00,335.99,336.15,335.9628,335.9628,0
2026-07-29 19:56:00,336.04,336.05,335.66,335.875,0
2026-07-29 19:57:00,336.15,336.15,335.8542,336.1412,0
2026-07-29 19:58:00,336.1488,336.15,335.8,335.8,0
2026-07-29 19:59:00,336.15,336.15,335.8,335.88,0
2026-07-30 04:00:00,334.0635,336.71,334.0635,334.66,0
2026-07-30 04:01:00,334.4975,335.74,334.22,334.5589,0
2026-07-30 04:02:00,334.46,334.8405,334.0995,334.4,0
2026-07-30 04:03:00,334.86,334.86,334.1967,334.22,0
2026-07-30 04:04:00,334.537,334.93,334.03,334.88,0
2026-07-30 04:05:00,334.21,335.72,334.0,335.48,0
2026-07-30 04:06:00,334.0947,334.67,334.0,334.27,0
2026-07-30 04:07:00,334.27,334.6428,334.27,334.369,0
2026-07-30 04:08:00,334.4327,334.87,334.4327,334.87,0
2026-07-30 04:09:00,334.87,334.87,334.7396,334.87,0
2026-07-30 04:10:00,334.87,335.0,334.87,334.9037,0
2026-07-30 04:11:00,335.046,335.3867,334.894,335.3867,0
2026-07-30 04:12:00,335.4,335.4,335.0,335.3419,0
2026-07-30 04:13:00,335.3882,335.39,334.9807,335.12,0
2026-07-30 04:14:00,335.3097,335.3097,335.12,335.12,0
2026-07-30 04:15:00,335.14,335.3942,335.14,335.3942,0
2026-07-30 04:16:00,335.1757,335.3952,335.1757,335.29,0
2026-07-30 04:17:00,335.3888,335.591,335.18,335.24,0
2026-07-30 04:18:00,335.5632,335.5632,335.272,335.283,0
2026-07-30 04:19:00,335.397,335.397,335.2,335.296,0
2026-07-30 04:20:00,335.22,335.3935,335.144,335.3,0
2026-07-30 04:21:00,335.1465,335.4,335.1435,335.4,0
2026-07-30 04:22:00,335.2857,335.4899,335.217,335.2267,0
2026-07-30 04:23:00,335.4,335.4,335.22,335.2802,0
2026-07-30 04:24:00,335.22,335.522,335.22,335.3094,0
2026-07-30 04:25:00,335.5125,335.5125,335.22,335.3367,0
2026-07-30 04:26:00,335.37,335.4574,335.37,335.4574,0
2026-07-30 04:27:00,335.6,335.6,335.5,335.5135,0
2026-07-30 04:28:00,335.52,335.52,335.2777,335.37,0
2026-07-30 04:29:00,335.6,335.6,335.6,335.6,0
2026-07-30 04:30:00,335.592,335.6,335.288,335.6,0
2026-07-30 04:31:00,335.5025,335.5063,335.2952,335.2952,0
2026-07-30 04:32:00,335.4947,335.4947,335.2562,335.2562,0
2026-07-30 04:33:00,335.49,335.4945,335.266,335.4875,0
2026-07-30 04:34:00,335.494,335.494,335.2757,335.4,0
2026-07-30 04:35:00,335.39,335.49,335.3132,335.49,0
2026-07-30 04:36:00,335.49,335.4948,335.4025,335.4948,0
2026-07-30 04:37:00,335.4,335.5,335.4,335.4,0
2026-07-30 04:38:00,335.4,335.4,335.28,335.28,0
2026-07-30 04:39:00,335.27,335.493,335.21,335.2172,0
2026-07-30 04:40:00,335.4,335.4927,335.21,335.21,0
2026-07-30 04:41:00,335.22,335.4754,335.21,335.21,0
2026-07-30 04:42:00,335.21,335.4088,335.1012,335.4088,0
2026-07-30 04:43:00,335.2,335.4298,335.2,335.4298,0
2026-07-30 04:44:00,335.42,335.42,335.3395,335.3395,0
2026-07-30 04:45:00,335.3399,335.3399,335.3399,335.3399,0
2026-07-30 04:46:00,335.4,335.5955,335.37,335.595,0
2026-07-30 04:47:00,335.3562,335.5948,335.3562,335.5948,0
2026-07-30 04:48:00,335.5975,335.5975,335.27,335.5,0
2026-07-30 04:49:00,335.2867,335.59,335.2867,335.59,0
2026-07-30 04:50:00,335.5055,335.582,335.278,335.278,0
2026-07-30 04:51:00,335.582,335.582,335.278,335.582,0
2026-07-30 04:52:00,335.27,335.582,335.27,335.58,0
2026-07-30 04:53:00,335.27,335.582,335.27,335.27,0
2026-07-30 04:54:00,335.2867,335.5733,335.278,335.278,0
2026-07-30 04:55:00,335.3604,335.49,335.27,335.4262,0
2026-07-30 04:56:00,335.49,335.49,335.21,335.21,0
2026-07-30 04:57:00,335.28,335.4827,335.2,335.2,0
2026-07-30 04:58:00,335.4888,335.4888,335.2,335.42,0
2026-07-30 04:59:00,335.42,335.4683,335.4142,335.4683,0
2026-07-30 05:00:00,335.5806,335.5867,335.46,335.5832,0
2026-07-30 05:01:00,335.59,335.59,335.48,335.48,0
2026-07-30 05:02:00,335.41,335.48,335.41,335.48,0
2026-07-30 05:03:00,335.48,335.48,335.3868,335.4,0
2026-07-30 05:04:00,335.5827,335.5827,335.5242,335.5242,0
2026-07-30 05:05:00,335.5,335.52,335.4,335.4,0
2026-07-30 05:06:00,335.4663,335.77,335.43,335.4477,0
2026-07-30 05:07:00,335.77,335.78,335.4597,335.78,0
2026-07-30 05:08:00,335.9802,335.9802,335.7855,335.7855,0
2026-07-30 05:09:00,335.9233,335.99,335.8431,335.8431,0
2026-07-30 05:10:00,335.6891,335.6891,335.5212,335.5212,0
2026-07-30 05:11:00,335.8475,336.0,335.84,335.89,0
2026-07-30 05:12:00,335.89,335.994,335.766,335.766,0
2026-07-30 05:13:00,335.8,335.8001,335.5415,335.6,0
2026-07-30 05:14:00,335.8,336.05,335.76,336.01,0
2026-07-30 05:15:00,335.92,336.2788,335.8388,336.2788,0
2026-07-30 05:16:00,336.15,336.15,335.9237,336.1,0
2026-07-30 05:17:00,335.88,336.0,335.8103,336.0,0
2026-07-30 05:18:00,335.9401,335.9988,335.9401,335.9988,0
2026-07-30 05:19:00,336.0,336.0,335.9,335.99,0
2026-07-30 05:20:00,335.99,336.1,335.9,336.0213,0
2026-07-30 05:21:00,336.1177,336.3699,336.1177,336.32,0
2026-07-30 05:22:00,336.1082,336.44,336.1082,336.44,0
2026-07-30 05:23:00,336.21,336.49,336.21,336.49,0
2026-07-30 05:24:00,336.47,336.47,336.26,336.26,0
2026-07-30 05:25:00,336.3178,336.49,336.3178,336.3321,0
2026-07-30 05:26:00,336.5,336.87,336.5,336.66,0
2026-07-30 05:27:00,336.73,336.77,336.62,336.77,0
2026-07-30 05:28:00,336.77,336.8775,336.6625,336.79,0
2026-07-30 05:29:00,336.79,336.8,336.72,336.8,0
2026-07-30 05:30:00,336.8,336.8,336.5,336.6194,0
2026-07-30 05:31:00,336.8,336.8,336.6064,336.76,0
2026-07-30 05:32:00,336.9697,336.9791,336.76,336.9791,0
2026-07-30 05:33:00,336.97,337.0,336.78,337.0,0
2026-07-30 05:34:00,337.01,337.51,337.01,337.51,0
2026-07-30 05:35:00,337.35,337.5,337.0137,337.5,0
2026-07-30 05:36:00,337.05,337.5,337.05,337.5,0
2026-07-30 05:37:00,337.35,337.35,337.1312,337.25,0
2026-07-30 05:38:00,337.22,337.22,337.02,337.11,0
2026-07-30 05:39:00,337.14,337.45,337.14,337.32,0
2026-07-30 05:40:00,337.01,337.3888,337.0,337.04,0
2026-07-30 05:41:00,337.02,337.02,337.0,337.0,0
2026-07-30 05:42:00,337.0,337.0,336.93,337.0,0
2026-07-30 05:43:00,336.93,336.93,336.89,336.89,0
2026-07-30 05:44:00,336.89,337.1567,336.81,337.1567,0
2026-07-30 05:45:00,336.89,336.89,336.89,336.89,0
2026-07-30 05:46:00,336.89,337.09,336.77,337.09,0
2026-07-30 05:47:00,337.0,337.0,337.0,337.0,0
2026-07-30 05:48:00,336.97,337.32,336.93,337.04,0
2026-07-30 05:49:00,336.9771,336.9771,336.78,336.78,0
2026-07-30 05:50:00,336.7842,336.88,336.68,336.68,0
2026-07-30 05:51:00,336.95,336.95,336.7612,336.7612,0
2026-07-30 05:52:00,337.01,337.01,336.9,336.98,0
2026-07-30 05:53:00,336.9,336.98,336.7092,336.7092,0
2026-07-30 05:54:00,337.07,337.07,337.0512,337.0512,0
2026-07-30 05:55:00,337.0035,337.0035,336.7446,336.7781,0
2026-07-30 05:56:00,336.81,337.0,336.68,336.68,0
2026-07-30 05:57:00,336.68,336.88,336.68,336.7345,0
2026-07-30 05:58:00,336.72,336.72,336.6112,336.6112,0
2026-07-30 05:59:00,336.61,336.78,336.5,336.78,0
2026-07-30 06:00:00,336.34,336.34,336.23,336.3253,0
2026-07-30 06:01:00,336.52,336.53,336.52,336.53,0
2026-07-30 06:02:00,336.3782,336.7,336.3782,336.7,0
2026-07-30 06:03:00,336.53,336.61,336.45,336.6,0
2026-07-30 06:04:00,336.61,336.6722,336.54,336.54,0
2026-07-30 06:05:00,336.46,336.55,336.46,336.55,0
2026-07-30 06:06:00,336.55,336.6,336.4732,336.6,0
2026-07-30 06:07:00,336.7045,336.8,336.7045,336.8,0
2026-07-30 06:08:00,336.67,336.8612,336.67,336.7,0
2026-07-30 06:09:00,336.75,336.791,336.62,336.62,0
2026-07-30 06:10:00,336.81,336.8588,336.5775,336.6415,0
2026-07-30 06:11:00,336.834,336.834,336.4537,336.793,0
2026-07-30 06:12:00,336.5367,336.5593,336.408,336.5,0
2026-07-30 06:13:00,336.69,336.69,336.57,336.57,0
2026-07-30 06:14:00,336.57,336.57,336.5,336.5,0
2026-07-30 06:15:00,336.5,336.6188,336.49,336.49,0
2026-07-30 06:16:00,336.46,336.6,336.46,336.58,0
2026-07-30 06:17:00,336.58,336.58,336.57,336.57,0
2026-07-30 06:18:00,336.55,336.59,336.54,336.59,0
2026-07-30 06:19:00,336.59,336.59,336.4,336.51,0
2026-07-30 06:20:00,336.52,336.53,336.41,336.41,0
2026-07-30 06:21:00,336.45,336.45,336.2633,336.37,0
2026-07-30 06:22:00,336.38,336.38,336.2142,336.29,0
2026-07-30 06:23:00,336.288,336.38,336.2858,336.38,0
2026-07-30 06:24:00,336.33,336.44,336.29,336.4188,0
2026-07-30 06:25:00,336.42,336.59,336.3422,336.47,0
2026-07-30 06:26:00,336.58,336.58,336.43,336.43,0
2026-07-30 06:27:00,336.43,336.44,336.26,336.3092,0
2026-07-30 06:28:00,336.38,336.48,336.2842,336.46,0
2026-07-30 06:29:00,336.42,336.59,336.42,336.59,0
2026-07-30 06:30:00,336.5842,336.59,336.42,336.5,0
2026-07-30 06:31:00,336.42,336.71,336.42,336.63,0
2026-07-30 06:32:00,336.5409,336.6267,336.5,336.62,0
2026-07-30 06:33:00,336.56,336.6088,336.3636,336.3636,0
2026-07-30 06:34:00,336.4174,336.4174,336.3589,336.3589,0
2026-07-30 06:35:00,336.5111,336.6585,336.36,336.6585,0
2026-07-30 06:36:00,336.5919,336.9,336.5919,336.85,0
2026-07-30 06:37:00,336.83,337.05,336.83,336.99,0
2026-07-30 06:38:00,336.99,337.05,336.99,337.05,0
2026-07-30 06:39:00,337.05,337.05,336.851,336.851,0
2026-07-30 06:40:00,337.05,337.21,336.85,337.21,0
2026-07-30 06:41:00,337.12,337.2497,336.9377,336.9377,0
2026-07-30 06:42:00,337.0,337.1988,337.0,337.12,0
2026-07-30 06:43:00,337.1229,337.2,337.0275,337.2,0
2026-07-30 06:44:00,337.2,337.2,337.09,337.09,0
2026-07-30 06:45:00,337.11,337.2,337.0147,337.2,0
2026-07-30 06:46:00,337.1609,337.1609,336.999,337.04,0
2026-07-30 06:47:00,336.99,337.35,336.99,337.16,0
2026-07-30 06:48:00,337.35,337.35,337.012,337.012,0
2026-07-30 06:49:00,337.01,337.34,337.0,337.3,0
2026-07-30 06:50:00,337.3488,337.3488,337.02,337.1002,0
2026-07-30 06:51:00,337.1894,337.2245,337.0233,337.217,0
2026-07-30 06:52:00,337.13,337.35,337.13,337.27,0
2026-07-30 06:53:00,337.2146,337.37,337.0398,337.07,0
2026-07-30 06:54:00,337.21,337.21,336.9056,337.06,0
2026-07-30 06:55:00,336.8702,337.0388,336.8702,336.9263,0
2026-07-30 06:56:00,336.9559,337.02,336.8389,337.02,0
2026-07-30 06:57:00,337.2888,337.2888,337.0,337.2,0
2026-07-30 06:58:00,337.2,337.29,336.97,337.1532,0
2026-07-30 06:59:00,336.9,337.0859,336.85,336.9067,0
2026-07-30 07:00:00,337.035,337.34,336.91,337.2,0
2026-07-30 07:01:00,337.16,337.39,337.09,337.17,0
2026-07-30 07:02:00,337.35,337.44,337.12,337.27,0
2026-07-30 07:03:00,337.1896,337.3886,337.0007,337.0007,0
2026-07-30 07:04:00,336.9998,337.6,336.9998,337.3689,0
2026-07-30 07:05:00,337.583,337.5847,337.36,337.36,0
2026-07-30 07:06:00,337.58,337.64,337.4047,337.59,0
2026-07-30 07:07:00,337.5173,337.64,337.1412,337.4891,0
2026-07-30 07:08:00,337.35,337.51,337.05,337.05,0
2026-07-30 07:09:00,337.6155,337.6155,337.18,337.44,0
2026-07-30 07:10:00,337.29,337.36,337.24,337.33,0
2026-07-30 07:11:00,337.45,337.45,337.23,337.2509,0
2026-07-30 07:12:00,337.5,337.5,337.18,337.26,0
2026-07-30 07:13:00,337.18,337.18,336.9,337.0091,0
2026-07-30 07:14:00,336.9,337.1032,336.9,336.98,0
2026-07-30 07:15:00,336.955,337.05,336.9,337.05,0
2026-07-30 07:16:00,337.05,337.05,336.94,337.0,0
2026-07-30 07:17:00,337.05,337.1767,336.99,337.05,0
2026-07-30 07:18:00,337.1784,337.1784,336.9,336.9,0
2026-07-30 07:19:00,336.9,337.09,336.9,337.0,0
2026-07-30 07:20:00,336.9948,337.04,336.9073,337.03,0
2026-07-30 07:21:00,336.98,337.0,336.9,336.91,0
2026-07-30 07:22:00,336.9743,337.09,336.92,337.05,0
2026-07-30 07:23:00,337.09,337.09,336.95,337.05,0
2026-07-30 07:24:00,337.03,337.18,336.9573,337.05,0
2026-07-30 07:25:00,337.0512,337.3382,337.0512,337.3382,0
2026-07-30 07:26:00,337.32,337.34,337.2,337.2992,0
2026-07-30 07:27:00,337.3317,337.3317,337.1547,337.1547,0
2026-07-30 07:28:00,337.2,337.52,337.2,337.44,0
2026-07-30 07:29:00,337.45,337.6,337.4113,337.59,0
2026-07-30 07:30:00,337.6,337.73,337.6,337.6864,0
2026-07-30 07:31:00,337.6736,337.7,337.6,337.6507,0
2026-07-30 07:32:00,337.6158,338.2,337.4578,338.199,0
2026-07-30 07:33:00,338.1739,338.1739,337.6312,337.6312,0
2026-07-30 07:34:00,337.9864,338.14,337.64,337.98,0
2026-07-30 07:35:00,337.9564,337.97,337.7655,337.97,0
2026-07-30 07:36:00,337.95,337.95,337.73,337.86,0
2026-07-30 07:37:00,337.7717,337.86,337.7717,337.83,0
2026-07-30 07:38:00,337.83,337.83,337.64,337.82,0
2026-07-30 07:39:00,337.8,337.95,337.64,337.73,0
2026-07-30 07:40:00,337.66,337.9422,337.64,337.6676,0
2026-07-30 07:41:00,337.7749,337.7749,337.63,337.63,0
2026-07-30 07:42:00,337.42,337.7,337.42,337.66,0
2026-07-30 07:43:00,337.68,337.71,337.36,337.68,0
2026-07-30 07:44:00,337.46,337.46,337.24,337.3,0
2026-07-30 07:45:00,337.38,337.58,337.24,337.41,0
2026-07-30 07:46:00,337.61,337.73,337.27,337.73,0
2026-07-30 07:47:00,337.74,337.79,337.37,337.6,0
2026-07-30 07:48:00,337.57,337.79,337.53,337.53,0
2026-07-30 07:49:00,337.51,337.79,337.51,337.5715,0
2026-07-30 07:50:00,337.75,337.8,337.67,337.7993,0
2026-07-30 07:51:00,337.8,337.8,337.57,337.6848,0
2026-07-30 07:52:00,337.7,337.7,337.38,337.5581,0
2026-07-30 07:53:00,337.3816,337.56,337.38,337.41,0
2026-07-30 07:54:00,337.41,337.56,337.4,337.5517,0
2026-07-30 07:55:00,337.55,337.75,337.41,337.56,0
2026-07-30 07:56:00,337.7,337.7938,337.51,337.7263,0
2026-07-30 07:57:00,337.69,337.7,337.24,337.458,0
2026-07-30 07:58:00,337.32,337.49,336.9,336.9,0
2026-07-30 07:59:00,336.84,337.35,336.56,336.8,0
2026-07-30 08:00:00,336.78,336.9918,336.62,336.89,0
2026-07-30 08:01:00,336.82,336.97,336.235,336.2969,0
2026-07-30 08:02:00,336.5033,336.51,335.77,335.77,0
2026-07-30 08:03:00,335.78,335.98,335.32,335.37,0
2026-07-30 08:04:00,335.4757,335.9,335.37,335.87,0
2026-07-30 08:05:00,335.6805,335.87,335.4,335.4,0
2026-07-30 08:06:00,335.66,335.72,335.1,335.12,0
2026-07-30 08:07:00,335.07,335.1899,334.62,334.7511,0
2026-07-30 08:08:00,334.76,335.12,334.76,334.99,0
2026-07-30 08:09:00,334.9987,334.9987,334.5,334.7225,0
2026-07-30 08:10:00,334.9,335.0,334.69,334.99,0
2026-07-30 08:11:00,334.99,335.0,334.66,334.91,0
2026-07-30 08:12:00,334.85,335.3227,334.7,334.92,0
2026-07-30 08:13:00,334.9375,334.9375,334.65,334.7783,0
2026-07-30 08:14:00,334.88,334.91,334.7,334.7,0
2026-07-30 08:15:00,334.8,334.86,334.6,334.6,0
2026-07-30 08:16:00,334.66,334.9,334.606,334.9,0
2026-07-30 08:17:00,334.87,334.9,334.65,334.89,0
2026-07-30 08:18:00,334.8,334.94,334.75,334.8981,0
2026-07-30 08:19:00,334.8,334.9845,334.8,334.9597,0
2026-07-30 08:20:00,334.9336,334.9336,334.5,334.58,0
2026-07-30 08:21:00,334.6561,334.83,334.6561,334.66,0
2026-07-30 08:22:00,334.58,334.79,334.5,334.7801,0
2026-07-30 08:23:00,334.6977,334.8,334.52,334.68,0
2026-07-30 08:24:00,334.6446,334.96,334.5915,334.75,0
2026-07-30 08:25:00,334.96,334.97,334.7,334.87,0
2026-07-30 08:26:00,334.71,334.99,334.58,334.99,0
2026-07-30 08:27:00,335.0,335.02,334.65,334.88,0
2026-07-30 08:28:00,334.78,334.96,334.48,334.4995,0
2026-07-30 08:29:00,334.41,334.58,334.19,334.4034,0
2026-07-30 08:30:00,334.45,334.87,334.44,334.61,0
2026-07-30 08:31:00,334.74,334.74,334.01,334.1,0
2026-07-30 08:32:00,334.1,334.28,333.79,333.9398,0
2026-07-30 08:33:00,334.07,334.27,333.79,333.83,0
2026-07-30 08:34:00,334.0,334.07,333.5,333.94,0
2026-07-30 08:35:00,333.96,333.96,333.5077,333.57,0
2026-07-30 08:36:00,333.79,333.8918,333.5,333.8918,0
2026-07-30 08:37:00,334.0,334.0,333.5,333.5,0
2026-07-30 08:38:00,333.4982,334.0,333.4982,333.8801,0
2026-07-30 08:39:00,333.88,334.15,333.66,334.15,0
2026-07-30 08:40:00,334.04,334.15,333.7596,334.0,0
2026-07-30 08:41:00,333.99,334.37,333.8,334.25,0
2026-07-30 08:42:00,334.23,334.48,334.0,334.26,0
2026-07-30 08:43:00,334.21,334.35,334.09,334.31,0
2026-07-30 08:44:00,334.2018,334.35,334.1,334.34,0
2026-07-30 08:45:00,334.26,334.5,334.2023,334.5,0
2026-07-30 08:46:00,334.4464,334.46,334.15,334.29,0
2026-07-30 08:47:00,334.36,334.36,334.0,334.0,0
2026-07-30 08:48:00,334.0,334.35,334.0,334.1,0
2026-07-30 08:49:00,334.21,334.28,334.0,334.0,0
2026-07-30 08:50:00,334.0504,334.32,334.0,334.25,0
2026-07-30 08:51:00,334.0,334.32,334.0,334.2,0
2026-07-30 08:52:00,334.46,334.93,334.38,334.67,0
2026-07-30 08:53:00,334.7925,334.84,334.6827,334.84,0
2026-07-30 08:54:00,334.75,335.0,334.72,334.85,0
2026-07-30 08:55:00,334.95,335.0,334.71,334.77,0
2026-07-30 08:56:00,334.9,334.98,334.7909,334.96,0
2026-07-30 08:57:00,334.96,335.46,334.7985,335.1,0
2026-07-30 08:58:00,335.12,335.12,334.82,334.9384,0
2026-07-30 08:59:00,334.9393,334.9691,334.82,334.83,0
2026-07-30 09:00:00,334.91,335.0,334.78,334.92,0
2026-07-30 09:01:00,334.91,335.14,334.91,335.04,0
2026-07-30 09:02:00,335.0292,335.11,334.8873,335.0,0
2026-07-30 09:03:00,334.88,335.0,334.8,334.95,0
2026-07-30 09:04:00,334.95,335.35,334.8,335.18,0
2026-07-30 09:05:00,335.21,335.31,335.02,335.15,0
2026-07-30 09:06:00,335.0961,335.5,335.0247,335.26,0
2026-07-30 09:07:00,335.27,335.6376,335.27,335.33,0
2026-07-30 09:08:00,335.56,335.56,335.27,335.43,0
2026-07-30 09:09:00,335.42,335.63,335.27,335.63,0
2026-07-30 09:10:00,335.5817,335.65,335.45,335.45,0
2026-07-30 09:11:00,335.5,335.65,335.45,335.56,0
2026-07-30 09:12:00,335.6,335.86,335.56,335.7346,0
2026-07-30 09:13:00,335.7973,335.99,335.74,335.9775,0
2026-07-30 09:14:00,335.9,335.99,335.76,335.8263,0
2026-07-30 09:15:00,335.76,335.97,335.76,335.97,0
2026-07-30 09:16:00,335.97,336.0,335.89,335.9469,0
2026-07-30 09:17:00,335.87,335.95,335.791,335.8284,0
2026-07-30 09:18:00,335.82,335.9,335.77,335.87,0
2026-07-30 09:19:00,335.91,336.0,335.82,335.99,0
2026-07-30 09:20:00,335.9952,336.07,335.81,335.89,0
2026-07-30 09:21:00,335.78,335.89,335.0,335.49,0
2026-07-30 09:22:00,335.49,335.49,335.19,335.33,0
2026-07-30 09:23:00,335.2072,335.49,335.09,335.49,0
2026-07-30 09:24:00,335.25,335.53,335.11,335.53,0
2026-07-30 09:25:00,335.17,336.0,335.0,335.39,0
2026-07-30 09:26:00,335.4,335.52,335.05,335.22,0
2026-07-30 09:27:00,335.18,335.45,334.12,334.29,0
2026-07-30 09:28:00,334.33,334.33,333.92,334.21,0
2026-07-30 09:29:00,334.21,334.52,333.85,334.26,0
2026-07-30 09:30:00,335.29,335.45,335.29,335.38,1117991
2026-07-30 09:31:00,335.42,335.54,332.76,333.005,187358
2026-07-30 09:32:00,332.98,332.98,332.01,332.3088,149817
2026-07-30 09:33:00,332.37,332.85,331.74,331.74,219422
2026-07-30 09:34:00,331.8,333.225,331.44,333.1004,188260
2026-07-30 09:35:00,333.225,333.42,332.49,333.33,158949
2026-07-30 09:36:00,333.34,333.6,332.98,333.4,152874
2026-07-30 09:37:00,333.4,333.48,332.74,333.35,90038
2026-07-30 09:38:00,333.355,333.43,332.1,332.265,95875
2026-07-30 09:39:00,332.29,332.86,331.82,332.86,134225
2026-07-30 09:40:00,332.85,333.245,332.59,332.7,100959
2026-07-30 09:41:00,332.69,333.4,332.47,332.735,162744
2026-07-30 09:42:00,332.69,333.42,332.18,332.415,116807
2026-07-30 09:43:00,332.39,332.71,332.15,332.675,129706
2026-07-30 09:44:00,332.68,332.76,331.95,332.07,129154
2026-07-30 09:45:00,332.1025,332.229,331.64,332.05,170578
2026-07-30 09:46:00,332.03,332.95,332.01,332.64,226321
2026-07-30 09:47:00,332.77,333.23,332.67,333.15,122212
2026-07-30 09:48:00,333.14,333.78,332.65,332.66,151444
2026-07-30 09:49:00,332.7,332.73,331.95,332.08,121909
2026-07-30 09:50:00,332.06,332.06,331.23,331.88,167273
2026-07-30 09:51:00,331.92,332.11,331.23,331.25,129692
2026-07-30 09:52:00,331.23,331.4699,330.34,330.75,189469
2026-07-30 09:53:00,330.76,332.035,330.735,331.97,148709
2026-07-30 09:54:00,331.99,332.56,331.78,332.22,132289
2026-07-30 09:55:00,332.16,332.32,331.82,332.0499,112921
2026-07-30 09:56:00,332.01,332.6,331.93,332.52,108782
2026-07-30 09:57:00,332.47,332.47,331.75,331.805,101319
2026-07-30 09:58:00,331.83,332.24,331.6001,331.925,118692
2026-07-30 09:59:00,331.945,332.48,331.72,332.47,187889
2026-07-30 10:00:00,332.38,333.27,331.99,332.88,148046
2026-07-30 10:01:00,332.91,333.075,332.35,332.91,159520
2026-07-30 10:02:00,332.93,333.33,332.85,333.275,128323
2026-07-30 10:03:00,333.25,333.8,332.92,333.795,142168
2026-07-30 10:04:00,333.84,334.06,333.54,333.75,125373
2026-07-30 10:05:00,333.71,334.2199,333.44,334.03,146647
2026-07-30 10:06:00,334.03,334.65,333.901,334.65,200913
2026-07-30 10:07:00,334.65,335.25,334.25,334.55,132268
2026-07-30 10:08:00,334.5,334.5,333.96,334.13,63134
2026-07-30 10:09:00,334.1746,334.32,333.51,333.72,64527
2026-07-30 10:10:00,333.68,333.76,332.865,332.9447,74133
2026-07-30 10:11:00,332.9,333.15,332.39,333.13,69750
2026-07-30 10:12:00,333.13,333.325,332.88,332.88,89312
2026-07-30 10:13:00,332.88,333.1299,332.59,333.1299,80156
2026-07-30 10:14:00,333.08,333.31,332.68,332.8,85584
2026-07-30 10:15:00,332.835,332.835,332.1,332.55,64858
2026-07-30 10:16:00,332.56,333.345,332.39,333.19,65947
2026-07-30 10:17:00,333.22,333.415,332.555,332.555,57030
2026-07-30 10:18:00,332.57,333.1,332.57,333.0078,103894
2026-07-30 10:19:00,333.0,333.23,332.7785,333.0805,67802
2026-07-30 10:20:00,333.115,333.13,332.73,333.07,126915
2026-07-30 10:21:00,333.085,333.5599,333.02,333.43,76202
2026-07-30 10:22:00,333.4465,333.68,333.21,333.63,46764
2026-07-30 10:23:00,333.665,333.69,333.07,333.095,206987
2026-07-30 10:24:00,333.05,333.31,332.96,333.2295,56772
2026-07-30 10:25:00,333.195,333.34,333.01,333.24,79858
2026-07-30 10:26:00,333.23,333.42,333.05,333.06,150668
2026-07-30 10:27:00,333.04,333.09,332.44,332.65,85463
2026-07-30 10:28:00,332.645,332.8,332.02,332.02,108626
2026-07-30 10:29:00,332.06,332.38,331.77,331.82,98787
2026-07-30 10:30:00,331.81,332.24,331.61,332.155,104027
2026-07-30 10:31:00,332.19,332.95,332.16,332.795,120714
2026-07-30 10:32:00,332.77,332.78,332.3637,332.62,73082
2026-07-30 10:33:00,332.605,332.82,332.25,332.41,92230
2026-07-30 10:34:00,332.4113,332.9,332.15,332.86,64989
2026-07-30 10:35:00,332.85,332.87,332.52,332.72,64094
2026-07-30 10:36:00,332.705,333.33,332.705,333.19,44086
2026-07-30 10:37:00,333.165,333.3594,333.02,333.12,94266
2026-07-30 10:38:00,333.16,333.18,332.89,332.96,52500
2026-07-30 10:39:00,332.96,333.11,332.68,332.84,72572
2026-07-30 10:40:00,332.86,333.17,332.6105,333.125,38859
2026-07-30 10:41:00,333.1147,333.6,333.11,333.595,63902
2026-07-30 10:42:00,333.668,333.73,332.8601,332.93,55862
2026-07-30 10:43:00,332.89,332.9,332.52,332.58,35758
2026-07-30 10:44:00,332.55,332.62,332.1101,332.355,43450
2026-07-30 10:45:00,332.3171,333.09,332.155,333.06,48088
2026-07-30 10:46:00,333.12,333.205,332.68,332.909,36134
2026-07-30 10:47:00,332.89,333.0,332.57,332.58,60467
2026-07-30 10:48:00,332.6,332.6,332.22,332.58,46398
2026-07-30 10:49:00,332.585,332.76,332.38,332.495,38638
2026-07-30 10:50:00,332.51,332.93,332.505,332.86,76240
2026-07-30 10:51:00,332.88,332.94,332.335,332.72,86604
2026-07-30 10:52:00,332.715,332.78,332.55,332.71,28360
2026-07-30 10:53:00,332.685,332.8,332.53,332.57,27085
2026-07-30 10:54:00,332.5,332.86,332.36,332.77,35308
2026-07-30 10:55:00,332.765,332.79,332.3,332.5,30066
2026-07-30 10:56:00,332.54,332.54,331.87,332.25,40811
2026-07-30 10:57:00,332.28,332.52,332.064,332.52,23667
2026-07-30 10:58:00,332.5,333.23,332.45,333.23,45854
2026-07-30 10:59:00,333.23,333.36,332.825,332.835,40977
2026-07-30 11:00:00,332.92,332.96,332.32,332.36,36606
2026-07-30 11:01:00,332.34,332.77,332.11,332.285,47199
2026-07-30 11:02:00,332.21,332.34,332.0,332.28,46281
2026-07-30 11:03:00,332.31,332.765,332.28,332.765,36005
2026-07-30 11:04:00,332.736,332.8,332.28,332.42,59392
2026-07-30 11:05:00,332.45,332.59,332.37,332.5,34328
2026-07-30 11:06:00,332.48,332.81,332.24,332.71,47352
2026-07-30 11:07:00,332.705,332.82,332.49,332.53,41256
2026-07-30 11:08:00,332.525,332.525,332.165,332.5,29658
2026-07-30 11:09:00,332.5,332.78,332.3801,332.45,279797
2026-07-30 11:10:00,332.48,332.52,331.69,331.7756,34296
2026-07-30 11:11:00,331.8,331.88,331.6,331.72,33618
2026-07-30 11:12:00,331.695,331.8221,331.53,331.735,51843
2026-07-30 11:13:00,331.715,331.725,331.43,331.59,67235
2026-07-30 11:14:00,331.545,331.86,331.42,331.67,38644
2026-07-30 11:15:00,331.66,331.85,331.41,331.77,34257
2026-07-30 11:16:00,331.84,332.215,331.74,331.89,41306
2026-07-30 11:17:00,331.88,332.1,331.71,331.8,28825
2026-07-30 11:18:00,331.76,332.07,331.76,332.0298,75557
2026-07-30 11:19:00,332.0,332.2095,331.8,332.1,60536
2026-07-30 11:20:00,332.1,332.1,331.64,332.0,34267
2026-07-30 11:21:00,332.0334,332.255,331.99,332.11,29415
2026-07-30 11:22:00,332.09,332.27,332.01,332.09,39442
2026-07-30 11:23:00,332.055,332.15,331.809,332.0213,34021
2026-07-30 11:24:00,332.02,332.06,331.75,331.79,24694
2026-07-30 11:25:00,331.88,332.03,331.38,331.435,34737
2026-07-30 11:26:00,331.435,331.815,331.1,331.815,40677
2026-07-30 11:27:00,331.865,332.05,331.71,331.71,25742
2026-07-30 11:28:00,331.695,331.79,331.57,331.69,29828
2026-07-30 11:29:00,331.66,331.73,331.34,331.46,42643
2026-07-30 11:30:00,331.44,331.505,331.25,331.43,41520
2026-07-30 11:31:00,331.43,331.815,331.3014,331.745,40752
2026-07-30 11:32:00,331.78,331.87,331.7,331.71,29365
2026-07-30 11:33:00,331.71,331.795,331.52,331.69,27033
2026-07-30 11:34:00,331.76,332.09,331.73,331.985,30373
2026-07-30 11:35:00,332.02,332.17,331.8001,331.835,36795
2026-07-30 11:36:00,331.83,332.3,331.83,332.275,49078
2026-07-30 11:37:00,332.29,332.33,331.87,331.89,47590
2026-07-30 11:38:00,331.92,332.18,331.8601,332.035,32337
2026-07-30 11:39:00,332.05,332.2,332.0,332.19,28427
2026-07-30 11:40:00,332.2,332.47,332.08,332.35,29364
2026-07-30 11:41:00,332.31,332.69,332.31,332.67,17449
2026-07-30 11:42:00,332.65,333.0,332.64,332.945,40551
2026-07-30 11:43:00,333.01,333.28,332.89,333.21,26956
2026-07-30 11:44:00,333.255,333.64,333.24,333.4499,34225
2026-07-30 11:45:00,333.46,333.798,333.42,333.76,34910
2026-07-30 11:46:00,333.745,333.99,333.73,333.99,34939
2026-07-30 11:47:00,334.0,334.0,333.695,333.76,28658
2026-07-30 11:48:00,333.76,333.93,333.4113,333.4255,42196
2026-07-30 11:49:00,333.435,333.56,333.26,333.54,29129
2026-07-30 11:50:00,333.58,333.64,333.26,333.32,31525
2026-07-30 11:51:00,333.32,333.42,333.13,333.3075,30709
2026-07-30 11:52:00,333.34,333.3983,332.91,333.14,44526
2026-07-30 11:53:00,333.13,333.64,333.0901,333.62,38546
2026-07-30 11:54:00,333.65,333.7795,333.5,333.725,34202
2026-07-30 11:55:00,333.74,333.99,333.71,333.91,52019
2026-07-30 11:56:00,333.91,334.14,333.56,333.615,46069
2026-07-30 11:57:00,333.64,333.69,333.5007,333.61,24486
2026-07-30 11:58:00,333.6002,333.6002,332.97,333.09,38014
2026-07-30 11:59:00,333.09,333.09,332.75,332.815,36331
2026-07-30 12:00:00,332.805,333.086,332.69,333.08,23029
2026-07-30 12:01:00,333.045,333.315,333.0,333.315,29997
2026-07-30 12:02:00,333.335,333.56,333.22,333.56,28860
2026-07-30 12:03:00,333.58,333.75,333.5,333.74,85793
2026-07-30 12:04:00,333.7,334.0,333.61,333.91,64763
2026-07-30 12:05:00,333.905,334.1025,333.75,333.8,67189
2026-07-30 12:06:00,333.83,334.14,333.8,334.01,40866
2026-07-30 12:07:00,334.02,334.17,333.9,334.165,42918
2026-07-30 12:08:00,334.1301,334.1303,333.73,333.83,56229
2026-07-30 12:09:00,333.83,333.845,333.55,333.62,86749
2026-07-30 12:10:00,333.59,333.855,333.59,333.74,76408
2026-07-30 12:11:00,333.735,333.865,333.62,333.85,48227
2026-07-30 12:12:00,333.825,334.09,333.77,334.06,35977
2026-07-30 12:13:00,334.055,334.22,334.01,334.14,28800
2026-07-30 12:14:00,334.135,334.3,333.88,333.955,33366
2026-07-30 12:15:00,333.9749,333.99,333.815,333.855,20750
2026-07-30 12:16:00,333.87,334.0198,333.81,333.98,23132
2026-07-30 12:17:00,333.95,334.27,333.84,334.27,20635
2026-07-30 12:18:00,334.28,334.35,334.08,334.35,23932
2026-07-30 12:19:00,334.3446,334.3894,334.13,334.175,30378
2026-07-30 12:20:00,334.165,334.46,334.1,334.42,18239
2026-07-30 12:21:00,334.445,334.773,334.415,334.72,36919
2026-07-30 12:22:00,334.725,334.725,334.43,334.5,17045
2026-07-30 12:23:00,334.4781,334.54,334.27,334.36,33730
2026-07-30 12:24:00,334.39,334.575,334.295,334.575,17062
2026-07-30 12:25:00,334.575,334.615,334.43,334.57,27517
2026-07-30 12:26:00,334.58,334.7196,334.49,334.68,22762
2026-07-30 12:27:00,334.675,334.88,334.665,334.7701,31044
2026-07-30 12:28:00,334.84,335.14,334.84,335.11,68455
2026-07-30 12:29:00,335.1096,335.1299,334.72,334.905,32629
2026-07-30 12:30:00,334.905,334.94,334.7642,334.77,30195
2026-07-30 12:31:00,334.76,335.08,334.7,334.875,21835
2026-07-30 12:32:00,334.875,335.02,334.74,335.01,27089
2026-07-30 12:33:00,335.04,335.2199,335.025,335.16,36034
2026-07-30 12:34:00,335.165,335.33,335.115,335.115,56182
2026-07-30 12:35:00,335.115,335.3159,335.09,335.175,36901
2026-07-30 12:36:00,335.165,335.33,335.08,335.28,27215
2026-07-30 12:37:00,335.28,335.3,334.95,335.07,35269
2026-07-30 12:38:00,335.05,335.05,334.8,334.8301,38350
2026-07-30 12:39:00,334.79,334.97,334.72,334.83,21202
2026-07-30 12:40:00,334.79,334.835,334.5242,334.69,25241
2026-07-30 12:41:00,334.635,334.795,334.46,334.65,39715
2026-07-30 12:42:00,334.62,334.62,334.32,334.42,20482
2026-07-30 12:43:00,334.45,334.7199,334.35,334.66,21962
2026-07-30 12:44:00,334.64,334.68,334.4101,334.49,28648
2026-07-30 12:45:00,334.46,334.61,334.26,334.595,30519
2026-07-30 12:46:00,334.61,334.69,334.2,334.225,84090
2026-07-30 12:47:00,334.24,334.2999,333.96,333.97,38191
2026-07-30 12:48:00,333.93,334.0993,333.78,333.8,28596
2026-07-30 12:49:00,333.795,333.85,333.64,333.71,36622
2026-07-30 12:50:00,333.74,333.76,333.5435,333.6,28722
2026-07-30 12:51:00,333.6382,333.85,333.57,333.73,31506
2026-07-30 12:52:00,333.7366,333.95,333.695,333.89,24606
2026-07-30 12:53:00,333.86,333.97,333.68,333.732,25721
2026-07-30 12:54:00,333.7,333.84,333.67,333.7,24011
2026-07-30 12:55:00,333.7,334.43,333.68,334.38,76204
2026-07-30 12:56:00,334.3,334.56,334.255,334.52,21694
2026-07-30 12:57:00,334.53,334.69,334.2,334.24,33660
2026-07-30 12:58:00,334.24,334.282,334.1,334.19,68117
2026-07-30 12:59:00,334.195,334.6499,334.195,334.525,26981
2026-07-30 13:00:00,334.5,335.15,334.5,334.99,41140
2026-07-30 13:01:00,335.055,335.055,334.59,334.74,40394
2026-07-30 13:02:00,334.8053,334.825,334.66,334.805,23899
2026-07-30 13:03:00,334.83,335.08,334.7453,334.925,25383
2026-07-30 13:04:00,334.925,335.05,334.9,335.0289,16628
2026-07-30 13:05:00,335.02,335.0894,334.859,334.96,19484
2026-07-30 13:06:00,334.9,335.0,334.85,334.91,29699
2026-07-30 13:07:00,334.96,335.1551,334.8621,335.09,37734
2026-07-30 13:08:00,335.1075,335.17,334.985,335.02,29322
2026-07-30 13:09:00,334.995,334.995,334.84,334.93,17852
2026-07-30 13:10:00,334.97,335.115,334.905,334.985,29904
2026-07-30 13:11:00,334.96,335.03,334.77,335.03,30578
2026-07-30 13:12:00,335.07,335.07,334.65,334.735,46684
2026-07-30 13:13:00,334.79,334.86,334.535,334.61,20625
2026-07-30 13:14:00,334.6,334.64,334.38,334.42,29843
2026-07-30 13:15:00,334.425,334.44,334.04,334.05,27718
2026-07-30 13:16:00,334.06,334.18,333.9312,333.98,49567
2026-07-30 13:17:00,333.99,334.04,333.755,333.785,30396
2026-07-30 13:18:00,333.79,333.79,333.565,333.6,36378
2026-07-30 13:19:00,333.61,333.68,333.575,333.675,30824
2026-07-30 13:20:00,333.665,333.71,333.535,333.685,75458
2026-07-30 13:21:00,333.685,334.0099,333.64,333.815,32645
2026-07-30 13:22:00,333.7955,333.8,333.48,333.66,60449
2026-07-30 13:23:00,333.64,333.66,333.39,333.39,42409
2026-07-30 13:24:00,333.39,333.3999,333.105,333.2575,54092
2026-07-30 13:25:00,333.2307,333.26,332.84,332.94,47102
2026-07-30 13:26:00,332.9001,332.94,332.7114,332.87,53540
2026-07-30 13:27:00,332.85,333.15,332.835,332.95,36103
2026-07-30 13:28:00,332.97,333.06,332.76,332.98,39415
2026-07-30 13:29:00,332.95,333.0,332.775,332.8799,39054
2026-07-30 13:30:00,332.87,333.0,332.81,332.8999,36556
2026-07-30 13:31:00,332.865,333.1196,332.79,333.025,59246
2026-07-30 13:32:00,333.025,333.0387,332.601,332.71,50393
2026-07-30 13:33:00,332.7051,332.87,332.65,332.66,39933
2026-07-30 13:34:00,332.66,332.68,332.34,332.59,50907
2026-07-30 13:35:00,332.56,332.73,332.45,332.695,51503
2026-07-30 13:36:00,332.685,333.0,332.685,333.0,40468
2026-07-30 13:37:00,332.99,332.99,332.57,332.7111,83239
2026-07-30 13:38:00,332.8,332.8,332.5,332.7,50085
2026-07-30 13:39:00,332.71,332.76,332.52,332.655,53590
2026-07-30 13:40:00,332.66,332.8,332.48,332.48,39861
2026-07-30 13:41:00,332.47,332.68,332.45,332.62,38685
2026-07-30 13:42:00,332.66,334.51,332.6,333.345,310976
2026-07-30 13:43:00,333.4,333.52,332.93,332.93,75212
2026-07-30 13:44:00,332.96,333.36,332.9001,333.1515,59222
2026-07-30 13:45:00,333.13,333.16,332.45,332.455,82932
2026-07-30 13:46:00,332.5125,332.98,332.21,332.71,119971
2026-07-30 13:47:00,332.74,333.27,332.67,332.96,59637
2026-07-30 13:48:00,332.96,333.26,332.84,333.19,37428
2026-07-30 13:49:00,333.165,333.67,333.16,333.32,67147
2026-07-30 13:50:00,333.3393,334.05,333.27,334.025,25507
2026-07-30 13:51:00,334.02,334.73,333.99,334.7,56444
2026-07-30 13:52:00,334.735,334.85,334.365,334.5273,27883
2026-07-30 13:53:00,334.54,334.54,333.97,334.02,25763
2026-07-30 13:54:00,334.1,334.2099,334.045,334.095,28159
2026-07-30 13:55:00,334.1195,334.3186,334.04,334.23,21069
2026-07-30 13:56:00,334.23,334.34,334.07,334.135,18097
2026-07-30 13:57:00,334.1,334.4,334.01,334.3,21753
2026-07-30 13:58:00,334.3,334.34,333.5,333.55,50024
2026-07-30 13:59:00,333.53,333.64,333.04,333.0725,59550
2026-07-30 14:00:00,333.09,333.15,332.465,332.72,59606
2026-07-30 14:01:00,332.7,332.72,332.27,332.38,77346
2026-07-30 14:02:00,332.35,332.65,332.31,332.5095,51762
2026-07-30 14:03:00,332.5,332.56,332.1701,332.22,49235
2026-07-30 14:04:00,332.22,332.37,332.03,332.32,71647
2026-07-30 14:05:00,332.31,332.42,332.11,332.33,55563
2026-07-30 14:06:00,332.36,332.83,332.36,332.795,38798
2026-07-30 14:07:00,332.8,333.1199,332.75,333.06,36478
2026-07-30 14:08:00,333.06,333.1792,332.875,333.0079,48612
2026-07-30 14:09:00,333.02,333.03,332.875,332.9,39883
2026-07-30 14:10:00,332.93,332.98,332.6498,332.895,37485
2026-07-30 14:11:00,332.89,332.94,332.8,332.86,28747
2026-07-30 14:12:00,332.86,332.9299,332.74,332.81,35015
2026-07-30 14:13:00,332.81,332.89,332.75,332.82,25284
2026-07-30 14:14:00,332.8,332.97,332.66,332.7278,41879
2026-07-30 14:15:00,332.68,332.85,332.58,332.85,27967
2026-07-30 14:16:00,332.84,332.9699,332.775,332.775,41182
2026-07-30 14:17:00,332.775,332.81,332.72,332.78,28824
2026-07-30 14:18:00,332.775,332.96,332.745,332.745,27840
2026-07-30 14:19:00,332.745,332.75,332.4776,332.4776,31184
2026-07-30 14:20:00,332.48,332.56,332.365,332.54,29151
2026-07-30 14:21:00,332.56,332.7999,332.51,332.69,48380
2026-07-30 14:22:00,332.7,332.89,332.66,332.8,24713
2026-07-30 14:23:00,332.8,332.865,332.68,332.77,28297
2026-07-30 14:24:00,332.76,332.84,332.64,332.64,21603
2026-07-30 14:25:00,332.64,332.698,332.38,332.415,30789
2026-07-30 14:26:00,332.39,332.43,332.21,332.34,56062
2026-07-30 14:27:00,332.335,332.42,332.27,332.295,28841
2026-07-30 14:28:00,332.28,332.31,332.1506,332.225,32550
2026-07-30 14:29:00,332.225,332.26,332.06,332.07,51928
2026-07-30 14:30:00,332.07,332.24,332.05,332.195,56660
2026-07-30 14:31:00,332.18,332.41,332.07,332.245,66536
2026-07-30 14:32:00,332.245,332.56,332.2,332.48,42947
2026-07-30 14:33:00,332.49,332.79,332.4,332.715,38852
2026-07-30 14:34:00,332.75,332.81,332.5607,332.65,30222
2026-07-30 14:35:00,332.69,333.33,332.68,333.33,75199
2026-07-30 14:36:00,333.33,333.72,333.2918,333.645,57459
2026-07-30 14:37:00,333.66,333.72,333.17,333.39,76444
2026-07-30 14:38:00,333.3501,333.63,333.2659,333.31,31456
2026-07-30 14:39:00,333.3,333.52,333.28,333.47,35486
2026-07-30 14:40:00,333.47,333.6026,333.46,333.51,24480
2026-07-30 14:41:00,333.52,333.82,333.49,333.7212,27737
2026-07-30 14:42:00,333.7,333.805,333.595,333.64,32176
2026-07-30 14:43:00,333.67,333.94,333.67,333.82,34662
2026-07-30 14:44:00,333.84,334.22,333.78,334.22,35604
2026-07-30 14:45:00,334.215,334.31,334.15,334.31,26586
2026-07-30 14:46:00,334.31,334.5299,334.28,334.49,46318
2026-07-30 14:47:00,334.55,334.67,334.42,334.63,20412
2026-07-30 14:48:00,334.6025,334.64,334.28,334.355,43309
2026-07-30 14:49:00,334.3,334.62,334.3,334.58,16348
2026-07-30 14:50:00,334.545,334.7,334.47,334.62,26062
2026-07-30 14:51:00,334.6,334.8,334.56,334.75,27461
2026-07-30 14:52:00,334.765,334.89,334.73,334.7678,24102
2026-07-30 14:53:00,334.78,334.9,334.68,334.84,26129
2026-07-30 14:54:00,334.86,334.93,334.66,334.7944,26652
2026-07-30 14:55:00,334.77,334.8782,334.715,334.73,24005
2026-07-30 14:56:00,334.7,334.8,334.63,334.7,21637
2026-07-30 14:57:00,334.69,334.69,334.39,334.44,56460
2026-07-30 14:58:00,334.46,334.47,334.32,334.37,61056
2026-07-30 14:59:00,334.42,334.65,334.42,334.6,46115
2026-07-30 15:00:00,334.61,334.68,334.41,334.6798,46263
2026-07-30 15:01:00,334.655,334.66,334.42,334.42,34988
2026-07-30 15:02:00,334.43,334.5,334.36,334.39,29276
2026-07-30 15:03:00,334.35,334.5699,334.32,334.46,31663
2026-07-30 15:04:00,334.47,334.57,334.3501,334.365,25553
2026-07-30 15:05:00,334.37,334.44,334.32,334.42,26676
2026-07-30 15:06:00,334.45,334.485,334.23,334.305,34450
2026-07-30 15:07:00,334.31,334.34,334.19,334.275,33534
2026-07-30 15:08:00,334.2881,334.45,334.18,334.43,30187
2026-07-30 15:09:00,334.42,334.64,334.34,334.62,34080
2026-07-30 15:10:00,334.62,334.88,334.59,334.74,56782
2026-07-30 15:11:00,334.75,334.7688,334.4,334.485,32676
2026-07-30 15:12:00,334.485,334.59,334.36,334.52,41437
2026-07-30 15:13:00,334.53,334.63,334.35,334.5196,31382
2026-07-30 15:14:00,334.53,334.74,334.42,334.59,47050
2026-07-30 15:15:00,334.61,334.71,334.5526,334.6422,38331
2026-07-30 15:16:00,334.63,334.7,334.53,334.645,31331
2026-07-30 15:17:00,334.67,334.69,334.43,334.4676,32848
2026-07-30 15:18:00,334.43,334.81,334.38,334.7601,38631
2026-07-30 15:19:00,334.76,334.86,334.66,334.8301,32201
2026-07-30 15:20:00,334.83,334.93,334.33,334.41,35056
2026-07-30 15:21:00,334.41,334.585,334.37,334.53,28495
2026-07-30 15:22:00,334.54,334.54,334.3,334.42,23519
2026-07-30 15:23:00,334.43,334.52,334.31,334.465,39659
2026-07-30 15:24:00,334.465,334.51,334.3,334.31,29312
2026-07-30 15:25:00,334.335,334.48,334.28,334.47,30409
2026-07-30 15:26:00,334.46,334.645,334.43,334.61,37005
2026-07-30 15:27:00,334.615,334.81,334.505,334.68,58475
2026-07-30 15:28:00,334.675,334.69,334.29,334.38,38342
2026-07-30 15:29:00,334.38,334.415,334.27,334.33,27700
2026-07-30 15:30:00,334.335,334.43,334.12,334.17,45326
2026-07-30 15:31:00,334.16,334.3,334.01,334.3,64656
2026-07-30 15:32:00,334.36,334.4,334.18,334.23,35718
2026-07-30 15:33:00,334.23,334.41,334.05,334.31,89290
2026-07-30 15:34:00,334.3,334.48,334.27,334.385,41264
2026-07-30 15:35:00,334.375,334.38,333.96,334.04,60457
2026-07-30 15:36:00,334.02,334.19,333.92,334.055,37615
2026-07-30 15:37:00,334.04,334.1968,333.85,334.1968,136758
2026-07-30 15:38:00,334.2,334.3,334.11,334.11,27289
2026-07-30 15:39:00,334.16,334.28,334.14,334.17,30704
2026-07-30 15:40:00,334.13,334.21,334.04,334.135,47600
2026-07-30 15:41:00,334.14,334.22,333.97,334.05,35569
2026-07-30 15:42:00,334.0301,334.0687,333.86,333.98,36150
2026-07-30 15:43:00,333.98,334.32,333.96,334.2824,49418
2026-07-30 15:44:00,334.27,334.37,334.23,334.2801,43328
2026-07-30 15:45:00,334.249,334.4499,334.115,334.38,56047
2026-07-30 15:46:00,334.39,334.47,334.23,334.34,45681
2026-07-30 15:47:00,334.31,334.32,334.11,334.2,38902
2026-07-30 15:48:00,334.21,334.245,334.07,334.19,40976
2026-07-30 15:49:00,334.19,334.38,334.04,334.38,45301
2026-07-30 15:50:00,334.4,334.57,333.9,334.0099,97108
2026-07-30 15:51:00,333.97,334.015,333.72,333.83,80560
2026-07-30 15:52:00,333.84,333.92,333.71,333.8825,70500
2026-07-30 15:53:00,333.87,334.06,333.745,333.87,96607
2026-07-30 15:54:00,333.88,334.16,333.755,333.97,103424
2026-07-30 15:55:00,333.95,333.95,333.26,333.61,205598
2026-07-30 15:56:00,333.61,333.75,333.44,333.62,161803
2026-07-30 15:57:00,333.63,333.71,333.4,333.44,178884
2026-07-30 15:58:00,333.43,333.67,333.385,333.67,250049
2026-07-30 15:59:00,333.65,333.85,333.49,333.68,611124
2026-07-30 16:00:00,333.66,333.99,333.4537,333.82,2554328
2026-07-30 16:01:00,333.82,334.4,333.7514,334.1,0
2026-07-30 16:02:00,334.28,334.4,333.51,334.0,0
2026-07-30 16:03:00,334.0,334.3099,333.66,333.7666,0
2026-07-30 16:04:00,333.66,334.15,333.53,333.731,0
2026-07-30 16:05:00,333.9,334.15,333.66,334.0,0
2026-07-30 16:06:00,334.0,334.0,333.3784,333.57,0
2026-07-30 16:07:00,333.435,333.95,333.36,333.6985,0
2026-07-30 16:08:00,333.58,333.7,333.4,333.57,0
2026-07-30 16:09:00,333.4488,333.66,333.44,333.6569,0
2026-07-30 16:10:00,333.62,333.66,333.4053,333.4882,0
2026-07-30 16:11:00,333.4188,333.63,333.223,333.37,0
2026-07-30 16:12:00,333.43,333.65,333.33,333.51,0
2026-07-30 16:13:00,333.71,333.72,333.5,333.56,0
2026-07-30 16:14:00,333.61,333.61,333.45,333.6,0
2026-07-30 16:15:00,333.66,333.83,333.46,333.81,0
2026-07-30 16:16:00,333.7,333.8982,333.65,333.65,0
2026-07-30 16:17:00,333.72,333.83,333.61,333.63,0
2026-07-30 16:18:00,333.6,333.88,333.6,333.84,0
2026-07-30 16:19:00,333.8,333.84,333.6,333.7551,0
2026-07-30 16:20:00,333.66,333.8,333.66,333.8,0
2026-07-30 16:21:00,333.66,333.8,333.61,333.8,0
2026-07-30 16:22:00,333.8,334.09,333.66,333.81,0
2026-07-30 16:23:00,333.9514,334.1,333.9514,334.1,0
2026-07-30 16:24:00,334.1,334.15,334.0091,334.0592,0
2026-07-30 16:25:00,334.05,334.21,334.0,334.2087,0
2026-07-30 16:26:00,334.2094,334.5,334.18,334.49,0
2026-07-30 16:27:00,334.49,334.49,334.2,334.3,0
2026-07-30 16:28:00,334.3686,334.69,334.25,334.66,0
2026-07-30 16:29:00,334.55,334.68,334.29,334.6,0
2026-07-30 16:30:00,334.6,334.7,334.2,334.3949,0
2026-07-30 16:31:00,334.52,334.6937,334.4,334.6937,0
2026-07-30 16:32:00,334.7,334.95,334.57,334.95,0
2026-07-30 16:33:00,334.99,335.47,334.95,335.19,0
2026-07-30 16:34:00,335.4461,336.2,335.2418,336.2,0
2026-07-30 16:35:00,336.0956,336.0956,335.61,335.8007,0
2026-07-30 16:36:00,335.8024,335.99,335.61,335.61,0
2026-07-30 16:37:00,335.59,335.84,335.1,335.14,0
2026-07-30 16:38:00,335.32,335.32,333.66,334.61,0
2026-07-30 16:39:00,334.7042,335.2199,334.7042,335.21,0
2026-07-30 16:40:00,335.1,335.2887,334.8,334.94,0
2026-07-30 16:41:00,334.9987,335.0,334.6,334.6,0
2026-07-30 16:42:00,334.66,334.99,334.61,334.9249,0
2026-07-30 16:43:00,334.97,335.0,334.6,334.66,0
2026-07-30 16:44:00,334.7,334.97,334.66,334.9188,0
2026-07-30 16:45:00,334.9,334.9,334.6001,334.75,0
2026-07-30 16:46:00,334.6607,334.88,334.61,334.88,0
2026-07-30 16:47:00,334.8293,334.88,334.66,334.77,0
2026-07-30 16:48:00,334.8114,334.88,334.7,334.71,0
2026-07-30 16:49:00,334.75,334.75,334.63,334.63,0
2026-07-30 16:50:00,334.7,334.7,334.55,334.55,0
2026-07-30 16:51:00,334.7,334.7,334.58,334.6868,0
2026-07-30 16:52:00,334.57,334.7113,318.7686,334.7088,0
2026-07-30 16:53:00,325.7875,355.2542,325.7875,334.75,0
2026-07-30 16:54:00,334.68,334.88,334.528,334.528,0
2026-07-30 16:55:00,334.6,334.6,334.0883,334.0883,0
2026-07-30 16:56:00,334.6,338.5746,313.9701,334.51,0
2026-07-30 16:57:00,334.5787,341.0417,334.5111,334.555,0
2026-07-30 16:58:00,334.57,338.5746,319.8528,334.0883,0
2026-07-30 16:59:00,334.5657,341.0417,318.7686,334.6,0
2026-07-30 17:00:00,334.6,334.6,334.5212,334.59,0
2026-07-30 17:01:00,334.5843,334.6,334.52,334.6,0
2026-07-30 17:02:00,334.58,334.6,334.55,334.6,0
2026-07-30 17:03:00,325.7875,334.6,325.7875,334.5557,0
2026-07-30 17:04:00,334.59,334.5996,334.4,334.5268,0
2026-07-30 17:05:00,334.52,334.55,334.43,334.5261,0
2026-07-30 17:06:00,334.4517,334.55,334.4,334.4,0
2026-07-30 17:07:00,334.5462,334.55,334.29,334.29,0
2026-07-30 17:08:00,334.37,334.38,334.25,334.3043,0
2026-07-30 17:09:00,334.484,334.5,334.25,334.5,0
2026-07-30 17:10:00,334.25,334.5,333.66,334.25,0
2026-07-30 17:11:00,334.25,334.5,334.25,334.32,0
2026-07-30 17:12:00,334.43,334.5,334.3013,334.5,0
2026-07-30 17:13:00,334.33,334.45,334.29,334.45,0
2026-07-30 17:14:00,334.36,334.446,334.21,334.2985,0
2026-07-30 17:15:00,334.27,334.45,334.13,334.24,0
2026-07-30 17:16:00,334.36,334.45,334.01,334.0545,0
2026-07-30 17:17:00,334.01,334.45,334.01,334.1974,0
2026-07-30 17:18:00,334.18,334.4392,334.016,334.18,0
2026-07-30 17:19:00,334.18,334.3975,334.02,334.39,0
2026-07-30 17:20:00,334.3257,334.33,334.3001,334.32,0
2026-07-30 17:21:00,334.3008,334.33,334.01,334.0746,0
2026-07-30 17:22:00,334.12,334.3,334.12,334.2,0
2026-07-30 17:23:00,334.2,334.2857,334.12,334.1297,0
2026-07-30 17:24:00,334.2984,334.3,334.2,334.2574,0
2026-07-30 17:25:00,334.2,334.32,334.2,334.28,0
2026-07-30 17:26:00,334.3,334.3,334.13,334.28,0
2026-07-30 17:27:00,334.3,334.3,334.1,334.1,0
2026-07-30 17:28:00,334.1134,334.33,334.1,334.33,0
2026-07-30 17:29:00,334.33,334.33,334.24,334.3111,0
2026-07-30 17:30:00,334.3262,334.3262,334.01,334.09,0
2026-07-30 17:31:00,334.02,334.1,334.01,334.0239,0
2026-07-30 17:32:00,334.0997,334.1,334.01,334.1,0
2026-07-30 17:33:00,334.07,334.1,334.02,334.05,0
2026-07-30 17:34:00,334.05,334.05,333.9,334.04,0
2026-07-30 17:35:00,333.9815,333.9815,333.85,333.885,0
2026-07-30 17:36:00,333.88,333.88,333.8,333.8,0
2026-07-30 17:37:00,333.8,333.98,333.8,333.88,0
2026-07-30 17:38:00,333.8805,333.98,333.81,333.9,0
2026-07-30 17:39:00,333.91,334.0,333.66,333.89,0
2026-07-30 17:40:00,333.85,334.18,333.85,334.1532,0
2026-07-30 17:41:00,334.1791,334.2268,334.05,334.05,0
2026-07-30 17:42:00,334.19,334.25,334.02,334.25,0
2026-07-30 17:43:00,334.25,334.33,334.25,334.33,0
2026-07-30 17:44:00,334.33,334.33,334.32,334.33,0
2026-07-30 17:45:00,334.33,334.4,334.32,334.33,0
2026-07-30 17:46:00,334.4438,334.45,334.33,334.45,0
2026-07-30 17:47:00,334.4489,334.4685,334.33,334.4685,0
2026-07-30 17:48:00,334.6,334.6,334.51,334.5995,0
2026-07-30 17:49:00,334.57,334.59,334.45,334.51,0
2026-07-30 17:50:00,334.5761,334.6,334.5,334.55,0
2026-07-30 17:51:00,334.59,334.6,334.5512,334.6,0
2026-07-30 17:52:00,334.6,334.6,334.55,334.5938,0
2026-07-30 17:53:00,334.57,334.6,334.55,334.6,0
2026-07-30 17:54:00,334.55,334.6,334.55,334.5987,0
2026-07-30 17:55:00,334.59,334.6,334.55,334.58,0
2026-07-30 17:56:00,334.55,334.6,334.498,334.5,0
2026-07-30 17:57:00,334.5,334.59,334.45,334.54,0
2026-07-30 17:58:00,334.5684,334.59,334.5,334.59,0
2026-07-30 17:59:00,334.59,334.59,334.5,334.5441,0
2026-07-30 18:00:00,334.44,334.6,334.05,334.26,0
2026-07-30 18:01:00,334.5988,334.97,334.3,334.97,0
2026-07-30 18:02:00,335.0,335.3,334.75,335.0,0
2026-07-30 18:03:00,335.4,335.4,334.76,334.9612,0
2026-07-30 18:04:00,335.2,335.4,334.96,335.27,0
2026-07-30 18:05:00,335.39,335.39,335.0,335.22,0
2026-07-30 18:06:00,335.3269,335.34,335.0,335.3,0
2026-07-30 18:07:00,335.3993,335.4,335.01,335.3037,0
2026-07-30 18:08:00,335.21,335.25,335.0,335.24,0
2026-07-30 18:09:00,335.24,335.24,335.0489,335.06,0
2026-07-30 18:10:00,335.13,335.44,335.11,335.4103,0
2026-07-30 18:11:00,335.5,335.7,335.13,335.36,0
2026-07-30 18:12:00,335.3,335.3,335.0,335.14,0
2026-07-30 18:13:00,335.0,335.09,335.0,335.0122,0
2026-07-30 18:14:00,335.0297,335.25,334.99,335.22,0
2026-07-30 18:15:00,335.1,335.25,335.1,335.22,0
2026-07-30 18:16:00,335.2281,335.25,335.1232,335.23,0
2026-07-30 18:17:00,335.23,335.3161,335.23,335.25,0
2026-07-30 18:18:00,335.4,335.4,335.0,335.0,0
2026-07-30 18:19:00,335.4,335.4,335.0,335.0,0
2026-07-30 18:20:00,335.09,335.21,335.01,335.21,0
2026-07-30 18:21:00,335.09,335.15,335.0,335.0338,0
2026-07-30 18:22:00,335.04,335.1,335.0,335.05,0
2026-07-30 18:23:00,335.04,335.09,335.0,335.09,0
2026-07-30 18:24:00,335.05,335.1,335.0,335.09,0
2026-07-30 18:25:00,335.0449,335.25,335.0449,335.25,0
2026-07-30 18:26:00,335.25,335.25,335.0,335.0452,0
2026-07-30 18:27:00,335.0,335.21,335.0,335.07,0
2026-07-30 18:28:00,335.21,335.21,335.0,335.18,0
2026-07-30 18:29:00,335.15,335.15,335.0,335.0706,0
2026-07-30 18:30:00,335.0,335.18,335.0,335.0481,0
2026-07-30 18:31:00,335.01,335.05,335.0,335.0442,0
2026-07-30 18:32:00,335.05,335.05,335.0,335.0484,0
2026-07-30 18:33:00,335.04,335.05,335.0,335.05,0
2026-07-30 18:34:00,335.06,335.17,335.053,335.17,0
2026-07-30 18:35:00,335.145,335.17,335.0855,335.17,0
2026-07-30 18:36:00,335.25,335.35,335.17,335.3,0
2026-07-30 18:37:00,335.4,335.4,335.3,335.38,0
2026-07-30 18:38:00,335.35,335.5,335.35,335.3986,0
2026-07-30 18:39:00,335.4,335.5,335.3842,335.4741,0
2026-07-30 18:40:00,335.47,335.49,335.44,335.4783,0
2026-07-30 18:41:00,335.4654,335.47,335.41,335.4561,0
2026-07-30 18:42:00,335.47,335.6,335.47,335.55,0
2026-07-30 18:43:00,335.6,335.6,335.4063,335.4063,0
2026-07-30 18:44:00,335.55,335.55,335.5,335.52,0
2026-07-30 18:45:00,335.52,335.599,335.43,335.599,0
2026-07-30 18:46:00,335.59,335.6,335.431,335.6,0
2026-07-30 18:47:00,335.5984,335.77,335.52,335.62,0
2026-07-30 18:48:00,335.65,335.7768,335.5126,335.7768,0
2026-07-30 18:49:00,335.65,335.8,335.0,335.08,0
2026-07-30 18:50:00,335.08,335.58,335.08,335.57,0
2026-07-30 18:51:00,335.57,335.57,335.35,335.5,0
2026-07-30 18:52:00,335.5,335.57,335.38,335.49,0
2026-07-30 18:53:00,335.5421,335.57,335.43,335.57,0
2026-07-30 18:54:00,335.51,335.5661,335.48,335.53,0
2026-07-30 18:55:00,335.5017,335.6,335.5,335.5974,0
2026-07-30 18:56:00,335.5877,335.7,335.5877,335.65,0
2026-07-30 18:57:00,335.68,335.7,335.45,335.45,0
2026-07-30 18:58:00,335.64,335.65,335.4,335.45,0
2026-07-30 18:59:00,335.4067,335.6,335.4,335.53,0
2026-07-30 19:00:00,335.53,335.53,335.431,335.53,0
2026-07-30 19:01:00,335.4306,335.6,335.4306,335.58,0
2026-07-30 19:02:00,335.5449,335.69,335.5449,335.69,0
2026-07-30 19:03:00,335.6452,335.67,335.59,335.67,0
2026-07-30 19:04:00,335.7,335.7,335.5563,335.7,0
2026-07-30 19:05:00,335.7,335.7,335.6,335.7,0
2026-07-30 19:06:00,335.7,335.7,335.6314,335.6314,0
2026-07-30 19:07:00,335.67,335.7,335.61,335.62,0
2026-07-30 19:08:00,335.63,335.63,335.55,335.55,0
2026-07-30 19:09:00,335.5618,335.57,335.4,335.4,0
2026-07-30 19:10:00,335.2,335.57,335.2,335.55,0
2026-07-30 19:11:00,335.48,335.54,335.16,335.16,0
2026-07-30 19:12:00,335.25,335.44,335.176,335.3,0
2026-07-30 19:13:00,335.3,335.41,335.17,335.41,0
2026-07-30 19:14:00,335.2734,335.41,335.19,335.2,0
2026-07-30 19:15:00,335.02,335.41,335.02,335.3,0
2026-07-30 19:16:00,335.2179,335.4,335.2179,335.35,0
2026-07-30 19:17:00,335.28,335.35,335.2,335.3,0
2026-07-30 19:18:00,335.19,335.34,335.1008,335.338,0
2026-07-30 19:19:00,335.26,335.35,335.19,335.19,0
2026-07-30 19:20:00,335.2,335.35,335.2,335.34,0
2026-07-30 19:21:00,335.34,335.5,335.18,335.33,0
2026-07-30 19:22:00,335.34,335.34,335.17,335.17,0
2026-07-30 19:23:00,335.282,335.3,335.17,335.2972,0
2026-07-30 19:24:00,335.3,335.3,335.17,335.1992,0
2026-07-30 19:25:00,335.19,335.3399,335.17,335.3,0
2026-07-30 19:26:00,335.3,335.3,335.2,335.3,0
2026-07-30 19:27:00,335.2828,335.2828,335.2164,335.26,0
2026-07-30 19:28:00,335.2993,335.34,335.2523,335.3,0
2026-07-30 19:29:00,335.3377,335.34,335.25,335.26,0
2026-07-30 19:30:00,335.4,335.4,335.25,335.2821,0
2026-07-30 19:31:00,335.26,335.34,335.25,335.25,0
2026-07-30 19:32:00,335.2648,335.39,335.0,335.1182,0
2026-07-30 19:33:00,335.11,335.4,335.11,335.205,0
2026-07-30 19:34:00,335.2426,335.4,335.2,335.27,0
2026-07-30 19:35:00,335.26,335.27,335.0,335.0,0
2026-07-30 19:36:00,335.235,335.2366,335.05,335.2,0
2026-07-30 19:37:00,335.2,335.3,335.0757,335.17,0
2026-07-30 19:38:00,335.17,335.17,335.17,335.17,0
2026-07-30 19:39:00,335.3,335.33,335.13,335.24,0
2026-07-30 19:40:00,335.2851,335.33,335.22,335.3099,0
2026-07-30 19:41:00,335.3,335.33,335.17,335.25,0
2026-07-30 19:42:00,335.25,335.7,335.21,335.56,0
2026-07-30 19:43:00,335.5,335.5,335.34,335.5,0
2026-07-30 19:44:00,335.34,335.65,335.28,335.59,0
2026-07-30 19:45:00,335.55,335.8,335.5,335.6,0
2026-07-30 19:46:00,335.67,335.7,335.6,335.64,0
2026-07-30 19:47:00,335.6496,335.6496,335.55,335.55,0
2026-07-30 19:48:00,335.475,335.51,335.29,335.5,0
2026-07-30 19:49:00,335.5333,335.54,335.32,335.52,0
2026-07-30 19:50:00,335.6,335.6,335.26,335.3371,0
2026-07-30 19:51:00,335.3467,335.6,335.29,335.6,0
2026-07-30 19:52:00,335.5947,335.6,335.39,335.39,0
2026-07-30 19:53:00,335.3937,335.8,335.3937,335.7011,0
2026-07-30 19:54:00,335.51,335.8,335.5075,335.76,0
2026-07-30 19:55:00,335.6,335.8,335.57,335.5757,0
2026-07-30 19:56:00,335.8,335.8,335.36,335.36,0
2026-07-30 19:57:00,335.6817,335.8,335.56,335.79,0
2026-07-30 19:58:00,335.65,335.8,335.5465,335.6,0
2026-07-30 19:59:00,335.64,335.8,335.64,335.66,0
2026-07-31 04:00:00,340.22,342.24,333.66,340.5865,0
2026-07-31 04:01:00,340.5,342.25,339.14,341.2288,0
2026-07-31 04:02:00,341.0558,342.22,340.83,342.1,0
2026-07-31 04:03:00,342.0,342.31,341.77,341.7732,0
2026-07-31 04:04:00,341.9052,342.19,341.9,342.0,0
2026-07-31 04:05:00,342.18,342.44,339.1,342.4,0
2026-07-31 04:06:00,342.436,342.5,341.62,342.36,0
2026-07-31 04:07:00,341.5,342.7,339.71,342.4336,0
2026-07-31 04:08:00,342.4336,342.57,339.3,342.3249,0
2026-07-31 04:09:00,342.2,342.29,342.05,342.19,0
2026-07-31 04:10:00,342.25,342.74,342.25,342.5907,0
2026-07-31 04:11:00,342.6,342.8,342.376,342.51,0
2026-07-31 04:12:00,342.54,342.6672,342.51,342.6672,0
2026-07-31 04:13:00,342.8,343.28,342.6852,342.93,0
2026-07-31 04:14:00,342.6872,343.0,342.54,342.61,0
2026-07-31 04:15:00,342.78,342.95,342.6087,342.775,0
2026-07-31 04:16:00,342.66,342.9265,342.31,342.7988,0
2026-07-31 04:17:00,342.66,343.0,342.66,342.73,0
2026-07-31 04:18:00,342.7654,343.0,342.65,342.85,0
2026-07-31 04:19:00,342.78,343.0,342.66,342.9045,0
2026-07-31 04:20:00,342.688,343.0,342.688,342.93,0
2026-07-31 04:21:00,342.985,343.1665,342.77,342.9,0
2026-07-31 04:22:00,342.95,342.9543,342.7,342.81,0
2026-07-31 04:23:00,342.8,342.85,342.7,342.78,0
2026-07-31 04:24:00,342.78,342.8437,342.4495,342.4495,0
2026-07-31 04:25:00,342.6,342.8517,342.471,342.471,0
2026-07-31 04:26:00,342.4,342.555,342.2025,342.368,0
2026-07-31 04:27:00,342.38,342.38,342.0,342.05,0
2026-07-31 04:28:00,341.98,342.0788,341.68,341.983,0
2026-07-31 04:29:00,342.0,342.054,341.7009,341.8706,0
2026-07-31 04:30:00,341.9,341.98,341.85,341.85,0
2026-07-31 04:31:00,341.7336,341.99,341.73,341.98,0
2026-07-31 04:32:00,341.98,342.0717,341.75,341.893,0
2026-07-31 04:33:00,341.95,341.95,341.605,341.66,0
2026-07-31 04:34:00,341.7052,341.97,341.6303,341.88,0
2026-07-31 04:35:00,341.88,341.99,341.8,341.9401,0
2026-07-31 04:36:00,341.9611,341.9611,341.61,341.66,0
2026-07-31 04:37:00,341.6702,341.939,341.5097,341.79,0
2026-07-31 04:38:00,341.72,341.95,341.52,341.7275,0
2026-07-31 04:39:00,341.7342,341.74,341.5599,341.62,0
2026-07-31 04:40:00,341.62,341.85,341.55,341.75,0
2026-07-31 04:41:00,341.75,341.9488,341.6377,341.6462,0
2026-07-31 04:42:00,341.8503,341.95,341.75,341.8783,0
2026-07-31 04:43:00,341.87,341.9488,341.87,341.89,0
2026-07-31 04:44:00,341.9094,341.9506,341.78,341.94,0
2026-07-31 04:45:00,341.84,341.94,341.84,341.91,0
2026-07-31 04:46:00,342.0,342.35,342.0,342.012,0
2026-07-31 04:47:00,342.338,342.338,342.0,342.25,0
2026-07-31 04:48:00,342.19,342.2983,341.8935,341.99,0
2026-07-31 04:49:00,341.9521,342.1417,341.8527,342.0706,0
2026-07-31 04:50:00,342.0706,342.23,341.9102,342.23,0
2026-07-31 04:51:00,342.22,342.473,342.2,342.3,0
2026-07-31 04:52:00,342.36,342.473,342.28,342.33,0
2026-07-31 04:53:00,342.4757,342.4757,342.4,342.4,0
2026-07-31 04:54:00,342.4,342.4757,342.3067,342.3067,0
2026-07-31 04:55:00,342.3,342.48,342.2752,342.3,0
2026-07-31 04:56:00,342.336,342.5,342.336,342.3603,0
2026-07-31 04:57:00,342.39,342.3974,342.2935,342.3856,0
2026-07-31 04:58:00,342.361,342.39,342.3296,342.3296,0
2026-07-31 04:59:00,342.35,342.4,342.3,342.35,0
2026-07-31 05:00:00,342.3,342.3988,342.2537,342.3988,0
2026-07-31 05:01:00,342.29,342.4,342.28,342.3697,0
2026-07-31 05:02:00,342.34,342.3917,342.1156,342.12,0
2026-07-31 05:03:00,342.1104,342.3,342.1012,342.1578,0
2026-07-31 05:04:00,342.15,342.2052,341.9204,341.9204,0
2026-07-31 05:05:00,341.9042,341.9706,341.8,341.9706,0
2026-07-31 05:06:00,341.84,341.9788,341.8,341.97,0
2026-07-31 05:07:00,341.9611,341.97,341.76,341.8885,0
2026-07-31 05:08:00,341.58,341.58,341.3,341.49,0
2026-07-31 05:09:00,341.5,341.5,341.31,341.39,0
2026-07-31 05:10:00,341.39,341.44,341.22,341.2929,0
2026-07-31 05:11:00,341.42,341.5,341.0,341.4395,0
2026-07-31 05:12:00,341.4896,341.4896,341.2172,341.3,0
2026-07-31 05:13:00,341.3,341.42,341.2075,341.42,0
2026-07-31 05:14:00,341.42,341.4852,341.3104,341.4,0
2026-07-31 05:15:00,341.4,341.49,341.4,341.49,0
2026-07-31 05:16:00,341.48,341.8197,341.45,341.45,0
2026-07-31 05:17:00,341.49,341.81,341.4777,341.7722,0
2026-07-31 05:18:00,341.47,341.78,341.47,341.78,0
2026-07-31 05:19:00,341.6822,341.6822,341.5,341.6795,0
2026-07-31 05:20:00,341.67,341.67,341.48,341.5,0
2026-07-31 05:21:00,341.5603,341.77,341.27,341.34,0
2026-07-31 05:22:00,341.4901,341.4901,341.21,341.24,0
2026-07-31 05:23:00,341.24,341.3011,341.1052,341.3011,0
2026-07-31 05:24:00,341.1725,341.3072,341.17,341.3072,0
2026-07-31 05:25:00,341.18,341.18,340.8412,340.86,0
2026-07-31 05:26:00,340.9967,341.44,340.87,341.03,0
2026-07-31 05:27:00,341.2188,341.3,341.15,341.3,0
2026-07-31 05:28:00,341.28,341.4367,341.2,341.2925,0
2026-07-31 05:29:00,341.17,341.87,341.0075,341.47,0
2026-07-31 05:30:00,341.47,341.5988,341.2859,341.2859,0
2026-07-31 05:31:00,341.2,341.295,341.0,341.0,0
2026-07-31 05:32:00,340.9512,341.35,340.95,341.0,0
2026-07-31 05:33:00,341.23,341.46,341.2065,341.337,0
2026-07-31 05:34:00,341.34,341.7488,341.28,341.7488,0
2026-07-31 05:35:00,341.56,341.59,341.2192,341.59,0
2026-07-31 05:36:00,341.59,341.59,341.3,341.57,0
2026-07-31 05:37:00,341.39,341.6288,341.3,341.3,0
2026-07-31 05:38:00,341.57,341.57,341.2209,341.48,0
2026-07-31 05:39:00,341.46,341.55,341.34,341.55,0
2026-07-31 05:40:00,341.4299,341.53,341.3879,341.47,0
2026-07-31 05:41:00,341.4743,341.5,341.44,341.5,0
2026-07-31 05:42:00,341.4847,341.53,341.4662,341.5,0
2026-07-31 05:43:00,341.4412,341.6,341.4412,341.5795,0
2026-07-31 05:44:00,341.6,341.77,341.5203,341.7559,0
2026-07-31 05:45:00,341.7028,341.7028,341.505,341.6952,0
2026-07-31 05:46:00,341.69,341.695,341.6218,341.695,0
2026-07-31 05:47:00,341.7,341.7,341.63,341.6852,0
2026-07-31 05:48:00,341.69,341.69,341.5,341.6,0
2026-07-31 05:49:00,341.64,341.64,341.53,341.58,0
2026-07-31 05:50:00,341.585,341.585,341.583,341.583,0
2026-07-31 05:51:00,341.6829,341.7,341.6317,341.7,0
2026-07-31 05:52:00,341.6647,341.71,341.66,341.66,0
2026-07-31 05:53:00,341.66,341.82,341.64,341.81,0
2026-07-31 05:54:00,341.7967,341.9988,341.78,341.8,0
2026-07-31 05:55:00,341.8228,341.9888,341.82,341.82,0
2026-07-31 05:56:00,341.86,341.98,341.8,341.8,0
2026-07-31 05:57:00,341.7063,341.9022,341.5704,341.76,0
2026-07-31 05:58:00,341.719,341.72,341.5583,341.5583,0
2026-07-31 05:59:00,341.55,341.62,341.5,341.54,0
2026-07-31 06:00:00,341.54,341.7,341.5,341.5,0
2026-07-31 06:01:00,341.5,341.6462,341.45,341.5318,0
2026-07-31 06:02:00,341.6422,341.6422,341.4,341.51,0
2026-07-31 06:03:00,341.51,341.59,341.51,341.59,0
2026-07-31 06:04:00,341.63,341.63,341.42,341.42,0
2026-07-31 06:05:00,341.62,341.62,341.4,341.4549,0
2026-07-31 06:06:00,341.4,341.5,341.4,341.4948,0
2026-07-31 06:07:00,341.4975,341.4975,341.4,341.43,0
2026-07-31 06:08:00,341.4302,341.47,341.35,341.35,0
2026-07-31 06:09:00,341.42,341.42,341.3,341.3,0
2026-07-31 06:10:00,341.2592,341.3896,340.77,341.11,0
2026-07-31 06:11:00,341.0,341.0,340.72,340.77,0
2026-07-31 06:12:00,340.94,340.94,340.5987,340.6083,0
2026-07-31 06:13:00,340.93,340.93,340.5972,340.922,0
2026-07-31 06:14:00,340.6277,340.9215,340.6082,340.9,0
2026-07-31 06:15:00,340.84,340.9,340.7595,340.82,0
2026-07-31 06:16:00,340.82,340.82,340.42,340.7,0
2026-07-31 06:17:00,340.6258,340.6937,340.4445,340.4562,0
2026-07-31 06:18:00,340.6937,340.694,340.4447,340.466,0
2026-07-31 06:19:00,340.6942,341.0837,340.4562,340.571,0
2026-07-31 06:20:00,340.989,341.0,340.571,341.0,0
2026-07-31 06:21:00,341.0,341.2,341.0,341.1,0
2026-07-31 06:22:00,340.9907,341.1817,340.864,340.868,0
2026-07-31 06:23:00,341.1525,341.1722,340.865,341.1625,0
2026-07-31 06:24:00,340.8677,341.17,340.6592,340.99,0
2026-07-31 06:25:00,340.9722,340.98,340.5065,340.69,0
2026-07-31 06:26:00,340.55,340.74,340.4,340.5958,0
2026-07-31 06:27:00,340.52,340.72,340.47,340.47,0
2026-07-31 06:28:00,340.4734,340.6638,340.309,340.651,0
2026-07-31 06:29:00,340.31,340.69,340.307,340.309,0
2026-07-31 06:30:00,340.46,340.622,340.278,340.6112,0
2026-07-31 06:31:00,340.2787,340.62,340.2787,340.298,0
2026-07-31 06:32:00,340.582,340.6015,340.278,340.4796,0
2026-07-31 06:33:00,340.3032,340.4649,340.3032,340.45,0
2026-07-31 06:34:00,340.47,340.49,340.2012,340.2012,0
2026-07-31 06:35:00,340.5,340.5,340.25,340.339,0
2026-07-31 06:36:00,340.34,340.5535,340.209,340.3035,0
2026-07-31 06:37:00,340.4365,340.44,340.1375,340.3325,0
2026-07-31 06:38:00,340.33,340.43,340.1452,340.26,0
2026-07-31 06:39:00,340.1472,340.4227,340.1472,340.407,0
2026-07-31 06:40:00,340.293,340.4072,340.2,340.2,0
2026-07-31 06:41:00,340.4,340.4,340.3,340.38,0
2026-07-31 06:42:00,340.28,340.28,340.16,340.25,0
2026-07-31 06:43:00,340.17,340.24,340.14,340.14,0
2026-07-31 06:44:00,340.15,340.28,340.15,340.28,0
2026-07-31 06:45:00,340.18,340.23,340.03,340.17,0
2026-07-31 06:46:00,340.09,340.23,340.09,340.2,0
2026-07-31 06:47:00,340.19,340.2085,340.1,340.1,0
2026-07-31 06:48:00,340.0,340.218,340.0,340.2,0
2026-07-31 06:49:00,340.12,340.23,340.0003,340.23,0
2026-07-31 06:50:00,340.1701,340.299,340.1,340.1,0
2026-07-31 06:51:00,340.3047,340.3047,340.0077,340.27,0
2026-07-31 06:52:00,340.1,340.31,340.02,340.3088,0
2026-07-31 06:53:00,340.2397,340.24,340.1,340.19,0
2026-07-31 06:54:00,340.19,340.2,340.13,340.19,0
2026-07-31 06:55:00,340.12,340.12,339.9,339.99,0
2026-07-31 06:56:00,339.9955,340.0,339.97,339.97,0
2026-07-31 06:57:00,339.9777,339.9777,339.81,339.8661,0
2026-07-31 06:58:00,339.86,339.9927,339.85,339.86,0
2026-07-31 06:59:00,339.86,339.9258,339.75,339.84,0
2026-07-31 07:00:00,339.9,340.0844,339.65,339.74,0
2026-07-31 07:01:00,339.6995,339.6995,339.3,339.4901,0
2026-07-31 07:02:00,339.36,339.4,339.0,339.2,0
2026-07-31 07:03:00,339.2,339.24,339.0,339.0607,0
2026-07-31 07:04:00,339.06,339.2,339.02,339.02,0
2026-07-31 07:05:00,339.2,339.38,339.1,339.16,0
2026-07-31 07:06:00,339.16,339.2288,339.0,339.2092,0
2026-07-31 07:07:00,339.12,339.4,339.11,339.4,0
2026-07-31 07:08:00,339.23,339.4,339.18,339.35,0
2026-07-31 07:09:00,339.39,339.4972,339.3,339.46,0
2026-07-31 07:10:00,339.45,339.4901,339.3114,339.38,0
2026-07-31 07:11:00,339.39,339.41,339.14,339.168,0
2026-07-31 07:12:00,339.1497,339.32,338.85,338.93,0
2026-07-31 07:13:00,338.95,339.0,338.72,338.85,0
2026-07-31 07:14:00,338.97,339.0,338.85,338.96,0
2026-07-31 07:15:00,338.9768,339.0,338.8537,339.0,0
2026-07-31 07:16:00,339.1365,339.1365,338.99,339.0,0
2026-07-31 07:17:00,339.045,339.21,339.0,339.1572,0
2026-07-31 07:18:00,339.14,339.2583,339.0,339.01,0
2026-07-31 07:19:00,339.0111,339.21,339.0,339.0,0
2026-07-31 07:20:00,339.0,339.18,338.75,339.18,0
2026-07-31 07:21:00,339.0,339.4,339.0,339.11,0
2026-07-31 07:22:00,339.39,339.5,339.162,339.4999,0
2026-07-31 07:23:00,339.49,339.644,339.41,339.644,0
2026-07-31 07:24:00,339.41,339.5559,339.21,339.4269,0
2026-07-31 07:25:00,339.5099,339.53,339.31,339.525,0
2026-07-31 07:26:00,339.53,339.6,339.4,339.5297,0
2026-07-31 07:27:00,339.52,339.7563,339.27,339.66,0
2026-07-31 07:28:00,339.63,339.742,339.27,339.58,0
2026-07-31 07:29:00,339.5,339.58,339.26,339.51,0
2026-07-31 07:30:00,339.55,339.55,339.25,339.3562,0
2026-07-31 07:31:00,339.2512,339.5799,339.2,339.21,0
2026-07-31 07:32:00,339.2001,339.3,339.2,339.26,0
2026-07-31 07:33:00,339.2014,339.3422,339.2,339.2,0
2026-07-31 07:34:00,339.39,339.55,339.23,339.55,0
2026-07-31 07:35:00,339.4401,339.66,339.44,339.4732,0
2026-07-31 07:36:00,339.69,339.76,339.6,339.63,0
2026-07-31 07:37:00,339.63,339.71,339.6,339.6371,0
2026-07-31 07:38:00,339.6499,339.6499,339.39,339.56,0
2026-07-31 07:39:00,339.553,339.56,339.28,339.4341,0
2026-07-31 07:40:00,339.419,339.5,339.21,339.5,0
2026-07-31 07:41:00,339.43,339.49,339.21,339.39,0
2026-07-31 07:42:00,339.33,339.33,339.03,339.09,0
2026-07-31 07:43:00,339.03,339.1,338.74,339.0,0
2026-07-31 07:44:00,339.11,339.11,338.8,338.8104,0
2026-07-31 07:45:00,338.8595,339.0,338.56,338.7369,0
2026-07-31 07:46:00,338.7,338.8,338.5267,338.65,0
2026-07-31 07:47:00,338.6,338.76,338.3795,338.47,0
2026-07-31 07:48:00,338.36,338.68,338.33,338.5,0
2026-07-31 07:49:00,338.4,338.5,338.17,338.2777,0
2026-07-31 07:50:00,338.47,338.54,338.19,338.2742,0
2026-07-31 07:51:00,338.3,338.4988,338.19,338.37,0
2026-07-31 07:52:00,338.35,338.5,338.2,338.4101,0
2026-07-31 07:53:00,338.48,338.4999,338.24,338.3,0
2026-07-31 07:54:00,338.4,338.5817,338.24,338.29,0
2026-07-31 07:55:00,338.25,338.38,338.25,338.38,0
2026-07-31 07:56:00,338.4536,338.487,338.25,338.42,0
2026-07-31 07:57:00,338.42,338.79,338.2562,338.79,0
2026-07-31 07:58:00,338.5,338.605,338.4,338.4012,0
2026-07-31 07:59:00,338.41,338.6,338.33,338.42,0
2026-07-31 08:00:00,338.33,338.6,338.21,338.3988,0
2026-07-31 08:01:00,338.3,338.4927,338.2112,338.45,0
2026-07-31 08:02:00,338.4008,338.4008,338.14,338.225,0
2026-07-31 08:03:00,338.2917,338.2917,337.83,338.1,0
2026-07-31 08:04:00,337.94,338.2,337.85,337.85,0
2026-07-31 08:05:00,338.1,338.23,338.0,338.11,0
2026-07-31 08:06:00,338.0012,338.2299,338.0,338.1643,0
2026-07-31 08:07:00,338.22,338.2827,338.0,338.2036,0
2026-07-31 08:08:00,338.2827,338.4511,338.1611,338.3,0
2026-07-31 08:09:00,338.3,338.42,338.15,338.31,0
2026-07-31 08:10:00,338.31,338.361,338.01,338.1,0
2026-07-31 08:11:00,338.0385,338.37,338.0385,338.152,0
2026-07-31 08:12:00,338.1457,338.3079,337.87,338.0,0
2026-07-31 08:13:00,337.87,337.91,337.6,337.6,0
2026-07-31 08:14:00,337.59,337.83,337.59,337.71,0
2026-07-31 08:15:00,337.7,337.83,337.66,337.66,0
2026-07-31 08:16:00,337.79,337.82,337.39,337.52,0
2026-07-31 08:17:00,337.83,337.83,337.4129,337.8207,0
2026-07-31 08:18:00,337.83,337.83,337.5,337.51,0
2026-07-31 08:19:00,337.62,337.8299,337.51,337.7,0
2026-07-31 08:20:00,337.69,337.83,337.61,337.83,0
2026-07-31 08:21:00,337.91,337.96,337.72,337.96,0
2026-07-31 08:22:00,337.78,337.96,337.5,337.5,0
2026-07-31 08:23:00,337.73,337.8,337.31,337.8,0
2026-07-31 08:24:00,337.57,337.7854,337.52,337.55,0
2026-07-31 08:25:00,337.8869,337.99,337.56,337.99,0
2026-07-31 08:26:00,337.82,337.99,337.82,337.85,0
2026-07-31 08:27:00,337.85,337.9175,337.82,337.8786,0
2026-07-31 08:28:00,337.8788,338.1,337.8432,337.95,0
2026-07-31 08:29:00,337.9465,338.0,337.82,338.0,0
2026-07-31 08:30:00,337.81,338.0,337.63,337.88,0
2026-07-31 08:31:00,337.8904,338.0,337.83,337.9997,0
2026-07-31 08:32:00,338.0,338.3491,337.81,338.0,0
2026-07-31 08:33:00,338.0192,338.15,337.95,338.15,0
2026-07-31 08:34:00,338.14,338.15,337.95,338.0212,0
2026-07-31 08:35:00,338.1,338.15,337.8492,338.05,0
2026-07-31 08:36:00,337.95,338.0,337.8245,337.9955,0
2026-07-31 08:37:00,337.9906,338.0,337.79,337.82,0
2026-07-31 08:38:00,337.8378,337.8788,337.78,337.82,0
2026-07-31 08:39:00,337.9,337.9,337.82,337.8242,0
2026-07-31 08:40:00,337.82,337.9148,337.82,337.9045,0
2026-07-31 08:41:00,337.82,337.95,337.82,337.8294,0
2026-07-31 08:42:00,337.87,337.99,337.82,337.8217,0
2026-07-31 08:43:00,337.84,337.9955,337.82,337.9,0
2026-07-31 08:44:00,337.9,337.9955,337.6003,337.74,0
2026-07-31 08:45:00,337.68,337.78,337.51,337.51,0
2026-07-31 08:46:00,337.4,337.69,337.38,337.4975,0
2026-07-31 08:47:00,337.49,337.6699,337.45,337.66,0
2026-07-31 08:48:00,337.6535,337.66,337.15,337.34,0
2026-07-31 08:49:00,337.46,337.46,337.15,337.24,0
2026-07-31 08:50:00,337.16,337.3121,337.16,337.24,0
2026-07-31 08:51:00,337.3357,337.6699,337.17,337.48,0
2026-07-31 08:52:00,337.6199,337.67,337.3288,337.59,0
2026-07-31 08:53:00,337.58,337.6901,337.5,337.66,0
2026-07-31 08:54:00,337.79,337.8,337.6104,337.7,0
2026-07-31 08:55:00,337.72,337.8,337.5915,337.76,0
2026-07-31 08:56:00,337.76,337.8,337.64,337.7885,0
2026-07-31 08:57:00,337.7328,337.79,337.58,337.7478,0
2026-07-31 08:58:00,337.72,337.72,337.58,337.66,0
2026-07-31 08:59:00,337.7,337.7,337.51,337.52,0
2026-07-31 09:00:00,337.7,337.82,337.56,337.56,0
2026-07-31 09:01:00,337.76,337.78,337.51,337.71,0
2026-07-31 09:02:00,337.6918,337.76,337.59,337.74,0
2026-07-31 09:03:00,337.76,337.8,337.65,337.74,0
2026-07-31 09:04:00,337.8,337.8,337.7,337.7889,0
2026-07-31 09:05:00,337.75,337.7962,337.65,337.75,0
2026-07-31 09:06:00,337.75,337.76,337.56,337.5892,0
2026-07-31 09:07:00,337.6,337.76,337.5352,337.76,0
2026-07-31 09:08:00,337.72,337.8,337.56,337.8,0
2026-07-31 09:09:00,337.81,338.0,337.71,337.7988,0
2026-07-31 09:10:00,337.76,337.81,337.7,337.75,0
2026-07-31 09:11:00,337.79,337.8,337.63,337.67,0
2026-07-31 09:12:00,337.67,337.7988,337.57,337.6853,0
2026-07-31 09:13:00,337.66,337.82,337.6224,337.8,0
2026-07-31 09:14:00,337.7791,338.11,337.761,338.11,0
2026-07-31 09:15:00,337.98,338.15,337.94,338.02,0
2026-07-31 09:16:00,337.95,337.9622,337.68,337.8219,0
2026-07-31 09:17:00,337.83,337.83,337.68,337.83,0
2026-07-31 09:18:00,337.83,337.83,337.67,337.83,0
2026-07-31 09:19:00,337.83,337.88,337.7568,337.88,0
2026-07-31 09:20:00,337.84,337.88,337.64,337.64,0
2026-07-31 09:21:00,337.72,337.78,337.6121,337.65,0
2026-07-31 09:22:00,337.7498,338.1499,337.62,338.1146,0
2026-07-31 09:23:00,338.1146,338.46,338.0502,338.26,0
2026-07-31 09:24:00,338.18,338.36,338.0425,338.1517,0
2026-07-31 09:25:00,338.06,339.19,338.0016,338.69,0
2026-07-31 09:26:00,338.6,338.7,338.3593,338.36,0
2026-07-31 09:27:00,338.34,340.2835,338.22,340.2,0
2026-07-31 09:28:00,340.97,341.21,340.2,340.73,0
2026-07-31 09:29:00,340.72,341.5412,340.21,341.51,0
2026-07-31 09:30:00,341.5,343.11,340.0,341.115,1945504
2026-07-31 09:31:00,341.1,343.81,340.66,343.4,191626
2026-07-31 09:32:00,343.4,343.85,342.29,342.67,198868
2026-07-31 09:33:00,342.72,343.44,341.54,341.61,188227
2026-07-31 09:34:00,341.59,342.865,341.32,342.51,232144
2026-07-31 09:35:00,342.485,343.574,342.485,343.42,204955
2026-07-31 09:36:00,343.48,344.66,343.28,344.66,176819
2026-07-31 09:37:00,344.65,345.92,344.35,345.86,309244
2026-07-31 09:38:00,345.88,345.88,344.0601,344.54,142339
2026-07-31 09:39:00,344.6,344.67,343.18,343.25,123301
2026-07-31 09:40:00,343.245,343.45,341.84,341.92,133186
2026-07-31 09:41:00,341.9677,342.49,341.31,341.4,107852
2026-07-31 09:42:00,341.34,341.7,341.03,341.614,91752
2026-07-31 09:43:00,341.565,342.34,341.52,342.08,78979
2026-07-31 09:44:00,342.11,342.23,341.5573,341.63,78012
2026-07-31 09:45:00,341.71,342.9697,341.5,342.93,154552
2026-07-31 09:46:00,342.88,343.9,342.61,343.735,116951
2026-07-31 09:47:00,343.81,344.155,342.8112,342.8112,124713
2026-07-31 09:48:00,342.82,344.0,342.58,342.895,157607
2026-07-31 09:49:00,342.89,343.14,342.6259,342.74,119986
2026-07-31 09:50:00,342.81,343.21,342.4,342.42,92624
2026-07-31 09:51:00,342.455,342.97,342.29,342.85,111802
2026-07-31 09:52:00,342.81,343.68,342.72,343.675,84962
2026-07-31 09:53:00,343.61,343.72,342.82,343.0,96315
2026-07-31 09:54:00,343.005,343.59,342.715,343.2499,104995
2026-07-31 09:55:00,343.25,343.3195,342.556,342.89,63434
2026-07-31 09:56:00,342.85,343.73,342.68,343.35,118698
2026-07-31 09:57:00,343.34,344.4473,343.2801,344.185,177954
2026-07-31 09:58:00,344.185,344.7,343.77,344.01,125159
2026-07-31 09:59:00,344.055,344.15,343.55,343.61,70207
2026-07-31 10:00:00,343.555,345.3,343.455,345.3,167111
2026-07-31 10:01:00,345.3,346.2,345.172,345.56,255267
2026-07-31 10:02:00,345.56,346.265,345.12,346.255,211738
2026-07-31 10:03:00,346.24,346.6988,345.95,346.34,170271
2026-07-31 10:04:00,346.33,346.87,346.0,346.755,208112
2026-07-31 10:05:00,346.675,346.89,345.8725,346.3,163660
2026-07-31 10:06:00,346.3,346.6,345.795,345.88,185054
2026-07-31 10:07:00,345.91,346.26,345.1293,345.88,192163
2026-07-31 10:08:00,345.895,345.98,345.16,345.51,183987
2026-07-31 10:09:00,345.61,346.29,345.48,346.24,161832
2026-07-31 10:10:00,346.27,346.425,345.87,346.11,119239
2026-07-31 10:11:00,346.08,346.28,345.5768,346.085,96413
2026-07-31 10:12:00,346.05,346.28,345.23,345.23,130405
2026-07-31 10:13:00,345.21,345.91,345.04,345.78,86638
2026-07-31 10:14:00,345.77,346.18,345.42,346.17,90580
2026-07-31 10:15:00,346.185,347.58,346.16,346.765,231029
2026-07-31 10:16:00,346.76,346.76,345.55,345.56,149579
2026-07-31 10:17:00,345.545,346.87,345.545,346.8695,86503
2026-07-31 10:18:00,346.83,347.355,346.48,346.87,130424
2026-07-31 10:19:00,346.9,346.9,345.835,345.845,112539
2026-07-31 10:20:00,345.81,346.8499,345.778,346.0,124056
2026-07-31 10:21:00,346.0,346.64,345.73,346.53,81674
2026-07-31 10:22:00,346.515,347.5,346.39,346.895,123697
2026-07-31 10:23:00,346.86,347.41,346.694,347.29,86164
2026-07-31 10:24:00,347.32,347.34,346.45,346.665,117745
2026-07-31 10:25:00,346.71,346.93,346.39,346.8601,69976
2026-07-31 10:26:00,346.89,347.27,346.6901,347.07,92397
2026-07-31 10:27:00,347.04,347.65,346.72,347.575,85971
2026-07-31 10:28:00,347.5799,348.07,347.52,347.55,139972
2026-07-31 10:29:00,347.545,347.6299,347.01,347.58,95327
2026-07-31 10:30:00,347.575,347.75,347.3,347.54,143638
2026-07-31 10:31:00,347.54,348.16,347.45,348.07,124104
2026-07-31 10:32:00,348.09,348.09,347.43,347.7653,71344
2026-07-31 10:33:00,347.76,347.945,347.341,347.55,66884
2026-07-31 10:34:00,347.56,347.635,346.88,346.96,65694
2026-07-31 10:35:00,346.95,347.745,346.95,347.7151,42821
2026-07-31 10:36:00,347.715,347.9,347.4641,347.57,61209
2026-07-31 10:37:00,347.57,348.15,347.5,348.105,51320
2026-07-31 10:38:00,348.11,348.64,348.082,348.53,115080
2026-07-31 10:39:00,348.54,348.88,348.302,348.316,112806
2026-07-31 10:40:00,348.31,348.43,348.19,348.32,59244
2026-07-31 10:41:00,348.34,348.58,348.185,348.22,73086
2026-07-31 10:42:00,348.21,348.34,347.95,348.3,57908
2026-07-31 10:43:00,348.32,348.84,348.18,348.815,51555
2026-07-31 10:44:00,348.78,349.24,348.78,349.03,129262
2026-07-31 10:45:00,349.0,349.4,348.92,349.07,97916
2026-07-31 10:46:00,349.08,349.49,349.04,349.24,110232
2026-07-31 10:47:00,349.25,349.8,348.97,349.7777,157812
2026-07-31 10:48:00,349.78,349.99,349.5221,349.9057,131124
2026-07-31 10:49:00,349.9301,350.425,349.9301,350.255,203312
2026-07-31 10:50:00,350.3,350.76,350.22,350.4,140396
2026-07-31 10:51:00,350.4,351.05,350.15,350.97,127674
2026-07-31 10:52:00,350.955,351.96,350.92,351.65,179665
2026-07-31 10:53:00,351.65,352.05,351.37,351.9,186195
2026-07-31 10:54:00,351.96,351.96,350.88,351.0164,173572
2026-07-31 10:55:00,350.975,351.61,350.5,351.5501,126765
2026-07-31 10:56:00,351.68,352.91,351.34,352.8949,152517
2026-07-31 10:57:00,352.88,353.37,352.81,353.08,205881
2026-07-31 10:58:00,353.045,353.305,352.58,352.78,233049
2026-07-31 10:59:00,352.73,353.005,352.25,352.33,157715
2026-07-31 11:00:00,352.3,353.4,351.94,353.265,195038
2026-07-31 11:01:00,353.26,353.69,352.79,352.9857,213776
2026-07-31 11:02:00,352.98,353.54,352.85,353.405,161304
2026-07-31 11:03:00,353.405,353.57,352.58,352.89,158167
2026-07-31 11:04:00,352.93,352.9999,352.22,352.2799,183174
2026-07-31 11:05:00,352.25,352.44,351.53,351.58,152305
2026-07-31 11:06:00,351.63,351.93,351.415,351.7,134816
2026-07-31 11:07:00,351.64,352.2899,351.54,351.88,90309
2026-07-31 11:08:00,351.92,352.06,350.9203,350.965,104513
2026-07-31 11:09:00,350.97,351.21,350.654,351.06,64778
2026-07-31 11:10:00,351.1,351.3194,350.77,351.105,62299
2026-07-31 11:11:00,351.09,351.09,349.52,349.52,100440
2026-07-31 11:12:00,349.53,349.7,348.97,349.63,82989
2026-07-31 11:13:00,349.7,350.09,349.61,349.88,50466
2026-07-31 11:14:00,349.88,350.18,349.72,349.74,66113
2026-07-31 11:15:00,349.6801,350.925,349.645,350.295,85451
2026-07-31 11:16:00,350.34,350.3679,349.965,350.11,40658
2026-07-31 11:17:00,350.08,350.18,349.54,349.94,47437
2026-07-31 11:18:00,349.9687,350.4,349.81,350.3406,57960
2026-07-31 11:19:00,350.3244,350.4,350.1,350.34,68886
2026-07-31 11:20:00,350.25,350.39,349.98,350.11,54206
2026-07-31 11:21:00,350.11,350.39,350.01,350.1301,38796
2026-07-31 11:22:00,350.12,350.4,349.81,350.07,46785
2026-07-31 11:23:00,350.045,350.3999,349.87,349.9872,62299
2026-07-31 11:24:00,349.97,349.97,349.58,349.84,62816
2026-07-31 11:25:00,349.76,350.09,349.69,349.915,83958
2026-07-31 11:26:00,349.93,350.04,349.33,349.4357,119360
2026-07-31 11:27:00,349.44,349.62,348.89,349.07,161890
2026-07-31 11:28:00,349.08,349.26,348.85,349.19,83068
2026-07-31 11:29:00,349.19,349.27,348.62,348.855,56610
2026-07-31 11:30:00,348.855,349.12,348.56,348.675,61999
2026-07-31 11:31:00,348.6457,348.955,348.39,348.785,61213
2026-07-31 11:32:00,348.75,348.91,348.64,348.88,48875
2026-07-31 11:33:00,348.855,349.3699,348.81,349.21,66191
2026-07-31 11:34:00,349.18,349.545,349.01,349.445,55444
2026-07-31 11:35:00,349.5,349.7,349.28,349.475,52183
2026-07-31 11:36:00,349.49,349.82,349.46,349.565,80792
2026-07-31 11:37:00,349.56,349.84,349.51,349.75,48495
2026-07-31 11:38:00,349.74,350.49,349.6112,350.35,91541
2026-07-31 11:39:00,350.38,350.54,350.02,350.02,44905
2026-07-31 11:40:00,350.02,350.2197,349.86,350.01,36556
2026-07-31 11:41:00,350.01,350.03,349.3114,349.675,104336
2026-07-31 11:42:00,349.7,349.84,349.56,349.56,30325
2026-07-31 11:43:00,349.55,349.99,349.44,349.95,45497
2026-07-31 11:44:00,349.9501,350.11,349.795,349.85,36588
2026-07-31 11:45:00,349.825,349.87,349.3,349.61,45281
2026-07-31 11:46:00,349.61,349.77,349.5,349.68,50658
2026-07-31 11:47:00,349.685,349.83,349.24,349.25,47801
2026-07-31 11:48:00,349.28,349.305,348.95,349.27,47887
2026-07-31 11:49:00,349.27,349.64,349.23,349.615,31395
2026-07-31 11:50:00,349.68,350.43,349.63,350.43,69288
2026-07-31 11:51:00,350.3905,351.59,350.36,351.59,153388
2026-07-31 11:52:00,351.565,352.55,351.56,352.45,133820
2026-07-31 11:53:00,352.43,352.75,352.0,352.155,112357
2026-07-31 11:54:00,352.12,352.2,351.66,351.66,137953
2026-07-31 11:55:00,351.695,351.695,351.101,351.485,94622
2026-07-31 11:56:00,351.495,351.96,351.43,351.83,53560
2026-07-31 11:57:00,351.86,352.0,351.73,351.73,34051
2026-07-31 11:58:00,351.7105,352.04,351.6,351.625,32400
2026-07-31 11:59:00,351.59,351.75,351.36,351.72,34485
2026-07-31 12:00:00,351.76,352.17,351.7,352.14,43165
2026-07-31 12:01:00,352.145,352.17,351.7,351.995,50827
2026-07-31 12:02:00,351.99,352.0799,351.87,351.95,33650
2026-07-31 12:03:00,351.955,352.05,351.9,351.92,28834
2026-07-31 12:04:00,351.91,352.07,351.89,351.985,23145
2026-07-31 12:05:00,351.985,352.36,351.96,352.19,67093
2026-07-31 12:06:00,352.2,352.32,352.08,352.3,34301
2026-07-31 12:07:00,352.275,352.44,352.11,352.31,45185
2026-07-31 12:08:00,352.305,352.71,352.305,352.625,54416
2026-07-31 12:09:00,352.625,352.7,352.42,352.51,47400
2026-07-31 12:10:00,352.47,352.58,352.365,352.55,31292
2026-07-31 12:11:00,352.55,352.95,352.45,352.45,51954
2026-07-31 12:12:00,352.495,352.7,352.42,352.65,20110
2026-07-31 12:13:00,352.69,352.9,352.62,352.855,27811
2026-07-31 12:14:00,352.84,353.0153,352.79,352.895,49416
2026-07-31 12:15:00,352.895,353.22,352.485,352.49,55944
2026-07-31 12:16:00,352.48,352.8705,352.48,352.81,34549
2026-07-31 12:17:00,352.8,352.99,352.6,352.76,32149
2026-07-31 12:18:00,352.77,352.94,352.68,352.92,36775
2026-07-31 12:19:00,352.95,353.24,352.95,353.205,51782
2026-07-31 12:20:00,353.205,353.6673,353.05,353.6599,89966
2026-07-31 12:21:00,353.66,353.9,353.4415,353.67,162267
2026-07-31 12:22:00,353.67,353.72,353.38,353.3901,65819
2026-07-31 12:23:00,353.42,353.63,353.35,353.63,46485
2026-07-31 12:24:00,353.59,353.85,353.4401,353.69,55823
2026-07-31 12:25:00,353.6777,353.78,353.57,353.61,41823
2026-07-31 12:26:00,353.6599,353.84,353.6,353.7609,54302
2026-07-31 12:27:00,353.79,354.07,353.74,353.815,102497
2026-07-31 12:28:00,353.8,354.2,353.8,354.19,45581
2026-07-31 12:29:00,354.2,354.47,354.1,354.31,79108
2026-07-31 12:30:00,354.34,354.61,354.26,354.38,79754
2026-07-31 12:31:00,354.38,354.47,354.1,354.32,50739
2026-07-31 12:32:00,354.35,354.36,353.96,354.18,61825
2026-07-31 12:33:00,354.175,354.35,354.07,354.28,32368
2026-07-31 12:34:00,354.29,354.31,354.09,354.19,40665
2026-07-31 12:35:00,354.13,354.13,353.4,353.445,71058
2026-07-31 12:36:00,353.48,353.5,353.2009,353.36,52974
2026-07-31 12:37:00,353.345,353.49,353.31,353.415,53423
2026-07-31 12:38:00,353.4,353.415,353.16,353.25,38623
2026-07-31 12:39:00,353.24,353.49,353.16,353.3899,38870
2026-07-31 12:40:00,353.36,353.78,353.32,353.57,38452
2026-07-31 12:41:00,353.6,353.8,353.19,353.19,55678
2026-07-31 12:42:00,353.23,353.32,353.04,353.14,79927
2026-07-31 12:43:00,353.174,353.345,353.05,353.28,57807
2026-07-31 12:44:00,353.29,353.3399,352.9301,353.14,73666
2026-07-31 12:45:00,353.1,353.31,352.9,353.25,64554
2026-07-31 12:46:00,353.22,353.375,353.1,353.33,58654
2026-07-31 12:47:00,353.33,353.46,353.21,353.26,42019
2026-07-31 12:48:00,353.2,353.75,353.1,353.74,69410
2026-07-31 12:49:00,353.745,353.77,353.48,353.595,54038
2026-07-31 12:50:00,353.63,353.66,353.38,353.55,56051
2026-07-31 12:51:00,353.55,353.71,353.43,353.49,51325
2026-07-31 12:52:00,353.57,353.63,353.46,353.46,61849
2026-07-31 12:53:00,353.51,353.51,353.32,353.41,44828
2026-07-31 12:54:00,353.41,353.575,353.07,353.145,41982
2026-07-31 12:55:00,353.19,353.25,352.9203,353.05,47131
2026-07-31 12:56:00,353.07,353.09,352.75,352.925,63595
2026-07-31 12:57:00,352.93,353.14,352.89,353.06,38027
2026-07-31 12:58:00,353.03,353.22,352.97,353.095,44296
2026-07-31 12:59:00,353.0926,353.22,352.98,353.08,40878
2026-07-31 13:00:00,353.09,353.255,352.85,353.17,52856
2026-07-31 13:01:00,353.13,353.8,353.1,353.77,75701
2026-07-31 13:02:00,353.77,353.85,353.225,353.33,91002
2026-07-31 13:03:00,353.34,353.58,353.23,353.43,65517
2026-07-31 13:04:00,353.41,353.4933,353.11,353.135,73196
2026-07-31 13:05:00,353.16,353.34,353.02,353.215,80034
2026-07-31 13:06:00,353.215,353.42,353.06,353.105,74829
2026-07-31 13:07:00,353.12,353.16,352.83,352.95,46616
2026-07-31 13:08:00,352.92,352.98,352.71,352.94,49778
2026-07-31 13:09:00,352.92,352.97,352.79,352.85,41860
2026-07-31 13:10:00,352.85,353.36,352.75,353.325,119877
2026-07-31 13:11:00,353.39,353.4545,353.32,353.33,31088
2026-07-31 13:12:00,353.375,353.52,353.3,353.38,65233
2026-07-31 13:13:00,353.38,353.5399,353.29,353.43,44880
2026-07-31 13:14:00,353.4696,353.58,353.1736,353.24,54477
2026-07-31 13:15:00,353.2004,353.84,353.2,353.78,39731
2026-07-31 13:16:00,353.77,354.06,353.33,353.36,76094
2026-07-31 13:17:00,353.34,353.4199,353.255,353.29,20058
2026-07-31 13:18:00,353.32,353.99,353.28,353.75,37680
2026-07-31 13:19:00,353.75,354.26,353.75,354.145,52610
2026-07-31 13:20:00,354.145,354.359,354.02,354.205,90523
2026-07-31 13:21:00,354.17,354.31,353.99,354.01,87319
2026-07-31 13:22:00,354.04,354.1498,353.752,354.1498,85054
2026-07-31 13:23:00,354.09,354.45,354.09,354.4,44205
2026-07-31 13:24:00,354.4123,354.5,354.16,354.5,69738
2026-07-31 13:25:00,354.485,354.56,354.19,354.27,56712
2026-07-31 13:26:00,354.22,354.3,354.05,354.27,49614
2026-07-31 13:27:00,354.28,354.4,354.21,354.25,51146
2026-07-31 13:28:00,354.24,354.48,354.21,354.42,59609
2026-07-31 13:29:00,354.44,354.64,354.3,354.41,51231
2026-07-31 13:30:00,354.38,354.42,354.14,354.16,52952
2026-07-31 13:31:00,354.21,354.49,354.19,354.4599,75733
2026-07-31 13:32:00,354.46,354.9,354.45,354.54,78394
2026-07-31 13:33:00,354.54,354.65,354.2,354.38,100391
2026-07-31 13:34:00,354.43,354.44,354.15,354.16,45949
2026-07-31 13:35:00,354.17,354.25,354.08,354.18,48566
2026-07-31 13:36:00,354.18,354.351,354.0,354.05,55818
2026-07-31 13:37:00,354.05,354.18,354.05,354.08,37694
2026-07-31 13:38:00,354.06,354.13,353.57,353.57,66260
2026-07-31 13:39:00,353.5,353.72,353.42,353.555,61822
2026-07-31 13:40:00,353.53,353.95,353.5,353.79,48577
2026-07-31 13:41:00,353.74,353.885,353.67,353.75,40982
2026-07-31 13:42:00,353.73,353.86,353.68,353.73,51268
2026-07-31 13:43:00,353.76,354.045,353.67,353.78,93561
2026-07-31 13:44:00,353.74,353.92,353.69,353.865,41378
2026-07-31 13:45:00,353.9,353.97,353.68,353.73,60945
2026-07-31 13:46:00,353.76,353.96,353.68,353.925,44598
2026-07-31 13:47:00,353.925,353.98,353.3,353.31,45267
2026-07-31 13:48:00,353.28,353.815,353.26,353.81,25257
2026-07-31 13:49:00,353.815,353.95,353.56,353.58,38962
2026-07-31 13:50:00,353.62,353.68,353.38,353.47,32522
2026-07-31 13:51:00,353.445,353.48,353.26,353.33,51613
2026-07-31 13:52:00,353.36,353.73,353.29,353.51,39934
2026-07-31 13:53:00,353.55,353.73,353.49,353.495,36689
2026-07-31 13:54:00,353.495,353.51,353.3,353.46,35096
2026-07-31 13:55:00,353.48,353.65,353.48,353.51,23981
2026-07-31 13:56:00,353.49,353.73,353.46,353.72,47425
2026-07-31 13:57:00,353.72,353.99,353.6,353.93,22919
2026-07-31 13:58:00,353.98,354.16,353.91,354.12,55282
2026-07-31 13:59:00,354.15,354.15,353.87,353.91,69737
2026-07-31 14:00:00,353.91,354.29,353.85,354.195,55787
2026-07-31 14:01:00,354.19,354.55,354.15,354.47,55811
2026-07-31 14:02:00,354.47,354.64,354.22,354.39,70925
2026-07-31 14:03:00,354.44,354.57,354.185,354.2,51960
2026-07-31 14:04:00,354.17,354.36,354.1,354.26,39624
2026-07-31 14:05:00,354.23,354.37,354.0,354.23,55045
2026-07-31 14:06:00,354.2,354.43,354.14,354.43,50929
2026-07-31 14:07:00,354.46,354.86,354.43,354.835,79299
2026-07-31 14:08:00,354.75,354.85,354.57,354.61,63772
2026-07-31 14:09:00,354.605,354.83,354.54,354.72,58342
2026-07-31 14:10:00,354.69,354.83,354.58,354.58,66587
2026-07-31 14:11:00,354.6025,354.74,354.47,354.73,47617
2026-07-31 14:12:00,354.74,355.0394,354.55,354.66,158251
2026-07-31 14:13:00,354.66,354.825,354.52,354.77,56348
2026-07-31 14:14:00,354.8,354.9682,354.765,354.94,62698
2026-07-31 14:15:00,354.91,355.33,354.89,355.3099,127248
2026-07-31 14:16:00,355.31,355.49,355.25,355.43,78086
2026-07-31 14:17:00,355.48,355.61,355.41,355.6099,87612
2026-07-31 14:18:00,355.585,355.98,355.3701,355.9,88652
2026-07-31 14:19:00,355.85,356.07,355.82,356.025,126785
2026-07-31 14:20:00,356.0,356.1,355.8,356.1,93653
2026-07-31 14:21:00,356.06,356.2586,356.02,356.18,81353
2026-07-31 14:22:00,356.2,356.23,356.01,356.11,63479
2026-07-31 14:23:00,356.0992,356.3199,356.0992,356.22,51275
2026-07-31 14:24:00,356.21,356.24,356.07,356.09,423441
2026-07-31 14:25:00,356.11,356.15,355.93,355.97,62766
2026-07-31 14:26:00,355.96,356.04,355.81,355.98,67111
2026-07-31 14:27:00,355.98,356.03,355.81,355.95,114108
2026-07-31 14:28:00,355.935,356.13,355.9,355.91,111116
2026-07-31 14:29:00,355.93,356.07,355.91,356.05,45849
2026-07-31 14:30:00,356.01,356.27,355.98,356.22,63603
2026-07-31 14:31:00,356.22,356.34,356.12,356.25,72118
2026-07-31 14:32:00,356.22,356.37,356.07,356.09,67583
2026-07-31 14:33:00,356.11,356.14,355.89,355.96,46457
2026-07-31 14:34:00,355.96,356.0,355.63,355.665,55863
2026-07-31 14:35:00,355.6381,355.69,355.46,355.53,69388
2026-07-31 14:36:00,355.58,355.68,355.52,355.62,45811
2026-07-31 14:37:00,355.6,355.6,355.36,355.51,54880
2026-07-31 14:38:00,355.55,355.67,355.52,355.57,50220
2026-07-31 14:39:00,355.57,355.59,355.28,355.3799,57007
2026-07-31 14:40:00,355.37,355.53,355.35,355.48,38774
2026-07-31 14:41:00,355.45,355.68,355.42,355.47,46941
2026-07-31 14:42:00,355.49,355.71,355.391,355.685,31441
2026-07-31 14:43:00,355.66,355.71,355.43,355.47,39946
2026-07-31 14:44:00,355.49,355.655,355.38,355.425,53493
2026-07-31 14:45:00,355.425,355.55,355.2701,355.43,37873
2026-07-31 14:46:00,355.41,355.52,355.24,355.24,50734
2026-07-31 14:47:00,355.27,355.42,355.23,355.3995,68130
2026-07-31 14:48:00,355.38,355.57,355.33,355.54,54183
2026-07-31 14:49:00,355.53,355.69,355.43,355.535,50112
2026-07-31 14:50:00,355.535,355.71,355.44,355.6599,66422
2026-07-31 14:51:00,355.6401,355.69,355.56,355.66,62104
2026-07-31 14:52:00,355.68,355.73,355.46,355.5,53806
2026-07-31 14:53:00,355.52,355.67,355.45,355.54,53353
2026-07-31 14:54:00,355.54,355.56,355.17,355.26,43784
2026-07-31 14:55:00,355.255,355.36,355.08,355.12,59615
2026-07-31 14:56:00,355.09,355.24,355.04,355.24,53545
2026-07-31 14:57:00,355.2309,355.31,355.0407,355.165,38799
2026-07-31 14:58:00,355.17,355.25,355.06,355.25,45964
2026-07-31 14:59:00,355.2002,355.33,355.14,355.3,47274
2026-07-31 15:00:00,355.29,355.48,355.22,355.27,57696
2026-07-31 15:01:00,355.24,355.52,355.18,355.46,71395
2026-07-31 15:02:00,355.48,355.68,355.44,355.6,74558
2026-07-31 15:03:00,355.63,355.655,355.41,355.43,53352
2026-07-31 15:04:00,355.435,355.45,355.31,355.41,46230
2026-07-31 15:05:00,355.38,355.435,355.14,355.27,62329
2026-07-31 15:06:00,355.25,355.38,355.14,355.35,45670
2026-07-31 15:07:00,355.36,355.43,355.11,355.4,56307
2026-07-31 15:08:00,355.35,355.46,355.25,355.38,53865
2026-07-31 15:09:00,355.38,355.45,355.18,355.2068,64803
2026-07-31 15:10:00,355.22,355.2899,355.05,355.23,80446
2026-07-31 15:11:00,355.27,355.3,355.13,355.19,63648
2026-07-31 15:12:00,355.19,355.5889,355.19,355.54,57164
2026-07-31 15:13:00,355.56,355.68,355.49,355.54,385030
2026-07-31 15:14:00,355.54,355.67,355.39,355.435,45744
2026-07-31 15:15:00,355.44,355.51,355.24,355.295,58142
2026-07-31 15:16:00,355.29,355.32,354.8101,354.905,87695
2026-07-31 15:17:00,354.905,354.95,354.6,354.65,67686
2026-07-31 15:18:00,354.66,355.035,354.61,354.92,65071
2026-07-31 15:19:00,354.94,355.38,354.94,355.33,61195
2026-07-31 15:20:00,355.36,355.43,355.19,355.28,56778
2026-07-31 15:21:00,355.265,355.35,355.16,355.2,54131
2026-07-31 15:22:00,355.17,355.68,355.17,355.63,56926
2026-07-31 15:23:00,355.6,355.8,355.4,355.72,84910
2026-07-31 15:24:00,355.715,355.83,355.53,355.68,101556
2026-07-31 15:25:00,355.69,355.84,355.59,355.83,61880
2026-07-31 15:26:00,355.815,355.93,355.68,355.7101,70999
2026-07-31 15:27:00,355.695,355.855,355.5,355.615,98940
2026-07-31 15:28:00,355.62,355.795,355.61,355.665,87928
2026-07-31 15:29:00,355.6813,355.76,355.56,355.62,113010
2026-07-31 15:30:00,355.65,355.81,355.44,355.76,153481
2026-07-31 15:31:00,355.81,356.3299,355.78,356.26,193361
2026-07-31 15:32:00,356.22,356.4799,355.79,355.84,142767
2026-07-31 15:33:00,355.81,356.1,355.79,355.92,78457
2026-07-31 15:34:00,355.9,356.1799,355.88,356.08,67971
2026-07-31 15:35:00,356.08,356.47,356.05,356.45,82806
2026-07-31 15:36:00,356.45,356.85,356.4307,356.74,128971
2026-07-31 15:37:00,356.73,356.84,356.64,356.83,86510
2026-07-31 15:38:00,356.84,357.0,356.5,356.53,117318
2026-07-31 15:39:00,356.55,357.0653,356.55,357.03,139784
2026-07-31 15:40:00,357.03,357.2699,357.03,357.0701,97176
2026-07-31 15:41:00,357.04,357.42,357.0,357.25,105682
2026-07-31 15:42:00,357.22,357.28,356.75,356.94,132605
2026-07-31 15:43:00,356.94,357.62,356.9225,357.56,214001
2026-07-31 15:44:00,357.62,357.665,357.21,357.34,207963
2026-07-31 15:45:00,357.36,357.77,357.3599,357.695,124598
2026-07-31 15:46:00,357.705,357.8699,357.67,357.725,126066
2026-07-31 15:47:00,357.725,357.75,357.36,357.49,131581
2026-07-31 15:48:00,357.48,357.56,357.23,357.45,99524
2026-07-31 15:49:00,357.435,357.65,356.875,357.1,176230
2026-07-31 15:50:00,357.14,357.87,357.12,357.705,171116
2026-07-31 15:51:00,357.705,357.79,357.5,357.739,169257
2026-07-31 15:52:00,357.72,358.085,357.7132,357.9751,183172
2026-07-31 15:53:00,357.95,358.5,357.92,358.46,285381
2026-07-31 15:54:00,358.46,358.55,357.35,357.545,257835
2026-07-31 15:55:00,357.52,357.57,356.44,356.72,493440
2026-07-31 15:56:00,356.72,357.15,356.7,357.145,327962
2026-07-31 15:57:00,357.145,357.27,356.45,356.5,477094
2026-07-31 15:58:00,356.48,357.29,356.36,357.155,522851
2026-07-31 15:59:00,357.155,357.16,355.94,356.33,998002
2026-07-31 16:00:00,356.264,356.33,355.94,356.13,600
2026-07-31 16:01:00,356.13,357.03,355.74,356.8,0
2026-07-31 16:02:00,356.46,356.8,355.74,355.8113,0
2026-07-31 16:03:00,355.7966,356.0,355.49,355.49,0
2026-07-31 16:04:00,355.49,356.13,355.1,355.23,0
2026-07-31 16:05:00,355.23,355.9045,355.23,355.33,0
2026-07-31 16:06:00,355.38,355.96,354.85,354.93,0
2026-07-31 16:07:00,354.9,356.13,354.68,354.9424,0
2026-07-31 16:08:00,354.9,354.9,354.68,354.72,0
2026-07-31 16:09:00,354.7901,354.86,354.7901,354.84,0
2026-07-31 16:10:00,354.84,356.13,354.75,355.0,0
2026-07-31 16:11:00,354.793,356.13,354.7625,354.9,0
2026-07-31 16:12:00,354.9604,355.29,354.75,354.81,0
2026-07-31 16:13:00,354.9,355.0075,354.57,355.0,0
2026-07-31 16:14:00,355.0221,356.13,355.0,355.02,0
2026-07-31 16:15:00,356.13,356.13,355.0,355.0,0
2026-07-31 16:16:00,355.0,355.2,354.8863,354.93,0
2026-07-31 16:17:00,355.05,355.18,354.89,355.15,0
2026-07-31 16:18:00,355.01,355.3,355.0,355.1,0
2026-07-31 16:19:00,355.1014,355.2942,355.09,355.18,0
2026-07-31 16:20:00,355.18,355.3,355.18,355.28,0
2026-07-31 16:21:00,355.1984,355.2794,355.0712,355.11,0
2026-07-31 16:22:00,355.07,355.3,354.94,355.2,0
2026-07-31 16:23:00,355.0,355.0,354.94,354.94,0
2026-07-31 16:24:00,354.9432,355.02,354.94,355.0,0
2026-07-31 16:25:00,355.0,356.13,354.98,355.02,0
2026-07-31 16:26:00,355.0,355.21,354.98,355.05,0
2026-07-31 16:27:00,355.02,355.29,355.02,355.21,0
2026-07-31 16:28:00,355.2,355.28,345.915,355.13,0
2026-07-31 16:29:00,355.1382,355.2,355.09,355.1,0
2026-07-31 16:30:00,355.11,355.21,355.0,355.0845,0
2026-07-31 16:31:00,355.0975,355.0975,354.9,354.95,0
2026-07-31 16:32:00,354.95,355.09,354.9155,354.97,0
2026-07-31 16:33:00,355.0,355.0,354.92,354.97,0
2026-07-31 16:34:00,355.0,355.1988,354.92,355.14,0
2026-07-31 16:35:00,355.03,355.1495,354.97,354.972,0
2026-07-31 16:36:00,354.98,355.06,354.98,354.99,0
2026-07-31 16:37:00,355.14,355.19,354.9,354.9999,0
2026-07-31 16:38:00,354.9,354.99,354.9,354.94,0
2026-07-31 16:39:00,354.94,355.0,354.9,354.9487,0
2026-07-31 16:40:00,354.92,355.0,354.9,355.0,0
2026-07-31 16:41:00,354.9863,355.0,354.92,354.96,0
2026-07-31 16:42:00,354.9,355.01,354.9,355.01,0
2026-07-31 16:43:00,355.0,355.0,354.54,354.9896,0
2026-07-31 16:44:00,354.9803,355.078,354.98,355.078,0
2026-07-31 16:45:00,355.0124,355.0792,355.0,355.0,0
2026-07-31 16:46:00,355.0124,355.13,355.0,355.13,0
2026-07-31 16:47:00,355.18,355.2,355.0,355.1281,0
2026-07-31 16:48:00,355.15,355.15,355.0,355.0,0
2026-07-31 16:49:00,355.2437,355.28,355.0,355.1625,0
2026-07-31 16:50:00,355.19,355.19,355.0794,355.0794,0
2026-07-31 16:51:00,355.1,355.19,355.05,355.05,0
2026-07-31 16:52:00,355.0505,355.19,355.0,355.1,0
2026-07-31 16:53:00,355.0,355.1,354.64,354.64,0
2026-07-31 16:54:00,356.13,356.13,354.58,354.6903,0
2026-07-31 16:55:00,354.8,354.99,354.67,354.84,0
2026-07-31 16:56:00,354.8,354.84,354.63,354.65,0
2026-07-31 16:57:00,354.6301,354.64,354.52,354.56,0
2026-07-31 16:58:00,354.6,354.7999,354.56,354.6,0
2026-07-31 16:59:00,354.75,354.7788,354.31,354.6,0
2026-07-31 17:00:00,354.25,354.6797,354.25,354.6797,0
2026-07-31 17:01:00,354.4919,354.75,354.4919,354.56,0
2026-07-31 17:02:00,354.6037,354.72,354.6,354.72,0
2026-07-31 17:03:00,354.7,354.91,354.7,354.9,0
2026-07-31 17:04:00,354.9,354.917,354.8,354.84,0
2026-07-31 17:05:00,354.92,354.92,354.8,354.81,0
2026-07-31 17:06:00,354.81,354.85,354.81,354.82,0
2026-07-31 17:07:00,354.8102,354.88,354.81,354.8605,0
2026-07-31 17:08:00,354.8769,354.88,354.86,354.87,0
2026-07-31 17:09:00,354.87,354.87,354.8,354.8699,0
2026-07-31 17:10:00,354.8401,354.93,354.84,354.93,0
2026-07-31 17:11:00,354.95,354.9985,354.84,354.9565,0
2026-07-31 17:12:00,355.0,355.0,354.95,354.9901,0
2026-07-31 17:13:00,354.9512,355.0,354.95,355.0,0
2026-07-31 17:14:00,354.95,355.0,354.9,354.95,0
2026-07-31 17:15:00,354.95,355.0,354.95,354.99,0
2026-07-31 17:16:00,354.9944,354.9944,354.95,354.99,0
2026-07-31 17:17:00,354.9562,354.97,354.85,354.85,0
2026-07-31 17:18:00,354.85,354.91,354.85,354.8557,0
2026-07-31 17:19:00,354.85,354.85,354.39,354.54,0
2026-07-31 17:20:00,354.63,354.76,354.54,354.7062,0
2026-07-31 17:21:00,354.7011,354.8215,354.54,354.54,0
2026-07-31 17:22:00,354.55,354.65,354.5,354.6464,0
2026-07-31 17:23:00,354.8111,354.8111,354.78,354.81,0
2026-07-31 17:24:00,354.8246,354.83,333.1409,354.64,0
2026-07-31 17:25:00,354.55,354.55,354.25,354.39,0
2026-07-31 17:26:00,354.3,354.3,354.0107,354.0399,0
2026-07-31 17:27:00,354.0135,354.25,354.01,354.07,0
2026-07-31 17:28:00,335.7599,375.961,335.7599,354.13,0
2026-07-31 17:29:00,354.05,356.13,334.7423,343.5892,0
2026-07-31 17:30:00,354.1072,354.41,335.7599,354.2,0
2026-07-31 17:31:00,354.25,354.25,354.1037,354.25,0
2026-07-31 17:32:00,354.2462,354.2462,354.1,354.1003,0
2026-07-31 17:33:00,354.12,354.2268,354.1,354.1237,0
2026-07-31 17:34:00,354.1018,354.25,354.1,354.1,0
2026-07-31 17:35:00,354.0748,354.1,334.7423,354.05,0
2026-07-31 17:36:00,354.06,375.961,334.7423,354.06,0
2026-07-31 17:37:00,354.06,354.15,334.7423,354.15,0
2026-07-31 17:38:00,354.15,354.1962,354.0506,354.1962,0
2026-07-31 17:39:00,354.19,354.19,354.05,354.05,0
2026-07-31 17:40:00,354.051,354.2,354.05,354.07,0
2026-07-31 17:41:00,354.0521,354.1522,354.0518,354.0939,0
2026-07-31 17:42:00,354.05,354.05,354.02,354.024,0
2026-07-31 17:43:00,354.04,354.05,354.0,354.02,0
2026-07-31 17:44:00,354.0107,354.05,353.9,353.9,0
2026-07-31 17:45:00,353.79,354.0,353.79,353.8,0
2026-07-31 17:46:00,353.9,354.05,353.8,353.9,0
2026-07-31 17:47:00,353.9,354.03,353.76,353.8356,0
2026-07-31 17:48:00,353.8,353.8645,353.7,353.75,0
2026-07-31 17:49:00,353.75,353.8,353.75,353.75,0
2026-07-31 17:50:00,353.794,353.8,353.75,353.8,0
2026-07-31 17:51:00,353.79,353.8225,353.75,353.8225,0
2026-07-31 17:52:00,353.8,353.96,353.8,353.85,0
2026-07-31 17:53:00,353.85,353.86,353.75,353.75,0
2026-07-31 17:54:00,353.75,353.76,353.5355,353.63,0
2026-07-31 17:55:00,353.63,353.67,353.53,353.56,0
2026-07-31 17:56:00,353.53,353.53,353.42,353.42,0
2026-07-31 17:57:00,353.3,353.52,353.07,353.43,0
2026-07-31 17:58:00,353.43,353.43,353.07,353.39,0
2026-07-31 17:59:00,353.38,353.75,353.24,353.67,0
2026-07-31 18:00:00,353.57,353.57,353.43,353.5,0
2026-07-31 18:01:00,353.6,353.7082,353.5,353.5983,0
2026-07-31 18:02:00,353.62,353.67,353.5788,353.62,0
2026-07-31 18:03:00,353.5,353.7082,353.487,353.5,0
2026-07-31 18:04:00,353.7,353.7,353.4075,353.4468,0
2026-07-31 18:05:00,353.4,353.6242,353.4,353.5,0
2026-07-31 18:06:00,353.59,353.59,353.4011,353.4011,0
2026-07-31 18:07:00,353.4,353.4988,353.4,353.41,0
2026-07-31 18:08:00,353.4,353.5,353.25,353.25,0
2026-07-31 18:09:00,353.3045,353.5,353.2998,353.49,0
2026-07-31 18:10:00,353.3,353.5,353.25,353.3,0
2026-07-31 18:11:00,353.43,353.43,353.27,353.3017,0
2026-07-31 18:12:00,353.3,353.35,353.15,353.15,0
2026-07-31 18:13:00,353.2221,353.2455,353.0,353.0,0
2026-07-31 18:14:00,353.01,353.15,353.0,353.0001,0
2026-07-31 18:15:00,353.0,353.24,353.0,353.14,0
2026-07-31 18:16:00,353.01,353.2632,353.0,353.2632,0
2026-07-31 18:17:00,353.15,353.27,353.0012,353.13,0
2026-07-31 18:18:00,353.09,353.27,353.02,353.0214,0
2026-07-31 18:19:00,353.02,353.0999,353.0,353.01,0
2026-07-31 18:20:00,353.0139,353.09,353.0,353.07,0
2026-07-31 18:21:00,353.0712,353.19,353.0712,353.1895,0
2026-07-31 18:22:00,353.1224,353.31,353.11,353.31,0
2026-07-31 18:23:00,353.25,353.3072,353.2027,353.2027,0
2026-07-31 18:24:00,353.2001,353.3025,353.11,353.3025,0
2026-07-31 18:25:00,353.3,353.31,353.01,353.0488,0
2026-07-31 18:26:00,353.03,353.3035,353.01,353.06,0
2026-07-31 18:27:00,353.1431,353.3047,353.0371,353.0371,0
2026-07-31 18:28:00,353.1,353.16,353.01,353.16,0
2026-07-31 18:29:00,353.102,353.25,353.0,353.0516,0
2026-07-31 18:30:00,353.05,353.05,353.0,353.0,0
2026-07-31 18:31:00,353.0,353.01,353.0,353.01,0
2026-07-31 18:32:00,353.0106,353.0122,353.0,353.0,0
2026-07-31 18:33:00,353.0499,353.1,353.0,353.1,0
2026-07-31 18:34:00,356.13,356.13,353.0,353.0241,0
2026-07-31 18:35:00,353.1352,353.15,353.03,353.15,0
2026-07-31 18:36:00,353.16,353.25,353.0705,353.25,0
2026-07-31 18:37:00,353.22,353.31,353.0012,353.31,0
2026-07-31 18:38:00,353.2477,353.4907,353.23,353.4907,0
2026-07-31 18:39:00,353.13,353.5,353.13,353.5,0
2026-07-31 18:40:00,353.2465,353.4724,353.2465,353.25,0
2026-07-31 18:41:00,353.2911,353.53,353.29,353.53,0
2026-07-31 18:42:00,353.6122,353.75,353.6107,353.6305,0
2026-07-31 18:43:00,353.62,353.7982,353.62,353.7305,0
2026-07-31 18:44:00,353.75,353.8,353.73,353.7989,0
2026-07-31 18:45:00,353.7335,353.7984,353.73,353.7309,0
2026-07-31 18:46:00,353.8501,353.9445,353.7794,353.7794,0
2026-07-31 18:47:00,353.7435,353.7984,353.73,353.7307,0
2026-07-31 18:48:00,353.67,353.6705,353.5,353.53,0
2026-07-31 18:49:00,353.602,353.654,353.504,353.654,0
2026-07-31 18:50:00,353.6206,353.6599,353.62,353.6501,0
2026-07-31 18:51:00,353.6586,353.66,353.65,353.65,0
2026-07-31 18:52:00,353.35,353.5,353.29,353.5,0
2026-07-31 18:53:00,353.35,353.5,353.29,353.5,0
2026-07-31 18:54:00,353.5674,353.88,353.5,353.75,0
2026-07-31 18:55:00,353.3047,353.8,353.3047,353.51,0
2026-07-31 18:56:00,353.7021,353.8,353.51,353.74,0
2026-07-31 18:57:00,353.54,353.8,353.29,353.5062,0
2026-07-31 18:58:00,353.66,353.66,353.5,353.5845,0
2026-07-31 18:59:00,353.5975,353.6,353.4,353.4,0
2026-07-31 19:00:00,353.25,353.58,353.25,353.4,0
2026-07-31 19:01:00,353.4,353.5,353.4,353.45,0
2026-07-31 19:02:00,353.45,353.58,353.25,353.3082,0
2026-07-31 19:03:00,353.4,353.63,353.4,353.58,0
2026-07-31 19:04:00,353.69,353.78,353.63,353.78,0
2026-07-31 19:05:00,353.68,353.99,353.68,353.7845,0
2026-07-31 19:06:00,353.7158,353.8,353.6,353.79,0
2026-07-31 19:07:00,353.7,353.8,353.61,353.78,0
2026-07-31 19:08:00,353.6,353.8,353.6,353.8,0
2026-07-31 19:09:00,353.7598,353.8,353.67,353.75,0
2026-07-31 19:10:00,353.7847,353.8,353.7432,353.75,0
2026-07-31 19:11:00,353.75,353.77,353.5067,353.75,0
2026-07-31 19:12:00,353.77,354.0,353.5,353.5976,0
2026-07-31 19:13:00,353.65,353.9959,353.5,353.65,0
2026-07-31 19:14:00,353.5172,354.19,353.5172,353.96,0
2026-07-31 19:15:00,353.86,354.0,353.5,353.88,0
2026-07-31 19:16:00,353.5,354.15,353.5,353.7512,0
2026-07-31 19:17:00,353.5,353.9,353.5,353.5,0
2026-07-31 19:18:00,353.7,354.0,353.66,353.9,0
2026-07-31 19:19:00,354.0412,354.05,353.9012,354.04,0
2026-07-31 19:20:00,354.04,354.05,353.9,353.9638,0
2026-07-31 19:21:00,353.97,354.0,353.9638,353.97,0
2026-07-31 19:22:00,353.8223,354.17,353.8,354.0,0
2026-07-31 19:23:00,353.97,354.1,353.97,354.1,0
2026-07-31 19:24:00,354.0257,354.18,354.0,354.18,0
2026-07-31 19:25:00,354.18,354.19,354.0,354.1518,0
2026-07-31 19:26:00,354.05,354.12,354.04,354.12,0
2026-07-31 19:27:00,354.0793,354.08,354.0018,354.0427,0
2026-07-31 19:28:00,354.0,354.1,353.87,354.03,0
2026-07-31 19:29:00,354.15,354.19,354.0047,354.1,0
2026-07-31 19:30:00,354.1,354.18,354.0018,354.01,0
2026-07-31 19:31:00,354.01,354.14,354.0,354.1,0
2026-07-31 19:32:00,354.08,354.1,353.87,354.01,0
2026-07-31 19:33:00,353.8777,354.18,353.8777,354.0,0
2026-07-31 19:34:00,354.0,354.0,353.95,353.99,0
2026-07-31 19:35:00,353.9,353.999,353.9,353.93,0
2026-07-31 19:36:00,353.93,354.08,353.9,354.08,0
2026-07-31 19:37:00,354.18,354.18,353.96,354.1,0
2026-07-31 19:38:00,354.07,354.15,353.96,354.1,0
2026-07-31 19:39:00,353.96,354.1,353.96,354.03,0
2026-07-31 19:40:00,353.9708,353.99,353.94,353.99,0
2026-07-31 19:41:00,354.1,354.1,353.84,353.84,0
2026-07-31 19:42:00,353.8675,353.95,353.77,353.78,0
2026-07-31 19:43:00,353.77,353.88,353.77,353.7757,0
2026-07-31 19:44:00,353.78,353.9942,353.77,353.81,0
2026-07-31 19:45:00,353.9962,354.0,353.77,353.77,0
2026-07-31 19:46:00,353.77,353.85,353.77,353.8482,0
2026-07-31 19:47:00,353.84,353.84,353.5,353.79,0
2026-07-31 19:48:00,353.75,353.81,353.5077,353.81,0
2026-07-31 19:49:00,353.66,353.81,353.5077,353.66,0
2026-07-31 19:50:00,353.71,353.89,353.6,353.82,0
2026-07-31 19:51:00,353.8557,354.09,353.84,354.0344,0
2026-07-31 19:52:00,354.0,354.23,353.8,354.065,0
2026-07-31 19:53:00,354.11,354.1465,353.91,354.01,0
2026-07-31 19:54:00,354.2,354.3268,354.2,354.3268,0
2026-07-31 19:55:00,354.23,354.35,354.1744,354.19,0
2026-07-31 19:56:00,354.188,354.19,354.12,354.1884,0
2026-07-31 19:57:00,354.12,354.35,354.11,354.11,0
2026-07-31 19:58:00,354.13,354.2208,354.12,354.17,0
2026-07-31 19:59:00,354.17,354.2,354.014,354.1999,0
2026-08-03 04:00:00,360.5,361.646,359.1655,360.0,0
2026-08-03 04:01:00,360.38,361.43,359.18,359.89,0
2026-08-03 04:02:00,359.82,360.68,359.3392,359.5,0
2026-08-03 04:03:00,359.42,359.4988,359.13,359.13,0
2026-08-03 04:04:00,359.1762,359.1762,358.7514,358.87,0
2026-08-03 04:05:00,358.8908,361.09,358.81,358.9594,0
2026-08-03 04:06:00,358.91,359.12,358.88,359.12,0
2026-08-03 04:07:00,358.9677,359.1437,358.71,358.8475,0
2026-08-03 04:08:00,358.8,358.8,357.7805,358.234,0
2026-08-03 04:09:00,358.15,358.842,358.0127,358.5,0
2026-08-03 04:10:00,358.515,358.84,358.5,358.8,0
2026-08-03 04:11:00,358.8,358.87,358.48,358.5029,0
2026-08-03 04:12:00,358.8,359.0676,358.5732,358.66,0
2026-08-03 04:13:00,359.0723,359.0797,358.81,358.9087,0
2026-08-03 04:14:00,359.0,359.087,358.8197,358.9829,0
2026-08-03 04:15:00,358.96,359.2,358.9,358.971,0
2026-08-03 04:16:00,358.9997,359.0,358.8,358.8,0
2026-08-03 04:17:00,358.77,358.91,358.29,358.4,0
2026-08-03 04:18:00,358.4,358.4105,358.0,358.1109,0
2026-08-03 04:19:00,357.99,358.1185,357.99,357.9942,0
2026-08-03 04:20:00,357.9311,358.0,357.61,357.8698,0
2026-08-03 04:21:00,357.75,357.84,357.75,357.75,0
2026-08-03 04:22:00,357.7445,357.84,357.3232,357.8,0
2026-08-03 04:23:00,357.6487,358.35,357.64,358.35,0
2026-08-03 04:24:00,358.07,358.5,358.05,358.0735,0
2026-08-03 04:25:00,358.3,358.5,358.1667,358.1985,0
2026-08-03 04:26:00,358.5,358.65,358.2053,358.65,0
2026-08-03 04:27:00,358.64,358.64,358.3,358.311,0
2026-08-03 04:28:00,358.54,358.54,358.3087,358.48,0
2026-08-03 04:29:00,358.65,358.65,358.3575,358.6349,0
2026-08-03 04:30:00,358.63,358.6917,358.36,358.3793,0
2026-08-03 04:31:00,358.58,358.75,358.5,358.75,0
2026-08-03 04:32:00,358.6729,358.75,358.3,358.48,0
2026-08-03 04:33:00,358.59,358.59,358.3071,358.583,0
2026-08-03 04:34:00,358.317,358.3911,358.27,358.27,0
2026-08-03 04:35:00,358.27,358.59,358.27,358.2877,0
2026-08-03 04:36:00,358.48,359.5,358.28,359.4527,0
2026-08-03 04:37:00,358.7875,359.47,358.7875,359.4147,0
2026-08-03 04:38:00,359.485,359.5,358.915,359.227,0
2026-08-03 04:39:00,359.22,359.9,359.22,359.3247,0
2026-08-03 04:40:00,359.8575,359.9,359.3425,359.78,0
2026-08-03 04:41:00,359.78,359.94,359.6562,359.9347,0
2026-08-03 04:42:00,359.6767,360.5,359.6767,360.03,0
2026-08-03 04:43:00,360.03,360.46,360.03,360.43,0
2026-08-03 04:44:00,360.06,360.42,360.0,360.34,0
2026-08-03 04:45:00,360.4095,360.4095,360.0072,360.1265,0
2026-08-03 04:46:00,360.12,360.39,360.01,360.02,0
2026-08-03 04:47:00,360.0594,360.2559,360.0,360.0162,0
2026-08-03 04:48:00,360.007,360.28,360.0,360.0,0
2026-08-03 04:49:00,360.008,360.2,360.0,360.01,0
2026-08-03 04:50:00,360.073,360.1229,359.98,360.07,0
2026-08-03 04:51:00,359.9947,360.31,359.9947,360.31,0
2026-08-03 04:52:00,360.31,360.41,360.14,360.39,0
2026-08-03 04:53:00,360.0097,360.39,360.0097,360.0195,0
2026-08-03 04:54:00,360.2827,360.39,359.851,360.1,0
2026-08-03 04:55:00,360.269,360.2692,359.85,360.09,0
2026-08-03 04:56:00,360.09,360.3805,360.0012,360.3805,0
2026-08-03 04:57:00,360.0292,360.39,360.0292,360.381,0
2026-08-03 04:58:00,360.039,360.381,360.0287,360.3612,0
2026-08-03 04:59:00,360.37,360.6822,360.0287,360.55,0
2026-08-03 05:00:00,360.69,360.69,360.39,360.54,0
2026-08-03 05:01:00,360.5283,360.67,360.39,360.429,0
2026-08-03 05:02:00,360.43,360.43,360.37,360.39,0
2026-08-03 05:03:00,360.21,360.42,360.21,360.28,0
2026-08-03 05:04:00,360.3,360.43,360.2545,360.3,0
2026-08-03 05:05:00,360.4255,360.6888,360.3,360.4169,0
2026-08-03 05:06:00,360.5524,360.6718,360.36,360.5,0
2026-08-03 05:07:00,360.4,360.5,360.38,360.39,0
2026-08-03 05:08:00,360.39,360.67,360.34,360.6528,0
2026-08-03 05:09:00,360.47,360.6617,360.47,360.652,0
2026-08-03 05:10:00,360.6588,360.6588,360.6244,360.6244,0
2026-08-03 05:11:00,360.6,360.6,360.2587,360.425,0
2026-08-03 05:12:00,360.4,360.6,360.38,360.49,0
2026-08-03 05:13:00,360.4908,360.59,360.2582,360.5717,0
2026-08-03 05:14:00,360.2582,360.5965,360.2582,360.5912,0
2026-08-03 05:15:00,360.2587,360.5988,360.25,360.2685,0
2026-08-03 05:16:00,360.5817,360.5917,360.2757,360.4962,0
2026-08-03 05:17:00,360.3537,360.5925,360.266,360.49,0
2026-08-03 05:18:00,360.6,360.9088,360.5,360.75,0
2026-08-03 05:19:00,360.74,360.96,360.6565,360.85,0
2026-08-03 05:20:00,360.98,360.98,360.8,360.9155,0
2026-08-03 05:21:00,360.91,360.91,360.66,360.78,0
2026-08-03 05:22:00,360.6115,360.8145,360.6055,360.8145,0
2026-08-03 05:23:00,360.82,360.82,360.28,360.3171,0
2026-08-03 05:24:00,360.4124,360.761,360.4124,360.76,0
2026-08-03 05:25:00,360.652,360.82,360.43,360.55,0
2026-08-03 05:26:00,360.8117,360.8117,360.38,360.76,0
2026-08-03 05:27:00,360.76,361.2802,360.37,361.0,0
2026-08-03 05:28:00,361.2649,361.43,361.01,361.26,0
2026-08-03 05:29:00,361.2,361.42,361.2,361.4012,0
2026-08-03 05:30:00,361.38,361.43,361.2085,361.43,0
2026-08-03 05:31:00,361.3,361.422,361.0882,361.39,0
2026-08-03 05:32:00,361.255,361.4088,361.2,361.4088,0
2026-08-03 05:33:00,361.2,361.42,361.0,361.4,0
2026-08-03 05:34:00,361.3,361.42,361.14,361.26,0
2026-08-03 05:35:00,361.249,361.4095,361.01,361.0105,0
2026-08-03 05:36:00,361.4,361.5922,361.0105,361.5912,0
2026-08-03 05:37:00,361.2587,361.5925,361.062,361.062,0
2026-08-03 05:38:00,361.46,361.46,361.1701,361.32,0
2026-08-03 05:39:00,361.06,361.32,361.05,361.05,0
2026-08-03 05:40:00,361.13,361.4,361.1,361.39,0
2026-08-03 05:41:00,361.4427,361.4427,361.16,361.35,0
2026-08-03 05:42:00,361.37,361.4112,361.22,361.4112,0
2026-08-03 05:43:00,361.37,361.4462,361.37,361.4026,0
2026-08-03 05:44:00,361.4148,361.42,361.21,361.26,0
2026-08-03 05:45:00,361.1155,361.3185,361.1155,361.26,0
2026-08-03 05:46:00,361.2567,361.38,361.184,361.3,0
2026-08-03 05:47:00,361.3764,361.44,361.2774,361.43,0
2026-08-03 05:48:00,361.5,361.6,361.42,361.531,0
2026-08-03 05:49:00,361.6,361.83,361.6,361.8,0
2026-08-03 05:50:00,361.8145,361.8145,361.65,361.65,0
2026-08-03 05:51:00,361.8,361.95,361.6947,361.7,0
2026-08-03 05:52:00,361.6893,361.9123,361.59,361.83,0
2026-08-03 05:53:00,361.83,361.83,361.5082,361.69,0
2026-08-03 05:54:00,361.8128,361.8225,361.5375,361.68,0
2026-08-03 05:55:00,361.69,361.9359,361.6867,361.7037,0
2026-08-03 05:56:00,361.7037,361.85,361.7,361.81,0
2026-08-03 05:57:00,361.7036,362.26,361.7036,362.0,0
2026-08-03 05:58:00,362.0,362.2444,361.8,362.1,0
2026-08-03 05:59:00,361.905,362.06,361.73,361.99,0
2026-08-03 06:00:00,361.9962,361.9988,361.86,361.92,0
2026-08-03 06:01:00,361.86,361.91,361.4,361.7128,0
2026-08-03 06:02:00,361.53,361.94,361.52,361.9315,0
2026-08-03 06:03:00,361.6085,362.09,361.6085,362.09,0
2026-08-03 06:04:00,361.8714,362.2588,361.8697,362.2588,0
2026-08-03 06:05:00,362.0747,362.2585,362.0,362.0045,0
2026-08-03 06:06:00,362.03,362.234,362.0,362.0,0
2026-08-03 06:07:00,362.0042,362.1657,361.4275,361.7125,0
2026-08-03 06:08:00,361.4275,361.96,361.42,361.726,0
2026-08-03 06:09:00,361.7919,362.26,361.7919,362.24,0
2026-08-03 06:10:00,362.24,362.3747,362.0942,362.35,0
2026-08-03 06:11:00,362.3336,362.41,362.12,362.12,0
2026-08-03 06:12:00,362.12,362.7,362.09,362.5,0
2026-08-03 06:13:00,362.5185,362.76,362.3,362.7,0
2026-08-03 06:14:00,362.7,362.814,362.6,362.77,0
2026-08-03 06:15:00,362.66,363.01,362.6,363.0,0
2026-08-03 06:16:00,362.72,363.25,362.72,363.17,0
2026-08-03 06:17:00,363.1,363.17,362.89,362.9299,0
2026-08-03 06:18:00,363.2188,363.3322,363.01,363.23,0
2026-08-03 06:19:00,363.23,363.3,363.1032,363.1503,0
2026-08-03 06:20:00,363.22,363.36,363.21,363.2578,0
2026-08-03 06:21:00,363.4,363.54,363.24,363.3896,0
2026-08-03 06:22:00,363.32,363.96,363.2482,363.8,0
2026-08-03 06:23:00,363.8711,364.05,363.5,363.5,0
2026-08-03 06:24:00,363.78,363.81,363.43,363.5559,0
2026-08-03 06:25:00,363.6954,363.71,363.3,363.4,0
2026-08-03 06:26:00,363.51,363.768,363.312,363.61,0
2026-08-03 06:27:00,363.55,363.73,363.01,363.14,0
2026-08-03 06:28:00,363.1896,363.287,363.0,363.1016,0
2026-08-03 06:29:00,363.02,363.1327,362.89,363.0,0
2026-08-03 06:30:00,362.95,363.03,362.65,362.8,0
2026-08-03 06:31:00,362.7,363.1729,362.7,363.08,0
2026-08-03 06:32:00,362.7071,363.289,362.7071,363.08,0
2026-08-03 06:33:00,363.08,363.13,363.0,363.0099,0
2026-08-03 06:34:00,363.0548,363.25,362.88,363.25,0
2026-08-03 06:35:00,363.25,363.42,363.2135,363.3025,0
2026-08-03 06:36:00,363.39,363.6242,363.3025,363.478,0
2026-08-03 06:37:00,363.402,363.5662,363.306,363.42,0
2026-08-03 06:38:00,363.4042,363.5755,362.7735,362.903,0
2026-08-03 06:39:00,363.397,363.41,362.8435,363.24,0
2026-08-03 06:40:00,363.26,363.351,363.02,363.031,0
2026-08-03 06:41:00,363.1,363.1955,362.7068,362.7068,0
2026-08-03 06:42:00,362.708,363.1467,362.708,363.1026,0
2026-08-03 06:43:00,363.1026,363.15,363.0232,363.15,0
2026-08-03 06:44:00,363.0232,363.6645,363.0232,363.4128,0
2026-08-03 06:45:00,363.25,363.4128,363.1,363.387,0
2026-08-03 06:46:00,363.15,363.3937,362.88,363.2158,0
2026-08-03 06:47:00,362.8622,363.34,362.8622,363.15,0
2026-08-03 06:48:00,363.1119,363.2481,362.85,363.1425,0
2026-08-03 06:49:00,363.0,363.15,362.85,362.89,0
2026-08-03 06:50:00,362.8762,362.89,362.31,362.75,0
2026-08-03 06:51:00,362.75,362.82,362.5,362.5037,0
2026-08-03 06:52:00,362.5948,362.87,362.314,362.8507,0
2026-08-03 06:53:00,362.71,362.87,362.7,362.7,0
2026-08-03 06:54:00,362.75,363.1127,362.6,362.76,0
2026-08-03 06:55:00,362.76,362.95,362.6,362.6539,0
2026-08-03 06:56:00,362.6,362.7844,362.5052,362.6886,0
2026-08-03 06:57:00,362.51,362.69,362.3,362.35,0
2026-08-03 06:58:00,362.3167,362.3585,362.09,362.14,0
2026-08-03 06:59:00,362.0946,362.2347,362.09,362.09,0
2026-08-03 07:00:00,362.2,363.0,362.09,363.0,0
2026-08-03 07:01:00,363.02,363.02,362.5,362.6299,0
2026-08-03 07:02:00,362.6299,362.97,362.54,362.6952,0
2026-08-03 07:03:00,362.65,363.03,362.5135,362.81,0
2026-08-03 07:04:00,363.03,363.03,362.6037,362.7462,0
2026-08-03 07:05:00,362.6037,362.73,362.32,362.4332,0
2026-08-03 07:06:00,362.32,362.73,362.1,362.345,0
2026-08-03 07:07:00,362.1502,362.75,362.1115,362.26,0
2026-08-03 07:08:00,362.56,362.56,362.01,362.1757,0
2026-08-03 07:09:00,362.01,362.3,361.99,362.1635,0
2026-08-03 07:10:00,362.24,362.5,362.023,362.137,0
2026-08-03 07:11:00,362.023,362.2,361.88,362.06,0
2026-08-03 07:12:00,362.153,362.16,361.6342,361.9925,0
2026-08-03 07:13:00,361.805,362.2,361.8,362.2,0
2026-08-03 07:14:00,362.1521,362.2,361.8,361.8,0
2026-08-03 07:15:00,361.99,362.2,361.99,362.0558,0
2026-08-03 07:16:00,362.0279,362.3255,362.0279,362.1545,0
2026-08-03 07:17:00,362.3201,362.8188,362.1447,362.53,0
2026-08-03 07:18:00,362.78,362.78,362.2,362.2934,0
2026-08-03 07:19:00,362.24,362.78,362.23,362.72,0
2026-08-03 07:20:00,362.702,363.01,362.702,363.01,0
2026-08-03 07:21:00,363.1275,363.1275,362.9,363.0072,0
2026-08-03 07:22:00,362.9027,362.9768,362.6093,362.6922,0
2026-08-03 07:23:00,362.3977,362.88,362.3977,362.6768,0
2026-08-03 07:24:00,362.76,362.8755,362.32,362.37,0
2026-08-03 07:25:00,362.4,362.52,362.0075,362.2927,0
2026-08-03 07:26:00,362.0172,362.3,362.0172,362.0783,0
2026-08-03 07:27:00,362.16,362.16,361.93,362.0801,0
2026-08-03 07:28:00,362.16,362.16,361.82,361.85,0
2026-08-03 07:29:00,361.96,362.21,361.96,362.1821,0
2026-08-03 07:30:00,362.11,362.6,362.0583,362.2,0
2026-08-03 07:31:00,362.3357,362.63,362.2,362.52,0
2026-08-03 07:32:00,362.41,362.5754,362.306,362.39,0
2026-08-03 07:33:00,362.4,362.6344,362.3,362.6,0
2026-08-03 07:34:00,362.55,362.837,362.55,362.8121,0
2026-08-03 07:35:00,362.78,363.1,362.73,363.0988,0
2026-08-03 07:36:00,363.0052,363.1,363.0,363.08,0
2026-08-03 07:37:00,363.06,363.3175,362.93,363.12,0
2026-08-03 07:38:00,363.12,363.212,362.802,362.88,0
2026-08-03 07:39:00,362.91,362.94,362.88,362.9153,0
2026-08-03 07:40:00,362.9195,362.9488,362.7,362.9,0
2026-08-03 07:41:00,362.869,362.9,362.7,362.86,0
2026-08-03 07:42:00,362.8553,362.8577,362.5265,362.5265,0
2026-08-03 07:43:00,362.6,362.7735,362.52,362.65,0
2026-08-03 07:44:00,362.7735,363.0,362.52,362.9937,0
2026-08-03 07:45:00,362.7562,363.0,362.7,362.705,0
2026-08-03 07:46:00,362.7,362.9,362.7,362.895,0
2026-08-03 07:47:00,362.705,362.9,362.5187,362.8515,0
2026-08-03 07:48:00,362.5285,362.86,362.51,362.744,0
2026-08-03 07:49:00,362.744,362.8122,362.516,362.683,0
2026-08-03 07:50:00,362.7677,362.77,362.5,362.53,0
2026-08-03 07:51:00,362.44,362.6147,362.3,362.5925,0
2026-08-03 07:52:00,362.3,362.573,362.3,362.3042,0
2026-08-03 07:53:00,362.39,362.4365,362.0,362.2,0
2026-08-03 07:54:00,362.01,362.2,361.8,361.81,0
2026-08-03 07:55:00,362.005,362.1512,361.81,361.9453,0
2026-08-03 07:56:00,362.0,362.18,361.9037,362.18,0
2026-08-03 07:57:00,362.18,362.19,361.9,362.0462,0
2026-08-03 07:58:00,362.0462,362.0472,361.65,361.6532,0
2026-08-03 07:59:00,361.7767,362.0072,361.65,361.9027,0
2026-08-03 08:00:00,361.9,362.0062,361.77,361.9247,0
2026-08-03 08:01:00,361.8292,362.0828,361.78,362.0,0
2026-08-03 08:02:00,362.12,362.12,361.8342,361.9975,0
2026-08-03 08:03:00,361.9,362.1767,361.8,362.0,0
2026-08-03 08:04:00,362.0045,362.35,362.0,362.31,0
2026-08-03 08:05:00,362.31,362.4,362.13,362.36,0
2026-08-03 08:06:00,362.44,362.61,362.362,362.55,0
2026-08-03 08:07:00,362.55,362.5999,362.0,362.06,0
2026-08-03 08:08:00,362.0,362.2,361.75,361.75,0
2026-08-03 08:09:00,361.91,362.2407,361.7512,362.072,0
2026-08-03 08:10:00,362.05,362.0835,361.75,361.7962,0
2026-08-03 08:11:00,361.75,361.7553,361.45,361.65,0
2026-08-03 08:12:00,361.6025,361.9615,361.6025,361.8,0
2026-08-03 08:13:00,361.8,362.25,361.8,362.0715,0
2026-08-03 08:14:00,362.2242,362.2242,362.0,362.0078,0
2026-08-03 08:15:00,362.0511,362.2263,362.0,362.2263,0
2026-08-03 08:16:00,362.23,362.23,362.0,362.1755,0
2026-08-03 08:17:00,362.0047,362.25,362.0,362.2153,0
2026-08-03 08:18:00,362.21,362.5,362.21,362.5,0
2026-08-03 08:19:00,362.55,362.58,362.4552,362.5758,0
2026-08-03 08:20:00,362.5789,362.61,362.5,362.58,0
2026-08-03 08:21:00,362.5215,362.8,362.45,362.76,0
2026-08-03 08:22:00,362.705,362.9355,362.5072,362.7827,0
2026-08-03 08:23:00,362.7008,362.7805,362.4,362.78,0
2026-08-03 08:24:00,362.6731,362.79,362.409,362.751,0
2026-08-03 08:25:00,362.65,362.79,362.4095,362.6535,0
2026-08-03 08:26:00,362.74,362.9,362.65,362.7543,0
2026-08-03 08:27:00,362.7595,362.9399,362.7,362.8852,0
2026-08-03 08:28:00,362.7727,362.91,362.7727,362.8877,0
2026-08-03 08:29:00,362.8025,362.969,362.8025,362.95,0
2026-08-03 08:30:00,362.95,363.0,362.9017,362.96,0
2026-08-03 08:31:00,362.9682,363.0,362.902,362.99,0
2026-08-03 08:32:00,362.951,363.2157,362.9022,363.2157,0
2026-08-03 08:33:00,363.0763,363.42,362.9232,362.9232,0
2026-08-03 08:34:00,362.9232,363.2412,362.77,362.8195,0
2026-08-03 08:35:00,362.9942,363.334,362.8147,363.2806,0
2026-08-03 08:36:00,363.306,363.4,363.14,363.35,0
2026-08-03 08:37:00,363.3,363.3955,363.17,363.3,0
2026-08-03 08:38:00,363.31,363.4,363.2247,363.36,0
2026-08-03 08:39:00,363.3912,363.7,363.38,363.6372,0
2026-08-03 08:40:00,363.6087,363.64,363.1632,363.1632,0
2026-08-03 08:41:00,363.1632,363.415,363.1512,363.155,0
2026-08-03 08:42:00,363.2,363.37,363.15,363.345,0
2026-08-03 08:43:00,363.155,363.48,363.15,363.1572,0
2026-08-03 08:44:00,363.4327,363.44,363.11,363.31,0
2026-08-03 08:45:00,363.4037,363.4357,363.06,363.22,0
2026-08-03 08:46:00,363.34,363.34,363.0,363.2358,0
2026-08-03 08:47:00,363.2465,363.29,363.0,363.0,0
2026-08-03 08:48:00,363.1,363.2147,362.65,362.65,0
2026-08-03 08:49:00,362.75,362.7517,362.5,362.5057,0
2026-08-03 08:50:00,362.5877,362.7535,362.5,362.5,0
2026-08-03 08:51:00,362.78,362.79,362.5782,362.65,0
2026-08-03 08:52:00,362.63,362.8,362.5,362.8,0
2026-08-03 08:53:00,362.8,362.8,362.5,362.5952,0
2026-08-03 08:54:00,362.7947,363.06,362.5952,363.0,0
2026-08-03 08:55:00,362.99,363.1,362.99,363.0507,0
2026-08-03 08:56:00,363.05,363.09,363.0,363.06,0
2026-08-03 08:57:00,363.0707,363.0707,362.6537,362.82,0
2026-08-03 08:58:00,362.85,363.22,362.8345,363.2145,0
2026-08-03 08:59:00,363.2085,363.22,363.0,363.1072,0
2026-08-03 09:00:00,363.1093,363.34,363.0027,363.17,0
2026-08-03 09:01:00,363.34,363.39,363.09,363.19,0
2026-08-03 09:02:00,363.19,363.95,363.055,363.8086,0
2026-08-03 09:03:00,363.7347,363.85,363.54,363.54,0
2026-08-03 09:04:00,363.7447,363.7447,363.09,363.3535,0
2026-08-03 09:05:00,363.49,364.1575,363.1792,364.04,0
2026-08-03 09:06:00,364.03,364.3,363.8,363.81,0
2026-08-03 09:07:00,363.95,363.95,363.5,363.78,0
2026-08-03 09:08:00,363.78,363.78,363.15,363.3035,0
2026-08-03 09:09:00,363.4077,363.6427,363.02,363.43,0
2026-08-03 09:10:00,363.0855,363.5,363.0855,363.3345,0
2026-08-03 09:11:00,363.5055,363.51,363.02,363.11,0
2026-08-03 09:12:00,363.21,363.36,363.03,363.07,0
2026-08-03 09:13:00,363.03,363.17,362.88,362.88,0
2026-08-03 09:14:00,363.0,363.1485,362.88,363.1012,0
2026-08-03 09:15:00,363.03,363.16,362.63,362.7899,0
2026-08-03 09:16:00,362.81,363.0,362.71,362.813,0
2026-08-03 09:17:00,362.71,362.7199,361.96,362.0,0
2026-08-03 09:18:00,361.9985,362.2116,361.66,362.1937,0
2026-08-03 09:19:00,362.0095,362.07,361.7547,361.963,0
2026-08-03 09:20:00,361.87,361.9365,361.5,361.63,0
2026-08-03 09:21:00,361.69,361.9335,361.38,361.5982,0
2026-08-03 09:22:00,361.5982,361.64,361.1037,361.38,0
2026-08-03 09:23:00,361.2434,361.6,361.1,361.4217,0
2026-08-03 09:24:00,361.1082,361.41,360.61,360.93,0
2026-08-03 09:25:00,360.84,362.9,360.84,362.64,0
2026-08-03 09:26:00,362.45,362.53,361.5262,362.1275,0
2026-08-03 09:27:00,362.11,364.99,361.6577,364.483,0
2026-08-03 09:28:00,365.97,366.6,364.47,364.6517,0
2026-08-03 09:29:00,364.48,365.7582,364.21,365.71,0
2026-08-03 09:30:00,365.0,365.03,364.9,364.9,2584677
2026-08-03 09:31:00,364.84,366.2,363.35,366.095,337443
2026-08-03 09:32:00,366.15,367.44,365.67,367.23,228136
2026-08-03 09:33:00,367.23,368.87,365.65,368.66,220071
2026-08-03 09:34:00,368.595,369.3456,367.36,367.77,233805
2026-08-03 09:35:00,367.755,369.82,367.61,369.32,237010
2026-08-03 09:36:00,369.2814,370.36,369.2,369.39,307859
2026-08-03 09:37:00,369.39,369.54,368.41,368.775,227646
2026-08-03 09:38:00,368.79,370.49,368.17,370.3523,211312
2026-08-03 09:39:00,370.38,371.2,370.31,371.075,265461
2026-08-03 09:40:00,371.06,372.145,370.54,371.7875,294957
2026-08-03 09:41:00,371.7871,372.2999,370.91,371.395,259917
2026-08-03 09:42:00,371.415,371.95,370.51,371.41,202939
2026-08-03 09:43:00,371.36,372.3251,371.241,372.075,180311
2026-08-03 09:44:00,372.12,372.74,371.59,372.55,172045
2026-08-03 09:45:00,372.565,373.64,372.4,373.58,264801
2026-08-03 09:46:00,373.63,373.82,372.68,372.68,248959
2026-08-03 09:47:00,372.68,373.23,372.15,373.19,169964
2026-08-03 09:48:00,373.205,373.79,373.15,373.58,217964
2026-08-03 09:49:00,373.55,373.94,373.17,373.37,201237
2026-08-03 09:50:00,373.32,373.32,372.05,372.43,192687
2026-08-03 09:51:00,372.415,373.18,372.265,373.095,114066
2026-08-03 09:52:00,373.0951,373.575,372.89,373.42,106641
2026-08-03 09:53:00,373.44,373.95,373.335,373.795,117706
2026-08-03 09:54:00,373.795,373.9,372.76,373.745,132874
2026-08-03 09:55:00,373.71,374.32,373.5,373.945,126903
2026-08-03 09:56:00,373.945,374.1799,372.81,373.0,106572
2026-08-03 09:57:00,372.97,373.22,372.27,372.47,196275
2026-08-03 09:58:00,372.4655,372.54,371.19,371.2727,161836
2026-08-03 09:59:00,371.26,371.78,371.12,371.43,107005
2026-08-03 10:00:00,371.28,371.668,370.87,371.45,127011
2026-08-03 10:01:00,371.4,371.77,371.28,371.73,106914
2026-08-03 10:02:00,371.79,372.54,371.79,372.375,141698
2026-08-03 10:03:00,372.375,372.68,372.0,372.66,183393
2026-08-03 10:04:00,372.64,372.67,371.76,371.78,146922
2026-08-03 10:05:00,371.78,371.78,370.64,370.74,270761
2026-08-03 10:06:00,370.83,370.9,370.2602,370.56,113179
2026-08-03 10:07:00,370.52,371.37,370.43,370.685,102889
2026-08-03 10:08:00,370.66,370.74,370.02,370.3,119782
2026-08-03 10:09:00,370.295,370.7799,370.02,370.54,115324
2026-08-03 10:10:00,370.53,370.53,369.91,370.075,99516
2026-08-03 10:11:00,370.075,370.17,368.97,369.15,133933
2026-08-03 10:12:00,369.12,369.12,368.5,368.75,131235
2026-08-03 10:13:00,368.78,369.32,368.72,369.27,110143
2026-08-03 10:14:00,369.27,369.41,369.02,369.2,119658
2026-08-03 10:15:00,369.19,369.5,368.78,369.05,138419
2026-08-03 10:16:00,369.065,369.13,368.7,368.79,93709
2026-08-03 10:17:00,368.835,369.2,368.3151,368.3533,101215
2026-08-03 10:18:00,368.34,368.61,368.1213,368.24,89414
2026-08-03 10:19:00,368.21,368.57,367.95,368.28,166721
2026-08-03 10:20:00,368.31,368.45,367.845,367.93,84723
2026-08-03 10:21:00,367.935,368.59,367.93,368.275,108814
2026-08-03 10:22:00,368.29,368.58,368.11,368.515,108537
2026-08-03 10:23:00,368.54,368.8,368.4,368.79,58490
2026-08-03 10:24:00,368.79,368.88,367.74,367.78,108511
2026-08-03 10:25:00,367.73,368.05,367.51,367.795,101114
2026-08-03 10:26:00,367.72,368.28,367.6,368.28,78146
2026-08-03 10:27:00,368.3,368.3729,367.97,368.19,86479
2026-08-03 10:28:00,368.18,368.64,367.8175,368.17,117147
2026-08-03 10:29:00,368.19,368.52,367.84,367.955,130561
2026-08-03 10:30:00,367.94,368.449,367.94,368.31,72620
2026-08-03 10:31:00,368.32,368.69,367.76,367.87,92044
2026-08-03 10:32:00,367.84,367.94,367.55,367.68,62185
2026-08-03 10:33:00,367.655,367.685,367.025,367.2357,105484
2026-08-03 10:34:00,367.23,367.275,366.6737,367.033,79452
2026-08-03 10:35:00,367.09,367.38,366.88,366.915,83376
2026-08-03 10:36:00,366.9,367.62,366.83,367.51,66519
2026-08-03 10:37:00,367.53,367.79,367.385,367.645,72172
2026-08-03 10:38:00,367.665,368.21,367.58,368.05,95548
2026-08-03 10:39:00,368.045,368.2995,367.83,367.95,75801
2026-08-03 10:40:00,367.93,368.18,367.74,367.88,52720
2026-08-03 10:41:00,367.91,368.33,367.86,368.0205,57175
2026-08-03 10:42:00,368.055,368.57,368.02,368.55,61742
2026-08-03 10:43:00,368.57,368.86,368.28,368.69,108081
2026-08-03 10:44:00,368.72,368.949,368.2201,368.4084,50904
2026-08-03 10:45:00,368.43,368.6074,368.12,368.2,56081
2026-08-03 10:46:00,368.24,368.33,368.04,368.24,45511
2026-08-03 10:47:00,368.265,368.52,368.19,368.33,48277
2026-08-03 10:48:00,368.325,368.41,368.12,368.39,57955
2026-08-03 10:49:00,368.405,368.49,368.19,368.46,45152
2026-08-03 10:50:00,368.42,368.46,367.64,367.845,86589
2026-08-03 10:51:00,367.89,367.9,367.47,367.66,66465
2026-08-03 10:52:00,367.645,367.935,367.6,367.92,37575
2026-08-03 10:53:00,367.95,368.29,367.775,368.29,71674
2026-08-03 10:54:00,368.3,368.47,367.925,368.31,62225
2026-08-03 10:55:00,368.27,368.76,368.23,368.33,61588
2026-08-03 10:56:00,368.3251,368.9,368.26,368.8999,40955
2026-08-03 10:57:00,368.85,369.45,368.85,369.08,88863
2026-08-03 10:58:00,369.05,369.245,368.68,368.75,58145
2026-08-03 10:59:00,368.75,369.06,368.5,368.98,50582
2026-08-03 11:00:00,368.99,369.3,368.81,368.815,67434
2026-08-03 11:01:00,368.8299,369.31,368.75,369.25,37502
2026-08-03 11:02:00,369.22,369.35,368.86,368.9933,63150
2026-08-03 11:03:00,368.94,369.22,368.53,368.7,54874
2026-08-03 11:04:00,368.69,368.69,368.16,368.29,45962
2026-08-03 11:05:00,368.24,368.69,368.24,368.69,61318
2026-08-03 11:06:00,368.74,369.29,368.54,369.23,49553
2026-08-03 11:07:00,369.22,369.79,369.09,369.63,63060
2026-08-03 11:08:00,369.6,369.93,369.285,369.87,85790
2026-08-03 11:09:00,369.8899,369.94,369.71,369.85,94048
2026-08-03 11:10:00,369.85,370.11,369.6498,370.1,78959
2026-08-03 11:11:00,370.12,370.4,369.88,369.94,51828
2026-08-03 11:12:00,369.925,370.17,369.74,370.12,71777
2026-08-03 11:13:00,370.22,370.39,370.0,370.13,66663
2026-08-03 11:14:00,370.12,370.12,369.44,369.88,37446
2026-08-03 11:15:00,369.88,370.0,369.5246,369.8899,59187
2026-08-03 11:16:00,369.84,369.97,369.39,369.83,112250
2026-08-03 11:17:00,369.82,370.0499,369.73,369.855,36536
2026-08-03 11:18:00,369.86,370.46,369.68,370.46,74467
2026-08-03 11:19:00,370.4799,370.685,370.28,370.6062,59493
2026-08-03 11:20:00,370.5999,371.11,370.43,370.835,58099
2026-08-03 11:21:00,370.82,371.1,370.54,371.07,64995
2026-08-03 11:22:00,371.07,371.45,371.01,371.33,57098
2026-08-03 11:23:00,371.33,371.87,371.32,371.87,58824
2026-08-03 11:24:00,371.8101,372.46,371.75,372.3899,144877
2026-08-03 11:25:00,372.39,372.74,372.13,372.41,146502
2026-08-03 11:26:00,372.445,372.559,372.28,372.45,88323
2026-08-03 11:27:00,372.44,373.165,372.44,372.795,96382
2026-08-03 11:28:00,372.82,372.87,372.595,372.705,68528
2026-08-03 11:29:00,372.705,372.82,372.6202,372.82,55750
2026-08-03 11:30:00,372.82,372.86,372.64,372.845,41496
2026-08-03 11:31:00,372.845,373.08,372.78,373.08,72066
2026-08-03 11:32:00,373.065,373.465,373.02,373.465,73694
2026-08-03 11:33:00,373.45,373.65,373.3,373.65,95187
2026-08-03 11:34:00,373.67,373.725,373.385,373.44,69243
2026-08-03 11:35:00,373.47,373.87,373.31,373.65,71053
2026-08-03 11:36:00,373.67,374.12,373.65,373.85,151609
2026-08-03 11:37:00,373.84,374.345,373.84,374.17,110508
2026-08-03 11:38:00,374.18,374.52,373.96,374.42,141566
2026-08-03 11:39:00,374.4,374.425,374.0306,374.21,84652
2026-08-03 11:40:00,374.2,374.21,373.83,373.83,69842
2026-08-03 11:41:00,373.82,374.33,373.8106,374.28,76425
2026-08-03 11:42:00,374.29,374.72,374.2,374.65,90491
2026-08-03 11:43:00,374.65,374.74,374.37,374.65,103707
2026-08-03 11:44:00,374.65,375.53,374.56,375.305,240325
2026-08-03 11:45:00,375.305,375.39,374.95,375.1,88274
2026-08-03 11:46:00,375.08,375.7699,375.01,375.6,103704
2026-08-03 11:47:00,375.58,375.63,375.33,375.53,80218
2026-08-03 11:48:00,375.53,375.575,375.02,375.11,74854
2026-08-03 11:49:00,375.125,375.28,374.97,375.23,101607
2026-08-03 11:50:00,375.28,375.4,375.06,375.08,51960
2026-08-03 11:51:00,375.08,375.25,374.73,375.045,105372
2026-08-03 11:52:00,375.02,375.2506,374.975,375.16,65635
2026-08-03 11:53:00,375.14,375.24,374.6,375.17,134080
2026-08-03 11:54:00,375.14,375.3775,375.03,375.31,58274
2026-08-03 11:55:00,375.26,375.47,374.83,374.9396,57131
2026-08-03 11:56:00,374.9,374.9,374.9,374.9,0
