time_et,open,high,low,close,volume
2026-07-24 04:00:00,607.953,608.2462,605.7097,607.68,0
2026-07-24 04:01:00,607.8285,608.04,605.68,607.08,0
2026-07-24 04:02:00,607.42,608.2,607.06,608.2,0
2026-07-24 04:04:00,608.43,608.9988,608.43,608.955,0
2026-07-24 04:05:00,608.45,608.8988,607.2,607.2,0
2026-07-24 04:06:00,607.9,608.05,606.21,606.97,0
2026-07-24 04:07:00,607.5,607.5,607.39,607.39,0
2026-07-24 04:08:00,607.5,607.5,607.4,607.4,0
2026-07-24 04:10:00,608.1,608.3,608.1,608.3,0
2026-07-24 04:12:00,608.1,608.1,607.0991,607.9,0
2026-07-24 04:13:00,608.1,608.8426,607.8012,607.8012,0
2026-07-24 04:14:00,608.0322,608.8777,608.0322,608.8731,0
2026-07-24 04:15:00,608.8777,608.8869,608.8777,608.8869,0
2026-07-24 04:16:00,608.51,608.88,608.12,608.3,0
2026-07-24 04:17:00,608.9,608.9,608.0412,608.9,0
2026-07-24 04:18:00,609.82,609.82,609.568,609.568,0
2026-07-24 04:19:00,609.1668,609.1668,609.06,609.06,0
2026-07-24 04:20:00,609.23,609.68,609.13,609.13,0
2026-07-24 04:21:00,609.1457,609.45,609.0302,609.0302,0
2026-07-24 04:22:00,609.16,609.7997,609.0302,609.0302,0
2026-07-24 04:23:00,609.42,609.42,609.1721,609.1721,0
2026-07-24 04:24:00,609.19,609.59,609.19,609.3,0
2026-07-24 04:25:00,609.22,609.8,609.1,609.3,0
2026-07-24 04:26:00,609.34,609.7997,609.33,609.7997,0
2026-07-24 04:27:00,609.55,609.59,609.01,609.01,0
2026-07-24 04:28:00,609.6188,609.6188,609.0112,609.0112,0
2026-07-24 04:30:00,609.66,609.8,609.56,609.64,0
2026-07-24 04:31:00,609.5,609.5,609.5,609.5,0
2026-07-24 04:32:00,609.51,609.78,609.51,609.78,0
2026-07-24 04:33:00,609.82,610.22,609.78,609.9,0
2026-07-24 04:34:00,609.93,609.9888,609.85,609.85,0
2026-07-24 04:35:00,609.85,609.99,609.8,609.99,0
2026-07-24 04:36:00,609.53,609.9618,609.46,609.9618,0
2026-07-24 04:37:00,609.9888,609.99,609.9,609.9,0
2026-07-24 04:38:00,609.73,609.73,609.73,609.73,0
2026-07-24 04:39:00,609.9765,610.48,609.9765,610.113,0
2026-07-24 04:40:00,610.4,610.4,610.4,610.4,0
2026-07-24 04:41:00,610.5,610.64,610.5,610.64,0
2026-07-24 04:42:00,610.4,610.6102,610.35,610.35,0
2026-07-24 04:43:00,609.9,610.105,609.9,609.925,0
2026-07-24 04:44:00,610.15,610.24,610.15,610.24,0
2026-07-24 04:45:00,609.5,610.59,609.5,609.7925,0
2026-07-24 04:46:00,609.8,609.8,609.5,609.5678,0
2026-07-24 04:48:00,609.51,609.68,609.5,609.5,0
2026-07-24 04:49:00,609.01,610.24,609.01,610.24,0
2026-07-24 04:51:00,609.64,609.69,609.25,609.69,0
2026-07-24 04:52:00,610.05,610.05,609.24,609.65,0
2026-07-24 04:53:00,609.9988,609.9988,609.9988,609.9988,0
2026-07-24 04:54:00,609.61,610.24,609.61,610.24,0
2026-07-24 04:55:00,609.0407,610.102,609.01,610.102,0
2026-07-24 04:56:00,610.0621,610.0621,609.9,609.9,0
2026-07-24 04:57:00,610.1388,610.1388,609.97,609.97,0
2026-07-24 04:58:00,609.8009,609.8009,609.52,609.52,0
2026-07-24 04:59:00,609.3415,609.3415,609.3415,609.3415,0
2026-07-24 05:01:00,609.9888,609.9888,609.28,609.28,0
2026-07-24 05:03:00,610.47,610.47,609.63,609.63,0
2026-07-24 05:04:00,609.54,609.7,609.54,609.7,0
2026-07-24 05:05:00,610.0,610.0,609.01,609.01,0
2026-07-24 05:06:00,610.4627,610.4627,609.53,609.53,0
2026-07-24 05:07:00,609.54,609.68,609.39,609.64,0
2026-07-24 05:08:00,609.54,609.54,609.4,609.4,0
2026-07-24 05:09:00,609.4,609.4,609.4,609.4,0
2026-07-24 05:10:00,609.8,610.5,609.33,610.5,0
2026-07-24 05:11:00,609.87,609.87,609.87,609.87,0
2026-07-24 05:12:00,610.4275,610.4275,609.71,609.71,0
2026-07-24 05:13:00,610.0,610.0,609.7,609.78,0
2026-07-24 05:15:00,609.58,609.58,609.58,609.58,0
2026-07-24 05:16:00,609.68,609.68,609.68,609.68,0
2026-07-24 05:17:00,610.1988,610.1988,610.1988,610.1988,0
2026-07-24 05:18:00,610.1988,610.2,609.0112,609.0112,0
2026-07-24 05:19:00,609.51,609.51,609.49,609.49,0
2026-07-24 05:21:00,609.45,609.59,609.41,609.59,0
2026-07-24 05:22:00,609.55,609.55,609.2,609.38,0
2026-07-24 05:23:00,609.2,609.7,609.2,609.68,0
2026-07-24 05:24:00,609.6,609.664,609.6,609.664,0
2026-07-24 05:25:00,609.61,610.005,609.046,609.83,0
2026-07-24 05:26:00,610.03,610.4988,610.03,610.03,0
2026-07-24 05:27:00,610.03,610.4228,609.77,609.77,0
2026-07-24 05:29:00,609.88,609.88,609.88,609.88,0
2026-07-24 05:31:00,610.1,610.1,610.1,610.1,0
2026-07-24 05:32:00,610.16,610.16,609.3495,609.3495,0
2026-07-24 05:33:00,610.18,610.4988,610.0125,610.0125,0
2026-07-24 05:35:00,610.34,610.4,610.0,610.0,0
2026-07-24 05:36:00,610.5,610.5,609.81,610.0,0
2026-07-24 05:37:00,610.0,610.0,609.77,609.98,0
2026-07-24 05:38:00,609.96,610.5,609.96,610.5,0
2026-07-24 05:39:00,609.96,610.0,609.96,610.0,0
2026-07-24 05:40:00,610.0,610.21,610.0,610.21,0
2026-07-24 05:41:00,610.1,610.4875,610.1,610.4875,0
2026-07-24 05:42:00,610.1,610.1,610.1,610.1,0
2026-07-24 05:43:00,609.86,609.86,609.86,609.86,0
2026-07-24 05:44:00,609.96,610.18,609.96,610.18,0
2026-07-24 05:46:00,610.0,610.08,610.0,610.08,0
2026-07-24 05:47:00,609.82,610.35,609.7997,610.35,0
2026-07-24 05:48:00,609.98,609.98,609.91,609.91,0
2026-07-24 05:49:00,609.97,609.97,609.97,609.97,0
2026-07-24 05:50:00,610.08,610.49,610.07,610.07,0
2026-07-24 05:51:00,610.09,610.09,609.81,610.08,0
2026-07-24 05:52:00,610.08,610.5,610.0,610.5,0
2026-07-24 05:53:00,609.65,610.4988,609.65,609.99,0
2026-07-24 05:54:00,609.99,610.0,609.99,610.0,0
2026-07-24 05:55:00,609.91,610.4687,609.91,610.4687,0
2026-07-24 05:57:00,610.4468,610.4468,609.69,610.3433,0
2026-07-24 05:58:00,610.35,610.5,609.5835,609.9,0
2026-07-24 05:59:00,610.16,610.17,610.16,610.17,0
2026-07-24 06:00:00,610.4988,610.4988,610.4988,610.4988,0
2026-07-24 06:01:00,610.26,610.26,610.26,610.26,0
2026-07-24 06:02:00,609.2812,609.6,609.25,609.25,0
2026-07-24 06:03:00,610.4426,610.4426,610.0,610.0,0
2026-07-24 06:04:00,609.77,609.77,609.77,609.77,0
2026-07-24 06:05:00,609.77,609.77,609.77,609.77,0
2026-07-24 06:06:00,610.0,610.0,609.6,609.88,0
2026-07-24 06:07:00,609.76,610.0,609.6,609.79,0
2026-07-24 06:08:00,609.77,610.5,609.76,610.4301,0
2026-07-24 06:09:00,610.2,610.5,610.11,610.23,0
2026-07-24 06:10:00,610.4,610.4988,610.295,610.3,0
2026-07-24 06:11:00,610.09,610.5,610.09,610.4988,0
2026-07-24 06:12:00,610.5,610.5,609.94,610.4825,0
2026-07-24 06:13:00,609.93,609.93,609.93,609.93,0
2026-07-24 06:14:00,610.0,610.0,610.0,610.0,0
2026-07-24 06:16:00,609.93,610.4635,609.8688,610.08,0
2026-07-24 06:18:00,609.8365,609.8365,609.8175,609.8175,0
2026-07-24 06:20:00,610.08,610.22,609.275,609.275,0
2026-07-24 06:21:00,609.86,610.24,609.7,609.7,0
2026-07-24 06:22:00,609.8,609.8,609.8,609.8,0
2026-07-24 06:23:00,610.0,610.0,609.2891,609.2891,0
2026-07-24 06:24:00,609.9812,609.9812,609.9812,609.9812,0
2026-07-24 06:25:00,609.25,610.0,605.78,607.0,0
2026-07-24 06:26:00,606.1,606.1,601.53,604.71,0
2026-07-24 06:27:00,604.94,605.82,604.94,605.23,0
2026-07-24 06:28:00,606.47,606.47,604.82,604.82,0
2026-07-24 06:29:00,605.0,605.94,605.0,605.0,0
2026-07-24 06:31:00,606.0,606.32,605.56,605.56,0
2026-07-24 06:32:00,605.5947,606.32,605.56,605.56,0
2026-07-24 06:33:00,605.72,605.95,605.51,605.51,0
2026-07-24 06:34:00,605.51,605.51,604.3641,604.3641,0
2026-07-24 06:35:00,603.95,603.95,602.74,602.74,0
2026-07-24 06:36:00,604.95,604.95,601.87,602.94,0
2026-07-24 06:37:00,602.085,604.47,602.085,602.55,0
2026-07-24 06:38:00,601.81,602.9988,598.56,600.7,0
2026-07-24 06:39:00,600.1,600.9597,599.0,600.94,0
2026-07-24 06:40:00,600.24,600.6788,599.42,600.5,0
2026-07-24 06:41:00,600.14,601.0,600.04,600.0858,0
2026-07-24 06:42:00,601.01,603.0,601.0,602.66,0
2026-07-24 06:43:00,600.983,602.578,600.32,602.481,0
2026-07-24 06:44:00,601.77,602.41,601.77,602.41,0
2026-07-24 06:45:00,602.41,602.41,602.2,602.2,0
2026-07-24 06:46:00,602.43,602.72,602.43,602.72,0
2026-07-24 06:47:00,602.66,602.86,602.06,602.64,0
2026-07-24 06:48:00,602.64,602.64,601.79,602.24,0
2026-07-24 06:49:00,601.71,602.3924,601.71,602.3924,0
2026-07-24 06:50:00,602.3,602.86,601.5,601.5,0
2026-07-24 06:51:00,602.1,602.3,602.0,602.25,0
2026-07-24 06:52:00,602.25,602.826,602.25,602.826,0
2026-07-24 06:53:00,602.51,602.62,601.915,602.48,0
2026-07-24 06:54:00,602.826,602.826,602.34,602.826,0
2026-07-24 06:55:00,602.83,602.83,601.5,601.5709,0
2026-07-24 06:56:00,601.93,602.24,601.5,602.21,0
2026-07-24 06:57:00,602.0,602.8,601.5,602.8,0
2026-07-24 06:58:00,602.8,602.8,602.8,602.8,0
2026-07-24 06:59:00,601.6,602.45,601.6,602.45,0
2026-07-24 07:00:00,602.84,603.53,602.06,602.8,0
2026-07-24 07:01:00,602.7953,602.7953,602.0,602.48,0
2026-07-24 07:02:00,603.63,603.63,601.51,602.0,0
2026-07-24 07:03:00,601.8571,603.16,601.73,602.5411,0
2026-07-24 07:04:00,602.5,602.88,601.62,602.3,0
2026-07-24 07:05:00,603.19,603.19,601.58,601.7644,0
2026-07-24 07:06:00,601.76,602.75,601.76,602.73,0
2026-07-24 07:07:00,602.97,603.17,602.015,602.39,0
2026-07-24 07:08:00,602.39,602.5,601.53,602.5,0
2026-07-24 07:09:00,602.08,603.06,601.5645,601.7152,0
2026-07-24 07:10:00,601.5101,603.0588,601.5101,602.35,0
2026-07-24 07:11:00,602.5,602.5,601.68,602.5,0
2026-07-24 07:12:00,602.465,603.05,602.2501,602.2501,0
2026-07-24 07:13:00,602.25,603.06,602.25,602.9388,0
2026-07-24 07:14:00,602.7,603.06,602.25,602.5,0
2026-07-24 07:15:00,602.74,603.06,602.5,602.5,0
2026-07-24 07:16:00,602.74,603.0452,602.612,602.9,0
2026-07-24 07:17:00,602.9,603.1832,602.9,603.18,0
2026-07-24 07:18:00,603.0,603.52,602.5,603.23,0
2026-07-24 07:19:00,603.69,603.82,603.0,603.0,0
2026-07-24 07:20:00,603.28,603.64,602.5945,603.135,0
2026-07-24 07:21:00,603.32,603.52,602.5,602.5,0
2026-07-24 07:22:00,602.5,603.4067,602.3768,602.6539,0
2026-07-24 07:23:00,602.13,602.49,602.0,602.18,0
2026-07-24 07:24:00,602.5,603.0999,602.5,603.0345,0
2026-07-24 07:25:00,602.7491,603.0426,602.5313,602.5313,0
2026-07-24 07:26:00,603.0047,603.9875,602.805,603.9498,0
2026-07-24 07:27:00,603.9225,604.0,603.2733,603.2733,0
2026-07-24 07:28:00,604.0,604.38,603.89,604.3,0
2026-07-24 07:29:00,604.2884,604.37,603.69,604.37,0
2026-07-24 07:30:00,603.94,604.38,603.94,604.36,0
2026-07-24 07:31:00,604.37,604.37,603.6348,604.02,0
2026-07-24 07:32:00,604.35,604.35,603.5775,603.8,0
2026-07-24 07:33:00,603.5965,604.04,603.5965,604.04,0
2026-07-24 07:34:00,603.87,604.0,603.63,603.92,0
2026-07-24 07:35:00,603.7172,604.88,603.5775,604.3137,0
2026-07-24 07:36:00,604.9552,605.0,604.85,605.0,0
2026-07-24 07:37:00,604.0,605.0,604.0,605.0,0
2026-07-24 07:38:00,605.0,605.0,604.0012,605.0,0
2026-07-24 07:39:00,604.95,604.95,604.78,604.9,0
2026-07-24 07:40:00,604.9,604.9,603.9347,604.8,0
2026-07-24 07:41:00,604.45,604.97,604.45,604.97,0
2026-07-24 07:42:00,604.97,605.56,604.97,605.16,0
2026-07-24 07:43:00,605.15,605.56,604.5,604.5,0
2026-07-24 07:44:00,605.16,605.16,604.0,605.0,0
2026-07-24 07:45:00,604.9,605.0,604.0,604.9453,0
2026-07-24 07:46:00,604.4507,605.0,604.4507,605.0,0
2026-07-24 07:47:00,604.8191,605.0,604.68,604.68,0
2026-07-24 07:48:00,604.5,604.99,604.155,604.73,0
2026-07-24 07:49:00,604.6535,605.0,604.6535,604.87,0
2026-07-24 07:50:00,605.16,605.56,604.86,605.56,0
2026-07-24 07:51:00,605.56,605.56,604.0,604.88,0
2026-07-24 07:52:00,605.12,605.482,604.0,605.03,0
2026-07-24 07:53:00,605.0,605.1103,604.2,604.2,0
2026-07-24 07:54:00,604.4313,604.9062,604.39,604.88,0
2026-07-24 07:55:00,604.8038,604.91,604.5095,604.5478,0
2026-07-24 07:56:00,604.69,604.91,604.39,604.39,0
2026-07-24 07:57:00,604.4501,604.88,604.4501,604.4659,0
2026-07-24 07:58:00,604.635,605.5588,604.62,605.5588,0
2026-07-24 07:59:00,605.72,605.72,605.1093,605.6084,0
2026-07-24 08:00:00,605.13,605.5436,604.76,605.41,0
2026-07-24 08:01:00,604.4061,605.3588,604.4061,604.9542,0
2026-07-24 08:02:00,604.96,605.4,604.2012,605.4,0
2026-07-24 08:03:00,604.3301,605.0,604.33,604.4571,0
2026-07-24 08:04:00,604.98,605.5,604.33,604.69,0
2026-07-24 08:05:00,605.0,605.0,604.565,604.8,0
2026-07-24 08:06:00,604.565,605.0,604.33,605.0,0
2026-07-24 08:07:00,604.57,605.6026,604.5015,605.6026,0
2026-07-24 08:08:00,605.455,605.72,605.2,605.72,0
2026-07-24 08:09:00,605.6379,605.72,605.2176,605.52,0
2026-07-24 08:10:00,605.5433,605.5842,605.0,605.38,0
2026-07-24 08:11:00,605.38,605.72,605.213,605.72,0
2026-07-24 08:12:00,605.5866,605.72,605.455,605.72,0
2026-07-24 08:13:00,605.49,605.7188,605.25,605.56,0
2026-07-24 08:14:00,605.0,606.62,605.0,606.32,0
2026-07-24 08:15:00,606.33,606.33,605.82,606.33,0
2026-07-24 08:16:00,606.0,606.61,606.0,606.06,0
2026-07-24 08:17:00,606.33,606.37,606.0152,606.37,0
2026-07-24 08:18:00,606.5947,606.6299,605.51,605.51,0
2026-07-24 08:19:00,606.07,606.63,605.7,606.63,0
2026-07-24 08:20:00,606.37,606.56,604.33,605.5,0
2026-07-24 08:21:00,605.5585,605.7526,605.145,605.4539,0
2026-07-24 08:22:00,605.3749,605.75,605.0,605.7488,0
2026-07-24 08:23:00,605.73,605.73,604.6612,605.28,0
2026-07-24 08:24:00,605.28,605.88,605.25,605.8783,0
2026-07-24 08:25:00,605.68,605.68,604.33,604.4171,0
2026-07-24 08:26:00,604.92,605.5999,604.77,605.59,0
2026-07-24 08:27:00,605.15,605.7,604.33,605.7,0
2026-07-24 08:28:00,605.66,605.91,604.8975,605.245,0
2026-07-24 08:29:00,605.6847,605.8,605.25,605.6535,0
2026-07-24 08:30:00,605.52,605.708,604.85,605.6183,0
2026-07-24 08:31:00,605.6163,605.7422,605.0,605.5172,0
2026-07-24 08:32:00,605.8,605.845,605.5,605.5,0
2026-07-24 08:33:00,605.9097,606.0,605.53,606.0,0
2026-07-24 08:34:00,605.85,606.0,605.53,605.845,0
2026-07-24 08:35:00,605.8,605.8,605.1912,605.53,0
2026-07-24 08:36:00,605.57,605.84,605.55,605.84,0
2026-07-24 08:37:00,605.9307,606.0,605.28,606.0,0
2026-07-24 08:38:00,606.07,606.36,605.51,606.36,0
2026-07-24 08:39:00,606.27,606.5596,605.57,606.46,0
2026-07-24 08:40:00,606.17,606.17,604.5,604.5,0
2026-07-24 08:41:00,604.5,605.5,604.5,604.765,0
2026-07-24 08:42:00,604.56,605.828,604.56,605.828,0
2026-07-24 08:43:00,605.37,605.8,604.87,605.0,0
2026-07-24 08:44:00,605.0101,605.28,604.6196,604.7,0
2026-07-24 08:45:00,604.6417,604.96,604.6417,604.88,0
2026-07-24 08:46:00,604.88,604.88,604.0,604.0,0
2026-07-24 08:47:00,604.41,604.6,604.1336,604.32,0
2026-07-24 08:48:00,604.5465,604.59,604.04,604.54,0
2026-07-24 08:49:00,604.6,604.6,604.03,604.3,0
2026-07-24 08:50:00,604.44,604.44,604.11,604.1765,0
2026-07-24 08:51:00,604.5522,604.5988,604.1,604.4,0
2026-07-24 08:52:00,604.6,604.6,604.11,604.35,0
2026-07-24 08:53:00,604.07,604.5788,603.91,604.0875,0
2026-07-24 08:54:00,604.015,604.015,603.8409,603.8409,0
2026-07-24 08:55:00,604.0,604.1462,603.4,604.1462,0
2026-07-24 08:56:00,604.0,604.25,603.4,603.95,0
2026-07-24 08:57:00,603.41,603.41,602.0,602.78,0
2026-07-24 08:58:00,603.76,603.95,602.988,603.7082,0
2026-07-24 08:59:00,603.0,603.7,603.0,603.6,0
2026-07-24 09:00:00,603.6,603.6,603.0,603.01,0
2026-07-24 09:01:00,603.5,603.69,602.132,603.0,0
2026-07-24 09:02:00,602.6654,603.79,602.5,603.6,0
2026-07-24 09:03:00,603.28,603.9,603.0,603.6,0
2026-07-24 09:04:00,603.58,603.8675,602.8015,603.6,0
2026-07-24 09:05:00,603.4,603.63,602.6,603.1,0
2026-07-24 09:06:00,603.4552,603.4552,603.0,603.45,0
2026-07-24 09:07:00,603.28,603.8002,603.19,603.8002,0
2026-07-24 09:08:00,603.2362,603.86,603.0,603.69,0
2026-07-24 09:09:00,603.56,603.7,603.35,603.48,0
2026-07-24 09:10:00,603.06,603.95,603.06,603.95,0
2026-07-24 09:11:00,604.0,604.0,603.53,603.5322,0
2026-07-24 09:12:00,604.0,604.4667,603.565,604.095,0
2026-07-24 09:13:00,604.4667,604.53,603.55,603.55,0
2026-07-24 09:14:00,604.1,604.39,603.06,603.06,0
2026-07-24 09:15:00,604.33,604.33,603.06,603.1424,0
2026-07-24 09:16:00,603.48,603.9,603.06,603.6307,0
2026-07-24 09:17:00,603.74,603.74,603.07,603.74,0
2026-07-24 09:18:00,603.19,603.74,603.19,603.4,0
2026-07-24 09:19:00,603.44,603.73,603.06,603.26,0
2026-07-24 09:20:00,603.51,603.72,603.2,603.72,0
2026-07-24 09:21:00,603.5085,603.55,603.27,603.55,0
2026-07-24 09:22:00,603.2942,603.6988,603.06,603.38,0
2026-07-24 09:23:00,603.235,603.73,603.13,603.3807,0
2026-07-24 09:24:00,603.68,603.75,603.29,603.64,0
2026-07-24 09:25:00,603.64,604.3807,602.174,602.9752,0
2026-07-24 09:26:00,602.31,603.01,601.83,602.42,0
2026-07-24 09:27:00,602.1,602.79,601.86,602.79,0
2026-07-24 09:28:00,602.69,605.9988,602.69,605.15,0
2026-07-24 09:29:00,605.61,605.99,605.255,605.3115,0
2026-07-24 09:30:00,605.34,607.52,603.52,604.025,327968
2026-07-24 09:31:00,604.54,606.88,603.76,606.34,28732
2026-07-24 09:32:00,606.49,606.96,603.3,603.755,39905
2026-07-24 09:33:00,604.005,604.79,603.16,604.07,47872
2026-07-24 09:34:00,603.98,604.545,603.83,604.49,23119
2026-07-24 09:35:00,604.34,605.5,603.79,604.9151,30424
2026-07-24 09:36:00,604.915,607.35,604.8,605.905,33739
2026-07-24 09:37:00,606.01,606.86,605.4601,606.32,28877
2026-07-24 09:38:00,606.33,606.33,604.965,605.23,15851
2026-07-24 09:39:00,605.103,605.87,604.3601,604.755,17409
2026-07-24 09:40:00,604.552,605.225,603.64,604.16,35005
2026-07-24 09:41:00,604.02,605.31,603.835,604.9,35466
2026-07-24 09:42:00,604.7951,605.075,603.93,604.61,20352
2026-07-24 09:43:00,604.61,604.78,602.485,602.5701,58620
2026-07-24 09:44:00,602.585,603.6,602.4,603.07,40723
2026-07-24 09:45:00,603.45,604.0,603.06,603.5,65782
2026-07-24 09:46:00,603.5,603.85,603.06,603.06,28624
2026-07-24 09:47:00,603.07,604.4636,602.29,604.375,57532
2026-07-24 09:48:00,604.375,604.58,603.345,603.345,46819
2026-07-24 09:49:00,603.35,603.93,602.47,603.645,24620
2026-07-24 09:50:00,603.73,604.8,603.49,604.045,36848
2026-07-24 09:51:00,604.145,604.65,602.9301,603.54,20814
2026-07-24 09:52:00,603.35,603.4,602.69,603.265,16074
2026-07-24 09:53:00,603.28,603.585,602.8,603.25,29437
2026-07-24 09:54:00,603.01,603.19,601.59,601.92,44701
2026-07-24 09:55:00,602.02,602.23,601.56,601.905,34605
2026-07-24 09:56:00,602.04,603.34,602.04,603.165,29604
2026-07-24 09:57:00,603.165,604.17,603.1,603.63,23195
2026-07-24 09:58:00,603.62,603.77,603.01,603.42,18178
2026-07-24 09:59:00,603.59,603.705,601.926,601.99,22410
2026-07-24 10:00:00,601.73,602.71,601.56,602.42,24828
2026-07-24 10:01:00,602.55,603.05,602.35,602.75,35059
2026-07-24 10:02:00,602.835,604.19,602.49,603.825,90570
2026-07-24 10:03:00,603.54,604.525,603.36,604.36,50033
2026-07-24 10:04:00,604.5824,604.64,602.84,603.055,15605
2026-07-24 10:05:00,602.89,603.4799,602.64,603.0,11000
2026-07-24 10:06:00,602.8787,602.9899,602.52,602.72,10421
2026-07-24 10:07:00,602.735,602.882,602.11,602.3,16565
2026-07-24 10:08:00,602.3,604.01,601.61,604.01,39473
2026-07-24 10:09:00,604.025,604.4999,603.1,603.1,18644
2026-07-24 10:10:00,603.1,603.125,602.01,602.61,21018
2026-07-24 10:11:00,602.8,602.9799,601.9,601.9,15062
2026-07-24 10:12:00,601.78,601.84,601.05,601.34,33459
2026-07-24 10:13:00,601.34,601.99,601.0301,601.82,24002
2026-07-24 10:14:00,601.99,603.5343,601.82,602.525,170380
2026-07-24 10:15:00,602.525,602.63,601.15,601.42,15270
2026-07-24 10:16:00,601.31,601.52,601.02,601.2,14775
2026-07-24 10:17:00,601.2,601.57,600.75,601.4617,36642
2026-07-24 10:18:00,601.69,602.24,601.45,602.12,18371
2026-07-24 10:19:00,602.23,603.3,602.2,603.3,24311
2026-07-24 10:20:00,603.48,605.04,602.995,605.03,37169
2026-07-24 10:21:00,605.03,605.38,604.1,604.5184,26992
2026-07-24 10:22:00,604.53,605.27,604.53,605.1,58822
2026-07-24 10:23:00,605.02,605.37,604.55,604.9694,9617
2026-07-24 10:24:00,604.85,605.5,604.79,605.355,12023
2026-07-24 10:25:00,605.44,605.88,605.21,605.69,17062
2026-07-24 10:26:00,605.49,606.367,605.39,606.3,25725
2026-07-24 10:27:00,606.13,606.4,605.65,606.06,39505
2026-07-24 10:28:00,606.17,606.17,605.01,605.15,15336
2026-07-24 10:29:00,605.53,605.7,604.9,604.9,13321
2026-07-24 10:30:00,605.0,605.58,605.0,605.32,19568
2026-07-24 10:31:00,605.43,605.79,605.15,605.73,15723
2026-07-24 10:32:00,605.745,606.32,605.34,606.055,16707
2026-07-24 10:33:00,606.05,606.28,605.6,605.66,13744
2026-07-24 10:34:00,605.86,606.37,605.5,606.24,17212
2026-07-24 10:35:00,606.39,606.69,605.81,606.085,29278
2026-07-24 10:36:00,606.085,606.3399,605.09,605.155,24922
2026-07-24 10:37:00,605.155,605.7299,604.96,605.285,11512
2026-07-24 10:38:00,605.06,605.49,604.84,604.85,21078
2026-07-24 10:39:00,604.795,605.07,604.49,605.04,11724
2026-07-24 10:40:00,605.14,605.31,604.705,605.0,16779
2026-07-24 10:41:00,605.048,605.1086,604.6092,604.9599,11572
2026-07-24 10:42:00,604.91,605.26,604.68,605.03,13122
2026-07-24 10:43:00,605.085,605.12,604.69,604.855,25356
2026-07-24 10:44:00,604.84,605.02,604.0,604.6031,13704
2026-07-24 10:45:00,604.35,604.98,604.3,604.55,10687
2026-07-24 10:46:00,604.555,605.555,604.23,605.555,20206
2026-07-24 10:47:00,605.51,605.515,604.48,604.72,11063
2026-07-24 10:48:00,604.85,604.96,603.94,603.94,10845
2026-07-24 10:49:00,604.27,604.56,603.79,604.56,7338
2026-07-24 10:50:00,604.99,605.515,604.71,604.99,17706
2026-07-24 10:51:00,604.76,605.55,604.75,605.345,16902
2026-07-24 10:52:00,605.26,605.38,604.6901,604.81,10058
2026-07-24 10:53:00,604.999,605.61,604.54,605.285,23352
2026-07-24 10:54:00,605.29,605.47,604.7001,605.0,12353
2026-07-24 10:55:00,604.92,605.6499,604.84,605.5339,15435
2026-07-24 10:56:00,605.6038,605.71,605.16,605.53,17266
2026-07-24 10:57:00,605.7,606.375,605.66,606.095,17344
2026-07-24 10:58:00,606.28,606.52,605.965,606.275,18701
2026-07-24 10:59:00,606.36,606.835,606.01,606.835,24123
2026-07-24 11:00:00,606.98,608.12,606.9,607.98,29526
2026-07-24 11:01:00,608.12,608.12,607.11,607.22,32717
2026-07-24 11:02:00,607.22,607.4,606.75,606.7925,44121
2026-07-24 11:03:00,606.77,606.95,606.3,606.95,15510
2026-07-24 11:04:00,606.775,606.93,606.17,606.28,13196
2026-07-24 11:05:00,606.355,606.525,605.995,605.995,12730
2026-07-24 11:06:00,605.95,606.36,605.9,606.3,12266
2026-07-24 11:07:00,606.3,606.41,605.8901,606.16,10420
2026-07-24 11:08:00,606.1661,607.075,606.0,606.305,17472
2026-07-24 11:09:00,606.47,606.93,605.585,605.7995,8178
2026-07-24 11:10:00,605.6,606.9,605.46,606.57,17356
2026-07-24 11:11:00,606.8084,607.71,606.7,606.94,54175
2026-07-24 11:12:00,607.14,607.4599,606.4672,606.4672,10166
2026-07-24 11:13:00,606.53,606.785,606.22,606.77,10412
2026-07-24 11:14:00,606.77,607.9,606.68,607.29,20051
2026-07-24 11:15:00,607.06,608.23,607.0,608.23,22746
2026-07-24 11:16:00,607.97,608.65,607.12,607.595,34822
2026-07-24 11:17:00,607.6,608.19,607.355,607.79,15796
2026-07-24 11:18:00,607.79,608.3,607.155,607.55,11630
2026-07-24 11:19:00,607.4,607.5668,606.71,607.24,14454
2026-07-24 11:20:00,607.09,607.86,606.88,606.88,17346
2026-07-24 11:21:00,607.01,607.16,606.51,607.16,10479
2026-07-24 11:22:00,607.18,607.55,606.91,607.42,24321
2026-07-24 11:23:00,607.425,607.97,607.425,607.72,11699
2026-07-24 11:24:00,607.58,608.25,607.24,607.47,12899
2026-07-24 11:25:00,607.825,607.88,607.27,607.6004,13702
2026-07-24 11:26:00,607.6825,608.27,607.47,608.155,18198
2026-07-24 11:27:00,608.14,608.85,608.14,608.74,25458
2026-07-24 11:28:00,608.67,609.38,608.67,609.115,19829
2026-07-24 11:29:00,609.0305,609.38,608.76,608.76,23560
2026-07-24 11:30:00,608.755,609.57,608.755,609.57,13078
2026-07-24 11:31:00,609.5699,609.98,609.43,609.815,18403
2026-07-24 11:32:00,609.66,609.83,609.26,609.28,12909
2026-07-24 11:33:00,609.19,609.5,609.13,609.23,8033
2026-07-24 11:34:00,609.157,609.4376,608.7615,608.875,10360
2026-07-24 11:35:00,608.895,609.05,608.635,608.7,12105
2026-07-24 11:36:00,608.7,609.5545,608.61,609.505,16840
2026-07-24 11:37:00,609.56,609.62,609.05,609.17,17417
2026-07-24 11:38:00,609.1,609.52,608.86,609.4623,8772
2026-07-24 11:39:00,609.57,609.68,609.33,609.4291,5558
2026-07-24 11:40:00,609.62,609.9162,609.42,609.58,10956
2026-07-24 11:41:00,609.39,609.63,608.81,609.055,11408
2026-07-24 11:42:00,609.04,609.3799,608.3301,609.01,15015
2026-07-24 11:43:00,609.03,609.21,607.9,608.045,17190
2026-07-24 11:44:00,608.0451,608.18,607.771,607.965,10752
2026-07-24 11:45:00,608.07,608.08,607.3,607.605,11157
2026-07-24 11:46:00,607.605,607.87,607.435,607.5346,7560
2026-07-24 11:47:00,607.59,607.8,607.0,607.1725,60220
2026-07-24 11:48:00,607.1651,607.44,607.0,607.34,11878
2026-07-24 11:49:00,607.27,607.44,606.61,606.725,7181
2026-07-24 11:50:00,606.87,608.35,606.87,608.03,23442
2026-07-24 11:51:00,608.065,608.065,607.27,607.355,143706
2026-07-24 11:52:00,607.355,607.48,606.85,607.06,12792
2026-07-24 11:53:00,607.06,607.24,606.65,606.94,141923
2026-07-24 11:54:00,606.95,607.23,606.32,606.36,15070
2026-07-24 11:55:00,606.5701,606.7799,605.92,605.92,8885
2026-07-24 11:56:00,606.028,606.21,604.9,605.44,42590
2026-07-24 11:57:00,605.365,605.74,605.0,605.265,15686
2026-07-24 11:58:00,605.265,605.265,604.76,604.98,10526
2026-07-24 11:59:00,604.94,605.6938,604.89,605.63,24483
2026-07-24 12:00:00,605.53,605.99,605.24,605.745,12720
2026-07-24 12:01:00,605.51,605.56,605.195,605.47,8685
2026-07-24 12:02:00,605.31,605.5536,605.23,605.4046,43414
2026-07-24 12:03:00,605.32,605.3299,604.89,604.94,8371
2026-07-24 12:04:00,604.94,605.45,604.81,605.26,13005
2026-07-24 12:05:00,605.25,605.375,604.89,605.01,17496
2026-07-24 12:06:00,605.13,605.26,604.71,605.1,12768
2026-07-24 12:07:00,605.1,605.1803,604.9,605.095,7608
2026-07-24 12:08:00,605.25,605.25,604.87,604.94,6692
2026-07-24 12:09:00,604.86,605.08,603.6,603.7765,18700
2026-07-24 12:10:00,603.9,604.12,603.67,603.84,59229
2026-07-24 12:11:00,603.9439,604.05,603.61,603.685,14606
2026-07-24 12:12:00,603.68,603.87,603.39,603.865,13664
2026-07-24 12:13:00,603.86,604.02,603.5101,603.52,17322
2026-07-24 12:14:00,603.51,603.78,603.11,603.78,23072
2026-07-24 12:15:00,603.56,603.77,603.02,603.2,17393
2026-07-24 12:16:00,603.225,603.75,603.11,603.6238,22031
2026-07-24 12:17:00,603.64,603.83,603.52,603.53,14476
2026-07-24 12:18:00,603.5301,603.9499,603.53,603.82,9003
2026-07-24 12:19:00,603.73,603.95,603.1835,603.1835,16812
2026-07-24 12:20:00,603.37,603.49,603.15,603.28,11424
2026-07-24 12:21:00,603.295,603.6,603.2,603.28,8420
2026-07-24 12:22:00,603.34,603.74,603.34,603.725,4635
2026-07-24 12:23:00,603.7225,603.73,603.55,603.6317,7951
2026-07-24 12:24:00,603.62,603.85,603.56,603.765,9719
2026-07-24 12:25:00,603.7959,603.97,603.67,603.885,15315
2026-07-24 12:26:00,604.0,604.12,603.6,603.8655,24172
2026-07-24 12:27:00,603.835,604.22,603.835,604.04,12451
2026-07-24 12:28:00,604.01,604.01,603.58,603.67,15741
2026-07-24 12:29:00,603.59,604.0,603.07,603.155,15135
2026-07-24 12:30:00,603.06,603.175,602.36,602.43,32480
2026-07-24 12:31:00,602.645,602.84,602.37,602.515,10922
2026-07-24 12:32:00,602.3707,602.625,602.11,602.315,20751
2026-07-24 12:33:00,602.315,602.315,601.7501,601.935,21267
2026-07-24 12:34:00,601.8925,602.3989,601.76,602.31,34928
2026-07-24 12:35:00,602.4601,602.75,602.26,602.415,9872
2026-07-24 12:36:00,602.32,602.555,602.24,602.555,6496
2026-07-24 12:37:00,602.5,603.455,602.42,603.455,11517
2026-07-24 12:38:00,603.4249,604.0,603.12,603.25,37548
2026-07-24 12:39:00,603.26,603.3545,602.2401,602.56,7801
2026-07-24 12:40:00,602.23,602.6199,602.1,602.32,8891
2026-07-24 12:41:00,602.18,602.77,601.69,601.75,19304
2026-07-24 12:42:00,601.8187,602.15,601.33,602.09,26244
2026-07-24 12:43:00,602.1,602.17,601.8762,602.105,6498
2026-07-24 12:44:00,602.105,602.24,601.83,601.83,11541
2026-07-24 12:45:00,601.915,602.43,601.8401,602.24,9208
2026-07-24 12:46:00,602.14,602.18,601.55,601.553,15166
2026-07-24 12:47:00,601.49,601.505,600.52,600.92,18580
2026-07-24 12:48:00,600.92,601.02,600.55,600.76,24741
2026-07-24 12:49:00,600.73,600.7758,600.07,600.71,19512
2026-07-24 12:50:00,600.71,600.71,600.24,600.33,19872
2026-07-24 12:51:00,600.2825,601.85,600.25,601.695,72679
2026-07-24 12:52:00,601.695,601.8,601.46,601.475,17915
2026-07-24 12:53:00,601.48,601.64,601.275,601.6,21435
2026-07-24 12:54:00,601.55,602.13,601.4601,601.6901,18622
2026-07-24 12:55:00,601.915,601.915,601.4225,601.54,13939
2026-07-24 12:56:00,601.56,601.64,601.35,601.455,14154
2026-07-24 12:57:00,601.36,601.46,601.0,601.23,8889
2026-07-24 12:58:00,601.18,601.38,601.13,601.13,9979
2026-07-24 12:59:00,601.22,601.22,600.56,600.56,15395
2026-07-24 13:00:00,600.67,601.45,600.6025,601.33,19313
2026-07-24 13:01:00,601.285,602.71,601.28,602.54,32465
2026-07-24 13:02:00,602.33,602.33,601.4,601.63,15844
2026-07-24 13:03:00,601.79,601.87,601.3306,601.67,12341
2026-07-24 13:04:00,601.555,601.91,601.555,601.89,9366
2026-07-24 13:05:00,601.895,602.4097,601.7957,602.2458,13478
2026-07-24 13:06:00,602.36,604.91,601.03,603.54,128274
2026-07-24 13:07:00,603.54,603.54,602.05,602.485,30991
2026-07-24 13:08:00,602.26,602.8395,601.7673,602.4799,15742
2026-07-24 13:09:00,602.32,602.3999,601.84,602.04,13939
2026-07-24 13:10:00,602.01,602.5644,601.9501,602.39,10890
2026-07-24 13:11:00,602.39,602.9278,602.33,602.55,7231
2026-07-24 13:12:00,602.39,602.86,602.39,602.6939,5661
2026-07-24 13:13:00,602.71,602.95,602.67,602.8,6856
2026-07-24 13:14:00,602.91,603.07,602.73,603.01,7694
2026-07-24 13:15:00,602.92,603.225,602.81,603.195,6041
2026-07-24 13:16:00,603.01,603.1195,602.41,602.84,11368
2026-07-24 13:17:00,602.9266,603.12,602.81,602.86,8488
2026-07-24 13:18:00,602.9825,603.1117,602.86,603.02,4754
2026-07-24 13:19:00,603.02,603.12,602.86,602.975,6168
2026-07-24 13:20:00,602.9,603.125,602.82,602.975,10554
2026-07-24 13:21:00,602.975,603.18,602.82,602.9,8493
2026-07-24 13:22:00,602.87,602.925,602.07,602.42,12744
2026-07-24 13:23:00,602.485,602.485,602.0901,602.305,7657
2026-07-24 13:24:00,602.315,602.51,602.205,602.51,13736
2026-07-24 13:25:00,602.48,602.73,602.2901,602.63,12056
2026-07-24 13:26:00,602.84,602.84,602.53,602.84,5005
2026-07-24 13:27:00,602.78,603.09,602.77,602.795,12127
2026-07-24 13:28:00,602.795,602.97,602.68,602.78,7917
2026-07-24 13:29:00,602.725,602.99,602.61,602.99,10430
2026-07-24 13:30:00,603.0,603.1,602.6201,602.915,12095
2026-07-24 13:31:00,603.08,603.3,602.88,603.09,14922
2026-07-24 13:32:00,603.07,603.4,602.9007,603.39,11093
2026-07-24 13:33:00,603.4,603.78,603.4,603.6,8952
2026-07-24 13:34:00,603.5,603.59,603.18,603.405,10797
2026-07-24 13:35:00,603.41,603.7,603.392,603.41,6377
2026-07-24 13:36:00,603.52,603.57,602.85,603.0064,12484
2026-07-24 13:37:00,603.035,603.035,602.34,602.43,10397
2026-07-24 13:38:00,602.43,602.43,601.7,601.7,27242
2026-07-24 13:39:00,601.785,602.07,601.23,601.32,46056
2026-07-24 13:40:00,601.355,601.355,600.12,600.16,30692
2026-07-24 13:41:00,600.27,600.8,599.13,600.8,137683
2026-07-24 13:42:00,600.67,601.5,600.47,601.33,21542
2026-07-24 13:43:00,601.425,601.53,601.06,601.1294,7199
2026-07-24 13:44:00,601.16,601.41,601.0716,601.39,9780
2026-07-24 13:45:00,601.405,601.71,601.31,601.5897,13968
2026-07-24 13:46:00,601.67,602.1,601.5901,602.01,8937
2026-07-24 13:47:00,602.01,602.01,601.46,601.73,11074
2026-07-24 13:48:00,601.645,601.74,601.3,601.5867,8659
2026-07-24 13:49:00,601.5,601.82,601.5,601.8,6821
2026-07-24 13:50:00,601.76,601.79,601.45,601.55,12744
2026-07-24 13:51:00,601.695,601.865,601.07,601.18,11994
2026-07-24 13:52:00,601.265,601.44,601.02,601.14,9645
2026-07-24 13:53:00,601.15,601.1999,601.0,601.11,7876
2026-07-24 13:54:00,601.175,601.58,601.175,601.45,6613
2026-07-24 13:55:00,601.52,601.58,601.31,601.315,7046
2026-07-24 13:56:00,601.44,601.63,601.3681,601.495,9903
2026-07-24 13:57:00,601.43,601.47,601.26,601.31,5566
2026-07-24 13:58:00,601.41,601.58,601.3,601.31,5648
2026-07-24 13:59:00,601.425,601.88,601.32,601.835,9429
2026-07-24 14:00:00,601.72,602.06,601.7,601.94,10485
2026-07-24 14:01:00,601.9486,602.14,601.64,601.65,8024
2026-07-24 14:02:00,601.66,601.725,601.2701,601.37,21343
2026-07-24 14:03:00,601.4899,601.49,601.1,601.21,11795
2026-07-24 14:04:00,601.18,601.4723,601.13,601.4723,7626
2026-07-24 14:05:00,601.5071,601.64,601.35,601.505,7559
2026-07-24 14:06:00,601.59,601.85,601.47,601.79,19808
2026-07-24 14:07:00,601.86,602.2,601.83,602.11,9727
2026-07-24 14:08:00,602.0201,602.41,602.0201,602.28,8411
2026-07-24 14:09:00,602.27,602.42,602.02,602.08,6869
2026-07-24 14:10:00,601.98,602.09,601.83,601.9,8691
2026-07-24 14:11:00,601.8526,601.9999,601.79,601.89,4330
2026-07-24 14:12:00,601.89,602.2,601.89,602.115,8421
2026-07-24 14:13:00,602.11,602.19,601.91,601.935,10728
2026-07-24 14:14:00,601.8511,602.1894,601.7201,601.9601,12723
2026-07-24 14:15:00,602.075,602.27,601.93,602.14,13395
2026-07-24 14:16:00,602.18,602.79,602.13,602.67,18098
2026-07-24 14:17:00,602.7,602.97,602.46,602.77,11668
2026-07-24 14:18:00,602.77,602.97,601.93,602.225,21519
2026-07-24 14:19:00,602.25,602.4999,602.1973,602.28,6923
2026-07-24 14:20:00,602.4,602.4,602.01,602.01,9114
2026-07-24 14:21:00,602.055,602.13,601.9,602.13,13940
2026-07-24 14:22:00,602.13,602.27,601.45,601.88,30914
2026-07-24 14:23:00,601.6601,601.91,601.62,601.85,7292
2026-07-24 14:24:00,601.85,602.625,601.845,602.205,18488
2026-07-24 14:25:00,602.205,602.29,601.8,602.115,9678
2026-07-24 14:26:00,602.21,602.355,602.01,602.01,30573
2026-07-24 14:27:00,602.03,602.24,601.83,602.0,9472
2026-07-24 14:28:00,601.91,602.18,601.821,602.0395,8716
2026-07-24 14:29:00,601.8975,602.24,601.48,601.48,29006
2026-07-24 14:30:00,601.52,601.65,601.25,601.505,19990
2026-07-24 14:31:00,601.455,601.735,601.33,601.58,16750
2026-07-24 14:32:00,601.63,601.819,601.11,601.2284,17260
2026-07-24 14:33:00,601.13,601.21,600.0101,600.2537,35251
2026-07-24 14:34:00,600.32,600.54,599.9,600.37,30280
2026-07-24 14:35:00,600.5,600.5,599.3,599.51,31099
2026-07-24 14:36:00,599.51,600.865,599.5,600.1975,43039
2026-07-24 14:37:00,600.26,600.32,599.51,599.83,22516
2026-07-24 14:38:00,599.835,600.33,599.73,600.2005,27992
2026-07-24 14:39:00,600.22,600.32,599.55,599.93,20824
2026-07-24 14:40:00,600.0773,600.395,599.9275,600.2,9053
2026-07-24 14:41:00,600.28,600.37,599.955,600.06,10639
2026-07-24 14:42:00,600.01,600.3999,599.83,600.075,17832
2026-07-24 14:43:00,600.16,600.23,599.88,600.02,9927
2026-07-24 14:44:00,600.0,600.08,599.65,599.75,14086
2026-07-24 14:45:00,599.66,599.84,599.19,599.19,15004
2026-07-24 14:46:00,599.2,599.82,599.06,599.61,23506
2026-07-24 14:47:00,599.615,599.68,599.06,599.655,16701
2026-07-24 14:48:00,599.625,600.05,599.54,599.77,13783
2026-07-24 14:49:00,599.75,600.0,599.64,599.68,11221
2026-07-24 14:50:00,599.65,599.99,599.55,599.61,15441
2026-07-24 14:51:00,599.71,599.8299,599.49,599.59,13170
2026-07-24 14:52:00,599.58,599.92,599.18,599.865,44053
2026-07-24 14:53:00,599.8934,599.99,599.4,599.53,12598
2026-07-24 14:54:00,599.505,599.85,599.28,599.39,18979
2026-07-24 14:55:00,599.39,599.67,599.35,599.555,11391
2026-07-24 14:56:00,599.545,599.9,599.4,599.9,12375
2026-07-24 14:57:00,599.89,600.07,599.7801,599.81,14001
2026-07-24 14:58:00,599.8932,600.14,599.8932,600.03,8270
2026-07-24 14:59:00,600.09,600.5,599.925,599.96,25654
2026-07-24 15:00:00,599.885,600.65,599.76,600.64,26581
2026-07-24 15:01:00,600.608,600.9599,600.4033,600.73,24455
2026-07-24 15:02:00,600.84,601.09,600.5,600.5775,18883
2026-07-24 15:03:00,600.69,600.875,600.4901,600.53,10682
2026-07-24 15:04:00,600.6225,600.79,600.3901,600.61,14542
2026-07-24 15:05:00,600.61,600.8831,600.48,600.795,14791
2026-07-24 15:06:00,600.795,600.795,600.42,600.54,17349
2026-07-24 15:07:00,600.62,600.7,600.14,600.16,22408
2026-07-24 15:08:00,600.21,600.65,600.11,600.33,24822
2026-07-24 15:09:00,600.4065,601.08,600.355,600.8513,14744
2026-07-24 15:10:00,601.0091,601.1499,600.65,600.97,18345
2026-07-24 15:11:00,600.99,601.08,600.76,600.8801,14146
2026-07-24 15:12:00,601.03,601.33,600.92,601.145,11172
2026-07-24 15:13:00,601.145,601.26,600.9201,601.06,12660
2026-07-24 15:14:00,601.065,601.065,600.5801,600.69,27563
2026-07-24 15:15:00,600.64,601.2,600.5,601.02,12075
2026-07-24 15:16:00,600.86,601.01,600.52,600.61,12964
2026-07-24 15:17:00,600.605,600.7293,600.32,600.43,27371
2026-07-24 15:18:00,600.4776,600.75,600.39,600.47,17741
2026-07-24 15:19:00,600.53,600.65,600.06,600.64,35026
2026-07-24 15:20:00,600.67,600.94,600.48,600.82,9364
2026-07-24 15:21:00,600.84,601.28,600.82,601.235,17277
2026-07-24 15:22:00,601.2,601.3,600.67,600.765,13431
2026-07-24 15:23:00,600.67,601.0,600.56,600.895,8055
2026-07-24 15:24:00,600.895,600.9499,600.395,600.62,11934
2026-07-24 15:25:00,600.65,600.82,600.28,600.367,15097
2026-07-24 15:26:00,600.28,600.44,600.14,600.3401,13451
2026-07-24 15:27:00,600.3458,600.5,600.21,600.28,8564
2026-07-24 15:28:00,600.195,600.3299,600.1,600.3299,12540
2026-07-24 15:29:00,600.245,600.245,599.89,600.055,20967
2026-07-24 15:30:00,600.055,600.19,599.45,599.71,29773
2026-07-24 15:31:00,599.71,599.92,599.4,599.8535,19951
2026-07-24 15:32:00,599.945,600.3,599.89,600.18,25173
2026-07-24 15:33:00,600.22,600.5,599.96,600.16,23571
2026-07-24 15:34:00,600.16,600.76,600.16,600.6,15135
2026-07-24 15:35:00,600.5,601.18,600.23,600.5859,31939
2026-07-24 15:36:00,600.59,600.78,600.285,600.355,10941
2026-07-24 15:37:00,600.46,600.81,600.43,600.4462,11317
2026-07-24 15:38:00,600.57,600.75,600.3,600.685,10656
2026-07-24 15:39:00,600.656,601.06,600.656,600.935,33761
2026-07-24 15:40:00,600.84,601.16,599.89,599.985,51822
2026-07-24 15:41:00,599.93,599.93,598.78,599.125,62306
2026-07-24 15:42:00,599.145,599.505,599.0,599.14,24598
2026-07-24 15:43:00,599.23,599.79,598.92,599.13,36617
2026-07-24 15:44:00,599.13,599.4179,598.87,599.14,21555
2026-07-24 15:45:00,599.16,599.28,598.1,598.1,47212
2026-07-24 15:46:00,598.25,598.25,597.425,597.5,55848
2026-07-24 15:47:00,597.68,597.75,597.25,597.615,40760
2026-07-24 15:48:00,597.615,598.13,597.57,597.79,34982
2026-07-24 15:49:00,597.72,597.865,597.5,597.83,37078
2026-07-24 15:50:00,597.9,597.9,596.0,596.05,64822
2026-07-24 15:51:00,596.115,596.94,596.115,596.43,49319
2026-07-24 15:52:00,596.415,596.81,596.31,596.695,44504
2026-07-24 15:53:00,596.6,596.73,596.16,596.225,53250
2026-07-24 15:54:00,596.23,596.9399,596.1001,596.7,81388
2026-07-24 15:55:00,596.79,596.81,595.0,595.36,169543
2026-07-24 15:56:00,595.345,595.5,594.8001,594.975,129843
2026-07-24 15:57:00,594.9,595.61,594.6,595.015,143305
2026-07-24 15:58:00,594.99,595.31,594.945,595.2,128195
2026-07-24 15:59:00,595.19,595.34,594.88,595.2,303076
2026-07-24 16:00:00,595.19,595.8,594.82,594.86,1611936
2026-07-24 16:01:00,595.175,595.79,594.86,595.7218,0
2026-07-24 16:02:00,596.0,596.3,594.86,594.86,0
2026-07-24 16:03:00,595.7808,595.8,595.3,595.72,0
2026-07-24 16:04:00,595.19,595.72,595.19,595.46,0
2026-07-24 16:05:00,595.4309,595.8,595.19,595.77,0
2026-07-24 16:06:00,595.7988,596.0,595.5214,595.9597,0
2026-07-24 16:07:00,595.78,596.0,595.19,595.87,0
2026-07-24 16:08:00,595.9735,596.0,595.7562,595.9,0
2026-07-24 16:09:00,595.9803,596.19,595.19,596.01,0
2026-07-24 16:10:00,596.2858,596.3,595.19,596.3,0
2026-07-24 16:11:00,596.3,596.75,596.1394,596.6935,0
2026-07-24 16:12:00,596.69,596.69,595.52,595.52,0
2026-07-24 16:13:00,596.11,596.44,595.7089,596.0,0
2026-07-24 16:14:00,596.04,596.44,595.2162,596.25,0
2026-07-24 16:15:00,595.19,596.44,595.19,596.2,0
2026-07-24 16:16:00,595.94,596.44,595.2,596.0,0
2026-07-24 16:17:00,595.25,596.44,595.25,596.2509,0
2026-07-24 16:18:00,596.44,596.44,595.2797,596.44,0
2026-07-24 16:19:00,596.44,596.44,595.41,596.3174,0
2026-07-24 16:20:00,595.19,596.44,595.19,596.44,0
2026-07-24 16:21:00,596.27,596.44,596.1516,596.2,0
2026-07-24 16:22:00,596.27,596.44,596.12,596.2,0
2026-07-24 16:23:00,596.26,596.44,596.17,596.2,0
2026-07-24 16:24:00,596.24,596.295,595.655,595.655,0
2026-07-24 16:25:00,596.056,596.11,595.19,595.96,0
2026-07-24 16:26:00,595.62,596.0,595.2,596.0,0
2026-07-24 16:27:00,595.81,596.1,595.5803,595.84,0
2026-07-24 16:28:00,595.2,595.96,595.2,595.75,0
2026-07-24 16:29:00,595.6797,596.0,595.2579,596.0,0
2026-07-24 16:30:00,595.99,596.0,595.44,595.8904,0
2026-07-24 16:31:00,595.24,596.0,595.24,595.8226,0
2026-07-24 16:32:00,595.83,596.0,595.22,595.9196,0
2026-07-24 16:33:00,595.2713,596.0,595.2,595.7,0
2026-07-24 16:34:00,595.69,596.0,595.45,595.5967,0
2026-07-24 16:35:00,595.6428,595.7,595.2,595.6,0
2026-07-24 16:36:00,595.4,595.6999,595.2125,595.2775,0
2026-07-24 16:37:00,595.6141,595.7,595.3,595.7,0
2026-07-24 16:38:00,595.6,595.7257,595.2,595.7,0
2026-07-24 16:39:00,595.7,595.7365,595.21,595.7,0
2026-07-24 16:40:00,595.6754,595.72,595.19,595.48,0
2026-07-24 16:41:00,595.46,595.7,595.2,595.2125,0
2026-07-24 16:42:00,595.5,595.5,595.19,595.3,0
2026-07-24 16:43:00,595.3667,595.5,595.2465,595.5,0
2026-07-24 16:44:00,595.29,596.1199,595.29,595.97,0
2026-07-24 16:45:00,596.1037,596.12,595.6,595.65,0
2026-07-24 16:46:00,595.7642,595.79,595.4454,595.5191,0
2026-07-24 16:47:00,595.52,636.9958,595.19,595.41,0
2026-07-24 16:48:00,595.3729,595.856,595.2,595.856,0
2026-07-24 16:49:00,595.3735,595.9,595.3735,595.4,0
2026-07-24 16:50:00,595.87,595.8739,595.44,595.45,0
2026-07-24 16:51:00,595.64,610.1228,595.45,595.67,0
2026-07-24 16:52:00,595.9,595.9,595.4689,595.4689,0
2026-07-24 16:53:00,595.52,631.1163,577.3446,584.5194,0
2026-07-24 16:54:00,595.42,610.1228,595.42,595.43,0
2026-07-24 16:55:00,595.545,595.89,595.5,595.5,0
2026-07-24 16:56:00,595.19,595.49,595.19,595.47,0
2026-07-24 16:57:00,595.47,595.479,595.34,595.37,0
2026-07-24 16:58:00,595.37,595.4,595.2013,595.3,0
2026-07-24 16:59:00,595.2,636.9958,595.2,595.35,0
2026-07-24 17:00:00,595.3873,595.4,558.9772,595.4,0
2026-07-24 17:01:00,595.28,631.1163,595.2508,631.1163,0
2026-07-24 17:02:00,595.3,595.5,595.3,595.5,0
2026-07-24 17:03:00,595.5,636.3,595.4845,595.4925,0
2026-07-24 17:04:00,595.4925,595.5,595.19,595.45,0
2026-07-24 17:05:00,595.45,626.1555,595.4,595.411,0
2026-07-24 17:06:00,595.4975,636.3,582.4493,595.4,0
2026-07-24 17:07:00,595.39,626.1555,595.3545,595.38,0
2026-07-24 17:08:00,595.45,595.45,595.25,595.3,0
2026-07-24 17:09:00,595.4103,595.99,595.4,595.6886,0
2026-07-24 17:10:00,595.3212,595.6344,595.3159,595.6,0
2026-07-24 17:11:00,595.52,595.71,595.3,595.4657,0
2026-07-24 17:12:00,595.5,595.5,595.25,595.4251,0
2026-07-24 17:13:00,595.28,595.5,595.2001,595.4,0
2026-07-24 17:14:00,595.5,595.5,595.14,595.14,0
2026-07-24 17:15:00,595.4,595.4,595.1908,595.3304,0
2026-07-24 17:16:00,595.345,595.4535,595.22,595.22,0
2026-07-24 17:17:00,595.4937,595.5,595.2739,595.32,0
2026-07-24 17:18:00,595.4499,595.4499,595.28,595.2999,0
2026-07-24 17:19:00,595.2936,595.3,595.207,595.25,0
2026-07-24 17:20:00,595.5,595.5,595.4,595.4613,0
2026-07-24 17:21:00,595.34,595.5,595.26,595.5,0
2026-07-24 17:22:00,595.34,595.5,595.3,595.4178,0
2026-07-24 17:23:00,595.5,595.5,595.4009,595.44,0
2026-07-24 17:24:00,595.5,595.5,595.44,595.44,0
2026-07-24 17:25:00,595.3986,595.5,595.3986,595.44,0
2026-07-24 17:26:00,595.4906,595.4994,595.4215,595.4985,0
2026-07-24 17:27:00,595.4957,595.5,595.4544,595.5,0
2026-07-24 17:28:00,595.4992,595.5,595.47,595.5,0
2026-07-24 17:29:00,595.47,595.5,595.19,595.49,0
2026-07-24 17:30:00,595.47,595.5,595.19,595.5,0
2026-07-24 17:31:00,595.5,595.975,595.3,595.975,0
2026-07-24 17:32:00,595.98,595.99,595.3,595.99,0
2026-07-24 17:33:00,595.99,595.99,595.8831,595.9,0
2026-07-24 17:34:00,595.8922,595.99,595.4675,595.8987,0
2026-07-24 17:35:00,595.82,595.99,595.7,595.9162,0
2026-07-24 17:36:00,595.89,595.93,595.78,595.82,0
2026-07-24 17:37:00,595.8098,596.4,595.8098,596.0006,0
2026-07-24 17:38:00,596.3827,596.3827,595.9982,596.373,0
2026-07-24 17:39:00,596.31,596.44,595.78,596.13,0
2026-07-24 17:40:00,596.43,596.43,596.13,596.2,0
2026-07-24 17:41:00,595.99,596.44,595.99,596.11,0
2026-07-24 17:42:00,596.185,596.44,596.01,596.11,0
2026-07-24 17:43:00,596.2,596.3,596.08,596.08,0
2026-07-24 17:44:00,596.25,596.29,596.0,596.15,0
2026-07-24 17:45:00,596.26,596.3,596.01,596.3,0
2026-07-24 17:46:00,596.3,596.3268,595.9,596.1511,0
2026-07-24 17:47:00,596.3,596.3,595.895,596.29,0
2026-07-24 17:48:00,596.12,596.25,595.5012,595.88,0
2026-07-24 17:49:00,595.88,596.0,595.75,596.0,0
2026-07-24 17:50:00,595.925,596.0,595.06,595.94,0
2026-07-24 17:51:00,595.68,595.9336,595.19,595.19,0
2026-07-24 17:52:00,595.9882,595.9882,595.58,595.58,0
2026-07-24 17:53:00,595.58,595.65,595.56,595.5739,0
2026-07-24 17:54:00,595.64,596.0,595.64,595.655,0
2026-07-24 17:55:00,596.0,596.0,595.6,595.94,0
2026-07-24 17:56:00,595.55,596.0,595.55,596.0,0
2026-07-24 17:57:00,595.55,595.775,595.01,595.5677,0
2026-07-24 17:58:00,595.505,596.0,595.505,595.8811,0
2026-07-24 17:59:00,596.0,596.0,595.505,596.0,0
2026-07-24 18:00:00,595.6,595.9,595.32,595.84,0
2026-07-24 18:01:00,595.84,596.0,595.55,595.84,0
2026-07-24 18:02:00,595.64,595.84,595.2042,595.67,0
2026-07-24 18:03:00,595.55,595.55,595.0,595.474,0
2026-07-24 18:04:00,595.5,595.5,595.08,595.3,0
2026-07-24 18:05:00,595.3,596.0,595.3,596.0,0
2026-07-24 18:06:00,596.0,596.0,595.0,595.5,0
2026-07-24 18:07:00,596.0,596.0,595.2706,595.5,0
2026-07-24 18:08:00,595.32,596.0,595.32,595.5,0
2026-07-24 18:09:00,595.5,595.9319,595.5,595.9319,0
2026-07-24 18:10:00,595.31,595.48,595.22,595.4249,0
2026-07-24 18:11:00,595.31,595.4534,595.19,595.3,0
2026-07-24 18:12:00,595.0,595.5,595.0,595.44,0
2026-07-24 18:13:00,595.4,595.45,595.0727,595.3999,0
2026-07-24 18:14:00,595.32,595.3576,595.27,595.27,0
2026-07-24 18:15:00,595.21,595.4,595.0,595.0,0
2026-07-24 18:16:00,595.19,595.4,595.0214,595.1745,0
2026-07-24 18:17:00,595.1745,595.2,595.1724,595.1724,0
2026-07-24 18:18:00,595.15,595.2,595.0348,595.195,0
2026-07-24 18:19:00,595.195,595.2,595.0387,595.0387,0
2026-07-24 18:20:00,595.2,595.2,595.031,595.031,0
2026-07-24 18:21:00,595.2,595.2,595.0222,595.19,0
2026-07-24 18:22:00,595.19,595.19,595.05,595.19,0
2026-07-24 18:23:00,595.0975,595.2,595.01,595.2,0
2026-07-24 18:24:00,595.19,595.1988,595.0,595.0001,0
2026-07-24 18:25:00,595.01,595.2,595.005,595.2,0
2026-07-24 18:26:00,595.1,595.17,595.0,595.0301,0
2026-07-24 18:27:00,595.14,595.17,595.03,595.05,0
2026-07-24 18:28:00,595.1493,595.17,595.03,595.03,0
2026-07-24 18:29:00,595.1564,595.1564,595.03,595.1495,0
2026-07-24 18:30:00,595.17,595.17,595.03,595.15,0
2026-07-24 18:31:00,595.14,595.17,595.1,595.14,0
2026-07-24 18:32:00,595.1027,595.19,595.1,595.1807,0
2026-07-24 18:33:00,595.1807,595.1807,595.18,595.18,0
2026-07-24 18:34:00,595.19,595.2,595.0,595.2,0
2026-07-24 18:35:00,595.2,595.2,595.1,595.2,0
2026-07-24 18:36:00,595.1746,595.19,594.75,594.98,0
2026-07-24 18:37:00,594.7414,595.0,594.7075,594.7431,0
2026-07-24 18:38:00,595.0,595.0,594.7445,594.9,0
2026-07-24 18:39:00,594.8927,594.979,594.89,594.979,0
2026-07-24 18:40:00,594.979,594.9988,594.8616,594.979,0
2026-07-24 18:41:00,595.0,595.0,594.7448,595.0,0
2026-07-24 18:42:00,594.85,594.98,594.7448,594.85,0
2026-07-24 18:43:00,594.7448,594.7448,594.55,594.66,0
2026-07-24 18:44:00,594.66,594.66,594.5,594.6572,0
2026-07-24 18:45:00,594.66,594.66,594.6015,594.62,0
2026-07-24 18:46:00,594.66,594.66,594.45,594.49,0
2026-07-24 18:47:00,594.3899,594.65,594.3899,594.65,0
2026-07-24 18:48:00,595.0,595.0,594.6841,594.6841,0
2026-07-24 18:49:00,594.9912,594.9912,594.67,594.97,0
2026-07-24 18:50:00,594.76,594.99,594.76,594.99,0
2026-07-24 18:51:00,594.97,595.0,594.88,594.97,0
2026-07-24 18:52:00,594.93,594.99,594.73,594.73,0
2026-07-24 18:53:00,594.99,594.99,594.6,594.84,0
2026-07-24 18:54:00,594.9013,594.977,594.81,594.81,0
2026-07-24 18:55:00,594.8934,594.97,594.8,594.88,0
2026-07-24 18:56:00,594.97,594.97,594.75,594.75,0
2026-07-24 18:57:00,594.88,594.88,594.47,594.47,0
2026-07-24 18:58:00,594.6526,594.99,594.596,594.65,0
2026-07-24 18:59:00,594.9013,594.9013,594.85,594.85,0
2026-07-24 19:00:00,594.59,594.928,594.59,594.8,0
2026-07-24 19:01:00,594.91,594.91,594.59,594.5901,0
2026-07-24 19:02:00,594.9217,594.95,594.6561,594.92,0
2026-07-24 19:03:00,594.6,594.9899,594.6,594.9899,0
2026-07-24 19:04:00,594.92,594.99,594.59,594.92,0
2026-07-24 19:05:00,594.9,594.9988,594.6639,594.86,0
2026-07-24 19:06:00,594.68,594.85,594.6381,594.65,0
2026-07-24 19:07:00,594.99,594.99,594.65,594.8,0
2026-07-24 19:08:00,594.65,594.65,594.63,594.65,0
2026-07-24 19:09:00,594.65,594.65,594.59,594.59,0
2026-07-24 19:10:00,594.6466,594.9,594.59,594.83,0
2026-07-24 19:11:00,594.69,594.98,594.59,594.9,0
2026-07-24 19:12:00,594.7,594.98,594.5997,594.68,0
2026-07-24 19:13:00,594.9,594.9,594.77,594.9,0
2026-07-24 19:14:00,594.8,594.8,594.5901,594.7,0
2026-07-24 19:15:00,594.7,594.99,594.59,594.59,0
2026-07-24 19:16:00,594.73,594.81,594.73,594.81,0
2026-07-24 19:17:00,594.66,594.8,594.6265,594.6265,0
2026-07-24 19:18:00,594.6638,594.6732,594.65,594.65,0
2026-07-24 19:19:00,594.7768,594.7797,594.67,594.7768,0
2026-07-24 19:20:00,594.78,594.8,594.6512,594.8,0
2026-07-24 19:21:00,594.6703,594.8,594.6703,594.7994,0
2026-07-24 19:22:00,594.7999,594.8,594.7845,594.8,0
2026-07-24 19:23:00,594.7962,594.8,594.65,594.7,0
2026-07-24 19:24:00,594.7,594.8,594.7,594.75,0
2026-07-24 19:25:00,594.65,594.76,594.65,594.7,0
2026-07-24 19:26:00,594.7,594.8,594.7,594.7962,0
2026-07-24 19:27:00,594.72,594.8,594.7,594.78,0
2026-07-24 19:28:00,594.8,594.8,594.6537,594.8,0
2026-07-24 19:29:00,594.78,594.8,594.7,594.7,0
2026-07-24 19:30:00,594.79,594.8,594.79,594.8,0
2026-07-24 19:31:00,594.8,594.8,594.71,594.71,0
2026-07-24 19:32:00,594.6501,594.8,594.1662,594.8,0
2026-07-24 19:33:00,594.38,594.7812,594.05,594.05,0
2026-07-24 19:34:00,594.77,594.7988,594.05,594.6,0
2026-07-24 19:35:00,594.5862,594.78,594.16,594.78,0
2026-07-24 19:36:00,594.3001,594.5,594.29,594.29,0
2026-07-24 19:37:00,594.6,594.8,594.266,594.35,0
2026-07-24 19:38:00,594.0501,594.8,594.0501,594.8,0
2026-07-24 19:39:00,594.6838,594.6838,594.5,594.6508,0
2026-07-24 19:40:00,594.55,594.8,594.48,594.6321,0
2026-07-24 19:41:00,594.6,594.8,594.34,594.7887,0
2026-07-24 19:42:00,594.5,594.8,594.05,594.6,0
2026-07-24 19:43:00,594.8,594.8,594.1,594.8,0
2026-07-24 19:44:00,594.75,594.8,594.49,594.8,0
2026-07-24 19:45:00,594.5,594.5,594.1,594.5,0
2026-07-24 19:46:00,594.49,594.49,594.3535,594.4,0
2026-07-24 19:47:00,594.1,594.4,594.1,594.2601,0
2026-07-24 19:48:00,594.2609,594.4,594.22,594.2599,0
2026-07-24 19:49:00,594.26,594.4,594.2,594.395,0
2026-07-24 19:50:00,594.33,594.4,594.16,594.2,0
2026-07-24 19:51:00,594.4,594.8,594.25,594.7148,0
2026-07-24 19:52:00,594.6,594.6,594.2499,594.2499,0
2026-07-24 19:53:00,594.3482,594.7999,594.2085,594.7999,0
2026-07-24 19:54:00,594.4925,594.4925,594.2,594.2,0
2026-07-24 19:55:00,594.25,594.65,594.25,594.3,0
2026-07-24 19:56:00,594.45,594.65,594.2,594.6,0
2026-07-24 19:57:00,594.5,594.75,594.2487,594.4925,0
2026-07-24 19:58:00,594.2,594.5,594.11,594.1991,0
2026-07-24 19:59:00,594.1999,594.1999,594.1,594.15,0
2026-07-27 04:00:00,601.53,604.1865,600.4615,602.33,0
2026-07-27 04:01:00,602.54,604.19,600.1,603.3,0
2026-07-27 04:02:00,603.29,603.89,603.0,603.445,0
2026-07-27 04:03:00,603.06,603.9988,603.025,603.975,0
2026-07-27 04:04:00,603.31,603.7,602.8308,603.345,0
2026-07-27 04:05:00,603.67,603.91,603.19,603.91,0
2026-07-27 04:06:00,603.91,604.47,601.92,602.12,0
2026-07-27 04:07:00,602.1,604.44,601.7,604.44,0
2026-07-27 04:08:00,604.7732,604.7732,604.7732,604.7732,0
2026-07-27 04:09:00,604.15,604.8,604.15,604.8,0
2026-07-27 04:10:00,604.8,604.8,604.11,604.8,0
2026-07-27 04:11:00,604.71,604.71,603.84,604.5,0
2026-07-27 04:12:00,604.65,604.76,603.53,603.53,0
2026-07-27 04:13:00,604.65,604.6943,604.65,604.6943,0
2026-07-27 04:15:00,604.67,604.67,603.526,603.526,0
2026-07-27 04:16:00,604.49,604.54,604.49,604.5388,0
2026-07-27 04:17:00,604.5,604.5,604.5,604.5,0
2026-07-27 04:18:00,604.49,604.99,604.3545,604.99,0
2026-07-27 04:19:00,604.99,605.01,604.56,605.0,0
2026-07-27 04:20:00,604.98,605.0,604.98,604.99,0
2026-07-27 04:21:00,604.94,604.99,604.94,604.99,0
2026-07-27 04:22:00,604.99,605.0,604.55,604.89,0
2026-07-27 04:23:00,604.89,604.89,604.89,604.89,0
2026-07-27 04:24:00,604.55,604.5538,604.55,604.5538,0
2026-07-27 04:25:00,605.15,605.15,604.62,604.62,0
2026-07-27 04:26:00,605.0,605.0,604.47,604.93,0
2026-07-27 04:27:00,605.0,605.0,604.93,604.93,0
2026-07-27 04:29:00,605.15,605.15,604.93,605.01,0
2026-07-27 04:30:00,605.22,605.55,605.14,605.3,0
2026-07-27 04:31:00,605.17,605.29,605.17,605.29,0
2026-07-27 04:32:00,605.5265,605.5265,604.7089,604.7089,0
2026-07-27 04:33:00,604.7776,605.25,604.7776,605.25,0
2026-07-27 04:34:00,605.0,605.39,605.0,605.05,0
2026-07-27 04:35:00,605.48,605.5,604.71,605.4149,0
2026-07-27 04:36:00,605.5,605.55,605.28,605.41,0
2026-07-27 04:37:00,604.7112,604.7112,604.7112,604.7112,0
2026-07-27 04:38:00,605.27,605.27,605.2,605.27,0
2026-07-27 04:39:00,605.01,605.5488,604.71,605.5488,0
2026-07-27 04:40:00,604.91,605.3902,604.91,605.125,0
2026-07-27 04:41:00,604.91,605.4872,604.91,604.91,0
2026-07-27 04:42:00,604.91,605.5088,604.91,605.3676,0
2026-07-27 04:43:00,604.7112,605.4607,604.7112,605.4607,0
2026-07-27 04:44:00,604.82,604.82,604.82,604.82,0
2026-07-27 04:45:00,604.91,604.91,604.91,604.91,0
2026-07-27 04:46:00,604.7282,605.4288,604.71,604.91,0
2026-07-27 04:47:00,605.3735,605.3735,604.91,604.91,0
2026-07-27 04:48:00,604.91,604.91,604.7873,604.7873,0
2026-07-27 04:49:00,605.3437,605.3437,604.91,604.91,0
2026-07-27 04:50:00,604.91,604.91,604.91,604.91,0
2026-07-27 04:52:00,605.32,605.32,604.7413,604.8,0
2026-07-27 04:53:00,604.89,605.07,604.72,604.72,0
2026-07-27 04:54:00,605.1975,605.26,604.71,605.26,0
2026-07-27 04:55:00,605.3,605.5288,605.3,605.5288,0
2026-07-27 04:56:00,605.44,605.5088,605.44,605.5088,0
2026-07-27 04:57:00,605.47,605.47,605.47,605.47,0
2026-07-27 04:58:00,605.27,605.4632,605.25,605.4632,0
2026-07-27 04:59:00,605.23,605.3632,605.12,605.15,0
2026-07-27 05:00:00,605.08,605.2,604.71,604.71,0
2026-07-27 05:01:00,604.84,604.84,604.8001,604.8001,0
2026-07-27 05:02:00,604.78,605.32,604.78,605.3,0
2026-07-27 05:03:00,605.3,605.3,604.62,604.905,0
2026-07-27 05:04:00,605.28,605.28,605.28,605.28,0
2026-07-27 05:05:00,605.0,605.0,605.0,605.0,0
2026-07-27 05:06:00,605.21,605.2147,605.0,605.2147,0
2026-07-27 05:07:00,605.22,605.22,604.9,604.96,0
2026-07-27 05:08:00,605.0,605.19,605.0,605.19,0
2026-07-27 05:11:00,605.1183,605.13,605.0052,605.0052,0
2026-07-27 05:12:00,605.08,605.1476,604.62,604.62,0
2026-07-27 05:13:00,604.637,604.637,604.62,604.62,0
2026-07-27 05:15:00,605.19,605.19,605.19,605.19,0
2026-07-27 05:16:00,605.13,605.13,605.13,605.13,0
2026-07-27 05:17:00,605.19,605.22,605.19,605.21,0
2026-07-27 05:18:00,605.0,605.1757,605.0,605.1757,0
2026-07-27 05:20:00,604.6335,604.7035,604.6335,604.7035,0
2026-07-27 05:21:00,605.15,605.15,605.0,605.1388,0
2026-07-27 05:22:00,605.12,605.31,605.12,605.31,0
2026-07-27 05:23:00,605.0,605.2456,605.0,605.2456,0
2026-07-27 05:25:00,605.24,605.24,604.811,604.8454,0
2026-07-27 05:26:00,604.8012,604.8012,604.8012,604.8012,0
2026-07-27 05:27:00,605.0223,605.0223,605.0,605.0,0
2026-07-27 05:28:00,604.9657,604.9657,604.8,604.88,0
2026-07-27 05:29:00,604.88,604.88,604.545,604.545,0
2026-07-27 05:30:00,605.2972,605.2972,604.77,604.77,0
2026-07-27 05:31:00,605.04,605.04,605.04,605.04,0
2026-07-27 05:32:00,604.8,605.16,604.8,605.16,0
2026-07-27 05:33:00,605.2,605.2,604.725,605.2,0
2026-07-27 05:34:00,605.1,605.16,605.1,605.16,0
2026-07-27 05:36:00,605.1005,605.1005,605.1005,605.1005,0
2026-07-27 05:37:00,605.13,605.16,605.05,605.16,0
2026-07-27 05:38:00,605.18,605.18,604.97,604.97,0
2026-07-27 05:39:00,605.12,605.3112,605.07,605.3112,0
2026-07-27 05:40:00,605.3,605.3,605.2512,605.29,0
2026-07-27 05:41:00,605.34,605.65,605.34,605.65,0
2026-07-27 05:42:00,605.5,605.6051,605.475,605.5153,0
2026-07-27 05:43:00,605.5,605.5,605.5,605.5,0
2026-07-27 05:44:00,605.5,605.5,605.5,605.5,0
2026-07-27 05:45:00,605.5,605.5,605.4454,605.447,0
2026-07-27 05:46:00,605.41,605.48,605.38,605.48,0
2026-07-27 05:47:00,605.48,605.5,605.48,605.5,0
2026-07-27 05:48:00,605.5,605.5,605.48,605.48,0
2026-07-27 05:49:00,605.48,605.59,605.48,605.59,0
2026-07-27 05:50:00,605.4012,605.5788,605.4012,605.5688,0
2026-07-27 05:51:00,605.56,605.94,605.53,605.89,0
2026-07-27 05:52:00,605.8977,605.8977,605.8977,605.8977,0
2026-07-27 05:53:00,605.7,605.8831,605.7,605.7,0
2026-07-27 05:54:00,605.7375,605.8801,605.7375,605.77,0
2026-07-27 05:55:00,605.8406,605.8406,605.8406,605.8406,0
2026-07-27 05:56:00,605.85,605.86,605.84,605.86,0
2026-07-27 05:57:00,605.8,605.8,605.75,605.79,0
2026-07-27 05:58:00,605.75,605.86,605.19,605.19,0
2026-07-27 05:59:00,605.6775,605.814,605.54,605.814,0
2026-07-27 06:00:00,605.81,605.81,605.6,605.72,0
2026-07-27 06:01:00,605.72,605.72,605.55,605.55,0
2026-07-27 06:02:00,605.79,605.79,605.4012,605.4012,0
2026-07-27 06:03:00,605.1912,605.75,605.1912,605.75,0
2026-07-27 06:04:00,605.19,605.19,605.19,605.19,0
2026-07-27 06:05:00,605.7,605.7088,605.63,605.7088,0
2026-07-27 06:06:00,605.71,605.71,605.6734,605.6734,0
2026-07-27 06:07:00,605.58,605.58,605.2022,605.54,0
2026-07-27 06:08:00,605.59,605.59,605.51,605.51,0
2026-07-27 06:09:00,605.6328,605.6328,605.52,605.52,0
2026-07-27 06:10:00,605.64,605.64,604.8795,604.8795,0
2026-07-27 06:11:00,605.63,605.63,604.8,605.57,0
2026-07-27 06:12:00,605.57,605.57,605.57,605.57,0
2026-07-27 06:13:00,605.53,605.57,605.53,605.57,0
2026-07-27 06:14:00,605.53,605.57,605.0,605.57,0
2026-07-27 06:15:00,605.0012,605.59,605.0012,605.5687,0
2026-07-27 06:16:00,605.59,605.6,605.59,605.6,0
2026-07-27 06:17:00,605.015,605.6,605.015,605.34,0
2026-07-27 06:18:00,605.0,605.0,605.0,605.0,0
2026-07-27 06:19:00,605.62,605.9262,605.0,605.0,0
2026-07-27 06:20:00,605.53,605.88,605.53,605.88,0
2026-07-27 06:21:00,605.64,605.88,605.0,605.7583,0
2026-07-27 06:22:00,605.7,605.7,605.56,605.56,0
2026-07-27 06:23:00,605.62,605.695,605.5,605.5,0
2026-07-27 06:24:00,605.7,605.7,605.0012,605.0012,0
2026-07-27 06:25:00,605.56,605.63,605.0175,605.1081,0
2026-07-27 06:26:00,605.6825,605.6825,605.17,605.68,0
2026-07-27 06:27:00,605.68,605.68,605.68,605.68,0
2026-07-27 06:28:00,605.68,605.68,605.68,605.68,0
2026-07-27 06:29:00,605.6781,605.7,605.6781,605.7,0
2026-07-27 06:30:00,605.68,605.9387,605.5,605.9387,0
2026-07-27 06:31:00,605.55,606.1612,605.35,606.16,0
2026-07-27 06:32:00,606.0,606.25,606.0,606.25,0
2026-07-27 06:33:00,606.2,606.2275,605.9,605.9,0
2026-07-27 06:34:00,606.13,606.13,605.86,605.86,0
2026-07-27 06:35:00,605.3512,607.75,605.3512,607.0187,0
2026-07-27 06:36:00,606.05,606.91,606.05,606.91,0
2026-07-27 06:37:00,606.63,607.4,606.49,606.49,0
2026-07-27 06:38:00,606.6022,606.82,606.6022,606.82,0
2026-07-27 06:39:00,607.0,607.75,606.7,606.9762,0
2026-07-27 06:40:00,607.0,607.0,606.5055,606.5055,0
2026-07-27 06:41:00,606.5712,607.7162,606.4,607.7162,0
2026-07-27 06:42:00,607.75,607.75,607.0,607.0,0
2026-07-27 06:43:00,607.2,607.7162,607.0,607.0,0
2026-07-27 06:44:00,606.4,606.985,606.4,606.985,0
2026-07-27 06:45:00,606.8895,607.02,606.4473,607.0,0
2026-07-27 06:46:00,606.0,607.02,606.0,607.02,0
2026-07-27 06:47:00,606.65,606.65,606.5876,606.5876,0
2026-07-27 06:48:00,606.14,606.14,606.02,606.0579,0
2026-07-27 06:49:00,606.0888,606.4875,606.0888,606.4875,0
2026-07-27 06:50:00,606.4875,606.49,606.0,606.0,0
2026-07-27 06:51:00,607.02,607.02,605.7179,605.7179,0
2026-07-27 06:52:00,605.71,606.0255,605.71,606.0255,0
2026-07-27 06:53:00,606.0012,606.5,606.0,606.0,0
2026-07-27 06:54:00,606.367,606.367,606.0,606.0,0
2026-07-27 06:55:00,606.34,606.39,606.34,606.39,0
2026-07-27 06:56:00,606.0619,606.3282,606.0619,606.3282,0
2026-07-27 06:57:00,606.28,606.28,606.28,606.28,0
2026-07-27 06:58:00,606.34,606.4,606.03,606.0975,0
2026-07-27 06:59:00,606.0025,606.0597,606.0,606.0597,0
2026-07-27 07:00:00,606.0,607.0,595.19,606.8273,0
2026-07-27 07:01:00,606.8566,606.8566,606.181,606.21,0
2026-07-27 07:02:00,606.21,606.9999,606.0,606.1322,0
2026-07-27 07:03:00,606.1105,606.85,606.0,606.44,0
2026-07-27 07:04:00,606.33,606.69,606.2,606.2191,0
2026-07-27 07:05:00,606.21,606.4,606.0,606.1449,0
2026-07-27 07:06:00,606.0,606.25,605.65,606.13,0
2026-07-27 07:07:00,605.79,606.5,605.642,606.01,0
2026-07-27 07:08:00,605.836,606.85,605.836,606.4,0
2026-07-27 07:09:00,606.07,606.8057,606.0,606.5,0
2026-07-27 07:10:00,606.7,606.7183,605.7338,606.35,0
2026-07-27 07:11:00,606.2,606.35,605.65,605.99,0
2026-07-27 07:12:00,606.283,606.283,605.525,605.525,0
2026-07-27 07:13:00,605.5817,605.86,605.34,605.34,0
2026-07-27 07:14:00,605.3679,606.3,605.3679,605.94,0
2026-07-27 07:15:00,605.33,605.8996,605.33,605.5,0
2026-07-27 07:16:00,605.66,605.97,605.33,605.62,0
2026-07-27 07:17:00,605.7,605.7,605.3742,605.6185,0
2026-07-27 07:18:00,605.33,605.54,605.28,605.28,0
2026-07-27 07:19:00,605.42,605.6888,605.28,605.28,0
2026-07-27 07:20:00,605.19,605.43,605.0,605.3,0
2026-07-27 07:21:00,605.0,605.69,605.0,605.5,0
2026-07-27 07:22:00,605.27,605.6688,605.0,605.1417,0
2026-07-27 07:23:00,605.54,606.0,605.5,605.7261,0
2026-07-27 07:24:00,605.4055,605.7634,605.4,605.4002,0
2026-07-27 07:25:00,605.42,605.65,605.41,605.45,0
2026-07-27 07:26:00,605.5,605.83,605.01,605.01,0
2026-07-27 07:27:00,605.1809,605.2,604.71,604.9905,0
2026-07-27 07:28:00,604.9411,605.33,604.75,605.0916,0
2026-07-27 07:29:00,605.0916,605.13,604.4,604.4,0
2026-07-27 07:30:00,604.2,605.0,604.2,604.3441,0
2026-07-27 07:31:00,605.0,605.0536,604.9583,604.9583,0
2026-07-27 07:32:00,604.9162,605.0,604.38,604.96,0
2026-07-27 07:33:00,604.2,604.99,604.2,604.8988,0
2026-07-27 07:34:00,604.6462,605.1288,604.5012,604.65,0
2026-07-27 07:35:00,604.89,605.6502,604.6,605.02,0
2026-07-27 07:36:00,605.5,605.5,605.04,605.0801,0
2026-07-27 07:37:00,605.3,605.46,605.04,605.04,0
2026-07-27 07:38:00,605.0,605.75,604.8825,605.19,0
2026-07-27 07:39:00,605.4287,605.6364,605.01,605.6364,0
2026-07-27 07:40:00,605.0,605.4785,605.0,605.0239,0
2026-07-27 07:41:00,605.0906,605.23,604.755,605.23,0
2026-07-27 07:42:00,605.4988,605.4988,605.0295,605.1006,0
2026-07-27 07:43:00,605.02,605.0935,604.61,604.947,0
2026-07-27 07:44:00,604.83,605.1,604.61,605.0,0
2026-07-27 07:45:00,604.94,604.94,604.61,604.9,0
2026-07-27 07:46:00,604.9251,605.25,604.7568,604.7912,0
2026-07-27 07:47:00,605.03,605.4,605.03,605.06,0
2026-07-27 07:48:00,605.23,605.6,604.6112,605.3903,0
2026-07-27 07:49:00,605.25,605.4,605.2,605.2327,0
2026-07-27 07:50:00,605.2,605.5,605.12,605.2,0
2026-07-27 07:51:00,605.2,605.3434,604.655,605.2,0
2026-07-27 07:52:00,605.26,605.5,604.94,605.5,0
2026-07-27 07:53:00,605.1584,605.3,604.61,604.61,0
2026-07-27 07:54:00,604.6537,605.2,604.6537,604.86,0
2026-07-27 07:55:00,604.9,605.1665,604.53,605.15,0
2026-07-27 07:56:00,604.557,605.2,604.53,604.87,0
2026-07-27 07:57:00,604.53,605.0488,604.53,604.65,0
2026-07-27 07:58:00,604.9,605.05,604.63,604.63,0
2026-07-27 07:59:00,604.8,605.0388,604.6902,604.7085,0
2026-07-27 08:00:00,605.0,605.2,604.76,605.01,0
2026-07-27 08:01:00,605.2,605.25,605.01,605.25,0
2026-07-27 08:02:00,605.2,605.5,605.06,605.06,0
2026-07-27 08:03:00,605.5,605.5,605.08,605.25,0
2026-07-27 08:04:00,605.2406,605.5,605.21,605.21,0
2026-07-27 08:05:00,605.35,605.4443,605.21,605.4443,0
2026-07-27 08:06:00,605.2429,605.48,605.2,605.2383,0
2026-07-27 08:07:00,605.2382,605.4256,605.2337,605.3967,0
2026-07-27 08:08:00,605.32,605.4188,605.3,605.3688,0
2026-07-27 08:09:00,605.3,605.3127,605.0001,605.23,0
2026-07-27 08:10:00,605.12,605.28,605.0,605.2799,0
2026-07-27 08:11:00,605.2368,605.27,604.8,604.86,0
2026-07-27 08:12:00,605.0378,605.0378,604.8,604.8814,0
2026-07-27 08:13:00,604.8139,604.9,604.2,604.2,0
2026-07-27 08:14:00,604.2125,604.7,604.2125,604.2793,0
2026-07-27 08:15:00,604.58,604.87,604.2,604.5,0
2026-07-27 08:16:00,604.3209,604.89,604.3209,604.5391,0
2026-07-27 08:17:00,604.7925,604.8,604.53,604.7866,0
2026-07-27 08:18:00,604.7883,605.0,604.7,604.8,0
2026-07-27 08:19:00,604.9545,605.0059,604.7012,605.0059,0
2026-07-27 08:20:00,604.81,605.04,604.25,604.8434,0
2026-07-27 08:21:00,604.8,605.0399,604.65,604.8785,0
2026-07-27 08:22:00,605.0,605.0,604.36,604.8434,0
2026-07-27 08:23:00,604.7,604.98,604.7,604.8,0
2026-07-27 08:24:00,604.7527,605.36,604.7177,605.36,0
2026-07-27 08:25:00,605.3,605.5,604.8369,605.5,0
2026-07-27 08:26:00,605.75,605.75,605.38,605.39,0
2026-07-27 08:27:00,605.4218,605.65,605.38,605.6,0
2026-07-27 08:28:00,605.5,605.6,605.3412,605.3412,0
2026-07-27 08:29:00,605.4,605.6,604.75,605.5,0
2026-07-27 08:30:00,605.06,605.5,604.96,605.5,0
2026-07-27 08:31:00,605.17,605.585,605.0,605.04,0
2026-07-27 08:32:00,605.24,605.45,604.99,605.08,0
2026-07-27 08:33:00,605.2201,605.45,605.04,605.15,0
2026-07-27 08:34:00,605.31,605.45,605.11,605.1703,0
2026-07-27 08:35:00,605.14,606.17,605.14,606.17,0
2026-07-27 08:36:00,606.02,606.3988,606.01,606.37,0
2026-07-27 08:37:00,606.39,606.4,606.2,606.39,0
2026-07-27 08:38:00,606.3163,606.38,606.0718,606.0718,0
2026-07-27 08:39:00,606.3076,606.4,606.0,606.0493,0
2026-07-27 08:40:00,606.34,606.4,606.05,606.33,0
2026-07-27 08:41:00,606.39,606.39,606.3093,606.3898,0
2026-07-27 08:42:00,606.3197,606.4358,606.3097,606.4216,0
2026-07-27 08:43:00,606.4888,606.4888,606.15,606.4,0
2026-07-27 08:44:00,606.3933,606.43,606.14,606.27,0
2026-07-27 08:45:00,606.376,606.42,606.1027,606.29,0
2026-07-27 08:46:00,606.39,606.4167,606.2001,606.364,0
2026-07-27 08:47:00,606.38,606.38,606.25,606.3627,0
2026-07-27 08:48:00,606.3883,606.3883,606.2117,606.2542,0
2026-07-27 08:49:00,606.2137,606.33,606.145,606.33,0
2026-07-27 08:50:00,606.3209,606.3815,606.15,606.15,0
2026-07-27 08:51:00,606.2944,606.351,606.0,606.351,0
2026-07-27 08:52:00,606.12,606.12,606.01,606.0738,0
2026-07-27 08:53:00,606.08,606.39,606.0,606.1,0
2026-07-27 08:54:00,606.0,606.695,606.0,606.4776,0
2026-07-27 08:55:00,606.4776,606.55,606.41,606.41,0
2026-07-27 08:56:00,606.4249,606.4515,606.0,606.0,0
2026-07-27 08:57:00,606.2,606.3,606.0,606.19,0
2026-07-27 08:58:00,606.09,606.1788,606.0,606.17,0
2026-07-27 08:59:00,606.0714,606.39,606.0714,606.39,0
2026-07-27 09:00:00,606.245,606.42,606.0,606.2,0
2026-07-27 09:01:00,606.2,606.39,606.0,606.29,0
2026-07-27 09:02:00,606.15,606.39,606.0,606.3718,0
2026-07-27 09:03:00,606.35,606.44,606.3,606.3,0
2026-07-27 09:04:00,606.3358,606.41,606.1,606.1069,0
2026-07-27 09:05:00,606.0,606.44,606.0,606.06,0
2026-07-27 09:06:00,606.14,606.4288,605.6,606.22,0
2026-07-27 09:07:00,606.2088,606.21,605.6,605.99,0
2026-07-27 09:08:00,605.77,606.1128,605.6,605.7793,0
2026-07-27 09:09:00,605.5,605.77,605.47,605.726,0
2026-07-27 09:10:00,605.7226,605.79,605.5391,605.7537,0
2026-07-27 09:11:00,605.78,605.79,605.53,605.79,0
2026-07-27 09:12:00,605.9167,605.94,605.65,605.905,0
2026-07-27 09:13:00,605.84,605.93,605.54,605.84,0
2026-07-27 09:14:00,605.69,605.9,605.62,605.8318,0
2026-07-27 09:15:00,605.62,605.94,605.58,605.633,0
2026-07-27 09:16:00,605.6543,605.91,605.58,605.8203,0
2026-07-27 09:17:00,605.83,605.8887,605.59,605.8887,0
2026-07-27 09:18:00,605.66,605.9142,605.58,605.9142,0
2026-07-27 09:19:00,605.74,605.91,605.59,605.74,0
2026-07-27 09:20:00,605.6067,605.9305,605.45,605.9305,0
2026-07-27 09:21:00,605.8721,605.89,605.56,605.6,0
2026-07-27 09:22:00,605.5901,605.8127,605.0,605.002,0
2026-07-27 09:23:00,605.53,605.53,605.07,605.15,0
2026-07-27 09:24:00,605.4273,605.6,605.07,605.4304,0
2026-07-27 09:25:00,605.16,605.16,604.0,604.0929,0
2026-07-27 09:26:00,604.5,604.75,604.0,604.1702,0
2026-07-27 09:27:00,604.16,605.31,604.0342,604.1539,0
2026-07-27 09:28:00,605.13,607.77,605.13,607.3785,0
2026-07-27 09:29:00,607.4,607.88,607.15,607.77,0
2026-07-27 09:30:00,607.22,611.26,603.52,603.52,507698
2026-07-27 09:31:00,604.02,604.71,601.12,602.315,57051
2026-07-27 09:32:00,602.305,604.78,600.18,603.9898,58384
2026-07-27 09:33:00,604.78,605.08,601.57,602.3,25057
2026-07-27 09:34:00,602.155,603.37,601.58,602.99,33180
2026-07-27 09:35:00,603.28,605.945,602.53,605.18,49626
2026-07-27 09:36:00,605.1658,605.18,604.0,604.82,29451
2026-07-27 09:37:00,605.029,606.0,604.76,605.7875,22029
2026-07-27 09:38:00,606.1,606.72,605.25,605.42,27025
2026-07-27 09:39:00,605.67,605.89,603.97,604.025,24062
2026-07-27 09:40:00,603.96,604.95,603.95,604.47,28185
2026-07-27 09:41:00,604.47,604.79,601.68,601.81,40729
2026-07-27 09:42:00,602.05,604.225,601.68,603.6,39492
2026-07-27 09:43:00,603.62,604.9099,603.4201,604.53,21900
2026-07-27 09:44:00,604.52,604.8,603.02,603.35,34162
2026-07-27 09:45:00,603.92,605.35,603.33,604.67,42163
2026-07-27 09:46:00,604.7,604.8,603.21,603.718,26786
2026-07-27 09:47:00,603.67,605.34,603.38,605.06,29189
2026-07-27 09:48:00,605.27,606.52,605.0,605.87,55463
2026-07-27 09:49:00,606.05,606.5,605.295,605.51,30694
2026-07-27 09:50:00,605.45,606.12,604.98,605.92,16164
2026-07-27 09:51:00,605.94,607.45,605.7147,607.44,39835
2026-07-27 09:52:00,607.2015,607.44,605.37,607.2,81322
2026-07-27 09:53:00,607.2,607.5,606.56,606.94,16945
2026-07-27 09:54:00,606.72,607.37,606.485,606.83,16361
2026-07-27 09:55:00,606.9764,607.69,606.87,607.53,23536
2026-07-27 09:56:00,607.5745,608.74,607.5745,607.905,37813
2026-07-27 09:57:00,607.96,608.22,607.02,607.145,31778
2026-07-27 09:58:00,607.05,607.59,606.3801,606.585,28756
2026-07-27 09:59:00,606.38,607.24,605.58,605.73,28338
2026-07-27 10:00:00,605.53,606.1,604.59,605.94,60373
2026-07-27 10:01:00,606.15,606.15,605.0101,605.61,19978
2026-07-27 10:02:00,605.7852,606.8,605.545,606.36,23657
2026-07-27 10:03:00,606.455,606.97,606.3,606.615,21444
2026-07-27 10:04:00,606.61,607.1,606.47,607.05,19061
2026-07-27 10:05:00,607.05,607.99,606.96,607.53,23482
2026-07-27 10:06:00,607.6699,607.93,607.07,607.34,41064
2026-07-27 10:07:00,607.4,608.5,607.4,608.49,36732
2026-07-27 10:08:00,608.4444,609.44,608.42,609.3651,34988
2026-07-27 10:09:00,609.28,609.5795,608.23,608.58,18771
2026-07-27 10:10:00,608.33,608.9899,607.5,607.66,43531
2026-07-27 10:11:00,607.65,608.36,607.1501,608.135,70432
2026-07-27 10:12:00,608.0,609.12,608.0,608.94,31313
2026-07-27 10:13:00,608.94,609.25,608.69,608.8,37681
2026-07-27 10:14:00,609.0,609.3,608.59,609.14,30502
2026-07-27 10:15:00,609.215,609.49,608.43,608.72,28484
2026-07-27 10:16:00,608.72,608.84,608.15,608.16,34456
2026-07-27 10:17:00,608.26,609.03,608.02,608.79,35987
2026-07-27 10:18:00,608.6801,608.9,607.75,608.265,25865
2026-07-27 10:19:00,608.265,609.07,608.15,608.27,49735
2026-07-27 10:20:00,608.01,608.19,607.39,607.605,19627
2026-07-27 10:21:00,607.59,608.2125,607.27,608.125,28052
2026-07-27 10:22:00,608.125,608.87,607.7601,607.995,19241
2026-07-27 10:23:00,608.0,608.5,607.1,607.12,26135
2026-07-27 10:24:00,607.26,607.93,607.11,607.86,18114
2026-07-27 10:25:00,607.84,608.595,607.65,608.49,33005
2026-07-27 10:26:00,608.51,608.595,607.405,607.41,25429
2026-07-27 10:27:00,607.405,607.55,607.12,607.405,21513
2026-07-27 10:28:00,607.37,607.59,606.38,606.69,34971
2026-07-27 10:29:00,606.54,606.71,605.02,605.325,40029
2026-07-27 10:30:00,605.2,605.9152,604.2541,604.735,41795
2026-07-27 10:31:00,604.96,605.76,604.6294,605.48,27475
2026-07-27 10:32:00,605.63,605.7,604.79,605.1675,29016
2026-07-27 10:33:00,605.31,605.6,604.21,604.74,37204
2026-07-27 10:34:00,604.51,604.725,603.78,603.99,54966
2026-07-27 10:35:00,603.97,604.145,602.62,603.065,48504
2026-07-27 10:36:00,603.075,603.43,602.22,602.26,27605
2026-07-27 10:37:00,602.21,602.5335,601.56,602.23,37981
2026-07-27 10:38:00,602.295,602.87,602.09,602.391,18084
2026-07-27 10:39:00,602.38,603.27,602.21,602.71,26513
2026-07-27 10:40:00,602.85,603.2799,601.81,602.25,42016
2026-07-27 10:41:00,602.25,602.59,600.69,601.26,51255
2026-07-27 10:42:00,601.32,601.84,601.1,601.555,19640
2026-07-27 10:43:00,601.555,601.9,600.56,601.365,21323
2026-07-27 10:44:00,601.365,601.5,600.4,601.0,24054
2026-07-27 10:45:00,600.88,601.3995,600.35,600.72,22809
2026-07-27 10:46:00,600.8154,600.8154,599.64,600.16,99630
2026-07-27 10:47:00,600.225,600.55,598.98,600.0,41168
2026-07-27 10:48:00,600.025,600.4,599.45,599.73,19773
2026-07-27 10:49:00,599.73,600.5,599.73,600.275,18168
2026-07-27 10:50:00,600.22,601.15,600.02,600.9,46440
2026-07-27 10:51:00,600.96,601.2099,600.62,600.97,16171
2026-07-27 10:52:00,600.965,601.7545,600.68,601.55,15032
2026-07-27 10:53:00,601.61,601.96,600.8,601.11,53651
2026-07-27 10:54:00,601.11,601.43,600.823,601.03,23594
2026-07-27 10:55:00,601.07,601.4401,600.89,600.94,13632
2026-07-27 10:56:00,601.135,601.775,601.03,601.665,16719
2026-07-27 10:57:00,601.85,601.85,600.47,600.78,23167
2026-07-27 10:58:00,600.7948,602.53,600.7948,602.45,16147
2026-07-27 10:59:00,602.53,603.29,602.2101,603.0673,17435
2026-07-27 11:00:00,603.09,603.2,602.31,603.2,15163
2026-07-27 11:01:00,602.9201,604.0,602.9,603.89,15724
2026-07-27 11:02:00,603.99,604.37,603.8006,604.1,22494
2026-07-27 11:03:00,604.11,604.5,604.04,604.36,20448
2026-07-27 11:04:00,604.36,605.4,604.23,605.38,24298
2026-07-27 11:05:00,605.35,606.48,605.25,606.25,31457
2026-07-27 11:06:00,606.34,606.95,606.0,606.045,111697
2026-07-27 11:07:00,606.045,606.41,605.77,606.295,18711
2026-07-27 11:08:00,606.19,606.26,605.86,606.145,18775
2026-07-27 11:09:00,606.29,606.52,605.94,605.94,19152
2026-07-27 11:10:00,605.94,606.6,605.94,606.16,16476
2026-07-27 11:11:00,606.045,606.4,606.0001,606.09,12826
2026-07-27 11:12:00,606.02,606.488,605.75,605.81,24005
2026-07-27 11:13:00,605.84,606.3171,605.58,605.755,19673
2026-07-27 11:14:00,605.82,606.19,605.7,605.855,11935
2026-07-27 11:15:00,605.85,605.99,605.1305,605.1305,20626
2026-07-27 11:16:00,605.25,605.49,605.05,605.265,18294
2026-07-27 11:17:00,605.4,605.49,604.77,604.97,18744
2026-07-27 11:18:00,605.0,605.69,604.6114,605.582,11665
2026-07-27 11:19:00,605.69,605.85,605.31,605.455,15096
2026-07-27 11:20:00,605.64,605.78,605.425,605.6,10462
2026-07-27 11:21:00,605.66,605.67,605.0101,605.27,14148
2026-07-27 11:22:00,605.14,606.4,605.01,606.3,15299
2026-07-27 11:23:00,606.24,606.76,606.1001,606.62,43099
2026-07-27 11:24:00,606.74,607.01,605.96,605.96,37776
2026-07-27 11:25:00,605.76,606.21,605.67,606.025,14493
2026-07-27 11:26:00,605.935,606.2,605.66,605.885,10494
2026-07-27 11:27:00,605.86,605.86,605.56,605.77,11634
2026-07-27 11:28:00,605.73,605.73,605.3001,605.56,12110
2026-07-27 11:29:00,605.66,605.68,605.3101,605.535,11400
2026-07-27 11:30:00,605.43,605.5499,605.21,605.45,7922
2026-07-27 11:31:00,605.5601,605.7,605.07,605.155,15905
2026-07-27 11:32:00,605.13,605.42,604.9401,605.14,16284
2026-07-27 11:33:00,605.16,605.16,604.53,604.95,11676
2026-07-27 11:34:00,604.815,604.89,603.66,603.66,20328
2026-07-27 11:35:00,603.7851,603.7851,602.76,602.76,23244
2026-07-27 11:36:00,602.745,603.19,602.31,602.805,18670
2026-07-27 11:37:00,602.99,603.19,602.535,602.535,18302
2026-07-27 11:38:00,602.5251,603.78,602.45,603.78,13702
2026-07-27 11:39:00,603.765,604.1089,603.6401,603.93,9477
2026-07-27 11:40:00,603.88,603.99,603.62,603.95,17406
2026-07-27 11:41:00,603.83,604.08,603.41,603.635,12646
2026-07-27 11:42:00,603.76,603.88,603.3601,603.361,17078
2026-07-27 11:43:00,603.515,603.535,602.49,602.625,20586
2026-07-27 11:44:00,602.62,602.95,602.47,602.775,33501
2026-07-27 11:45:00,602.78,603.0,601.56,601.625,35387
2026-07-27 11:46:00,601.56,602.07,601.35,601.985,17789
2026-07-27 11:47:00,601.985,602.5999,601.9592,602.005,10294
2026-07-27 11:48:00,602.0101,603.0599,602.0101,602.45,9705
2026-07-27 11:49:00,602.3712,602.45,601.7001,602.115,13277
2026-07-27 11:50:00,602.32,602.8405,602.13,602.13,6623
2026-07-27 11:51:00,602.185,602.425,602.09,602.2,6051
2026-07-27 11:52:00,602.01,602.12,601.36,601.39,7885
2026-07-27 11:53:00,601.49,601.93,601.175,601.375,23383
2026-07-27 11:54:00,601.365,601.5,600.9,601.5,24847
2026-07-27 11:55:00,601.46,601.9398,601.403,601.8837,12932
2026-07-27 11:56:00,601.94,601.94,601.57,601.62,6542
2026-07-27 11:57:00,601.5114,601.836,601.5114,601.69,5516
2026-07-27 11:58:00,601.54,601.645,601.07,601.4,7874
2026-07-27 11:59:00,601.4,601.55,600.7125,600.98,14356
2026-07-27 12:00:00,601.1,601.63,601.02,601.5426,14955
2026-07-27 12:01:00,601.63,601.64,601.06,601.3,8784
2026-07-27 12:02:00,601.39,601.475,600.9,601.04,6549
2026-07-27 12:03:00,601.04,601.23,600.4,600.8209,48789
2026-07-27 12:04:00,600.94,601.681,600.74,601.681,25752
2026-07-27 12:05:00,601.465,601.69,601.32,601.49,9290
2026-07-27 12:06:00,601.61,601.74,600.16,600.455,47300
2026-07-27 12:07:00,600.6,600.6,599.36,599.635,24923
2026-07-27 12:08:00,599.7,599.8,599.265,599.56,17516
2026-07-27 12:09:00,599.56,599.56,598.55,598.765,25141
2026-07-27 12:10:00,598.765,599.32,598.53,598.96,21675
2026-07-27 12:11:00,598.96,598.96,598.5701,598.72,10240
2026-07-27 12:12:00,598.71,599.0,598.385,598.385,21710
2026-07-27 12:13:00,598.5,598.5,597.74,598.0,32766
2026-07-27 12:14:00,598.04,598.24,597.7701,597.955,11431
2026-07-27 12:15:00,597.955,598.55,597.82,597.85,20697
2026-07-27 12:16:00,597.81,597.81,597.3905,597.47,12096
2026-07-27 12:17:00,597.58,598.38,597.54,598.24,15562
2026-07-27 12:18:00,598.22,598.53,598.22,598.46,29161
2026-07-27 12:19:00,598.465,598.465,597.9249,598.37,11401
2026-07-27 12:20:00,598.255,598.38,597.89,598.26,27463
2026-07-27 12:21:00,598.265,598.45,597.8501,597.995,16055
2026-07-27 12:22:00,598.0,598.41,597.86,598.4097,11086
2026-07-27 12:23:00,598.4099,598.4099,597.6,597.82,11190
2026-07-27 12:24:00,598.03,598.445,597.81,598.445,12016
2026-07-27 12:25:00,598.39,600.14,598.3,600.045,52258
2026-07-27 12:26:00,599.88,600.2,598.81,599.565,31487
2026-07-27 12:27:00,599.64,599.87,599.37,599.73,17750
2026-07-27 12:28:00,599.73,599.87,599.33,599.505,8845
2026-07-27 12:29:00,599.41,599.64,599.01,599.02,10370
2026-07-27 12:30:00,599.02,599.525,598.81,599.21,35245
2026-07-27 12:31:00,599.205,599.73,599.1,599.7287,19269
2026-07-27 12:32:00,599.665,600.23,599.61,599.8275,26931
2026-07-27 12:33:00,599.834,599.88,599.4,599.655,10106
2026-07-27 12:34:00,599.76,599.91,599.46,599.87,10649
2026-07-27 12:35:00,599.85,600.21,599.85,600.21,21456
2026-07-27 12:36:00,600.22,600.28,599.88,600.195,17134
2026-07-27 12:37:00,600.19,600.37,599.75,599.83,14291
2026-07-27 12:38:00,599.75,599.91,599.19,599.41,10480
2026-07-27 12:39:00,599.365,599.365,598.65,598.8275,11850
2026-07-27 12:40:00,598.91,599.12,598.83,598.88,11203
2026-07-27 12:41:00,598.95,598.95,598.28,598.59,9860
2026-07-27 12:42:00,598.61,598.64,598.45,598.45,8422
2026-07-27 12:43:00,598.4,598.41,598.02,598.19,14599
2026-07-27 12:44:00,598.27,598.35,597.81,598.22,19491
2026-07-27 12:45:00,598.275,598.55,598.23,598.4,8262
2026-07-27 12:46:00,598.37,598.86,598.37,598.515,6783
2026-07-27 12:47:00,598.615,598.77,598.41,598.585,11766
2026-07-27 12:48:00,598.545,598.66,597.57,597.6551,12349
2026-07-27 12:49:00,597.655,597.93,597.63,597.66,12196
2026-07-27 12:50:00,597.57,597.64,597.26,597.37,14502
2026-07-27 12:51:00,597.405,597.54,597.09,597.4275,14715
2026-07-27 12:52:00,597.465,597.53,597.0,597.31,15271
2026-07-27 12:53:00,597.31,597.472,597.1,597.33,13054
2026-07-27 12:54:00,597.335,597.9878,597.335,597.9878,13733
2026-07-27 12:55:00,597.935,598.02,597.42,597.42,18482
2026-07-27 12:56:00,597.57,597.6899,597.03,597.28,21203
2026-07-27 12:57:00,597.45,597.59,597.32,597.49,9924
2026-07-27 12:58:00,597.495,597.77,597.41,597.55,12199
2026-07-27 12:59:00,597.565,597.6,597.13,597.535,13850
2026-07-27 13:00:00,597.51,597.59,597.235,597.24,13779
2026-07-27 13:01:00,597.29,597.4299,597.05,597.135,12489
2026-07-27 13:02:00,597.14,597.154,596.41,596.53,20282
2026-07-27 13:03:00,596.535,596.696,596.325,596.43,19193
2026-07-27 13:04:00,596.52,596.78,596.37,596.6,13550
2026-07-27 13:05:00,596.54,596.8,596.53,596.74,9457
2026-07-27 13:06:00,596.755,596.9999,596.71,596.86,9653
2026-07-27 13:07:00,596.86,597.365,596.86,597.15,10094
2026-07-27 13:08:00,597.215,597.3,596.88,596.95,9739
2026-07-27 13:09:00,597.27,597.35,596.83,597.305,10911
2026-07-27 13:10:00,597.15,597.3,597.01,597.2888,12222
2026-07-27 13:11:00,597.36,597.41,596.95,597.01,14114
2026-07-27 13:12:00,596.94,597.24,596.84,597.23,15000
2026-07-27 13:13:00,597.23,597.5,597.1674,597.44,15757
2026-07-27 13:14:00,597.48,597.87,597.48,597.77,20217
2026-07-27 13:15:00,597.775,597.885,597.52,597.885,7124
2026-07-27 13:16:00,597.8,597.89,596.82,596.85,29248
2026-07-27 13:17:00,597.0,597.05,596.595,596.635,10920
2026-07-27 13:18:00,596.53,596.78,596.47,596.625,12444
2026-07-27 13:19:00,596.61,596.94,596.47,596.87,14047
2026-07-27 13:20:00,596.911,597.325,596.7443,597.305,11790
2026-07-27 13:21:00,597.4492,597.45,597.2,597.2,3949
2026-07-27 13:22:00,597.17,597.68,597.09,597.44,12978
2026-07-27 13:23:00,597.4201,597.485,596.99,596.99,5863
2026-07-27 13:24:00,596.9001,597.17,596.82,597.075,13883
2026-07-27 13:25:00,597.18,597.53,597.155,597.27,17717
2026-07-27 13:26:00,597.285,597.43,597.02,597.43,11114
2026-07-27 13:27:00,597.31,597.47,597.16,597.22,7918
2026-07-27 13:28:00,597.13,597.31,597.0801,597.29,8154
2026-07-27 13:29:00,597.235,597.3,596.85,596.85,10765
2026-07-27 13:30:00,596.82,597.18,596.81,597.0306,7320
2026-07-27 13:31:00,597.0978,597.35,596.93,597.155,7688
2026-07-27 13:32:00,597.08,597.26,597.02,597.07,20969
2026-07-27 13:33:00,597.135,597.26,596.655,596.69,13232
2026-07-27 13:34:00,596.77,596.9105,596.62,596.9105,9580
2026-07-27 13:35:00,596.885,596.96,596.15,596.21,20702
2026-07-27 13:36:00,596.12,596.57,596.11,596.395,16972
2026-07-27 13:37:00,596.26,596.57,596.18,596.18,13181
2026-07-27 13:38:00,596.11,596.3141,595.76,596.3141,28898
2026-07-27 13:39:00,596.03,596.41,595.8736,595.8736,17546
2026-07-27 13:40:00,595.91,595.99,595.55,595.68,13367
2026-07-27 13:41:00,595.675,595.82,595.57,595.66,12379
2026-07-27 13:42:00,595.74,595.74,595.065,595.065,27860
2026-07-27 13:43:00,595.02,595.25,594.8,595.15,31473
2026-07-27 13:44:00,595.16,595.2997,594.9284,595.09,14392
2026-07-27 13:45:00,595.09,595.31,594.87,594.94,14637
2026-07-27 13:46:00,594.97,595.37,594.9,594.985,20389
2026-07-27 13:47:00,594.91,594.94,594.62,594.62,15323
2026-07-27 13:48:00,594.62,594.81,594.44,594.525,20923
2026-07-27 13:49:00,594.46,594.77,594.46,594.6401,11621
2026-07-27 13:50:00,594.64,595.14,594.64,594.95,19737
2026-07-27 13:51:00,595.08,595.1509,594.85,595.09,11352
2026-07-27 13:52:00,595.09,595.24,594.94,595.22,9281
2026-07-27 13:53:00,595.29,595.76,595.22,595.4601,14204
2026-07-27 13:54:00,595.66,595.8399,595.4736,595.815,17128
2026-07-27 13:55:00,595.84,595.92,595.64,595.65,17072
2026-07-27 13:56:00,595.735,596.01,595.61,595.87,27140
2026-07-27 13:57:00,595.7924,596.02,595.24,595.3575,21657
2026-07-27 13:58:00,595.23,595.3964,594.81,594.84,26262
2026-07-27 13:59:00,594.975,594.98,594.68,594.83,13112
2026-07-27 14:00:00,594.83,595.15,594.4,594.585,22183
2026-07-27 14:01:00,594.43,594.76,594.4,594.4,15458
2026-07-27 14:02:00,594.46,594.52,594.22,594.33,17590
2026-07-27 14:03:00,594.22,594.47,594.1,594.41,13953
2026-07-27 14:04:00,594.4,594.4,593.76,593.86,21256
2026-07-27 14:05:00,593.8301,594.6701,593.505,594.55,44321
2026-07-27 14:06:00,594.67,594.97,594.4057,594.495,11656
2026-07-27 14:07:00,594.52,595.2499,594.48,594.88,52395
2026-07-27 14:08:00,595.04,595.33,594.9,595.25,13081
2026-07-27 14:09:00,595.18,595.1999,594.59,594.7,16540
2026-07-27 14:10:00,594.7,595.09,594.515,594.54,23766
2026-07-27 14:11:00,594.75,595.05,594.65,594.855,13015
2026-07-27 14:12:00,594.855,595.24,594.83,595.065,9018
2026-07-27 14:13:00,595.01,595.24,595.01,595.15,11420
2026-07-27 14:14:00,595.187,595.26,594.91,595.24,14369
2026-07-27 14:15:00,595.18,595.18,594.79,594.845,10604
2026-07-27 14:16:00,594.79,594.835,594.395,594.565,16122
2026-07-27 14:17:00,594.565,594.64,594.39,594.46,8782
2026-07-27 14:18:00,594.5,594.8,594.29,594.425,16485
2026-07-27 14:19:00,594.3,594.445,594.15,594.23,13437
2026-07-27 14:20:00,594.415,594.4899,594.1901,594.2894,8237
2026-07-27 14:21:00,594.32,594.6,594.1,594.58,17792
2026-07-27 14:22:00,594.5,594.5,594.25,594.25,8936
2026-07-27 14:23:00,594.325,594.54,594.16,594.1801,15293
2026-07-27 14:24:00,594.2,594.88,594.2,594.74,16353
2026-07-27 14:25:00,594.84,595.0701,594.76,594.91,9406
2026-07-27 14:26:00,594.78,594.9799,594.54,594.64,7383
2026-07-27 14:27:00,594.69,595.11,594.64,594.84,10955
2026-07-27 14:28:00,594.7601,595.03,594.7601,594.88,5004
2026-07-27 14:29:00,594.8332,594.93,594.44,594.85,11290
2026-07-27 14:30:00,594.8215,594.8215,594.34,594.5,7648
2026-07-27 14:31:00,594.44,594.79,594.1,594.14,12606
2026-07-27 14:32:00,594.09,594.255,593.83,594.17,17874
2026-07-27 14:33:00,594.255,594.26,594.0,594.225,8262
2026-07-27 14:34:00,594.225,594.225,593.86,593.93,10294
2026-07-27 14:35:00,593.87,594.27,593.85,594.1501,17546
2026-07-27 14:36:00,594.215,594.33,594.1301,594.205,5629
2026-07-27 14:37:00,594.205,594.5,594.1,594.5,11217
2026-07-27 14:38:00,594.3907,594.5199,594.27,594.37,15039
2026-07-27 14:39:00,594.36,594.37,594.2,594.2,5969
2026-07-27 14:40:00,594.265,594.48,594.265,594.27,11581
2026-07-27 14:41:00,594.36,595.28,594.36,594.93,36689
2026-07-27 14:42:00,594.95,595.39,594.92,595.285,13651
2026-07-27 14:43:00,595.285,595.54,595.16,595.48,25723
2026-07-27 14:44:00,595.64,595.93,595.55,595.77,12938
2026-07-27 14:45:00,595.79,595.94,595.5101,595.89,12971
2026-07-27 14:46:00,595.865,596.51,595.7501,596.358,9811
2026-07-27 14:47:00,596.689,597.17,596.3401,597.17,20975
2026-07-27 14:48:00,597.015,597.24,596.6,596.812,20958
2026-07-27 14:49:00,596.83,596.905,596.14,596.15,11345
2026-07-27 14:50:00,596.15,596.45,596.15,596.28,15783
2026-07-27 14:51:00,596.28,596.7,596.13,596.5251,15605
2026-07-27 14:52:00,596.44,597.15,596.44,597.0319,18322
2026-07-27 14:53:00,597.16,597.73,596.9901,597.73,14785
2026-07-27 14:54:00,597.73,597.8,597.31,597.41,11646
2026-07-27 14:55:00,597.405,598.04,597.405,597.9,18675
2026-07-27 14:56:00,597.74,597.81,597.2301,597.2515,8918
2026-07-27 14:57:00,597.324,597.324,596.94,597.055,12852
2026-07-27 14:58:00,597.1884,597.2,596.7,597.04,22634
2026-07-27 14:59:00,596.96,597.07,596.57,596.86,8549
2026-07-27 15:00:00,596.81,596.93,596.3482,596.5,16756
2026-07-27 15:01:00,596.46,596.6,596.41,596.47,11936
2026-07-27 15:02:00,596.488,596.6,596.16,596.17,10704
2026-07-27 15:03:00,596.13,596.2299,595.89,596.09,19722
2026-07-27 15:04:00,596.01,596.2199,595.63,595.72,12494
2026-07-27 15:05:00,595.82,596.06,595.715,595.91,12800
2026-07-27 15:06:00,595.96,596.0696,595.65,595.77,9762
2026-07-27 15:07:00,595.7,595.93,595.63,595.715,9861
2026-07-27 15:08:00,595.79,596.05,595.69,595.95,10614
2026-07-27 15:09:00,595.915,596.1,595.73,596.02,11458
2026-07-27 15:10:00,596.04,596.3993,596.04,596.16,9827
2026-07-27 15:11:00,596.165,596.2,595.95,596.11,11330
2026-07-27 15:12:00,596.07,596.25,595.72,595.72,10357
2026-07-27 15:13:00,595.8,596.04,595.77,595.82,8814
2026-07-27 15:14:00,595.805,595.93,595.7,595.8619,10269
2026-07-27 15:15:00,595.78,596.0999,595.7104,595.8,18711
2026-07-27 15:16:00,595.875,595.98,595.6199,595.755,11044
2026-07-27 15:17:00,595.81,595.8848,595.41,595.5682,14617
2026-07-27 15:18:00,595.615,595.75,595.54,595.675,12800
2026-07-27 15:19:00,595.675,595.88,595.675,595.835,11747
2026-07-27 15:20:00,595.87,596.14,595.7501,596.11,11423
2026-07-27 15:21:00,596.115,596.115,595.58,595.9,38752
2026-07-27 15:22:00,595.83,595.8983,595.59,595.59,11316
2026-07-27 15:23:00,595.64,595.87,595.62,595.68,8359
2026-07-27 15:24:00,595.75,595.87,595.67,595.76,11636
2026-07-27 15:25:00,595.78,596.09,595.76,595.91,20764
2026-07-27 15:26:00,595.91,595.94,595.69,595.77,14268
2026-07-27 15:27:00,595.85,595.85,595.5315,595.62,14721
2026-07-27 15:28:00,595.77,595.77,595.52,595.59,19512
2026-07-27 15:29:00,595.61,595.83,595.52,595.71,11308
2026-07-27 15:30:00,595.77,595.77,595.45,595.53,21495
2026-07-27 15:31:00,595.44,595.82,595.44,595.82,14008
2026-07-27 15:32:00,595.88,596.0999,595.75,596.0676,11147
2026-07-27 15:33:00,595.97,596.3,595.87,596.27,13230
2026-07-27 15:34:00,596.32,596.5,596.085,596.085,9344
2026-07-27 15:35:00,596.11,596.22,595.71,595.77,16610
2026-07-27 15:36:00,595.76,595.83,595.41,595.47,10255
2026-07-27 15:37:00,595.475,595.55,595.11,595.28,12924
2026-07-27 15:38:00,595.195,595.195,594.9,594.965,25308
2026-07-27 15:39:00,595.02,595.11,594.44,594.48,24804
2026-07-27 15:40:00,594.44,594.65,594.38,594.5025,24069
2026-07-27 15:41:00,594.49,594.7814,594.335,594.4625,12400
2026-07-27 15:42:00,594.505,594.505,594.0707,594.175,17150
2026-07-27 15:43:00,594.09,594.49,594.09,594.33,13027
2026-07-27 15:44:00,594.32,594.6199,594.24,594.265,15331
2026-07-27 15:45:00,594.18,594.43,593.3905,593.42,26132
2026-07-27 15:46:00,593.51,593.51,593.18,593.425,24244
2026-07-27 15:47:00,593.5,593.97,593.2826,593.93,22209
2026-07-27 15:48:00,593.88,593.95,593.45,593.61,18997
2026-07-27 15:49:00,593.7,594.11,593.57,594.1,22908
2026-07-27 15:50:00,594.19,594.71,594.0201,594.635,37099
2026-07-27 15:51:00,594.645,594.65,594.0488,594.44,39330
2026-07-27 15:52:00,594.43,594.67,594.39,594.59,37506
2026-07-27 15:53:00,594.66,594.79,594.45,594.56,39405
2026-07-27 15:54:00,594.53,594.76,593.68,593.88,56809
2026-07-27 15:55:00,593.84,594.12,593.16,593.878,88866
2026-07-27 15:56:00,593.92,594.12,593.68,594.06,96212
2026-07-27 15:57:00,594.03,594.1,593.36,593.54,83770
2026-07-27 15:58:00,593.55,593.6042,593.2,593.36,113183
2026-07-27 15:59:00,593.31,593.99,593.15,593.93,189640
2026-07-27 16:00:00,593.99,595.4,593.5,594.0,24969
2026-07-27 16:01:00,594.2044,595.22,594.15,594.592,0
2026-07-27 16:02:00,595.0,595.22,594.5,594.55,0
2026-07-27 16:03:00,594.7021,594.7021,594.0,594.4576,0
2026-07-27 16:04:00,593.87,594.99,593.87,594.7,0
2026-07-27 16:05:00,594.05,594.99,594.05,594.49,0
2026-07-27 16:06:00,594.49,594.49,593.87,594.29,0
2026-07-27 16:07:00,594.42,594.74,594.15,594.7,0
2026-07-27 16:08:00,594.7,594.9727,593.87,594.5,0
2026-07-27 16:09:00,594.75,594.99,594.5,594.75,0
2026-07-27 16:10:00,593.87,594.99,593.87,594.87,0
2026-07-27 16:11:00,594.99,594.99,594.67,594.9507,0
2026-07-27 16:12:00,594.9549,595.0,594.7075,594.95,0
2026-07-27 16:13:00,595.1612,595.2,595.0,595.0,0
2026-07-27 16:14:00,594.65,595.2,594.65,595.2,0
2026-07-27 16:15:00,593.87,595.2,593.87,595.0245,0
2026-07-27 16:16:00,595.22,595.22,594.95,594.9623,0
2026-07-27 16:17:00,594.75,595.0678,593.87,595.0678,0
2026-07-27 16:18:00,594.79,595.0648,594.79,595.0,0
2026-07-27 16:19:00,595.0,595.09,594.86,594.9937,0
2026-07-27 16:20:00,594.9841,594.99,594.8034,594.975,0
2026-07-27 16:21:00,594.9808,595.0975,594.415,595.0,0
2026-07-27 16:22:00,595.0,595.1753,594.9677,595.1699,0
2026-07-27 16:23:00,595.03,595.1869,595.0027,595.1,0
2026-07-27 16:24:00,595.1573,595.17,595.0,595.17,0
2026-07-27 16:25:00,595.31,595.4,593.87,595.18,0
2026-07-27 16:26:00,595.1855,595.79,595.18,595.79,0
2026-07-27 16:27:00,595.8,595.8,595.527,595.79,0
2026-07-27 16:28:00,595.65,595.7,595.06,595.6519,0
2026-07-27 16:29:00,595.1,595.68,595.1,595.67,0
2026-07-27 16:30:00,595.1,595.68,595.1,595.43,0
2026-07-27 16:31:00,595.1,595.35,595.06,595.2797,0
2026-07-27 16:32:00,595.2,595.45,595.2,595.4407,0
2026-07-27 16:33:00,595.4407,595.74,595.315,595.54,0
2026-07-27 16:34:00,595.36,595.79,595.36,595.7573,0
2026-07-27 16:35:00,595.79,595.8,595.57,595.7,0
2026-07-27 16:36:00,595.78,595.8,595.7,595.7999,0
2026-07-27 16:37:00,595.7535,596.0,595.509,595.8636,0
2026-07-27 16:38:00,595.7,595.9,595.5623,595.81,0
2026-07-27 16:39:00,595.8554,595.9,595.562,595.82,0
2026-07-27 16:40:00,595.89,595.9,595.71,595.8,0
2026-07-27 16:41:00,595.8636,595.8636,595.7,595.7995,0
2026-07-27 16:42:00,595.76,595.7995,595.7,595.7025,0
2026-07-27 16:43:00,595.8,595.8,595.755,595.755,0
2026-07-27 16:44:00,595.7995,596.0,595.7,595.9649,0
2026-07-27 16:45:00,595.9535,596.0,595.77,596.0,0
2026-07-27 16:46:00,595.75,595.9225,595.71,595.71,0
2026-07-27 16:47:00,595.5,596.0,595.5,595.68,0
2026-07-27 16:48:00,595.67,595.9673,595.5807,595.5807,0
2026-07-27 16:49:00,595.91,595.91,595.4391,595.85,0
2026-07-27 16:50:00,595.73,595.73,595.5,595.62,0
2026-07-27 16:51:00,595.78,595.85,595.65,595.65,0
2026-07-27 16:52:00,595.65,595.8268,587.5665,595.8268,0
2026-07-27 16:53:00,595.85,595.85,595.5,595.8497,0
2026-07-27 16:54:00,595.77,595.85,595.5,595.78,0
2026-07-27 16:55:00,595.53,595.8315,595.53,595.56,0
2026-07-27 16:56:00,571.7499,595.84,571.7499,595.5,0
2026-07-27 16:57:00,595.8166,595.84,595.54,595.57,0
2026-07-27 16:58:00,595.57,595.57,593.87,595.57,0
2026-07-27 16:59:00,595.5017,595.7978,595.5017,595.79,0
2026-07-27 17:00:00,595.8,595.8,571.3382,595.7535,0
2026-07-27 17:01:00,595.77,595.8,595.65,595.79,0
2026-07-27 17:02:00,595.84,595.84,595.6547,595.81,0
2026-07-27 17:03:00,595.8,596.2349,595.5527,595.7,0
2026-07-27 17:04:00,595.7931,595.7931,595.4065,595.5,0
2026-07-27 17:05:00,595.8399,595.8399,571.3382,595.79,0
2026-07-27 17:06:00,595.7293,595.82,595.35,595.48,0
2026-07-27 17:07:00,595.73,595.79,595.4182,595.79,0
2026-07-27 17:08:00,595.79,596.2349,595.61,596.2349,0
2026-07-27 17:09:00,595.4304,595.84,587.5665,587.5665,0
2026-07-27 17:10:00,595.21,595.45,595.06,595.3938,0
2026-07-27 17:11:00,595.1723,595.44,595.1723,595.43,0
2026-07-27 17:12:00,595.36,595.36,595.28,595.3203,0
2026-07-27 17:13:00,595.353,595.36,595.1126,595.21,0
2026-07-27 17:14:00,595.35,595.35,595.0801,595.0801,0
2026-07-27 17:15:00,595.08,595.36,595.08,595.36,0
2026-07-27 17:16:00,595.1127,595.7855,595.1127,595.7855,0
2026-07-27 17:17:00,595.78,595.78,595.14,595.14,0
2026-07-27 17:18:00,595.2818,595.75,595.0,595.0,0
2026-07-27 17:19:00,595.0,595.5,593.87,593.87,0
2026-07-27 17:20:00,595.25,595.78,595.25,595.59,0
2026-07-27 17:21:00,595.39,595.76,595.3,595.6779,0
2026-07-27 17:22:00,595.63,595.84,595.18,595.6,0
2026-07-27 17:23:00,595.6,595.6,595.0,595.0,0
2026-07-27 17:24:00,595.0498,595.2282,595.0498,595.2282,0
2026-07-27 17:25:00,595.23,595.27,595.0373,595.243,0
2026-07-27 17:26:00,595.25,595.78,595.25,595.75,0
2026-07-27 17:27:00,595.31,595.84,595.31,595.45,0
2026-07-27 17:28:00,595.3075,595.79,595.3075,595.5287,0
2026-07-27 17:29:00,595.5,595.5,595.47,595.47,0
2026-07-27 17:30:00,595.46,595.46,595.01,595.1151,0
2026-07-27 17:31:00,595.3991,595.54,595.0212,595.5,0
2026-07-27 17:32:00,595.73,595.75,595.5,595.69,0
2026-07-27 17:33:00,595.74,595.75,595.55,595.55,0
2026-07-27 17:34:00,595.55,595.72,595.1169,595.7117,0
2026-07-27 17:35:00,595.5,595.74,595.5,595.74,0
2026-07-27 17:36:00,595.7315,595.75,595.5,595.59,0
2026-07-27 17:37:00,595.74,595.7407,595.01,595.66,0
2026-07-27 17:38:00,595.66,595.75,595.5262,595.6257,0
2026-07-27 17:39:00,595.75,595.75,595.255,595.74,0
2026-07-27 17:40:00,595.74,595.74,595.56,595.56,0
2026-07-27 17:41:00,595.2123,595.75,595.2123,595.543,0
2026-07-27 17:42:00,595.66,595.7258,595.5414,595.7254,0
2026-07-27 17:43:00,595.68,595.8107,595.671,595.8107,0
2026-07-27 17:44:00,595.8371,595.9,595.705,595.9,0
2026-07-27 17:45:00,595.9,596.08,595.7633,596.08,0
2026-07-27 17:46:00,596.24,596.24,595.8,596.24,0
2026-07-27 17:47:00,596.0092,596.4875,596.0,596.35,0
2026-07-27 17:48:00,596.5,597.0,596.4,597.0,0
2026-07-27 17:49:00,596.94,597.7,596.94,597.7,0
2026-07-27 17:50:00,596.9,597.0,596.75,596.96,0
2026-07-27 17:51:00,596.96,597.5,596.0,596.7909,0
2026-07-27 17:52:00,596.75,597.5,596.45,596.45,0
2026-07-27 17:53:00,596.5385,597.0,596.5385,597.0,0
2026-07-27 17:54:00,597.0,597.0,596.2165,596.5,0
2026-07-27 17:55:00,596.12,596.9845,596.12,596.9533,0
2026-07-27 17:56:00,596.85,597.25,596.33,596.33,0
2026-07-27 17:57:00,596.85,597.1988,596.39,596.5921,0
2026-07-27 17:58:00,596.0012,596.6217,596.0012,596.6217,0
2026-07-27 17:59:00,596.37,596.37,596.0573,596.3224,0
2026-07-27 18:00:00,596.631,596.75,596.631,596.75,0
2026-07-27 18:01:00,596.5,596.8,596.47,596.49,0
2026-07-27 18:02:00,596.5,596.95,596.0237,596.49,0
2026-07-27 18:03:00,596.5557,597.0,596.0,596.37,0
2026-07-27 18:04:00,596.2817,596.37,596.2817,596.37,0
2026-07-27 18:05:00,596.5,597.0,596.237,596.56,0
2026-07-27 18:06:00,596.4896,596.4896,596.15,596.15,0
2026-07-27 18:07:00,596.0,596.5,595.67,595.82,0
2026-07-27 18:08:00,596.2,596.85,596.2,596.85,0
2026-07-27 18:09:00,596.5,596.73,596.5,596.73,0
2026-07-27 18:10:00,595.8728,596.85,595.8728,596.85,0
2026-07-27 18:11:00,596.36,596.8499,595.8345,596.01,0
2026-07-27 18:12:00,596.27,596.85,596.01,596.01,0
2026-07-27 18:13:00,595.7899,596.2655,595.7899,595.9875,0
2026-07-27 18:14:00,595.76,595.99,595.5,595.5,0
2026-07-27 18:15:00,596.22,596.22,595.53,595.6088,0
2026-07-27 18:16:00,596.2,596.2,595.51,595.9187,0
2026-07-27 18:17:00,595.6,595.9139,595.5465,595.9139,0
2026-07-27 18:18:00,595.9056,595.98,595.8,595.98,0
2026-07-27 18:19:00,595.8,595.98,595.56,595.56,0
2026-07-27 18:20:00,595.63,595.86,595.5587,595.5587,0
2026-07-27 18:21:00,595.811,595.86,595.63,595.7,0
2026-07-27 18:22:00,595.63,595.63,595.63,595.63,0
2026-07-27 18:23:00,595.63,595.73,595.63,595.73,0
2026-07-27 18:24:00,595.73,595.86,595.6771,595.73,0
2026-07-27 18:25:00,595.73,595.86,595.48,595.48,0
2026-07-27 18:26:00,595.6,595.6,595.0222,595.32,0
2026-07-27 18:27:00,595.1417,595.5,595.0169,595.32,0
2026-07-27 18:28:00,595.3,595.3,595.11,595.3,0
2026-07-27 18:29:00,595.4,595.4,595.0,595.3318,0
2026-07-27 18:30:00,595.25,595.6,595.19,595.33,0
2026-07-27 18:31:00,595.19,595.45,595.0215,595.33,0
2026-07-27 18:32:00,595.7267,595.8,595.19,595.5721,0
2026-07-27 18:33:00,595.46,595.46,595.3,595.3,0
2026-07-27 18:34:00,595.45,595.46,595.3,595.3,0
2026-07-27 18:35:00,595.44,595.4844,595.35,595.35,0
2026-07-27 18:36:00,595.54,595.54,595.4655,595.48,0
2026-07-27 18:37:00,595.0,595.55,595.0,595.5,0
2026-07-27 18:38:00,595.5,595.68,595.1154,595.44,0
2026-07-27 18:39:00,595.5,595.5,595.31,595.47,0
2026-07-27 18:40:00,595.6446,595.68,595.2337,595.2337,0
2026-07-27 18:41:00,595.69,595.69,595.0,595.39,0
2026-07-27 18:42:00,595.39,595.59,595.15,595.15,0
2026-07-27 18:43:00,595.3486,595.37,595.1679,595.37,0
2026-07-27 18:44:00,595.5,595.5,595.15,595.37,0
2026-07-27 18:45:00,595.3645,595.46,595.17,595.17,0
2026-07-27 18:46:00,595.4828,595.4999,595.2,595.21,0
2026-07-27 18:47:00,595.3225,595.45,595.3127,595.32,0
2026-07-27 18:48:00,595.66,595.66,595.1482,595.1482,0
2026-07-27 18:49:00,595.5,595.5,595.0,595.0,0
2026-07-27 18:50:00,595.0,595.69,595.0,595.47,0
2026-07-27 18:51:00,595.41,595.68,595.21,595.68,0
2026-07-27 18:52:00,595.0,595.5,595.0,595.5,0
2026-07-27 18:53:00,595.5,595.5,595.32,595.459,0
2026-07-27 18:54:00,595.4659,595.5,595.3342,595.5,0
2026-07-27 18:55:00,595.4658,595.5,595.21,595.21,0
2026-07-27 18:56:00,595.5,595.5,595.0,595.0194,0
2026-07-27 18:57:00,595.01,595.68,595.01,595.0744,0
2026-07-27 18:58:00,595.5026,595.69,595.01,595.25,0
2026-07-27 18:59:00,595.25,595.4499,595.0,595.0486,0
2026-07-27 19:00:00,595.25,595.4387,595.0608,595.3727,0
2026-07-27 19:01:00,595.33,595.33,595.0,595.01,0
2026-07-27 19:02:00,595.09,595.2,595.01,595.1,0
2026-07-27 19:03:00,595.0665,595.39,594.9,594.97,0
2026-07-27 19:04:00,594.8,594.8965,594.51,594.76,0
2026-07-27 19:05:00,594.9999,595.2863,594.52,595.2863,0
2026-07-27 19:06:00,594.51,595.39,594.51,595.39,0
2026-07-27 19:07:00,595.0239,595.4,595.0,595.4,0
2026-07-27 19:08:00,595.0,595.0617,594.9764,594.9764,0
2026-07-27 19:09:00,594.76,595.0,594.7,594.9653,0
2026-07-27 19:10:00,594.7418,594.97,594.7418,594.88,0
2026-07-27 19:11:00,594.88,594.91,594.83,594.91,0
2026-07-27 19:12:00,594.5692,594.93,594.52,594.79,0
2026-07-27 19:13:00,594.91,595.3499,594.51,594.51,0
2026-07-27 19:14:00,594.6114,595.0,594.6114,595.0,0
2026-07-27 19:15:00,595.0,595.0,594.65,594.67,0
2026-07-27 19:16:00,594.9493,594.9877,594.73,594.73,0
2026-07-27 19:17:00,595.0,595.34,594.818,594.9,0
2026-07-27 19:18:00,594.91,595.3,594.91,595.08,0
2026-07-27 19:19:00,594.7662,595.4,594.7662,595.2961,0
2026-07-27 19:20:00,595.2961,595.3068,595.01,595.286,0
2026-07-27 19:21:00,595.2968,595.38,594.8033,595.38,0
2026-07-27 19:22:00,595.025,595.4,594.91,595.34,0
2026-07-27 19:23:00,595.0189,595.4,595.01,595.2968,0
2026-07-27 19:24:00,595.25,595.3,595.1,595.27,0
2026-07-27 19:25:00,595.39,595.4,594.7662,595.2954,0
2026-07-27 19:26:00,595.364,595.364,595.11,595.2,0
2026-07-27 19:27:00,595.2419,595.3743,595.05,595.3315,0
2026-07-27 19:28:00,595.3434,595.3942,595.03,595.3,0
2026-07-27 19:29:00,595.3,595.9635,595.3,595.45,0
2026-07-27 19:30:00,595.45,595.98,595.45,595.473,0
2026-07-27 19:31:00,595.6591,595.68,595.01,595.18,0
2026-07-27 19:32:00,595.68,595.68,595.18,595.42,0
2026-07-27 19:33:00,595.3088,595.42,595.0534,595.264,0
2026-07-27 19:34:00,595.0534,595.4,595.0534,595.3,0
2026-07-27 19:35:00,595.5,595.51,595.0,595.51,0
2026-07-27 19:36:00,595.2022,595.98,595.0,595.0,0
2026-07-27 19:37:00,595.0,595.98,595.0,595.98,0
2026-07-27 19:38:00,595.4,595.69,595.06,595.53,0
2026-07-27 19:39:00,595.53,595.53,594.75,594.75,0
2026-07-27 19:40:00,594.84,595.7401,594.84,595.09,0
2026-07-27 19:41:00,595.0,595.64,595.0,595.1,0
2026-07-27 19:42:00,595.09,595.98,594.9937,595.98,0
2026-07-27 19:43:00,595.15,595.69,595.08,595.69,0
2026-07-27 19:44:00,595.31,595.7799,595.08,595.7799,0
2026-07-27 19:45:00,595.0,595.77,595.0,595.77,0
2026-07-27 19:46:00,595.0192,595.7224,595.0192,595.7224,0
2026-07-27 19:47:00,595.46,595.72,595.45,595.6142,0
2026-07-27 19:48:00,595.0,595.4787,594.6,594.99,0
2026-07-27 19:49:00,594.9131,595.0,594.82,594.82,0
2026-07-27 19:50:00,594.86,595.77,594.2,594.37,0
2026-07-27 19:51:00,594.64,595.77,594.2,594.3,0
2026-07-27 19:52:00,595.77,595.77,594.3,594.88,0
2026-07-27 19:53:00,595.33,595.74,595.33,595.6627,0
2026-07-27 19:54:00,595.69,595.69,594.99,595.1,0
2026-07-27 19:55:00,595.53,595.69,595.05,595.53,0
2026-07-27 19:56:00,595.3,595.32,595.1447,595.32,0
2026-07-27 19:57:00,595.0298,595.1323,594.5501,595.13,0
2026-07-27 19:58:00,594.7,595.5809,594.7,595.13,0
2026-07-27 19:59:00,595.6119,595.74,594.75,595.74,0
2026-07-28 04:00:00,595.64,596.8988,593.0,595.5225,0
2026-07-28 04:01:00,595.95,596.97,592.78,596.35,0
2026-07-28 04:02:00,596.0,596.99,595.88,596.9139,0
2026-07-28 04:03:00,596.44,596.9375,596.44,596.9375,0
2026-07-28 04:05:00,596.27,596.9388,596.27,596.64,0
2026-07-28 04:06:00,596.54,597.91,596.5,597.47,0
2026-07-28 04:07:00,597.41,597.59,592.94,592.95,0
2026-07-28 04:08:00,596.36,596.96,596.3,596.96,0
2026-07-28 04:09:00,595.9503,596.96,595.9503,596.0247,0
2026-07-28 04:10:00,596.96,596.96,596.96,596.96,0
2026-07-28 04:11:00,595.614,596.59,595.31,595.6316,0
2026-07-28 04:12:00,596.8428,596.87,595.31,596.4897,0
2026-07-28 04:13:00,596.9,596.9,595.3999,595.3999,0
2026-07-28 04:14:00,595.7,595.9888,595.54,595.9888,0
2026-07-28 04:15:00,595.9632,596.2,595.48,596.2,0
2026-07-28 04:16:00,596.26,596.8,595.62,595.62,0
2026-07-28 04:17:00,596.48,596.48,595.53,595.53,0
2026-07-28 04:19:00,596.01,596.01,595.5,595.593,0
2026-07-28 04:21:00,596.4088,596.4088,596.4088,596.4088,0
2026-07-28 04:22:00,595.9,595.9,595.9,595.9,0
2026-07-28 04:23:00,595.9,596.2605,595.9,596.2605,0
2026-07-28 04:24:00,595.93,596.26,595.92,595.97,0
2026-07-28 04:26:00,595.5012,595.5012,595.5012,595.5012,0
2026-07-28 04:27:00,596.3,596.865,595.84,596.865,0
2026-07-28 04:28:00,595.5819,596.8888,595.5819,596.79,0
2026-07-28 04:29:00,596.7227,596.78,596.7227,596.78,0
2026-07-28 04:30:00,596.1,596.76,596.06,596.76,0
2026-07-28 04:32:00,596.1825,596.46,596.07,596.46,0
2026-07-28 04:33:00,596.6597,596.6597,596.17,596.17,0
2026-07-28 04:34:00,596.39,596.6,596.16,596.6,0
2026-07-28 04:35:00,596.0608,596.61,596.0608,596.37,0
2026-07-28 04:36:00,596.37,596.6,596.37,596.6,0
2026-07-28 04:37:00,596.95,596.95,596.95,596.95,0
2026-07-28 04:38:00,596.62,596.62,596.6,596.6,0
2026-07-28 04:39:00,596.82,597.0192,596.64,597.0192,0
2026-07-28 04:40:00,596.65,597.02,596.0532,597.0,0
2026-07-28 04:41:00,596.8203,596.8203,596.8203,596.8203,0
2026-07-28 04:42:00,596.9384,596.99,596.812,596.812,0
2026-07-28 04:43:00,596.81,596.94,596.48,596.82,0
2026-07-28 04:44:00,596.5,596.9288,596.5,596.57,0
2026-07-28 04:45:00,596.64,596.64,596.64,596.64,0
2026-07-28 04:46:00,596.8888,596.8888,596.0,596.0,0
2026-07-28 04:47:00,596.84,596.99,596.58,596.87,0
2026-07-28 04:48:00,596.98,596.98,596.94,596.94,0
2026-07-28 04:49:00,596.93,596.9988,596.92,596.9988,0
2026-07-28 04:50:00,596.9835,596.9835,596.3,596.52,0
2026-07-28 04:51:00,596.52,596.54,596.52,596.54,0
2026-07-28 04:52:00,597.0,597.0,597.0,597.0,0
2026-07-28 04:53:00,596.61,597.0,596.61,596.9527,0
2026-07-28 04:54:00,596.9527,596.98,596.9527,596.98,0
2026-07-28 04:55:00,596.98,596.99,596.89,596.99,0
2026-07-28 04:56:00,596.62,596.98,596.62,596.9,0
2026-07-28 04:57:00,596.85,596.85,596.85,596.85,0
2026-07-28 04:58:00,596.87,596.94,596.6,596.9,0
2026-07-28 04:59:00,596.6481,596.99,596.6481,596.99,0
2026-07-28 05:00:00,596.96,596.98,596.82,596.97,0
2026-07-28 05:01:00,596.82,596.96,596.82,596.96,0
2026-07-28 05:02:00,596.95,597.0,596.85,597.0,0
2026-07-28 05:03:00,596.99,596.99,596.62,596.6736,0
2026-07-28 05:04:00,596.52,596.52,596.52,596.52,0
2026-07-28 05:05:00,596.85,597.1,596.85,597.02,0
2026-07-28 05:06:00,597.02,597.6675,597.02,597.6675,0
2026-07-28 05:07:00,597.69,597.69,597.3,597.3,0
2026-07-28 05:08:00,597.46,597.46,597.46,597.46,0
2026-07-28 05:09:00,597.0,597.39,597.0,597.39,0
2026-07-28 05:10:00,597.42,597.42,597.42,597.42,0
2026-07-28 05:11:00,596.4,596.4,596.4,596.4,0
2026-07-28 05:12:00,597.04,597.04,597.0,597.0,0
2026-07-28 05:13:00,597.19,597.37,597.06,597.35,0
2026-07-28 05:14:00,596.97,596.99,596.89,596.95,0
2026-07-28 05:16:00,597.258,597.258,597.2,597.2,0
2026-07-28 05:17:00,597.2,597.26,597.2,597.26,0
2026-07-28 05:18:00,596.4012,597.24,596.4012,597.219,0
2026-07-28 05:19:00,597.23,597.23,596.9,597.1,0
2026-07-28 05:20:00,597.19,597.1988,597.19,597.19,0
2026-07-28 05:21:00,597.19,597.21,597.17,597.17,0
2026-07-28 05:22:00,597.17,597.17,597.1114,597.1114,0
2026-07-28 05:23:00,597.47,597.47,597.47,597.47,0
2026-07-28 05:24:00,597.37,597.4688,597.23,597.23,0
2026-07-28 05:25:00,597.4085,597.46,597.4085,597.4507,0
2026-07-28 05:26:00,597.3,597.45,597.3,597.45,0
2026-07-28 05:27:00,597.2241,597.99,597.2241,597.99,0
2026-07-28 05:28:00,597.9493,597.9493,597.2112,597.2112,0
2026-07-28 05:29:00,597.96,597.96,597.96,597.96,0
2026-07-28 05:30:00,597.52,597.9488,597.0583,597.0583,0
2026-07-28 05:32:00,597.07,597.99,597.07,597.9514,0
2026-07-28 05:33:00,597.61,597.61,597.61,597.61,0
2026-07-28 05:34:00,597.61,597.94,597.61,597.94,0
2026-07-28 05:35:00,597.78,597.78,596.4,597.6827,0
2026-07-28 05:36:00,597.48,597.48,597.48,597.48,0
2026-07-28 05:37:00,597.46,597.46,597.07,597.07,0
2026-07-28 05:38:00,596.6912,596.97,596.6912,596.7195,0
2026-07-28 05:39:00,596.75,597.77,596.75,597.77,0
2026-07-28 05:40:00,597.33,597.9688,596.7,596.71,0
2026-07-28 05:41:00,597.11,597.11,596.91,596.92,0
2026-07-28 05:42:00,596.92,596.92,596.92,596.92,0
2026-07-28 05:43:00,597.92,597.92,597.2,597.21,0
2026-07-28 05:44:00,596.69,596.69,596.69,596.69,0
2026-07-28 05:45:00,596.98,597.1957,596.95,596.96,0
2026-07-28 05:46:00,596.73,596.96,596.42,596.9135,0
2026-07-28 05:47:00,596.66,596.9032,596.66,596.9032,0
2026-07-28 05:48:00,596.84,596.84,596.84,596.84,0
2026-07-28 05:49:00,596.81,596.81,596.34,596.34,0
2026-07-28 05:50:00,596.4158,596.4158,596.4158,596.4158,0
2026-07-28 05:51:00,596.8488,596.8488,596.84,596.84,0
2026-07-28 05:52:00,596.84,596.84,596.7549,596.7549,0
2026-07-28 05:54:00,596.8,596.8,596.45,596.58,0
2026-07-28 05:55:00,596.75,596.75,596.75,596.75,0
2026-07-28 05:56:00,596.52,596.52,596.52,596.52,0
2026-07-28 05:57:00,596.6423,596.6423,596.25,596.25,0
2026-07-28 05:58:00,596.27,596.71,596.25,596.71,0
2026-07-28 05:59:00,596.0272,596.52,596.01,596.01,0
2026-07-28 06:00:00,596.0683,596.5767,596.0683,596.5767,0
2026-07-28 06:01:00,596.3902,596.3902,595.75,596.0,0
2026-07-28 06:02:00,596.3,596.3,596.2137,596.2137,0
2026-07-28 06:03:00,596.24,596.24,596.06,596.2117,0
2026-07-28 06:04:00,596.2,596.2648,596.2,596.2648,0
2026-07-28 06:05:00,596.2,596.2619,596.2,596.2619,0
2026-07-28 06:06:00,596.6,596.63,596.29,596.29,0
2026-07-28 06:08:00,596.33,596.64,596.25,596.52,0
2026-07-28 06:09:00,596.32,596.45,596.32,596.45,0
2026-07-28 06:10:00,596.2,596.2767,596.2,596.2767,0
2026-07-28 06:11:00,596.45,596.45,596.45,596.45,0
2026-07-28 06:12:00,596.218,596.902,596.218,596.902,0
2026-07-28 06:13:00,596.45,596.5,596.45,596.5,0
2026-07-28 06:15:00,596.41,596.5,596.41,596.5,0
2026-07-28 06:16:00,596.2,596.41,596.04,596.41,0
2026-07-28 06:18:00,596.25,596.75,596.25,596.75,0
2026-07-28 06:19:00,596.75,596.75,596.75,596.75,0
2026-07-28 06:20:00,596.04,596.75,596.04,596.75,0
2026-07-28 06:21:00,596.45,596.45,595.0,595.0,0
2026-07-28 06:22:00,595.57,596.365,595.57,596.365,0
2026-07-28 06:23:00,595.8,595.8,595.8,595.8,0
2026-07-28 06:24:00,595.7,595.94,595.69,595.94,0
2026-07-28 06:26:00,595.0,595.85,595.0,595.85,0
2026-07-28 06:27:00,596.0,596.0,596.0,596.0,0
2026-07-28 06:28:00,596.3588,596.3588,595.99,595.99,0
2026-07-28 06:29:00,595.716,596.0,595.716,596.0,0
2026-07-28 06:30:00,595.99,595.99,595.5,595.7313,0
2026-07-28 06:31:00,595.98,596.285,595.98,595.99,0
2026-07-28 06:32:00,596.2,596.2,596.2,596.2,0
2026-07-28 06:34:00,596.2265,596.2265,595.97,596.1,0
2026-07-28 06:35:00,596.0,596.19,595.7,596.13,0
2026-07-28 06:36:00,595.615,596.185,595.615,595.99,0
2026-07-28 06:37:00,596.04,596.16,595.6,595.97,0
2026-07-28 06:38:00,595.6839,595.6839,595.57,595.57,0
2026-07-28 06:40:00,595.76,595.76,595.0,595.12,0
2026-07-28 06:41:00,595.49,595.49,595.0,595.49,0
2026-07-28 06:42:00,595.49,595.5,595.49,595.49,0
2026-07-28 06:43:00,595.6,595.86,595.0,595.0,0
2026-07-28 06:44:00,595.38,596.39,595.1209,596.33,0
2026-07-28 06:45:00,595.34,596.05,595.3,596.0,0
2026-07-28 06:46:00,595.83,596.0,595.83,596.0,0
2026-07-28 06:47:00,595.9384,595.9555,595.88,595.88,0
2026-07-28 06:48:00,595.9457,595.95,595.29,595.95,0
2026-07-28 06:49:00,595.9,595.9,595.9,595.9,0
2026-07-28 06:50:00,595.048,595.048,595.023,595.023,0
2026-07-28 06:51:00,595.8988,595.8988,595.52,595.8677,0
2026-07-28 06:52:00,595.64,595.88,595.4,595.69,0
2026-07-28 06:53:00,595.86,596.0,595.86,595.9,0
2026-07-28 06:54:00,596.463,596.463,595.98,596.43,0
2026-07-28 06:56:00,595.52,596.2,595.52,596.2,0
2026-07-28 06:57:00,595.69,595.69,595.69,595.69,0
2026-07-28 06:58:00,595.81,596.0,595.43,595.43,0
2026-07-28 06:59:00,595.3,596.3065,595.1112,595.1112,0
2026-07-28 07:00:00,595.71,596.32,595.28,596.31,0
2026-07-28 07:01:00,596.31,596.5388,593.87,596.3095,0
2026-07-28 07:02:00,596.11,596.3,595.9,596.29,0
2026-07-28 07:03:00,596.29,596.29,595.55,596.25,0
2026-07-28 07:04:00,596.16,596.25,595.8079,595.8079,0
2026-07-28 07:05:00,596.4545,596.5713,595.62,596.4849,0
2026-07-28 07:06:00,596.6747,596.6747,595.48,596.4696,0
2026-07-28 07:07:00,595.55,596.6799,595.4948,595.95,0
2026-07-28 07:08:00,595.5,596.26,595.44,596.26,0
2026-07-28 07:09:00,595.8449,596.64,595.8449,596.0,0
2026-07-28 07:10:00,596.2,596.4513,595.8069,596.32,0
2026-07-28 07:11:00,596.37,596.9988,595.93,596.5775,0
2026-07-28 07:12:00,596.51,597.25,596.51,596.96,0
2026-07-28 07:13:00,597.0226,597.3942,596.9671,597.3942,0
2026-07-28 07:14:00,597.4988,597.4988,596.5,596.8889,0
2026-07-28 07:15:00,596.9328,597.82,596.6297,596.9015,0
2026-07-28 07:16:00,597.7667,598.0,597.0048,597.3855,0
2026-07-28 07:17:00,597.76,597.9112,597.3012,597.8848,0
2026-07-28 07:18:00,597.5027,598.41,597.4085,598.41,0
2026-07-28 07:19:00,597.89,598.2,597.5,598.2,0
2026-07-28 07:20:00,597.89,598.3872,597.5775,597.5775,0
2026-07-28 07:21:00,597.9,598.0,597.5,597.82,0
2026-07-28 07:22:00,598.12,598.41,597.84,598.34,0
2026-07-28 07:23:00,598.34,598.41,597.669,598.41,0
2026-07-28 07:24:00,597.9368,598.3,597.85,598.13,0
2026-07-28 07:25:00,598.02,598.41,597.5,598.0,0
2026-07-28 07:26:00,598.3905,598.3905,597.69,597.76,0
2026-07-28 07:27:00,597.5001,597.75,597.26,597.26,0
2026-07-28 07:28:00,597.26,597.69,597.0,597.4519,0
2026-07-28 07:29:00,597.49,597.49,597.0736,597.1671,0
2026-07-28 07:30:00,597.01,597.033,596.4197,596.9,0
2026-07-28 07:31:00,596.57,597.2,596.4197,597.2,0
2026-07-28 07:32:00,597.4,597.4,596.81,597.138,0
2026-07-28 07:33:00,597.0,597.2,596.95,596.95,0
2026-07-28 07:34:00,597.3887,597.4888,597.2,597.34,0
2026-07-28 07:35:00,597.34,597.4,597.08,597.09,0
2026-07-28 07:36:00,597.16,598.2,597.16,597.33,0
2026-07-28 07:37:00,597.5302,598.14,597.2,597.2,0
2026-07-28 07:38:00,597.3312,597.9,597.1411,597.6644,0
2026-07-28 07:39:00,597.516,597.5583,596.95,597.0,0
2026-07-28 07:40:00,597.0,597.43,596.69,596.72,0
2026-07-28 07:41:00,596.6894,596.74,596.41,596.72,0
2026-07-28 07:42:00,596.71,596.7188,596.4,596.64,0
2026-07-28 07:43:00,596.72,597.0063,596.5512,596.78,0
2026-07-28 07:44:00,597.0,597.0,596.55,596.78,0
2026-07-28 07:45:00,596.78,596.78,596.3212,596.4977,0
2026-07-28 07:46:00,596.4864,596.74,596.4864,596.69,0
2026-07-28 07:47:00,596.68,597.14,596.6334,596.99,0
2026-07-28 07:48:00,597.75,597.75,597.1652,597.27,0
2026-07-28 07:49:00,597.5,597.56,597.0077,597.0748,0
2026-07-28 07:50:00,597.72,597.72,596.99,597.35,0
2026-07-28 07:51:00,597.3899,597.75,597.0744,597.75,0
2026-07-28 07:52:00,597.9,597.9,597.33,597.78,0
2026-07-28 07:53:00,597.78,597.9,597.155,597.84,0
2026-07-28 07:54:00,597.46,597.7597,597.0992,597.41,0
2026-07-28 07:55:00,597.3,598.0,597.0,597.77,0
2026-07-28 07:56:00,597.7754,597.7754,597.2828,597.6298,0
2026-07-28 07:57:00,597.6259,597.77,597.3146,597.38,0
2026-07-28 07:58:00,597.51,597.88,597.28,597.55,0
2026-07-28 07:59:00,597.8378,597.99,597.4389,597.62,0
2026-07-28 08:00:00,598.0,598.0,597.25,597.66,0
2026-07-28 08:01:00,597.82,597.94,597.43,597.86,0
2026-07-28 08:02:00,597.66,598.0,597.5302,597.9,0
2026-07-28 08:03:00,598.0,598.0,597.7059,597.9764,0
2026-07-28 08:04:00,598.0,598.68,597.8,598.22,0
2026-07-28 08:05:00,597.43,598.8788,597.43,598.0,0
2026-07-28 08:06:00,598.0,598.45,597.63,598.03,0
2026-07-28 08:07:00,598.35,598.37,598.22,598.35,0
2026-07-28 08:08:00,598.07,598.33,597.8137,598.0,0
2026-07-28 08:09:00,598.0,598.2903,597.8,598.15,0
2026-07-28 08:10:00,598.15,598.47,597.99,598.4,0
2026-07-28 08:11:00,598.48,598.48,597.8901,597.9867,0
2026-07-28 08:12:00,598.04,598.5,598.0,598.49,0
2026-07-28 08:13:00,598.12,598.7,598.0,598.35,0
2026-07-28 08:14:00,598.6,598.86,598.3925,598.5239,0
2026-07-28 08:15:00,598.82,598.83,598.45,598.52,0
2026-07-28 08:16:00,598.61,598.61,598.0,598.4,0
2026-07-28 08:17:00,598.43,598.88,598.34,598.7587,0
2026-07-28 08:18:00,598.7,598.78,598.18,598.335,0
2026-07-28 08:19:00,598.1812,598.55,597.8312,598.4825,0
2026-07-28 08:20:00,597.9145,598.3833,597.8087,597.8087,0
2026-07-28 08:21:00,598.0,598.56,597.86,598.46,0
2026-07-28 08:22:00,598.42,598.5419,598.08,598.4422,0
2026-07-28 08:23:00,598.08,598.83,597.8,598.83,0
2026-07-28 08:24:00,598.7547,598.88,598.2,598.88,0
2026-07-28 08:25:00,598.73,598.88,598.7,598.7652,0
2026-07-28 08:26:00,598.7595,598.88,598.63,598.63,0
2026-07-28 08:27:00,598.6167,598.87,598.2,598.8481,0
2026-07-28 08:28:00,598.7045,598.88,598.66,598.72,0
2026-07-28 08:29:00,598.5,598.88,598.5,598.88,0
2026-07-28 08:30:00,598.88,599.37,598.81,599.0389,0
2026-07-28 08:31:00,598.84,599.21,598.71,599.0,0
2026-07-28 08:32:00,599.0,599.28,598.95,599.2103,0
2026-07-28 08:33:00,599.35,599.5744,599.0,599.0486,0
2026-07-28 08:34:00,599.11,599.12,598.6,598.83,0
2026-07-28 08:35:00,598.84,598.84,598.6,598.6,0
2026-07-28 08:36:00,598.69,599.22,598.54,599.0,0
2026-07-28 08:37:00,598.98,599.22,598.8,598.84,0
2026-07-28 08:38:00,598.6,599.22,598.32,599.22,0
2026-07-28 08:39:00,599.0,600.0,598.2,599.27,0
2026-07-28 08:40:00,599.5,599.75,598.5012,599.61,0
2026-07-28 08:41:00,599.61,599.75,599.4,599.75,0
2026-07-28 08:42:00,599.5,599.6855,599.3033,599.36,0
2026-07-28 08:43:00,599.4952,599.75,599.28,599.4965,0
2026-07-28 08:44:00,599.7091,599.84,599.45,599.7,0
2026-07-28 08:45:00,599.7,599.7,599.22,599.68,0
2026-07-28 08:46:00,599.57,600.5,599.56,600.11,0
2026-07-28 08:47:00,600.11,600.11,599.5712,599.9013,0
2026-07-28 08:48:00,599.86,664.54,599.58,664.54,0
2026-07-28 08:49:00,599.63,600.19,599.63,600.0,0
2026-07-28 08:50:00,600.19,600.5732,599.98,600.02,0
2026-07-28 08:51:00,599.81,599.81,599.5,599.52,0
2026-07-28 08:52:00,599.8,599.99,599.1534,599.75,0
2026-07-28 08:53:00,599.5,599.7,599.44,599.5,0
2026-07-28 08:54:00,599.49,599.73,599.37,599.37,0
2026-07-28 08:55:00,599.75,599.75,599.48,599.48,0
2026-07-28 08:56:00,599.42,599.6539,599.0001,599.6539,0
2026-07-28 08:57:00,599.31,599.57,599.31,599.51,0
2026-07-28 08:58:00,599.5831,599.99,599.51,599.99,0
2026-07-28 08:59:00,599.84,600.11,599.67,600.11,0
2026-07-28 09:00:00,600.2,600.5,599.4328,599.4328,0
2026-07-28 09:01:00,600.0114,600.5,599.4945,600.35,0
2026-07-28 09:02:00,600.1807,600.51,600.03,600.03,0
2026-07-28 09:03:00,600.52,600.52,599.6,599.65,0
2026-07-28 09:04:00,599.88,600.2,599.5,599.94,0
2026-07-28 09:05:00,599.9367,600.0,599.62,599.664,0
2026-07-28 09:06:00,599.79,600.0,599.67,600.0,0
2026-07-28 09:07:00,600.0,600.0,599.31,599.93,0
2026-07-28 09:08:00,599.7,599.88,599.31,599.8,0
2026-07-28 09:09:00,599.54,599.8,599.4165,599.5,0
2026-07-28 09:10:00,599.4,599.5824,599.0,599.18,0
2026-07-28 09:11:00,599.31,599.31,599.0,599.0397,0
2026-07-28 09:12:00,599.1775,599.21,599.0,599.2047,0
2026-07-28 09:13:00,599.19,599.21,599.0,599.0,0
2026-07-28 09:14:00,598.73,599.0095,598.2,598.99,0
2026-07-28 09:15:00,598.7738,599.0,598.2,598.21,0
2026-07-28 09:16:00,598.49,598.99,598.41,598.8609,0
2026-07-28 09:17:00,598.8,598.983,598.66,598.6886,0
2026-07-28 09:18:00,598.6886,598.9358,598.64,598.76,0
2026-07-28 09:19:00,598.87,598.87,597.8,598.36,0
2026-07-28 09:20:00,598.2976,598.88,597.8,598.37,0
2026-07-28 09:21:00,598.74,598.81,598.12,598.12,0
2026-07-28 09:22:00,598.0553,598.5,598.05,598.36,0
2026-07-28 09:23:00,598.36,598.36,597.64,598.14,0
2026-07-28 09:24:00,598.213,598.5,597.77,598.3,0
2026-07-28 09:25:00,598.12,598.13,596.45,596.45,0
2026-07-28 09:26:00,597.0,597.78,596.46,597.0077,0
2026-07-28 09:27:00,596.96,597.56,596.1,596.2,0
2026-07-28 09:28:00,596.0,596.63,595.06,596.62,0
2026-07-28 09:29:00,596.56,596.99,595.48,596.4,0
2026-07-28 09:30:00,595.9,601.0,595.62,597.595,490892
2026-07-28 09:31:00,597.86,599.9999,597.27,598.905,53481
2026-07-28 09:32:00,599.47,599.65,597.01,597.13,53398
2026-07-28 09:33:00,597.0105,599.0,596.92,598.44,39414
2026-07-28 09:34:00,598.375,598.96,596.01,597.7049,54728
2026-07-28 09:35:00,597.72,599.035,596.39,599.035,37727
2026-07-28 09:36:00,599.02,599.72,598.01,599.54,42905
2026-07-28 09:37:00,599.54,599.89,598.65,599.45,35523
2026-07-28 09:38:00,599.26,599.7999,598.24,599.04,42750
2026-07-28 09:39:00,599.06,599.135,597.39,597.59,47215
2026-07-28 09:40:00,597.717,597.717,595.5,595.52,64777
2026-07-28 09:41:00,595.52,596.6,595.0,595.61,85387
2026-07-28 09:42:00,595.36,595.53,594.0901,594.68,36418
2026-07-28 09:43:00,594.75,595.47,594.11,595.295,24476
2026-07-28 09:44:00,595.295,595.75,594.95,594.96,24452
2026-07-28 09:45:00,594.9768,595.58,594.19,594.21,45129
2026-07-28 09:46:00,594.19,594.19,593.3,593.3,36700
2026-07-28 09:47:00,593.545,594.05,592.0,592.4361,44695
2026-07-28 09:48:00,592.4,593.05,591.41,591.41,53651
2026-07-28 09:49:00,591.47,592.96,591.0,592.9,27941
2026-07-28 09:50:00,592.74,593.6655,592.01,592.03,21793
2026-07-28 09:51:00,592.32,594.26,592.32,593.71,39811
2026-07-28 09:52:00,593.62,595.675,593.37,595.425,46051
2026-07-28 09:53:00,595.47,595.9,594.41,595.02,23689
2026-07-28 09:54:00,595.035,595.46,593.1958,593.375,26001
2026-07-28 09:55:00,593.27,593.78,592.59,593.165,25994
2026-07-28 09:56:00,593.25,594.42,593.25,594.0966,24334
2026-07-28 09:57:00,593.6,594.2975,593.3125,594.12,23702
2026-07-28 09:58:00,593.955,593.955,593.0,593.1,16846
2026-07-28 09:59:00,593.28,593.59,592.87,593.19,22909
2026-07-28 10:00:00,593.28,594.67,593.2,594.42,21356
2026-07-28 10:01:00,594.55,594.79,593.93,594.19,16064
2026-07-28 10:02:00,594.08,594.74,593.89,594.085,24678
2026-07-28 10:03:00,594.18,594.5,593.0,593.21,23876
2026-07-28 10:04:00,593.2914,593.62,592.7801,592.96,17158
2026-07-28 10:05:00,592.945,593.77,592.74,593.61,20635
2026-07-28 10:06:00,593.43,593.59,592.9555,593.195,18962
2026-07-28 10:07:00,593.195,593.57,593.195,593.2125,19234
2026-07-28 10:08:00,593.17,593.57,592.6968,593.395,18626
2026-07-28 10:09:00,593.4,594.34,593.4,593.95,20119
2026-07-28 10:10:00,593.9,594.65,593.72,594.19,25673
2026-07-28 10:11:00,594.09,594.11,593.07,593.16,17933
2026-07-28 10:12:00,593.31,593.58,592.2,592.2,24215
2026-07-28 10:13:00,592.2,592.57,591.5801,591.715,27612
2026-07-28 10:14:00,591.72,592.3112,591.49,592.03,22953
2026-07-28 10:15:00,592.02,592.48,591.71,592.19,21255
2026-07-28 10:16:00,592.225,592.34,591.895,592.34,17958
2026-07-28 10:17:00,592.38,593.355,592.1905,593.21,19706
2026-07-28 10:18:00,593.11,593.87,592.92,593.69,21348
2026-07-28 10:19:00,593.71,593.94,593.505,593.71,20929
2026-07-28 10:20:00,593.8,594.8597,593.77,594.11,29031
2026-07-28 10:21:00,594.32,594.75,593.95,594.132,29504
2026-07-28 10:22:00,594.12,594.12,592.94,593.005,24661
2026-07-28 10:23:00,593.125,594.99,593.01,594.99,25331
2026-07-28 10:24:00,594.83,595.11,594.08,594.16,21218
2026-07-28 10:25:00,594.235,594.5,593.86,594.325,16021
2026-07-28 10:26:00,594.18,594.29,593.64,593.87,34968
2026-07-28 10:27:00,593.99,594.3,593.62,594.15,14170
2026-07-28 10:28:00,594.02,594.1629,593.48,593.555,13503
2026-07-28 10:29:00,593.59,594.55,593.5701,594.52,19629
2026-07-28 10:30:00,594.5,594.5,593.5,593.695,20365
2026-07-28 10:31:00,593.66,593.895,593.12,593.12,31651
2026-07-28 10:32:00,593.14,593.62,592.78,593.5697,21745
2026-07-28 10:33:00,593.51,593.64,592.7828,592.92,14022
2026-07-28 10:34:00,592.915,593.11,591.65,591.65,24476
2026-07-28 10:35:00,591.575,591.87,591.34,591.845,17870
2026-07-28 10:36:00,591.845,592.42,591.72,592.15,21907
2026-07-28 10:37:00,592.2667,592.44,591.35,591.445,13487
2026-07-28 10:38:00,591.44,591.54,590.46,590.68,29277
2026-07-28 10:39:00,590.5035,590.7,589.88,590.48,58689
2026-07-28 10:40:00,590.62,591.44,590.06,591.295,18736
2026-07-28 10:41:00,591.295,592.3199,591.2,592.04,35572
2026-07-28 10:42:00,592.0,592.3299,591.71,591.98,20684
2026-07-28 10:43:00,591.87,592.68,591.63,592.59,22757
2026-07-28 10:44:00,592.56,593.24,592.33,593.095,20373
2026-07-28 10:45:00,593.095,593.7,592.61,592.61,26252
2026-07-28 10:46:00,592.73,593.65,592.57,592.98,45029
2026-07-28 10:47:00,593.005,593.6,592.6005,593.14,18603
2026-07-28 10:48:00,593.15,593.44,592.9,592.965,10131
2026-07-28 10:49:00,593.1199,593.1199,592.47,592.7,14421
2026-07-28 10:50:00,592.62,592.99,592.47,592.88,18084
2026-07-28 10:51:00,592.865,592.97,592.0964,592.485,19895
2026-07-28 10:52:00,592.485,592.675,592.0405,592.675,16629
2026-07-28 10:53:00,592.69,592.7,591.31,591.4647,14729
2026-07-28 10:54:00,591.42,591.6199,590.64,590.64,18203
2026-07-28 10:55:00,590.6901,591.5,590.33,591.005,21454
2026-07-28 10:56:00,591.0,591.25,590.66,590.66,14764
2026-07-28 10:57:00,590.66,590.8956,590.212,590.45,19520
2026-07-28 10:58:00,590.48,590.48,590.11,590.295,21634
2026-07-28 10:59:00,590.32,590.48,589.4,589.55,53443
2026-07-28 11:00:00,589.54,589.94,589.2901,589.58,57739
2026-07-28 11:01:00,589.58,590.18,589.28,589.48,23247
2026-07-28 11:02:00,589.59,589.59,588.8,589.05,40125
2026-07-28 11:03:00,589.1591,589.1591,587.78,588.005,37996
2026-07-28 11:04:00,588.005,588.01,587.01,587.09,58490
2026-07-28 11:05:00,587.065,588.434,587.0,588.434,66191
2026-07-28 11:06:00,588.295,588.9,587.86,588.77,53521
2026-07-28 11:07:00,588.76,588.775,587.898,588.221,40591
2026-07-28 11:08:00,588.265,588.68,588.041,588.445,14355
2026-07-28 11:09:00,588.445,588.445,587.5784,588.295,33545
2026-07-28 11:10:00,588.2975,589.3,588.295,588.9976,56607
2026-07-28 11:11:00,588.78,590.35,588.5601,590.22,26378
2026-07-28 11:12:00,590.225,591.29,589.9,591.29,25209
2026-07-28 11:13:00,591.29,591.3,590.4135,591.0,22052
2026-07-28 11:14:00,591.0,591.6,590.88,591.325,21339
2026-07-28 11:15:00,591.32,592.062,591.16,591.78,24383
2026-07-28 11:16:00,591.98,593.33,591.8,593.2528,26993
2026-07-28 11:17:00,593.22,593.5,592.751,593.31,31543
2026-07-28 11:18:00,593.46,594.2394,592.625,594.115,28287
2026-07-28 11:19:00,594.115,594.47,593.57,594.215,15054
2026-07-28 11:20:00,594.155,594.74,594.0101,594.6021,31564
2026-07-28 11:21:00,594.54,594.74,593.5201,593.93,16829
2026-07-28 11:22:00,593.69,594.03,593.1,593.305,8407
2026-07-28 11:23:00,593.2,593.54,592.1501,592.64,26111
2026-07-28 11:24:00,592.73,592.87,592.33,592.7,15482
2026-07-28 11:25:00,592.7,592.83,592.11,592.46,17809
2026-07-28 11:26:00,592.43,593.215,592.365,593.12,16984
2026-07-28 11:27:00,593.12,593.68,593.0601,593.67,10321
2026-07-28 11:28:00,593.775,594.4,593.6,594.4,11541
2026-07-28 11:29:00,594.41,594.5926,593.75,593.7566,15579
2026-07-28 11:30:00,594.03,594.75,593.845,594.3379,16120
2026-07-28 11:31:00,594.35,594.53,594.14,594.36,14045
2026-07-28 11:32:00,594.3337,594.47,593.79,594.3099,22281
2026-07-28 11:33:00,594.15,594.38,593.86,593.89,33507
2026-07-28 11:34:00,593.97,594.2999,593.62,594.0,8640
2026-07-28 11:35:00,594.03,594.25,593.84,593.9587,9789
2026-07-28 11:36:00,593.84,594.22,593.81,594.0199,12997
2026-07-28 11:37:00,593.815,594.5,593.65,594.2,12228
2026-07-28 11:38:00,594.355,594.355,593.57,593.9317,10921
2026-07-28 11:39:00,593.85,593.985,593.46,593.46,8672
2026-07-28 11:40:00,593.4,593.73,593.31,593.73,9597
2026-07-28 11:41:00,593.49,594.5,593.49,593.795,16845
2026-07-28 11:42:00,593.83,594.24,593.83,593.91,6139
2026-07-28 11:43:00,594.095,594.26,593.7,593.845,20264
2026-07-28 11:44:00,593.97,594.23,593.87,594.0,11585
2026-07-28 11:45:00,594.005,594.14,593.65,593.7,5468
2026-07-28 11:46:00,593.79,593.8811,593.48,593.61,9844
2026-07-28 11:47:00,593.61,594.04,593.56,593.75,12022
2026-07-28 11:48:00,593.905,594.39,593.7,594.39,7149
2026-07-28 11:49:00,594.29,594.43,593.7122,594.24,12497
2026-07-28 11:50:00,594.44,594.44,593.98,594.1669,11840
2026-07-28 11:51:00,593.98,594.99,593.9,594.9895,18578
2026-07-28 11:52:00,594.81,595.5,594.7829,595.285,13896
2026-07-28 11:53:00,595.29,595.6,595.1,595.175,17691
2026-07-28 11:54:00,595.165,595.29,594.95,595.075,17112
2026-07-28 11:55:00,594.98,595.21,594.5301,594.5301,13057
2026-07-28 11:56:00,594.75,594.75,594.23,594.605,8771
2026-07-28 11:57:00,594.6,595.0,594.4333,594.9999,7885
2026-07-28 11:58:00,594.81,594.9695,594.68,594.7844,7789
2026-07-28 11:59:00,594.78,595.4,594.78,595.4,9048
2026-07-28 12:00:00,595.55,595.64,595.0,595.469,15401
2026-07-28 12:01:00,595.31,596.05,595.31,595.98,52122
2026-07-28 12:02:00,596.0,596.3499,595.8,596.27,35587
2026-07-28 12:03:00,596.33,596.72,596.22,596.44,13066
2026-07-28 12:04:00,596.2201,596.37,595.95,596.04,10064
2026-07-28 12:05:00,596.19,596.33,596.0,596.25,13672
2026-07-28 12:06:00,596.27,596.47,596.2,596.315,10821
2026-07-28 12:07:00,596.38,596.38,596.17,596.33,7696
2026-07-28 12:08:00,596.31,596.665,596.2501,596.665,10578
2026-07-28 12:09:00,596.67,596.942,596.59,596.72,24114
2026-07-28 12:10:00,596.76,597.14,596.65,596.92,24002
2026-07-28 12:11:00,596.81,596.997,596.53,596.63,9667
2026-07-28 12:12:00,596.73,596.74,596.27,596.5,12049
2026-07-28 12:13:00,596.55,596.899,596.55,596.72,10416
2026-07-28 12:14:00,596.74,596.94,596.5,596.84,12372
2026-07-28 12:15:00,596.95,597.315,596.7383,597.315,15346
2026-07-28 12:16:00,597.353,597.3844,596.6,596.71,23733
2026-07-28 12:17:00,596.78,597.2209,596.76,597.22,11262
2026-07-28 12:18:00,597.1999,597.5,597.08,597.23,20575
2026-07-28 12:19:00,597.35,597.87,597.1287,597.69,13198
2026-07-28 12:20:00,597.87,598.0,597.25,597.29,19446
2026-07-28 12:21:00,597.47,597.78,597.27,597.33,9810
2026-07-28 12:22:00,597.2629,597.87,597.2525,597.47,11330
2026-07-28 12:23:00,597.365,597.49,596.79,596.91,11348
2026-07-28 12:24:00,596.86,596.919,596.37,596.745,17689
2026-07-28 12:25:00,596.68,596.94,596.555,596.91,18003
2026-07-28 12:26:00,596.87,596.98,596.6885,596.72,10053
2026-07-28 12:27:00,596.7539,596.93,596.7,596.745,9570
2026-07-28 12:28:00,596.8494,596.8999,596.5939,596.715,6052
2026-07-28 12:29:00,596.61,596.61,596.25,596.365,11030
2026-07-28 12:30:00,596.365,596.74,596.365,596.71,6483
2026-07-28 12:31:00,596.76,596.895,596.57,596.78,14734
2026-07-28 12:32:00,596.715,597.0,596.621,596.621,20149
2026-07-28 12:33:00,596.71,596.71,596.1,596.1,21504
2026-07-28 12:34:00,596.0909,596.2336,595.19,595.19,32963
2026-07-28 12:35:00,595.19,595.47,595.1,595.47,14492
2026-07-28 12:36:00,595.44,595.69,595.18,595.27,18341
2026-07-28 12:37:00,595.29,595.34,595.08,595.1,8235
2026-07-28 12:38:00,595.3699,595.7399,595.0,595.49,15634
2026-07-28 12:39:00,595.56,595.69,595.39,595.625,11782
2026-07-28 12:40:00,595.625,595.74,595.5,595.51,7038
2026-07-28 12:41:00,595.45,595.59,595.28,595.38,4728
2026-07-28 12:42:00,595.4897,595.58,595.18,595.18,11154
2026-07-28 12:43:00,595.305,595.46,595.21,595.46,16148
2026-07-28 12:44:00,595.45,595.6425,595.09,595.09,11824
2026-07-28 12:45:00,595.09,595.29,595.0,595.29,8931
2026-07-28 12:46:00,595.16,595.37,594.2001,594.2462,10701
2026-07-28 12:47:00,594.285,594.5068,594.24,594.365,5890
2026-07-28 12:48:00,594.29,594.3945,594.03,594.24,5675
2026-07-28 12:49:00,594.235,594.235,593.78,594.155,16449
2026-07-28 12:50:00,594.07,594.93,594.05,594.785,19844
2026-07-28 12:51:00,594.8,594.8,594.5,594.685,19889
2026-07-28 12:52:00,594.61,595.6833,594.61,595.65,6146
2026-07-28 12:53:00,595.5875,595.78,594.94,594.94,33489
2026-07-28 12:54:00,594.93,595.175,594.65,595.0156,11329
2026-07-28 12:55:00,594.845,595.12,594.845,595.035,17779
2026-07-28 12:56:00,594.94,595.12,594.7601,594.8329,17801
2026-07-28 12:57:00,595.03,595.24,594.23,594.845,33927
2026-07-28 12:58:00,594.905,595.04,594.8,594.9,7924
2026-07-28 12:59:00,594.945,595.0358,594.25,594.3562,11646
2026-07-28 13:00:00,594.43,594.43,593.85,593.85,14942
2026-07-28 13:01:00,593.81,594.03,593.38,593.8097,19162
2026-07-28 13:02:00,593.8289,593.83,593.5564,593.76,8618
2026-07-28 13:03:00,593.8,593.855,592.91,593.0,43742
2026-07-28 13:04:00,593.04,593.245,592.91,593.13,22927
2026-07-28 13:05:00,593.13,593.45,593.0,593.25,25165
2026-07-28 13:06:00,593.2277,593.36,592.77,593.02,11899
2026-07-28 13:07:00,592.95,593.025,592.795,592.98,7955
2026-07-28 13:08:00,593.08,593.26,592.9,593.11,10083
2026-07-28 13:09:00,592.95,592.97,592.51,592.6,6990
2026-07-28 13:10:00,592.5,592.51,592.24,592.5,19535
2026-07-28 13:11:00,592.445,592.7598,592.445,592.745,307656
2026-07-28 13:12:00,592.8665,593.1,592.865,592.9735,9377
2026-07-28 13:13:00,593.035,593.035,592.7,592.8,5531
2026-07-28 13:14:00,592.88,593.01,592.8,592.935,9860
2026-07-28 13:15:00,592.95,593.71,592.89,593.71,22936
2026-07-28 13:16:00,593.71,593.82,593.5,593.51,4052
2026-07-28 13:17:00,593.75,593.935,593.22,593.26,14787
2026-07-28 13:18:00,593.31,593.4899,593.1,593.195,5634
2026-07-28 13:19:00,593.12,593.24,592.82,592.89,12643
2026-07-28 13:20:00,592.85,593.78,592.79,593.775,20618
2026-07-28 13:21:00,593.77,594.1806,593.37,593.37,12530
2026-07-28 13:22:00,593.31,593.465,592.99,593.15,3802
2026-07-28 13:23:00,593.32,593.559,593.23,593.465,7858
2026-07-28 13:24:00,593.54,593.78,593.41,593.41,7222
2026-07-28 13:25:00,593.485,593.53,593.155,593.495,24865
2026-07-28 13:26:00,593.495,593.7099,593.4256,593.53,7272
2026-07-28 13:27:00,593.68,594.685,593.55,593.72,30192
2026-07-28 13:28:00,593.8,594.02,593.67,593.69,7572
2026-07-28 13:29:00,593.79,593.97,593.55,593.55,4545
2026-07-28 13:30:00,593.5,593.66,593.44,593.66,2890
2026-07-28 13:31:00,593.66,594.05,593.655,594.0,8682
2026-07-28 13:32:00,593.915,593.96,593.34,593.34,5468
2026-07-28 13:33:00,593.543,594.21,593.543,594.12,17614
2026-07-28 13:34:00,594.17,594.57,594.02,594.32,57980
2026-07-28 13:35:00,594.35,594.88,594.13,594.22,8769
2026-07-28 13:36:00,594.255,594.4599,594.12,594.2,3760
2026-07-28 13:37:00,594.325,594.38,594.0101,594.09,9583
2026-07-28 13:38:00,594.09,594.46,594.09,594.41,9845
2026-07-28 13:39:00,594.445,594.49,594.24,594.315,4906
2026-07-28 13:40:00,594.325,594.8,594.27,594.67,13071
2026-07-28 13:41:00,594.78,595.0,594.4,594.46,23156
2026-07-28 13:42:00,594.545,594.58,594.21,594.35,7659
2026-07-28 13:43:00,594.2581,594.355,593.53,593.575,12197
2026-07-28 13:44:00,593.5536,593.71,593.4501,593.7,5020
2026-07-28 13:45:00,593.65,593.99,593.65,593.88,7835
2026-07-28 13:46:00,593.75,593.86,593.0601,593.27,14547
2026-07-28 13:47:00,593.45,593.7799,593.2942,593.2942,5049
2026-07-28 13:48:00,593.585,594.08,593.585,593.815,23599
2026-07-28 13:49:00,593.98,593.98,593.51,593.735,8332
2026-07-28 13:50:00,593.91,593.91,593.27,593.27,9090
2026-07-28 13:51:00,593.27,593.43,593.15,593.205,5881
2026-07-28 13:52:00,593.205,593.345,592.52,592.79,13109
2026-07-28 13:53:00,592.65,592.89,592.5,592.5,8621
2026-07-28 13:54:00,592.5,593.03,592.5,593.005,25280
2026-07-28 13:55:00,593.005,593.21,592.95,593.1,39644
2026-07-28 13:56:00,593.165,593.47,592.9909,593.455,7095
2026-07-28 13:57:00,593.49,593.725,593.29,593.71,6856
2026-07-28 13:58:00,593.685,593.7368,593.28,593.5025,6002
2026-07-28 13:59:00,593.505,594.7,593.505,594.445,24325
2026-07-28 14:00:00,594.45,595.0,594.3,594.865,9689
2026-07-28 14:01:00,594.9,594.9,593.83,593.83,8012
2026-07-28 14:02:00,593.935,593.95,593.35,593.36,7306
2026-07-28 14:03:00,593.415,593.75,593.35,593.52,8144
2026-07-28 14:04:00,593.511,593.815,593.41,593.6284,8110
2026-07-28 14:05:00,593.625,593.79,593.185,593.4,6015
2026-07-28 14:06:00,593.4,593.48,593.12,593.32,6540
2026-07-28 14:07:00,593.2,593.58,593.2,593.5337,4990
2026-07-28 14:08:00,593.61,593.85,593.56,593.56,9249
2026-07-28 14:09:00,593.45,594.01,593.45,593.7,11791
2026-07-28 14:10:00,593.6386,593.72,593.39,593.6902,3382
2026-07-28 14:11:00,593.435,593.8,593.4,593.44,11101
2026-07-28 14:12:00,593.51,593.51,593.0601,593.445,9790
2026-07-28 14:13:00,593.63,593.63,593.11,593.39,4334
2026-07-28 14:14:00,593.445,593.73,593.22,593.69,8480
2026-07-28 14:15:00,593.75,593.95,593.73,593.93,11562
2026-07-28 14:16:00,593.95,593.99,593.7,593.7,10443
2026-07-28 14:17:00,593.8693,593.8693,593.38,593.52,6798
2026-07-28 14:18:00,593.61,593.74,593.6,593.6,7036
2026-07-28 14:19:00,593.7,593.7,593.495,593.56,9518
2026-07-28 14:20:00,593.65,595.0,593.56,594.5125,51092
2026-07-28 14:21:00,594.45,595.22,594.435,594.695,14272
2026-07-28 14:22:00,594.76,594.9,594.666,594.89,5271
2026-07-28 14:23:00,594.8461,594.89,594.5401,594.5401,8793
2026-07-28 14:24:00,594.58,594.78,594.44,594.465,10519
2026-07-28 14:25:00,594.43,594.64,594.2,594.25,5366
2026-07-28 14:26:00,594.41,594.54,594.17,594.475,12621
2026-07-28 14:27:00,594.355,594.49,594.28,594.28,4765
2026-07-28 14:28:00,594.5,594.625,594.29,594.365,6779
2026-07-28 14:29:00,594.39,594.47,594.3,594.47,4626
2026-07-28 14:30:00,594.49,594.598,594.3,594.3,8003
2026-07-28 14:31:00,594.3001,594.47,593.8,593.9,9096
2026-07-28 14:32:00,593.83,594.025,593.55,593.748,16886
2026-07-28 14:33:00,593.605,593.84,593.51,593.84,19567
2026-07-28 14:34:00,593.83,594.04,593.7,594.04,10657
2026-07-28 14:35:00,593.88,594.12,593.2009,593.255,19814
2026-07-28 14:36:00,593.31,593.335,591.69,592.8158,56159
2026-07-28 14:37:00,592.885,593.08,592.61,592.76,8216
2026-07-28 14:38:00,592.81,593.3999,592.755,593.285,13371
2026-07-28 14:39:00,593.285,593.285,592.8,592.8,10675
2026-07-28 14:40:00,592.8,593.21,592.7358,593.1,10889
2026-07-28 14:41:00,593.11,593.8099,593.11,593.5239,8731
2026-07-28 14:42:00,593.39,593.41,593.0,593.15,6674
2026-07-28 14:43:00,593.34,593.6999,593.3101,593.528,4867
2026-07-28 14:44:00,593.6,593.76,593.44,593.74,6696
2026-07-28 14:45:00,593.64,594.14,593.64,594.14,7129
2026-07-28 14:46:00,594.22,594.41,594.09,594.39,8114
2026-07-28 14:47:00,594.39,594.425,594.2,594.24,4977
2026-07-28 14:48:00,594.235,594.3,594.0738,594.165,5799
2026-07-28 14:49:00,594.165,594.3,593.93,594.2999,7918
2026-07-28 14:50:00,594.35,594.43,594.17,594.43,6033
2026-07-28 14:51:00,594.43,594.43,594.1,594.24,10567
2026-07-28 14:52:00,594.24,594.31,594.045,594.29,6829
2026-07-28 14:53:00,594.37,594.49,594.33,594.45,6860
2026-07-28 14:54:00,594.43,594.56,594.26,594.27,9526
2026-07-28 14:55:00,594.32,594.38,594.0501,594.36,6960
2026-07-28 14:56:00,594.265,594.35,594.1,594.1625,6264
2026-07-28 14:57:00,594.2171,594.2179,594.0,594.105,8679
2026-07-28 14:58:00,594.1699,594.29,594.045,594.215,9408
2026-07-28 14:59:00,594.215,594.58,594.14,594.5195,7373
2026-07-28 15:00:00,594.44,595.3897,594.44,595.0,24811
2026-07-28 15:01:00,595.065,595.12,594.93,595.09,5367
2026-07-28 15:02:00,595.11,595.12,594.84,594.99,10969
2026-07-28 15:03:00,595.0,595.055,594.84,594.93,7125
2026-07-28 15:04:00,594.93,594.99,594.79,594.8501,62485
2026-07-28 15:05:00,594.93,595.01,594.475,594.51,8223
2026-07-28 15:06:00,594.65,594.89,594.65,594.69,6284
2026-07-28 15:07:00,594.63,594.765,594.53,594.7,8618
2026-07-28 15:08:00,594.7,594.7,594.3739,594.41,12945
2026-07-28 15:09:00,594.385,594.53,594.3,594.375,13075
2026-07-28 15:10:00,594.45,594.48,593.9,593.9861,11880
2026-07-28 15:11:00,593.77,593.97,593.605,593.605,8874
2026-07-28 15:12:00,593.63,593.81,593.5,593.74,8972
2026-07-28 15:13:00,593.81,593.93,593.57,593.699,7912
2026-07-28 15:14:00,593.785,593.785,593.36,593.37,12617
2026-07-28 15:15:00,593.475,593.71,593.35,593.49,9935
2026-07-28 15:16:00,593.65,593.65,593.2,593.605,14137
2026-07-28 15:17:00,593.605,593.89,593.475,593.79,16488
2026-07-28 15:18:00,593.74,594.12,593.48,594.12,15690
2026-07-28 15:19:00,594.095,594.28,593.88,594.09,7239
2026-07-28 15:20:00,593.905,593.97,593.7301,593.745,7456
2026-07-28 15:21:00,593.74,593.965,593.64,593.922,27148
2026-07-28 15:22:00,593.84,593.84,593.46,593.56,14970
2026-07-28 15:23:00,593.57,593.71,593.41,593.45,4777
2026-07-28 15:24:00,593.41,593.53,593.33,593.33,7191
2026-07-28 15:25:00,593.3608,593.53,593.21,593.4,10552
2026-07-28 15:26:00,593.315,593.33,593.13,593.13,12016
2026-07-28 15:27:00,593.2399,593.53,593.21,593.43,7459
2026-07-28 15:28:00,593.435,593.75,593.43,593.69,12497
2026-07-28 15:29:00,593.71,593.792,593.42,593.505,7043
2026-07-28 15:30:00,593.43,593.58,592.97,593.49,25098
2026-07-28 15:31:00,593.6,593.6,593.0,593.0401,12472
2026-07-28 15:32:00,593.115,593.27,593.1,593.165,458754
2026-07-28 15:33:00,593.19,593.55,593.01,593.5199,16417
2026-07-28 15:34:00,593.43,593.75,593.3704,593.49,14683
2026-07-28 15:35:00,593.61,593.625,592.82,593.02,19686
2026-07-28 15:36:00,593.18,593.3096,592.99,593.18,12158
2026-07-28 15:37:00,593.065,593.38,593.065,593.27,10229
2026-07-28 15:38:00,593.27,593.445,593.0501,593.09,12327
2026-07-28 15:39:00,593.11,593.615,593.05,593.55,17572
2026-07-28 15:40:00,593.575,593.76,593.45,593.55,13329
2026-07-28 15:41:00,593.53,593.64,593.25,593.43,15638
2026-07-28 15:42:00,593.425,593.8,593.28,593.285,14103
2026-07-28 15:43:00,593.24,593.68,593.19,593.56,14544
2026-07-28 15:44:00,593.615,593.65,593.47,593.55,260898
2026-07-28 15:45:00,593.56,593.95,593.51,593.595,23278
2026-07-28 15:46:00,593.595,594.07,593.595,594.07,21280
2026-07-28 15:47:00,593.995,594.25,593.78,594.07,37643
2026-07-28 15:48:00,593.9646,594.2,593.78,593.81,13931
2026-07-28 15:49:00,593.8,594.11,593.5718,594.0,16827
2026-07-28 15:50:00,593.95,594.45,593.95,594.06,32386
2026-07-28 15:51:00,594.12,594.27,593.75,593.75,27276
2026-07-28 15:52:00,593.72,594.17,593.7,594.17,24454
2026-07-28 15:53:00,594.09,594.41,593.97,594.11,32534
2026-07-28 15:54:00,594.11,594.49,593.75,594.12,41815
2026-07-28 15:55:00,594.01,594.01,592.7,593.44,105212
2026-07-28 15:56:00,593.64,594.23,593.33,594.195,58661
2026-07-28 15:57:00,594.23,594.285,593.7816,593.84,64761
2026-07-28 15:58:00,593.87,593.99,593.4,593.49,136985
2026-07-28 15:59:00,593.495,593.73,593.12,593.66,271960
2026-07-28 16:00:00,593.41,595.0,593.0,593.62,364464
2026-07-28 16:01:00,593.1615,594.0,593.04,594.0,0
2026-07-28 16:02:00,593.52,593.9988,593.508,593.5759,0
2026-07-28 16:03:00,593.5954,593.9884,593.5855,593.7,0
2026-07-28 16:04:00,593.6,594.0,593.41,594.0,0
2026-07-28 16:05:00,594.27,595.0,593.5375,595.0,0
2026-07-28 16:06:00,593.934,594.0,593.41,594.0,0
2026-07-28 16:07:00,593.9915,594.975,593.95,594.1255,0
2026-07-28 16:08:00,594.6058,594.9,593.41,594.2267,0
2026-07-28 16:09:00,594.69,594.9675,594.07,594.7562,0
2026-07-28 16:10:00,594.1902,594.8782,593.41,594.8782,0
2026-07-28 16:11:00,594.5,594.8,594.1272,594.3074,0
2026-07-28 16:12:00,594.5,595.0,594.5,595.0,0
2026-07-28 16:13:00,594.7,595.0,594.5125,595.0,0
2026-07-28 16:14:00,594.9737,595.0,594.5125,594.9346,0
2026-07-28 16:15:00,593.41,594.9019,593.41,594.6991,0
2026-07-28 16:16:00,594.78,594.98,594.0175,594.51,0
2026-07-28 16:17:00,594.69,594.7,593.41,594.02,0
2026-07-28 16:18:00,594.7,594.7,594.14,594.26,0
2026-07-28 16:19:00,594.51,594.7,594.25,594.7,0
2026-07-28 16:20:00,593.41,594.69,593.41,594.3841,0
2026-07-28 16:21:00,594.69,594.692,594.36,594.5565,0
2026-07-28 16:22:00,594.5,594.659,594.2,594.2,0
2026-07-28 16:23:00,594.4,594.7,594.4,594.4897,0
2026-07-28 16:24:00,594.5831,594.69,594.2,594.6045,0
2026-07-28 16:25:00,594.3,594.7,594.13,594.13,0
2026-07-28 16:26:00,594.59,594.7,594.3,594.52,0
2026-07-28 16:27:00,594.62,594.98,594.4789,594.8,0
2026-07-28 16:28:00,594.5,594.9709,594.5,594.91,0
2026-07-28 16:29:00,594.8989,605.225,594.13,595.0,0
2026-07-28 16:30:00,594.89,595.0,594.5,594.5,0
2026-07-28 16:31:00,594.9123,595.0,594.5,595.0,0
2026-07-28 16:32:00,594.82,595.0,594.7519,594.7565,0
2026-07-28 16:33:00,594.5,594.82,592.6,594.15,0
2026-07-28 16:34:00,594.1758,594.5,593.9755,594.42,0
2026-07-28 16:35:00,594.46,595.0,594.29,594.9101,0
2026-07-28 16:36:00,594.119,594.9,594.03,594.11,0
2026-07-28 16:37:00,594.1,594.82,593.52,594.03,0
2026-07-28 16:38:00,594.31,594.446,593.42,594.446,0
2026-07-28 16:39:00,594.0,594.0,593.42,593.6,0
2026-07-28 16:40:00,593.61,593.9458,593.4247,593.7,0
2026-07-28 16:41:00,593.9875,593.9875,593.78,593.9736,0
2026-07-28 16:42:00,593.9736,594.4988,593.9736,594.14,0
2026-07-28 16:43:00,594.29,595.82,594.08,594.5,0
2026-07-28 16:44:00,594.34,594.43,594.2757,594.3091,0
2026-07-28 16:45:00,594.29,594.5775,593.94,594.5349,0
2026-07-28 16:46:00,594.83,594.9,594.6,594.66,0
2026-07-28 16:47:00,553.6742,595.82,553.6742,594.67,0
2026-07-28 16:48:00,594.9999,594.9999,594.6002,594.92,0
2026-07-28 16:49:00,594.92,595.0,594.72,594.92,0
2026-07-28 16:50:00,594.94,599.6601,572.6377,594.8099,0
2026-07-28 16:51:00,594.78,630.9459,594.5,594.58,0
2026-07-28 16:52:00,594.0,595.0,594.0,594.42,0
2026-07-28 16:53:00,594.66,594.8601,594.6433,594.6433,0
2026-07-28 16:54:00,594.0,594.75,594.0,594.7326,0
2026-07-28 16:55:00,594.6834,594.7488,594.32,594.7,0
2026-07-28 16:56:00,594.32,594.6988,594.32,594.5642,0
2026-07-28 16:57:00,594.5642,594.6,594.4187,594.5591,0
2026-07-28 16:58:00,594.5642,594.5642,594.3358,594.48,0
2026-07-28 16:59:00,594.4,594.75,594.32,594.59,0
2026-07-28 17:00:00,594.59,594.59,594.32,594.32,0
2026-07-28 17:01:00,594.5,594.5,594.32,594.46,0
2026-07-28 17:02:00,594.5,599.6601,594.32,594.49,0
2026-07-28 17:03:00,594.43,594.7,594.32,594.51,0
2026-07-28 17:04:00,594.563,594.7,594.26,594.51,0
2026-07-28 17:05:00,594.32,594.7,594.3195,594.7,0
2026-07-28 17:06:00,594.773,594.773,594.6022,594.6022,0
2026-07-28 17:07:00,594.6,612.8653,564.0767,594.8988,0
2026-07-28 17:08:00,594.72,632.4961,594.6,594.8,0
2026-07-28 17:09:00,594.8794,594.8908,594.8428,594.8862,0
2026-07-28 17:10:00,594.7594,594.8847,564.0767,594.8768,0
2026-07-28 17:11:00,594.88,594.9,594.8,594.88,0
2026-07-28 17:12:00,594.8962,594.9,594.7521,594.7521,0
2026-07-28 17:13:00,594.89,594.9,594.89,594.9,0
2026-07-28 17:14:00,594.8999,595.0,594.7512,594.9613,0
2026-07-28 17:15:00,595.0,595.0,553.6742,594.9577,0
2026-07-28 17:16:00,594.7887,632.4961,572.6377,594.9396,0
2026-07-28 17:17:00,594.8,594.9419,594.8,594.89,0
2026-07-28 17:18:00,594.89,594.9,594.7732,594.9,0
2026-07-28 17:19:00,594.88,594.9,594.6,594.7,0
2026-07-28 17:20:00,594.7767,594.8,594.6244,594.7649,0
2026-07-28 17:21:00,594.8,594.9,594.6218,594.86,0
2026-07-28 17:22:00,594.74,594.88,594.6001,594.6075,0
2026-07-28 17:23:00,594.83,594.8503,594.6,594.6,0
2026-07-28 17:24:00,594.81,594.83,594.6343,594.7,0
2026-07-28 17:25:00,594.7,594.9,594.64,594.6465,0
2026-07-28 17:26:00,594.6,594.717,594.6,594.6388,0
2026-07-28 17:27:00,594.69,594.9,594.6,594.8,0
2026-07-28 17:28:00,594.9,594.9,594.68,594.68,0
2026-07-28 17:29:00,594.84,594.8512,594.68,594.8085,0
2026-07-28 17:30:00,594.71,594.834,594.6,594.834,0
2026-07-28 17:31:00,594.804,594.804,594.6,594.7642,0
2026-07-28 17:32:00,594.8,594.8,594.68,594.7808,0
2026-07-28 17:33:00,594.6,594.75,594.6,594.7,0
2026-07-28 17:34:00,594.65,594.79,594.6,594.6715,0
2026-07-28 17:35:00,594.19,594.7465,594.19,594.32,0
2026-07-28 17:36:00,594.33,594.56,594.1102,594.1102,0
2026-07-28 17:37:00,594.49,594.49,594.0,594.0541,0
2026-07-28 17:38:00,594.4157,594.49,594.0902,594.41,0
2026-07-28 17:39:00,594.41,594.41,594.16,594.16,0
2026-07-28 17:40:00,594.351,594.351,594.062,594.062,0
2026-07-28 17:41:00,594.4,594.4,594.2507,594.296,0
2026-07-28 17:42:00,594.399,594.4942,594.31,594.4773,0
2026-07-28 17:43:00,594.4761,594.5,594.0,594.36,0
2026-07-28 17:44:00,594.4875,594.4988,594.35,594.35,0
2026-07-28 17:45:00,594.38,594.45,594.11,594.11,0
2026-07-28 17:46:00,593.41,594.5,593.41,594.3,0
2026-07-28 17:47:00,594.4224,594.5,594.3,594.438,0
2026-07-28 17:48:00,594.5,594.5,594.3,594.3,0
2026-07-28 17:49:00,594.26,594.49,594.26,594.49,0
2026-07-28 17:50:00,594.8,594.8,594.31,594.31,0
2026-07-28 17:51:00,594.58,594.61,594.34,594.4,0
2026-07-28 17:52:00,594.3612,594.7334,594.3612,594.7309,0
2026-07-28 17:53:00,594.5,594.75,594.42,594.6832,0
2026-07-28 17:54:00,594.47,594.5,594.2069,594.2069,0
2026-07-28 17:55:00,594.24,594.76,594.24,594.3,0
2026-07-28 17:56:00,594.677,594.7825,594.1175,594.4,0
2026-07-28 17:57:00,594.38,594.8,594.38,594.6772,0
2026-07-28 17:58:00,594.1,594.8,594.1,594.24,0
2026-07-28 17:59:00,594.72,594.8,594.18,594.8,0
2026-07-28 18:00:00,594.79,594.79,594.2502,594.59,0
2026-07-28 18:01:00,594.23,594.8,594.1922,594.3,0
2026-07-28 18:02:00,594.56,594.7,594.45,594.6,0
2026-07-28 18:03:00,594.7327,594.8,594.7182,594.79,0
2026-07-28 18:04:00,594.7338,594.7434,594.62,594.71,0
2026-07-28 18:05:00,594.74,594.7805,594.62,594.7805,0
2026-07-28 18:06:00,594.7999,594.7999,594.63,594.7,0
2026-07-28 18:07:00,594.8,594.8,594.7,594.8,0
2026-07-28 18:08:00,594.8,594.8,594.62,594.62,0
2026-07-28 18:09:00,594.75,594.79,594.0,594.6807,0
2026-07-28 18:10:00,594.6,594.6591,594.6,594.6312,0
2026-07-28 18:11:00,594.6465,594.741,594.0001,594.6072,0
2026-07-28 18:12:00,594.5988,594.5988,594.3,594.43,0
2026-07-28 18:13:00,594.5632,594.63,594.3029,594.3029,0
2026-07-28 18:14:00,594.16,594.32,594.0,594.0,0
2026-07-28 18:15:00,594.0001,594.2375,593.8356,594.1725,0
2026-07-28 18:16:00,594.1519,594.17,593.8259,594.04,0
2026-07-28 18:17:00,594.02,594.1543,593.75,594.0171,0
2026-07-28 18:18:00,594.03,594.04,593.5,593.9746,0
2026-07-28 18:19:00,593.8735,593.9351,593.4,593.9304,0
2026-07-28 18:20:00,593.45,593.99,593.4,593.7,0
2026-07-28 18:21:00,593.6544,593.69,593.4,593.65,0
2026-07-28 18:22:00,593.93,593.93,593.41,593.85,0
2026-07-28 18:23:00,594.5,594.5,593.4,593.474,0
2026-07-28 18:24:00,593.8568,593.8568,593.506,593.8,0
2026-07-28 18:25:00,593.45,593.58,593.4,593.501,0
2026-07-28 18:26:00,593.47,593.8175,593.3,593.8175,0
2026-07-28 18:27:00,593.8,593.8199,593.02,593.21,0
2026-07-28 18:28:00,593.49,593.93,593.1829,593.911,0
2026-07-28 18:29:00,593.4218,593.86,593.4218,593.75,0
2026-07-28 18:30:00,593.75,593.93,593.75,593.81,0
2026-07-28 18:31:00,593.86,593.93,593.8044,593.8465,0
2026-07-28 18:32:00,593.85,593.85,593.06,593.08,0
2026-07-28 18:33:00,593.65,593.7802,593.1513,593.57,0
2026-07-28 18:34:00,593.37,593.76,593.24,593.76,0
2026-07-28 18:35:00,593.1,593.8172,593.1,593.5806,0
2026-07-28 18:36:00,593.8031,593.8031,593.1451,593.41,0
2026-07-28 18:37:00,593.6103,593.6103,593.497,593.6,0
2026-07-28 18:38:00,593.6264,593.6264,593.47,593.47,0
2026-07-28 18:39:00,593.0232,593.5,593.0125,593.25,0
2026-07-28 18:40:00,593.5,593.5,593.25,593.5,0
2026-07-28 18:41:00,593.27,593.49,593.27,593.4,0
2026-07-28 18:42:00,593.0,593.49,593.0,593.0,0
2026-07-28 18:43:00,593.5,593.61,593.5,593.6,0
2026-07-28 18:44:00,593.61,593.7,593.0,593.5,0
2026-07-28 18:45:00,593.4,593.86,593.087,593.86,0
2026-07-28 18:46:00,593.24,593.8751,593.24,593.8751,0
2026-07-28 18:47:00,593.59,593.87,593.0,593.5234,0
2026-07-28 18:48:00,593.47,593.59,593.0,593.5111,0
2026-07-28 18:49:00,593.5337,593.93,593.532,593.92,0
2026-07-28 18:50:00,594.0,594.6585,593.01,594.6585,0
2026-07-28 18:51:00,594.0507,594.76,594.0,594.7,0
2026-07-28 18:52:00,594.6376,594.8,593.9,593.9,0
2026-07-28 18:53:00,594.7,594.78,594.08,594.74,0
2026-07-28 18:54:00,594.49,595.78,594.49,595.22,0
2026-07-28 18:55:00,595.215,595.215,594.65,594.6869,0
2026-07-28 18:56:00,594.7136,594.92,594.7136,594.92,0
2026-07-28 18:57:00,594.4744,594.79,594.4744,594.78,0
2026-07-28 18:58:00,594.9063,595.0,594.77,595.0,0
2026-07-28 18:59:00,594.59,595.3661,594.59,594.85,0
2026-07-28 19:00:00,594.65,594.99,593.43,593.5,0
2026-07-28 19:01:00,594.67,594.92,593.27,594.2591,0
2026-07-28 19:02:00,594.2591,594.48,593.0075,593.5,0
2026-07-28 19:03:00,593.87,593.9538,593.0616,593.0616,0
2026-07-28 19:04:00,593.2861,593.61,593.093,593.61,0
2026-07-28 19:05:00,593.61,594.22,593.05,593.5,0
2026-07-28 19:06:00,594.22,594.4637,593.096,593.5,0
2026-07-28 19:07:00,594.3103,594.3103,593.5211,594.0,0
2026-07-28 19:08:00,594.25,594.25,593.99,594.0931,0
2026-07-28 19:09:00,594.0836,594.43,593.92,594.43,0
2026-07-28 19:10:00,594.49,594.49,593.05,593.4,0
2026-07-28 19:11:00,593.06,593.99,593.05,593.99,0
2026-07-28 19:12:00,593.2637,594.2,593.2,594.0,0
2026-07-28 19:13:00,593.82,594.27,593.51,594.26,0
2026-07-28 19:14:00,594.27,594.43,593.7379,594.22,0
2026-07-28 19:15:00,594.12,594.9087,594.08,594.54,0
2026-07-28 19:16:00,594.4571,594.55,594.4571,594.55,0
2026-07-28 19:17:00,594.19,594.9999,593.6,593.6,0
2026-07-28 19:18:00,594.63,594.63,594.18,594.5,0
2026-07-28 19:19:00,594.16,595.0,593.5635,594.9999,0
2026-07-28 19:20:00,595.0,595.0,594.22,594.22,0
2026-07-28 19:21:00,594.34,594.49,593.4247,594.48,0
2026-07-28 19:22:00,594.5,594.965,594.1627,594.61,0
2026-07-28 19:23:00,594.94,595.0,594.93,594.9613,0
2026-07-28 19:24:00,594.9577,594.99,594.6801,594.99,0
2026-07-28 19:25:00,594.9339,595.0,594.75,594.8542,0
2026-07-28 19:26:00,595.0,595.18,594.7432,595.0999,0
2026-07-28 19:27:00,595.0691,595.13,594.845,595.0,0
2026-07-28 19:28:00,594.95,594.95,594.5,594.8488,0
2026-07-28 19:29:00,594.7796,595.0988,594.6,594.6,0
2026-07-28 19:30:00,594.5286,595.1,594.3817,594.74,0
2026-07-28 19:31:00,594.25,594.99,594.25,594.4128,0
2026-07-28 19:32:00,594.9078,594.9078,594.6,594.6,0
2026-07-28 19:33:00,594.96,594.96,593.61,594.25,0
2026-07-28 19:34:00,594.25,595.1,594.25,594.565,0
2026-07-28 19:35:00,594.47,595.0,594.47,594.59,0
2026-07-28 19:36:00,594.85,594.85,594.5,594.515,0
2026-07-28 19:37:00,594.74,595.0,594.436,594.436,0
2026-07-28 19:38:00,594.68,594.95,594.68,594.95,0
2026-07-28 19:39:00,595.01,595.01,594.3,594.75,0
2026-07-28 19:40:00,594.6,594.637,594.3112,594.637,0
2026-07-28 19:41:00,594.74,594.75,594.3835,594.3899,0
2026-07-28 19:42:00,594.5,594.5,594.25,594.31,0
2026-07-28 19:43:00,594.284,594.31,594.2655,594.31,0
2026-07-28 19:44:00,595.48,596.0,595.059,596.0,0
2026-07-28 19:45:00,595.89,595.89,595.34,595.34,0
2026-07-28 19:46:00,595.34,595.9,595.34,595.8541,0
2026-07-28 19:47:00,595.5,596.25,595.5,596.25,0
2026-07-28 19:48:00,596.01,596.24,595.1937,596.24,0
2026-07-28 19:49:00,596.19,596.39,595.53,596.39,0
2026-07-28 19:50:00,596.39,597.5,595.0,597.5,0
2026-07-28 19:51:00,597.0775,597.5,596.88,597.29,0
2026-07-28 19:52:00,597.22,597.29,596.64,597.29,0
2026-07-28 19:53:00,596.52,597.27,596.38,596.71,0
2026-07-28 19:54:00,596.99,597.0,595.53,596.93,0
2026-07-28 19:55:00,596.93,596.93,596.15,596.74,0
2026-07-28 19:56:00,596.31,597.0,595.53,597.0,0
2026-07-28 19:57:00,596.8347,597.28,596.61,597.15,0
2026-07-28 19:58:00,597.0,598.0,596.81,598.0,0
2026-07-28 19:59:00,596.81,598.0,596.81,597.3739,0
2026-07-29 04:00:00,598.5,599.0,593.41,598.5,0
2026-07-29 04:01:00,598.2,598.97,593.75,598.8,0
2026-07-29 04:02:00,598.49,598.49,597.43,597.6572,0
2026-07-29 04:03:00,598.14,598.46,597.3812,598.46,0
2026-07-29 04:04:00,597.66,597.66,597.43,597.6488,0
2026-07-29 04:05:00,597.55,597.55,597.52,597.52,0
2026-07-29 04:06:00,597.52,597.66,597.52,597.66,0
2026-07-29 04:07:00,596.29,598.4427,596.29,598.1953,0
2026-07-29 04:08:00,598.14,598.79,594.48,597.54,0
2026-07-29 04:09:00,598.28,598.28,598.28,598.28,0
2026-07-29 04:10:00,598.28,598.28,597.3812,597.3812,0
2026-07-29 04:12:00,597.67,597.67,597.3952,597.3952,0
2026-07-29 04:13:00,597.39,597.8918,597.39,597.8824,0
2026-07-29 04:14:00,597.575,597.575,597.385,597.393,0
2026-07-29 04:15:00,597.3927,597.7866,597.3927,597.7866,0
2026-07-29 04:16:00,597.76,597.76,597.38,597.38,0
2026-07-29 04:17:00,597.51,597.51,597.39,597.3903,0
2026-07-29 04:18:00,597.6,597.6,597.5554,597.5554,0
2026-07-29 04:19:00,597.56,597.56,597.38,597.38,0
2026-07-29 04:20:00,597.3942,597.42,597.3942,597.42,0
2026-07-29 04:21:00,597.5457,597.5457,597.5457,597.5457,0
2026-07-29 04:22:00,597.5,597.6,597.5,597.6,0
2026-07-29 04:23:00,597.55,597.55,597.38,597.43,0
2026-07-29 04:24:00,597.58,597.58,597.4,597.4,0
2026-07-29 04:25:00,597.38,597.38,597.38,597.38,0
2026-07-29 04:26:00,597.35,597.54,597.35,597.3705,0
2026-07-29 04:27:00,597.5188,597.5188,597.39,597.39,0
2026-07-29 04:28:00,596.88,597.4888,596.69,597.4888,0
2026-07-29 04:29:00,597.0,597.0,597.0,597.0,0
2026-07-29 04:30:00,596.9,596.9,596.66,596.66,0
2026-07-29 04:31:00,597.01,597.33,596.95,597.32,0
2026-07-29 04:32:00,597.32,597.34,597.32,597.34,0
2026-07-29 04:33:00,597.2467,597.44,597.2467,597.3127,0
2026-07-29 04:34:00,597.32,597.32,596.54,596.91,0
2026-07-29 04:35:00,597.06,597.18,596.0012,597.0,0
2026-07-29 04:36:00,596.64,596.97,596.0242,596.87,0
2026-07-29 04:37:00,596.96,597.5985,596.96,597.08,0
2026-07-29 04:38:00,597.5,597.52,597.5,597.52,0
2026-07-29 04:39:00,597.5,597.5,597.5,597.5,0
2026-07-29 04:40:00,597.29,597.5,597.1,597.5,0
2026-07-29 04:41:00,597.5,597.6688,596.432,597.6688,0
2026-07-29 04:42:00,597.65,597.65,597.47,597.47,0
2026-07-29 04:43:00,597.6,597.6388,597.5,597.5,0
2026-07-29 04:44:00,597.6,597.6005,597.32,597.32,0
2026-07-29 04:46:00,597.45,597.5,597.36,597.5,0
2026-07-29 04:47:00,597.75,597.75,597.64,597.75,0
2026-07-29 04:48:00,597.62,597.65,597.58,597.65,0
2026-07-29 04:49:00,597.6,597.75,597.6,597.75,0
2026-07-29 04:50:00,597.9,598.6303,597.043,597.043,0
2026-07-29 04:51:00,597.92,597.92,597.92,597.92,0
2026-07-29 04:52:00,598.09,598.09,597.92,597.94,0
2026-07-29 04:54:00,598.06,598.6488,598.06,598.6488,0
2026-07-29 04:55:00,598.5523,598.6288,597.8,597.8,0
2026-07-29 04:56:00,598.43,598.43,597.8,597.8,0
2026-07-29 04:57:00,597.8404,597.9,597.84,597.84,0
2026-07-29 04:58:00,597.84,597.9,597.7,597.9,0
2026-07-29 05:00:00,597.82,597.82,597.82,597.82,0
2026-07-29 05:01:00,597.76,597.76,597.41,597.41,0
2026-07-29 05:02:00,597.7,597.89,597.0222,597.0417,0
2026-07-29 05:03:00,597.45,597.8688,597.45,597.8688,0
2026-07-29 05:04:00,597.31,597.31,597.14,597.14,0
2026-07-29 05:05:00,597.27,597.27,597.04,597.15,0
2026-07-29 05:06:00,597.04,597.7988,596.55,596.79,0
2026-07-29 05:07:00,596.79,596.79,595.9,595.97,0
2026-07-29 05:08:00,595.99,596.0,595.99,595.99,0
2026-07-29 05:09:00,595.0,595.6,595.0,595.6,0
2026-07-29 05:10:00,595.77,595.9588,594.9945,595.9588,0
2026-07-29 05:11:00,595.9288,595.9288,595.56,595.92,0
2026-07-29 05:12:00,595.92,595.92,594.9255,595.8872,0
2026-07-29 05:13:00,595.69,595.9,595.5,595.68,0
2026-07-29 05:14:00,595.6,595.6,595.5,595.5,0
2026-07-29 05:15:00,595.6,595.6,595.4,595.47,0
2026-07-29 05:16:00,595.47,595.84,595.47,595.47,0
2026-07-29 05:17:00,595.47,595.47,595.45,595.45,0
2026-07-29 05:19:00,595.1298,595.1298,595.1298,595.1298,0
2026-07-29 05:20:00,595.461,595.461,595.1819,595.1819,0
2026-07-29 05:21:00,595.34,595.4415,595.34,595.3753,0
2026-07-29 05:22:00,595.43,595.9855,595.43,595.69,0
2026-07-29 05:23:00,595.9588,595.96,595.9588,595.96,0
2026-07-29 05:24:00,595.95,595.95,595.95,595.95,0
2026-07-29 05:25:00,595.93,596.9687,595.93,596.12,0
2026-07-29 05:26:00,596.0247,596.1988,596.0247,596.1988,0
2026-07-29 05:27:00,596.11,596.11,596.09,596.09,0
2026-07-29 05:29:00,596.3879,596.3879,596.3879,596.3879,0
2026-07-29 05:30:00,596.2512,596.68,596.2512,596.58,0
2026-07-29 05:31:00,596.57,596.57,596.3,596.3125,0
2026-07-29 05:32:00,596.34,596.54,595.8,596.29,0
2026-07-29 05:33:00,596.03,596.374,596.03,596.03,0
2026-07-29 05:34:00,596.4127,596.4127,596.0417,596.0417,0
2026-07-29 05:36:00,596.4,596.4,596.0,596.0,0
2026-07-29 05:37:00,596.0042,596.02,595.0537,595.4,0
2026-07-29 05:38:00,595.76,595.76,595.76,595.76,0
2026-07-29 05:39:00,595.8,595.8,595.5,595.5974,0
2026-07-29 05:40:00,595.512,595.9582,595.5,595.51,0
2026-07-29 05:42:00,595.16,595.742,595.16,595.742,0
2026-07-29 05:43:00,595.21,595.73,595.21,595.21,0
2026-07-29 05:45:00,595.3,595.3,595.3,595.3,0
2026-07-29 05:46:00,595.21,595.21,594.9932,595.0,0
2026-07-29 05:47:00,595.7788,595.7788,595.02,595.08,0
2026-07-29 05:48:00,595.4359,595.4359,595.0,595.25,0
2026-07-29 05:49:00,595.36,595.6576,595.1,595.6576,0
2026-07-29 05:50:00,595.7702,595.7702,595.0,595.15,0
2026-07-29 05:51:00,595.14,595.6727,595.14,595.61,0
2026-07-29 05:52:00,595.68,595.68,595.0,595.68,0
2026-07-29 05:53:00,595.66,595.66,595.0165,595.0165,0
2026-07-29 05:54:00,595.0397,595.64,595.0397,595.06,0
2026-07-29 05:55:00,595.42,595.59,595.02,595.59,0
2026-07-29 05:56:00,595.11,595.11,595.07,595.07,0
2026-07-29 05:57:00,595.0142,595.57,595.0142,595.495,0
2026-07-29 05:58:00,595.551,595.56,595.2,595.2087,0
2026-07-29 05:59:00,595.5,595.5,595.5,595.5,0
2026-07-29 06:00:00,595.5123,595.5123,595.2012,595.5072,0
2026-07-29 06:01:00,595.5,595.68,595.5,595.68,0
2026-07-29 06:02:00,595.5,595.68,595.5,595.67,0
2026-07-29 06:03:00,595.66,596.6472,595.66,595.9476,0
2026-07-29 06:04:00,596.26,596.4,596.14,596.14,0
2026-07-29 06:05:00,596.95,596.95,595.77,595.77,0
2026-07-29 06:06:00,596.47,596.47,595.76,595.76,0
2026-07-29 06:07:00,595.62,595.62,595.62,595.62,0
2026-07-29 06:08:00,596.2,596.4655,596.2,596.21,0
2026-07-29 06:09:00,595.9145,596.1193,595.9145,596.1193,0
2026-07-29 06:10:00,596.34,596.7,596.34,596.7,0
2026-07-29 06:11:00,596.7,596.7,596.7,596.7,0
2026-07-29 06:12:00,596.5694,596.9488,596.5,596.9488,0
2026-07-29 06:13:00,596.8447,596.8447,596.8447,596.8447,0
2026-07-29 06:14:00,596.62,596.9088,596.59,596.9,0
2026-07-29 06:15:00,596.6,596.89,596.1,596.89,0
2026-07-29 06:16:00,595.242,595.242,595.2417,595.2417,0
2026-07-29 06:17:00,595.2412,595.4614,595.2412,595.4614,0
2026-07-29 06:18:00,596.4368,596.8,596.4368,596.797,0
2026-07-29 06:19:00,596.79,596.79,595.28,595.28,0
2026-07-29 06:21:00,596.35,596.35,596.0,596.35,0
2026-07-29 06:22:00,596.7112,596.7112,596.7112,596.7112,0
2026-07-29 06:23:00,596.0182,596.0182,596.0182,596.0182,0
2026-07-29 06:24:00,596.0175,596.26,596.0175,596.26,0
2026-07-29 06:25:00,596.69,596.69,596.0172,596.0172,0
2026-07-29 06:26:00,596.2,596.6351,596.2,596.6351,0
2026-07-29 06:27:00,596.6337,596.6337,596.08,596.08,0
2026-07-29 06:28:00,596.63,596.63,596.63,596.63,0
2026-07-29 06:29:00,596.62,596.62,596.49,596.59,0
2026-07-29 06:30:00,596.51,596.58,596.06,596.58,0
2026-07-29 06:31:00,596.21,596.48,596.15,596.48,0
2026-07-29 06:32:00,596.48,596.5437,596.48,596.5437,0
2026-07-29 06:33:00,596.3052,596.3052,596.3052,596.3052,0
2026-07-29 06:34:00,596.37,596.47,596.21,596.47,0
2026-07-29 06:36:00,596.235,596.37,596.235,596.37,0
2026-07-29 06:37:00,596.27,596.28,596.23,596.28,0
2026-07-29 06:38:00,596.3224,596.3224,596.0,596.0,0
2026-07-29 06:39:00,596.05,596.05,595.49,595.4908,0
2026-07-29 06:40:00,595.58,595.58,595.58,595.58,0
2026-07-29 06:41:00,595.2886,596.41,595.2886,596.41,0
2026-07-29 06:42:00,596.3702,596.3702,596.3702,596.3702,0
2026-07-29 06:43:00,596.2432,596.2432,596.2432,596.2432,0
2026-07-29 06:44:00,595.7,596.0,595.2112,596.0,0
2026-07-29 06:45:00,596.0,596.8558,595.79,596.8558,0
2026-07-29 06:46:00,596.838,596.838,596.838,596.838,0
2026-07-29 06:47:00,596.79,596.83,596.34,596.3875,0
2026-07-29 06:48:00,596.79,596.79,596.725,596.725,0
2026-07-29 06:49:00,596.79,596.82,596.79,596.82,0
2026-07-29 06:50:00,596.509,596.82,596.509,596.82,0
2026-07-29 06:51:00,596.57,597.482,596.57,596.99,0
2026-07-29 06:52:00,596.99,597.44,596.99,597.44,0
2026-07-29 06:53:00,597.0,597.4015,597.0,597.4015,0
2026-07-29 06:54:00,596.7429,596.99,596.7429,596.9822,0
2026-07-29 06:55:00,596.9644,596.97,596.9549,596.97,0
2026-07-29 06:56:00,596.92,596.92,596.69,596.88,0
2026-07-29 06:57:00,596.9105,596.9105,596.68,596.68,0
2026-07-29 06:58:00,596.9088,596.91,596.9088,596.91,0
2026-07-29 06:59:00,596.89,596.89,596.73,596.88,0
2026-07-29 07:00:00,596.88,597.8182,593.41,597.8182,0
2026-07-29 07:01:00,597.09,597.49,597.0,597.47,0
2026-07-29 07:02:00,597.3786,597.47,597.0,597.0,0
2026-07-29 07:03:00,597.244,597.38,596.68,597.0149,0
2026-07-29 07:04:00,597.1,597.69,597.0,597.37,0
2026-07-29 07:05:00,597.56,597.56,597.3,597.48,0
2026-07-29 07:06:00,597.3955,597.3955,596.69,596.8502,0
2026-07-29 07:07:00,597.1845,597.47,596.69,596.91,0
2026-07-29 07:08:00,597.2958,597.3,597.09,597.09,0
2026-07-29 07:09:00,597.27,597.44,597.0,597.0,0
2026-07-29 07:10:00,596.98,597.4578,596.79,597.07,0
2026-07-29 07:11:00,596.4,596.7699,595.8,596.48,0
2026-07-29 07:12:00,595.6385,596.5022,595.3808,595.3808,0
2026-07-29 07:13:00,596.0115,596.6388,595.38,595.9588,0
2026-07-29 07:14:00,595.83,596.7126,595.2,595.76,0
2026-07-29 07:15:00,595.76,596.39,595.2,595.51,0
2026-07-29 07:16:00,596.12,596.42,595.3,595.3,0
2026-07-29 07:17:00,595.3503,595.9099,595.2001,595.3258,0
2026-07-29 07:18:00,595.69,595.82,595.6,595.7788,0
2026-07-29 07:19:00,595.695,595.6982,595.53,595.53,0
2026-07-29 07:20:00,595.6,595.6232,595.6,595.6011,0
2026-07-29 07:21:00,595.74,596.4,595.66,596.4,0
2026-07-29 07:22:00,596.6,596.92,596.6,596.6438,0
2026-07-29 07:23:00,596.37,596.64,596.09,596.21,0
2026-07-29 07:24:00,596.29,596.29,595.45,595.8527,0
2026-07-29 07:25:00,595.45,595.85,595.2101,595.48,0
2026-07-29 07:26:00,595.6097,595.92,595.4532,595.58,0
2026-07-29 07:27:00,595.7763,595.8353,595.48,595.7458,0
2026-07-29 07:28:00,595.32,595.74,595.2382,595.74,0
2026-07-29 07:29:00,595.5,595.73,595.5,595.65,0
2026-07-29 07:30:00,595.5839,595.7,595.56,595.7,0
2026-07-29 07:31:00,596.549,596.8893,595.7,596.02,0
2026-07-29 07:32:00,596.17,596.23,595.3,595.33,0
2026-07-29 07:33:00,595.85,595.9,595.65,595.65,0
2026-07-29 07:34:00,595.65,595.94,595.4876,595.93,0
2026-07-29 07:35:00,595.93,595.93,595.24,595.26,0
2026-07-29 07:36:00,595.3742,595.9,595.3314,595.7926,0
2026-07-29 07:37:00,595.41,595.87,595.41,595.87,0
2026-07-29 07:38:00,595.42,595.86,595.21,595.37,0
2026-07-29 07:39:00,595.4413,595.49,595.21,595.33,0
2026-07-29 07:40:00,595.4,595.91,595.4,595.48,0
2026-07-29 07:41:00,595.9,596.0988,595.3,596.0988,0
2026-07-29 07:42:00,595.5,596.0888,595.3862,595.58,0
2026-07-29 07:43:00,595.3844,596.0688,595.3844,595.4,0
2026-07-29 07:44:00,595.9536,596.05,595.231,595.3,0
2026-07-29 07:45:00,596.0,596.0,595.55,595.57,0
2026-07-29 07:46:00,595.2,595.54,594.73,595.0,0
2026-07-29 07:47:00,595.0,595.51,594.98,595.51,0
2026-07-29 07:48:00,595.3113,595.75,594.78,595.75,0
2026-07-29 07:49:00,595.4855,595.72,595.4855,595.64,0
2026-07-29 07:50:00,595.52,595.72,595.47,595.55,0
2026-07-29 07:51:00,595.58,595.6999,595.55,595.68,0
2026-07-29 07:52:00,595.67,595.67,595.0167,595.3,0
2026-07-29 07:53:00,595.3,595.65,595.17,595.17,0
2026-07-29 07:54:00,595.1,595.64,595.01,595.34,0
2026-07-29 07:55:00,595.27,595.38,595.27,595.28,0
2026-07-29 07:56:00,595.28,595.69,595.28,595.56,0
2026-07-29 07:57:00,595.5,595.7488,595.45,595.71,0
2026-07-29 07:58:00,595.56,595.75,595.4836,595.7428,0
2026-07-29 07:59:00,595.7487,596.98,595.71,596.0,0
2026-07-29 08:00:00,595.71,596.0,595.35,595.54,0
2026-07-29 08:01:00,595.66,596.7588,595.6,595.87,0
2026-07-29 08:02:00,595.6,595.92,595.36,595.92,0
2026-07-29 08:03:00,595.672,595.8875,595.25,595.41,0
2026-07-29 08:04:00,595.24,595.8,594.53,595.8,0
2026-07-29 08:05:00,595.23,595.5041,594.0,594.81,0
2026-07-29 08:06:00,594.95,594.95,594.0,594.93,0
2026-07-29 08:07:00,594.92,594.92,594.1495,594.8875,0
2026-07-29 08:08:00,594.89,594.89,594.0,594.0,0
2026-07-29 08:09:00,594.0098,594.59,593.8803,594.3966,0
2026-07-29 08:10:00,594.23,594.44,593.6,594.42,0
2026-07-29 08:11:00,594.2,594.49,593.9,594.35,0
2026-07-29 08:12:00,594.46,594.5,594.2209,594.468,0
2026-07-29 08:13:00,594.2355,595.5677,594.1635,594.7284,0
2026-07-29 08:14:00,594.58,594.58,594.0145,594.1674,0
2026-07-29 08:15:00,594.12,594.78,594.0,594.78,0
2026-07-29 08:16:00,594.78,594.9,593.42,594.01,0
2026-07-29 08:17:00,593.83,594.707,593.43,593.63,0
2026-07-29 08:18:00,593.42,594.5715,593.4167,593.6747,0
2026-07-29 08:19:00,593.65,595.1037,593.5,595.1037,0
2026-07-29 08:20:00,593.709,594.812,593.68,594.0,0
2026-07-29 08:21:00,594.48,594.48,593.63,593.6982,0
2026-07-29 08:22:00,593.7,593.7,593.47,593.65,0
2026-07-29 08:23:00,593.5,593.67,593.47,593.67,0
2026-07-29 08:24:00,593.8845,593.99,593.5409,593.8,0
2026-07-29 08:25:00,593.7531,594.0,593.5,594.0,0
2026-07-29 08:26:00,593.8912,593.9049,593.5043,593.87,0
2026-07-29 08:27:00,593.872,593.96,593.5,593.82,0
2026-07-29 08:28:00,593.9015,593.9015,593.5105,593.5105,0
2026-07-29 08:29:00,593.5848,593.8997,593.52,593.55,0
2026-07-29 08:30:00,593.6,593.7,593.5,593.7,0
2026-07-29 08:31:00,593.66,593.7959,593.66,593.7959,0
2026-07-29 08:32:00,593.69,594.48,593.56,593.7898,0
2026-07-29 08:33:00,594.28,594.65,593.7025,593.9,0
2026-07-29 08:34:00,594.48,594.65,593.69,594.65,0
2026-07-29 08:35:00,593.89,594.3527,593.51,594.1,0
2026-07-29 08:36:00,594.0,594.58,593.5112,594.0899,0
2026-07-29 08:37:00,594.4546,594.56,594.0657,594.56,0
2026-07-29 08:38:00,594.5387,594.65,594.2512,594.65,0
2026-07-29 08:39:00,594.1092,595.0,594.1092,595.0,0
2026-07-29 08:40:00,595.0,595.4337,594.63,595.3228,0
2026-07-29 08:41:00,594.8987,595.4178,594.67,595.2972,0
2026-07-29 08:42:00,595.2972,595.3986,595.0261,595.29,0
2026-07-29 08:43:00,595.16,595.36,595.01,595.2755,0
2026-07-29 08:44:00,595.15,595.4791,595.15,595.28,0
2026-07-29 08:45:00,595.26,595.3,595.1933,595.3,0
2026-07-29 08:46:00,595.2706,595.2706,595.158,595.27,0
2026-07-29 08:47:00,595.18,595.19,594.4673,595.0,0
2026-07-29 08:48:00,595.1517,595.1517,594.1021,594.1833,0
2026-07-29 08:49:00,594.87,595.05,594.63,594.895,0
2026-07-29 08:50:00,594.61,595.046,594.61,594.9467,0
2026-07-29 08:51:00,595.02,595.5,594.7039,595.5,0
2026-07-29 08:52:00,594.92,595.5,594.73,595.03,0
2026-07-29 08:53:00,594.7,595.28,594.2325,595.0,0
2026-07-29 08:54:00,594.79,594.914,594.2,594.5921,0
2026-07-29 08:55:00,594.46,595.4,594.39,594.39,0
2026-07-29 08:56:00,594.863,594.8658,594.11,594.5,0
2026-07-29 08:57:00,594.64,594.9812,594.05,594.8528,0
2026-07-29 08:58:00,594.42,594.55,594.0737,594.4,0
2026-07-29 08:59:00,594.55,594.55,594.25,594.55,0
2026-07-29 09:00:00,594.2539,594.528,594.2539,594.52,0
2026-07-29 09:01:00,594.3657,594.8022,594.28,594.8022,0
2026-07-29 09:02:00,594.21,594.52,594.05,594.2067,0
2026-07-29 09:03:00,594.02,594.5725,593.5012,593.7772,0
2026-07-29 09:04:00,593.58,594.3,593.42,594.01,0
2026-07-29 09:05:00,593.91,594.06,593.691,593.73,0
2026-07-29 09:06:00,593.94,594.0,593.4,593.4786,0
2026-07-29 09:07:00,593.4148,593.4875,593.0,593.24,0
2026-07-29 09:08:00,593.13,593.4,593.0,593.115,0
2026-07-29 09:09:00,593.44,594.24,593.0102,594.24,0
2026-07-29 09:10:00,593.25,593.73,592.97,593.2712,0
2026-07-29 09:11:00,593.0001,593.34,593.0001,593.34,0
2026-07-29 09:12:00,593.27,594.0,593.1037,594.0,0
2026-07-29 09:13:00,593.5,593.54,593.169,593.23,0
2026-07-29 09:14:00,593.2822,594.0726,593.2822,593.39,0
2026-07-29 09:15:00,593.95,594.18,593.43,593.55,0
2026-07-29 09:16:00,594.5359,594.6,593.5,593.58,0
2026-07-29 09:17:00,593.5,593.8993,593.16,593.52,0
2026-07-29 09:18:00,593.37,593.55,593.16,593.4637,0
2026-07-29 09:19:00,593.7941,593.94,593.22,593.58,0
2026-07-29 09:20:00,593.511,593.93,593.08,593.8508,0
2026-07-29 09:21:00,593.74,593.94,593.45,593.94,0
2026-07-29 09:22:00,593.53,594.55,593.1362,594.0,0
2026-07-29 09:23:00,594.05,594.5337,594.02,594.21,0
2026-07-29 09:24:00,594.16,594.16,593.75,593.9,0
2026-07-29 09:25:00,593.71,594.99,593.68,594.58,0
2026-07-29 09:26:00,594.58,594.85,594.0,594.0,0
2026-07-29 09:27:00,594.1,595.12,593.14,594.65,0
2026-07-29 09:28:00,595.19,595.48,593.76,594.66,0
2026-07-29 09:29:00,594.6649,594.6649,592.82,594.38,0
2026-07-29 09:30:00,593.42,593.705,589.69,591.34,422140
2026-07-29 09:31:00,591.415,592.6799,590.66,591.23,45671
2026-07-29 09:32:00,591.205,591.826,589.61,590.205,47800
2026-07-29 09:33:00,590.205,591.4,589.7501,590.7855,41877
2026-07-29 09:34:00,591.3,591.45,589.64,590.355,49115
2026-07-29 09:35:00,590.09,593.69,590.09,593.26,59022
2026-07-29 09:36:00,593.69,593.69,591.88,592.315,48242
2026-07-29 09:37:00,592.44,592.61,591.89,592.02,23330
2026-07-29 09:38:00,592.02,593.49,591.23,593.06,46987
2026-07-29 09:39:00,593.07,594.0,592.81,593.74,72418
2026-07-29 09:40:00,593.81,594.55,593.21,594.0,54652
2026-07-29 09:41:00,594.08,594.24,593.13,593.405,26753
2026-07-29 09:42:00,593.41,593.59,592.16,592.21,42336
2026-07-29 09:43:00,592.15,592.19,590.9,591.075,48079
2026-07-29 09:44:00,591.2,591.44,590.5,590.75,36828
2026-07-29 09:45:00,590.765,592.0,590.765,591.915,39932
2026-07-29 09:46:00,591.855,592.29,591.12,591.2,18582
2026-07-29 09:47:00,591.185,591.35,589.365,589.365,51706
2026-07-29 09:48:00,589.53,590.0,589.4,589.55,22219
2026-07-29 09:49:00,589.55,589.6771,588.61,589.175,32010
2026-07-29 09:50:00,589.175,589.175,588.53,589.105,24223
2026-07-29 09:51:00,588.94,588.94,588.2,588.32,22463
2026-07-29 09:52:00,588.212,588.212,587.135,587.135,41883
2026-07-29 09:53:00,587.23,588.37,587.05,588.09,27563
2026-07-29 09:54:00,588.21,588.31,587.4,587.735,26500
2026-07-29 09:55:00,587.8,588.06,587.5001,587.9195,19569
2026-07-29 09:56:00,587.92,589.1118,587.865,588.74,35893
2026-07-29 09:57:00,588.74,589.22,588.205,589.17,45498
2026-07-29 09:58:00,589.07,589.145,588.11,588.635,26850
2026-07-29 09:59:00,588.57,589.55,588.11,589.38,35434
2026-07-29 10:00:00,589.55,590.85,589.455,590.77,42017
2026-07-29 10:01:00,590.76,591.25,590.62,591.25,34184
2026-07-29 10:02:00,591.245,591.51,590.76,590.96,34853
2026-07-29 10:03:00,590.765,590.97,590.0805,590.73,21819
2026-07-29 10:04:00,590.65,591.12,590.37,590.645,17971
2026-07-29 10:05:00,590.73,591.29,590.5,590.75,24739
2026-07-29 10:06:00,590.71,590.84,590.165,590.305,39025
2026-07-29 10:07:00,590.315,590.4799,589.3401,589.61,13038
2026-07-29 10:08:00,589.84,590.0,589.4001,589.8,10946
2026-07-29 10:09:00,589.59,590.4,589.4,590.22,25901
2026-07-29 10:10:00,590.205,590.205,588.68,589.1551,24814
2026-07-29 10:11:00,589.155,589.4999,588.465,588.6563,14436
2026-07-29 10:12:00,588.71,588.76,588.15,588.45,20776
2026-07-29 10:13:00,588.39,588.41,587.25,587.41,31272
2026-07-29 10:14:00,587.415,588.61,587.41,588.38,31742
2026-07-29 10:15:00,588.61,589.03,588.36,588.645,17582
2026-07-29 10:16:00,588.69,588.72,588.0,588.61,21386
2026-07-29 10:17:00,588.6098,590.0,588.52,589.315,102421
2026-07-29 10:18:00,589.33,590.0,589.15,589.99,34393
2026-07-29 10:19:00,589.88,590.765,589.56,589.56,17914
2026-07-29 10:20:00,589.57,590.43,589.29,590.43,22112
2026-07-29 10:21:00,590.295,590.295,588.4101,588.765,42747
2026-07-29 10:22:00,588.785,589.54,588.59,589.1,34243
2026-07-29 10:23:00,589.175,589.87,588.59,588.72,43708
2026-07-29 10:24:00,588.55,589.01,587.73,588.3,28969
2026-07-29 10:25:00,588.271,588.3,587.34,587.34,16936
2026-07-29 10:26:00,587.25,587.78,586.73,587.59,37152
2026-07-29 10:27:00,587.59,587.7899,586.8,587.15,35938
2026-07-29 10:28:00,587.165,587.4,586.39,586.685,34776
2026-07-29 10:29:00,586.78,588.37,586.78,588.37,36481
2026-07-29 10:30:00,588.49,589.7576,588.26,589.7576,51653
2026-07-29 10:31:00,589.3735,590.01,589.12,589.68,15047
2026-07-29 10:32:00,589.635,589.98,589.285,589.9793,12297
2026-07-29 10:33:00,589.79,590.06,589.62,589.62,15593
2026-07-29 10:34:00,589.56,589.62,589.36,589.39,10678
2026-07-29 10:35:00,589.62,589.69,589.12,589.5,11954
2026-07-29 10:36:00,589.405,589.94,589.27,589.77,26090
2026-07-29 10:37:00,589.94,590.01,589.61,589.865,22162
2026-07-29 10:38:00,589.73,591.24,589.47,590.75,53570
2026-07-29 10:39:00,591.04,591.04,589.8,590.01,20128
2026-07-29 10:40:00,590.075,590.208,589.265,589.45,10006
2026-07-29 10:41:00,589.71,590.61,589.6,590.09,17640
2026-07-29 10:42:00,589.89,590.34,589.02,589.3,41237
2026-07-29 10:43:00,589.225,589.84,589.22,589.66,12171
2026-07-29 10:44:00,589.595,589.87,589.298,589.575,13777
2026-07-29 10:45:00,589.79,589.99,589.495,589.815,14870
2026-07-29 10:46:00,589.82,589.89,589.1101,589.69,12942
2026-07-29 10:47:00,589.55,589.64,588.69,588.69,19317
2026-07-29 10:48:00,588.765,588.9399,588.205,588.63,14857
2026-07-29 10:49:00,588.49,588.76,588.35,588.69,8244
2026-07-29 10:50:00,588.755,588.8,587.98,588.8,22647
2026-07-29 10:51:00,588.805,588.805,588.29,588.71,14801
2026-07-29 10:52:00,588.85,589.2699,588.72,589.115,15096
2026-07-29 10:53:00,588.92,590.47,588.72,590.29,78244
2026-07-29 10:54:00,590.29,590.53,589.985,590.3692,24113
2026-07-29 10:55:00,590.35,590.9699,590.21,590.21,13844
2026-07-29 10:56:00,590.6724,590.6724,589.68,590.12,11583
2026-07-29 10:57:00,589.82,589.95,589.0433,589.615,15730
2026-07-29 10:58:00,589.545,589.6,588.68,588.94,18774
2026-07-29 10:59:00,588.94,589.38,588.2627,588.91,27672
2026-07-29 11:00:00,588.91,589.36,588.23,588.43,13371
2026-07-29 11:01:00,588.26,589.5,588.15,589.235,25480
2026-07-29 11:02:00,589.15,589.5551,588.68,589.405,15512
2026-07-29 11:03:00,589.4,589.4,588.91,589.24,16933
2026-07-29 11:04:00,589.16,589.24,588.59,588.71,13219
2026-07-29 11:05:00,588.8,589.75,588.385,589.065,64663
2026-07-29 11:06:00,589.11,589.57,589.11,589.3202,29002
2026-07-29 11:07:00,589.43,589.8336,589.33,589.6951,15282
2026-07-29 11:08:00,589.695,590.7199,589.695,590.33,43360
2026-07-29 11:09:00,590.36,590.71,590.31,590.565,27737
2026-07-29 11:10:00,590.565,590.565,590.06,590.235,21978
2026-07-29 11:11:00,590.24,591.43,590.0305,591.43,72694
2026-07-29 11:12:00,591.235,591.45,590.75,590.99,27646
2026-07-29 11:13:00,591.085,591.79,590.96,591.28,23093
2026-07-29 11:14:00,591.25,592.68,591.2,591.995,92946
2026-07-29 11:15:00,592.02,592.08,591.04,591.3461,26725
2026-07-29 11:16:00,591.405,592.97,591.405,592.51,29638
2026-07-29 11:17:00,592.31,592.51,592.08,592.33,9670
2026-07-29 11:18:00,592.33,592.96,592.3,592.56,14117
2026-07-29 11:19:00,592.3595,592.45,591.835,591.855,14418
2026-07-29 11:20:00,591.855,592.13,591.6,591.8599,11079
2026-07-29 11:21:00,591.695,591.6951,591.09,591.18,22732
2026-07-29 11:22:00,591.02,591.32,590.51,591.28,23324
2026-07-29 11:23:00,591.4,591.95,591.3201,591.95,17394
2026-07-29 11:24:00,591.95,591.95,591.15,591.31,20515
2026-07-29 11:25:00,591.2,591.37,590.5,591.305,25655
2026-07-29 11:26:00,591.31,591.9978,591.0,591.44,24254
2026-07-29 11:27:00,591.49,592.0,591.25,591.475,22218
2026-07-29 11:28:00,591.5,591.87,591.32,591.335,23555
2026-07-29 11:29:00,591.625,591.65,591.2701,591.45,11201
2026-07-29 11:30:00,591.44,591.58,590.715,591.28,14860
2026-07-29 11:31:00,591.105,591.54,591.01,591.26,9734
2026-07-29 11:32:00,591.27,591.63,591.18,591.45,17686
2026-07-29 11:33:00,591.66,591.9391,591.37,591.765,12800
2026-07-29 11:34:00,591.95,591.95,590.89,590.97,11499
2026-07-29 11:35:00,591.105,591.8,591.001,591.6,17896
2026-07-29 11:36:00,591.68,592.0,591.381,591.98,13038
2026-07-29 11:37:00,592.0,592.6,591.47,591.555,24951
2026-07-29 11:38:00,591.555,591.63,590.84,590.84,11762
2026-07-29 11:39:00,590.95,591.08,589.57,589.89,25130
2026-07-29 11:40:00,589.89,590.19,589.04,589.19,31252
2026-07-29 11:41:00,589.115,589.75,588.69,589.41,56032
2026-07-29 11:42:00,589.41,590.13,589.24,589.24,36706
2026-07-29 11:43:00,589.82,589.82,589.45,589.455,8357
2026-07-29 11:44:00,589.4,589.6499,589.0501,589.565,15802
2026-07-29 11:45:00,589.48,589.64,589.0,589.15,16881
2026-07-29 11:46:00,589.08,589.1477,588.22,588.9,24967
2026-07-29 11:47:00,588.81,588.93,588.28,588.71,29804
2026-07-29 11:48:00,588.75,588.79,588.31,588.555,22446
2026-07-29 11:49:00,588.42,589.0,588.01,588.875,14210
2026-07-29 11:50:00,588.75,588.895,588.41,588.47,16053
2026-07-29 11:51:00,588.47,588.65,587.91,588.005,32779
2026-07-29 11:52:00,587.96,588.39,587.96,588.27,15189
2026-07-29 11:53:00,588.27,588.37,587.46,587.9899,20347
2026-07-29 11:54:00,587.68,587.68,586.85,586.91,22085
2026-07-29 11:55:00,586.85,586.91,585.51,585.815,39895
2026-07-29 11:56:00,585.81,585.93,585.25,585.84,25805
2026-07-29 11:57:00,585.83,586.245,585.57,585.7851,18521
2026-07-29 11:58:00,585.675,586.07,585.25,586.07,25701
2026-07-29 11:59:00,586.04,586.85,585.91,586.715,14100
2026-07-29 12:00:00,586.76,587.3397,586.58,586.81,28906
2026-07-29 12:01:00,586.71,587.3,586.71,587.21,28447
2026-07-29 12:02:00,587.21,587.36,586.7,586.745,28850
2026-07-29 12:03:00,586.745,586.92,586.48,586.61,22038
2026-07-29 12:04:00,586.6369,586.83,586.3774,586.74,18327
2026-07-29 12:05:00,586.745,586.88,586.33,586.86,23628
2026-07-29 12:06:00,586.86,587.15,586.81,587.1,14373
2026-07-29 12:07:00,586.93,586.93,585.57,585.65,24010
2026-07-29 12:08:00,585.64,585.83,585.5,585.75,37610
2026-07-29 12:09:00,585.71,586.1,585.27,585.91,46189
2026-07-29 12:10:00,586.115,586.16,585.82,586.0,13848
2026-07-29 12:11:00,586.0,586.38,585.855,586.37,24134
2026-07-29 12:12:00,586.3795,586.43,586.11,586.1525,117380
2026-07-29 12:13:00,586.14,586.6,585.91,586.58,22027
2026-07-29 12:14:00,586.5557,586.5557,585.5101,585.76,13956
2026-07-29 12:15:00,585.665,586.23,585.3614,585.96,32267
2026-07-29 12:16:00,585.97,586.11,585.5472,585.8,17157
2026-07-29 12:17:00,585.785,585.82,585.53,585.755,21332
2026-07-29 12:18:00,585.77,586.28,585.76,586.18,21957
2026-07-29 12:19:00,586.175,587.115,586.05,587.08,56059
2026-07-29 12:20:00,587.1,587.65,586.86,587.65,38064
2026-07-29 12:21:00,587.575,588.47,587.235,588.47,44432
2026-07-29 12:22:00,588.3151,589.095,588.26,588.905,24595
2026-07-29 12:23:00,588.88,589.94,588.81,589.18,23761
2026-07-29 12:24:00,589.1669,589.55,589.13,589.5,21954
2026-07-29 12:25:00,589.55,590.18,589.55,590.1,19247
2026-07-29 12:26:00,589.99,590.18,589.7,590.075,21604
2026-07-29 12:27:00,589.97,591.19,589.97,590.96,25725
2026-07-29 12:28:00,590.88,591.0,590.42,590.8499,13137
2026-07-29 12:29:00,590.51,591.14,590.51,590.82,9473
2026-07-29 12:30:00,590.83,591.8,590.34,591.455,42367
2026-07-29 12:31:00,591.4,591.5899,590.9,591.5,16859
2026-07-29 12:32:00,591.51,591.6,590.94,591.095,16892
2026-07-29 12:33:00,591.1111,591.1111,590.06,590.315,19194
2026-07-29 12:34:00,590.28,590.58,589.82,590.23,15948
2026-07-29 12:35:00,590.29,590.99,590.29,590.905,14713
2026-07-29 12:36:00,590.89,590.895,590.4,590.81,14604
2026-07-29 12:37:00,590.765,591.3699,590.765,591.14,13984
2026-07-29 12:38:00,591.15,591.366,590.99,590.9901,15524
2026-07-29 12:39:00,591.14,591.49,591.01,591.375,78276
2026-07-29 12:40:00,591.375,592.47,591.15,592.47,27943
2026-07-29 12:41:00,592.4946,592.57,591.775,592.09,21701
2026-07-29 12:42:00,591.8033,591.8033,591.1101,591.315,17813
2026-07-29 12:43:00,591.49,592.0395,591.365,591.73,9831
2026-07-29 12:44:00,591.73,592.5,591.65,592.5,18148
2026-07-29 12:45:00,592.545,592.705,592.19,592.44,15048
2026-07-29 12:46:00,592.38,592.49,592.01,592.03,9444
2026-07-29 12:47:00,592.16,592.641,592.04,592.455,13383
2026-07-29 12:48:00,592.615,592.8917,592.41,592.64,9685
2026-07-29 12:49:00,592.515,592.9,592.39,592.81,18173
2026-07-29 12:50:00,592.86,593.0,592.6976,592.845,18734
2026-07-29 12:51:00,592.84,592.95,592.64,592.69,17141
2026-07-29 12:52:00,592.69,592.95,592.3,592.58,37275
2026-07-29 12:53:00,592.58,593.19,592.58,592.965,29251
2026-07-29 12:54:00,592.94,593.11,592.435,592.44,27979
2026-07-29 12:55:00,592.41,593.2,592.32,592.93,27646
2026-07-29 12:56:00,592.995,593.1399,592.52,592.99,12206
2026-07-29 12:57:00,592.865,593.125,592.65,592.795,13136
2026-07-29 12:58:00,592.78,593.04,592.565,592.835,38914
2026-07-29 12:59:00,592.835,593.38,592.5,593.045,27685
2026-07-29 13:00:00,593.045,593.16,592.795,592.95,19963
2026-07-29 13:01:00,592.89,593.46,592.89,593.29,47368
2026-07-29 13:02:00,593.235,593.48,593.12,593.405,16808
2026-07-29 13:03:00,593.42,593.73,593.3,593.555,31816
2026-07-29 13:04:00,593.4301,593.67,593.16,593.58,35439
2026-07-29 13:05:00,593.68,593.72,592.55,592.9299,27110
2026-07-29 13:06:00,592.865,592.93,592.63,592.815,10509
2026-07-29 13:07:00,592.74,593.45,592.62,593.15,25367
2026-07-29 13:08:00,593.15,593.38,592.935,592.935,18737
2026-07-29 13:09:00,592.935,593.02,592.6201,592.875,7512
2026-07-29 13:10:00,592.825,593.58,592.82,593.35,21411
2026-07-29 13:11:00,593.41,593.79,593.34,593.34,40493
2026-07-29 13:12:00,593.35,593.48,592.975,593.2,13963
2026-07-29 13:13:00,593.22,593.715,593.1305,593.49,15815
2026-07-29 13:14:00,593.52,594.01,593.5001,593.66,28777
2026-07-29 13:15:00,593.8,593.93,593.4,593.64,14623
2026-07-29 13:16:00,593.6092,593.8299,593.395,593.6845,16383
2026-07-29 13:17:00,593.64,594.3,593.44,594.005,31188
2026-07-29 13:18:00,594.0,594.8,594.0,594.48,91242
2026-07-29 13:19:00,594.385,594.65,594.07,594.41,17389
2026-07-29 13:20:00,594.41,594.75,594.32,594.515,11102
2026-07-29 13:21:00,594.52,595.4495,594.48,595.02,67245
2026-07-29 13:22:00,595.02,595.1399,594.6467,594.7801,16226
2026-07-29 13:23:00,594.78,595.2,594.645,595.075,22909
2026-07-29 13:24:00,595.1395,595.1395,593.76,593.83,14476
2026-07-29 13:25:00,593.83,593.83,593.0124,593.115,16331
2026-07-29 13:26:00,593.3099,593.81,593.0107,593.66,11365
2026-07-29 13:27:00,593.5853,593.81,593.42,593.705,10486
2026-07-29 13:28:00,593.7245,593.82,593.49,593.6102,13921
2026-07-29 13:29:00,593.63,593.63,592.92,592.94,12931
2026-07-29 13:30:00,592.93,593.0,592.39,592.62,17615
2026-07-29 13:31:00,592.5101,593.23,592.4001,593.23,17212
2026-07-29 13:32:00,593.23,593.55,593.155,593.48,15183
2026-07-29 13:33:00,593.42,593.55,593.0,593.06,16045
2026-07-29 13:34:00,593.0225,593.47,593.0225,593.345,26676
2026-07-29 13:35:00,593.345,593.41,592.79,592.99,30082
2026-07-29 13:36:00,592.86,593.115,592.66,593.11,11182
2026-07-29 13:37:00,593.0,593.11,592.7,592.7,12223
2026-07-29 13:38:00,592.65,592.65,592.07,592.07,19276
2026-07-29 13:39:00,592.1,592.6699,592.04,592.636,9601
2026-07-29 13:40:00,592.67,592.84,592.5,592.64,18183
2026-07-29 13:41:00,592.69,593.05,592.66,592.96,9627
2026-07-29 13:42:00,593.025,593.3477,592.8101,593.005,21702
2026-07-29 13:43:00,593.0716,593.4098,592.96,593.4098,37748
2026-07-29 13:44:00,593.275,593.41,593.161,593.3203,8234
2026-07-29 13:45:00,593.35,593.42,593.06,593.09,9192
2026-07-29 13:46:00,593.09,593.29,592.6,593.04,14760
2026-07-29 13:47:00,593.0,593.2,592.98,593.17,10424
2026-07-29 13:48:00,593.19,593.3595,593.16,593.305,8577
2026-07-29 13:49:00,593.31,593.38,592.79,592.99,42005
2026-07-29 13:50:00,593.0,593.43,592.89,593.1473,19400
2026-07-29 13:51:00,593.24,593.26,592.98,593.14,10794
2026-07-29 13:52:00,593.16,593.34,592.99,593.3199,17995
2026-07-29 13:53:00,593.32,593.32,592.71,592.97,13208
2026-07-29 13:54:00,593.06,593.43,592.87,593.31,12876
2026-07-29 13:55:00,593.355,593.37,592.7701,592.89,10275
2026-07-29 13:56:00,592.88,593.37,592.86,593.08,8088
2026-07-29 13:57:00,593.225,593.6305,593.225,593.57,17865
2026-07-29 13:58:00,593.68,593.88,593.45,593.67,9858
2026-07-29 13:59:00,593.615,593.615,592.8,593.165,28283
2026-07-29 14:00:00,593.165,595.45,593.165,595.32,92357
2026-07-29 14:01:00,595.12,596.46,595.04,596.31,26114
2026-07-29 14:02:00,596.31,597.02,596.225,596.58,31048
2026-07-29 14:03:00,596.3601,597.5,596.3601,597.32,43306
2026-07-29 14:04:00,597.25,597.7,596.77,597.345,20381
2026-07-29 14:05:00,597.15,597.9594,597.0248,597.63,30374
2026-07-29 14:06:00,597.62,598.23,597.02,597.05,16482
2026-07-29 14:07:00,597.18,597.2,595.89,596.06,28450
2026-07-29 14:08:00,595.9,596.51,595.87,596.125,36539
2026-07-29 14:09:00,596.04,596.07,594.6503,595.17,51525
2026-07-29 14:10:00,595.72,596.3962,595.22,595.4,32541
2026-07-29 14:11:00,595.37,596.83,595.145,596.63,53706
2026-07-29 14:12:00,596.7,596.79,595.68,595.755,29789
2026-07-29 14:13:00,595.805,596.4099,595.7,596.115,26082
2026-07-29 14:14:00,596.055,596.11,595.17,595.53,17706
2026-07-29 14:15:00,595.54,595.9,595.4,595.51,15684
2026-07-29 14:16:00,595.525,595.72,594.8975,595.0095,29026
2026-07-29 14:17:00,594.955,595.6,594.77,595.59,38624
2026-07-29 14:18:00,595.62,595.9299,595.39,595.525,18321
2026-07-29 14:19:00,595.43,595.43,594.51,594.99,22218
2026-07-29 14:20:00,594.91,595.14,594.5101,594.66,15345
2026-07-29 14:21:00,594.745,595.11,594.595,594.98,15750
2026-07-29 14:22:00,595.09,595.09,594.165,594.365,24495
2026-07-29 14:23:00,594.365,594.45,593.27,593.35,27961
2026-07-29 14:24:00,593.27,593.46,592.91,593.0,21457
2026-07-29 14:25:00,593.05,593.53,592.735,593.53,22761
2026-07-29 14:26:00,593.52,593.58,593.26,593.4995,14311
2026-07-29 14:27:00,593.425,593.68,593.1,593.51,31348
2026-07-29 14:28:00,593.57,593.765,593.3323,593.48,24304
2026-07-29 14:29:00,593.5,593.93,593.465,593.655,21711
2026-07-29 14:30:00,593.55,594.69,593.49,594.55,38002
2026-07-29 14:31:00,594.64,594.99,593.795,594.37,19999
2026-07-29 14:32:00,594.16,594.4999,593.45,594.0001,28838
2026-07-29 14:33:00,594.23,594.53,593.62,594.35,21025
2026-07-29 14:34:00,594.355,594.8,593.88,594.295,20888
2026-07-29 14:35:00,594.22,594.43,593.88,594.23,15161
2026-07-29 14:36:00,594.25,594.34,593.64,594.18,17827
2026-07-29 14:37:00,594.1851,594.34,593.86,594.245,16811
2026-07-29 14:38:00,594.35,595.89,594.295,595.565,23836
2026-07-29 14:39:00,595.43,595.5,594.755,595.23,22230
2026-07-29 14:40:00,595.14,595.9,594.76,595.8675,23187
2026-07-29 14:41:00,595.99,596.23,595.3901,595.515,24802
2026-07-29 14:42:00,595.29,595.62,594.6401,595.11,16609
2026-07-29 14:43:00,595.01,595.7801,594.75,595.715,23440
2026-07-29 14:44:00,595.74,596.39,595.44,596.1104,29031
2026-07-29 14:45:00,596.1,596.1,595.31,595.32,51652
2026-07-29 14:46:00,595.31,596.0553,594.975,595.83,40501
2026-07-29 14:47:00,595.9999,595.9999,595.1801,595.45,33463
2026-07-29 14:48:00,595.3,596.275,595.13,596.275,30850
2026-07-29 14:49:00,596.275,597.27,596.19,596.88,30479
2026-07-29 14:50:00,596.88,597.45,596.7,597.44,32937
2026-07-29 14:51:00,597.365,597.98,597.1601,597.98,50533
2026-07-29 14:52:00,597.835,598.39,597.75,598.35,28832
2026-07-29 14:53:00,598.34,599.5,598.34,599.2957,58736
2026-07-29 14:54:00,599.385,599.53,599.05,599.3,56088
2026-07-29 14:55:00,599.365,599.97,598.99,599.66,59526
2026-07-29 14:56:00,599.725,599.73,598.85,598.875,36916
2026-07-29 14:57:00,598.7,598.75,598.0,598.325,32653
2026-07-29 14:58:00,598.39,598.705,598.17,598.415,18848
2026-07-29 14:59:00,598.42,598.46,597.61,597.82,23815
2026-07-29 15:00:00,597.99,598.01,597.11,597.23,29367
2026-07-29 15:01:00,597.12,597.9,596.865,597.75,23841
2026-07-29 15:02:00,597.8788,598.0,597.4,597.595,26228
2026-07-29 15:03:00,597.55,597.6299,596.59,596.71,25009
2026-07-29 15:04:00,596.72,596.82,596.01,596.48,29687
2026-07-29 15:05:00,596.485,596.55,595.59,595.715,29022
2026-07-29 15:06:00,595.7777,595.8151,595.155,595.745,22856
2026-07-29 15:07:00,595.745,595.745,594.51,594.8,29710
2026-07-29 15:08:00,594.785,595.48,594.3701,594.3701,22609
2026-07-29 15:09:00,594.59,594.72,594.1,594.225,26411
2026-07-29 15:10:00,594.11,594.2399,593.72,594.15,31464
2026-07-29 15:11:00,594.24,595.17,594.24,595.0,25082
2026-07-29 15:12:00,595.0,595.06,594.2,595.0,22828
2026-07-29 15:13:00,595.0359,595.2,594.65,595.14,31918
2026-07-29 15:14:00,595.01,595.53,595.01,595.29,18170
2026-07-29 15:15:00,595.39,595.9,594.84,595.795,65238
2026-07-29 15:16:00,595.795,595.795,594.88,594.91,24625
2026-07-29 15:17:00,594.845,594.845,593.77,593.885,60892
2026-07-29 15:18:00,593.77,593.77,593.07,593.15,25206
2026-07-29 15:19:00,593.15,593.37,592.6171,593.125,21475
2026-07-29 15:20:00,593.125,593.125,591.7349,591.81,37221
2026-07-29 15:21:00,591.93,592.03,590.97,591.44,31134
2026-07-29 15:22:00,591.3121,591.365,590.287,590.81,26079
2026-07-29 15:23:00,590.725,591.1535,590.04,590.57,21764
2026-07-29 15:24:00,590.58,590.7,589.89,590.04,41549
2026-07-29 15:25:00,590.05,590.34,589.25,589.485,35330
2026-07-29 15:26:00,589.4,589.446,588.07,589.055,37113
2026-07-29 15:27:00,589.07,589.71,588.7,588.97,22074
2026-07-29 15:28:00,589.0,589.1998,588.7505,588.87,28511
2026-07-29 15:29:00,588.8,589.36,588.73,589.1294,30179
2026-07-29 15:30:00,589.14,590.1476,589.07,589.885,40522
2026-07-29 15:31:00,589.82,590.2,588.93,590.135,38326
2026-07-29 15:32:00,590.005,590.15,588.76,589.06,476433
2026-07-29 15:33:00,589.22,589.36,587.754,587.9,55693
2026-07-29 15:34:00,587.9,588.69,587.51,588.49,51074
2026-07-29 15:35:00,588.85,588.88,588.21,588.38,40846
2026-07-29 15:36:00,588.59,588.9,588.0,588.64,30575
2026-07-29 15:37:00,588.7675,588.95,587.61,587.695,71512
2026-07-29 15:38:00,587.67,587.74,586.66,586.84,60577
2026-07-29 15:39:00,586.89,587.52,586.525,587.25,35963
2026-07-29 15:40:00,587.23,587.705,586.6901,587.625,41260
2026-07-29 15:41:00,587.65,587.99,586.48,586.65,44923
2026-07-29 15:42:00,586.64,587.06,586.51,586.67,32796
2026-07-29 15:43:00,586.54,586.62,585.29,585.485,86984
2026-07-29 15:44:00,585.33,585.4,584.26,584.74,88216
2026-07-29 15:45:00,584.74,585.11,584.27,584.27,74362
2026-07-29 15:46:00,584.39,584.98,584.26,584.65,53603
2026-07-29 15:47:00,584.76,584.93,584.3091,584.76,39757
2026-07-29 15:48:00,584.74,585.11,584.54,584.74,65707
2026-07-29 15:49:00,584.67,584.9999,584.6,584.705,50779
2026-07-29 15:50:00,584.61,585.82,583.725,584.11,156333
2026-07-29 15:51:00,584.11,584.45,583.27,583.77,115119
2026-07-29 15:52:00,583.77,583.92,583.0301,583.35,66200
2026-07-29 15:53:00,583.35,583.6,582.4,582.79,117639
2026-07-29 15:54:00,582.865,583.91,582.22,583.305,192683
2026-07-29 15:55:00,583.21,584.12,582.27,583.94,157640
2026-07-29 15:56:00,583.94,584.59,582.98,583.22,151570
2026-07-29 15:57:00,583.22,584.55,583.165,584.44,124010
2026-07-29 15:58:00,584.5,585.21,583.96,584.41,468062
2026-07-29 15:59:00,584.57,588.08,583.75,587.0,474709
2026-07-29 16:00:00,585.61,587.0,583.5,585.0,1859364
2026-07-29 16:01:00,583.82,585.0,561.18,563.35,0
2026-07-29 16:02:00,564.5722,565.0,541.06,541.73,0
2026-07-29 16:03:00,541.72,547.49,536.24,539.58,0
2026-07-29 16:04:00,539.9892,585.61,533.13,540.0,0
2026-07-29 16:05:00,539.68,545.0,535.77,541.405,0
2026-07-29 16:06:00,541.6529,554.99,541.08,553.0,0
2026-07-29 16:07:00,553.8,561.0,553.0,557.46,0
2026-07-29 16:08:00,557.46,585.61,550.11,554.14,0
2026-07-29 16:09:00,554.058,555.0,548.0001,552.8873,0
2026-07-29 16:10:00,552.9198,585.61,551.2501,557.97,0
2026-07-29 16:11:00,558.0964,560.66,556.08,557.7414,0
2026-07-29 16:12:00,557.7427,585.61,556.14,559.99,0
2026-07-29 16:13:00,560.0,585.61,558.0,558.24,0
2026-07-29 16:14:00,558.24,562.18,558.05,560.8994,0
2026-07-29 16:15:00,585.61,585.61,558.5,560.0,0
2026-07-29 16:16:00,559.01,662.62,556.0,558.8363,0
2026-07-29 16:17:00,557.8437,560.0,557.22,559.0212,0
2026-07-29 16:18:00,559.0359,585.61,553.2,555.8105,0
2026-07-29 16:19:00,555.87,556.65,554.0,555.3,0
2026-07-29 16:20:00,555.0,585.61,551.0,551.5889,0
2026-07-29 16:21:00,551.92,554.17,551.25,552.7525,0
2026-07-29 16:22:00,552.55,553.87,548.0,548.03,0
2026-07-29 16:23:00,548.5,585.61,545.06,550.0,0
2026-07-29 16:24:00,550.0,550.0,547.0,549.02,0
2026-07-29 16:25:00,549.12,550.0,548.55,549.83,0
2026-07-29 16:26:00,549.71,551.4,544.0,545.0073,0
2026-07-29 16:27:00,545.15,585.61,544.0,548.0,0
2026-07-29 16:28:00,547.78,549.55,547.01,547.8909,0
2026-07-29 16:29:00,548.0,552.9,547.0,550.72,0
2026-07-29 16:30:00,550.99,551.0,547.5,548.8348,0
2026-07-29 16:31:00,548.8351,549.49,548.01,548.56,0
2026-07-29 16:32:00,548.5,549.86,546.87,547.5,0
2026-07-29 16:33:00,547.7313,547.82,544.5961,545.65,0
2026-07-29 16:34:00,545.5818,547.0,542.15,544.08,0
2026-07-29 16:35:00,545.7456,549.86,543.2,548.2804,0
2026-07-29 16:36:00,548.01,550.0,547.0,547.99,0
2026-07-29 16:37:00,547.5592,548.0,543.12,546.98,0
2026-07-29 16:38:00,546.0,548.0,545.5,547.093,0
2026-07-29 16:39:00,547.5,550.0,547.0,549.95,0
2026-07-29 16:40:00,549.5,550.16,547.0,548.48,0
2026-07-29 16:41:00,547.51,549.5,544.0,549.5,0
2026-07-29 16:42:00,548.82,552.0,543.88,546.5,0
2026-07-29 16:43:00,546.51,549.0,545.01,548.0,0
2026-07-29 16:44:00,548.0,550.99,546.0,550.4,0
2026-07-29 16:45:00,550.74,554.11,550.4,552.83,0
2026-07-29 16:46:00,553.0,553.0,551.1,552.0,0
2026-07-29 16:47:00,551.9882,552.5,548.0,551.9572,0
2026-07-29 16:48:00,552.0,552.22,548.24,549.8,0
2026-07-29 16:49:00,549.99,549.99,548.0001,548.54,0
2026-07-29 16:50:00,548.155,548.7313,545.18,546.351,0
2026-07-29 16:51:00,546.44,546.78,544.0,544.6262,0
2026-07-29 16:52:00,544.1,544.23,543.1,543.36,0
2026-07-29 16:53:00,543.35,579.9512,543.15,545.18,0
2026-07-29 16:54:00,544.99,545.72,543.5,544.0,0
2026-07-29 16:55:00,543.5,544.48,541.77,541.98,0
2026-07-29 16:56:00,541.9526,543.5,541.26,542.4548,0
2026-07-29 16:57:00,542.4549,543.16,542.35,543.0,0
2026-07-29 16:58:00,543.16,544.44,542.3,542.9165,0
2026-07-29 16:59:00,542.94,543.0,535.15,537.4,0
2026-07-29 17:00:00,537.3417,539.39,533.7,538.47,0
2026-07-29 17:01:00,538.8808,541.2,538.0,539.99,0
2026-07-29 17:02:00,539.99,539.99,534.1,536.0,0
2026-07-29 17:03:00,537.0,537.0,532.63,534.7265,0
2026-07-29 17:04:00,534.11,537.0,533.0,536.9366,0
2026-07-29 17:05:00,537.0,537.8,534.5,535.8946,0
2026-07-29 17:06:00,535.99,536.0,530.12,530.89,0
2026-07-29 17:07:00,531.35,532.22,530.5,531.9398,0
2026-07-29 17:08:00,531.5,532.0,528.68,529.3,0
2026-07-29 17:09:00,529.99,530.21,527.51,527.55,0
2026-07-29 17:10:00,527.67,528.7,526.15,527.4688,0
2026-07-29 17:11:00,527.47,527.85,524.32,524.5142,0
2026-07-29 17:12:00,524.5055,525.0,521.27,521.8715,0
2026-07-29 17:13:00,521.8964,524.67,520.0,523.89,0
2026-07-29 17:14:00,523.881,524.88,523.0,523.82,0
2026-07-29 17:15:00,523.82,523.82,518.3,518.5341,0
2026-07-29 17:16:00,518.384,522.94,518.3,522.51,0
2026-07-29 17:17:00,522.0,524.2,522.0,524.1399,0
2026-07-29 17:18:00,524.0226,527.35,523.0,526.94,0
2026-07-29 17:19:00,527.0,529.0,525.3387,528.71,0
2026-07-29 17:20:00,528.6,530.99,528.01,529.91,0
2026-07-29 17:21:00,529.7719,529.91,526.0,527.8987,0
2026-07-29 17:22:00,528.0,529.5,526.18,527.36,0
2026-07-29 17:23:00,527.72,529.0,527.02,528.98,0
2026-07-29 17:24:00,528.6798,530.0,527.72,529.5,0
2026-07-29 17:25:00,530.0,531.28,529.0521,529.9,0
2026-07-29 17:26:00,529.99,530.5,527.7301,528.9399,0
2026-07-29 17:27:00,529.0,530.0,528.5,528.9404,0
2026-07-29 17:28:00,528.85,529.99,527.5,529.8722,0
2026-07-29 17:29:00,529.0759,529.48,527.72,527.78,0
2026-07-29 17:30:00,528.63,529.0,527.51,528.07,0
2026-07-29 17:31:00,528.3382,529.85,527.59,527.9999,0
2026-07-29 17:32:00,528.0,528.0,526.27,526.95,0
2026-07-29 17:33:00,526.8601,529.6,526.27,529.506,0
2026-07-29 17:34:00,529.6,530.0,528.0501,529.115,0
2026-07-29 17:35:00,529.26,529.48,528.05,529.2203,0
2026-07-29 17:36:00,529.2202,531.24,529.0,530.9699,0
2026-07-29 17:37:00,530.75,531.55,530.0,530.25,0
2026-07-29 17:38:00,530.49,530.9,530.0,530.34,0
2026-07-29 17:39:00,530.5,530.86,528.0,528.7203,0
2026-07-29 17:40:00,528.6,528.75,528.0001,528.7499,0
2026-07-29 17:41:00,528.7308,530.75,528.7,530.11,0
2026-07-29 17:42:00,530.3,530.6,530.0,530.0,0
2026-07-29 17:43:00,530.5,530.5,528.93,529.4236,0
2026-07-29 17:44:00,529.4236,529.9,528.0,528.0642,0
2026-07-29 17:45:00,528.0641,528.95,528.01,528.58,0
2026-07-29 17:46:00,528.5,530.25,528.4057,529.9,0
2026-07-29 17:47:00,530.0,530.0,529.07,529.58,0
2026-07-29 17:48:00,529.58,530.25,529.5,530.25,0
2026-07-29 17:49:00,530.24,530.48,529.5645,529.7096,0
2026-07-29 17:50:00,529.5842,529.85,529.0,529.5,0
2026-07-29 17:51:00,529.5,530.26,528.4,528.74,0
2026-07-29 17:52:00,528.74,528.75,528.28,528.564,0
2026-07-29 17:53:00,528.68,528.75,528.461,528.7332,0
2026-07-29 17:54:00,528.75,528.86,528.68,528.7451,0
2026-07-29 17:55:00,528.7499,528.77,528.7,528.7399,0
2026-07-29 17:56:00,528.74,530.86,528.74,530.86,0
2026-07-29 17:57:00,530.86,530.86,528.0,528.02,0
2026-07-29 17:58:00,528.4405,528.5,527.37,527.85,0
2026-07-29 17:59:00,527.85,527.95,526.5802,527.8125,0
2026-07-29 18:00:00,527.302,529.85,527.25,529.83,0
2026-07-29 18:01:00,529.85,530.84,529.68,530.7996,0
2026-07-29 18:02:00,530.7996,533.0,530.7996,532.9999,0
2026-07-29 18:03:00,533.0,533.82,532.47,533.57,0
2026-07-29 18:04:00,533.57,536.0,533.555,535.26,0
2026-07-29 18:05:00,534.4472,535.27,534.0,534.69,0
2026-07-29 18:06:00,534.6388,535.98,534.6,535.2,0
2026-07-29 18:07:00,535.74,536.0,535.2001,535.75,0
2026-07-29 18:08:00,535.84,536.0,533.01,534.48,0
2026-07-29 18:09:00,534.76,535.92,534.2,535.5,0
2026-07-29 18:10:00,535.5,536.98,535.5,536.45,0
2026-07-29 18:11:00,536.3965,538.66,536.0697,537.9999,0
2026-07-29 18:12:00,538.0,538.66,536.0,536.85,0
2026-07-29 18:13:00,537.0,537.5,534.57,535.5,0
2026-07-29 18:14:00,536.0,585.61,535.0,535.72,0
2026-07-29 18:15:00,535.14,535.3488,534.06,534.6,0
2026-07-29 18:16:00,534.65,535.35,534.01,535.35,0
2026-07-29 18:17:00,534.9613,535.6,534.891,535.5,0
2026-07-29 18:18:00,535.35,535.35,534.01,534.96,0
2026-07-29 18:19:00,534.72,535.0,533.1,533.7697,0
2026-07-29 18:20:00,533.86,535.5,533.1,535.5,0
2026-07-29 18:21:00,535.495,538.0,535.41,537.4225,0
2026-07-29 18:22:00,537.15,537.5,535.57,535.9,0
2026-07-29 18:23:00,535.8606,535.9,535.0,535.8655,0
2026-07-29 18:24:00,535.9,537.0,535.61,536.9,0
2026-07-29 18:25:00,536.9,536.9,535.2,535.85,0
2026-07-29 18:26:00,535.94,535.94,534.5439,534.8266,0
2026-07-29 18:27:00,534.87,535.94,534.5,534.8,0
2026-07-29 18:28:00,534.7999,534.9,533.5,534.6,0
2026-07-29 18:29:00,534.6,537.5,534.6,537.5,0
2026-07-29 18:30:00,537.11,538.48,536.968,538.1127,0
2026-07-29 18:31:00,538.4,539.69,538.06,539.44,0
2026-07-29 18:32:00,539.2738,540.9,539.21,540.0,0
2026-07-29 18:33:00,540.0,540.82,539.5,539.7354,0
2026-07-29 18:34:00,539.7,540.0,539.0001,539.78,0
2026-07-29 18:35:00,539.713,540.2,539.36,540.1,0
2026-07-29 18:36:00,539.96,540.49,539.75,540.01,0
2026-07-29 18:37:00,540.0,541.22,539.95,541.0,0
2026-07-29 18:38:00,541.0,541.15,540.4,540.9284,0
2026-07-29 18:39:00,541.0,541.23,540.4,540.9593,0
2026-07-29 18:40:00,540.9458,541.0,540.1,540.4988,0
2026-07-29 18:41:00,540.4,540.4316,540.0,540.2703,0
2026-07-29 18:42:00,540.28,541.1586,540.28,541.0141,0
2026-07-29 18:43:00,541.02,541.35,540.5,541.34,0
2026-07-29 18:44:00,541.35,544.0,541.35,543.472,0
2026-07-29 18:45:00,543.77,544.0,543.04,543.2,0
2026-07-29 18:46:00,543.2285,543.5,542.17,543.0,0
2026-07-29 18:47:00,542.11,543.0,542.0,542.1,0
2026-07-29 18:48:00,542.1,542.8,539.4326,541.71,0
2026-07-29 18:49:00,541.8147,542.3718,540.81,541.5655,0
2026-07-29 18:50:00,541.51,541.95,541.0,541.23,0
2026-07-29 18:51:00,541.3974,541.46,541.23,541.42,0
2026-07-29 18:52:00,541.42,541.46,540.8,541.0452,0
2026-07-29 18:53:00,541.0011,541.39,540.2,541.39,0
2026-07-29 18:54:00,541.025,541.4,540.9586,541.4,0
2026-07-29 18:55:00,541.4,541.4,540.2,540.79,0
2026-07-29 18:56:00,540.2339,541.0,540.2339,540.8591,0
2026-07-29 18:57:00,540.82,541.53,540.7,541.5,0
2026-07-29 18:58:00,541.0125,543.0,541.0,542.8798,0
2026-07-29 18:59:00,542.01,543.0,541.5775,541.9404,0
2026-07-29 19:00:00,542.0,542.0,541.06,541.5,0
2026-07-29 19:01:00,542.0,542.0,541.0994,541.44,0
2026-07-29 19:02:00,541.44,542.0,541.43,541.9266,0
2026-07-29 19:03:00,541.94,542.75,541.5,542.4,0
2026-07-29 19:04:00,542.0775,542.5,542.0,542.0,0
2026-07-29 19:05:00,542.38,543.2,542.2,543.05,0
2026-07-29 19:06:00,543.0,543.15,542.5,542.9406,0
2026-07-29 19:07:00,542.65,543.5,542.5,543.5,0
2026-07-29 19:08:00,543.05,545.0,543.05,544.988,0
2026-07-29 19:09:00,545.0,546.95,544.95,546.0,0
2026-07-29 19:10:00,546.0,546.0,545.49,545.8365,0
2026-07-29 19:11:00,545.7,546.95,545.5,546.4,0
2026-07-29 19:12:00,546.4,546.7,546.0,546.2207,0
2026-07-29 19:13:00,546.05,547.5,546.0,547.4241,0
2026-07-29 19:14:00,547.16,547.4755,546.49,547.0,0
2026-07-29 19:15:00,546.5,546.7263,545.45,546.03,0
2026-07-29 19:16:00,546.03,546.18,545.5,545.7854,0
2026-07-29 19:17:00,545.76,546.91,545.5,546.52,0
2026-07-29 19:18:00,546.91,548.15,546.36,548.04,0
2026-07-29 19:19:00,548.15,549.22,548.0,549.027,0
2026-07-29 19:20:00,549.0265,549.47,548.2013,548.8605,0
2026-07-29 19:21:00,548.89,548.9892,546.5,547.76,0
2026-07-29 19:22:00,547.9,548.9652,547.9,548.65,0
2026-07-29 19:23:00,548.5,549.2,548.0,548.7,0
2026-07-29 19:24:00,549.0,549.0,548.1,548.7655,0
2026-07-29 19:25:00,548.5,548.75,548.0,548.06,0
2026-07-29 19:26:00,548.3,548.5,547.324,547.9999,0
2026-07-29 19:27:00,548.0,548.0,547.19,547.61,0
2026-07-29 19:28:00,547.22,549.4631,547.22,549.4,0
2026-07-29 19:29:00,549.2,549.7,548.7,548.89,0
2026-07-29 19:30:00,548.9,549.2,548.5,548.5,0
2026-07-29 19:31:00,548.91,549.88,548.8,549.75,0
2026-07-29 19:32:00,549.8,550.0,548.5,548.79,0
2026-07-29 19:33:00,548.8,549.0,548.5,548.9,0
2026-07-29 19:34:00,548.6163,548.8799,548.0,548.01,0
2026-07-29 19:35:00,548.02,548.66,547.55,548.66,0
2026-07-29 19:36:00,548.65,549.45,548.201,549.25,0
2026-07-29 19:37:00,549.281,549.4,549.0,549.05,0
2026-07-29 19:38:00,549.05,549.3,548.5,549.0,0
2026-07-29 19:39:00,548.2,549.0,548.0,548.6,0
2026-07-29 19:40:00,548.5,548.5,547.5,547.5,0
2026-07-29 19:41:00,547.3,547.55,546.03,546.03,0
2026-07-29 19:42:00,546.3,547.0,546.01,546.82,0
2026-07-29 19:43:00,546.99,546.99,544.8292,545.25,0
2026-07-29 19:44:00,545.0114,546.0,545.0114,545.9945,0
2026-07-29 19:45:00,545.78,546.0,545.29,545.5,0
2026-07-29 19:46:00,545.64,546.0,545.4,545.95,0
2026-07-29 19:47:00,545.8999,545.95,545.1193,545.1193,0
2026-07-29 19:48:00,545.76,545.76,545.0,545.4006,0
2026-07-29 19:49:00,545.43,545.44,544.0,544.02,0
2026-07-29 19:50:00,544.02,544.9312,543.02,543.56,0
2026-07-29 19:51:00,543.5,543.56,542.1,542.8713,0
2026-07-29 19:52:00,542.2395,542.99,542.0,542.11,0
2026-07-29 19:53:00,542.46,543.0,542.12,542.95,0
2026-07-29 19:54:00,542.96,543.3,542.52,542.6324,0
2026-07-29 19:55:00,543.29,543.3,542.51,542.8,0
2026-07-29 19:56:00,543.0,543.0,542.51,542.8,0
2026-07-29 19:57:00,542.6535,543.25,542.6535,543.0,0
2026-07-29 19:58:00,543.08,543.49,542.9282,543.08,0
2026-07-29 19:59:00,543.1865,543.1865,541.5,542.49,0
2026-07-30 04:00:00,544.75,585.61,535.596,536.1925,0
2026-07-30 04:01:00,535.63,547.0,535.02,536.4,0
2026-07-30 04:02:00,536.48,537.3187,535.5375,537.0,0
2026-07-30 04:03:00,536.84,537.0,534.48,535.27,0
2026-07-30 04:04:00,535.0,543.86,534.1633,536.5,0
2026-07-30 04:05:00,541.59,541.86,535.3473,536.2075,0
2026-07-30 04:06:00,536.4988,537.0,535.91,536.679,0
2026-07-30 04:07:00,536.7,542.08,536.0,540.72,0
2026-07-30 04:08:00,540.72,544.6,536.58,537.36,0
2026-07-30 04:09:00,537.3,538.4218,536.86,537.68,0
2026-07-30 04:10:00,537.9988,538.4988,536.71,537.5,0
2026-07-30 04:11:00,537.9,537.97,536.2,536.2,0
2026-07-30 04:12:00,536.1659,536.9,535.3076,536.0,0
2026-07-30 04:13:00,536.46,536.9,535.23,536.43,0
2026-07-30 04:14:00,536.8725,536.8725,535.01,536.34,0
2026-07-30 04:15:00,536.53,536.53,535.63,535.79,0
2026-07-30 04:16:00,536.5055,536.8988,535.63,536.01,0
2026-07-30 04:17:00,536.5,536.5288,534.2,535.17,0
2026-07-30 04:18:00,535.19,536.88,534.41,535.47,0
2026-07-30 04:19:00,535.0,536.1262,534.15,534.58,0
2026-07-30 04:20:00,534.4977,535.954,534.17,534.99,0
2026-07-30 04:21:00,534.5,535.83,534.5,534.6,0
2026-07-30 04:22:00,534.936,535.83,534.936,535.82,0
2026-07-30 04:23:00,535.95,536.0,535.6,535.83,0
2026-07-30 04:24:00,535.95,536.19,535.12,536.19,0
2026-07-30 04:25:00,535.79,536.8682,535.64,535.674,0
2026-07-30 04:26:00,536.53,536.966,535.64,535.64,0
2026-07-30 04:27:00,536.3256,536.5,535.6848,536.3256,0
2026-07-30 04:28:00,536.48,536.48,535.25,535.8,0
2026-07-30 04:29:00,535.61,535.88,535.3,535.88,0
2026-07-30 04:30:00,535.78,535.88,535.38,535.7488,0
2026-07-30 04:31:00,535.2,535.79,535.0012,535.46,0
2026-07-30 04:32:00,535.5,536.8967,535.14,536.0,0
2026-07-30 04:33:00,536.458,536.458,535.5,535.92,0
2026-07-30 04:34:00,536.35,536.35,535.2028,535.55,0
2026-07-30 04:35:00,535.9988,536.0,535.0097,535.39,0
2026-07-30 04:36:00,535.12,536.3488,535.0,536.0,0
2026-07-30 04:37:00,535.9988,536.0,535.01,535.75,0
2026-07-30 04:38:00,535.9988,535.9988,535.1,535.1,0
2026-07-30 04:39:00,535.4783,536.0,533.33,534.6249,0
2026-07-30 04:40:00,533.44,533.91,532.8,533.42,0
2026-07-30 04:41:00,533.0697,533.91,532.8,533.46,0
2026-07-30 04:42:00,533.397,533.42,532.0,532.3826,0
2026-07-30 04:43:00,532.0,533.0,531.6771,531.6771,0
2026-07-30 04:44:00,532.24,532.9988,531.5,531.7,0
2026-07-30 04:45:00,531.7369,532.02,530.72,531.41,0
2026-07-30 04:46:00,530.54,532.1488,530.54,531.79,0
2026-07-30 04:47:00,531.86,532.15,531.2612,531.8,0
2026-07-30 04:48:00,531.8,531.99,531.2,531.9479,0
2026-07-30 04:49:00,531.35,532.0,531.0,531.8405,0
2026-07-30 04:50:00,532.51,533.9045,532.0616,533.9045,0
2026-07-30 04:51:00,533.0,533.95,532.72,533.95,0
2026-07-30 04:52:00,533.0,533.35,532.21,532.5,0
2026-07-30 04:53:00,532.4,533.0515,532.4,532.74,0
2026-07-30 04:54:00,532.75,532.76,532.21,532.5,0
2026-07-30 04:55:00,532.57,532.9562,532.3,532.5,0
2026-07-30 04:56:00,532.5,533.0,532.27,532.64,0
2026-07-30 04:57:00,532.5,533.3488,532.28,533.17,0
2026-07-30 04:58:00,533.0,533.95,532.81,533.95,0
2026-07-30 04:59:00,533.29,533.95,533.2,533.2952,0
2026-07-30 05:00:00,533.5,533.9,532.97,533.1442,0
2026-07-30 05:01:00,532.87,533.3988,531.695,532.0,0
2026-07-30 05:02:00,533.3988,533.3988,531.78,532.38,0
2026-07-30 05:03:00,532.2,533.5,531.78,532.89,0
2026-07-30 05:04:00,533.3724,533.5,532.0365,532.75,0
2026-07-30 05:05:00,532.85,533.2537,532.0517,532.9,0
2026-07-30 05:06:00,532.7294,533.8031,532.35,533.8028,0
2026-07-30 05:07:00,533.4,533.95,533.25,533.95,0
2026-07-30 05:08:00,533.8994,533.95,532.8,533.91,0
2026-07-30 05:09:00,533.0,533.95,532.3812,532.3812,0
2026-07-30 05:10:00,532.74,532.98,531.2167,532.3243,0
2026-07-30 05:11:00,532.0,533.6,531.5,532.53,0
2026-07-30 05:12:00,532.5,533.29,532.28,532.66,0
2026-07-30 05:13:00,532.5,533.6,532.5,533.5988,0
2026-07-30 05:14:00,532.69,533.63,532.69,532.91,0
2026-07-30 05:15:00,533.1,533.95,532.6,533.0,0
2026-07-30 05:16:00,533.0,533.479,532.47,533.0,0
2026-07-30 05:17:00,533.18,533.63,532.7,533.535,0
2026-07-30 05:18:00,533.59,533.95,533.4011,533.4011,0
2026-07-30 05:19:00,533.68,533.8,533.01,533.5,0
2026-07-30 05:20:00,533.8,533.8,532.5,532.5,0
2026-07-30 05:21:00,533.0,533.5,533.0,533.0,0
2026-07-30 05:22:00,532.9869,533.7607,532.9869,533.7607,0
2026-07-30 05:23:00,533.5,534.7583,533.11,534.75,0
2026-07-30 05:24:00,534.5,534.75,534.0,534.75,0
2026-07-30 05:25:00,534.5,534.8988,534.0012,534.67,0
2026-07-30 05:26:00,534.88,536.0,534.8221,535.7973,0
2026-07-30 05:27:00,535.6,535.9057,535.0003,535.74,0
2026-07-30 05:28:00,535.6,536.8352,535.5,536.26,0
2026-07-30 05:29:00,536.22,537.53,536.04,536.89,0
2026-07-30 05:30:00,536.4032,537.5302,535.2,535.5835,0
2026-07-30 05:31:00,536.4765,536.4765,535.0,535.72,0
2026-07-30 05:32:00,535.72,536.5,535.7,536.41,0
2026-07-30 05:33:00,536.5,536.88,535.7,536.8788,0
2026-07-30 05:34:00,536.7,537.69,536.7,537.39,0
2026-07-30 05:35:00,537.35,537.48,536.54,536.54,0
2026-07-30 05:36:00,536.83,537.0,536.5,536.8203,0
2026-07-30 05:37:00,536.819,538.0,536.517,537.8,0
2026-07-30 05:38:00,537.5874,538.0,537.0,537.8,0
2026-07-30 05:39:00,537.5,537.9,536.68,537.3,0
2026-07-30 05:40:00,537.8677,537.96,537.0487,537.11,0
2026-07-30 05:41:00,537.9777,538.0,535.9,537.0,0
2026-07-30 05:42:00,536.65,536.89,536.0,536.07,0
2026-07-30 05:43:00,536.0,536.19,533.11,534.82,0
2026-07-30 05:44:00,534.0,536.0,533.91,535.0,0
2026-07-30 05:45:00,535.0,535.92,535.0,535.47,0
2026-07-30 05:46:00,535.4,535.8677,535.0,535.18,0
2026-07-30 05:47:00,535.25,535.47,534.2,535.1519,0
2026-07-30 05:48:00,535.0,535.604,535.0,535.27,0
2026-07-30 05:49:00,535.28,535.47,534.2012,535.39,0
2026-07-30 05:50:00,535.0,535.39,534.84,535.0,0
2026-07-30 05:51:00,535.14,535.14,533.5987,534.2,0
2026-07-30 05:52:00,534.4116,534.99,534.08,534.83,0
2026-07-30 05:53:00,534.985,535.0,534.4,534.79,0
2026-07-30 05:54:00,535.0,535.0,534.0012,534.9416,0
2026-07-30 05:55:00,534.94,535.0,534.5125,535.0,0
2026-07-30 05:56:00,534.9739,534.9739,534.0,534.8,0
2026-07-30 05:57:00,534.51,534.9875,534.3175,534.5,0
2026-07-30 05:58:00,534.92,535.0,534.362,534.4,0
2026-07-30 05:59:00,534.32,534.78,533.99,534.37,0
2026-07-30 06:00:00,534.0,534.9,533.96,534.53,0
2026-07-30 06:01:00,534.5,534.8675,533.9276,534.6797,0
2026-07-30 06:02:00,534.67,534.8988,533.21,533.46,0
2026-07-30 06:03:00,533.32,534.2,532.48,532.79,0
2026-07-30 06:04:00,532.82,533.6,532.01,532.5,0
2026-07-30 06:05:00,533.08,533.6,532.92,533.39,0
2026-07-30 06:06:00,533.0,533.5988,532.6,533.42,0
2026-07-30 06:07:00,533.4204,533.6,532.9555,533.5687,0
2026-07-30 06:08:00,533.76,534.3388,533.1,533.1,0
2026-07-30 06:09:00,533.19,534.2188,533.0,534.2188,0
2026-07-30 06:10:00,534.11,534.5427,533.7271,534.5427,0
2026-07-30 06:11:00,534.2,534.6,533.61,534.6,0
2026-07-30 06:12:00,534.5627,534.5988,533.0,533.7337,0
2026-07-30 06:13:00,533.69,533.69,531.35,531.35,0
2026-07-30 06:14:00,531.2552,532.9375,530.41,530.878,0
2026-07-30 06:15:00,530.87,532.0,530.4,530.8592,0
2026-07-30 06:16:00,530.89,531.962,530.4,531.0,0
2026-07-30 06:17:00,531.27,531.54,530.2762,531.54,0
2026-07-30 06:18:00,531.3,532.0,531.1029,532.0,0
2026-07-30 06:19:00,531.66,532.1275,531.3,531.31,0
2026-07-30 06:20:00,531.7,532.15,530.13,530.14,0
2026-07-30 06:21:00,530.6,532.15,530.13,531.35,0
2026-07-30 06:22:00,531.49,532.1488,530.5197,531.49,0
2026-07-30 06:23:00,531.3,533.58,531.3,532.97,0
2026-07-30 06:24:00,533.0,533.75,532.59,533.64,0
2026-07-30 06:25:00,533.54,533.7488,533.0,533.0,0
2026-07-30 06:26:00,533.52,533.57,532.9875,533.2,0
2026-07-30 06:27:00,532.7,533.66,532.5512,533.15,0
2026-07-30 06:28:00,533.1435,533.5,533.0,533.25,0
2026-07-30 06:29:00,533.09,533.7925,533.01,533.7925,0
2026-07-30 06:30:00,533.8,533.95,533.18,533.18,0
2026-07-30 06:31:00,533.41,533.88,533.18,533.6,0
2026-07-30 06:32:00,533.52,533.88,533.01,533.88,0
2026-07-30 06:33:00,533.64,533.88,533.25,533.7,0
2026-07-30 06:34:00,533.42,533.69,532.56,533.475,0
2026-07-30 06:35:00,533.2957,534.39,532.0745,533.1,0
2026-07-30 06:36:00,533.95,534.5,533.93,534.4787,0
2026-07-30 06:37:00,534.39,534.85,534.06,534.4042,0
2026-07-30 06:38:00,534.2482,534.2482,533.65,534.0344,0
2026-07-30 06:39:00,534.0,534.4,533.5,533.81,0
2026-07-30 06:40:00,533.0,534.4,533.0,533.805,0
2026-07-30 06:41:00,534.33,534.4,533.5469,534.0,0
2026-07-30 06:42:00,533.8,534.4,533.17,533.8,0
2026-07-30 06:43:00,534.11,535.75,534.11,535.12,0
2026-07-30 06:44:00,535.24,535.68,535.0,535.0,0
2026-07-30 06:45:00,535.0,535.33,535.0,535.0,0
2026-07-30 06:46:00,535.28,535.5213,535.0,535.36,0
2026-07-30 06:47:00,535.47,535.7,535.036,535.6727,0
2026-07-30 06:48:00,535.54,535.7,535.0,535.0,0
2026-07-30 06:49:00,535.16,535.5,534.87,535.04,0
2026-07-30 06:50:00,535.19,537.0,535.0,536.6724,0
2026-07-30 06:51:00,536.25,536.7,535.0,535.6161,0
2026-07-30 06:52:00,535.0,536.4218,535.0,536.4218,0
2026-07-30 06:53:00,536.4218,536.4218,535.0,535.0,0
2026-07-30 06:54:00,535.25,535.4988,533.77,534.9218,0
2026-07-30 06:55:00,534.5,534.5,533.5247,534.3888,0
2026-07-30 06:56:00,534.13,535.31,533.85,534.69,0
2026-07-30 06:57:00,534.94,536.85,534.7223,535.5,0
2026-07-30 06:58:00,535.54,536.64,535.43,536.49,0
2026-07-30 06:59:00,536.0,536.01,535.0012,535.84,0
2026-07-30 07:00:00,536.4,585.61,532.7,534.74,0
2026-07-30 07:01:00,534.4893,535.8901,533.21,535.8901,0
2026-07-30 07:02:00,536.19,537.7,535.06,537.59,0
2026-07-30 07:03:00,537.5785,541.99,537.2217,541.3125,0
2026-07-30 07:04:00,541.24,543.37,541.0,542.5471,0
2026-07-30 07:05:00,541.2,543.0,541.0,541.89,0
2026-07-30 07:06:00,541.46,541.89,539.99,540.34,0
2026-07-30 07:07:00,540.271,541.0,538.5,540.0,0
2026-07-30 07:08:00,539.9117,540.0,538.5,539.05,0
2026-07-30 07:09:00,539.59,540.0,538.8,539.8,0
2026-07-30 07:10:00,539.7999,540.0,539.0,540.0,0
2026-07-30 07:11:00,539.66,540.0,538.41,538.41,0
2026-07-30 07:12:00,538.41,539.9,538.4,539.0,0
2026-07-30 07:13:00,539.2228,539.25,536.23,536.9087,0
2026-07-30 07:14:00,536.56,537.0,535.65,536.9,0
2026-07-30 07:15:00,536.235,537.0,536.1301,536.8986,0
2026-07-30 07:16:00,536.8986,537.72,536.05,536.848,0
2026-07-30 07:17:00,536.98,537.4295,536.13,536.57,0
2026-07-30 07:18:00,536.57,537.59,536.15,537.4986,0
2026-07-30 07:19:00,537.24,537.33,535.01,535.6,0
2026-07-30 07:20:00,535.1634,536.4577,535.1634,536.0,0
2026-07-30 07:21:00,536.4578,536.89,535.59,535.9,0
2026-07-30 07:22:00,536.49,536.5,534.62,535.18,0
2026-07-30 07:23:00,535.56,536.0,534.48,535.3419,0
2026-07-30 07:24:00,534.95,535.2204,534.0,534.52,0
2026-07-30 07:25:00,534.69,535.22,534.128,534.7,0
2026-07-30 07:26:00,534.7,536.39,534.5,535.5102,0
2026-07-30 07:27:00,535.94,535.94,534.29,534.9557,0
2026-07-30 07:28:00,534.55,535.5,534.0,534.8279,0
2026-07-30 07:29:00,534.8279,535.5,534.2,535.5,0
2026-07-30 07:30:00,535.2109,535.25,534.15,534.7898,0
2026-07-30 07:31:00,534.7881,535.9,534.0,535.5,0
2026-07-30 07:32:00,535.302,535.9,534.7,535.2178,0
2026-07-30 07:33:00,535.2178,535.4,534.2,534.7982,0
2026-07-30 07:34:00,534.8387,535.44,534.0,534.88,0
2026-07-30 07:35:00,534.79,535.5,534.11,534.5623,0
2026-07-30 07:36:00,534.66,535.2,534.1,534.76,0
2026-07-30 07:37:00,534.5226,535.0,534.21,534.3539,0
2026-07-30 07:38:00,534.75,535.0,534.21,534.7441,0
2026-07-30 07:39:00,534.6804,534.75,532.85,533.23,0
2026-07-30 07:40:00,533.31,533.8,530.6,531.8215,0
2026-07-30 07:41:00,531.8377,532.0,531.0,531.26,0
2026-07-30 07:42:00,531.4066,531.51,530.2,530.97,0
2026-07-30 07:43:00,530.16,531.5,530.13,531.0,0
2026-07-30 07:44:00,531.0,531.0,530.01,530.2,0
2026-07-30 07:45:00,530.105,530.6,529.48,530.4,0
2026-07-30 07:46:00,530.0683,530.6,529.16,529.4,0
2026-07-30 07:47:00,529.79,530.6,529.35,530.36,0
2026-07-30 07:48:00,529.7,530.6,529.6,530.6,0
2026-07-30 07:49:00,530.59,531.59,530.02,531.0,0
2026-07-30 07:50:00,531.2192,531.98,530.66,531.4302,0
2026-07-30 07:51:00,531.0,532.5,530.7,531.02,0
2026-07-30 07:52:00,531.0,531.5,528.62,528.62,0
2026-07-30 07:53:00,528.62,530.12,528.58,529.9172,0
2026-07-30 07:54:00,530.1188,530.12,529.57,529.9128,0
2026-07-30 07:55:00,529.83,531.0,529.2,530.8989,0
2026-07-30 07:56:00,530.9225,531.0,530.0,530.8,0
2026-07-30 07:57:00,530.8,530.8,530.0,530.431,0
2026-07-30 07:58:00,530.49,530.66,530.0,530.66,0
2026-07-30 07:59:00,530.66,530.66,528.24,529.0,0
2026-07-30 08:00:00,528.8521,529.0,526.05,526.73,0
2026-07-30 08:01:00,526.99,526.99,525.51,526.0624,0
2026-07-30 08:02:00,526.0,526.5,525.51,526.04,0
2026-07-30 08:03:00,525.96,527.79,525.72,527.41,0
2026-07-30 08:04:00,527.25,528.79,526.99,527.58,0
2026-07-30 08:05:00,527.4624,528.78,527.1876,528.6298,0
2026-07-30 08:06:00,528.67,528.79,527.1,528.02,0
2026-07-30 08:07:00,528.0217,528.93,527.9,528.7392,0
2026-07-30 08:08:00,528.7392,529.0,528.0,528.6377,0
2026-07-30 08:09:00,528.6377,528.8,527.28,528.0,0
2026-07-30 08:10:00,528.6,528.6,527.5,528.0,0
2026-07-30 08:11:00,528.2,529.5,528.0,529.0,0
2026-07-30 08:12:00,529.3195,529.49,527.8,528.0,0
2026-07-30 08:13:00,527.72,528.43,527.2,527.8642,0
2026-07-30 08:14:00,527.75,528.5,527.5,528.3479,0
2026-07-30 08:15:00,528.3479,528.5,527.4975,528.5,0
2026-07-30 08:16:00,528.3,528.4999,527.2,527.85,0
2026-07-30 08:17:00,527.93,528.03,527.3,527.7,0
2026-07-30 08:18:00,527.25,527.82,526.8,527.1607,0
2026-07-30 08:19:00,527.3097,528.0,527.11,527.7787,0
2026-07-30 08:20:00,527.85,527.85,526.04,526.73,0
2026-07-30 08:21:00,526.7977,528.74,526.04,527.95,0
2026-07-30 08:22:00,528.17,528.9,527.25,527.5,0
2026-07-30 08:23:00,527.7392,528.25,527.5,528.1657,0
2026-07-30 08:24:00,528.1428,528.4,528.0,528.39,0
2026-07-30 08:25:00,528.15,528.4,527.5,528.4,0
2026-07-30 08:26:00,528.4,528.9,528.2,528.47,0
2026-07-30 08:27:00,528.85,528.85,527.24,527.63,0
2026-07-30 08:28:00,527.6309,528.0,526.7,527.5,0
2026-07-30 08:29:00,527.3145,527.38,526.7,527.2247,0
2026-07-30 08:30:00,526.975,528.25,526.8,528.0,0
2026-07-30 08:31:00,527.24,527.91,525.06,525.85,0
2026-07-30 08:32:00,525.19,525.99,523.74,525.8999,0
2026-07-30 08:33:00,525.54,526.4988,524.83,525.01,0
2026-07-30 08:34:00,525.0,526.6935,524.614,526.51,0
2026-07-30 08:35:00,526.71,527.31,525.1,527.3,0
2026-07-30 08:36:00,527.09,528.13,526.71,528.05,0
2026-07-30 08:37:00,528.01,528.25,526.42,527.0,0
2026-07-30 08:38:00,526.42,527.49,526.0,526.72,0
2026-07-30 08:39:00,526.65,527.0,526.04,526.9108,0
2026-07-30 08:40:00,526.76,527.0,526.04,526.5,0
2026-07-30 08:41:00,526.25,526.8,525.34,526.0,0
2026-07-30 08:42:00,526.44,527.914,526.25,527.914,0
2026-07-30 08:43:00,527.9825,529.16,527.3333,528.9493,0
2026-07-30 08:44:00,528.76,529.55,528.25,529.05,0
2026-07-30 08:45:00,529.05,529.42,528.26,528.892,0
2026-07-30 08:46:00,528.588,529.0,527.78,528.67,0
2026-07-30 08:47:00,528.48,529.0,528.0,528.9,0
2026-07-30 08:48:00,528.74,529.3,527.78,529.1,0
2026-07-30 08:49:00,529.09,529.1,528.4,528.55,0
2026-07-30 08:50:00,528.8,528.99,528.26,528.5,0
2026-07-30 08:51:00,528.5,528.95,528.4,528.9109,0
2026-07-30 08:52:00,528.9028,528.99,528.27,528.9777,0
2026-07-30 08:53:00,528.75,529.15,528.5,528.9493,0
2026-07-30 08:54:00,528.75,529.39,528.5,528.91,0
2026-07-30 08:55:00,528.6,529.44,527.0,527.49,0
2026-07-30 08:56:00,527.31,528.0,526.5,526.8004,0
2026-07-30 08:57:00,526.5,527.48,526.5,527.0,0
2026-07-30 08:58:00,526.61,527.411,525.74,527.3,0
2026-07-30 08:59:00,527.4623,527.48,526.9,527.39,0
2026-07-30 09:00:00,527.4,527.4,525.8,527.08,0
2026-07-30 09:01:00,527.0,528.5,526.9,528.222,0
2026-07-30 09:02:00,528.2,528.4988,526.64,527.0,0
2026-07-30 09:03:00,527.94,527.94,526.5,527.2973,0
2026-07-30 09:04:00,527.2973,528.663,527.0,527.968,0
2026-07-30 09:05:00,527.7,531.5,527.7,530.9,0
2026-07-30 09:06:00,530.68,532.15,530.09,532.0,0
2026-07-30 09:07:00,531.64,533.4,531.5,532.1768,0
2026-07-30 09:08:00,531.8603,533.5,531.19,532.9405,0
2026-07-30 09:09:00,533.25,533.985,532.8,533.5352,0
2026-07-30 09:10:00,533.22,533.67,532.6,533.0,0
2026-07-30 09:11:00,533.1744,533.6799,531.2,532.68,0
2026-07-30 09:12:00,532.73,534.9,532.25,534.6003,0
2026-07-30 09:13:00,534.8852,536.25,532.62,533.6678,0
2026-07-30 09:14:00,533.0,533.8,532.0,532.7,0
2026-07-30 09:15:00,532.9464,534.0,532.4,533.0573,0
2026-07-30 09:16:00,532.442,533.5,531.6312,532.0692,0
2026-07-30 09:17:00,531.8935,533.17,531.35,531.64,0
2026-07-30 09:18:00,532.576,533.77,531.66,533.0,0
2026-07-30 09:19:00,532.9,533.4,532.0,532.0,0
2026-07-30 09:20:00,532.9,533.0,531.7,532.68,0
2026-07-30 09:21:00,532.7,533.5,532.37,532.79,0
2026-07-30 09:22:00,533.01,533.2,531.5,532.45,0
2026-07-30 09:23:00,532.3906,533.0,531.82,532.7893,0
2026-07-30 09:24:00,532.7893,533.5,532.1275,532.8634,0
2026-07-30 09:25:00,532.82,534.3,531.2,531.99,0
2026-07-30 09:26:00,531.99,533.3246,530.2,530.85,0
2026-07-30 09:27:00,530.82,531.5,528.26,528.26,0
2026-07-30 09:28:00,528.63,531.1705,525.88,527.93,0
2026-07-30 09:29:00,527.904,527.904,525.5,526.0,0
2026-07-30 09:30:00,525.74,533.67,524.519,532.3401,3893155
2026-07-30 09:31:00,532.41,535.47,526.04,528.4451,565226
2026-07-30 09:32:00,528.375,528.94,526.13,528.24,371357
2026-07-30 09:33:00,528.51,529.88,528.2,529.0888,287036
2026-07-30 09:34:00,529.1,532.39,527.3499,531.9577,353371
2026-07-30 09:35:00,532.08,536.69,531.7,536.305,386219
2026-07-30 09:36:00,536.65,536.65,528.9,529.4,425201
2026-07-30 09:37:00,529.285,529.83,527.5,529.66,269837
2026-07-30 09:38:00,529.8,531.49,528.57,530.8591,251275
2026-07-30 09:39:00,530.701,531.1109,528.5,529.12,232350
2026-07-30 09:40:00,528.995,529.96,527.78,527.89,229451
2026-07-30 09:41:00,527.89,529.71,527.78,528.97,198866
2026-07-30 09:42:00,528.99,531.5,528.99,530.505,259081
2026-07-30 09:43:00,530.66,531.88,529.81,531.595,232706
2026-07-30 09:44:00,531.59,532.82,531.12,531.625,345922
2026-07-30 09:45:00,531.67,534.4799,531.06,534.47,293535
2026-07-30 09:46:00,534.43,534.47,532.6001,533.74,225136
2026-07-30 09:47:00,533.61,533.715,530.41,532.02,257612
2026-07-30 09:48:00,532.09,532.663,531.09,532.5403,218961
2026-07-30 09:49:00,532.405,535.0,531.82,534.5,273115
2026-07-30 09:50:00,534.51,537.5,534.4,535.79,353490
2026-07-30 09:51:00,535.71,535.825,531.51,531.955,230059
2026-07-30 09:52:00,531.9,532.89,530.24,532.35,255409
2026-07-30 09:53:00,532.35,533.86,531.5424,531.5424,165505
2026-07-30 09:54:00,531.54,532.39,530.61,531.445,146039
2026-07-30 09:55:00,531.32,532.38,531.1,532.285,145727
2026-07-30 09:56:00,532.28,533.0997,531.31,532.02,148498
2026-07-30 09:57:00,532.0,532.25,530.7,531.27,154339
2026-07-30 09:58:00,531.25,533.0,531.14,531.94,132235
2026-07-30 09:59:00,531.94,532.4199,531.52,532.16,136785
2026-07-30 10:00:00,532.28,532.28,529.0,529.075,265409
2026-07-30 10:01:00,529.17,529.81,527.5,529.575,276303
2026-07-30 10:02:00,529.49,530.81,528.74,530.81,212609
2026-07-30 10:03:00,530.733,530.733,528.33,528.73,144621
2026-07-30 10:04:00,528.88,530.52,528.86,530.085,126380
2026-07-30 10:05:00,530.03,530.03,529.0,529.825,147226
2026-07-30 10:06:00,529.95,531.55,529.928,531.55,136062
2026-07-30 10:07:00,531.545,533.4,531.41,532.83,179956
2026-07-30 10:08:00,532.875,533.5134,532.24,533.19,111830
2026-07-30 10:09:00,533.2199,533.53,532.065,532.18,120662
2026-07-30 10:10:00,532.15,533.24,531.17,533.12,141365
2026-07-30 10:11:00,533.055,534.5062,532.1101,534.46,168037
2026-07-30 10:12:00,534.4836,534.8541,534.0,534.4,145510
2026-07-30 10:13:00,534.46,534.79,532.48,533.285,136235
2026-07-30 10:14:00,533.3764,534.5903,533.075,533.945,93208
2026-07-30 10:15:00,533.94,533.99,532.51,533.09,128024
2026-07-30 10:16:00,533.09,533.6365,532.21,532.68,131212
2026-07-30 10:17:00,532.775,533.86,531.61,532.51,130178
2026-07-30 10:18:00,532.48,532.79,530.68,531.4247,112047
2026-07-30 10:19:00,531.41,532.0,529.64,529.9837,157129
2026-07-30 10:20:00,530.005,530.1,528.84,528.9068,188471
2026-07-30 10:21:00,528.865,530.9613,528.66,530.86,146304
2026-07-30 10:22:00,530.88,531.64,530.4,530.8,106403
2026-07-30 10:23:00,530.945,531.8633,530.79,531.2871,93488
2026-07-30 10:24:00,531.215,532.79,531.13,532.45,102641
2026-07-30 10:25:00,532.4611,532.8,531.62,532.24,112031
2026-07-30 10:26:00,532.16,532.35,531.0,531.845,83210
2026-07-30 10:27:00,531.71,532.17,531.2701,531.715,61052
2026-07-30 10:28:00,531.7,532.89,531.6,532.09,94704
2026-07-30 10:29:00,532.09,532.243,531.0,531.3615,83814
2026-07-30 10:30:00,531.4,531.47,530.22,531.0999,117230
2026-07-30 10:31:00,530.99,531.0958,530.47,530.87,66155
2026-07-30 10:32:00,530.87,531.02,530.3,530.9792,91966
2026-07-30 10:33:00,530.83,531.01,530.31,530.8214,66628
2026-07-30 10:34:00,530.86,530.87,530.1,530.315,85311
2026-07-30 10:35:00,530.2532,530.78,529.67,529.8251,111943
2026-07-30 10:36:00,529.85,531.5695,529.6801,531.42,86571
2026-07-30 10:37:00,531.345,531.9381,531.26,531.68,74946
2026-07-30 10:38:00,531.69,532.7,531.48,532.41,69715
2026-07-30 10:39:00,532.4,532.99,532.3386,532.57,77835
2026-07-30 10:40:00,532.4941,533.61,532.0,533.47,104017
2026-07-30 10:41:00,533.47,533.47,532.77,532.8825,68870
2026-07-30 10:42:00,532.91,533.04,532.0,532.0401,55773
2026-07-30 10:43:00,532.115,532.5805,531.6,531.88,65420
2026-07-30 10:44:00,531.84,532.72,531.47,532.615,69157
2026-07-30 10:45:00,532.59,533.31,532.0001,533.25,86113
2026-07-30 10:46:00,533.25,533.7799,532.77,532.7872,79134
2026-07-30 10:47:00,532.9267,533.1,532.3594,533.045,71844
2026-07-30 10:48:00,532.915,532.9516,531.965,532.35,86442
2026-07-30 10:49:00,532.33,532.5611,531.51,531.51,93225
2026-07-30 10:50:00,531.48,532.48,531.4005,532.185,92384
2026-07-30 10:51:00,532.225,532.928,532.08,532.54,75634
2026-07-30 10:52:00,532.595,532.6665,531.5,532.365,73168
2026-07-30 10:53:00,532.375,533.44,532.375,532.655,91145
2026-07-30 10:54:00,532.5,533.2,532.31,533.19,76441
2026-07-30 10:55:00,533.06,533.225,531.6,531.945,76101
2026-07-30 10:56:00,532.0138,532.36,531.01,532.2651,104528
2026-07-30 10:57:00,532.1101,534.72,532.1101,534.29,138701
2026-07-30 10:58:00,534.195,535.6,534.09,535.6,99422
2026-07-30 10:59:00,535.67,535.94,533.775,534.08,104929
2026-07-30 11:00:00,534.07,535.63,533.92,534.2348,133048
2026-07-30 11:01:00,534.195,535.2,533.2204,534.65,66825
2026-07-30 11:02:00,534.7155,535.25,534.21,534.785,89926
2026-07-30 11:03:00,534.86,536.7895,534.7708,536.7895,131290
2026-07-30 11:04:00,536.79,537.4,536.72,537.16,108152
2026-07-30 11:05:00,537.13,538.31,537.13,537.8298,122890
2026-07-30 11:06:00,537.775,538.8856,537.5001,538.315,101529
2026-07-30 11:07:00,538.315,538.49,537.5,537.95,135432
2026-07-30 11:08:00,538.09,538.3171,537.34,537.77,110040
2026-07-30 11:09:00,537.83,538.8,537.37,538.32,111914
2026-07-30 11:10:00,538.365,538.8499,537.53,538.7945,107814
2026-07-30 11:11:00,538.68,538.74,537.6,537.69,78706
2026-07-30 11:12:00,537.69,538.94,537.63,537.9133,113081
2026-07-30 11:13:00,537.7308,538.65,537.22,537.7019,86628
2026-07-30 11:14:00,537.48,537.6799,537.1,537.1412,74337
2026-07-30 11:15:00,537.17,537.19,536.45,537.145,103040
2026-07-30 11:16:00,537.15,537.69,536.68,537.405,56396
2026-07-30 11:17:00,537.405,538.0,534.5,534.5,116240
2026-07-30 11:18:00,534.67,535.2899,533.53,534.02,109872
2026-07-30 11:19:00,534.0124,534.52,533.53,533.7,103959
2026-07-30 11:20:00,533.8,534.0,533.08,533.711,79615
2026-07-30 11:21:00,533.7061,534.37,533.0,534.135,80365
2026-07-30 11:22:00,534.2009,534.8,533.4,533.445,105088
2026-07-30 11:23:00,533.48,534.77,533.34,534.405,116321
2026-07-30 11:24:00,534.472,534.79,533.865,534.44,39881
2026-07-30 11:25:00,534.48,534.6899,533.0,533.0905,75867
2026-07-30 11:26:00,533.14,533.5716,532.0901,533.0525,145911
2026-07-30 11:27:00,533.0,534.3099,533.0,533.69,46623
2026-07-30 11:28:00,533.6,534.11,533.53,533.56,44013
2026-07-30 11:29:00,533.5897,533.725,532.36,533.005,76051
2026-07-30 11:30:00,532.95,533.57,532.6111,533.2501,77672
2026-07-30 11:31:00,533.4737,533.565,533.11,533.17,61675
2026-07-30 11:32:00,533.27,533.4748,532.7101,533.335,69184
2026-07-30 11:33:00,533.3275,533.53,532.7,532.915,40996
2026-07-30 11:34:00,532.92,533.4499,532.72,533.04,55341
2026-07-30 11:35:00,533.04,533.17,532.55,532.85,40294
2026-07-30 11:36:00,532.82,533.4395,532.82,533.18,52700
2026-07-30 11:37:00,533.19,533.33,532.46,532.535,65814
2026-07-30 11:38:00,532.535,533.035,532.43,532.55,41091
2026-07-30 11:39:00,532.59,533.2899,532.47,532.73,84626
2026-07-30 11:40:00,532.81,532.9599,532.1801,532.255,59416
2026-07-30 11:41:00,532.26,533.3699,532.1901,533.22,78451
2026-07-30 11:42:00,533.16,533.58,533.01,533.11,98493
2026-07-30 11:43:00,533.135,533.5632,533.01,533.405,74100
2026-07-30 11:44:00,533.41,533.67,533.04,533.065,54919
2026-07-30 11:45:00,533.05,533.72,532.6,532.7136,65960
2026-07-30 11:46:00,532.87,533.65,532.62,533.5881,37478
2026-07-30 11:47:00,533.52,533.5695,532.9009,533.18,63527
2026-07-30 11:48:00,533.235,533.5799,533.08,533.21,58239
2026-07-30 11:49:00,533.21,533.3,532.6501,533.01,50799
2026-07-30 11:50:00,533.13,533.3995,532.92,533.075,54545
2026-07-30 11:51:00,533.075,533.14,532.7,532.835,76713
2026-07-30 11:52:00,532.8666,533.02,532.305,532.855,107776
2026-07-30 11:53:00,532.85,533.4899,532.85,533.31,67610
2026-07-30 11:54:00,533.34,534.75,533.25,534.62,70878
2026-07-30 11:55:00,534.7,534.73,533.7501,534.355,48026
2026-07-30 11:56:00,534.3,534.74,533.62,533.89,64720
2026-07-30 11:57:00,534.06,534.24,533.4,533.6855,115415
2026-07-30 11:58:00,533.6897,533.6897,533.0,533.11,96694
2026-07-30 11:59:00,533.1,533.21,532.09,532.1402,96637
2026-07-30 12:00:00,532.09,532.81,531.65,532.57,115339
2026-07-30 12:01:00,532.7557,533.3,532.54,533.29,70638
2026-07-30 12:02:00,533.27,533.39,532.7,533.0607,45703
2026-07-30 12:03:00,533.19,533.51,532.71,532.96,68921
2026-07-30 12:04:00,532.87,533.98,532.61,533.8,44416
2026-07-30 12:05:00,533.8,535.94,533.78,535.94,76846
2026-07-30 12:06:00,535.98,536.2,535.4205,535.86,62587
2026-07-30 12:07:00,535.7,536.99,535.48,536.94,61183
2026-07-30 12:08:00,536.8386,536.9586,535.0783,535.51,89248
2026-07-30 12:09:00,535.43,535.43,534.0,534.675,79851
2026-07-30 12:10:00,534.57,534.8,534.14,534.21,56699
2026-07-30 12:11:00,534.225,534.225,533.4,533.71,62344
2026-07-30 12:12:00,533.7,534.7,533.6501,534.42,49484
2026-07-30 12:13:00,534.5484,535.165,534.42,534.93,41603
2026-07-30 12:14:00,534.875,534.94,534.24,534.37,49168
2026-07-30 12:15:00,534.36,534.6,533.03,533.0699,57802
2026-07-30 12:16:00,533.0699,533.0699,531.6,532.0621,114543
2026-07-30 12:17:00,532.0899,532.5,531.73,532.425,69492
2026-07-30 12:18:00,532.5,532.8,532.1359,532.515,72242
2026-07-30 12:19:00,532.4811,533.44,532.278,532.33,58017
2026-07-30 12:20:00,532.3399,532.658,532.19,532.2303,63271
2026-07-30 12:21:00,532.202,532.3998,531.37,531.73,72859
2026-07-30 12:22:00,531.6888,531.9899,531.32,531.51,53079
2026-07-30 12:23:00,531.51,532.0145,531.4288,531.83,45691
2026-07-30 12:24:00,531.88,532.1343,531.68,531.9999,55998
2026-07-30 12:25:00,531.9841,532.6195,531.91,532.48,50937
2026-07-30 12:26:00,532.42,532.4699,531.89,532.115,49310
2026-07-30 12:27:00,532.07,532.46,532.0601,532.418,43136
2026-07-30 12:28:00,532.4263,532.8,532.29,532.32,50430
2026-07-30 12:29:00,532.345,532.49,531.4001,531.54,105366
2026-07-30 12:30:00,531.475,531.96,530.6305,530.92,104671
2026-07-30 12:31:00,530.9,531.17,530.79,530.94,54803
2026-07-30 12:32:00,530.9001,531.5,530.817,531.02,57687
2026-07-30 12:33:00,531.02,531.53,530.965,531.315,45157
2026-07-30 12:34:00,531.32,531.63,531.01,531.24,48184
2026-07-30 12:35:00,531.2572,531.375,531.01,531.32,44287
2026-07-30 12:36:00,531.35,531.84,531.18,531.58,63637
2026-07-30 12:37:00,531.52,531.5938,531.27,531.36,40045
2026-07-30 12:38:00,531.36,531.36,530.88,530.97,53389
2026-07-30 12:39:00,530.925,530.9657,530.46,530.75,68653
2026-07-30 12:40:00,530.705,531.045,530.5205,530.69,39917
2026-07-30 12:41:00,530.665,530.76,530.525,530.705,35929
2026-07-30 12:42:00,530.65,530.99,529.77,530.785,225453
2026-07-30 12:43:00,530.775,531.23,530.5,530.5299,55570
2026-07-30 12:44:00,530.5,530.67,530.08,530.59,77485
2026-07-30 12:45:00,530.5,530.5,530.0,530.01,56624
2026-07-30 12:46:00,530.0,530.39,530.0,530.1899,60695
2026-07-30 12:47:00,530.1,530.28,530.0,530.12,47942
2026-07-30 12:48:00,530.1286,530.33,530.0,530.045,57436
2026-07-30 12:49:00,530.015,530.3573,529.83,530.01,100148
2026-07-30 12:50:00,530.084,530.12,529.8,530.105,50855
2026-07-30 12:51:00,530.06,530.5399,530.05,530.485,77848
2026-07-30 12:52:00,530.45,530.9,530.265,530.61,67353
2026-07-30 12:53:00,530.625,530.69,530.021,530.0683,52715
2026-07-30 12:54:00,530.06,530.85,529.875,530.615,49020
2026-07-30 12:55:00,530.615,530.9699,530.427,530.9699,33867
2026-07-30 12:56:00,530.84,531.5,530.7401,531.4,41988
2026-07-30 12:57:00,531.335,531.49,530.8,530.9736,50655
2026-07-30 12:58:00,530.945,530.982,530.6,530.85,51965
2026-07-30 12:59:00,530.845,530.93,530.75,530.751,33195
2026-07-30 13:00:00,530.75,531.1,530.5501,530.5501,42942
2026-07-30 13:01:00,530.67,530.86,530.49,530.6,36946
2026-07-30 13:02:00,530.58,531.02,530.52,530.94,31210
2026-07-30 13:03:00,530.93,531.33,530.85,531.1854,42818
2026-07-30 13:04:00,531.181,531.5,531.08,531.35,30028
2026-07-30 13:05:00,531.35,532.5,531.3,531.91,97472
2026-07-30 13:06:00,531.85,532.0,531.3419,531.42,49688
2026-07-30 13:07:00,531.445,531.9699,531.415,531.6,34635
2026-07-30 13:08:00,531.62,533.0,531.49,532.92,56683
2026-07-30 13:09:00,532.875,532.88,532.32,532.385,38598
2026-07-30 13:10:00,532.385,532.614,532.0101,532.4299,38535
2026-07-30 13:11:00,532.38,532.43,531.84,531.965,42687
2026-07-30 13:12:00,531.965,531.965,531.16,531.4495,46054
2026-07-30 13:13:00,531.4485,532.0,531.34,531.825,37665
2026-07-30 13:14:00,531.786,532.11,531.77,531.86,41556
2026-07-30 13:15:00,531.85,531.85,531.26,531.595,28317
2026-07-30 13:16:00,531.54,531.72,531.4,531.5466,27214
2026-07-30 13:17:00,531.505,531.65,531.26,531.605,34135
2026-07-30 13:18:00,531.56,532.13,531.54,532.0371,33494
2026-07-30 13:19:00,532.0111,532.48,532.0111,532.3835,47683
2026-07-30 13:20:00,532.345,532.4,531.6301,531.795,31767
2026-07-30 13:21:00,531.855,531.9,531.55,531.605,34820
2026-07-30 13:22:00,531.54,531.65,530.78,530.78,110820
2026-07-30 13:23:00,530.785,531.7099,530.56,531.7099,44109
2026-07-30 13:24:00,531.625,532.04,531.53,532.04,37844
2026-07-30 13:25:00,532.13,532.38,532.0,532.17,29318
2026-07-30 13:26:00,532.16,532.7,532.095,532.505,66789
2026-07-30 13:27:00,532.519,532.83,532.4201,532.67,40049
2026-07-30 13:28:00,532.64,533.25,532.63,533.09,51482
2026-07-30 13:29:00,533.06,533.09,532.41,532.77,36098
2026-07-30 13:30:00,532.695,534.12,532.695,533.422,75100
2026-07-30 13:31:00,533.465,533.7501,532.8701,533.69,36957
2026-07-30 13:32:00,533.64,533.87,533.38,533.8189,39475
2026-07-30 13:33:00,533.8678,534.42,533.78,534.11,46907
2026-07-30 13:34:00,534.13,534.3671,533.37,533.64,60642
2026-07-30 13:35:00,533.52,534.0748,533.395,533.985,36229
2026-07-30 13:36:00,533.97,534.91,533.945,534.88,35008
2026-07-30 13:37:00,534.91,534.94,533.62,533.8452,54341
2026-07-30 13:38:00,533.805,533.82,532.85,533.2399,44539
2026-07-30 13:39:00,533.2,533.51,532.8,532.83,49096
2026-07-30 13:40:00,532.71,532.83,531.61,531.67,113664
2026-07-30 13:41:00,531.8913,532.4799,531.52,532.39,66454
2026-07-30 13:42:00,532.39,532.58,532.19,532.47,36648
2026-07-30 13:43:00,532.4457,532.82,532.18,532.18,33968
2026-07-30 13:44:00,532.265,532.265,531.9201,532.0101,35258
2026-07-30 13:45:00,532.03,532.26,532.02,532.05,32193
2026-07-30 13:46:00,532.03,532.86,531.95,532.86,31440
2026-07-30 13:47:00,532.87,533.15,532.345,532.465,45094
2026-07-30 13:48:00,532.55,532.7499,532.4464,532.68,25888
2026-07-30 13:49:00,532.68,533.4081,532.6,533.0,48088
2026-07-30 13:50:00,532.93,533.185,532.8701,533.1235,24910
2026-07-30 13:51:00,533.22,533.27,532.65,532.65,24894
2026-07-30 13:52:00,532.705,532.81,532.25,532.2601,33945
2026-07-30 13:53:00,532.415,532.52,532.13,532.32,29755
2026-07-30 13:54:00,532.31,532.58,532.222,532.28,30186
2026-07-30 13:55:00,532.365,532.49,532.15,532.38,32950
2026-07-30 13:56:00,532.395,532.56,532.27,532.425,49963
2026-07-30 13:57:00,532.425,533.0,532.35,532.88,35254
2026-07-30 13:58:00,532.89,533.235,532.71,532.82,54899
2026-07-30 13:59:00,532.9,533.125,532.67,532.86,42321
2026-07-30 14:00:00,532.86,533.0,532.5418,532.6285,37151
2026-07-30 14:01:00,532.585,532.9,532.58,532.81,40345
2026-07-30 14:02:00,532.84,532.91,532.71,532.77,28819
2026-07-30 14:03:00,532.78,532.9299,532.24,532.42,49798
2026-07-30 14:04:00,532.48,532.53,532.08,532.09,36597
2026-07-30 14:05:00,532.07,532.39,531.85,532.39,58981
2026-07-30 14:06:00,532.38,532.4099,532.09,532.35,33908
2026-07-30 14:07:00,532.3,532.34,532.075,532.075,38329
2026-07-30 14:08:00,532.06,532.1008,531.7,531.98,44553
2026-07-30 14:09:00,531.98,532.32,531.64,532.1,70585
2026-07-30 14:10:00,532.14,532.48,532.01,532.23,48469
2026-07-30 14:11:00,532.13,533.24,532.13,533.19,49157
2026-07-30 14:12:00,533.26,533.32,532.89,532.9597,34156
2026-07-30 14:13:00,532.9646,533.16,532.6705,532.9922,31536
2026-07-30 14:14:00,533.025,533.28,532.45,533.07,70840
2026-07-30 14:15:00,533.1284,533.3595,532.9,532.94,31822
2026-07-30 14:16:00,532.92,533.15,532.72,532.955,29150
2026-07-30 14:17:00,532.955,532.955,532.61,532.7799,32138
2026-07-30 14:18:00,532.692,532.99,532.692,532.785,31892
2026-07-30 14:19:00,532.75,532.9,532.6601,532.6874,44257
2026-07-30 14:20:00,532.67,533.39,532.61,533.38,45809
2026-07-30 14:21:00,533.345,533.53,533.1207,533.325,53513
2026-07-30 14:22:00,533.38,533.9,533.325,533.725,45258
2026-07-30 14:23:00,533.785,533.8,533.525,533.7142,31797
2026-07-30 14:24:00,533.745,534.18,533.58,534.095,35414
2026-07-30 14:25:00,534.09,534.18,533.22,533.38,46635
2026-07-30 14:26:00,533.31,533.48,532.75,533.1301,51774
2026-07-30 14:27:00,533.16,533.43,532.75,532.76,28612
2026-07-30 14:28:00,532.835,533.15,532.57,533.035,42835
2026-07-30 14:29:00,533.11,533.27,532.88,532.96,31268
2026-07-30 14:30:00,532.97,533.07,532.88,532.98,23873
2026-07-30 14:31:00,533.04,533.24,532.82,533.13,68832
2026-07-30 14:32:00,533.11,533.23,532.89,533.23,39072
2026-07-30 14:33:00,533.165,533.27,532.92,533.1,33343
2026-07-30 14:34:00,533.03,533.19,533.0,533.025,41114
2026-07-30 14:35:00,533.02,533.3,532.88,533.3,48000
2026-07-30 14:36:00,533.2969,533.87,533.105,533.785,37374
2026-07-30 14:37:00,533.785,533.86,533.47,533.5391,38318
2026-07-30 14:38:00,533.5,533.8495,533.435,533.62,30656
2026-07-30 14:39:00,533.66,534.33,533.66,534.11,37391
2026-07-30 14:40:00,534.12,534.56,534.12,534.54,25833
2026-07-30 14:41:00,534.5,534.78,534.2001,534.41,35754
2026-07-30 14:42:00,534.41,534.41,533.64,533.655,48165
2026-07-30 14:43:00,533.68,534.2899,533.68,534.065,59816
2026-07-30 14:44:00,534.1199,534.2099,533.945,534.055,26937
2026-07-30 14:45:00,534.0502,534.11,533.91,534.028,49251
2026-07-30 14:46:00,533.99,534.055,533.63,533.77,31007
2026-07-30 14:47:00,533.83,533.83,532.5801,533.16,66381
2026-07-30 14:48:00,533.16,533.28,532.0,532.64,54094
2026-07-30 14:49:00,532.74,532.7499,532.253,532.5425,63778
2026-07-30 14:50:00,532.555,532.69,532.04,532.37,35268
2026-07-30 14:51:00,532.46,532.79,532.33,532.77,52606
2026-07-30 14:52:00,532.77,533.06,532.705,532.93,36285
2026-07-30 14:53:00,533.03,533.59,532.9,533.285,36126
2026-07-30 14:54:00,533.285,533.95,533.285,533.435,36362
2026-07-30 14:55:00,533.49,534.0,533.21,533.965,37680
2026-07-30 14:56:00,533.925,534.8799,533.7,534.6736,38025
2026-07-30 14:57:00,534.69,534.8261,534.22,534.4301,37998
2026-07-30 14:58:00,534.54,534.87,534.42,534.58,44326
2026-07-30 14:59:00,534.615,534.815,534.4101,534.52,63514
2026-07-30 15:00:00,534.5327,534.98,534.44,534.755,59197
2026-07-30 15:01:00,534.75,534.83,533.1901,533.195,102141
2026-07-30 15:02:00,533.2,534.074,533.12,534.025,39405
2026-07-30 15:03:00,534.09,534.6399,534.09,534.46,31841
2026-07-30 15:04:00,534.4568,534.6,532.845,533.3,50228
2026-07-30 15:05:00,533.31,533.6107,532.95,533.38,40456
2026-07-30 15:06:00,533.38,533.82,533.215,533.64,41557
2026-07-30 15:07:00,533.64,533.73,533.0401,533.39,52455
2026-07-30 15:08:00,533.39,533.46,532.5,532.584,70267
2026-07-30 15:09:00,532.5,532.88,532.0,532.78,90982
2026-07-30 15:10:00,532.78,534.81,532.75,534.53,78767
2026-07-30 15:11:00,534.51,534.8,534.0514,534.175,58942
2026-07-30 15:12:00,534.17,535.3893,534.17,535.32,56989
2026-07-30 15:13:00,535.315,535.565,535.0446,535.4819,55540
2026-07-30 15:14:00,535.51,535.79,535.51,535.66,52040
2026-07-30 15:15:00,535.7099,535.96,535.51,535.555,70722
2026-07-30 15:16:00,535.545,535.605,534.92,535.4,59814
2026-07-30 15:17:00,535.4,535.57,534.21,534.21,62680
2026-07-30 15:18:00,534.32,534.92,534.255,534.92,46047
2026-07-30 15:19:00,534.75,535.12,534.65,534.775,44232
2026-07-30 15:20:00,534.775,534.79,534.0,534.41,62145
2026-07-30 15:21:00,534.2901,534.66,534.16,534.17,47223
2026-07-30 15:22:00,534.16,534.63,534.0,534.38,59995
2026-07-30 15:23:00,534.29,534.381,533.7,534.08,48901
2026-07-30 15:24:00,534.0473,534.58,534.03,534.335,48340
2026-07-30 15:25:00,534.335,535.38,534.33,535.33,55779
2026-07-30 15:26:00,535.28,535.47,535.025,535.145,67076
2026-07-30 15:27:00,535.21,535.5,535.0,535.22,56659
2026-07-30 15:28:00,535.17,535.4198,534.57,534.81,55123
2026-07-30 15:29:00,534.75,534.7764,534.14,534.54,49980
2026-07-30 15:30:00,534.54,534.64,533.64,533.78,90819
2026-07-30 15:31:00,533.731,533.81,533.41,533.81,59249
2026-07-30 15:32:00,533.87,534.55,533.87,534.46,64243
2026-07-30 15:33:00,534.34,535.06,534.33,534.97,58748
2026-07-30 15:34:00,534.955,535.23,534.721,534.721,82939
2026-07-30 15:35:00,534.73,534.73,533.89,533.89,57619
2026-07-30 15:36:00,533.81,534.06,533.55,533.61,57050
2026-07-30 15:37:00,533.61,534.05,533.45,534.02,77077
2026-07-30 15:38:00,534.03,534.18,533.6345,533.67,61627
2026-07-30 15:39:00,533.69,533.91,533.36,533.36,56709
2026-07-30 15:40:00,533.33,533.92,533.21,533.84,57547
2026-07-30 15:41:00,533.845,534.16,533.7201,533.845,54314
2026-07-30 15:42:00,533.8,534.24,533.8,534.24,64421
2026-07-30 15:43:00,534.26,535.0,534.175,534.57,70021
2026-07-30 15:44:00,534.53,535.28,534.53,535.25,72892
2026-07-30 15:45:00,535.25,535.71,534.8,535.54,91389
2026-07-30 15:46:00,535.505,535.9574,535.17,535.65,93804
2026-07-30 15:47:00,535.58,535.58,534.9,535.25,526776
2026-07-30 15:48:00,535.26,535.7,535.17,535.5,128209
2026-07-30 15:49:00,535.5,536.68,535.3501,536.619,128161
2026-07-30 15:50:00,536.6,537.5,535.64,535.82,179266
2026-07-30 15:51:00,535.76,535.87,534.81,535.635,124247
2026-07-30 15:52:00,535.68,535.89,535.06,535.315,110687
2026-07-30 15:53:00,535.3395,535.8299,535.07,535.16,140035
2026-07-30 15:54:00,535.17,537.535,535.17,537.06,248394
2026-07-30 15:55:00,537.07,539.62,537.03,538.88,332864
2026-07-30 15:56:00,538.89,539.27,538.53,538.85,236884
2026-07-30 15:57:00,538.85,539.46,538.18,538.905,354088
2026-07-30 15:58:00,538.905,539.75,538.48,539.71,309472
2026-07-30 15:59:00,539.74,539.88,538.62,539.06,466714
2026-07-30 16:00:00,538.24,539.9,538.0,539.0,3382248
2026-07-30 16:01:00,538.79,539.5,538.5,538.5846,0
2026-07-30 16:02:00,539.2388,539.9,538.5,539.0,0
2026-07-30 16:03:00,539.52,539.88,539.055,539.26,0
2026-07-30 16:04:00,539.2,539.5,538.5,538.96,0
2026-07-30 16:05:00,538.99,539.67,538.5,539.1386,0
2026-07-30 16:06:00,539.03,539.5,538.5,539.33,0
2026-07-30 16:07:00,539.1443,539.9,539.0,539.0075,0
2026-07-30 16:08:00,539.0084,539.01,538.88,538.94,0
2026-07-30 16:09:00,538.93,539.9,538.6,539.9,0
2026-07-30 16:10:00,539.9,540.6,539.03,540.6,0
2026-07-30 16:11:00,540.38,540.4,539.03,540.38,0
2026-07-30 16:12:00,540.4,540.4,525.01,540.3186,0
2026-07-30 16:13:00,540.2,542.13,540.2,541.97,0
2026-07-30 16:14:00,542.5,542.7113,541.02,542.5732,0
2026-07-30 16:15:00,539.03,543.0,539.03,542.96,0
2026-07-30 16:16:00,542.958,543.42,542.5,542.51,0
2026-07-30 16:17:00,542.5001,542.75,542.5,542.5887,0
2026-07-30 16:18:00,542.5,542.6,539.03,542.5049,0
2026-07-30 16:19:00,542.5452,542.55,542.5,542.51,0
2026-07-30 16:20:00,542.5,543.19,542.5,543.19,0
2026-07-30 16:21:00,542.8471,543.42,542.5,542.6762,0
2026-07-30 16:22:00,542.7,542.8,542.5,542.5899,0
2026-07-30 16:23:00,542.5831,542.6,542.5,542.5075,0
2026-07-30 16:24:00,542.5001,542.99,542.5,542.9327,0
2026-07-30 16:25:00,542.93,543.42,542.5,543.0,0
2026-07-30 16:26:00,542.72,543.15,542.51,542.7442,0
2026-07-30 16:27:00,542.74,543.0,542.5,542.5,0
2026-07-30 16:28:00,542.5,542.51,541.0,541.95,0
2026-07-30 16:29:00,541.4405,541.8815,541.0,541.3,0
2026-07-30 16:30:00,541.8933,542.13,541.01,541.01,0
2026-07-30 16:31:00,541.0859,542.0,541.01,541.69,0
2026-07-30 16:32:00,541.75,542.0,541.04,541.89,0
2026-07-30 16:33:00,541.83,542.5,541.1,542.44,0
2026-07-30 16:34:00,542.0,542.8,542.0,542.7319,0
2026-07-30 16:35:00,542.79,542.79,542.0,542.278,0
2026-07-30 16:36:00,542.4,542.5,541.75,542.11,0
2026-07-30 16:37:00,542.2,542.3,541.75,542.23,0
2026-07-30 16:38:00,542.0289,542.5,541.75,541.89,0
2026-07-30 16:39:00,542.0,542.0,541.7512,541.9,0
2026-07-30 16:40:00,542.0,542.0,541.75,541.9,0
2026-07-30 16:41:00,541.8834,541.95,541.75,541.789,0
2026-07-30 16:42:00,541.95,541.95,541.75,541.86,0
2026-07-30 16:43:00,541.9261,541.95,541.75,541.8,0
2026-07-30 16:44:00,541.75,541.95,541.75,541.9271,0
2026-07-30 16:45:00,541.785,541.95,541.76,541.77,0
2026-07-30 16:46:00,541.78,541.95,541.75,541.95,0
2026-07-30 16:47:00,541.9365,541.95,541.81,541.95,0
2026-07-30 16:48:00,541.9499,541.95,541.8,541.8169,0
2026-07-30 16:49:00,541.8001,541.9462,541.08,541.25,0
2026-07-30 16:50:00,541.41,541.8,541.02,541.5,0
2026-07-30 16:51:00,541.38,541.8,541.12,541.715,0
2026-07-30 16:52:00,541.7373,541.9,541.5,541.8155,0
2026-07-30 16:53:00,541.8262,542.25,541.69,541.9,0
2026-07-30 16:54:00,541.7,542.25,541.2099,541.52,0
2026-07-30 16:55:00,541.69,541.7,541.3158,541.7,0
2026-07-30 16:56:00,541.5,541.6,541.2166,541.5,0
2026-07-30 16:57:00,541.4437,541.6,541.15,541.5,0
2026-07-30 16:58:00,541.5,541.54,541.1503,541.49,0
2026-07-30 16:59:00,541.4648,541.5,541.02,541.12,0
2026-07-30 17:00:00,541.12,541.12,541.03,541.1022,0
2026-07-30 17:01:00,541.03,541.12,541.0203,541.0298,0
2026-07-30 17:02:00,541.02,541.03,540.5,540.7,0
2026-07-30 17:03:00,540.6821,540.9492,540.12,540.1793,0
2026-07-30 17:04:00,540.12,540.12,539.03,540.12,0
2026-07-30 17:05:00,540.0,540.7,539.73,540.3,0
2026-07-30 17:06:00,540.6988,540.7,540.0,540.5,0
2026-07-30 17:07:00,540.31,546.4084,540.0,540.25,0
2026-07-30 17:08:00,540.5,540.7,539.8,539.9988,0
2026-07-30 17:09:00,540.0,540.0,539.5,539.9,0
2026-07-30 17:10:00,539.56,540.0,539.5,540.0,0
2026-07-30 17:11:00,539.5243,539.98,539.5,539.8,0
2026-07-30 17:12:00,539.8887,539.9,526.3571,539.8114,0
2026-07-30 17:13:00,539.8888,546.4084,526.3571,540.0,0
2026-07-30 17:14:00,539.97,540.0,539.5,539.94,0
2026-07-30 17:15:00,539.94,540.0,534.7834,534.7834,0
2026-07-30 17:16:00,539.552,571.2309,539.5,539.86,0
2026-07-30 17:17:00,539.73,540.0,539.3,539.5,0
2026-07-30 17:18:00,539.6292,571.2309,539.3044,539.75,0
2026-07-30 17:19:00,539.58,539.83,539.03,539.56,0
2026-07-30 17:20:00,539.4,540.0,539.4,539.58,0
2026-07-30 17:21:00,539.72,540.0,539.51,539.8,0
2026-07-30 17:22:00,539.6234,540.6808,539.6,540.47,0
2026-07-30 17:23:00,540.47,540.7,539.8,540.7,0
2026-07-30 17:24:00,540.35,540.7,540.01,540.65,0
2026-07-30 17:25:00,540.55,540.7,540.48,540.6762,0
2026-07-30 17:26:00,540.55,540.5988,540.0,540.49,0
2026-07-30 17:27:00,540.43,540.7,540.0012,540.55,0
2026-07-30 17:28:00,540.69,540.7,540.3,540.6297,0
2026-07-30 17:29:00,540.5634,540.67,540.01,540.5,0
2026-07-30 17:30:00,540.5,540.55,540.01,540.4,0
2026-07-30 17:31:00,540.4,540.5,540.1356,540.3,0
2026-07-30 17:32:00,540.25,540.6,540.25,540.5404,0
2026-07-30 17:33:00,540.4,540.6,540.36,540.5025,0
2026-07-30 17:34:00,540.5001,540.6,540.5,540.5887,0
2026-07-30 17:35:00,540.5889,540.7,540.5,540.6,0
2026-07-30 17:36:00,540.6,540.7,540.51,540.6,0
2026-07-30 17:37:00,540.61,540.7,540.51,540.7,0
2026-07-30 17:38:00,540.51,540.7,540.51,540.5897,0
2026-07-30 17:39:00,540.6,540.6,540.1,540.5317,0
2026-07-30 17:40:00,540.59,540.59,540.1,540.49,0
2026-07-30 17:41:00,540.15,540.5,540.1,540.4587,0
2026-07-30 17:42:00,540.3,540.4,540.15,540.4,0
2026-07-30 17:43:00,540.5,540.5,540.1914,540.4731,0
2026-07-30 17:44:00,540.34,540.6,540.15,540.5303,0
2026-07-30 17:45:00,540.5,540.6,540.4721,540.58,0
2026-07-30 17:46:00,540.57,540.7,540.55,540.6101,0
2026-07-30 17:47:00,540.6116,540.7,540.61,540.6997,0
2026-07-30 17:48:00,540.6902,540.7,540.62,540.68,0
2026-07-30 17:49:00,540.6887,541.12,540.59,540.7493,0
2026-07-30 17:50:00,541.11,541.12,540.8398,541.1,0
2026-07-30 17:51:00,541.0844,541.12,541.0,541.003,0
2026-07-30 17:52:00,541.1185,541.12,541.0,541.1076,0
2026-07-30 17:53:00,541.1076,541.12,541.02,541.08,0
2026-07-30 17:54:00,541.1,541.12,541.0515,541.1092,0
2026-07-30 17:55:00,541.07,541.98,541.05,541.902,0
2026-07-30 17:56:00,541.3623,541.99,541.1,541.8855,0
2026-07-30 17:57:00,541.69,541.99,541.1,541.5,0
2026-07-30 17:58:00,541.154,541.85,541.154,541.783,0
2026-07-30 17:59:00,541.7283,541.99,541.6,541.88,0
2026-07-30 18:00:00,541.71,541.99,541.12,541.8863,0
2026-07-30 18:01:00,541.8863,541.9888,540.0,541.5,0
2026-07-30 18:02:00,541.91,542.0,540.5,542.0,0
2026-07-30 18:03:00,541.8274,542.0,540.5,541.7063,0
2026-07-30 18:04:00,541.4,541.84,541.0,541.8,0
2026-07-30 18:05:00,541.8,542.0,541.46,541.66,0
2026-07-30 18:06:00,541.99,542.0,541.6685,542.0,0
2026-07-30 18:07:00,541.96,542.0,541.7783,541.8982,0
2026-07-30 18:08:00,541.8888,541.9,541.4834,541.6363,0
2026-07-30 18:09:00,541.65,541.7,541.46,541.68,0
2026-07-30 18:10:00,542.0,542.0,541.5,541.5,0
2026-07-30 18:11:00,541.55,542.0,541.55,541.9784,0
2026-07-30 18:12:00,541.9997,542.0,541.6,541.97,0
2026-07-30 18:13:00,541.75,542.0,541.63,541.75,0
2026-07-30 18:14:00,541.8,542.0,541.56,541.66,0
2026-07-30 18:15:00,541.66,541.9156,541.56,541.9156,0
2026-07-30 18:16:00,541.9156,541.95,541.66,541.85,0
2026-07-30 18:17:00,541.97,542.0,541.8148,541.946,0
2026-07-30 18:18:00,541.9079,541.95,541.666,541.77,0
2026-07-30 18:19:00,541.9,541.9,541.6675,541.9,0
2026-07-30 18:20:00,541.9,541.9,541.8,541.8,0
2026-07-30 18:21:00,541.9,542.0,541.88,541.95,0
2026-07-30 18:22:00,541.97,542.0,541.9,541.92,0
2026-07-30 18:23:00,541.9975,542.0,541.7489,541.7489,0
2026-07-30 18:24:00,541.75,541.75,541.51,541.75,0
2026-07-30 18:25:00,541.5122,541.99,541.502,541.59,0
2026-07-30 18:26:00,541.64,541.69,541.45,541.49,0
2026-07-30 18:27:00,541.4,541.66,541.0012,541.58,0
2026-07-30 18:28:00,541.0914,541.66,541.0914,541.6222,0
2026-07-30 18:29:00,541.5,541.66,541.4,541.6,0
2026-07-30 18:30:00,541.61,541.61,541.2,541.5287,0
2026-07-30 18:31:00,541.2,541.6,541.093,541.5628,0
2026-07-30 18:32:00,541.48,541.48,541.38,541.4698,0
2026-07-30 18:33:00,541.43,541.6,541.4,541.53,0
2026-07-30 18:34:00,541.53,541.69,541.4,541.4086,0
2026-07-30 18:35:00,541.3976,541.9,541.3976,541.71,0
2026-07-30 18:36:00,541.6066,541.6066,541.2669,541.2669,0
2026-07-30 18:37:00,541.5,542.0,541.5,541.68,0
2026-07-30 18:38:00,541.8,542.0,541.55,541.6,0
2026-07-30 18:39:00,541.58,541.9892,541.55,541.8,0
2026-07-30 18:40:00,541.55,542.0,541.55,541.55,0
2026-07-30 18:41:00,541.87,542.0,541.5612,541.87,0
2026-07-30 18:42:00,541.87,542.0,541.7627,541.803,0
2026-07-30 18:43:00,541.95,542.0,541.6,541.9,0
2026-07-30 18:44:00,541.95,542.0,541.63,541.97,0
2026-07-30 18:45:00,542.0,542.0,541.8758,542.0,0
2026-07-30 18:46:00,542.0,542.0,541.98,541.9969,0
2026-07-30 18:47:00,541.98,541.9965,541.86,541.95,0
2026-07-30 18:48:00,542.0,542.49,541.91,542.015,0
2026-07-30 18:49:00,542.5,542.6,542.09,542.3,0
2026-07-30 18:50:00,542.45,542.6,542.0,542.55,0
2026-07-30 18:51:00,542.5,542.6,542.3,542.469,0
2026-07-30 18:52:00,542.4643,542.5,542.0,542.4,0
2026-07-30 18:53:00,542.5,542.5,542.0,542.4113,0
2026-07-30 18:54:00,542.4889,542.6,542.4,542.5,0
2026-07-30 18:55:00,542.55,542.6,542.45,542.45,0
2026-07-30 18:56:00,542.5919,542.61,542.5339,542.6,0
2026-07-30 18:57:00,542.55,542.7633,542.55,542.7,0
2026-07-30 18:58:00,542.72,542.8,542.7,542.75,0
2026-07-30 18:59:00,542.7695,542.8,542.7695,542.79,0
2026-07-30 19:00:00,542.7707,543.0,542.7701,543.0,0
2026-07-30 19:01:00,542.999,543.06,542.77,543.0,0
2026-07-30 19:02:00,543.033,543.4877,543.0,543.4,0
2026-07-30 19:03:00,543.42,543.69,543.25,543.69,0
2026-07-30 19:04:00,543.69,543.89,543.4343,543.78,0
2026-07-30 19:05:00,543.7,543.89,543.5,543.7,0
2026-07-30 19:06:00,543.8436,543.95,543.6,543.92,0
2026-07-30 19:07:00,543.92,544.4,543.8801,544.0463,0
2026-07-30 19:08:00,544.4,544.4,543.5,544.1,0
2026-07-30 19:09:00,543.74,544.0,543.5289,543.8,0
2026-07-30 19:10:00,543.7,544.0,543.51,543.8967,0
2026-07-30 19:11:00,543.8535,543.9,543.73,543.82,0
2026-07-30 19:12:00,543.82,544.0,543.8,543.94,0
2026-07-30 19:13:00,543.94,544.4,543.9,544.1357,0
2026-07-30 19:14:00,544.26,544.4,544.0197,544.062,0
2026-07-30 19:15:00,544.0476,544.4,544.0,544.1763,0
2026-07-30 19:16:00,544.1763,544.2,543.9293,544.15,0
2026-07-30 19:17:00,544.07,544.15,543.91,544.06,0
2026-07-30 19:18:00,544.0286,544.1,544.0,544.0155,0
2026-07-30 19:19:00,544.1,544.1,544.0,544.0992,0
2026-07-30 19:20:00,544.1,544.38,544.0887,544.21,0
2026-07-30 19:21:00,544.21,544.39,543.95,544.05,0
2026-07-30 19:22:00,544.0,544.3,543.7,543.8,0
2026-07-30 19:23:00,543.8,543.99,543.5,543.81,0
2026-07-30 19:24:00,543.7741,543.8825,543.2,543.6,0
2026-07-30 19:25:00,543.2474,543.92,543.2,543.5,0
2026-07-30 19:26:00,543.2,543.69,543.2,543.2,0
2026-07-30 19:27:00,543.5,543.55,542.97,542.9727,0
2026-07-30 19:28:00,542.9732,543.69,542.88,543.345,0
2026-07-30 19:29:00,543.69,543.69,542.8,542.8,0
2026-07-30 19:30:00,543.09,543.5,543.0,543.5,0
2026-07-30 19:31:00,543.1,543.44,543.1,543.1,0
2026-07-30 19:32:00,543.15,543.44,542.8435,543.3,0
2026-07-30 19:33:00,543.3,543.3,543.0,543.01,0
2026-07-30 19:34:00,543.0465,543.3,543.0,543.0,0
2026-07-30 19:35:00,543.1001,543.3,543.1,543.13,0
2026-07-30 19:36:00,543.15,543.3,543.1499,543.2987,0
2026-07-30 19:37:00,543.2512,543.4,543.25,543.25,0
2026-07-30 19:38:00,543.28,543.4,543.1,543.2657,0
2026-07-30 19:39:00,543.2,543.3,543.1,543.2399,0
2026-07-30 19:40:00,543.25,543.5,543.1,543.44,0
2026-07-30 19:41:00,543.44,543.5,543.1,543.1,0
2026-07-30 19:42:00,543.43,543.5,543.1,543.5,0
2026-07-30 19:43:00,543.34,543.5499,543.2965,543.5488,0
2026-07-30 19:44:00,543.4937,543.5,543.25,543.47,0
2026-07-30 19:45:00,543.3901,543.5,543.35,543.4983,0
2026-07-30 19:46:00,543.5,543.65,543.49,543.5515,0
2026-07-30 19:47:00,543.54,544.0,543.54,543.7,0
2026-07-30 19:48:00,543.7225,543.73,543.5,543.55,0
2026-07-30 19:49:00,543.5352,543.55,542.67,543.0,0
2026-07-30 19:50:00,542.9595,542.99,542.531,542.7,0
2026-07-30 19:51:00,542.61,543.1,542.59,543.1,0
2026-07-30 19:52:00,542.76,544.0,542.5,544.0,0
2026-07-30 19:53:00,543.1,544.0,542.88,543.2559,0
2026-07-30 19:54:00,543.3,543.3,542.77,543.0,0
2026-07-30 19:55:00,543.0,543.1,542.5,543.1,0
2026-07-30 19:56:00,543.0647,543.1,542.8,543.05,0
2026-07-30 19:57:00,543.0,543.1,542.42,543.0,0
2026-07-30 19:58:00,542.94,542.9999,542.42,542.7789,0
2026-07-30 19:59:00,542.75,542.83,542.42,542.7812,0
2026-07-31 04:00:00,548.41,550.585,539.03,548.43,0
2026-07-31 04:01:00,548.47,550.57,545.5,549.19,0
2026-07-31 04:02:00,549.03,550.2,545.9,549.59,0
2026-07-31 04:03:00,549.23,550.0,549.1001,549.89,0
2026-07-31 04:04:00,549.5,555.57,549.5,554.91,0
2026-07-31 04:05:00,555.05,556.76,546.43,554.0245,0
2026-07-31 04:06:00,554.98,554.99,546.37,546.37,0
2026-07-31 04:07:00,554.0,554.496,548.2,553.4739,0
2026-07-31 04:08:00,553.25,554.0,545.88,554.0,0
2026-07-31 04:09:00,553.7,553.7,552.025,552.9915,0
2026-07-31 04:10:00,552.66,553.6988,552.06,552.8,0
2026-07-31 04:11:00,552.72,552.9988,552.0,552.1072,0
2026-07-31 04:12:00,552.2,553.7,552.2,553.6844,0
2026-07-31 04:13:00,553.4,553.7,553.0012,553.2393,0
2026-07-31 04:14:00,553.01,553.2925,552.25,552.7,0
2026-07-31 04:15:00,552.45,555.4,552.0,554.5,0
2026-07-31 04:16:00,554.4479,554.9,553.78,554.39,0
2026-07-31 04:17:00,554.51,555.4,554.4,554.737,0
2026-07-31 04:18:00,555.15,555.4,554.31,554.58,0
2026-07-31 04:19:00,554.1005,554.9,553.5012,553.5012,0
2026-07-31 04:20:00,554.4479,554.5,553.5,554.08,0
2026-07-31 04:21:00,554.4988,554.5,553.87,554.0,0
2026-07-31 04:22:00,553.85,554.04,553.21,553.65,0
2026-07-31 04:23:00,553.44,553.75,553.0,553.59,0
2026-07-31 04:24:00,553.59,553.89,553.2,553.67,0
2026-07-31 04:25:00,553.58,553.9805,553.2626,553.6,0
2026-07-31 04:26:00,553.5,553.63,552.84,553.16,0
2026-07-31 04:27:00,553.2,553.89,552.48,553.87,0
2026-07-31 04:28:00,554.0,554.0,553.15,553.32,0
2026-07-31 04:29:00,553.1735,553.5988,552.5586,552.5586,0
2026-07-31 04:30:00,552.7,553.0,552.11,552.7215,0
2026-07-31 04:31:00,552.5,553.0,552.0,552.7,0
2026-07-31 04:32:00,552.7,553.58,552.01,553.1,0
2026-07-31 04:33:00,553.4692,553.54,552.0782,553.2367,0
2026-07-31 04:34:00,553.09,553.5,552.7,553.5,0
2026-07-31 04:35:00,552.0,553.4988,552.0,552.61,0
2026-07-31 04:36:00,552.51,553.0,552.51,552.8,0
2026-07-31 04:37:00,552.9988,553.0,552.7,552.8,0
2026-07-31 04:38:00,552.75,552.99,552.0,552.4,0
2026-07-31 04:39:00,552.5,552.99,552.0363,552.5415,0
2026-07-31 04:40:00,552.9785,552.9785,552.3,552.6,0
2026-07-31 04:41:00,552.35,552.6,552.08,552.19,0
2026-07-31 04:42:00,552.1688,552.5988,552.0112,552.5,0
2026-07-31 04:43:00,552.11,552.6,551.98,552.16,0
2026-07-31 04:44:00,552.29,552.75,552.0,552.11,0
2026-07-31 04:45:00,552.25,552.7,552.0,552.35,0
2026-07-31 04:46:00,552.7,552.7,552.1,552.2178,0
2026-07-31 04:47:00,552.31,552.55,552.0,552.01,0
2026-07-31 04:48:00,552.01,552.55,552.01,552.1116,0
2026-07-31 04:49:00,552.11,552.165,551.92,552.165,0
2026-07-31 04:50:00,552.1184,552.17,551.54,551.9479,0
2026-07-31 04:51:00,552.0,552.0,551.15,551.98,0
2026-07-31 04:52:00,551.31,551.98,551.05,551.741,0
2026-07-31 04:53:00,551.93,551.9775,551.1,551.9588,0
2026-07-31 04:54:00,551.38,551.99,551.14,551.14,0
2026-07-31 04:55:00,551.5,551.6588,551.1,551.58,0
2026-07-31 04:56:00,551.58,551.97,551.34,551.97,0
2026-07-31 04:57:00,551.74,552.6,551.74,552.56,0
2026-07-31 04:58:00,552.0012,552.8,552.0012,552.41,0
2026-07-31 04:59:00,552.37,552.8,552.11,552.5,0
2026-07-31 05:00:00,552.7583,552.8,551.54,551.78,0
2026-07-31 05:01:00,552.8,552.8,551.6,551.775,0
2026-07-31 05:02:00,551.95,552.7997,551.1887,551.9,0
2026-07-31 05:03:00,551.64,551.981,551.1,551.1469,0
2026-07-31 05:04:00,551.2825,552.0,551.1,551.72,0
2026-07-31 05:05:00,552.0,552.0,551.75,551.7618,0
2026-07-31 05:06:00,551.46,551.99,551.1,551.75,0
2026-07-31 05:07:00,552.0,552.0,551.5,551.55,0
2026-07-31 05:08:00,551.47,552.0,551.4409,551.74,0
2026-07-31 05:09:00,551.6891,551.81,551.5,551.7066,0
2026-07-31 05:10:00,551.7099,551.81,551.1,551.773,0
2026-07-31 05:11:00,551.1012,551.8147,551.1,551.81,0
2026-07-31 05:12:00,551.8,552.0,551.43,551.7,0
2026-07-31 05:13:00,551.7,551.7,551.15,551.5,0
2026-07-31 05:14:00,551.4896,552.0,551.2825,551.39,0
2026-07-31 05:15:00,551.74,552.0,551.1712,552.0,0
2026-07-31 05:16:00,551.63,551.92,551.63,551.74,0
2026-07-31 05:17:00,551.9952,552.0,551.73,551.8,0
2026-07-31 05:18:00,551.74,551.8,551.6389,551.75,0
2026-07-31 05:19:00,551.78,551.79,551.1137,551.16,0
2026-07-31 05:20:00,551.21,551.65,551.15,551.2197,0
2026-07-31 05:21:00,551.22,551.22,550.5,550.97,0
2026-07-31 05:22:00,550.97,551.1742,550.2,551.1742,0
2026-07-31 05:23:00,550.5,551.174,550.22,550.6374,0
2026-07-31 05:24:00,550.85,551.2,550.5,550.56,0
2026-07-31 05:25:00,551.1825,551.1988,550.3601,550.65,0
2026-07-31 05:26:00,550.65,551.0765,550.1697,551.07,0
2026-07-31 05:27:00,550.51,550.75,550.1097,550.25,0
2026-07-31 05:28:00,550.25,550.25,550.05,550.25,0
2026-07-31 05:29:00,550.25,550.25,550.0062,550.1,0
2026-07-31 05:30:00,550.07,550.5,549.8797,549.8797,0
2026-07-31 05:31:00,549.9577,550.2302,549.87,550.1755,0
2026-07-31 05:32:00,550.2302,550.25,549.5,550.0,0
2026-07-31 05:33:00,549.5187,550.0,549.5187,549.67,0
2026-07-31 05:34:00,549.68,549.89,549.5,549.89,0
2026-07-31 05:35:00,549.4098,550.3188,549.4098,550.29,0
2026-07-31 05:36:00,550.0,550.21,549.06,549.06,0
2026-07-31 05:37:00,549.0697,550.22,549.0601,550.0,0
2026-07-31 05:38:00,550.0,550.37,549.06,549.109,0
2026-07-31 05:39:00,549.9,549.9,549.06,549.72,0
2026-07-31 05:40:00,549.01,550.1207,548.88,549.11,0
2026-07-31 05:41:00,550.2,550.2,548.68,549.1,0
2026-07-31 05:42:00,549.3096,550.2,548.68,550.1207,0
2026-07-31 05:43:00,550.1207,550.1207,549.1597,549.73,0
2026-07-31 05:44:00,549.9787,549.9988,548.55,549.4,0
2026-07-31 05:45:00,548.94,549.4665,548.55,549.09,0
2026-07-31 05:46:00,549.0,549.55,548.7677,549.5088,0
2026-07-31 05:47:00,549.5488,549.55,549.0323,549.4389,0
2026-07-31 05:48:00,549.2563,549.55,548.994,549.0,0
2026-07-31 05:49:00,548.9513,549.0,548.9513,549.0,0
2026-07-31 05:50:00,548.9513,549.0,548.76,548.91,0
2026-07-31 05:51:00,548.8071,549.4,548.6,548.89,0
2026-07-31 05:52:00,548.8,549.4,548.45,548.4742,0
2026-07-31 05:53:00,548.4333,548.59,548.25,548.25,0
2026-07-31 05:54:00,548.24,548.38,547.7208,547.83,0
2026-07-31 05:55:00,547.78,547.91,546.97,547.5,0
2026-07-31 05:56:00,547.24,547.5,546.75,547.0003,0
2026-07-31 05:57:00,547.05,547.8988,546.26,547.61,0
2026-07-31 05:58:00,547.77,547.8,547.45,547.53,0
2026-07-31 05:59:00,547.8,547.8,547.3317,547.3787,0
2026-07-31 06:00:00,547.63,547.9,547.34,547.8,0
2026-07-31 06:01:00,547.8911,548.29,547.7,548.02,0
2026-07-31 06:02:00,548.09,548.38,547.38,548.2,0
2026-07-31 06:03:00,548.19,548.3788,548.0,548.3788,0
2026-07-31 06:04:00,548.21,548.38,548.0771,548.22,0
2026-07-31 06:05:00,548.22,548.38,548.0,548.0,0
2026-07-31 06:06:00,548.38,548.38,548.07,548.26,0
2026-07-31 06:07:00,548.38,548.38,548.25,548.26,0
2026-07-31 06:08:00,548.26,548.3788,548.1,548.1831,0
2026-07-31 06:09:00,548.38,548.38,547.7,547.7,0
2026-07-31 06:10:00,547.7,548.2,547.7,548.2,0
2026-07-31 06:11:00,547.9932,547.9932,547.8,547.8,0
2026-07-31 06:12:00,547.81,548.976,547.81,548.7,0
2026-07-31 06:13:00,548.72,549.51,548.7,548.9988,0
2026-07-31 06:14:00,548.9,549.5212,548.7,549.03,0
2026-07-31 06:15:00,548.99,549.48,548.72,549.48,0
2026-07-31 06:16:00,549.23,549.32,548.56,549.0,0
2026-07-31 06:17:00,548.5736,549.5,548.4275,548.9875,0
2026-07-31 06:18:00,548.89,549.24,548.89,549.13,0
2026-07-31 06:19:00,549.3891,549.5,549.17,549.3825,0
2026-07-31 06:20:00,549.49,549.55,549.45,549.5,0
2026-07-31 06:21:00,549.5,549.55,549.44,549.47,0
2026-07-31 06:22:00,549.34,549.34,549.1027,549.21,0
2026-07-31 06:23:00,549.316,549.55,549.28,549.3,0
2026-07-31 06:24:00,549.28,549.5488,548.4,549.0,0
2026-07-31 06:25:00,548.99,549.0,548.5,548.5156,0
2026-07-31 06:26:00,548.7844,548.7844,548.6422,548.65,0
2026-07-31 06:27:00,548.69,548.8,548.65,548.7962,0
2026-07-31 06:28:00,548.8,549.3675,548.65,549.15,0
2026-07-31 06:29:00,549.36,549.36,548.65,549.0,0
2026-07-31 06:30:00,548.65,548.75,548.29,548.4,0
2026-07-31 06:31:00,548.2925,548.3989,548.2,548.3987,0
2026-07-31 06:32:00,548.273,548.7,548.0874,548.6607,0
2026-07-31 06:33:00,548.7,548.7,548.505,548.6,0
2026-07-31 06:34:00,548.6,549.3385,548.5215,548.98,0
2026-07-31 06:35:00,548.6775,549.0,548.4875,548.7,0
2026-07-31 06:36:00,548.6825,548.69,548.2967,548.69,0
2026-07-31 06:37:00,548.63,548.71,548.0827,548.71,0
2026-07-31 06:38:00,548.344,548.9762,548.344,548.48,0
2026-07-31 06:39:00,548.97,548.97,548.42,548.42,0
2026-07-31 06:40:00,548.5236,548.83,547.77,547.9,0
2026-07-31 06:41:00,547.77,548.516,547.7697,547.89,0
2026-07-31 06:42:00,547.9,548.3988,547.76,547.79,0
2026-07-31 06:43:00,548.3988,548.4,547.776,548.4,0
2026-07-31 06:44:00,548.4,548.7,547.803,548.7,0
2026-07-31 06:45:00,548.3,548.42,547.79,548.0342,0
2026-07-31 06:46:00,548.2631,548.2631,547.65,547.65,0
2026-07-31 06:47:00,547.8,547.9213,547.42,547.4948,0
2026-07-31 06:48:00,547.41,547.95,547.2,547.54,0
2026-07-31 06:49:00,547.59,547.95,547.59,547.95,0
2026-07-31 06:50:00,547.95,547.95,547.5912,547.95,0
2026-07-31 06:51:00,547.8892,548.33,547.8892,547.94,0
2026-07-31 06:52:00,547.9844,548.0,547.7585,547.825,0
2026-07-31 06:53:00,547.83,548.0,547.7,547.7,0
2026-07-31 06:54:00,547.9411,548.0,547.7,547.9672,0
2026-07-31 06:55:00,547.96,548.0,547.67,547.67,0
2026-07-31 06:56:00,547.6368,547.8488,547.55,547.8488,0
2026-07-31 06:57:00,547.73,547.85,546.86,546.98,0
2026-07-31 06:58:00,546.97,547.25,546.2987,546.4073,0
2026-07-31 06:59:00,546.3775,546.805,546.361,546.5258,0
2026-07-31 07:00:00,546.46,546.82,545.11,545.5006,0
2026-07-31 07:01:00,545.11,546.5,544.88,546.1014,0
2026-07-31 07:02:00,546.123,546.5,544.47,544.47,0
2026-07-31 07:03:00,545.5339,545.8,544.44,545.505,0
2026-07-31 07:04:00,545.2022,545.8,545.0,545.35,0
2026-07-31 07:05:00,545.49,546.0,545.01,545.3,0
2026-07-31 07:06:00,545.2412,546.0,545.04,545.93,0
2026-07-31 07:07:00,546.0,546.5,545.442,546.0,0
2026-07-31 07:08:00,545.9997,547.15,545.58,547.02,0
2026-07-31 07:09:00,547.25,547.25,546.5,547.201,0
2026-07-31 07:10:00,547.1,547.4,547.0,547.2499,0
2026-07-31 07:11:00,547.2,547.2375,546.37,546.65,0
2026-07-31 07:12:00,546.77,546.8,546.5,546.5001,0
2026-07-31 07:13:00,546.5015,546.7393,546.5,546.7393,0
2026-07-31 07:14:00,546.5,546.8,546.5,546.5,0
2026-07-31 07:15:00,546.5003,546.59,546.36,546.5,0
2026-07-31 07:16:00,546.5098,546.51,546.5,546.5,0
2026-07-31 07:17:00,546.5,546.51,546.5,546.5077,0
2026-07-31 07:18:00,546.5077,546.51,546.5,546.5015,0
2026-07-31 07:19:00,546.5,546.51,546.0,546.0953,0
2026-07-31 07:20:00,546.09,546.4699,546.09,546.44,0
2026-07-31 07:21:00,546.4689,546.47,546.0,546.4,0
2026-07-31 07:22:00,546.25,546.33,546.1957,546.3,0
2026-07-31 07:23:00,546.25,546.2948,546.09,546.1875,0
2026-07-31 07:24:00,546.0,546.2,546.0,546.1888,0
2026-07-31 07:25:00,546.0194,546.2,546.0194,546.18,0
2026-07-31 07:26:00,546.1729,546.2,546.03,546.1733,0
2026-07-31 07:27:00,546.0342,546.2,546.03,546.2,0
2026-07-31 07:28:00,546.184,546.1888,545.8,545.858,0
2026-07-31 07:29:00,545.9,546.33,545.615,545.8,0
2026-07-31 07:30:00,546.33,547.8,545.87,545.87,0
2026-07-31 07:31:00,545.817,546.37,545.6,546.25,0
2026-07-31 07:32:00,546.2161,546.2161,545.3001,545.62,0
2026-07-31 07:33:00,545.55,545.55,545.11,545.173,0
2026-07-31 07:34:00,545.11,545.79,545.1,545.638,0
2026-07-31 07:35:00,545.3,545.5,545.1,545.1811,0
2026-07-31 07:36:00,545.36,545.36,544.5,544.9168,0
2026-07-31 07:37:00,544.59,544.9,544.29,544.5,0
2026-07-31 07:38:00,544.3625,544.84,544.35,544.8209,0
2026-07-31 07:39:00,544.8988,544.9,544.5784,544.88,0
2026-07-31 07:40:00,544.82,544.9,543.69,543.76,0
2026-07-31 07:41:00,543.75,544.0,543.75,543.92,0
2026-07-31 07:42:00,543.9243,544.39,543.75,544.2682,0
2026-07-31 07:43:00,544.3,544.3189,543.11,543.76,0
2026-07-31 07:44:00,543.55,544.0,543.5,544.0,0
2026-07-31 07:45:00,543.8036,544.0,543.5,543.6596,0
2026-07-31 07:46:00,543.66,543.7,543.25,543.65,0
2026-07-31 07:47:00,543.2725,543.6765,542.69,542.7872,0
2026-07-31 07:48:00,542.69,543.22,542.68,542.74,0
2026-07-31 07:49:00,542.72,543.22,542.71,543.0902,0
2026-07-31 07:50:00,542.9812,543.22,542.71,543.22,0
2026-07-31 07:51:00,543.12,543.22,542.71,543.11,0
2026-07-31 07:52:00,542.71,543.0,542.71,542.9375,0
2026-07-31 07:53:00,543.0,543.49,542.8059,543.47,0
2026-07-31 07:54:00,543.0,543.5,543.0,543.0197,0
2026-07-31 07:55:00,543.02,543.85,543.0,543.015,0
2026-07-31 07:56:00,543.39,544.0,543.01,544.0,0
2026-07-31 07:57:00,544.1,544.8,543.8,544.8,0
2026-07-31 07:58:00,544.0392,544.8,543.89,544.43,0
2026-07-31 07:59:00,544.01,544.7,543.6891,543.81,0
2026-07-31 08:00:00,544.0,544.2862,543.6835,543.8325,0
2026-07-31 08:01:00,543.83,544.4,543.43,544.3,0
2026-07-31 08:02:00,544.07,544.1,543.7,543.96,0
2026-07-31 08:03:00,543.8431,544.0,543.03,543.03,0
2026-07-31 08:04:00,543.3907,543.875,543.27,543.75,0
2026-07-31 08:05:00,543.934,544.15,543.54,544.12,0
2026-07-31 08:06:00,544.295,544.9,543.9,544.1596,0
2026-07-31 08:07:00,544.1406,544.44,543.5,543.7792,0
2026-07-31 08:08:00,543.5,544.2943,543.5,543.72,0
2026-07-31 08:09:00,543.72,544.0581,543.5,543.975,0
2026-07-31 08:10:00,543.96,544.2,543.5,543.85,0
2026-07-31 08:11:00,543.7384,544.0,543.3,543.4,0
2026-07-31 08:12:00,543.5951,543.6,543.14,543.467,0
2026-07-31 08:13:00,543.467,544.2,543.14,543.55,0
2026-07-31 08:14:00,543.55,544.0,543.29,543.57,0
2026-07-31 08:15:00,543.9087,544.0,543.55,543.83,0
2026-07-31 08:16:00,543.9366,544.44,543.512,544.3469,0
2026-07-31 08:17:00,544.3469,544.89,544.01,544.89,0
2026-07-31 08:18:00,544.87,545.9,544.5775,544.8,0
2026-07-31 08:19:00,545.1618,545.2751,544.26,544.26,0
2026-07-31 08:20:00,544.66,544.94,544.2,544.8001,0
2026-07-31 08:21:00,544.76,545.3698,544.3343,544.7898,0
2026-07-31 08:22:00,544.81,545.3,544.0,544.17,0
2026-07-31 08:23:00,544.4491,545.13,543.5114,544.19,0
2026-07-31 08:24:00,544.19,545.2988,544.0,544.6,0
2026-07-31 08:25:00,544.01,545.12,544.0,544.28,0
2026-07-31 08:26:00,544.1,544.8884,544.1,544.5,0
2026-07-31 08:27:00,544.35,544.37,544.2818,544.37,0
2026-07-31 08:28:00,544.2939,544.37,544.28,544.2823,0
2026-07-31 08:29:00,544.2877,544.99,544.28,544.58,0
2026-07-31 08:30:00,544.99,545.28,544.0,545.0,0
2026-07-31 08:31:00,544.9,545.9,544.9,545.4783,0
2026-07-31 08:32:00,545.5,545.9,545.0,545.5,0
2026-07-31 08:33:00,545.43,545.6,544.5,544.8996,0
2026-07-31 08:34:00,544.64,545.0,544.29,544.5,0
2026-07-31 08:35:00,544.37,545.0,544.27,544.5,0
2026-07-31 08:36:00,544.29,545.0,544.2801,544.6843,0
2026-07-31 08:37:00,544.71,544.71,544.28,544.3,0
2026-07-31 08:38:00,544.51,544.59,544.22,544.2899,0
2026-07-31 08:39:00,544.29,544.29,544.21,544.2823,0
2026-07-31 08:40:00,544.2897,544.29,544.28,544.29,0
2026-07-31 08:41:00,544.28,544.29,544.28,544.2877,0
2026-07-31 08:42:00,544.28,544.29,544.28,544.29,0
2026-07-31 08:43:00,544.2877,544.29,544.2,544.2877,0
2026-07-31 08:44:00,544.2885,544.29,544.24,544.2823,0
2026-07-31 08:45:00,544.2877,544.29,544.28,544.28,0
2026-07-31 08:46:00,544.29,544.29,544.28,544.2809,0
2026-07-31 08:47:00,544.2802,544.29,544.27,544.2877,0
2026-07-31 08:48:00,544.2805,544.29,543.03,543.29,0
2026-07-31 08:49:00,543.29,543.8,543.03,543.35,0
2026-07-31 08:50:00,543.3652,543.7,543.28,543.4608,0
2026-07-31 08:51:00,543.4,543.9095,543.4,543.83,0
2026-07-31 08:52:00,543.83,544.28,543.67,544.28,0
2026-07-31 08:53:00,544.26,544.66,544.0,544.5662,0
2026-07-31 08:54:00,544.6377,545.3,544.6377,545.2,0
2026-07-31 08:55:00,545.0,545.21,544.45,545.0,0
2026-07-31 08:56:00,545.2,545.2,544.0,544.95,0
2026-07-31 08:57:00,544.0,545.0,544.0,544.69,0
2026-07-31 08:58:00,544.5001,544.8,544.5001,544.6516,0
2026-07-31 08:59:00,544.69,545.0,544.5,545.0,0
2026-07-31 09:00:00,544.85,545.3,544.7,545.1783,0
2026-07-31 09:01:00,545.0,545.77,544.7,545.63,0
2026-07-31 09:02:00,545.5,546.0,545.3744,546.0,0
2026-07-31 09:03:00,545.9493,546.8582,545.8,546.41,0
2026-07-31 09:04:00,546.1195,546.88,546.0,546.0,0
2026-07-31 09:05:00,546.2,546.46,545.4659,545.78,0
2026-07-31 09:06:00,545.6922,545.89,545.29,545.34,0
2026-07-31 09:07:00,545.3417,546.7199,545.34,546.0,0
2026-07-31 09:08:00,546.1976,546.6988,545.72,545.75,0
2026-07-31 09:09:00,545.75,545.93,545.5,545.74,0
2026-07-31 09:10:00,545.6993,545.8,545.56,545.8,0
2026-07-31 09:11:00,545.75,545.82,545.4,545.5597,0
2026-07-31 09:12:00,545.4,545.7189,545.4,545.44,0
2026-07-31 09:13:00,545.44,545.94,545.2,545.2,0
2026-07-31 09:14:00,545.49,545.8,545.2,545.4087,0
2026-07-31 09:15:00,545.5487,545.75,545.4,545.65,0
2026-07-31 09:16:00,545.3953,545.5714,544.66,545.0,0
2026-07-31 09:17:00,544.79,544.99,544.5,544.9392,0
2026-07-31 09:18:00,545.0,545.65,544.88,545.2587,0
2026-07-31 09:19:00,545.21,546.88,545.2,546.5269,0
2026-07-31 09:20:00,546.2,547.0,546.2,546.99,0
2026-07-31 09:21:00,546.787,546.99,546.2,546.7436,0
2026-07-31 09:22:00,546.8471,547.7,546.82,547.45,0
2026-07-31 09:23:00,547.63,547.87,547.01,547.5,0
2026-07-31 09:24:00,547.1,547.87,547.1,547.46,0
2026-07-31 09:25:00,547.46,549.55,547.46,548.1093,0
2026-07-31 09:26:00,548.06,548.5,547.0,547.41,0
2026-07-31 09:27:00,547.0,547.41,545.08,545.0897,0
2026-07-31 09:28:00,545.08,547.8554,545.02,545.11,0
2026-07-31 09:29:00,545.1,545.6265,543.45,543.6099,0
2026-07-31 09:30:00,543.56,551.48,542.82,551.14,1904782
2026-07-31 09:31:00,550.995,553.21,549.16,552.7933,158781
2026-07-31 09:32:00,552.3582,557.96,552.0101,553.59,447304
2026-07-31 09:33:00,553.59,555.4699,552.85,555.14,192801
2026-07-31 09:34:00,555.14,557.96,554.88,555.25,369391
2026-07-31 09:35:00,555.25,556.0,553.28,554.0,177440
2026-07-31 09:36:00,554.79,555.28,551.42,551.64,139964
2026-07-31 09:37:00,551.78,553.43,550.61,551.93,155284
2026-07-31 09:38:00,551.4243,551.63,549.73,550.595,148211
2026-07-31 09:39:00,550.59,551.73,548.57,549.6,104464
2026-07-31 09:40:00,549.4,550.335,548.0,548.825,145810
2026-07-31 09:41:00,548.825,550.26,548.825,549.235,114341
2026-07-31 09:42:00,549.445,551.5095,548.72,548.72,81707
2026-07-31 09:43:00,548.89,548.9699,547.45,547.7346,70855
2026-07-31 09:44:00,547.88,549.82,547.62,548.67,77795
2026-07-31 09:45:00,548.66,549.81,547.66,548.7751,86686
2026-07-31 09:46:00,548.775,549.2,547.39,547.9299,137254
2026-07-31 09:47:00,547.7,548.12,545.51,545.94,77801
2026-07-31 09:48:00,545.94,547.7499,545.54,547.6401,82110
2026-07-31 09:49:00,547.69,547.69,545.9,546.12,85664
2026-07-31 09:50:00,546.11,547.09,545.6167,546.925,70804
2026-07-31 09:51:00,546.97,548.8,546.5,548.39,136116
2026-07-31 09:52:00,548.51,548.82,547.625,548.8,145302
2026-07-31 09:53:00,548.8,548.8,547.8,547.995,79826
2026-07-31 09:54:00,547.995,549.2099,547.81,548.715,74287
2026-07-31 09:55:00,548.71,548.9,547.66,548.0001,71649
2026-07-31 09:56:00,548.095,548.43,547.12,547.63,57787
2026-07-31 09:57:00,547.81,548.24,547.25,547.565,35443
2026-07-31 09:58:00,547.2004,547.875,546.395,546.545,44665
2026-07-31 09:59:00,546.54,547.16,546.2501,546.2501,45843
2026-07-31 10:00:00,546.23,546.7,545.11,545.89,85754
2026-07-31 10:01:00,545.89,546.51,544.76,545.5,85043
2026-07-31 10:02:00,545.31,545.68,544.05,544.73,59728
2026-07-31 10:03:00,544.79,544.81,543.3629,544.19,69005
2026-07-31 10:04:00,544.19,544.9354,543.21,543.76,50806
2026-07-31 10:05:00,543.84,543.9,542.76,543.84,60943
2026-07-31 10:06:00,544.0,544.685,543.805,544.08,46685
2026-07-31 10:07:00,544.0651,545.54,543.8301,545.53,69531
2026-07-31 10:08:00,545.47,546.335,545.01,546.31,54295
2026-07-31 10:09:00,546.25,547.36,546.04,547.185,52190
2026-07-31 10:10:00,547.12,547.71,546.395,546.41,87741
2026-07-31 10:11:00,546.57,546.85,544.645,545.09,55527
2026-07-31 10:12:00,545.11,545.86,543.69,543.69,65081
2026-07-31 10:13:00,543.715,545.73,543.63,545.59,72085
2026-07-31 10:14:00,545.5055,546.6899,545.4,545.93,58349
2026-07-31 10:15:00,545.84,547.1094,545.7501,546.81,56805
2026-07-31 10:16:00,546.67,548.61,546.22,548.235,65394
2026-07-31 10:17:00,547.94,549.458,547.87,548.125,112575
2026-07-31 10:18:00,548.1,549.07,548.1,548.8399,58917
2026-07-31 10:19:00,548.715,549.05,548.2301,548.6134,45129
2026-07-31 10:20:00,548.495,550.56,548.3301,550.41,90835
2026-07-31 10:21:00,550.36,550.8,549.18,549.94,52463
2026-07-31 10:22:00,549.92,550.77,549.805,550.6,52447
2026-07-31 10:23:00,550.535,550.62,549.48,550.015,56391
2026-07-31 10:24:00,550.015,550.1699,549.17,549.49,28686
2026-07-31 10:25:00,549.38,549.7,546.64,546.64,78078
2026-07-31 10:26:00,546.69,547.6099,546.39,546.98,39216
2026-07-31 10:27:00,547.09,548.07,546.41,547.86,55206
2026-07-31 10:28:00,547.81,548.07,546.95,547.635,47992
2026-07-31 10:29:00,547.635,547.64,546.55,547.23,29740
2026-07-31 10:30:00,547.3795,547.38,546.15,546.285,49642
2026-07-31 10:31:00,546.47,547.26,546.465,547.175,26992
2026-07-31 10:32:00,547.21,547.66,546.91,547.29,27674
2026-07-31 10:33:00,547.45,547.545,545.38,545.38,60381
2026-07-31 10:34:00,545.54,545.54,544.2,545.14,48213
2026-07-31 10:35:00,545.085,545.1999,544.7001,544.82,30237
2026-07-31 10:36:00,544.8,544.8151,544.0,544.435,86879
2026-07-31 10:37:00,544.485,545.1687,544.23,544.9,40147
2026-07-31 10:38:00,545.12,546.58,545.07,545.525,73711
2026-07-31 10:39:00,545.52,546.0,545.43,545.81,26692
2026-07-31 10:40:00,545.9,546.35,545.5,546.1105,64056
2026-07-31 10:41:00,546.24,547.12,545.8,547.095,43392
2026-07-31 10:42:00,547.03,547.59,546.5201,547.59,42133
2026-07-31 10:43:00,547.37,549.38,547.37,549.31,40348
2026-07-31 10:44:00,549.3101,549.8899,548.65,548.825,53042
2026-07-31 10:45:00,548.81,549.39,548.35,549.3131,55240
2026-07-31 10:46:00,549.39,550.15,549.39,549.98,62687
2026-07-31 10:47:00,549.93,550.17,549.0701,549.38,33444
2026-07-31 10:48:00,549.38,550.3,548.77,550.16,51433
2026-07-31 10:49:00,550.098,551.39,550.07,550.95,63911
2026-07-31 10:50:00,550.86,551.99,550.36,551.85,113019
2026-07-31 10:51:00,551.9308,552.41,551.22,551.635,97274
2026-07-31 10:52:00,551.65,551.83,551.06,551.245,54357
2026-07-31 10:53:00,551.25,552.015,551.0,551.9,50871
2026-07-31 10:54:00,551.9,552.4099,551.5,551.84,51325
2026-07-31 10:55:00,551.885,552.03,549.821,550.41,80237
2026-07-31 10:56:00,550.41,551.7527,550.31,551.29,126364
2026-07-31 10:57:00,551.29,551.6392,550.24,550.24,32023
2026-07-31 10:58:00,550.29,551.0,550.01,550.935,39554
2026-07-31 10:59:00,551.04,551.49,550.945,551.09,36174
2026-07-31 11:00:00,551.01,552.09,550.53,551.645,79322
2026-07-31 11:01:00,551.71,552.23,551.03,552.14,98704
2026-07-31 11:02:00,552.0732,553.07,551.79,552.525,50731
2026-07-31 11:03:00,552.525,552.85,551.911,552.25,38552
2026-07-31 11:04:00,552.135,552.14,550.9,551.12,100923
2026-07-31 11:05:00,551.085,552.02,551.085,551.23,29639
2026-07-31 11:06:00,551.22,552.05,551.1105,551.865,33220
2026-07-31 11:07:00,551.865,552.89,551.6,552.375,54378
2026-07-31 11:08:00,552.29,552.35,549.66,550.18,126055
2026-07-31 11:09:00,550.18,550.27,549.1524,549.85,37036
2026-07-31 11:10:00,550.0,550.27,549.62,549.805,23978
2026-07-31 11:11:00,549.805,549.848,547.6501,547.8,53604
2026-07-31 11:12:00,547.79,548.115,547.0555,547.74,34847
2026-07-31 11:13:00,547.52,548.15,547.3301,547.735,27686
2026-07-31 11:14:00,547.6,548.02,546.96,547.68,50413
2026-07-31 11:15:00,547.485,547.71,546.71,546.855,32658
2026-07-31 11:16:00,546.855,547.12,545.4,545.525,66300
2026-07-31 11:17:00,545.6599,546.8,545.31,546.37,48480
2026-07-31 11:18:00,546.25,546.4699,545.7401,546.0301,23745
2026-07-31 11:19:00,546.2,546.45,545.455,545.87,29600
2026-07-31 11:20:00,545.765,545.81,545.1,545.5401,29898
2026-07-31 11:21:00,545.645,546.37,545.3601,545.515,22988
2026-07-31 11:22:00,545.52,546.36,545.47,545.93,18523
2026-07-31 11:23:00,545.9334,546.12,544.8001,544.98,42291
2026-07-31 11:24:00,545.0,545.0,543.65,543.835,83065
2026-07-31 11:25:00,543.83,544.17,543.3,543.82,51175
2026-07-31 11:26:00,543.81,543.81,542.7801,542.93,80090
2026-07-31 11:27:00,543.03,543.28,542.26,542.475,75603
2026-07-31 11:28:00,542.475,542.52,541.8,541.84,91432
2026-07-31 11:29:00,541.8,541.93,540.76,540.88,82811
2026-07-31 11:30:00,540.78,541.0,540.24,540.84,114037
2026-07-31 11:31:00,540.98,542.1645,540.86,541.74,58845
2026-07-31 11:32:00,541.655,542.735,541.575,542.39,53329
2026-07-31 11:33:00,542.525,543.4,542.185,542.76,51872
2026-07-31 11:34:00,542.76,544.405,542.54,544.295,31649
2026-07-31 11:35:00,544.22,544.6399,544.0,544.51,30666
2026-07-31 11:36:00,544.51,544.6221,544.19,544.29,32063
2026-07-31 11:37:00,544.22,544.97,544.2,544.855,25338
2026-07-31 11:38:00,544.855,545.9159,544.79,545.61,37038
2026-07-31 11:39:00,545.77,546.4451,545.7,546.175,29379
2026-07-31 11:40:00,546.08,546.35,545.7201,546.04,26973
2026-07-31 11:41:00,546.0601,546.19,545.7,546.01,15594
2026-07-31 11:42:00,545.94,546.4,545.73,546.215,22327
2026-07-31 11:43:00,545.9002,546.22,545.4,545.6405,13906
2026-07-31 11:44:00,545.735,546.0,545.62,545.7995,17911
2026-07-31 11:45:00,545.8,545.96,545.49,545.88,11741
2026-07-31 11:46:00,545.8101,546.01,545.27,545.27,50932
2026-07-31 11:47:00,545.31,545.665,544.6501,545.16,17011
2026-07-31 11:48:00,545.08,545.3772,544.71,545.28,40519
2026-07-31 11:49:00,545.38,545.49,544.92,545.3075,13638
2026-07-31 11:50:00,545.39,546.58,545.3842,546.56,48122
2026-07-31 11:51:00,546.58,546.88,546.14,546.2643,25788
2026-07-31 11:52:00,546.36,547.2489,545.74,546.03,72787
2026-07-31 11:53:00,545.98,546.2,545.76,546.09,18163
2026-07-31 11:54:00,546.1,546.8719,545.9401,546.545,40891
2026-07-31 11:55:00,546.435,546.4779,545.761,545.78,19858
2026-07-31 11:56:00,545.99,546.5022,545.7902,546.5022,19873
2026-07-31 11:57:00,546.1301,546.86,546.13,546.53,15027
2026-07-31 11:58:00,546.525,546.87,545.851,545.88,24536
2026-07-31 11:59:00,545.781,546.0799,545.51,545.85,11661
2026-07-31 12:00:00,545.9716,546.28,545.74,546.0,11010
2026-07-31 12:01:00,546.2388,546.28,545.44,545.8,18420
2026-07-31 12:02:00,545.775,545.9899,545.55,545.82,22532
2026-07-31 12:03:00,545.78,546.61,545.73,546.38,38145
2026-07-31 12:04:00,546.38,546.98,546.2501,546.395,34489
2026-07-31 12:05:00,546.53,546.8197,546.22,546.5699,17636
2026-07-31 12:06:00,546.295,546.415,545.85,546.2499,22674
2026-07-31 12:07:00,546.12,546.8099,546.09,546.255,18458
2026-07-31 12:08:00,546.22,546.8,546.22,546.678,14433
2026-07-31 12:09:00,546.625,546.7899,546.175,546.175,17322
2026-07-31 12:10:00,546.11,546.91,546.11,546.85,30504
2026-07-31 12:11:00,546.795,547.25,546.4001,546.4001,24814
2026-07-31 12:12:00,546.545,546.82,546.51,546.82,16351
2026-07-31 12:13:00,546.77,547.3967,546.77,547.225,55435
2026-07-31 12:14:00,547.3,547.88,547.1527,547.8599,32174
2026-07-31 12:15:00,547.79,547.85,547.22,547.23,129774
2026-07-31 12:16:00,547.365,549.0,547.2201,548.99,25472
2026-07-31 12:17:00,548.775,548.87,548.555,548.7899,12592
2026-07-31 12:18:00,548.72,548.8799,548.055,548.465,20283
2026-07-31 12:19:00,548.54,548.6986,548.165,548.165,15579
2026-07-31 12:20:00,548.165,549.21,548.03,548.66,29120
2026-07-31 12:21:00,548.96,548.97,548.59,548.7832,14962
2026-07-31 12:22:00,548.69,548.974,548.4,548.4,14454
2026-07-31 12:23:00,548.55,548.64,548.23,548.47,22126
2026-07-31 12:24:00,548.42,548.8309,548.42,548.8199,28191
2026-07-31 12:25:00,548.745,548.836,548.11,548.185,16754
2026-07-31 12:26:00,548.26,549.005,548.21,548.99,22943
2026-07-31 12:27:00,548.85,549.38,548.84,549.23,20693
2026-07-31 12:28:00,549.24,549.44,549.0001,549.295,19008
2026-07-31 12:29:00,549.5,549.57,549.14,549.23,32680
2026-07-31 12:30:00,549.3,549.5699,549.1601,549.23,17717
2026-07-31 12:31:00,549.32,549.7,549.04,549.7,25788
2026-07-31 12:32:00,549.75,550.26,549.35,549.85,43469
2026-07-31 12:33:00,549.691,550.1,549.64,550.1,13736
2026-07-31 12:34:00,549.83,551.2,549.83,551.2,26691
2026-07-31 12:35:00,551.23,551.54,551.0,551.085,37115
2026-07-31 12:36:00,551.16,551.34,550.56,550.81,23306
2026-07-31 12:37:00,550.76,552.0,550.6601,551.99,31106
2026-07-31 12:38:00,552.0,552.0,551.5,551.5,21999
2026-07-31 12:39:00,551.4808,552.1,550.425,550.55,76379
2026-07-31 12:40:00,550.57,551.47,550.4501,551.39,38578
2026-07-31 12:41:00,551.45,551.59,551.0901,551.35,18398
2026-07-31 12:42:00,551.27,551.76,550.4,550.88,48159
2026-07-31 12:43:00,550.63,550.63,549.0,549.3201,84259
2026-07-31 12:44:00,549.2681,549.82,549.01,549.815,25386
2026-07-31 12:45:00,549.8,550.1999,549.65,549.98,17993
2026-07-31 12:46:00,549.76,550.19,549.5753,549.85,16987
2026-07-31 12:47:00,549.705,549.92,549.2,549.3,18588
2026-07-31 12:48:00,549.325,549.88,549.2,549.64,20430
2026-07-31 12:49:00,549.55,549.685,549.04,549.545,21413
2026-07-31 12:50:00,549.48,549.545,548.86,549.225,24410
2026-07-31 12:51:00,549.225,549.8199,549.225,549.625,21363
2026-07-31 12:52:00,549.73,550.15,549.38,549.41,28319
2026-07-31 12:53:00,549.45,549.79,549.175,549.77,18143
2026-07-31 12:54:00,549.78,550.205,549.53,549.6,13070
2026-07-31 12:55:00,549.5,549.599,548.71,549.3001,35594
2026-07-31 12:56:00,549.4399,549.4399,549.12,549.3,19862
2026-07-31 12:57:00,549.3,549.335,549.0001,549.106,289794
2026-07-31 12:58:00,549.4,549.585,549.0301,549.1,11981
2026-07-31 12:59:00,549.155,549.21,548.58,548.76,22373
2026-07-31 13:00:00,548.7,549.13,548.62,548.98,12725
2026-07-31 13:01:00,548.96,548.96,548.36,548.88,17548
2026-07-31 13:02:00,548.915,549.3212,548.6653,549.195,11767
2026-07-31 13:03:00,549.19,549.68,549.19,549.42,15346
2026-07-31 13:04:00,549.51,549.53,549.135,549.4699,17828
2026-07-31 13:05:00,549.39,549.79,549.355,549.645,18694
2026-07-31 13:06:00,549.58,549.6536,549.0,549.0,12122
2026-07-31 13:07:00,548.98,549.25,548.12,548.255,20280
2026-07-31 13:08:00,548.17,548.42,547.705,547.9514,53418
2026-07-31 13:09:00,547.81,548.43,547.64,547.75,20873
2026-07-31 13:10:00,547.825,547.83,546.6301,547.48,56351
2026-07-31 13:11:00,547.56,547.87,547.495,547.68,11510
2026-07-31 13:12:00,547.56,547.69,546.9501,547.045,34466
2026-07-31 13:13:00,547.045,547.56,546.9501,547.385,17913
2026-07-31 13:14:00,547.365,547.365,546.84,547.1,18379
2026-07-31 13:15:00,547.061,547.575,547.06,547.555,23767
2026-07-31 13:16:00,547.56,547.8699,547.455,547.485,19927
2026-07-31 13:17:00,547.485,547.56,546.4008,546.84,56897
2026-07-31 13:18:00,546.89,547.25,546.83,547.103,24411
2026-07-31 13:19:00,547.155,547.46,547.12,547.155,13344
2026-07-31 13:20:00,547.15,548.04,547.1,548.04,26149
2026-07-31 13:21:00,548.09,548.2,547.65,547.92,29387
2026-07-31 13:22:00,547.7601,547.915,547.2172,547.645,20536
2026-07-31 13:23:00,547.76,548.0,547.62,547.9475,25748
2026-07-31 13:24:00,547.965,548.91,547.95,548.67,34827
2026-07-31 13:25:00,548.67,549.11,548.34,548.42,31433
2026-07-31 13:26:00,548.41,549.56,548.37,549.53,23769
2026-07-31 13:27:00,549.66,549.83,548.53,548.565,22851
2026-07-31 13:28:00,548.555,549.46,548.3151,549.3944,25826
2026-07-31 13:29:00,549.365,549.58,549.12,549.325,27745
2026-07-31 13:30:00,549.335,549.36,549.04,549.26,21317
2026-07-31 13:31:00,549.29,549.36,548.59,548.885,31230
2026-07-31 13:32:00,548.9,549.45,548.9,549.23,23142
2026-07-31 13:33:00,549.26,549.8899,549.16,549.595,22768
2026-07-31 13:34:00,549.595,549.92,549.29,549.305,28860
2026-07-31 13:35:00,549.335,549.45,549.1001,549.18,15972
2026-07-31 13:36:00,549.16,549.58,549.135,549.455,29993
2026-07-31 13:37:00,549.465,549.76,548.89,549.005,40877
2026-07-31 13:38:00,548.95,549.04,548.581,548.68,20499
2026-07-31 13:39:00,548.625,548.9,548.625,548.66,21855
2026-07-31 13:40:00,548.83,549.79,548.715,549.76,25939
2026-07-31 13:41:00,549.67,549.95,549.3901,549.9,18966
2026-07-31 13:42:00,549.9,549.97,548.51,548.62,33041
2026-07-31 13:43:00,548.565,548.93,548.0,548.22,45272
2026-07-31 13:44:00,548.2,549.09,548.13,549.028,26098
2026-07-31 13:45:00,549.07,549.4,548.84,549.025,33005
2026-07-31 13:46:00,549.0401,549.32,548.8401,549.1,21651
2026-07-31 13:47:00,549.01,549.23,548.67,548.67,27100
2026-07-31 13:48:00,548.5884,548.94,548.5001,548.94,28571
2026-07-31 13:49:00,548.7701,549.1,548.6401,548.94,21336
2026-07-31 13:50:00,548.985,549.24,548.9,549.17,19419
2026-07-31 13:51:00,549.17,549.42,548.86,549.215,25865
2026-07-31 13:52:00,549.15,549.8225,549.06,549.13,69244
2026-07-31 13:53:00,549.07,549.82,549.0001,549.61,27005
2026-07-31 13:54:00,549.61,549.84,549.52,549.68,23273
2026-07-31 13:55:00,549.83,549.84,549.1001,549.1608,15340
2026-07-31 13:56:00,549.235,549.49,549.1,549.35,17630
2026-07-31 13:57:00,549.305,549.41,548.98,549.39,21758
2026-07-31 13:58:00,549.2992,549.335,548.8076,548.94,23412
2026-07-31 13:59:00,548.935,549.05,548.65,548.725,18098
2026-07-31 14:00:00,548.75,549.31,548.75,549.275,37299
2026-07-31 14:01:00,549.2,549.71,549.17,549.51,32694
2026-07-31 14:02:00,549.3346,549.74,549.245,549.6,27066
2026-07-31 14:03:00,549.695,549.9,549.43,549.46,25936
2026-07-31 14:04:00,549.475,549.72,549.33,549.43,24843
2026-07-31 14:05:00,549.34,549.63,549.2102,549.53,35236
2026-07-31 14:06:00,549.525,549.91,549.515,549.7799,26513
2026-07-31 14:07:00,549.705,549.75,548.52,548.73,27203
2026-07-31 14:08:00,548.685,549.19,548.575,548.575,46235
2026-07-31 14:09:00,548.6172,548.7099,548.24,548.49,41985
2026-07-31 14:10:00,548.51,548.9899,548.44,548.5,39912
2026-07-31 14:11:00,548.52,548.56,548.19,548.3,25467
2026-07-31 14:12:00,548.31,548.47,547.62,547.815,51434
2026-07-31 14:13:00,547.7,548.62,547.5,548.62,42664
2026-07-31 14:14:00,548.79,549.2,548.7,549.05,20605
2026-07-31 14:15:00,549.0,549.785,548.83,549.62,31899
2026-07-31 14:16:00,549.77,550.04,549.67,549.67,39644
2026-07-31 14:17:00,549.65,549.89,549.3801,549.845,18289
2026-07-31 14:18:00,549.88,550.67,549.88,550.65,37002
2026-07-31 14:19:00,550.63,551.05,550.59,550.99,27088
2026-07-31 14:20:00,550.96,551.46,550.73,551.41,32433
2026-07-31 14:21:00,551.42,551.64,550.85,551.14,34826
2026-07-31 14:22:00,551.1705,551.29,551.0101,551.26,28351
2026-07-31 14:23:00,551.27,551.53,551.19,551.205,26810
2026-07-31 14:24:00,551.22,551.64,551.08,551.34,39067
2026-07-31 14:25:00,551.34,551.4768,550.79,550.85,39748
2026-07-31 14:26:00,550.85,550.96,550.8,550.84,19492
2026-07-31 14:27:00,550.87,550.97,550.29,550.295,36492
2026-07-31 14:28:00,550.29,551.13,549.6901,550.92,28655
2026-07-31 14:29:00,551.1087,551.3351,550.02,550.0775,28781
2026-07-31 14:30:00,550.135,550.135,549.66,549.66,39960
2026-07-31 14:31:00,549.72,550.529,549.685,550.3026,31860
2026-07-31 14:32:00,550.34,550.545,550.25,550.53,39121
2026-07-31 14:33:00,550.61,550.6437,550.18,550.59,31734
2026-07-31 14:34:00,550.485,550.56,550.0,550.1185,25028
2026-07-31 14:35:00,550.0501,550.45,549.93,550.17,28026
2026-07-31 14:36:00,550.18,550.36,549.66,549.66,25325
2026-07-31 14:37:00,549.53,549.74,549.18,549.631,45624
2026-07-31 14:38:00,549.6301,549.86,549.4101,549.55,29584
2026-07-31 14:39:00,549.655,549.75,549.43,549.51,36960
2026-07-31 14:40:00,549.5,549.8499,549.395,549.4,29498
2026-07-31 14:41:00,549.4,549.81,549.295,549.72,25659
2026-07-31 14:42:00,549.73,550.035,549.58,550.035,24112
2026-07-31 14:43:00,550.06,550.169,549.585,549.675,26750
2026-07-31 14:44:00,549.615,550.13,549.61,549.9,29709
2026-07-31 14:45:00,549.81,550.69,549.81,550.61,31487
2026-07-31 14:46:00,550.61,550.99,550.6,550.665,28742
2026-07-31 14:47:00,550.738,551.09,550.5807,551.06,35445
2026-07-31 14:48:00,551.09,551.3499,551.03,551.28,25351
2026-07-31 14:49:00,551.275,551.62,551.27,551.4903,31080
2026-07-31 14:50:00,551.48,551.51,550.945,551.0,28229
2026-07-31 14:51:00,551.105,551.28,550.99,551.1275,21356
2026-07-31 14:52:00,551.18,551.235,550.98,550.98,26769
2026-07-31 14:53:00,551.025,551.28,550.95,551.19,26609
2026-07-31 14:54:00,551.18,551.1903,550.75,550.91,24305
2026-07-31 14:55:00,550.8,550.92,550.61,550.72,25087
2026-07-31 14:56:00,550.6871,550.85,550.645,550.795,22739
2026-07-31 14:57:00,550.795,550.87,550.11,550.485,35540
2026-07-31 14:58:00,550.45,550.77,550.275,550.745,29817
2026-07-31 14:59:00,550.685,551.76,550.43,550.69,54225
2026-07-31 15:00:00,550.61,552.21,550.6,551.9628,54375
2026-07-31 15:01:00,552.07,552.145,551.25,551.57,559033
2026-07-31 15:02:00,551.64,552.27,551.64,551.9001,0
2026-07-31 15:03:00,551.9,552.46,551.58,551.955,555747
2026-07-31 15:04:00,551.9,552.5,551.75,552.0,23124
2026-07-31 15:05:00,551.9025,552.0499,551.12,551.495,28061
2026-07-31 15:06:00,551.495,551.69,551.1701,551.54,17448
2026-07-31 15:07:00,551.52,551.64,550.66,551.515,33262
2026-07-31 15:08:00,551.52,551.64,551.13,551.18,20556
2026-07-31 15:09:00,551.18,551.24,550.63,550.9,43765
2026-07-31 15:10:00,550.9,551.565,550.9,551.4301,24209
2026-07-31 15:11:00,551.425,551.68,551.0,551.19,39189
2026-07-31 15:12:00,551.23,552.24,551.23,552.1,35918
2026-07-31 15:13:00,552.1,552.9896,552.04,552.68,56848
2026-07-31 15:14:00,552.8,553.36,552.67,553.185,34734
2026-07-31 15:15:00,553.238,553.238,552.655,553.019,43255
2026-07-31 15:16:00,552.925,552.925,552.03,552.25,214077
2026-07-31 15:17:00,552.325,552.63,552.16,552.63,19806
2026-07-31 15:18:00,552.535,553.19,552.535,552.955,30158
2026-07-31 15:19:00,552.955,553.11,552.675,552.85,32061
2026-07-31 15:20:00,552.91,552.9881,552.55,552.77,27100
2026-07-31 15:21:00,552.83,553.1999,552.66,553.14,36243
2026-07-31 15:22:00,553.135,553.74,552.99,553.5,37498
2026-07-31 15:23:00,553.495,553.54,553.12,553.2,27970
2026-07-31 15:24:00,553.2,553.37,553.05,553.1339,34775
2026-07-31 15:25:00,553.19,553.39,553.08,553.14,28965
2026-07-31 15:26:00,553.205,553.205,552.75,553.075,31849
2026-07-31 15:27:00,553.1,553.4,553.1,553.24,26929
2026-07-31 15:28:00,553.255,553.255,552.62,552.675,31083
2026-07-31 15:29:00,552.67,552.98,552.56,552.56,27919
2026-07-31 15:30:00,552.54,552.54,551.77,552.09,48993
2026-07-31 15:31:00,552.035,552.2216,551.435,552.13,35597
2026-07-31 15:32:00,552.25,552.67,552.16,552.415,29498
2026-07-31 15:33:00,552.435,552.67,552.17,552.54,46029
2026-07-31 15:34:00,552.42,552.81,552.3901,552.7799,425211
2026-07-31 15:35:00,552.65,553.605,552.57,553.605,32524
2026-07-31 15:36:00,553.67,553.87,553.22,553.85,65395
2026-07-31 15:37:00,553.77,554.49,553.7,554.2992,42993
2026-07-31 15:38:00,554.28,554.73,554.1501,554.45,34371
2026-07-31 15:39:00,554.455,554.5,552.78,553.38,76432
2026-07-31 15:40:00,553.33,553.3309,552.065,552.155,63622
2026-07-31 15:41:00,552.19,552.34,551.39,551.7,61053
2026-07-31 15:42:00,551.83,552.185,551.39,551.885,102349
2026-07-31 15:43:00,551.96,552.215,551.75,552.08,66003
2026-07-31 15:44:00,552.03,552.34,551.965,552.1902,69596
2026-07-31 15:45:00,552.2,552.355,551.96,552.27,66485
2026-07-31 15:46:00,552.275,552.5,552.07,552.105,57011
2026-07-31 15:47:00,552.11,553.055,552.07,552.93,59937
2026-07-31 15:48:00,552.8901,552.9,552.32,552.645,65247
2026-07-31 15:49:00,552.78,552.78,552.27,552.41,37688
2026-07-31 15:50:00,552.33,552.4,551.0101,551.74,101372
2026-07-31 15:51:00,551.74,552.355,551.7,552.14,90269
2026-07-31 15:52:00,552.13,553.9,552.125,553.73,96760
2026-07-31 15:53:00,553.73,555.62,553.62,555.19,144224
2026-07-31 15:54:00,555.12,555.815,554.86,555.77,121790
2026-07-31 15:55:00,555.69,556.79,555.45,556.5084,151495
2026-07-31 15:56:00,556.43,557.5,556.375,557.39,152185
2026-07-31 15:57:00,557.4,558.33,557.37,557.91,170251
2026-07-31 15:58:00,557.91,558.15,557.58,557.98,178654
2026-07-31 15:59:00,557.975,557.975,556.28,556.5,371586
2026-07-31 16:00:00,556.71,557.5,555.63,556.8,0
2026-07-31 16:01:00,556.6,557.0,556.0,556.34,0
2026-07-31 16:02:00,556.4407,556.71,556.0,556.015,0
2026-07-31 16:03:00,556.04,556.71,555.58,555.9,0
2026-07-31 16:04:00,555.9,556.71,555.53,555.53,0
2026-07-31 16:05:00,555.75,555.96,555.53,555.76,0
2026-07-31 16:06:00,555.8783,556.0,555.68,556.0,0
2026-07-31 16:07:00,555.8238,556.71,555.76,555.94,0
2026-07-31 16:08:00,555.94,556.0,555.76,555.9889,0
2026-07-31 16:09:00,555.9,556.0,555.76,555.8457,0
2026-07-31 16:10:00,555.92,556.8235,555.9,556.1,0
2026-07-31 16:11:00,556.71,556.9,556.0,556.227,0
2026-07-31 16:12:00,556.34,556.9,556.06,556.28,0
2026-07-31 16:13:00,556.1599,556.4,556.06,556.3,0
2026-07-31 16:14:00,556.3,556.7875,556.11,556.16,0
2026-07-31 16:15:00,556.71,556.71,556.11,556.1564,0
2026-07-31 16:16:00,556.32,556.5,556.11,556.16,0
2026-07-31 16:17:00,556.31,556.7,556.16,556.59,0
2026-07-31 16:18:00,556.31,556.7,556.31,556.51,0
2026-07-31 16:19:00,556.54,556.65,556.43,556.4563,0
2026-07-31 16:20:00,556.55,556.71,556.0,556.46,0
2026-07-31 16:21:00,556.46,556.71,556.46,556.6268,0
2026-07-31 16:22:00,556.63,557.5,556.63,557.4225,0
2026-07-31 16:23:00,557.5,557.8,557.2,557.49,0
2026-07-31 16:24:00,557.7,557.785,557.01,557.35,0
2026-07-31 16:25:00,557.2,557.25,556.4835,557.043,0
2026-07-31 16:26:00,557.13,557.4,557.0,557.2509,0
2026-07-31 16:27:00,557.2537,557.4,557.0,557.1764,0
2026-07-31 16:28:00,557.169,557.39,557.0,557.1,0
2026-07-31 16:29:00,557.1,557.7,557.05,557.5,0
2026-07-31 16:30:00,557.5602,558.18,557.5602,558.0,0
2026-07-31 16:31:00,557.99,558.0,557.313,557.56,0
2026-07-31 16:32:00,557.5599,557.56,557.3,557.42,0
2026-07-31 16:33:00,557.4,557.42,557.3,557.32,0
2026-07-31 16:34:00,557.41,557.42,557.2,557.4,0
2026-07-31 16:35:00,557.4124,557.56,557.39,557.42,0
2026-07-31 16:36:00,557.42,558.0,557.39,557.97,0
2026-07-31 16:37:00,557.57,557.7,557.39,557.5701,0
2026-07-31 16:38:00,557.59,557.96,557.45,557.8103,0
2026-07-31 16:39:00,557.8102,557.969,557.55,557.8465,0
2026-07-31 16:40:00,557.8469,558.38,557.4501,558.05,0
2026-07-31 16:41:00,558.0364,558.2925,558.0,558.0261,0
2026-07-31 16:42:00,558.22,558.5413,558.01,558.5413,0
2026-07-31 16:43:00,558.1996,558.6,558.1,558.11,0
2026-07-31 16:44:00,558.11,558.2486,557.52,557.8019,0
2026-07-31 16:45:00,557.8,557.96,557.8,557.8,0
2026-07-31 16:46:00,557.92,557.95,557.8,557.8988,0
2026-07-31 16:47:00,557.8112,557.96,557.8,557.8,0
2026-07-31 16:48:00,557.81,558.0,557.8,557.976,0
2026-07-31 16:49:00,557.85,557.9988,557.8,557.8452,0
2026-07-31 16:50:00,557.8,557.91,557.8,557.818,0
2026-07-31 16:51:00,557.88,557.96,557.531,557.8,0
2026-07-31 16:52:00,557.6,557.96,557.52,557.7749,0
2026-07-31 16:53:00,557.7502,557.76,557.0,557.24,0
2026-07-31 16:54:00,556.71,557.2202,556.51,556.8,0
2026-07-31 16:55:00,556.6745,556.8,556.5,556.5,0
2026-07-31 16:56:00,556.6,556.6,556.0,556.2,0
2026-07-31 16:57:00,556.0,556.195,555.76,555.7625,0
2026-07-31 16:58:00,555.76,555.9718,555.3,555.3,0
2026-07-31 16:59:00,555.26,555.6955,553.91,555.1,0
2026-07-31 17:00:00,555.0,555.23,554.88,554.88,0
2026-07-31 17:01:00,554.8935,555.8883,554.8818,555.75,0
2026-07-31 17:02:00,555.39,555.5337,555.39,555.44,0
2026-07-31 17:03:00,555.4013,555.75,555.04,555.57,0
2026-07-31 17:04:00,555.4241,555.75,555.4241,555.6,0
2026-07-31 17:05:00,555.5166,555.6485,555.4,555.45,0
2026-07-31 17:06:00,555.415,555.42,555.0849,555.4,0
2026-07-31 17:07:00,555.06,555.42,555.0495,555.3,0
2026-07-31 17:08:00,555.4,555.414,555.31,555.4,0
2026-07-31 17:09:00,555.38,555.42,555.0401,555.0401,0
2026-07-31 17:10:00,555.35,555.42,555.35,555.42,0
2026-07-31 17:11:00,555.39,555.42,555.35,555.4188,0
2026-07-31 17:12:00,555.39,555.42,555.32,555.42,0
2026-07-31 17:13:00,555.36,555.42,555.22,555.3963,0
2026-07-31 17:14:00,555.415,555.42,555.4,555.405,0
2026-07-31 17:15:00,555.4,555.4,555.22,555.22,0
2026-07-31 17:16:00,555.22,555.33,555.131,555.18,0
2026-07-31 17:17:00,555.14,555.21,555.04,555.0497,0
2026-07-31 17:18:00,555.0402,555.05,555.04,555.0497,0
2026-07-31 17:19:00,555.05,555.3199,554.88,554.88,0
2026-07-31 17:20:00,554.85,554.85,554.72,554.75,0
2026-07-31 17:21:00,554.75,554.75,554.1497,554.6651,0
2026-07-31 17:22:00,554.5,555.3,554.5,555.3,0
2026-07-31 17:23:00,555.2762,555.4,555.05,555.21,0
2026-07-31 17:24:00,555.23,567.319,555.12,555.1465,0
2026-07-31 17:25:00,555.14,555.4,555.1,555.39,0
2026-07-31 17:26:00,555.2,577.3446,554.5,554.6395,0
2026-07-31 17:27:00,554.8,555.3988,554.5,555.1,0
2026-07-31 17:28:00,555.1,555.3,534.1248,554.9,0
2026-07-31 17:29:00,554.99,554.99,554.5,554.84,0
2026-07-31 17:30:00,555.0,555.0,534.1248,555.0,0
2026-07-31 17:31:00,555.0,555.0,554.5677,554.6,0
2026-07-31 17:32:00,554.8295,554.9412,554.6,554.76,0
2026-07-31 17:33:00,554.6067,554.95,554.6067,554.618,0
2026-07-31 17:34:00,554.9488,554.95,554.6,554.84,0
2026-07-31 17:35:00,554.95,554.95,529.101,554.9488,0
2026-07-31 17:36:00,554.95,554.95,554.6,554.84,0
2026-07-31 17:37:00,554.84,554.95,554.6,554.7774,0
2026-07-31 17:38:00,554.7774,567.319,554.61,554.68,0
2026-07-31 17:39:00,554.8744,554.95,554.61,554.75,0
2026-07-31 17:40:00,554.75,554.95,554.61,554.8019,0
2026-07-31 17:41:00,554.8037,554.95,554.8,554.9331,0
2026-07-31 17:42:00,554.9268,554.95,554.8,554.87,0
2026-07-31 17:43:00,554.8309,554.95,554.8,554.95,0
2026-07-31 17:44:00,554.95,554.95,554.8427,554.94,0
2026-07-31 17:45:00,554.9986,555.3,554.94,555.3,0
2026-07-31 17:46:00,555.3,555.3999,554.93,555.3,0
2026-07-31 17:47:00,555.165,555.4,554.93,555.2,0
2026-07-31 17:48:00,555.3,555.3999,554.93,555.3999,0
2026-07-31 17:49:00,555.38,555.4,555.2,555.2,0
2026-07-31 17:50:00,555.2877,555.2877,555.2,555.2,0
2026-07-31 17:51:00,555.25,555.38,555.22,555.38,0
2026-07-31 17:52:00,555.4,555.4,555.2732,555.3,0
2026-07-31 17:53:00,555.38,555.4,555.3,555.3762,0
2026-07-31 17:54:00,555.32,555.4,555.0,555.3,0
2026-07-31 17:55:00,555.01,555.29,555.01,555.29,0
2026-07-31 17:56:00,555.4,555.4,555.0,555.36,0
2026-07-31 17:57:00,555.29,555.337,555.29,555.3002,0
2026-07-31 17:58:00,555.34,555.37,555.0,555.0,0
2026-07-31 17:59:00,555.2,555.37,555.0441,555.3,0
2026-07-31 18:00:00,555.19,555.3,555.1,555.2645,0
2026-07-31 18:01:00,555.3,555.3,555.0001,555.2,0
2026-07-31 18:02:00,555.02,555.2,555.02,555.2,0
2026-07-31 18:03:00,555.0,555.19,555.0,555.0238,0
2026-07-31 18:04:00,555.0,555.2,555.0,555.0511,0
2026-07-31 18:05:00,555.2,555.2,555.0506,555.1861,0
2026-07-31 18:06:00,555.12,555.17,555.12,555.13,0
2026-07-31 18:07:00,555.11,555.2,555.11,555.12,0
2026-07-31 18:08:00,555.2,555.2,555.0712,555.16,0
2026-07-31 18:09:00,555.05,555.2,555.05,555.2,0
2026-07-31 18:10:00,555.07,555.13,555.05,555.13,0
2026-07-31 18:11:00,555.13,555.1839,555.0537,555.1839,0
2026-07-31 18:12:00,555.13,555.2,555.13,555.13,0
2026-07-31 18:13:00,555.13,555.2,555.05,555.2,0
2026-07-31 18:14:00,555.13,555.2,555.05,555.1,0
2026-07-31 18:15:00,555.058,555.13,555.0,555.0025,0
2026-07-31 18:16:00,555.0075,555.01,555.0025,555.01,0
2026-07-31 18:17:00,555.0003,555.01,555.0,555.0015,0
2026-07-31 18:18:00,555.01,555.01,555.0,555.01,0
2026-07-31 18:19:00,555.01,555.01,555.0,555.0075,0
2026-07-31 18:20:00,555.01,555.01,555.0,555.0075,0
2026-07-31 18:21:00,555.0076,555.0097,554.9,554.9,0
2026-07-31 18:22:00,554.9642,555.15,554.7,555.1143,0
2026-07-31 18:23:00,555.05,555.2,554.7,554.7,0
2026-07-31 18:24:00,555.0,555.0,554.9,555.0,0
2026-07-31 18:25:00,554.9905,555.2,554.9905,555.1415,0
2026-07-31 18:26:00,555.18,555.19,555.1402,555.1425,0
2026-07-31 18:27:00,555.1475,555.18,555.0,555.13,0
2026-07-31 18:28:00,555.156,555.16,554.95,554.95,0
2026-07-31 18:29:00,554.7,555.2,554.7,554.97,0
2026-07-31 18:30:00,554.9887,555.0,554.7,554.7,0
2026-07-31 18:31:00,554.9,554.9762,554.9,554.9762,0
2026-07-31 18:32:00,554.86,554.99,554.7,554.7,0
2026-07-31 18:33:00,554.82,554.9641,554.772,554.9641,0
2026-07-31 18:34:00,556.71,556.71,554.7,554.7,0
2026-07-31 18:35:00,554.83,555.0,554.83,555.0,0
2026-07-31 18:36:00,554.8113,555.0,554.8113,554.9762,0
2026-07-31 18:37:00,554.89,555.2,554.8853,554.8853,0
2026-07-31 18:38:00,555.1527,555.18,555.01,555.01,0
2026-07-31 18:39:00,555.2,555.2,555.0012,555.1861,0
2026-07-31 18:40:00,555.1202,555.2,555.1202,555.17,0
2026-07-31 18:41:00,555.17,555.2,555.15,555.1766,0
2026-07-31 18:42:00,555.1586,555.18,555.0,555.18,0
2026-07-31 18:43:00,555.1,555.18,555.0694,555.14,0
2026-07-31 18:44:00,555.14,555.15,555.133,555.14,0
2026-07-31 18:45:00,555.0217,555.14,555.0201,555.13,0
2026-07-31 18:46:00,555.003,555.1181,555.003,555.1181,0
2026-07-31 18:47:00,555.05,555.1075,555.0225,555.0983,0
2026-07-31 18:48:00,555.0977,555.1,555.01,555.01,0
2026-07-31 18:49:00,555.09,555.1,555.01,555.0898,0
2026-07-31 18:50:00,555.0201,555.1,555.0201,555.0988,0
2026-07-31 18:51:00,555.09,555.2,555.05,555.1831,0
2026-07-31 18:52:00,555.1831,555.35,555.15,555.35,0
2026-07-31 18:53:00,555.15,555.35,555.15,555.35,0
2026-07-31 18:54:00,555.2037,555.35,555.2037,555.329,0
2026-07-31 18:55:00,555.33,555.33,555.24,555.3005,0
2026-07-31 18:56:00,555.32,555.4,555.3,555.32,0
2026-07-31 18:57:00,555.33,555.35,555.02,555.0415,0
2026-07-31 18:58:00,555.25,555.35,555.04,555.04,0
2026-07-31 18:59:00,555.25,555.73,555.0764,555.7217,0
2026-07-31 19:00:00,555.55,555.73,555.4388,555.73,0
2026-07-31 19:01:00,555.5,555.6,555.42,555.6,0
2026-07-31 19:02:00,555.45,555.51,555.4,555.5,0
2026-07-31 19:03:00,555.45,555.5,555.4,555.4,0
2026-07-31 19:04:00,555.45,555.5,555.4,555.4148,0
2026-07-31 19:05:00,555.4101,555.45,555.405,555.45,0
2026-07-31 19:06:00,555.4515,555.73,555.4,555.4887,0
2026-07-31 19:07:00,555.4887,555.5,555.45,555.45,0
2026-07-31 19:08:00,555.4887,555.4982,555.4887,555.4975,0
2026-07-31 19:09:00,555.4128,555.5,555.4,555.5,0
2026-07-31 19:10:00,555.5,555.5,555.4011,555.4077,0
2026-07-31 19:11:00,555.4451,555.5,555.4047,555.4511,0
2026-07-31 19:12:00,555.4082,555.69,555.4,555.69,0
2026-07-31 19:13:00,555.66,555.6918,555.5762,555.595,0
2026-07-31 19:14:00,555.5765,555.6,555.431,555.5,0
2026-07-31 19:15:00,555.595,555.73,555.431,555.73,0
2026-07-31 19:16:00,555.5,555.7027,555.5,555.5935,0
2026-07-31 19:17:00,555.6,555.73,555.4,555.6789,0
2026-07-31 19:18:00,555.6,555.73,555.4,555.4082,0
2026-07-31 19:19:00,555.73,555.73,555.4,555.6144,0
2026-07-31 19:20:00,555.7,555.73,555.66,555.715,0
2026-07-31 19:21:00,555.73,555.73,555.4,555.7,0
2026-07-31 19:22:00,555.6908,555.73,555.6,555.6908,0
2026-07-31 19:23:00,555.6644,555.7,555.61,555.61,0
2026-07-31 19:24:00,555.7,555.7,555.65,555.682,0
2026-07-31 19:25:00,555.67,555.7,555.6016,555.6975,0
2026-07-31 19:26:00,555.6113,555.7,555.61,555.62,0
2026-07-31 19:27:00,555.62,555.7,555.61,555.66,0
2026-07-31 19:28:00,555.6845,555.7,555.6,555.68,0
2026-07-31 19:29:00,555.68,555.7,555.62,555.6999,0
2026-07-31 19:30:00,555.62,555.7,555.6,555.6,0
2026-07-31 19:31:00,555.55,555.69,555.55,555.5506,0
2026-07-31 19:32:00,555.5732,555.6029,555.4,555.4097,0
2026-07-31 19:33:00,555.41,555.41,555.3,555.3401,0
2026-07-31 19:34:00,555.4,555.699,555.3001,555.4762,0
2026-07-31 19:35:00,555.5,555.5,555.4025,555.5,0
2026-07-31 19:36:00,555.4352,555.4352,555.4,555.42,0
2026-07-31 19:37:00,555.4299,555.43,555.4,555.4254,0
2026-07-31 19:38:00,555.42,555.4254,555.3,555.3135,0
2026-07-31 19:39:00,555.3,555.3075,555.1005,555.238,0
2026-07-31 19:40:00,555.2,555.29,555.0,555.29,0
2026-07-31 19:41:00,555.0,555.31,555.0,555.15,0
2026-07-31 19:42:00,555.15,555.31,554.9,554.9,0
2026-07-31 19:43:00,555.0,555.0,554.95,555.0,0
2026-07-31 19:44:00,554.9886,554.9886,554.68,554.68,0
2026-07-31 19:45:00,554.65,555.0,554.6035,554.8,0
2026-07-31 19:46:00,554.9399,555.0,554.8,554.8,0
2026-07-31 19:47:00,554.8,554.9408,554.12,554.12,0
2026-07-31 19:48:00,554.28,554.5,553.1,554.23,0
2026-07-31 19:49:00,553.1,554.23,553.1,553.9,0
2026-07-31 19:50:00,553.9,554.2017,553.1,554.05,0
2026-07-31 19:51:00,554.23,554.23,553.75,554.0,0
2026-07-31 19:52:00,554.0,554.23,553.9089,554.01,0
2026-07-31 19:53:00,554.0,554.1944,553.9,554.0,0
2026-07-31 19:54:00,554.0,554.21,553.9,554.0,0
2026-07-31 19:55:00,554.0,554.0,553.77,553.77,0
2026-07-31 19:56:00,554.0,554.0,553.1,553.79,0
2026-07-31 19:57:00,553.79,554.0,553.1,553.7422,0
2026-07-31 19:58:00,553.75,553.77,553.1,553.55,0
2026-07-31 19:59:00,553.55,554.0,553.03,553.9,0
2026-08-03 04:00:00,566.19,566.974,562.8292,564.9212,0
2026-08-03 04:01:00,564.67,566.78,562.0,564.8352,0
2026-08-03 04:02:00,564.9188,565.3288,563.85,565.3188,0
2026-08-03 04:03:00,564.91,565.02,563.7,563.9888,0
2026-08-03 04:04:00,563.57,563.9697,563.1757,563.9688,0
2026-08-03 04:05:00,563.4875,563.9588,562.08,562.9825,0
2026-08-03 04:06:00,562.984,563.9988,562.3755,563.11,0
2026-08-03 04:07:00,563.28,566.78,562.02,563.39,0
2026-08-03 04:08:00,563.39,563.39,562.77,563.11,0
2026-08-03 04:09:00,563.2757,563.45,562.55,563.41,0
2026-08-03 04:10:00,563.0,563.9988,562.78,563.9988,0
2026-08-03 04:11:00,563.16,563.63,563.01,563.63,0
2026-08-03 04:12:00,563.58,563.95,563.2187,563.95,0
2026-08-03 04:13:00,563.2,563.94,563.2,563.8245,0
2026-08-03 04:14:00,563.86,563.86,563.18,563.82,0
2026-08-03 04:15:00,563.1812,563.82,563.1812,563.71,0
2026-08-03 04:16:00,563.7088,563.71,563.17,563.25,0
2026-08-03 04:17:00,563.19,563.4988,563.0,563.0,0
2026-08-03 04:18:00,563.23,563.23,562.88,562.89,0
2026-08-03 04:19:00,562.79,563.1125,562.64,562.99,0
2026-08-03 04:20:00,562.9089,563.4577,562.5585,562.89,0
2026-08-03 04:21:00,563.0,563.5,562.9,563.06,0
2026-08-03 04:22:00,563.06,563.4888,562.9302,563.48,0
2026-08-03 04:23:00,563.4655,563.47,563.19,563.47,0
2026-08-03 04:24:00,563.977,563.98,563.53,563.97,0
2026-08-03 04:25:00,563.92,563.96,563.2,563.5,0
2026-08-03 04:26:00,563.99,563.99,563.0,563.0,0
2026-08-03 04:27:00,563.9457,563.9457,563.0242,563.55,0
2026-08-03 04:28:00,563.56,563.95,563.4112,563.59,0
2026-08-03 04:29:00,563.267,563.92,563.267,563.92,0
2026-08-03 04:30:00,563.67,563.69,563.48,563.6576,0
2026-08-03 04:31:00,563.5,563.6481,563.38,563.5,0
2026-08-03 04:32:00,563.6543,563.92,563.5557,563.91,0
2026-08-03 04:33:00,563.75,563.75,563.25,563.25,0
2026-08-03 04:34:00,563.25,563.5,562.9145,563.5,0
2026-08-03 04:35:00,562.9,563.468,562.9,563.468,0
2026-08-03 04:36:00,563.2067,563.47,563.2067,563.4424,0
2026-08-03 04:37:00,563.46,563.896,563.364,563.896,0
2026-08-03 04:38:00,563.8,563.816,563.72,563.8022,0
2026-08-03 04:39:00,563.89,564.0,563.8129,563.9801,0
2026-08-03 04:40:00,563.98,564.0,563.8047,563.9788,0
2026-08-03 04:41:00,563.95,564.0,563.8042,563.8042,0
2026-08-03 04:42:00,563.94,563.97,563.83,563.95,0
2026-08-03 04:43:00,563.8037,563.948,563.8,563.87,0
2026-08-03 04:44:00,563.9167,563.9167,563.4975,563.7,0
2026-08-03 04:45:00,563.4012,563.89,563.4012,563.7588,0
2026-08-03 04:46:00,563.74,563.74,563.51,563.6913,0
2026-08-03 04:47:00,563.6,563.73,562.9012,562.9012,0
2026-08-03 04:48:00,562.9202,563.6997,562.9202,563.2,0
2026-08-03 04:49:00,562.9412,563.6,562.8062,562.8062,0
2026-08-03 04:50:00,563.01,563.43,563.01,563.2,0
2026-08-03 04:51:00,563.2,563.41,563.19,563.32,0
2026-08-03 04:52:00,563.32,563.38,563.2,563.2622,0
2026-08-03 04:53:00,563.1797,563.18,563.02,563.17,0
2026-08-03 04:54:00,563.089,563.35,563.089,563.35,0
2026-08-03 04:55:00,563.0812,563.42,563.0812,563.34,0
2026-08-03 04:56:00,563.392,563.3988,563.088,563.39,0
2026-08-03 04:57:00,563.38,563.38,563.2,563.37,0
2026-08-03 04:58:00,563.36,563.36,563.32,563.32,0
2026-08-03 04:59:00,563.44,563.44,563.255,563.255,0
2026-08-03 05:00:00,563.42,563.7,563.42,563.5,0
2026-08-03 05:01:00,563.6624,563.667,563.1612,563.59,0
2026-08-03 05:02:00,563.0812,563.65,563.0812,563.65,0
2026-08-03 05:03:00,563.5,563.65,563.5,563.63,0
2026-08-03 05:04:00,563.6167,563.688,563.1097,563.688,0
2026-08-03 05:05:00,563.232,564.3295,563.2317,563.93,0
2026-08-03 05:06:00,564.13,564.3088,564.13,564.28,0
2026-08-03 05:07:00,564.1,564.28,564.0,564.0065,0
2026-08-03 05:08:00,564.2535,564.2535,563.9282,564.2,0
2026-08-03 05:09:00,564.05,564.1664,563.9727,564.157,0
2026-08-03 05:10:00,564.16,564.16,563.875,564.15,0
2026-08-03 05:11:00,564.0825,564.15,564.0,564.13,0
2026-08-03 05:12:00,564.13,564.13,563.93,564.05,0
2026-08-03 05:13:00,563.2664,564.0541,563.22,564.0025,0
2026-08-03 05:14:00,564.0,564.0,563.89,563.89,0
2026-08-03 05:15:00,563.89,563.9688,563.43,563.9688,0
2026-08-03 05:16:00,563.73,563.97,563.22,563.58,0
2026-08-03 05:17:00,563.68,563.71,563.1,563.1895,0
2026-08-03 05:18:00,563.15,563.15,562.5,562.97,0
2026-08-03 05:19:00,562.5,562.96,562.5,562.96,0
2026-08-03 05:20:00,562.95,562.95,562.74,562.74,0
2026-08-03 05:21:00,562.94,562.94,562.3642,562.63,0
2026-08-03 05:22:00,562.64,562.83,562.64,562.77,0
2026-08-03 05:23:00,562.6964,562.82,562.64,562.82,0
2026-08-03 05:24:00,562.8,562.9,562.5,562.5,0
2026-08-03 05:25:00,562.88,562.88,562.55,562.7,0
2026-08-03 05:26:00,562.7,562.7917,562.5,562.5,0
2026-08-03 05:27:00,562.5,562.67,562.5,562.67,0
2026-08-03 05:28:00,562.64,562.82,562.5,562.56,0
2026-08-03 05:29:00,562.51,562.51,562.44,562.44,0
2026-08-03 05:30:00,562.55,562.69,562.55,562.656,0
2026-08-03 05:31:00,562.53,562.81,562.53,562.53,0
2026-08-03 05:32:00,562.65,562.75,562.5679,562.73,0
2026-08-03 05:33:00,562.66,562.817,562.6,562.67,0
2026-08-03 05:34:00,562.71,562.7488,562.14,562.39,0
2026-08-03 05:35:00,562.0463,562.39,562.039,562.0831,0
2026-08-03 05:36:00,562.3997,562.4,562.0097,562.39,0
2026-08-03 05:37:00,562.3802,562.3802,562.0092,562.22,0
2026-08-03 05:38:00,562.18,562.36,562.0087,562.279,0
2026-08-03 05:39:00,562.18,562.34,562.0177,562.0177,0
2026-08-03 05:40:00,562.1,562.345,562.1,562.345,0
2026-08-03 05:41:00,562.59,562.79,562.32,562.46,0
2026-08-03 05:42:00,562.61,562.75,562.61,562.7,0
2026-08-03 05:43:00,562.74,562.74,562.67,562.67,0
2026-08-03 05:44:00,562.73,562.73,562.0,562.4,0
2026-08-03 05:45:00,562.7,562.7,562.4,562.69,0
2026-08-03 05:46:00,562.69,562.73,562.0,562.64,0
2026-08-03 05:47:00,562.64,562.72,562.6,562.72,0
2026-08-03 05:48:00,562.7088,562.79,562.7088,562.7229,0
2026-08-03 05:49:00,562.78,562.8,562.61,562.61,0
2026-08-03 05:50:00,562.5,562.6945,562.5,562.64,0
2026-08-03 05:51:00,562.64,562.6945,562.3071,562.6945,0
2026-08-03 05:52:00,562.67,562.79,562.5975,562.79,0
2026-08-03 05:53:00,562.54,562.8,562.54,562.7922,0
2026-08-03 05:54:00,562.6578,562.776,562.6537,562.6537,0
2026-08-03 05:55:00,563.1218,563.1218,562.94,563.0688,0
2026-08-03 05:56:00,562.95,563.0488,562.7212,562.7212,0
2026-08-03 05:57:00,563.0,563.1188,563.0,563.11,0
2026-08-03 05:58:00,563.1008,563.12,563.08,563.12,0
2026-08-03 05:59:00,563.23,563.23,563.17,563.17,0
2026-08-03 06:00:00,563.23,563.23,563.14,563.2125,0
2026-08-03 06:01:00,563.14,563.14,562.7327,562.7327,0
2026-08-03 06:02:00,563.23,563.3135,563.2083,563.3135,0
2026-08-03 06:03:00,563.31,563.338,562.8012,563.338,0
2026-08-03 06:04:00,563.3213,563.3213,563.3213,563.3213,0
2026-08-03 06:05:00,563.31,563.35,562.7357,563.35,0
2026-08-03 06:06:00,563.3,563.32,563.0,563.32,0
2026-08-03 06:07:00,563.32,563.32,563.2159,563.3,0
2026-08-03 06:08:00,563.3,563.47,563.2,563.23,0
2026-08-03 06:09:00,563.19,563.35,563.19,563.27,0
2026-08-03 06:10:00,563.4688,563.4688,563.26,563.36,0
2026-08-03 06:11:00,563.36,563.78,563.33,563.78,0
2026-08-03 06:12:00,563.7908,563.7908,563.44,563.44,0
2026-08-03 06:13:00,563.75,563.83,563.5,563.8,0
2026-08-03 06:14:00,563.8543,563.86,563.5607,563.656,0
2026-08-03 06:15:00,563.5,563.8,563.45,563.65,0
2026-08-03 06:16:00,563.5628,563.65,563.5,563.5074,0
2026-08-03 06:17:00,563.55,563.7535,563.5017,563.52,0
2026-08-03 06:18:00,563.55,563.88,563.51,563.88,0
2026-08-03 06:19:00,563.8029,563.88,563.763,563.87,0
2026-08-03 06:20:00,563.88,563.88,563.77,563.87,0
2026-08-03 06:21:00,563.86,563.86,563.7829,563.85,0
2026-08-03 06:22:00,563.85,564.23,563.7712,564.18,0
2026-08-03 06:23:00,564.2,565.0,564.2,564.9372,0
2026-08-03 06:24:00,564.9,564.99,564.75,564.75,0
2026-08-03 06:25:00,564.82,564.89,564.4,564.8058,0
2026-08-03 06:26:00,564.4351,564.9742,564.4351,564.86,0
2026-08-03 06:27:00,564.81,564.89,564.77,564.89,0
2026-08-03 06:28:00,564.85,564.89,564.73,564.73,0
2026-08-03 06:29:00,564.78,565.57,564.78,565.32,0
2026-08-03 06:30:00,565.166,565.71,565.166,565.2314,0
2026-08-03 06:31:00,565.2302,565.7688,565.1986,565.22,0
2026-08-03 06:32:00,565.15,565.38,565.15,565.1604,0
2026-08-03 06:33:00,565.19,565.58,565.15,565.4,0
2026-08-03 06:34:00,565.77,565.77,565.2453,565.54,0
2026-08-03 06:35:00,565.62,565.62,565.3937,565.3937,0
2026-08-03 06:36:00,565.351,565.62,565.3,565.62,0
2026-08-03 06:37:00,565.4,566.0,565.4,565.88,0
2026-08-03 06:38:00,565.71,566.0,565.62,565.75,0
2026-08-03 06:39:00,565.7301,565.86,565.7301,565.86,0
2026-08-03 06:40:00,565.63,565.88,564.49,564.9888,0
2026-08-03 06:41:00,564.68,564.71,563.76,564.0,0
2026-08-03 06:42:00,564.0,564.3255,563.7745,563.8775,0
2026-08-03 06:43:00,564.045,564.32,563.8736,564.31,0
2026-08-03 06:44:00,564.31,564.58,564.31,564.58,0
2026-08-03 06:45:00,564.0827,564.9425,564.0,564.416,0
2026-08-03 06:46:00,564.21,564.43,563.9877,564.43,0
2026-08-03 06:47:00,564.3752,564.4129,563.98,564.179,0
2026-08-03 06:48:00,564.04,564.04,563.61,563.89,0
2026-08-03 06:49:00,563.88,563.88,563.8161,563.84,0
2026-08-03 06:50:00,563.76,563.795,563.51,563.57,0
2026-08-03 06:51:00,563.6,563.6,563.464,563.6,0
2026-08-03 06:52:00,563.84,563.85,563.22,563.85,0
2026-08-03 06:53:00,563.75,564.0,563.259,563.8,0
2026-08-03 06:54:00,563.75,564.0,563.75,563.77,0
2026-08-03 06:55:00,563.75,564.0,563.62,563.71,0
2026-08-03 06:56:00,563.71,564.0,563.543,563.6,0
2026-08-03 06:57:00,563.72,563.73,563.5,563.5,0
2026-08-03 06:58:00,563.5141,563.77,562.775,563.0,0
2026-08-03 06:59:00,563.08,563.09,562.88,562.94,0
2026-08-03 07:00:00,562.9,564.09,562.0,564.0648,0
2026-08-03 07:01:00,564.0648,564.28,562.89,563.3244,0
2026-08-03 07:02:00,563.08,563.6,563.0012,563.3,0
2026-08-03 07:03:00,563.4803,563.85,563.02,563.7892,0
2026-08-03 07:04:00,563.7892,563.84,563.21,563.3594,0
2026-08-03 07:05:00,563.36,563.71,563.23,563.55,0
2026-08-03 07:06:00,563.55,563.55,563.2087,563.28,0
2026-08-03 07:07:00,563.44,563.71,563.27,563.5,0
2026-08-03 07:08:00,563.3166,563.5,563.21,563.49,0
2026-08-03 07:09:00,563.45,563.8337,563.2,563.69,0
2026-08-03 07:10:00,563.5,564.18,563.5,564.16,0
2026-08-03 07:11:00,564.0,564.18,563.5,564.0,0
2026-08-03 07:12:00,564.1337,564.15,563.516,563.9875,0
2026-08-03 07:13:00,563.9875,564.0284,563.55,564.0284,0
2026-08-03 07:14:00,564.0,564.15,564.0,564.05,0
2026-08-03 07:15:00,564.04,564.43,564.04,564.4,0
2026-08-03 07:16:00,564.4288,564.75,564.1712,564.6167,0
2026-08-03 07:17:00,564.75,565.48,564.63,565.4,0
2026-08-03 07:18:00,565.4,565.71,565.0,565.71,0
2026-08-03 07:19:00,565.61,566.0,565.1147,565.51,0
2026-08-03 07:20:00,565.0737,566.5,565.05,566.0,0
2026-08-03 07:21:00,565.75,566.03,565.05,565.9095,0
2026-08-03 07:22:00,565.9177,566.0,565.05,565.58,0
2026-08-03 07:23:00,565.8175,565.9609,565.25,565.54,0
2026-08-03 07:24:00,565.31,566.0,565.25,565.84,0
2026-08-03 07:25:00,565.89,565.93,564.6227,565.036,0
2026-08-03 07:26:00,564.93,565.455,564.62,565.0,0
2026-08-03 07:27:00,565.14,565.24,565.0,565.06,0
2026-08-03 07:28:00,565.06,565.21,565.0,565.21,0
2026-08-03 07:29:00,565.126,565.5607,565.11,565.3,0
2026-08-03 07:30:00,565.35,565.9,565.21,565.8155,0
2026-08-03 07:31:00,565.91,565.91,565.3,565.8,0
2026-08-03 07:32:00,565.31,565.7988,565.31,565.7499,0
2026-08-03 07:33:00,565.6993,565.75,565.0,565.0,0
2026-08-03 07:34:00,565.3254,565.704,565.01,565.65,0
2026-08-03 07:35:00,565.69,566.0,565.37,565.8,0
2026-08-03 07:36:00,566.0,566.0,565.5775,565.88,0
2026-08-03 07:37:00,565.8031,565.92,564.9927,564.9927,0
2026-08-03 07:38:00,565.73,565.8385,565.0,565.146,0
2026-08-03 07:39:00,565.0,565.9555,565.0,565.5,0
2026-08-03 07:40:00,565.45,565.63,565.0323,565.27,0
2026-08-03 07:41:00,565.44,565.61,565.0,565.2749,0
2026-08-03 07:42:00,565.29,565.67,565.0,565.67,0
2026-08-03 07:43:00,565.61,565.8113,565.0,565.72,0
2026-08-03 07:44:00,565.7645,566.56,565.76,566.5308,0
2026-08-03 07:45:00,566.3325,566.56,566.0,566.3387,0
2026-08-03 07:46:00,566.3,566.6,566.3,566.3917,0
2026-08-03 07:47:00,566.3,566.9,566.3,566.3,0
2026-08-03 07:48:00,566.3,566.9,566.0,566.885,0
2026-08-03 07:49:00,566.55,567.5,566.4,566.9,0
2026-08-03 07:50:00,566.9,567.0,566.5,567.0,0
2026-08-03 07:51:00,566.84,567.33,566.5,566.59,0
2026-08-03 07:52:00,566.6179,567.5,566.2,566.96,0
2026-08-03 07:53:00,566.76,566.93,566.2,566.57,0
2026-08-03 07:54:00,566.6,566.6,566.0,566.0,0
2026-08-03 07:55:00,566.1511,566.3,566.1511,566.17,0
2026-08-03 07:56:00,566.17,566.3,566.0,566.23,0
2026-08-03 07:57:00,566.218,566.23,566.1,566.23,0
2026-08-03 07:58:00,566.23,566.4932,566.0,566.16,0
2026-08-03 07:59:00,566.195,566.3393,566.0,566.25,0
2026-08-03 08:00:00,566.0,566.4875,566.0,566.2,0
2026-08-03 08:01:00,566.45,566.89,566.1003,566.56,0
2026-08-03 08:02:00,566.5233,566.89,566.36,566.81,0
2026-08-03 08:03:00,566.8,566.8296,566.5,566.75,0
2026-08-03 08:04:00,566.5599,567.4875,566.55,566.55,0
2026-08-03 08:05:00,566.7427,567.4762,566.55,566.9303,0
2026-08-03 08:06:00,566.85,567.49,566.7,567.187,0
2026-08-03 08:07:00,567.4,568.35,567.19,568.35,0
2026-08-03 08:08:00,568.07,568.35,558.101,567.71,0
2026-08-03 08:09:00,567.6377,567.7583,567.0,567.6142,0
2026-08-03 08:10:00,567.38,567.63,567.1,567.4345,0
2026-08-03 08:11:00,567.3108,567.46,567.1,567.1,0
2026-08-03 08:12:00,567.1,567.35,567.1,567.2,0
2026-08-03 08:13:00,567.22,567.79,567.11,567.5,0
2026-08-03 08:14:00,567.68,567.7,567.31,567.4035,0
2026-08-03 08:15:00,567.43,567.66,567.34,567.6337,0
2026-08-03 08:16:00,567.6337,568.0,567.5,567.81,0
2026-08-03 08:17:00,568.0,568.36,567.77,568.36,0
2026-08-03 08:18:00,568.0,568.742,568.0,568.69,0
2026-08-03 08:19:00,568.4984,568.75,568.0003,568.2925,0
2026-08-03 08:20:00,568.0075,568.3,568.0,568.1975,0
2026-08-03 08:21:00,568.1975,568.2,568.0,568.0001,0
2026-08-03 08:22:00,568.0948,568.2,566.812,566.812,0
2026-08-03 08:23:00,566.9042,567.5,566.8,567.343,0
2026-08-03 08:24:00,567.01,567.5,566.82,567.46,0
2026-08-03 08:25:00,567.1074,567.4,567.01,567.195,0
2026-08-03 08:26:00,567.32,567.75,567.3,567.41,0
2026-08-03 08:27:00,567.2,567.4999,567.2,567.4551,0
2026-08-03 08:28:00,567.23,567.5,567.21,567.4452,0
2026-08-03 08:29:00,567.4453,567.6831,567.23,567.5,0
2026-08-03 08:30:00,567.35,567.75,567.35,567.52,0
2026-08-03 08:31:00,567.65,567.65,567.5,567.59,0
2026-08-03 08:32:00,567.5853,567.65,567.25,567.61,0
2026-08-03 08:33:00,567.323,567.66,567.25,567.3642,0
2026-08-03 08:34:00,567.5028,567.6412,567.3087,567.4001,0
2026-08-03 08:35:00,567.45,567.64,567.3,567.54,0
2026-08-03 08:36:00,567.5,567.72,567.3975,567.5507,0
2026-08-03 08:37:00,567.75,568.18,567.61,567.98,0
2026-08-03 08:38:00,568.1788,568.1788,567.75,567.96,0
2026-08-03 08:39:00,567.97,568.7,567.96,568.0176,0
2026-08-03 08:40:00,568.1,568.5,568.0,568.0,0
2026-08-03 08:41:00,568.1,568.23,568.0,568.1256,0
2026-08-03 08:42:00,568.14,568.51,568.0537,568.18,0
2026-08-03 08:43:00,568.2733,568.5,568.05,568.0581,0
2026-08-03 08:44:00,568.1,568.25,567.99,568.0,0
2026-08-03 08:45:00,568.0421,568.2,567.7,567.7988,0
2026-08-03 08:46:00,567.78,567.79,567.3,567.43,0
2026-08-03 08:47:00,567.4472,567.5,567.3,567.4133,0
2026-08-03 08:48:00,567.499,567.7375,567.25,567.3,0
2026-08-03 08:49:00,567.4014,567.7488,567.33,567.33,0
2026-08-03 08:50:00,567.414,567.4275,567.25,567.266,0
2026-08-03 08:51:00,567.334,567.5,567.25,567.25,0
2026-08-03 08:52:00,567.26,567.3,566.8,566.8,0
2026-08-03 08:53:00,566.817,566.9043,566.5,566.8,0
2026-08-03 08:54:00,566.8051,567.0,566.7319,566.8,0
2026-08-03 08:55:00,566.7567,567.0,566.7,567.0,0
2026-08-03 08:56:00,566.9,566.9675,566.79,566.9,0
2026-08-03 08:57:00,566.8,566.978,566.8,566.8197,0
2026-08-03 08:58:00,566.8,566.9706,566.6,566.86,0
2026-08-03 08:59:00,566.81,567.0,566.61,566.61,0
2026-08-03 09:00:00,566.6356,566.83,566.6,566.82,0
2026-08-03 09:01:00,566.7834,567.0,566.6356,567.0,0
2026-08-03 09:02:00,566.99,567.0,566.83,566.9737,0
2026-08-03 09:03:00,566.83,567.0,566.83,566.9962,0
2026-08-03 09:04:00,567.0,567.0,566.5,566.5,0
2026-08-03 09:05:00,566.86,566.86,566.5,566.7334,0
2026-08-03 09:06:00,566.55,566.82,565.77,565.85,0
2026-08-03 09:07:00,565.7952,566.3841,565.71,566.1552,0
2026-08-03 09:08:00,566.2,566.6,565.6,565.69,0
2026-08-03 09:09:00,565.7594,566.01,565.6,566.0,0
2026-08-03 09:10:00,565.95,566.0,565.01,566.0,0
2026-08-03 09:11:00,565.68,566.0,565.5001,565.7429,0
2026-08-03 09:12:00,565.99,565.99,565.68,565.75,0
2026-08-03 09:13:00,565.756,565.99,565.5,565.69,0
2026-08-03 09:14:00,565.69,565.9875,565.5,565.67,0
2026-08-03 09:15:00,565.79,565.81,565.2184,565.6,0
2026-08-03 09:16:00,565.6,565.6,565.2,565.41,0
2026-08-03 09:17:00,565.4443,565.5,565.2,565.41,0
2026-08-03 09:18:00,565.25,565.25,564.68,564.7,0
2026-08-03 09:19:00,564.9535,565.0,564.7465,564.99,0
2026-08-03 09:20:00,564.9903,565.0,564.65,564.849,0
2026-08-03 09:21:00,564.85,564.99,563.6,564.19,0
2026-08-03 09:22:00,564.5088,564.75,563.67,563.82,0
2026-08-03 09:23:00,563.9489,564.0,563.6,563.9,0
2026-08-03 09:24:00,563.9554,564.0,563.66,564.0,0
2026-08-03 09:25:00,564.0,566.5,563.93,565.1869,0
2026-08-03 09:26:00,565.55,566.0,565.1225,566.0,0
2026-08-03 09:27:00,565.99,566.87,562.42,562.8186,0
2026-08-03 09:28:00,562.32,562.4217,560.21,560.92,0
2026-08-03 09:29:00,560.92,562.45,560.5,562.45,0
2026-08-03 09:30:00,564.05,564.05,563.49,563.505,1050967
2026-08-03 09:31:00,563.505,564.3919,559.36,560.415,151344
2026-08-03 09:32:00,560.41,567.5,560.0001,566.7931,99911
2026-08-03 09:33:00,566.955,570.5,565.8,569.9055,176738
2026-08-03 09:34:00,569.55,572.4999,569.0,572.25,152076
2026-08-03 09:35:00,572.28,574.64,571.5,573.36,120127
2026-08-03 09:36:00,573.36,573.99,572.13,573.01,105584
2026-08-03 09:37:00,573.07,575.565,572.82,575.26,127134
2026-08-03 09:38:00,575.3,578.47,574.94,578.1252,161429
2026-08-03 09:39:00,577.855,578.39,575.7001,576.32,146250
2026-08-03 09:40:00,576.225,579.2,576.12,578.92,185131
2026-08-03 09:41:00,578.99,580.66,578.6301,580.23,199960
2026-08-03 09:42:00,580.39,581.82,579.5,581.75,175338
2026-08-03 09:43:00,581.75,581.83,579.2,579.385,152548
2026-08-03 09:44:00,579.5625,580.64,579.3901,580.09,143866
2026-08-03 09:45:00,580.04,582.6883,579.97,582.0,149839
2026-08-03 09:46:00,582.17,583.2,581.99,582.83,138167
2026-08-03 09:47:00,582.84,585.85,582.33,585.85,221844
2026-08-03 09:48:00,585.9108,587.19,584.812,586.07,217702
2026-08-03 09:49:00,586.165,586.9748,585.53,585.75,122588
2026-08-03 09:50:00,585.9396,587.85,585.582,587.85,149818
2026-08-03 09:51:00,587.78,589.76,587.54,588.93,186698
2026-08-03 09:52:00,588.915,591.1,588.5,591.006,259940
2026-08-03 09:53:00,590.98,591.82,590.0022,590.14,173924
2026-08-03 09:54:00,590.14,591.38,589.0,591.195,144263
2026-08-03 09:55:00,591.195,593.3399,590.45,592.95,255512
2026-08-03 09:56:00,593.05,593.9,591.4,591.4,184520
2026-08-03 09:57:00,591.69,591.9699,590.0001,591.71,146931
2026-08-03 09:58:00,591.71,592.5,590.59,591.355,160303
2026-08-03 09:59:00,591.355,591.355,590.02,590.229,114765
2026-08-03 10:00:00,590.2,590.5,588.5,590.11,190917
2026-08-03 10:01:00,590.275,591.0,588.5,589.15,125931
2026-08-03 10:02:00,589.0489,590.0,588.6001,589.09,90204
2026-08-03 10:03:00,589.07,590.2,588.17,589.55,122902
2026-08-03 10:04:00,589.415,589.8699,588.3,589.49,95329
2026-08-03 10:05:00,589.49,590.66,589.1301,590.645,103561
2026-08-03 10:06:00,590.73,593.16,590.645,593.16,154602
2026-08-03 10:07:00,593.2,594.6,592.96,593.25,172978
2026-08-03 10:08:00,593.1101,593.5699,591.76,592.255,143593
2026-08-03 10:09:00,592.44,594.4,592.338,593.445,157024
2026-08-03 10:10:00,593.54,593.85,592.06,593.29,85960
2026-08-03 10:11:00,593.29,593.4,591.212,591.55,87203
2026-08-03 10:12:00,591.49,591.79,590.3301,590.83,85086
2026-08-03 10:13:00,590.84,592.22,590.68,591.395,60521
2026-08-03 10:14:00,591.31,593.09,590.7461,592.53,88852
2026-08-03 10:15:00,592.71,592.88,591.47,592.06,70598
2026-08-03 10:16:00,592.0,592.75,591.46,591.695,93246
2026-08-03 10:17:00,591.57,592.87,590.8,592.49,109459
2026-08-03 10:18:00,592.505,592.87,591.0,591.18,120034
2026-08-03 10:19:00,591.02,591.55,590.4,590.87,72909
2026-08-03 10:20:00,591.11,591.8,588.76,590.0505,114435
2026-08-03 10:21:00,590.13,590.2399,589.07,589.2,69142
2026-08-03 10:22:00,589.23,590.0,588.5601,589.875,90251
2026-08-03 10:23:00,589.96,590.4904,589.3691,589.67,55982
2026-08-03 10:24:00,589.67,589.675,588.622,588.91,74688
2026-08-03 10:25:00,588.92,589.275,588.23,588.835,67088
2026-08-03 10:26:00,588.84,589.65,588.6,589.525,77923
2026-08-03 10:27:00,589.525,589.77,588.92,589.038,41565
2026-08-03 10:28:00,589.105,589.105,587.36,587.81,81778
2026-08-03 10:29:00,587.755,587.795,586.51,586.795,71756
2026-08-03 10:30:00,586.79,587.5618,586.67,586.7384,60563
2026-08-03 10:31:00,586.765,587.1,584.6001,585.4,72057
2026-08-03 10:32:00,585.455,585.455,583.6,584.395,115669
2026-08-03 10:33:00,584.395,584.49,582.86,583.125,82627
2026-08-03 10:34:00,583.135,583.7,582.64,583.6499,69594
2026-08-03 10:35:00,583.51,583.98,582.78,582.89,63756
2026-08-03 10:36:00,582.81,584.3,582.73,584.155,55932
2026-08-03 10:37:00,584.3,585.76,584.2609,585.29,81536
2026-08-03 10:38:00,585.24,586.0699,585.0,585.705,50283
2026-08-03 10:39:00,585.77,585.97,584.87,585.02,46905
2026-08-03 10:40:00,585.04,585.46,585.0,585.1801,32439
2026-08-03 10:41:00,585.18,585.74,585.1001,585.61,30167
2026-08-03 10:42:00,585.5075,587.43,585.1,587.43,53977
2026-08-03 10:43:00,587.3716,588.4999,587.3,588.0001,66393
2026-08-03 10:44:00,588.095,588.6699,587.64,587.75,54004
2026-08-03 10:45:00,587.66,588.23,587.28,587.4,58213
2026-08-03 10:46:00,587.41,587.71,586.58,587.4419,55270
2026-08-03 10:47:00,587.69,588.95,587.6,588.7,40501
2026-08-03 10:48:00,588.62,588.71,588.01,588.71,59165
2026-08-03 10:49:00,588.69,588.91,588.2253,588.66,32839
2026-08-03 10:50:00,588.675,588.89,586.63,587.14,75046
2026-08-03 10:51:00,587.14,587.5,586.52,586.66,44005
2026-08-03 10:52:00,586.64,587.0,586.1701,586.67,40363
2026-08-03 10:53:00,586.575,587.65,586.43,587.505,44347
2026-08-03 10:54:00,587.505,587.91,587.01,587.3574,29781
2026-08-03 10:55:00,587.4849,587.5,586.84,587.1,378606
2026-08-03 10:56:00,587.01,587.75,587.0,587.75,22230
2026-08-03 10:57:00,587.82,588.13,586.9301,588.12,67638
2026-08-03 10:58:00,588.01,588.6195,587.63,588.37,40613
2026-08-03 10:59:00,588.26,588.655,587.46,588.625,33628
2026-08-03 11:00:00,589.0,589.8699,588.975,589.285,60055
2026-08-03 11:01:00,589.285,590.0599,589.0,589.945,66691
2026-08-03 11:02:00,589.945,591.131,589.92,590.99,43905
2026-08-03 11:03:00,590.96,591.23,589.565,589.675,62986
2026-08-03 11:04:00,589.575,590.2,589.3701,589.725,50605
2026-08-03 11:05:00,589.82,590.5517,589.7,590.34,58800
2026-08-03 11:06:00,590.37,590.78,590.06,590.14,28366
2026-08-03 11:07:00,590.06,590.5347,589.98,590.2801,46460
2026-08-03 11:08:00,590.17,590.78,590.0575,590.72,30767
2026-08-03 11:09:00,590.8,591.41,590.73,591.325,52880
2026-08-03 11:10:00,591.43,591.7699,590.5901,591.0,50266
2026-08-03 11:11:00,591.2806,592.4707,591.145,592.4096,60600
2026-08-03 11:12:00,592.4,592.68,592.08,592.4,58084
2026-08-03 11:13:00,592.4999,592.95,591.77,592.35,70058
2026-08-03 11:14:00,592.53,592.73,592.0701,592.3,45905
2026-08-03 11:15:00,592.3,593.19,592.17,592.895,80740
2026-08-03 11:16:00,592.9599,592.9599,592.1001,592.425,42416
2026-08-03 11:17:00,592.425,592.51,591.6907,591.825,55969
2026-08-03 11:18:00,591.6601,592.11,591.38,591.78,34858
2026-08-03 11:19:00,591.78,592.25,591.51,591.62,35641
2026-08-03 11:20:00,591.69,592.41,591.49,592.09,31770
2026-08-03 11:21:00,592.1,592.73,591.66,592.44,35237
2026-08-03 11:22:00,592.5458,593.2139,592.37,593.1469,38252
2026-08-03 11:23:00,593.1,593.969,593.09,593.89,57608
2026-08-03 11:24:00,593.94,594.5,593.51,594.1399,67980
2026-08-03 11:25:00,594.0001,594.24,593.24,593.74,49932
2026-08-03 11:26:00,593.64,593.8493,593.25,593.51,39086
2026-08-03 11:27:00,593.6055,594.78,593.47,594.36,73263
2026-08-03 11:28:00,594.495,594.52,593.825,594.23,39399
2026-08-03 11:29:00,594.17,594.515,593.98,594.24,59109
2026-08-03 11:30:00,594.18,594.43,593.555,593.65,56147
2026-08-03 11:31:00,593.71,594.37,593.49,594.02,59065
2026-08-03 11:32:00,594.015,594.97,594.015,594.7769,79875
2026-08-03 11:33:00,594.9699,594.9699,592.91,593.195,102379
2026-08-03 11:34:00,593.195,593.69,593.07,593.45,43545
2026-08-03 11:35:00,593.3374,593.98,593.32,593.675,32685
2026-08-03 11:36:00,593.6,594.27,593.32,593.79,38689
2026-08-03 11:37:00,593.8,594.6263,593.73,593.96,40075
2026-08-03 11:38:00,593.975,594.33,593.6425,593.93,44446
2026-08-03 11:39:00,593.96,594.53,593.95,594.42,43739
2026-08-03 11:40:00,594.53,594.72,594.07,594.1617,55640
2026-08-03 11:41:00,594.14,594.68,593.691,594.17,68598
2026-08-03 11:42:00,594.17,594.68,593.965,594.42,53198
2026-08-03 11:43:00,594.42,594.59,593.7,593.7005,34528
2026-08-03 11:44:00,593.71,593.81,592.59,593.34,60543
2026-08-03 11:45:00,593.4,593.41,592.33,592.55,47769
2026-08-03 11:46:00,592.545,593.795,592.41,593.55,31078
2026-08-03 11:47:00,593.55,594.07,593.415,593.465,26905
2026-08-03 11:48:00,593.52,593.79,593.0901,593.71,49860
2026-08-03 11:49:00,593.75,594.48,593.62,594.4419,26745
2026-08-03 11:50:00,594.5,594.8,593.6816,593.72,43972
2026-08-03 11:51:00,593.75,594.06,593.65,593.905,16684
2026-08-03 11:52:00,593.93,594.0,593.3333,593.4,27357
2026-08-03 11:53:00,593.4,593.67,593.22,593.4001,22033
2026-08-03 11:54:00,593.36,593.38,592.91,593.1503,27850
2026-08-03 11:55:00,593.22,593.34,592.74,592.825,21521
2026-08-03 11:56:00,592.915,592.915,592.915,592.915,0
