time_et,open,high,low,close,volume
2026-07-27 00:00:00,28614.5,28624.0,28612.5,28620.75,0
2026-07-27 00:01:00,28620.75,28624.25,28610.25,28616.75,694
2026-07-27 00:02:00,28616.75,28625.0,28608.25,28613.0,760
2026-07-27 00:03:00,28612.75,28622.5,28610.75,28612.0,448
2026-07-27 00:04:00,28611.25,28614.25,28608.25,28612.0,369
2026-07-27 00:05:00,28611.75,28618.25,28603.25,28607.0,613
2026-07-27 00:06:00,28608.0,28623.0,28604.75,28619.25,530
2026-07-27 00:07:00,28619.5,28621.5,28613.0,28613.25,336
2026-07-27 00:08:00,28614.25,28618.75,28611.25,28611.25,296
2026-07-27 00:09:00,28611.0,28611.0,28597.5,28606.5,771
2026-07-27 00:10:00,28607.0,28610.0,28603.75,28608.5,309
2026-07-27 00:11:00,28609.0,28611.75,28603.75,28604.75,365
2026-07-27 00:12:00,28604.75,28612.75,28602.0,28604.5,280
2026-07-27 00:13:00,28604.75,28616.75,28604.25,28614.25,415
2026-07-27 00:14:00,28614.5,28622.5,28613.5,28621.0,565
2026-07-27 00:15:00,28620.5,28625.5,28611.0,28612.5,636
2026-07-27 00:16:00,28613.5,28633.75,28612.0,28631.0,1021
2026-07-27 00:17:00,28631.25,28632.25,28622.75,28627.75,384
2026-07-27 00:18:00,28627.75,28639.0,28625.5,28637.25,764
2026-07-27 00:19:00,28638.25,28641.5,28634.0,28639.25,514
2026-07-27 00:20:00,28639.0,28643.5,28637.5,28643.25,519
2026-07-27 00:21:00,28643.0,28644.75,28639.75,28641.75,438
2026-07-27 00:22:00,28642.5,28647.25,28639.25,28645.25,515
2026-07-27 00:23:00,28645.25,28645.25,28634.5,28637.5,688
2026-07-27 00:24:00,28637.5,28637.5,28625.0,28626.0,795
2026-07-27 00:25:00,28625.5,28635.5,28624.0,28626.75,656
2026-07-27 00:26:00,28627.25,28631.25,28617.75,28619.75,686
2026-07-27 00:27:00,28619.5,28620.25,28607.25,28613.25,842
2026-07-27 00:28:00,28613.0,28615.75,28608.5,28615.25,441
2026-07-27 00:29:00,28615.5,28626.5,28614.5,28620.5,566
2026-07-27 00:30:00,28620.0,28626.5,28609.25,28613.75,642
2026-07-27 00:31:00,28613.75,28617.5,28609.75,28616.5,350
2026-07-27 00:32:00,28616.5,28621.75,28616.0,28617.25,292
2026-07-27 00:33:00,28616.5,28639.0,28615.75,28636.25,668
2026-07-27 00:34:00,28636.0,28644.5,28635.75,28640.75,676
2026-07-27 00:35:00,28641.25,28643.25,28635.75,28641.75,442
2026-07-27 00:36:00,28642.75,28644.25,28634.5,28634.5,443
2026-07-27 00:37:00,28634.5,28643.0,28633.5,28642.0,309
2026-07-27 00:38:00,28642.25,28645.5,28638.0,28638.0,410
2026-07-27 00:39:00,28638.0,28642.25,28634.0,28640.25,362
2026-07-27 00:40:00,28640.25,28643.75,28636.75,28640.5,309
2026-07-27 00:41:00,28641.5,28653.75,28641.0,28644.25,917
2026-07-27 00:42:00,28645.0,28654.0,28645.0,28652.0,649
2026-07-27 00:43:00,28651.5,28651.5,28639.5,28640.5,578
2026-07-27 00:44:00,28640.25,28648.25,28638.0,28648.25,428
2026-07-27 00:45:00,28648.0,28649.0,28642.75,28645.75,272
2026-07-27 00:46:00,28645.0,28651.0,28643.0,28648.5,290
2026-07-27 00:47:00,28648.5,28649.0,28638.0,28642.75,438
2026-07-27 00:48:00,28641.5,28646.0,28637.5,28645.25,342
2026-07-27 00:49:00,28646.0,28650.75,28642.75,28643.75,374
2026-07-27 00:50:00,28643.25,28652.75,28641.5,28647.0,601
2026-07-27 00:51:00,28648.0,28655.0,28645.75,28653.75,556
2026-07-27 00:52:00,28653.5,28656.75,28652.25,28654.75,476
2026-07-27 00:53:00,28655.0,28656.0,28650.25,28651.0,328
2026-07-27 00:54:00,28652.25,28662.25,28652.0,28660.0,803
2026-07-27 00:55:00,28659.25,28659.5,28651.75,28652.75,579
2026-07-27 00:56:00,28652.0,28663.5,28649.0,28658.25,632
2026-07-27 00:57:00,28659.0,28659.0,28652.0,28654.0,333
2026-07-27 00:58:00,28654.0,28656.25,28646.75,28646.75,497
2026-07-27 00:59:00,28646.75,28648.0,28642.0,28644.75,432
2026-07-27 01:00:00,28644.0,28648.75,28636.75,28647.75,688
2026-07-27 01:01:00,28648.0,28656.5,28644.25,28647.25,637
2026-07-27 01:02:00,28647.25,28653.75,28643.75,28644.5,265
2026-07-27 01:03:00,28644.5,28649.25,28639.75,28648.75,368
2026-07-27 01:04:00,28648.5,28650.0,28638.0,28643.0,319
2026-07-27 01:05:00,28643.75,28645.5,28640.75,28642.75,232
2026-07-27 01:06:00,28641.5,28653.0,28641.5,28652.25,401
2026-07-27 01:07:00,28652.5,28660.0,28651.75,28658.25,614
2026-07-27 01:08:00,28658.0,28659.0,28650.5,28653.75,305
2026-07-27 01:09:00,28654.5,28661.0,28652.0,28658.0,296
2026-07-27 01:10:00,28658.25,28669.75,28658.25,28664.5,959
2026-07-27 01:11:00,28664.0,28672.25,28662.0,28663.0,766
2026-07-27 01:12:00,28663.75,28666.75,28659.75,28666.0,415
2026-07-27 01:13:00,28665.75,28668.5,28662.0,28667.0,327
2026-07-27 01:14:00,28667.25,28675.0,28666.75,28670.25,693
2026-07-27 01:15:00,28669.0,28672.0,28664.5,28671.25,503
2026-07-27 01:16:00,28671.25,28671.5,28666.25,28668.25,252
2026-07-27 01:17:00,28668.75,28676.25,28665.0,28673.75,422
2026-07-27 01:18:00,28673.0,28682.0,28670.25,28678.0,962
2026-07-27 01:19:00,28678.0,28680.5,28672.5,28675.25,325
2026-07-27 01:20:00,28675.0,28684.5,28674.75,28683.75,478
2026-07-27 01:21:00,28683.75,28684.0,28676.5,28679.5,421
2026-07-27 01:22:00,28679.75,28682.0,28676.5,28679.5,434
2026-07-27 01:23:00,28679.25,28683.5,28678.0,28678.75,340
2026-07-27 01:24:00,28679.0,28680.5,28675.75,28676.75,267
2026-07-27 01:25:00,28677.5,28678.25,28674.0,28677.25,326
2026-07-27 01:26:00,28677.25,28679.5,28672.0,28673.5,367
2026-07-27 01:27:00,28674.25,28678.75,28672.0,28677.25,298
2026-07-27 01:28:00,28678.0,28679.5,28673.75,28679.0,219
2026-07-27 01:29:00,28677.75,28679.75,28675.25,28679.25,128
2026-07-27 01:30:00,28679.75,28688.25,28674.5,28676.0,1184
2026-07-27 01:31:00,28676.5,28686.0,28673.75,28679.0,497
2026-07-27 01:32:00,28679.0,28687.75,28677.25,28684.5,431
2026-07-27 01:33:00,28685.25,28686.5,28677.0,28677.75,453
2026-07-27 01:34:00,28678.0,28687.0,28674.25,28687.0,423
2026-07-27 01:35:00,28687.25,28692.0,28686.0,28691.5,953
2026-07-27 01:36:00,28691.5,28693.0,28686.5,28688.75,501
2026-07-27 01:37:00,28688.75,28689.5,28685.0,28688.0,200
2026-07-27 01:38:00,28688.0,28694.25,28687.25,28693.25,335
2026-07-27 01:39:00,28693.0,28705.5,28690.0,28698.75,1519
2026-07-27 01:40:00,28698.75,28700.75,28690.75,28694.25,571
2026-07-27 01:41:00,28694.25,28699.5,28686.0,28687.5,616
2026-07-27 01:42:00,28688.0,28692.75,28687.25,28688.5,314
2026-07-27 01:43:00,28689.0,28695.75,28688.25,28688.25,335
2026-07-27 01:44:00,28688.25,28690.0,28683.25,28686.5,491
2026-07-27 01:45:00,28686.5,28693.0,28683.75,28683.75,314
2026-07-27 01:46:00,28683.75,28688.75,28681.75,28684.25,503
2026-07-27 01:47:00,28684.25,28690.0,28682.0,28688.75,199
2026-07-27 01:48:00,28689.25,28694.25,28687.0,28691.25,350
2026-07-27 01:49:00,28690.25,28691.25,28687.25,28691.0,210
2026-07-27 01:50:00,28690.0,28692.5,28688.25,28688.75,269
2026-07-27 01:51:00,28689.5,28694.75,28686.0,28694.25,378
2026-07-27 01:52:00,28694.0,28694.75,28689.5,28692.5,208
2026-07-27 01:53:00,28692.25,28696.0,28691.75,28695.25,265
2026-07-27 01:54:00,28694.75,28699.5,28693.0,28697.5,316
2026-07-27 01:55:00,28697.75,28698.75,28695.0,28695.0,308
2026-07-27 01:56:00,28695.25,28701.75,28694.5,28694.5,435
2026-07-27 01:57:00,28694.75,28702.5,28694.0,28701.0,266
2026-07-27 01:58:00,28701.0,28704.0,28695.0,28697.0,457
2026-07-27 01:59:00,28696.0,28696.0,28692.5,28694.75,325
2026-07-27 02:00:00,28694.75,28703.25,28693.75,28702.5,835
2026-07-27 02:01:00,28701.5,28712.5,28699.5,28706.5,1300
2026-07-27 02:02:00,28705.5,28711.0,28704.75,28706.75,513
2026-07-27 02:03:00,28706.25,28717.25,28706.0,28710.5,974
2026-07-27 02:04:00,28710.25,28711.75,28706.5,28706.5,435
2026-07-27 02:05:00,28707.0,28709.0,28701.25,28704.75,668
2026-07-27 02:06:00,28704.75,28710.0,28703.0,28707.75,410
2026-07-27 02:07:00,28708.0,28717.0,28701.75,28715.25,628
2026-07-27 02:08:00,28714.5,28716.0,28711.25,28713.75,281
2026-07-27 02:09:00,28714.0,28724.75,28713.75,28723.0,1087
2026-07-27 02:10:00,28723.25,28728.5,28721.5,28725.5,930
2026-07-27 02:11:00,28725.5,28727.5,28716.25,28717.25,645
2026-07-27 02:12:00,28717.0,28723.75,28715.5,28722.0,424
2026-07-27 02:13:00,28722.0,28722.0,28714.25,28714.25,331
2026-07-27 02:14:00,28715.25,28719.5,28712.0,28717.5,411
2026-07-27 02:15:00,28717.0,28718.0,28713.25,28715.75,303
2026-07-27 02:16:00,28715.5,28720.75,28715.0,28718.75,399
2026-07-27 02:17:00,28719.5,28723.25,28716.0,28716.5,451
2026-07-27 02:18:00,28716.5,28721.25,28714.0,28719.75,314
2026-07-27 02:19:00,28720.5,28722.0,28717.75,28721.5,221
2026-07-27 02:20:00,28722.0,28722.25,28710.0,28713.25,522
2026-07-27 02:21:00,28713.25,28715.5,28708.0,28708.75,375
2026-07-27 02:22:00,28709.0,28710.5,28706.25,28709.5,622
2026-07-27 02:23:00,28708.5,28708.75,28701.25,28702.75,875
2026-07-27 02:24:00,28702.75,28704.25,28698.25,28701.75,452
2026-07-27 02:25:00,28702.0,28704.75,28698.75,28701.75,402
2026-07-27 02:26:00,28702.25,28702.5,28695.75,28697.0,521
2026-07-27 02:27:00,28697.0,28699.75,28693.75,28695.25,443
2026-07-27 02:28:00,28696.0,28698.75,28694.25,28697.75,308
2026-07-27 02:29:00,28698.0,28699.5,28695.0,28697.5,247
2026-07-27 02:30:00,28697.25,28704.25,28694.5,28696.75,678
2026-07-27 02:31:00,28697.5,28705.0,28697.25,28703.25,389
2026-07-27 02:32:00,28703.25,28707.0,28701.75,28706.0,338
2026-07-27 02:33:00,28705.5,28713.25,28705.5,28710.75,788
2026-07-27 02:34:00,28711.0,28711.0,28702.0,28709.25,678
2026-07-27 02:35:00,28708.75,28712.0,28705.75,28707.25,455
2026-07-27 02:36:00,28706.75,28708.75,28702.25,28707.25,386
2026-07-27 02:37:00,28707.5,28713.25,28705.75,28712.75,354
2026-07-27 02:38:00,28712.5,28715.0,28703.5,28704.0,494
2026-07-27 02:39:00,28704.75,28706.5,28702.5,28703.75,699
2026-07-27 02:40:00,28703.25,28706.75,28700.5,28701.0,510
2026-07-27 02:41:00,28701.0,28705.0,28700.0,28702.75,340
2026-07-27 02:42:00,28702.0,28703.25,28698.0,28699.0,438
2026-07-27 02:43:00,28699.25,28701.5,28695.25,28698.75,332
2026-07-27 02:44:00,28700.75,28701.25,28694.25,28696.75,421
2026-07-27 02:45:00,28696.25,28698.0,28688.5,28689.5,1015
2026-07-27 02:46:00,28690.25,28696.75,28689.75,28696.5,301
2026-07-27 02:47:00,28696.0,28699.75,28694.5,28696.5,263
2026-07-27 02:48:00,28695.75,28697.0,28693.75,28696.25,159
2026-07-27 02:49:00,28696.5,28699.0,28694.25,28694.5,210
2026-07-27 02:50:00,28694.75,28695.5,28683.25,28684.75,648
2026-07-27 02:51:00,28685.5,28692.75,28680.25,28692.75,685
2026-07-27 02:52:00,28692.25,28700.5,28690.0,28698.0,630
2026-07-27 02:53:00,28697.75,28698.0,28694.0,28694.75,256
2026-07-27 02:54:00,28694.75,28694.75,28687.5,28688.75,391
2026-07-27 02:55:00,28688.5,28693.75,28687.5,28692.75,305
2026-07-27 02:56:00,28693.0,28697.5,28692.5,28696.0,259
2026-07-27 02:57:00,28696.5,28702.0,28694.25,28699.75,545
2026-07-27 02:58:00,28700.0,28703.0,28696.75,28697.75,328
2026-07-27 02:59:00,28696.75,28700.0,28693.5,28693.5,376
2026-07-27 03:00:00,28693.25,28714.75,28689.0,28714.75,1492
2026-07-27 03:01:00,28714.25,28724.5,28713.5,28716.0,1415
2026-07-27 03:02:00,28716.5,28721.25,28708.75,28718.0,837
2026-07-27 03:03:00,28718.75,28725.25,28714.75,28718.5,851
2026-07-27 03:04:00,28718.0,28723.5,28715.5,28722.75,507
2026-07-27 03:05:00,28722.5,28724.0,28715.5,28719.25,527
2026-07-27 03:06:00,28719.5,28721.0,28710.75,28714.75,561
2026-07-27 03:07:00,28713.5,28714.25,28700.25,28700.75,720
2026-07-27 03:08:00,28701.25,28704.5,28695.25,28698.75,608
2026-07-27 03:09:00,28699.0,28714.0,28698.75,28705.5,743
2026-07-27 03:10:00,28705.75,28710.0,28704.75,28705.0,371
2026-07-27 03:11:00,28705.25,28716.5,28703.5,28713.25,548
2026-07-27 03:12:00,28713.5,28715.75,28708.5,28709.75,417
2026-07-27 03:13:00,28709.25,28719.25,28707.0,28717.75,571
2026-07-27 03:14:00,28718.75,28729.25,28718.0,28727.5,1047
2026-07-27 03:15:00,28727.5,28728.25,28715.75,28720.25,726
2026-07-27 03:16:00,28720.5,28728.0,28716.25,28721.25,658
2026-07-27 03:17:00,28720.75,28726.5,28718.5,28719.5,406
2026-07-27 03:18:00,28719.5,28732.0,28717.5,28722.0,840
2026-07-27 03:19:00,28722.5,28724.25,28717.0,28718.25,474
2026-07-27 03:20:00,28719.0,28719.75,28712.25,28715.75,572
2026-07-27 03:21:00,28717.25,28723.5,28715.5,28721.75,353
2026-07-27 03:22:00,28721.25,28722.0,28717.5,28719.5,235
2026-07-27 03:23:00,28719.5,28722.0,28713.0,28715.25,325
2026-07-27 03:24:00,28715.75,28718.25,28714.25,28715.75,251
2026-07-27 03:25:00,28715.25,28717.75,28705.5,28706.75,776
2026-07-27 03:26:00,28706.75,28708.75,28702.75,28707.0,702
2026-07-27 03:27:00,28706.25,28707.75,28702.0,28704.5,527
2026-07-27 03:28:00,28704.25,28713.25,28703.75,28709.75,569
2026-07-27 03:29:00,28710.75,28714.0,28703.75,28704.75,420
2026-07-27 03:30:00,28705.75,28705.75,28689.75,28693.5,1042
2026-07-27 03:31:00,28693.25,28699.0,28691.75,28698.5,671
2026-07-27 03:32:00,28698.75,28704.0,28696.0,28698.0,580
2026-07-27 03:33:00,28698.0,28702.5,28695.5,28701.0,418
2026-07-27 03:34:00,28700.75,28701.25,28695.5,28696.0,337
2026-07-27 03:35:00,28695.75,28698.25,28693.0,28694.5,704
2026-07-27 03:36:00,28694.0,28697.0,28690.5,28692.0,375
2026-07-27 03:37:00,28691.75,28694.75,28686.25,28690.75,758
2026-07-27 03:38:00,28690.25,28690.75,28672.0,28676.0,1171
2026-07-27 03:39:00,28676.25,28682.75,28673.5,28679.0,767
2026-07-27 03:40:00,28678.5,28687.25,28675.5,28685.0,734
2026-07-27 03:41:00,28684.75,28692.0,28683.75,28691.5,515
2026-07-27 03:42:00,28691.75,28692.75,28683.0,28684.25,583
2026-07-27 03:43:00,28684.25,28686.0,28677.75,28679.0,528
2026-07-27 03:44:00,28679.25,28698.0,28679.25,28696.0,1041
2026-07-27 03:45:00,28695.75,28700.25,28693.0,28698.25,641
2026-07-27 03:46:00,28697.75,28701.25,28685.0,28700.25,1032
2026-07-27 03:47:00,28700.5,28702.0,28695.25,28696.25,376
2026-07-27 03:48:00,28696.0,28698.25,28688.0,28688.5,653
2026-07-27 03:49:00,28689.25,28699.75,28688.5,28699.0,423
2026-07-27 03:50:00,28698.75,28699.0,28688.0,28690.0,506
2026-07-27 03:51:00,28690.0,28696.5,28690.0,28694.25,424
2026-07-27 03:52:00,28694.25,28694.75,28682.75,28684.75,636
2026-07-27 03:53:00,28685.0,28691.0,28683.25,28684.5,429
2026-07-27 03:54:00,28685.0,28686.25,28674.25,28679.5,885
2026-07-27 03:55:00,28679.75,28685.5,28677.75,28678.0,723
2026-07-27 03:56:00,28678.75,28683.5,28676.75,28682.0,360
2026-07-27 03:57:00,28682.0,28686.25,28673.25,28675.5,490
2026-07-27 03:58:00,28673.75,28675.5,28666.75,28670.0,915
2026-07-27 03:59:00,28670.0,28671.25,28661.25,28662.0,1005
2026-07-27 04:00:00,28662.25,28684.0,28658.75,28679.0,2123
2026-07-27 04:01:00,28679.5,28692.0,28679.25,28683.25,1289
2026-07-27 04:02:00,28683.75,28697.0,28681.0,28696.5,911
2026-07-27 04:03:00,28696.0,28701.0,28690.5,28691.0,924
2026-07-27 04:04:00,28692.25,28696.0,28679.25,28680.75,936
2026-07-27 04:05:00,28681.0,28687.25,28678.0,28682.25,702
2026-07-27 04:06:00,28682.5,28687.5,28674.75,28686.75,791
2026-07-27 04:07:00,28686.0,28697.75,28684.5,28689.25,1080
2026-07-27 04:08:00,28690.0,28694.25,28687.0,28687.0,495
2026-07-27 04:09:00,28688.25,28691.25,28683.5,28687.5,440
2026-07-27 04:10:00,28688.25,28688.25,28679.25,28684.0,491
2026-07-27 04:11:00,28683.25,28689.5,28676.0,28678.0,444
2026-07-27 04:12:00,28678.0,28686.0,28672.5,28681.5,798
2026-07-27 04:13:00,28681.5,28687.25,28673.25,28685.75,714
2026-07-27 04:14:00,28685.5,28695.0,28684.0,28693.5,677
2026-07-27 04:15:00,28693.25,28695.5,28688.0,28689.75,447
2026-07-27 04:16:00,28689.0,28689.5,28677.0,28683.5,678
2026-07-27 04:17:00,28684.5,28696.0,28684.5,28694.25,462
2026-07-27 04:18:00,28693.75,28701.5,28689.25,28699.25,608
2026-07-27 04:19:00,28699.75,28706.25,28696.5,28696.75,983
2026-07-27 04:20:00,28697.5,28705.0,28693.5,28694.25,802
2026-07-27 04:21:00,28695.0,28699.75,28694.0,28697.0,429
2026-07-27 04:22:00,28696.75,28698.75,28693.5,28695.0,295
2026-07-27 04:23:00,28695.0,28703.5,28694.0,28703.25,404
2026-07-27 04:24:00,28703.0,28706.0,28697.0,28699.0,446
2026-07-27 04:25:00,28699.25,28709.25,28699.25,28704.75,773
2026-07-27 04:26:00,28705.75,28708.5,28702.0,28708.25,293
2026-07-27 04:27:00,28708.0,28712.25,28705.25,28706.75,467
2026-07-27 04:28:00,28706.5,28710.75,28703.5,28710.75,422
2026-07-27 04:29:00,28710.25,28724.5,28710.25,28720.5,1474
2026-07-27 04:30:00,28720.5,28724.75,28716.0,28718.0,823
2026-07-27 04:31:00,28718.25,28720.25,28712.0,28715.75,650
2026-07-27 04:32:00,28716.25,28721.25,28714.0,28718.25,400
2026-07-27 04:33:00,28717.5,28718.0,28710.25,28713.25,647
2026-07-27 04:34:00,28713.5,28718.25,28707.0,28707.25,367
2026-07-27 04:35:00,28706.75,28711.5,28702.75,28710.75,650
2026-07-27 04:36:00,28711.0,28721.75,28710.5,28717.25,611
2026-07-27 04:37:00,28717.25,28719.75,28714.0,28716.5,378
2026-07-27 04:38:00,28718.0,28721.0,28711.5,28721.0,544
2026-07-27 04:39:00,28720.75,28722.5,28716.75,28721.25,390
2026-07-27 04:40:00,28720.75,28724.0,28718.25,28721.25,511
2026-07-27 04:41:00,28720.75,28726.75,28718.5,28724.5,545
2026-07-27 04:42:00,28723.5,28744.0,28723.5,28736.0,2184
2026-07-27 04:43:00,28735.5,28737.0,28732.5,28734.75,471
2026-07-27 04:44:00,28735.0,28739.5,28732.25,28736.25,448
2026-07-27 04:45:00,28737.0,28740.25,28730.0,28732.0,664
2026-07-27 04:46:00,28731.25,28733.5,28727.75,28731.0,632
2026-07-27 04:47:00,28730.75,28732.25,28727.5,28728.5,372
2026-07-27 04:48:00,28729.0,28734.25,28727.5,28730.0,478
2026-07-27 04:49:00,28729.5,28732.25,28726.75,28727.0,191
2026-07-27 04:50:00,28727.25,28732.5,28726.75,28730.5,458
2026-07-27 04:51:00,28730.0,28733.0,28728.25,28730.5,253
2026-07-27 04:52:00,28730.25,28730.5,28725.25,28727.75,346
2026-07-27 04:53:00,28728.0,28730.0,28724.25,28729.0,362
2026-07-27 04:54:00,28728.25,28746.5,28728.25,28744.0,1168
2026-07-27 04:55:00,28743.25,28744.0,28740.5,28743.0,467
2026-07-27 04:56:00,28744.0,28746.25,28738.5,28740.0,434
2026-07-27 04:57:00,28740.0,28748.75,28739.0,28748.0,622
2026-07-27 04:58:00,28748.0,28749.0,28741.0,28741.75,441
2026-07-27 04:59:00,28741.25,28741.25,28735.5,28736.5,470
2026-07-27 05:00:00,28736.75,28738.75,28720.25,28721.25,1540
2026-07-27 05:01:00,28721.0,28725.25,28721.0,28724.25,395
2026-07-27 05:02:00,28724.75,28726.75,28721.5,28723.0,448
2026-07-27 05:03:00,28723.25,28728.25,28719.75,28724.5,537
2026-07-27 05:04:00,28724.25,28730.75,28722.0,28729.5,560
2026-07-27 05:05:00,28729.0,28731.0,28725.0,28726.75,431
2026-07-27 05:06:00,28726.25,28729.75,28722.5,28727.0,473
2026-07-27 05:07:00,28726.5,28728.0,28721.0,28727.75,359
2026-07-27 05:08:00,28728.0,28728.25,28721.75,28722.75,286
2026-07-27 05:09:00,28723.5,28728.5,28722.5,28723.75,314
2026-07-27 05:10:00,28724.0,28728.75,28721.75,28728.0,411
2026-07-27 05:11:00,28728.25,28733.0,28727.75,28729.5,380
2026-07-27 05:12:00,28729.5,28734.25,28727.0,28729.5,315
2026-07-27 05:13:00,28729.75,28731.25,28726.25,28727.75,245
2026-07-27 05:14:00,28727.25,28728.25,28721.75,28725.5,434
2026-07-27 05:15:00,28725.25,28729.25,28723.25,28729.25,331
2026-07-27 05:16:00,28729.25,28731.0,28724.75,28730.5,339
2026-07-27 05:17:00,28730.0,28730.5,28727.0,28728.0,250
2026-07-27 05:18:00,28728.5,28733.25,28724.75,28726.5,389
2026-07-27 05:19:00,28726.0,28729.5,28726.0,28728.0,191
2026-07-27 05:20:00,28727.25,28731.75,28726.0,28731.75,197
2026-07-27 05:21:00,28730.75,28736.5,28727.75,28735.25,375
2026-07-27 05:22:00,28734.75,28739.25,28727.5,28728.25,455
2026-07-27 05:23:00,28728.0,28731.75,28726.75,28731.75,269
2026-07-27 05:24:00,28731.0,28733.75,28729.5,28731.5,199
2026-07-27 05:25:00,28731.75,28736.25,28728.5,28731.5,409
2026-07-27 05:26:00,28732.5,28737.75,28731.0,28731.75,585
2026-07-27 05:27:00,28732.5,28735.0,28726.0,28729.0,404
2026-07-27 05:28:00,28729.0,28729.0,28724.0,28726.5,515
2026-07-27 05:29:00,28725.75,28727.75,28723.25,28726.0,418
2026-07-27 05:30:00,28726.0,28726.75,28718.0,28719.25,685
2026-07-27 05:31:00,28718.5,28729.5,28718.5,28725.0,517
2026-07-27 05:32:00,28725.25,28731.75,28723.75,28730.5,574
2026-07-27 05:33:00,28730.5,28731.0,28720.0,28724.0,445
2026-07-27 05:34:00,28723.25,28734.25,28723.0,28734.25,518
2026-07-27 05:35:00,28733.25,28742.5,28730.25,28740.25,1018
2026-07-27 05:36:00,28740.75,28741.5,28735.0,28737.25,405
2026-07-27 05:37:00,28738.0,28745.5,28737.0,28744.0,530
2026-07-27 05:38:00,28744.0,28744.75,28728.25,28730.5,768
2026-07-27 05:39:00,28730.75,28738.0,28730.75,28737.25,472
2026-07-27 05:40:00,28737.5,28739.75,28735.5,28737.75,363
2026-07-27 05:41:00,28738.25,28739.25,28733.75,28735.5,244
2026-07-27 05:42:00,28735.75,28740.5,28734.5,28738.0,286
2026-07-27 05:43:00,28738.5,28746.5,28737.25,28746.5,263
2026-07-27 05:44:00,28746.25,28748.0,28743.25,28746.25,517
2026-07-27 05:45:00,28746.25,28746.25,28742.25,28744.0,285
2026-07-27 05:46:00,28744.0,28754.0,28742.5,28751.75,787
2026-07-27 05:47:00,28751.5,28756.25,28750.25,28753.75,850
2026-07-27 05:48:00,28754.25,28762.75,28750.75,28751.25,891
2026-07-27 05:49:00,28751.75,28761.0,28751.5,28758.5,503
2026-07-27 05:50:00,28758.5,28759.5,28755.25,28758.25,212
2026-07-27 05:51:00,28758.75,28763.75,28757.25,28758.75,529
2026-07-27 05:52:00,28759.0,28761.75,28755.75,28758.75,298
2026-07-27 05:53:00,28759.5,28761.0,28758.25,28759.5,223
2026-07-27 05:54:00,28759.0,28759.75,28755.5,28757.5,370
2026-07-27 05:55:00,28757.0,28758.0,28752.0,28753.25,338
2026-07-27 05:56:00,28753.0,28759.5,28751.75,28754.75,348
2026-07-27 05:57:00,28754.75,28755.75,28748.0,28748.5,389
2026-07-27 05:58:00,28749.0,28752.0,28747.25,28747.75,358
2026-07-27 05:59:00,28748.0,28751.0,28744.5,28744.5,397
2026-07-27 06:00:00,28744.25,28750.75,28743.75,28746.0,670
2026-07-27 06:01:00,28746.25,28749.5,28744.5,28747.75,320
2026-07-27 06:02:00,28747.75,28751.5,28747.75,28749.25,254
2026-07-27 06:03:00,28750.0,28753.0,28749.5,28751.0,223
2026-07-27 06:04:00,28750.25,28754.0,28745.75,28746.25,333
2026-07-27 06:05:00,28746.0,28749.5,28745.0,28749.5,179
2026-07-27 06:06:00,28749.25,28749.5,28743.5,28744.25,308
2026-07-27 06:07:00,28743.75,28747.5,28743.75,28746.5,163
2026-07-27 06:08:00,28746.75,28749.25,28745.0,28746.75,192
2026-07-27 06:09:00,28746.5,28748.0,28741.5,28743.25,418
2026-07-27 06:10:00,28743.0,28744.0,28731.5,28733.0,1219
2026-07-27 06:11:00,28732.75,28739.5,28727.75,28728.25,1043
2026-07-27 06:12:00,28728.25,28731.75,28726.75,28730.0,596
2026-07-27 06:13:00,28729.5,28736.5,28729.0,28732.75,363
2026-07-27 06:14:00,28733.25,28742.0,28731.5,28738.5,469
2026-07-27 06:15:00,28738.5,28744.0,28738.25,28741.5,352
2026-07-27 06:16:00,28740.75,28748.0,28740.5,28742.5,498
2026-07-27 06:17:00,28743.25,28746.0,28739.0,28739.25,562
2026-07-27 06:18:00,28739.5,28740.5,28730.5,28733.0,576
2026-07-27 06:19:00,28733.0,28738.5,28732.0,28736.5,357
2026-07-27 06:20:00,28736.75,28744.75,28736.25,28738.0,425
2026-07-27 06:21:00,28739.0,28742.0,28738.0,28739.0,283
2026-07-27 06:22:00,28739.0,28743.0,28738.25,28738.75,219
2026-07-27 06:23:00,28739.75,28740.0,28735.75,28739.0,211
2026-07-27 06:24:00,28739.0,28741.25,28734.25,28734.5,253
2026-07-27 06:25:00,28734.75,28738.75,28733.75,28735.25,223
2026-07-27 06:26:00,28735.0,28738.5,28734.5,28735.5,263
2026-07-27 06:27:00,28736.0,28742.0,28735.25,28741.25,357
2026-07-27 06:28:00,28741.0,28745.0,28739.5,28741.0,294
2026-07-27 06:29:00,28740.5,28743.75,28737.0,28738.0,229
2026-07-27 06:30:00,28737.75,28746.75,28737.0,28740.0,601
2026-07-27 06:31:00,28740.25,28742.25,28736.0,28741.75,247
2026-07-27 06:32:00,28742.0,28743.5,28739.75,28742.5,166
2026-07-27 06:33:00,28742.25,28742.25,28739.25,28740.25,165
2026-07-27 06:34:00,28740.0,28741.5,28738.0,28738.5,163
2026-07-27 06:35:00,28738.5,28740.5,28735.25,28737.5,409
2026-07-27 06:36:00,28737.5,28742.25,28737.0,28740.0,318
2026-07-27 06:37:00,28740.0,28740.5,28737.0,28737.5,130
2026-07-27 06:38:00,28737.5,28738.5,28733.75,28734.75,228
2026-07-27 06:39:00,28734.25,28742.5,28734.25,28741.5,319
2026-07-27 06:40:00,28741.75,28741.75,28733.25,28738.5,376
2026-07-27 06:41:00,28738.0,28741.5,28735.0,28738.5,358
2026-07-27 06:42:00,28738.5,28745.0,28738.25,28745.0,268
2026-07-27 06:43:00,28744.5,28751.75,28742.25,28748.5,596
2026-07-27 06:44:00,28748.5,28748.75,28744.25,28746.5,284
2026-07-27 06:45:00,28746.5,28749.75,28743.75,28744.0,263
2026-07-27 06:46:00,28743.75,28748.75,28740.5,28747.75,441
2026-07-27 06:47:00,28748.0,28748.5,28745.75,28746.0,189
2026-07-27 06:48:00,28746.75,28750.5,28742.75,28750.5,386
2026-07-27 06:49:00,28750.25,28750.75,28746.5,28749.25,205
2026-07-27 06:50:00,28749.25,28751.0,28745.5,28748.0,250
2026-07-27 06:51:00,28748.25,28750.0,28744.5,28745.5,257
2026-07-27 06:52:00,28745.75,28748.0,28742.25,28744.25,272
2026-07-27 06:53:00,28743.75,28746.25,28743.75,28744.5,188
2026-07-27 06:54:00,28744.5,28746.75,28743.5,28745.5,180
2026-07-27 06:55:00,28745.75,28758.75,28743.75,28751.0,874
2026-07-27 06:56:00,28751.75,28756.0,28745.5,28746.5,448
2026-07-27 06:57:00,28745.75,28746.0,28741.25,28741.75,414
2026-07-27 06:58:00,28742.25,28745.75,28739.25,28744.5,546
2026-07-27 06:59:00,28745.25,28745.75,28741.0,28741.0,387
2026-07-27 07:00:00,28741.0,28744.5,28726.75,28728.75,1758
2026-07-27 07:01:00,28728.75,28730.75,28723.5,28724.75,921
2026-07-27 07:02:00,28724.25,28729.5,28721.5,28722.25,814
2026-07-27 07:03:00,28721.75,28722.75,28713.0,28718.75,1247
2026-07-27 07:04:00,28718.25,28726.0,28718.25,28721.25,669
2026-07-27 07:05:00,28721.25,28723.5,28717.5,28720.75,610
2026-07-27 07:06:00,28720.25,28724.5,28716.75,28722.75,560
2026-07-27 07:07:00,28722.75,28723.75,28716.25,28717.5,442
2026-07-27 07:08:00,28717.75,28723.5,28715.25,28720.75,663
2026-07-27 07:09:00,28720.25,28720.25,28712.0,28713.5,513
2026-07-27 07:10:00,28714.0,28718.75,28710.0,28718.0,974
2026-07-27 07:11:00,28717.5,28723.75,28715.75,28716.75,592
2026-07-27 07:12:00,28716.5,28718.75,28713.0,28716.0,404
2026-07-27 07:13:00,28715.0,28717.0,28708.5,28712.0,523
2026-07-27 07:14:00,28711.75,28716.0,28708.75,28711.5,614
2026-07-27 07:15:00,28712.25,28715.25,28708.0,28713.5,504
2026-07-27 07:16:00,28712.5,28720.75,28712.5,28718.75,543
2026-07-27 07:17:00,28718.25,28720.0,28713.25,28718.25,461
2026-07-27 07:18:00,28717.75,28719.5,28706.0,28710.0,910
2026-07-27 07:19:00,28709.5,28712.0,28700.75,28701.5,936
2026-07-27 07:20:00,28701.25,28703.75,28698.75,28701.75,961
2026-07-27 07:21:00,28701.0,28702.75,28697.5,28699.25,512
2026-07-27 07:22:00,28699.25,28706.75,28697.0,28703.0,689
2026-07-27 07:23:00,28703.0,28703.5,28695.25,28696.0,625
2026-07-27 07:24:00,28695.75,28698.75,28693.0,28693.5,547
2026-07-27 07:25:00,28693.5,28700.0,28693.25,28699.0,463
2026-07-27 07:26:00,28699.75,28700.75,28677.75,28679.0,1831
2026-07-27 07:27:00,28678.5,28682.5,28675.75,28676.5,1014
2026-07-27 07:28:00,28676.5,28680.25,28674.75,28676.75,606
2026-07-27 07:29:00,28676.5,28681.25,28649.0,28652.75,2928
2026-07-27 07:30:00,28653.25,28677.25,28645.75,28672.75,3746
2026-07-27 07:31:00,28673.25,28684.5,28670.5,28684.25,1230
2026-07-27 07:32:00,28684.0,28685.5,28663.0,28664.5,1416
2026-07-27 07:33:00,28664.0,28666.75,28657.0,28663.25,1403
2026-07-27 07:34:00,28663.25,28664.75,28658.0,28662.0,703
2026-07-27 07:35:00,28662.5,28668.5,28660.75,28661.0,729
2026-07-27 07:36:00,28661.5,28678.25,28661.5,28676.75,1057
2026-07-27 07:37:00,28676.75,28679.25,28674.25,28676.25,390
2026-07-27 07:38:00,28676.0,28680.25,28672.25,28675.0,601
2026-07-27 07:39:00,28675.0,28681.0,28672.5,28678.75,584
2026-07-27 07:40:00,28679.0,28681.0,28674.5,28679.25,680
2026-07-27 07:41:00,28679.5,28681.0,28671.75,28676.25,713
2026-07-27 07:42:00,28675.5,28682.25,28675.25,28681.25,338
2026-07-27 07:43:00,28681.25,28682.25,28653.75,28670.75,2997
2026-07-27 07:44:00,28670.75,28672.75,28666.75,28667.0,393
2026-07-27 07:45:00,28667.0,28669.25,28666.0,28667.5,362
2026-07-27 07:46:00,28666.5,28671.0,28665.25,28670.75,334
2026-07-27 07:47:00,28670.0,28672.75,28667.75,28668.5,318
2026-07-27 07:48:00,28668.5,28671.75,28664.5,28671.5,381
2026-07-27 07:49:00,28671.25,28677.0,28670.25,28673.5,743
2026-07-27 07:50:00,28673.5,28676.25,28668.5,28674.25,536
2026-07-27 07:51:00,28674.0,28677.25,28671.75,28675.25,424
2026-07-27 07:52:00,28675.25,28675.5,28669.0,28671.0,506
2026-07-27 07:53:00,28671.5,28671.5,28661.5,28662.75,635
2026-07-27 07:54:00,28662.5,28666.25,28659.0,28659.25,603
2026-07-27 07:55:00,28659.75,28669.5,28659.5,28663.75,800
2026-07-27 07:56:00,28663.5,28668.75,28663.0,28667.0,410
2026-07-27 07:57:00,28667.75,28671.75,28666.5,28670.5,467
2026-07-27 07:58:00,28670.5,28674.75,28666.75,28674.25,546
2026-07-27 07:59:00,28673.5,28675.0,28667.25,28672.75,738
2026-07-27 08:00:00,28672.5,28689.0,28671.75,28682.5,2009
2026-07-27 08:01:00,28683.0,28689.75,28681.25,28688.75,1025
2026-07-27 08:02:00,28688.0,28693.5,28686.75,28692.0,717
2026-07-27 08:03:00,28692.0,28696.0,28688.75,28691.25,867
2026-07-27 08:04:00,28690.75,28697.5,28689.25,28690.75,947
2026-07-27 08:05:00,28690.75,28692.0,28681.0,28685.5,1316
2026-07-27 08:06:00,28685.5,28697.25,28685.0,28695.5,828
2026-07-27 08:07:00,28696.0,28697.75,28693.0,28694.5,502
2026-07-27 08:08:00,28694.25,28695.5,28688.5,28689.25,637
2026-07-27 08:09:00,28688.75,28690.75,28681.5,28684.25,860
2026-07-27 08:10:00,28683.75,28684.25,28666.5,28667.5,1541
2026-07-27 08:11:00,28667.5,28670.0,28655.0,28659.75,2098
2026-07-27 08:12:00,28659.0,28659.75,28652.25,28655.0,1338
2026-07-27 08:13:00,28655.25,28655.75,28636.75,28642.25,2583
2026-07-27 08:14:00,28641.75,28645.25,28632.5,28635.75,2115
2026-07-27 08:15:00,28636.75,28644.0,28635.0,28640.5,1033
2026-07-27 08:16:00,28640.25,28651.25,28639.0,28651.25,1118
2026-07-27 08:17:00,28650.5,28651.75,28644.75,28645.5,782
2026-07-27 08:18:00,28645.0,28647.0,28641.75,28645.0,708
2026-07-27 08:19:00,28646.25,28649.25,28637.25,28641.0,1102
2026-07-27 08:20:00,28641.0,28643.5,28637.0,28642.0,826
2026-07-27 08:21:00,28642.0,28646.5,28635.25,28637.5,776
2026-07-27 08:22:00,28637.25,28637.25,28628.75,28634.5,1237
2026-07-27 08:23:00,28635.0,28644.75,28633.25,28638.75,1094
2026-07-27 08:24:00,28638.75,28641.5,28635.75,28636.5,489
2026-07-27 08:25:00,28637.25,28645.5,28633.5,28644.5,694
2026-07-27 08:26:00,28643.5,28649.0,28638.5,28641.75,817
2026-07-27 08:27:00,28642.25,28651.25,28640.5,28649.5,758
2026-07-27 08:28:00,28649.75,28653.0,28648.25,28652.0,442
2026-07-27 08:29:00,28652.25,28652.25,28649.0,28650.0,365
2026-07-27 08:30:00,28649.0,28659.5,28640.5,28655.25,1476
2026-07-27 08:31:00,28655.25,28656.5,28635.5,28640.25,1704
2026-07-27 08:32:00,28641.0,28644.5,28631.25,28634.0,1159
2026-07-27 08:33:00,28634.5,28640.0,28632.75,28636.5,655
2026-07-27 08:34:00,28637.0,28652.5,28637.0,28650.75,957
2026-07-27 08:35:00,28651.5,28664.5,28651.5,28658.0,1734
2026-07-27 08:36:00,28657.75,28663.25,28655.5,28660.5,838
2026-07-27 08:37:00,28659.75,28663.5,28657.75,28657.75,524
2026-07-27 08:38:00,28657.5,28669.0,28657.5,28667.25,778
2026-07-27 08:39:00,28667.5,28669.5,28662.75,28664.0,517
2026-07-27 08:40:00,28664.25,28670.75,28660.25,28661.25,868
2026-07-27 08:41:00,28661.25,28666.0,28659.75,28665.75,506
2026-07-27 08:42:00,28665.75,28668.75,28660.5,28662.5,723
2026-07-27 08:43:00,28662.0,28669.0,28656.25,28667.0,905
2026-07-27 08:44:00,28666.75,28671.75,28664.75,28670.5,789
2026-07-27 08:45:00,28669.5,28675.5,28666.0,28672.75,1007
2026-07-27 08:46:00,28672.25,28681.75,28672.0,28679.0,1145
2026-07-27 08:47:00,28678.5,28688.5,28677.5,28685.0,1119
2026-07-27 08:48:00,28685.25,28691.75,28685.25,28689.5,808
2026-07-27 08:49:00,28689.75,28691.5,28682.0,28684.0,1104
2026-07-27 08:50:00,28684.0,28688.0,28682.0,28684.0,861
2026-07-27 08:51:00,28684.0,28684.0,28666.25,28673.75,2577
2026-07-27 08:52:00,28673.5,28682.0,28671.75,28680.5,1265
2026-07-27 08:53:00,28679.5,28687.5,28679.25,28687.25,867
2026-07-27 08:54:00,28687.25,28691.25,28685.5,28691.25,865
2026-07-27 08:55:00,28690.25,28693.0,28686.25,28688.0,826
2026-07-27 08:56:00,28688.25,28692.0,28681.0,28683.75,1150
2026-07-27 08:57:00,28683.5,28685.0,28677.0,28679.75,816
2026-07-27 08:58:00,28679.5,28683.5,28674.5,28681.25,886
2026-07-27 08:59:00,28681.0,28691.75,28678.75,28691.0,838
2026-07-27 09:00:00,28691.0,28702.75,28682.75,28683.25,3932
2026-07-27 09:01:00,28683.75,28683.75,28663.0,28668.25,2432
2026-07-27 09:02:00,28668.0,28682.0,28667.25,28680.5,1641
2026-07-27 09:03:00,28680.5,28687.75,28678.5,28683.25,993
2026-07-27 09:04:00,28683.0,28688.25,28678.5,28680.0,821
2026-07-27 09:05:00,28678.5,28679.25,28664.0,28666.25,1629
2026-07-27 09:06:00,28666.75,28667.0,28654.0,28655.75,1769
2026-07-27 09:07:00,28656.25,28659.5,28653.0,28654.75,1234
2026-07-27 09:08:00,28654.75,28658.75,28649.0,28652.25,1374
2026-07-27 09:09:00,28651.5,28657.75,28648.0,28657.0,1361
2026-07-27 09:10:00,28656.5,28666.25,28655.25,28666.0,1804
2026-07-27 09:11:00,28665.5,28673.0,28665.0,28672.75,1459
2026-07-27 09:12:00,28672.75,28676.5,28668.25,28673.25,970
2026-07-27 09:13:00,28673.5,28675.25,28667.0,28668.0,769
2026-07-27 09:14:00,28668.75,28671.25,28660.25,28662.75,808
2026-07-27 09:15:00,28663.0,28675.5,28661.5,28667.75,1208
2026-07-27 09:16:00,28667.75,28667.75,28656.25,28659.75,1281
2026-07-27 09:17:00,28659.75,28667.75,28651.5,28664.0,1548
2026-07-27 09:18:00,28664.25,28664.25,28645.75,28646.75,1331
2026-07-27 09:19:00,28645.75,28648.25,28637.0,28640.25,1453
2026-07-27 09:20:00,28640.75,28642.0,28634.0,28636.75,1279
2026-07-27 09:21:00,28637.0,28640.5,28633.25,28637.25,932
2026-07-27 09:22:00,28637.5,28642.0,28633.25,28641.25,732
2026-07-27 09:23:00,28640.75,28642.25,28634.75,28637.0,800
2026-07-27 09:24:00,28637.25,28643.25,28635.25,28636.25,744
2026-07-27 09:25:00,28636.75,28645.75,28624.0,28625.5,2792
2026-07-27 09:26:00,28625.0,28628.25,28619.0,28622.5,1667
2026-07-27 09:27:00,28621.75,28629.5,28613.5,28613.5,2721
2026-07-27 09:28:00,28613.5,28614.25,28594.5,28596.0,3788
2026-07-27 09:29:00,28596.25,28609.0,28588.0,28590.0,3342
2026-07-27 09:30:00,28591.25,28617.0,28568.75,28580.5,14380
2026-07-27 09:31:00,28580.5,28595.5,28552.0,28566.25,15626
2026-07-27 09:32:00,28566.25,28597.25,28519.75,28522.0,18450
2026-07-27 09:33:00,28522.0,28530.25,28486.75,28505.75,16626
2026-07-27 09:34:00,28505.75,28538.5,28491.25,28537.0,13046
2026-07-27 09:35:00,28537.0,28604.0,28532.75,28603.25,18630
2026-07-27 09:36:00,28603.5,28614.0,28580.0,28590.75,16019
2026-07-27 09:37:00,28590.5,28608.5,28575.75,28594.5,10733
2026-07-27 09:38:00,28594.5,28602.5,28546.5,28547.5,12403
2026-07-27 09:39:00,28547.25,28558.25,28525.75,28545.5,14346
2026-07-27 09:40:00,28545.0,28554.25,28503.0,28505.25,14510
2026-07-27 09:41:00,28504.75,28526.0,28493.75,28505.25,14012
2026-07-27 09:42:00,28504.5,28517.75,28453.0,28459.0,17190
2026-07-27 09:43:00,28458.75,28463.25,28427.5,28443.75,15377
2026-07-27 09:44:00,28444.0,28459.75,28441.0,28455.25,11841
2026-07-27 09:45:00,28455.25,28474.0,28436.75,28472.25,15747
2026-07-27 09:46:00,28472.75,28485.0,28425.0,28435.75,15224
2026-07-27 09:47:00,28435.5,28458.5,28429.25,28434.5,10699
2026-07-27 09:48:00,28435.5,28469.5,28422.0,28465.25,10486
2026-07-27 09:49:00,28464.75,28490.0,28454.5,28461.0,11367
2026-07-27 09:50:00,28461.25,28491.5,28441.25,28485.75,11087
2026-07-27 09:51:00,28484.5,28496.0,28466.0,28495.5,9140
2026-07-27 09:52:00,28495.75,28503.75,28464.25,28476.75,9804
2026-07-27 09:53:00,28477.0,28481.25,28449.5,28477.0,9164
2026-07-27 09:54:00,28476.5,28494.25,28454.5,28459.5,8827
2026-07-27 09:55:00,28459.0,28464.25,28432.5,28440.0,10055
2026-07-27 09:56:00,28439.5,28442.25,28402.0,28406.5,13666
2026-07-27 09:57:00,28406.5,28419.75,28383.5,28386.0,11465
2026-07-27 09:58:00,28386.0,28387.75,28345.0,28347.25,12832
2026-07-27 09:59:00,28347.5,28365.75,28341.5,28347.0,10263
2026-07-27 10:00:00,28347.5,28370.25,28326.75,28368.5,15230
2026-07-27 10:01:00,28368.5,28372.5,28311.5,28316.0,12144
2026-07-27 10:02:00,28315.5,28330.0,28303.75,28325.0,9092
2026-07-27 10:03:00,28325.0,28333.5,28291.5,28296.75,11268
2026-07-27 10:04:00,28296.5,28320.0,28286.25,28319.25,8721
2026-07-27 10:05:00,28319.0,28342.0,28294.75,28297.0,11076
2026-07-27 10:06:00,28297.5,28307.0,28276.5,28300.0,11292
2026-07-27 10:07:00,28301.25,28326.5,28299.25,28315.75,8804
2026-07-27 10:08:00,28315.5,28338.5,28311.5,28333.5,9236
2026-07-27 10:09:00,28333.25,28347.75,28321.25,28321.5,8249
2026-07-27 10:10:00,28321.5,28324.5,28267.0,28270.0,13160
2026-07-27 10:11:00,28270.0,28273.0,28230.75,28251.25,14134
2026-07-27 10:12:00,28251.5,28276.75,28242.0,28273.5,9963
2026-07-27 10:13:00,28274.25,28288.0,28233.5,28244.0,10622
2026-07-27 10:14:00,28244.5,28270.0,28239.75,28251.75,8312
2026-07-27 10:15:00,28253.0,28298.75,28246.5,28266.75,12175
2026-07-27 10:16:00,28267.25,28286.0,28255.0,28268.5,9342
2026-07-27 10:17:00,28268.0,28270.75,28235.0,28242.25,8326
2026-07-27 10:18:00,28242.0,28255.5,28224.5,28249.5,10833
2026-07-27 10:19:00,28249.25,28281.75,28248.5,28258.25,9457
2026-07-27 10:20:00,28258.5,28261.0,28217.75,28219.0,9510
2026-07-27 10:21:00,28219.0,28249.75,28211.0,28247.25,10521
2026-07-27 10:22:00,28247.0,28249.25,28208.25,28215.25,10037
2026-07-27 10:23:00,28215.0,28241.0,28179.0,28185.5,13549
2026-07-27 10:24:00,28186.0,28201.0,28167.0,28182.0,12168
2026-07-27 10:25:00,28182.75,28185.0,28155.75,28171.0,10231
2026-07-27 10:26:00,28171.0,28178.0,28150.0,28162.25,10711
2026-07-27 10:27:00,28162.5,28167.25,28134.5,28138.5,10383
2026-07-27 10:28:00,28138.75,28145.5,28114.0,28119.5,10908
2026-07-27 10:29:00,28119.25,28124.0,28075.5,28086.5,13156
2026-07-27 10:30:00,28086.25,28105.5,28051.5,28074.0,17491
2026-07-27 10:31:00,28074.5,28093.75,28061.0,28075.75,10239
2026-07-27 10:32:00,28076.0,28085.0,28055.5,28077.0,8934
2026-07-27 10:33:00,28078.5,28089.25,28059.0,28062.0,9384
2026-07-27 10:34:00,28061.0,28078.5,28040.75,28050.75,12815
2026-07-27 10:35:00,28050.25,28066.5,28017.5,28055.0,15321
2026-07-27 10:36:00,28054.75,28062.25,28007.5,28010.75,12579
2026-07-27 10:37:00,28010.5,28029.5,27994.75,28015.75,12623
2026-07-27 10:38:00,28015.5,28057.75,28014.75,28039.0,12784
2026-07-27 10:39:00,28039.25,28050.75,28017.0,28031.25,10753
2026-07-27 10:40:00,28031.75,28045.25,27986.0,28003.0,14639
2026-07-27 10:41:00,28003.75,28014.25,27943.0,27961.75,16705
2026-07-27 10:42:00,27962.0,27981.75,27955.0,27961.0,11321
2026-07-27 10:43:00,27961.0,27979.0,27938.5,27977.75,12653
2026-07-27 10:44:00,27977.5,27997.75,27946.0,27959.25,12980
2026-07-27 10:45:00,27959.25,28015.5,27957.5,27996.25,15029
2026-07-27 10:46:00,27996.0,28029.0,27985.25,28024.75,15125
2026-07-27 10:47:00,28024.25,28045.25,28016.0,28030.0,14236
2026-07-27 10:48:00,28030.75,28047.5,28022.75,28029.75,11110
2026-07-27 10:49:00,28030.25,28071.5,28025.75,28064.0,11687
2026-07-27 10:50:00,28063.5,28111.25,28062.0,28099.75,14116
2026-07-27 10:51:00,28100.0,28116.0,28083.0,28085.0,11842
2026-07-27 10:52:00,28085.25,28124.25,28063.5,28121.5,14956
2026-07-27 10:53:00,28121.5,28128.25,28095.0,28101.75,11571
2026-07-27 10:54:00,28101.5,28125.75,28096.75,28102.75,9403
2026-07-27 10:55:00,28102.5,28134.75,28087.25,28129.25,10583
2026-07-27 10:56:00,28128.75,28146.25,28115.0,28141.75,11049
2026-07-27 10:57:00,28142.0,28157.25,28136.75,28137.5,9161
2026-07-27 10:58:00,28138.25,28160.5,28130.0,28155.25,7878
2026-07-27 10:59:00,28155.75,28180.5,28150.25,28170.5,8180
2026-07-27 11:00:00,28170.0,28187.0,28145.25,28176.0,13265
2026-07-27 11:01:00,28175.75,28176.25,28152.5,28154.25,7127
2026-07-27 11:02:00,28154.25,28171.75,28137.5,28149.0,9252
2026-07-27 11:03:00,28149.0,28178.0,28146.5,28154.5,7861
2026-07-27 11:04:00,28153.75,28170.0,28148.25,28160.75,6003
2026-07-27 11:05:00,28160.25,28194.75,28155.25,28191.0,8337
2026-07-27 11:06:00,28191.5,28198.75,28153.75,28157.5,7447
2026-07-27 11:07:00,28157.0,28188.25,28140.0,28178.5,7604
2026-07-27 11:08:00,28178.0,28190.25,28158.5,28166.0,5653
2026-07-27 11:09:00,28166.0,28167.25,28138.0,28151.0,6364
2026-07-27 11:10:00,28150.75,28181.0,28140.5,28150.25,8842
2026-07-27 11:11:00,28150.0,28174.75,28139.0,28147.75,7952
2026-07-27 11:12:00,28147.25,28173.5,28141.75,28148.25,5989
2026-07-27 11:13:00,28147.5,28157.5,28121.5,28142.5,8261
2026-07-27 11:14:00,28142.0,28165.0,28124.5,28125.0,7790
2026-07-27 11:15:00,28125.25,28134.25,28094.25,28098.0,10191
2026-07-27 11:16:00,28097.75,28107.25,28082.25,28093.0,8031
2026-07-27 11:17:00,28093.5,28095.5,28073.25,28078.25,5873
2026-07-27 11:18:00,28078.0,28083.5,28048.0,28078.0,9232
2026-07-27 11:19:00,28078.0,28107.75,28071.5,28105.5,8827
2026-07-27 11:20:00,28105.5,28143.75,28102.5,28139.25,10456
2026-07-27 11:21:00,28139.5,28151.75,28111.75,28112.75,8478
2026-07-27 11:22:00,28112.75,28143.25,28101.0,28127.75,7101
2026-07-27 11:23:00,28127.75,28128.75,28071.5,28080.25,8808
2026-07-27 11:24:00,28080.0,28084.25,28061.25,28077.0,6643
2026-07-27 11:25:00,28076.5,28090.25,28062.25,28072.75,7301
2026-07-27 11:26:00,28072.5,28090.75,28067.0,28080.5,5762
2026-07-27 11:27:00,28080.25,28094.25,28062.75,28065.25,7030
2026-07-27 11:28:00,28065.25,28069.5,28044.5,28059.25,6555
2026-07-27 11:29:00,28059.75,28081.5,28056.5,28072.5,6354
2026-07-27 11:30:00,28072.75,28077.0,28053.0,28064.0,5484
2026-07-27 11:31:00,28064.0,28085.5,28041.0,28043.0,6783
2026-07-27 11:32:00,28043.0,28054.0,28022.25,28024.25,7295
2026-07-27 11:33:00,28024.5,28033.75,28011.75,28031.75,6242
2026-07-27 11:34:00,28031.0,28040.5,28019.75,28028.0,5973
2026-07-27 11:35:00,28028.0,28033.75,28005.75,28011.5,7325
2026-07-27 11:36:00,28012.0,28029.25,28005.75,28006.75,5766
2026-07-27 11:37:00,28007.5,28014.0,27987.5,27990.5,6673
2026-07-27 11:38:00,27990.0,28009.75,27980.25,28006.0,6302
2026-07-27 11:39:00,28005.75,28023.5,28005.75,28015.75,6144
2026-07-27 11:40:00,28015.75,28031.5,27994.0,28012.0,7220
2026-07-27 11:41:00,28013.25,28028.5,28003.5,28021.25,6286
2026-07-27 11:42:00,28021.5,28042.5,28020.25,28033.5,6807
2026-07-27 11:43:00,28033.25,28043.75,28009.75,28019.0,6758
2026-07-27 11:44:00,28018.25,28047.25,28016.0,28039.5,6302
2026-07-27 11:45:00,28039.75,28049.75,28018.25,28020.5,5579
2026-07-27 11:46:00,28020.25,28039.75,28014.0,28024.75,5047
2026-07-27 11:47:00,28025.25,28033.25,27996.5,28008.5,6082
2026-07-27 11:48:00,28008.75,28031.0,28008.5,28008.5,5097
2026-07-27 11:49:00,28008.0,28014.5,27995.0,28012.75,5137
2026-07-27 11:50:00,28013.25,28023.25,27996.25,28015.75,5018
2026-07-27 11:51:00,28016.0,28037.0,28014.75,28026.75,5597
2026-07-27 11:52:00,28026.75,28035.25,28006.25,28009.25,4138
2026-07-27 11:53:00,28009.0,28021.75,27996.75,28017.0,4276
2026-07-27 11:54:00,28018.0,28032.25,28010.75,28020.5,3894
2026-07-27 11:55:00,28020.0,28045.25,28014.25,28041.25,5211
2026-07-27 11:56:00,28041.75,28059.0,28034.75,28046.0,5745
2026-07-27 11:57:00,28045.75,28068.5,28037.75,28060.5,5856
2026-07-27 11:58:00,28060.25,28062.0,28033.75,28055.0,5268
2026-07-27 11:59:00,28055.25,28073.75,28053.5,28062.5,4898
2026-07-27 12:00:00,28062.5,28087.75,28057.25,28067.5,7189
2026-07-27 12:01:00,28067.75,28079.0,28059.75,28070.5,4523
2026-07-27 12:02:00,28070.75,28081.0,28062.75,28071.25,3144
2026-07-27 12:03:00,28071.25,28092.75,28070.5,28089.5,4064
2026-07-27 12:04:00,28089.75,28120.25,28088.75,28119.25,6359
2026-07-27 12:05:00,28119.0,28133.75,28117.5,28118.5,5386
2026-07-27 12:06:00,28118.5,28123.5,28090.75,28112.0,6997
2026-07-27 12:07:00,28112.0,28114.5,28094.0,28104.25,4419
2026-07-27 12:08:00,28104.0,28122.75,28096.5,28115.0,3948
2026-07-27 12:09:00,28114.5,28127.0,28104.75,28124.25,3665
2026-07-27 12:10:00,28124.25,28151.0,28123.75,28148.0,5870
2026-07-27 12:11:00,28148.0,28154.0,28133.25,28136.75,4324
2026-07-27 12:12:00,28136.0,28148.75,28129.25,28133.75,3827
2026-07-27 12:13:00,28133.75,28135.75,28095.25,28099.5,5853
2026-07-27 12:14:00,28099.0,28104.75,28072.5,28078.25,6381
2026-07-27 12:15:00,28078.25,28083.25,28068.0,28082.0,4595
2026-07-27 12:16:00,28082.0,28086.0,28044.5,28051.75,6805
2026-07-27 12:17:00,28051.75,28064.5,28048.0,28059.0,3749
2026-07-27 12:18:00,28059.0,28070.0,28055.0,28066.75,3821
2026-07-27 12:19:00,28066.5,28075.0,28050.75,28063.75,4132
2026-07-27 12:20:00,28063.75,28073.25,28046.0,28066.75,4528
2026-07-27 12:21:00,28066.75,28089.5,28056.0,28058.5,5632
2026-07-27 12:22:00,28058.75,28075.5,28048.75,28072.5,3947
2026-07-27 12:23:00,28072.5,28076.75,28055.25,28075.75,3421
2026-07-27 12:24:00,28075.75,28097.0,28072.5,28095.5,4448
2026-07-27 12:25:00,28094.75,28197.75,28092.25,28191.75,20004
2026-07-27 12:26:00,28191.5,28204.5,28152.5,28159.75,11796
2026-07-27 12:27:00,28159.5,28182.75,28156.75,28179.75,4926
2026-07-27 12:28:00,28179.5,28199.5,28164.5,28171.75,5905
2026-07-27 12:29:00,28172.0,28174.5,28144.5,28154.75,4321
2026-07-27 12:30:00,28154.25,28188.0,28148.25,28174.75,4928
2026-07-27 12:31:00,28175.25,28196.25,28170.5,28188.0,4070
2026-07-27 12:32:00,28187.5,28187.75,28153.0,28160.75,4279
2026-07-27 12:33:00,28161.0,28163.5,28132.5,28145.25,4751
2026-07-27 12:34:00,28145.5,28150.5,28137.75,28149.75,3052
2026-07-27 12:35:00,28150.25,28156.25,28127.25,28130.75,3758
2026-07-27 12:36:00,28130.25,28158.75,28112.5,28158.5,4888
2026-07-27 12:37:00,28157.75,28180.5,28144.25,28146.5,5429
2026-07-27 12:38:00,28146.5,28174.5,28142.25,28166.25,4074
2026-07-27 12:39:00,28167.25,28170.5,28155.5,28170.5,2886
2026-07-27 12:40:00,28170.0,28179.25,28164.5,28177.5,3157
2026-07-27 12:41:00,28178.0,28179.0,28152.25,28154.25,2989
2026-07-27 12:42:00,28154.5,28160.25,28143.0,28148.5,2727
2026-07-27 12:43:00,28148.75,28150.0,28134.0,28135.75,2527
2026-07-27 12:44:00,28135.0,28140.5,28118.0,28133.25,4037
2026-07-27 12:45:00,28134.0,28141.25,28121.0,28127.25,2753
2026-07-27 12:46:00,28127.0,28147.0,28126.25,28137.75,3467
2026-07-27 12:47:00,28139.25,28156.5,28137.75,28142.0,3126
2026-07-27 12:48:00,28141.75,28151.25,28122.75,28130.75,2854
2026-07-27 12:49:00,28130.0,28134.25,28114.75,28117.0,2542
2026-07-27 12:50:00,28117.25,28117.25,28084.25,28085.75,6099
2026-07-27 12:51:00,28085.25,28090.5,28070.25,28079.75,4584
2026-07-27 12:52:00,28079.5,28084.5,28062.0,28070.25,3997
2026-07-27 12:53:00,28070.5,28071.5,28056.0,28061.5,3312
2026-07-27 12:54:00,28061.75,28066.25,28049.5,28058.5,3417
2026-07-27 12:55:00,28058.75,28060.0,28025.0,28036.0,5222
2026-07-27 12:56:00,28036.75,28054.75,28033.25,28047.25,4184
2026-07-27 12:57:00,28048.0,28053.25,28032.5,28040.0,3115
2026-07-27 12:58:00,28040.25,28052.75,28039.25,28047.25,2405
2026-07-27 12:59:00,28047.75,28052.5,28031.75,28047.25,2637
2026-07-27 13:00:00,28048.0,28056.25,28033.0,28049.5,3169
2026-07-27 13:01:00,28048.75,28054.0,28016.75,28024.0,4239
2026-07-27 13:02:00,28022.5,28025.75,27998.25,28005.25,5233
2026-07-27 13:03:00,28005.0,28016.0,27999.25,28015.0,3201
2026-07-27 13:04:00,28015.25,28021.5,28000.0,28006.75,3107
2026-07-27 13:05:00,28006.25,28012.0,27998.0,28004.25,2665
2026-07-27 13:06:00,28003.75,28014.5,27993.75,28011.25,4066
2026-07-27 13:07:00,28011.0,28026.25,28009.5,28025.75,3559
2026-07-27 13:08:00,28026.5,28029.5,28013.25,28017.25,3027
2026-07-27 13:09:00,28018.25,28030.75,28011.0,28016.0,2599
2026-07-27 13:10:00,28016.0,28023.25,28007.5,28022.75,2694
2026-07-27 13:11:00,28022.75,28024.75,28007.0,28009.5,2116
2026-07-27 13:12:00,28009.5,28038.5,28001.0,28033.75,4065
2026-07-27 13:13:00,28034.75,28040.25,28025.5,28032.25,2587
2026-07-27 13:14:00,28031.75,28044.25,28031.0,28034.75,2457
2026-07-27 13:15:00,28035.25,28041.0,28021.75,28038.25,2686
2026-07-27 13:16:00,28038.25,28043.0,28014.5,28016.5,3319
2026-07-27 13:17:00,28016.75,28017.25,27986.75,27997.75,5468
2026-07-27 13:18:00,27996.75,27999.0,27986.75,27993.5,2698
2026-07-27 13:19:00,27992.75,28005.0,27987.0,28001.75,2779
2026-07-27 13:20:00,28001.75,28030.75,27995.0,28026.75,4201
2026-07-27 13:21:00,28027.25,28032.25,28016.25,28018.25,2782
2026-07-27 13:22:00,28018.5,28035.25,28008.5,28025.75,3322
2026-07-27 13:23:00,28026.0,28032.75,28006.0,28007.25,2541
2026-07-27 13:24:00,28007.0,28013.25,28001.0,28012.0,1991
2026-07-27 13:25:00,28011.75,28017.0,28000.25,28001.25,1718
2026-07-27 13:26:00,28001.0,28011.0,27993.5,28010.0,3113
2026-07-27 13:27:00,28009.75,28021.5,28007.75,28008.75,2498
2026-07-27 13:28:00,28008.5,28019.25,28008.5,28015.25,1490
2026-07-27 13:29:00,28015.25,28022.5,27996.0,27998.25,2811
2026-07-27 13:30:00,27998.5,28010.75,27997.25,28009.5,2025
2026-07-27 13:31:00,28009.0,28021.0,28006.75,28013.5,2383
2026-07-27 13:32:00,28014.5,28040.75,28006.5,28039.25,3548
2026-07-27 13:33:00,28039.0,28053.0,28036.5,28052.25,4155
2026-07-27 13:34:00,28052.0,28061.25,28046.5,28059.5,3369
2026-07-27 13:35:00,28058.25,28065.0,28047.25,28053.25,3044
2026-07-27 13:36:00,28053.5,28062.5,28042.5,28045.25,3322
2026-07-27 13:37:00,28045.75,28054.0,28031.0,28031.5,2875
2026-07-27 13:38:00,28031.5,28058.75,28026.75,28052.5,3883
2026-07-27 13:39:00,28052.75,28052.75,28030.5,28030.5,2680
2026-07-27 13:40:00,28030.75,28033.5,28015.0,28017.25,3635
2026-07-27 13:41:00,28017.25,28043.0,28016.75,28038.5,3259
2026-07-27 13:42:00,28038.0,28043.25,28021.5,28024.0,2234
2026-07-27 13:43:00,28024.25,28037.0,28016.5,28033.5,2631
2026-07-27 13:44:00,28034.0,28038.25,28021.5,28035.25,1978
2026-07-27 13:45:00,28036.5,28040.5,28013.5,28021.5,2994
2026-07-27 13:46:00,28022.0,28058.75,28021.5,28045.25,4520
2026-07-27 13:47:00,28044.75,28053.75,28039.75,28043.5,2286
2026-07-27 13:48:00,28042.75,28056.75,28032.75,28035.5,2386
2026-07-27 13:49:00,28036.0,28045.5,28031.25,28032.75,1801
2026-07-27 13:50:00,28033.0,28048.75,28026.0,28042.5,2531
2026-07-27 13:51:00,28042.5,28046.0,28034.25,28041.75,1704
2026-07-27 13:52:00,28042.25,28064.25,28042.25,28063.5,2580
2026-07-27 13:53:00,28063.0,28067.5,28053.0,28063.25,2847
2026-07-27 13:54:00,28062.75,28087.0,28061.75,28084.5,4420
2026-07-27 13:55:00,28084.5,28098.0,28070.75,28082.25,4364
2026-07-27 13:56:00,28082.5,28100.5,28077.0,28098.0,2994
2026-07-27 13:57:00,28098.5,28102.0,28087.0,28088.5,2605
2026-07-27 13:58:00,28088.25,28100.25,28087.75,28091.0,2247
2026-07-27 13:59:00,28090.75,28106.25,28089.25,28104.5,2665
2026-07-27 14:00:00,28104.5,28112.0,28095.5,28097.0,3552
2026-07-27 14:01:00,28097.25,28121.5,28095.5,28104.75,3754
2026-07-27 14:02:00,28104.75,28108.25,28093.75,28096.5,2892
2026-07-27 14:03:00,28096.5,28109.0,28089.5,28106.5,2567
2026-07-27 14:04:00,28107.25,28113.75,28092.25,28093.0,2348
2026-07-27 14:05:00,28092.75,28108.0,28085.25,28106.0,3408
2026-07-27 14:06:00,28105.5,28116.25,28090.0,28091.5,2865
2026-07-27 14:07:00,28091.0,28108.25,28091.0,28100.5,1878
2026-07-27 14:08:00,28099.75,28104.25,28089.0,28092.5,1747
2026-07-27 14:09:00,28092.75,28102.25,28092.0,28097.5,1543
2026-07-27 14:10:00,28097.5,28103.25,28092.25,28097.0,1863
2026-07-27 14:11:00,28097.0,28106.0,28093.25,28094.75,1905
2026-07-27 14:12:00,28095.0,28107.25,28092.75,28101.5,1809
2026-07-27 14:13:00,28101.25,28108.75,28098.0,28105.75,1673
2026-07-27 14:14:00,28105.25,28112.75,28100.25,28100.25,1781
2026-07-27 14:15:00,28100.5,28105.25,28068.0,28072.5,5094
2026-07-27 14:16:00,28072.0,28078.5,28055.25,28060.25,3789
2026-07-27 14:17:00,28060.0,28068.25,28049.25,28062.25,3447
2026-07-27 14:18:00,28062.25,28075.0,28058.25,28073.25,2539
2026-07-27 14:19:00,28073.0,28083.0,28061.0,28062.5,3162
2026-07-27 14:20:00,28062.5,28069.5,28053.75,28061.0,2798
2026-07-27 14:21:00,28061.25,28070.25,28055.75,28064.5,1949
2026-07-27 14:22:00,28064.5,28069.0,28055.5,28056.5,1695
2026-07-27 14:23:00,28056.25,28074.75,28053.0,28062.25,2821
2026-07-27 14:24:00,28063.0,28087.0,28062.75,28079.75,3328
2026-07-27 14:25:00,28079.25,28092.0,28078.0,28079.5,2776
2026-07-27 14:26:00,28079.0,28091.25,28077.0,28081.0,2013
2026-07-27 14:27:00,28080.75,28084.75,28072.5,28074.25,1955
2026-07-27 14:28:00,28074.5,28080.75,28070.0,28074.0,2466
2026-07-27 14:29:00,28073.0,28087.5,28068.75,28082.0,1856
2026-07-27 14:30:00,28081.75,28082.75,28050.5,28060.75,4235
2026-07-27 14:31:00,28060.75,28066.5,28043.25,28044.75,3608
2026-07-27 14:32:00,28044.75,28058.5,28037.5,28055.25,3148
2026-07-27 14:33:00,28055.0,28057.75,28047.5,28051.0,1793
2026-07-27 14:34:00,28050.75,28054.0,28035.75,28041.0,2153
2026-07-27 14:35:00,28040.75,28048.0,28032.0,28045.5,2882
2026-07-27 14:36:00,28045.75,28053.0,28036.5,28049.0,2566
2026-07-27 14:37:00,28048.75,28055.0,28037.75,28046.25,2238
2026-07-27 14:38:00,28045.5,28048.5,28031.75,28033.0,1795
2026-07-27 14:39:00,28032.75,28035.75,28027.25,28032.75,2063
2026-07-27 14:40:00,28032.25,28032.75,28018.75,28022.5,2868
2026-07-27 14:41:00,28023.75,28080.0,28021.25,28062.0,11546
2026-07-27 14:42:00,28062.0,28075.0,28056.75,28057.5,3180
2026-07-27 14:43:00,28057.75,28080.75,28044.75,28078.5,3843
2026-07-27 14:44:00,28078.0,28087.75,28074.0,28082.0,2748
2026-07-27 14:45:00,28082.75,28100.25,28080.0,28088.25,3314
2026-07-27 14:46:00,28088.0,28095.0,28079.5,28082.0,2285
2026-07-27 14:47:00,28081.5,28087.0,28069.0,28084.0,2744
2026-07-27 14:48:00,28083.75,28096.75,28075.75,28092.75,2160
2026-07-27 14:49:00,28092.5,28098.75,28073.0,28073.25,2577
2026-07-27 14:50:00,28073.0,28086.5,28069.75,28085.25,2040
2026-07-27 14:51:00,28085.0,28108.0,28083.0,28105.0,3256
2026-07-27 14:52:00,28105.0,28143.0,28102.5,28139.25,5918
2026-07-27 14:53:00,28138.25,28160.75,28136.75,28158.25,4584
2026-07-27 14:54:00,28157.75,28159.25,28146.25,28150.75,3486
2026-07-27 14:55:00,28151.0,28189.25,28150.75,28179.75,5970
2026-07-27 14:56:00,28179.5,28185.5,28167.5,28169.25,4034
2026-07-27 14:57:00,28169.25,28176.75,28158.5,28168.0,3785
2026-07-27 14:58:00,28167.75,28178.75,28153.25,28176.75,4085
2026-07-27 14:59:00,28176.5,28191.0,28174.5,28188.25,3139
2026-07-27 15:00:00,28188.0,28193.75,28172.5,28173.0,4371
2026-07-27 15:01:00,28172.75,28188.0,28170.0,28183.25,2568
2026-07-27 15:02:00,28183.75,28196.75,28182.0,28184.5,3115
2026-07-27 15:03:00,28184.75,28194.0,28178.0,28185.0,2222
2026-07-27 15:04:00,28185.25,28194.25,28171.0,28173.0,2782
2026-07-27 15:05:00,28173.0,28182.5,28164.75,28173.25,2891
2026-07-27 15:06:00,28173.0,28200.5,28166.25,28199.75,3921
2026-07-27 15:07:00,28200.25,28218.25,28198.25,28217.0,5036
2026-07-27 15:08:00,28217.0,28221.25,28207.5,28210.5,3338
2026-07-27 15:09:00,28209.75,28224.25,28208.5,28214.25,2804
2026-07-27 15:10:00,28214.25,28232.25,28212.0,28226.0,3935
2026-07-27 15:11:00,28225.75,28227.5,28213.25,28221.75,2668
2026-07-27 15:12:00,28221.75,28230.0,28209.5,28210.25,2443
2026-07-27 15:13:00,28210.5,28210.75,28193.25,28198.0,4244
2026-07-27 15:14:00,28198.5,28205.75,28192.25,28201.25,2373
2026-07-27 15:15:00,28200.75,28206.75,28198.5,28204.75,1865
2026-07-27 15:16:00,28204.5,28217.25,28194.75,28205.0,3123
2026-07-27 15:17:00,28205.5,28211.75,28199.75,28211.25,1465
2026-07-27 15:18:00,28210.75,28218.0,28208.25,28212.75,1791
2026-07-27 15:19:00,28212.0,28215.25,28203.75,28214.5,1345
2026-07-27 15:20:00,28214.75,28225.5,28212.75,28220.0,2504
2026-07-27 15:21:00,28219.0,28223.25,28205.0,28206.0,2218
2026-07-27 15:22:00,28205.5,28223.25,28201.5,28223.0,2363
2026-07-27 15:23:00,28222.5,28236.0,28216.0,28217.0,3553
2026-07-27 15:24:00,28217.5,28225.25,28213.75,28224.5,1707
2026-07-27 15:25:00,28225.0,28233.5,28204.0,28216.25,3196
2026-07-27 15:26:00,28216.0,28222.75,28213.5,28220.25,1711
2026-07-27 15:27:00,28219.25,28234.0,28213.0,28233.0,2014
2026-07-27 15:28:00,28232.75,28235.5,28223.5,28226.0,1921
2026-07-27 15:29:00,28227.0,28244.75,28227.0,28243.25,2474
2026-07-27 15:30:00,28243.25,28249.25,28234.75,28242.25,4384
2026-07-27 15:31:00,28242.75,28246.5,28235.75,28242.25,1879
2026-07-27 15:32:00,28242.5,28246.25,28231.0,28241.0,2333
2026-07-27 15:33:00,28241.5,28252.25,28233.75,28250.75,2585
2026-07-27 15:34:00,28249.75,28255.0,28232.5,28233.25,2592
2026-07-27 15:35:00,28233.0,28242.0,28225.75,28233.75,3122
2026-07-27 15:36:00,28233.5,28238.25,28222.75,28224.25,2321
2026-07-27 15:37:00,28224.0,28225.0,28195.25,28203.25,4595
2026-07-27 15:38:00,28203.25,28207.25,28191.0,28195.25,2654
2026-07-27 15:39:00,28195.75,28198.25,28177.75,28185.5,3712
2026-07-27 15:40:00,28185.25,28200.5,28178.5,28198.5,2920
2026-07-27 15:41:00,28198.25,28205.25,28181.5,28187.5,2817
2026-07-27 15:42:00,28188.25,28196.75,28176.25,28177.75,2534
2026-07-27 15:43:00,28177.5,28189.0,28171.75,28180.25,2653
2026-07-27 15:44:00,28180.25,28186.0,28175.0,28176.5,1621
2026-07-27 15:45:00,28176.5,28179.0,28158.0,28174.5,3737
2026-07-27 15:46:00,28174.25,28185.0,28154.25,28161.0,3104
2026-07-27 15:47:00,28161.25,28174.5,28159.25,28170.75,2639
2026-07-27 15:48:00,28170.25,28171.25,28158.25,28169.25,2243
2026-07-27 15:49:00,28169.5,28188.0,28169.0,28185.5,2894
2026-07-27 15:50:00,28185.25,28199.75,28164.75,28177.5,5712
2026-07-27 15:51:00,28177.5,28177.5,28163.25,28173.5,2367
2026-07-27 15:52:00,28173.25,28182.5,28167.75,28180.75,2040
2026-07-27 15:53:00,28181.75,28189.0,28176.75,28178.75,2612
2026-07-27 15:54:00,28179.25,28193.0,28175.0,28178.25,3466
2026-07-27 15:55:00,28178.0,28191.0,28158.5,28188.0,4297
2026-07-27 15:56:00,28187.5,28205.25,28183.0,28200.25,3425
2026-07-27 15:57:00,28200.0,28203.0,28184.75,28187.0,2348
2026-07-27 15:58:00,28187.75,28194.5,28179.75,28190.25,2840
2026-07-27 15:59:00,28190.0,28198.0,28177.25,28192.75,8302
2026-07-27 16:00:00,28193.25,28220.0,28192.25,28205.0,6285
2026-07-27 16:01:00,28204.5,28207.5,28196.75,28201.25,2250
2026-07-27 16:02:00,28200.75,28204.5,28191.5,28193.0,1665
2026-07-27 16:03:00,28193.25,28194.0,28182.0,28185.5,1767
2026-07-27 16:04:00,28185.5,28199.25,28183.0,28196.75,1797
2026-07-27 16:05:00,28196.0,28198.25,28191.25,28194.25,1279
2026-07-27 16:06:00,28194.75,28197.0,28178.25,28183.75,1700
2026-07-27 16:07:00,28184.0,28193.75,28181.5,28191.75,995
2026-07-27 16:08:00,28192.5,28198.75,28190.25,28198.25,895
2026-07-27 16:09:00,28197.75,28198.25,28190.75,28196.75,505
2026-07-27 16:10:00,28196.25,28196.75,28183.0,28185.5,979
2026-07-27 16:11:00,28185.5,28187.5,28171.5,28173.25,1354
2026-07-27 16:12:00,28173.5,28178.25,28169.25,28175.75,1187
2026-07-27 16:13:00,28175.25,28180.75,28171.0,28178.0,801
2026-07-27 16:14:00,28178.0,28194.75,28178.0,28190.75,1100
2026-07-27 16:15:00,28190.5,28192.5,28182.5,28183.25,599
2026-07-27 16:16:00,28183.75,28189.75,28180.5,28187.0,483
2026-07-27 16:17:00,28186.75,28191.5,28186.0,28189.75,362
2026-07-27 16:18:00,28190.0,28193.75,28188.25,28191.25,384
2026-07-27 16:19:00,28191.75,28193.0,28185.75,28187.0,451
2026-07-27 16:20:00,28186.5,28188.25,28183.75,28184.75,236
2026-07-27 16:21:00,28184.75,28185.25,28177.0,28179.0,577
2026-07-27 16:22:00,28179.25,28180.25,28174.75,28175.0,370
2026-07-27 16:23:00,28175.0,28179.5,28174.0,28175.0,378
2026-07-27 16:24:00,28175.0,28184.75,28175.0,28184.75,483
2026-07-27 16:25:00,28184.25,28191.25,28184.25,28190.0,606
2026-07-27 16:26:00,28189.75,28190.5,28184.0,28187.5,320
2026-07-27 16:27:00,28187.5,28190.25,28186.0,28188.0,287
2026-07-27 16:28:00,28188.0,28192.25,28185.5,28191.25,432
2026-07-27 16:29:00,28190.75,28194.75,28188.0,28194.5,312
2026-07-27 16:30:00,28194.0,28195.75,28191.75,28192.5,372
2026-07-27 16:31:00,28193.75,28196.25,28189.75,28195.25,741
2026-07-27 16:32:00,28195.25,28202.25,28194.5,28199.0,435
2026-07-27 16:33:00,28199.75,28203.5,28197.0,28201.0,417
2026-07-27 16:34:00,28200.5,28220.75,28199.5,28218.0,872
2026-07-27 16:35:00,28218.25,28231.0,28211.0,28224.5,1107
2026-07-27 16:36:00,28223.75,28224.75,28217.0,28222.75,551
2026-07-27 16:37:00,28222.5,28227.5,28222.25,28227.25,455
2026-07-27 16:38:00,28227.25,28229.5,28215.75,28217.0,559
2026-07-27 16:39:00,28216.5,28220.5,28215.25,28219.0,261
2026-07-27 16:40:00,28218.75,28221.0,28210.0,28211.75,549
2026-07-27 16:41:00,28211.25,28212.75,28209.0,28211.0,347
2026-07-27 16:42:00,28211.0,28213.0,28210.0,28213.0,228
2026-07-27 16:43:00,28212.75,28213.25,28209.5,28211.25,188
2026-07-27 16:44:00,28210.75,28212.0,28205.5,28207.5,632
2026-07-27 16:45:00,28208.0,28210.0,28203.5,28206.5,438
2026-07-27 16:46:00,28206.5,28209.5,28204.5,28206.0,372
2026-07-27 16:47:00,28206.0,28207.0,28202.75,28203.0,311
2026-07-27 16:48:00,28203.0,28203.0,28196.75,28197.5,430
2026-07-27 16:49:00,28197.5,28198.25,28193.25,28193.75,310
2026-07-27 16:50:00,28194.5,28204.0,28194.5,28198.0,456
2026-07-27 16:51:00,28197.75,28197.75,28190.25,28194.0,272
2026-07-27 16:52:00,28194.25,28195.0,28192.25,28195.0,200
2026-07-27 16:53:00,28195.0,28195.25,28186.5,28189.0,327
2026-07-27 16:54:00,28189.25,28194.25,28188.5,28194.0,203
2026-07-27 16:55:00,28193.25,28204.5,28190.25,28200.75,587
2026-07-27 16:56:00,28201.0,28202.75,28198.0,28200.0,145
2026-07-27 16:57:00,28200.25,28202.25,28197.0,28197.75,205
2026-07-27 16:58:00,28197.5,28200.0,28197.25,28199.0,190
2026-07-27 16:59:00,28198.75,28211.0,28197.75,28210.25,428
2026-07-27 18:00:00,28210.5,28229.0,28201.75,28207.75,0
2026-07-27 18:01:00,28207.75,28214.0,28196.25,28199.5,1134
2026-07-27 18:02:00,28199.75,28202.5,28189.25,28195.0,800
2026-07-27 18:03:00,28194.75,28210.0,28193.5,28197.5,760
2026-07-27 18:04:00,28198.25,28202.5,28188.0,28189.75,574
2026-07-27 18:05:00,28189.75,28195.25,28186.75,28189.25,629
2026-07-27 18:06:00,28190.5,28192.0,28184.75,28185.0,462
2026-07-27 18:07:00,28185.0,28185.75,28173.5,28173.5,1053
2026-07-27 18:08:00,28173.75,28182.75,28173.75,28175.75,672
2026-07-27 18:09:00,28175.75,28178.25,28172.0,28177.25,373
2026-07-27 18:10:00,28176.25,28178.75,28173.0,28173.75,389
2026-07-27 18:11:00,28174.5,28176.25,28170.0,28171.5,552
2026-07-27 18:12:00,28171.25,28173.5,28170.25,28171.25,460
2026-07-27 18:13:00,28170.5,28171.25,28155.25,28158.25,1289
2026-07-27 18:14:00,28159.0,28162.0,28156.75,28158.25,561
2026-07-27 18:15:00,28157.75,28167.5,28155.0,28157.5,1185
2026-07-27 18:16:00,28156.75,28157.75,28153.0,28156.25,584
2026-07-27 18:17:00,28156.25,28162.25,28156.0,28160.25,484
2026-07-27 18:18:00,28161.0,28167.0,28154.75,28166.0,754
2026-07-27 18:19:00,28165.25,28165.75,28156.75,28158.25,448
2026-07-27 18:20:00,28157.5,28163.0,28149.0,28155.25,1028
2026-07-27 18:21:00,28155.75,28166.0,28155.75,28163.25,645
2026-07-27 18:22:00,28163.25,28164.0,28157.75,28158.5,400
2026-07-27 18:23:00,28158.75,28162.75,28156.5,28161.75,297
2026-07-27 18:24:00,28161.5,28161.5,28146.0,28149.25,1093
2026-07-27 18:25:00,28149.25,28154.25,28140.0,28141.5,1466
2026-07-27 18:26:00,28141.5,28145.25,28135.75,28140.5,1192
2026-07-27 18:27:00,28141.0,28143.5,28139.0,28139.75,496
2026-07-27 18:28:00,28139.25,28140.75,28133.0,28135.5,876
2026-07-27 18:29:00,28136.0,28137.25,28125.25,28129.25,1075
2026-07-27 18:30:00,28129.0,28139.25,28128.25,28138.25,819
2026-07-27 18:31:00,28137.75,28145.5,28135.0,28138.0,884
2026-07-27 18:32:00,28138.0,28148.75,28138.0,28145.0,794
2026-07-27 18:33:00,28144.5,28146.75,28142.0,28145.5,354
2026-07-27 18:34:00,28145.5,28146.75,28139.25,28146.0,496
2026-07-27 18:35:00,28146.25,28153.5,28146.0,28151.75,933
2026-07-27 18:36:00,28152.0,28157.75,28149.25,28152.25,850
2026-07-27 18:37:00,28151.5,28151.5,28137.0,28140.0,860
2026-07-27 18:38:00,28139.25,28141.75,28137.0,28141.0,401
2026-07-27 18:39:00,28141.25,28146.25,28140.75,28144.5,262
2026-07-27 18:40:00,28143.75,28144.25,28128.75,28129.0,713
2026-07-27 18:41:00,28128.5,28140.0,28124.25,28135.75,1107
2026-07-27 18:42:00,28135.5,28140.0,28131.75,28137.75,497
2026-07-27 18:43:00,28136.75,28139.75,28133.75,28134.5,263
2026-07-27 18:44:00,28133.75,28136.0,28130.75,28134.0,366
2026-07-27 18:45:00,28134.5,28138.5,28129.0,28132.75,426
2026-07-27 18:46:00,28133.25,28134.25,28125.25,28131.0,711
2026-07-27 18:47:00,28131.75,28140.25,28127.25,28136.75,595
2026-07-27 18:48:00,28136.5,28143.0,28135.75,28138.5,494
2026-07-27 18:49:00,28138.75,28141.5,28137.5,28137.75,287
2026-07-27 18:50:00,28138.75,28139.25,28132.75,28136.25,438
2026-07-27 18:51:00,28136.5,28149.25,28135.75,28140.5,1085
2026-07-27 18:52:00,28141.0,28141.25,28136.75,28140.75,355
2026-07-27 18:53:00,28140.75,28142.25,28137.25,28138.75,192
2026-07-27 18:54:00,28138.75,28138.75,28135.25,28135.5,290
2026-07-27 18:55:00,28135.5,28138.0,28134.0,28136.75,269
2026-07-27 18:56:00,28137.5,28137.5,28133.25,28135.0,157
2026-07-27 18:57:00,28135.5,28138.5,28128.5,28130.0,572
2026-07-27 18:58:00,28129.0,28130.5,28125.5,28128.0,479
2026-07-27 18:59:00,28128.0,28134.25,28125.0,28132.0,636
2026-07-27 19:00:00,28132.75,28135.75,28129.25,28130.0,392
2026-07-27 19:01:00,28130.0,28130.0,28112.5,28114.25,1798
2026-07-27 19:02:00,28114.0,28115.25,28109.75,28112.25,921
2026-07-27 19:03:00,28112.25,28112.75,28107.5,28108.75,863
2026-07-27 19:04:00,28108.75,28112.25,28105.0,28111.25,927
2026-07-27 19:05:00,28111.25,28143.0,28107.75,28136.5,2026
2026-07-27 19:06:00,28135.75,28152.25,28135.25,28146.25,1417
2026-07-27 19:07:00,28146.25,28146.75,28135.0,28135.25,818
2026-07-27 19:08:00,28135.75,28137.5,28129.0,28136.0,690
2026-07-27 19:09:00,28135.5,28135.75,28127.0,28129.5,492
2026-07-27 19:10:00,28130.0,28132.25,28126.0,28128.25,431
2026-07-27 19:11:00,28128.25,28129.25,28126.25,28127.25,212
2026-07-27 19:12:00,28127.75,28133.5,28123.5,28132.5,574
2026-07-27 19:13:00,28133.5,28138.25,28132.0,28133.25,584
2026-07-27 19:14:00,28132.25,28135.5,28127.75,28130.5,358
2026-07-27 19:15:00,28130.5,28130.5,28119.75,28123.75,740
2026-07-27 19:16:00,28123.75,28125.0,28117.75,28124.75,686
2026-07-27 19:17:00,28124.75,28143.75,28122.25,28143.5,1246
2026-07-27 19:18:00,28143.5,28144.5,28137.25,28142.5,636
2026-07-27 19:19:00,28142.0,28149.0,28138.5,28144.5,671
2026-07-27 19:20:00,28144.5,28160.0,28137.5,28138.75,1546
2026-07-27 19:21:00,28138.75,28143.25,28137.25,28142.25,478
2026-07-27 19:22:00,28142.75,28149.25,28138.25,28141.0,435
2026-07-27 19:23:00,28142.0,28144.0,28139.75,28143.0,216
2026-07-27 19:24:00,28143.0,28154.5,28142.0,28146.75,695
2026-07-27 19:25:00,28147.75,28149.75,28144.75,28146.75,245
2026-07-27 19:26:00,28147.5,28149.0,28143.0,28146.75,284
2026-07-27 19:27:00,28146.75,28147.5,28143.0,28145.0,218
2026-07-27 19:28:00,28145.25,28163.0,28144.75,28158.5,1139
2026-07-27 19:29:00,28158.5,28163.5,28157.75,28161.25,558
2026-07-27 19:30:00,28161.0,28161.25,28152.75,28158.0,750
2026-07-27 19:31:00,28158.0,28158.0,28151.5,28154.5,560
2026-07-27 19:32:00,28154.25,28157.75,28150.5,28152.75,338
2026-07-27 19:33:00,28153.0,28154.25,28151.0,28153.75,257
2026-07-27 19:34:00,28153.75,28155.25,28151.0,28155.0,329
2026-07-27 19:35:00,28154.25,28154.25,28134.25,28140.0,1213
2026-07-27 19:36:00,28140.25,28155.5,28139.0,28150.25,853
2026-07-27 19:37:00,28149.0,28152.25,28144.75,28151.0,238
2026-07-27 19:38:00,28151.0,28152.5,28145.0,28145.75,160
2026-07-27 19:39:00,28145.5,28146.75,28142.5,28143.75,269
2026-07-27 19:40:00,28145.25,28145.75,28140.25,28141.75,353
2026-07-27 19:41:00,28141.75,28145.5,28140.5,28142.5,322
2026-07-27 19:42:00,28141.5,28143.25,28136.5,28142.0,398
2026-07-27 19:43:00,28141.25,28142.25,28130.0,28131.0,776
2026-07-27 19:44:00,28130.5,28133.75,28129.75,28131.75,437
2026-07-27 19:45:00,28132.5,28143.5,28122.0,28136.75,1882
2026-07-27 19:46:00,28136.25,28143.5,28126.75,28129.25,873
2026-07-27 19:47:00,28129.25,28137.75,28123.25,28132.25,872
2026-07-27 19:48:00,28132.75,28134.75,28122.25,28124.5,711
2026-07-27 19:49:00,28123.75,28131.0,28120.75,28129.5,925
2026-07-27 19:50:00,28130.0,28139.75,28123.75,28131.5,1053
2026-07-27 19:51:00,28130.25,28175.0,28130.25,28166.25,2701
2026-07-27 19:52:00,28165.75,28178.75,28164.0,28167.25,1443
2026-07-27 19:53:00,28167.25,28177.25,28161.75,28169.75,880
2026-07-27 19:54:00,28169.5,28173.75,28166.75,28172.75,697
2026-07-27 19:55:00,28172.5,28178.5,28168.5,28172.0,900
2026-07-27 19:56:00,28172.75,28173.5,28162.75,28167.75,761
2026-07-27 19:57:00,28166.5,28168.75,28159.5,28160.5,942
2026-07-27 19:58:00,28160.75,28166.5,28155.5,28161.0,675
2026-07-27 19:59:00,28161.25,28164.5,28155.75,28163.25,547
2026-07-27 20:00:00,28164.5,28185.25,28162.25,28171.0,3210
2026-07-27 20:01:00,28171.0,28173.0,28152.0,28166.75,1743
2026-07-27 20:02:00,28167.5,28190.0,28165.25,28179.5,2365
2026-07-27 20:03:00,28178.0,28192.75,28168.0,28191.0,1653
2026-07-27 20:04:00,28191.75,28195.0,28182.0,28184.5,1578
2026-07-27 20:05:00,28185.75,28189.0,28139.5,28142.25,3294
2026-07-27 20:06:00,28142.0,28165.75,28136.25,28158.25,2597
2026-07-27 20:07:00,28157.75,28157.75,28127.5,28141.5,2025
2026-07-27 20:08:00,28141.0,28150.0,28133.5,28137.5,1205
2026-07-27 20:09:00,28137.5,28147.0,28130.0,28140.75,1203
2026-07-27 20:10:00,28142.5,28152.5,28112.75,28117.25,2892
2026-07-27 20:11:00,28117.0,28120.75,28097.25,28100.75,3235
2026-07-27 20:12:00,28101.0,28122.75,28100.5,28108.75,1880
2026-07-27 20:13:00,28108.25,28109.25,28095.5,28097.75,1543
2026-07-27 20:14:00,28098.25,28111.5,28094.5,28111.5,1466
2026-07-27 20:15:00,28111.0,28131.0,28100.5,28128.0,2782
2026-07-27 20:16:00,28128.5,28133.0,28106.75,28115.0,1379
2026-07-27 20:17:00,28114.5,28117.5,28102.75,28115.5,1063
2026-07-27 20:18:00,28116.0,28122.25,28105.0,28107.0,949
2026-07-27 20:19:00,28107.25,28119.75,28103.0,28115.75,1172
2026-07-27 20:20:00,28115.75,28124.25,28109.75,28115.75,1402
2026-07-27 20:21:00,28115.5,28120.5,28101.0,28106.0,1190
2026-07-27 20:22:00,28106.5,28107.5,28080.0,28088.5,2688
2026-07-27 20:23:00,28089.25,28094.0,28083.75,28088.0,1234
2026-07-27 20:24:00,28087.75,28096.5,28082.5,28089.5,987
2026-07-27 20:25:00,28089.5,28098.25,28081.25,28091.75,1201
2026-07-27 20:26:00,28092.25,28094.75,28068.75,28074.0,2069
2026-07-27 20:27:00,28074.25,28081.0,28068.25,28079.25,1420
2026-07-27 20:28:00,28080.0,28094.75,28074.0,28083.5,1803
2026-07-27 20:29:00,28084.25,28104.5,28080.0,28104.0,1702
2026-07-27 20:30:00,28104.5,28111.0,28071.75,28074.0,2690
2026-07-27 20:31:00,28073.75,28081.25,28060.25,28066.75,2201
2026-07-27 20:32:00,28066.75,28075.0,28061.5,28073.25,1197
2026-07-27 20:33:00,28073.25,28122.5,28071.75,28116.5,2878
2026-07-27 20:34:00,28116.25,28127.5,28112.25,28119.25,2149
2026-07-27 20:35:00,28119.5,28135.0,28114.0,28131.25,2383
2026-07-27 20:36:00,28131.25,28135.75,28121.5,28130.75,1423
2026-07-27 20:37:00,28131.25,28139.75,28116.75,28121.5,1496
2026-07-27 20:38:00,28122.25,28136.5,28121.75,28125.25,937
2026-07-27 20:39:00,28126.0,28132.5,28118.5,28120.25,743
2026-07-27 20:40:00,28119.75,28127.75,28109.0,28110.5,1477
2026-07-27 20:41:00,28110.75,28127.75,28108.0,28118.5,1337
2026-07-27 20:42:00,28119.25,28126.5,28114.25,28124.75,732
2026-07-27 20:43:00,28125.5,28139.25,28119.0,28133.75,1408
2026-07-27 20:44:00,28134.25,28138.5,28116.5,28121.0,1227
2026-07-27 20:45:00,28121.5,28121.5,28096.5,28100.75,2024
2026-07-27 20:46:00,28100.25,28107.25,28094.5,28104.25,1175
2026-07-27 20:47:00,28102.5,28105.75,28081.0,28081.0,1816
2026-07-27 20:48:00,28080.75,28086.75,28071.75,28077.5,1493
2026-07-27 20:49:00,28077.5,28087.25,28070.5,28077.25,1580
2026-07-27 20:50:00,28077.5,28079.25,28065.5,28075.75,1393
2026-07-27 20:51:00,28074.5,28080.0,28062.25,28064.25,1197
2026-07-27 20:52:00,28063.25,28076.25,28063.25,28069.0,971
2026-07-27 20:53:00,28068.25,28070.5,28062.0,28066.0,893
2026-07-27 20:54:00,28066.5,28073.75,28062.25,28071.75,813
2026-07-27 20:55:00,28071.75,28079.75,28065.5,28078.0,1188
2026-07-27 20:56:00,28077.75,28078.5,28067.75,28069.75,892
2026-07-27 20:57:00,28070.0,28084.25,28064.75,28076.25,1515
2026-07-27 20:58:00,28076.75,28079.5,28065.75,28066.25,742
2026-07-27 20:59:00,28065.75,28076.25,28055.0,28071.0,2154
2026-07-27 21:00:00,28072.0,28078.75,28050.75,28060.5,2646
2026-07-27 21:01:00,28060.5,28065.5,28042.0,28057.0,2910
2026-07-27 21:02:00,28055.75,28063.75,28044.25,28055.0,1676
2026-07-27 21:03:00,28054.0,28070.25,28051.5,28068.0,1337
2026-07-27 21:04:00,28069.25,28076.0,28041.0,28042.25,2113
2026-07-27 21:05:00,28041.0,28048.75,28038.0,28044.75,1283
2026-07-27 21:06:00,28044.0,28045.0,28022.75,28024.0,2757
2026-07-27 21:07:00,28023.75,28025.0,28018.5,28022.25,1655
2026-07-27 21:08:00,28023.0,28028.25,28019.5,28022.5,992
2026-07-27 21:09:00,28022.5,28023.75,27988.25,28006.25,4185
2026-07-27 21:10:00,28006.75,28011.5,27996.25,27998.0,1689
2026-07-27 21:11:00,27998.5,28006.5,27994.25,28003.25,1496
2026-07-27 21:12:00,28002.25,28003.0,27969.25,27972.5,2768
2026-07-27 21:13:00,27973.0,27998.5,27970.25,27995.0,2344
2026-07-27 21:14:00,27994.75,28000.5,27987.25,27992.25,1451
2026-07-27 21:15:00,27992.5,28001.75,27986.75,28001.5,1321
2026-07-27 21:16:00,28001.5,28011.0,27996.5,28000.25,1672
2026-07-27 21:17:00,28001.5,28007.25,27996.75,28005.5,679
2026-07-27 21:18:00,28005.75,28006.0,27995.25,27997.5,1015
2026-07-27 21:19:00,27996.5,28004.0,27990.0,28002.75,960
2026-07-27 21:20:00,28003.0,28011.75,27998.75,28011.25,1226
2026-07-27 21:21:00,28011.25,28021.0,28003.5,28017.5,1630
2026-07-27 21:22:00,28017.75,28021.25,27992.25,27993.5,2238
2026-07-27 21:23:00,27993.5,28009.25,27990.5,28004.25,1435
2026-07-27 21:24:00,28005.0,28006.0,27993.5,28005.25,965
2026-07-27 21:25:00,28005.25,28006.0,27994.5,28004.75,619
2026-07-27 21:26:00,28004.25,28024.25,27996.75,28023.5,1844
2026-07-27 21:27:00,28023.25,28051.5,28019.0,28049.75,2873
2026-07-27 21:28:00,28049.75,28078.25,28047.25,28062.5,3169
2026-07-27 21:29:00,28062.5,28069.25,28056.25,28058.75,1435
2026-07-27 21:35:00,28092.5,28095.5,28073.75,28075.75,8341
2026-07-27 21:36:00,28075.5,28082.5,28071.5,28078.5,1273
2026-07-27 21:37:00,28078.25,28083.25,28076.0,28078.25,532
2026-07-27 21:38:00,28078.25,28083.75,28068.0,28068.5,833
2026-07-27 21:39:00,28068.75,28074.25,28057.0,28065.0,1550
2026-07-27 21:40:00,28065.0,28067.75,28046.5,28050.0,1684
2026-07-27 21:41:00,28050.5,28062.0,28049.5,28052.25,822
2026-07-27 21:42:00,28052.0,28059.5,28049.25,28053.25,738
2026-07-27 21:43:00,28053.25,28071.0,28048.75,28067.75,1112
2026-07-27 21:44:00,28067.5,28083.25,28055.75,28079.75,1899
2026-07-27 21:45:00,28079.5,28081.5,28064.75,28066.25,1150
2026-07-27 21:46:00,28066.25,28094.75,28066.0,28085.25,1514
2026-07-27 21:47:00,28085.0,28087.75,28076.5,28081.0,974
2026-07-27 21:48:00,28080.5,28092.75,28079.5,28089.5,850
2026-07-27 21:49:00,28089.25,28091.5,28080.0,28081.25,498
2026-07-27 21:50:00,28080.75,28084.5,28070.0,28071.5,1019
2026-07-27 21:51:00,28071.25,28071.25,28052.25,28055.25,1401
2026-07-27 21:52:00,28054.75,28055.0,28040.75,28041.75,1863
2026-07-27 21:53:00,28041.5,28043.0,28027.0,28030.5,2021
2026-07-27 21:54:00,28029.75,28031.25,28019.5,28022.75,1737
2026-07-27 21:55:00,28023.25,28027.75,28011.75,28014.25,1514
2026-07-27 21:56:00,28014.5,28021.75,28007.75,28015.0,1179
2026-07-27 21:57:00,28014.0,28018.0,28012.25,28015.5,588
2026-07-27 21:58:00,28015.75,28022.5,28011.75,28014.75,796
2026-07-27 21:59:00,28015.25,28022.0,28012.25,28020.25,652
2026-07-27 22:00:00,28021.0,28024.5,27995.0,27998.75,2175
2026-07-27 22:01:00,27997.75,28004.0,27992.25,27998.75,1508
2026-07-27 22:02:00,27999.25,28000.25,27994.75,27997.0,757
2026-07-27 22:03:00,27997.0,27997.75,27987.25,27995.0,1458
2026-07-27 22:04:00,27995.0,27995.5,27986.25,27988.0,952
2026-07-27 22:05:00,27988.25,27999.25,27983.75,27990.5,1346
2026-07-27 22:06:00,27989.25,28001.5,27986.5,27987.75,1253
2026-07-27 22:07:00,27988.0,28000.0,27986.25,27999.25,901
2026-07-27 22:08:00,27998.75,28004.75,27995.5,27995.5,1183
2026-07-27 22:09:00,27996.5,28001.25,27993.25,27995.75,749
2026-07-27 22:10:00,27995.0,28009.25,27993.0,28006.25,895
2026-07-27 22:11:00,28006.25,28010.5,28001.0,28004.75,836
2026-07-27 22:12:00,28005.0,28010.25,27999.75,28004.25,1153
2026-07-27 22:13:00,28004.5,28004.5,27985.75,27989.5,1397
2026-07-27 22:14:00,27989.0,28004.25,27989.0,27995.5,981
2026-07-27 22:15:00,27995.25,27995.25,27981.5,27987.5,1318
2026-07-27 22:16:00,27988.75,27989.0,27972.5,27984.75,2260
2026-07-27 22:17:00,27985.25,28005.25,27982.25,28003.5,1422
2026-07-27 22:18:00,28004.25,28004.75,27983.75,27986.0,1170
2026-07-27 22:19:00,27985.5,28014.25,27985.0,28011.75,1748
2026-07-27 22:20:00,28012.25,28027.25,28010.5,28018.0,1933
2026-07-27 22:21:00,28018.0,28030.25,28018.0,28020.75,1626
2026-07-27 22:22:00,28020.75,28028.75,28017.5,28021.5,878
2026-07-27 22:23:00,28021.25,28028.5,28008.0,28009.25,1376
2026-07-27 22:24:00,28009.25,28022.75,28005.75,28022.0,1237
2026-07-27 22:25:00,28021.5,28023.5,28010.75,28015.5,868
2026-07-27 22:26:00,28014.75,28015.5,27983.0,27983.75,1980
2026-07-27 22:27:00,27984.0,27993.5,27981.25,27981.25,1258
2026-07-27 22:28:00,27981.25,27995.0,27981.0,27992.5,863
2026-07-27 22:29:00,27992.5,27992.5,27985.5,27987.25,524
2026-07-27 22:30:00,27987.0,27989.0,27975.75,27985.0,1416
2026-07-27 22:31:00,27985.25,27988.5,27967.75,27968.75,1846
2026-07-27 22:32:00,27968.5,27974.5,27966.75,27973.25,1188
2026-07-27 22:33:00,27973.0,27973.25,27951.5,27954.0,2137
2026-07-27 22:34:00,27954.25,27977.75,27953.25,27970.25,1889
2026-07-27 22:35:00,27970.0,27977.25,27965.75,27970.75,900
2026-07-27 22:36:00,27970.0,27978.0,27957.25,27977.0,1064
2026-07-27 22:37:00,27975.75,27981.75,27969.0,27971.75,1067
2026-07-27 22:38:00,27972.25,27988.75,27968.5,27982.75,1436
2026-07-27 22:39:00,27982.75,27984.0,27969.0,27977.5,1193
2026-07-27 22:40:00,27977.5,27982.25,27964.5,27966.25,927
2026-07-27 22:41:00,27965.75,27970.75,27963.75,27969.5,800
2026-07-27 22:42:00,27969.5,27974.5,27967.0,27971.75,647
2026-07-27 22:43:00,27971.75,27973.75,27962.0,27968.0,780
2026-07-27 22:44:00,27968.5,27974.75,27960.75,27971.25,675
2026-07-27 22:45:00,27971.75,27974.25,27963.25,27967.25,869
2026-07-27 22:46:00,27966.75,27979.0,27965.0,27974.75,928
2026-07-27 22:47:00,27975.0,27975.0,27963.5,27967.0,655
2026-07-27 22:48:00,27966.0,27970.0,27962.75,27966.5,731
2026-07-27 22:49:00,27966.5,27979.75,27963.25,27972.25,1022
2026-07-27 22:50:00,27973.25,27981.25,27955.0,27961.25,1697
2026-07-27 22:51:00,27961.5,27985.0,27957.0,27972.25,1696
2026-07-27 22:52:00,27972.75,27990.5,27972.0,27987.25,1537
2026-07-27 22:53:00,27987.5,28007.25,27987.5,28000.25,1897
2026-07-27 22:54:00,28001.5,28005.5,27991.0,27992.25,890
2026-07-27 22:55:00,27992.5,27995.0,27986.75,27990.25,607
2026-07-27 22:56:00,27990.5,27992.25,27981.75,27982.0,884
2026-07-27 22:57:00,27982.25,27990.25,27977.75,27988.75,786
2026-07-27 22:58:00,27989.0,27997.5,27987.0,27996.0,922
2026-07-27 22:59:00,27995.25,27995.75,27986.25,27992.75,479
2026-07-27 23:00:00,27993.0,27999.5,27970.5,27971.5,1299
2026-07-27 23:01:00,27972.0,27974.0,27962.0,27970.25,1089
2026-07-27 23:02:00,27969.5,27976.5,27965.5,27967.75,924
2026-07-27 23:03:00,27968.25,27970.25,27964.0,27964.5,391
2026-07-27 23:04:00,27965.0,27967.0,27953.25,27964.5,1535
2026-07-27 23:05:00,27964.25,27964.75,27950.25,27951.5,906
2026-07-27 23:06:00,27951.25,27959.75,27945.0,27959.0,1844
2026-07-27 23:07:00,27958.25,27967.5,27948.0,27950.75,1150
2026-07-27 23:08:00,27950.25,27954.0,27945.75,27948.0,600
2026-07-27 23:09:00,27946.75,27947.25,27941.5,27944.0,1014
2026-07-27 23:10:00,27944.25,27948.0,27932.5,27938.75,2283
2026-07-27 23:11:00,27939.0,27944.0,27933.0,27944.0,1320
2026-07-27 23:12:00,27944.25,27951.75,27939.75,27950.5,1401
2026-07-27 23:13:00,27951.0,27974.5,27947.5,27964.25,2126
2026-07-27 23:14:00,27964.75,27971.0,27962.75,27967.75,609
2026-07-27 23:15:00,27968.0,27985.5,27963.75,27980.75,1354
2026-07-27 23:16:00,27980.5,27987.25,27976.25,27985.0,991
2026-07-27 23:17:00,27984.5,28006.75,27983.0,28004.5,1695
2026-07-27 23:18:00,28003.5,28022.0,27997.25,28013.75,2216
2026-07-27 23:19:00,28013.75,28024.25,28012.25,28022.25,1020
2026-07-27 23:20:00,28023.0,28035.25,28020.0,28020.5,1655
2026-07-27 23:21:00,28020.0,28040.0,28017.75,28036.75,1269
2026-07-27 23:22:00,28038.0,28043.25,28034.25,28037.75,1199
2026-07-27 23:23:00,28037.0,28044.5,28032.0,28038.75,1200
2026-07-27 23:24:00,28038.25,28046.25,28032.25,28033.0,1079
2026-07-27 23:25:00,28033.25,28046.75,28032.5,28032.5,1345
2026-07-27 23:26:00,28032.5,28034.5,28012.75,28013.75,1837
2026-07-27 23:27:00,28013.75,28013.75,28001.5,28002.0,1363
2026-07-27 23:28:00,28001.75,28001.75,27985.25,27987.75,1545
2026-07-27 23:29:00,27987.25,27990.25,27982.25,27987.0,861
2026-07-27 23:30:00,27986.5,27986.75,27957.5,27964.25,2593
2026-07-27 23:31:00,27964.0,27966.25,27951.5,27963.75,1376
2026-07-27 23:32:00,27963.75,27993.75,27963.25,27985.75,2320
2026-07-27 23:33:00,27985.25,28014.75,27985.25,28007.25,2304
2026-07-27 23:34:00,28008.25,28016.25,28004.75,28013.0,1007
2026-07-27 23:35:00,28012.75,28020.0,28006.25,28015.0,1015
2026-07-27 23:36:00,28013.75,28021.75,28004.0,28016.5,900
2026-07-27 23:37:00,28018.75,28031.75,28017.5,28029.5,1085
2026-07-27 23:38:00,28029.25,28041.5,28028.75,28039.75,1272
2026-07-27 23:39:00,28039.75,28046.0,28037.75,28041.25,1076
2026-07-27 23:40:00,28042.0,28063.5,28040.5,28056.25,1911
2026-07-27 23:41:00,28055.75,28062.5,28044.0,28044.5,1378
2026-07-27 23:42:00,28045.0,28045.75,28035.25,28038.0,1199
2026-07-27 23:43:00,28038.0,28056.75,28034.5,28056.25,1117
2026-07-27 23:44:00,28056.75,28057.5,28046.75,28056.5,539
2026-07-27 23:45:00,28057.25,28071.0,28052.5,28054.25,1519
2026-07-27 23:46:00,28053.75,28059.25,28039.5,28048.0,976
2026-07-27 23:47:00,28047.5,28053.0,28043.25,28045.0,463
2026-07-27 23:48:00,28046.0,28060.0,28042.0,28059.5,883
2026-07-27 23:49:00,28059.0,28063.25,28046.5,28058.5,783
2026-07-27 23:50:00,28058.75,28063.75,28046.5,28047.25,645
2026-07-27 23:51:00,28047.75,28052.0,28041.5,28047.25,629
2026-07-27 23:52:00,28049.5,28051.75,28032.25,28033.0,758
2026-07-27 23:53:00,28033.0,28055.0,28030.5,28041.0,1222
2026-07-27 23:54:00,28042.75,28050.0,28037.25,28046.5,555
2026-07-27 23:55:00,28046.5,28048.25,28025.75,28029.0,798
2026-07-27 23:56:00,28029.0,28044.0,28028.25,28043.5,638
2026-07-27 23:57:00,28043.25,28045.75,28033.0,28035.75,558
2026-07-27 23:58:00,28035.5,28052.5,28032.0,28051.25,706
2026-07-28 00:09:00,28013.25,28016.75,28006.25,28006.25,629
2026-07-28 00:10:00,28006.25,28012.75,28002.0,28005.75,830
2026-07-28 00:11:00,28006.25,28012.0,28002.5,28007.75,469
2026-07-28 00:12:00,28006.75,28009.0,27992.0,27994.0,1011
2026-07-28 00:13:00,27994.0,27999.0,27992.5,27994.75,592
2026-07-28 00:14:00,27994.25,27996.0,27978.25,27985.0,1098
2026-07-28 00:15:00,27985.0,27987.75,27976.25,27985.25,905
2026-07-28 00:16:00,27984.75,27996.0,27980.25,27993.25,1065
2026-07-28 00:17:00,27993.0,28002.25,27988.5,27994.5,873
2026-07-28 00:18:00,27993.75,27999.5,27986.5,27998.0,497
2026-07-28 00:19:00,27998.0,28014.0,27994.75,28013.0,977
2026-07-28 00:20:00,28012.0,28016.75,27988.0,27988.5,1075
2026-07-28 00:21:00,27988.25,27991.5,27981.0,27982.25,655
2026-07-28 00:22:00,27982.25,27986.0,27980.75,27981.75,393
2026-07-28 00:23:00,27981.5,27988.5,27972.25,27972.5,654
2026-07-28 00:24:00,27972.5,27977.5,27970.0,27976.5,574
2026-07-28 00:25:00,27976.0,27983.5,27971.25,27976.5,554
2026-07-28 00:26:00,27975.5,27981.75,27970.0,27981.75,402
2026-07-28 00:27:00,27982.75,27984.75,27972.75,27975.0,454
2026-07-28 00:28:00,27976.0,27981.5,27972.75,27976.25,315
2026-07-28 00:29:00,27975.5,27982.75,27972.25,27973.75,278
2026-07-28 00:30:00,27973.5,27975.0,27965.75,27968.5,809
2026-07-28 00:31:00,27968.75,27981.5,27968.25,27968.5,541
2026-07-28 00:32:00,27968.75,27969.0,27962.0,27964.75,713
2026-07-28 00:33:00,27963.75,27971.5,27963.25,27969.5,428
2026-07-28 00:34:00,27970.0,27975.75,27965.0,27972.0,466
2026-07-28 00:35:00,27972.0,27976.25,27965.5,27971.5,348
2026-07-28 00:36:00,27970.75,27974.75,27960.5,27965.5,570
2026-07-28 00:37:00,27965.75,27978.25,27965.25,27968.75,456
2026-07-28 00:38:00,27968.75,27979.75,27966.25,27978.75,308
2026-07-28 00:39:00,27979.0,27983.0,27972.0,27978.25,555
2026-07-28 00:40:00,27977.5,27978.75,27963.5,27976.25,535
2026-07-28 00:41:00,27976.25,27982.5,27968.0,27978.0,504
2026-07-28 00:42:00,27978.25,27983.75,27971.75,27972.5,494
2026-07-28 00:43:00,27971.75,27977.25,27968.25,27972.0,350
2026-07-28 00:44:00,27972.25,27976.25,27968.5,27975.0,193
2026-07-28 00:45:00,27974.0,27986.0,27972.25,27982.75,561
2026-07-28 00:46:00,27982.5,27999.25,27981.5,27991.0,1295
2026-07-28 00:47:00,27991.0,28003.75,27988.5,27990.25,782
2026-07-28 00:48:00,27989.75,27990.0,27970.75,27975.0,675
2026-07-28 00:49:00,27974.5,27983.75,27972.25,27975.5,557
2026-07-28 00:50:00,27975.0,27978.75,27965.75,27971.75,583
2026-07-28 00:51:00,27971.75,27975.0,27965.0,27967.0,427
2026-07-28 00:52:00,27966.75,27969.5,27962.75,27964.75,383
2026-07-28 00:53:00,27964.0,27966.75,27953.5,27955.5,856
2026-07-28 00:54:00,27955.25,27964.5,27954.75,27963.25,437
2026-07-28 00:55:00,27962.75,27967.5,27955.75,27961.5,389
2026-07-28 00:56:00,27961.0,27970.5,27956.5,27966.5,405
2026-07-28 00:57:00,27965.5,27965.5,27954.5,27960.0,313
2026-07-28 00:58:00,27959.75,27960.5,27951.5,27953.75,358
2026-07-28 00:59:00,27954.25,27958.0,27951.25,27956.25,505
2026-07-28 01:00:00,27956.5,27972.25,27947.0,27969.5,1176
2026-07-28 01:01:00,27970.25,27984.0,27968.25,27974.5,1116
2026-07-28 01:02:00,27974.25,27981.25,27966.25,27979.25,507
2026-07-28 01:03:00,27980.0,27982.5,27975.0,27978.75,393
2026-07-28 01:04:00,27978.25,27983.5,27971.75,27972.25,400
2026-07-28 01:05:00,27971.5,27975.25,27961.0,27962.0,627
2026-07-28 01:06:00,27962.5,27965.25,27949.25,27960.0,929
2026-07-28 01:07:00,27960.5,27972.5,27958.0,27958.25,597
2026-07-28 01:08:00,27959.0,27964.75,27958.25,27962.0,185
2026-07-28 01:18:00,28190.0,28190.0,27944.5,27947.5,5196
2026-07-28 01:19:00,27947.5,27948.25,27939.0,27939.25,560
2026-07-28 01:20:00,27939.0,27947.75,27936.5,27942.25,774
2026-07-28 01:21:00,27942.0,27943.5,27935.25,27936.5,545
2026-07-28 01:22:00,27936.0,27938.25,27925.5,27932.0,1192
2026-07-28 01:23:00,27932.0,27938.75,27923.75,27936.75,989
2026-07-28 01:24:00,27936.75,27941.5,27931.5,27932.25,543
2026-07-28 01:25:00,27932.5,27933.25,27922.75,27923.25,802
2026-07-28 01:26:00,27923.5,27926.75,27914.25,27926.25,1647
2026-07-28 01:27:00,27925.75,27927.75,27918.25,27923.5,654
2026-07-28 01:28:00,27922.0,27925.0,27916.25,27922.25,570
2026-07-28 01:29:00,27921.75,27925.5,27918.0,27920.25,388
2026-07-28 01:30:00,27919.25,27924.25,27906.25,27907.5,1390
2026-07-28 01:31:00,27907.25,27907.5,27896.0,27901.75,1836
2026-07-28 01:32:00,27902.25,27903.0,27890.5,27898.0,1385
2026-07-28 01:33:00,27898.0,27898.75,27889.75,27892.0,999
2026-07-28 01:34:00,27892.75,27893.0,27887.5,27888.5,769
2026-07-28 01:35:00,27889.25,27893.25,27876.75,27883.75,1637
2026-07-28 01:36:00,27883.0,27891.25,27876.75,27889.25,1009
2026-07-28 01:37:00,27888.25,27913.75,27887.0,27912.0,2026
2026-07-28 01:38:00,27912.5,27914.0,27890.25,27891.25,1016
2026-07-28 01:39:00,27891.25,27902.0,27886.75,27899.75,722
2026-07-28 01:40:00,27899.75,27899.75,27888.5,27893.75,620
2026-07-28 01:41:00,27893.75,27893.75,27880.0,27885.0,791
2026-07-28 01:42:00,27884.25,27897.5,27881.5,27892.25,618
2026-07-28 01:43:00,27892.0,27897.5,27889.5,27895.75,766
2026-07-28 01:44:00,27896.0,27900.5,27886.5,27897.5,692
2026-07-28 01:45:00,27897.25,27909.5,27894.0,27908.5,898
2026-07-28 01:46:00,27908.0,27908.5,27898.25,27899.25,483
2026-07-28 01:47:00,27898.75,27912.25,27898.5,27910.5,639
2026-07-28 01:48:00,27909.75,27912.5,27903.75,27910.5,555
2026-07-28 01:49:00,27910.75,27913.0,27904.25,27910.5,375
2026-07-28 01:50:00,27909.75,27911.0,27902.0,27902.5,442
2026-07-28 01:51:00,27902.0,27924.25,27902.0,27913.75,1083
2026-07-28 01:52:00,27913.25,27916.25,27907.5,27908.75,563
2026-07-28 01:53:00,27909.5,27911.5,27903.25,27904.75,615
2026-07-28 01:54:00,27904.75,27906.25,27894.0,27898.75,1102
2026-07-28 01:55:00,27899.0,27906.75,27889.0,27889.75,680
2026-07-28 01:56:00,27890.75,27894.25,27886.75,27887.0,837
2026-07-28 01:57:00,27886.5,27887.25,27873.75,27877.25,1295
2026-07-28 01:58:00,27877.25,27880.75,27871.5,27875.25,905
2026-07-28 01:59:00,27875.25,27881.5,27871.25,27881.25,931
2026-07-28 02:00:00,27881.25,27896.25,27879.5,27889.0,1740
2026-07-28 02:01:00,27888.0,27901.5,27885.25,27892.25,1309
2026-07-28 02:02:00,27891.5,27891.5,27866.75,27873.5,1528
2026-07-28 02:03:00,27874.25,27876.75,27867.25,27871.0,898
2026-07-28 02:04:00,27871.75,27873.0,27860.75,27862.5,1167
2026-07-28 02:05:00,27862.5,27865.25,27853.25,27864.0,1440
2026-07-28 02:06:00,27864.25,27869.25,27856.0,27867.25,1094
2026-07-28 02:07:00,27867.75,27869.75,27860.75,27862.75,842
2026-07-28 02:08:00,27862.5,27867.75,27858.0,27866.5,661
2026-07-28 02:09:00,27866.75,27869.25,27853.5,27857.5,855
2026-07-28 02:10:00,27858.0,27861.0,27844.25,27851.25,1394
2026-07-28 02:11:00,27851.0,27855.0,27844.0,27846.5,840
2026-07-28 02:12:00,27847.25,27849.0,27839.25,27841.25,1048
2026-07-28 02:13:00,27841.75,27860.5,27840.25,27852.75,1596
2026-07-28 02:14:00,27853.0,27856.25,27844.75,27845.25,963
2026-07-28 02:15:00,27845.0,27863.75,27844.5,27858.5,1264
2026-07-28 02:16:00,27858.0,27861.0,27852.0,27856.5,670
2026-07-28 02:17:00,27856.5,27869.75,27855.25,27860.75,1080
2026-07-28 02:18:00,27861.25,27864.5,27854.25,27859.0,779
2026-07-28 02:19:00,27859.0,27863.75,27857.0,27858.0,519
2026-07-28 02:20:00,27858.0,27868.25,27851.25,27855.0,1511
2026-07-28 02:21:00,27855.5,27874.5,27855.25,27874.25,932
2026-07-28 02:22:00,27874.25,27882.75,27871.75,27878.25,1239
2026-07-28 02:23:00,27878.25,27879.5,27857.75,27860.25,1042
2026-07-28 02:24:00,27859.25,27870.5,27848.0,27866.25,1707
2026-07-28 02:25:00,27867.0,27879.0,27860.5,27877.25,1295
2026-07-28 02:26:00,27878.0,27894.5,27875.0,27884.25,1550
2026-07-28 02:27:00,27884.0,27887.0,27873.25,27882.75,868
2026-07-28 02:28:00,27882.75,27908.5,27882.25,27905.75,1426
2026-07-28 02:29:00,27906.0,27907.0,27898.5,27902.25,873
2026-07-28 02:30:00,27901.75,27910.0,27892.5,27897.0,1460
2026-07-28 02:31:00,27897.25,27910.25,27895.0,27907.25,828
2026-07-28 02:32:00,27907.5,27912.5,27900.25,27900.5,885
2026-07-28 02:33:00,27900.0,27906.5,27892.0,27904.25,797
2026-07-28 02:34:00,27904.0,27908.0,27898.5,27905.5,936
2026-07-28 02:35:00,27906.25,27927.25,27906.25,27923.0,1593
2026-07-28 02:36:00,27923.25,27930.75,27916.5,27929.25,1137
2026-07-28 02:37:00,27929.25,27931.0,27906.5,27906.75,1021
2026-07-28 02:38:00,27906.5,27915.25,27906.5,27911.0,571
2026-07-28 02:39:00,27911.25,27926.5,27911.25,27924.5,577
2026-07-28 02:40:00,27924.25,27935.25,27921.75,27933.25,1056
2026-07-28 02:41:00,27933.75,27937.0,27928.0,27929.0,520
2026-07-28 02:42:00,27929.5,27930.0,27920.25,27923.5,635
2026-07-28 02:43:00,27924.75,27930.5,27920.5,27926.0,589
2026-07-28 02:44:00,27926.25,27930.0,27917.75,27918.0,468
2026-07-28 02:45:00,27918.25,27919.0,27906.75,27907.5,1079
2026-07-28 02:46:00,27907.5,27915.0,27903.25,27913.75,785
2026-07-28 02:47:00,27914.5,27917.75,27901.5,27905.25,701
2026-07-28 02:48:00,27905.0,27910.0,27904.0,27909.5,552
2026-07-28 02:49:00,27909.5,27912.5,27904.75,27909.25,457
2026-07-28 02:50:00,27908.75,27918.0,27906.25,27918.0,349
2026-07-28 02:51:00,27917.5,27919.0,27910.5,27912.0,463
2026-07-28 02:52:00,27912.5,27919.75,27910.25,27914.5,425
2026-07-28 02:53:00,27915.5,27923.0,27912.75,27921.25,368
2026-07-28 02:54:00,27920.75,27927.0,27917.25,27927.0,448
2026-07-28 02:55:00,27926.25,27942.25,27924.75,27941.5,1223
2026-07-28 02:56:00,27941.25,27943.75,27934.0,27940.75,734
2026-07-28 02:57:00,27941.25,27954.0,27940.75,27952.5,1118
2026-07-28 02:58:00,27950.75,27959.0,27947.5,27956.5,782
2026-07-28 02:59:00,27956.5,27956.5,27938.75,27945.75,927
2026-07-28 03:00:00,27946.0,27963.5,27945.75,27956.0,1607
2026-07-28 03:01:00,27957.75,27967.75,27953.25,27961.75,1031
2026-07-28 03:02:00,27962.0,27965.75,27952.75,27958.25,789
2026-07-28 03:03:00,27958.75,27964.0,27949.25,27951.0,808
2026-07-28 03:04:00,27951.0,27954.75,27940.0,27948.0,1075
2026-07-28 03:05:00,27948.75,27951.75,27936.5,27946.0,894
2026-07-28 03:06:00,27945.5,27952.25,27934.25,27937.0,732
2026-07-28 03:07:00,27937.0,27955.5,27934.25,27952.5,829
2026-07-28 03:08:00,27952.0,27969.75,27948.25,27967.5,1279
2026-07-28 03:09:00,27967.5,27980.0,27964.25,27973.0,1416
2026-07-28 03:10:00,27973.0,27974.0,27963.25,27965.25,813
2026-07-28 03:11:00,27964.75,27972.5,27959.75,27969.25,740
2026-07-28 03:12:00,27968.75,27980.75,27966.75,27972.75,849
2026-07-28 03:13:00,27974.0,27979.0,27970.0,27973.0,582
2026-07-28 03:14:00,27973.0,27978.5,27970.5,27971.75,333
2026-07-28 03:15:00,27972.5,27983.0,27970.5,27974.0,688
2026-07-28 03:16:00,27974.5,27986.5,27971.0,27982.75,827
2026-07-28 03:17:00,27982.5,27988.25,27977.5,27981.0,658
2026-07-28 03:18:00,27980.25,27983.0,27975.25,27981.25,424
2026-07-28 03:19:00,27983.0,27985.0,27969.0,27969.25,775
2026-07-28 03:20:00,27969.25,27974.0,27959.5,27961.5,920
2026-07-28 03:21:00,27961.25,27977.5,27961.0,27972.0,816
2026-07-28 03:22:00,27971.75,27973.25,27961.5,27968.5,509
2026-07-28 03:23:00,27968.5,27972.25,27964.0,27965.25,368
2026-07-28 03:24:00,27965.0,27965.75,27954.75,27955.25,778
2026-07-28 03:25:00,27956.0,27962.75,27948.0,27961.0,1008
2026-07-28 03:26:00,27960.5,27963.25,27956.25,27960.0,432
2026-07-28 03:27:00,27960.5,27962.0,27941.0,27941.5,756
2026-07-28 03:28:00,27942.5,27947.5,27938.25,27939.5,901
2026-07-28 03:29:00,27939.0,27947.25,27939.0,27943.25,536
2026-07-28 03:30:00,27943.0,27944.25,27934.25,27938.25,865
2026-07-28 03:31:00,27938.0,27946.75,27937.0,27939.25,496
2026-07-28 03:32:00,27939.0,27947.5,27937.25,27944.25,634
2026-07-28 03:33:00,27943.25,27948.25,27933.25,27940.0,723
2026-07-28 03:34:00,27940.75,27946.75,27939.0,27941.25,356
2026-07-28 03:35:00,27942.5,27951.5,27934.25,27947.25,615
2026-07-28 03:36:00,27946.5,27949.5,27938.5,27942.25,637
2026-07-28 03:37:00,27942.5,27946.0,27927.25,27930.0,919
2026-07-28 03:38:00,27929.5,27937.5,27927.5,27935.0,562
2026-07-28 03:39:00,27933.5,27955.25,27932.0,27951.25,1016
2026-07-28 03:40:00,27950.75,27962.0,27950.75,27958.25,1003
2026-07-28 03:41:00,27958.0,27959.25,27942.25,27943.75,783
2026-07-28 03:42:00,27943.5,27953.5,27942.75,27948.0,744
2026-07-28 03:43:00,27948.25,27951.5,27944.25,27948.0,291
2026-07-28 03:44:00,27947.75,27947.75,27936.0,27939.75,703
2026-07-28 03:45:00,27939.75,27942.5,27925.0,27926.25,982
2026-07-28 03:46:00,27926.5,27928.5,27919.0,27925.5,710
2026-07-28 03:47:00,27926.25,27928.75,27919.0,27921.5,460
2026-07-28 03:48:00,27921.5,27924.0,27908.75,27913.5,953
2026-07-28 03:49:00,27914.25,27926.75,27907.5,27921.25,790
2026-07-28 03:50:00,27921.25,27924.5,27915.5,27918.5,478
2026-07-28 03:51:00,27919.0,27928.5,27910.25,27925.0,1172
2026-07-28 03:52:00,27925.25,27955.0,27914.75,27953.0,1571
2026-07-28 03:53:00,27952.75,27953.0,27929.0,27935.75,982
2026-07-28 03:54:00,27936.0,27948.75,27935.5,27944.75,680
2026-07-28 03:55:00,27945.75,27952.0,27939.5,27947.5,541
2026-07-28 03:56:00,27947.0,27951.25,27944.25,27944.5,494
2026-07-28 03:57:00,27945.25,27945.75,27933.0,27934.25,492
2026-07-28 03:58:00,27934.25,27935.5,27927.5,27934.25,647
2026-07-28 03:59:00,27934.75,27936.5,27929.5,27932.5,388
2026-07-28 04:00:00,27933.75,27935.75,27899.5,27912.5,2105
2026-07-28 04:01:00,27912.25,27932.5,27909.0,27919.25,1705
2026-07-28 04:02:00,27918.0,27942.25,27912.25,27938.0,1208
2026-07-28 04:03:00,27938.0,27946.0,27925.0,27935.25,1200
2026-07-28 04:04:00,27934.0,27936.75,27922.75,27926.75,633
2026-07-28 04:05:00,27927.75,27941.5,27927.25,27932.25,783
2026-07-28 04:06:00,27934.75,27948.0,27927.25,27942.5,840
2026-07-28 04:07:00,27941.5,27941.5,27909.0,27919.5,1338
2026-07-28 04:08:00,27919.75,27921.75,27901.5,27902.5,868
2026-07-28 04:09:00,27901.75,27904.25,27895.5,27899.0,894
2026-07-28 04:10:00,27899.0,27899.0,27881.5,27885.0,1366
2026-07-28 04:11:00,27884.25,27889.75,27879.25,27885.75,903
2026-07-28 04:12:00,27885.25,27894.0,27882.0,27890.5,787
2026-07-28 04:13:00,27889.75,27891.25,27883.25,27891.0,541
2026-07-28 04:14:00,27891.5,27891.75,27881.5,27888.75,572
2026-07-28 04:15:00,27888.5,27928.5,27884.25,27927.0,1795
2026-07-28 04:16:00,27927.75,27936.0,27919.75,27928.5,1665
2026-07-28 04:17:00,27928.0,27938.75,27927.5,27931.0,1045
2026-07-28 04:18:00,27931.75,27946.75,27927.5,27945.25,1392
2026-07-28 04:19:00,27945.5,27976.25,27944.75,27961.0,2107
2026-07-28 04:20:00,27961.5,27976.0,27954.25,27974.0,1357
2026-07-28 04:21:00,27974.5,27979.0,27964.25,27968.5,1120
2026-07-28 04:22:00,27968.75,27978.5,27959.5,27963.75,1322
2026-07-28 04:23:00,27963.0,27983.0,27957.0,27980.0,1285
2026-07-28 04:24:00,27980.0,28008.0,27979.0,28001.5,2251
2026-07-28 04:25:00,28001.0,28003.75,27990.0,27990.0,1104
2026-07-28 04:26:00,27990.25,27996.0,27985.5,27992.75,754
2026-07-28 04:27:00,27993.0,27999.0,27991.25,27996.5,535
2026-07-28 04:28:00,27997.25,28001.0,27991.75,27994.25,681
2026-07-28 04:29:00,27994.25,28004.0,27992.75,28002.5,750
2026-07-28 04:30:00,28002.75,28006.25,27974.0,27978.5,1410
2026-07-28 04:31:00,27978.0,27988.5,27976.75,27982.25,830
2026-07-28 04:32:00,27982.75,27991.75,27978.75,27979.25,637
2026-07-28 04:33:00,27979.75,27996.0,27978.25,27988.5,750
2026-07-28 04:34:00,27988.25,28010.25,27982.5,28007.5,1190
2026-07-28 04:35:00,28007.25,28009.0,27998.5,28002.0,779
2026-07-28 04:36:00,28002.0,28005.0,27993.75,27997.75,532
2026-07-28 04:37:00,27997.5,28002.75,27983.75,28001.75,988
2026-07-28 04:38:00,28002.5,28024.0,28001.5,28018.75,1639
2026-07-28 04:39:00,28018.5,28019.75,28008.25,28014.25,618
2026-07-28 04:40:00,28014.0,28032.75,28011.75,28025.5,930
2026-07-28 04:41:00,28026.0,28041.75,28023.25,28040.25,1363
2026-07-28 04:42:00,28039.5,28042.75,28031.0,28038.25,750
2026-07-28 04:43:00,28040.0,28046.5,28037.5,28041.75,857
2026-07-28 04:44:00,28041.0,28046.0,28034.5,28037.75,486
2026-07-28 04:45:00,28036.75,28041.5,28028.75,28031.25,790
2026-07-28 04:46:00,28032.0,28032.5,28023.75,28031.25,821
2026-07-28 04:47:00,28030.25,28052.75,28024.0,28033.5,1238
2026-07-28 04:48:00,28033.0,28034.25,28016.5,28020.75,727
2026-07-28 04:49:00,28020.5,28026.0,28018.0,28020.5,465
2026-07-28 04:50:00,28019.25,28034.25,28017.75,28030.5,641
2026-07-28 04:51:00,28031.0,28031.0,28010.0,28011.5,771
2026-07-28 04:52:00,28011.75,28014.5,28007.75,28010.5,558
2026-07-28 04:53:00,28010.5,28011.5,28001.0,28003.5,597
2026-07-28 04:54:00,28003.0,28010.0,28002.25,28008.25,533
2026-07-28 04:55:00,28008.5,28010.25,27998.25,28003.0,538
2026-07-28 04:56:00,28003.25,28007.0,27998.75,28004.0,499
2026-07-28 04:57:00,28004.0,28006.75,27990.5,27995.25,807
2026-07-28 04:58:00,27994.75,27999.5,27992.25,27996.75,419
2026-07-28 04:59:00,27997.0,27997.0,27986.0,27994.0,354
2026-07-28 05:00:00,27993.25,27998.0,27985.25,27996.0,635
2026-07-28 05:01:00,27995.25,28002.5,27988.25,27998.5,595
2026-07-28 05:02:00,27998.25,28005.0,27987.75,28004.25,541
2026-07-28 05:03:00,28003.75,28007.0,27990.75,27993.75,520
2026-07-28 05:04:00,27993.5,27998.25,27986.5,27993.75,427
2026-07-28 05:05:00,27994.75,28000.5,27990.25,27998.5,341
2026-07-28 05:06:00,27998.75,28007.0,27996.75,28001.75,450
2026-07-28 05:07:00,28002.25,28008.25,27994.25,28000.75,368
2026-07-28 05:08:00,28000.0,28011.5,27998.25,28002.0,494
2026-07-28 05:09:00,28002.75,28010.75,27999.5,28003.5,379
2026-07-28 05:10:00,28004.0,28014.5,27999.0,28007.0,464
2026-07-28 05:11:00,28006.0,28013.25,28005.25,28010.75,304
2026-07-28 05:12:00,28012.0,28015.0,27998.75,27999.0,398
2026-07-28 05:13:00,27998.5,28002.75,27988.5,27988.75,677
2026-07-28 05:14:00,27989.0,27994.25,27981.5,27988.5,840
2026-07-28 05:15:00,27989.5,27997.5,27989.25,27992.25,356
2026-07-28 05:16:00,27992.75,28000.0,27991.5,27994.75,462
2026-07-28 05:17:00,27993.75,28003.75,27991.75,27991.75,410
2026-07-28 05:18:00,27992.0,27997.25,27984.5,27997.25,450
2026-07-28 05:19:00,27996.25,28003.0,27993.5,28003.0,264
2026-07-28 05:20:00,28003.25,28006.0,27998.25,28000.75,372
2026-07-28 05:21:00,28000.75,28005.5,27999.0,28005.0,393
2026-07-28 05:22:00,28005.0,28008.75,28001.75,28005.25,244
2026-07-28 05:23:00,28004.75,28008.75,28000.0,28002.25,270
2026-07-28 05:24:00,28001.25,28007.5,27998.25,28004.5,433
2026-07-28 05:25:00,28003.25,28004.0,27995.5,27999.5,389
2026-07-28 05:26:00,28000.25,28009.5,27999.0,28005.0,288
2026-07-28 05:27:00,28004.0,28008.25,27999.5,28005.0,224
2026-07-28 05:28:00,28004.75,28010.5,28002.0,28009.0,297
2026-07-28 05:29:00,28008.25,28018.5,28008.0,28013.0,590
2026-07-28 05:30:00,28013.25,28013.5,27991.75,27994.0,807
2026-07-28 05:31:00,27993.75,28000.75,27992.75,27995.0,339
2026-07-28 05:32:00,27995.5,27996.0,27985.0,27987.0,405
2026-07-28 05:33:00,27987.75,27991.75,27982.5,27991.75,391
2026-07-28 05:34:00,27991.5,27992.5,27982.25,27983.0,433
2026-07-28 05:35:00,27983.0,27987.75,27977.25,27985.75,665
2026-07-28 05:36:00,27986.0,27986.5,27977.75,27979.5,412
2026-07-28 05:37:00,27980.5,27983.25,27966.75,27971.0,764
2026-07-28 05:38:00,27970.75,27979.0,27969.5,27978.0,420
2026-07-28 05:39:00,27977.0,27980.0,27975.75,27977.25,227
2026-07-28 05:40:00,27978.25,27980.0,27973.0,27975.5,290
2026-07-28 05:41:00,27975.0,27984.0,27974.0,27976.25,378
2026-07-28 05:42:00,27978.0,27992.0,27976.0,27988.25,462
2026-07-28 05:43:00,27988.75,27989.5,27982.0,27983.5,235
2026-07-28 05:44:00,27982.75,27982.75,27966.5,27972.75,657
2026-07-28 05:45:00,27972.75,27978.75,27972.25,27975.75,242
2026-07-28 05:46:00,27976.0,27981.0,27971.75,27973.25,343
2026-07-28 05:47:00,27973.5,27976.0,27971.0,27972.5,200
2026-07-28 05:48:00,27971.0,27973.0,27967.25,27968.5,370
2026-07-28 05:49:00,27968.25,27974.25,27966.25,27974.0,257
2026-07-28 05:50:00,27973.75,27981.0,27973.25,27975.75,345
2026-07-28 05:51:00,27977.0,27977.0,27968.5,27970.75,255
2026-07-28 05:52:00,27971.0,27971.0,27962.75,27968.25,438
2026-07-28 05:53:00,27968.25,27970.0,27962.25,27964.0,254
2026-07-28 05:54:00,27963.5,27964.25,27959.5,27964.0,387
2026-07-28 05:55:00,27963.75,27965.25,27960.25,27962.5,203
2026-07-28 05:56:00,27963.25,27965.5,27953.25,27954.75,637
2026-07-28 05:57:00,27955.25,27958.25,27946.25,27947.75,890
2026-07-28 05:58:00,27946.75,27951.75,27941.75,27948.75,642
2026-07-28 05:59:00,27948.75,27959.0,27948.75,27956.5,466
2026-07-28 06:00:00,27956.5,27961.25,27948.5,27956.25,653
2026-07-28 06:01:00,27955.5,27961.25,27953.0,27957.5,293
2026-07-28 06:02:00,27957.5,27963.5,27955.0,27957.25,340
2026-07-28 06:03:00,27958.0,27960.0,27951.0,27958.75,370
2026-07-28 06:04:00,27958.5,27964.5,27958.5,27962.75,320
2026-07-28 06:05:00,27963.25,27964.5,27955.5,27958.5,253
2026-07-28 06:06:00,27958.5,27965.5,27957.0,27957.5,420
2026-07-28 06:07:00,27958.5,27966.25,27952.75,27961.0,388
2026-07-28 06:08:00,27961.0,27962.0,27951.25,27951.25,368
2026-07-28 06:09:00,27950.75,27965.0,27950.75,27962.0,371
2026-07-28 06:10:00,27961.75,27962.0,27954.0,27955.0,240
2026-07-28 06:11:00,27954.25,27960.0,27947.0,27960.0,483
2026-07-28 06:12:00,27959.75,27965.0,27956.25,27957.0,459
2026-07-28 06:13:00,27957.5,27963.0,27956.5,27958.0,163
2026-07-28 06:14:00,27957.75,27959.0,27949.25,27952.0,302
2026-07-28 06:15:00,27951.25,27955.75,27948.25,27948.5,205
2026-07-28 06:16:00,27949.5,27965.5,27948.0,27960.0,510
2026-07-28 06:17:00,27960.25,27967.5,27956.25,27964.75,362
2026-07-28 06:18:00,27964.5,27968.0,27959.0,27966.0,274
2026-07-28 06:19:00,27966.0,27969.75,27964.0,27968.5,276
2026-07-28 06:20:00,27967.75,27969.0,27958.5,27962.0,322
2026-07-28 06:21:00,27961.5,27962.5,27938.5,27946.5,960
2026-07-28 06:22:00,27946.25,27948.25,27937.75,27942.25,587
2026-07-28 06:23:00,27941.5,27942.5,27937.25,27938.75,304
2026-07-28 06:24:00,27938.75,27946.25,27938.75,27946.25,332
2026-07-28 06:25:00,27947.0,27949.5,27938.25,27939.0,392
2026-07-28 06:26:00,27938.75,27939.75,27933.25,27935.5,535
2026-07-28 06:27:00,27935.5,27945.25,27935.5,27944.75,304
2026-07-28 06:28:00,27945.25,27960.0,27945.25,27958.5,746
2026-07-28 06:29:00,27958.0,27968.75,27958.0,27968.5,494
2026-07-28 06:30:00,27967.75,27978.5,27961.5,27976.0,1537
2026-07-28 06:31:00,27976.0,27979.25,27971.5,27973.5,624
2026-07-28 06:32:00,27973.75,27981.25,27968.75,27978.5,476
2026-07-28 06:33:00,27978.0,27978.5,27962.0,27968.75,655
2026-07-28 06:34:00,27968.0,27974.25,27943.5,27949.0,1553
2026-07-28 06:35:00,27948.25,27952.25,27918.0,27932.75,2549
2026-07-28 06:36:00,27933.0,27943.75,27928.0,27941.25,735
2026-07-28 06:37:00,27941.75,27954.25,27940.75,27945.5,687
2026-07-28 06:38:00,27944.25,27946.75,27934.5,27937.75,447
2026-07-28 06:39:00,27938.25,27943.75,27921.5,27924.25,873
2026-07-28 06:40:00,27923.75,27923.75,27904.25,27911.5,1682
2026-07-28 06:41:00,27912.0,27916.25,27905.5,27908.0,715
2026-07-28 06:42:00,27908.25,27925.75,27907.25,27920.5,952
2026-07-28 06:43:00,27919.25,27922.75,27914.75,27918.5,384
2026-07-28 06:44:00,27918.25,27933.75,27918.0,27931.75,996
2026-07-28 06:45:00,27932.75,27935.5,27926.0,27928.75,561
2026-07-28 06:46:00,27929.25,27939.5,27928.0,27938.25,511
2026-07-28 06:47:00,27938.5,27942.5,27934.5,27940.5,653
2026-07-28 06:48:00,27939.25,27951.5,27931.5,27949.0,748
2026-07-28 06:49:00,27948.75,27949.25,27929.0,27931.5,515
2026-07-28 06:50:00,27930.75,27936.0,27929.5,27931.0,322
2026-07-28 06:51:00,27930.5,27939.0,27930.25,27938.5,336
2026-07-28 06:52:00,27937.25,27937.25,27925.25,27931.75,449
2026-07-28 06:53:00,27931.75,27945.5,27927.75,27942.75,466
2026-07-28 06:54:00,27941.5,27951.5,27941.25,27950.75,635
2026-07-28 06:55:00,27951.0,27952.75,27941.0,27947.0,643
2026-07-28 06:56:00,27946.25,27949.5,27939.5,27944.25,430
2026-07-28 06:57:00,27944.75,27945.75,27935.25,27939.75,361
2026-07-28 06:58:00,27939.75,27944.5,27936.5,27940.25,456
2026-07-28 06:59:00,27939.75,27946.25,27931.5,27944.25,1027
2026-07-28 07:00:00,27944.0,27952.75,27923.0,27935.5,2039
2026-07-28 07:01:00,27935.5,27937.75,27921.25,27922.5,736
2026-07-28 07:02:00,27922.25,27923.0,27902.0,27911.5,1718
2026-07-28 07:03:00,27911.0,27912.75,27896.5,27898.0,1316
2026-07-28 07:04:00,27897.25,27902.5,27890.5,27894.0,1001
2026-07-28 07:05:00,27893.25,27906.75,27886.25,27902.75,1343
2026-07-28 07:06:00,27903.5,27910.0,27896.25,27905.25,968
2026-07-28 07:07:00,27904.5,27905.0,27881.25,27888.25,1213
2026-07-28 07:08:00,27886.5,27897.75,27883.25,27892.25,694
2026-07-28 07:09:00,27891.75,27894.5,27887.25,27889.75,646
2026-07-28 07:10:00,27890.75,27895.75,27885.25,27895.0,601
2026-07-28 07:11:00,27894.5,27894.5,27879.75,27882.0,830
2026-07-28 07:12:00,27883.0,27891.75,27873.25,27876.25,998
2026-07-28 07:13:00,27875.75,27880.5,27872.0,27874.5,917
2026-07-28 07:14:00,27873.5,27880.5,27864.75,27869.25,1367
2026-07-28 07:15:00,27869.25,27936.75,27869.25,27918.75,4262
2026-07-28 07:16:00,27917.5,27921.0,27908.75,27909.0,1170
2026-07-28 07:17:00,27908.5,27922.0,27908.5,27915.25,741
2026-07-28 07:18:00,27915.75,27948.0,27912.25,27940.5,2281
2026-07-28 07:19:00,27940.75,27948.75,27938.25,27945.75,823
2026-07-28 07:20:00,27945.75,27958.75,27933.0,27933.75,1374
2026-07-28 07:21:00,27934.5,27942.75,27926.25,27929.75,932
2026-07-28 07:22:00,27928.25,27938.75,27916.75,27938.75,1052
2026-07-28 07:23:00,27939.0,27944.25,27934.0,27935.0,642
2026-07-28 07:24:00,27935.75,27942.75,27915.5,27916.5,769
2026-07-28 07:25:00,27917.25,27918.0,27905.25,27906.5,1227
2026-07-28 07:26:00,27905.75,27910.0,27894.0,27895.5,972
2026-07-28 07:27:00,27895.75,27897.0,27884.0,27889.5,1119
2026-07-28 07:28:00,27888.75,27893.0,27882.0,27889.0,814
2026-07-28 07:29:00,27889.0,27897.75,27882.75,27883.75,926
2026-07-28 07:30:00,27883.25,27887.5,27868.0,27877.25,1322
2026-07-28 07:31:00,27875.5,27885.5,27875.5,27885.25,673
2026-07-28 07:32:00,27885.75,27893.0,27882.25,27884.5,1001
2026-07-28 07:33:00,27884.25,27893.75,27882.25,27890.5,519
2026-07-28 07:34:00,27890.25,27895.75,27875.25,27876.5,767
2026-07-28 07:35:00,27875.5,27883.25,27873.0,27879.0,813
2026-07-28 07:36:00,27878.25,27928.5,27873.0,27911.5,2095
2026-07-28 07:37:00,27910.0,27912.5,27896.75,27899.75,814
2026-07-28 07:38:00,27899.75,27908.0,27893.25,27894.5,695
2026-07-28 07:39:00,27894.0,27894.0,27871.75,27873.75,903
2026-07-28 07:40:00,27873.25,27873.25,27856.0,27859.5,1639
2026-07-28 07:41:00,27859.25,27861.5,27849.0,27855.75,1279
2026-07-28 07:42:00,27856.0,27860.75,27850.75,27856.25,699
2026-07-28 07:43:00,27856.0,27869.25,27855.25,27862.0,789
2026-07-28 07:44:00,27862.75,27878.5,27859.25,27863.25,1060
2026-07-28 07:45:00,27862.75,27883.75,27859.75,27883.25,1169
2026-07-28 07:46:00,27882.5,27896.5,27879.0,27893.5,1061
2026-07-28 07:47:00,27893.5,27914.25,27890.5,27911.0,1051
2026-07-28 07:48:00,27911.25,27920.0,27908.0,27915.75,897
2026-07-28 07:49:00,27916.75,27920.25,27906.25,27909.5,839
2026-07-28 07:50:00,27909.25,27915.25,27898.25,27906.5,928
2026-07-28 07:51:00,27907.0,27923.75,27906.0,27922.75,745
2026-07-28 07:52:00,27921.25,27927.75,27919.25,27919.75,968
2026-07-28 07:53:00,27919.75,27921.5,27910.0,27918.0,799
2026-07-28 07:54:00,27917.75,27924.5,27914.0,27919.25,671
2026-07-28 07:55:00,27918.75,27933.0,27918.75,27922.75,904
2026-07-28 07:56:00,27922.25,27932.0,27920.0,27928.25,738
2026-07-28 07:57:00,27930.0,27936.75,27926.25,27928.5,774
2026-07-28 07:58:00,27927.5,27959.75,27927.25,27958.0,1735
2026-07-28 07:59:00,27959.0,27974.0,27959.0,27963.5,1566
2026-07-28 08:00:00,27962.5,27976.25,27960.25,27967.5,1390
2026-07-28 08:01:00,27968.0,27972.75,27955.5,27956.75,1063
2026-07-28 08:02:00,27956.75,27967.75,27951.75,27966.25,1119
2026-07-28 08:03:00,27966.25,27973.0,27959.0,27972.0,796
2026-07-28 08:04:00,27970.25,27994.5,27969.75,27983.0,1710
2026-07-28 08:05:00,27983.0,27992.0,27979.0,27987.75,904
2026-07-28 08:06:00,27986.75,28001.5,27978.25,27981.75,1547
2026-07-28 08:07:00,27981.75,27989.0,27975.0,27975.0,1017
2026-07-28 08:08:00,27975.25,27978.5,27969.75,27971.0,1037
2026-07-28 08:09:00,27970.0,27988.75,27970.0,27979.0,910
2026-07-28 08:10:00,27979.25,27982.75,27959.25,27966.25,1421
2026-07-28 08:11:00,27966.5,27968.5,27958.0,27958.0,601
2026-07-28 08:12:00,27958.5,27966.0,27955.0,27957.0,585
2026-07-28 08:13:00,27956.0,27961.75,27949.0,27961.0,963
2026-07-28 08:14:00,27960.75,27968.0,27958.5,27963.25,475
2026-07-28 08:15:00,27963.5,27969.5,27946.75,27954.25,760
2026-07-28 08:16:00,27954.75,27962.5,27948.25,27961.25,713
2026-07-28 08:17:00,27960.25,27965.0,27957.25,27960.5,612
2026-07-28 08:18:00,27959.5,27970.5,27958.0,27967.25,921
2026-07-28 08:19:00,27967.75,27973.0,27960.25,27969.5,883
2026-07-28 08:20:00,27968.75,27969.5,27958.5,27964.0,572
2026-07-28 08:21:00,27964.5,27977.25,27960.0,27974.0,742
2026-07-28 08:22:00,27974.0,27974.0,27963.0,27963.25,374
2026-07-28 08:23:00,27963.25,27981.0,27960.25,27967.5,563
2026-07-28 08:24:00,27967.5,27977.5,27954.25,27975.0,1059
2026-07-28 08:25:00,27975.0,27994.75,27968.5,27992.0,1286
2026-07-28 08:26:00,27992.0,27997.0,27983.25,27989.75,1000
2026-07-28 08:27:00,27990.25,28019.0,27988.5,28012.0,2705
2026-07-28 08:28:00,28011.0,28011.5,27997.0,27997.75,854
2026-07-28 08:29:00,27997.75,28011.0,27993.25,28010.5,831
2026-07-28 08:30:00,28010.5,28028.0,28005.5,28023.0,1759
2026-07-28 08:31:00,28022.25,28023.5,27994.0,28003.75,1662
2026-07-28 08:32:00,28002.0,28012.25,28001.0,28010.5,666
2026-07-28 08:33:00,28011.0,28015.75,27991.0,27996.0,947
2026-07-28 08:34:00,27997.25,28001.25,27966.25,27978.75,2737
2026-07-28 08:35:00,27979.0,27984.25,27970.25,27978.5,1063
2026-07-28 08:36:00,27978.5,27998.5,27969.5,27990.75,1493
2026-07-28 08:37:00,27990.25,27994.25,27968.75,27973.5,1124
2026-07-28 08:38:00,27972.75,27982.0,27970.5,27971.75,722
2026-07-28 08:39:00,27973.0,27973.5,27963.75,27965.5,877
2026-07-28 08:40:00,27965.25,27982.0,27962.0,27962.25,1194
2026-07-28 08:41:00,27963.0,27970.5,27955.75,27966.25,1562
2026-07-28 08:42:00,27966.0,27997.75,27965.25,27992.75,1547
2026-07-28 08:43:00,27992.25,28007.0,27989.0,28000.75,1655
2026-07-28 08:44:00,28000.75,28018.5,27998.25,28010.0,1501
2026-07-28 08:45:00,28009.5,28014.5,28006.0,28012.5,894
2026-07-28 08:46:00,28011.75,28034.0,28009.5,28019.75,2180
2026-07-28 08:47:00,28019.5,28026.25,28012.5,28017.75,927
2026-07-28 08:48:00,28016.25,28019.0,28007.75,28010.5,840
2026-07-28 08:49:00,28012.25,28017.75,28000.25,28007.25,1230
2026-07-28 08:50:00,28007.25,28010.25,27982.5,27983.25,1688
2026-07-28 08:51:00,27982.75,27988.25,27978.75,27987.5,969
2026-07-28 08:52:00,27987.75,27993.0,27984.0,27987.0,662
2026-07-28 08:53:00,27986.0,27990.75,27981.25,27984.0,507
2026-07-28 08:54:00,27983.5,28013.5,27981.75,28008.5,1451
2026-07-28 08:55:00,28008.75,28018.5,28003.75,28010.25,1043
2026-07-28 08:56:00,28010.5,28017.25,28006.75,28012.25,603
2026-07-28 08:57:00,28013.0,28015.75,28007.25,28009.25,695
2026-07-28 08:58:00,28008.0,28008.5,27992.75,27997.0,934
2026-07-28 08:59:00,27996.25,27998.5,27992.0,27993.75,507
2026-07-28 09:00:00,27993.0,28005.25,27984.5,27987.0,1551
2026-07-28 09:01:00,27986.5,27992.5,27976.75,27986.5,1345
2026-07-28 09:02:00,27986.25,27993.0,27980.0,27984.0,982
2026-07-28 09:03:00,27984.5,27992.5,27973.75,27980.0,1222
2026-07-28 09:04:00,27978.25,27985.5,27975.5,27978.5,636
2026-07-28 09:05:00,27978.25,27984.25,27974.0,27981.25,562
2026-07-28 09:06:00,27981.75,28012.0,27981.75,28006.5,1913
2026-07-28 09:07:00,28005.5,28016.25,28004.25,28016.25,1162
2026-07-28 09:08:00,28015.75,28027.5,28009.75,28019.75,1385
2026-07-28 09:09:00,28020.25,28024.0,28016.5,28017.0,805
2026-07-28 09:10:00,28017.25,28023.5,28010.5,28019.75,1668
2026-07-28 09:11:00,28020.5,28022.25,28002.0,28004.25,1414
2026-07-28 09:12:00,28004.5,28008.75,27998.0,28000.5,1182
2026-07-28 09:13:00,28001.5,28006.75,27999.0,28004.0,699
2026-07-28 09:14:00,28004.25,28005.75,27996.0,28001.25,780
2026-07-28 09:15:00,28001.25,28003.75,27995.25,28000.0,928
2026-07-28 09:16:00,28000.75,28010.0,27996.5,28003.75,866
2026-07-28 09:17:00,28004.75,28014.5,28001.25,28007.75,1038
2026-07-28 09:18:00,28007.75,28028.5,28005.75,28028.5,1840
2026-07-28 09:19:00,28028.5,28028.5,28011.5,28014.25,1017
2026-07-28 09:20:00,28013.75,28021.25,28010.75,28017.75,749
2026-07-28 09:21:00,28017.25,28020.75,28008.75,28016.5,881
2026-07-28 09:22:00,28015.75,28020.0,27993.75,27997.0,1357
2026-07-28 09:23:00,27997.5,27999.25,27986.5,27988.25,1484
2026-07-28 09:24:00,27987.5,28002.0,27986.25,27999.25,1389
2026-07-28 09:25:00,27998.25,27998.25,27969.0,27977.5,2972
2026-07-28 09:26:00,27977.75,27982.0,27967.5,27975.75,1204
2026-07-28 09:27:00,27976.0,27977.5,27951.75,27967.0,3109
2026-07-28 09:28:00,27965.75,27965.75,27939.0,27947.5,4094
2026-07-28 09:29:00,27948.0,27956.0,27937.75,27952.5,3027
2026-07-28 09:30:00,27950.5,27993.0,27929.0,27943.25,15443
2026-07-28 09:31:00,27944.75,27949.5,27899.0,27910.5,14663
2026-07-28 09:32:00,27909.5,27918.5,27871.0,27897.75,13309
2026-07-28 09:33:00,27897.0,27918.25,27883.0,27904.75,10436
2026-07-28 09:34:00,27903.75,27916.25,27875.75,27876.75,8756
2026-07-28 09:35:00,27876.75,27918.25,27875.25,27912.5,9339
2026-07-28 09:36:00,27913.25,27926.25,27852.25,27860.5,13465
2026-07-28 09:37:00,27860.75,27880.5,27823.0,27835.25,13191
2026-07-28 09:38:00,27835.0,27847.25,27810.75,27812.0,10067
2026-07-28 09:39:00,27811.75,27817.5,27788.0,27791.75,11462
2026-07-28 09:40:00,27791.5,27835.0,27787.0,27814.0,13899
2026-07-28 09:41:00,27814.0,27841.0,27799.5,27812.0,11801
2026-07-28 09:42:00,27811.0,27816.0,27760.25,27762.75,14557
2026-07-28 09:43:00,27762.25,27769.5,27728.25,27737.0,14130
2026-07-28 09:44:00,27736.75,27773.0,27735.0,27750.0,10318
2026-07-28 09:45:00,27749.5,27764.5,27705.75,27711.25,14397
2026-07-28 09:46:00,27711.75,27711.75,27673.0,27683.25,15001
2026-07-28 09:47:00,27684.25,27687.75,27658.5,27660.0,11168
2026-07-28 09:48:00,27660.25,27733.0,27659.25,27727.25,15086
2026-07-28 09:49:00,27727.5,27758.0,27716.0,27755.25,14324
2026-07-28 09:50:00,27755.5,27797.75,27718.75,27723.0,20049
2026-07-28 09:51:00,27722.5,27748.0,27702.5,27727.75,12043
2026-07-28 09:52:00,27727.0,27786.5,27723.0,27753.75,12111
2026-07-28 09:53:00,27753.0,27756.25,27682.75,27716.75,15093
2026-07-28 09:54:00,27717.0,27735.25,27692.0,27696.0,9115
2026-07-28 09:55:00,27696.75,27708.5,27671.0,27676.25,10462
2026-07-28 09:56:00,27676.25,27711.25,27662.25,27708.5,11136
2026-07-28 09:57:00,27708.0,27723.0,27679.25,27688.25,8350
2026-07-28 09:58:00,27686.75,27689.75,27663.0,27665.75,5237
2026-07-28 09:59:00,27666.0,27693.25,27640.25,27666.0,9050
2026-07-28 10:00:00,27662.75,27732.5,27650.25,27725.75,12782
2026-07-28 10:01:00,27726.0,27735.0,27694.25,27705.0,7744
2026-07-28 10:02:00,27706.25,27749.5,27705.25,27730.0,9146
2026-07-28 10:03:00,27730.5,27739.75,27711.5,27717.25,6649
2026-07-28 10:04:00,27717.0,27734.25,27695.0,27714.75,7841
2026-07-28 10:05:00,27714.25,27772.0,27705.25,27766.75,11025
2026-07-28 10:06:00,27766.5,27782.25,27740.25,27781.25,10784
2026-07-28 10:07:00,27780.75,27793.0,27720.0,27724.25,11507
2026-07-28 10:08:00,27724.0,27727.25,27667.25,27695.0,13331
2026-07-28 10:09:00,27695.0,27702.75,27673.5,27673.5,7139
2026-07-28 10:10:00,27673.75,27719.25,27665.25,27700.25,10228
2026-07-28 10:11:00,27700.5,27724.0,27692.25,27723.25,7620
2026-07-28 10:12:00,27722.75,27731.25,27660.0,27662.25,9702
2026-07-28 10:13:00,27662.0,27686.75,27647.25,27652.0,10847
2026-07-28 10:14:00,27651.75,27652.75,27608.0,27630.0,14697
2026-07-28 10:15:00,27630.75,27657.0,27615.0,27644.75,11010
2026-07-28 10:16:00,27644.75,27652.75,27603.25,27611.25,8635
2026-07-28 10:17:00,27611.25,27629.75,27607.0,27623.5,7524
2026-07-28 10:18:00,27623.75,27647.75,27611.25,27637.5,8509
2026-07-28 10:19:00,27636.0,27641.0,27613.0,27614.5,6196
2026-07-28 10:20:00,27614.25,27642.25,27613.5,27618.5,6367
2026-07-28 10:21:00,27620.25,27678.5,27606.0,27676.0,11134
2026-07-28 10:22:00,27676.0,27688.0,27618.5,27631.25,11685
2026-07-28 10:23:00,27631.5,27699.75,27623.75,27697.75,11092
2026-07-28 10:24:00,27698.0,27717.75,27669.5,27676.25,11264
2026-07-28 10:25:00,27676.25,27692.0,27659.5,27682.75,7603
2026-07-28 10:26:00,27682.5,27701.5,27671.5,27692.75,7827
2026-07-28 10:27:00,27693.25,27712.75,27680.25,27689.25,8193
2026-07-28 10:28:00,27690.0,27708.75,27681.0,27683.25,6100
2026-07-28 10:29:00,27683.25,27713.5,27676.75,27706.25,6774
2026-07-28 10:30:00,27706.25,27724.25,27668.75,27685.75,10854
2026-07-28 10:31:00,27685.75,27720.25,27676.75,27707.75,7794
2026-07-28 10:32:00,27708.75,27729.0,27688.5,27707.25,7645
2026-07-28 10:33:00,27707.25,27715.25,27686.25,27707.75,5440
2026-07-28 10:34:00,27707.0,27719.25,27671.25,27678.5,5499
2026-07-28 10:35:00,27678.5,27732.5,27672.25,27732.0,6980
2026-07-28 10:36:00,27731.75,27761.5,27726.5,27745.0,10428
2026-07-28 10:37:00,27745.75,27762.5,27733.5,27754.25,5299
2026-07-28 10:38:00,27755.5,27762.75,27713.75,27715.0,7000
2026-07-28 10:39:00,27714.75,27730.0,27694.5,27723.75,6897
2026-07-28 10:40:00,27722.5,27756.75,27713.5,27754.5,6350
2026-07-28 10:41:00,27754.25,27777.0,27749.25,27770.5,7724
2026-07-28 10:42:00,27770.25,27773.5,27753.5,27772.0,4231
2026-07-28 10:43:00,27772.25,27792.25,27762.25,27782.5,6609
2026-07-28 10:44:00,27782.25,27793.0,27768.0,27772.25,4831
2026-07-28 10:45:00,27771.0,27785.0,27744.75,27750.5,6732
2026-07-28 10:46:00,27750.0,27783.5,27745.5,27783.0,5307
2026-07-28 10:47:00,27782.0,27811.0,27779.25,27806.25,7808
2026-07-28 10:48:00,27805.25,27844.25,27803.5,27840.25,9906
2026-07-28 10:49:00,27839.5,27855.75,27834.0,27850.5,7409
2026-07-28 10:50:00,27850.0,27878.25,27847.75,27863.25,8964
2026-07-28 10:51:00,27863.5,27888.75,27857.25,27882.75,7182
2026-07-28 10:52:00,27882.25,27888.5,27851.5,27858.0,8096
2026-07-28 10:53:00,27858.75,27892.5,27858.0,27875.0,7193
2026-07-28 10:54:00,27875.0,27875.25,27851.0,27853.0,5578
2026-07-28 10:55:00,27853.0,27876.0,27838.25,27859.75,9546
2026-07-28 10:56:00,27860.25,27863.0,27835.5,27844.75,6171
2026-07-28 10:57:00,27844.5,27844.75,27809.0,27820.25,7750
2026-07-28 10:58:00,27819.75,27825.0,27810.0,27812.5,4874
2026-07-28 10:59:00,27812.25,27822.25,27797.25,27802.5,6469
2026-07-28 11:00:00,27802.75,27835.5,27799.0,27833.5,7984
2026-07-28 11:01:00,27832.75,27838.75,27809.0,27821.5,6536
2026-07-28 11:02:00,27822.25,27829.25,27798.75,27812.25,5795
2026-07-28 11:03:00,27811.75,27820.0,27791.75,27797.25,5394
2026-07-28 11:04:00,27797.75,27807.75,27779.75,27780.5,6374
2026-07-28 11:05:00,27780.75,27798.75,27767.25,27797.5,7204
2026-07-28 11:06:00,27797.75,27837.5,27796.0,27810.0,9376
2026-07-28 11:07:00,27811.0,27811.25,27778.75,27796.5,6609
2026-07-28 11:08:00,27796.5,27811.75,27787.5,27797.5,5252
2026-07-28 11:09:00,27798.0,27827.0,27796.75,27825.5,6126
2026-07-28 11:10:00,27825.5,27883.25,27815.75,27822.75,13152
2026-07-28 11:11:00,27822.0,27836.5,27801.0,27823.25,5256
2026-07-28 11:12:00,27824.0,27875.25,27811.75,27862.5,7427
2026-07-28 11:13:00,27863.0,27867.0,27840.25,27859.25,4737
2026-07-28 11:14:00,27859.25,27878.75,27850.5,27854.0,4790
2026-07-28 11:15:00,27853.25,27863.25,27836.25,27861.25,5234
2026-07-28 11:16:00,27861.0,27881.0,27858.25,27863.75,5038
2026-07-28 11:17:00,27863.25,27883.25,27848.5,27877.75,5176
2026-07-28 11:18:00,27877.75,27918.5,27872.25,27911.5,9162
2026-07-28 11:19:00,27911.5,27916.75,27896.0,27915.75,4774
2026-07-28 11:20:00,27915.75,27963.25,27914.25,27952.25,9845
2026-07-28 11:21:00,27952.25,27959.75,27943.75,27953.75,5247
2026-07-28 11:22:00,27953.25,27966.0,27947.0,27953.25,6075
2026-07-28 11:23:00,27953.25,27971.0,27951.5,27961.25,3740
2026-07-28 11:24:00,27961.25,27976.0,27950.75,27974.25,3949
2026-07-28 11:25:00,27974.25,27987.5,27970.75,27979.5,5637
2026-07-28 11:26:00,27979.75,28010.75,27977.0,28000.5,8688
2026-07-28 11:27:00,28000.0,28001.25,27972.25,27975.5,6693
2026-07-28 11:28:00,27975.5,27975.5,27963.25,27971.5,5829
2026-07-28 11:29:00,27971.75,27977.5,27955.5,27964.5,4618
2026-07-28 11:30:00,27964.5,27985.75,27954.5,27956.75,6481
2026-07-28 11:31:00,27957.25,27964.5,27948.75,27964.0,4731
2026-07-28 11:32:00,27963.25,27984.75,27959.5,27974.25,4265
2026-07-28 11:33:00,27974.5,27987.0,27970.0,27985.0,3219
2026-07-28 11:34:00,27985.5,27995.0,27976.25,27979.75,4315
2026-07-28 11:35:00,27980.0,28003.75,27975.75,28002.0,4394
2026-07-28 11:36:00,28001.25,28012.5,28000.25,28006.75,3936
2026-07-28 11:37:00,28006.0,28007.25,27987.0,28003.0,3559
2026-07-28 11:38:00,28003.0,28017.25,27997.25,28012.75,4199
2026-07-28 11:39:00,28013.25,28015.0,28001.5,28005.75,3106
2026-07-28 11:40:00,28005.5,28010.5,27989.5,27998.75,3782
2026-07-28 11:41:00,27998.0,28013.0,27992.5,28001.0,2826
2026-07-28 11:42:00,28000.75,28006.5,27991.0,27996.25,2210
2026-07-28 11:43:00,27995.75,28023.25,27989.25,28022.25,4783
2026-07-28 11:44:00,28021.5,28035.0,28019.25,28031.75,4624
2026-07-28 11:45:00,28031.5,28046.0,28029.25,28035.75,5200
2026-07-28 11:46:00,28036.25,28052.0,28032.5,28049.5,4460
2026-07-28 11:47:00,28049.0,28052.5,28042.75,28045.25,3294
2026-07-28 11:48:00,28045.25,28058.75,28042.0,28057.75,3129
2026-07-28 11:49:00,28058.0,28062.5,28044.25,28044.5,4319
2026-07-28 11:50:00,28044.75,28049.0,28021.0,28023.75,6681
2026-07-28 11:51:00,28024.0,28030.5,28014.5,28025.75,4496
2026-07-28 11:52:00,28025.75,28031.75,28010.25,28031.5,3568
2026-07-28 11:53:00,28031.25,28057.25,28027.75,28053.75,4919
2026-07-28 11:54:00,28053.75,28055.75,28032.5,28033.25,3985
2026-07-28 11:55:00,28033.5,28036.0,28015.25,28020.0,4143
2026-07-28 11:56:00,28019.75,28045.0,28019.5,28043.0,4114
2026-07-28 11:57:00,28043.0,28051.5,28037.0,28050.0,3022
2026-07-28 11:58:00,28050.0,28062.75,28043.0,28043.25,4731
2026-07-28 11:59:00,28044.0,28049.25,28035.5,28048.5,2879
2026-07-28 12:00:00,28048.0,28066.5,28033.25,28062.75,6302
2026-07-28 12:01:00,28062.75,28068.75,28053.25,28054.75,4039
2026-07-28 12:02:00,28055.25,28067.5,28046.5,28046.5,3249
2026-07-28 12:03:00,28047.0,28058.5,28040.0,28054.5,3243
2026-07-28 12:04:00,28054.75,28054.75,28040.25,28051.25,2502
2026-07-28 12:05:00,28050.75,28065.0,28050.25,28052.0,2976
2026-07-28 12:06:00,28051.5,28054.75,28036.0,28051.25,3521
2026-07-28 12:07:00,28051.25,28051.25,28013.5,28014.5,4679
2026-07-28 12:08:00,28014.5,28019.5,28009.25,28015.5,4251
2026-07-28 12:09:00,28015.75,28024.75,28007.0,28007.5,3464
2026-07-28 12:10:00,28007.75,28018.0,28005.0,28011.0,3347
2026-07-28 12:11:00,28010.75,28029.0,28009.75,28024.75,4145
2026-07-28 12:12:00,28024.5,28026.5,28010.75,28019.0,2427
2026-07-28 12:13:00,28019.25,28024.5,28000.25,28003.0,3683
2026-07-28 12:14:00,28002.75,28008.5,27997.0,28008.0,3114
2026-07-28 12:15:00,28007.75,28017.5,27993.5,27998.5,4210
2026-07-28 12:16:00,27998.5,28003.0,27993.0,27994.5,2103
2026-07-28 12:17:00,27994.5,28009.5,27993.75,27994.75,2803
2026-07-28 12:18:00,27995.75,28007.5,27992.25,27999.25,2033
2026-07-28 12:19:00,27999.25,28032.5,27998.25,28030.5,4386
2026-07-28 12:20:00,28029.75,28047.0,28025.75,28031.75,5087
2026-07-28 12:21:00,28032.25,28034.5,28013.25,28022.75,2959
2026-07-28 12:22:00,28022.75,28028.5,28007.75,28012.0,2895
2026-07-28 12:23:00,28011.75,28012.0,27991.25,27994.25,4020
2026-07-28 12:24:00,27994.5,28002.0,27988.0,27998.75,3129
2026-07-28 12:25:00,27998.75,28006.5,27990.75,28005.75,2156
2026-07-28 12:26:00,28005.75,28007.75,27995.25,27997.25,2283
2026-07-28 12:27:00,27997.25,28005.25,27984.5,28000.0,3030
2026-07-28 12:28:00,28000.75,28010.5,27995.25,27998.25,2294
2026-07-28 12:29:00,27998.25,28007.25,27993.25,27994.75,1700
2026-07-28 12:30:00,27995.25,27997.0,27962.75,27963.75,5717
2026-07-28 12:31:00,27964.0,27966.75,27954.0,27964.75,4792
2026-07-28 12:32:00,27965.5,27986.75,27958.75,27985.0,4608
2026-07-28 12:33:00,27985.0,27996.5,27974.0,27975.75,3648
2026-07-28 12:34:00,27976.25,27994.0,27973.0,27976.0,2678
2026-07-28 12:35:00,27976.25,27988.5,27974.5,27978.25,2284
2026-07-28 12:36:00,27978.25,27982.25,27967.75,27979.0,2385
2026-07-28 12:37:00,27978.75,27985.0,27972.25,27982.0,2320
2026-07-28 12:38:00,27982.25,28012.5,27980.0,28006.75,4961
2026-07-28 12:39:00,28007.75,28024.5,27999.5,28023.75,4028
2026-07-28 12:40:00,28023.0,28032.25,28018.0,28023.0,4256
2026-07-28 12:41:00,28023.0,28037.0,28021.25,28036.75,2773
2026-07-28 12:42:00,28037.25,28040.25,28013.25,28017.75,3450
2026-07-28 12:43:00,28017.5,28042.0,28017.0,28042.0,2924
2026-07-28 12:44:00,28041.5,28043.75,28021.5,28032.0,3539
2026-07-28 12:45:00,28032.25,28041.0,28023.25,28027.25,3218
2026-07-28 12:46:00,28027.0,28031.25,27992.5,27996.0,5041
2026-07-28 12:47:00,27996.5,28023.25,27996.0,28017.5,3275
2026-07-28 12:48:00,28017.5,28023.25,28001.0,28008.75,3212
2026-07-28 12:49:00,28008.0,28021.0,28005.0,28016.75,2269
2026-07-28 12:50:00,28016.0,28048.25,28015.0,28045.75,4535
2026-07-28 12:51:00,28045.75,28071.75,28045.25,28067.75,5306
2026-07-28 12:52:00,28067.75,28074.0,28060.75,28065.0,3176
2026-07-28 12:53:00,28063.75,28079.75,28062.25,28064.0,3433
2026-07-28 12:54:00,28064.25,28074.75,28063.0,28069.25,1978
2026-07-28 12:55:00,28068.75,28068.75,28058.25,28068.0,2398
2026-07-28 12:56:00,28068.75,28078.0,28060.25,28076.25,2510
2026-07-28 12:57:00,28075.5,28078.0,28059.0,28065.75,2255
2026-07-28 12:58:00,28065.25,28065.5,28052.0,28056.75,2308
2026-07-28 12:59:00,28056.5,28063.75,28054.0,28057.75,1789
2026-07-28 13:00:00,28058.0,28066.5,28044.5,28054.75,3177
2026-07-28 13:01:00,28055.0,28066.0,28053.5,28056.25,1549
2026-07-28 13:02:00,28055.5,28061.25,28027.0,28035.75,4858
2026-07-28 13:03:00,28035.75,28041.0,28022.0,28027.75,3246
2026-07-28 13:04:00,28028.0,28029.25,28017.0,28020.5,2385
2026-07-28 13:05:00,28020.75,28028.0,28013.0,28016.75,2838
2026-07-28 13:06:00,28016.75,28030.75,28004.0,28021.0,4826
2026-07-28 13:07:00,28020.75,28028.0,28015.5,28026.5,2393
2026-07-28 13:08:00,28026.75,28030.5,27997.75,27998.0,3634
2026-07-28 13:09:00,27998.75,28002.25,27982.25,27986.25,5063
2026-07-28 13:10:00,27986.5,27988.5,27968.75,27988.25,4442
2026-07-28 13:11:00,27987.25,27994.75,27979.75,27994.0,2941
2026-07-28 13:12:00,27994.25,28009.25,27990.0,27996.25,3370
2026-07-28 13:13:00,27996.25,27998.25,27975.0,27989.5,3275
2026-07-28 13:14:00,27989.0,27992.25,27981.5,27988.5,2575
2026-07-28 13:15:00,27988.0,27997.25,27981.5,27991.25,2365
2026-07-28 13:16:00,27991.5,27993.0,27980.25,27990.75,1870
2026-07-28 13:17:00,27992.0,27992.5,27973.25,27977.25,2078
2026-07-28 13:18:00,27976.75,27985.0,27976.25,27982.0,1525
2026-07-28 13:19:00,27981.75,27996.25,27976.25,27992.75,3068
2026-07-28 13:20:00,27993.0,28036.25,27985.25,28026.25,7304
2026-07-28 13:21:00,28027.0,28045.75,28008.75,28011.25,4918
2026-07-28 13:22:00,28010.75,28014.5,27995.0,28008.25,2505
2026-07-28 13:23:00,28007.25,28019.0,28002.75,28007.5,2005
2026-07-28 13:24:00,28006.25,28013.75,27987.0,27987.5,2073
2026-07-28 13:25:00,27986.75,27991.5,27975.0,27990.25,3471
2026-07-28 13:26:00,27990.0,28002.25,27989.0,27997.75,2210
2026-07-28 13:27:00,27998.0,28016.0,27997.75,28010.5,2660
2026-07-28 13:28:00,28010.75,28020.75,28000.25,28001.25,2346
2026-07-28 13:29:00,28001.75,28013.25,27996.0,27996.0,1689
2026-07-28 13:30:00,27996.75,28004.0,27988.5,28000.0,2119
2026-07-28 13:31:00,28001.5,28001.75,27990.25,27994.0,1314
2026-07-28 13:32:00,27994.25,28001.5,27991.0,27999.75,1309
2026-07-28 13:33:00,27999.0,28024.25,27996.5,28016.5,4013
2026-07-28 13:34:00,28016.0,28032.75,28015.75,28021.75,2537
2026-07-28 13:35:00,28022.0,28042.25,28021.5,28023.5,2768
2026-07-28 13:36:00,28023.0,28023.5,28007.25,28007.25,2072
2026-07-28 13:37:00,28007.25,28015.75,28003.0,28003.25,1584
2026-07-28 13:38:00,28002.75,28013.25,27999.25,28008.75,1455
2026-07-28 13:39:00,28009.0,28010.75,27991.5,27993.75,1835
2026-07-28 13:40:00,27993.5,28010.0,27986.25,27995.25,3598
2026-07-28 13:41:00,27995.5,27997.75,27978.25,27979.75,2088
2026-07-28 13:42:00,27980.0,27985.75,27975.75,27975.75,2077
2026-07-28 13:43:00,27975.75,27978.75,27956.25,27960.0,3270
2026-07-28 13:44:00,27960.0,27960.0,27949.25,27954.5,3076
2026-07-28 13:45:00,27954.5,27962.5,27942.5,27950.25,3051
2026-07-28 13:46:00,27950.0,27955.0,27944.0,27952.75,2050
2026-07-28 13:47:00,27952.5,27963.25,27939.0,27943.25,3260
2026-07-28 13:48:00,27943.0,27978.75,27942.5,27972.5,4283
2026-07-28 13:49:00,27972.25,27985.75,27966.5,27979.5,3090
2026-07-28 13:50:00,27979.25,27979.25,27957.25,27962.0,2627
2026-07-28 13:51:00,27961.75,27961.75,27949.5,27957.25,1759
2026-07-28 13:52:00,27956.75,27966.5,27943.5,27944.5,2149
2026-07-28 13:53:00,27944.75,27951.75,27943.5,27950.5,1458
2026-07-28 13:54:00,27950.0,27954.25,27936.5,27941.25,2859
2026-07-28 13:55:00,27940.75,27944.25,27924.5,27931.5,3572
2026-07-28 13:56:00,27931.75,27949.5,27928.5,27949.0,2741
2026-07-28 13:57:00,27948.5,27951.0,27939.75,27946.75,1662
2026-07-28 13:58:00,27947.0,27959.0,27940.75,27957.25,2206
2026-07-28 13:59:00,27957.75,27974.5,27957.5,27974.0,2825
2026-07-28 14:00:00,27974.5,27999.75,27966.25,27991.0,5809
2026-07-28 14:01:00,27990.25,27994.75,27958.75,27958.75,3814
2026-07-28 14:02:00,27958.75,27976.0,27954.5,27964.75,3387
2026-07-28 14:03:00,27964.5,27969.75,27957.75,27962.25,2542
2026-07-28 14:04:00,27962.0,27971.75,27952.75,27969.25,2389
2026-07-28 14:05:00,27968.75,27974.0,27956.75,27960.0,2297
2026-07-28 14:06:00,27959.5,27963.0,27947.5,27952.0,2286
2026-07-28 14:07:00,27952.0,27953.25,27937.25,27946.0,3080
2026-07-28 14:08:00,27946.75,27952.25,27940.0,27942.5,1763
2026-07-28 14:09:00,27942.25,27947.75,27939.5,27944.5,1327
2026-07-28 14:10:00,27944.5,27949.75,27935.0,27938.75,2342
2026-07-28 14:11:00,27938.5,27944.0,27924.0,27928.0,2702
2026-07-28 14:12:00,27927.5,27938.25,27924.25,27936.75,2466
2026-07-28 14:13:00,27937.25,27940.25,27917.5,27928.75,3227
2026-07-28 14:14:00,27928.75,27929.25,27915.0,27917.25,2127
2026-07-28 14:15:00,27917.75,27938.0,27915.25,27935.5,3073
2026-07-28 14:16:00,27935.0,27938.0,27923.25,27935.5,2112
2026-07-28 14:17:00,27935.75,27936.75,27912.0,27922.0,2616
2026-07-28 14:18:00,27921.5,27929.0,27919.5,27924.5,1517
2026-07-28 14:19:00,27925.0,27934.0,27916.75,27929.0,2172
2026-07-28 14:20:00,27929.25,27944.25,27924.0,27943.25,2891
2026-07-28 14:21:00,27943.5,27946.0,27929.25,27933.5,2714
2026-07-28 14:22:00,27933.5,27944.25,27928.0,27943.5,1983
2026-07-28 14:23:00,27943.75,27948.0,27922.0,27929.0,2603
2026-07-28 14:24:00,27928.5,27935.5,27924.5,27926.25,1236
2026-07-28 14:25:00,27926.25,27936.5,27920.25,27930.25,2055
2026-07-28 14:26:00,27930.25,27935.5,27924.5,27926.0,1418
2026-07-28 14:27:00,27926.25,27926.25,27917.0,27920.75,2139
2026-07-28 14:28:00,27921.5,27928.75,27914.0,27917.75,2349
2026-07-28 14:29:00,27918.25,27927.0,27918.0,27926.5,1422
2026-07-28 14:30:00,27926.5,27942.75,27920.0,27932.5,3620
2026-07-28 14:31:00,27932.0,27936.75,27924.5,27929.0,2125
2026-07-28 14:32:00,27929.25,27936.25,27925.75,27931.0,1707
2026-07-28 14:33:00,27931.5,27955.25,27929.5,27953.75,3544
2026-07-28 14:34:00,27954.0,27963.25,27942.5,27946.5,3752
2026-07-28 14:35:00,27947.25,27954.0,27937.75,27948.5,2449
2026-07-28 14:36:00,27949.25,27953.25,27935.5,27944.0,2289
2026-07-28 14:37:00,27944.25,27949.0,27939.75,27947.5,1402
2026-07-28 14:38:00,27948.0,27958.0,27942.0,27952.0,1907
2026-07-28 14:39:00,27951.5,27951.5,27930.25,27932.0,2367
2026-07-28 14:40:00,27932.5,27937.5,27922.0,27929.25,2961
2026-07-28 14:41:00,27930.0,27933.75,27924.0,27927.5,1303
2026-07-28 14:42:00,27927.5,27933.25,27920.25,27923.75,1756
2026-07-28 14:43:00,27924.0,27938.25,27921.75,27936.0,1652
2026-07-28 14:44:00,27936.0,27945.25,27926.75,27938.25,2162
2026-07-28 14:45:00,27937.75,27953.0,27928.75,27951.5,2277
2026-07-28 14:46:00,27951.25,27970.0,27946.25,27970.0,3097
2026-07-28 14:47:00,27969.75,27975.25,27960.75,27963.5,3212
2026-07-28 14:48:00,27963.25,27967.0,27951.25,27952.75,1976
2026-07-28 14:49:00,27953.0,27962.25,27948.0,27955.25,1675
2026-07-28 14:50:00,27955.5,27970.75,27954.75,27967.25,2295
2026-07-28 14:51:00,27966.5,27978.0,27962.5,27964.25,2415
2026-07-28 14:52:00,27964.0,27969.0,27950.0,27952.0,2303
2026-07-28 14:53:00,27952.0,27958.0,27943.75,27946.5,2180
2026-07-28 14:54:00,27946.5,27955.5,27944.0,27952.25,1797
2026-07-28 14:55:00,27952.0,27967.5,27938.75,27964.5,2898
2026-07-28 14:56:00,27964.75,27969.75,27959.25,27966.25,2314
2026-07-28 14:57:00,27966.25,27975.25,27962.75,27969.5,1898
2026-07-28 14:58:00,27969.0,27979.5,27963.0,27974.25,1977
2026-07-28 14:59:00,27974.25,27978.75,27972.5,27972.5,1242
2026-07-28 15:00:00,27972.25,27999.25,27971.75,27989.0,4513
2026-07-28 15:01:00,27988.75,27998.5,27988.0,27995.25,2081
2026-07-28 15:02:00,27995.0,28003.25,27986.75,27997.75,3027
2026-07-28 15:03:00,27997.5,28013.5,27995.0,28008.75,3595
2026-07-28 15:04:00,28008.5,28020.0,28005.0,28015.75,2776
2026-07-28 15:05:00,28016.0,28021.25,28003.75,28018.5,3037
2026-07-28 15:06:00,28018.25,28021.75,27993.0,27999.75,3524
2026-07-28 15:07:00,28000.0,28010.5,27992.25,27992.25,2430
2026-07-28 15:08:00,27992.75,27992.75,27975.75,27978.75,3944
2026-07-28 15:09:00,27978.5,27991.25,27976.75,27979.25,2323
2026-07-28 15:10:00,27978.75,27993.25,27974.75,27981.0,2357
2026-07-28 15:11:00,27981.0,27989.75,27975.5,27987.0,2031
2026-07-28 15:12:00,27987.0,27987.0,27974.25,27974.75,1483
2026-07-28 15:13:00,27975.25,27988.5,27972.0,27986.75,2137
2026-07-28 15:14:00,27986.75,27989.75,27978.5,27987.0,1385
2026-07-28 15:15:00,27986.75,27995.25,27974.25,27976.5,2560
2026-07-28 15:16:00,27975.75,27982.75,27968.0,27971.5,2538
2026-07-28 15:17:00,27971.0,27980.75,27964.25,27969.5,2367
2026-07-28 15:18:00,27970.0,27988.25,27969.0,27983.25,2291
2026-07-28 15:19:00,27982.75,27993.0,27982.75,27989.75,1976
2026-07-28 15:20:00,27989.5,27993.5,27982.5,27991.5,1625
2026-07-28 15:21:00,27991.75,27998.0,27982.5,27984.25,2108
2026-07-28 15:22:00,27983.75,28009.75,27983.5,28008.25,2959
2026-07-28 15:23:00,28009.0,28016.75,28006.5,28008.0,2749
2026-07-28 15:24:00,28008.25,28017.75,28007.5,28017.25,1645
2026-07-28 15:25:00,28017.5,28020.75,28005.25,28008.5,2561
2026-07-28 15:26:00,28008.0,28013.25,27991.25,27995.0,2860
2026-07-28 15:27:00,27994.75,27998.0,27984.75,27992.5,2151
2026-07-28 15:28:00,27992.25,28019.25,27989.25,28016.25,2918
2026-07-28 15:29:00,28016.25,28021.25,28010.0,28017.75,1762
2026-07-28 15:30:00,28017.75,28024.0,28008.0,28012.5,3897
2026-07-28 15:31:00,28013.0,28021.75,28006.5,28009.0,2570
2026-07-28 15:32:00,28009.0,28013.5,27995.25,28004.0,2499
2026-07-28 15:33:00,28004.25,28008.0,27994.0,27999.75,1989
2026-07-28 15:34:00,27999.0,28009.75,27998.25,28000.25,1608
2026-07-28 15:35:00,28000.5,28001.0,27970.0,27971.75,3817
2026-07-28 15:36:00,27972.25,27973.0,27957.75,27959.5,3913
2026-07-28 15:37:00,27959.25,27960.5,27944.0,27950.5,3527
2026-07-28 15:38:00,27950.25,27956.0,27945.5,27955.25,2817
2026-07-28 15:39:00,27955.5,27957.75,27941.0,27947.5,2665
2026-07-28 15:40:00,27947.75,27956.0,27944.0,27950.0,2191
2026-07-28 15:41:00,27949.25,27955.0,27945.0,27954.0,1643
2026-07-28 15:42:00,27954.5,27962.5,27942.0,27949.0,3032
2026-07-28 15:43:00,27948.75,27958.5,27947.5,27952.25,1495
2026-07-28 15:44:00,27952.5,27954.75,27943.25,27954.75,1794
2026-07-28 15:45:00,27954.5,27958.0,27937.25,27940.0,2784
2026-07-28 15:46:00,27940.0,27940.0,27929.25,27938.5,2368
2026-07-28 15:47:00,27939.0,27953.75,27938.5,27944.75,2606
2026-07-28 15:48:00,27945.0,27950.75,27939.75,27942.75,1539
2026-07-28 15:49:00,27942.5,27954.0,27937.25,27953.25,1778
2026-07-28 15:50:00,27953.75,27959.0,27935.75,27939.75,4209
2026-07-28 15:51:00,27940.0,27945.25,27936.0,27939.0,1963
2026-07-28 15:52:00,27939.5,27948.0,27934.75,27946.75,1791
2026-07-28 15:53:00,27946.75,27959.0,27944.0,27957.75,2351
2026-07-28 15:54:00,27958.0,27988.5,27957.75,27982.25,6076
2026-07-28 15:55:00,27982.25,27982.75,27924.75,27949.25,6075
2026-07-28 15:56:00,27949.25,27959.0,27939.5,27943.5,3057
2026-07-28 15:57:00,27943.5,27945.25,27932.5,27937.5,2935
2026-07-28 15:58:00,27937.75,27943.25,27933.25,27938.0,2658
2026-07-28 15:59:00,27938.5,27941.25,27911.25,27919.75,7983
2026-07-28 16:00:00,27920.25,27954.75,27917.25,27952.25,5821
2026-07-28 16:01:00,27952.25,27952.75,27931.25,27932.75,2358
2026-07-28 16:02:00,27932.5,27934.75,27913.75,27915.25,2035
2026-07-28 16:03:00,27915.0,27920.5,27912.25,27919.0,1566
2026-07-28 16:04:00,27919.0,27929.0,27916.75,27917.0,1090
2026-07-28 16:05:00,27917.5,27967.75,27916.25,27927.0,4338
2026-07-28 16:06:00,27927.0,27929.0,27884.0,27921.5,4402
2026-07-28 16:07:00,27922.0,27930.5,27894.75,27900.0,2056
2026-07-28 16:08:00,27899.75,27926.25,27898.5,27919.75,2111
2026-07-28 16:09:00,27919.75,27921.5,27896.0,27907.0,1710
2026-07-28 16:10:00,27906.75,27908.25,27898.5,27902.75,1154
2026-07-28 16:11:00,27903.0,27918.0,27903.0,27912.5,1375
2026-07-28 16:12:00,27913.0,27926.5,27912.0,27923.0,1219
2026-07-28 16:13:00,27923.0,27937.5,27922.25,27931.5,1289
2026-07-28 16:14:00,27932.0,27933.0,27916.0,27919.5,1223
2026-07-28 16:15:00,27919.5,27927.5,27910.75,27922.75,1469
2026-07-28 16:16:00,27921.75,27935.75,27921.0,27934.25,784
2026-07-28 16:17:00,27935.0,27940.5,27928.0,27930.75,824
2026-07-28 16:18:00,27931.5,27943.0,27929.5,27943.0,724
2026-07-28 16:19:00,27942.5,27951.75,27941.25,27948.25,1066
2026-07-28 16:20:00,27948.25,27950.0,27941.5,27942.5,631
2026-07-28 16:21:00,27941.25,27944.0,27937.0,27941.5,380
2026-07-28 16:22:00,27942.0,27953.25,27941.5,27947.0,732
2026-07-28 16:23:00,27946.25,27958.75,27944.0,27955.5,677
2026-07-28 16:24:00,27956.5,27963.5,27952.25,27960.25,695
2026-07-28 16:25:00,27960.25,27964.25,27958.5,27964.25,450
2026-07-28 16:26:00,27963.0,27979.0,27962.25,27977.5,1316
2026-07-28 16:27:00,27977.5,27987.25,27976.25,27977.75,1127
2026-07-28 16:28:00,27977.75,27989.0,27977.25,27988.5,487
2026-07-28 16:29:00,27988.0,27991.75,27974.75,27977.75,894
2026-07-28 16:30:00,27977.0,27980.75,27973.75,27975.0,609
2026-07-28 16:31:00,27975.5,27976.0,27965.5,27969.5,819
2026-07-28 16:32:00,27969.75,27976.75,27969.0,27973.75,361
2026-07-28 16:33:00,27973.25,27974.0,27962.5,27966.5,669
2026-07-28 16:34:00,27965.75,27968.25,27961.25,27966.75,344
2026-07-28 16:35:00,27966.75,27984.0,27966.75,27975.75,998
2026-07-28 16:36:00,27975.75,27977.5,27969.5,27969.5,513
2026-07-28 16:37:00,27970.25,27970.5,27940.0,27957.75,1266
2026-07-28 16:38:00,27957.75,27958.5,27949.25,27954.0,726
2026-07-28 16:39:00,27953.5,27955.0,27948.0,27949.5,389
2026-07-28 16:40:00,27948.25,27950.0,27938.0,27942.5,841
2026-07-28 16:41:00,27942.25,27946.75,27936.5,27940.75,496
2026-07-28 16:42:00,27940.5,27948.0,27939.75,27946.25,299
2026-07-28 16:43:00,27946.75,27952.5,27944.5,27945.5,393
2026-07-28 16:44:00,27945.5,27949.0,27944.25,27948.0,229
2026-07-28 16:45:00,27948.5,27951.0,27945.75,27948.5,467
2026-07-28 16:46:00,27948.5,27955.75,27947.0,27954.0,299
2026-07-28 16:47:00,27954.25,27959.5,27953.0,27959.5,267
2026-07-28 16:48:00,27959.5,27960.25,27953.5,27958.25,297
2026-07-28 16:49:00,27958.0,27958.5,27953.5,27954.25,133
2026-07-28 16:50:00,27954.0,27955.25,27938.75,27940.5,470
2026-07-28 16:51:00,27941.0,27941.5,27936.0,27938.0,279
2026-07-28 16:52:00,27937.5,27943.75,27935.75,27942.5,230
2026-07-28 16:53:00,27943.75,27949.0,27941.5,27945.25,582
2026-07-28 16:54:00,27944.0,27953.25,27943.25,27951.25,331
2026-07-28 16:55:00,27950.5,27953.25,27948.5,27951.0,272
2026-07-28 16:56:00,27948.75,27953.0,27948.75,27952.5,101
2026-07-28 16:57:00,27952.0,27963.0,27951.75,27961.25,188
2026-07-28 16:58:00,27961.75,27962.0,27953.25,27957.25,171
2026-07-28 16:59:00,27956.75,27962.25,27952.0,27959.75,403
2026-07-28 18:00:00,27962.25,27984.0,27956.0,27970.25,0
2026-07-28 18:01:00,27972.5,27986.75,27966.25,27967.25,887
2026-07-28 18:02:00,27967.5,27987.25,27963.25,27986.25,924
2026-07-28 18:03:00,27986.5,27995.0,27985.0,27993.75,961
2026-07-28 18:04:00,27994.75,27998.75,27989.75,27995.0,730
2026-07-28 18:05:00,27994.25,28010.5,27993.5,28008.5,1465
2026-07-28 18:06:00,28008.25,28008.75,27995.75,28001.25,727
2026-07-28 18:07:00,28000.75,28008.0,28000.75,28004.0,478
2026-07-28 18:08:00,28004.25,28008.0,28003.0,28003.25,331
2026-07-28 18:09:00,28003.5,28005.0,27999.0,28000.75,434
2026-07-28 18:10:00,28000.25,28014.0,27995.25,28001.25,1348
2026-07-28 18:11:00,28001.25,28001.25,27992.0,27994.0,710
2026-07-28 18:12:00,27994.25,27996.0,27991.25,27993.75,431
2026-07-28 18:13:00,27994.25,27995.5,27973.0,27973.25,1362
2026-07-28 18:14:00,27974.0,27977.0,27962.75,27972.5,1198
2026-07-28 18:15:00,27971.75,27979.0,27971.5,27972.5,824
2026-07-28 18:16:00,27972.5,27973.0,27965.5,27966.25,613
2026-07-28 18:17:00,27965.5,27967.5,27957.25,27962.25,836
2026-07-28 18:18:00,27961.5,27961.75,27923.0,27930.75,2787
2026-07-28 18:19:00,27930.5,27937.25,27922.25,27935.5,975
2026-07-28 18:20:00,27936.25,27942.0,27918.0,27925.0,1470
2026-07-28 18:21:00,27925.0,27927.25,27918.0,27921.25,775
2026-07-28 18:22:00,27920.75,27924.75,27919.25,27922.5,479
2026-07-28 18:23:00,27922.5,27924.25,27913.75,27914.75,892
2026-07-28 18:24:00,27914.75,27919.25,27913.75,27918.5,456
2026-07-28 18:25:00,27918.5,27923.75,27906.5,27914.25,1350
2026-07-28 18:26:00,27914.5,27925.0,27909.25,27924.5,1010
2026-07-28 18:27:00,27924.75,27943.5,27923.5,27934.75,1890
2026-07-28 18:28:00,27934.0,27943.25,27932.0,27936.5,859
2026-07-28 18:29:00,27936.5,27944.0,27933.5,27939.5,835
2026-07-28 18:30:00,27939.0,27943.0,27932.75,27936.5,764
2026-07-28 18:31:00,27936.5,27940.5,27920.0,27920.75,907
2026-07-28 18:32:00,27921.75,27921.75,27883.5,27901.0,3054
2026-07-28 18:33:00,27901.75,27913.5,27892.5,27893.75,1270
2026-07-28 18:34:00,27893.75,27900.25,27892.25,27894.5,694
2026-07-28 18:35:00,27893.25,27898.25,27886.5,27894.5,866
2026-07-28 18:36:00,27893.75,27910.5,27893.75,27907.75,1272
2026-07-28 18:37:00,27906.75,27907.75,27892.0,27893.0,651
2026-07-28 18:38:00,27893.75,27895.25,27875.5,27879.25,1483
2026-07-28 18:39:00,27878.75,27885.75,27854.5,27862.0,1887
2026-07-28 18:40:00,27861.0,27885.25,27860.0,27883.25,1530
2026-07-28 18:41:00,27882.75,27887.5,27876.25,27885.0,793
2026-07-28 18:42:00,27885.25,27890.5,27878.75,27885.25,1010
2026-07-28 18:43:00,27884.5,27887.5,27879.5,27884.75,639
2026-07-28 18:44:00,27885.0,27885.25,27860.0,27862.75,1632
2026-07-28 18:45:00,27863.0,27863.75,27841.25,27843.5,2506
2026-07-28 18:46:00,27843.75,27848.75,27829.25,27834.25,2631
2026-07-28 18:47:00,27833.5,27836.5,27818.75,27819.75,1713
2026-07-28 18:48:00,27819.25,27838.5,27814.75,27831.5,2110
2026-07-28 18:49:00,27830.5,27834.75,27818.5,27824.25,1539
2026-07-28 18:50:00,27824.75,27827.5,27817.0,27822.75,1307
2026-07-28 18:51:00,27823.0,27824.5,27807.5,27820.75,1926
2026-07-28 18:52:00,27821.5,27836.5,27818.0,27828.25,1668
2026-07-28 18:53:00,27827.5,27828.75,27786.0,27787.75,3263
2026-07-28 18:54:00,27787.75,27802.75,27783.0,27790.75,2229
2026-07-28 18:55:00,27790.75,27805.0,27790.75,27803.0,1702
2026-07-28 18:56:00,27803.0,27810.25,27785.0,27793.75,1871
2026-07-28 18:57:00,27793.0,27796.75,27780.75,27789.75,1801
2026-07-28 18:58:00,27790.25,27790.25,27773.0,27777.25,2111
2026-07-28 18:59:00,27777.0,27778.0,27756.5,27757.0,2536
2026-07-28 19:00:00,27758.0,27764.5,27745.25,27758.25,2935
2026-07-28 19:01:00,27758.25,27770.25,27752.25,27752.75,2111
2026-07-28 19:02:00,27753.5,27757.0,27742.5,27747.75,1859
2026-07-28 19:03:00,27748.5,27754.25,27731.5,27745.0,2054
2026-07-28 19:04:00,27744.5,27787.5,27743.25,27784.75,2966
2026-07-28 19:05:00,27784.75,27790.75,27770.0,27781.0,2249
2026-07-28 19:06:00,27781.0,27800.0,27779.0,27797.0,1868
2026-07-28 19:07:00,27796.25,27807.5,27787.5,27803.75,1853
2026-07-28 19:08:00,27802.75,27805.25,27794.0,27796.75,1108
2026-07-28 19:09:00,27796.25,27797.0,27743.75,27748.0,2961
2026-07-28 19:10:00,27748.5,27769.5,27739.75,27755.5,2441
2026-07-28 19:11:00,27755.25,27790.5,27747.0,27788.0,2152
2026-07-28 19:12:00,27787.25,27801.0,27787.0,27796.25,1629
2026-07-28 19:13:00,27794.75,27835.75,27792.25,27826.5,2996
2026-07-28 19:14:00,27828.0,27857.75,27820.25,27841.5,2758
2026-07-28 19:15:00,27842.25,27844.5,27825.5,27828.25,1963
2026-07-28 19:16:00,27829.0,27836.75,27814.5,27832.25,2103
2026-07-28 19:17:00,27832.5,27839.75,27818.5,27835.0,1679
2026-07-28 19:18:00,27835.0,27844.5,27819.75,27827.0,1424
2026-07-28 19:19:00,27827.0,27829.5,27817.0,27824.5,1075
2026-07-28 19:20:00,27825.25,27841.0,27808.75,27840.25,1818
2026-07-28 19:21:00,27840.5,27853.0,27827.75,27851.25,2010
2026-07-28 19:22:00,27851.0,27880.75,27850.5,27880.0,3274
2026-07-28 19:23:00,27880.75,27886.75,27868.75,27875.75,1884
2026-07-28 19:24:00,27876.5,27879.0,27870.0,27875.0,924
2026-07-28 19:25:00,27875.0,27878.5,27866.5,27868.5,947
2026-07-28 19:26:00,27868.5,27880.0,27868.5,27877.75,1022
2026-07-28 19:27:00,27878.5,27889.0,27864.0,27871.5,1745
2026-07-28 19:28:00,27871.5,27890.0,27871.25,27884.75,1103
2026-07-28 19:29:00,27884.75,27891.75,27883.0,27889.5,884
2026-07-28 19:30:00,27889.75,27903.0,27883.5,27902.75,1577
2026-07-28 19:31:00,27903.0,27909.75,27895.75,27906.75,1527
2026-07-28 19:32:00,27907.25,27921.75,27896.0,27907.25,2446
2026-07-28 19:33:00,27908.0,27910.5,27898.25,27902.0,1501
2026-07-28 19:34:00,27901.0,27907.25,27897.0,27903.25,1263
2026-07-28 19:35:00,27903.0,27911.0,27899.5,27902.0,948
2026-07-28 19:36:00,27902.75,27906.0,27895.0,27897.0,1185
2026-07-28 19:37:00,27896.75,27904.5,27890.75,27896.75,1118
2026-07-28 19:38:00,27896.5,27904.75,27891.0,27899.25,1213
2026-07-28 19:39:00,27899.0,27903.25,27892.0,27896.25,750
2026-07-28 19:40:00,27896.5,27912.0,27890.0,27907.0,1471
2026-07-28 19:41:00,27906.25,27916.75,27896.5,27910.0,1537
2026-07-28 19:42:00,27910.5,27913.75,27896.25,27898.25,1135
2026-07-28 19:43:00,27898.75,27933.0,27897.75,27931.25,1894
2026-07-28 19:44:00,27931.5,28025.5,27931.5,28012.5,6974
2026-07-28 19:45:00,28012.25,28017.0,27990.5,27996.25,3801
2026-07-28 19:46:00,27996.0,28026.0,27995.5,28018.75,2501
2026-07-28 19:47:00,28019.0,28048.75,28014.75,28040.75,3525
2026-07-28 19:48:00,28040.5,28046.0,28030.5,28040.75,2158
2026-07-28 19:49:00,28041.25,28070.25,28035.5,28059.75,3153
2026-07-28 19:50:00,28060.5,28096.25,28059.0,28086.0,3701
2026-07-28 19:51:00,28085.75,28087.75,28068.5,28074.0,1864
2026-07-28 19:52:00,28073.75,28075.25,28045.75,28060.25,2719
2026-07-28 19:53:00,28060.25,28078.0,28058.75,28059.75,1413
2026-07-28 19:54:00,28059.75,28082.0,28052.0,28080.5,1560
2026-07-28 19:55:00,28079.75,28087.25,28065.5,28079.25,1819
2026-07-28 19:56:00,28078.5,28087.5,28075.25,28079.75,1169
2026-07-28 19:57:00,28079.0,28094.5,28073.75,28093.75,1589
2026-07-28 19:58:00,28093.0,28098.75,28083.25,28091.5,1458
2026-07-28 19:59:00,28091.75,28105.0,28080.5,28102.75,1792
2026-07-28 20:00:00,28102.75,28110.0,28076.75,28083.0,3445
2026-07-28 20:01:00,28083.0,28144.25,28079.0,28141.75,5178
2026-07-28 20:02:00,28142.0,28177.25,28126.25,28138.75,4911
2026-07-28 20:03:00,28138.75,28144.0,28129.0,28140.0,1765
2026-07-28 20:04:00,28139.75,28153.5,28135.5,28142.25,1637
2026-07-28 20:05:00,28143.25,28153.75,28130.5,28138.0,1846
2026-07-28 20:06:00,28138.0,28158.25,28131.25,28144.0,2117
2026-07-28 20:07:00,28143.25,28157.75,28136.25,28155.25,1366
2026-07-28 20:08:00,28154.5,28168.75,28149.5,28154.5,1978
2026-07-28 20:09:00,28154.0,28158.25,28140.25,28140.25,1346
2026-07-28 20:10:00,28140.0,28153.25,28134.75,28136.25,1500
2026-07-28 20:11:00,28135.75,28149.25,28132.75,28147.25,1182
2026-07-28 20:12:00,28147.0,28154.5,28130.0,28151.25,1677
2026-07-28 20:13:00,28149.25,28157.75,28148.25,28153.0,1283
2026-07-28 20:14:00,28153.5,28160.75,28136.75,28142.0,1549
2026-07-28 20:15:00,28139.5,28139.5,28109.25,28132.75,3256
2026-07-28 20:16:00,28132.25,28138.25,28115.5,28129.25,1664
2026-07-28 20:17:00,28129.75,28152.0,28124.0,28130.0,2143
2026-07-28 20:18:00,28129.0,28142.0,28118.5,28132.0,1198
2026-07-28 20:19:00,28131.25,28145.25,28127.5,28142.75,952
2026-07-28 20:20:00,28141.75,28153.0,28123.75,28126.75,1501
2026-07-28 20:21:00,28126.5,28165.5,28115.0,28151.25,2706
2026-07-28 20:22:00,28151.0,28155.75,28116.0,28118.75,1807
2026-07-28 20:23:00,28118.0,28129.5,28112.25,28114.25,1357
2026-07-28 20:24:00,28114.75,28117.25,28091.5,28097.25,2297
2026-07-28 20:25:00,28097.25,28099.5,28079.75,28085.25,2575
2026-07-28 20:26:00,28085.0,28088.5,28073.25,28084.75,1725
2026-07-28 20:27:00,28085.25,28090.75,28070.5,28075.0,1498
2026-07-28 20:28:00,28075.0,28077.0,28052.0,28057.25,2434
2026-07-28 20:29:00,28057.25,28080.0,28053.25,28075.75,1860
2026-07-28 20:30:00,28074.75,28081.25,28039.5,28047.25,2694
2026-07-28 20:31:00,28047.5,28049.5,28036.25,28042.25,1693
2026-07-28 20:32:00,28042.25,28043.75,28028.25,28028.25,1508
2026-07-28 20:33:00,28028.5,28040.75,28018.5,28039.0,2095
2026-07-28 20:34:00,28038.75,28049.75,28033.5,28038.0,1692
2026-07-28 20:35:00,28037.0,28047.25,28031.75,28036.25,994
2026-07-28 20:36:00,28037.25,28050.25,28033.5,28038.75,1243
2026-07-28 20:37:00,28038.5,28073.0,28036.25,28070.0,1949
2026-07-28 20:38:00,28069.5,28076.5,28052.25,28070.5,2252
2026-07-28 20:39:00,28070.5,28080.0,28059.5,28061.0,1443
2026-07-28 20:40:00,28060.0,28066.25,28050.0,28055.0,1304
2026-07-28 20:41:00,28055.25,28058.75,28030.75,28039.25,2051
2026-07-28 20:42:00,28039.0,28044.5,28036.0,28040.0,694
2026-07-28 20:43:00,28039.5,28075.0,28036.25,28071.0,1772
2026-07-28 20:44:00,28071.25,28072.5,28052.0,28070.5,1329
2026-07-28 20:45:00,28069.0,28085.25,28063.0,28079.5,1770
2026-07-28 20:46:00,28079.75,28083.75,28065.75,28075.0,1212
2026-07-28 20:47:00,28075.0,28083.0,28066.75,28080.25,799
2026-07-28 20:48:00,28079.75,28084.25,28039.75,28040.25,1717
2026-07-28 20:49:00,28041.0,28054.5,28035.75,28041.25,1350
2026-07-28 20:50:00,28041.0,28044.5,28027.75,28039.0,1142
2026-07-28 20:51:00,28038.5,28053.25,28032.25,28050.25,1132
2026-07-28 20:52:00,28050.25,28059.5,28042.75,28054.75,878
2026-07-28 20:53:00,28052.75,28062.5,28044.5,28048.5,958
2026-07-28 20:54:00,28049.0,28060.75,28043.5,28059.25,786
2026-07-28 20:55:00,28059.0,28059.0,28038.0,28044.25,1087
2026-07-28 20:56:00,28043.25,28044.5,28025.25,28029.5,1365
2026-07-28 20:57:00,28030.25,28034.75,28023.25,28028.25,1334
2026-07-28 20:58:00,28027.75,28029.75,28000.75,28011.25,2483
2026-07-28 20:59:00,28011.0,28019.25,28001.25,28010.25,1158
2026-07-28 21:00:00,28011.5,28017.5,28003.25,28015.25,1514
2026-07-28 21:01:00,28015.75,28040.75,28014.25,28029.0,2270
2026-07-28 21:02:00,28028.25,28037.25,28023.5,28026.75,1100
2026-07-28 21:03:00,28029.25,28040.5,28026.25,28039.5,1048
2026-07-28 21:04:00,28040.75,28042.0,28012.5,28021.75,1385
2026-07-28 21:05:00,28021.0,28026.5,28014.5,28018.0,844
2026-07-28 21:06:00,28017.5,28020.75,27992.0,27994.75,2208
2026-07-28 21:07:00,27994.25,28011.75,27989.25,28009.25,1656
2026-07-28 21:08:00,28008.75,28011.5,27986.25,27992.5,1390
2026-07-28 21:09:00,27993.5,27994.0,27973.0,27977.25,1682
2026-07-28 21:10:00,27977.75,27979.75,27950.0,27954.5,3075
2026-07-28 21:11:00,27955.5,27956.0,27943.0,27949.75,2053
2026-07-28 21:12:00,27949.25,27955.75,27940.0,27952.0,1857
2026-07-28 21:13:00,27951.25,27957.5,27936.5,27939.75,1935
2026-07-28 21:14:00,27938.5,27938.75,27911.75,27920.75,3382
2026-07-28 21:15:00,27921.5,27922.0,27896.5,27909.25,3130
2026-07-28 21:16:00,27908.0,27928.25,27902.75,27928.0,1903
2026-07-28 21:17:00,27926.75,27933.0,27909.25,27927.0,2213
2026-07-28 21:18:00,27926.5,27941.5,27913.25,27917.5,2261
2026-07-28 21:19:00,27918.5,27943.75,27918.5,27928.75,1512
2026-07-28 21:20:00,27928.25,27957.75,27927.75,27945.75,2729
2026-07-28 21:21:00,27946.5,27955.75,27942.25,27953.0,1334
2026-07-28 21:22:00,27952.25,27966.75,27949.5,27956.25,1842
2026-07-28 21:23:00,27958.5,27981.25,27958.0,27980.75,1734
2026-07-28 21:24:00,27980.0,27988.5,27977.0,27980.75,1910
2026-07-28 21:25:00,27981.25,27987.5,27971.25,27978.75,1406
2026-07-28 21:26:00,27979.0,27989.5,27973.75,27985.75,1364
2026-07-28 21:27:00,27986.0,28002.75,27982.75,27992.0,1587
2026-07-28 21:28:00,27992.5,27995.25,27975.0,27981.0,1136
2026-07-28 21:29:00,27981.75,27985.25,27971.25,27972.75,928
2026-07-28 21:30:00,27972.75,27973.0,27951.75,27962.75,2800
2026-07-28 21:31:00,27962.75,27980.0,27954.75,27962.75,1603
2026-07-28 21:32:00,27961.0,27982.5,27958.0,27975.25,1036
2026-07-28 21:33:00,27974.75,27975.5,27945.0,27946.5,1484
2026-07-28 21:34:00,27947.0,27975.75,27946.25,27964.75,1350
2026-07-28 21:35:00,27964.75,27969.75,27934.25,27936.75,2070
2026-07-28 21:36:00,27936.75,27948.5,27933.5,27940.5,1049
2026-07-28 21:37:00,27940.0,27957.75,27936.75,27953.5,1098
2026-07-28 21:38:00,27952.25,27958.0,27949.25,27955.25,583
2026-07-28 21:39:00,27954.75,27959.0,27942.5,27943.25,769
2026-07-28 21:40:00,27943.0,27944.75,27914.25,27917.0,2141
2026-07-28 21:41:00,27917.0,27918.0,27903.75,27912.25,1969
2026-07-28 21:42:00,27911.5,27912.5,27892.5,27894.0,1907
2026-07-28 21:43:00,27893.5,27902.5,27889.0,27891.0,1280
2026-07-28 21:44:00,27891.0,27901.25,27878.5,27878.5,1812
2026-07-28 21:45:00,27878.75,27886.25,27859.5,27873.25,2527
2026-07-28 21:46:00,27872.75,27892.75,27870.0,27882.5,1400
2026-07-28 21:47:00,27883.0,27888.0,27858.75,27860.75,1757
2026-07-28 21:48:00,27860.5,27877.0,27852.0,27877.0,1545
2026-07-28 21:49:00,27876.25,27879.75,27853.5,27860.25,1267
2026-07-28 21:50:00,27860.25,27870.75,27852.25,27862.0,1281
2026-07-28 21:51:00,27860.25,27866.0,27829.75,27838.75,2698
2026-07-28 21:52:00,27838.75,27841.0,27818.25,27836.0,2117
2026-07-28 21:53:00,27835.75,27839.0,27814.25,27822.75,2021
2026-07-28 21:54:00,27822.75,27823.5,27809.0,27818.25,1634
2026-07-28 21:55:00,27817.75,27824.5,27808.0,27815.0,1546
2026-07-28 21:56:00,27814.5,27817.25,27797.75,27804.5,2078
2026-07-28 21:57:00,27804.25,27811.5,27787.75,27797.0,1854
2026-07-28 21:58:00,27797.5,27801.5,27785.25,27799.75,1606
2026-07-28 21:59:00,27800.25,27804.5,27784.0,27785.25,1364
2026-07-28 22:00:00,27785.75,27788.75,27770.0,27778.75,2160
2026-07-28 22:01:00,27778.5,27824.25,27772.0,27821.75,3310
2026-07-28 22:02:00,27820.75,27825.25,27803.0,27807.5,2065
2026-07-28 22:03:00,27806.75,27824.5,27793.5,27818.0,1758
2026-07-28 22:04:00,27818.0,27822.25,27804.5,27809.25,1117
2026-07-28 22:05:00,27808.75,27812.25,27794.75,27807.5,1453
2026-07-28 22:06:00,27807.5,27837.75,27805.75,27837.25,2423
2026-07-28 22:07:00,27836.25,27847.25,27833.5,27845.5,2401
2026-07-28 22:08:00,27846.25,27850.0,27830.0,27843.5,1621
2026-07-28 22:09:00,27844.0,27847.0,27825.0,27839.75,1400
2026-07-28 22:10:00,27838.75,27854.5,27835.0,27846.0,1705
2026-07-28 22:11:00,27845.5,27864.5,27839.75,27862.0,1715
2026-07-28 22:12:00,27863.0,27869.75,27854.5,27861.25,1349
2026-07-28 22:13:00,27860.25,27861.0,27847.75,27849.75,1100
2026-07-28 22:14:00,27848.25,27856.0,27838.25,27844.25,1164
2026-07-28 22:15:00,27844.5,27848.25,27823.25,27828.25,1745
2026-07-28 22:16:00,27828.5,27835.25,27821.5,27825.75,1386
2026-07-28 22:17:00,27826.0,27826.5,27795.75,27796.0,2220
2026-07-28 22:18:00,27796.75,27818.5,27795.75,27816.0,1678
2026-07-28 22:19:00,27815.75,27816.75,27809.5,27812.0,288
2026-07-28 22:20:00,27812.75,27818.5,27811.75,27817.75,2352
2026-07-28 22:21:00,27818.5,27856.0,27814.75,27849.0,2156
2026-07-28 22:22:00,27849.75,27869.25,27847.5,27866.5,1807
2026-07-28 22:23:00,27865.25,27868.0,27835.5,27856.25,1773
2026-07-28 22:24:00,27856.5,27870.5,27843.75,27844.5,1576
2026-07-28 22:25:00,27844.5,27865.25,27837.25,27862.0,1436
2026-07-28 22:26:00,27861.75,27875.75,27851.0,27862.75,1533
2026-07-28 22:27:00,27862.75,27871.75,27856.75,27871.25,749
2026-07-28 22:28:00,27871.25,27889.75,27869.75,27884.0,1765
2026-07-28 22:29:00,27883.5,27897.0,27877.75,27894.75,1200
2026-07-28 22:30:00,27896.5,27909.75,27891.0,27908.75,1737
2026-07-28 22:31:00,27909.25,27912.0,27897.75,27905.75,1258
2026-07-28 22:32:00,27906.25,27907.25,27892.25,27899.25,1531
2026-07-28 22:33:00,27899.25,27900.5,27870.0,27876.75,1982
2026-07-28 22:34:00,27876.75,27885.5,27870.75,27884.75,1017
2026-07-28 22:35:00,27883.5,27887.25,27872.75,27875.25,856
2026-07-28 22:36:00,27875.25,27892.5,27863.75,27870.75,2293
2026-07-28 22:37:00,27870.0,27873.5,27858.75,27868.75,1040
2026-07-28 22:38:00,27869.5,27873.75,27860.5,27869.0,634
2026-07-28 22:39:00,27869.5,27895.75,27864.75,27892.5,1045
2026-07-28 22:40:00,27892.75,27901.75,27879.75,27892.0,1437
2026-07-28 22:41:00,27892.25,27904.75,27890.25,27902.75,1027
2026-07-28 22:42:00,27902.25,27903.0,27889.0,27894.0,835
2026-07-28 22:43:00,27894.5,27897.25,27888.25,27891.25,493
2026-07-28 22:44:00,27891.0,27891.0,27880.5,27887.25,725
2026-07-28 22:45:00,27886.25,27890.0,27874.0,27877.25,1126
2026-07-28 22:46:00,27876.5,27878.75,27868.5,27869.0,823
2026-07-28 22:47:00,27869.0,27877.0,27862.0,27862.75,1042
2026-07-28 22:48:00,27862.5,27870.5,27861.75,27864.25,682
2026-07-28 22:49:00,27864.5,27868.75,27850.0,27852.75,1254
2026-07-28 22:50:00,27853.0,27866.75,27843.25,27862.0,1954
2026-07-28 22:51:00,27862.0,27870.0,27846.5,27868.25,1199
2026-07-28 22:52:00,27868.75,27868.75,27849.25,27849.5,770
2026-07-28 22:53:00,27850.25,27852.0,27835.0,27838.75,1348
2026-07-28 22:54:00,27839.0,27846.0,27833.25,27845.25,1161
2026-07-28 22:55:00,27845.5,27850.5,27827.0,27836.5,1173
2026-07-28 22:56:00,27836.5,27840.75,27827.25,27838.75,945
2026-07-28 22:57:00,27839.5,27842.5,27829.25,27834.25,605
2026-07-28 22:58:00,27833.5,27834.25,27823.5,27826.75,905
2026-07-28 22:59:00,27826.75,27840.75,27824.75,27840.5,948
2026-07-28 23:00:00,27839.5,27840.25,27824.0,27826.25,920
2026-07-28 23:01:00,27825.75,27828.75,27817.5,27820.5,1088
2026-07-28 23:02:00,27821.5,27826.25,27807.5,27809.25,1777
2026-07-28 23:03:00,27808.75,27814.5,27799.5,27803.75,1641
2026-07-28 23:04:00,27803.0,27803.0,27788.0,27797.25,2013
2026-07-28 23:05:00,27797.25,27816.5,27793.25,27815.75,1618
2026-07-28 23:06:00,27815.5,27822.75,27805.75,27820.75,1361
2026-07-28 23:07:00,27820.5,27850.0,27818.25,27838.75,1898
2026-07-28 23:08:00,27838.0,27864.5,27837.75,27856.5,1848
2026-07-28 23:09:00,27856.0,27873.75,27855.75,27867.75,1546
2026-07-28 23:10:00,27867.5,27882.0,27862.5,27873.75,1902
2026-07-28 23:11:00,27873.25,27875.0,27864.75,27867.0,1344
2026-07-28 23:12:00,27866.0,27869.0,27845.5,27848.75,1454
2026-07-28 23:13:00,27848.25,27850.75,27833.25,27833.25,1356
2026-07-28 23:14:00,27833.25,27833.25,27825.0,27829.75,1324
2026-07-28 23:15:00,27830.0,27832.75,27822.5,27827.5,699
2026-07-28 23:16:00,27826.5,27836.5,27816.75,27833.5,1257
2026-07-28 23:17:00,27833.0,27835.25,27823.75,27826.25,532
2026-07-28 23:18:00,27826.0,27830.0,27818.75,27825.25,647
2026-07-28 23:19:00,27825.75,27827.0,27807.25,27813.25,1249
2026-07-28 23:20:00,27813.75,27832.75,27809.25,27832.75,946
2026-07-28 23:21:00,27832.0,27841.5,27814.25,27817.75,1508
2026-07-28 23:22:00,27817.0,27823.75,27810.25,27817.5,889
2026-07-28 23:23:00,27818.0,27820.0,27805.0,27805.5,961
2026-07-28 23:24:00,27806.0,27806.25,27794.75,27802.75,1512
2026-07-28 23:25:00,27802.25,27804.5,27789.25,27797.25,1106
2026-07-28 23:26:00,27797.75,27803.25,27793.25,27801.0,804
2026-07-28 23:27:00,27798.75,27803.75,27787.5,27797.25,896
2026-07-28 23:28:00,27796.25,27800.25,27787.5,27796.75,906
2026-07-28 23:29:00,27795.75,27798.5,27775.5,27777.0,1727
2026-07-28 23:30:00,27777.25,27778.0,27753.25,27761.25,3093
2026-07-28 23:31:00,27760.75,27761.25,27745.75,27757.75,1771
2026-07-28 23:32:00,27758.0,27776.75,27753.5,27774.25,1680
2026-07-28 23:33:00,27773.25,27777.75,27766.0,27776.75,885
2026-07-28 23:34:00,27775.5,27783.25,27765.0,27782.5,1345
2026-07-28 23:35:00,27783.75,27786.25,27777.0,27786.25,881
2026-07-28 23:36:00,27786.25,27793.25,27780.75,27790.25,970
2026-07-28 23:37:00,27789.75,27789.75,27774.5,27780.75,977
2026-07-28 23:38:00,27781.0,27783.75,27763.75,27765.25,1213
2026-07-28 23:39:00,27765.0,27767.5,27752.25,27754.75,1438
2026-07-28 23:40:00,27754.75,27764.0,27754.0,27761.75,885
2026-07-28 23:41:00,27761.25,27763.0,27753.0,27759.75,1032
2026-07-28 23:42:00,27758.5,27761.5,27748.5,27752.25,930
2026-07-28 23:43:00,27751.0,27764.25,27742.5,27760.75,1736
2026-07-28 23:44:00,27761.75,27773.75,27759.0,27773.0,1008
2026-07-28 23:45:00,27773.0,27782.75,27770.25,27776.5,1141
2026-07-28 23:46:00,27776.0,27782.5,27765.0,27766.5,957
2026-07-28 23:47:00,27766.75,27785.5,27765.75,27784.5,1068
2026-07-28 23:48:00,27782.75,27786.25,27754.0,27754.75,1231
2026-07-28 23:49:00,27755.0,27761.5,27751.0,27753.5,916
2026-07-28 23:50:00,27753.25,27757.0,27745.5,27752.5,1040
2026-07-28 23:51:00,27751.5,27752.75,27720.75,27723.0,3098
2026-07-28 23:52:00,27722.0,27725.0,27705.5,27719.0,2168
2026-07-28 23:53:00,27719.25,27720.0,27712.0,27716.0,851
2026-07-28 23:54:00,27716.5,27722.0,27708.25,27716.75,1065
2026-07-28 23:55:00,27716.5,27717.25,27702.75,27702.75,1486
2026-07-28 23:56:00,27703.25,27714.25,27701.25,27712.5,988
2026-07-28 23:57:00,27712.5,27719.75,27710.0,27715.0,750
2026-07-28 23:58:00,27714.75,27720.0,27711.5,27717.0,629
2026-07-29 00:09:00,27697.25,27714.75,27696.75,27713.5,1183
2026-07-29 00:10:00,27713.0,27714.5,27693.75,27696.75,1324
2026-07-29 00:11:00,27695.5,27696.75,27677.0,27687.5,1579
2026-07-29 00:12:00,27688.25,27707.0,27682.75,27702.25,1486
2026-07-29 00:13:00,27701.0,27709.25,27685.75,27692.5,1194
2026-07-29 00:14:00,27691.5,27693.25,27682.5,27693.0,1038
2026-07-29 00:15:00,27692.25,27695.5,27670.25,27674.25,1530
2026-07-29 00:16:00,27674.25,27675.5,27658.5,27667.75,1896
2026-07-29 00:17:00,27667.25,27669.0,27653.5,27655.25,1374
2026-07-29 00:18:00,27655.5,27663.0,27652.0,27655.0,1205
2026-07-29 00:19:00,27655.75,27676.5,27647.75,27675.25,2083
2026-07-29 00:20:00,27675.5,27683.75,27655.0,27660.75,1870
2026-07-29 00:21:00,27661.5,27667.75,27653.5,27664.0,938
2026-07-29 00:22:00,27664.0,27699.5,27664.0,27694.5,2412
2026-07-29 00:23:00,27694.5,27699.5,27684.5,27694.5,1304
2026-07-29 00:24:00,27695.25,27705.0,27687.0,27700.25,1488
2026-07-29 00:25:00,27699.75,27704.5,27689.5,27690.5,1089
2026-07-29 00:26:00,27690.75,27706.0,27689.5,27698.75,1272
2026-07-29 00:27:00,27699.0,27714.0,27693.5,27700.5,1394
2026-07-29 00:28:00,27700.0,27705.0,27682.0,27683.5,1252
2026-07-29 00:29:00,27682.75,27686.5,27670.25,27684.25,1355
2026-07-29 00:30:00,27683.5,27696.75,27674.0,27692.25,939
2026-07-29 00:31:00,27691.5,27694.75,27674.75,27680.75,857
2026-07-29 00:32:00,27680.5,27683.5,27670.25,27678.75,730
2026-07-29 00:33:00,27678.0,27687.0,27672.25,27676.5,740
2026-07-29 00:34:00,27675.0,27680.25,27661.25,27677.25,1608
2026-07-29 00:35:00,27677.25,27698.0,27676.5,27695.25,1078
2026-07-29 00:36:00,27694.75,27712.5,27687.25,27707.0,1365
2026-07-29 00:37:00,27706.5,27717.5,27701.75,27716.25,1132
2026-07-29 00:38:00,27715.5,27720.0,27706.0,27709.25,1621
2026-07-29 00:39:00,27709.25,27710.75,27690.25,27696.25,1144
2026-07-29 00:40:00,27697.0,27697.25,27667.75,27687.75,2062
2026-07-29 00:41:00,27688.0,27693.25,27668.75,27674.0,1271
2026-07-29 00:42:00,27672.0,27677.0,27658.75,27659.0,1101
2026-07-29 00:43:00,27659.5,27667.5,27654.25,27663.25,1025
2026-07-29 00:44:00,27663.25,27665.0,27647.0,27650.0,1305
2026-07-29 00:45:00,27651.5,27665.0,27640.5,27663.75,2017
2026-07-29 00:46:00,27663.0,27681.75,27661.75,27675.0,1564
2026-07-29 00:47:00,27675.25,27680.25,27662.0,27666.5,1434
2026-07-29 00:48:00,27665.75,27673.0,27658.0,27666.25,1037
2026-07-29 00:49:00,27665.25,27668.75,27654.25,27665.25,859
2026-07-29 00:50:00,27664.0,27698.75,27664.0,27685.5,1701
2026-07-29 00:51:00,27686.5,27720.0,27686.0,27715.5,1790
2026-07-29 00:52:00,27714.75,27725.5,27714.5,27718.75,1424
2026-07-29 00:53:00,27718.75,27730.75,27716.0,27718.75,1375
2026-07-29 00:54:00,27718.25,27732.25,27716.75,27727.25,1174
2026-07-29 00:55:00,27727.25,27755.5,27725.25,27752.25,2261
2026-07-29 00:56:00,27752.5,27754.5,27744.5,27744.5,1121
2026-07-29 00:57:00,27744.0,27752.0,27734.0,27741.5,1296
2026-07-29 00:58:00,27742.5,27756.5,27741.75,27749.0,1062
2026-07-29 00:59:00,27748.5,27759.75,27746.0,27757.0,925
2026-07-29 01:00:00,27757.75,27769.75,27735.5,27742.25,2127
2026-07-29 01:01:00,27742.75,27771.75,27738.5,27768.0,1608
2026-07-29 01:02:00,27767.75,27772.75,27756.75,27771.75,1145
2026-07-29 01:03:00,27772.25,27789.5,27772.25,27776.75,1630
2026-07-29 01:04:00,27777.0,27788.0,27770.25,27773.25,971
2026-07-29 01:05:00,27772.5,27775.25,27749.0,27761.0,1568
2026-07-29 01:06:00,27761.0,27783.0,27754.75,27780.5,1562
2026-07-29 01:07:00,27780.5,27808.25,27772.0,27805.5,2431
2026-07-29 01:08:00,27806.0,27820.75,27805.0,27813.75,2013
2026-07-29 01:09:00,27814.5,27821.75,27806.25,27812.5,2004
2026-07-29 01:10:00,27813.0,27818.25,27804.25,27810.75,1169
2026-07-29 01:11:00,27810.5,27826.75,27809.5,27823.0,1189
2026-07-29 01:12:00,27822.5,27825.25,27814.0,27816.0,962
2026-07-29 01:13:00,27815.75,27834.25,27812.5,27830.0,1301
2026-07-29 01:14:00,27830.75,27834.75,27821.75,27832.75,852
2026-07-29 01:15:00,27833.25,27834.0,27803.25,27807.5,1638
2026-07-29 01:16:00,27807.25,27811.75,27795.0,27803.5,1584
2026-07-29 01:17:00,27804.25,27804.5,27784.75,27787.75,1400
2026-07-29 01:18:00,27787.0,27792.5,27779.5,27782.25,1217
2026-07-29 01:19:00,27782.25,27787.75,27775.0,27784.5,1155
2026-07-29 01:20:00,27784.5,27804.75,27772.25,27800.25,1747
2026-07-29 01:21:00,27800.75,27801.25,27773.75,27783.0,1312
2026-07-29 01:22:00,27783.0,27805.75,27779.75,27804.75,1221
2026-07-29 01:23:00,27805.25,27809.5,27800.0,27805.5,1181
2026-07-29 01:24:00,27805.25,27810.0,27802.75,27810.0,690
2026-07-29 01:25:00,27809.75,27826.25,27807.5,27807.5,1833
2026-07-29 01:26:00,27806.5,27828.5,27802.5,27811.5,1335
2026-07-29 01:27:00,27811.75,27825.0,27811.25,27821.75,747
2026-07-29 01:28:00,27823.0,27829.5,27817.25,27818.5,902
2026-07-29 01:29:00,27818.75,27823.0,27808.5,27815.75,875
2026-07-29 01:30:00,27816.0,27823.5,27785.0,27823.25,2132
2026-07-29 01:31:00,27822.5,27826.75,27804.5,27808.5,1132
2026-07-29 01:32:00,27809.25,27819.5,27798.75,27798.75,859
2026-07-29 01:33:00,27798.25,27812.75,27797.5,27809.0,730
2026-07-29 01:34:00,27808.75,27825.75,27800.25,27823.5,896
2026-07-29 01:35:00,27823.75,27830.0,27817.75,27828.0,886
2026-07-29 01:36:00,27827.5,27843.0,27821.5,27840.25,1710
2026-07-29 01:37:00,27840.5,27845.0,27834.5,27835.0,1226
2026-07-29 01:38:00,27835.75,27838.75,27830.5,27837.25,700
2026-07-29 01:39:00,27837.25,27847.5,27833.0,27844.25,1327
2026-07-29 01:40:00,27843.5,27844.5,27828.75,27835.25,935
2026-07-29 01:41:00,27835.25,27835.5,27813.25,27827.5,1310
2026-07-29 01:42:00,27827.25,27847.5,27826.75,27845.0,1667
2026-07-29 01:43:00,27844.5,27854.75,27834.75,27835.5,1237
2026-07-29 01:44:00,27835.75,27836.25,27820.0,27827.5,890
2026-07-29 01:45:00,27829.0,27832.75,27818.5,27823.75,1172
2026-07-29 01:46:00,27823.25,27841.75,27820.75,27829.75,1034
2026-07-29 01:47:00,27830.5,27842.75,27828.75,27829.0,763
2026-07-29 01:48:00,27828.75,27832.5,27814.0,27825.25,1436
2026-07-29 01:49:00,27825.25,27831.75,27820.0,27822.25,873
2026-07-29 01:50:00,27823.0,27838.0,27819.75,27836.5,1071
2026-07-29 01:51:00,27835.5,27838.25,27819.25,27820.0,1001
2026-07-29 01:52:00,27819.5,27819.5,27805.5,27811.75,1554
2026-07-29 01:53:00,27812.5,27824.25,27806.25,27820.75,990
2026-07-29 01:54:00,27820.25,27831.25,27814.25,27829.5,735
2026-07-29 01:55:00,27829.5,27834.25,27815.25,27815.25,823
2026-07-29 01:56:00,27815.5,27825.25,27803.75,27805.25,758
2026-07-29 01:57:00,27805.5,27806.75,27794.0,27795.25,969
2026-07-29 01:58:00,27795.25,27800.0,27789.5,27800.0,982
2026-07-29 01:59:00,27798.75,27801.5,27791.25,27794.75,758
2026-07-29 02:00:00,27794.5,27799.0,27780.25,27786.0,1389
2026-07-29 02:01:00,27786.75,27798.75,27780.75,27782.75,1168
2026-07-29 02:02:00,27781.25,27791.75,27778.5,27787.0,963
2026-07-29 02:03:00,27787.75,27792.0,27762.0,27764.5,1322
2026-07-29 02:04:00,27764.25,27764.25,27744.5,27747.25,1709
2026-07-29 02:05:00,27746.75,27751.5,27743.25,27749.0,1019
2026-07-29 02:06:00,27749.25,27755.0,27740.5,27746.5,1200
2026-07-29 02:07:00,27746.75,27748.25,27739.0,27742.25,718
2026-07-29 02:08:00,27742.5,27756.75,27736.75,27749.0,961
2026-07-29 02:09:00,27748.0,27754.25,27742.25,27745.5,789
2026-07-29 02:10:00,27746.25,27749.0,27736.75,27748.25,815
2026-07-29 02:11:00,27747.5,27756.0,27738.75,27741.5,915
2026-07-29 02:12:00,27741.25,27752.25,27737.0,27744.25,617
2026-07-29 02:13:00,27744.25,27754.5,27742.5,27754.0,603
2026-07-29 02:14:00,27754.75,27768.0,27750.75,27764.75,1428
2026-07-29 02:15:00,27764.5,27773.5,27761.5,27767.75,1018
2026-07-29 02:16:00,27768.25,27775.25,27756.0,27761.0,945
2026-07-29 02:17:00,27760.25,27786.0,27759.25,27779.75,1199
2026-07-29 02:18:00,27779.75,27790.0,27776.25,27784.75,844
2026-07-29 02:19:00,27784.75,27792.25,27772.0,27774.5,1190
2026-07-29 02:20:00,27774.5,27776.75,27764.25,27772.25,846
2026-07-29 02:21:00,27773.0,27779.0,27761.75,27766.75,734
2026-07-29 02:22:00,27765.75,27771.75,27754.5,27767.5,831
2026-07-29 02:23:00,27768.75,27782.5,27762.0,27781.5,1001
2026-07-29 02:24:00,27781.75,27792.0,27778.5,27781.0,1065
2026-07-29 02:25:00,27780.5,27789.5,27777.75,27789.25,605
2026-07-29 02:26:00,27788.75,27809.5,27788.5,27804.25,1750
2026-07-29 02:27:00,27804.5,27813.0,27803.25,27811.25,901
2026-07-29 02:28:00,27811.5,27811.5,27789.5,27790.75,1129
2026-07-29 02:29:00,27790.5,27811.25,27787.75,27809.75,1209
2026-07-29 02:30:00,27809.75,27839.5,27809.0,27832.5,3004
2026-07-29 02:31:00,27832.25,27843.25,27827.75,27836.25,1226
2026-07-29 02:32:00,27835.25,27865.75,27835.25,27864.25,1833
2026-07-29 02:33:00,27864.75,27871.25,27856.75,27866.25,1433
2026-07-29 02:34:00,27867.0,27872.25,27861.75,27867.0,819
2026-07-29 02:35:00,27867.75,27877.5,27863.75,27875.75,1182
2026-07-29 02:36:00,27875.75,27887.25,27874.5,27881.0,1132
2026-07-29 02:37:00,27880.25,27901.5,27878.75,27900.75,1591
2026-07-29 02:38:00,27899.5,27901.75,27890.75,27892.25,1017
2026-07-29 02:39:00,27891.75,27901.5,27887.25,27887.25,870
2026-07-29 02:40:00,27888.0,27894.75,27887.5,27892.5,546
2026-07-29 02:41:00,27893.5,27908.5,27892.5,27908.0,948
2026-07-29 02:42:00,27908.75,27912.0,27900.0,27910.5,912
2026-07-29 02:43:00,27910.75,27913.0,27900.75,27902.0,551
2026-07-29 02:44:00,27902.25,27913.5,27896.75,27909.0,865
2026-07-29 02:45:00,27908.0,27908.25,27894.25,27897.25,839
2026-07-29 02:46:00,27897.0,27913.25,27897.0,27911.75,827
2026-07-29 02:47:00,27911.75,27922.0,27905.75,27909.75,1418
2026-07-29 02:48:00,27909.75,27923.0,27908.5,27921.5,780
2026-07-29 02:49:00,27921.5,27922.0,27914.0,27917.0,733
2026-07-29 02:50:00,27917.25,27935.0,27915.25,27927.0,1316
2026-07-29 02:51:00,27927.0,27930.75,27918.0,27922.25,698
2026-07-29 02:52:00,27923.5,27931.0,27919.75,27928.0,560
2026-07-29 02:53:00,27927.0,27928.25,27920.5,27927.0,338
2026-07-29 02:54:00,27926.5,27930.25,27921.25,27930.0,446
2026-07-29 02:55:00,27929.0,27941.75,27928.5,27932.75,927
2026-07-29 02:56:00,27933.25,27940.75,27928.25,27936.25,450
2026-07-29 02:57:00,27936.25,27941.75,27930.75,27932.0,476
2026-07-29 02:58:00,27932.75,27935.75,27926.0,27928.25,544
2026-07-29 02:59:00,27929.0,27933.75,27927.0,27929.75,481
2026-07-29 03:00:00,27929.0,27946.5,27916.0,27923.75,2106
2026-07-29 03:01:00,27922.5,27924.5,27897.75,27913.25,1962
2026-07-29 03:02:00,27913.25,27920.75,27910.0,27913.25,829
2026-07-29 03:03:00,27912.75,27913.0,27904.0,27904.25,681
2026-07-29 03:04:00,27905.25,27918.0,27902.75,27907.0,652
2026-07-29 03:05:00,27907.5,27910.5,27899.0,27910.25,629
2026-07-29 03:06:00,27910.0,27925.25,27909.5,27913.25,864
2026-07-29 03:07:00,27913.5,27921.25,27910.25,27918.0,496
2026-07-29 03:08:00,27918.0,27929.75,27918.0,27923.25,679
2026-07-29 03:09:00,27924.25,27928.5,27918.5,27926.25,600
2026-07-29 03:10:00,27926.5,27937.25,27920.75,27935.25,1049
2026-07-29 03:11:00,27935.75,27940.0,27929.75,27932.5,694
2026-07-29 03:12:00,27932.5,27943.75,27932.25,27937.75,984
2026-07-29 03:13:00,27938.5,27943.25,27920.5,27923.5,1003
2026-07-29 03:14:00,27923.5,27930.75,27919.25,27923.25,570
2026-07-29 03:15:00,27923.5,27931.5,27919.5,27929.25,602
2026-07-29 03:16:00,27929.0,27936.0,27922.5,27931.25,643
2026-07-29 03:17:00,27931.25,27944.0,27926.75,27943.0,658
2026-07-29 03:18:00,27944.5,27952.5,27927.75,27930.75,1300
2026-07-29 03:19:00,27930.75,27933.25,27923.25,27930.5,753
2026-07-29 03:20:00,27930.5,27946.0,27929.0,27931.75,839
2026-07-29 03:21:00,27931.5,27934.5,27920.25,27922.5,555
2026-07-29 03:22:00,27923.0,27923.75,27907.25,27910.5,1104
2026-07-29 03:23:00,27910.75,27919.0,27905.25,27915.0,628
2026-07-29 03:24:00,27915.0,27922.75,27912.75,27914.0,454
2026-07-29 03:25:00,27913.75,27924.5,27909.5,27921.0,719
2026-07-29 03:26:00,27921.25,27936.5,27914.5,27936.0,763
2026-07-29 03:27:00,27937.5,27940.75,27927.25,27928.75,578
2026-07-29 03:28:00,27928.0,27940.0,27926.25,27937.5,403
2026-07-29 03:29:00,27937.75,27949.5,27928.75,27946.75,816
2026-07-29 03:30:00,27947.25,27949.0,27936.25,27946.25,755
2026-07-29 03:31:00,27946.0,27961.25,27940.75,27956.25,1151
2026-07-29 03:32:00,27957.0,27959.5,27949.5,27956.75,780
2026-07-29 03:33:00,27957.25,27958.5,27950.5,27951.5,492
2026-07-29 03:34:00,27952.25,27952.75,27936.25,27941.0,624
2026-07-29 03:35:00,27941.0,27953.75,27938.0,27939.0,648
2026-07-29 03:36:00,27938.5,27948.25,27937.75,27948.25,403
2026-07-29 03:37:00,27948.5,27963.75,27946.0,27947.25,825
2026-07-29 03:38:00,27947.75,27950.25,27945.25,27945.5,395
2026-07-29 03:39:00,27946.25,27952.25,27935.0,27939.5,706
2026-07-29 03:40:00,27938.25,27949.0,27936.0,27948.25,590
2026-07-29 03:41:00,27948.0,27948.75,27940.0,27945.0,313
2026-07-29 03:42:00,27944.75,27945.75,27931.75,27934.0,467
2026-07-29 03:43:00,27933.25,27934.0,27927.25,27933.75,543
2026-07-29 03:44:00,27932.5,27933.25,27920.5,27921.25,455
2026-07-29 03:45:00,27921.25,27923.75,27911.0,27913.75,945
2026-07-29 03:46:00,27913.0,27914.25,27907.25,27913.75,855
2026-07-29 03:47:00,27913.25,27922.5,27910.75,27916.0,718
2026-07-29 03:48:00,27916.0,27917.0,27906.5,27907.5,476
2026-07-29 03:49:00,27908.25,27915.75,27906.0,27906.75,522
2026-07-29 03:50:00,27906.0,27906.0,27897.25,27904.75,791
2026-07-29 03:51:00,27905.5,27908.5,27898.5,27908.25,465
2026-07-29 03:52:00,27909.0,27910.0,27900.0,27904.0,470
2026-07-29 03:53:00,27904.0,27910.0,27896.25,27901.25,519
2026-07-29 03:54:00,27902.0,27902.5,27892.75,27895.25,563
2026-07-29 03:55:00,27894.25,27901.75,27890.5,27899.5,709
2026-07-29 03:56:00,27900.0,27914.25,27899.0,27914.25,644
2026-07-29 03:57:00,27913.5,27918.25,27905.5,27917.5,654
2026-07-29 03:58:00,27918.25,27922.0,27908.75,27913.0,602
2026-07-29 03:59:00,27913.25,27913.5,27901.5,27907.25,522
2026-07-29 04:00:00,27906.5,27914.5,27893.0,27901.25,986
2026-07-29 04:01:00,27902.5,27917.75,27897.75,27914.5,1026
2026-07-29 04:02:00,27915.25,27924.5,27901.25,27907.25,1511
2026-07-29 04:03:00,27907.5,27922.0,27907.5,27915.5,622
2026-07-29 04:04:00,27915.5,27922.0,27899.75,27906.25,809
2026-07-29 04:05:00,27906.0,27906.0,27891.0,27895.25,802
2026-07-29 04:06:00,27895.25,27910.5,27894.25,27902.25,692
2026-07-29 04:07:00,27904.25,27910.0,27899.25,27900.0,458
2026-07-29 04:08:00,27900.25,27911.75,27897.5,27906.75,336
2026-07-29 04:09:00,27906.25,27906.25,27881.75,27891.75,1112
2026-07-29 04:10:00,27892.75,27903.5,27882.0,27893.5,683
2026-07-29 04:11:00,27893.5,27894.75,27886.5,27893.5,482
2026-07-29 04:12:00,27894.0,27895.75,27865.25,27871.5,1278
2026-07-29 04:13:00,27871.0,27878.25,27862.75,27874.75,783
2026-07-29 04:14:00,27874.75,27876.5,27857.25,27861.0,872
2026-07-29 04:20:00,27865.75,27867.5,27859.5,27861.75,4464
2026-07-29 04:21:00,27862.25,27868.0,27857.75,27867.0,478
2026-07-29 04:22:00,27866.75,27870.5,27861.25,27861.5,415
2026-07-29 04:23:00,27861.25,27862.5,27843.75,27850.0,869
2026-07-29 04:24:00,27849.5,27852.25,27828.25,27831.75,1225
2026-07-29 04:25:00,27831.75,27836.75,27827.25,27827.75,905
2026-07-29 04:26:00,27828.5,27830.25,27820.0,27825.5,950
2026-07-29 04:27:00,27826.25,27839.25,27819.75,27837.0,821
2026-07-29 04:28:00,27836.75,27839.25,27824.75,27831.0,662
2026-07-29 04:29:00,27831.0,27842.5,27827.75,27841.0,672
2026-07-29 04:30:00,27841.5,27859.75,27830.25,27859.0,1218
2026-07-29 04:31:00,27858.25,27886.25,27857.75,27885.0,1228
2026-07-29 04:32:00,27885.75,27909.25,27882.75,27903.0,2045
2026-07-29 04:33:00,27903.0,27908.5,27893.5,27897.75,799
2026-07-29 04:34:00,27897.25,27905.0,27894.0,27898.5,743
2026-07-29 04:35:00,27897.5,27904.5,27890.75,27892.5,669
2026-07-29 04:36:00,27893.0,27907.25,27890.0,27902.5,845
2026-07-29 04:37:00,27901.5,27906.5,27893.75,27900.5,564
2026-07-29 04:38:00,27901.0,27905.5,27888.5,27888.75,531
2026-07-29 04:39:00,27888.75,27895.0,27883.75,27886.75,603
2026-07-29 04:40:00,27886.75,27897.5,27879.0,27894.25,674
2026-07-29 04:41:00,27895.0,27899.5,27889.5,27893.5,309
2026-07-29 04:42:00,27893.25,27905.0,27891.5,27904.75,469
2026-07-29 04:43:00,27904.75,27924.5,27902.0,27921.75,1437
2026-07-29 04:44:00,27922.5,27929.25,27919.0,27923.0,776
2026-07-29 04:45:00,27923.25,27931.75,27919.5,27923.0,745
2026-07-29 04:46:00,27923.5,27939.75,27923.25,27934.25,847
2026-07-29 04:47:00,27933.75,27939.5,27924.0,27932.0,864
2026-07-29 04:48:00,27932.5,27937.0,27917.25,27918.0,659
2026-07-29 04:49:00,27917.0,27931.5,27913.0,27931.5,642
2026-07-29 04:50:00,27930.25,27938.75,27927.0,27932.5,765
2026-07-29 04:51:00,27933.25,27935.5,27924.25,27926.25,441
2026-07-29 04:52:00,27927.25,27927.25,27918.5,27923.25,409
2026-07-29 04:53:00,27923.25,27923.75,27917.0,27918.75,312
2026-07-29 04:54:00,27918.25,27918.25,27899.5,27907.5,964
2026-07-29 04:55:00,27907.0,27912.25,27906.25,27907.75,327
2026-07-29 04:56:00,27907.25,27913.5,27904.5,27911.0,317
2026-07-29 04:57:00,27910.75,27910.75,27903.5,27907.25,200
2026-07-29 04:58:00,27907.25,27908.0,27898.75,27900.0,332
2026-07-29 04:59:00,27899.5,27905.5,27895.75,27904.0,401
2026-07-29 05:00:00,27904.0,27915.0,27900.25,27914.0,613
2026-07-29 05:01:00,27914.0,27929.0,27913.25,27926.75,797
2026-07-29 05:02:00,27927.5,27931.5,27917.0,27917.5,596
2026-07-29 05:03:00,27916.5,27944.25,27912.0,27943.0,1048
2026-07-29 05:04:00,27943.25,27946.5,27935.5,27937.5,550
2026-07-29 05:05:00,27937.25,27939.75,27931.25,27939.5,677
2026-07-29 05:06:00,27939.5,27955.5,27936.25,27947.5,1234
2026-07-29 05:07:00,27946.0,27950.25,27933.5,27946.25,744
2026-07-29 05:08:00,27946.5,27950.5,27935.75,27950.0,611
2026-07-29 05:09:00,27949.25,27967.0,27949.0,27961.0,1210
2026-07-29 05:10:00,27960.25,27967.75,27953.5,27953.5,874
2026-07-29 05:11:00,27953.5,27960.75,27950.25,27956.25,585
2026-07-29 05:12:00,27956.25,27969.75,27956.25,27964.5,742
2026-07-29 05:13:00,27964.5,27976.0,27954.5,27959.25,890
2026-07-29 05:14:00,27958.0,27979.0,27958.0,27977.5,668
2026-07-29 05:15:00,27978.5,27980.5,27971.25,27978.25,709
2026-07-29 05:16:00,27978.75,27978.75,27956.25,27961.0,764
2026-07-29 05:17:00,27961.5,27967.75,27950.25,27953.5,875
2026-07-29 05:18:00,27952.75,27978.25,27952.5,27974.75,657
2026-07-29 05:19:00,27975.25,27976.0,27959.75,27962.5,577
2026-07-29 05:20:00,27962.0,27968.0,27954.5,27964.75,597
2026-07-29 05:21:00,27963.25,27972.0,27960.75,27964.75,481
2026-07-29 05:22:00,27965.0,27985.5,27963.0,27983.5,972
2026-07-29 05:23:00,27983.5,27984.0,27959.0,27961.5,793
2026-07-29 05:24:00,27962.25,27971.5,27958.0,27970.5,577
2026-07-29 05:25:00,27970.0,27987.75,27966.25,27983.5,656
2026-07-29 05:26:00,27982.5,27984.25,27972.5,27974.25,420
2026-07-29 05:27:00,27974.75,27975.25,27964.0,27968.5,484
2026-07-29 05:28:00,27969.25,27977.5,27966.25,27977.0,366
2026-07-29 05:29:00,27976.5,27978.75,27972.25,27977.25,226
2026-07-29 05:30:00,27977.5,27980.5,27971.25,27971.75,504
2026-07-29 05:31:00,27971.25,27976.25,27969.5,27974.5,234
2026-07-29 05:32:00,27975.0,27975.0,27965.5,27968.0,333
2026-07-29 05:33:00,27968.5,27970.25,27957.75,27964.0,575
2026-07-29 05:34:00,27964.0,27975.0,27962.75,27972.25,384
2026-07-29 05:35:00,27971.0,27975.0,27962.0,27965.25,419
2026-07-29 05:36:00,27966.0,27980.0,27964.0,27968.75,421
2026-07-29 05:37:00,27969.0,27979.5,27967.75,27978.25,471
2026-07-29 05:38:00,27978.5,27996.25,27976.5,27994.5,1145
2026-07-29 05:39:00,27994.75,28000.0,27975.0,27978.5,1026
2026-07-29 05:40:00,27978.0,27996.75,27978.0,27994.25,589
2026-07-29 05:41:00,27994.5,28004.25,27990.75,27998.5,778
2026-07-29 05:42:00,27999.25,28007.0,27994.5,28006.5,653
2026-07-29 05:43:00,28005.75,28012.75,27998.25,28002.5,767
2026-07-29 05:44:00,28001.25,28003.0,27996.0,27999.5,339
2026-07-29 05:45:00,28000.25,28017.75,27998.5,28011.5,803
2026-07-29 05:46:00,28011.5,28015.0,28006.25,28011.25,677
2026-07-29 05:47:00,28010.5,28022.25,28007.0,28020.25,692
2026-07-29 05:48:00,28020.0,28026.0,28016.75,28022.0,603
2026-07-29 05:49:00,28021.75,28038.75,28021.25,28035.5,1025
2026-07-29 05:50:00,28035.25,28047.75,28035.0,28042.25,900
2026-07-29 05:51:00,28041.5,28056.25,28040.25,28054.25,755
2026-07-29 05:52:00,28053.75,28060.0,28044.25,28054.25,750
2026-07-29 05:53:00,28054.25,28057.0,28036.5,28044.5,912
2026-07-29 05:54:00,28043.5,28044.75,28033.25,28033.75,876
2026-07-29 05:55:00,28032.75,28033.25,28018.0,28018.0,1144
2026-07-29 05:56:00,28017.5,28019.5,28011.0,28014.5,860
2026-07-29 05:57:00,28015.0,28026.75,28007.25,28024.5,1028
2026-07-29 05:58:00,28024.5,28027.0,28017.0,28017.75,561
2026-07-29 05:59:00,28018.0,28027.0,28016.5,28019.5,448
2026-07-29 06:00:00,28019.0,28020.5,28008.0,28014.75,788
2026-07-29 06:01:00,28014.75,28029.25,28011.75,28027.5,553
2026-07-29 06:02:00,28027.75,28030.5,28014.5,28022.5,513
2026-07-29 06:03:00,28022.75,28031.25,28017.75,28019.5,458
2026-07-29 06:04:00,28021.5,28028.0,28017.5,28025.5,451
2026-07-29 06:05:00,28025.0,28046.0,28020.0,28034.25,1347
2026-07-29 06:06:00,28034.5,28037.5,28007.75,28014.25,1463
2026-07-29 06:07:00,28014.25,28017.75,28004.75,28016.0,880
2026-07-29 06:08:00,28016.0,28021.25,28012.75,28019.25,347
2026-07-29 06:09:00,28018.5,28023.5,28013.5,28022.25,426
2026-07-29 06:10:00,28021.75,28030.25,28012.0,28014.5,637
2026-07-29 06:11:00,28014.75,28018.0,28009.75,28011.5,444
2026-07-29 06:12:00,28011.75,28019.25,28008.75,28014.25,474
2026-07-29 06:13:00,28015.0,28016.0,28004.25,28008.0,599
2026-07-29 06:14:00,28008.0,28012.0,28003.5,28009.25,500
2026-07-29 06:15:00,28010.25,28018.25,28008.0,28017.5,454
2026-07-29 06:16:00,28017.25,28019.25,28011.5,28017.5,407
2026-07-29 06:17:00,28016.75,28018.75,28011.0,28015.25,377
2026-07-29 06:18:00,28015.25,28024.25,28014.5,28022.5,463
2026-07-29 06:19:00,28022.25,28023.25,28001.75,28014.5,638
2026-07-29 06:20:00,28013.5,28020.25,28008.75,28013.5,544
2026-07-29 06:21:00,28013.5,28017.25,28007.5,28013.25,263
2026-07-29 06:22:00,28013.5,28016.0,28008.25,28014.5,458
2026-07-29 06:23:00,28015.0,28017.75,28009.75,28010.5,277
2026-07-29 06:24:00,28010.0,28014.5,28004.75,28006.75,330
2026-07-29 06:25:00,28007.0,28007.0,27988.0,27992.25,981
2026-07-29 06:26:00,27992.5,27994.75,27988.75,27992.5,596
2026-07-29 06:27:00,27992.0,28001.25,27985.5,27996.25,529
2026-07-29 06:28:00,27995.5,28000.75,27994.25,27999.5,236
2026-07-29 06:29:00,28000.75,28018.25,28000.75,28017.5,981
2026-07-29 06:30:00,28016.25,28023.5,27992.25,27993.75,1122
2026-07-29 06:31:00,27993.5,27998.75,27985.75,27988.0,764
2026-07-29 06:32:00,27989.0,27989.75,27977.0,27982.75,793
2026-07-29 06:33:00,27982.75,27992.5,27978.75,27986.5,600
2026-07-29 06:34:00,27987.0,27990.0,27979.25,27979.5,356
2026-07-29 06:35:00,27980.25,27980.75,27973.25,27978.5,773
2026-07-29 06:36:00,27978.75,27982.5,27973.0,27979.5,416
2026-07-29 06:37:00,27979.75,27981.0,27966.25,27970.25,616
2026-07-29 06:38:00,27969.75,27972.5,27954.0,27957.5,869
2026-07-29 06:39:00,27958.25,27969.5,27957.25,27962.25,673
2026-07-29 06:40:00,27962.75,27965.25,27956.5,27960.25,564
2026-07-29 06:41:00,27960.5,27984.5,27960.5,27978.75,948
2026-07-29 06:42:00,27978.25,27981.0,27973.75,27976.0,468
2026-07-29 06:43:00,27976.5,27976.75,27962.0,27967.0,461
2026-07-29 06:44:00,27966.75,27971.5,27963.5,27967.75,383
2026-07-29 06:45:00,27967.0,27968.75,27956.75,27964.5,633
2026-07-29 06:46:00,27964.25,27968.0,27951.25,27960.0,967
2026-07-29 06:47:00,27959.5,27963.0,27950.0,27951.75,589
2026-07-29 06:48:00,27950.25,27968.75,27949.0,27965.75,614
2026-07-29 06:49:00,27964.75,27964.75,27954.25,27958.5,429
2026-07-29 06:50:00,27959.5,27963.75,27953.5,27963.75,395
2026-07-29 06:51:00,27963.5,27970.75,27941.5,27942.0,1170
2026-07-29 06:52:00,27942.5,27944.25,27933.75,27940.5,851
2026-07-29 06:53:00,27941.25,27943.75,27931.5,27941.0,754
2026-07-29 06:54:00,27941.0,27946.75,27936.0,27941.75,539
2026-07-29 06:55:00,27942.0,27944.25,27936.5,27941.25,491
2026-07-29 06:56:00,27941.5,27955.75,27939.5,27953.25,699
2026-07-29 06:57:00,27952.5,27958.0,27946.0,27950.0,635
2026-07-29 06:58:00,27950.5,27954.5,27943.75,27946.75,413
2026-07-29 06:59:00,27946.75,27953.5,27937.75,27949.0,580
2026-07-29 07:00:00,27949.75,27975.25,27940.25,27970.75,1990
2026-07-29 07:01:00,27970.75,27978.0,27967.75,27974.25,1292
2026-07-29 07:02:00,27973.75,27979.25,27966.25,27976.75,599
2026-07-29 07:03:00,27975.75,27982.5,27971.25,27977.5,805
2026-07-29 07:04:00,27978.0,27979.0,27961.0,27964.5,561
2026-07-29 07:05:00,27964.5,27973.75,27959.25,27966.0,501
2026-07-29 07:06:00,27965.25,27968.0,27928.5,27952.75,1790
2026-07-29 07:07:00,27951.75,27970.75,27951.75,27968.5,1173
2026-07-29 07:08:00,27967.75,27985.5,27965.75,27982.0,1084
2026-07-29 07:09:00,27981.75,27992.5,27980.75,27988.25,1068
2026-07-29 07:10:00,27989.0,28001.5,27987.25,28000.0,1083
2026-07-29 07:11:00,27999.5,28001.75,27994.0,27996.75,742
2026-07-29 07:12:00,27996.25,28000.25,27991.0,27994.0,612
2026-07-29 07:13:00,27993.5,28004.25,27992.75,27998.5,624
2026-07-29 07:14:00,27998.0,28002.25,27986.0,27992.25,736
2026-07-29 07:15:00,27991.25,28002.75,27988.0,28002.75,644
2026-07-29 07:16:00,28002.0,28004.75,27988.75,27991.75,562
2026-07-29 07:17:00,27991.5,28003.75,27983.5,28003.25,906
2026-07-29 07:18:00,28002.75,28016.75,28002.25,28008.5,1042
2026-07-29 07:19:00,28008.5,28017.5,28005.25,28006.0,668
2026-07-29 07:20:00,28006.5,28020.0,28005.5,28014.25,607
2026-07-29 07:21:00,28015.25,28024.0,28012.5,28014.5,739
2026-07-29 07:22:00,28014.75,28022.0,28006.5,28006.75,523
2026-07-29 07:23:00,28007.0,28017.0,28003.75,28014.25,588
2026-07-29 07:24:00,28013.75,28014.5,28002.25,28003.0,667
2026-07-29 07:25:00,28003.0,28009.25,27996.75,28005.75,772
2026-07-29 07:26:00,28005.0,28015.75,28005.0,28012.0,652
2026-07-29 07:27:00,28012.25,28020.5,28007.75,28015.25,565
2026-07-29 07:28:00,28015.25,28020.0,28009.25,28018.25,469
2026-07-29 07:29:00,28019.75,28021.75,27998.5,27999.75,1006
2026-07-29 07:30:00,28000.0,28006.0,27991.5,28004.0,971
2026-07-29 07:31:00,28004.5,28008.0,28000.0,28003.25,542
2026-07-29 07:32:00,28002.5,28002.5,27979.5,27981.5,1380
2026-07-29 07:33:00,27982.75,27984.5,27973.75,27983.0,767
2026-07-29 07:34:00,27982.75,27986.75,27977.75,27982.0,498
2026-07-29 07:35:00,27980.75,27983.0,27974.75,27978.25,421
2026-07-29 07:36:00,27978.75,27983.0,27974.0,27979.75,428
2026-07-29 07:37:00,27979.75,27981.5,27971.75,27974.25,451
2026-07-29 07:38:00,27974.0,27980.5,27969.75,27977.25,584
2026-07-29 07:39:00,27976.25,27976.75,27960.25,27967.75,805
2026-07-29 07:40:00,27966.25,27976.5,27965.25,27972.25,562
2026-07-29 07:41:00,27972.25,27973.5,27961.5,27966.0,400
2026-07-29 07:42:00,27966.75,27979.75,27965.75,27973.25,694
2026-07-29 07:43:00,27972.75,27978.25,27970.5,27971.0,286
2026-07-29 07:44:00,27971.5,27972.75,27964.25,27966.25,420
2026-07-29 07:45:00,27965.75,27969.5,27962.75,27967.5,350
2026-07-29 07:46:00,27968.0,27968.75,27957.25,27961.75,591
2026-07-29 07:47:00,27962.5,27985.0,27959.5,27980.25,1515
2026-07-29 07:48:00,27980.25,27997.0,27978.0,27985.75,1455
2026-07-29 07:49:00,27986.5,27992.5,27985.5,27987.0,648
2026-07-29 07:50:00,27986.25,27987.75,27981.5,27982.0,447
2026-07-29 07:51:00,27981.5,27982.0,27969.5,27976.75,929
2026-07-29 07:52:00,27977.75,27988.0,27965.75,27968.25,730
2026-07-29 07:53:00,27967.75,27968.0,27959.25,27965.0,681
2026-07-29 07:54:00,27965.0,27971.75,27958.25,27959.0,512
2026-07-29 07:55:00,27958.75,27977.75,27955.5,27977.0,707
2026-07-29 07:56:00,27977.0,27990.25,27976.5,27988.5,801
2026-07-29 07:57:00,27988.25,27989.0,27983.0,27984.5,377
2026-07-29 07:58:00,27984.75,27992.75,27981.75,27988.25,511
2026-07-29 07:59:00,27989.0,28004.0,27987.5,28002.75,920
2026-07-29 08:00:00,28002.25,28004.25,27990.25,27991.25,1073
2026-07-29 08:01:00,27991.75,28000.0,27991.0,27997.75,493
2026-07-29 08:02:00,27998.75,28000.0,27982.75,27983.75,718
2026-07-29 08:03:00,27984.75,27984.75,27977.5,27980.75,488
2026-07-29 08:04:00,27981.5,27990.5,27980.5,27984.75,514
2026-07-29 08:05:00,27984.0,27995.25,27979.5,27993.75,644
2026-07-29 08:06:00,27994.0,28007.25,27978.5,27978.75,1227
2026-07-29 08:07:00,27979.0,27979.75,27963.5,27966.0,1173
2026-07-29 08:08:00,27966.25,27969.25,27953.25,27960.75,1106
2026-07-29 08:09:00,27960.5,27962.25,27953.5,27961.0,627
2026-07-29 08:10:00,27961.0,27966.0,27951.5,27962.25,917
2026-07-29 08:11:00,27962.5,27975.5,27962.25,27975.5,784
2026-07-29 08:12:00,27974.75,27979.25,27961.5,27965.5,982
2026-07-29 08:13:00,27965.25,27970.75,27962.25,27967.5,537
2026-07-29 08:14:00,27967.75,27970.25,27934.0,27940.5,2540
2026-07-29 08:15:00,27941.25,27948.0,27929.25,27938.25,1579
2026-07-29 08:16:00,27938.75,27942.0,27884.25,27886.5,6008
2026-07-29 08:17:00,27887.25,27903.5,27868.5,27901.25,4338
2026-07-29 08:18:00,27902.75,27904.5,27879.5,27896.5,2448
2026-07-29 08:19:00,27897.25,27899.75,27882.0,27887.25,1549
2026-07-29 08:20:00,27888.0,27895.25,27882.0,27893.25,1331
2026-07-29 08:21:00,27893.25,27900.75,27873.5,27876.0,1802
2026-07-29 08:22:00,27875.0,27876.5,27852.75,27870.5,2575
2026-07-29 08:23:00,27871.25,27892.0,27868.25,27890.75,1405
2026-07-29 08:24:00,27890.75,27893.75,27865.75,27868.5,1238
2026-07-29 08:25:00,27868.75,27894.5,27866.5,27892.75,1029
2026-07-29 08:26:00,27893.5,27897.25,27888.25,27889.75,870
2026-07-29 08:27:00,27890.75,27903.0,27884.75,27887.75,1205
2026-07-29 08:28:00,27886.75,27895.5,27882.0,27894.25,866
2026-07-29 08:29:00,27894.0,27900.0,27867.0,27867.0,1242
2026-07-29 08:30:00,27867.0,27869.5,27844.75,27868.0,2359
2026-07-29 08:31:00,27869.0,27870.75,27858.5,27867.5,1098
2026-07-29 08:32:00,27868.0,27878.75,27863.0,27869.25,1176
2026-07-29 08:33:00,27868.0,27872.0,27856.25,27863.25,1120
2026-07-29 08:34:00,27865.25,27888.25,27863.75,27888.25,1293
2026-07-29 08:35:00,27888.25,27891.0,27880.0,27887.0,1101
2026-07-29 08:36:00,27885.5,27890.25,27870.25,27870.75,1130
2026-07-29 08:37:00,27871.0,27887.0,27870.25,27882.0,780
2026-07-29 08:38:00,27881.25,27892.0,27875.25,27875.75,957
2026-07-29 08:39:00,27875.75,27887.75,27874.25,27887.75,588
2026-07-29 08:40:00,27887.25,27890.0,27879.5,27886.25,776
2026-07-29 08:41:00,27885.75,27908.5,27884.0,27907.25,1637
2026-07-29 08:42:00,27907.5,27912.5,27902.0,27903.75,1102
2026-07-29 08:43:00,27905.0,27911.75,27905.0,27907.75,539
2026-07-29 08:44:00,27908.0,27918.75,27906.75,27911.75,1035
2026-07-29 08:45:00,27911.75,27915.75,27906.0,27911.5,625
2026-07-29 08:46:00,27911.5,27917.5,27906.75,27914.5,701
2026-07-29 08:47:00,27915.0,27916.25,27905.25,27908.75,695
2026-07-29 08:48:00,27908.5,27922.0,27907.0,27921.25,799
2026-07-29 08:49:00,27921.25,27928.5,27918.25,27924.75,1160
2026-07-29 08:50:00,27924.25,27929.5,27921.25,27926.75,837
2026-07-29 08:51:00,27926.75,27928.0,27915.5,27920.5,840
2026-07-29 08:52:00,27920.0,27925.0,27914.5,27916.75,599
2026-07-29 08:53:00,27917.5,27925.0,27913.5,27915.5,717
2026-07-29 08:54:00,27915.25,27930.0,27911.5,27926.25,958
2026-07-29 08:55:00,27926.25,27929.25,27920.0,27927.0,897
2026-07-29 08:56:00,27926.0,27931.75,27919.75,27924.0,789
2026-07-29 08:57:00,27923.75,27924.5,27907.5,27909.5,1129
2026-07-29 08:58:00,27909.75,27913.25,27903.25,27907.25,1022
2026-07-29 08:59:00,27907.0,27912.25,27904.5,27908.75,707
2026-07-29 09:00:00,27908.5,27915.25,27900.5,27908.5,1517
2026-07-29 09:01:00,27907.5,27914.75,27904.0,27910.5,851
2026-07-29 09:02:00,27910.25,27917.75,27902.0,27902.0,929
2026-07-29 09:03:00,27902.5,27903.5,27886.25,27887.25,2105
2026-07-29 09:04:00,27887.0,27887.5,27878.0,27880.75,1293
2026-07-29 09:05:00,27880.5,27888.5,27874.25,27878.25,1287
2026-07-29 09:06:00,27877.75,27886.75,27871.25,27873.5,1205
2026-07-29 09:07:00,27873.5,27891.5,27873.5,27888.75,1266
2026-07-29 09:08:00,27889.25,27891.25,27885.5,27891.0,727
2026-07-29 09:09:00,27890.75,27896.0,27887.75,27892.75,853
2026-07-29 09:10:00,27892.75,27895.5,27887.0,27889.5,734
2026-07-29 09:11:00,27890.0,27890.0,27878.0,27881.5,1105
2026-07-29 09:12:00,27882.25,27886.25,27877.5,27882.25,888
2026-07-29 09:13:00,27881.25,27882.0,27875.5,27879.0,690
2026-07-29 09:14:00,27879.25,27884.0,27870.0,27873.75,1505
2026-07-29 09:15:00,27872.75,27882.75,27869.5,27882.25,1296
2026-07-29 09:16:00,27882.0,27886.75,27869.75,27877.25,1207
2026-07-29 09:17:00,27877.0,27881.75,27865.25,27870.0,1301
2026-07-29 09:18:00,27869.75,27871.5,27861.75,27864.0,1292
2026-07-29 09:19:00,27864.0,27874.75,27864.0,27869.5,953
2026-07-29 09:20:00,27868.5,27871.0,27856.25,27865.0,1665
2026-07-29 09:21:00,27864.75,27885.25,27863.5,27881.25,1647
2026-07-29 09:22:00,27880.25,27894.0,27878.75,27886.25,1636
2026-07-29 09:23:00,27885.75,27891.25,27879.75,27890.5,761
2026-07-29 09:24:00,27891.5,27899.0,27885.5,27896.25,1307
2026-07-29 09:25:00,27895.0,27913.5,27881.5,27913.25,2738
2026-07-29 09:26:00,27912.75,27933.5,27907.5,27929.25,2207
2026-07-29 09:27:00,27929.25,27940.0,27907.75,27913.25,3133
2026-07-29 09:28:00,27913.25,27925.5,27906.75,27919.75,1815
2026-07-29 09:29:00,27919.75,27926.75,27906.75,27915.75,2026
2026-07-29 09:30:00,27915.0,27949.75,27861.75,27869.75,14452
2026-07-29 09:31:00,27870.5,27893.75,27836.5,27848.25,12840
2026-07-29 09:32:00,27848.75,27908.0,27837.5,27905.0,10839
2026-07-29 09:33:00,27904.0,27961.5,27891.5,27961.0,12347
2026-07-29 09:34:00,27960.75,27984.25,27955.0,27957.5,10561
2026-07-29 09:35:00,27956.5,27997.0,27951.75,27978.0,9403
2026-07-29 09:36:00,27978.25,27979.25,27924.0,27933.5,10834
2026-07-29 09:37:00,27932.5,27937.5,27880.0,27908.25,11877
2026-07-29 09:38:00,27907.75,27939.5,27872.5,27876.25,12749
2026-07-29 09:39:00,27876.75,27898.75,27863.25,27886.25,9068
2026-07-29 09:40:00,27886.25,27907.75,27858.5,27893.25,10145
2026-07-29 09:41:00,27893.25,27906.0,27871.25,27897.0,6464
2026-07-29 09:42:00,27897.25,27905.5,27874.25,27884.0,6113
2026-07-29 09:43:00,27883.0,27899.0,27866.0,27874.75,6129
2026-07-29 09:44:00,27875.75,27919.75,27875.0,27917.25,6897
2026-07-29 09:45:00,27917.0,27949.0,27894.25,27911.75,11235
2026-07-29 09:46:00,27912.0,27926.25,27863.75,27871.0,8102
2026-07-29 09:47:00,27871.0,27878.5,27816.25,27839.25,13490
2026-07-29 09:48:00,27839.0,27862.5,27828.5,27835.75,8738
2026-07-29 09:49:00,27836.25,27857.75,27817.75,27849.5,8181
2026-07-29 09:50:00,27850.25,27856.0,27792.0,27796.75,10685
2026-07-29 09:51:00,27796.5,27796.75,27758.75,27761.25,11110
2026-07-29 09:52:00,27761.5,27764.75,27722.75,27735.75,11918
2026-07-29 09:53:00,27736.5,27774.5,27721.75,27772.75,10345
2026-07-29 09:54:00,27771.75,27780.5,27739.25,27753.0,9460
2026-07-29 09:55:00,27753.5,27753.75,27698.75,27713.25,12425
2026-07-29 09:56:00,27713.5,27715.75,27683.5,27688.5,9021
2026-07-29 09:57:00,27688.5,27706.25,27667.75,27701.25,10768
2026-07-29 09:58:00,27701.75,27733.25,27701.75,27731.25,8565
2026-07-29 09:59:00,27730.5,27748.75,27706.25,27734.25,10460
2026-07-29 10:00:00,27733.75,27771.0,27733.0,27752.0,11540
2026-07-29 10:01:00,27753.25,27773.0,27738.5,27748.5,7279
2026-07-29 10:02:00,27749.25,27790.0,27746.5,27775.5,7475
2026-07-29 10:03:00,27774.5,27789.0,27758.0,27758.75,5755
2026-07-29 10:04:00,27758.5,27790.0,27751.0,27787.25,5535
2026-07-29 10:05:00,27787.25,27827.0,27787.25,27793.5,10876
2026-07-29 10:06:00,27793.75,27807.25,27753.0,27758.0,9586
2026-07-29 10:07:00,27757.25,27758.25,27716.75,27753.0,11679
2026-07-29 10:08:00,27752.25,27758.75,27722.5,27742.5,6420
2026-07-29 10:09:00,27743.0,27754.5,27721.25,27726.75,5570
2026-07-29 10:10:00,27727.25,27728.25,27700.25,27720.25,8813
2026-07-29 10:11:00,27721.5,27745.0,27713.0,27732.5,6629
2026-07-29 10:12:00,27730.5,27747.5,27661.5,27668.5,12275
2026-07-29 10:13:00,27667.5,27668.0,27640.0,27659.5,9654
2026-07-29 10:14:00,27659.0,27663.0,27636.25,27648.5,6243
2026-07-29 10:15:00,27648.5,27681.0,27644.75,27665.0,9906
2026-07-29 10:16:00,27664.25,27682.5,27648.0,27671.25,6348
2026-07-29 10:17:00,27670.5,27678.75,27643.5,27653.75,5674
2026-07-29 10:18:00,27654.5,27690.0,27651.0,27674.5,6886
2026-07-29 10:19:00,27674.0,27685.0,27654.5,27663.5,5368
2026-07-29 10:20:00,27663.5,27685.75,27649.5,27673.5,5270
2026-07-29 10:21:00,27673.75,27694.0,27664.0,27687.75,5673
2026-07-29 10:22:00,27687.0,27696.25,27675.25,27686.25,5110
2026-07-29 10:23:00,27686.75,27690.75,27653.5,27655.75,5187
2026-07-29 10:24:00,27655.75,27658.5,27605.75,27619.75,12161
2026-07-29 10:25:00,27619.5,27623.5,27573.25,27575.0,10519
2026-07-29 10:26:00,27575.0,27575.75,27538.5,27557.5,12661
2026-07-29 10:27:00,27556.75,27564.5,27539.25,27559.75,7076
2026-07-29 10:28:00,27559.25,27578.75,27554.25,27573.75,7103
2026-07-29 10:29:00,27574.0,27592.0,27565.25,27572.5,6804
2026-07-29 10:30:00,27572.0,27604.75,27567.0,27600.25,7814
2026-07-29 10:31:00,27600.0,27613.75,27588.0,27606.25,6974
2026-07-29 10:32:00,27605.25,27638.5,27602.5,27633.75,7204
2026-07-29 10:33:00,27634.5,27652.25,27624.25,27627.5,6381
2026-07-29 10:34:00,27627.25,27636.75,27601.5,27621.75,7502
2026-07-29 10:35:00,27621.75,27624.0,27595.5,27617.75,7148
2026-07-29 10:36:00,27618.0,27625.0,27597.25,27609.0,4901
2026-07-29 10:37:00,27608.75,27610.0,27587.25,27596.5,4235
2026-07-29 10:38:00,27596.25,27607.0,27574.75,27603.5,6159
2026-07-29 10:39:00,27603.25,27604.25,27554.75,27563.75,6296
2026-07-29 10:40:00,27563.75,27565.5,27521.75,27543.25,9722
2026-07-29 10:41:00,27542.25,27572.5,27534.25,27544.0,7435
2026-07-29 10:42:00,27544.0,27545.0,27515.75,27518.0,5821
2026-07-29 10:43:00,27518.0,27540.5,27515.75,27527.25,5615
2026-07-29 10:44:00,27526.75,27542.25,27510.0,27537.5,5662
2026-07-29 10:45:00,27537.5,27550.5,27522.25,27539.0,5232
2026-07-29 10:46:00,27538.75,27556.0,27517.75,27552.0,5522
2026-07-29 10:47:00,27551.75,27574.75,27542.75,27543.75,6700
2026-07-29 10:48:00,27544.0,27545.5,27521.0,27536.25,4969
2026-07-29 10:49:00,27536.25,27571.5,27530.0,27566.0,6535
2026-07-29 10:50:00,27566.5,27586.0,27557.0,27578.0,6926
2026-07-29 10:51:00,27578.0,27591.25,27557.75,27569.75,5677
2026-07-29 10:52:00,27570.5,27615.5,27569.5,27597.5,7122
2026-07-29 10:53:00,27598.25,27610.25,27589.25,27602.25,4895
2026-07-29 10:54:00,27602.0,27605.5,27575.5,27599.0,4335
2026-07-29 10:55:00,27598.75,27607.0,27567.25,27567.5,3875
2026-07-29 10:56:00,27567.75,27573.25,27553.5,27571.0,4577
2026-07-29 10:57:00,27571.5,27583.75,27550.75,27561.0,4979
2026-07-29 10:58:00,27561.0,27590.5,27557.0,27588.5,4349
2026-07-29 10:59:00,27588.75,27613.75,27588.75,27600.25,5765
2026-07-29 11:00:00,27600.5,27626.5,27579.25,27595.0,8021
2026-07-29 11:01:00,27595.5,27618.5,27585.25,27617.5,4697
2026-07-29 11:02:00,27617.0,27641.75,27611.75,27630.5,7358
2026-07-29 11:03:00,27630.75,27647.25,27623.0,27631.75,4278
2026-07-29 11:04:00,27632.5,27639.5,27618.75,27638.5,4380
2026-07-29 11:05:00,27638.5,27641.25,27590.25,27615.5,7145
2026-07-29 11:06:00,27614.5,27634.75,27607.0,27609.25,4505
2026-07-29 11:07:00,27608.5,27638.0,27604.75,27636.25,4064
2026-07-29 11:08:00,27636.5,27656.25,27622.5,27623.75,6485
2026-07-29 11:09:00,27623.0,27645.75,27615.75,27643.0,4195
2026-07-29 11:10:00,27643.75,27650.0,27610.75,27612.5,4266
2026-07-29 11:11:00,27612.25,27612.75,27565.5,27584.25,8050
2026-07-29 11:12:00,27585.5,27601.25,27576.75,27590.5,5009
2026-07-29 11:13:00,27590.0,27605.0,27579.0,27584.0,3925
2026-07-29 11:14:00,27584.25,27597.75,27566.0,27577.0,4123
2026-07-29 11:15:00,27577.5,27595.5,27564.0,27594.5,4400
2026-07-29 11:16:00,27594.75,27619.5,27584.0,27611.25,5607
2026-07-29 11:17:00,27611.25,27620.5,27583.0,27602.75,4558
2026-07-29 11:18:00,27602.0,27624.25,27602.0,27608.75,3768
2026-07-29 11:19:00,27609.0,27616.5,27558.0,27562.25,5406
2026-07-29 11:20:00,27562.0,27573.0,27546.0,27569.0,5221
2026-07-29 11:21:00,27570.0,27577.0,27555.25,27574.75,3552
2026-07-29 11:22:00,27574.75,27580.75,27554.5,27578.5,3619
2026-07-29 11:23:00,27578.5,27598.75,27574.0,27596.25,3670
2026-07-29 11:24:00,27596.25,27605.5,27582.5,27603.25,3750
2026-07-29 11:25:00,27602.25,27607.0,27578.25,27597.75,3826
2026-07-29 11:26:00,27598.0,27618.0,27564.0,27577.75,5279
2026-07-29 11:27:00,27577.5,27588.5,27562.0,27564.25,3072
2026-07-29 11:28:00,27564.75,27578.25,27558.75,27571.5,3159
2026-07-29 11:29:00,27571.5,27576.0,27550.0,27555.5,3244
2026-07-29 11:30:00,27555.75,27565.0,27538.75,27559.0,5327
2026-07-29 11:31:00,27559.0,27568.0,27543.75,27565.0,3107
2026-07-29 11:32:00,27564.75,27577.25,27557.5,27566.0,3449
2026-07-29 11:33:00,27566.5,27584.25,27553.0,27572.75,3366
2026-07-29 11:34:00,27572.75,27584.25,27544.5,27559.0,3792
2026-07-29 11:35:00,27558.5,27584.0,27550.0,27580.25,3513
2026-07-29 11:36:00,27580.75,27587.25,27565.5,27585.75,2858
2026-07-29 11:37:00,27585.25,27596.0,27567.0,27576.25,3048
2026-07-29 11:38:00,27576.5,27587.5,27553.5,27559.0,2723
2026-07-29 11:39:00,27559.0,27560.5,27534.0,27535.25,3368
2026-07-29 11:40:00,27535.25,27546.25,27528.0,27535.75,3491
2026-07-29 11:41:00,27536.25,27557.0,27535.75,27549.25,2893
2026-07-29 11:42:00,27548.75,27557.75,27530.0,27531.25,2517
2026-07-29 11:43:00,27531.25,27536.5,27518.5,27519.0,2881
2026-07-29 11:44:00,27518.75,27539.0,27518.75,27533.75,2413
2026-07-29 11:45:00,27533.5,27543.25,27518.5,27529.0,2823
2026-07-29 11:46:00,27529.0,27548.75,27528.25,27540.5,2676
2026-07-29 11:47:00,27540.0,27552.25,27532.25,27549.75,2408
2026-07-29 11:48:00,27549.25,27565.75,27545.0,27547.25,3329
2026-07-29 11:49:00,27547.0,27561.0,27538.0,27557.5,2520
2026-07-29 11:50:00,27558.0,27566.75,27541.25,27556.0,3121
2026-07-29 11:51:00,27556.25,27562.75,27548.5,27553.75,1916
2026-07-29 11:52:00,27553.5,27561.0,27539.75,27560.0,2968
2026-07-29 11:53:00,27560.25,27562.5,27522.5,27531.5,3151
2026-07-29 11:54:00,27531.75,27532.25,27487.0,27492.75,8482
2026-07-29 11:55:00,27493.0,27495.25,27471.75,27476.0,6402
2026-07-29 11:56:00,27476.25,27486.5,27464.5,27484.0,4940
2026-07-29 11:57:00,27484.5,27494.0,27479.5,27486.75,3775
2026-07-29 11:58:00,27486.5,27494.25,27477.0,27493.0,3105
2026-07-29 11:59:00,27493.25,27521.75,27491.25,27519.0,5183
2026-07-29 12:00:00,27518.25,27540.0,27493.25,27494.75,7289
2026-07-29 12:01:00,27495.0,27501.5,27476.0,27487.25,4722
2026-07-29 12:02:00,27487.75,27490.5,27474.0,27484.25,2738
2026-07-29 12:03:00,27483.75,27486.25,27472.5,27475.75,2335
2026-07-29 12:04:00,27475.75,27477.25,27453.75,27460.5,5220
2026-07-29 12:05:00,27459.5,27461.5,27425.75,27440.75,7624
2026-07-29 12:06:00,27440.5,27454.0,27433.75,27446.5,4186
2026-07-29 12:07:00,27446.25,27457.0,27438.25,27455.0,2764
2026-07-29 12:08:00,27456.0,27463.0,27446.25,27457.75,3471
2026-07-29 12:09:00,27458.25,27463.25,27442.75,27462.0,2937
2026-07-29 12:10:00,27462.0,27465.5,27452.25,27458.5,2513
2026-07-29 12:11:00,27459.0,27466.5,27444.0,27447.0,2563
2026-07-29 12:12:00,27447.25,27459.5,27444.0,27445.25,2240
2026-07-29 12:13:00,27445.25,27455.0,27436.0,27440.25,2500
2026-07-29 12:14:00,27441.0,27447.0,27418.75,27420.0,4494
2026-07-29 12:15:00,27419.75,27437.25,27409.0,27430.5,6309
2026-07-29 12:16:00,27431.0,27432.25,27416.25,27424.5,3067
2026-07-29 12:17:00,27424.75,27441.5,27414.75,27435.25,3391
2026-07-29 12:18:00,27435.75,27449.25,27429.5,27447.5,3286
2026-07-29 12:19:00,27446.5,27451.75,27440.75,27446.25,2676
2026-07-29 12:20:00,27446.25,27464.25,27437.25,27463.0,3743
2026-07-29 12:21:00,27463.0,27475.75,27459.5,27463.5,4291
2026-07-29 12:22:00,27463.5,27493.0,27462.75,27490.25,4082
2026-07-29 12:23:00,27490.75,27529.0,27486.75,27511.25,8201
2026-07-29 12:24:00,27511.5,27523.5,27503.5,27515.75,3663
2026-07-29 12:25:00,27516.0,27536.75,27514.0,27524.75,4011
2026-07-29 12:26:00,27525.0,27542.75,27517.25,27540.0,3866
2026-07-29 12:27:00,27540.25,27543.5,27528.5,27536.0,3187
2026-07-29 12:28:00,27535.75,27555.0,27527.5,27549.0,4188
2026-07-29 12:29:00,27548.75,27556.75,27545.25,27551.0,2633
2026-07-29 12:30:00,27551.75,27586.0,27547.0,27571.25,6190
2026-07-29 12:31:00,27572.0,27579.25,27551.75,27565.75,4244
2026-07-29 12:32:00,27565.75,27566.75,27536.5,27543.75,3898
2026-07-29 12:33:00,27544.0,27556.5,27541.25,27548.5,2827
2026-07-29 12:34:00,27548.25,27560.75,27525.0,27525.25,4571
2026-07-29 12:35:00,27525.5,27527.75,27502.5,27514.25,5178
2026-07-29 12:36:00,27513.25,27519.5,27494.75,27500.25,3578
2026-07-29 12:37:00,27500.25,27522.5,27498.5,27519.0,3639
2026-07-29 12:38:00,27519.0,27524.75,27510.75,27515.25,2463
2026-07-29 12:39:00,27515.75,27533.25,27511.5,27527.0,3072
2026-07-29 12:40:00,27526.75,27537.75,27509.5,27535.25,3152
2026-07-29 12:41:00,27535.75,27539.0,27519.5,27521.25,2645
2026-07-29 12:42:00,27521.75,27522.5,27488.75,27498.5,4549
2026-07-29 12:43:00,27499.0,27505.0,27488.25,27488.75,2524
2026-07-29 12:44:00,27489.25,27506.0,27484.0,27504.25,2934
2026-07-29 12:45:00,27503.5,27507.0,27490.0,27496.0,2660
2026-07-29 12:46:00,27495.75,27504.25,27492.0,27500.5,1864
2026-07-29 12:47:00,27500.75,27531.75,27499.25,27528.0,3755
2026-07-29 12:48:00,27528.75,27536.75,27521.25,27526.0,2694
2026-07-29 12:49:00,27525.5,27554.25,27523.75,27552.25,3411
2026-07-29 12:50:00,27552.0,27563.75,27536.25,27550.25,3860
2026-07-29 12:51:00,27549.75,27558.5,27542.75,27547.5,2839
2026-07-29 12:52:00,27547.0,27570.0,27533.25,27567.75,3774
2026-07-29 12:53:00,27567.5,27576.0,27561.5,27571.25,3200
2026-07-29 12:54:00,27570.5,27571.25,27552.75,27563.5,2492
2026-07-29 12:55:00,27563.0,27578.75,27555.75,27567.0,3131
2026-07-29 12:56:00,27566.75,27579.75,27557.5,27579.25,2317
2026-07-29 12:57:00,27579.25,27592.75,27573.0,27585.5,3649
2026-07-29 12:58:00,27586.5,27588.5,27572.0,27584.0,2633
2026-07-29 12:59:00,27583.75,27603.5,27583.5,27603.5,3616
2026-07-29 13:00:00,27603.25,27615.0,27595.0,27610.75,4375
2026-07-29 13:01:00,27610.25,27624.5,27608.0,27612.5,3123
2026-07-29 13:02:00,27611.75,27621.0,27605.75,27614.5,2319
2026-07-29 13:03:00,27614.75,27647.0,27611.0,27642.75,4081
2026-07-29 13:04:00,27643.25,27666.0,27637.75,27659.75,5626
2026-07-29 13:05:00,27659.0,27662.5,27634.25,27642.0,4167
2026-07-29 13:06:00,27642.0,27661.75,27636.0,27655.25,3677
2026-07-29 13:07:00,27655.5,27658.5,27637.75,27642.25,2856
2026-07-29 13:08:00,27642.75,27659.25,27635.75,27650.0,2886
2026-07-29 13:09:00,27649.5,27657.75,27643.5,27652.5,2227
2026-07-29 13:10:00,27652.0,27686.75,27647.75,27682.0,4919
2026-07-29 13:11:00,27682.0,27691.5,27677.25,27686.75,3153
2026-07-29 13:12:00,27685.75,27698.0,27672.75,27697.25,3541
2026-07-29 13:13:00,27697.0,27722.75,27696.25,27712.25,5306
2026-07-29 13:14:00,27712.0,27737.25,27707.5,27736.0,4404
2026-07-29 13:15:00,27736.5,27740.0,27718.75,27722.5,4594
2026-07-29 13:16:00,27723.0,27730.0,27712.5,27716.0,3464
2026-07-29 13:17:00,27716.0,27732.75,27708.5,27721.5,3066
2026-07-29 13:18:00,27721.5,27733.5,27711.0,27717.5,3342
2026-07-29 13:19:00,27717.0,27722.5,27710.75,27715.75,2128
2026-07-29 13:20:00,27715.75,27734.5,27712.75,27727.25,3739
2026-07-29 13:21:00,27727.5,27748.5,27718.25,27746.5,2972
2026-07-29 13:22:00,27745.75,27749.75,27723.25,27724.0,3044
2026-07-29 13:23:00,27724.0,27736.25,27715.5,27728.75,4127
2026-07-29 13:24:00,27728.0,27728.0,27691.75,27694.25,4488
2026-07-29 13:25:00,27694.0,27698.75,27679.0,27685.5,4454
2026-07-29 13:26:00,27684.75,27700.75,27680.0,27698.5,3626
2026-07-29 13:27:00,27697.5,27703.25,27678.25,27680.0,2382
2026-07-29 13:28:00,27680.5,27688.25,27672.5,27681.0,2633
2026-07-29 13:29:00,27681.25,27681.5,27650.0,27651.25,4243
2026-07-29 13:30:00,27650.75,27657.5,27633.75,27635.75,4632
2026-07-29 13:31:00,27634.75,27659.25,27629.25,27658.0,4092
2026-07-29 13:32:00,27658.0,27676.75,27656.5,27675.25,4163
2026-07-29 13:33:00,27674.75,27693.25,27672.5,27693.25,3499
2026-07-29 13:34:00,27692.25,27695.75,27665.25,27673.75,3337
2026-07-29 13:35:00,27673.5,27680.0,27650.75,27656.5,2890
2026-07-29 13:36:00,27656.75,27662.25,27643.75,27644.0,2969
2026-07-29 13:37:00,27643.75,27663.5,27638.0,27652.0,3298
2026-07-29 13:38:00,27652.5,27664.75,27647.0,27650.25,2120
2026-07-29 13:39:00,27650.5,27662.5,27647.75,27658.0,2151
2026-07-29 13:40:00,27658.0,27667.25,27653.25,27662.5,3007
2026-07-29 13:41:00,27663.0,27677.0,27660.5,27673.5,3174
2026-07-29 13:42:00,27673.25,27686.75,27659.5,27662.0,4135
2026-07-29 13:43:00,27662.5,27690.0,27651.75,27686.25,2879
2026-07-29 13:44:00,27686.75,27690.5,27674.75,27680.0,2229
2026-07-29 13:45:00,27681.0,27686.25,27661.75,27664.25,2318
2026-07-29 13:46:00,27664.5,27673.25,27655.0,27668.0,2379
2026-07-29 13:47:00,27668.0,27676.25,27664.75,27674.75,1466
2026-07-29 13:48:00,27675.25,27690.75,27671.5,27690.5,2453
2026-07-29 13:49:00,27690.0,27698.5,27682.75,27695.75,2069
2026-07-29 13:50:00,27696.0,27707.5,27694.5,27706.0,2287
2026-07-29 13:51:00,27706.25,27718.5,27703.75,27717.75,2309
2026-07-29 13:52:00,27717.25,27728.0,27707.0,27712.5,2448
2026-07-29 13:53:00,27711.75,27723.5,27709.5,27720.75,1362
2026-07-29 13:54:00,27721.0,27721.5,27706.5,27712.0,1417
2026-07-29 13:55:00,27711.5,27717.75,27690.75,27699.75,2368
2026-07-29 13:56:00,27699.0,27700.75,27688.25,27693.0,1325
2026-07-29 13:57:00,27692.75,27693.0,27684.25,27689.5,1228
2026-07-29 13:58:00,27690.0,27698.5,27677.75,27694.5,1924
2026-07-29 13:59:00,27693.75,27727.25,27691.25,27721.75,2112
2026-07-29 14:00:00,27723.0,27859.0,27717.75,27846.75,15977
2026-07-29 14:01:00,27847.25,27878.5,27808.25,27868.0,9742
2026-07-29 14:02:00,27868.5,27889.0,27840.0,27844.0,7699
2026-07-29 14:03:00,27844.25,27865.5,27819.5,27832.0,5247
2026-07-29 14:04:00,27831.5,27833.0,27780.0,27801.5,6068
2026-07-29 14:05:00,27801.5,27843.5,27788.5,27843.25,6448
2026-07-29 14:06:00,27842.5,27886.5,27839.75,27873.0,6889
2026-07-29 14:07:00,27873.75,27884.25,27859.25,27862.75,6054
2026-07-29 14:08:00,27862.5,27869.25,27835.0,27852.0,5507
2026-07-29 14:09:00,27850.5,27858.0,27826.5,27855.75,5322
2026-07-29 14:10:00,27855.75,27872.25,27830.5,27843.5,5959
2026-07-29 14:11:00,27844.0,27863.75,27821.5,27851.75,5056
2026-07-29 14:12:00,27852.0,27861.0,27824.25,27830.0,3703
2026-07-29 14:13:00,27830.25,27840.25,27798.25,27813.0,4917
2026-07-29 14:14:00,27813.0,27821.0,27774.5,27799.0,5502
2026-07-29 14:15:00,27800.25,27843.5,27799.25,27817.5,5622
2026-07-29 14:16:00,27817.0,27839.25,27804.0,27813.75,3877
2026-07-29 14:17:00,27812.5,27820.0,27772.0,27793.0,4906
2026-07-29 14:18:00,27793.5,27796.75,27763.25,27771.5,3831
2026-07-29 14:19:00,27771.25,27774.75,27748.75,27764.0,4704
2026-07-29 14:20:00,27764.0,27776.0,27738.0,27753.75,4877
2026-07-29 14:21:00,27752.25,27767.75,27735.25,27746.0,4223
2026-07-29 14:22:00,27746.0,27752.5,27730.25,27749.75,3869
2026-07-29 14:23:00,27750.0,27766.0,27728.0,27734.0,4457
2026-07-29 14:24:00,27734.25,27765.75,27732.25,27748.5,3536
2026-07-29 14:25:00,27748.0,27758.25,27727.75,27745.25,3705
2026-07-29 14:26:00,27745.75,27766.0,27735.5,27747.25,3500
2026-07-29 14:27:00,27746.75,27750.5,27730.0,27741.75,2994
2026-07-29 14:28:00,27741.5,27760.25,27735.75,27750.0,3376
2026-07-29 14:29:00,27750.0,27778.0,27743.5,27777.0,3271
2026-07-29 14:30:00,27776.75,27804.0,27776.5,27802.25,5481
2026-07-29 14:31:00,27803.0,27820.25,27754.0,27758.25,7457
2026-07-29 14:32:00,27759.5,27767.25,27703.75,27752.75,7917
2026-07-29 14:33:00,27754.0,27784.0,27723.75,27762.5,5158
2026-07-29 14:34:00,27760.5,27770.75,27736.75,27756.0,2308
2026-07-29 14:35:00,27755.75,27765.5,27725.5,27747.5,3295
2026-07-29 14:36:00,27748.25,27793.25,27730.0,27791.75,3069
2026-07-29 14:37:00,27790.5,27827.0,27778.75,27816.75,5570
2026-07-29 14:38:00,27816.75,27883.5,27816.0,27862.25,7026
2026-07-29 14:39:00,27862.0,27889.25,27836.75,27868.75,4761
2026-07-29 14:40:00,27869.0,27918.5,27865.25,27909.25,7088
2026-07-29 14:41:00,27909.5,27952.25,27906.0,27930.0,7261
2026-07-29 14:42:00,27930.0,27943.0,27897.25,27929.5,5577
2026-07-29 14:43:00,27929.0,27957.5,27913.25,27954.25,5626
2026-07-29 14:44:00,27953.0,27987.75,27942.75,27974.5,5780
2026-07-29 14:45:00,27974.5,27994.5,27960.25,27978.25,6091
2026-07-29 14:46:00,27978.0,28010.5,27971.25,27996.25,7000
2026-07-29 14:47:00,27995.5,28050.75,27987.5,28025.5,7049
2026-07-29 14:48:00,28025.75,28036.0,27993.75,28006.0,6327
2026-07-29 14:49:00,28005.75,28053.5,28002.75,28042.75,5281
2026-07-29 14:50:00,28044.0,28052.75,28014.75,28042.75,6285
2026-07-29 14:51:00,28043.75,28044.75,28000.25,28038.25,5584
2026-07-29 14:52:00,28038.0,28054.75,28032.5,28047.0,4773
2026-07-29 14:53:00,28046.75,28078.5,28046.0,28066.0,6467
2026-07-29 14:54:00,28066.25,28087.25,28062.25,28085.5,4529
2026-07-29 14:55:00,28085.25,28097.0,28067.0,28078.5,6800
2026-07-29 14:56:00,28078.75,28083.0,28045.75,28047.25,6287
2026-07-29 14:57:00,28047.5,28053.5,28022.5,28052.0,6935
2026-07-29 14:58:00,28052.25,28074.0,28047.0,28056.5,5296
2026-07-29 14:59:00,28056.0,28061.75,28032.75,28057.75,5168
2026-07-29 15:00:00,28057.25,28067.5,28026.0,28036.75,7464
2026-07-29 15:01:00,28036.5,28091.75,28023.0,28090.0,6810
2026-07-29 15:02:00,28090.5,28099.75,28057.25,28064.25,6789
2026-07-29 15:03:00,28062.75,28064.25,28011.5,28025.75,7050
2026-07-29 15:04:00,28025.5,28027.5,27965.75,27993.25,8794
2026-07-29 15:05:00,27993.75,27999.5,27948.25,27954.75,7502
2026-07-29 15:06:00,27955.25,27977.5,27949.25,27959.25,7125
2026-07-29 15:07:00,27960.75,27963.0,27918.25,27920.0,6636
2026-07-29 15:08:00,27920.5,27940.25,27889.25,27904.0,8553
2026-07-29 15:09:00,27905.25,27914.75,27877.25,27878.5,6029
2026-07-29 15:10:00,27878.0,27889.0,27839.25,27862.0,8664
2026-07-29 15:11:00,27862.0,27917.25,27859.0,27913.75,8126
2026-07-29 15:12:00,27912.75,27928.5,27872.25,27907.25,8091
2026-07-29 15:13:00,27906.25,27929.5,27898.0,27908.5,5798
2026-07-29 15:14:00,27909.0,27926.0,27895.75,27905.5,4441
2026-07-29 15:15:00,27905.5,27934.75,27885.5,27930.25,6324
2026-07-29 15:16:00,27929.5,27938.75,27875.0,27889.5,6565
2026-07-29 15:17:00,27889.75,27897.75,27843.0,27845.75,5801
2026-07-29 15:18:00,27846.75,27848.0,27805.0,27827.25,7688
2026-07-29 15:19:00,27826.5,27833.75,27807.5,27821.75,5069
2026-07-29 15:20:00,27821.5,27828.0,27770.5,27771.75,6966
2026-07-29 15:21:00,27771.0,27775.75,27720.25,27737.0,10718
2026-07-29 15:22:00,27737.75,27746.0,27682.25,27717.5,8685
2026-07-29 15:23:00,27716.5,27730.0,27701.75,27718.5,5076
2026-07-29 15:24:00,27720.0,27745.0,27703.0,27711.0,5153
2026-07-29 15:25:00,27710.5,27724.0,27674.5,27678.5,6649
2026-07-29 15:26:00,27677.75,27682.0,27641.0,27669.5,7828
2026-07-29 15:27:00,27670.0,27690.25,27644.5,27675.25,6326
2026-07-29 15:28:00,27676.25,27701.0,27669.0,27694.25,5877
2026-07-29 15:29:00,27693.75,27713.0,27684.5,27711.0,6095
2026-07-29 15:30:00,27711.25,27738.75,27696.25,27726.5,8481
2026-07-29 15:31:00,27726.25,27744.0,27696.75,27716.75,7008
2026-07-29 15:32:00,27716.5,27724.75,27664.25,27681.5,7182
2026-07-29 15:33:00,27682.25,27684.75,27593.0,27600.0,9766
2026-07-29 15:34:00,27600.5,27611.5,27571.75,27609.75,9364
2026-07-29 15:35:00,27610.25,27621.5,27581.0,27601.5,7600
2026-07-29 15:36:00,27601.75,27627.0,27585.0,27623.25,7847
2026-07-29 15:37:00,27623.25,27631.25,27577.0,27583.5,6636
2026-07-29 15:38:00,27583.25,27584.75,27525.25,27527.25,7932
2026-07-29 15:39:00,27527.25,27529.75,27503.0,27508.5,8540
2026-07-29 15:40:00,27508.5,27520.0,27472.5,27517.75,10768
2026-07-29 15:41:00,27519.0,27542.0,27497.25,27513.0,9072
2026-07-29 15:42:00,27513.0,27527.0,27502.5,27509.25,6370
2026-07-29 15:43:00,27510.25,27515.5,27467.25,27501.25,9665
2026-07-29 15:44:00,27501.0,27502.75,27459.0,27473.75,7172
2026-07-29 15:45:00,27473.5,27488.25,27453.75,27456.25,7425
2026-07-29 15:46:00,27456.0,27484.5,27445.0,27448.5,7433
2026-07-29 15:47:00,27449.0,27458.0,27421.25,27447.5,7231
2026-07-29 15:48:00,27447.0,27484.0,27443.5,27472.5,7050
2026-07-29 15:49:00,27472.0,27511.0,27456.0,27501.0,6485
2026-07-29 15:50:00,27500.25,27500.25,27432.5,27459.0,8259
2026-07-29 15:51:00,27459.75,27459.75,27423.0,27443.5,5359
2026-07-29 15:52:00,27443.5,27446.0,27393.5,27414.75,8773
2026-07-29 15:53:00,27415.0,27430.25,27405.75,27417.25,5221
2026-07-29 15:54:00,27417.5,27449.0,27416.0,27434.25,6462
2026-07-29 15:55:00,27434.25,27434.75,27363.75,27379.25,9297
2026-07-29 15:56:00,27379.75,27392.0,27356.75,27365.25,5208
2026-07-29 15:57:00,27365.25,27367.5,27343.5,27344.25,4745
2026-07-29 15:58:00,27344.75,27349.5,27331.5,27340.5,4817
2026-07-29 15:59:00,27341.0,27370.75,27317.5,27337.25,11662
2026-07-29 16:00:00,27337.75,27361.75,27282.75,27325.25,8409
2026-07-29 16:01:00,27325.25,27361.25,27225.25,27229.0,9749
2026-07-29 16:02:00,27231.5,27291.0,27222.75,27280.75,5855
2026-07-29 16:03:00,27282.25,27298.75,27247.5,27262.5,3724
2026-07-29 16:04:00,27261.0,27267.25,27200.0,27253.0,6240
2026-07-29 16:05:00,27255.0,27322.0,27242.0,27302.25,6397
2026-07-29 16:06:00,27302.5,27361.25,27284.0,27328.25,4628
2026-07-29 16:07:00,27327.75,27339.25,27291.5,27302.75,3062
2026-07-29 16:08:00,27301.25,27306.0,27262.0,27292.5,3302
2026-07-29 16:09:00,27292.5,27304.25,27252.5,27256.75,2437
2026-07-29 16:10:00,27256.5,27266.75,27233.25,27250.75,3306
2026-07-29 16:11:00,27251.75,27283.5,27231.75,27271.75,3520
2026-07-29 16:12:00,27272.25,27294.25,27245.5,27291.25,2877
2026-07-29 16:13:00,27289.75,27332.0,27287.5,27300.0,4767
2026-07-29 16:14:00,27300.25,27317.25,27289.0,27299.25,2224
2026-07-29 16:15:00,27300.0,27319.25,27274.75,27319.0,2294
2026-07-29 16:16:00,27318.25,27339.0,27312.5,27318.5,2830
2026-07-29 16:17:00,27319.0,27326.25,27298.25,27298.25,1838
2026-07-29 16:18:00,27298.5,27301.0,27272.5,27283.75,2186
2026-07-29 16:19:00,27282.25,27288.5,27265.5,27280.5,1477
2026-07-29 16:20:00,27280.0,27300.25,27272.5,27279.75,1279
2026-07-29 16:21:00,27279.0,27299.5,27273.25,27298.75,1065
2026-07-29 16:22:00,27297.75,27307.0,27263.5,27266.5,1781
2026-07-29 16:23:00,27266.5,27291.25,27261.75,27275.75,1349
2026-07-29 16:24:00,27275.75,27279.75,27256.0,27265.75,1192
2026-07-29 16:25:00,27266.25,27284.25,27261.25,27273.75,1003
2026-07-29 16:26:00,27273.5,27274.75,27226.0,27228.5,2343
2026-07-29 16:27:00,27228.25,27230.5,27208.0,27214.25,2228
2026-07-29 16:28:00,27214.5,27234.25,27210.25,27234.0,1924
2026-07-29 16:29:00,27234.25,27258.0,27233.0,27242.5,1745
2026-07-29 16:30:00,27241.75,27245.75,27205.75,27221.75,1805
2026-07-29 16:31:00,27220.75,27254.75,27214.25,27240.75,1577
2026-07-29 16:32:00,27242.0,27271.0,27239.25,27262.75,1867
2026-07-29 16:33:00,27262.75,27275.0,27257.5,27270.0,1351
2026-07-29 16:34:00,27269.75,27279.25,27260.0,27274.5,1385
2026-07-29 16:35:00,27274.0,27295.5,27268.5,27278.25,1495
2026-07-29 16:36:00,27277.75,27294.75,27265.0,27287.0,1199
2026-07-29 16:37:00,27286.75,27296.75,27276.75,27294.5,1099
2026-07-29 16:38:00,27294.25,27310.5,27291.5,27309.0,1470
2026-07-29 16:39:00,27309.0,27333.25,27308.5,27328.5,1718
2026-07-29 16:40:00,27327.5,27330.25,27312.0,27314.5,990
2026-07-29 16:41:00,27314.5,27314.5,27298.0,27311.25,1291
2026-07-29 16:42:00,27312.75,27316.0,27285.5,27294.5,1276
2026-07-29 16:43:00,27295.25,27314.5,27287.0,27312.25,1259
2026-07-29 16:44:00,27311.25,27315.0,27295.75,27312.5,1111
2026-07-29 16:45:00,27313.5,27321.75,27303.25,27313.25,896
2026-07-29 16:46:00,27313.0,27313.25,27300.0,27304.25,747
2026-07-29 16:47:00,27304.75,27306.5,27286.75,27300.0,988
2026-07-29 16:48:00,27300.5,27312.0,27287.5,27289.75,733
2026-07-29 16:49:00,27289.25,27290.5,27270.0,27274.5,904
2026-07-29 16:50:00,27273.0,27277.5,27264.0,27274.25,825
2026-07-29 16:51:00,27272.25,27300.0,27263.5,27286.25,905
2026-07-29 16:52:00,27285.0,27296.0,27277.75,27293.75,536
2026-07-29 16:53:00,27293.75,27306.25,27290.0,27297.5,743
2026-07-29 16:54:00,27295.75,27308.25,27295.25,27307.25,602
2026-07-29 16:55:00,27308.0,27312.0,27290.75,27291.25,695
2026-07-29 16:56:00,27292.0,27298.5,27283.25,27294.0,410
2026-07-29 16:57:00,27294.5,27302.25,27287.75,27297.5,363
2026-07-29 16:58:00,27296.25,27296.5,27275.25,27279.75,445
2026-07-29 16:59:00,27279.0,27280.0,27259.75,27259.75,703
2026-07-29 18:00:00,27208.0,27301.75,27204.75,27297.0,0
2026-07-29 18:01:00,27296.0,27320.0,27290.5,27313.25,2333
2026-07-29 18:02:00,27312.5,27347.25,27311.25,27340.25,2739
2026-07-29 18:03:00,27340.0,27342.5,27319.5,27338.25,1643
2026-07-29 18:04:00,27338.25,27355.5,27329.0,27354.25,1688
2026-07-29 18:05:00,27354.0,27388.5,27349.25,27383.0,2851
2026-07-29 18:06:00,27383.0,27399.5,27381.75,27397.0,2101
2026-07-29 18:07:00,27396.75,27397.0,27382.5,27395.5,1550
2026-07-29 18:08:00,27395.5,27423.0,27394.0,27418.0,2340
2026-07-29 18:09:00,27418.25,27450.0,27414.0,27439.0,2661
2026-07-29 18:10:00,27439.75,27473.0,27429.0,27469.75,3273
2026-07-29 18:11:00,27470.0,27489.75,27462.0,27480.0,3411
2026-07-29 18:12:00,27479.0,27480.0,27458.5,27476.5,2092
2026-07-29 18:13:00,27476.75,27479.25,27438.75,27447.75,2473
2026-07-29 18:14:00,27449.0,27456.25,27434.5,27435.5,2161
2026-07-29 18:15:00,27436.25,27442.75,27428.75,27438.5,1282
2026-07-29 18:16:00,27438.75,27471.5,27431.5,27468.25,1922
2026-07-29 18:17:00,27469.25,27470.0,27459.0,27467.25,1127
2026-07-29 18:18:00,27466.75,27468.75,27439.5,27462.0,1679
2026-07-29 18:19:00,27462.0,27484.5,27461.0,27476.5,2146
2026-07-29 18:20:00,27477.25,27479.25,27451.75,27451.75,1293
2026-07-29 18:21:00,27452.75,27465.25,27445.25,27449.25,1576
2026-07-29 18:22:00,27449.25,27464.0,27446.0,27455.25,923
2026-07-29 18:23:00,27456.25,27470.0,27452.0,27465.25,1066
2026-07-29 18:24:00,27466.0,27466.0,27433.0,27437.5,1852
2026-07-29 18:25:00,27437.5,27446.75,27436.5,27440.0,1553
2026-07-29 18:26:00,27440.75,27442.75,27413.75,27417.0,2536
2026-07-29 18:27:00,27417.0,27424.75,27413.0,27419.5,1735
2026-07-29 18:28:00,27418.5,27425.0,27395.25,27405.5,2590
2026-07-29 18:29:00,27406.75,27440.75,27406.25,27434.0,2546
2026-07-29 18:30:00,27434.5,27439.5,27412.75,27423.0,1739
2026-07-29 18:31:00,27423.0,27430.5,27416.5,27418.25,1142
2026-07-29 18:32:00,27418.25,27423.0,27414.25,27417.75,661
2026-07-29 18:33:00,27418.0,27439.25,27414.75,27437.5,1452
2026-07-29 18:34:00,27437.5,27442.75,27425.5,27431.75,1256
2026-07-29 18:35:00,27432.0,27444.75,27427.75,27443.0,960
2026-07-29 18:36:00,27442.75,27458.5,27439.25,27456.0,2350
2026-07-29 18:37:00,27454.5,27465.75,27450.75,27460.0,1454
2026-07-29 18:38:00,27459.5,27465.0,27459.0,27461.5,801
2026-07-29 18:39:00,27460.75,27462.0,27444.0,27447.0,1187
2026-07-29 18:40:00,27447.0,27453.5,27436.5,27442.5,1316
2026-07-29 18:41:00,27443.25,27449.25,27433.5,27442.5,847
2026-07-29 18:42:00,27444.0,27452.25,27440.25,27442.5,881
2026-07-29 18:43:00,27442.25,27447.0,27434.25,27443.25,891
2026-07-29 18:44:00,27443.25,27462.75,27442.5,27458.5,1368
2026-07-29 18:45:00,27459.5,27478.5,27456.5,27477.5,1846
2026-07-29 18:46:00,27476.5,27477.25,27451.75,27454.75,1710
2026-07-29 18:47:00,27454.75,27459.25,27442.75,27443.25,1006
2026-07-29 18:48:00,27444.25,27450.75,27442.0,27446.25,772
2026-07-29 18:49:00,27446.5,27447.5,27439.0,27442.75,548
2026-07-29 18:50:00,27441.5,27462.0,27437.0,27443.5,1626
2026-07-29 18:51:00,27443.5,27450.25,27439.0,27444.5,672
2026-07-29 18:52:00,27444.0,27444.0,27428.75,27430.25,1278
2026-07-29 18:53:00,27429.5,27439.0,27420.5,27437.5,1367
2026-07-29 18:54:00,27437.5,27441.0,27428.25,27434.75,800
2026-07-29 18:55:00,27434.0,27438.0,27425.0,27432.75,869
2026-07-29 18:56:00,27433.0,27439.0,27430.5,27432.5,514
2026-07-29 18:57:00,27433.5,27439.5,27431.0,27436.75,420
2026-07-29 18:58:00,27437.5,27440.75,27433.0,27435.0,455
2026-07-29 18:59:00,27435.0,27452.75,27433.75,27450.5,1124
2026-07-29 19:00:00,27450.0,27458.0,27444.0,27454.75,1127
2026-07-29 19:01:00,27455.25,27466.0,27455.25,27466.0,1376
2026-07-29 19:02:00,27466.25,27469.75,27460.25,27465.0,1101
2026-07-29 19:03:00,27466.0,27477.0,27464.5,27474.5,1125
2026-07-29 19:04:00,27475.25,27485.5,27472.25,27479.25,1567
2026-07-29 19:05:00,27478.25,27483.0,27473.75,27478.25,1184
2026-07-29 19:06:00,27478.0,27480.25,27471.25,27474.5,1016
2026-07-29 19:07:00,27474.25,27478.0,27469.25,27471.5,561
2026-07-29 19:08:00,27471.75,27521.5,27468.5,27520.25,3409
2026-07-29 19:09:00,27521.0,27524.75,27506.0,27508.25,2089
2026-07-29 19:10:00,27507.5,27508.5,27473.75,27478.75,2222
2026-07-29 19:11:00,27479.25,27482.25,27456.0,27472.5,2620
2026-07-29 19:12:00,27473.75,27495.0,27469.5,27490.25,1492
2026-07-29 19:13:00,27490.0,27493.75,27468.75,27473.25,1599
2026-07-29 19:14:00,27474.5,27480.0,27459.75,27478.0,1829
2026-07-29 19:15:00,27478.0,27490.25,27473.75,27483.75,1278
2026-07-29 19:16:00,27484.25,27484.75,27472.5,27477.25,766
2026-07-29 19:17:00,27477.5,27499.5,27468.25,27495.5,1663
2026-07-29 19:18:00,27495.5,27510.75,27486.5,27508.25,2340
2026-07-29 19:19:00,27507.25,27514.0,27501.5,27511.75,1282
2026-07-29 19:20:00,27511.75,27515.0,27508.25,27511.25,883
2026-07-29 19:21:00,27510.5,27511.5,27497.5,27499.0,1151
2026-07-29 19:22:00,27499.0,27505.25,27495.75,27501.75,888
2026-07-29 19:23:00,27502.0,27528.5,27502.0,27519.5,2228
2026-07-29 19:24:00,27518.75,27520.75,27507.0,27513.25,1144
2026-07-29 19:25:00,27513.25,27531.25,27509.75,27526.0,1784
2026-07-29 19:26:00,27526.0,27529.0,27520.5,27521.25,670
2026-07-29 19:27:00,27520.75,27525.75,27519.75,27523.25,650
2026-07-29 19:28:00,27523.75,27540.0,27522.25,27537.5,1617
2026-07-29 19:29:00,27538.25,27541.5,27532.25,27534.0,935
2026-07-29 19:30:00,27533.5,27547.5,27533.0,27541.0,1493
2026-07-29 19:31:00,27541.0,27555.0,27540.5,27549.75,1689
2026-07-29 19:32:00,27549.5,27559.25,27546.5,27554.0,1067
2026-07-29 19:33:00,27553.25,27553.75,27538.5,27541.75,1511
2026-07-29 19:34:00,27542.0,27545.75,27536.25,27540.75,766
2026-07-29 19:35:00,27540.75,27543.0,27537.25,27542.0,493
2026-07-29 19:36:00,27542.5,27547.5,27539.25,27539.5,603
2026-07-29 19:37:00,27539.75,27550.0,27536.25,27540.25,949
2026-07-29 19:38:00,27539.75,27550.75,27528.0,27534.5,1326
2026-07-29 19:39:00,27533.75,27557.0,27529.5,27535.75,1998
2026-07-29 19:40:00,27535.5,27536.0,27513.25,27514.0,2041
2026-07-29 19:41:00,27514.75,27516.0,27500.75,27506.0,1839
2026-07-29 19:42:00,27506.0,27517.0,27503.5,27509.25,1237
2026-07-29 19:43:00,27509.25,27522.5,27501.75,27518.75,1065
2026-07-29 19:44:00,27519.75,27531.5,27516.75,27523.25,1243
2026-07-29 19:45:00,27523.25,27532.5,27512.0,27530.25,2410
2026-07-29 19:46:00,27531.25,27555.25,27527.75,27551.75,3516
2026-07-29 19:47:00,27552.75,27555.5,27542.75,27551.0,1690
2026-07-29 19:48:00,27550.25,27555.0,27540.0,27542.25,1480
2026-07-29 19:49:00,27541.75,27543.0,27508.5,27514.5,2391
2026-07-29 19:50:00,27514.5,27524.75,27509.75,27517.0,1578
2026-07-29 19:51:00,27518.0,27524.5,27504.0,27506.0,1710
2026-07-29 19:52:00,27505.5,27514.5,27496.0,27506.0,2246
2026-07-29 19:53:00,27507.0,27537.75,27503.75,27508.75,2634
2026-07-29 19:54:00,27509.5,27539.5,27499.25,27539.0,2197
2026-07-29 19:55:00,27538.25,27547.0,27530.25,27541.5,1839
2026-07-29 19:56:00,27541.25,27548.5,27533.75,27546.75,1336
2026-07-29 19:57:00,27545.75,27550.25,27530.0,27536.5,1177
2026-07-29 19:58:00,27536.5,27539.5,27527.0,27531.75,1081
2026-07-29 19:59:00,27532.5,27538.5,27518.5,27522.25,1479
2026-07-29 20:00:00,27522.5,27544.25,27516.25,27538.75,3692
2026-07-29 20:01:00,27538.75,27540.0,27501.75,27511.75,3450
2026-07-29 20:02:00,27512.0,27513.0,27477.25,27494.25,3412
2026-07-29 20:03:00,27495.0,27514.5,27472.25,27483.0,3981
2026-07-29 20:04:00,27482.25,27508.0,27475.5,27502.5,2424
2026-07-29 20:05:00,27503.0,27536.5,27497.5,27527.5,4160
2026-07-29 20:06:00,27527.0,27581.5,27526.75,27574.5,5842
2026-07-29 20:07:00,27574.0,27579.0,27559.25,27572.75,2712
2026-07-29 20:08:00,27572.5,27592.25,27565.0,27566.75,3316
2026-07-29 20:09:00,27567.0,27584.75,27563.25,27582.75,2102
2026-07-29 20:10:00,27580.75,27592.75,27566.5,27582.75,2551
2026-07-29 20:11:00,27582.75,27600.0,27575.25,27576.0,2710
2026-07-29 20:12:00,27575.0,27598.5,27568.5,27596.0,2509
2026-07-29 20:13:00,27596.5,27607.5,27591.0,27601.0,2148
2026-07-29 20:14:00,27601.25,27605.25,27578.75,27579.0,2102
2026-07-29 20:15:00,27579.25,27602.25,27558.25,27596.5,3648
2026-07-29 20:16:00,27597.5,27600.0,27573.0,27573.75,1888
2026-07-29 20:17:00,27573.5,27590.25,27568.5,27585.25,1666
2026-07-29 20:18:00,27584.25,27602.25,27582.5,27590.25,2473
2026-07-29 20:19:00,27589.5,27597.25,27570.0,27572.5,1631
2026-07-29 20:20:00,27573.5,27577.25,27550.0,27555.25,2341
2026-07-29 20:21:00,27555.0,27578.0,27551.5,27574.25,1893
2026-07-29 20:22:00,27575.0,27590.0,27560.25,27587.0,2521
2026-07-29 20:23:00,27586.75,27591.0,27574.5,27588.75,1500
2026-07-29 20:24:00,27589.25,27589.25,27566.0,27570.75,1472
2026-07-29 20:25:00,27570.0,27587.0,27566.25,27582.0,1513
2026-07-29 20:26:00,27582.75,27603.0,27581.75,27592.75,2378
2026-07-29 20:27:00,27590.0,27590.25,27567.75,27574.5,1763
2026-07-29 20:28:00,27574.75,27594.5,27571.5,27588.25,1261
2026-07-29 20:29:00,27588.0,27601.5,27584.75,27594.0,1204
2026-07-29 20:30:00,27594.25,27611.5,27582.5,27597.5,1896
2026-07-29 20:31:00,27598.5,27604.25,27582.75,27592.75,1759
2026-07-29 20:32:00,27592.75,27594.0,27562.25,27565.25,2177
2026-07-29 20:33:00,27565.75,27577.25,27559.0,27572.25,1375
2026-07-29 20:34:00,27571.75,27572.0,27554.75,27557.75,1496
2026-07-29 20:35:00,27556.5,27557.0,27536.25,27543.75,2484
2026-07-29 20:36:00,27542.75,27559.75,27538.5,27552.75,1428
2026-07-29 20:37:00,27554.0,27557.25,27532.5,27539.5,1195
2026-07-29 20:38:00,27539.5,27547.75,27529.75,27546.25,1388
2026-07-29 20:39:00,27546.0,27548.5,27527.75,27533.25,1403
2026-07-29 20:40:00,27534.0,27544.75,27522.5,27537.5,1555
2026-07-29 20:41:00,27537.25,27543.25,27518.75,27518.75,1267
2026-07-29 20:42:00,27519.0,27523.75,27511.5,27511.75,1668
2026-07-29 20:43:00,27512.25,27512.5,27498.5,27503.0,2522
2026-07-29 20:44:00,27503.0,27508.25,27489.0,27506.25,1950
2026-07-29 20:45:00,27506.25,27530.75,27494.5,27519.75,2611
2026-07-29 20:46:00,27521.25,27524.0,27490.0,27515.25,2714
2026-07-29 20:47:00,27515.0,27531.25,27507.0,27527.75,1674
2026-07-29 20:48:00,27527.75,27545.5,27524.25,27532.25,2086
2026-07-29 20:49:00,27532.25,27543.5,27523.25,27528.0,1424
2026-07-29 20:50:00,27528.75,27535.25,27505.25,27509.25,1953
2026-07-29 20:51:00,27509.5,27519.25,27507.0,27516.0,1395
2026-07-29 20:52:00,27517.5,27531.0,27503.75,27530.75,1505
2026-07-29 20:53:00,27530.75,27543.75,27527.5,27536.5,1638
2026-07-29 20:54:00,27536.25,27549.5,27535.5,27537.0,1121
2026-07-29 20:55:00,27537.5,27543.75,27525.5,27526.25,1129
2026-07-29 20:56:00,27526.25,27538.0,27510.25,27515.0,1517
2026-07-29 20:57:00,27515.5,27541.25,27511.75,27532.75,1294
2026-07-29 20:58:00,27533.0,27543.5,27529.0,27534.5,797
2026-07-29 20:59:00,27535.75,27550.5,27534.25,27546.5,1019
2026-07-29 21:00:00,27547.5,27569.75,27547.0,27561.25,2811
2026-07-29 21:01:00,27561.75,27566.0,27550.5,27553.0,1447
2026-07-29 21:02:00,27553.0,27562.5,27539.0,27540.25,1453
2026-07-29 21:03:00,27540.5,27561.25,27533.75,27557.0,1658
2026-07-29 21:04:00,27557.25,27591.0,27551.5,27591.0,2500
2026-07-29 21:05:00,27591.0,27602.5,27579.0,27598.0,2371
2026-07-29 21:06:00,27598.0,27633.5,27597.0,27630.5,3112
2026-07-29 21:07:00,27629.75,27640.5,27625.5,27626.25,2242
2026-07-29 21:08:00,27626.75,27660.5,27619.25,27624.25,3605
2026-07-29 21:09:00,27623.75,27631.75,27598.25,27599.75,2372
2026-07-29 21:10:00,27601.25,27612.5,27587.5,27610.75,2204
2026-07-29 21:11:00,27610.5,27615.25,27590.0,27595.0,1822
2026-07-29 21:12:00,27595.5,27605.25,27586.25,27587.75,1386
2026-07-29 21:13:00,27587.25,27587.25,27574.0,27585.25,1420
2026-07-29 21:14:00,27584.75,27586.0,27565.0,27570.0,1292
2026-07-29 21:15:00,27570.5,27579.5,27563.75,27575.25,1172
2026-07-29 21:16:00,27574.75,27594.0,27568.75,27583.0,1601
2026-07-29 21:17:00,27583.75,27594.0,27578.25,27583.0,944
2026-07-29 21:18:00,27584.0,27588.5,27566.25,27583.0,1277
2026-07-29 21:19:00,27584.25,27606.75,27577.25,27590.5,1570
2026-07-29 21:20:00,27591.25,27607.0,27580.25,27587.75,1582
2026-07-29 21:21:00,27587.75,27601.25,27582.25,27587.25,928
2026-07-29 21:22:00,27587.0,27600.0,27586.0,27596.75,801
2026-07-29 21:23:00,27597.25,27609.25,27588.0,27606.25,1008
2026-07-29 21:24:00,27605.5,27619.25,27598.75,27615.75,1306
2026-07-29 21:25:00,27614.5,27630.0,27613.5,27629.5,1338
2026-07-29 21:26:00,27629.25,27632.5,27620.75,27628.0,1120
2026-07-29 21:27:00,27628.25,27636.25,27621.75,27635.5,981
2026-07-29 21:28:00,27635.5,27643.5,27631.0,27640.25,1209
2026-07-29 21:29:00,27640.75,27648.0,27636.0,27638.25,1171
2026-07-29 21:30:00,27638.0,27656.5,27635.0,27654.0,1766
2026-07-29 21:31:00,27654.25,27669.5,27650.5,27669.0,1952
2026-07-29 21:32:00,27666.25,27673.0,27658.75,27672.0,1257
2026-07-29 21:33:00,27672.0,27682.25,27668.25,27671.25,1640
2026-07-29 21:34:00,27670.5,27681.75,27666.0,27670.75,1383
2026-07-29 21:35:00,27670.5,27685.75,27660.0,27682.5,1743
2026-07-29 21:36:00,27683.25,27684.75,27674.0,27676.25,965
2026-07-29 21:37:00,27676.0,27691.75,27674.5,27678.0,1596
2026-07-29 21:38:00,27677.5,27688.75,27671.5,27682.75,987
2026-07-29 21:39:00,27683.0,27685.0,27675.75,27680.25,707
2026-07-29 21:40:00,27682.0,27694.0,27680.0,27687.0,981
2026-07-29 21:41:00,27686.5,27688.0,27677.0,27682.75,839
2026-07-29 21:42:00,27682.5,27685.5,27673.25,27678.5,1293
2026-07-29 21:43:00,27678.25,27686.25,27675.0,27678.5,718
2026-07-29 21:44:00,27677.75,27681.25,27667.5,27677.0,1133
2026-07-29 21:45:00,27677.0,27680.25,27663.0,27680.0,1378
2026-07-29 21:46:00,27681.25,27696.25,27674.5,27679.0,1864
2026-07-29 21:47:00,27679.0,27690.25,27676.75,27688.25,708
2026-07-29 21:48:00,27689.0,27697.0,27673.25,27678.25,1567
2026-07-29 21:49:00,27678.0,27686.0,27667.0,27681.25,1233
2026-07-29 21:50:00,27681.25,27682.5,27670.5,27672.25,713
2026-07-29 21:51:00,27672.75,27687.25,27668.0,27668.75,865
2026-07-29 21:52:00,27669.0,27672.0,27662.0,27664.75,1221
2026-07-29 21:53:00,27665.0,27668.25,27652.75,27658.25,1529
2026-07-29 21:54:00,27658.75,27672.0,27658.0,27671.25,1006
2026-07-29 21:55:00,27670.5,27682.5,27666.0,27677.0,1037
2026-07-29 21:56:00,27678.0,27688.75,27673.75,27684.25,1297
2026-07-29 21:57:00,27685.0,27686.25,27672.75,27675.75,845
2026-07-29 21:58:00,27676.0,27679.5,27663.25,27664.75,977
2026-07-29 21:59:00,27666.0,27670.0,27647.5,27651.0,1498
2026-07-29 22:00:00,27651.25,27681.0,27651.0,27679.0,1931
2026-07-29 22:01:00,27680.0,27687.75,27663.75,27666.75,1367
2026-07-29 22:02:00,27666.25,27676.5,27662.25,27663.75,868
2026-07-29 22:03:00,27663.25,27671.5,27651.75,27659.5,1025
2026-07-29 22:04:00,27659.25,27659.25,27639.25,27640.75,1683
2026-07-29 22:05:00,27642.0,27653.0,27632.75,27646.75,1807
2026-07-29 22:06:00,27647.25,27657.25,27644.25,27655.75,901
2026-07-29 22:07:00,27655.0,27661.5,27645.75,27657.75,868
2026-07-29 22:08:00,27657.75,27659.0,27643.5,27658.0,780
2026-07-29 22:09:00,27659.25,27661.5,27641.75,27647.75,762
2026-07-29 22:10:00,27648.5,27651.25,27637.0,27644.75,748
2026-07-29 22:11:00,27644.25,27663.25,27641.75,27661.25,1091
2026-07-29 22:12:00,27661.0,27674.0,27660.5,27664.25,1445
2026-07-29 22:13:00,27664.25,27669.5,27638.75,27641.0,1061
2026-07-29 22:14:00,27641.0,27641.25,27629.5,27637.0,1470
2026-07-29 22:15:00,27636.5,27637.25,27627.75,27633.5,881
2026-07-29 22:16:00,27633.25,27635.75,27624.0,27627.25,1183
2026-07-29 22:17:00,27626.0,27632.25,27623.0,27630.0,809
2026-07-29 22:18:00,27630.25,27636.0,27617.5,27633.25,1312
2026-07-29 22:19:00,27632.25,27636.0,27622.0,27624.0,820
2026-07-29 22:20:00,27624.25,27649.5,27620.5,27645.75,1398
2026-07-29 22:21:00,27644.5,27646.5,27632.25,27642.25,891
2026-07-29 22:22:00,27642.75,27647.0,27620.75,27625.0,1178
2026-07-29 22:23:00,27624.75,27631.5,27619.25,27631.5,912
2026-07-29 22:24:00,27632.0,27640.0,27625.0,27636.75,740
2026-07-29 22:25:00,27637.0,27653.25,27621.25,27621.5,1332
2026-07-29 22:26:00,27622.0,27622.25,27612.25,27615.0,990
2026-07-29 22:27:00,27615.0,27620.0,27611.5,27619.5,857
2026-07-29 22:28:00,27619.75,27621.75,27610.5,27615.75,735
2026-07-29 22:29:00,27615.25,27616.0,27603.25,27611.75,913
2026-07-29 22:30:00,27612.25,27613.5,27592.0,27598.75,1787
2026-07-29 22:31:00,27598.75,27603.0,27593.5,27593.75,917
2026-07-29 22:32:00,27593.75,27597.25,27587.25,27594.0,998
2026-07-29 22:33:00,27594.0,27598.25,27585.5,27591.25,1041
2026-07-29 22:34:00,27592.25,27600.75,27585.0,27587.5,1137
2026-07-29 22:35:00,27586.75,27587.25,27571.5,27579.0,1714
2026-07-29 22:36:00,27579.25,27580.75,27570.25,27576.25,1413
2026-07-29 22:37:00,27576.75,27577.75,27565.0,27572.75,1059
2026-07-29 22:38:00,27573.0,27580.25,27567.75,27567.75,800
2026-07-29 22:39:00,27568.5,27574.5,27565.75,27568.0,631
2026-07-29 22:40:00,27569.5,27581.0,27564.75,27580.0,978
2026-07-29 22:41:00,27579.75,27591.0,27562.5,27566.25,1935
2026-07-29 22:42:00,27566.25,27594.0,27559.25,27591.25,1747
2026-07-29 22:43:00,27592.0,27603.0,27587.5,27601.25,1517
2026-07-29 22:44:00,27601.5,27612.0,27598.5,27610.0,1391
2026-07-29 22:45:00,27610.0,27611.75,27583.25,27585.25,1625
2026-07-29 22:46:00,27585.5,27604.75,27583.75,27603.5,992
2026-07-29 22:47:00,27603.5,27610.75,27596.0,27607.5,878
2026-07-29 22:48:00,27607.5,27630.75,27607.0,27615.25,2025
2026-07-29 22:49:00,27615.0,27615.75,27587.75,27597.25,1802
2026-07-29 22:50:00,27597.5,27598.75,27587.75,27591.5,886
2026-07-29 22:51:00,27592.75,27612.0,27589.5,27593.0,1304
2026-07-29 22:52:00,27592.75,27595.5,27579.0,27581.5,1138
2026-07-29 22:53:00,27582.5,27590.0,27578.25,27589.0,890
2026-07-29 22:54:00,27589.75,27598.5,27578.5,27591.0,980
2026-07-29 22:55:00,27589.75,27605.0,27589.75,27601.0,913
2026-07-29 22:56:00,27601.75,27604.5,27573.0,27574.75,1440
2026-07-29 22:57:00,27574.25,27574.75,27557.5,27560.0,1699
2026-07-29 22:58:00,27560.5,27560.5,27541.75,27544.5,2171
2026-07-29 22:59:00,27544.25,27546.5,27539.0,27540.75,1274
2026-07-29 23:00:00,27541.5,27549.0,27536.0,27539.5,1550
2026-07-29 23:01:00,27539.5,27558.75,27539.0,27557.75,1345
2026-07-29 23:02:00,27558.0,27577.25,27555.25,27572.0,1405
2026-07-29 23:03:00,27571.75,27573.5,27548.75,27551.5,1267
2026-07-29 23:04:00,27552.25,27561.0,27547.25,27559.75,900
2026-07-29 23:05:00,27559.25,27566.75,27550.5,27558.0,845
2026-07-29 23:06:00,27560.25,27567.75,27555.25,27565.25,567
2026-07-29 23:07:00,27565.75,27568.25,27546.25,27551.5,947
2026-07-29 23:08:00,27552.25,27552.25,27531.5,27533.75,1279
2026-07-29 23:09:00,27534.5,27534.75,27516.75,27519.25,1801
2026-07-29 23:10:00,27519.5,27522.0,27511.75,27512.25,1379
2026-07-29 23:11:00,27512.5,27519.25,27505.0,27507.75,1574
2026-07-29 23:12:00,27508.25,27508.75,27488.0,27493.0,1920
2026-07-29 23:13:00,27493.5,27500.5,27486.0,27500.5,1551
2026-07-29 23:14:00,27500.25,27504.0,27493.5,27498.25,832
2026-07-29 23:15:00,27498.75,27499.5,27483.25,27490.5,1199
2026-07-29 23:16:00,27489.75,27502.5,27482.25,27500.75,1155
2026-07-29 23:17:00,27501.0,27506.75,27489.25,27494.5,1108
2026-07-29 23:18:00,27493.75,27498.0,27490.25,27491.0,558
2026-07-29 23:19:00,27491.0,27491.0,27471.5,27485.25,1874
2026-07-29 23:20:00,27485.5,27494.5,27478.75,27489.0,1215
2026-07-29 23:21:00,27489.25,27493.75,27474.0,27488.5,1023
2026-07-29 23:22:00,27489.0,27490.5,27477.0,27478.25,767
2026-07-29 23:23:00,27477.75,27491.0,27474.5,27486.75,1192
2026-07-29 23:24:00,27487.5,27494.25,27482.75,27493.75,872
2026-07-29 23:25:00,27494.0,27505.0,27488.5,27498.75,1279
2026-07-29 23:26:00,27498.75,27506.75,27486.75,27506.5,1006
2026-07-29 23:27:00,27505.75,27519.75,27501.0,27513.75,1453
2026-07-29 23:28:00,27513.5,27524.25,27508.75,27518.75,1166
2026-07-29 23:29:00,27518.5,27523.0,27513.5,27515.5,619
2026-07-29 23:30:00,27516.0,27519.0,27480.5,27499.5,2359
2026-07-29 23:31:00,27500.0,27507.0,27490.5,27504.25,1239
2026-07-29 23:32:00,27502.5,27520.0,27499.5,27511.0,1359
2026-07-29 23:33:00,27510.75,27540.0,27503.0,27536.75,2251
2026-07-29 23:34:00,27536.5,27549.25,27536.5,27547.0,1262
2026-07-29 23:35:00,27548.0,27557.5,27534.5,27540.5,1574
2026-07-29 23:36:00,27540.5,27544.25,27502.25,27510.5,2194
2026-07-29 23:37:00,27510.0,27510.5,27492.5,27509.0,1542
2026-07-29 23:38:00,27509.75,27512.75,27497.25,27500.25,1024
2026-07-29 23:39:00,27499.0,27504.0,27490.5,27493.0,949
2026-07-29 23:40:00,27493.25,27516.5,27486.0,27512.25,1604
2026-07-29 23:41:00,27512.0,27524.0,27506.25,27523.0,1444
2026-07-29 23:42:00,27522.5,27530.5,27514.25,27526.5,975
2026-07-29 23:43:00,27527.0,27531.75,27522.0,27525.75,568
2026-07-29 23:44:00,27525.75,27533.0,27517.5,27532.0,772
2026-07-29 23:45:00,27531.5,27539.5,27528.25,27537.75,973
2026-07-29 23:46:00,27537.75,27543.0,27528.25,27531.5,826
2026-07-29 23:47:00,27530.75,27543.0,27527.5,27529.25,718
2026-07-29 23:48:00,27528.75,27554.0,27517.0,27553.25,1920
2026-07-29 23:49:00,27553.5,27563.5,27550.0,27550.0,1494
2026-07-29 23:50:00,27550.25,27557.5,27531.75,27555.75,1565
2026-07-29 23:51:00,27554.75,27562.5,27551.0,27560.5,1026
2026-07-29 23:52:00,27559.5,27560.75,27553.0,27554.0,453
2026-07-29 23:53:00,27554.75,27561.5,27549.25,27552.0,447
2026-07-29 23:54:00,27552.5,27556.25,27546.5,27549.5,424
2026-07-29 23:55:00,27550.25,27557.5,27542.25,27546.25,924
2026-07-29 23:56:00,27547.0,27560.0,27542.25,27555.5,561
2026-07-29 23:57:00,27555.75,27562.75,27537.75,27538.5,1023
2026-07-29 23:58:00,27538.0,27538.25,27520.0,27522.25,1831
2026-07-30 00:09:00,27507.75,27508.5,27488.25,27489.0,998
2026-07-30 00:10:00,27488.75,27494.75,27483.5,27487.25,1263
2026-07-30 00:11:00,27486.5,27494.0,27483.0,27488.75,657
2026-07-30 00:12:00,27488.5,27497.5,27481.75,27496.5,871
2026-07-30 00:13:00,27497.25,27497.75,27482.75,27488.75,601
2026-07-30 00:14:00,27488.0,27492.25,27481.25,27485.25,605
2026-07-30 00:15:00,27485.25,27489.25,27468.75,27479.25,1636
2026-07-30 00:16:00,27479.0,27481.5,27467.5,27475.25,770
2026-07-30 00:17:00,27475.75,27475.75,27465.25,27471.5,699
2026-07-30 00:18:00,27471.25,27480.0,27467.25,27478.5,551
2026-07-30 00:19:00,27477.75,27479.75,27459.25,27471.5,1228
2026-07-30 00:20:00,27470.5,27488.25,27461.75,27484.0,1144
2026-07-30 00:21:00,27483.0,27499.5,27480.75,27492.75,1753
2026-07-30 00:22:00,27492.5,27493.75,27471.75,27492.5,981
2026-07-30 00:23:00,27492.0,27496.0,27486.5,27493.0,567
2026-07-30 00:24:00,27493.75,27494.75,27480.25,27491.5,648
2026-07-30 00:25:00,27490.75,27503.5,27487.75,27501.0,759
2026-07-30 00:26:00,27501.25,27516.75,27492.25,27515.0,1200
2026-07-30 00:27:00,27515.75,27537.25,27515.0,27536.75,1572
2026-07-30 00:28:00,27537.75,27542.0,27516.25,27521.5,1572
2026-07-30 00:29:00,27521.75,27538.75,27519.0,27535.0,858
2026-07-30 00:30:00,27534.0,27535.0,27522.25,27529.25,878
2026-07-30 00:31:00,27530.0,27537.0,27525.0,27536.75,475
2026-07-30 00:32:00,27535.0,27538.25,27526.75,27529.75,542
2026-07-30 00:33:00,27530.0,27543.5,27529.75,27535.5,857
2026-07-30 00:34:00,27536.0,27540.0,27527.0,27530.0,503
2026-07-30 00:35:00,27531.0,27543.0,27524.75,27533.25,801
2026-07-30 00:36:00,27533.5,27537.0,27529.0,27533.0,281
2026-07-30 00:37:00,27533.25,27536.25,27498.75,27519.0,1484
2026-07-30 00:38:00,27519.0,27519.5,27491.5,27499.5,1150
2026-07-30 00:39:00,27498.5,27498.5,27483.75,27492.75,1090
2026-07-30 00:40:00,27493.0,27503.75,27485.25,27494.75,1138
2026-07-30 00:41:00,27494.5,27497.0,27480.5,27483.25,984
2026-07-30 00:42:00,27483.25,27485.5,27468.0,27469.75,1118
2026-07-30 00:43:00,27468.75,27477.0,27460.5,27468.0,1130
2026-07-30 00:44:00,27468.0,27477.0,27461.25,27471.25,879
2026-07-30 00:45:00,27471.0,27493.5,27465.75,27488.5,1287
2026-07-30 00:46:00,27488.5,27513.0,27483.5,27508.0,1312
2026-07-30 00:47:00,27507.25,27511.5,27492.5,27494.5,1079
2026-07-30 00:48:00,27494.25,27494.25,27471.75,27483.0,1276
2026-07-30 00:49:00,27483.5,27486.25,27478.0,27483.75,345
2026-07-30 00:50:00,27483.75,27486.5,27461.75,27463.5,766
2026-07-30 00:51:00,27462.5,27473.0,27456.75,27471.25,1130
2026-07-30 00:52:00,27471.0,27479.25,27464.0,27464.75,563
2026-07-30 00:53:00,27465.75,27469.0,27458.75,27459.5,672
2026-07-30 00:54:00,27459.25,27460.5,27445.0,27457.75,1367
2026-07-30 00:55:00,27457.25,27460.25,27447.25,27452.0,875
2026-07-30 00:56:00,27451.5,27459.25,27443.25,27443.5,756
2026-07-30 00:57:00,27443.25,27451.75,27436.5,27443.0,1155
2026-07-30 00:58:00,27443.25,27448.0,27435.0,27448.0,876
2026-07-30 00:59:00,27447.0,27453.75,27442.5,27446.75,836
2026-07-30 01:00:00,27447.5,27452.5,27434.75,27449.5,1015
2026-07-30 01:01:00,27449.75,27454.5,27441.25,27443.25,791
2026-07-30 01:02:00,27443.5,27446.25,27422.25,27430.25,1734
2026-07-30 01:03:00,27429.5,27432.0,27421.25,27427.75,806
2026-07-30 01:04:00,27428.0,27446.0,27426.5,27440.5,960
2026-07-30 01:05:00,27440.75,27446.75,27429.5,27446.75,694
2026-07-30 01:06:00,27446.25,27453.0,27439.75,27441.75,1095
2026-07-30 01:07:00,27442.5,27444.25,27426.75,27428.0,872
2026-07-30 01:08:00,27428.25,27434.75,27422.25,27432.25,746
2026-07-30 01:09:00,27432.5,27443.5,27428.75,27432.25,644
2026-07-30 01:10:00,27433.25,27441.5,27426.0,27434.0,728
2026-07-30 01:11:00,27434.25,27434.75,27424.0,27427.75,591
2026-07-30 01:12:00,27428.5,27439.5,27420.5,27433.5,824
2026-07-30 01:13:00,27432.5,27449.0,27429.0,27446.75,1092
2026-07-30 01:14:00,27446.5,27458.0,27440.25,27456.75,893
2026-07-30 01:15:00,27457.5,27477.0,27457.0,27464.25,1893
2026-07-30 01:16:00,27464.0,27470.75,27452.75,27461.5,1259
2026-07-30 01:17:00,27460.0,27465.5,27452.75,27465.5,719
2026-07-30 01:18:00,27464.75,27481.25,27460.0,27481.0,1036
2026-07-30 01:19:00,27481.25,27492.0,27471.75,27492.0,1309
2026-07-30 01:20:00,27491.5,27499.5,27474.75,27479.25,1407
2026-07-30 01:21:00,27478.5,27482.0,27460.25,27464.75,1238
2026-07-30 01:22:00,27464.75,27476.25,27455.25,27475.0,992
2026-07-30 01:23:00,27475.75,27477.5,27460.25,27476.25,756
2026-07-30 01:24:00,27475.5,27484.25,27471.25,27484.25,716
2026-07-30 01:25:00,27484.5,27490.5,27466.0,27466.75,928
2026-07-30 01:26:00,27466.5,27482.75,27460.5,27475.0,856
2026-07-30 01:27:00,27476.0,27481.25,27472.0,27475.25,257
2026-07-30 01:28:00,27476.5,27499.75,27475.0,27491.25,1148
2026-07-30 01:29:00,27492.0,27492.5,27474.5,27478.25,922
2026-07-30 01:30:00,27478.5,27484.25,27465.0,27476.0,1128
2026-07-30 01:31:00,27475.25,27493.25,27472.5,27490.0,1178
2026-07-30 01:32:00,27490.0,27509.75,27482.25,27488.5,1615
2026-07-30 01:33:00,27488.75,27497.0,27483.25,27491.25,613
2026-07-30 01:34:00,27491.75,27502.0,27478.5,27491.75,849
2026-07-30 01:35:00,27492.75,27502.0,27476.25,27477.25,789
2026-07-30 01:36:00,27477.25,27488.75,27469.75,27485.0,1146
2026-07-30 01:37:00,27485.75,27493.25,27478.5,27490.5,527
2026-07-30 01:38:00,27491.25,27497.5,27483.5,27496.5,560
2026-07-30 01:39:00,27496.0,27498.0,27486.5,27489.5,604
2026-07-30 01:40:00,27490.25,27504.5,27486.0,27498.75,722
2026-07-30 01:41:00,27499.5,27510.0,27498.25,27505.0,641
2026-07-30 01:42:00,27505.5,27519.0,27502.25,27512.75,930
2026-07-30 01:43:00,27513.0,27520.25,27507.25,27513.0,839
2026-07-30 01:44:00,27511.0,27527.5,27511.0,27521.0,987
2026-07-30 01:45:00,27521.75,27527.0,27520.0,27521.0,632
2026-07-30 01:46:00,27520.5,27547.25,27518.5,27536.25,1995
2026-07-30 01:47:00,27536.25,27537.75,27518.75,27526.25,1028
2026-07-30 01:48:00,27526.5,27528.0,27500.5,27501.0,1355
2026-07-30 01:49:00,27500.75,27502.75,27484.5,27497.0,1050
2026-07-30 01:50:00,27497.0,27501.25,27492.0,27494.5,663
2026-07-30 01:51:00,27495.0,27495.0,27481.5,27491.5,623
2026-07-30 01:52:00,27490.75,27494.25,27482.75,27493.75,542
2026-07-30 01:53:00,27493.25,27501.75,27475.25,27478.0,1206
2026-07-30 01:54:00,27478.0,27485.0,27476.25,27483.5,650
2026-07-30 01:55:00,27482.75,27482.75,27463.75,27471.25,1188
2026-07-30 01:56:00,27471.75,27490.5,27470.25,27490.25,800
2026-07-30 01:57:00,27490.25,27494.0,27475.5,27479.5,1157
2026-07-30 01:58:00,27479.5,27480.75,27472.25,27476.75,505
2026-07-30 01:59:00,27476.5,27490.0,27473.25,27487.75,488
2026-07-30 02:00:00,27487.25,27493.0,27474.75,27483.25,1217
2026-07-30 02:01:00,27483.0,27489.0,27471.5,27485.75,831
2026-07-30 02:02:00,27485.0,27487.75,27477.0,27483.5,709
2026-07-30 02:03:00,27483.5,27488.25,27475.0,27480.5,525
2026-07-30 02:04:00,27479.5,27490.0,27476.5,27489.25,645
2026-07-30 02:05:00,27489.5,27494.0,27482.0,27491.75,572
2026-07-30 02:06:00,27492.0,27499.5,27481.25,27497.0,975
2026-07-30 02:07:00,27497.5,27506.25,27496.25,27496.25,770
2026-07-30 02:08:00,27497.0,27503.5,27491.0,27494.75,572
2026-07-30 02:09:00,27495.5,27500.0,27468.5,27471.0,1212
2026-07-30 02:10:00,27471.25,27472.0,27458.75,27470.25,1349
2026-07-30 02:11:00,27469.75,27473.5,27462.25,27473.0,619
2026-07-30 02:12:00,27472.75,27485.75,27466.5,27484.75,665
2026-07-30 02:13:00,27486.0,27487.25,27474.5,27481.0,709
2026-07-30 02:14:00,27481.5,27481.75,27465.5,27468.5,680
2026-07-30 02:15:00,27467.75,27467.75,27452.75,27454.75,996
2026-07-30 02:16:00,27454.25,27464.5,27447.0,27459.5,1181
2026-07-30 02:17:00,27460.0,27464.75,27452.5,27461.75,543
2026-07-30 02:18:00,27461.25,27463.25,27451.25,27452.25,560
2026-07-30 02:19:00,27452.25,27462.0,27450.5,27461.0,429
2026-07-30 02:20:00,27460.25,27462.75,27447.0,27451.25,574
2026-07-30 02:21:00,27451.5,27473.75,27450.0,27470.0,1007
2026-07-30 02:22:00,27470.0,27471.75,27462.75,27471.0,622
2026-07-30 02:23:00,27471.5,27481.5,27466.75,27478.25,704
2026-07-30 02:24:00,27477.5,27480.0,27470.75,27480.0,654
2026-07-30 02:25:00,27479.75,27498.75,27475.75,27490.0,1020
2026-07-30 02:26:00,27490.0,27495.0,27481.75,27485.0,1011
2026-07-30 02:27:00,27486.75,27488.5,27474.25,27487.75,962
2026-07-30 02:28:00,27488.5,27490.5,27476.75,27479.0,641
2026-07-30 02:29:00,27479.75,27489.0,27475.0,27482.5,661
2026-07-30 02:30:00,27481.0,27485.25,27466.75,27474.25,930
2026-07-30 02:31:00,27474.0,27475.0,27466.75,27470.75,594
2026-07-30 02:32:00,27470.0,27472.0,27462.75,27466.25,672
2026-07-30 02:33:00,27466.25,27476.75,27463.0,27469.25,661
2026-07-30 02:34:00,27469.25,27470.25,27449.5,27462.25,1128
2026-07-30 02:35:00,27461.75,27462.0,27453.75,27458.0,490
2026-07-30 02:36:00,27457.5,27459.5,27450.75,27457.5,730
2026-07-30 02:37:00,27457.25,27462.0,27454.0,27459.0,444
2026-07-30 02:38:00,27458.75,27473.0,27451.0,27453.5,1117
2026-07-30 02:39:00,27453.5,27462.5,27453.5,27456.0,553
2026-07-30 02:40:00,27456.25,27459.0,27435.75,27443.75,1313
2026-07-30 02:41:00,27442.75,27455.25,27439.75,27454.25,627
2026-07-30 02:42:00,27454.0,27454.0,27441.75,27445.75,636
2026-07-30 02:43:00,27445.25,27447.75,27435.75,27444.75,778
2026-07-30 02:44:00,27444.5,27445.75,27433.75,27435.5,449
2026-07-30 02:45:00,27435.25,27461.5,27433.5,27460.25,1062
2026-07-30 02:46:00,27461.0,27463.75,27444.25,27456.25,986
2026-07-30 02:47:00,27456.0,27458.5,27431.5,27433.5,1100
2026-07-30 02:48:00,27433.25,27444.5,27431.0,27442.5,626
2026-07-30 02:49:00,27442.0,27449.0,27438.25,27444.75,581
2026-07-30 02:50:00,27444.75,27449.75,27443.0,27445.5,381
2026-07-30 02:51:00,27445.0,27448.0,27438.75,27446.5,509
2026-07-30 02:52:00,27446.0,27452.75,27438.0,27439.75,480
2026-07-30 02:53:00,27440.0,27444.75,27435.5,27444.25,453
2026-07-30 02:54:00,27443.0,27452.5,27441.0,27448.25,346
2026-07-30 02:55:00,27448.75,27458.75,27445.25,27450.25,585
2026-07-30 02:56:00,27449.0,27452.0,27426.25,27426.75,995
2026-07-30 02:57:00,27426.25,27436.5,27425.75,27432.75,487
2026-07-30 02:58:00,27432.5,27434.25,27423.0,27425.25,448
2026-07-30 02:59:00,27424.0,27437.25,27414.5,27434.5,1028
2026-07-30 03:00:00,27434.75,27486.25,27415.0,27481.5,2534
2026-07-30 03:01:00,27480.5,27515.0,27473.5,27505.25,3388
2026-07-30 03:02:00,27506.0,27521.5,27491.75,27513.0,2716
2026-07-30 03:03:00,27512.5,27520.75,27497.5,27517.5,1998
2026-07-30 03:04:00,27517.75,27519.75,27486.5,27487.5,1357
2026-07-30 03:05:00,27487.75,27521.25,27483.75,27507.75,1871
2026-07-30 03:06:00,27507.5,27513.0,27500.75,27506.75,1149
2026-07-30 03:07:00,27505.0,27506.0,27478.5,27480.5,1265
2026-07-30 03:08:00,27480.0,27484.0,27451.75,27457.25,1679
2026-07-30 03:09:00,27457.25,27474.25,27453.75,27471.5,1335
2026-07-30 03:10:00,27472.25,27475.75,27462.0,27467.25,1235
2026-07-30 03:11:00,27468.0,27486.0,27460.25,27483.5,1273
2026-07-30 03:12:00,27484.5,27501.75,27477.25,27492.5,1418
2026-07-30 03:13:00,27493.25,27498.5,27476.0,27476.25,1019
2026-07-30 03:14:00,27477.0,27478.25,27456.25,27478.25,1186
2026-07-30 03:15:00,27477.5,27483.5,27460.25,27461.25,934
2026-07-30 03:16:00,27462.0,27463.75,27440.75,27445.75,1322
2026-07-30 03:17:00,27445.5,27449.25,27431.5,27436.0,1184
2026-07-30 03:18:00,27436.0,27446.5,27432.5,27438.25,836
2026-07-30 03:19:00,27437.0,27440.0,27425.25,27428.0,1215
2026-07-30 03:20:00,27427.25,27430.5,27416.5,27419.5,1200
2026-07-30 03:21:00,27419.25,27420.75,27400.5,27408.75,1720
2026-07-30 03:22:00,27407.5,27420.5,27405.75,27414.25,1119
2026-07-30 03:23:00,27412.75,27418.25,27395.25,27413.75,1581
2026-07-30 03:24:00,27414.25,27432.75,27411.0,27430.25,1365
2026-07-30 03:25:00,27429.75,27438.75,27406.0,27414.25,1765
2026-07-30 03:26:00,27414.75,27427.0,27414.25,27419.5,827
2026-07-30 03:27:00,27417.75,27436.5,27411.0,27412.0,1298
2026-07-30 03:28:00,27411.25,27416.75,27399.0,27412.75,1392
2026-07-30 03:29:00,27410.5,27415.25,27396.25,27409.5,1194
2026-07-30 03:30:00,27409.75,27412.75,27382.0,27384.5,1884
2026-07-30 03:31:00,27384.75,27390.0,27379.75,27390.0,1135
2026-07-30 03:32:00,27390.25,27394.25,27381.25,27386.0,886
2026-07-30 03:33:00,27385.5,27389.5,27376.75,27384.25,879
2026-07-30 03:34:00,27384.25,27388.75,27375.75,27382.0,790
2026-07-30 03:35:00,27381.75,27386.0,27364.0,27369.5,1035
2026-07-30 03:36:00,27368.5,27368.75,27353.25,27358.0,1318
2026-07-30 03:37:00,27358.75,27389.75,27351.75,27386.5,1966
2026-07-30 03:38:00,27387.5,27404.5,27382.75,27399.5,1580
2026-07-30 03:39:00,27399.5,27419.75,27397.25,27418.75,1044
2026-07-30 03:40:00,27418.75,27429.5,27416.5,27419.75,913
2026-07-30 03:41:00,27418.5,27426.0,27415.5,27420.0,638
2026-07-30 03:42:00,27420.75,27423.0,27413.25,27422.5,645
2026-07-30 03:43:00,27423.0,27445.5,27422.25,27445.0,1414
2026-07-30 03:44:00,27444.75,27448.25,27431.5,27431.5,824
2026-07-30 03:45:00,27433.0,27443.25,27429.0,27440.0,694
2026-07-30 03:46:00,27440.0,27441.75,27422.0,27424.25,1110
2026-07-30 03:47:00,27424.25,27431.0,27422.25,27426.5,601
2026-07-30 03:48:00,27427.0,27437.75,27425.0,27434.0,760
2026-07-30 03:49:00,27433.25,27433.5,27417.0,27422.0,899
2026-07-30 03:50:00,27422.5,27425.0,27408.5,27421.5,1075
2026-07-30 03:51:00,27422.0,27435.5,27417.0,27423.0,981
2026-07-30 03:52:00,27422.0,27428.0,27416.5,27423.5,528
2026-07-30 03:53:00,27423.75,27439.75,27419.25,27436.75,683
2026-07-30 03:54:00,27437.75,27437.75,27409.5,27412.5,1197
2026-07-30 03:55:00,27412.0,27419.0,27404.75,27405.5,673
2026-07-30 03:56:00,27405.5,27409.5,27401.25,27402.0,709
2026-07-30 03:57:00,27402.75,27410.0,27400.5,27406.5,447
2026-07-30 03:58:00,27406.0,27419.25,27402.25,27416.0,423
2026-07-30 03:59:00,27417.5,27418.75,27390.5,27395.0,1126
2026-07-30 04:00:00,27393.5,27396.75,27360.5,27373.25,2284
2026-07-30 04:01:00,27372.75,27378.5,27356.0,27363.75,1139
2026-07-30 04:02:00,27365.0,27375.25,27337.0,27371.75,2225
2026-07-30 04:03:00,27372.75,27376.25,27345.5,27347.0,1404
2026-07-30 04:04:00,27347.5,27373.75,27345.75,27372.75,1112
2026-07-30 04:05:00,27373.0,27385.0,27346.75,27381.75,1352
2026-07-30 04:06:00,27380.75,27401.25,27374.0,27396.0,1379
2026-07-30 04:07:00,27394.5,27415.25,27390.75,27414.75,1194
2026-07-30 04:08:00,27414.75,27446.5,27414.75,27432.0,1699
2026-07-30 04:09:00,27431.5,27446.25,27424.75,27444.75,1132
2026-07-30 04:10:00,27444.5,27456.0,27439.5,27452.75,1474
2026-07-30 04:11:00,27453.0,27454.25,27436.5,27440.75,1205
2026-07-30 04:12:00,27441.25,27456.75,27437.0,27437.25,1152
2026-07-30 04:13:00,27437.75,27444.0,27434.5,27440.0,992
2026-07-30 04:14:00,27440.25,27444.25,27433.5,27437.5,782
2026-07-30 04:15:00,27436.75,27443.75,27429.25,27431.5,974
2026-07-30 04:16:00,27431.75,27437.0,27424.0,27433.75,730
2026-07-30 04:17:00,27434.25,27456.0,27431.75,27451.0,1277
2026-07-30 04:18:00,27450.25,27457.5,27439.0,27450.5,1147
2026-07-30 04:19:00,27449.75,27452.75,27442.5,27444.25,607
2026-07-30 04:20:00,27443.75,27469.5,27443.0,27460.5,1203
2026-07-30 04:21:00,27460.5,27480.0,27454.0,27479.25,1135
2026-07-30 04:22:00,27479.0,27482.25,27472.75,27480.75,877
2026-07-30 04:23:00,27480.75,27501.0,27478.25,27497.0,1177
2026-07-30 04:24:00,27497.5,27502.0,27488.75,27496.0,964
2026-07-30 04:25:00,27496.75,27508.5,27484.0,27507.75,1360
2026-07-30 04:26:00,27508.0,27522.75,27505.75,27516.25,1331
2026-07-30 04:27:00,27516.5,27519.75,27498.75,27499.75,980
2026-07-30 04:28:00,27498.75,27511.25,27496.75,27508.75,1066
2026-07-30 04:29:00,27508.25,27513.5,27503.75,27507.75,633
2026-07-30 04:30:00,27508.0,27523.25,27505.0,27512.75,887
2026-07-30 04:31:00,27512.75,27517.25,27501.25,27512.5,863
2026-07-30 04:32:00,27511.5,27523.25,27507.25,27512.0,727
2026-07-30 04:33:00,27511.75,27525.0,27502.25,27509.0,830
2026-07-30 04:34:00,27509.0,27518.5,27506.0,27506.25,630
2026-07-30 04:35:00,27506.5,27514.75,27504.5,27509.0,590
2026-07-30 04:36:00,27509.75,27519.5,27502.5,27516.75,599
2026-07-30 04:37:00,27518.25,27527.0,27516.0,27516.0,918
2026-07-30 04:38:00,27515.75,27518.0,27493.25,27496.0,1142
2026-07-30 04:39:00,27495.75,27496.25,27488.0,27492.25,998
2026-07-30 04:40:00,27492.25,27502.75,27489.75,27496.5,759
2026-07-30 04:41:00,27496.75,27500.75,27490.25,27495.0,603
2026-07-30 04:42:00,27496.25,27498.25,27488.25,27495.0,615
2026-07-30 04:43:00,27495.0,27499.75,27489.0,27498.25,450
2026-07-30 04:44:00,27498.25,27502.75,27490.5,27494.5,648
2026-07-30 04:45:00,27494.25,27501.25,27489.25,27497.75,603
2026-07-30 04:46:00,27497.0,27511.75,27493.5,27508.0,777
2026-07-30 04:47:00,27507.5,27509.5,27496.75,27499.0,386
2026-07-30 04:48:00,27500.0,27507.0,27481.25,27482.5,781
2026-07-30 04:49:00,27482.0,27490.5,27478.5,27483.0,701
2026-07-30 04:50:00,27483.25,27488.0,27480.25,27483.0,544
2026-07-30 04:51:00,27482.75,27489.25,27479.75,27487.75,473
2026-07-30 04:52:00,27487.0,27487.75,27475.5,27476.25,569
2026-07-30 04:53:00,27477.0,27480.5,27469.75,27476.75,791
2026-07-30 04:54:00,27476.0,27476.75,27470.75,27474.5,315
2026-07-30 04:55:00,27474.0,27474.5,27462.0,27464.75,578
2026-07-30 04:56:00,27464.0,27470.0,27462.0,27463.75,383
2026-07-30 04:57:00,27463.0,27478.0,27460.5,27476.5,574
2026-07-30 04:58:00,27477.0,27484.25,27472.5,27483.0,535
2026-07-30 04:59:00,27482.25,27485.5,27478.5,27485.25,394
2026-07-30 05:00:00,27485.5,27488.5,27478.75,27483.25,606
2026-07-30 05:01:00,27482.5,27492.75,27470.75,27485.25,785
2026-07-30 05:02:00,27484.75,27494.0,27483.0,27487.25,635
2026-07-30 05:03:00,27487.25,27494.0,27478.75,27480.25,478
2026-07-30 05:04:00,27480.25,27512.25,27479.75,27502.75,1049
2026-07-30 05:05:00,27501.75,27502.5,27490.25,27500.0,605
2026-07-30 05:06:00,27499.25,27506.75,27495.5,27505.25,529
2026-07-30 05:07:00,27505.75,27511.25,27501.5,27510.25,710
2026-07-30 05:08:00,27510.0,27512.0,27503.75,27508.0,392
2026-07-30 05:09:00,27507.5,27510.25,27501.5,27505.25,521
2026-07-30 05:10:00,27504.5,27509.25,27496.5,27509.25,660
2026-07-30 05:11:00,27509.25,27513.25,27505.75,27511.0,542
2026-07-30 05:12:00,27510.5,27515.5,27508.0,27508.5,581
2026-07-30 05:13:00,27508.5,27518.5,27505.0,27510.5,564
2026-07-30 05:14:00,27510.5,27556.25,27510.25,27534.5,2812
2026-07-30 05:15:00,27534.5,27544.5,27524.5,27532.5,1615
2026-07-30 05:16:00,27533.75,27547.75,27531.25,27546.5,800
2026-07-30 05:17:00,27546.25,27551.25,27541.0,27546.25,785
2026-07-30 05:18:00,27545.0,27548.5,27536.75,27539.5,699
2026-07-30 05:19:00,27539.0,27549.75,27536.0,27540.25,1062
2026-07-30 05:20:00,27540.0,27553.25,27536.75,27549.75,720
2026-07-30 05:21:00,27548.75,27566.75,27542.0,27559.25,1572
2026-07-30 05:22:00,27560.0,27564.5,27552.25,27559.5,764
2026-07-30 05:23:00,27561.5,27575.0,27560.0,27565.75,1105
2026-07-30 05:24:00,27565.0,27571.0,27561.5,27564.75,784
2026-07-30 05:25:00,27566.0,27569.5,27555.5,27565.25,799
2026-07-30 05:26:00,27567.0,27570.75,27562.25,27565.0,527
2026-07-30 05:27:00,27566.0,27567.75,27559.75,27565.0,390
2026-07-30 05:28:00,27565.25,27570.75,27553.25,27553.75,745
2026-07-30 05:29:00,27554.25,27558.0,27548.75,27554.25,609
2026-07-30 05:30:00,27554.25,27556.0,27538.75,27546.25,862
2026-07-30 05:31:00,27546.25,27557.25,27544.0,27557.25,550
2026-07-30 05:32:00,27556.5,27564.0,27547.25,27562.75,940
2026-07-30 05:33:00,27561.75,27570.25,27560.0,27570.25,451
2026-07-30 05:34:00,27569.5,27577.75,27567.0,27574.75,690
2026-07-30 05:35:00,27575.0,27586.0,27572.25,27572.75,932
2026-07-30 05:36:00,27573.0,27579.25,27568.5,27577.75,683
2026-07-30 05:37:00,27577.5,27584.25,27575.5,27577.25,538
2026-07-30 05:38:00,27577.5,27578.5,27564.0,27564.75,576
2026-07-30 05:39:00,27564.75,27565.5,27552.0,27554.75,1091
2026-07-30 05:40:00,27555.0,27558.25,27548.5,27550.5,587
2026-07-30 05:41:00,27550.0,27556.25,27542.0,27542.0,581
2026-07-30 05:42:00,27542.0,27548.0,27540.75,27546.0,520
2026-07-30 05:43:00,27546.75,27549.75,27537.0,27540.75,912
2026-07-30 05:44:00,27540.0,27545.75,27538.75,27544.5,365
2026-07-30 05:45:00,27544.5,27546.0,27538.0,27542.25,400
2026-07-30 05:46:00,27542.0,27549.5,27541.0,27546.5,409
2026-07-30 05:47:00,27546.0,27552.5,27544.5,27549.25,444
2026-07-30 05:48:00,27550.0,27556.0,27544.5,27546.0,449
2026-07-30 05:49:00,27546.0,27553.25,27544.25,27553.0,366
2026-07-30 05:50:00,27553.75,27555.25,27547.0,27550.0,349
2026-07-30 05:51:00,27550.25,27556.0,27545.25,27547.5,433
2026-07-30 05:52:00,27546.75,27551.0,27541.0,27543.75,455
2026-07-30 05:53:00,27543.0,27546.25,27540.0,27544.75,405
2026-07-30 05:54:00,27545.5,27555.75,27541.75,27555.25,588
2026-07-30 05:55:00,27555.25,27555.5,27545.75,27551.75,339
2026-07-30 05:56:00,27551.25,27552.5,27544.0,27551.5,683
2026-07-30 05:57:00,27551.75,27552.0,27541.5,27541.5,341
2026-07-30 05:58:00,27541.75,27542.5,27529.75,27531.75,865
2026-07-30 05:59:00,27531.75,27532.75,27513.5,27517.0,1681
2026-07-30 06:00:00,27516.25,27517.5,27488.0,27503.25,2161
2026-07-30 06:01:00,27503.25,27523.25,27501.0,27521.0,1032
2026-07-30 06:02:00,27521.5,27523.75,27516.25,27518.5,586
2026-07-30 06:03:00,27519.25,27521.25,27512.75,27515.75,488
2026-07-30 06:04:00,27514.75,27521.75,27504.25,27506.25,634
2026-07-30 06:05:00,27506.75,27531.75,27505.25,27527.75,987
2026-07-30 06:06:00,27528.5,27532.75,27524.0,27528.0,577
2026-07-30 06:07:00,27528.5,27552.0,27523.25,27548.0,1289
2026-07-30 06:08:00,27548.25,27549.5,27537.25,27542.75,749
2026-07-30 06:09:00,27543.25,27561.5,27542.5,27553.25,707
2026-07-30 06:10:00,27553.5,27564.0,27549.0,27550.25,727
2026-07-30 06:11:00,27550.25,27557.75,27545.75,27552.5,1020
2026-07-30 06:12:00,27551.75,27552.25,27537.75,27545.75,518
2026-07-30 06:13:00,27545.5,27546.25,27535.0,27539.75,519
2026-07-30 06:14:00,27540.0,27543.25,27536.75,27542.25,261
2026-07-30 06:15:00,27543.0,27557.0,27541.0,27557.0,521
2026-07-30 06:16:00,27556.75,27572.25,27552.75,27563.5,972
2026-07-30 06:17:00,27563.0,27576.25,27561.25,27575.75,672
2026-07-30 06:18:00,27576.0,27595.5,27576.0,27593.25,1091
2026-07-30 06:19:00,27594.0,27599.0,27588.0,27596.0,1164
2026-07-30 06:20:00,27596.0,27604.5,27595.25,27601.25,991
2026-07-30 06:21:00,27601.25,27617.0,27597.25,27612.0,1220
2026-07-30 06:22:00,27612.75,27614.0,27604.0,27611.5,738
2026-07-30 06:23:00,27611.5,27615.5,27604.0,27605.25,713
2026-07-30 06:24:00,27606.75,27610.25,27596.0,27604.5,894
2026-07-30 06:25:00,27604.75,27616.75,27602.5,27615.5,842
2026-07-30 06:26:00,27616.0,27629.5,27616.0,27622.0,1287
2026-07-30 06:27:00,27621.25,27624.5,27611.25,27613.0,579
2026-07-30 06:28:00,27613.25,27616.5,27607.75,27615.0,648
2026-07-30 06:29:00,27615.25,27620.0,27609.75,27617.25,726
2026-07-30 06:30:00,27617.0,27627.5,27612.0,27620.0,631
2026-07-30 06:31:00,27620.0,27638.0,27616.25,27628.0,1167
2026-07-30 06:32:00,27628.5,27630.75,27622.25,27626.75,596
2026-07-30 06:33:00,27627.0,27631.5,27616.0,27616.5,736
2026-07-30 06:34:00,27615.0,27618.75,27606.0,27613.25,853
2026-07-30 06:35:00,27613.5,27625.5,27610.25,27620.5,913
2026-07-30 06:36:00,27621.0,27632.25,27620.0,27626.0,550
2026-07-30 06:37:00,27626.25,27630.0,27617.5,27620.5,669
2026-07-30 06:38:00,27620.75,27630.75,27616.5,27616.5,670
2026-07-30 06:39:00,27616.25,27624.0,27612.25,27620.5,570
2026-07-30 06:40:00,27621.0,27643.75,27617.5,27636.0,1140
2026-07-30 06:41:00,27635.75,27637.0,27618.0,27625.0,1084
2026-07-30 06:42:00,27624.75,27627.0,27615.5,27618.5,713
2026-07-30 06:43:00,27619.75,27646.75,27619.25,27636.75,1107
2026-07-30 06:44:00,27635.75,27639.75,27623.5,27631.75,811
2026-07-30 06:45:00,27631.0,27644.0,27626.25,27637.25,796
2026-07-30 06:46:00,27636.5,27646.25,27636.5,27644.0,565
2026-07-30 06:47:00,27643.75,27648.0,27638.0,27646.0,581
2026-07-30 06:48:00,27646.0,27648.0,27640.25,27642.0,689
2026-07-30 06:49:00,27640.75,27645.5,27629.5,27633.0,1000
2026-07-30 06:50:00,27633.75,27645.75,27629.75,27645.5,1096
2026-07-30 06:51:00,27644.5,27644.5,27634.25,27640.25,555
2026-07-30 06:52:00,27639.5,27647.25,27638.5,27644.0,730
2026-07-30 06:53:00,27644.0,27647.25,27624.25,27624.75,1021
2026-07-30 06:54:00,27625.25,27628.5,27613.25,27614.75,1019
2026-07-30 06:55:00,27615.0,27625.75,27613.75,27623.5,769
2026-07-30 06:56:00,27625.0,27625.0,27610.5,27614.75,784
2026-07-30 06:57:00,27614.5,27622.0,27613.5,27616.75,474
2026-07-30 06:58:00,27617.25,27622.75,27613.5,27615.25,286
2026-07-30 06:59:00,27616.0,27621.25,27614.75,27618.25,317
2026-07-30 07:00:00,27618.5,27643.75,27612.75,27637.75,2173
2026-07-30 07:01:00,27637.5,27646.0,27629.75,27644.5,965
2026-07-30 07:02:00,27643.75,27656.0,27642.25,27645.5,1722
2026-07-30 07:03:00,27646.25,27657.5,27638.75,27654.5,1252
2026-07-30 07:04:00,27655.0,27660.5,27650.5,27658.25,1141
2026-07-30 07:05:00,27658.0,27668.5,27655.25,27663.75,1115
2026-07-30 07:06:00,27663.25,27679.25,27659.5,27678.0,1304
2026-07-30 07:07:00,27677.75,27684.25,27675.5,27676.75,1265
2026-07-30 07:08:00,27676.75,27680.25,27668.75,27674.25,900
2026-07-30 07:09:00,27673.75,27683.5,27673.0,27679.0,572
2026-07-30 07:10:00,27678.5,27686.5,27670.0,27670.75,949
2026-07-30 07:11:00,27670.75,27671.25,27663.5,27670.0,941
2026-07-30 07:12:00,27670.0,27681.5,27668.0,27674.75,847
2026-07-30 07:13:00,27674.5,27674.5,27655.25,27661.0,818
2026-07-30 07:14:00,27660.0,27666.75,27659.25,27665.75,436
2026-07-30 07:15:00,27665.75,27673.25,27661.0,27671.25,750
2026-07-30 07:16:00,27671.25,27688.5,27668.0,27684.25,860
2026-07-30 07:17:00,27684.25,27693.75,27682.0,27689.75,1217
2026-07-30 07:18:00,27689.75,27702.0,27688.25,27689.25,1524
2026-07-30 07:19:00,27689.25,27693.25,27680.25,27682.0,897
2026-07-30 07:20:00,27682.25,27687.25,27676.25,27679.75,729
2026-07-30 07:21:00,27680.0,27682.75,27674.5,27678.5,613
2026-07-30 07:22:00,27678.75,27682.0,27670.25,27680.0,612
2026-07-30 07:23:00,27680.0,27684.5,27675.75,27681.75,764
2026-07-30 07:24:00,27682.25,27705.0,27679.75,27701.5,1351
2026-07-30 07:25:00,27701.0,27709.0,27697.75,27707.25,1149
2026-07-30 07:26:00,27707.25,27712.0,27705.25,27709.5,911
2026-07-30 07:27:00,27709.0,27713.75,27704.0,27709.5,965
2026-07-30 07:28:00,27709.0,27723.75,27707.5,27709.75,1451
2026-07-30 07:29:00,27709.5,27715.25,27706.5,27714.5,666
2026-07-30 07:30:00,27715.25,27717.0,27707.0,27709.0,807
2026-07-30 07:31:00,27709.25,27711.5,27697.25,27699.25,1166
2026-07-30 07:32:00,27698.75,27705.75,27679.25,27679.25,2045
2026-07-30 07:33:00,27680.25,27682.25,27673.5,27678.75,1355
2026-07-30 07:34:00,27677.5,27688.75,27674.0,27681.0,1074
2026-07-30 07:35:00,27680.5,27692.5,27679.75,27688.75,951
2026-07-30 07:36:00,27688.5,27704.5,27688.0,27702.75,1251
2026-07-30 07:37:00,27703.75,27717.0,27700.5,27715.25,1189
2026-07-30 07:38:00,27715.25,27725.0,27714.25,27724.5,1144
2026-07-30 07:39:00,27724.25,27727.0,27699.75,27700.5,1265
2026-07-30 07:40:00,27700.0,27710.0,27697.0,27707.25,908
2026-07-30 07:41:00,27707.75,27711.75,27689.25,27691.75,1373
2026-07-30 07:42:00,27691.25,27711.25,27688.25,27705.5,1312
2026-07-30 07:43:00,27707.25,27723.0,27705.0,27719.0,958
2026-07-30 07:44:00,27718.5,27719.0,27699.75,27700.75,1260
2026-07-30 07:45:00,27701.5,27720.5,27700.5,27719.75,1065
2026-07-30 07:46:00,27719.5,27719.75,27711.0,27716.75,580
2026-07-30 07:47:00,27716.75,27724.0,27711.75,27714.0,1106
2026-07-30 07:48:00,27713.5,27730.5,27713.5,27728.0,1127
2026-07-30 07:49:00,27728.75,27733.5,27726.25,27728.25,1102
2026-07-30 07:50:00,27728.75,27739.0,27725.75,27736.5,1046
2026-07-30 07:51:00,27737.0,27739.75,27719.0,27723.25,1291
2026-07-30 07:52:00,27723.5,27734.25,27720.75,27722.75,905
2026-07-30 07:53:00,27723.0,27735.5,27722.0,27734.25,664
2026-07-30 07:54:00,27734.0,27744.0,27732.25,27740.25,1180
2026-07-30 07:55:00,27740.25,27745.0,27729.25,27730.25,809
2026-07-30 07:56:00,27730.25,27736.25,27726.25,27726.25,664
2026-07-30 07:57:00,27726.5,27730.75,27722.75,27729.0,550
2026-07-30 07:58:00,27728.25,27737.75,27727.25,27730.0,725
2026-07-30 07:59:00,27730.25,27731.25,27721.0,27724.25,551
2026-07-30 08:00:00,27724.25,27734.0,27716.0,27718.5,1321
2026-07-30 08:01:00,27719.0,27721.25,27695.5,27699.0,2166
2026-07-30 08:02:00,27699.5,27727.75,27698.75,27723.25,1517
2026-07-30 08:03:00,27722.75,27749.0,27719.5,27748.0,1913
2026-07-30 08:04:00,27747.5,27753.0,27739.75,27745.5,1421
2026-07-30 08:05:00,27745.75,27754.0,27738.0,27752.75,1292
2026-07-30 08:06:00,27753.25,27757.5,27747.25,27754.25,1163
2026-07-30 08:07:00,27753.75,27755.75,27745.5,27754.5,998
2026-07-30 08:08:00,27753.75,27758.25,27746.0,27746.25,979
2026-07-30 08:09:00,27746.0,27759.75,27744.0,27754.75,1225
2026-07-30 08:10:00,27755.25,27760.5,27752.25,27757.5,966
2026-07-30 08:11:00,27758.25,27758.5,27745.0,27746.0,967
2026-07-30 08:12:00,27747.0,27756.75,27735.75,27748.0,1605
2026-07-30 08:13:00,27747.75,27760.5,27745.25,27758.25,878
2026-07-30 08:14:00,27758.25,27766.0,27753.75,27762.5,1001
2026-07-30 08:15:00,27762.75,27766.0,27751.75,27751.75,844
2026-07-30 08:16:00,27751.5,27757.0,27745.0,27750.5,1170
2026-07-30 08:17:00,27750.75,27751.0,27741.0,27746.0,755
2026-07-30 08:18:00,27745.0,27748.5,27737.0,27748.0,1059
2026-07-30 08:19:00,27748.0,27754.25,27740.25,27742.75,1074
2026-07-30 08:20:00,27742.75,27743.0,27714.25,27724.25,1951
2026-07-30 08:21:00,27724.25,27734.0,27721.75,27724.75,1201
2026-07-30 08:22:00,27724.5,27729.25,27719.25,27724.25,888
2026-07-30 08:23:00,27724.75,27742.0,27722.75,27742.0,930
2026-07-30 08:24:00,27742.0,27752.0,27739.25,27746.25,1415
2026-07-30 08:25:00,27746.75,27756.5,27740.5,27744.0,1083
2026-07-30 08:26:00,27743.25,27759.25,27739.25,27752.0,1341
2026-07-30 08:27:00,27751.25,27752.75,27735.25,27737.25,870
2026-07-30 08:28:00,27737.0,27737.25,27723.25,27728.5,846
2026-07-30 08:29:00,27727.25,27748.75,27721.0,27741.0,927
2026-07-30 08:30:00,27738.75,27790.75,27733.5,27774.0,4242
2026-07-30 08:31:00,27772.5,27774.0,27736.75,27743.0,2492
2026-07-30 08:32:00,27742.5,27748.25,27724.5,27734.75,2334
2026-07-30 08:33:00,27735.75,27746.0,27730.25,27732.25,1281
2026-07-30 08:34:00,27732.5,27745.0,27715.0,27742.5,2546
2026-07-30 08:35:00,27742.25,27771.5,27733.0,27771.0,2728
2026-07-30 08:36:00,27771.5,27787.25,27762.25,27774.75,2803
2026-07-30 08:37:00,27774.5,27778.75,27754.25,27757.5,1514
2026-07-30 08:38:00,27757.75,27773.75,27755.75,27771.0,1357
2026-07-30 08:39:00,27772.0,27785.0,27762.5,27784.5,1814
2026-07-30 08:40:00,27783.5,27786.25,27764.0,27769.25,1670
2026-07-30 08:41:00,27769.25,27796.75,27769.25,27786.5,2676
2026-07-30 08:42:00,27787.0,27805.0,27780.5,27795.25,2460
2026-07-30 08:43:00,27795.75,27796.75,27777.75,27790.75,1894
2026-07-30 08:44:00,27790.25,27791.25,27774.75,27776.75,1360
2026-07-30 08:45:00,27776.5,27781.25,27766.25,27774.0,1829
2026-07-30 08:46:00,27773.75,27780.5,27765.0,27772.75,1500
2026-07-30 08:47:00,27772.0,27782.5,27762.75,27779.0,1824
2026-07-30 08:48:00,27778.25,27795.0,27774.0,27794.75,1441
2026-07-30 08:49:00,27795.0,27798.75,27785.0,27794.75,1303
2026-07-30 08:50:00,27794.25,27798.25,27780.0,27793.75,1325
2026-07-30 08:51:00,27794.5,27797.0,27785.0,27795.5,1125
2026-07-30 08:52:00,27796.5,27803.75,27789.25,27794.0,2067
2026-07-30 08:53:00,27793.25,27797.25,27783.5,27796.75,1205
2026-07-30 08:54:00,27796.75,27805.0,27791.75,27799.0,1733
2026-07-30 08:55:00,27798.0,27800.5,27788.25,27790.0,1141
2026-07-30 08:56:00,27790.0,27797.5,27783.0,27795.75,1369
2026-07-30 08:57:00,27794.5,27813.5,27790.5,27807.5,2798
2026-07-30 08:58:00,27808.5,27819.75,27805.0,27815.5,2065
2026-07-30 08:59:00,27815.75,27818.25,27803.75,27806.25,1863
2026-07-30 09:00:00,27806.0,27833.75,27793.25,27827.5,5891
2026-07-30 09:01:00,27827.25,27854.25,27823.5,27847.5,4627
2026-07-30 09:02:00,27847.5,27849.25,27841.75,27843.25,1954
2026-07-30 09:03:00,27843.25,27856.75,27835.25,27852.5,3684
2026-07-30 09:04:00,27853.25,27860.0,27846.75,27848.75,2237
2026-07-30 09:05:00,27849.0,27859.5,27847.0,27855.5,1794
2026-07-30 09:06:00,27855.0,27860.25,27846.75,27854.5,2007
2026-07-30 09:07:00,27854.5,27876.75,27849.0,27850.5,4896
2026-07-30 09:08:00,27850.5,27851.75,27840.5,27844.75,2695
2026-07-30 09:09:00,27844.75,27848.75,27838.25,27841.75,2483
2026-07-30 09:10:00,27841.25,27843.0,27829.25,27830.75,2652
2026-07-30 09:11:00,27831.25,27839.25,27827.0,27831.75,1705
2026-07-30 09:12:00,27831.5,27852.0,27829.0,27844.25,2349
2026-07-30 09:13:00,27844.5,27864.25,27841.0,27854.25,2558
2026-07-30 09:14:00,27854.75,27855.5,27835.25,27840.0,1845
2026-07-30 09:15:00,27839.75,27847.0,27831.25,27844.5,1797
2026-07-30 09:16:00,27844.75,27853.0,27841.0,27844.5,1565
2026-07-30 09:17:00,27844.75,27850.75,27842.75,27849.75,957
2026-07-30 09:18:00,27849.75,27855.0,27841.0,27851.25,1681
2026-07-30 09:19:00,27851.0,27860.25,27847.5,27850.75,2100
2026-07-30 09:20:00,27851.25,27851.75,27839.5,27844.75,1490
2026-07-30 09:21:00,27845.0,27847.25,27838.25,27842.0,989
2026-07-30 09:22:00,27841.75,27844.5,27834.75,27839.0,1350
2026-07-30 09:23:00,27838.75,27849.25,27836.25,27843.25,1679
2026-07-30 09:24:00,27843.25,27846.75,27839.25,27842.25,996
2026-07-30 09:25:00,27843.0,27868.0,27840.0,27842.25,3294
2026-07-30 09:26:00,27843.0,27859.5,27836.75,27859.0,1587
2026-07-30 09:27:00,27859.0,27865.5,27844.5,27856.75,2763
2026-07-30 09:28:00,27857.25,27877.75,27855.0,27863.5,3698
2026-07-30 09:29:00,27864.25,27883.75,27858.75,27875.5,4048
2026-07-30 09:30:00,27875.5,27892.75,27835.0,27859.0,15602
2026-07-30 09:31:00,27859.25,27892.0,27853.0,27879.5,9283
2026-07-30 09:32:00,27879.0,27885.5,27850.0,27862.5,8923
2026-07-30 09:33:00,27863.0,27863.75,27813.25,27843.25,12460
2026-07-30 09:34:00,27842.75,27881.5,27831.5,27871.0,10965
2026-07-30 09:35:00,27871.0,27904.5,27848.25,27891.5,13482
2026-07-30 09:36:00,27890.75,27919.75,27864.0,27895.25,14583
2026-07-30 09:37:00,27895.5,27902.0,27846.25,27884.25,10924
2026-07-30 09:38:00,27884.5,27908.75,27853.5,27890.75,10145
2026-07-30 09:39:00,27891.0,27901.75,27866.25,27889.5,8413
2026-07-30 09:40:00,27888.0,27901.0,27849.5,27882.5,10871
2026-07-30 09:41:00,27881.5,27905.0,27867.25,27887.0,8814
2026-07-30 09:42:00,27886.5,27940.5,27882.5,27934.0,13451
2026-07-30 09:43:00,27934.75,27966.25,27929.25,27965.0,12140
2026-07-30 09:44:00,27965.0,27996.25,27964.25,27977.5,12855
2026-07-30 09:45:00,27977.0,28016.75,27973.25,28014.5,11724
2026-07-30 09:46:00,28013.75,28037.0,28006.5,28029.25,10488
2026-07-30 09:47:00,28029.25,28039.5,28009.75,28036.75,10515
2026-07-30 09:48:00,28036.5,28050.0,28027.0,28040.5,8743
2026-07-30 09:49:00,28040.5,28067.25,28039.75,28065.0,8763
2026-07-30 09:50:00,28065.0,28113.75,28043.0,28105.0,15305
2026-07-30 09:51:00,28104.5,28126.25,28091.25,28093.5,13149
2026-07-30 09:52:00,28093.25,28094.75,28050.5,28063.5,11878
2026-07-30 09:53:00,28063.0,28098.0,28055.0,28079.5,9699
2026-07-30 09:54:00,28079.5,28111.75,28077.25,28103.25,7536
2026-07-30 09:55:00,28102.25,28133.25,28083.0,28126.75,10669
2026-07-30 09:56:00,28127.25,28138.25,28100.75,28108.0,9165
2026-07-30 09:57:00,28108.0,28119.25,28091.0,28110.5,7786
2026-07-30 09:58:00,28110.5,28123.25,28095.0,28122.5,6333
2026-07-30 09:59:00,28122.75,28155.0,28115.75,28151.25,10633
2026-07-30 10:00:00,28150.5,28158.0,28127.0,28155.75,9058
2026-07-30 10:01:00,28155.5,28169.0,28151.5,28167.5,10285
2026-07-30 10:02:00,28167.75,28183.75,28150.75,28159.0,11014
2026-07-30 10:03:00,28159.25,28175.0,28137.75,28168.25,9737
2026-07-30 10:04:00,28168.0,28177.75,28159.0,28160.25,5196
2026-07-30 10:05:00,28159.75,28166.0,28134.75,28146.5,8627
2026-07-30 10:06:00,28145.0,28152.75,28119.0,28131.0,9656
2026-07-30 10:07:00,28131.25,28139.5,28104.25,28106.5,7603
2026-07-30 10:08:00,28106.25,28111.0,28080.5,28089.0,11325
2026-07-30 10:09:00,28088.75,28096.0,28073.5,28086.25,7937
2026-07-30 10:10:00,28085.75,28108.25,28067.0,28083.25,11262
2026-07-30 10:11:00,28083.5,28107.5,28068.75,28105.25,7695
2026-07-30 10:12:00,28105.5,28117.5,28092.5,28112.25,9165
2026-07-30 10:13:00,28113.0,28116.25,28083.25,28090.0,6547
2026-07-30 10:14:00,28090.25,28114.0,28083.25,28107.75,5496
2026-07-30 10:15:00,28107.25,28131.5,28099.5,28111.5,8734
2026-07-30 10:16:00,28112.0,28131.0,28095.75,28128.5,6093
2026-07-30 10:17:00,28129.0,28140.25,28115.75,28117.25,7576
2026-07-30 10:18:00,28117.5,28120.5,28080.0,28108.25,10379
2026-07-30 10:19:00,28108.5,28125.25,28094.0,28113.75,6988
2026-07-30 10:20:00,28113.5,28127.0,28102.0,28124.5,5292
2026-07-30 10:21:00,28124.5,28164.75,28124.5,28154.5,9876
2026-07-30 10:22:00,28154.25,28162.25,28135.5,28156.75,6912
2026-07-30 10:23:00,28156.5,28173.75,28155.25,28160.25,6230
2026-07-30 10:24:00,28160.25,28175.0,28148.5,28163.25,6940
2026-07-30 10:25:00,28164.0,28176.5,28159.5,28172.75,5526
2026-07-30 10:26:00,28172.75,28178.75,28149.25,28172.0,6154
2026-07-30 10:27:00,28170.75,28213.75,28168.75,28210.25,11827
2026-07-30 10:28:00,28209.75,28240.0,28209.25,28223.75,10323
2026-07-30 10:29:00,28223.75,28231.0,28218.0,28225.75,5193
2026-07-30 10:30:00,28226.0,28227.25,28188.5,28219.0,10976
2026-07-30 10:31:00,28219.0,28245.75,28206.5,28233.5,8069
2026-07-30 10:32:00,28234.5,28241.5,28217.5,28240.0,6381
2026-07-30 10:33:00,28239.5,28242.75,28224.75,28237.25,5729
2026-07-30 10:34:00,28237.25,28240.0,28215.5,28234.75,6250
2026-07-30 10:35:00,28234.5,28237.75,28204.0,28207.5,6326
2026-07-30 10:36:00,28207.25,28241.0,28202.0,28236.0,6589
2026-07-30 10:37:00,28235.5,28244.0,28227.25,28237.25,5574
2026-07-30 10:38:00,28237.25,28238.0,28212.5,28213.25,5490
2026-07-30 10:39:00,28214.0,28221.75,28209.75,28219.5,4579
2026-07-30 10:40:00,28220.25,28232.75,28212.25,28227.5,4914
2026-07-30 10:41:00,28227.0,28240.5,28223.75,28231.0,4010
2026-07-30 10:42:00,28230.75,28240.5,28205.0,28206.75,4938
2026-07-30 10:43:00,28206.0,28207.5,28183.25,28184.5,7909
2026-07-30 10:44:00,28184.5,28185.75,28160.25,28174.75,8514
2026-07-30 10:45:00,28175.25,28189.75,28157.75,28187.75,6739
2026-07-30 10:46:00,28187.75,28196.0,28154.0,28161.0,8173
2026-07-30 10:47:00,28160.5,28173.0,28151.0,28160.5,6142
2026-07-30 10:48:00,28160.5,28163.75,28130.5,28160.0,8600
2026-07-30 10:49:00,28159.75,28174.75,28142.0,28166.0,7208
2026-07-30 10:50:00,28166.5,28177.25,28140.0,28142.0,6336
2026-07-30 10:51:00,28142.75,28155.5,28113.0,28122.75,8765
2026-07-30 10:52:00,28122.75,28128.75,28103.0,28104.25,5843
2026-07-30 10:53:00,28104.5,28111.25,28085.5,28091.25,7076
2026-07-30 10:54:00,28091.25,28092.75,28063.25,28069.0,9115
2026-07-30 10:55:00,28069.0,28071.5,28042.5,28054.25,10470
2026-07-30 10:56:00,28055.0,28061.0,28024.75,28035.25,9360
2026-07-30 10:57:00,28035.25,28063.25,28022.75,28057.25,8363
2026-07-30 10:58:00,28056.5,28075.0,28043.75,28074.25,8397
2026-07-30 10:59:00,28074.75,28095.5,28065.5,28070.75,10608
2026-07-30 11:00:00,28070.75,28077.75,28013.0,28027.25,12894
2026-07-30 11:01:00,28026.5,28039.75,28012.0,28020.5,9714
2026-07-30 11:02:00,28020.25,28069.25,28016.0,28068.25,9231
2026-07-30 11:03:00,28068.25,28106.25,28067.5,28104.25,11674
2026-07-30 11:04:00,28103.25,28114.25,28078.75,28104.5,8079
2026-07-30 11:05:00,28104.5,28122.75,28096.75,28114.0,7121
2026-07-30 11:06:00,28115.5,28123.25,28087.25,28094.5,7283
2026-07-30 11:07:00,28094.5,28101.0,28063.5,28072.25,8327
2026-07-30 11:08:00,28072.5,28099.0,28055.0,28098.0,7076
2026-07-30 11:09:00,28097.5,28138.0,28094.0,28134.75,9809
2026-07-30 11:10:00,28134.25,28137.0,28069.25,28079.75,9275
2026-07-30 11:11:00,28080.0,28085.0,28037.25,28045.0,9122
2026-07-30 11:12:00,28045.0,28064.75,28034.5,28060.75,6613
2026-07-30 11:13:00,28060.75,28061.25,28020.0,28033.0,7125
2026-07-30 11:14:00,28033.0,28046.25,28018.5,28024.25,5926
2026-07-30 11:15:00,28024.5,28061.75,28007.75,28060.5,8861
2026-07-30 11:16:00,28060.0,28076.0,28050.25,28054.25,7193
2026-07-30 11:17:00,28054.5,28069.0,28024.5,28029.75,6525
2026-07-30 11:18:00,28030.25,28048.75,28021.5,28045.75,5182
2026-07-30 11:19:00,28045.25,28056.25,28037.5,28046.75,3932
2026-07-30 11:20:00,28046.75,28060.0,28037.75,28055.25,4629
2026-07-30 11:21:00,28055.25,28099.5,28053.5,28077.25,8199
2026-07-30 11:22:00,28077.0,28088.25,28061.5,28074.75,4985
2026-07-30 11:23:00,28074.75,28077.25,28030.5,28057.5,6802
2026-07-30 11:24:00,28057.25,28062.75,28035.75,28049.75,4256
2026-07-30 11:25:00,28050.0,28079.5,28030.0,28037.0,6269
2026-07-30 11:26:00,28037.5,28043.25,27995.5,28041.25,10092
2026-07-30 11:27:00,28040.75,28053.25,28017.25,28020.25,5588
2026-07-30 11:28:00,28019.0,28025.75,28003.75,28021.5,5308
2026-07-30 11:29:00,28022.25,28033.25,28007.5,28010.25,4641
2026-07-30 11:30:00,28010.25,28023.5,28001.0,28007.5,6104
2026-07-30 11:31:00,28008.0,28042.25,28005.25,28030.75,5640
2026-07-30 11:32:00,28031.0,28055.25,28029.75,28038.0,5111
2026-07-30 11:33:00,28038.25,28051.0,28028.0,28050.5,3887
2026-07-30 11:34:00,28049.5,28074.0,28030.0,28073.5,5996
2026-07-30 11:35:00,28073.5,28090.0,28055.5,28059.75,7023
2026-07-30 11:36:00,28060.0,28088.0,28059.0,28087.75,4352
2026-07-30 11:37:00,28087.25,28088.0,28041.5,28043.5,5661
2026-07-30 11:38:00,28044.0,28056.25,28036.5,28049.25,4619
2026-07-30 11:39:00,28049.75,28073.25,28042.5,28072.0,4061
2026-07-30 11:40:00,28072.25,28087.0,28058.75,28075.75,5725
2026-07-30 11:41:00,28075.0,28084.0,28062.75,28078.25,3152
2026-07-30 11:42:00,28078.5,28080.25,28055.0,28076.5,4250
2026-07-30 11:43:00,28076.75,28089.75,28066.0,28088.25,4389
2026-07-30 11:44:00,28088.25,28109.25,28086.0,28089.5,5786
2026-07-30 11:45:00,28090.0,28114.0,28089.25,28109.0,3801
2026-07-30 11:46:00,28109.25,28133.75,28106.25,28123.5,4885
2026-07-30 11:47:00,28123.75,28131.5,28120.5,28122.5,2725
2026-07-30 11:48:00,28122.5,28123.75,28100.75,28106.5,3947
2026-07-30 11:49:00,28106.75,28117.0,28090.0,28114.25,3902
2026-07-30 11:50:00,28114.25,28121.75,28087.0,28089.5,4054
2026-07-30 11:51:00,28090.0,28106.75,28074.0,28106.5,5421
2026-07-30 11:52:00,28106.0,28106.0,28048.5,28068.25,6174
2026-07-30 11:53:00,28068.5,28093.5,28063.25,28087.25,4482
2026-07-30 11:54:00,28087.75,28111.25,28077.5,28108.25,4017
2026-07-30 11:55:00,28108.5,28130.25,28108.5,28122.5,4641
2026-07-30 11:56:00,28122.5,28131.5,28114.75,28116.5,3391
2026-07-30 11:57:00,28117.25,28120.5,28105.0,28112.5,3345
2026-07-30 11:58:00,28112.25,28115.5,28087.75,28094.0,4295
2026-07-30 11:59:00,28094.0,28094.0,28071.0,28078.75,3956
2026-07-30 12:00:00,28079.0,28082.25,28059.5,28070.5,5787
2026-07-30 12:01:00,28069.75,28096.5,28060.5,28095.75,5947
2026-07-30 12:02:00,28095.5,28118.75,28083.75,28115.75,5648
2026-07-30 12:03:00,28115.75,28127.0,28112.5,28120.0,3901
2026-07-30 12:04:00,28120.25,28156.5,28119.25,28150.0,7374
2026-07-30 12:05:00,28149.75,28167.75,28148.25,28152.25,5072
2026-07-30 12:06:00,28153.0,28161.25,28140.75,28143.0,3445
2026-07-30 12:07:00,28143.25,28149.5,28135.75,28148.25,3267
2026-07-30 12:08:00,28148.5,28153.5,28137.0,28151.25,2820
2026-07-30 12:09:00,28151.0,28154.5,28135.75,28144.5,3073
2026-07-30 12:10:00,28143.75,28162.0,28141.5,28153.25,3409
2026-07-30 12:11:00,28153.25,28172.5,28148.0,28170.25,3980
2026-07-30 12:12:00,28170.25,28182.25,28164.25,28182.25,3897
2026-07-30 12:13:00,28182.0,28189.75,28180.5,28187.75,3899
2026-07-30 12:14:00,28187.25,28189.5,28174.25,28186.0,3508
2026-07-30 12:15:00,28186.0,28191.5,28180.25,28182.5,2687
2026-07-30 12:16:00,28182.25,28191.5,28178.5,28189.25,2572
2026-07-30 12:17:00,28189.25,28190.25,28176.0,28189.25,2919
2026-07-30 12:18:00,28189.25,28192.75,28171.25,28186.75,2903
2026-07-30 12:19:00,28186.75,28192.5,28167.75,28172.0,2648
2026-07-30 12:20:00,28172.25,28183.75,28165.5,28178.5,3572
2026-07-30 12:21:00,28178.0,28182.0,28170.5,28181.5,1918
2026-07-30 12:22:00,28181.0,28186.5,28163.25,28168.25,2670
2026-07-30 12:23:00,28168.25,28168.25,28147.25,28163.25,4275
2026-07-30 12:24:00,28162.75,28169.5,28150.5,28156.5,2893
2026-07-30 12:25:00,28156.75,28157.5,28144.75,28149.25,2225
2026-07-30 12:26:00,28149.75,28155.75,28143.75,28151.0,2234
2026-07-30 12:27:00,28151.0,28162.25,28147.5,28161.25,2220
2026-07-30 12:28:00,28161.25,28163.5,28144.5,28150.0,2245
2026-07-30 12:29:00,28149.75,28152.75,28140.25,28144.25,2429
2026-07-30 12:30:00,28144.5,28150.25,28123.5,28126.0,4356
2026-07-30 12:31:00,28126.0,28130.5,28113.75,28127.75,4125
2026-07-30 12:32:00,28128.25,28133.75,28115.0,28130.75,3258
2026-07-30 12:33:00,28129.75,28133.0,28119.25,28123.75,2205
2026-07-30 12:34:00,28123.0,28126.75,28111.25,28120.0,3439
2026-07-30 12:35:00,28120.25,28142.0,28116.5,28123.25,4462
2026-07-30 12:36:00,28122.5,28136.25,28122.5,28131.0,2239
2026-07-30 12:37:00,28130.5,28132.5,28119.0,28123.0,2020
2026-07-30 12:38:00,28122.75,28127.0,28114.0,28120.0,1924
2026-07-30 12:39:00,28120.25,28128.0,28115.5,28117.0,1608
2026-07-30 12:40:00,28117.5,28118.25,28083.5,28085.75,5694
2026-07-30 12:41:00,28086.0,28092.25,28072.0,28079.75,4587
2026-07-30 12:42:00,28080.0,28085.25,28062.5,28067.75,3608
2026-07-30 12:43:00,28067.5,28080.75,28055.25,28062.5,4267
2026-07-30 12:44:00,28063.0,28070.5,28058.25,28068.75,2690
2026-07-30 12:45:00,28068.25,28098.25,28066.0,28092.5,4847
2026-07-30 12:46:00,28092.25,28108.0,28092.0,28097.25,3693
2026-07-30 12:47:00,28097.5,28105.0,28089.75,28092.0,2270
2026-07-30 12:48:00,28092.5,28098.75,28084.0,28086.5,2269
2026-07-30 12:49:00,28086.5,28101.5,28085.25,28098.25,1749
2026-07-30 12:50:00,28099.5,28105.75,28077.75,28083.75,3070
2026-07-30 12:51:00,28084.0,28122.25,28083.0,28120.25,4073
2026-07-30 12:52:00,28120.75,28137.0,28119.75,28133.0,4314
2026-07-30 12:53:00,28132.5,28133.75,28109.75,28114.25,3112
2026-07-30 12:54:00,28113.25,28120.25,28109.25,28113.75,1770
2026-07-30 12:55:00,28113.5,28131.5,28109.0,28129.0,2870
2026-07-30 12:56:00,28128.0,28136.25,28123.5,28127.5,1873
2026-07-30 12:57:00,28127.25,28132.75,28122.0,28122.75,1795
2026-07-30 12:58:00,28122.75,28128.75,28114.5,28128.25,1849
2026-07-30 12:59:00,28128.25,28131.25,28123.5,28126.75,1219
2026-07-30 13:00:00,28126.25,28170.5,28126.25,28159.25,7657
2026-07-30 13:01:00,28159.0,28173.25,28153.0,28171.25,3035
2026-07-30 13:02:00,28171.25,28174.25,28148.25,28152.25,3057
2026-07-30 13:03:00,28151.75,28162.0,28150.0,28151.75,1969
2026-07-30 13:04:00,28152.75,28169.0,28152.5,28167.25,1645
2026-07-30 13:05:00,28167.5,28172.0,28161.75,28167.75,1818
2026-07-30 13:06:00,28167.25,28184.25,28166.25,28174.0,3422
2026-07-30 13:07:00,28174.0,28174.5,28159.5,28166.75,2243
2026-07-30 13:08:00,28166.5,28176.25,28162.75,28173.75,1577
2026-07-30 13:09:00,28173.0,28173.0,28160.0,28168.5,2053
2026-07-30 13:10:00,28168.5,28182.5,28161.5,28169.0,2740
2026-07-30 13:11:00,28168.5,28176.25,28156.5,28173.25,2829
2026-07-30 13:12:00,28173.5,28176.75,28153.0,28159.0,3415
2026-07-30 13:13:00,28158.5,28163.0,28154.25,28159.75,1664
2026-07-30 13:14:00,28160.0,28162.5,28154.5,28158.5,1429
2026-07-30 13:15:00,28158.75,28169.0,28156.0,28159.25,2407
2026-07-30 13:16:00,28159.75,28183.5,28159.0,28179.5,2727
2026-07-30 13:17:00,28179.75,28190.0,28179.5,28184.0,2727
2026-07-30 13:18:00,28184.0,28190.75,28176.5,28181.5,2145
2026-07-30 13:19:00,28181.5,28208.5,28179.0,28203.25,4796
2026-07-30 13:20:00,28203.25,28205.25,28193.5,28202.5,2494
2026-07-30 13:21:00,28202.5,28207.25,28194.0,28199.75,1805
2026-07-30 13:22:00,28199.75,28199.75,28178.75,28180.25,2924
2026-07-30 13:23:00,28180.5,28193.25,28178.5,28191.0,1844
2026-07-30 13:24:00,28190.75,28191.5,28181.75,28188.75,1444
2026-07-30 13:25:00,28189.25,28191.25,28178.0,28182.5,1679
2026-07-30 13:26:00,28183.0,28184.25,28174.25,28182.0,1821
2026-07-30 13:27:00,28182.25,28191.0,28180.5,28182.0,1534
2026-07-30 13:28:00,28181.75,28183.5,28164.0,28175.0,3408
2026-07-30 13:29:00,28175.0,28177.0,28164.75,28169.0,1855
2026-07-30 13:30:00,28169.25,28184.5,28167.0,28176.5,2895
2026-07-30 13:31:00,28175.75,28180.75,28169.5,28176.75,1617
2026-07-30 13:32:00,28176.25,28182.0,28171.25,28173.25,1373
2026-07-30 13:33:00,28173.5,28177.5,28158.5,28166.25,2736
2026-07-30 13:34:00,28166.5,28167.25,28153.25,28163.0,2010
2026-07-30 13:35:00,28163.25,28177.75,28160.5,28175.5,2400
2026-07-30 13:36:00,28176.0,28180.5,28167.75,28179.0,2133
2026-07-30 13:37:00,28179.25,28181.0,28154.75,28160.0,3437
2026-07-30 13:38:00,28159.5,28160.0,28138.5,28152.5,5026
2026-07-30 13:39:00,28153.25,28155.0,28141.75,28147.75,2040
2026-07-30 13:40:00,28147.25,28165.25,28147.25,28158.0,2891
2026-07-30 13:41:00,28158.25,28170.75,28157.75,28170.5,2478
2026-07-30 13:42:00,28169.75,28198.25,28166.75,28174.0,4873
2026-07-30 13:43:00,28173.75,28198.5,28173.0,28186.25,3637
2026-07-30 13:44:00,28186.25,28192.0,28181.5,28188.25,1899
2026-07-30 13:45:00,28188.25,28193.5,28184.0,28186.5,2023
2026-07-30 13:46:00,28186.75,28202.5,28184.75,28197.0,2450
2026-07-30 13:47:00,28196.75,28200.75,28192.25,28195.75,1735
2026-07-30 13:48:00,28196.0,28201.5,28193.25,28199.25,1285
2026-07-30 13:49:00,28199.25,28199.5,28183.0,28183.25,2058
2026-07-30 13:50:00,28183.25,28193.25,28179.75,28192.5,2320
2026-07-30 13:51:00,28192.5,28207.5,28190.25,28200.0,2998
2026-07-30 13:52:00,28200.25,28201.75,28176.25,28186.75,3881
2026-07-30 13:53:00,28186.75,28188.0,28174.0,28175.25,2104
2026-07-30 13:54:00,28175.25,28185.0,28174.0,28175.25,1570
2026-07-30 13:55:00,28175.5,28180.0,28165.5,28179.5,2784
2026-07-30 13:56:00,28179.0,28185.0,28173.25,28180.0,1794
2026-07-30 13:57:00,28179.5,28188.5,28176.75,28185.25,1620
2026-07-30 13:58:00,28185.25,28186.5,28172.25,28178.25,1875
2026-07-30 13:59:00,28178.5,28186.75,28174.5,28177.25,1336
2026-07-30 14:00:00,28177.75,28196.5,28177.75,28191.25,2804
2026-07-30 14:01:00,28191.5,28201.5,28191.25,28198.0,2062
2026-07-30 14:02:00,28198.25,28198.5,28189.0,28193.5,1473
2026-07-30 14:03:00,28193.25,28196.0,28179.25,28182.25,1741
2026-07-30 14:04:00,28182.75,28185.0,28168.0,28169.5,2361
2026-07-30 14:05:00,28169.25,28185.75,28167.5,28178.5,2343
2026-07-30 14:06:00,28178.5,28194.5,28178.5,28193.75,2025
2026-07-30 14:07:00,28193.75,28195.0,28185.25,28185.25,1501
2026-07-30 14:08:00,28185.5,28193.0,28177.0,28192.0,2174
2026-07-30 14:09:00,28192.5,28196.25,28186.75,28192.25,1520
2026-07-30 14:10:00,28192.25,28195.25,28183.25,28191.25,1572
2026-07-30 14:11:00,28190.5,28196.25,28185.0,28196.25,1064
2026-07-30 14:12:00,28196.5,28197.5,28182.5,28195.0,1570
2026-07-30 14:13:00,28194.75,28196.25,28186.5,28195.0,1062
2026-07-30 14:14:00,28195.25,28205.5,28192.25,28200.25,2269
2026-07-30 14:15:00,28200.5,28203.75,28183.25,28187.0,2480
2026-07-30 14:16:00,28186.5,28192.25,28180.75,28182.75,1672
2026-07-30 14:17:00,28183.0,28183.25,28170.75,28177.75,2320
2026-07-30 14:18:00,28177.75,28185.0,28175.0,28177.0,1721
2026-07-30 14:19:00,28177.0,28177.5,28160.0,28168.0,2613
2026-07-30 14:20:00,28167.75,28176.25,28162.25,28172.75,2016
2026-07-30 14:21:00,28172.75,28185.0,28170.25,28182.75,1963
2026-07-30 14:22:00,28183.0,28191.25,28176.5,28189.5,2451
2026-07-30 14:23:00,28189.25,28192.75,28182.0,28185.75,1550
2026-07-30 14:24:00,28185.5,28190.0,28183.25,28184.25,825
2026-07-30 14:25:00,28185.0,28189.25,28180.0,28181.5,1090
2026-07-30 14:26:00,28181.5,28185.25,28174.25,28182.5,1422
2026-07-30 14:27:00,28182.75,28191.25,28179.25,28180.75,1154
2026-07-30 14:28:00,28180.25,28187.5,28173.5,28182.5,1151
2026-07-30 14:29:00,28182.5,28188.0,28179.25,28182.5,892
2026-07-30 14:30:00,28183.5,28198.25,28179.25,28197.0,2180
2026-07-30 14:31:00,28197.0,28199.25,28175.25,28182.0,2559
2026-07-30 14:32:00,28181.75,28184.5,28171.25,28177.5,2054
2026-07-30 14:33:00,28177.75,28186.0,28177.25,28178.75,1237
2026-07-30 14:34:00,28178.5,28180.25,28170.25,28174.75,1690
2026-07-30 14:35:00,28174.5,28176.25,28164.0,28170.75,2143
2026-07-30 14:36:00,28170.75,28172.75,28162.0,28166.5,1409
2026-07-30 14:37:00,28167.25,28170.25,28156.75,28162.75,2320
2026-07-30 14:38:00,28162.75,28176.25,28156.5,28158.0,2196
2026-07-30 14:39:00,28158.0,28160.25,28147.75,28158.0,3699
2026-07-30 14:40:00,28158.25,28170.75,28154.25,28169.25,2750
2026-07-30 14:41:00,28170.0,28170.25,28153.25,28154.25,1971
2026-07-30 14:42:00,28154.25,28165.5,28150.5,28153.25,2147
2026-07-30 14:43:00,28153.5,28163.0,28153.0,28160.5,1324
2026-07-30 14:44:00,28160.5,28170.5,28154.75,28167.25,1759
2026-07-30 14:45:00,28167.0,28174.25,28166.0,28171.75,1826
2026-07-30 14:46:00,28172.5,28187.25,28169.75,28183.5,2522
2026-07-30 14:47:00,28183.5,28189.75,28180.75,28183.5,1884
2026-07-30 14:48:00,28183.5,28187.25,28175.5,28176.75,2032
2026-07-30 14:49:00,28176.25,28180.0,28173.0,28179.0,1166
2026-07-30 14:50:00,28178.5,28186.25,28172.5,28173.5,1805
2026-07-30 14:51:00,28174.0,28176.75,28164.25,28169.25,1878
2026-07-30 14:52:00,28169.5,28177.5,28166.25,28169.0,1231
2026-07-30 14:53:00,28169.0,28175.5,28164.0,28168.0,1442
2026-07-30 14:54:00,28167.75,28173.0,28162.75,28164.25,966
2026-07-30 14:55:00,28164.0,28170.5,28162.25,28162.75,1184
2026-07-30 14:56:00,28162.5,28168.75,28154.5,28167.5,1937
2026-07-30 14:57:00,28168.0,28172.25,28160.75,28166.25,1237
2026-07-30 14:58:00,28166.25,28173.0,28162.25,28169.5,1120
2026-07-30 14:59:00,28169.75,28186.5,28169.25,28181.25,2634
2026-07-30 15:00:00,28181.0,28195.75,28180.0,28195.0,3560
2026-07-30 15:01:00,28195.5,28200.75,28190.0,28195.0,2403
2026-07-30 15:02:00,28194.5,28212.0,28194.0,28201.75,3813
2026-07-30 15:03:00,28201.0,28202.75,28192.5,28192.5,1680
2026-07-30 15:04:00,28192.75,28202.5,28190.75,28198.75,1627
2026-07-30 15:05:00,28198.75,28204.25,28195.0,28200.25,1392
2026-07-30 15:06:00,28200.5,28220.0,28197.0,28219.0,2901
2026-07-30 15:07:00,28219.75,28238.75,28219.25,28235.5,4863
2026-07-30 15:08:00,28235.5,28243.5,28233.25,28242.75,2925
2026-07-30 15:09:00,28242.75,28255.5,28241.75,28254.0,4849
2026-07-30 15:10:00,28254.0,28280.75,28252.5,28277.25,7027
2026-07-30 15:11:00,28277.0,28285.75,28272.5,28273.0,3687
2026-07-30 15:12:00,28273.0,28295.75,28272.75,28291.0,3664
2026-07-30 15:13:00,28291.0,28293.5,28279.5,28282.75,2588
2026-07-30 15:14:00,28282.75,28284.5,28274.0,28274.5,2257
2026-07-30 15:15:00,28273.75,28281.0,28262.0,28265.25,3669
2026-07-30 15:16:00,28264.75,28287.5,28263.5,28287.25,2747
2026-07-30 15:17:00,28287.5,28292.5,28282.75,28285.25,2028
2026-07-30 15:18:00,28285.75,28298.0,28283.75,28295.0,2732
2026-07-30 15:19:00,28295.5,28296.0,28282.0,28286.0,2400
2026-07-30 15:20:00,28286.0,28287.75,28275.25,28276.0,2151
2026-07-30 15:21:00,28275.75,28279.5,28268.0,28268.0,2342
2026-07-30 15:22:00,28268.75,28273.5,28257.25,28263.75,3422
2026-07-30 15:23:00,28264.5,28271.25,28260.0,28270.25,2124
2026-07-30 15:24:00,28270.5,28273.75,28263.25,28263.5,1761
2026-07-30 15:25:00,28264.0,28272.0,28258.75,28261.0,2313
2026-07-30 15:26:00,28261.0,28270.25,28254.5,28267.75,2185
2026-07-30 15:27:00,28267.75,28270.0,28259.0,28263.75,1410
2026-07-30 15:28:00,28263.25,28266.75,28254.75,28257.5,1529
2026-07-30 15:29:00,28257.75,28258.25,28241.5,28243.75,3472
2026-07-30 15:30:00,28243.75,28255.0,28241.0,28252.5,3198
2026-07-30 15:31:00,28253.0,28254.25,28235.5,28247.5,2948
2026-07-30 15:32:00,28247.5,28251.0,28236.0,28239.25,2239
2026-07-30 15:33:00,28239.5,28249.0,28239.5,28248.0,1844
2026-07-30 15:34:00,28248.25,28258.25,28238.0,28243.25,3056
2026-07-30 15:35:00,28243.0,28246.0,28231.25,28232.25,2322
2026-07-30 15:36:00,28232.25,28233.0,28219.5,28220.25,3390
2026-07-30 15:37:00,28220.75,28237.5,28220.0,28229.0,2773
2026-07-30 15:38:00,28229.0,28247.75,28228.0,28235.5,2876
2026-07-30 15:39:00,28235.75,28243.5,28235.75,28238.5,1434
2026-07-30 15:40:00,28238.75,28241.25,28227.75,28233.25,2592
2026-07-30 15:41:00,28233.25,28240.0,28228.75,28233.75,1539
2026-07-30 15:42:00,28233.0,28233.75,28221.0,28229.5,2155
2026-07-30 15:43:00,28229.0,28242.0,28225.0,28235.75,2262
2026-07-30 15:44:00,28235.5,28239.0,28231.5,28232.5,1773
2026-07-30 15:45:00,28232.5,28245.5,28227.75,28239.25,2981
2026-07-30 15:46:00,28239.5,28243.0,28232.25,28232.5,2041
2026-07-30 15:47:00,28232.75,28241.0,28224.0,28233.75,2585
2026-07-30 15:48:00,28234.25,28234.75,28222.0,28222.0,2011
2026-07-30 15:49:00,28221.75,28236.5,28215.0,28235.25,3304
2026-07-30 15:50:00,28235.5,28243.5,28218.25,28221.25,4979
2026-07-30 15:51:00,28220.5,28227.0,28206.25,28219.5,4232
2026-07-30 15:52:00,28219.75,28228.25,28214.0,28225.0,2865
2026-07-30 15:53:00,28225.25,28233.25,28208.25,28210.0,4433
2026-07-30 15:54:00,28209.75,28241.5,28207.75,28224.5,5336
2026-07-30 15:55:00,28224.25,28226.25,28202.25,28213.75,5055
2026-07-30 15:56:00,28214.25,28238.0,28211.5,28229.0,3920
2026-07-30 15:57:00,28228.75,28235.5,28224.5,28234.25,2690
2026-07-30 15:58:00,28234.5,28247.0,28230.0,28240.0,3827
2026-07-30 15:59:00,28240.0,28263.0,28211.75,28230.25,15337
2026-07-30 16:00:00,28230.75,28242.0,28203.75,28221.75,7095
2026-07-30 16:01:00,28218.75,28365.5,28215.5,28332.75,8754
2026-07-30 16:02:00,28332.75,28337.75,28302.5,28331.25,3875
2026-07-30 16:03:00,28331.0,28339.25,28308.0,28309.75,3049
2026-07-30 16:04:00,28310.25,28337.75,28292.0,28336.75,3198
2026-07-30 16:05:00,28336.75,28336.75,28309.0,28316.25,2266
2026-07-30 16:06:00,28315.75,28324.5,28302.5,28306.5,2176
2026-07-30 16:07:00,28306.0,28330.5,28302.0,28318.0,1966
2026-07-30 16:08:00,28316.5,28330.5,28309.25,28310.5,1785
2026-07-30 16:09:00,28310.5,28312.0,28297.5,28301.5,1871
2026-07-30 16:10:00,28300.75,28311.5,28291.5,28304.0,2145
2026-07-30 16:11:00,28303.75,28311.75,28283.25,28288.0,2269
2026-07-30 16:12:00,28287.25,28318.75,28286.0,28316.25,2284
2026-07-30 16:13:00,28317.5,28327.0,28313.0,28322.5,1408
2026-07-30 16:14:00,28323.5,28330.25,28320.5,28325.0,1288
2026-07-30 16:15:00,28324.0,28346.75,28322.25,28346.25,2060
2026-07-30 16:16:00,28346.25,28351.5,28338.25,28341.0,1580
2026-07-30 16:17:00,28341.0,28344.5,28326.25,28331.5,1860
2026-07-30 16:18:00,28332.25,28345.0,28324.25,28345.0,1660
2026-07-30 16:19:00,28344.75,28356.5,28342.25,28355.5,1411
2026-07-30 16:20:00,28355.25,28369.0,28352.25,28357.25,1566
2026-07-30 16:21:00,28356.5,28356.5,28339.25,28341.0,1530
2026-07-30 16:22:00,28341.0,28359.75,28340.0,28353.75,905
2026-07-30 16:23:00,28354.0,28365.25,28351.5,28359.0,955
2026-07-30 16:24:00,28360.75,28364.75,28351.75,28360.25,672
2026-07-30 16:25:00,28360.5,28363.75,28350.5,28358.5,641
2026-07-30 16:26:00,28357.75,28366.0,28356.25,28360.75,763
2026-07-30 16:27:00,28360.5,28363.75,28345.5,28348.75,746
2026-07-30 16:28:00,28348.25,28363.0,28346.5,28360.0,789
2026-07-30 16:29:00,28359.25,28367.5,28355.75,28364.75,739
2026-07-30 16:30:00,28365.5,28410.0,28311.0,28318.25,5374
2026-07-30 16:31:00,28319.25,28341.25,28316.5,28326.0,2183
2026-07-30 16:32:00,28327.25,28356.5,28321.75,28355.0,1671
2026-07-30 16:33:00,28355.75,28370.0,28346.75,28357.5,1664
2026-07-30 16:34:00,28357.0,28364.0,28353.0,28359.0,783
2026-07-30 16:35:00,28357.75,28359.25,28330.5,28335.5,1111
2026-07-30 16:36:00,28335.75,28338.75,28326.75,28336.0,819
2026-07-30 16:37:00,28335.75,28342.5,28325.0,28340.5,844
2026-07-30 16:38:00,28341.0,28350.75,28330.75,28348.25,795
2026-07-30 16:39:00,28349.25,28351.5,28338.25,28344.75,605
2026-07-30 16:40:00,28344.25,28345.5,28330.25,28334.5,798
2026-07-30 16:41:00,28334.75,28340.25,28322.75,28337.5,850
2026-07-30 16:42:00,28338.0,28355.5,28336.25,28354.25,1221
2026-07-30 16:43:00,28354.25,28360.0,28348.75,28353.0,632
2026-07-30 16:44:00,28353.0,28363.5,28348.75,28361.0,1020
2026-07-30 16:45:00,28361.0,28363.75,28348.5,28350.25,793
2026-07-30 16:46:00,28350.75,28352.75,28343.25,28345.75,636
2026-07-30 16:47:00,28344.75,28346.5,28340.0,28344.0,571
2026-07-30 16:48:00,28344.0,28346.5,28339.75,28342.25,480
2026-07-30 16:49:00,28341.5,28348.5,28337.75,28342.5,520
2026-07-30 16:50:00,28344.0,28347.25,28329.5,28331.75,625
2026-07-30 16:51:00,28331.5,28340.75,28330.75,28336.75,636
2026-07-30 16:52:00,28337.75,28340.5,28325.75,28330.5,623
2026-07-30 16:53:00,28330.5,28337.0,28329.0,28334.0,778
2026-07-30 16:54:00,28333.75,28336.5,28325.5,28334.0,644
2026-07-30 16:55:00,28335.5,28342.0,28333.75,28337.5,491
2026-07-30 16:56:00,28336.5,28337.25,28327.5,28333.5,396
2026-07-30 16:57:00,28332.75,28334.0,28327.0,28328.75,420
2026-07-30 16:58:00,28328.75,28340.75,28328.0,28336.75,383
2026-07-30 16:59:00,28336.75,28338.0,28323.25,28333.5,485
2026-07-30 18:00:00,28317.25,28355.25,28304.25,28344.75,0
2026-07-30 18:01:00,28344.25,28397.0,28336.25,28393.25,2865
2026-07-30 18:02:00,28393.75,28416.5,28378.25,28404.5,2468
2026-07-30 18:03:00,28403.5,28413.5,28394.25,28406.5,1579
2026-07-30 18:04:00,28406.0,28410.0,28398.75,28404.5,922
2026-07-30 18:05:00,28404.5,28406.75,28381.5,28395.25,1343
2026-07-30 18:06:00,28394.75,28395.75,28377.5,28381.0,946
2026-07-30 18:07:00,28380.25,28390.0,28377.75,28390.0,854
2026-07-30 18:08:00,28388.75,28392.0,28375.0,28385.5,714
2026-07-30 18:09:00,28385.5,28400.0,28384.75,28399.0,1062
2026-07-30 18:10:00,28398.25,28410.0,28394.0,28403.75,1133
2026-07-30 18:11:00,28403.75,28408.75,28397.25,28403.75,887
2026-07-30 18:12:00,28402.75,28403.25,28380.75,28390.5,1157
2026-07-30 18:13:00,28389.75,28392.0,28377.75,28379.75,749
2026-07-30 18:14:00,28379.0,28388.5,28376.5,28385.0,724
2026-07-30 18:15:00,28384.25,28397.0,28383.0,28393.25,701
2026-07-30 18:16:00,28393.0,28406.5,28392.0,28403.0,986
2026-07-30 18:17:00,28402.25,28407.0,28398.0,28403.0,660
2026-07-30 18:18:00,28403.0,28403.75,28381.5,28386.75,1043
2026-07-30 18:19:00,28386.0,28395.0,28383.25,28389.0,744
2026-07-30 18:20:00,28388.25,28391.75,28379.0,28381.0,752
2026-07-30 18:21:00,28380.25,28382.75,28370.5,28372.0,1170
2026-07-30 18:22:00,28371.5,28378.0,28369.0,28373.5,779
2026-07-30 18:23:00,28373.25,28375.0,28352.75,28360.75,1438
2026-07-30 18:24:00,28360.0,28363.5,28357.0,28358.0,601
2026-07-30 18:25:00,28357.5,28378.5,28357.5,28370.75,1266
2026-07-30 18:26:00,28370.0,28372.0,28355.75,28356.25,1004
2026-07-30 18:27:00,28357.75,28360.5,28350.0,28350.75,1021
2026-07-30 18:28:00,28352.0,28363.5,28351.25,28361.75,719
2026-07-30 18:29:00,28361.75,28362.0,28351.5,28354.25,475
2026-07-30 18:30:00,28352.75,28356.5,28350.5,28351.25,600
2026-07-30 18:31:00,28351.25,28351.75,28334.0,28338.5,1269
2026-07-30 18:32:00,28338.5,28341.5,28332.0,28336.25,1079
2026-07-30 18:33:00,28336.5,28355.75,28335.75,28348.0,1084
2026-07-30 18:34:00,28347.25,28368.0,28346.75,28365.5,1270
2026-07-30 18:35:00,28364.25,28374.75,28356.75,28370.0,1262
2026-07-30 18:36:00,28369.75,28377.5,28366.5,28374.75,872
2026-07-30 18:37:00,28374.75,28386.75,28371.5,28384.0,1129
2026-07-30 18:38:00,28384.0,28389.0,28380.25,28384.25,729
2026-07-30 18:39:00,28384.75,28389.0,28361.0,28385.5,1177
2026-07-30 18:40:00,28384.0,28388.5,28380.0,28386.25,642
2026-07-30 18:41:00,28385.25,28386.25,28381.5,28383.25,353
2026-07-30 18:42:00,28383.0,28396.25,28379.75,28392.75,1083
2026-07-30 18:43:00,28392.75,28393.25,28385.0,28390.0,657
2026-07-30 18:44:00,28391.25,28406.0,28391.0,28402.75,1165
2026-07-30 18:45:00,28403.0,28405.5,28395.5,28402.25,755
2026-07-30 18:46:00,28401.75,28405.75,28396.75,28401.5,493
2026-07-30 18:47:00,28400.75,28400.75,28395.5,28397.75,459
2026-07-30 18:48:00,28397.25,28399.0,28392.25,28396.5,581
2026-07-30 18:49:00,28396.0,28399.5,28394.5,28399.25,295
2026-07-30 18:50:00,28399.0,28402.25,28394.25,28401.25,435
2026-07-30 18:51:00,28401.0,28402.0,28388.0,28393.5,659
2026-07-30 18:52:00,28394.0,28400.75,28393.0,28400.5,376
2026-07-30 18:53:00,28400.5,28409.5,28400.5,28408.0,808
2026-07-30 18:54:00,28408.5,28410.0,28400.75,28402.5,647
2026-07-30 18:55:00,28403.25,28407.75,28395.5,28407.0,679
2026-07-30 18:56:00,28406.25,28408.75,28399.5,28400.25,433
2026-07-30 18:57:00,28400.75,28401.75,28395.25,28398.25,352
2026-07-30 18:58:00,28397.25,28399.75,28392.0,28397.0,531
2026-07-30 18:59:00,28397.0,28400.5,28394.25,28394.25,322
2026-07-30 19:00:00,28393.25,28406.75,28391.75,28395.5,861
2026-07-30 19:01:00,28395.0,28423.75,28395.0,28422.5,1484
2026-07-30 19:02:00,28422.5,28423.25,28411.0,28416.5,1184
2026-07-30 19:03:00,28417.25,28425.5,28411.75,28423.0,982
2026-07-30 19:04:00,28423.75,28423.75,28416.0,28416.5,772
2026-07-30 19:05:00,28417.5,28422.25,28412.75,28415.75,699
2026-07-30 19:06:00,28416.0,28419.75,28413.5,28416.25,503
2026-07-30 19:07:00,28417.25,28418.5,28413.25,28415.75,285
2026-07-30 19:08:00,28415.0,28415.5,28405.75,28408.75,621
2026-07-30 19:09:00,28408.25,28412.5,28393.5,28395.25,1194
2026-07-30 19:10:00,28394.5,28398.5,28380.75,28383.25,1720
2026-07-30 19:11:00,28384.25,28385.75,28377.0,28380.75,1175
2026-07-30 19:12:00,28380.75,28389.75,28380.0,28383.0,838
2026-07-30 19:13:00,28383.25,28388.25,28381.0,28386.75,796
2026-07-30 19:14:00,28386.75,28388.25,28383.75,28384.25,333
2026-07-30 19:15:00,28384.0,28387.75,28383.5,28385.0,382
2026-07-30 19:16:00,28385.0,28385.5,28375.0,28377.5,827
2026-07-30 19:17:00,28377.75,28382.0,28373.5,28378.5,732
2026-07-30 19:18:00,28378.5,28379.75,28373.5,28376.75,644
2026-07-30 19:19:00,28377.0,28379.5,28375.0,28376.0,273
2026-07-30 19:20:00,28375.5,28377.75,28373.25,28376.75,628
2026-07-30 19:21:00,28376.0,28379.0,28361.25,28365.5,930
2026-07-30 19:22:00,28367.0,28373.0,28364.25,28373.0,675
2026-07-30 19:23:00,28373.0,28374.0,28368.5,28371.0,398
2026-07-30 19:24:00,28370.75,28371.5,28367.75,28370.5,363
2026-07-30 19:25:00,28370.5,28396.0,28369.75,28385.75,1658
2026-07-30 19:26:00,28385.25,28391.5,28377.5,28383.25,920
2026-07-30 19:27:00,28382.75,28385.25,28380.0,28380.75,362
2026-07-30 19:28:00,28380.75,28382.75,28373.75,28375.25,745
2026-07-30 19:29:00,28375.5,28384.25,28369.75,28378.25,905
2026-07-30 19:30:00,28379.25,28380.25,28366.0,28376.5,835
2026-07-30 19:31:00,28376.0,28389.25,28371.5,28376.5,852
2026-07-30 19:32:00,28377.5,28387.0,28357.75,28385.75,1678
2026-07-30 19:33:00,28385.75,28387.75,28373.75,28387.25,705
2026-07-30 19:34:00,28387.75,28388.0,28378.75,28384.0,591
2026-07-30 19:35:00,28384.0,28387.0,28380.5,28385.25,428
2026-07-30 19:36:00,28385.5,28386.75,28380.75,28384.5,389
2026-07-30 19:37:00,28383.75,28384.75,28377.0,28381.5,461
2026-07-30 19:38:00,28381.25,28387.0,28375.0,28380.75,430
2026-07-30 19:39:00,28380.75,28399.5,28380.75,28393.5,1108
2026-07-30 19:40:00,28393.5,28399.5,28393.25,28394.0,704
2026-07-30 19:41:00,28393.75,28422.0,28392.5,28409.75,2299
2026-07-30 19:42:00,28409.25,28414.5,28398.25,28400.25,1053
2026-07-30 19:43:00,28400.5,28406.25,28396.5,28405.75,777
2026-07-30 19:44:00,28404.0,28408.25,28399.5,28406.0,524
2026-07-30 19:45:00,28406.25,28412.0,28398.0,28411.0,1093
2026-07-30 19:46:00,28411.0,28420.25,28405.5,28418.0,1354
2026-07-30 19:47:00,28418.5,28425.5,28414.0,28414.25,1459
2026-07-30 19:48:00,28415.25,28418.25,28409.25,28414.5,820
2026-07-30 19:49:00,28412.0,28421.75,28412.0,28419.25,650
2026-07-30 19:50:00,28418.25,28419.0,28391.5,28392.5,1442
2026-07-30 19:51:00,28392.75,28423.5,28391.25,28420.5,1547
2026-07-30 19:52:00,28421.5,28440.0,28420.5,28434.75,2204
2026-07-30 19:53:00,28434.75,28434.75,28426.25,28427.75,1039
2026-07-30 19:54:00,28427.75,28435.5,28424.0,28433.75,765
2026-07-30 19:55:00,28433.0,28445.75,28433.0,28440.5,1253
2026-07-30 19:56:00,28440.0,28443.75,28435.75,28442.0,746
2026-07-30 19:57:00,28442.75,28443.75,28438.75,28440.75,504
2026-07-30 19:58:00,28440.75,28444.75,28427.0,28428.25,1059
2026-07-30 19:59:00,28427.5,28431.75,28421.75,28423.5,1080
2026-07-30 20:00:00,28422.0,28426.5,28410.25,28419.0,2315
2026-07-30 20:01:00,28419.25,28421.0,28397.5,28397.75,1735
2026-07-30 20:02:00,28398.5,28416.0,28395.0,28407.25,1764
2026-07-30 20:03:00,28408.0,28439.0,28406.75,28438.75,2815
2026-07-30 20:04:00,28438.25,28444.0,28431.0,28432.25,1609
2026-07-30 20:05:00,28432.25,28442.5,28424.75,28442.0,1654
2026-07-30 20:06:00,28442.5,28454.25,28429.5,28434.75,3036
2026-07-30 20:07:00,28434.0,28443.5,28427.25,28442.0,1231
2026-07-30 20:08:00,28442.5,28457.75,28437.5,28447.5,2140
2026-07-30 20:09:00,28447.5,28456.25,28441.0,28442.0,1552
2026-07-30 20:10:00,28442.75,28449.0,28430.25,28442.5,1373
2026-07-30 20:11:00,28442.5,28453.25,28440.5,28451.75,1638
2026-07-30 20:12:00,28451.75,28454.5,28443.75,28452.0,1212
2026-07-30 20:13:00,28451.0,28461.25,28449.5,28456.75,1863
2026-07-30 20:14:00,28457.25,28476.25,28456.75,28468.0,2809
2026-07-30 20:15:00,28467.5,28478.0,28465.75,28473.0,1657
2026-07-30 20:16:00,28472.0,28472.75,28449.75,28456.0,2498
2026-07-30 20:17:00,28456.75,28461.25,28448.5,28451.5,1002
2026-07-30 20:18:00,28450.75,28463.0,28447.0,28460.5,895
2026-07-30 20:19:00,28460.25,28480.25,28459.75,28477.75,1923
2026-07-30 20:20:00,28478.25,28488.25,28472.5,28482.75,1762
2026-07-30 20:21:00,28481.25,28485.0,28457.0,28457.75,1809
2026-07-30 20:22:00,28456.75,28466.0,28453.25,28461.5,1462
2026-07-30 20:23:00,28462.5,28475.5,28460.5,28474.0,1162
2026-07-30 20:24:00,28474.0,28480.75,28465.25,28473.5,1183
2026-07-30 20:25:00,28473.25,28474.0,28465.5,28470.5,733
2026-07-30 20:26:00,28469.75,28476.75,28467.25,28469.5,485
2026-07-30 20:27:00,28469.25,28473.75,28463.75,28470.75,780
2026-07-30 20:28:00,28470.0,28476.25,28463.75,28471.75,726
2026-07-30 20:29:00,28471.75,28483.0,28465.75,28483.0,985
2026-07-30 20:30:00,28481.75,28495.25,28480.5,28494.75,1586
2026-07-30 20:31:00,28495.0,28502.5,28489.75,28491.25,2251
2026-07-30 20:32:00,28491.75,28500.75,28488.75,28499.25,867
2026-07-30 20:33:00,28498.75,28508.25,28495.0,28506.0,1440
2026-07-30 20:34:00,28506.75,28510.0,28503.0,28505.5,1031
2026-07-30 20:35:00,28505.75,28508.75,28503.25,28507.5,1007
2026-07-30 20:36:00,28507.75,28507.75,28490.25,28495.0,1552
2026-07-30 20:37:00,28495.25,28502.5,28491.25,28497.25,833
2026-07-30 20:38:00,28496.25,28507.25,28493.5,28500.75,995
2026-07-30 20:39:00,28500.75,28503.5,28489.5,28494.75,970
2026-07-30 20:40:00,28494.75,28498.0,28483.75,28485.25,1040
2026-07-30 20:41:00,28485.25,28492.75,28482.0,28485.75,999
2026-07-30 20:42:00,28485.25,28497.0,28484.0,28490.0,876
2026-07-30 20:43:00,28490.0,28496.5,28483.5,28495.0,761
2026-07-30 20:44:00,28495.5,28499.5,28489.25,28499.5,655
2026-07-30 20:45:00,28499.0,28502.25,28492.25,28493.5,718
2026-07-30 20:46:00,28492.75,28492.75,28470.5,28475.25,2056
2026-07-30 20:47:00,28476.0,28482.25,28470.0,28480.75,1205
2026-07-30 20:48:00,28480.75,28484.5,28473.75,28484.25,749
2026-07-30 20:49:00,28483.75,28484.5,28468.5,28473.0,829
2026-07-30 20:50:00,28472.75,28485.0,28471.75,28481.0,835
2026-07-30 20:51:00,28481.25,28488.0,28477.0,28482.5,721
2026-07-30 20:52:00,28482.5,28493.0,28481.0,28490.0,787
2026-07-30 20:53:00,28490.25,28493.0,28484.5,28487.5,613
2026-07-30 20:54:00,28487.75,28490.75,28479.5,28481.75,566
2026-07-30 20:55:00,28482.0,28496.75,28480.0,28495.75,794
2026-07-30 20:56:00,28495.0,28500.75,28493.25,28500.25,923
2026-07-30 20:57:00,28500.25,28504.75,28496.5,28503.0,829
2026-07-30 20:58:00,28502.25,28515.75,28502.25,28514.0,1539
2026-07-30 20:59:00,28514.0,28525.0,28514.0,28522.0,1623
2026-07-30 21:00:00,28522.75,28537.5,28522.75,28534.0,2637
2026-07-30 21:01:00,28534.0,28548.0,28532.75,28546.75,2137
2026-07-30 21:02:00,28547.0,28552.25,28543.5,28545.0,1576
2026-07-30 21:03:00,28545.0,28547.75,28540.25,28543.0,1058
2026-07-30 21:04:00,28542.25,28550.0,28541.25,28548.75,915
2026-07-30 21:05:00,28549.0,28560.0,28545.25,28558.0,1624
2026-07-30 21:06:00,28557.75,28567.75,28557.75,28565.25,2071
2026-07-30 21:07:00,28565.0,28570.0,28561.5,28562.5,1333
2026-07-30 21:08:00,28561.75,28565.5,28559.25,28564.75,1020
2026-07-30 21:09:00,28564.25,28569.25,28562.25,28566.5,907
2026-07-30 21:10:00,28566.25,28568.5,28561.75,28562.5,731
2026-07-30 21:11:00,28562.0,28567.25,28558.0,28559.5,1194
2026-07-30 21:12:00,28559.5,28563.75,28555.5,28562.25,1051
2026-07-30 21:13:00,28561.75,28564.5,28559.0,28561.5,526
2026-07-30 21:14:00,28561.25,28563.25,28555.0,28561.0,739
2026-07-30 21:15:00,28560.25,28580.0,28558.0,28569.75,1639
2026-07-30 21:16:00,28569.0,28572.5,28563.25,28565.75,972
2026-07-30 21:17:00,28565.75,28570.75,28562.5,28565.5,629
2026-07-30 21:18:00,28566.25,28572.0,28557.5,28558.25,822
2026-07-30 21:19:00,28559.0,28563.25,28558.0,28560.25,503
2026-07-30 21:20:00,28559.75,28571.75,28557.5,28569.0,914
2026-07-30 21:21:00,28569.5,28571.5,28565.75,28569.25,682
2026-07-30 21:22:00,28569.25,28570.0,28566.75,28569.75,379
2026-07-30 21:23:00,28569.75,28572.5,28557.75,28558.5,894
2026-07-30 21:24:00,28558.5,28559.0,28547.5,28555.25,1424
2026-07-30 21:25:00,28555.0,28568.0,28554.0,28564.75,900
2026-07-30 21:26:00,28565.0,28571.25,28564.25,28568.5,753
2026-07-30 21:27:00,28568.25,28570.75,28556.0,28556.25,895
2026-07-30 21:28:00,28557.0,28558.75,28548.5,28552.5,641
2026-07-30 21:29:00,28552.5,28553.0,28542.75,28550.0,982
2026-07-30 21:30:00,28549.5,28559.25,28543.5,28551.5,1160
2026-07-30 21:31:00,28550.0,28551.75,28536.5,28537.0,1342
2026-07-30 21:32:00,28536.75,28537.5,28525.25,28531.75,2236
2026-07-30 21:33:00,28532.5,28540.5,28530.5,28539.25,917
2026-07-30 21:34:00,28539.25,28542.0,28525.0,28536.5,1341
2026-07-30 21:35:00,28536.75,28537.5,28518.5,28523.25,1510
2026-07-30 21:36:00,28522.0,28522.5,28515.25,28517.25,1507
2026-07-30 21:37:00,28517.75,28518.25,28500.0,28511.75,2565
2026-07-30 21:38:00,28512.0,28512.5,28501.0,28506.75,977
2026-07-30 21:39:00,28507.0,28511.5,28502.0,28508.0,909
2026-07-30 21:40:00,28508.25,28512.5,28490.5,28501.25,1855
2026-07-30 21:41:00,28500.75,28508.25,28496.25,28497.5,995
2026-07-30 21:42:00,28497.75,28510.0,28497.5,28507.0,801
2026-07-30 21:43:00,28506.75,28508.25,28490.75,28495.5,1042
2026-07-30 21:44:00,28496.25,28498.0,28488.5,28497.5,981
2026-07-30 21:45:00,28498.0,28500.25,28489.25,28490.0,911
2026-07-30 21:46:00,28489.75,28492.5,28480.75,28483.25,1385
2026-07-30 21:47:00,28483.25,28485.25,28465.0,28469.75,2135
2026-07-30 21:48:00,28470.0,28484.0,28466.25,28471.25,1808
2026-07-30 21:49:00,28471.0,28483.0,28466.5,28467.75,973
2026-07-30 21:50:00,28468.25,28471.0,28455.0,28460.25,2100
2026-07-30 21:51:00,28460.0,28474.5,28456.5,28468.25,1837
2026-07-30 21:52:00,28468.5,28487.0,28467.5,28480.5,1727
2026-07-30 21:53:00,28480.75,28482.75,28471.5,28472.0,825
2026-07-30 21:54:00,28472.0,28473.25,28458.5,28466.25,1325
2026-07-30 21:55:00,28466.5,28471.5,28458.5,28470.0,1009
2026-07-30 21:56:00,28470.5,28485.25,28468.25,28481.0,1360
2026-07-30 21:57:00,28481.5,28481.5,28469.75,28479.0,708
2026-07-30 21:58:00,28479.75,28480.25,28471.25,28471.5,584
2026-07-30 21:59:00,28471.0,28478.75,28466.75,28476.75,607
2026-07-30 22:00:00,28477.75,28499.0,28475.5,28495.5,2089
2026-07-30 22:01:00,28495.25,28499.75,28481.75,28483.5,1182
2026-07-30 22:02:00,28482.75,28485.5,28465.5,28466.25,1631
2026-07-30 22:03:00,28466.25,28471.25,28452.0,28453.0,1929
2026-07-30 22:04:00,28452.75,28457.25,28444.0,28446.25,2019
2026-07-30 22:05:00,28447.0,28459.0,28441.25,28454.75,1480
2026-07-30 22:06:00,28454.5,28474.0,28452.25,28463.0,1942
2026-07-30 22:07:00,28463.75,28476.5,28458.5,28459.75,1015
2026-07-30 22:08:00,28460.0,28466.0,28457.25,28460.75,707
2026-07-30 22:09:00,28460.0,28473.75,28457.0,28471.5,842
2026-07-30 22:10:00,28472.0,28472.5,28453.0,28457.5,1095
2026-07-30 22:11:00,28457.75,28461.5,28446.25,28449.0,1008
2026-07-30 22:12:00,28447.75,28454.5,28438.0,28452.25,1461
2026-07-30 22:13:00,28452.75,28455.25,28444.5,28449.0,815
2026-07-30 22:14:00,28449.25,28450.5,28433.0,28437.25,1290
2026-07-30 22:15:00,28437.75,28439.0,28422.5,28425.75,2079
2026-07-30 22:16:00,28425.75,28427.5,28415.25,28420.5,1646
2026-07-30 22:17:00,28420.75,28422.0,28410.5,28413.75,1521
2026-07-30 22:18:00,28414.0,28423.75,28410.0,28423.75,1439
2026-07-30 22:19:00,28422.5,28423.0,28401.5,28406.25,2069
2026-07-30 22:20:00,28406.5,28419.75,28405.5,28409.25,1379
2026-07-30 22:21:00,28410.0,28428.5,28407.25,28427.25,1439
2026-07-30 22:22:00,28427.0,28428.5,28414.25,28415.75,871
2026-07-30 22:23:00,28416.75,28421.25,28411.75,28419.5,762
2026-07-30 22:24:00,28419.0,28422.25,28400.5,28409.25,1300
2026-07-30 22:25:00,28409.75,28416.0,28404.25,28411.75,826
2026-07-30 22:26:00,28412.25,28417.5,28410.5,28415.25,500
2026-07-30 22:27:00,28415.5,28427.5,28414.75,28420.0,1049
2026-07-30 22:28:00,28421.0,28426.0,28418.0,28421.25,404
2026-07-30 22:29:00,28421.5,28427.0,28415.25,28422.25,704
2026-07-30 22:30:00,28422.5,28425.25,28407.5,28422.0,1047
2026-07-30 22:31:00,28422.25,28430.0,28419.5,28421.0,979
2026-07-30 22:32:00,28421.0,28427.75,28420.0,28426.5,481
2026-07-30 22:33:00,28426.25,28433.5,28420.5,28430.0,672
2026-07-30 22:34:00,28430.5,28432.5,28419.75,28421.0,691
2026-07-30 22:35:00,28421.0,28422.0,28411.25,28412.0,792
2026-07-30 22:36:00,28412.5,28414.25,28406.75,28411.5,758
2026-07-30 22:37:00,28411.75,28412.5,28389.75,28393.0,1899
2026-07-30 22:38:00,28393.5,28417.5,28392.75,28416.0,1408
2026-07-30 22:39:00,28416.5,28417.25,28407.25,28410.25,713
2026-07-30 22:40:00,28410.25,28422.5,28410.0,28420.25,1005
2026-07-30 22:41:00,28419.0,28421.5,28413.75,28414.5,569
2026-07-30 22:42:00,28415.0,28417.75,28401.75,28404.5,1078
2026-07-30 22:43:00,28404.5,28414.5,28402.0,28411.25,516
2026-07-30 22:44:00,28412.25,28422.0,28408.0,28420.75,706
2026-07-30 22:45:00,28420.0,28432.0,28420.0,28430.75,1383
2026-07-30 22:46:00,28430.5,28438.5,28428.5,28429.75,1370
2026-07-30 22:47:00,28428.5,28432.0,28423.75,28431.25,661
2026-07-30 22:48:00,28429.75,28433.5,28420.0,28421.75,794
2026-07-30 22:49:00,28420.75,28421.5,28401.25,28406.75,1456
2026-07-30 22:50:00,28406.0,28410.5,28397.75,28409.5,1112
2026-07-30 22:51:00,28409.75,28418.0,28404.5,28412.75,993
2026-07-30 22:52:00,28412.5,28420.25,28408.75,28419.75,895
2026-07-30 22:53:00,28419.25,28423.0,28413.75,28416.25,699
2026-07-30 22:54:00,28416.75,28420.25,28411.75,28413.5,549
2026-07-30 22:55:00,28412.75,28426.75,28410.25,28426.0,681
2026-07-30 22:56:00,28426.5,28428.5,28414.5,28423.0,899
2026-07-30 22:57:00,28423.0,28433.75,28419.75,28432.5,756
2026-07-30 22:58:00,28432.5,28436.25,28426.25,28426.75,866
2026-07-30 22:59:00,28426.5,28432.75,28423.5,28432.25,568
2026-07-30 23:00:00,28431.5,28432.5,28420.0,28425.25,883
2026-07-30 23:01:00,28425.0,28428.25,28410.0,28425.0,1375
2026-07-30 23:02:00,28425.5,28431.25,28417.25,28424.5,836
2026-07-30 23:03:00,28426.25,28430.25,28421.75,28429.5,428
2026-07-30 23:04:00,28429.5,28433.25,28425.5,28426.75,667
2026-07-30 23:05:00,28426.75,28428.0,28421.75,28427.5,383
2026-07-30 23:06:00,28427.0,28429.0,28421.5,28426.25,469
2026-07-30 23:07:00,28426.25,28429.5,28421.75,28426.75,314
2026-07-30 23:08:00,28427.0,28434.5,28423.75,28429.75,464
2026-07-30 23:09:00,28430.0,28430.25,28424.0,28427.0,300
2026-07-30 23:10:00,28426.0,28428.5,28412.25,28415.75,818
2026-07-30 23:11:00,28416.0,28436.25,28411.5,28425.5,1380
2026-07-30 23:12:00,28425.0,28425.5,28396.0,28409.75,1677
2026-07-30 23:13:00,28409.75,28414.25,28401.25,28404.0,700
2026-07-30 23:14:00,28403.75,28419.75,28397.75,28418.5,1131
2026-07-30 23:15:00,28417.75,28426.5,28416.25,28422.75,871
2026-07-30 23:16:00,28423.0,28445.75,28420.5,28439.25,1503
2026-07-30 23:17:00,28439.75,28448.25,28439.75,28446.25,1245
2026-07-30 23:18:00,28445.75,28448.5,28442.5,28445.25,585
2026-07-30 23:19:00,28445.0,28459.0,28441.75,28455.25,1302
2026-07-30 23:20:00,28455.0,28466.75,28454.5,28463.75,1752
2026-07-30 23:21:00,28463.25,28471.5,28461.5,28467.5,1279
2026-07-30 23:22:00,28467.5,28471.5,28461.75,28462.5,768
2026-07-30 23:23:00,28462.5,28468.25,28451.5,28466.5,1402
2026-07-30 23:24:00,28466.25,28466.75,28452.25,28461.0,760
2026-07-30 23:25:00,28461.75,28465.75,28458.0,28459.75,436
2026-07-30 23:26:00,28460.25,28471.0,28460.0,28469.75,687
2026-07-30 23:27:00,28469.75,28471.5,28464.0,28464.75,633
2026-07-30 23:28:00,28465.25,28476.5,28465.0,28474.25,995
2026-07-30 23:29:00,28474.0,28475.5,28460.5,28464.5,809
2026-07-30 23:30:00,28464.5,28474.5,28459.25,28470.75,818
2026-07-30 23:31:00,28470.25,28478.75,28464.75,28478.25,829
2026-07-30 23:32:00,28476.5,28477.25,28466.75,28474.0,787
2026-07-30 23:33:00,28472.75,28475.25,28462.5,28463.25,946
2026-07-30 23:34:00,28464.75,28466.25,28453.25,28454.75,1480
2026-07-30 23:35:00,28454.0,28463.5,28452.0,28457.75,762
2026-07-30 23:36:00,28457.25,28469.0,28456.75,28462.0,628
2026-07-30 23:37:00,28462.5,28464.5,28456.25,28459.25,470
2026-07-30 23:38:00,28458.25,28465.0,28455.0,28463.75,432
2026-07-30 23:39:00,28463.75,28470.25,28461.5,28465.75,532
2026-07-30 23:40:00,28466.25,28469.0,28455.0,28464.75,633
2026-07-30 23:41:00,28464.25,28466.0,28453.25,28457.75,559
2026-07-30 23:42:00,28459.0,28465.0,28456.25,28462.25,373
2026-07-30 23:43:00,28461.75,28464.5,28457.25,28460.75,264
2026-07-30 23:44:00,28461.0,28463.75,28456.75,28463.0,255
2026-07-30 23:45:00,28462.25,28466.25,28455.25,28458.75,586
2026-07-30 23:46:00,28458.5,28459.5,28445.25,28449.0,1122
2026-07-30 23:47:00,28448.5,28450.75,28435.75,28438.0,1342
2026-07-30 23:48:00,28437.75,28445.25,28431.0,28444.0,1396
2026-07-30 23:49:00,28445.5,28448.25,28427.25,28431.25,1178
2026-07-30 23:50:00,28431.0,28444.75,28428.25,28438.75,881
2026-07-30 23:51:00,28438.75,28449.25,28435.0,28440.25,757
2026-07-30 23:52:00,28440.75,28451.75,28437.0,28450.75,702
2026-07-30 23:53:00,28451.0,28464.75,28449.0,28464.0,1032
2026-07-30 23:54:00,28464.5,28469.0,28462.5,28464.5,924
2026-07-30 23:55:00,28464.5,28470.0,28460.25,28461.25,655
2026-07-30 23:56:00,28461.25,28470.75,28460.0,28466.5,596
2026-07-30 23:57:00,28465.25,28471.0,28464.25,28465.25,406
2026-07-30 23:58:00,28465.5,28468.0,28461.0,28462.25,292
2026-07-31 00:09:00,28458.0,28465.5,28456.5,28462.25,450
2026-07-31 00:10:00,28462.75,28464.0,28457.5,28460.75,429
2026-07-31 00:11:00,28461.5,28462.25,28452.75,28454.0,425
2026-07-31 00:12:00,28454.5,28466.75,28452.0,28461.75,596
2026-07-31 00:13:00,28462.25,28465.25,28454.75,28464.0,361
2026-07-31 00:14:00,28465.0,28467.25,28461.0,28462.5,305
2026-07-31 00:15:00,28463.0,28464.0,28451.75,28456.5,363
2026-07-31 00:16:00,28456.25,28476.25,28455.5,28472.75,716
2026-07-31 00:17:00,28472.0,28472.25,28465.75,28470.75,436
2026-07-31 00:18:00,28470.25,28486.25,28469.75,28483.75,1161
2026-07-31 00:19:00,28483.75,28496.25,28482.75,28493.5,1214
2026-07-31 00:20:00,28493.0,28498.25,28488.75,28497.5,955
2026-07-31 00:21:00,28497.0,28498.75,28484.25,28489.5,837
2026-07-31 00:22:00,28489.25,28494.5,28484.75,28488.25,560
2026-07-31 00:23:00,28487.5,28494.25,28487.5,28493.0,356
2026-07-31 00:24:00,28493.25,28502.25,28489.5,28500.0,581
2026-07-31 00:25:00,28499.75,28501.75,28492.75,28501.0,713
2026-07-31 00:26:00,28501.0,28503.0,28495.0,28498.25,542
2026-07-31 00:27:00,28498.0,28506.0,28496.0,28499.75,556
2026-07-31 00:28:00,28499.25,28512.25,28498.75,28506.5,954
2026-07-31 00:29:00,28506.75,28512.0,28504.5,28511.0,426
2026-07-31 00:30:00,28510.75,28514.0,28510.5,28511.0,514
2026-07-31 00:31:00,28511.25,28514.75,28507.0,28508.25,705
2026-07-31 00:32:00,28508.75,28523.5,28508.0,28521.0,717
2026-07-31 00:33:00,28520.25,28533.5,28520.0,28526.5,1158
2026-07-31 00:34:00,28526.0,28535.0,28525.0,28531.5,625
2026-07-31 00:35:00,28532.0,28533.5,28525.75,28533.25,541
2026-07-31 00:36:00,28534.25,28537.0,28529.75,28531.0,568
2026-07-31 00:37:00,28531.25,28531.25,28520.25,28525.25,799
2026-07-31 00:38:00,28526.5,28531.5,28524.25,28530.0,406
2026-07-31 00:39:00,28530.0,28542.25,28529.25,28541.5,1032
2026-07-31 00:40:00,28541.25,28545.25,28540.75,28541.75,565
2026-07-31 00:41:00,28541.75,28541.75,28535.0,28538.5,623
2026-07-31 00:42:00,28539.0,28545.5,28537.25,28545.25,370
2026-07-31 00:43:00,28545.0,28548.25,28541.75,28544.5,631
2026-07-31 00:44:00,28545.0,28553.0,28545.0,28551.0,934
2026-07-31 00:45:00,28550.75,28557.0,28549.5,28555.0,772
2026-07-31 00:46:00,28553.25,28555.0,28550.5,28552.25,348
2026-07-31 00:47:00,28552.75,28555.0,28544.75,28549.25,618
2026-07-31 00:48:00,28549.0,28550.75,28545.0,28547.0,529
2026-07-31 00:49:00,28547.25,28550.0,28545.25,28546.75,320
2026-07-31 00:50:00,28547.5,28548.75,28537.75,28546.5,948
2026-07-31 00:51:00,28547.25,28547.5,28539.0,28540.0,397
2026-07-31 00:52:00,28540.0,28540.75,28535.5,28539.25,484
2026-07-31 00:53:00,28539.0,28552.0,28536.0,28549.25,761
2026-07-31 00:54:00,28549.5,28552.5,28542.5,28549.25,564
2026-07-31 00:55:00,28548.75,28554.5,28545.25,28551.5,555
2026-07-31 00:56:00,28551.5,28552.0,28547.0,28549.0,236
2026-07-31 00:57:00,28550.5,28553.75,28547.25,28549.25,326
2026-07-31 00:58:00,28549.75,28554.0,28549.25,28552.0,328
2026-07-31 00:59:00,28552.0,28553.0,28548.5,28549.0,232
2026-07-31 01:00:00,28549.25,28557.0,28546.25,28547.25,1085
2026-07-31 01:01:00,28547.5,28552.0,28544.75,28550.0,478
2026-07-31 01:02:00,28549.25,28549.25,28544.0,28544.5,320
2026-07-31 01:03:00,28544.75,28550.25,28543.5,28547.5,487
2026-07-31 01:04:00,28547.5,28549.75,28544.5,28545.75,246
2026-07-31 01:05:00,28545.75,28548.25,28538.25,28545.0,765
2026-07-31 01:06:00,28545.0,28553.25,28543.5,28552.0,572
2026-07-31 01:07:00,28552.75,28561.0,28551.75,28560.0,1001
2026-07-31 01:08:00,28559.25,28564.75,28558.75,28560.0,1118
2026-07-31 01:09:00,28560.0,28565.0,28558.5,28563.5,291
2026-07-31 01:10:00,28563.75,28570.0,28555.75,28559.25,1153
2026-07-31 01:11:00,28558.25,28558.75,28548.25,28549.25,669
2026-07-31 01:12:00,28549.75,28552.5,28545.25,28552.5,576
2026-07-31 01:13:00,28552.75,28557.25,28548.75,28553.75,417
2026-07-31 01:14:00,28553.75,28558.75,28550.25,28557.25,303
2026-07-31 01:15:00,28558.25,28561.5,28556.5,28558.0,391
2026-07-31 01:16:00,28558.0,28559.75,28554.5,28557.0,284
2026-07-31 01:17:00,28557.25,28560.25,28555.5,28556.75,179
2026-07-31 01:18:00,28557.5,28558.0,28553.0,28555.25,233
2026-07-31 01:19:00,28554.75,28557.75,28551.75,28557.0,249
2026-07-31 01:20:00,28556.75,28572.0,28556.0,28567.75,705
2026-07-31 01:21:00,28567.5,28568.25,28562.0,28565.5,518
2026-07-31 01:22:00,28564.5,28565.75,28562.25,28564.75,258
2026-07-31 01:23:00,28565.0,28570.75,28565.0,28568.25,416
2026-07-31 01:24:00,28568.25,28569.0,28562.0,28564.75,283
2026-07-31 01:25:00,28564.5,28565.0,28560.0,28561.75,339
2026-07-31 01:26:00,28562.25,28568.5,28561.75,28567.75,521
2026-07-31 01:27:00,28568.25,28571.25,28561.0,28570.75,389
2026-07-31 01:28:00,28570.75,28582.75,28569.75,28578.0,1603
2026-07-31 01:29:00,28577.75,28578.0,28573.0,28573.0,454
2026-07-31 01:30:00,28572.75,28580.0,28567.5,28571.5,885
2026-07-31 01:31:00,28570.75,28573.25,28563.25,28566.0,671
2026-07-31 01:32:00,28565.25,28566.25,28558.75,28561.5,578
2026-07-31 01:33:00,28562.0,28563.0,28558.0,28559.25,436
2026-07-31 01:34:00,28558.5,28561.0,28543.5,28547.0,1234
2026-07-31 01:35:00,28547.75,28550.0,28540.25,28546.25,1014
2026-07-31 01:36:00,28546.75,28551.5,28540.75,28543.0,580
2026-07-31 01:37:00,28543.25,28554.0,28542.5,28553.25,525
2026-07-31 01:38:00,28554.0,28555.75,28548.25,28549.5,406
2026-07-31 01:39:00,28549.25,28561.0,28544.75,28558.5,661
2026-07-31 01:40:00,28559.0,28586.5,28558.75,28574.75,1810
2026-07-31 01:41:00,28575.25,28578.25,28569.0,28578.0,602
2026-07-31 01:42:00,28578.0,28579.0,28572.0,28577.25,417
2026-07-31 01:43:00,28577.25,28578.75,28565.5,28565.75,470
2026-07-31 01:44:00,28565.5,28566.0,28550.25,28551.0,966
2026-07-31 01:45:00,28551.5,28564.25,28548.75,28563.75,768
2026-07-31 01:46:00,28563.5,28564.25,28554.75,28556.25,438
2026-07-31 01:47:00,28557.0,28567.0,28551.25,28565.75,448
2026-07-31 01:48:00,28565.75,28574.5,28563.75,28573.5,603
2026-07-31 01:49:00,28573.75,28576.25,28572.75,28573.25,475
2026-07-31 01:50:00,28573.5,28577.75,28572.75,28577.0,423
2026-07-31 01:51:00,28577.0,28582.25,28570.5,28576.25,566
2026-07-31 01:52:00,28576.25,28579.25,28572.0,28577.75,337
2026-07-31 01:53:00,28576.5,28592.0,28576.5,28585.75,907
2026-07-31 01:54:00,28585.25,28590.5,28584.75,28587.25,633
2026-07-31 01:55:00,28587.25,28591.25,28568.25,28570.0,957
2026-07-31 01:56:00,28569.25,28570.25,28565.25,28568.75,671
2026-07-31 01:57:00,28569.5,28581.0,28567.5,28573.75,581
2026-07-31 01:58:00,28574.75,28583.75,28571.75,28582.5,738
2026-07-31 01:59:00,28582.5,28587.5,28580.5,28586.25,517
2026-07-31 02:00:00,28585.75,28598.75,28576.5,28592.75,1533
2026-07-31 02:01:00,28592.5,28593.75,28587.5,28588.5,1027
2026-07-31 02:02:00,28588.25,28598.75,28584.0,28592.75,922
2026-07-31 02:03:00,28593.25,28593.75,28584.75,28585.75,543
2026-07-31 02:04:00,28586.0,28587.0,28580.25,28584.0,428
2026-07-31 02:05:00,28584.75,28593.5,28583.5,28592.0,502
2026-07-31 02:06:00,28592.0,28593.5,28589.25,28591.5,314
2026-07-31 02:07:00,28592.0,28596.0,28589.75,28596.0,352
2026-07-31 02:08:00,28594.75,28599.0,28593.25,28595.75,567
2026-07-31 02:09:00,28596.25,28600.0,28594.75,28595.0,876
2026-07-31 02:10:00,28594.75,28604.5,28594.0,28604.5,737
2026-07-31 02:11:00,28604.5,28605.25,28595.5,28602.0,907
2026-07-31 02:12:00,28602.5,28607.25,28601.5,28603.5,498
2026-07-31 02:13:00,28602.75,28609.25,28602.5,28607.0,505
2026-07-31 02:14:00,28608.0,28612.25,28606.75,28607.25,649
2026-07-31 02:15:00,28607.5,28611.0,28603.5,28603.5,584
2026-07-31 02:16:00,28604.5,28609.25,28600.75,28609.0,439
2026-07-31 02:17:00,28609.0,28610.5,28606.5,28609.5,351
2026-07-31 02:18:00,28609.5,28610.0,28603.5,28608.0,428
2026-07-31 02:19:00,28608.0,28609.5,28604.0,28605.5,287
2026-07-31 02:20:00,28605.25,28606.25,28594.75,28595.75,747
2026-07-31 02:21:00,28595.0,28596.25,28591.5,28591.75,407
2026-07-31 02:22:00,28591.5,28596.0,28588.75,28590.0,514
2026-07-31 02:23:00,28589.25,28591.0,28585.5,28586.75,587
2026-07-31 02:24:00,28587.5,28591.5,28584.25,28588.0,676
2026-07-31 02:25:00,28588.5,28593.0,28586.75,28590.5,462
2026-07-31 02:26:00,28590.25,28591.5,28583.25,28587.75,520
2026-07-31 02:27:00,28587.25,28588.75,28580.5,28583.5,599
2026-07-31 02:28:00,28583.5,28589.75,28582.0,28588.75,437
2026-07-31 02:29:00,28588.25,28592.75,28583.0,28590.75,746
2026-07-31 02:30:00,28590.0,28593.5,28562.75,28566.25,2379
2026-07-31 02:31:00,28566.0,28573.0,28561.75,28563.25,1139
2026-07-31 02:32:00,28563.75,28565.5,28554.75,28554.75,1213
2026-07-31 02:33:00,28555.75,28556.25,28533.25,28535.0,1994
2026-07-31 02:34:00,28534.5,28534.75,28520.0,28522.5,1921
2026-07-31 02:35:00,28523.5,28525.0,28491.75,28494.75,2483
2026-07-31 02:36:00,28495.0,28501.0,28486.25,28499.5,1919
2026-07-31 02:37:00,28498.5,28514.0,28489.5,28504.75,2070
2026-07-31 02:38:00,28506.0,28514.0,28500.0,28502.5,1286
2026-07-31 02:39:00,28501.75,28509.75,28487.0,28508.0,1210
2026-07-31 02:40:00,28507.25,28507.75,28488.5,28490.0,872
2026-07-31 02:41:00,28490.5,28491.5,28475.25,28478.0,1462
2026-07-31 02:42:00,28478.25,28483.75,28471.25,28473.0,1207
2026-07-31 02:43:00,28473.5,28477.25,28457.5,28476.25,1665
2026-07-31 02:44:00,28476.25,28485.5,28465.75,28485.0,1167
2026-07-31 02:45:00,28485.0,28486.0,28463.0,28466.25,1407
2026-07-31 02:46:00,28466.75,28475.5,28458.5,28474.75,1435
2026-07-31 02:47:00,28473.5,28475.0,28454.5,28456.5,1095
2026-07-31 02:48:00,28457.25,28467.5,28450.25,28461.5,1270
2026-07-31 02:49:00,28461.5,28476.0,28458.75,28474.75,818
2026-07-31 02:50:00,28475.5,28481.0,28469.25,28477.25,1125
2026-07-31 02:51:00,28476.75,28480.0,28454.75,28473.25,1238
2026-07-31 02:52:00,28473.75,28485.75,28469.75,28484.0,901
2026-07-31 02:53:00,28484.5,28494.0,28483.0,28492.25,1035
2026-07-31 02:54:00,28492.0,28502.5,28488.25,28501.75,891
2026-07-31 02:55:00,28500.75,28512.0,28500.0,28500.25,1032
2026-07-31 02:56:00,28500.25,28502.75,28484.25,28491.25,899
2026-07-31 02:57:00,28491.5,28492.25,28480.5,28488.0,650
2026-07-31 02:58:00,28489.0,28504.0,28484.5,28502.75,828
2026-07-31 02:59:00,28502.75,28505.5,28485.75,28486.25,608
2026-07-31 03:00:00,28485.5,28485.75,28455.0,28465.5,2820
2026-07-31 03:01:00,28465.75,28484.25,28461.75,28476.25,1471
2026-07-31 03:02:00,28477.0,28478.5,28464.75,28473.75,1003
2026-07-31 03:03:00,28473.75,28479.0,28458.5,28467.5,893
2026-07-31 03:04:00,28466.5,28480.75,28464.75,28480.0,1027
2026-07-31 03:05:00,28480.25,28491.0,28478.5,28485.5,1151
2026-07-31 03:06:00,28486.5,28490.0,28481.0,28487.75,545
2026-07-31 03:07:00,28487.5,28502.25,28482.25,28500.25,1021
2026-07-31 03:08:00,28499.75,28506.75,28495.0,28500.5,815
2026-07-31 03:09:00,28501.25,28512.25,28500.0,28511.25,949
2026-07-31 03:10:00,28511.0,28526.25,28509.5,28513.5,1615
2026-07-31 03:11:00,28513.25,28524.0,28512.25,28518.0,728
2026-07-31 03:12:00,28518.0,28533.75,28511.25,28532.0,962
2026-07-31 03:13:00,28532.75,28543.0,28531.25,28540.25,1330
2026-07-31 03:14:00,28539.5,28540.5,28529.5,28536.25,695
2026-07-31 03:15:00,28535.5,28540.5,28518.5,28521.5,1155
2026-07-31 03:16:00,28521.0,28526.0,28515.5,28518.25,692
2026-07-31 03:17:00,28518.0,28522.75,28505.0,28522.5,1073
2026-07-31 03:18:00,28522.0,28533.0,28519.0,28526.75,893
2026-07-31 03:19:00,28526.75,28550.0,28524.5,28549.25,1625
2026-07-31 03:20:00,28549.25,28551.25,28538.5,28539.25,891
2026-07-31 03:21:00,28539.25,28540.25,28527.75,28539.0,849
2026-07-31 03:22:00,28538.5,28539.5,28518.5,28520.0,1108
2026-07-31 03:23:00,28520.0,28530.5,28519.0,28520.75,689
2026-07-31 03:24:00,28519.75,28537.0,28517.25,28536.25,720
2026-07-31 03:25:00,28536.0,28548.0,28536.0,28543.75,988
2026-07-31 03:26:00,28544.75,28551.5,28540.0,28545.75,666
2026-07-31 03:27:00,28546.0,28574.25,28545.25,28568.25,1897
2026-07-31 03:28:00,28567.75,28569.75,28550.0,28559.5,1320
2026-07-31 03:29:00,28559.25,28559.75,28546.25,28547.25,642
2026-07-31 03:30:00,28546.25,28555.5,28536.25,28545.25,1118
2026-07-31 03:31:00,28544.75,28555.25,28540.0,28548.0,928
2026-07-31 03:32:00,28548.25,28551.75,28538.0,28542.75,551
2026-07-31 03:33:00,28542.75,28549.25,28536.25,28538.25,538
2026-07-31 03:34:00,28538.5,28544.75,28533.75,28540.25,914
2026-07-31 03:35:00,28540.75,28563.75,28540.0,28557.0,1203
2026-07-31 03:36:00,28557.0,28564.5,28544.25,28551.25,1007
2026-07-31 03:37:00,28551.75,28555.5,28543.75,28554.5,606
2026-07-31 03:38:00,28554.5,28570.5,28553.75,28569.25,925
2026-07-31 03:39:00,28568.5,28569.25,28556.0,28556.75,432
2026-07-31 03:40:00,28557.0,28566.0,28553.0,28564.5,631
2026-07-31 03:41:00,28565.0,28573.25,28562.5,28563.25,695
2026-07-31 03:42:00,28564.0,28568.0,28561.75,28564.5,486
2026-07-31 03:43:00,28563.5,28574.25,28563.25,28564.5,519
2026-07-31 03:44:00,28564.75,28570.75,28563.75,28565.75,355
2026-07-31 03:45:00,28566.5,28583.25,28566.25,28581.25,1128
2026-07-31 03:46:00,28580.0,28584.0,28573.0,28576.0,661
2026-07-31 03:47:00,28576.25,28579.5,28563.75,28568.0,768
2026-07-31 03:48:00,28568.25,28568.75,28557.75,28559.75,644
2026-07-31 03:49:00,28559.75,28565.5,28554.75,28554.75,485
2026-07-31 03:50:00,28555.75,28560.75,28544.75,28546.75,1081
2026-07-31 03:51:00,28546.5,28548.5,28542.75,28548.25,721
2026-07-31 03:52:00,28548.0,28574.25,28543.5,28567.0,1098
2026-07-31 03:53:00,28567.75,28576.0,28566.75,28575.25,447
2026-07-31 03:54:00,28576.25,28582.5,28575.5,28579.75,544
2026-07-31 03:55:00,28578.75,28579.5,28571.5,28577.25,632
2026-07-31 03:56:00,28576.25,28579.0,28565.25,28566.75,529
2026-07-31 03:57:00,28566.0,28576.0,28564.5,28568.75,507
2026-07-31 03:58:00,28568.5,28573.0,28563.75,28572.0,423
2026-07-31 03:59:00,28572.75,28575.5,28566.5,28573.25,404
2026-07-31 04:00:00,28573.75,28590.75,28567.0,28583.5,1900
2026-07-31 04:01:00,28584.75,28586.0,28558.0,28562.0,1607
2026-07-31 04:02:00,28561.75,28562.5,28552.0,28558.5,1071
2026-07-31 04:03:00,28557.25,28563.75,28539.0,28540.5,1374
2026-07-31 04:04:00,28539.75,28548.5,28530.0,28538.25,1500
2026-07-31 04:05:00,28539.0,28554.25,28535.0,28548.25,964
2026-07-31 04:06:00,28547.75,28555.75,28543.75,28551.75,687
2026-07-31 04:07:00,28552.75,28573.75,28545.0,28568.5,1692
2026-07-31 04:08:00,28568.0,28569.75,28535.5,28538.5,1201
2026-07-31 04:09:00,28539.25,28541.0,28529.25,28534.5,908
2026-07-31 04:10:00,28534.5,28543.0,28523.75,28532.5,1230
2026-07-31 04:11:00,28532.0,28551.75,28531.5,28549.25,1234
2026-07-31 04:12:00,28549.25,28564.25,28544.25,28561.0,1042
2026-07-31 04:13:00,28562.0,28576.25,28559.25,28573.25,957
2026-07-31 04:14:00,28573.25,28580.0,28568.0,28578.0,779
2026-07-31 04:15:00,28578.25,28588.75,28574.75,28577.0,1184
2026-07-31 04:16:00,28577.75,28579.5,28568.5,28572.75,717
2026-07-31 04:17:00,28573.0,28581.25,28571.25,28579.75,379
2026-07-31 04:18:00,28579.5,28583.25,28569.25,28575.75,475
2026-07-31 04:19:00,28576.0,28601.0,28571.75,28593.25,1658
2026-07-31 04:20:00,28593.25,28596.75,28583.0,28588.25,954
2026-07-31 04:21:00,28588.0,28593.25,28577.5,28587.0,678
2026-07-31 04:22:00,28587.0,28589.5,28575.25,28576.5,498
2026-07-31 04:23:00,28576.75,28580.0,28564.5,28568.5,958
2026-07-31 04:24:00,28567.75,28578.75,28565.75,28577.5,646
2026-07-31 04:25:00,28577.0,28592.75,28573.5,28592.0,932
2026-07-31 04:26:00,28592.25,28592.75,28579.75,28583.0,519
2026-07-31 04:27:00,28582.75,28602.75,28582.75,28598.75,1123
2026-07-31 04:28:00,28600.0,28604.0,28595.75,28601.5,738
2026-07-31 04:29:00,28601.5,28609.0,28596.0,28598.0,1015
2026-07-31 04:30:00,28598.25,28604.0,28586.5,28601.75,897
2026-07-31 04:31:00,28602.25,28604.25,28594.25,28602.0,514
2026-07-31 04:32:00,28600.75,28611.25,28596.0,28596.0,794
2026-07-31 04:33:00,28596.5,28599.75,28590.0,28596.0,508
2026-07-31 04:34:00,28595.5,28601.5,28590.25,28597.75,427
2026-07-31 04:35:00,28597.75,28597.75,28588.75,28590.0,432
2026-07-31 04:36:00,28591.0,28591.5,28586.25,28589.75,435
2026-07-31 04:37:00,28589.5,28591.5,28580.5,28590.5,587
2026-07-31 04:38:00,28590.75,28594.0,28581.0,28584.75,561
2026-07-31 04:39:00,28584.75,28587.0,28576.0,28576.75,499
2026-07-31 04:40:00,28577.25,28577.75,28565.0,28566.25,761
2026-07-31 04:41:00,28566.5,28572.75,28560.75,28566.25,706
2026-07-31 04:42:00,28566.75,28573.5,28566.25,28572.0,577
2026-07-31 04:43:00,28572.0,28578.0,28568.75,28573.5,506
2026-07-31 04:44:00,28573.25,28580.5,28562.75,28567.75,945
2026-07-31 04:45:00,28568.25,28574.25,28563.0,28573.5,630
2026-07-31 04:46:00,28573.5,28587.5,28572.25,28584.25,765
2026-07-31 04:47:00,28584.75,28599.0,28582.0,28597.75,966
2026-07-31 04:48:00,28598.5,28601.0,28596.0,28596.0,391
2026-07-31 04:49:00,28596.0,28600.75,28592.5,28593.5,518
2026-07-31 04:50:00,28594.75,28603.0,28588.75,28595.0,638
2026-07-31 04:51:00,28594.5,28601.0,28592.5,28593.5,382
2026-07-31 04:52:00,28593.25,28599.25,28585.0,28585.75,516
2026-07-31 04:53:00,28585.25,28595.5,28585.25,28592.25,356
2026-07-31 04:54:00,28592.75,28592.75,28581.5,28583.75,377
2026-07-31 04:55:00,28583.0,28598.5,28581.25,28596.5,751
2026-07-31 04:56:00,28597.0,28607.25,28589.5,28603.75,856
2026-07-31 04:57:00,28603.0,28606.25,28600.5,28603.75,435
2026-07-31 04:58:00,28603.25,28604.25,28595.5,28603.25,642
2026-07-31 04:59:00,28603.5,28608.0,28600.75,28602.5,410
2026-07-31 05:00:00,28602.75,28623.25,28597.75,28617.75,1832
2026-07-31 05:01:00,28616.0,28616.0,28603.5,28610.0,702
2026-07-31 05:02:00,28610.25,28620.25,28609.25,28613.0,636
2026-07-31 05:03:00,28613.0,28614.0,28601.25,28610.75,741
2026-07-31 05:04:00,28611.0,28620.0,28610.25,28617.25,696
2026-07-31 05:05:00,28616.75,28620.5,28598.75,28608.25,712
2026-07-31 05:06:00,28608.75,28624.25,28601.75,28624.25,909
2026-07-31 05:07:00,28624.25,28626.25,28618.25,28623.75,711
2026-07-31 05:08:00,28623.25,28629.75,28620.0,28620.25,504
2026-07-31 05:09:00,28619.0,28626.5,28615.5,28624.25,461
2026-07-31 05:10:00,28625.0,28642.0,28623.0,28639.0,1447
2026-07-31 05:11:00,28639.5,28639.75,28632.75,28636.25,507
2026-07-31 05:12:00,28636.25,28638.25,28631.75,28634.0,327
2026-07-31 05:13:00,28633.25,28634.5,28628.0,28628.5,361
2026-07-31 05:14:00,28627.75,28631.75,28623.75,28628.5,528
2026-07-31 05:15:00,28628.5,28631.25,28622.75,28628.25,431
2026-07-31 05:16:00,28628.5,28629.5,28613.0,28614.25,575
2026-07-31 05:17:00,28614.0,28619.75,28611.25,28618.0,463
2026-07-31 05:18:00,28619.0,28624.5,28616.0,28623.5,375
2026-07-31 05:19:00,28622.25,28627.75,28609.5,28610.25,558
2026-07-31 05:20:00,28610.0,28621.25,28609.5,28618.5,518
2026-07-31 05:21:00,28620.75,28621.0,28606.75,28614.25,466
2026-07-31 05:22:00,28613.75,28615.0,28605.75,28608.75,528
2026-07-31 05:23:00,28608.75,28608.75,28600.75,28607.75,717
2026-07-31 05:24:00,28608.25,28611.25,28603.5,28607.75,319
2026-07-31 05:25:00,28608.75,28612.25,28599.75,28612.0,737
2026-07-31 05:26:00,28612.25,28614.25,28608.0,28611.25,320
2026-07-31 05:27:00,28612.0,28614.0,28605.25,28607.25,267
2026-07-31 05:28:00,28607.25,28607.75,28587.5,28587.75,948
2026-07-31 05:29:00,28588.5,28591.5,28584.25,28589.75,714
2026-07-31 05:30:00,28589.0,28592.25,28581.5,28583.75,759
2026-07-31 05:31:00,28583.0,28588.25,28577.75,28585.25,873
2026-07-31 05:32:00,28585.75,28588.0,28578.25,28581.0,410
2026-07-31 05:33:00,28581.0,28581.0,28568.0,28576.0,870
2026-07-31 05:34:00,28575.5,28577.25,28563.25,28565.0,624
2026-07-31 05:35:00,28564.75,28569.75,28560.75,28562.5,703
2026-07-31 05:36:00,28561.75,28563.5,28547.5,28552.75,1571
2026-07-31 05:37:00,28551.75,28556.25,28546.5,28554.75,490
2026-07-31 05:38:00,28555.5,28557.5,28535.5,28536.75,1041
2026-07-31 05:39:00,28536.75,28547.0,28534.0,28545.25,583
2026-07-31 05:40:00,28545.0,28551.5,28541.25,28550.0,664
2026-07-31 05:41:00,28549.75,28556.0,28546.25,28554.75,600
2026-07-31 05:42:00,28553.75,28560.0,28549.0,28556.5,696
2026-07-31 05:43:00,28556.25,28558.25,28552.0,28556.75,380
2026-07-31 05:44:00,28556.25,28559.0,28548.75,28552.25,459
2026-07-31 05:45:00,28552.5,28566.25,28551.25,28560.75,779
2026-07-31 05:46:00,28560.75,28563.5,28556.25,28557.75,418
2026-07-31 05:47:00,28557.75,28559.0,28553.25,28556.5,285
2026-07-31 05:48:00,28557.25,28563.75,28554.5,28555.75,414
2026-07-31 05:49:00,28556.5,28567.25,28550.75,28566.0,694
2026-07-31 05:50:00,28565.25,28569.5,28561.75,28564.75,453
2026-07-31 05:51:00,28564.75,28568.25,28545.75,28552.75,814
2026-07-31 05:52:00,28552.0,28558.5,28551.25,28556.0,393
2026-07-31 05:53:00,28556.75,28558.0,28548.0,28552.0,321
2026-07-31 05:54:00,28551.5,28558.0,28546.0,28548.25,377
2026-07-31 05:55:00,28547.5,28557.0,28546.75,28553.75,595
2026-07-31 05:56:00,28553.5,28554.25,28532.75,28538.75,799
2026-07-31 05:57:00,28538.25,28539.25,28530.75,28534.0,471
2026-07-31 05:58:00,28532.5,28537.5,28530.75,28536.0,487
2026-07-31 05:59:00,28537.5,28537.5,28529.25,28532.25,486
2026-07-31 06:00:00,28531.5,28533.0,28519.75,28523.25,1254
2026-07-31 06:01:00,28523.5,28541.5,28521.0,28541.25,1072
2026-07-31 06:02:00,28541.5,28547.0,28525.5,28532.5,758
2026-07-31 06:03:00,28532.75,28539.25,28531.25,28535.0,424
2026-07-31 06:04:00,28535.75,28539.25,28526.75,28531.5,611
2026-07-31 06:05:00,28531.0,28533.0,28525.75,28527.5,416
2026-07-31 06:06:00,28527.75,28533.5,28519.25,28533.0,553
2026-07-31 06:07:00,28533.25,28543.0,28526.25,28543.0,640
2026-07-31 06:08:00,28543.0,28545.5,28531.75,28533.0,535
2026-07-31 06:09:00,28533.0,28540.0,28532.0,28539.25,364
2026-07-31 06:10:00,28539.0,28544.0,28532.25,28542.5,422
2026-07-31 06:11:00,28543.0,28545.0,28536.75,28539.25,368
2026-07-31 06:12:00,28538.0,28553.75,28537.75,28553.25,886
2026-07-31 06:13:00,28554.0,28558.5,28552.5,28557.75,703
2026-07-31 06:14:00,28557.75,28565.0,28555.25,28555.25,708
2026-07-31 06:15:00,28555.5,28556.75,28549.25,28552.0,394
2026-07-31 06:16:00,28553.0,28556.0,28546.25,28554.75,516
2026-07-31 06:17:00,28554.0,28557.75,28549.75,28557.5,224
2026-07-31 06:18:00,28557.75,28560.5,28553.25,28559.0,393
2026-07-31 06:19:00,28559.25,28566.75,28557.5,28565.5,469
2026-07-31 06:20:00,28566.5,28576.75,28566.5,28571.0,976
2026-07-31 06:21:00,28571.0,28574.75,28569.75,28574.25,314
2026-07-31 06:22:00,28574.25,28575.5,28569.25,28572.5,353
2026-07-31 06:23:00,28573.25,28575.0,28569.5,28571.75,289
2026-07-31 06:24:00,28571.5,28572.75,28554.75,28556.0,811
2026-07-31 06:25:00,28556.75,28572.0,28555.25,28569.5,639
2026-07-31 06:26:00,28569.5,28569.75,28562.25,28563.25,351
2026-07-31 06:27:00,28563.75,28567.0,28562.0,28566.0,382
2026-07-31 06:28:00,28564.5,28584.0,28564.25,28574.5,1096
2026-07-31 06:29:00,28574.25,28575.25,28566.0,28572.25,328
2026-07-31 06:30:00,28572.75,28576.0,28567.5,28571.5,636
2026-07-31 06:31:00,28572.5,28576.5,28565.25,28566.5,397
2026-07-31 06:32:00,28565.75,28577.25,28563.75,28568.5,523
2026-07-31 06:33:00,28568.0,28573.0,28564.25,28568.0,366
2026-07-31 06:34:00,28568.0,28578.0,28563.75,28567.75,456
2026-07-31 06:35:00,28567.25,28571.25,28561.5,28565.25,499
2026-07-31 06:36:00,28566.25,28576.75,28564.75,28574.75,403
2026-07-31 06:37:00,28574.75,28576.5,28566.5,28569.25,281
2026-07-31 06:38:00,28569.0,28571.25,28561.75,28568.25,429
2026-07-31 06:39:00,28568.5,28576.75,28567.5,28575.75,287
2026-07-31 06:40:00,28576.5,28578.0,28570.0,28576.75,290
2026-07-31 06:41:00,28576.5,28582.5,28573.0,28582.25,492
2026-07-31 06:42:00,28581.5,28582.75,28576.0,28579.0,428
2026-07-31 06:43:00,28578.75,28582.25,28574.25,28578.25,539
2026-07-31 06:44:00,28578.25,28583.5,28574.75,28578.5,288
2026-07-31 06:45:00,28578.75,28592.0,28578.75,28581.5,828
2026-07-31 06:46:00,28581.5,28583.75,28574.0,28576.5,525
2026-07-31 06:47:00,28576.75,28579.25,28569.25,28569.5,503
2026-07-31 06:48:00,28569.0,28570.25,28563.25,28567.5,630
2026-07-31 06:49:00,28568.0,28568.0,28550.25,28556.0,1084
2026-07-31 06:50:00,28555.25,28569.0,28554.0,28565.5,865
2026-07-31 06:51:00,28565.5,28569.75,28562.0,28566.25,449
2026-07-31 06:52:00,28567.75,28574.25,28564.75,28565.75,583
2026-07-31 06:53:00,28566.25,28574.0,28564.0,28567.25,428
2026-07-31 06:54:00,28566.75,28581.0,28566.75,28580.0,588
2026-07-31 06:55:00,28581.0,28585.0,28568.0,28571.25,593
2026-07-31 06:56:00,28571.0,28576.5,28567.0,28571.75,362
2026-07-31 06:57:00,28572.25,28573.0,28566.0,28566.25,265
2026-07-31 06:58:00,28566.75,28572.0,28562.75,28566.5,329
2026-07-31 06:59:00,28567.0,28568.5,28556.75,28564.75,598
2026-07-31 07:00:00,28565.0,28585.0,28563.0,28579.5,1310
2026-07-31 07:01:00,28580.0,28605.0,28575.0,28601.5,1884
2026-07-31 07:02:00,28603.0,28605.0,28592.5,28603.5,775
2026-07-31 07:03:00,28603.5,28621.0,28596.5,28613.5,997
2026-07-31 07:04:00,28613.75,28616.75,28601.0,28614.5,831
2026-07-31 07:05:00,28614.75,28618.5,28609.0,28611.0,683
2026-07-31 07:06:00,28611.75,28617.25,28607.75,28615.0,485
2026-07-31 07:07:00,28616.0,28625.25,28612.5,28625.25,627
2026-07-31 07:08:00,28625.0,28626.0,28610.5,28613.75,655
2026-07-31 07:09:00,28613.75,28619.5,28606.25,28612.75,520
2026-07-31 07:10:00,28612.75,28614.0,28601.5,28604.25,431
2026-07-31 07:11:00,28605.0,28607.25,28597.25,28598.5,580
2026-07-31 07:12:00,28598.0,28602.25,28595.0,28600.5,464
2026-07-31 07:13:00,28599.5,28602.0,28589.0,28599.75,591
2026-07-31 07:14:00,28599.25,28601.5,28593.5,28596.5,333
2026-07-31 07:15:00,28595.5,28599.25,28571.0,28571.0,1233
2026-07-31 07:16:00,28572.75,28577.0,28559.0,28566.75,1871
2026-07-31 07:17:00,28566.5,28569.75,28562.0,28566.0,904
2026-07-31 07:18:00,28566.75,28569.0,28554.5,28561.25,876
2026-07-31 07:19:00,28562.75,28565.5,28557.75,28561.75,427
2026-07-31 07:20:00,28562.5,28568.0,28555.5,28559.25,553
2026-07-31 07:21:00,28558.75,28562.5,28555.5,28561.25,413
2026-07-31 07:22:00,28561.5,28567.0,28553.5,28564.75,563
2026-07-31 07:23:00,28565.75,28573.75,28560.25,28567.5,739
2026-07-31 07:24:00,28568.0,28571.0,28563.0,28567.75,378
2026-07-31 07:25:00,28567.0,28571.75,28556.5,28558.25,600
2026-07-31 07:26:00,28557.75,28572.25,28557.0,28570.0,520
2026-07-31 07:27:00,28570.0,28585.0,28564.0,28579.75,767
2026-07-31 07:28:00,28580.0,28584.25,28568.25,28570.0,959
2026-07-31 07:29:00,28570.0,28574.25,28547.0,28555.0,1307
2026-07-31 07:30:00,28555.5,28556.0,28539.0,28541.0,1300
2026-07-31 07:31:00,28540.5,28548.75,28536.0,28541.5,1097
2026-07-31 07:32:00,28541.75,28545.75,28533.0,28542.75,793
2026-07-31 07:33:00,28542.0,28542.75,28524.5,28540.0,1157
2026-07-31 07:34:00,28539.5,28545.0,28533.75,28536.75,897
2026-07-31 07:35:00,28536.5,28560.75,28534.5,28559.75,1341
2026-07-31 07:36:00,28559.5,28560.5,28540.25,28540.25,975
2026-07-31 07:37:00,28541.0,28541.5,28528.5,28536.25,914
2026-07-31 07:38:00,28535.25,28538.5,28532.25,28537.25,387
2026-07-31 07:39:00,28537.0,28537.75,28524.5,28531.5,883
2026-07-31 07:40:00,28530.75,28537.25,28522.25,28532.75,875
2026-07-31 07:41:00,28533.75,28538.75,28528.0,28537.25,487
2026-07-31 07:42:00,28537.25,28544.0,28535.25,28541.25,543
2026-07-31 07:43:00,28541.75,28543.0,28525.5,28538.75,853
2026-07-31 07:44:00,28538.25,28540.0,28531.25,28537.5,538
2026-07-31 07:45:00,28538.75,28545.75,28532.0,28543.5,667
2026-07-31 07:46:00,28543.25,28544.75,28532.75,28538.0,607
2026-07-31 07:47:00,28538.0,28539.75,28532.75,28536.75,415
2026-07-31 07:48:00,28537.0,28547.25,28531.75,28546.25,735
2026-07-31 07:49:00,28546.75,28549.0,28542.25,28544.75,700
2026-07-31 07:50:00,28545.75,28556.0,28544.5,28555.5,699
2026-07-31 07:51:00,28555.5,28558.5,28547.75,28551.5,629
2026-07-31 07:52:00,28551.0,28557.0,28549.0,28553.75,394
2026-07-31 07:53:00,28555.25,28559.0,28548.25,28558.5,339
2026-07-31 07:54:00,28558.25,28561.5,28552.75,28553.25,469
2026-07-31 07:55:00,28553.75,28555.0,28546.0,28548.25,740
2026-07-31 07:56:00,28547.75,28552.0,28545.0,28550.5,281
2026-07-31 07:57:00,28550.5,28553.75,28545.25,28553.0,271
2026-07-31 07:58:00,28553.25,28560.0,28551.5,28552.5,465
2026-07-31 07:59:00,28553.0,28555.0,28547.25,28553.5,312
2026-07-31 08:00:00,28554.75,28555.75,28525.25,28532.0,1410
2026-07-31 08:01:00,28531.75,28535.75,28520.25,28524.25,1057
2026-07-31 08:02:00,28525.0,28526.5,28520.25,28525.0,716
2026-07-31 08:03:00,28525.0,28525.25,28508.5,28510.75,1593
2026-07-31 08:04:00,28510.75,28513.75,28506.5,28512.0,779
2026-07-31 08:05:00,28513.25,28515.0,28500.5,28503.75,1355
2026-07-31 08:06:00,28503.25,28512.25,28498.25,28512.25,1024
2026-07-31 08:07:00,28512.5,28515.5,28507.0,28507.25,688
2026-07-31 08:08:00,28507.75,28515.75,28500.5,28503.75,929
2026-07-31 08:09:00,28503.0,28504.75,28495.0,28500.0,865
2026-07-31 08:10:00,28499.75,28500.5,28483.5,28488.25,1435
2026-07-31 08:11:00,28487.75,28492.75,28484.75,28487.25,930
2026-07-31 08:12:00,28488.0,28493.25,28480.25,28490.5,1061
2026-07-31 08:13:00,28491.25,28494.5,28482.5,28490.0,778
2026-07-31 08:14:00,28490.0,28490.0,28476.0,28480.75,773
2026-07-31 08:15:00,28480.25,28482.5,28467.0,28469.5,1103
2026-07-31 08:16:00,28470.75,28472.25,28457.0,28467.75,2176
2026-07-31 08:17:00,28468.25,28478.0,28464.75,28469.75,1143
2026-07-31 08:18:00,28470.25,28474.25,28455.5,28457.25,1091
2026-07-31 08:19:00,28457.25,28464.75,28449.75,28456.25,1590
2026-07-31 08:20:00,28456.25,28470.0,28453.0,28469.5,1373
2026-07-31 08:21:00,28470.0,28488.0,28470.0,28481.5,1716
2026-07-31 08:22:00,28482.25,28483.0,28467.25,28467.25,1050
2026-07-31 08:23:00,28467.25,28470.25,28447.75,28468.5,1528
2026-07-31 08:24:00,28468.75,28485.0,28468.0,28485.0,1299
2026-07-31 08:25:00,28484.25,28492.75,28479.25,28491.25,1422
2026-07-31 08:26:00,28491.5,28493.0,28484.5,28490.0,936
2026-07-31 08:27:00,28490.75,28491.0,28478.0,28480.5,670
2026-07-31 08:28:00,28480.75,28499.0,28479.5,28497.75,1099
2026-07-31 08:29:00,28497.0,28507.5,28494.25,28495.25,926
2026-07-31 08:30:00,28494.75,28501.0,28453.0,28497.5,2423
2026-07-31 08:31:00,28497.75,28503.5,28482.5,28486.75,1260
2026-07-31 08:32:00,28486.5,28487.5,28472.25,28478.0,1183
2026-07-31 08:33:00,28476.5,28482.0,28455.5,28457.75,1316
2026-07-31 08:34:00,28457.5,28467.0,28454.0,28461.5,1309
2026-07-31 08:35:00,28462.5,28472.25,28451.0,28468.5,1454
2026-07-31 08:36:00,28468.75,28473.75,28453.5,28460.75,901
2026-07-31 08:37:00,28460.5,28467.0,28456.5,28461.5,710
2026-07-31 08:38:00,28462.5,28468.25,28450.0,28461.75,1047
2026-07-31 08:39:00,28461.75,28462.5,28442.5,28452.25,1394
2026-07-31 08:40:00,28452.75,28455.75,28446.75,28453.0,876
2026-07-31 08:41:00,28453.25,28469.75,28444.5,28459.0,1575
2026-07-31 08:42:00,28459.0,28461.0,28432.0,28437.0,2023
2026-07-31 08:43:00,28437.0,28456.0,28433.75,28454.5,1361
2026-07-31 08:44:00,28454.0,28456.5,28448.25,28452.5,547
2026-07-31 08:45:00,28452.75,28462.75,28439.25,28451.0,1326
2026-07-31 08:46:00,28451.0,28458.0,28437.75,28451.25,863
2026-07-31 08:47:00,28451.25,28457.0,28443.75,28449.75,586
2026-07-31 08:48:00,28449.25,28454.25,28445.25,28445.5,530
2026-07-31 08:49:00,28445.75,28453.0,28443.0,28452.75,643
2026-07-31 08:50:00,28452.25,28455.75,28441.75,28452.25,791
2026-07-31 08:51:00,28452.0,28480.75,28451.25,28478.5,1664
2026-07-31 08:52:00,28478.25,28487.0,28477.0,28486.0,1182
2026-07-31 08:53:00,28485.5,28490.0,28479.75,28488.25,1089
2026-07-31 08:54:00,28488.0,28488.75,28479.5,28486.0,701
2026-07-31 08:55:00,28486.25,28491.0,28481.0,28482.25,824
2026-07-31 08:56:00,28481.5,28487.25,28477.25,28482.75,819
2026-07-31 08:57:00,28482.25,28485.75,28463.25,28468.25,990
2026-07-31 08:58:00,28468.75,28472.25,28463.75,28470.25,996
2026-07-31 08:59:00,28470.25,28472.25,28463.5,28468.0,659
2026-07-31 09:00:00,28467.75,28474.75,28457.0,28460.75,2152
2026-07-31 09:01:00,28459.75,28474.0,28456.5,28466.0,1152
2026-07-31 09:02:00,28466.25,28487.25,28464.0,28486.25,1996
2026-07-31 09:03:00,28486.75,28496.75,28484.75,28492.0,1869
2026-07-31 09:04:00,28492.5,28496.75,28488.5,28489.0,843
2026-07-31 09:05:00,28489.75,28502.5,28485.75,28500.25,1444
2026-07-31 09:06:00,28500.0,28505.0,28493.0,28494.0,1243
2026-07-31 09:07:00,28493.5,28503.0,28493.5,28501.75,854
2026-07-31 09:08:00,28501.5,28506.75,28500.75,28505.5,988
2026-07-31 09:09:00,28505.0,28514.5,28503.75,28508.5,1709
2026-07-31 09:10:00,28508.5,28529.25,28508.5,28527.0,2342
2026-07-31 09:11:00,28527.0,28530.5,28516.75,28522.0,2084
2026-07-31 09:12:00,28522.0,28522.5,28516.0,28519.25,1229
2026-07-31 09:13:00,28519.75,28522.25,28514.25,28519.75,843
2026-07-31 09:14:00,28519.25,28530.75,28517.25,28529.75,1227
2026-07-31 09:15:00,28529.75,28540.25,28529.25,28536.75,2054
2026-07-31 09:16:00,28536.5,28544.5,28536.0,28544.25,1316
2026-07-31 09:17:00,28543.75,28544.75,28537.0,28540.5,1260
2026-07-31 09:18:00,28540.75,28544.5,28533.5,28538.25,1011
2026-07-31 09:19:00,28538.5,28546.25,28535.25,28539.25,1304
2026-07-31 09:20:00,28539.5,28543.0,28531.25,28533.75,1272
2026-07-31 09:21:00,28534.5,28539.75,28531.25,28538.0,885
2026-07-31 09:22:00,28537.5,28548.5,28528.25,28547.0,2065
2026-07-31 09:23:00,28546.0,28553.0,28541.0,28550.0,1670
2026-07-31 09:24:00,28549.75,28550.0,28534.25,28548.75,1478
2026-07-31 09:25:00,28549.25,28563.0,28549.25,28561.0,3114
2026-07-31 09:26:00,28560.0,28568.0,28555.0,28555.5,1637
2026-07-31 09:27:00,28554.75,28565.75,28544.0,28565.25,2348
2026-07-31 09:28:00,28563.5,28583.5,28561.75,28567.75,3581
2026-07-31 09:29:00,28568.0,28584.25,28556.25,28577.75,2639
2026-07-31 09:30:00,28576.5,28614.0,28540.75,28599.75,14030
2026-07-31 09:31:00,28598.75,28632.5,28583.5,28626.75,12423
2026-07-31 09:32:00,28626.5,28667.25,28625.25,28663.5,13354
2026-07-31 09:33:00,28664.5,28696.25,28661.5,28687.5,11436
2026-07-31 09:34:00,28686.75,28710.0,28681.75,28682.0,11523
2026-07-31 09:35:00,28682.5,28725.75,28679.75,28708.0,10903
2026-07-31 09:36:00,28708.5,28713.0,28671.0,28681.25,10411
2026-07-31 09:37:00,28681.0,28686.0,28645.75,28659.5,11712
2026-07-31 09:38:00,28659.75,28663.0,28583.5,28605.75,15747
2026-07-31 09:39:00,28605.5,28611.0,28556.25,28562.25,12982
2026-07-31 09:40:00,28562.0,28576.25,28516.25,28534.25,13444
2026-07-31 09:41:00,28535.75,28588.75,28520.0,28526.75,11428
2026-07-31 09:42:00,28525.5,28543.25,28476.0,28478.5,13711
2026-07-31 09:43:00,28478.5,28504.75,28434.75,28471.25,16061
2026-07-31 09:44:00,28470.75,28483.25,28415.0,28419.25,13504
2026-07-31 09:45:00,28420.0,28473.25,28407.0,28433.0,15264
2026-07-31 09:46:00,28434.0,28434.0,28383.25,28399.5,14759
2026-07-31 09:47:00,28399.25,28420.5,28370.5,28380.5,11850
2026-07-31 09:48:00,28380.5,28393.0,28329.0,28350.25,15194
2026-07-31 09:49:00,28350.5,28369.25,28319.75,28359.25,11848
2026-07-31 09:50:00,28360.75,28387.25,28318.75,28347.75,13180
2026-07-31 09:51:00,28347.25,28393.75,28337.5,28392.5,8909
2026-07-31 09:52:00,28392.25,28408.25,28338.5,28346.0,13549
2026-07-31 09:53:00,28346.5,28346.5,28308.0,28321.5,13136
2026-07-31 09:54:00,28323.25,28340.5,28294.75,28332.75,13083
2026-07-31 09:55:00,28333.75,28365.5,28310.5,28361.5,11702
2026-07-31 09:56:00,28361.0,28398.5,28352.75,28396.75,10675
2026-07-31 09:57:00,28396.5,28416.0,28370.25,28374.0,10644
2026-07-31 09:58:00,28373.5,28386.25,28337.5,28342.5,7057
2026-07-31 09:59:00,28342.75,28381.0,28340.25,28358.5,4606
2026-07-31 10:00:00,28359.5,28392.0,28321.0,28344.5,9461
2026-07-31 10:01:00,28344.5,28349.0,28284.75,28325.5,10848
2026-07-31 10:02:00,28325.5,28339.75,28272.0,28287.75,10804
2026-07-31 10:03:00,28287.25,28311.25,28264.25,28281.25,10242
2026-07-31 10:04:00,28282.5,28288.25,28240.5,28242.25,10643
2026-07-31 10:05:00,28242.75,28259.0,28222.0,28251.75,11314
2026-07-31 10:06:00,28250.5,28274.0,28210.25,28211.25,10671
2026-07-31 10:07:00,28211.5,28216.75,28159.5,28190.25,15464
2026-07-31 10:08:00,28190.0,28194.75,28123.0,28148.25,14325
2026-07-31 10:09:00,28149.75,28168.0,28122.75,28153.0,9725
2026-07-31 10:10:00,28153.25,28177.0,28102.0,28126.5,13606
2026-07-31 10:11:00,28127.25,28171.0,28121.5,28168.75,8671
2026-07-31 10:12:00,28169.5,28192.25,28129.0,28138.75,12097
2026-07-31 10:13:00,28138.75,28146.5,28108.5,28119.0,9116
2026-07-31 10:14:00,28119.5,28151.5,28100.25,28137.5,8787
2026-07-31 10:15:00,28136.75,28163.5,28110.5,28124.0,9496
2026-07-31 10:16:00,28124.25,28128.75,28079.75,28112.75,12232
2026-07-31 10:17:00,28112.5,28161.0,28111.5,28136.5,10194
2026-07-31 10:18:00,28136.75,28196.25,28131.25,28193.75,10241
2026-07-31 10:19:00,28193.5,28215.0,28175.5,28177.5,11022
2026-07-31 10:20:00,28177.0,28236.25,28153.5,28223.75,12190
2026-07-31 10:21:00,28224.25,28237.0,28176.0,28204.25,9137
2026-07-31 10:22:00,28203.5,28247.75,28198.75,28236.75,8443
2026-07-31 10:23:00,28236.75,28247.5,28205.25,28231.5,8222
2026-07-31 10:24:00,28230.75,28232.5,28164.25,28195.0,11032
2026-07-31 10:25:00,28195.5,28222.5,28176.25,28195.0,8717
2026-07-31 10:26:00,28195.0,28210.0,28175.5,28194.0,6568
2026-07-31 10:27:00,28194.75,28233.25,28160.0,28226.75,9393
2026-07-31 10:28:00,28226.5,28255.0,28219.25,28252.0,8213
2026-07-31 10:29:00,28251.75,28258.5,28221.0,28250.75,7077
2026-07-31 10:30:00,28250.5,28266.25,28233.0,28255.5,7949
2026-07-31 10:31:00,28256.25,28281.75,28246.0,28251.25,8884
2026-07-31 10:32:00,28251.5,28257.5,28219.25,28256.5,8269
2026-07-31 10:33:00,28257.0,28275.5,28227.75,28229.75,7544
2026-07-31 10:34:00,28228.75,28248.5,28210.75,28237.0,7639
2026-07-31 10:35:00,28236.25,28285.25,28234.0,28280.75,8016
2026-07-31 10:36:00,28280.75,28289.5,28260.75,28276.5,6026
2026-07-31 10:37:00,28276.75,28293.5,28267.5,28277.25,6523
2026-07-31 10:38:00,28276.5,28291.0,28261.75,28262.5,5031
2026-07-31 10:39:00,28261.75,28284.75,28257.75,28271.0,4560
2026-07-31 10:40:00,28270.25,28295.75,28268.25,28285.0,5479
2026-07-31 10:41:00,28285.75,28291.5,28242.75,28249.75,6230
2026-07-31 10:42:00,28249.25,28251.0,28211.5,28237.25,9645
2026-07-31 10:43:00,28237.25,28264.5,28223.25,28258.75,5982
2026-07-31 10:44:00,28259.75,28280.5,28254.5,28269.0,5780
2026-07-31 10:45:00,28268.25,28280.0,28241.0,28250.25,7053
2026-07-31 10:46:00,28250.75,28306.5,28236.0,28274.5,8696
2026-07-31 10:47:00,28274.25,28284.5,28250.25,28278.5,5472
2026-07-31 10:48:00,28279.75,28317.5,28270.5,28317.5,6228
2026-07-31 10:49:00,28316.75,28339.75,28305.5,28333.25,7045
2026-07-31 10:50:00,28333.25,28343.0,28318.25,28327.0,7098
2026-07-31 10:51:00,28326.75,28347.25,28322.25,28340.0,4757
2026-07-31 10:52:00,28340.25,28342.5,28322.5,28332.25,4349
2026-07-31 10:53:00,28331.75,28346.0,28323.75,28337.5,3770
2026-07-31 10:54:00,28337.0,28339.25,28290.5,28298.5,6856
2026-07-31 10:55:00,28298.75,28307.5,28263.0,28276.25,7544
2026-07-31 10:56:00,28276.0,28322.25,28255.25,28313.75,8067
2026-07-31 10:57:00,28313.75,28333.75,28304.25,28309.5,5710
2026-07-31 10:58:00,28309.5,28322.25,28285.75,28321.75,5286
2026-07-31 10:59:00,28321.5,28323.0,28299.75,28307.75,3860
2026-07-31 11:00:00,28308.5,28325.75,28283.5,28285.25,5251
2026-07-31 11:01:00,28285.75,28309.25,28279.75,28291.25,5949
2026-07-31 11:02:00,28290.5,28315.0,28285.5,28303.25,4465
2026-07-31 11:03:00,28303.25,28312.5,28273.25,28289.5,5256
2026-07-31 11:04:00,28289.25,28331.25,28284.5,28321.25,5929
2026-07-31 11:05:00,28322.0,28342.5,28300.0,28301.25,6754
2026-07-31 11:06:00,28301.0,28324.75,28299.75,28305.5,4650
2026-07-31 11:07:00,28305.0,28315.75,28288.0,28303.25,5343
2026-07-31 11:08:00,28303.75,28308.25,28283.5,28288.75,4565
2026-07-31 11:09:00,28288.75,28293.5,28256.5,28277.25,7206
2026-07-31 11:10:00,28277.0,28285.75,28251.0,28266.75,6405
2026-07-31 11:11:00,28267.5,28271.0,28223.5,28232.0,8535
2026-07-31 11:12:00,28232.25,28271.25,28214.75,28266.75,9316
2026-07-31 11:13:00,28267.0,28280.0,28245.5,28276.0,6214
2026-07-31 11:14:00,28276.5,28299.5,28267.75,28270.0,7209
2026-07-31 11:15:00,28269.75,28339.0,28266.75,28307.25,11051
2026-07-31 11:16:00,28306.75,28310.25,28244.0,28259.75,7158
2026-07-31 11:17:00,28260.0,28266.5,28239.75,28253.25,4687
2026-07-31 11:18:00,28253.75,28263.0,28236.0,28258.5,5094
2026-07-31 11:19:00,28258.0,28273.0,28251.25,28260.5,4309
2026-07-31 11:20:00,28260.0,28271.0,28236.75,28244.75,4834
2026-07-31 11:21:00,28244.75,28265.0,28220.5,28222.5,5325
2026-07-31 11:22:00,28222.25,28237.25,28206.0,28214.0,7065
2026-07-31 11:23:00,28214.0,28225.0,28202.25,28219.0,4973
2026-07-31 11:24:00,28218.75,28221.5,28193.0,28196.25,4911
2026-07-31 11:25:00,28196.0,28208.0,28173.25,28178.5,7288
2026-07-31 11:26:00,28178.5,28187.75,28132.0,28142.25,9344
2026-07-31 11:27:00,28142.25,28157.0,28131.0,28134.0,6522
2026-07-31 11:28:00,28134.75,28158.5,28121.75,28153.5,6577
2026-07-31 11:29:00,28151.75,28164.5,28134.5,28150.75,5515
2026-07-31 11:30:00,28151.25,28167.25,28138.75,28154.0,6092
2026-07-31 11:31:00,28154.0,28179.5,28148.5,28150.0,6340
2026-07-31 11:32:00,28150.5,28160.0,28140.0,28157.75,4498
2026-07-31 11:33:00,28157.25,28163.75,28138.0,28143.0,5017
2026-07-31 11:34:00,28143.75,28176.5,28115.5,28175.5,8512
2026-07-31 11:35:00,28175.25,28205.0,28171.75,28190.0,8124
2026-07-31 11:36:00,28191.0,28214.25,28185.75,28195.0,6034
2026-07-31 11:37:00,28195.0,28221.75,28194.0,28217.75,4567
2026-07-31 11:38:00,28217.75,28260.5,28217.5,28248.75,7471
2026-07-31 11:39:00,28248.75,28254.25,28227.25,28235.25,4830
2026-07-31 11:40:00,28235.5,28249.0,28221.75,28228.75,5061
2026-07-31 11:41:00,28228.5,28230.75,28171.0,28180.0,8485
2026-07-31 11:42:00,28180.0,28192.75,28167.0,28181.0,5387
2026-07-31 11:43:00,28180.0,28202.5,28163.5,28201.25,5208
2026-07-31 11:44:00,28200.75,28219.25,28197.0,28214.75,4486
2026-07-31 11:45:00,28215.25,28225.75,28189.5,28204.5,5418
2026-07-31 11:46:00,28205.0,28220.5,28192.75,28193.75,4343
2026-07-31 11:47:00,28195.0,28202.5,28165.25,28178.5,5551
2026-07-31 11:48:00,28180.25,28201.75,28169.25,28199.0,3874
2026-07-31 11:49:00,28199.0,28210.0,28181.5,28193.75,3752
2026-07-31 11:50:00,28194.25,28237.25,28188.5,28232.75,5828
2026-07-31 11:51:00,28232.25,28253.0,28225.5,28252.0,5430
2026-07-31 11:52:00,28251.0,28270.25,28229.25,28263.5,5208
2026-07-31 11:53:00,28263.75,28269.5,28240.75,28253.5,3796
2026-07-31 11:54:00,28253.75,28287.75,28247.5,28280.25,4854
2026-07-31 11:55:00,28279.75,28291.0,28261.0,28272.5,4945
2026-07-31 11:56:00,28272.75,28284.5,28267.25,28277.75,3188
2026-07-31 11:57:00,28278.25,28290.75,28276.0,28283.0,2930
2026-07-31 11:58:00,28282.5,28295.25,28266.5,28267.5,4011
2026-07-31 11:59:00,28267.75,28277.75,28251.25,28273.75,4165
2026-07-31 12:00:00,28273.75,28295.25,28257.25,28292.25,5147
2026-07-31 12:01:00,28292.75,28309.0,28286.25,28287.25,5717
2026-07-31 12:02:00,28287.75,28298.0,28270.25,28281.25,3818
2026-07-31 12:03:00,28281.75,28293.5,28276.0,28287.0,2707
2026-07-31 12:04:00,28287.5,28308.0,28284.75,28290.5,3608
2026-07-31 12:05:00,28290.75,28298.25,28272.5,28273.75,3675
2026-07-31 12:06:00,28273.75,28281.5,28252.0,28265.5,5040
2026-07-31 12:07:00,28264.75,28269.5,28242.0,28258.25,4210
2026-07-31 12:08:00,28258.5,28277.75,28254.75,28276.0,2868
2026-07-31 12:09:00,28275.75,28283.25,28271.25,28274.75,2846
2026-07-31 12:10:00,28274.0,28288.0,28268.25,28280.0,2813
2026-07-31 12:11:00,28279.25,28296.0,28271.75,28295.25,4274
2026-07-31 12:12:00,28295.0,28304.75,28282.5,28288.75,3476
2026-07-31 12:13:00,28289.5,28304.75,28279.5,28303.25,2369
2026-07-31 12:14:00,28303.5,28308.5,28283.0,28300.5,3229
2026-07-31 12:15:00,28301.0,28310.0,28261.25,28265.5,5412
2026-07-31 12:16:00,28265.5,28284.25,28256.0,28281.0,3788
2026-07-31 12:17:00,28281.0,28296.75,28272.5,28290.5,3097
2026-07-31 12:18:00,28291.25,28301.25,28280.0,28297.25,2655
2026-07-31 12:19:00,28297.75,28303.5,28285.0,28292.0,2196
2026-07-31 12:20:00,28292.5,28309.25,28285.75,28308.5,2819
2026-07-31 12:21:00,28309.25,28315.0,28293.25,28303.25,3954
2026-07-31 12:22:00,28301.75,28317.5,28296.5,28310.75,2970
2026-07-31 12:23:00,28310.0,28321.0,28309.5,28318.75,2708
2026-07-31 12:24:00,28318.5,28341.0,28318.25,28332.0,4780
2026-07-31 12:25:00,28332.5,28334.25,28305.5,28313.75,3902
2026-07-31 12:26:00,28313.75,28328.0,28305.25,28325.0,3125
2026-07-31 12:27:00,28325.25,28338.75,28322.0,28323.25,2912
2026-07-31 12:28:00,28323.5,28349.0,28319.5,28344.25,3366
2026-07-31 12:29:00,28344.5,28364.0,28343.25,28363.5,4505
2026-07-31 12:30:00,28364.0,28381.5,28354.75,28355.5,6622
2026-07-31 12:31:00,28356.5,28376.5,28350.25,28376.25,4029
2026-07-31 12:32:00,28376.25,28383.75,28372.0,28378.25,3157
2026-07-31 12:33:00,28377.75,28387.75,28370.0,28386.0,3112
2026-07-31 12:34:00,28385.0,28387.0,28371.25,28376.5,2706
2026-07-31 12:35:00,28376.25,28389.0,28372.75,28383.0,2859
2026-07-31 12:36:00,28382.75,28384.75,28360.25,28362.75,3412
2026-07-31 12:37:00,28362.0,28375.5,28360.5,28370.0,2459
2026-07-31 12:38:00,28370.0,28372.25,28356.0,28358.0,3210
2026-07-31 12:39:00,28358.5,28371.0,28356.25,28363.5,2163
2026-07-31 12:40:00,28363.0,28371.5,28355.5,28360.25,2563
2026-07-31 12:41:00,28360.0,28364.25,28329.0,28329.75,4644
2026-07-31 12:42:00,28329.5,28342.75,28321.0,28336.75,4270
2026-07-31 12:43:00,28336.25,28343.5,28322.0,28326.25,2820
2026-07-31 12:44:00,28327.25,28331.5,28313.75,28321.25,3227
2026-07-31 12:45:00,28321.5,28334.0,28308.0,28326.0,3904
2026-07-31 12:46:00,28327.0,28344.75,28313.25,28344.5,3372
2026-07-31 12:47:00,28344.75,28348.0,28335.0,28345.0,2718
2026-07-31 12:48:00,28344.5,28345.75,28332.25,28342.75,2141
2026-07-31 12:49:00,28341.75,28349.5,28328.5,28348.0,2977
2026-07-31 12:50:00,28348.0,28367.25,28343.5,28361.0,4760
2026-07-31 12:51:00,28360.75,28383.25,28354.0,28371.25,4245
2026-07-31 12:52:00,28371.5,28376.25,28363.0,28365.75,2165
2026-07-31 12:53:00,28367.25,28372.5,28361.5,28368.25,1909
2026-07-31 12:54:00,28368.5,28377.25,28352.5,28354.5,2671
2026-07-31 12:55:00,28353.25,28372.0,28351.25,28366.5,2661
2026-07-31 12:56:00,28367.25,28379.5,28362.5,28370.5,2730
2026-07-31 12:57:00,28370.25,28387.75,28369.25,28385.25,2562
2026-07-31 12:58:00,28385.75,28391.0,28375.0,28377.75,2663
2026-07-31 12:59:00,28377.25,28381.25,28366.5,28366.75,2131
2026-07-31 13:00:00,28367.25,28386.5,28359.75,28385.25,3770
2026-07-31 13:01:00,28384.75,28398.25,28379.0,28397.5,2590
2026-07-31 13:02:00,28406.75,28409.25,28397.25,28400.25,4950
2026-07-31 13:03:00,28400.0,28409.5,28398.0,28406.0,2102
2026-07-31 13:04:00,28405.75,28408.0,28394.25,28394.5,1845
2026-07-31 13:05:00,28395.0,28405.5,28389.0,28397.25,2339
2026-07-31 13:06:00,28396.5,28399.75,28381.5,28383.75,2347
2026-07-31 13:07:00,28383.75,28386.0,28368.0,28369.5,3300
2026-07-31 13:08:00,28368.75,28377.5,28364.25,28374.75,2408
2026-07-31 13:09:00,28375.25,28384.5,28369.75,28378.75,2116
2026-07-31 13:10:00,28379.5,28394.5,28367.25,28385.75,2912
2026-07-31 13:11:00,28386.25,28405.0,28385.5,28402.0,2741
2026-07-31 13:12:00,28401.75,28412.0,28401.25,28404.0,2513
2026-07-31 13:13:00,28404.25,28407.25,28398.25,28401.5,1642
2026-07-31 13:14:00,28401.5,28407.25,28394.75,28403.0,1743
2026-07-31 13:15:00,28403.0,28421.0,28398.5,28412.5,3708
2026-07-31 13:16:00,28412.25,28422.75,28403.25,28406.5,2926
2026-07-31 13:17:00,28406.5,28409.25,28399.25,28399.75,1631
2026-07-31 13:18:00,28399.75,28408.25,28395.5,28402.75,1873
2026-07-31 13:19:00,28402.5,28420.5,28402.0,28417.25,1935
2026-07-31 13:20:00,28418.0,28425.25,28416.0,28420.25,2044
2026-07-31 13:21:00,28420.5,28420.75,28408.25,28409.25,2089
2026-07-31 13:22:00,28409.75,28413.75,28396.75,28413.5,2526
2026-07-31 13:23:00,28413.75,28429.75,28411.75,28429.5,2616
2026-07-31 13:24:00,28429.5,28455.75,28428.5,28454.0,5392
2026-07-31 13:25:00,28453.75,28464.75,28451.75,28461.5,3729
2026-07-31 13:26:00,28461.75,28465.0,28449.25,28464.5,3366
2026-07-31 13:27:00,28463.75,28477.75,28454.5,28455.75,5336
2026-07-31 13:28:00,28456.25,28469.5,28454.25,28456.5,2709
2026-07-31 13:29:00,28456.5,28468.0,28455.0,28462.25,2475
2026-07-31 13:30:00,28462.25,28463.25,28450.75,28454.5,2817
2026-07-31 13:31:00,28454.25,28467.75,28452.75,28461.25,1926
2026-07-31 13:32:00,28461.5,28467.25,28448.75,28461.0,2542
2026-07-31 13:33:00,28460.75,28481.25,28458.5,28481.0,2926
2026-07-31 13:34:00,28481.25,28486.0,28476.25,28481.75,3071
2026-07-31 13:35:00,28480.25,28490.75,28475.75,28485.5,2290
2026-07-31 13:36:00,28486.25,28494.75,28485.25,28489.75,2389
2026-07-31 13:37:00,28489.25,28499.75,28487.75,28498.25,2434
2026-07-31 13:38:00,28498.0,28502.75,28478.5,28478.75,4039
2026-07-31 13:39:00,28479.0,28479.0,28454.5,28455.0,4572
2026-07-31 13:40:00,28455.5,28472.0,28451.75,28465.5,3364
2026-07-31 13:41:00,28465.75,28468.25,28451.0,28456.5,2696
2026-07-31 13:42:00,28455.75,28456.75,28443.25,28447.25,3411
2026-07-31 13:43:00,28447.75,28461.5,28445.75,28459.75,2287
2026-07-31 13:44:00,28460.0,28467.0,28451.0,28456.25,2470
2026-07-31 13:45:00,28456.25,28464.75,28450.75,28451.5,2141
2026-07-31 13:46:00,28451.75,28475.75,28451.25,28463.5,2904
2026-07-31 13:47:00,28463.5,28465.5,28434.5,28435.0,3791
2026-07-31 13:48:00,28435.0,28439.0,28419.0,28427.5,5487
2026-07-31 13:49:00,28428.0,28435.25,28417.75,28421.25,3014
2026-07-31 13:50:00,28420.75,28432.25,28416.0,28429.75,2858
2026-07-31 13:51:00,28430.25,28449.75,28420.25,28448.75,3408
2026-07-31 13:52:00,28449.75,28465.25,28445.0,28447.25,4464
2026-07-31 13:53:00,28447.75,28454.75,28440.25,28442.25,2051
2026-07-31 13:54:00,28442.5,28451.5,28440.0,28443.5,1714
2026-07-31 13:55:00,28443.75,28456.0,28441.25,28450.5,2282
2026-07-31 13:56:00,28450.0,28458.75,28445.25,28447.0,1929
2026-07-31 13:57:00,28447.0,28448.5,28434.25,28446.25,2543
2026-07-31 13:58:00,28446.0,28447.25,28435.0,28436.75,1787
2026-07-31 13:59:00,28436.5,28436.75,28424.75,28429.0,2307
2026-07-31 14:00:00,28428.75,28443.25,28418.0,28441.0,4222
2026-07-31 14:01:00,28441.5,28460.0,28440.5,28446.75,3230
2026-07-31 14:02:00,28447.0,28449.25,28436.0,28441.5,1900
2026-07-31 14:03:00,28442.0,28444.75,28428.75,28429.75,1715
2026-07-31 14:04:00,28430.25,28439.5,28426.25,28427.0,1885
2026-07-31 14:05:00,28426.75,28429.0,28413.75,28426.0,3455
2026-07-31 14:06:00,28426.5,28454.0,28426.5,28444.5,3837
2026-07-31 14:07:00,28444.25,28447.0,28427.75,28433.0,2264
2026-07-31 14:08:00,28433.5,28443.5,28428.0,28436.75,1838
2026-07-31 14:09:00,28436.5,28440.0,28427.25,28429.0,1645
2026-07-31 14:10:00,28429.25,28437.25,28417.0,28420.0,2484
2026-07-31 14:11:00,28420.25,28420.25,28397.5,28402.75,5349
2026-07-31 14:12:00,28403.25,28410.75,28395.25,28398.25,3738
2026-07-31 14:13:00,28398.5,28409.5,28395.25,28407.25,2719
2026-07-31 14:14:00,28406.75,28414.25,28395.75,28402.25,3091
2026-07-31 14:15:00,28403.0,28419.0,28398.0,28417.75,2969
2026-07-31 14:16:00,28417.75,28424.5,28413.75,28420.0,2939
2026-07-31 14:17:00,28420.0,28433.5,28415.5,28423.0,3039
2026-07-31 14:18:00,28422.75,28446.0,28421.25,28440.25,3369
2026-07-31 14:19:00,28440.75,28442.5,28425.5,28427.75,2485
2026-07-31 14:20:00,28428.0,28441.75,28420.25,28433.5,2994
2026-07-31 14:21:00,28433.25,28443.75,28427.25,28437.5,1880
2026-07-31 14:22:00,28437.0,28443.5,28430.5,28437.5,1916
2026-07-31 14:23:00,28437.75,28443.75,28433.5,28436.0,1714
2026-07-31 14:24:00,28436.5,28446.75,28434.5,28437.25,1804
2026-07-31 14:25:00,28437.25,28439.0,28415.25,28418.5,3083
2026-07-31 14:26:00,28418.5,28424.5,28412.5,28418.75,2119
2026-07-31 14:27:00,28419.25,28423.25,28413.0,28419.5,1594
2026-07-31 14:28:00,28418.5,28426.0,28414.5,28418.25,1598
2026-07-31 14:29:00,28419.0,28429.0,28416.75,28422.25,1492
2026-07-31 14:30:00,28422.25,28442.5,28422.25,28439.75,2703
2026-07-31 14:31:00,28440.0,28444.5,28433.25,28438.25,1841
2026-07-31 14:32:00,28438.75,28441.0,28433.5,28440.25,1202
2026-07-31 14:33:00,28439.5,28440.5,28433.0,28437.75,1036
2026-07-31 14:34:00,28438.5,28449.0,28434.5,28435.0,1964
2026-07-31 14:35:00,28434.5,28435.0,28415.25,28427.75,2950
2026-07-31 14:36:00,28428.75,28436.75,28422.5,28424.5,1843
2026-07-31 14:37:00,28424.25,28430.25,28415.5,28425.75,2180
2026-07-31 14:38:00,28425.75,28433.5,28424.5,28430.5,1186
2026-07-31 14:39:00,28431.0,28433.25,28425.25,28426.25,1113
2026-07-31 14:40:00,28426.5,28428.0,28416.0,28425.0,1670
2026-07-31 14:41:00,28425.25,28437.25,28423.25,28429.5,2237
2026-07-31 14:42:00,28429.5,28441.25,28424.75,28440.0,1474
2026-07-31 14:43:00,28440.25,28442.5,28434.75,28435.25,841
2026-07-31 14:44:00,28434.75,28439.0,28427.75,28432.75,1008
2026-07-31 14:45:00,28432.75,28445.0,28430.75,28440.75,1620
2026-07-31 14:46:00,28440.75,28443.0,28425.25,28426.25,1681
2026-07-31 14:47:00,28425.75,28431.5,28422.0,28430.5,1311
2026-07-31 14:48:00,28430.75,28439.5,28426.75,28439.0,1642
2026-07-31 14:49:00,28438.75,28451.25,28436.0,28447.75,1841
2026-07-31 14:50:00,28447.75,28461.75,28447.5,28458.25,2824
2026-07-31 14:51:00,28458.25,28461.25,28449.25,28455.75,1756
2026-07-31 14:52:00,28455.5,28461.25,28449.75,28451.0,1659
2026-07-31 14:53:00,28450.5,28454.5,28446.0,28450.75,1458
2026-07-31 14:54:00,28450.5,28451.75,28443.5,28445.75,1275
2026-07-31 14:55:00,28445.75,28453.0,28429.0,28429.5,2857
2026-07-31 14:56:00,28429.75,28433.75,28422.0,28430.5,2477
2026-07-31 14:57:00,28430.25,28432.75,28416.25,28429.25,2916
2026-07-31 14:58:00,28430.0,28435.5,28426.75,28432.0,1562
2026-07-31 14:59:00,28431.5,28439.25,28427.5,28433.75,2036
2026-07-31 15:00:00,28433.5,28458.75,28431.0,28448.75,3918
2026-07-31 15:01:00,28448.25,28451.25,28434.0,28438.0,2249
2026-07-31 15:02:00,28438.5,28445.75,28432.0,28433.5,2349
2026-07-31 15:03:00,28433.5,28440.75,28426.75,28429.75,2270
2026-07-31 15:04:00,28430.25,28431.25,28418.25,28420.5,2096
2026-07-31 15:05:00,28420.5,28432.0,28409.75,28428.25,3882
2026-07-31 15:06:00,28428.5,28429.75,28410.5,28416.25,2421
2026-07-31 15:07:00,28415.5,28423.25,28405.25,28422.0,2603
2026-07-31 15:08:00,28422.25,28427.5,28416.25,28425.75,2513
2026-07-31 15:09:00,28426.25,28432.75,28421.5,28428.0,1998
2026-07-31 15:10:00,28428.25,28438.0,28425.25,28432.75,2148
2026-07-31 15:11:00,28432.75,28438.5,28424.25,28427.25,1617
2026-07-31 15:12:00,28427.0,28443.25,28419.0,28439.5,2846
2026-07-31 15:13:00,28439.75,28442.5,28435.5,28436.0,1361
2026-07-31 15:14:00,28436.0,28440.25,28431.25,28432.5,1120
2026-07-31 15:15:00,28433.0,28444.75,28426.5,28442.0,1972
2026-07-31 15:16:00,28441.25,28446.0,28433.0,28437.25,1584
2026-07-31 15:17:00,28437.0,28456.0,28435.25,28454.75,2819
2026-07-31 15:18:00,28455.0,28473.0,28454.25,28470.5,4362
2026-07-31 15:19:00,28471.0,28488.0,28470.0,28485.0,4111
2026-07-31 15:20:00,28485.5,28492.25,28478.75,28487.5,3673
2026-07-31 15:21:00,28487.5,28495.5,28483.75,28488.0,3105
2026-07-31 15:22:00,28488.5,28498.5,28486.75,28488.25,2892
2026-07-31 15:23:00,28488.5,28492.5,28476.5,28479.0,3156
2026-07-31 15:24:00,28479.75,28481.25,28467.5,28470.25,3930
2026-07-31 15:25:00,28470.25,28471.5,28460.5,28466.0,2598
2026-07-31 15:26:00,28465.75,28480.5,28465.75,28472.75,2349
2026-07-31 15:27:00,28472.25,28478.5,28468.25,28472.5,1582
2026-07-31 15:28:00,28472.5,28478.0,28471.25,28474.25,1366
2026-07-31 15:29:00,28473.75,28478.0,28467.5,28475.25,1380
2026-07-31 15:30:00,28475.0,28481.75,28443.5,28453.75,5316
2026-07-31 15:31:00,28453.75,28454.75,28441.75,28450.75,2827
2026-07-31 15:32:00,28451.25,28455.0,28442.0,28454.5,2398
2026-07-31 15:33:00,28455.25,28461.25,28449.0,28451.0,2167
2026-07-31 15:34:00,28451.0,28464.25,28447.75,28459.5,1949
2026-07-31 15:35:00,28460.25,28469.5,28453.25,28465.25,3189
2026-07-31 15:36:00,28465.25,28473.75,28459.5,28470.5,2445
2026-07-31 15:37:00,28470.25,28471.0,28457.5,28462.75,2007
2026-07-31 15:38:00,28462.25,28467.25,28451.25,28460.0,2161
2026-07-31 15:39:00,28459.75,28463.75,28456.0,28458.75,1501
2026-07-31 15:40:00,28458.5,28461.0,28445.0,28448.0,2130
2026-07-31 15:41:00,28448.25,28454.0,28435.25,28437.75,3311
2026-07-31 15:42:00,28437.5,28451.0,28434.25,28450.25,2335
2026-07-31 15:43:00,28450.5,28475.0,28450.25,28474.0,3361
2026-07-31 15:44:00,28474.25,28485.0,28468.75,28477.25,3432
2026-07-31 15:45:00,28477.5,28498.5,28477.25,28485.5,4726
2026-07-31 15:46:00,28485.0,28506.25,28485.0,28498.25,3859
2026-07-31 15:47:00,28498.75,28505.75,28482.25,28484.0,3333
2026-07-31 15:48:00,28483.5,28489.5,28481.0,28486.75,1997
2026-07-31 15:49:00,28486.75,28510.75,28484.0,28509.0,2876
2026-07-31 15:50:00,28509.0,28518.5,28487.75,28491.25,6527
2026-07-31 15:51:00,28492.0,28492.0,28473.75,28482.0,4187
2026-07-31 15:52:00,28482.0,28504.25,28480.25,28500.5,2973
2026-07-31 15:53:00,28500.25,28516.25,28492.25,28512.0,3617
2026-07-31 15:54:00,28512.5,28524.5,28501.0,28507.0,7140
2026-07-31 15:55:00,28508.0,28517.5,28461.75,28471.75,7076
2026-07-31 15:56:00,28471.0,28481.25,28469.5,28474.0,2844
2026-07-31 15:57:00,28474.75,28479.25,28455.25,28457.5,3823
2026-07-31 15:58:00,28457.0,28465.5,28448.0,28458.25,4275
2026-07-31 15:59:00,28458.25,28462.0,28383.5,28402.5,16065
2026-07-31 16:00:00,28403.0,28436.0,28400.5,28409.25,8172
2026-07-31 16:01:00,28409.5,28413.0,28386.25,28388.25,3865
2026-07-31 16:02:00,28387.25,28389.25,28340.5,28353.25,6894
2026-07-31 16:03:00,28353.25,28362.25,28344.0,28350.25,2957
2026-07-31 16:04:00,28350.5,28368.75,28346.5,28363.5,2588
2026-07-31 16:05:00,28362.75,28375.0,28347.75,28360.25,2656
2026-07-31 16:06:00,28359.25,28380.5,28356.25,28375.0,2590
2026-07-31 16:07:00,28374.0,28378.75,28361.25,28373.5,1333
2026-07-31 16:08:00,28372.5,28395.0,28369.5,28391.75,2124
2026-07-31 16:09:00,28392.25,28400.5,28386.0,28391.25,1873
2026-07-31 16:10:00,28391.5,28403.5,28387.5,28395.75,1662
2026-07-31 16:11:00,28395.75,28401.5,28390.25,28392.25,875
2026-07-31 16:12:00,28392.25,28400.75,28390.25,28393.5,1205
2026-07-31 16:13:00,28394.0,28406.0,28394.0,28396.25,1097
2026-07-31 16:14:00,28396.25,28401.0,28392.25,28393.75,956
2026-07-31 16:15:00,28393.75,28395.5,28376.25,28377.75,1620
2026-07-31 16:16:00,28377.5,28380.75,28364.25,28374.25,1302
2026-07-31 16:17:00,28374.25,28393.5,28370.75,28391.5,1511
2026-07-31 16:18:00,28392.0,28393.0,28381.5,28385.75,660
2026-07-31 16:19:00,28386.25,28386.5,28375.5,28381.75,860
2026-07-31 16:20:00,28381.75,28382.5,28378.0,28381.25,387
2026-07-31 16:21:00,28380.75,28381.0,28376.25,28376.75,473
2026-07-31 16:22:00,28376.75,28388.75,28374.25,28377.0,698
2026-07-31 16:23:00,28377.0,28384.0,28376.75,28377.0,405
2026-07-31 16:24:00,28377.5,28382.25,28374.25,28374.75,485
2026-07-31 16:25:00,28374.5,28380.25,28370.25,28379.75,565
2026-07-31 16:26:00,28379.5,28380.0,28370.0,28371.25,380
2026-07-31 16:27:00,28371.5,28373.5,28360.25,28366.5,927
2026-07-31 16:28:00,28366.5,28370.75,28361.75,28370.0,586
2026-07-31 16:29:00,28370.0,28374.0,28368.0,28371.75,589
2026-07-31 16:30:00,28371.0,28377.0,28355.75,28363.0,1367
2026-07-31 16:31:00,28363.25,28368.25,28356.0,28361.5,516
2026-07-31 16:32:00,28361.5,28378.0,28358.5,28375.0,908
2026-07-31 16:33:00,28375.5,28390.75,28372.25,28383.75,890
2026-07-31 16:34:00,28383.5,28400.5,28381.5,28394.5,1118
2026-07-31 16:35:00,28394.25,28395.0,28384.5,28385.5,754
2026-07-31 16:36:00,28385.5,28393.0,28381.75,28390.75,664
2026-07-31 16:37:00,28391.5,28395.0,28388.75,28390.5,413
2026-07-31 16:38:00,28391.0,28396.5,28387.5,28393.5,470
2026-07-31 16:39:00,28393.25,28394.25,28389.0,28392.25,332
2026-07-31 16:40:00,28391.75,28392.75,28387.25,28392.5,364
2026-07-31 16:41:00,28392.75,28393.75,28387.25,28392.0,340
2026-07-31 16:42:00,28392.5,28394.5,28385.0,28386.75,281
2026-07-31 16:43:00,28387.25,28387.25,28378.25,28381.0,609
2026-07-31 16:44:00,28380.0,28386.5,28378.0,28381.5,734
2026-07-31 16:45:00,28381.5,28385.75,28379.0,28385.5,638
2026-07-31 16:46:00,28385.0,28386.0,28381.25,28385.75,357
2026-07-31 16:47:00,28385.25,28386.75,28381.0,28381.0,356
2026-07-31 16:48:00,28381.5,28383.0,28378.5,28382.5,308
2026-07-31 16:49:00,28382.25,28384.5,28378.25,28383.25,501
2026-07-31 16:50:00,28383.0,28386.25,28380.75,28383.25,542
2026-07-31 16:51:00,28383.0,28385.25,28380.75,28382.0,494
2026-07-31 16:52:00,28380.75,28385.25,28377.0,28381.5,724
2026-07-31 16:53:00,28381.5,28382.0,28316.75,28339.75,2914
2026-07-31 16:54:00,28340.0,28349.5,28314.0,28344.25,1890
2026-07-31 16:55:00,28344.25,28344.5,28314.25,28319.25,938
2026-07-31 16:56:00,28317.75,28322.0,28301.75,28311.5,1017
2026-07-31 16:57:00,28311.5,28317.5,28295.75,28302.0,867
2026-07-31 16:58:00,28300.0,28312.0,28294.75,28305.75,585
2026-07-31 16:59:00,28304.5,28404.25,28266.0,28404.25,1291
2026-08-02 18:10:00,28602.75,28613.0,28600.25,28608.25,0
2026-08-02 18:11:00,28608.0,28618.75,28605.25,28617.75,1186
2026-08-02 18:12:00,28617.75,28635.5,28614.0,28635.5,1809
2026-08-02 18:13:00,28635.75,28642.0,28633.0,28635.75,1545
2026-08-02 18:14:00,28635.0,28639.0,28621.0,28623.75,1039
2026-08-02 18:15:00,28623.75,28631.0,28615.25,28628.5,1147
2026-08-02 18:16:00,28627.25,28628.0,28619.5,28625.0,554
2026-08-02 18:17:00,28623.0,28631.75,28615.0,28621.5,909
2026-08-02 18:18:00,28620.75,28622.0,28590.5,28591.5,1408
2026-08-02 18:19:00,28592.25,28599.75,28580.5,28595.75,1844
2026-08-02 18:20:00,28596.5,28631.0,28595.5,28624.25,1995
2026-08-02 18:21:00,28623.25,28629.75,28618.25,28626.25,927
2026-08-02 18:22:00,28626.75,28633.0,28620.25,28628.75,817
2026-08-02 18:23:00,28629.75,28630.5,28616.75,28626.25,816
2026-08-02 18:24:00,28625.25,28628.75,28611.25,28612.0,1028
2026-08-02 18:25:00,28612.25,28619.0,28612.0,28615.25,571
2026-08-02 18:26:00,28615.25,28617.25,28600.75,28603.25,865
2026-08-02 18:27:00,28603.0,28624.0,28600.5,28621.0,964
2026-08-02 18:28:00,28622.25,28629.25,28609.5,28627.5,911
2026-08-02 18:29:00,28627.25,28629.5,28610.0,28613.5,701
2026-08-02 18:30:00,28613.5,28619.75,28610.25,28619.5,490
2026-08-02 18:31:00,28619.25,28622.25,28611.5,28614.5,564
2026-08-02 18:32:00,28615.0,28624.25,28607.0,28613.25,893
2026-08-02 18:33:00,28613.0,28617.25,28608.75,28615.75,493
2026-08-02 18:34:00,28616.75,28620.0,28612.0,28613.75,389
2026-08-02 18:35:00,28615.0,28622.25,28610.5,28619.5,433
2026-08-02 18:36:00,28619.5,28619.75,28611.75,28615.0,247
2026-08-02 18:37:00,28615.5,28617.25,28611.0,28613.5,325
2026-08-02 18:38:00,28612.5,28616.25,28609.5,28610.25,424
2026-08-02 18:39:00,28610.25,28620.0,28609.75,28613.0,452
2026-08-02 18:40:00,28613.0,28622.5,28602.25,28621.5,1060
2026-08-02 18:41:00,28620.5,28620.5,28609.0,28611.25,383
2026-08-02 18:42:00,28610.75,28612.25,28595.0,28598.75,1044
2026-08-02 18:43:00,28599.0,28605.0,28595.25,28600.5,570
2026-08-02 18:44:00,28600.75,28606.75,28599.5,28599.5,362
2026-08-02 18:45:00,28599.25,28605.5,28591.25,28601.0,780
2026-08-02 18:46:00,28601.25,28604.25,28598.25,28601.0,330
2026-08-02 18:47:00,28601.0,28601.5,28594.5,28599.5,457
2026-08-02 18:48:00,28599.25,28599.25,28587.25,28591.5,789
2026-08-02 18:49:00,28591.25,28592.5,28587.25,28587.75,367
2026-08-02 18:50:00,28588.75,28593.25,28586.0,28586.25,476
2026-08-02 18:51:00,28586.5,28592.0,28586.0,28589.0,351
2026-08-02 18:52:00,28589.25,28590.5,28583.25,28583.25,405
2026-08-02 18:53:00,28584.25,28592.5,28583.0,28590.25,523
2026-08-02 18:54:00,28591.0,28591.5,28581.25,28585.5,568
2026-08-02 18:55:00,28584.5,28591.25,28583.5,28587.0,275
2026-08-02 18:56:00,28587.25,28589.0,28582.0,28586.75,305
2026-08-02 18:57:00,28587.5,28588.0,28580.25,28582.25,433
2026-08-02 18:58:00,28581.5,28583.25,28560.0,28564.25,2087
2026-08-02 18:59:00,28565.25,28579.25,28563.25,28570.5,1275
2026-08-02 19:00:00,28570.0,28575.75,28567.0,28574.5,571
2026-08-02 19:01:00,28574.0,28591.25,28573.25,28586.75,1225
2026-08-02 19:02:00,28587.0,28588.0,28579.25,28584.25,543
2026-08-02 19:03:00,28585.0,28590.0,28570.25,28572.0,1209
2026-08-02 19:04:00,28572.25,28578.75,28570.5,28577.0,610
2026-08-02 19:05:00,28577.0,28579.0,28572.0,28572.25,328
2026-08-02 19:06:00,28573.25,28589.75,28569.5,28584.25,1072
2026-08-02 19:07:00,28584.25,28585.0,28570.25,28570.25,630
2026-08-02 19:08:00,28570.5,28571.5,28554.5,28558.5,1747
2026-08-02 19:09:00,28557.0,28560.0,28552.0,28552.25,803
2026-08-02 19:10:00,28552.0,28557.0,28551.5,28555.75,532
2026-08-02 19:11:00,28555.0,28558.0,28541.5,28547.25,1207
2026-08-02 19:12:00,28547.25,28565.5,28544.5,28560.5,1329
2026-08-02 19:13:00,28561.25,28563.75,28555.75,28561.0,560
2026-08-02 19:14:00,28561.0,28566.75,28555.25,28557.5,634
2026-08-02 19:15:00,28557.5,28565.5,28556.0,28561.25,412
2026-08-02 19:16:00,28561.75,28563.75,28560.5,28561.0,255
2026-08-02 19:17:00,28561.25,28561.25,28553.0,28557.5,657
2026-08-02 19:18:00,28558.5,28562.0,28553.75,28562.0,535
2026-08-02 19:19:00,28561.25,28562.75,28558.25,28561.0,288
2026-08-02 19:20:00,28561.0,28564.5,28557.75,28558.75,208
2026-08-02 19:21:00,28558.25,28564.5,28555.5,28563.25,429
2026-08-02 19:22:00,28562.75,28598.0,28559.5,28580.5,3152
2026-08-02 19:23:00,28582.25,28595.25,28576.5,28578.5,1665
2026-08-02 19:24:00,28578.25,28592.5,28578.25,28590.5,1038
2026-08-02 19:25:00,28589.5,28595.0,28584.5,28586.75,826
2026-08-02 19:26:00,28586.25,28594.25,28582.25,28586.5,717
2026-08-02 19:27:00,28586.75,28592.75,28583.75,28592.0,375
2026-08-02 19:28:00,28592.25,28592.75,28578.5,28583.5,671
2026-08-02 19:29:00,28583.75,28587.5,28581.75,28585.25,256
2026-08-02 19:30:00,28585.5,28603.5,28585.5,28598.25,1151
2026-08-02 19:31:00,28598.0,28599.0,28591.25,28593.25,615
2026-08-02 19:32:00,28593.25,28594.75,28586.0,28592.5,503
2026-08-02 19:33:00,28593.25,28622.0,28579.0,28582.25,1936
2026-08-02 19:34:00,28582.5,28590.75,28579.0,28589.75,731
2026-08-02 19:35:00,28589.5,28589.5,28580.5,28581.75,373
2026-08-02 19:36:00,28582.75,28588.75,28580.75,28587.25,337
2026-08-02 19:37:00,28586.25,28587.5,28579.5,28582.75,319
2026-08-02 19:38:00,28581.0,28591.75,28579.0,28590.5,635
2026-08-02 19:39:00,28590.0,28590.75,28580.25,28581.0,395
2026-08-02 19:40:00,28580.25,28584.25,28578.0,28579.75,482
2026-08-02 19:41:00,28580.0,28584.0,28573.75,28578.5,719
2026-08-02 19:42:00,28578.75,28588.5,28578.75,28583.0,547
2026-08-02 19:43:00,28582.75,28586.25,28580.0,28586.0,408
2026-08-02 19:44:00,28584.0,28609.25,28583.25,28604.25,2213
2026-08-02 19:45:00,28604.25,28608.0,28575.0,28576.75,1826
2026-08-02 19:46:00,28577.0,28587.25,28570.5,28580.25,1234
2026-08-02 19:47:00,28582.25,28587.5,28575.25,28578.5,547
2026-08-02 19:48:00,28578.25,28594.5,28578.25,28591.5,664
2026-08-02 19:49:00,28592.0,28616.0,28591.75,28603.0,1281
2026-08-02 19:50:00,28603.5,28613.5,28602.5,28612.25,968
2026-08-02 19:51:00,28612.75,28635.0,28612.5,28633.25,2296
2026-08-02 19:52:00,28634.0,28637.75,28582.5,28610.75,3129
2026-08-02 19:53:00,28610.75,28626.5,28601.0,28609.25,1914
2026-08-02 19:54:00,28608.75,28613.0,28559.0,28591.0,2421
2026-08-02 19:55:00,28591.25,28607.0,28577.25,28602.0,1690
2026-08-02 19:56:00,28602.0,28604.5,28580.0,28581.0,1168
2026-08-02 19:57:00,28581.25,28586.5,28579.25,28585.5,637
2026-08-02 19:58:00,28586.25,28603.75,28581.5,28602.5,802
2026-08-02 19:59:00,28602.75,28621.25,28599.5,28613.5,1822
2026-08-02 20:00:00,28611.75,28611.75,28565.0,28580.25,2995
2026-08-02 20:01:00,28581.0,28603.0,28571.5,28586.75,1776
2026-08-02 20:02:00,28586.25,28596.25,28575.0,28590.5,1039
2026-08-02 20:03:00,28589.25,28599.0,28565.0,28570.0,1393
2026-08-02 20:04:00,28570.0,28572.5,28562.0,28571.0,1245
2026-08-02 20:05:00,28570.5,28585.25,28563.0,28579.25,1550
2026-08-02 20:06:00,28578.5,28583.75,28554.25,28568.75,1726
2026-08-02 20:07:00,28568.75,28587.0,28566.25,28584.75,1246
2026-08-02 20:08:00,28583.75,28590.0,28576.0,28581.75,991
2026-08-02 20:09:00,28581.0,28600.0,28580.0,28597.25,1209
2026-08-02 20:10:00,28596.0,28614.75,28592.0,28598.25,2226
2026-08-02 20:11:00,28597.25,28606.0,28586.0,28590.75,1072
2026-08-02 20:12:00,28590.5,28592.5,28572.75,28582.75,1058
2026-08-02 20:13:00,28584.25,28610.0,28578.75,28598.5,1488
2026-08-02 20:14:00,28599.25,28614.75,28595.75,28610.0,899
2026-08-02 20:15:00,28610.0,28630.25,28608.5,28619.75,1973
2026-08-02 20:16:00,28620.0,28623.75,28605.0,28607.0,974
2026-08-02 20:17:00,28607.5,28615.0,28601.5,28609.0,1010
2026-08-02 20:18:00,28609.25,28613.75,28602.0,28602.75,740
2026-08-02 20:19:00,28602.5,28610.0,28594.5,28599.5,810
2026-08-02 20:20:00,28599.5,28604.75,28593.5,28597.0,550
2026-08-02 20:21:00,28596.25,28611.5,28593.25,28611.5,781
2026-08-02 20:22:00,28611.5,28614.0,28595.0,28597.75,831
2026-08-02 20:23:00,28597.0,28598.5,28583.75,28593.25,952
2026-08-02 20:24:00,28592.0,28599.75,28579.5,28581.0,868
2026-08-02 20:25:00,28579.75,28579.75,28563.75,28571.0,1946
2026-08-02 20:26:00,28570.0,28587.75,28565.25,28574.0,1122
2026-08-02 20:27:00,28575.0,28587.25,28564.75,28568.25,1048
2026-08-02 20:28:00,28568.25,28569.75,28542.5,28542.5,2266
2026-08-02 20:29:00,28543.75,28558.75,28536.5,28555.0,2019
2026-08-02 20:30:00,28554.25,28558.5,28542.0,28548.25,1268
2026-08-02 20:31:00,28548.0,28565.25,28543.0,28559.5,1662
2026-08-02 20:32:00,28559.75,28575.75,28546.25,28569.25,1713
2026-08-02 20:33:00,28568.75,28581.5,28564.0,28576.25,1559
2026-08-02 20:34:00,28576.25,28588.0,28567.25,28583.25,1167
2026-08-02 20:35:00,28583.25,28594.0,28577.0,28592.75,1185
2026-08-02 20:36:00,28592.25,28597.0,28584.0,28584.25,964
2026-08-02 20:37:00,28584.75,28590.75,28580.5,28587.25,664
2026-08-02 20:38:00,28587.25,28608.75,28582.25,28604.5,1404
2026-08-02 20:39:00,28604.75,28611.0,28597.25,28598.25,1646
2026-08-02 20:40:00,28597.5,28609.25,28593.5,28606.5,1208
2026-08-02 20:41:00,28606.25,28611.25,28589.25,28591.5,1015
2026-08-02 20:42:00,28592.0,28596.25,28582.5,28591.25,910
2026-08-02 20:43:00,28591.25,28594.0,28574.5,28574.5,993
2026-08-02 20:44:00,28575.0,28604.75,28573.25,28582.5,1650
2026-08-02 20:45:00,28583.0,28589.5,28577.5,28587.5,651
2026-08-02 20:46:00,28586.75,28593.25,28575.5,28576.5,525
2026-08-02 20:47:00,28576.75,28590.25,28572.0,28585.5,981
2026-08-02 20:48:00,28585.0,28618.0,28581.0,28611.25,2303
2026-08-02 20:49:00,28612.0,28617.5,28600.0,28617.0,1007
2026-08-02 20:50:00,28617.0,28618.5,28609.5,28618.5,992
2026-08-02 20:51:00,28618.5,28622.75,28582.25,28588.5,2057
2026-08-02 20:52:00,28588.5,28607.75,28585.5,28603.75,1033
2026-08-02 20:53:00,28604.0,28613.75,28602.0,28612.5,741
2026-08-02 20:54:00,28612.5,28624.0,28610.75,28613.5,1012
2026-08-02 20:55:00,28614.0,28618.0,28608.5,28612.0,637
2026-08-02 20:56:00,28612.75,28617.0,28609.5,28615.25,447
2026-08-02 20:57:00,28616.0,28618.0,28604.25,28612.5,532
2026-08-02 20:58:00,28613.0,28620.0,28611.25,28616.25,626
2026-08-02 20:59:00,28616.75,28627.0,28612.25,28622.25,999
2026-08-02 21:00:00,28622.25,28624.0,28606.0,28610.0,1194
2026-08-02 21:01:00,28610.25,28618.0,28601.25,28615.5,1058
2026-08-02 21:02:00,28615.5,28619.0,28603.0,28613.0,736
2026-08-02 21:03:00,28612.5,28622.25,28609.0,28622.25,676
2026-08-02 21:04:00,28622.0,28630.0,28618.75,28624.5,1154
2026-08-02 21:05:00,28624.5,28635.0,28623.25,28629.75,1363
2026-08-02 21:06:00,28630.25,28631.5,28617.5,28617.75,666
2026-08-02 21:07:00,28617.5,28624.5,28603.5,28609.5,1410
2026-08-02 21:08:00,28609.75,28617.0,28605.5,28608.0,694
2026-08-02 21:09:00,28608.5,28622.75,28605.0,28616.75,852
2026-08-02 21:10:00,28616.5,28627.75,28615.0,28617.0,753
2026-08-02 21:11:00,28617.25,28620.25,28603.25,28606.0,799
2026-08-02 21:12:00,28606.25,28614.25,28604.75,28606.5,633
2026-08-02 21:13:00,28606.25,28607.25,28584.5,28588.25,1548
2026-08-02 21:14:00,28588.0,28595.5,28584.0,28591.75,898
2026-08-02 21:15:00,28592.5,28594.25,28585.5,28592.0,597
2026-08-02 21:16:00,28591.0,28593.0,28580.0,28581.75,1024
2026-08-02 21:17:00,28581.75,28584.25,28577.75,28580.75,763
2026-08-02 21:18:00,28581.5,28583.25,28570.75,28576.0,1309
2026-08-02 21:19:00,28576.25,28576.25,28564.0,28569.5,1007
2026-08-02 21:20:00,28569.25,28581.75,28565.75,28578.75,1003
2026-08-02 21:21:00,28579.25,28585.25,28576.5,28580.25,900
2026-08-02 21:22:00,28579.5,28584.0,28568.75,28580.0,804
2026-08-02 21:23:00,28580.5,28591.25,28578.0,28587.75,870
2026-08-02 21:24:00,28588.25,28594.75,28583.5,28591.5,667
2026-08-02 21:25:00,28591.0,28605.0,28590.25,28602.0,1308
2026-08-02 21:26:00,28602.0,28605.0,28597.25,28602.25,623
2026-08-02 21:27:00,28602.5,28615.75,28602.5,28607.75,1015
2026-08-02 21:28:00,28608.0,28612.75,28598.25,28608.25,769
2026-08-02 21:29:00,28607.75,28613.25,28605.5,28608.25,461
2026-08-02 21:30:00,28607.0,28618.0,28605.0,28613.5,783
2026-08-02 21:31:00,28613.75,28617.25,28608.5,28610.0,535
2026-08-02 21:32:00,28610.0,28615.25,28597.25,28598.0,912
2026-08-02 21:33:00,28598.0,28607.25,28595.5,28605.25,756
2026-08-02 21:34:00,28604.75,28605.0,28595.0,28598.75,519
2026-08-02 21:35:00,28598.25,28599.0,28588.5,28592.75,850
2026-08-02 21:36:00,28592.75,28593.5,28578.25,28578.75,1160
2026-08-02 21:37:00,28580.0,28589.25,28578.25,28583.75,826
2026-08-02 21:38:00,28582.5,28594.0,28581.0,28590.5,932
2026-08-02 21:39:00,28591.25,28601.75,28590.25,28601.75,727
2026-08-02 21:40:00,28602.0,28610.5,28598.75,28609.0,1047
2026-08-02 21:41:00,28609.5,28625.0,28604.75,28624.75,1218
2026-08-02 21:42:00,28624.75,28628.25,28618.25,28626.25,1238
2026-08-02 21:43:00,28626.25,28629.0,28617.5,28620.75,708
2026-08-02 21:44:00,28620.5,28630.0,28620.5,28629.25,576
2026-08-02 21:45:00,28630.0,28631.75,28618.0,28625.75,931
2026-08-02 21:46:00,28626.0,28633.0,28623.5,28627.0,698
2026-08-02 21:47:00,28627.25,28631.5,28621.25,28624.0,637
2026-08-02 21:48:00,28625.0,28626.0,28619.5,28622.0,475
2026-08-02 21:49:00,28623.0,28631.0,28619.25,28620.25,637
2026-08-02 21:50:00,28620.5,28627.5,28620.25,28625.25,346
2026-08-02 21:51:00,28625.5,28641.25,28620.75,28637.0,1383
2026-08-02 21:52:00,28637.0,28639.5,28632.5,28634.25,679
2026-08-02 21:53:00,28634.25,28635.5,28621.5,28622.25,569
2026-08-02 21:54:00,28621.75,28631.25,28618.75,28631.25,768
2026-08-02 21:55:00,28631.0,28634.25,28625.25,28632.0,533
2026-08-02 21:56:00,28631.25,28639.0,28631.25,28637.25,637
2026-08-02 21:57:00,28636.5,28640.0,28633.75,28638.75,545
2026-08-02 21:58:00,28639.25,28650.0,28637.75,28647.0,1734
2026-08-02 21:59:00,28646.75,28650.0,28643.75,28643.75,544
2026-08-02 22:00:00,28644.25,28648.0,28631.0,28642.25,1283
2026-08-02 22:01:00,28641.75,28645.0,28634.25,28638.75,567
2026-08-02 22:02:00,28638.0,28654.75,28637.5,28652.5,1213
2026-08-02 22:03:00,28652.75,28663.5,28651.25,28661.5,1711
2026-08-02 22:04:00,28662.25,28663.75,28653.5,28654.75,727
2026-08-02 22:05:00,28655.0,28657.75,28648.5,28656.0,933
2026-08-02 22:06:00,28654.75,28659.75,28652.5,28653.0,520
2026-08-02 22:07:00,28652.75,28656.25,28650.25,28652.0,441
2026-08-02 22:08:00,28652.0,28656.5,28646.0,28649.5,726
2026-08-02 22:09:00,28648.5,28650.5,28633.5,28640.0,1303
2026-08-02 22:10:00,28640.5,28654.5,28638.75,28648.0,1049
2026-08-02 22:11:00,28648.25,28658.75,28648.0,28654.5,766
2026-08-02 22:12:00,28655.0,28655.0,28647.0,28650.75,541
2026-08-02 22:13:00,28651.0,28668.75,28649.25,28667.25,1139
2026-08-02 22:14:00,28667.5,28667.5,28658.0,28663.0,847
2026-08-02 22:15:00,28663.0,28663.0,28654.5,28658.75,608
2026-08-02 22:16:00,28659.0,28659.5,28655.25,28656.25,371
2026-08-02 22:17:00,28655.25,28666.0,28655.25,28664.25,631
2026-08-02 22:18:00,28664.25,28671.5,28662.5,28669.25,915
2026-08-02 22:19:00,28669.5,28676.25,28666.5,28675.25,749
2026-08-02 22:20:00,28675.25,28680.75,28672.75,28678.0,965
2026-08-02 22:21:00,28678.75,28679.75,28667.5,28671.5,991
2026-08-02 22:22:00,28671.5,28676.5,28670.75,28674.25,373
2026-08-02 22:23:00,28674.75,28675.25,28665.5,28665.75,702
2026-08-02 22:24:00,28666.25,28668.0,28658.25,28661.75,1279
2026-08-02 22:25:00,28661.75,28662.75,28655.0,28658.0,751
2026-08-02 22:26:00,28656.25,28659.0,28650.0,28654.25,762
2026-08-02 22:27:00,28654.25,28656.0,28649.25,28656.0,528
2026-08-02 22:28:00,28655.5,28656.25,28641.0,28643.25,1200
2026-08-02 22:29:00,28642.25,28642.75,28634.5,28640.0,1158
2026-08-02 22:30:00,28639.0,28655.75,28634.5,28650.0,1472
2026-08-02 22:31:00,28650.0,28650.5,28643.0,28647.5,685
2026-08-02 22:32:00,28647.5,28648.0,28638.75,28646.0,716
2026-08-02 22:33:00,28646.5,28656.0,28641.25,28655.0,949
2026-08-02 22:34:00,28655.0,28662.5,28649.25,28662.0,874
2026-08-02 22:35:00,28662.5,28664.5,28658.75,28660.5,514
2026-08-02 22:36:00,28662.0,28662.0,28657.5,28661.0,474
2026-08-02 22:37:00,28661.25,28670.0,28657.75,28668.5,595
2026-08-02 22:38:00,28668.75,28670.0,28653.0,28654.75,1092
2026-08-02 22:39:00,28654.5,28661.5,28653.5,28656.25,611
2026-08-02 22:40:00,28656.0,28663.5,28654.0,28658.25,474
2026-08-02 22:41:00,28658.25,28664.25,28657.0,28662.25,350
2026-08-02 22:42:00,28662.25,28663.75,28659.75,28663.25,237
2026-08-02 22:43:00,28662.25,28663.0,28650.5,28653.5,792
2026-08-02 22:44:00,28653.75,28654.5,28644.75,28644.75,771
2026-08-02 22:45:00,28644.5,28650.5,28644.25,28650.25,417
2026-08-02 22:46:00,28650.25,28651.5,28644.25,28648.25,399
2026-08-02 22:47:00,28648.0,28648.75,28638.75,28642.75,504
2026-08-02 22:48:00,28642.25,28645.0,28641.25,28644.0,240
2026-08-02 22:49:00,28644.0,28650.75,28644.0,28645.5,496
2026-08-02 22:50:00,28645.5,28653.0,28645.0,28650.5,382
2026-08-02 22:51:00,28650.25,28652.25,28644.5,28649.75,408
2026-08-02 22:52:00,28649.75,28657.75,28649.5,28655.75,514
2026-08-02 22:53:00,28655.25,28660.25,28652.5,28656.75,513
2026-08-02 22:54:00,28656.75,28658.0,28653.5,28656.5,281
2026-08-02 22:55:00,28657.5,28658.75,28653.0,28655.0,259
2026-08-02 22:56:00,28655.5,28659.25,28652.75,28658.0,281
2026-08-02 22:57:00,28657.25,28666.25,28656.75,28664.0,745
2026-08-02 22:58:00,28664.0,28664.0,28654.25,28660.5,601
2026-08-02 22:59:00,28660.0,28665.0,28658.75,28660.75,285
2026-08-02 23:00:00,28661.5,28666.0,28659.0,28665.5,433
2026-08-02 23:01:00,28666.0,28676.0,28663.75,28669.0,1082
2026-08-02 23:02:00,28669.5,28671.0,28659.5,28666.25,692
2026-08-02 23:03:00,28666.0,28668.0,28657.75,28659.75,534
2026-08-02 23:04:00,28660.25,28664.5,28659.0,28660.75,342
2026-08-02 23:05:00,28661.0,28671.25,28660.75,28665.25,544
2026-08-02 23:06:00,28663.75,28667.25,28657.25,28661.5,540
2026-08-02 23:07:00,28661.75,28663.75,28659.75,28662.75,258
2026-08-02 23:08:00,28662.75,28675.5,28662.75,28664.75,730
2026-08-02 23:09:00,28664.25,28668.25,28662.5,28666.5,287
2026-08-02 23:10:00,28667.0,28667.25,28663.0,28664.25,238
2026-08-02 23:11:00,28664.75,28668.75,28662.25,28664.0,293
2026-08-02 23:12:00,28664.25,28666.0,28662.0,28664.0,153
2026-08-02 23:13:00,28664.0,28670.5,28662.0,28668.0,470
2026-08-02 23:14:00,28667.5,28671.0,28662.5,28664.25,306
2026-08-02 23:15:00,28664.0,28665.5,28658.0,28659.5,464
2026-08-02 23:16:00,28658.0,28662.0,28657.5,28659.25,272
2026-08-02 23:17:00,28660.25,28663.25,28658.25,28661.25,285
2026-08-02 23:18:00,28662.0,28666.0,28657.5,28665.25,490
2026-08-02 23:19:00,28665.5,28671.75,28663.0,28671.75,436
2026-08-02 23:20:00,28671.0,28676.25,28668.25,28668.75,723
2026-08-02 23:21:00,28668.75,28670.5,28660.5,28663.25,545
2026-08-02 23:22:00,28662.75,28664.0,28653.5,28654.5,703
2026-08-02 23:23:00,28654.5,28655.5,28642.25,28644.0,1079
2026-08-02 23:24:00,28643.75,28646.0,28641.25,28645.0,734
2026-08-02 23:25:00,28644.5,28647.25,28641.75,28643.5,470
2026-08-02 23:26:00,28643.0,28646.0,28641.75,28645.75,363
2026-08-02 23:27:00,28645.75,28657.75,28643.25,28657.0,891
2026-08-02 23:28:00,28657.25,28659.0,28646.5,28646.75,753
2026-08-02 23:29:00,28647.25,28651.0,28645.0,28646.75,409
2026-08-02 23:30:00,28647.25,28650.75,28640.5,28646.0,1126
2026-08-02 23:31:00,28646.75,28652.25,28643.75,28648.0,437
2026-08-02 23:32:00,28648.25,28655.5,28646.5,28654.5,559
2026-08-02 23:33:00,28654.5,28658.25,28648.75,28658.25,474
2026-08-02 23:34:00,28658.5,28660.0,28652.0,28654.0,424
2026-08-02 23:35:00,28653.25,28661.75,28648.75,28654.25,726
2026-08-02 23:36:00,28654.75,28661.5,28653.25,28658.5,346
2026-08-02 23:37:00,28659.5,28660.25,28655.0,28657.75,205
2026-08-02 23:38:00,28657.25,28663.0,28652.5,28662.5,398
2026-08-02 23:39:00,28663.0,28667.75,28662.5,28664.0,661
2026-08-02 23:40:00,28664.25,28669.75,28663.75,28668.5,448
2026-08-02 23:41:00,28669.0,28669.25,28662.25,28667.0,425
2026-08-02 23:42:00,28667.75,28674.5,28665.5,28670.5,843
2026-08-02 23:43:00,28671.0,28672.75,28668.25,28670.75,346
2026-08-02 23:44:00,28671.25,28672.75,28667.5,28671.75,213
2026-08-02 23:45:00,28672.25,28678.0,28664.75,28665.5,948
2026-08-02 23:46:00,28665.25,28671.5,28665.25,28669.0,291
2026-08-02 23:47:00,28668.0,28671.75,28666.75,28667.75,228
2026-08-02 23:48:00,28667.75,28673.5,28667.5,28672.75,166
2026-08-02 23:49:00,28673.25,28676.5,28671.75,28674.75,370
2026-08-02 23:50:00,28675.25,28696.0,28673.75,28693.25,2416
2026-08-02 23:51:00,28692.75,28698.25,28684.25,28696.25,1088
2026-08-02 23:52:00,28695.5,28695.5,28689.75,28694.0,547
2026-08-02 23:53:00,28694.0,28698.0,28689.0,28689.0,425
2026-08-02 23:54:00,28689.5,28695.25,28689.5,28692.5,261
2026-08-02 23:55:00,28693.0,28693.25,28676.5,28680.75,925
2026-08-02 23:56:00,28680.75,28684.75,28678.75,28680.0,520
2026-08-02 23:57:00,28680.25,28682.5,28672.25,28677.0,910
2026-08-02 23:58:00,28677.0,28678.25,28673.25,28674.0,336
2026-08-03 00:00:00,28670.0,28673.0,28668.0,28669.25,352
2026-08-03 00:01:00,28669.5,28669.5,28660.0,28661.0,988
2026-08-03 00:02:00,28660.75,28668.75,28660.75,28666.0,522
2026-08-03 00:03:00,28667.0,28667.5,28663.25,28664.75,302
2026-08-03 00:04:00,28664.25,28666.5,28660.75,28661.5,351
2026-08-03 00:05:00,28661.75,28663.75,28657.25,28662.0,658
2026-08-03 00:06:00,28662.0,28662.0,28655.25,28661.75,517
2026-08-03 00:07:00,28661.25,28665.0,28658.25,28658.75,478
2026-08-03 00:08:00,28658.75,28663.25,28655.75,28662.75,370
2026-08-03 00:09:00,28663.0,28668.25,28658.25,28658.5,685
2026-08-03 00:10:00,28658.75,28660.5,28654.25,28656.0,465
2026-08-03 00:11:00,28655.75,28657.5,28652.5,28656.0,501
2026-08-03 00:12:00,28655.5,28660.5,28655.0,28659.5,287
2026-08-03 00:13:00,28660.0,28660.25,28655.25,28656.0,204
2026-08-03 00:14:00,28656.0,28662.75,28656.0,28661.75,299
2026-08-03 00:15:00,28661.25,28671.75,28660.75,28671.5,725
2026-08-03 00:16:00,28671.25,28673.0,28668.0,28671.75,553
2026-08-03 00:17:00,28672.0,28672.25,28667.0,28671.25,276
2026-08-03 00:18:00,28671.75,28672.25,28668.5,28669.25,234
2026-08-03 00:19:00,28669.25,28672.25,28668.5,28670.5,197
2026-08-03 00:20:00,28671.5,28676.5,28666.5,28676.0,426
2026-08-03 00:21:00,28676.25,28682.0,28675.0,28681.75,768
2026-08-03 00:22:00,28681.75,28683.25,28679.5,28680.0,267
2026-08-03 00:23:00,28681.0,28684.5,28680.0,28681.25,270
2026-08-03 00:24:00,28682.0,28685.0,28680.25,28683.25,329
2026-08-03 00:25:00,28683.5,28685.75,28679.5,28681.5,478
2026-08-03 00:26:00,28680.0,28682.5,28677.5,28681.75,325
2026-08-03 00:27:00,28682.0,28687.5,28680.0,28685.0,318
2026-08-03 00:28:00,28685.0,28686.0,28683.5,28685.75,191
2026-08-03 00:29:00,28685.75,28688.5,28681.25,28682.5,355
2026-08-03 00:30:00,28682.0,28686.0,28678.25,28680.25,351
2026-08-03 00:31:00,28680.5,28684.0,28678.0,28682.75,323
2026-08-03 00:32:00,28682.5,28683.0,28675.75,28676.5,335
2026-08-03 00:33:00,28676.5,28681.75,28675.25,28681.25,277
2026-08-03 00:34:00,28681.25,28681.25,28673.0,28674.5,336
2026-08-03 00:35:00,28675.0,28680.0,28674.0,28678.0,201
2026-08-03 00:36:00,28677.75,28681.75,28675.0,28677.0,191
2026-08-03 00:37:00,28678.25,28680.75,28675.5,28675.75,176
2026-08-03 00:38:00,28676.0,28679.25,28673.75,28675.75,261
2026-08-03 00:39:00,28675.75,28676.25,28672.25,28672.5,207
2026-08-03 00:40:00,28673.0,28673.0,28667.25,28669.75,696
2026-08-03 00:41:00,28670.0,28672.0,28667.0,28668.75,234
2026-08-03 00:42:00,28668.75,28671.75,28667.5,28669.5,210
2026-08-03 00:43:00,28670.25,28674.0,28668.25,28672.5,219
2026-08-03 00:44:00,28673.0,28674.75,28671.0,28674.5,215
2026-08-03 00:45:00,28675.0,28675.5,28669.5,28671.0,287
2026-08-03 00:46:00,28671.75,28673.25,28666.75,28670.75,340
2026-08-03 00:47:00,28671.25,28675.25,28668.25,28674.5,317
2026-08-03 00:48:00,28675.0,28685.75,28674.0,28683.75,765
2026-08-03 00:49:00,28684.5,28689.5,28680.0,28681.25,521
2026-08-03 00:50:00,28681.5,28682.25,28673.75,28677.0,466
2026-08-03 00:51:00,28677.0,28677.25,28659.25,28661.75,920
2026-08-03 00:52:00,28661.75,28662.0,28658.5,28660.75,328
2026-08-03 00:53:00,28661.0,28663.0,28658.5,28660.25,262
2026-08-03 00:54:00,28660.75,28662.25,28657.75,28662.0,357
2026-08-03 00:55:00,28661.5,28663.25,28650.0,28653.25,1090
2026-08-03 00:56:00,28653.75,28660.25,28652.0,28652.75,375
2026-08-03 00:57:00,28653.25,28656.0,28652.75,28654.0,204
2026-08-03 00:58:00,28653.5,28654.75,28650.75,28651.5,251
2026-08-03 00:59:00,28652.25,28652.25,28647.25,28651.0,574
2026-08-03 01:00:00,28651.0,28667.5,28646.0,28665.75,1096
2026-08-03 01:01:00,28665.75,28667.0,28659.0,28661.0,541
2026-08-03 01:02:00,28661.5,28665.75,28658.25,28664.75,322
2026-08-03 01:03:00,28664.75,28665.0,28650.75,28653.0,511
2026-08-03 01:04:00,28652.0,28654.5,28649.5,28650.5,276
2026-08-03 01:05:00,28650.5,28650.5,28636.0,28639.25,1262
2026-08-03 01:06:00,28638.75,28641.25,28637.75,28639.75,449
2026-08-03 01:07:00,28640.25,28640.75,28636.0,28637.5,413
2026-08-03 01:08:00,28636.75,28639.75,28632.5,28639.0,573
2026-08-03 01:09:00,28639.0,28645.75,28637.0,28642.0,688
2026-08-03 01:10:00,28641.5,28646.0,28640.0,28642.5,408
2026-08-03 01:11:00,28642.25,28660.0,28640.75,28656.75,871
2026-08-03 01:12:00,28657.5,28658.25,28651.0,28651.0,420
2026-08-03 01:13:00,28651.25,28652.75,28645.0,28649.5,436
2026-08-03 01:14:00,28649.5,28652.25,28636.5,28639.5,605
2026-08-03 01:15:00,28638.75,28638.75,28623.25,28628.0,1496
2026-08-03 01:16:00,28628.5,28630.75,28624.5,28626.0,549
2026-08-03 01:17:00,28626.0,28627.75,28622.5,28626.5,363
2026-08-03 01:18:00,28626.75,28630.0,28624.75,28627.25,465
2026-08-03 01:19:00,28626.75,28627.75,28622.5,28625.75,347
2026-08-03 01:20:00,28625.5,28634.0,28625.0,28632.25,575
2026-08-03 01:21:00,28632.25,28634.25,28628.25,28631.75,390
2026-08-03 01:22:00,28632.0,28632.75,28629.0,28631.75,196
2026-08-03 01:23:00,28632.5,28633.5,28629.75,28630.5,182
2026-08-03 01:24:00,28629.5,28637.0,28628.0,28636.0,393
2026-08-03 01:25:00,28635.25,28644.5,28631.0,28642.0,688
2026-08-03 01:26:00,28641.75,28649.0,28639.5,28646.0,625
2026-08-03 01:27:00,28646.0,28646.75,28633.5,28639.0,468
2026-08-03 01:28:00,28639.5,28643.0,28633.25,28640.5,364
2026-08-03 01:29:00,28641.0,28641.25,28634.25,28638.0,265
2026-08-03 01:30:00,28638.25,28648.75,28635.0,28645.5,476
2026-08-03 01:31:00,28645.5,28648.0,28637.0,28640.0,399
2026-08-03 01:32:00,28639.75,28646.0,28637.5,28640.75,293
2026-08-03 01:33:00,28640.5,28643.0,28636.0,28636.0,247
2026-08-03 01:34:00,28636.0,28639.25,28632.75,28632.75,371
2026-08-03 01:35:00,28634.0,28641.75,28628.0,28641.0,507
2026-08-03 01:36:00,28641.5,28643.5,28637.0,28641.0,213
2026-08-03 01:37:00,28642.5,28647.0,28640.5,28644.5,311
2026-08-03 01:38:00,28644.75,28644.75,28638.0,28639.5,216
2026-08-03 01:39:00,28640.25,28644.0,28638.25,28644.0,208
2026-08-03 01:40:00,28643.25,28646.0,28639.75,28640.75,352
2026-08-03 01:41:00,28640.25,28652.0,28639.5,28642.0,560
2026-08-03 01:42:00,28642.0,28647.25,28637.0,28641.25,419
2026-08-03 01:43:00,28641.25,28644.5,28638.5,28641.75,244
2026-08-03 01:44:00,28641.0,28642.25,28632.25,28634.75,585
2026-08-03 01:45:00,28634.75,28639.75,28633.25,28634.25,293
2026-08-03 01:46:00,28634.0,28641.25,28633.5,28638.25,252
2026-08-03 01:47:00,28637.75,28647.75,28636.5,28642.25,557
2026-08-03 01:48:00,28640.75,28643.75,28639.5,28642.5,210
2026-08-03 01:49:00,28642.25,28642.75,28638.0,28639.25,178
2026-08-03 01:50:00,28639.25,28640.0,28629.25,28633.75,488
2026-08-03 01:51:00,28633.75,28636.5,28632.25,28632.75,163
2026-08-03 01:52:00,28633.25,28635.75,28631.5,28633.0,151
2026-08-03 01:53:00,28632.0,28632.5,28625.25,28627.25,506
2026-08-03 01:54:00,28627.75,28628.5,28617.5,28621.5,912
2026-08-03 01:55:00,28621.0,28631.5,28621.0,28630.75,681
2026-08-03 01:56:00,28631.0,28638.0,28630.25,28633.25,654
2026-08-03 01:57:00,28633.25,28640.5,28632.0,28639.0,375
2026-08-03 01:58:00,28637.75,28638.75,28634.5,28636.25,204
2026-08-03 01:59:00,28635.75,28642.0,28634.75,28641.75,355
2026-08-03 02:00:00,28642.0,28650.0,28631.0,28645.75,1307
2026-08-03 02:01:00,28645.25,28648.0,28637.5,28642.25,512
2026-08-03 02:02:00,28642.25,28644.5,28638.0,28643.5,341
2026-08-03 02:03:00,28643.5,28657.25,28638.0,28653.5,961
2026-08-03 02:04:00,28653.0,28657.0,28650.0,28650.75,527
2026-08-03 02:05:00,28651.0,28656.0,28650.25,28653.75,306
2026-08-03 02:06:00,28654.75,28654.75,28637.5,28640.75,918
2026-08-03 02:07:00,28641.25,28643.0,28632.5,28638.25,730
2026-08-03 02:08:00,28638.0,28642.25,28635.0,28640.75,546
2026-08-03 02:09:00,28640.5,28641.25,28635.25,28641.0,277
2026-08-03 02:10:00,28641.5,28656.5,28640.25,28654.0,804
2026-08-03 02:11:00,28654.25,28661.25,28653.75,28658.75,617
2026-08-03 02:12:00,28658.75,28661.0,28648.75,28650.25,572
2026-08-03 02:13:00,28650.75,28653.0,28648.0,28649.5,334
2026-08-03 02:14:00,28648.75,28650.25,28640.75,28641.75,459
2026-08-03 02:15:00,28641.25,28647.0,28633.75,28644.25,899
2026-08-03 02:16:00,28644.0,28646.5,28641.0,28642.0,316
2026-08-03 02:17:00,28641.75,28645.75,28639.0,28641.75,439
2026-08-03 02:18:00,28641.25,28643.75,28638.5,28643.5,338
2026-08-03 02:19:00,28643.75,28645.25,28639.25,28642.0,132
2026-08-03 02:20:00,28639.75,28651.75,28632.25,28638.25,902
2026-08-03 02:21:00,28637.5,28638.5,28630.0,28636.5,538
2026-08-03 02:22:00,28637.5,28639.5,28632.0,28638.0,442
2026-08-03 02:23:00,28638.0,28642.5,28635.25,28636.0,425
2026-08-03 02:24:00,28636.5,28638.75,28631.25,28632.0,462
2026-08-03 02:25:00,28631.25,28632.5,28619.25,28626.5,1367
2026-08-03 02:26:00,28626.5,28628.25,28620.5,28627.5,500
2026-08-03 02:27:00,28627.0,28627.75,28621.75,28626.5,314
2026-08-03 02:28:00,28626.5,28628.5,28621.5,28621.75,421
2026-08-03 02:29:00,28621.5,28626.5,28617.75,28625.75,469
2026-08-03 02:30:00,28625.75,28630.0,28624.0,28628.25,506
2026-08-03 02:31:00,28628.25,28642.0,28628.25,28638.5,1116
2026-08-03 02:32:00,28638.5,28645.75,28638.25,28644.75,651
2026-08-03 02:33:00,28644.25,28645.0,28638.75,28642.75,311
2026-08-03 02:34:00,28642.25,28643.0,28637.25,28638.0,304
2026-08-03 02:35:00,28638.25,28641.75,28627.75,28634.25,547
2026-08-03 02:36:00,28634.5,28635.75,28629.25,28630.5,296
2026-08-03 02:37:00,28630.0,28638.25,28627.5,28632.5,354
2026-08-03 02:38:00,28631.25,28632.0,28624.0,28624.75,435
2026-08-03 02:39:00,28624.25,28624.75,28613.75,28621.25,1016
2026-08-03 02:40:00,28621.25,28622.5,28612.0,28616.5,660
2026-08-03 02:41:00,28615.5,28621.25,28613.0,28614.75,507
2026-08-03 02:42:00,28614.75,28619.5,28613.5,28616.75,392
2026-08-03 02:43:00,28617.5,28621.25,28614.75,28621.0,299
2026-08-03 02:44:00,28621.25,28623.75,28610.0,28610.5,787
2026-08-03 02:45:00,28610.5,28614.0,28607.75,28613.25,638
2026-08-03 02:46:00,28613.5,28616.0,28608.5,28610.75,400
2026-08-03 02:47:00,28610.5,28618.0,28608.75,28613.25,428
2026-08-03 02:48:00,28613.75,28615.0,28601.25,28603.5,769
2026-08-03 02:49:00,28604.25,28604.25,28592.5,28598.75,1348
2026-08-03 02:50:00,28598.0,28599.5,28591.75,28593.0,506
2026-08-03 02:51:00,28593.25,28595.25,28583.5,28590.0,943
2026-08-03 02:52:00,28590.25,28596.25,28585.0,28594.75,537
2026-08-03 02:53:00,28595.75,28601.75,28593.75,28598.75,570
2026-08-03 02:54:00,28597.75,28599.0,28593.5,28596.0,343
2026-08-03 02:55:00,28596.25,28596.25,28582.0,28586.0,812
2026-08-03 02:56:00,28586.0,28593.0,28576.0,28591.25,1224
2026-08-03 02:57:00,28592.0,28596.0,28590.5,28592.75,519
2026-08-03 02:58:00,28592.75,28593.75,28584.75,28587.0,452
2026-08-03 02:59:00,28588.0,28594.75,28587.75,28592.75,660
2026-08-03 03:00:00,28593.5,28603.75,28589.5,28594.75,1442
2026-08-03 03:01:00,28595.25,28595.25,28573.0,28576.25,1386
2026-08-03 03:02:00,28576.5,28581.5,28562.75,28579.5,1579
2026-08-03 03:03:00,28579.0,28584.0,28574.0,28578.5,648
2026-08-03 03:04:00,28578.25,28600.75,28578.25,28597.5,1099
2026-08-03 03:05:00,28598.25,28611.75,28598.25,28610.5,1241
2026-08-03 03:06:00,28611.0,28624.0,28606.5,28607.75,1370
2026-08-03 03:07:00,28606.5,28615.75,28604.0,28614.25,742
2026-08-03 03:08:00,28614.75,28625.5,28609.0,28623.75,968
2026-08-03 03:09:00,28623.0,28629.25,28612.5,28612.75,1088
2026-08-03 03:10:00,28612.0,28623.25,28609.25,28622.25,938
2026-08-03 03:11:00,28621.75,28635.25,28617.75,28619.25,1450
2026-08-03 03:12:00,28619.25,28629.0,28617.0,28618.0,537
2026-08-03 03:13:00,28617.75,28619.5,28613.0,28616.25,506
2026-08-03 03:14:00,28615.75,28622.0,28615.25,28619.0,277
2026-08-03 03:15:00,28619.0,28630.75,28616.75,28628.5,601
2026-08-03 03:16:00,28629.5,28631.0,28613.0,28616.0,703
2026-08-03 03:17:00,28617.0,28618.75,28571.0,28573.25,3326
2026-08-03 03:18:00,28572.5,28591.0,28569.0,28587.0,1750
2026-08-03 03:19:00,28587.5,28589.25,28570.0,28583.25,1103
2026-08-03 03:20:00,28583.25,28588.5,28577.5,28586.25,720
2026-08-03 03:21:00,28586.75,28603.5,28582.5,28601.5,1362
2026-08-03 03:22:00,28602.0,28602.5,28587.5,28597.5,845
2026-08-03 03:23:00,28598.0,28609.5,28597.0,28604.75,779
2026-08-03 03:24:00,28605.0,28606.25,28600.0,28601.5,542
2026-08-03 03:25:00,28600.75,28605.75,28591.25,28591.75,590
2026-08-03 03:26:00,28592.75,28604.75,28584.75,28604.25,987
2026-08-03 03:27:00,28604.25,28604.5,28594.75,28603.5,490
2026-08-03 03:28:00,28604.0,28605.0,28594.5,28599.75,373
2026-08-03 03:29:00,28600.75,28609.5,28600.0,28603.25,436
2026-08-03 03:30:00,28602.75,28609.75,28600.25,28609.25,559
2026-08-03 03:31:00,28608.5,28609.0,28597.75,28599.25,461
2026-08-03 03:32:00,28598.5,28601.75,28596.0,28601.25,428
2026-08-03 03:33:00,28600.75,28608.25,28595.5,28607.5,447
2026-08-03 03:34:00,28606.75,28609.5,28600.75,28605.5,341
2026-08-03 03:35:00,28605.75,28616.25,28604.0,28612.75,682
2026-08-03 03:36:00,28613.0,28613.75,28582.25,28588.75,936
2026-08-03 03:37:00,28588.75,28590.0,28581.5,28584.0,586
2026-08-03 03:38:00,28585.25,28587.25,28580.25,28583.0,681
2026-08-03 03:39:00,28583.0,28587.5,28580.75,28583.0,385
2026-08-03 03:40:00,28582.75,28583.0,28569.75,28580.0,1187
2026-08-03 03:41:00,28580.5,28581.75,28563.5,28568.0,924
2026-08-03 03:42:00,28567.5,28570.75,28565.5,28568.5,516
2026-08-03 03:43:00,28567.75,28569.0,28560.0,28562.75,672
2026-08-03 03:44:00,28561.25,28567.5,28560.0,28563.0,453
2026-08-03 03:45:00,28563.5,28570.0,28560.5,28568.75,481
2026-08-03 03:46:00,28568.0,28579.25,28567.5,28576.5,662
2026-08-03 03:47:00,28577.0,28578.5,28565.25,28569.75,443
2026-08-03 03:48:00,28571.0,28575.0,28568.0,28573.25,226
2026-08-03 03:49:00,28574.0,28587.75,28573.5,28576.5,761
2026-08-03 03:50:00,28577.0,28578.5,28568.0,28568.0,660
2026-08-03 03:51:00,28569.0,28572.75,28558.0,28571.75,1066
2026-08-03 03:52:00,28573.0,28573.25,28565.25,28572.25,578
2026-08-03 03:53:00,28571.5,28571.75,28565.5,28566.0,251
2026-08-03 03:54:00,28566.25,28574.0,28563.75,28570.75,386
2026-08-03 03:55:00,28570.5,28576.5,28567.5,28573.5,565
2026-08-03 03:56:00,28572.25,28577.5,28568.25,28575.25,424
2026-08-03 03:57:00,28575.25,28586.0,28574.0,28578.25,765
2026-08-03 03:58:00,28578.25,28585.25,28577.75,28580.75,361
2026-08-03 03:59:00,28581.25,28590.0,28577.75,28587.5,678
2026-08-03 04:00:00,28587.5,28592.0,28571.25,28582.5,1572
2026-08-03 04:01:00,28582.5,28582.5,28564.25,28566.0,1045
2026-08-03 04:02:00,28566.5,28568.25,28554.25,28554.25,1492
2026-08-03 04:03:00,28554.0,28554.75,28536.75,28538.75,1881
2026-08-03 04:04:00,28539.25,28540.0,28526.75,28535.0,1538
2026-08-03 04:05:00,28535.25,28546.0,28530.5,28543.0,1317
2026-08-03 04:06:00,28543.0,28549.25,28537.25,28546.25,726
2026-08-03 04:07:00,28547.0,28548.5,28524.25,28526.5,1134
2026-08-03 04:08:00,28526.75,28528.75,28519.0,28527.5,1293
2026-08-03 04:09:00,28528.0,28547.25,28526.5,28540.5,1250
2026-08-03 04:10:00,28540.25,28556.0,28537.0,28543.0,1365
2026-08-03 04:11:00,28542.0,28550.0,28539.5,28547.25,725
2026-08-03 04:12:00,28546.75,28558.75,28546.25,28547.0,1014
2026-08-03 04:13:00,28547.5,28558.5,28543.75,28557.0,529
2026-08-03 04:14:00,28558.0,28568.0,28554.75,28562.25,855
2026-08-03 04:15:00,28562.0,28564.5,28549.75,28550.75,976
2026-08-03 04:16:00,28550.0,28551.5,28536.25,28537.5,875
2026-08-03 04:17:00,28538.0,28539.0,28528.75,28529.5,1064
2026-08-03 04:18:00,28529.75,28530.75,28515.0,28521.0,1409
2026-08-03 04:19:00,28521.5,28523.25,28511.75,28513.75,865
2026-08-03 04:20:00,28513.5,28522.0,28506.0,28520.0,1267
2026-08-03 04:21:00,28519.25,28519.25,28501.0,28510.75,1239
2026-08-03 04:22:00,28510.0,28512.0,28504.5,28507.75,614
2026-08-03 04:23:00,28507.25,28507.25,28492.0,28492.5,1499
2026-08-03 04:24:00,28492.75,28501.75,28488.5,28493.5,925
2026-08-03 04:25:00,28492.5,28497.0,28484.75,28490.75,913
2026-08-03 04:26:00,28489.75,28494.75,28481.75,28489.75,906
2026-08-03 04:27:00,28489.25,28490.25,28473.0,28484.75,1519
2026-08-03 04:28:00,28485.25,28497.75,28482.25,28497.5,1138
2026-08-03 04:29:00,28496.25,28496.25,28480.75,28488.5,880
2026-08-03 04:30:00,28487.5,28491.5,28472.0,28475.25,1234
2026-08-03 04:31:00,28475.0,28495.0,28474.25,28493.5,1014
2026-08-03 04:32:00,28492.75,28495.75,28486.0,28489.0,661
2026-08-03 04:33:00,28489.5,28489.75,28472.25,28474.25,1120
2026-08-03 04:34:00,28473.25,28486.25,28472.25,28483.25,803
2026-08-03 04:35:00,28483.5,28499.0,28483.5,28496.0,1003
2026-08-03 04:36:00,28495.0,28526.5,28495.0,28525.75,1903
2026-08-03 04:37:00,28524.5,28530.25,28518.0,28528.0,1192
2026-08-03 04:38:00,28527.0,28531.0,28524.5,28526.25,695
2026-08-03 04:39:00,28526.25,28540.0,28524.5,28538.5,852
2026-08-03 04:40:00,28537.75,28542.5,28531.25,28535.5,845
2026-08-03 04:41:00,28535.0,28548.25,28534.5,28544.75,601
2026-08-03 04:42:00,28544.25,28554.75,28540.25,28541.75,975
2026-08-03 04:43:00,28542.25,28545.5,28530.5,28531.0,766
2026-08-03 04:44:00,28531.5,28539.5,28526.5,28536.25,689
2026-08-03 04:45:00,28536.0,28543.0,28530.0,28540.75,739
2026-08-03 04:46:00,28540.25,28553.5,28540.0,28543.5,1031
2026-08-03 04:47:00,28543.25,28543.5,28527.25,28530.0,790
2026-08-03 04:48:00,28530.5,28536.5,28527.75,28536.5,527
2026-08-03 04:49:00,28535.75,28547.75,28534.25,28545.75,690
2026-08-03 04:50:00,28544.75,28553.0,28541.75,28550.75,608
2026-08-03 04:51:00,28550.25,28555.25,28548.5,28554.75,538
2026-08-03 04:52:00,28555.25,28563.0,28550.5,28555.75,1090
2026-08-03 04:53:00,28556.0,28564.25,28553.0,28564.25,545
2026-08-03 04:54:00,28563.75,28566.5,28558.75,28561.5,497
2026-08-03 04:55:00,28561.0,28576.5,28560.5,28575.0,1172
2026-08-03 04:56:00,28574.5,28591.0,28572.75,28589.0,1537
2026-08-03 04:57:00,28589.25,28595.5,28582.25,28583.5,1030
2026-08-03 04:58:00,28584.0,28587.75,28577.75,28587.75,605
2026-08-03 04:59:00,28587.0,28595.0,28586.0,28593.75,641
2026-08-03 05:00:00,28594.0,28601.5,28585.75,28588.25,1662
2026-08-03 05:01:00,28588.0,28590.0,28578.75,28580.5,880
2026-08-03 05:02:00,28580.75,28581.75,28571.75,28579.0,883
2026-08-03 05:03:00,28579.5,28582.75,28573.0,28573.75,618
2026-08-03 05:04:00,28574.5,28585.0,28568.25,28570.75,916
2026-08-03 05:05:00,28570.75,28596.75,28568.75,28589.75,894
2026-08-03 05:06:00,28589.0,28589.25,28571.25,28571.25,686
2026-08-03 05:07:00,28571.5,28575.5,28568.75,28572.5,536
2026-08-03 05:08:00,28570.5,28573.5,28567.5,28570.75,354
2026-08-03 05:09:00,28570.75,28575.5,28570.0,28573.0,300
2026-08-03 05:10:00,28573.0,28575.75,28564.0,28564.5,555
2026-08-03 05:11:00,28564.25,28566.25,28543.75,28546.25,1704
2026-08-03 05:12:00,28546.5,28550.0,28543.0,28546.5,604
2026-08-03 05:13:00,28546.0,28561.5,28545.75,28557.5,610
2026-08-03 05:14:00,28558.0,28561.25,28553.0,28558.5,535
2026-08-03 05:15:00,28559.25,28562.0,28554.75,28562.0,430
2026-08-03 05:16:00,28561.75,28573.75,28560.0,28567.25,1049
2026-08-03 05:17:00,28568.5,28576.0,28561.25,28565.25,556
2026-08-03 05:18:00,28565.0,28567.25,28558.75,28566.25,525
2026-08-03 05:19:00,28566.25,28582.25,28566.25,28574.0,1142
2026-08-03 05:20:00,28574.0,28576.0,28563.0,28570.5,413
2026-08-03 05:21:00,28570.25,28573.0,28559.25,28569.75,898
2026-08-03 05:22:00,28569.5,28573.5,28566.25,28572.0,258
2026-08-03 05:23:00,28570.75,28571.0,28560.5,28561.75,318
2026-08-03 05:24:00,28561.0,28565.75,28551.75,28552.0,783
2026-08-03 05:25:00,28552.25,28560.25,28550.5,28556.5,666
2026-08-03 05:26:00,28556.5,28556.75,28548.25,28549.75,809
2026-08-03 05:27:00,28550.5,28558.0,28547.75,28555.0,551
2026-08-03 05:28:00,28554.75,28559.0,28547.25,28550.5,544
2026-08-03 05:29:00,28550.25,28557.25,28550.0,28556.5,290
2026-08-03 05:30:00,28556.0,28561.5,28552.75,28560.25,303
2026-08-03 05:31:00,28559.5,28559.75,28547.5,28548.0,503
2026-08-03 05:32:00,28547.75,28566.5,28547.75,28564.25,632
2026-08-03 05:33:00,28563.25,28565.5,28557.5,28560.75,422
2026-08-03 05:34:00,28560.5,28564.0,28555.0,28556.25,294
2026-08-03 05:35:00,28556.25,28568.25,28556.25,28561.25,388
2026-08-03 05:36:00,28560.5,28581.0,28560.0,28561.75,1043
2026-08-03 05:37:00,28561.75,28567.0,28546.25,28550.25,1065
2026-08-03 05:38:00,28550.0,28559.0,28547.75,28558.0,550
2026-08-03 05:39:00,28557.75,28558.0,28547.0,28551.25,476
2026-08-03 05:40:00,28552.75,28557.25,28549.75,28556.0,461
2026-08-03 05:41:00,28556.0,28557.5,28547.0,28551.0,383
2026-08-03 05:42:00,28551.5,28561.75,28551.0,28554.5,499
2026-08-03 05:43:00,28554.75,28556.75,28550.25,28553.25,258
2026-08-03 05:44:00,28554.5,28556.25,28543.0,28544.5,544
2026-08-03 05:45:00,28545.5,28560.75,28545.0,28557.75,413
2026-08-03 05:46:00,28557.5,28560.0,28554.5,28557.25,236
2026-08-03 05:47:00,28556.0,28559.25,28551.5,28554.5,265
2026-08-03 05:48:00,28554.75,28558.25,28550.0,28552.5,300
2026-08-03 05:49:00,28552.5,28559.5,28538.5,28545.0,745
2026-08-03 05:50:00,28545.25,28547.0,28536.75,28537.75,651
2026-08-03 05:51:00,28538.25,28538.75,28527.5,28528.25,917
2026-08-03 05:52:00,28528.25,28531.5,28524.75,28526.75,666
2026-08-03 05:53:00,28527.25,28530.25,28520.5,28528.0,833
2026-08-03 05:54:00,28529.0,28543.5,28528.5,28542.5,729
2026-08-03 05:55:00,28542.5,28548.75,28535.5,28547.25,727
2026-08-03 05:56:00,28547.75,28561.5,28546.75,28558.5,848
2026-08-03 05:57:00,28558.0,28561.75,28550.0,28557.25,507
2026-08-03 05:58:00,28558.0,28561.75,28555.5,28561.0,357
2026-08-03 05:59:00,28562.0,28563.5,28558.0,28558.5,383
2026-08-03 06:00:00,28559.25,28566.0,28554.25,28558.75,644
2026-08-03 06:01:00,28559.25,28559.25,28537.0,28544.0,1121
2026-08-03 06:02:00,28543.75,28548.5,28540.5,28546.25,298
2026-08-03 06:03:00,28546.5,28555.0,28543.0,28554.5,395
2026-08-03 06:04:00,28553.25,28554.0,28543.25,28549.25,441
2026-08-03 06:05:00,28548.75,28550.25,28541.75,28547.75,323
2026-08-03 06:06:00,28548.5,28551.75,28539.5,28547.5,583
2026-08-03 06:07:00,28547.75,28548.5,28536.0,28541.5,420
2026-08-03 06:08:00,28542.0,28545.25,28537.0,28537.0,213
2026-08-03 06:09:00,28537.25,28548.0,28535.75,28541.25,401
2026-08-03 06:10:00,28541.5,28543.5,28529.75,28541.5,773
2026-08-03 06:11:00,28541.5,28544.75,28535.75,28536.0,415
2026-08-03 06:12:00,28536.0,28543.75,28535.5,28540.5,299
2026-08-03 06:13:00,28539.5,28539.75,28525.25,28531.75,918
2026-08-03 06:14:00,28531.75,28539.0,28526.75,28527.25,614
2026-08-03 06:15:00,28526.25,28539.25,28522.75,28531.5,913
2026-08-03 06:16:00,28532.25,28535.25,28529.5,28533.25,300
2026-08-03 06:17:00,28533.5,28536.0,28520.5,28521.75,701
2026-08-03 06:18:00,28522.75,28540.75,28520.75,28538.0,824
2026-08-03 06:19:00,28537.0,28537.0,28524.75,28525.25,464
2026-08-03 06:20:00,28525.0,28528.0,28508.5,28509.0,1138
2026-08-03 06:21:00,28508.75,28514.0,28497.75,28504.5,1206
2026-08-03 06:22:00,28503.75,28508.5,28498.0,28506.75,845
2026-08-03 06:23:00,28507.25,28513.0,28500.25,28511.0,830
2026-08-03 06:24:00,28511.75,28514.75,28491.25,28493.5,1214
2026-08-03 06:25:00,28494.0,28501.75,28488.5,28495.0,935
2026-08-03 06:26:00,28494.5,28509.25,28492.25,28507.75,968
2026-08-03 06:27:00,28507.75,28509.0,28495.25,28500.75,671
2026-08-03 06:28:00,28500.75,28511.5,28497.0,28504.75,657
2026-08-03 06:29:00,28505.5,28509.75,28502.5,28509.5,405
2026-08-03 06:30:00,28508.75,28509.25,28502.75,28505.25,324
2026-08-03 06:31:00,28504.75,28506.5,28494.0,28505.5,770
2026-08-03 06:32:00,28506.25,28507.25,28490.0,28495.5,576
2026-08-03 06:33:00,28495.25,28506.5,28491.0,28504.0,611
2026-08-03 06:34:00,28503.5,28524.0,28503.0,28523.25,974
2026-08-03 06:35:00,28522.25,28526.5,28513.75,28514.5,950
2026-08-03 06:36:00,28514.25,28521.25,28513.75,28518.25,502
2026-08-03 06:37:00,28517.75,28525.0,28512.75,28524.75,568
2026-08-03 06:38:00,28524.75,28530.0,28515.0,28516.75,1023
2026-08-03 06:39:00,28516.25,28532.5,28515.0,28527.25,536
2026-08-03 06:40:00,28527.0,28528.5,28514.5,28527.75,626
2026-08-03 06:41:00,28527.25,28527.75,28523.25,28525.0,332
2026-08-03 06:42:00,28525.25,28528.0,28519.75,28523.0,402
2026-08-03 06:43:00,28523.0,28525.5,28519.0,28523.25,226
2026-08-03 06:44:00,28522.5,28529.25,28522.0,28527.0,286
2026-08-03 06:45:00,28527.75,28531.5,28520.75,28524.5,403
2026-08-03 06:46:00,28524.75,28529.5,28521.0,28524.5,426
2026-08-03 06:47:00,28525.0,28537.25,28519.25,28526.75,645
2026-08-03 06:48:00,28527.0,28530.75,28522.0,28524.25,414
2026-08-03 06:49:00,28524.5,28533.0,28520.0,28520.5,465
2026-08-03 06:50:00,28520.5,28524.75,28513.5,28523.5,681
2026-08-03 06:51:00,28523.5,28529.75,28521.5,28526.5,383
2026-08-03 06:52:00,28526.0,28527.25,28516.25,28526.0,585
2026-08-03 06:53:00,28525.5,28533.0,28523.0,28531.0,442
2026-08-03 06:54:00,28531.5,28533.25,28524.75,28528.5,283
2026-08-03 06:55:00,28528.5,28540.5,28527.75,28536.5,561
2026-08-03 06:56:00,28536.25,28545.0,28535.5,28542.5,581
2026-08-03 06:57:00,28542.5,28544.25,28535.5,28538.75,349
2026-08-03 06:58:00,28538.5,28538.5,28534.25,28536.25,185
2026-08-03 06:59:00,28536.25,28547.75,28533.25,28541.0,558
2026-08-03 07:00:00,28542.25,28547.25,28508.75,28512.25,2418
2026-08-03 07:01:00,28511.75,28513.0,28492.75,28494.75,1733
2026-08-03 07:02:00,28494.75,28503.5,28487.5,28494.5,1167
2026-08-03 07:03:00,28493.25,28500.75,28481.0,28500.25,1657
2026-08-03 07:04:00,28499.25,28501.5,28487.5,28500.25,1064
2026-08-03 07:05:00,28500.25,28502.25,28492.0,28501.0,932
2026-08-03 07:06:00,28501.75,28503.5,28467.5,28468.25,1965
2026-08-03 07:07:00,28469.0,28483.0,28466.5,28477.5,1106
2026-08-03 07:08:00,28477.25,28480.0,28468.0,28468.5,1244
2026-08-03 07:09:00,28468.0,28479.25,28467.25,28478.0,901
2026-08-03 07:10:00,28478.25,28485.5,28475.0,28484.25,829
2026-08-03 07:11:00,28484.75,28486.25,28476.0,28479.25,617
2026-08-03 07:12:00,28479.75,28488.75,28473.5,28483.25,820
2026-08-03 07:13:00,28482.25,28488.25,28480.25,28486.75,567
2026-08-03 07:14:00,28487.0,28490.75,28480.5,28488.0,610
2026-08-03 07:15:00,28488.0,28492.0,28481.0,28489.5,581
2026-08-03 07:16:00,28488.75,28500.0,28483.0,28493.0,947
2026-08-03 07:17:00,28492.0,28511.25,28490.25,28510.5,927
2026-08-03 07:18:00,28510.0,28513.0,28492.25,28502.75,1029
2026-08-03 07:19:00,28502.75,28508.5,28500.25,28504.0,536
2026-08-03 07:20:00,28503.0,28508.0,28496.25,28501.5,695
2026-08-03 07:21:00,28501.5,28510.25,28486.75,28488.5,894
2026-08-03 07:22:00,28488.75,28507.0,28486.5,28497.75,989
2026-08-03 07:23:00,28497.5,28498.5,28487.75,28492.0,467
2026-08-03 07:24:00,28492.0,28494.25,28488.25,28488.25,363
2026-08-03 07:25:00,28489.0,28490.25,28480.5,28480.5,1042
2026-08-03 07:26:00,28481.25,28493.0,28474.75,28492.5,994
2026-08-03 07:27:00,28492.25,28492.5,28470.0,28475.25,865
2026-08-03 07:28:00,28475.25,28485.5,28473.75,28481.75,593
2026-08-03 07:29:00,28481.75,28484.5,28468.75,28469.75,677
2026-08-03 07:30:00,28469.0,28511.75,28466.75,28501.5,1926
2026-08-03 07:31:00,28501.5,28511.5,28489.0,28495.5,1094
2026-08-03 07:32:00,28495.75,28503.25,28492.75,28502.25,925
2026-08-03 07:33:00,28504.5,28508.5,28500.75,28503.0,612
2026-08-03 07:34:00,28503.0,28507.0,28501.75,28506.0,362
2026-08-03 07:35:00,28505.25,28513.5,28501.0,28501.75,927
2026-08-03 07:36:00,28501.75,28506.5,28496.0,28496.75,809
2026-08-03 07:37:00,28496.75,28501.5,28490.25,28491.0,729
2026-08-03 07:38:00,28490.75,28495.5,28461.5,28464.0,1770
2026-08-03 07:39:00,28464.25,28469.25,28457.25,28459.75,1365
2026-08-03 07:40:00,28459.25,28461.75,28450.5,28453.25,1248
2026-08-03 07:41:00,28452.75,28459.75,28450.5,28458.5,997
2026-08-03 07:42:00,28457.75,28462.0,28453.5,28460.0,636
2026-08-03 07:43:00,28459.0,28462.0,28453.0,28459.25,548
2026-08-03 07:44:00,28458.75,28477.0,28458.0,28475.0,1396
2026-08-03 07:45:00,28474.5,28477.5,28460.25,28469.5,914
2026-08-03 07:46:00,28471.0,28473.25,28464.25,28470.25,722
2026-08-03 07:47:00,28469.75,28472.25,28460.75,28464.0,648
2026-08-03 07:48:00,28464.75,28466.25,28442.5,28446.0,1819
2026-08-03 07:49:00,28445.5,28461.75,28445.5,28457.75,1501
2026-08-03 07:50:00,28457.5,28457.5,28436.0,28436.0,1663
2026-08-03 07:51:00,28436.0,28439.0,28423.75,28428.25,1570
2026-08-03 07:52:00,28428.0,28431.0,28419.25,28424.25,1190
2026-08-03 07:53:00,28424.25,28426.5,28410.0,28419.75,1557
2026-08-03 07:54:00,28419.25,28422.0,28410.25,28412.75,1019
2026-08-03 07:55:00,28411.75,28415.75,28406.75,28406.75,1177
2026-08-03 07:56:00,28406.5,28416.25,28403.5,28413.5,1206
2026-08-03 07:57:00,28413.5,28417.75,28405.0,28416.25,924
2026-08-03 07:58:00,28417.0,28418.25,28406.75,28416.5,1172
2026-08-03 07:59:00,28416.75,28423.0,28409.0,28420.0,1203
2026-08-03 08:00:00,28419.5,28420.75,28401.0,28403.75,1917
2026-08-03 08:01:00,28402.75,28404.5,28391.0,28397.75,1674
2026-08-03 08:02:00,28397.75,28405.0,28393.75,28401.0,1214
2026-08-03 08:03:00,28401.5,28403.0,28391.0,28394.0,1344
2026-08-03 08:04:00,28395.25,28409.0,28389.25,28396.0,1739
2026-08-03 08:05:00,28395.75,28401.5,28388.0,28390.25,1111
2026-08-03 08:06:00,28390.75,28392.75,28382.75,28385.0,1438
2026-08-03 08:07:00,28385.75,28398.25,28384.0,28398.0,1109
2026-08-03 08:08:00,28398.0,28414.5,28392.0,28414.25,2128
2026-08-03 08:09:00,28413.5,28419.0,28410.25,28416.5,1456
2026-08-03 08:10:00,28416.75,28418.0,28406.25,28413.75,1449
2026-08-03 08:11:00,28414.25,28415.5,28406.5,28410.25,745
2026-08-03 08:12:00,28409.5,28418.75,28408.75,28415.75,925
2026-08-03 08:13:00,28415.25,28433.5,28413.75,28432.0,1932
2026-08-03 08:14:00,28432.75,28435.75,28428.0,28435.5,1103
2026-08-03 08:15:00,28435.75,28447.0,28431.75,28443.0,1522
2026-08-03 08:16:00,28444.0,28447.5,28425.25,28426.25,1381
2026-08-03 08:17:00,28426.5,28438.25,28426.0,28438.25,1226
2026-08-03 08:18:00,28437.5,28441.25,28433.5,28439.0,761
2026-08-03 08:19:00,28439.0,28442.0,28425.5,28440.0,1429
2026-08-03 08:20:00,28440.25,28447.75,28434.0,28447.75,940
2026-08-03 08:21:00,28447.75,28457.75,28443.25,28453.75,1564
2026-08-03 08:22:00,28453.75,28456.75,28444.25,28448.75,1122
2026-08-03 08:23:00,28448.5,28450.0,28435.25,28436.5,1142
2026-08-03 08:24:00,28436.75,28440.5,28432.0,28434.25,994
2026-08-03 08:25:00,28434.5,28444.25,28434.0,28442.5,775
2026-08-03 08:26:00,28443.0,28449.5,28438.0,28438.5,958
2026-08-03 08:27:00,28438.75,28450.0,28421.5,28450.0,2320
2026-08-03 08:28:00,28449.75,28460.25,28447.0,28457.75,1414
2026-08-03 08:29:00,28457.75,28462.0,28448.75,28449.75,975
2026-08-03 08:30:00,28450.0,28462.0,28449.5,28455.75,1014
2026-08-03 08:31:00,28455.25,28463.25,28452.25,28458.0,898
2026-08-03 08:32:00,28457.25,28460.5,28447.75,28447.75,1027
2026-08-03 08:33:00,28447.75,28452.0,28441.5,28444.75,1219
2026-08-03 08:34:00,28445.75,28455.0,28440.5,28454.25,874
2026-08-03 08:35:00,28453.75,28456.25,28443.0,28448.75,1038
2026-08-03 08:36:00,28449.25,28453.0,28442.75,28450.5,1003
2026-08-03 08:37:00,28450.25,28453.0,28446.25,28449.25,506
2026-08-03 08:38:00,28449.25,28452.75,28441.25,28444.25,915
2026-08-03 08:39:00,28444.25,28454.25,28440.0,28446.75,998
2026-08-03 08:40:00,28447.0,28456.5,28437.25,28448.75,1557
2026-08-03 08:41:00,28449.0,28466.5,28449.0,28460.75,1350
2026-08-03 08:42:00,28461.0,28469.0,28458.25,28464.75,1125
2026-08-03 08:43:00,28464.75,28478.75,28464.5,28474.75,1733
2026-08-03 08:44:00,28475.25,28487.75,28474.25,28487.5,1442
2026-08-03 08:45:00,28487.5,28491.5,28482.0,28485.0,1518
2026-08-03 08:46:00,28484.75,28487.75,28478.25,28480.25,1144
2026-08-03 08:47:00,28479.75,28479.75,28462.25,28468.75,1917
2026-08-03 08:48:00,28468.75,28469.5,28456.0,28459.75,1465
2026-08-03 08:49:00,28459.75,28462.5,28454.25,28458.5,1366
2026-08-03 08:50:00,28458.0,28460.25,28449.0,28450.5,1464
2026-08-03 08:51:00,28450.0,28469.25,28441.0,28466.25,2126
2026-08-03 08:52:00,28466.25,28467.25,28460.5,28462.5,898
2026-08-03 08:53:00,28462.25,28468.75,28452.5,28465.0,1254
2026-08-03 08:54:00,28465.0,28474.5,28464.0,28469.75,1377
2026-08-03 08:55:00,28469.25,28472.25,28467.0,28469.25,728
2026-08-03 08:56:00,28469.5,28479.75,28468.0,28469.0,1445
2026-08-03 08:57:00,28468.75,28469.75,28458.0,28458.25,1436
2026-08-03 08:58:00,28458.25,28466.75,28453.0,28461.25,1516
2026-08-03 08:59:00,28461.5,28465.5,28455.5,28459.25,713
2026-08-03 09:00:00,28459.75,28472.5,28456.0,28459.25,1989
2026-08-03 09:01:00,28459.75,28464.25,28448.5,28457.25,1677
2026-08-03 09:02:00,28455.5,28458.5,28439.0,28442.75,2383
2026-08-03 09:03:00,28442.5,28457.25,28441.75,28453.0,1656
2026-08-03 09:04:00,28453.25,28467.5,28448.75,28466.0,1728
2026-08-03 09:05:00,28466.0,28478.25,28461.5,28476.25,1972
2026-08-03 09:06:00,28476.25,28477.5,28464.5,28467.75,1465
2026-08-03 09:07:00,28467.0,28472.75,28459.75,28471.25,1701
2026-08-03 09:08:00,28471.25,28471.25,28457.25,28460.75,1296
2026-08-03 09:09:00,28460.25,28462.5,28456.0,28459.5,1065
2026-08-03 09:10:00,28459.75,28467.25,28455.25,28466.5,1305
2026-08-03 09:11:00,28466.25,28468.25,28452.0,28456.75,1324
2026-08-03 09:12:00,28456.25,28461.5,28450.25,28455.0,1173
2026-08-03 09:13:00,28455.5,28461.5,28445.5,28449.5,1511
2026-08-03 09:14:00,28449.0,28460.75,28442.25,28460.25,1724
2026-08-03 09:15:00,28460.75,28470.25,28458.75,28465.0,1669
2026-08-03 09:16:00,28464.75,28475.75,28463.75,28472.75,1330
2026-08-03 09:17:00,28472.5,28475.5,28459.75,28470.75,1602
2026-08-03 09:18:00,28471.75,28496.5,28468.5,28489.5,2555
2026-08-03 09:19:00,28489.75,28490.25,28477.5,28487.0,1229
2026-08-03 09:20:00,28487.0,28490.0,28477.75,28479.25,1117
2026-08-03 09:21:00,28478.75,28479.0,28466.75,28467.75,1499
2026-08-03 09:22:00,28468.0,28477.75,28466.25,28473.25,1347
2026-08-03 09:23:00,28473.75,28480.0,28464.75,28465.25,1223
2026-08-03 09:24:00,28465.0,28480.75,28461.75,28471.25,1710
2026-08-03 09:25:00,28471.0,28471.0,28433.5,28436.75,3685
2026-08-03 09:26:00,28436.5,28438.5,28424.0,28429.25,3111
2026-08-03 09:27:00,28429.5,28432.5,28402.0,28413.0,4719
2026-08-03 09:28:00,28412.5,28422.5,28397.5,28407.25,3689
2026-08-03 09:29:00,28407.0,28423.25,28396.0,28419.0,4041
2026-08-03 09:30:00,28418.75,28436.25,28354.0,28357.75,16106
2026-08-03 09:31:00,28357.5,28384.0,28336.75,28350.0,12368
2026-08-03 09:32:00,28349.25,28367.5,28313.0,28349.0,13702
2026-08-03 09:33:00,28349.0,28363.5,28324.25,28355.75,8927
2026-08-03 09:34:00,28355.75,28403.0,28351.0,28381.5,14033
2026-08-03 09:35:00,28381.0,28463.0,28374.0,28449.75,16867
2026-08-03 09:36:00,28449.25,28502.25,28442.5,28501.75,14343
2026-08-03 09:37:00,28501.5,28540.25,28486.0,28490.25,17770
2026-08-03 09:38:00,28490.5,28506.75,28464.0,28502.0,13286
2026-08-03 09:39:00,28502.75,28519.5,28476.5,28502.5,9363
2026-08-03 09:40:00,28501.5,28522.25,28440.0,28470.5,14967
2026-08-03 09:41:00,28470.0,28492.5,28451.0,28468.0,9558
2026-08-03 09:42:00,28468.0,28481.75,28420.0,28434.25,11289
2026-08-03 09:43:00,28432.75,28448.25,28416.0,28440.25,5062
2026-08-03 09:44:00,28440.75,28499.5,28438.25,28492.25,8406
2026-08-03 09:45:00,28494.0,28527.0,28485.25,28491.0,8963
2026-08-03 09:46:00,28491.0,28503.5,28443.75,28449.25,9386
2026-08-03 09:47:00,28449.75,28496.5,28449.75,28496.5,7960
2026-08-03 09:48:00,28496.25,28539.0,28481.5,28504.75,13621
2026-08-03 09:49:00,28504.25,28509.75,28472.25,28474.25,7875
2026-08-03 09:50:00,28474.5,28497.5,28455.0,28471.25,8025
2026-08-03 09:51:00,28470.75,28507.25,28466.25,28504.5,6592
2026-08-03 09:52:00,28505.25,28509.0,28478.0,28489.25,5691
2026-08-03 09:53:00,28489.5,28524.0,28484.25,28522.75,6628
2026-08-03 09:54:00,28522.5,28526.25,28493.5,28524.0,7879
2026-08-03 09:55:00,28524.0,28564.75,28513.75,28556.25,12536
2026-08-03 09:56:00,28556.25,28568.0,28543.75,28559.5,9242
2026-08-03 09:57:00,28559.25,28586.0,28556.75,28581.5,8991
2026-08-03 09:58:00,28581.5,28610.0,28571.5,28605.25,7088
2026-08-03 09:59:00,28604.25,28629.0,28588.5,28628.25,5845
2026-08-03 10:00:00,28629.0,28630.0,28576.25,28601.5,9237
2026-08-03 10:01:00,28602.25,28606.25,28572.0,28582.0,5705
2026-08-03 10:02:00,28582.25,28586.5,28558.0,28582.5,7927
2026-08-03 10:03:00,28583.0,28611.25,28564.25,28568.0,10908
2026-08-03 10:04:00,28567.75,28571.25,28534.75,28554.25,11451
2026-08-03 10:05:00,28553.75,28581.25,28541.5,28572.0,8856
2026-08-03 10:06:00,28572.0,28597.5,28569.75,28581.25,8909
2026-08-03 10:07:00,28581.0,28588.5,28548.0,28551.5,7257
2026-08-03 10:08:00,28551.25,28579.5,28525.0,28565.75,10272
2026-08-03 10:09:00,28566.75,28586.0,28565.0,28571.75,5688
2026-08-03 10:10:00,28571.75,28600.75,28561.25,28586.75,8074
2026-08-03 10:11:00,28587.25,28605.75,28581.0,28601.5,5555
2026-08-03 10:12:00,28602.5,28616.75,28588.0,28593.75,7667
2026-08-03 10:13:00,28593.25,28609.75,28585.5,28590.25,5511
2026-08-03 10:14:00,28590.25,28590.25,28558.5,28571.25,8935
2026-08-03 10:15:00,28571.0,28578.25,28555.5,28578.0,6936
2026-08-03 10:16:00,28578.25,28619.5,28577.75,28611.5,9154
2026-08-03 10:17:00,28611.0,28622.5,28598.5,28614.75,7326
2026-08-03 10:18:00,28614.75,28639.0,28610.75,28629.5,8566
2026-08-03 10:19:00,28629.0,28633.25,28611.0,28613.75,7061
2026-08-03 10:20:00,28614.25,28640.0,28605.75,28637.0,8210
2026-08-03 10:21:00,28637.0,28651.25,28630.0,28650.75,6357
2026-08-03 10:22:00,28650.5,28660.5,28642.75,28643.5,7979
2026-08-03 10:23:00,28643.75,28658.75,28641.0,28656.25,6141
2026-08-03 10:24:00,28656.0,28666.5,28647.25,28661.5,7330
2026-08-03 10:25:00,28662.0,28680.0,28661.75,28664.5,8446
2026-08-03 10:26:00,28664.25,28668.25,28653.0,28667.0,5913
2026-08-03 10:27:00,28667.0,28671.75,28635.0,28654.75,8699
2026-08-03 10:28:00,28654.5,28673.0,28647.25,28656.5,6380
2026-08-03 10:29:00,28656.25,28684.75,28654.25,28678.25,6226
2026-08-03 10:30:00,28677.75,28683.5,28661.0,28669.75,6471
2026-08-03 10:31:00,28669.25,28684.25,28666.25,28674.5,4932
2026-08-03 10:32:00,28675.0,28685.75,28673.0,28677.5,3996
2026-08-03 10:33:00,28677.75,28692.25,28675.75,28684.0,4793
2026-08-03 10:34:00,28683.75,28689.25,28671.0,28685.0,3938
2026-08-03 10:35:00,28685.0,28697.75,28683.25,28697.5,4906
2026-08-03 10:36:00,28697.5,28712.0,28688.5,28706.25,8541
2026-08-03 10:37:00,28706.5,28721.0,28704.0,28712.0,6050
2026-08-03 10:38:00,28711.5,28717.5,28704.5,28709.25,3947
2026-08-03 10:39:00,28709.25,28731.25,28707.75,28716.5,7663
2026-08-03 10:40:00,28716.25,28730.25,28710.25,28726.0,4697
2026-08-03 10:41:00,28725.75,28735.75,28715.5,28720.75,6081
2026-08-03 10:42:00,28721.0,28723.25,28704.25,28718.25,5582
2026-08-03 10:43:00,28718.5,28719.25,28702.5,28715.0,4132
2026-08-03 10:44:00,28715.0,28721.5,28705.25,28707.75,3582
2026-08-03 10:45:00,28707.5,28714.25,28699.5,28701.75,4730
2026-08-03 10:46:00,28702.0,28733.0,28701.5,28728.0,6401
2026-08-03 10:47:00,28727.5,28733.5,28714.75,28727.0,5459
2026-08-03 10:48:00,28727.0,28744.5,28725.75,28729.5,7044
2026-08-03 10:49:00,28729.5,28744.25,28726.5,28738.75,4498
2026-08-03 10:50:00,28738.25,28750.75,28731.5,28750.25,6183
2026-08-03 10:51:00,28750.5,28778.75,28748.5,28776.0,9844
2026-08-03 10:52:00,28776.5,28784.0,28771.75,28780.5,6286
2026-08-03 10:53:00,28780.75,28798.25,28780.75,28795.5,7253
2026-08-03 10:54:00,28795.75,28798.5,28777.5,28779.5,5961
2026-08-03 10:55:00,28779.5,28802.0,28779.5,28791.5,6148
2026-08-03 10:56:00,28791.75,28801.0,28784.75,28787.25,3971
2026-08-03 10:57:00,28787.5,28796.0,28781.75,28790.5,3221
2026-08-03 10:58:00,28790.25,28796.5,28782.75,28795.75,2980
2026-08-03 10:59:00,28795.5,28805.0,28792.5,28802.0,3820
2026-08-03 11:00:00,28801.25,28802.25,28787.75,28792.0,3974
2026-08-03 11:01:00,28792.0,28798.75,28784.5,28795.25,3411
2026-08-03 11:02:00,28795.0,28798.75,28787.5,28791.0,2279
2026-08-03 11:03:00,28791.25,28794.5,28785.5,28791.0,2809
2026-08-03 11:04:00,28790.5,28793.25,28781.5,28791.25,3299
2026-08-03 11:05:00,28790.75,28796.0,28777.0,28778.0,4046
2026-08-03 11:06:00,28777.75,28778.5,28760.25,28777.5,7462
2026-08-03 11:07:00,28777.25,28792.75,28771.0,28785.5,5203
2026-08-03 11:08:00,28785.5,28789.75,28767.25,28777.5,4407
2026-08-03 11:09:00,28778.0,28779.5,28761.0,28767.0,3681
2026-08-03 11:10:00,28766.5,28767.75,28756.0,28765.0,4791
2026-08-03 11:11:00,28764.25,28770.5,28752.75,28764.5,4627
2026-08-03 11:12:00,28765.0,28769.0,28747.25,28767.25,4831
2026-08-03 11:13:00,28767.0,28781.5,28763.25,28770.75,5871
2026-08-03 11:14:00,28770.5,28776.0,28753.25,28757.5,4168
2026-08-03 11:15:00,28757.0,28775.75,28755.75,28774.0,3964
2026-08-03 11:16:00,28774.25,28788.0,28773.25,28782.25,4823
2026-08-03 11:17:00,28781.75,28782.75,28764.5,28776.5,4118
2026-08-03 11:18:00,28775.5,28783.75,28772.25,28777.75,3121
2026-08-03 11:19:00,28777.5,28786.0,28774.75,28780.75,2509
2026-08-03 11:20:00,28780.75,28798.75,28779.75,28797.75,5263
2026-08-03 11:21:00,28797.25,28798.0,28781.5,28787.25,4456
2026-08-03 11:22:00,28787.25,28793.0,28768.5,28792.0,4451
2026-08-03 11:23:00,28793.0,28796.25,28784.25,28792.5,2756
2026-08-03 11:24:00,28791.75,28795.25,28778.25,28780.0,2878
2026-08-03 11:25:00,28780.0,28792.0,28757.5,28769.5,5260
2026-08-03 11:26:00,28769.5,28778.5,28757.75,28760.0,4302
2026-08-03 11:27:00,28759.5,28767.0,28753.0,28760.5,3846
2026-08-03 11:28:00,28760.5,28763.5,28723.25,28737.75,8984
2026-08-03 11:29:00,28737.75,28743.5,28729.75,28734.75,4710
2026-08-03 11:30:00,28734.25,28762.0,28731.5,28750.5,6947
2026-08-03 11:31:00,28750.5,28774.5,28747.5,28761.0,5433
2026-08-03 11:32:00,28760.5,28771.5,28753.0,28757.5,3382
2026-08-03 11:33:00,28757.0,28774.5,28752.75,28774.0,3834
2026-08-03 11:34:00,28774.0,28780.5,28759.0,28764.25,4340
2026-08-03 11:35:00,28765.0,28776.0,28755.25,28776.0,4171
2026-08-03 11:36:00,28776.0,28779.25,28760.5,28763.5,3492
2026-08-03 11:37:00,28764.0,28767.75,28749.75,28755.25,2817
2026-08-03 11:38:00,28755.0,28763.25,28744.5,28756.25,3389
2026-08-03 11:39:00,28756.25,28774.5,28756.0,28766.25,3055
2026-08-03 11:40:00,28766.75,28788.0,28764.5,28779.75,4385
2026-08-03 11:41:00,28780.0,28789.75,28770.0,28775.25,3609
2026-08-03 11:42:00,28775.0,28786.25,28771.5,28783.0,2351
2026-08-03 11:43:00,28782.5,28788.0,28778.75,28782.0,2218
2026-08-03 11:44:00,28781.75,28786.5,28779.0,28782.0,1658
2026-08-03 11:45:00,28782.0,28793.5,28782.0,28786.5,3202
2026-08-03 11:46:00,28786.75,28793.5,28783.25,28790.75,0
