time_et,open,high,low,close,volume
2026-07-24 04:00:00,383.99,384.7045,381.1092,384.0387,0
2026-07-24 04:01:00,384.47,384.66,381.16,384.15,0
2026-07-24 04:02:00,384.05,384.84,381.32,382.47,0
2026-07-24 04:03:00,382.22,385.87,381.68,385.2119,0
2026-07-24 04:04:00,385.88,385.88,384.4817,385.7988,0
2026-07-24 04:05:00,385.7,385.7,385.25,385.4877,0
2026-07-24 04:06:00,385.26,385.26,381.17,381.17,0
2026-07-24 04:07:00,384.6002,385.08,384.6002,384.8595,0
2026-07-24 04:08:00,384.56,385.0,384.5,385.0,0
2026-07-24 04:09:00,385.1907,385.58,385.1907,385.58,0
2026-07-24 04:10:00,384.8702,385.57,384.8702,385.3,0
2026-07-24 04:11:00,385.3,385.8537,385.0,385.13,0
2026-07-24 04:12:00,385.19,385.4177,385.18,385.4177,0
2026-07-24 04:13:00,385.41,385.41,385.28,385.28,0
2026-07-24 04:14:00,385.39,385.5,385.25,385.5,0
2026-07-24 04:15:00,385.3,385.5,385.26,385.3,0
2026-07-24 04:16:00,385.33,385.35,385.3,385.35,0
2026-07-24 04:17:00,385.34,385.34,385.34,385.34,0
2026-07-24 04:18:00,385.4988,385.4988,384.8387,385.18,0
2026-07-24 04:19:00,385.1383,385.21,385.0372,385.0816,0
2026-07-24 04:20:00,385.1,385.4875,385.02,385.14,0
2026-07-24 04:21:00,385.07,385.13,385.0,385.07,0
2026-07-24 04:22:00,384.9979,385.18,384.9979,385.0,0
2026-07-24 04:23:00,385.07,385.07,385.02,385.02,0
2026-07-24 04:24:00,385.02,385.17,384.97,384.97,0
2026-07-24 04:25:00,384.98,385.3,384.98,385.3,0
2026-07-24 04:26:00,385.24,385.24,385.24,385.24,0
2026-07-24 04:27:00,384.9,385.62,384.9,385.0,0
2026-07-24 04:28:00,385.0,385.4729,385.0,385.0,0
2026-07-24 04:29:00,385.5,385.5,385.0261,385.0261,0
2026-07-24 04:30:00,385.0,385.4875,385.0,385.4875,0
2026-07-24 04:31:00,385.4387,385.4387,385.01,385.25,0
2026-07-24 04:32:00,385.0012,385.15,385.0,385.0,0
2026-07-24 04:33:00,385.0,385.2888,385.0,385.0,0
2026-07-24 04:34:00,385.3,385.38,385.0,385.25,0
2026-07-24 04:35:00,385.39,385.39,385.1021,385.255,0
2026-07-24 04:36:00,385.4,385.4,385.24,385.39,0
2026-07-24 04:37:00,385.0197,385.3,385.0197,385.3,0
2026-07-24 04:38:00,385.28,385.3,385.0981,385.26,0
2026-07-24 04:39:00,385.26,385.26,385.26,385.26,0
2026-07-24 04:40:00,385.3,385.3,385.0012,385.2,0
2026-07-24 04:41:00,385.4,385.4,385.2,385.2,0
2026-07-24 04:42:00,385.3988,385.3988,385.2988,385.31,0
2026-07-24 04:43:00,385.39,385.4,385.12,385.12,0
2026-07-24 04:44:00,385.3988,385.3988,385.3988,385.3988,0
2026-07-24 04:45:00,385.14,385.3,385.0,385.0,0
2026-07-24 04:46:00,385.0,385.3,385.0,385.3,0
2026-07-24 04:47:00,385.3,385.3,385.0075,385.0075,0
2026-07-24 04:48:00,385.28,385.28,385.1029,385.1462,0
2026-07-24 04:49:00,385.3,385.3,385.17,385.17,0
2026-07-24 04:50:00,385.2,385.45,385.15,385.4387,0
2026-07-24 04:51:00,385.15,385.45,385.1,385.45,0
2026-07-24 04:52:00,385.4488,385.4488,385.4265,385.4265,0
2026-07-24 04:53:00,385.4,385.5,385.08,385.4,0
2026-07-24 04:54:00,385.32,385.76,385.32,385.6,0
2026-07-24 04:55:00,385.6,386.0,385.3175,386.0,0
2026-07-24 04:56:00,385.61,385.88,385.61,385.87,0
2026-07-24 04:57:00,385.64,385.7988,385.34,385.34,0
2026-07-24 04:58:00,385.33,385.4387,385.33,385.34,0
2026-07-24 04:59:00,385.9988,385.9988,385.35,385.532,0
2026-07-24 05:00:00,385.35,385.7583,385.35,385.3861,0
2026-07-24 05:01:00,385.3861,385.975,385.35,385.975,0
2026-07-24 05:02:00,385.33,385.5888,385.0308,385.0308,0
2026-07-24 05:03:00,385.39,385.5752,385.14,385.5752,0
2026-07-24 05:04:00,385.0012,385.0012,385.0,385.0,0
2026-07-24 05:05:00,385.3,385.3,385.3,385.3,0
2026-07-24 05:06:00,385.2311,385.2311,385.2311,385.2311,0
2026-07-24 05:07:00,385.323,385.6,385.323,385.6,0
2026-07-24 05:08:00,385.099,385.73,385.099,385.73,0
2026-07-24 05:09:00,385.799,386.01,385.6755,385.984,0
2026-07-24 05:10:00,385.844,386.2788,385.8,385.8,0
2026-07-24 05:11:00,385.8,386.0,385.7,385.7739,0
2026-07-24 05:12:00,385.7488,385.7488,385.6,385.6,0
2026-07-24 05:13:00,385.6,385.6,385.361,385.4,0
2026-07-24 05:14:00,385.45,385.7488,385.45,385.57,0
2026-07-24 05:15:00,385.57,385.75,385.4,385.48,0
2026-07-24 05:16:00,385.49,385.5,385.4678,385.4678,0
2026-07-24 05:17:00,385.48,385.7317,385.48,385.58,0
2026-07-24 05:18:00,385.5,385.75,385.5,385.75,0
2026-07-24 05:19:00,385.6,385.68,385.6,385.67,0
2026-07-24 05:20:00,385.8788,385.8788,385.75,385.87,0
2026-07-24 05:21:00,385.7,385.8,385.7,385.8,0
2026-07-24 05:22:00,385.87,386.0,385.75,385.75,0
2026-07-24 05:23:00,385.88,386.19,385.88,386.0588,0
2026-07-24 05:24:00,386.19,386.19,385.75,386.07,0
2026-07-24 05:25:00,386.19,386.5,385.92,386.38,0
2026-07-24 05:26:00,386.25,386.5,386.25,386.5,0
2026-07-24 05:27:00,386.3267,386.5,386.0,386.4875,0
2026-07-24 05:28:00,386.5,386.5,386.3553,386.4875,0
2026-07-24 05:29:00,386.28,386.44,386.1731,386.38,0
2026-07-24 05:30:00,386.1731,386.5,386.1731,386.5,0
2026-07-24 05:31:00,386.09,386.66,386.09,386.6588,0
2026-07-24 05:32:00,386.6435,386.6435,386.03,386.585,0
2026-07-24 05:33:00,386.37,386.5988,386.1,386.1,0
2026-07-24 05:34:00,386.1,386.1,386.1,386.1,0
2026-07-24 05:35:00,386.0,386.32,386.0,386.015,0
2026-07-24 05:36:00,386.01,386.01,386.0,386.0,0
2026-07-24 05:37:00,386.5988,386.5988,386.08,386.3,0
2026-07-24 05:38:00,386.1,386.3,386.0,386.3,0
2026-07-24 05:39:00,386.38,386.38,385.9539,385.995,0
2026-07-24 05:40:00,385.85,386.1223,385.8,385.99,0
2026-07-24 05:41:00,386.0,386.05,386.0,386.0,0
2026-07-24 05:42:00,386.0,386.09,386.0,386.0,0
2026-07-24 05:43:00,386.0,386.0,386.0,386.0,0
2026-07-24 05:44:00,386.0,386.2,386.0,386.02,0
2026-07-24 05:45:00,386.02,386.369,386.02,386.369,0
2026-07-24 05:46:00,385.88,386.37,385.88,385.97,0
2026-07-24 05:47:00,385.97,386.02,385.93,385.9558,0
2026-07-24 05:48:00,385.844,386.0,385.8,385.8,0
2026-07-24 05:49:00,385.8,385.85,385.8,385.85,0
2026-07-24 05:50:00,385.9902,386.0,385.78,386.0,0
2026-07-24 05:51:00,385.8,386.0,385.8,386.0,0
2026-07-24 05:52:00,386.0,386.0,385.85,385.85,0
2026-07-24 05:53:00,385.85,385.85,385.85,385.85,0
2026-07-24 05:54:00,385.75,385.9988,385.75,385.7942,0
2026-07-24 05:55:00,385.754,385.8,385.754,385.8,0
2026-07-24 05:56:00,386.0,386.0,385.79,385.79,0
2026-07-24 05:57:00,385.99,385.99,385.97,385.97,0
2026-07-24 05:58:00,385.6905,386.0,385.6905,385.9,0
2026-07-24 05:59:00,386.0,386.0862,385.9,386.0862,0
2026-07-24 06:00:00,385.81,386.1,385.81,386.1,0
2026-07-24 06:01:00,385.7516,385.7516,385.55,385.65,0
2026-07-24 06:02:00,386.0862,386.0862,385.55,385.71,0
2026-07-24 06:03:00,385.669,385.76,385.669,385.76,0
2026-07-24 06:04:00,385.71,385.94,385.7,385.7,0
2026-07-24 06:05:00,385.75,385.7742,385.71,385.71,0
2026-07-24 06:06:00,385.71,385.74,385.6073,385.69,0
2026-07-24 06:07:00,385.61,385.61,385.56,385.61,0
2026-07-24 06:08:00,385.63,385.69,385.63,385.69,0
2026-07-24 06:09:00,385.6964,385.74,385.6869,385.74,0
2026-07-24 06:10:00,385.74,385.74,385.55,385.74,0
2026-07-24 06:11:00,385.74,385.74,385.65,385.65,0
2026-07-24 06:12:00,385.55,385.75,385.55,385.75,0
2026-07-24 06:13:00,385.75,385.7972,385.65,385.74,0
2026-07-24 06:14:00,385.76,385.76,385.74,385.74,0
2026-07-24 06:15:00,385.6962,385.795,385.65,385.795,0
2026-07-24 06:16:00,385.7,385.71,385.7,385.71,0
2026-07-24 06:17:00,385.9,385.9,385.5512,385.5512,0
2026-07-24 06:18:00,385.7,385.7,385.55,385.5587,0
2026-07-24 06:19:00,385.66,385.74,385.56,385.56,0
2026-07-24 06:20:00,385.58,385.62,385.4,385.4,0
2026-07-24 06:22:00,385.45,385.6,385.4,385.6,0
2026-07-24 06:23:00,385.5,385.5,385.3,385.4,0
2026-07-24 06:24:00,385.3,385.4988,385.0125,385.4,0
2026-07-24 06:25:00,385.4,385.52,385.34,385.52,0
2026-07-24 06:26:00,385.0,385.6,385.0,385.0,0
2026-07-24 06:28:00,385.42,385.4387,385.42,385.4387,0
2026-07-24 06:29:00,385.4239,385.4239,385.3,385.3,0
2026-07-24 06:30:00,385.3,385.5988,385.3,385.5988,0
2026-07-24 06:31:00,385.3927,385.3927,385.36,385.38,0
2026-07-24 06:32:00,385.0313,385.5877,385.0313,385.5877,0
2026-07-24 06:33:00,385.45,385.45,385.3,385.3,0
2026-07-24 06:34:00,385.45,385.45,385.3,385.3,0
2026-07-24 06:35:00,385.2925,385.2925,385.05,385.05,0
2026-07-24 06:36:00,385.23,385.5432,385.23,385.5432,0
2026-07-24 06:37:00,385.5,385.59,385.5,385.59,0
2026-07-24 06:38:00,385.5025,385.5988,385.0,385.0,0
2026-07-24 06:39:00,385.3,385.6,385.3,385.3,0
2026-07-24 06:40:00,385.45,385.6,385.3696,385.3696,0
2026-07-24 06:41:00,385.53,385.6988,385.43,385.56,0
2026-07-24 06:42:00,385.66,385.74,385.6182,385.6182,0
2026-07-24 06:43:00,385.8902,385.8902,385.63,385.63,0
2026-07-24 06:44:00,385.9,385.9,385.3012,385.71,0
2026-07-24 06:45:00,385.73,385.73,385.6075,385.6075,0
2026-07-24 06:46:00,385.8,385.9,385.6227,385.64,0
2026-07-24 06:47:00,385.6688,385.8844,385.64,385.83,0
2026-07-24 06:48:00,385.75,385.75,385.6,385.6,0
2026-07-24 06:49:00,385.75,385.9,385.74,385.9,0
2026-07-24 06:50:00,385.74,385.8,385.73,385.8,0
2026-07-24 06:51:00,385.6156,385.85,385.6156,385.85,0
2026-07-24 06:52:00,385.6541,385.8925,385.6541,385.8925,0
2026-07-24 06:54:00,385.8208,385.8925,385.72,385.82,0
2026-07-24 06:55:00,385.66,385.66,385.5,385.5,0
2026-07-24 06:56:00,385.5,385.5,385.3,385.3,0
2026-07-24 06:57:00,385.38,385.4,385.305,385.305,0
2026-07-24 06:58:00,385.3,385.495,385.3,385.35,0
2026-07-24 06:59:00,385.4,385.4,385.12,385.12,0
2026-07-24 07:00:00,385.25,385.75,385.0,385.6921,0
2026-07-24 07:01:00,385.6849,385.7,385.513,385.6,0
2026-07-24 07:02:00,385.7,385.75,385.4012,385.7,0
2026-07-24 07:03:00,385.8837,385.9,385.3507,385.8302,0
2026-07-24 07:04:00,385.7,385.8799,385.4363,385.4363,0
2026-07-24 07:05:00,385.333,385.88,385.333,385.43,0
2026-07-24 07:06:00,385.3,385.8,385.3,385.3,0
2026-07-24 07:07:00,385.88,385.9,385.3,385.32,0
2026-07-24 07:08:00,385.8101,385.8101,385.3512,385.3512,0
2026-07-24 07:09:00,385.35,385.79,385.35,385.6065,0
2026-07-24 07:10:00,385.79,385.86,385.4459,385.75,0
2026-07-24 07:11:00,385.724,385.75,385.6,385.75,0
2026-07-24 07:12:00,385.8268,385.89,385.7003,385.89,0
2026-07-24 07:13:00,385.81,385.81,385.3512,385.3512,0
2026-07-24 07:14:00,385.62,385.7988,385.35,385.74,0
2026-07-24 07:15:00,385.6268,385.75,385.62,385.75,0
2026-07-24 07:16:00,385.6499,385.8,385.3368,385.8,0
2026-07-24 07:17:00,385.8,385.8,385.25,385.644,0
2026-07-24 07:18:00,385.8,385.8,385.6343,385.7862,0
2026-07-24 07:19:00,385.78,385.81,385.6,385.81,0
2026-07-24 07:20:00,385.8022,385.81,385.67,385.7868,0
2026-07-24 07:21:00,385.66,385.7,385.5,385.5,0
2026-07-24 07:22:00,385.69,385.7,385.5,385.6,0
2026-07-24 07:23:00,385.65,386.19,385.5172,385.5172,0
2026-07-24 07:24:00,385.5,386.25,385.5,386.25,0
2026-07-24 07:25:00,386.0,386.4,386.0,386.4,0
2026-07-24 07:26:00,386.4,386.4,386.0676,386.11,0
2026-07-24 07:27:00,386.18,386.2,386.0,386.01,0
2026-07-24 07:28:00,386.01,386.16,386.0,386.0,0
2026-07-24 07:29:00,386.1,386.1,386.0509,386.0608,0
2026-07-24 07:30:00,386.05,386.16,386.05,386.06,0
2026-07-24 07:31:00,386.0,386.16,385.7,385.91,0
2026-07-24 07:32:00,385.59,385.91,385.59,385.6679,0
2026-07-24 07:33:00,385.8,385.8,385.6,385.6795,0
2026-07-24 07:34:00,385.6001,385.8433,385.6001,385.6725,0
2026-07-24 07:35:00,385.61,385.9,385.61,385.8,0
2026-07-24 07:36:00,385.8004,385.9,385.6112,385.6707,0
2026-07-24 07:37:00,385.9088,385.9088,385.62,385.72,0
2026-07-24 07:38:00,385.84,385.9579,385.84,385.8802,0
2026-07-24 07:39:00,385.92,386.66,385.88,386.66,0
2026-07-24 07:40:00,386.1278,386.66,386.1278,386.2027,0
2026-07-24 07:41:00,386.39,386.39,386.0496,386.0496,0
2026-07-24 07:42:00,386.32,386.32,386.0096,386.0125,0
2026-07-24 07:43:00,386.0,386.24,386.0,386.2,0
2026-07-24 07:44:00,386.14,386.3,386.131,386.3,0
2026-07-24 07:45:00,386.2,386.3,386.0,386.2535,0
2026-07-24 07:46:00,386.3,386.3,386.07,386.1391,0
2026-07-24 07:47:00,386.09,386.285,386.09,386.11,0
2026-07-24 07:48:00,386.07,386.2827,386.01,386.07,0
2026-07-24 07:49:00,386.0,386.22,386.0,386.0341,0
2026-07-24 07:50:00,386.053,386.22,385.92,386.1609,0
2026-07-24 07:51:00,386.0737,386.22,386.07,386.2122,0
2026-07-24 07:52:00,386.08,386.22,385.9312,385.9312,0
2026-07-24 07:53:00,385.9372,386.18,385.9372,386.18,0
2026-07-24 07:54:00,386.12,386.1804,385.93,386.1804,0
2026-07-24 07:55:00,385.9707,385.9707,385.6175,385.7583,0
2026-07-24 07:56:00,385.858,385.9017,385.75,385.79,0
2026-07-24 07:57:00,385.6565,386.21,385.61,386.21,0
2026-07-24 07:58:00,386.0,386.11,385.8185,386.01,0
2026-07-24 07:59:00,386.15,386.2088,386.0,386.19,0
2026-07-24 08:00:00,386.15,386.21,385.7512,385.7512,0
2026-07-24 08:01:00,386.21,386.21,385.7501,385.9613,0
2026-07-24 08:02:00,385.9412,386.0,385.7512,385.97,0
2026-07-24 08:03:00,385.9247,386.0,385.75,385.8342,0
2026-07-24 08:04:00,385.9988,385.9988,385.8126,385.97,0
2026-07-24 08:05:00,385.8864,385.99,385.7503,385.7503,0
2026-07-24 08:06:00,385.763,385.79,385.75,385.75,0
2026-07-24 08:07:00,385.79,386.1,385.75,386.0,0
2026-07-24 08:08:00,386.2,386.2,385.9042,386.09,0
2026-07-24 08:09:00,386.094,386.2,385.9,386.16,0
2026-07-24 08:10:00,386.2,386.2,385.9,386.1,0
2026-07-24 08:11:00,386.0,386.15,385.9,385.9,0
2026-07-24 08:12:00,386.0,386.1486,385.9,386.0,0
2026-07-24 08:13:00,386.0052,386.28,386.0052,386.27,0
2026-07-24 08:14:00,386.072,386.37,386.05,386.362,0
2026-07-24 08:15:00,386.37,386.37,386.05,386.05,0
2026-07-24 08:16:00,386.362,386.362,386.05,386.24,0
2026-07-24 08:17:00,386.05,386.5,386.05,386.5,0
2026-07-24 08:18:00,386.4786,386.4786,386.25,386.31,0
2026-07-24 08:19:00,386.2,386.4025,386.17,386.26,0
2026-07-24 08:20:00,386.4007,386.4047,386.04,386.2042,0
2026-07-24 08:21:00,386.21,386.37,386.2,386.2,0
2026-07-24 08:22:00,386.31,386.3859,386.25,386.36,0
2026-07-24 08:23:00,386.2006,386.3,386.2,386.3,0
2026-07-24 08:24:00,386.2669,386.36,386.2,386.3,0
2026-07-24 08:25:00,386.3,386.3199,386.04,386.27,0
2026-07-24 08:26:00,386.09,386.25,386.04,386.2344,0
2026-07-24 08:27:00,386.27,386.27,386.05,386.05,0
2026-07-24 08:28:00,386.25,386.25,386.04,386.18,0
2026-07-24 08:29:00,386.15,386.32,386.15,386.3095,0
2026-07-24 08:30:00,386.3358,386.39,386.1,386.32,0
2026-07-24 08:31:00,386.28,386.63,386.28,386.6282,0
2026-07-24 08:32:00,386.5747,386.66,386.2407,386.66,0
2026-07-24 08:33:00,386.44,386.62,386.39,386.45,0
2026-07-24 08:34:00,386.53,386.6265,386.45,386.6,0
2026-07-24 08:35:00,386.162,386.5,386.162,386.35,0
2026-07-24 08:36:00,386.35,386.48,386.162,386.24,0
2026-07-24 08:37:00,386.5,386.5,386.2006,386.2286,0
2026-07-24 08:38:00,386.451,386.46,386.1,386.295,0
2026-07-24 08:39:00,386.25,386.5,386.25,386.25,0
2026-07-24 08:40:00,386.25,386.487,386.02,386.02,0
2026-07-24 08:41:00,386.0,386.05,385.85,385.85,0
2026-07-24 08:42:00,385.95,385.97,385.75,385.9,0
2026-07-24 08:43:00,385.9012,386.2366,385.9012,386.03,0
2026-07-24 08:44:00,386.02,386.069,385.9,385.91,0
2026-07-24 08:45:00,386.1,386.1,385.9732,385.9839,0
2026-07-24 08:46:00,386.05,386.2,386.0,386.2,0
2026-07-24 08:47:00,386.0,386.25,385.9,385.99,0
2026-07-24 08:48:00,385.99,386.15,385.99,386.11,0
2026-07-24 08:49:00,386.06,386.2142,385.99,385.99,0
2026-07-24 08:50:00,386.05,386.2,386.0,386.2,0
2026-07-24 08:51:00,386.0264,386.3,386.0256,386.2,0
2026-07-24 08:52:00,386.106,386.2,386.05,386.05,0
2026-07-24 08:53:00,386.0104,386.2,385.98,386.05,0
2026-07-24 08:54:00,386.1206,386.1427,385.9958,386.01,0
2026-07-24 08:55:00,385.995,386.01,385.99,385.99,0
2026-07-24 08:56:00,385.99,385.99,385.7614,385.79,0
2026-07-24 08:57:00,385.7525,385.8,385.72,385.73,0
2026-07-24 08:58:00,385.78,385.78,385.71,385.7586,0
2026-07-24 08:59:00,385.7122,385.76,385.6509,385.7178,0
2026-07-24 09:00:00,385.7,385.75,385.5568,385.5568,0
2026-07-24 09:01:00,385.615,385.62,385.5322,385.62,0
2026-07-24 09:02:00,385.56,385.62,385.3068,385.6,0
2026-07-24 09:03:00,385.5,386.12,385.5,386.12,0
2026-07-24 09:04:00,386.0,386.112,385.79,386.1033,0
2026-07-24 09:05:00,385.8603,386.12,385.8,386.03,0
2026-07-24 09:06:00,386.0018,386.22,385.92,386.0196,0
2026-07-24 09:07:00,385.95,386.01,385.8,385.8,0
2026-07-24 09:08:00,385.81,385.85,385.61,385.7763,0
2026-07-24 09:09:00,385.6509,385.99,385.6509,385.729,0
2026-07-24 09:10:00,385.7,386.0,385.7,385.9,0
2026-07-24 09:11:00,385.7491,386.0,385.74,385.75,0
2026-07-24 09:12:00,385.89,386.0,385.7012,385.9925,0
2026-07-24 09:13:00,385.74,385.99,385.7012,385.9,0
2026-07-24 09:14:00,385.9,385.95,385.75,385.82,0
2026-07-24 09:15:00,385.781,385.95,385.781,385.85,0
2026-07-24 09:16:00,385.85,385.9,385.65,385.76,0
2026-07-24 09:17:00,385.61,385.8,385.4197,385.6,0
2026-07-24 09:18:00,385.65,385.73,385.431,385.45,0
2026-07-24 09:19:00,385.45,385.6,385.05,385.15,0
2026-07-24 09:20:00,385.18,385.34,385.0,385.03,0
2026-07-24 09:21:00,385.0351,385.14,384.83,384.88,0
2026-07-24 09:22:00,385.0835,385.0835,384.69,384.69,0
2026-07-24 09:23:00,384.99,385.7765,384.99,385.4,0
2026-07-24 09:24:00,385.38,385.5,385.11,385.5,0
2026-07-24 09:25:00,385.5,386.46,385.5,386.33,0
2026-07-24 09:26:00,386.1,386.8,385.9203,386.64,0
2026-07-24 09:27:00,386.7,387.0,386.24,386.24,0
2026-07-24 09:28:00,386.47,387.0,386.47,386.88,0
2026-07-24 09:29:00,386.88,387.28,386.65,387.0,0
2026-07-24 09:30:00,386.548,386.548,386.548,386.548,900288
2026-07-24 09:31:00,386.54,386.595,383.32,383.39,174423
2026-07-24 09:32:00,383.415,384.15,383.1,383.81,166500
2026-07-24 09:33:00,383.8487,384.75,383.6,384.385,518399
2026-07-24 09:34:00,384.38,385.5,384.3625,385.325,98240
2026-07-24 09:35:00,385.33,386.25,385.0,385.97,109380
2026-07-24 09:36:00,386.0,386.08,385.35,385.59,72152
2026-07-24 09:37:00,385.59,385.9494,385.15,385.73,89740
2026-07-24 09:38:00,385.62,385.85,384.52,384.59,81061
2026-07-24 09:39:00,384.51,385.38,383.85,385.105,1091653
2026-07-24 09:40:00,385.1331,385.38,384.47,384.95,115550
2026-07-24 09:41:00,384.99,385.3,384.69,384.69,135956
2026-07-24 09:42:00,384.63,384.735,383.97,384.13,99542
2026-07-24 09:43:00,384.14,384.16,382.8819,383.0,115960
2026-07-24 09:44:00,382.96,383.003,381.1,381.3264,128426
2026-07-24 09:45:00,381.05,381.45,380.88,381.13,121477
2026-07-24 09:46:00,381.09,381.88,380.65,381.62,116838
2026-07-24 09:47:00,381.56,381.87,381.351,381.6638,79669
2026-07-24 09:48:00,381.62,381.79,381.25,381.625,115730
2026-07-24 09:49:00,381.66,382.06,381.27,381.45,110216
2026-07-24 09:50:00,381.45,382.13,381.34,381.9,153832
2026-07-24 09:51:00,381.84,382.0,381.22,381.605,83211
2026-07-24 09:52:00,381.62,382.1099,381.27,381.98,74625
2026-07-24 09:53:00,382.04,382.39,381.83,382.32,111807
2026-07-24 09:54:00,382.25,382.32,381.76,382.11,96420
2026-07-24 09:55:00,382.11,382.1782,381.72,381.765,71867
2026-07-24 09:56:00,381.78,381.89,381.46,381.6,105653
2026-07-24 09:57:00,381.57,381.81,381.265,381.73,97299
2026-07-24 09:58:00,381.74,382.26,381.7,381.966,85972
2026-07-24 09:59:00,382.0195,382.03,381.1,381.26,95337
2026-07-24 10:00:00,381.23,381.715,381.1,381.4,112101
2026-07-24 10:01:00,381.4,382.27,381.4,382.09,153967
2026-07-24 10:02:00,382.05,382.13,381.68,381.795,50513
2026-07-24 10:03:00,381.795,381.924,381.43,381.88,56600
2026-07-24 10:04:00,381.9,382.04,381.335,381.48,60523
2026-07-24 10:05:00,381.42,381.61,381.28,381.365,44523
2026-07-24 10:06:00,381.365,381.85,381.26,381.705,62677
2026-07-24 10:07:00,381.7,382.07,381.64,382.07,113271
2026-07-24 10:08:00,382.025,382.8383,381.59,382.8,85693
2026-07-24 10:09:00,382.8119,383.1599,382.6,382.81,64799
2026-07-24 10:10:00,382.805,382.84,382.5,382.7365,86183
2026-07-24 10:11:00,382.759,382.759,381.56,381.615,119497
2026-07-24 10:12:00,381.61,381.61,380.84,380.975,136784
2026-07-24 10:13:00,380.9,381.34,380.81,381.29,31197
2026-07-24 10:14:00,381.31,381.97,381.2,381.66,49072
2026-07-24 10:15:00,381.66,382.16,381.66,381.95,49058
2026-07-24 10:16:00,381.89,382.23,381.88,382.115,42909
2026-07-24 10:17:00,382.11,382.34,381.57,382.005,51885
2026-07-24 10:18:00,381.97,382.34,381.875,382.3,44297
2026-07-24 10:19:00,382.225,382.29,381.85,382.055,95624
2026-07-24 10:20:00,382.055,382.97,381.94,382.655,143940
2026-07-24 10:21:00,382.65,383.0021,382.42,382.88,65940
2026-07-24 10:22:00,382.885,383.2,382.57,383.0317,68489
2026-07-24 10:23:00,383.145,383.41,382.75,382.75,43370
2026-07-24 10:24:00,382.79,383.04,382.72,382.95,49511
2026-07-24 10:25:00,382.95,382.98,382.39,382.48,51554
2026-07-24 10:26:00,382.51,383.02,382.33,382.975,41412
2026-07-24 10:27:00,382.97,383.27,382.7701,383.02,153221
2026-07-24 10:28:00,382.985,383.1,382.61,382.685,37407
2026-07-24 10:29:00,382.74,382.76,381.64,381.705,113475
2026-07-24 10:30:00,381.705,382.49,381.6919,382.395,89569
2026-07-24 10:31:00,382.29,382.52,382.18,382.47,82003
2026-07-24 10:32:00,382.43,383.1116,382.36,382.79,72244
2026-07-24 10:33:00,382.8,383.0782,382.64,382.94,36736
2026-07-24 10:34:00,382.855,382.9,382.76,382.76,27971
2026-07-24 10:35:00,382.79,383.418,382.7701,383.418,50894
2026-07-24 10:36:00,383.395,383.61,383.25,383.43,61696
2026-07-24 10:37:00,383.475,383.92,383.35,383.4806,48052
2026-07-24 10:38:00,383.47,383.6,383.18,383.205,47320
2026-07-24 10:39:00,383.205,383.3,382.89,383.15,48251
2026-07-24 10:40:00,383.19,383.68,383.1368,383.52,74377
2026-07-24 10:41:00,383.46,383.71,383.09,383.63,55301
2026-07-24 10:42:00,383.68,383.7985,383.535,383.735,42776
2026-07-24 10:43:00,383.69,383.735,383.33,383.35,48124
2026-07-24 10:44:00,383.24,383.42,382.79,382.8899,59442
2026-07-24 10:45:00,382.81,383.31,382.81,383.115,52909
2026-07-24 10:46:00,383.12,383.36,382.8,382.84,90836
2026-07-24 10:47:00,382.84,383.0,382.7001,382.9,95201
2026-07-24 10:48:00,382.9,383.21,382.82,382.97,50571
2026-07-24 10:49:00,382.99,383.14,382.81,383.045,57681
2026-07-24 10:50:00,383.1,383.51,383.1,383.51,51312
2026-07-24 10:51:00,383.485,383.83,383.32,383.69,43973
2026-07-24 10:52:00,383.705,383.705,383.15,383.15,49319
2026-07-24 10:53:00,383.245,383.55,383.19,383.473,31865
2026-07-24 10:54:00,383.51,383.51,383.23,383.2714,31268
2026-07-24 10:55:00,383.24,383.32,383.07,383.2,40841
2026-07-24 10:56:00,383.1501,383.54,383.15,383.52,31182
2026-07-24 10:57:00,383.5,383.65,383.32,383.63,47712
2026-07-24 10:58:00,383.6,384.2,383.5425,384.14,61525
2026-07-24 10:59:00,384.155,384.5,384.12,384.205,74402
2026-07-24 11:00:00,384.21,384.57,384.0912,384.515,63225
2026-07-24 11:01:00,384.46,384.58,384.165,384.39,58305
2026-07-24 11:02:00,384.34,384.35,383.74,383.81,46651
2026-07-24 11:03:00,383.835,384.05,383.48,383.745,125681
2026-07-24 11:04:00,383.73,383.87,383.58,383.715,33235
2026-07-24 11:05:00,383.715,384.11,383.675,384.02,36879
2026-07-24 11:06:00,383.97,384.16,383.89,383.925,28428
2026-07-24 11:07:00,383.95,384.12,383.6,384.05,40260
2026-07-24 11:08:00,384.0,384.52,383.98,384.275,40403
2026-07-24 11:09:00,384.29,384.32,383.91,384.03,39465
2026-07-24 11:10:00,383.98,384.84,383.98,384.84,77331
2026-07-24 11:11:00,384.77,385.01,384.55,384.68,59191
2026-07-24 11:12:00,384.6602,385.0,384.66,384.73,77826
2026-07-24 11:13:00,384.73,384.9099,384.57,384.8,46007
2026-07-24 11:14:00,384.8675,385.3317,384.865,385.135,211494
2026-07-24 11:15:00,385.1,385.88,384.95,385.73,101594
2026-07-24 11:16:00,385.65,385.83,385.28,385.34,47305
2026-07-24 11:17:00,385.41,385.4825,385.05,385.225,39273
2026-07-24 11:18:00,385.202,385.45,384.83,384.865,41040
2026-07-24 11:19:00,384.865,384.9,384.3,384.78,43149
2026-07-24 11:20:00,384.745,385.3883,384.68,385.07,42849
2026-07-24 11:21:00,385.05,385.135,384.445,384.54,100580
2026-07-24 11:22:00,384.54,384.8999,384.54,384.68,76430
2026-07-24 11:23:00,384.735,385.47,384.735,385.0401,86558
2026-07-24 11:24:00,385.13,385.3792,385.01,385.2211,26681
2026-07-24 11:25:00,385.2,385.5,385.1,385.5,32716
2026-07-24 11:26:00,385.505,385.58,385.35,385.525,34789
2026-07-24 11:27:00,385.5251,385.79,385.49,385.765,36274
2026-07-24 11:28:00,385.765,386.03,385.56,385.6201,46034
2026-07-24 11:29:00,385.69,385.69,385.14,385.22,43497
2026-07-24 11:30:00,385.226,385.55,385.03,385.55,41057
2026-07-24 11:31:00,385.55,385.6899,385.2825,385.35,25088
2026-07-24 11:32:00,385.35,385.39,385.07,385.07,33276
2026-07-24 11:33:00,385.07,385.07,384.93,385.03,38374
2026-07-24 11:34:00,385.06,385.09,384.54,384.54,49437
2026-07-24 11:35:00,384.59,384.76,384.54,384.67,43492
2026-07-24 11:36:00,384.68,385.07,384.58,385.07,160016
2026-07-24 11:37:00,385.06,385.15,384.79,384.79,39594
2026-07-24 11:38:00,384.8284,385.15,384.78,385.14,17726
2026-07-24 11:39:00,385.12,385.18,385.03,385.1573,23733
2026-07-24 11:40:00,385.13,385.33,385.13,385.14,30860
2026-07-24 11:41:00,385.12,385.16,384.69,384.755,29544
2026-07-24 11:42:00,384.69,384.87,384.63,384.64,29438
2026-07-24 11:43:00,384.69,384.91,384.18,384.21,34948
2026-07-24 11:44:00,384.18,384.4699,384.17,384.42,30924
2026-07-24 11:45:00,384.425,384.5,384.21,384.385,27961
2026-07-24 11:46:00,384.44,384.48,384.3,384.42,28727
2026-07-24 11:47:00,384.41,384.47,384.2,384.285,36211
2026-07-24 11:48:00,384.2801,384.2801,383.909,384.155,46065
2026-07-24 11:49:00,384.2,384.2299,383.76,383.93,30499
2026-07-24 11:50:00,383.95,384.37,383.95,384.27,33695
2026-07-24 11:51:00,384.27,384.27,383.76,383.815,28537
2026-07-24 11:52:00,383.78,383.82,383.49,383.5,34255
2026-07-24 11:53:00,383.52,383.82,383.52,383.82,24227
2026-07-24 11:54:00,383.85,383.94,383.65,383.7,32475
2026-07-24 11:55:00,383.74,383.84,383.57,383.58,26087
2026-07-24 11:56:00,383.58,383.79,383.51,383.7,78692
2026-07-24 11:57:00,383.75,384.1095,383.6918,384.05,32058
2026-07-24 11:58:00,384.0,384.02,383.7,383.955,21376
2026-07-24 11:59:00,383.9245,384.0,383.83,383.925,18638
2026-07-24 12:00:00,383.9,384.17,383.865,384.165,31133
2026-07-24 12:01:00,384.125,384.19,383.9901,384.19,24589
2026-07-24 12:02:00,384.155,384.34,384.11,384.1604,22362
2026-07-24 12:03:00,384.13,384.25,384.06,384.21,25060
2026-07-24 12:04:00,384.28,384.33,384.15,384.275,22656
2026-07-24 12:05:00,384.275,384.3781,384.25,384.29,20568
2026-07-24 12:06:00,384.305,384.34,384.1187,384.17,31191
2026-07-24 12:07:00,384.22,384.38,384.13,384.2664,29119
2026-07-24 12:08:00,384.285,384.345,384.16,384.16,13326
2026-07-24 12:09:00,384.15,384.25,384.07,384.1,24274
2026-07-24 12:10:00,384.08,384.46,384.08,384.46,31874
2026-07-24 12:11:00,384.425,384.65,384.425,384.53,44765
2026-07-24 12:12:00,384.48,384.54,384.365,384.43,20119
2026-07-24 12:13:00,384.425,384.46,384.2,384.21,31532
2026-07-24 12:14:00,384.185,384.4,384.16,384.31,36210
2026-07-24 12:15:00,384.31,384.64,384.3,384.51,30890
2026-07-24 12:16:00,384.5593,384.74,384.49,384.72,23505
2026-07-24 12:17:00,384.72,384.92,384.68,384.8,30823
2026-07-24 12:18:00,384.81,385.08,384.8,385.02,28421
2026-07-24 12:19:00,385.041,385.32,384.94,385.04,55384
2026-07-24 12:20:00,385.04,385.05,384.8113,384.945,32685
2026-07-24 12:21:00,384.945,385.07,384.8536,384.89,27966
2026-07-24 12:22:00,384.85,384.93,384.75,384.87,25973
2026-07-24 12:23:00,384.87,384.89,384.72,384.89,21722
2026-07-24 12:24:00,384.86,385.0,384.86,384.965,21629
2026-07-24 12:25:00,385.0,385.0625,384.82,384.875,23774
2026-07-24 12:26:00,384.875,385.12,384.86,385.11,23035
2026-07-24 12:27:00,385.113,385.2364,385.04,385.065,23929
2026-07-24 12:28:00,385.08,385.108,384.87,384.87,25462
2026-07-24 12:29:00,384.8801,385.33,384.8801,385.15,32690
2026-07-24 12:30:00,385.16,385.2899,384.94,385.0101,26288
2026-07-24 12:31:00,385.005,385.01,384.78,384.88,30418
2026-07-24 12:32:00,384.925,384.925,384.72,384.81,23948
2026-07-24 12:33:00,384.835,384.87,384.62,384.66,19719
2026-07-24 12:34:00,384.64,384.715,384.31,384.49,32760
2026-07-24 12:35:00,384.48,384.62,384.375,384.48,22945
2026-07-24 12:36:00,384.49,384.5643,384.4601,384.55,13238
2026-07-24 12:37:00,384.5701,384.878,384.5,384.86,20827
2026-07-24 12:38:00,384.86,385.04,384.85,384.885,24657
2026-07-24 12:39:00,384.87,384.87,384.51,384.52,20421
2026-07-24 12:40:00,384.52,384.55,384.4,384.48,25345
2026-07-24 12:41:00,384.48,384.6,384.4,384.48,19220
2026-07-24 12:42:00,384.5,384.57,384.3,384.48,19780
2026-07-24 12:43:00,384.53,384.5399,384.33,384.42,20744
2026-07-24 12:44:00,384.42,384.5099,384.36,384.3994,19880
2026-07-24 12:45:00,384.41,384.48,384.32,384.44,19742
2026-07-24 12:46:00,384.44,384.56,384.3604,384.405,20009
2026-07-24 12:47:00,384.36,384.4,384.03,384.105,25859
2026-07-24 12:48:00,384.11,384.21,383.91,384.105,43097
2026-07-24 12:49:00,384.105,384.19,383.98,384.12,25719
2026-07-24 12:50:00,384.115,384.22,384.04,384.115,24893
2026-07-24 12:51:00,384.16,384.36,384.16,384.31,24090
2026-07-24 12:52:00,384.33,384.34,384.05,384.1,21373
2026-07-24 12:53:00,384.08,384.13,383.83,384.09,18752
2026-07-24 12:54:00,384.0901,384.37,384.0901,384.25,30490
2026-07-24 12:55:00,384.22,384.37,384.09,384.26,35736
2026-07-24 12:56:00,384.26,384.26,384.13,384.155,11280
2026-07-24 12:57:00,384.1551,384.2,384.02,384.08,20373
2026-07-24 12:58:00,384.1285,384.26,384.06,384.12,16629
2026-07-24 12:59:00,384.135,384.1351,383.95,383.95,26879
2026-07-24 13:00:00,383.975,384.09,383.87,383.975,49068
2026-07-24 13:01:00,383.9888,384.18,383.92,384.11,16928
2026-07-24 13:02:00,384.09,384.09,383.88,384.0401,26505
2026-07-24 13:03:00,384.04,384.125,383.98,384.04,17134
2026-07-24 13:04:00,384.065,384.18,383.99,384.1201,43062
2026-07-24 13:05:00,384.1,384.28,384.1,384.22,24269
2026-07-24 13:06:00,384.2201,384.23,383.55,383.9,58874
2026-07-24 13:07:00,383.935,384.02,383.88,383.96,28269
2026-07-24 13:08:00,383.985,384.06,383.76,383.9499,21448
2026-07-24 13:09:00,383.95,384.0,383.83,383.86,36613
2026-07-24 13:10:00,383.83,384.0,383.735,384.0,26144
2026-07-24 13:11:00,383.985,384.14,383.9201,384.0401,12607
2026-07-24 13:12:00,384.045,384.2,384.02,384.13,19623
2026-07-24 13:13:00,384.13,384.21,384.04,384.11,15949
2026-07-24 13:14:00,384.1217,384.3,384.11,384.29,16222
2026-07-24 13:15:00,384.28,384.32,384.21,384.255,19725
2026-07-24 13:16:00,384.23,384.28,384.1,384.16,29997
2026-07-24 13:17:00,384.205,384.28,384.15,384.215,41081
2026-07-24 13:18:00,384.215,384.28,384.11,384.245,18405
2026-07-24 13:19:00,384.2475,384.34,384.22,384.3,15491
2026-07-24 13:20:00,384.27,384.2886,384.1,384.21,15398
2026-07-24 13:21:00,384.16,384.16,383.98,383.985,18203
2026-07-24 13:22:00,383.97,384.11,383.72,383.83,17358
2026-07-24 13:23:00,383.83,383.92,383.79,383.885,15941
2026-07-24 13:24:00,383.86,383.9799,383.86,383.96,15596
2026-07-24 13:25:00,383.9568,384.0851,383.93,384.0851,17339
2026-07-24 13:26:00,384.11,384.18,384.0,384.045,355634
2026-07-24 13:27:00,384.08,384.29,384.08,384.195,54969
2026-07-24 13:28:00,384.18,384.18,383.945,384.17,23585
2026-07-24 13:29:00,384.12,384.2,384.1,384.18,20900
2026-07-24 13:30:00,384.1998,384.31,384.08,384.27,22663
2026-07-24 13:31:00,384.27,384.4,384.26,384.35,19946
2026-07-24 13:32:00,384.37,384.49,384.33,384.475,24932
2026-07-24 13:33:00,384.475,384.61,384.41,384.605,28073
2026-07-24 13:34:00,384.605,384.61,384.42,384.59,36050
2026-07-24 13:35:00,384.59,384.67,384.54,384.625,20904
2026-07-24 13:36:00,384.625,384.69,384.4,384.56,31155
2026-07-24 13:37:00,384.595,384.635,384.3,384.31,17846
2026-07-24 13:38:00,384.29,384.33,384.25,384.315,26296
2026-07-24 13:39:00,384.275,384.3554,384.03,384.13,20811
2026-07-24 13:40:00,384.18,384.195,383.8707,383.8707,18444
2026-07-24 13:41:00,383.89,383.9,383.7,383.87,32931
2026-07-24 13:42:00,383.8976,384.1271,383.89,384.015,26150
2026-07-24 13:43:00,384.03,384.1214,383.9675,383.9675,16328
2026-07-24 13:44:00,384.01,384.12,384.0,384.1,14012
2026-07-24 13:45:00,384.095,384.5,384.07,384.38,41951
2026-07-24 13:46:00,384.39,384.53,384.38,384.51,16175
2026-07-24 13:47:00,384.5068,384.63,384.42,384.54,18543
2026-07-24 13:48:00,384.5595,384.72,384.475,384.675,53253
2026-07-24 13:49:00,384.68,384.715,384.52,384.59,32080
2026-07-24 13:50:00,384.6299,384.8,384.54,384.8,31866
2026-07-24 13:51:00,384.79,384.89,384.665,384.68,20789
2026-07-24 13:52:00,384.68,384.72,384.55,384.625,22383
2026-07-24 13:53:00,384.66,384.73,384.6,384.685,17309
2026-07-24 13:54:00,384.68,384.81,384.6462,384.75,9560
2026-07-24 13:55:00,384.725,384.81,384.58,384.58,20423
2026-07-24 13:56:00,384.59,384.82,384.5471,384.82,17522
2026-07-24 13:57:00,384.82,384.84,384.71,384.79,28422
2026-07-24 13:58:00,384.8,384.91,384.77,384.88,25643
2026-07-24 13:59:00,384.89,384.92,384.7,384.715,23879
2026-07-24 14:00:00,384.73,384.93,384.715,384.9,20786
2026-07-24 14:01:00,384.91,384.93,384.68,384.715,26568
2026-07-24 14:02:00,384.73,384.75,384.51,384.515,15455
2026-07-24 14:03:00,384.555,384.615,384.4701,384.4828,25762
2026-07-24 14:04:00,384.4708,384.63,384.47,384.6,16176
2026-07-24 14:05:00,384.6,384.6599,384.54,384.63,21594
2026-07-24 14:06:00,384.61,384.62,384.41,384.58,44219
2026-07-24 14:07:00,384.585,384.78,384.56,384.78,12386
2026-07-24 14:08:00,384.8,384.85,384.64,384.64,20467
2026-07-24 14:09:00,384.64,384.9,384.64,384.715,26095
2026-07-24 14:10:00,384.7,384.83,384.66,384.66,18218
2026-07-24 14:11:00,384.64,384.655,384.4701,384.605,21813
2026-07-24 14:12:00,384.62,384.8,384.615,384.685,18727
2026-07-24 14:13:00,384.685,384.75,384.53,384.54,41543
2026-07-24 14:14:00,384.535,384.74,384.51,384.7101,21841
2026-07-24 14:15:00,384.71,384.79,384.68,384.6905,26878
2026-07-24 14:16:00,384.715,384.715,384.5,384.5762,22988
2026-07-24 14:17:00,384.54,384.71,384.54,384.685,14935
2026-07-24 14:18:00,384.69,384.71,384.495,384.645,39246
2026-07-24 14:19:00,384.645,384.7,384.34,384.375,20624
2026-07-24 14:20:00,384.36,384.41,384.15,384.17,33224
2026-07-24 14:21:00,384.17,384.2199,384.085,384.17,35574
2026-07-24 14:22:00,384.17,384.27,384.12,384.23,27367
2026-07-24 14:23:00,384.25,384.3,384.14,384.145,34598
2026-07-24 14:24:00,384.16,384.22,384.13,384.185,21386
2026-07-24 14:25:00,384.18,384.23,384.05,384.215,43787
2026-07-24 14:26:00,384.215,384.35,384.215,384.22,23890
2026-07-24 14:27:00,384.23,384.26,384.065,384.09,25975
2026-07-24 14:28:00,384.08,384.14,384.01,384.06,34741
2026-07-24 14:29:00,384.09,384.14,383.9,383.95,30623
2026-07-24 14:30:00,383.94,384.1,383.89,384.03,36775
2026-07-24 14:31:00,384.03,384.22,384.02,384.155,32937
2026-07-24 14:32:00,384.15,384.3,384.125,384.19,35624
2026-07-24 14:33:00,384.14,384.33,384.01,384.01,22415
2026-07-24 14:34:00,383.985,384.01,383.72,383.8344,28496
2026-07-24 14:35:00,383.8659,383.94,383.63,383.925,28376
2026-07-24 14:36:00,383.96,384.26,383.9,383.99,35860
2026-07-24 14:37:00,384.0,384.1,383.96,384.03,13945
2026-07-24 14:38:00,384.01,384.3395,384.01,384.2702,41188
2026-07-24 14:39:00,384.305,384.4,384.08,384.23,37560
2026-07-24 14:40:00,384.23,384.29,384.17,384.27,22727
2026-07-24 14:41:00,384.23,384.33,384.17,384.19,26051
2026-07-24 14:42:00,384.17,384.47,384.15,384.47,24465
2026-07-24 14:43:00,384.43,384.65,384.36,384.59,32717
2026-07-24 14:44:00,384.575,384.65,384.44,384.46,36441
2026-07-24 14:45:00,384.44,384.63,384.44,384.565,28019
2026-07-24 14:46:00,384.565,384.67,384.3825,384.6078,22535
2026-07-24 14:47:00,384.615,384.71,384.54,384.54,24414
2026-07-24 14:48:00,384.59,384.7092,384.5,384.535,34321
2026-07-24 14:49:00,384.535,384.75,384.4863,384.75,27699
2026-07-24 14:50:00,384.75,384.95,384.75,384.92,34447
2026-07-24 14:51:00,384.91,384.94,384.795,384.8016,32985
2026-07-24 14:52:00,384.81,384.86,384.61,384.84,34030
2026-07-24 14:53:00,384.84,384.91,384.75,384.82,27690
2026-07-24 14:54:00,384.81,384.81,384.56,384.74,32162
2026-07-24 14:55:00,384.71,384.75,384.595,384.61,31811
2026-07-24 14:56:00,384.625,384.77,384.49,384.725,27853
2026-07-24 14:57:00,384.71,384.75,384.59,384.59,26284
2026-07-24 14:58:00,384.5935,384.7,384.53,384.5616,24365
2026-07-24 14:59:00,384.51,384.73,384.48,384.55,29059
2026-07-24 15:00:00,384.58,384.75,384.555,384.75,59596
2026-07-24 15:01:00,384.72,384.78,384.52,384.525,40155
2026-07-24 15:02:00,384.54,384.565,384.21,384.2201,26312
2026-07-24 15:03:00,384.24,384.27,383.94,383.98,47942
2026-07-24 15:04:00,384.01,384.1,383.95,384.07,32007
2026-07-24 15:05:00,384.06,384.41,384.06,384.32,99747
2026-07-24 15:06:00,384.325,384.36,384.0895,384.205,34008
2026-07-24 15:07:00,384.2,384.26,383.93,383.98,44137
2026-07-24 15:08:00,383.98,384.24,383.98,384.2101,38121
2026-07-24 15:09:00,384.24,384.51,384.18,384.51,63462
2026-07-24 15:10:00,384.5,384.57,384.25,384.3,45376
2026-07-24 15:11:00,384.27,384.32,384.19,384.295,35779
2026-07-24 15:12:00,384.28,384.57,384.26,384.43,38729
2026-07-24 15:13:00,384.45,384.52,384.36,384.41,32460
2026-07-24 15:14:00,384.42,384.42,384.27,384.305,21339
2026-07-24 15:15:00,384.305,384.42,384.28,384.345,57290
2026-07-24 15:16:00,384.355,384.54,384.355,384.48,82156
2026-07-24 15:17:00,384.52,384.53,384.26,384.41,49548
2026-07-24 15:18:00,384.4,384.64,384.4,384.52,29354
2026-07-24 15:19:00,384.52,384.67,384.49,384.63,35951
2026-07-24 15:20:00,384.5901,384.625,384.44,384.55,48060
2026-07-24 15:21:00,384.55,384.68,384.46,384.555,34263
2026-07-24 15:22:00,384.555,384.555,384.19,384.2,32215
2026-07-24 15:23:00,384.19,384.19,384.0701,384.132,36019
2026-07-24 15:24:00,384.12,384.16,383.9414,384.06,63208
2026-07-24 15:25:00,384.045,384.22,384.03,384.055,50374
2026-07-24 15:26:00,384.055,384.06,383.81,383.86,38820
2026-07-24 15:27:00,383.85,383.88,383.725,383.73,30677
2026-07-24 15:28:00,383.71,383.739,383.53,383.575,26845
2026-07-24 15:29:00,383.575,383.66,383.4003,383.4003,44197
2026-07-24 15:30:00,383.4,383.68,383.38,383.465,60289
2026-07-24 15:31:00,383.44,383.59,383.29,383.59,50785
2026-07-24 15:32:00,383.526,383.775,383.47,383.55,34752
2026-07-24 15:33:00,383.565,383.65,383.32,383.32,42533
2026-07-24 15:34:00,383.3,383.38,383.19,383.21,39936
2026-07-24 15:35:00,383.195,383.68,383.16,383.401,85894
2026-07-24 15:36:00,383.4,383.4146,382.902,382.985,84908
2026-07-24 15:37:00,382.96,383.13,382.83,383.0482,96541
2026-07-24 15:38:00,383.04,383.1,382.95,382.99,42533
2026-07-24 15:39:00,382.9608,383.0,382.78,382.94,65155
2026-07-24 15:40:00,382.9,383.14,382.8425,382.995,74025
2026-07-24 15:41:00,382.97,382.97,382.61,382.72,62659
2026-07-24 15:42:00,382.71,382.87,382.62,382.75,75902
2026-07-24 15:43:00,382.78,382.78,382.46,382.71,51263
2026-07-24 15:44:00,382.7,382.97,382.61,382.85,55182
2026-07-24 15:45:00,382.88,383.22,382.82,383.19,79475
2026-07-24 15:46:00,383.17,383.39,383.0643,383.26,62669
2026-07-24 15:47:00,383.28,383.31,383.0,383.01,49978
2026-07-24 15:48:00,383.025,383.04,382.88,382.89,45568
2026-07-24 15:49:00,382.89,383.0,382.75,382.97,82355
2026-07-24 15:50:00,382.98,383.29,382.96,383.1,130003
2026-07-24 15:51:00,383.08,383.18,382.98,383.0701,69577
2026-07-24 15:52:00,383.08,383.11,382.92,383.08,63311
2026-07-24 15:53:00,383.07,383.2,383.01,383.15,85569
2026-07-24 15:54:00,383.13,383.27,382.675,382.83,116647
2026-07-24 15:55:00,382.8,382.92,381.61,382.28,245515
2026-07-24 15:56:00,382.28,382.42,382.06,382.17,174157
2026-07-24 15:57:00,382.14,382.165,381.45,381.53,219518
2026-07-24 15:58:00,381.55,381.9,381.5,381.65,263933
2026-07-24 15:59:00,381.66,381.93,381.42,381.74,590980
2026-07-24 16:00:00,381.7,382.25,381.55,381.6996,3212783
2026-07-24 16:01:00,381.7,382.0,381.55,381.8,0
2026-07-24 16:02:00,381.805,381.99,381.5856,381.5856,0
2026-07-24 16:03:00,381.6507,381.7,381.26,381.3379,0
2026-07-24 16:04:00,381.7,381.7,380.74,380.75,0
2026-07-24 16:05:00,380.99,381.7,380.75,380.87,0
2026-07-24 16:06:00,380.98,381.37,380.8289,381.28,0
2026-07-24 16:07:00,381.7,381.7,380.9,381.285,0
2026-07-24 16:08:00,381.39,381.4,381.01,381.2852,0
2026-07-24 16:09:00,381.0,381.7,381.0,381.3394,0
2026-07-24 16:10:00,381.7,381.7,381.3213,381.4,0
2026-07-24 16:11:00,381.5,381.69,381.4,381.47,0
2026-07-24 16:12:00,381.4,381.6,381.4,381.6,0
2026-07-24 16:13:00,381.6,381.69,381.4,381.5641,0
2026-07-24 16:14:00,381.65,381.9588,381.6,381.65,0
2026-07-24 16:15:00,381.7,382.0,381.7,381.8675,0
2026-07-24 16:16:00,381.7,381.7,381.5,381.5994,0
2026-07-24 16:17:00,381.5975,381.7,381.5,381.7,0
2026-07-24 16:18:00,381.5438,381.7,381.505,381.7,0
2026-07-24 16:19:00,381.51,381.9,381.51,381.5704,0
2026-07-24 16:20:00,381.9,381.9,381.51,381.6167,0
2026-07-24 16:21:00,381.9063,381.9063,381.6562,381.9,0
2026-07-24 16:22:00,381.84,381.9,381.65,381.8937,0
2026-07-24 16:23:00,381.7204,381.9,381.7204,381.84,0
2026-07-24 16:24:00,381.8,381.8465,381.65,381.75,0
2026-07-24 16:25:00,381.9,381.9,381.65,381.7454,0
2026-07-24 16:26:00,381.84,381.84,381.7,381.84,0
2026-07-24 16:27:00,381.84,381.84,381.7,381.84,0
2026-07-24 16:28:00,381.62,381.84,381.51,381.51,0
2026-07-24 16:29:00,381.68,381.84,381.51,381.64,0
2026-07-24 16:30:00,381.84,381.84,381.5135,381.55,0
2026-07-24 16:31:00,381.5484,381.84,381.51,381.69,0
2026-07-24 16:32:00,381.59,381.7,381.4,381.5,0
2026-07-24 16:33:00,381.5,381.55,381.4,381.41,0
2026-07-24 16:34:00,381.41,381.5,381.38,381.38,0
2026-07-24 16:35:00,381.3613,381.5,381.1,381.37,0
2026-07-24 16:36:00,381.35,381.55,381.19,381.4,0
2026-07-24 16:37:00,381.19,381.55,381.121,381.4369,0
2026-07-24 16:38:00,381.5,381.5,381.2,381.34,0
2026-07-24 16:39:00,381.2,381.5,381.2,381.5,0
2026-07-24 16:40:00,381.5,381.5,381.2075,381.4831,0
2026-07-24 16:41:00,381.4535,381.4925,381.2,381.2387,0
2026-07-24 16:42:00,381.4113,381.55,381.389,381.4,0
2026-07-24 16:43:00,381.4007,381.5488,381.4007,381.421,0
2026-07-24 16:44:00,381.4232,381.81,381.4232,381.75,0
2026-07-24 16:45:00,381.75,381.75,381.5062,381.7113,0
2026-07-24 16:46:00,381.7241,381.75,381.5062,381.74,0
2026-07-24 16:47:00,381.6967,381.75,381.5,381.5493,0
2026-07-24 16:48:00,381.54,381.54,381.54,381.54,0
2026-07-24 16:49:00,381.75,400.929,381.5,381.55,0
2026-07-24 16:50:00,381.75,381.75,381.7,381.75,0
2026-07-24 16:51:00,381.6967,381.7499,381.5,381.6,0
2026-07-24 16:52:00,381.5448,381.75,381.5308,381.75,0
2026-07-24 16:53:00,381.7144,407.3131,381.2,381.4739,0
2026-07-24 16:54:00,381.49,389.9486,381.2,389.9486,0
2026-07-24 16:55:00,381.75,381.75,381.28,381.7,0
2026-07-24 16:56:00,381.688,381.75,381.412,381.6746,0
2026-07-24 16:57:00,381.7,381.75,381.5,381.64,0
2026-07-24 16:58:00,381.64,400.929,381.64,381.7,0
2026-07-24 16:59:00,381.6697,381.71,381.45,381.48,0
2026-07-24 17:00:00,381.48,381.6988,381.48,381.53,0
2026-07-24 17:01:00,381.51,381.6952,381.51,381.5569,0
2026-07-24 17:02:00,381.65,381.6781,381.63,381.63,0
2026-07-24 17:03:00,381.5577,381.6199,381.5577,381.58,0
2026-07-24 17:04:00,381.61,381.7,381.6,381.6,0
2026-07-24 17:05:00,381.6197,381.62,381.55,381.62,0
2026-07-24 17:06:00,381.5947,389.9486,381.5309,381.5309,0
2026-07-24 17:07:00,381.62,381.62,381.53,381.6,0
2026-07-24 17:08:00,381.5,381.617,381.4506,381.617,0
2026-07-24 17:09:00,381.62,381.62,381.59,381.617,0
2026-07-24 17:10:00,381.51,381.62,381.5,381.5,0
2026-07-24 17:11:00,381.2,381.4501,381.2,381.264,0
2026-07-24 17:12:00,381.2383,381.28,381.2383,381.2796,0
2026-07-24 17:13:00,381.28,381.28,381.2,381.2676,0
2026-07-24 17:14:00,381.28,381.28,381.202,381.2641,0
2026-07-24 17:15:00,381.21,381.21,381.15,381.15,0
2026-07-24 17:16:00,381.16,381.16,381.04,381.04,0
2026-07-24 17:17:00,381.09,381.51,381.05,381.1,0
2026-07-24 17:18:00,381.3,381.3,381.11,381.11,0
2026-07-24 17:19:00,381.3,381.45,381.11,381.3,0
2026-07-24 17:20:00,381.05,381.45,381.05,381.3,0
2026-07-24 17:21:00,381.05,381.28,381.05,381.05,0
2026-07-24 17:22:00,381.24,381.4985,381.1687,381.49,0
2026-07-24 17:23:00,381.21,381.51,381.21,381.3,0
2026-07-24 17:24:00,381.4692,381.5,381.266,381.3,0
2026-07-24 17:25:00,381.49,381.49,381.3582,381.47,0
2026-07-24 17:26:00,381.4682,381.51,381.417,381.5,0
2026-07-24 17:27:00,381.4,381.5,381.26,381.26,0
2026-07-24 17:28:00,381.4,381.45,381.26,381.45,0
2026-07-24 17:29:00,381.4496,381.5088,381.26,381.5088,0
2026-07-24 17:30:00,381.51,381.6,381.25,381.25,0
2026-07-24 17:31:00,381.62,381.62,381.5,381.62,0
2026-07-24 17:32:00,381.6,381.61,381.25,381.53,0
2026-07-24 17:33:00,381.5704,381.62,381.3001,381.5,0
2026-07-24 17:34:00,381.5743,381.59,381.3,381.3,0
2026-07-24 17:35:00,381.57,381.6047,381.57,381.6047,0
2026-07-24 17:36:00,381.6,381.62,381.6,381.6,0
2026-07-24 17:37:00,381.6005,381.9,381.6005,381.6634,0
2026-07-24 17:38:00,381.6758,381.9,381.62,381.9,0
2026-07-24 17:39:00,381.6,381.9,381.6,381.6618,0
2026-07-24 17:40:00,381.7,381.9,381.7,381.73,0
2026-07-24 17:41:00,381.7339,381.7607,381.71,381.7372,0
2026-07-24 17:42:00,381.9,381.9,381.731,381.78,0
2026-07-24 17:43:00,381.731,381.9,381.7234,381.9,0
2026-07-24 17:44:00,381.7316,381.9,381.7,381.7501,0
2026-07-24 17:45:00,381.7893,381.8999,381.75,381.7537,0
2026-07-24 17:46:00,381.8,381.8999,381.8,381.85,0
2026-07-24 17:47:00,381.84,381.85,381.79,381.79,0
2026-07-24 17:48:00,381.79,381.9,381.7787,381.9,0
2026-07-24 17:49:00,381.85,381.8988,381.79,381.79,0
2026-07-24 17:50:00,381.9,381.9,381.8,381.8601,0
2026-07-24 17:51:00,381.8989,381.9,381.7,381.7,0
2026-07-24 17:52:00,381.8183,381.9,381.8183,381.87,0
2026-07-24 17:53:00,381.8682,381.87,381.8,381.87,0
2026-07-24 17:54:00,381.8,381.87,381.7042,381.7797,0
2026-07-24 17:55:00,381.75,381.75,381.7,381.7,0
2026-07-24 17:56:00,381.8688,381.8688,381.7001,381.7001,0
2026-07-24 17:57:00,381.74,381.87,381.73,381.73,0
2026-07-24 17:58:00,381.7,381.8707,381.7,381.8707,0
2026-07-24 17:59:00,381.75,381.9,381.75,381.88,0
2026-07-24 18:00:00,381.88,381.88,381.7,381.77,0
2026-07-24 18:01:00,381.8,381.837,381.705,381.7239,0
2026-07-24 18:02:00,381.71,381.84,381.71,381.84,0
2026-07-24 18:03:00,381.85,381.9,381.85,381.85,0
2026-07-24 18:04:00,381.84,381.84,381.77,381.77,0
2026-07-24 18:05:00,381.85,381.85,381.71,381.71,0
2026-07-24 18:06:00,381.85,381.85,381.78,381.78,0
2026-07-24 18:07:00,381.8322,381.8322,381.71,381.71,0
2026-07-24 18:08:00,381.8,381.83,381.71,381.8059,0
2026-07-24 18:09:00,381.71,381.8288,381.71,381.79,0
2026-07-24 18:10:00,381.82,381.82,381.75,381.82,0
2026-07-24 18:11:00,381.82,381.82,381.5,381.5,0
2026-07-24 18:12:00,381.66,381.85,381.5,381.8193,0
2026-07-24 18:13:00,381.8412,381.8412,381.7958,381.8,0
2026-07-24 18:14:00,381.6817,381.7,381.66,381.66,0
2026-07-24 18:15:00,381.66,381.8,381.66,381.7783,0
2026-07-24 18:16:00,381.77,381.77,381.66,381.6817,0
2026-07-24 18:17:00,381.68,381.7,381.58,381.66,0
2026-07-24 18:18:00,381.6,381.68,381.5542,381.5542,0
2026-07-24 18:19:00,381.5613,381.68,381.5,381.68,0
2026-07-24 18:20:00,381.59,381.8,381.58,381.69,0
2026-07-24 18:21:00,381.7535,381.7535,381.5,381.5,0
2026-07-24 18:22:00,381.6,381.7535,381.5,381.7535,0
2026-07-24 18:23:00,381.75,381.75,381.5456,381.58,0
2026-07-24 18:24:00,381.6,381.7,381.531,381.531,0
2026-07-24 18:25:00,381.6,381.62,381.5,381.5372,0
2026-07-24 18:26:00,381.52,381.7,381.52,381.52,0
2026-07-24 18:27:00,381.52,381.81,381.52,381.73,0
2026-07-24 18:28:00,381.73,381.745,381.72,381.72,0
2026-07-24 18:29:00,381.73,381.7988,381.73,381.7988,0
2026-07-24 18:30:00,381.8,381.8,381.75,381.7923,0
2026-07-24 18:31:00,381.79,381.79,381.79,381.79,0
2026-07-24 18:32:00,381.75,381.79,381.75,381.75,0
2026-07-24 18:33:00,381.75,381.79,381.75,381.79,0
2026-07-24 18:34:00,381.7885,381.7885,381.78,381.7815,0
2026-07-24 18:35:00,381.7802,381.7897,381.78,381.7802,0
2026-07-24 18:36:00,381.7803,381.79,381.78,381.79,0
2026-07-24 18:37:00,381.7855,381.7857,381.7837,381.7853,0
2026-07-24 18:38:00,381.7899,381.7899,381.7802,381.7802,0
2026-07-24 18:39:00,381.7842,381.79,381.78,381.79,0
2026-07-24 18:40:00,381.78,381.7969,381.74,381.74,0
2026-07-24 18:41:00,381.76,381.8,381.7,381.75,0
2026-07-24 18:42:00,381.7025,381.7239,381.7018,381.7239,0
2026-07-24 18:43:00,381.7,381.73,381.6,381.6,0
2026-07-24 18:44:00,381.6,381.79,381.5,381.7,0
2026-07-24 18:45:00,381.6,381.6,381.505,381.6,0
2026-07-24 18:46:00,381.7,381.7,381.5504,381.7,0
2026-07-24 18:47:00,381.9,381.9,381.7,381.8,0
2026-07-24 18:48:00,381.7047,381.7047,381.7047,381.7047,0
2026-07-24 18:49:00,381.8,381.89,381.7,381.8,0
2026-07-24 18:50:00,381.89,381.89,381.7,381.87,0
2026-07-24 18:51:00,381.87,381.87,381.87,381.87,0
2026-07-24 18:52:00,381.5,381.8802,381.5,381.88,0
2026-07-24 18:53:00,381.7,381.7,381.7,381.7,0
2026-07-24 18:54:00,381.5,381.7,381.5,381.5,0
2026-07-24 18:55:00,381.7,381.72,381.6833,381.72,0
2026-07-24 18:56:00,381.85,381.85,381.6667,381.74,0
2026-07-24 18:57:00,381.6257,381.6257,381.5542,381.5542,0
2026-07-24 18:58:00,381.6,381.84,381.55,381.7,0
2026-07-24 18:59:00,381.7,381.76,381.5065,381.6,0
2026-07-24 19:00:00,381.6,381.7,381.5552,381.69,0
2026-07-24 19:01:00,381.65,381.65,381.61,381.625,0
2026-07-24 19:02:00,381.61,381.75,381.516,381.75,0
2026-07-24 19:03:00,381.75,381.75,381.54,381.54,0
2026-07-24 19:04:00,381.54,381.75,381.54,381.54,0
2026-07-24 19:05:00,381.5492,381.76,381.5492,381.6,0
2026-07-24 19:06:00,381.6,381.7537,381.51,381.6,0
2026-07-24 19:07:00,381.6452,381.6452,381.54,381.5609,0
2026-07-24 19:08:00,381.7,381.7,381.65,381.65,0
2026-07-24 19:09:00,381.51,381.51,381.51,381.51,0
2026-07-24 19:10:00,381.7,381.7,381.5112,381.5112,0
2026-07-24 19:11:00,381.7,381.7,381.65,381.65,0
2026-07-24 19:12:00,381.5147,381.6543,381.5147,381.65,0
2026-07-24 19:13:00,381.5317,381.6228,381.5317,381.6228,0
2026-07-24 19:14:00,381.65,381.65,381.54,381.58,0
2026-07-24 19:15:00,381.6208,381.65,381.5309,381.5309,0
2026-07-24 19:16:00,381.65,381.65,381.5037,381.58,0
2026-07-24 19:17:00,381.58,381.5934,381.58,381.58,0
2026-07-24 19:18:00,381.5562,381.59,381.55,381.55,0
2026-07-24 19:19:00,381.55,381.58,381.55,381.58,0
2026-07-24 19:20:00,381.5797,381.58,381.55,381.56,0
2026-07-24 19:21:00,381.58,381.638,381.58,381.58,0
2026-07-24 19:22:00,381.58,381.6374,381.58,381.6,0
2026-07-24 19:23:00,381.5969,381.6,381.58,381.58,0
2026-07-24 19:24:00,381.6,381.6,381.5971,381.5971,0
2026-07-24 19:25:00,381.58,381.59,381.52,381.54,0
2026-07-24 19:26:00,381.5841,381.6,381.5,381.6,0
2026-07-24 19:27:00,381.5155,381.6005,381.5155,381.6005,0
2026-07-24 19:28:00,381.64,381.795,381.605,381.65,0
2026-07-24 19:29:00,381.65,381.79,381.6,381.66,0
2026-07-24 19:30:00,381.6,381.79,381.6,381.7,0
2026-07-24 19:31:00,381.7,381.78,381.6,381.639,0
2026-07-24 19:32:00,381.65,381.7,381.6,381.7,0
2026-07-24 19:33:00,381.609,381.69,381.6083,381.69,0
2026-07-24 19:34:00,381.6877,381.6877,381.6,381.6,0
2026-07-24 19:35:00,381.6,381.69,381.6,381.6,0
2026-07-24 19:36:00,381.69,381.69,381.6,381.65,0
2026-07-24 19:37:00,381.65,381.65,381.54,381.54,0
2026-07-24 19:38:00,381.54,381.61,381.38,381.61,0
2026-07-24 19:39:00,381.4997,381.5,381.38,381.4488,0
2026-07-24 19:40:00,381.4482,381.45,381.4,381.43,0
2026-07-24 19:41:00,381.42,381.5,381.4,381.4,0
2026-07-24 19:42:00,381.4,381.5,381.4,381.45,0
2026-07-24 19:43:00,381.4999,381.5,381.4155,381.4994,0
2026-07-24 19:44:00,381.4613,381.7888,381.45,381.5,0
2026-07-24 19:45:00,381.5808,381.79,381.45,381.46,0
2026-07-24 19:46:00,381.58,381.58,381.46,381.46,0
2026-07-24 19:47:00,381.7717,381.78,381.4501,381.4501,0
2026-07-24 19:48:00,381.535,381.7788,381.4501,381.5254,0
2026-07-24 19:49:00,381.6744,381.6744,381.6,381.6,0
2026-07-24 19:50:00,381.61,381.712,381.45,381.45,0
2026-07-24 19:51:00,381.5,381.5,381.38,381.38,0
2026-07-24 19:52:00,381.3801,381.4811,381.31,381.3403,0
2026-07-24 19:53:00,381.4606,381.49,381.35,381.35,0
2026-07-24 19:54:00,381.4637,381.4637,381.3201,381.4,0
2026-07-24 19:55:00,381.4,381.4,381.35,381.3509,0
2026-07-24 19:56:00,381.4683,381.49,381.3717,381.4392,0
2026-07-24 19:57:00,381.44,381.4899,381.35,381.38,0
2026-07-24 19:58:00,381.35,381.4,381.35,381.39,0
2026-07-24 19:59:00,381.35,381.43,381.35,381.4,0
2026-07-27 04:00:00,384.81,385.35,383.64,384.6,0
2026-07-27 04:01:00,384.7,385.35,383.46,384.73,0
2026-07-27 04:02:00,384.53,385.3,384.53,384.8829,0
2026-07-27 04:03:00,384.7,385.11,384.7,385.0075,0
2026-07-27 04:04:00,385.06,385.4387,385.0075,385.4387,0
2026-07-27 04:05:00,385.23,385.85,385.23,385.85,0
2026-07-27 04:06:00,385.8317,386.25,383.41,384.75,0
2026-07-27 04:07:00,384.52,386.1352,383.65,385.9962,0
2026-07-27 04:08:00,385.99,386.01,385.85,385.9869,0
2026-07-27 04:09:00,385.96,385.969,385.88,385.88,0
2026-07-27 04:10:00,385.9962,386.01,385.85,385.92,0
2026-07-27 04:11:00,385.98,385.98,385.85,385.8849,0
2026-07-27 04:12:00,385.8935,386.0599,385.8932,386.0,0
2026-07-27 04:13:00,386.0,386.08,385.8557,385.9962,0
2026-07-27 04:14:00,385.9182,386.08,385.8512,386.08,0
2026-07-27 04:15:00,386.08,386.23,385.8985,386.15,0
2026-07-27 04:16:00,386.23,386.23,386.11,386.23,0
2026-07-27 04:17:00,386.2106,386.35,386.14,386.14,0
2026-07-27 04:18:00,386.1197,386.5,386.0595,386.5,0
2026-07-27 04:19:00,386.2318,386.3,386.032,386.3,0
2026-07-27 04:20:00,386.3,386.3,385.96,385.99,0
2026-07-27 04:21:00,385.92,385.99,385.5,385.5,0
2026-07-27 04:22:00,385.75,385.99,385.75,385.84,0
2026-07-27 04:23:00,385.89,386.0988,385.632,385.632,0
2026-07-27 04:24:00,385.62,385.99,385.62,385.63,0
2026-07-27 04:25:00,385.86,386.09,385.86,385.97,0
2026-07-27 04:26:00,385.97,386.0,385.9,385.96,0
2026-07-27 04:27:00,385.83,386.4772,385.83,386.4772,0
2026-07-27 04:28:00,386.04,386.16,385.98,385.98,0
2026-07-27 04:29:00,386.49,386.49,386.0066,386.49,0
2026-07-27 04:30:00,386.19,386.4,386.02,386.3,0
2026-07-27 04:31:00,386.24,386.49,386.24,386.49,0
2026-07-27 04:32:00,386.3,386.478,386.005,386.1474,0
2026-07-27 04:33:00,386.14,386.42,386.1,386.12,0
2026-07-27 04:34:00,386.1,386.1,386.09,386.09,0
2026-07-27 04:35:00,386.0,386.44,385.98,386.011,0
2026-07-27 04:36:00,386.21,386.42,386.21,386.2222,0
2026-07-27 04:37:00,386.44,386.44,386.0,386.22,0
2026-07-27 04:38:00,386.0055,386.2188,386.0,386.2188,0
2026-07-27 04:39:00,386.1,386.16,385.9995,385.9995,0
2026-07-27 04:40:00,385.86,385.93,385.7,385.85,0
2026-07-27 04:41:00,385.86,385.88,385.7095,385.76,0
2026-07-27 04:42:00,385.79,386.08,385.79,386.01,0
2026-07-27 04:43:00,386.03,386.06,385.7012,386.0317,0
2026-07-27 04:44:00,386.04,386.2988,385.9212,385.94,0
2026-07-27 04:45:00,385.99,385.99,385.7067,385.7067,0
2026-07-27 04:46:00,385.7141,386.28,385.7141,386.16,0
2026-07-27 04:47:00,385.7302,386.26,385.7302,386.1,0
2026-07-27 04:48:00,386.2495,386.2495,386.0,386.1544,0
2026-07-27 04:49:00,386.05,386.2127,386.0,386.2127,0
2026-07-27 04:50:00,386.2188,386.2188,385.9312,386.0,0
2026-07-27 04:51:00,386.0,386.04,386.0,386.04,0
2026-07-27 04:52:00,385.9987,386.05,385.9987,386.05,0
2026-07-27 04:53:00,386.05,386.05,386.0,386.0,0
2026-07-27 04:54:00,385.95,386.03,385.92,386.03,0
2026-07-27 04:55:00,386.02,386.02,385.8012,385.8012,0
2026-07-27 04:56:00,385.9988,385.9988,385.9022,385.99,0
2026-07-27 04:57:00,385.9607,386.01,385.9175,386.01,0
2026-07-27 04:58:00,385.93,386.12,385.8975,385.92,0
2026-07-27 04:59:00,385.8,385.89,385.8,385.81,0
2026-07-27 05:00:00,385.8,385.81,385.7,385.78,0
2026-07-27 05:01:00,385.7487,385.7853,385.7,385.78,0
2026-07-27 05:02:00,385.7,386.2888,385.7,385.72,0
2026-07-27 05:03:00,385.85,385.99,385.7,385.99,0
2026-07-27 05:04:00,385.8869,385.8869,385.8869,385.8869,0
2026-07-27 05:05:00,385.6512,385.94,385.65,385.94,0
2026-07-27 05:06:00,385.87,385.92,385.87,385.9044,0
2026-07-27 05:07:00,385.76,385.76,385.72,385.72,0
2026-07-27 05:08:00,385.7126,385.74,385.7,385.73,0
2026-07-27 05:09:00,385.73,385.75,385.71,385.75,0
2026-07-27 05:10:00,385.7,385.87,385.7,385.87,0
2026-07-27 05:11:00,385.79,385.88,385.7242,385.88,0
2026-07-27 05:12:00,385.8662,385.8662,385.72,385.8432,0
2026-07-27 05:13:00,385.84,385.84,385.74,385.74,0
2026-07-27 05:14:00,385.78,385.82,385.65,385.65,0
2026-07-27 05:15:00,385.68,385.68,385.6,385.67,0
2026-07-27 05:16:00,385.66,385.94,385.64,385.94,0
2026-07-27 05:17:00,385.7,385.9288,385.7,385.91,0
2026-07-27 05:18:00,385.9095,385.9095,385.75,385.75,0
2026-07-27 05:19:00,385.75,385.75,385.67,385.67,0
2026-07-27 05:20:00,385.62,385.67,385.61,385.61,0
2026-07-27 05:21:00,385.6585,385.84,385.63,385.8,0
2026-07-27 05:22:00,385.9223,385.9223,385.6,385.8177,0
2026-07-27 05:23:00,385.92,385.92,385.79,385.79,0
2026-07-27 05:24:00,385.89,385.89,385.88,385.88,0
2026-07-27 05:25:00,385.8,385.95,385.8,385.82,0
2026-07-27 05:26:00,385.96,385.97,385.8045,385.8045,0
2026-07-27 05:27:00,385.85,385.85,385.75,385.75,0
2026-07-27 05:28:00,385.83,385.83,385.7531,385.77,0
2026-07-27 05:29:00,385.77,385.92,385.76,385.92,0
2026-07-27 05:30:00,385.8,385.96,385.8,385.96,0
2026-07-27 05:31:00,385.95,385.97,385.8632,385.88,0
2026-07-27 05:32:00,385.7512,385.7512,385.7512,385.7512,0
2026-07-27 05:33:00,385.8051,385.945,385.75,385.75,0
2026-07-27 05:34:00,385.7145,385.7145,385.63,385.7145,0
2026-07-27 05:35:00,385.73,385.73,385.6914,385.71,0
2026-07-27 05:36:00,385.67,385.72,385.34,385.5,0
2026-07-27 05:37:00,385.42,385.5667,385.034,385.034,0
2026-07-27 05:38:00,385.24,385.5688,385.24,385.52,0
2026-07-27 05:39:00,385.5488,385.5488,385.25,385.25,0
2026-07-27 05:40:00,385.53,385.53,385.25,385.48,0
2026-07-27 05:41:00,385.4925,385.4925,385.4925,385.4925,0
2026-07-27 05:42:00,385.2738,385.6791,385.2738,385.49,0
2026-07-27 05:43:00,385.49,385.49,385.3975,385.3975,0
2026-07-27 05:44:00,385.4093,385.6791,385.4093,385.52,0
2026-07-27 05:45:00,385.49,385.49,385.31,385.31,0
2026-07-27 05:46:00,385.68,385.9,385.68,385.8639,0
2026-07-27 05:47:00,385.8639,385.8639,385.6,385.6,0
2026-07-27 05:48:00,385.85,385.85,385.61,385.61,0
2026-07-27 05:49:00,385.64,385.66,385.4012,385.645,0
2026-07-27 05:50:00,385.64,385.64,385.5113,385.61,0
2026-07-27 05:51:00,385.61,385.89,385.61,385.89,0
2026-07-27 05:52:00,385.75,385.87,385.61,385.61,0
2026-07-27 05:53:00,385.65,385.65,385.61,385.61,0
2026-07-27 05:54:00,385.6,385.83,385.6,385.83,0
2026-07-27 05:55:00,385.77,385.77,385.605,385.605,0
2026-07-27 05:56:00,385.61,385.8,385.61,385.79,0
2026-07-27 05:57:00,385.81,385.81,385.6,385.6,0
2026-07-27 05:58:00,385.7,385.7,385.6,385.7,0
2026-07-27 05:59:00,385.7,385.85,385.6062,385.7,0
2026-07-27 06:00:00,385.78,385.9,385.64,385.81,0
2026-07-27 06:01:00,385.83,385.92,385.6112,385.85,0
2026-07-27 06:02:00,385.828,385.83,385.828,385.83,0
2026-07-27 06:03:00,385.7122,385.8734,385.6594,385.6927,0
2026-07-27 06:04:00,385.701,385.715,385.61,385.715,0
2026-07-27 06:05:00,385.77,385.8162,385.61,385.76,0
2026-07-27 06:06:00,385.76,385.8754,385.76,385.8754,0
2026-07-27 06:07:00,385.6112,385.6165,385.6112,385.6165,0
2026-07-27 06:08:00,385.74,385.74,385.74,385.74,0
2026-07-27 06:09:00,385.8375,385.84,385.79,385.84,0
2026-07-27 06:10:00,385.71,385.71,385.4,385.46,0
2026-07-27 06:11:00,385.76,385.79,385.28,385.55,0
2026-07-27 06:12:00,385.82,385.82,385.6397,385.65,0
2026-07-27 06:13:00,385.76,385.82,385.76,385.79,0
2026-07-27 06:14:00,385.643,385.72,385.643,385.67,0
2026-07-27 06:15:00,385.692,385.692,385.692,385.692,0
2026-07-27 06:16:00,385.9,385.9,385.75,385.75,0
2026-07-27 06:17:00,385.85,385.95,385.35,385.825,0
2026-07-27 06:18:00,385.94,386.0,385.85,385.85,0
2026-07-27 06:19:00,385.87,385.87,385.8,385.8,0
2026-07-27 06:21:00,385.38,385.82,385.38,385.8,0
2026-07-27 06:22:00,385.99,385.99,385.72,385.97,0
2026-07-27 06:23:00,385.9488,385.9488,385.82,385.94,0
2026-07-27 06:24:00,385.8,385.8,385.72,385.72,0
2026-07-27 06:25:00,385.7449,385.9817,385.6772,385.75,0
2026-07-27 06:26:00,385.5712,385.5712,385.5712,385.5712,0
2026-07-27 06:27:00,385.85,385.9802,385.6083,385.9802,0
2026-07-27 06:28:00,385.99,386.0,385.83,385.99,0
2026-07-27 06:29:00,385.61,385.99,385.61,385.8565,0
2026-07-27 06:30:00,385.98,386.0,385.8,385.99,0
2026-07-27 06:32:00,385.88,385.88,385.83,385.83,0
2026-07-27 06:33:00,386.2188,386.2188,385.99,385.99,0
2026-07-27 06:34:00,385.99,386.2188,385.99,386.0,0
2026-07-27 06:35:00,386.1803,386.1803,385.92,386.01,0
2026-07-27 06:36:00,386.0,386.292,386.0,386.292,0
2026-07-27 06:37:00,386.23,386.27,386.12,386.27,0
2026-07-27 06:38:00,386.44,386.44,386.14,386.44,0
2026-07-27 06:39:00,386.27,386.3,385.75,386.3,0
2026-07-27 06:40:00,386.3,386.3,385.9922,385.9922,0
2026-07-27 06:41:00,386.4277,386.44,386.33,386.44,0
2026-07-27 06:42:00,386.36,386.36,386.03,386.15,0
2026-07-27 06:43:00,386.0306,386.4327,386.0306,386.1831,0
2026-07-27 06:44:00,386.36,386.3674,386.18,386.3,0
2026-07-27 06:45:00,386.15,386.1651,386.15,386.1651,0
2026-07-27 06:46:00,386.1645,386.22,386.01,386.1,0
2026-07-27 06:47:00,385.9512,386.14,385.9512,386.01,0
2026-07-27 06:48:00,386.02,386.1,385.8334,385.8334,0
2026-07-27 06:49:00,386.0,386.0,385.86,386.0,0
2026-07-27 06:50:00,386.0,386.19,386.0,386.1801,0
2026-07-27 06:51:00,386.19,386.19,385.8,386.03,0
2026-07-27 06:52:00,385.8,385.8,385.8,385.8,0
2026-07-27 06:53:00,386.2,386.2,386.2,386.2,0
2026-07-27 06:54:00,386.1479,386.2,385.78,386.2,0
2026-07-27 06:55:00,386.1,386.33,386.1,386.32,0
2026-07-27 06:56:00,386.0,386.2,386.0,386.0947,0
2026-07-27 06:57:00,386.09,386.24,386.02,386.24,0
2026-07-27 06:58:00,386.44,386.44,386.24,386.24,0
2026-07-27 06:59:00,386.24,386.4227,386.24,386.4227,0
2026-07-27 07:00:00,386.06,387.0,385.81,386.805,0
2026-07-27 07:01:00,387.0,387.5,386.8375,387.25,0
2026-07-27 07:02:00,387.0,387.68,386.8,387.4,0
2026-07-27 07:03:00,387.45,387.61,387.01,387.2,0
2026-07-27 07:04:00,387.2,387.45,387.2,387.25,0
2026-07-27 07:05:00,387.26,387.5,387.23,387.34,0
2026-07-27 07:06:00,387.34,387.5,387.1338,387.25,0
2026-07-27 07:07:00,387.2534,387.3,386.87,387.1346,0
2026-07-27 07:08:00,387.18,387.18,386.803,386.9074,0
2026-07-27 07:09:00,386.9,387.0,386.7586,386.9,0
2026-07-27 07:10:00,386.88,386.88,386.79,386.88,0
2026-07-27 07:11:00,386.8521,386.88,386.7,386.746,0
2026-07-27 07:12:00,386.8,386.88,386.4,386.6,0
2026-07-27 07:13:00,386.56,386.85,386.3965,386.44,0
2026-07-27 07:14:00,386.7621,386.85,386.5087,386.5308,0
2026-07-27 07:15:00,386.85,386.85,386.47,386.47,0
2026-07-27 07:16:00,386.85,386.85,386.4235,386.85,0
2026-07-27 07:17:00,386.645,386.8499,386.55,386.7,0
2026-07-27 07:18:00,386.7209,386.7791,386.4,386.69,0
2026-07-27 07:19:00,386.73,386.78,386.41,386.6,0
2026-07-27 07:20:00,386.4957,386.8,386.4,386.8,0
2026-07-27 07:21:00,386.7988,387.1988,386.4,387.1988,0
2026-07-27 07:22:00,387.25,387.25,386.59,386.59,0
2026-07-27 07:23:00,386.8,387.45,386.6301,387.0,0
2026-07-27 07:24:00,387.0001,387.45,387.0001,387.45,0
2026-07-27 07:25:00,387.45,387.49,387.1,387.1524,0
2026-07-27 07:26:00,387.15,387.269,386.8099,386.9,0
2026-07-27 07:27:00,387.12,387.3,386.6285,387.0,0
2026-07-27 07:28:00,387.0,387.3,386.8036,387.01,0
2026-07-27 07:29:00,387.15,387.338,387.0,387.0,0
2026-07-27 07:30:00,387.0,387.39,386.59,387.39,0
2026-07-27 07:31:00,387.05,387.3988,387.01,387.38,0
2026-07-27 07:32:00,387.18,387.3988,386.91,387.3,0
2026-07-27 07:33:00,387.2,387.37,386.8,386.8,0
2026-07-27 07:34:00,387.0,387.38,386.8,387.0,0
2026-07-27 07:35:00,387.13,387.3988,387.0,387.35,0
2026-07-27 07:36:00,387.2018,387.49,387.2,387.33,0
2026-07-27 07:37:00,387.33,387.49,387.2072,387.2502,0
2026-07-27 07:38:00,387.231,387.4407,387.01,387.01,0
2026-07-27 07:39:00,387.2,387.49,387.0,387.0012,0
2026-07-27 07:40:00,387.07,387.36,387.0,387.0,0
2026-07-27 07:41:00,387.0988,387.13,387.01,387.01,0
2026-07-27 07:42:00,387.13,387.5,387.0,387.5,0
2026-07-27 07:43:00,387.56,387.68,387.3,387.4927,0
2026-07-27 07:44:00,387.5,387.6,387.3,387.3,0
2026-07-27 07:45:00,387.55,387.64,387.3,387.3,0
2026-07-27 07:46:00,387.5,387.5,387.0,387.44,0
2026-07-27 07:47:00,387.5498,387.5498,387.198,387.198,0
2026-07-27 07:48:00,387.2428,387.375,387.0,387.375,0
2026-07-27 07:49:00,387.4535,387.5,387.22,387.22,0
2026-07-27 07:50:00,387.11,387.5,387.1,387.11,0
2026-07-27 07:51:00,387.16,387.5,387.07,387.07,0
2026-07-27 07:52:00,387.07,387.38,387.06,387.38,0
2026-07-27 07:53:00,387.1674,387.332,387.15,387.2,0
2026-07-27 07:54:00,387.19,387.2,387.1028,387.2,0
2026-07-27 07:55:00,387.1657,387.2,387.07,387.1932,0
2026-07-27 07:56:00,387.1018,387.3645,387.07,387.3645,0
2026-07-27 07:57:00,387.07,387.28,387.07,387.1,0
2026-07-27 07:58:00,387.17,387.17,387.0003,387.0003,0
2026-07-27 07:59:00,387.0,387.1588,387.0,387.0286,0
2026-07-27 08:00:00,387.039,387.2008,387.0,387.0472,0
2026-07-27 08:01:00,387.1591,387.25,382.654,387.01,0
2026-07-27 08:02:00,387.2488,387.45,387.0,387.4,0
2026-07-27 08:03:00,387.4,387.55,387.21,387.55,0
2026-07-27 08:04:00,387.3312,387.55,387.3312,387.43,0
2026-07-27 08:05:00,387.5034,387.52,387.31,387.33,0
2026-07-27 08:06:00,387.44,387.5033,387.26,387.28,0
2026-07-27 08:07:00,387.36,387.4,387.2112,387.3631,0
2026-07-27 08:08:00,387.2601,387.4,387.25,387.3988,0
2026-07-27 08:09:00,387.3962,387.4196,387.09,387.25,0
2026-07-27 08:10:00,387.3435,387.38,387.21,387.28,0
2026-07-27 08:11:00,387.31,387.37,387.0,387.02,0
2026-07-27 08:12:00,387.3602,387.38,387.0,387.0,0
2026-07-27 08:13:00,387.1049,387.38,386.99,387.07,0
2026-07-27 08:14:00,387.0,387.24,386.8,387.03,0
2026-07-27 08:15:00,386.8,387.38,386.8,386.9925,0
2026-07-27 08:16:00,387.12,387.15,386.8,387.1,0
2026-07-27 08:17:00,387.08,387.3088,387.025,387.15,0
2026-07-27 08:18:00,386.9921,387.173,386.9012,387.173,0
2026-07-27 08:19:00,387.1236,387.18,386.9,387.1654,0
2026-07-27 08:20:00,387.16,387.16,386.91,386.91,0
2026-07-27 08:21:00,386.9,387.16,386.7,387.16,0
2026-07-27 08:22:00,386.724,387.15,386.7,387.15,0
2026-07-27 08:23:00,387.18,387.3,387.147,387.3,0
2026-07-27 08:24:00,387.21,387.3172,387.21,387.3172,0
2026-07-27 08:25:00,387.2346,387.58,387.0,387.58,0
2026-07-27 08:26:00,387.6,387.6,387.331,387.331,0
2026-07-27 08:27:00,387.31,387.5,387.3,387.4398,0
2026-07-27 08:28:00,387.5,387.5,387.32,387.45,0
2026-07-27 08:29:00,387.4,387.5,387.4,387.4711,0
2026-07-27 08:30:00,387.4757,387.5,387.31,387.4701,0
2026-07-27 08:31:00,387.49,387.71,387.49,387.6799,0
2026-07-27 08:32:00,387.69,387.7135,387.015,387.35,0
2026-07-27 08:33:00,387.33,387.4,387.0,387.33,0
2026-07-27 08:34:00,387.43,387.6,387.21,387.2303,0
2026-07-27 08:35:00,387.5902,387.6,387.25,387.3617,0
2026-07-27 08:36:00,387.6,388.2997,387.5,387.94,0
2026-07-27 08:37:00,387.89,388.1,387.8,387.99,0
2026-07-27 08:38:00,388.07,388.07,387.59,387.7,0
2026-07-27 08:39:00,387.63,388.04,387.63,388.0,0
2026-07-27 08:40:00,387.8,388.0,387.59,387.8942,0
2026-07-27 08:41:00,387.9,387.9875,387.59,387.97,0
2026-07-27 08:42:00,387.98,388.0315,387.7718,387.99,0
2026-07-27 08:43:00,388.0146,388.06,387.99,388.03,0
2026-07-27 08:44:00,388.03,388.06,387.71,388.0,0
2026-07-27 08:45:00,388.0,388.26,387.89,388.21,0
2026-07-27 08:46:00,387.8912,388.26,387.7039,388.25,0
2026-07-27 08:47:00,388.1105,388.13,387.8836,388.11,0
2026-07-27 08:48:00,388.09,388.1107,387.7,387.7726,0
2026-07-27 08:49:00,388.0,388.08,387.7682,388.04,0
2026-07-27 08:50:00,387.7837,388.15,387.7,388.06,0
2026-07-27 08:51:00,388.06,388.14,387.95,388.04,0
2026-07-27 08:52:00,387.96,388.195,387.96,388.0,0
2026-07-27 08:53:00,387.9279,388.0,387.85,387.99,0
2026-07-27 08:54:00,387.9636,388.09,387.8,388.08,0
2026-07-27 08:55:00,388.08,388.09,387.89,388.03,0
2026-07-27 08:56:00,387.9,388.09,387.828,387.85,0
2026-07-27 08:57:00,387.52,387.98,387.52,387.9471,0
2026-07-27 08:58:00,387.77,387.9485,387.5771,387.65,0
2026-07-27 08:59:00,387.91,388.09,387.9001,388.09,0
2026-07-27 09:00:00,387.99,388.08,387.95,388.07,0
2026-07-27 09:01:00,388.0,388.15,387.6809,388.0632,0
2026-07-27 09:02:00,388.1,388.19,388.0,388.1888,0
2026-07-27 09:03:00,388.19,388.19,387.9111,388.0,0
2026-07-27 09:04:00,388.17,388.17,387.9,388.0,0
2026-07-27 09:05:00,387.86,388.07,387.66,388.0,0
2026-07-27 09:06:00,388.01,388.07,387.75,388.07,0
2026-07-27 09:07:00,388.14,388.7,387.7925,388.52,0
2026-07-27 09:08:00,388.62,388.62,388.3,388.5,0
2026-07-27 09:09:00,388.5,388.95,388.46,388.938,0
2026-07-27 09:10:00,388.94,388.94,388.215,388.5882,0
2026-07-27 09:11:00,388.58,388.94,388.58,388.94,0
2026-07-27 09:12:00,388.7032,388.95,388.61,388.63,0
2026-07-27 09:13:00,388.8686,388.96,388.562,388.7,0
2026-07-27 09:14:00,388.5201,388.9,388.4158,388.6,0
2026-07-27 09:15:00,388.6817,388.72,388.26,388.5,0
2026-07-27 09:16:00,388.52,388.8,388.4242,388.53,0
2026-07-27 09:17:00,388.53,388.8,388.35,388.5,0
2026-07-27 09:18:00,388.7,388.8,388.0,388.4873,0
2026-07-27 09:19:00,388.6,388.7,388.0,388.1,0
2026-07-27 09:20:00,388.1514,388.5955,388.01,388.14,0
2026-07-27 09:21:00,388.3,388.5,388.0,388.0,0
2026-07-27 09:22:00,388.26,388.42,387.96,387.971,0
2026-07-27 09:23:00,387.97,388.38,387.77,387.91,0
2026-07-27 09:24:00,387.89,388.0,387.76,387.76,0
2026-07-27 09:25:00,387.76,388.68,387.76,388.59,0
2026-07-27 09:26:00,388.2689,388.85,388.25,388.5818,0
2026-07-27 09:27:00,388.81,389.34,388.51,389.3,0
2026-07-27 09:28:00,389.5,390.23,389.5,389.56,0
2026-07-27 09:29:00,389.67,390.16,389.55,390.16,0
2026-07-27 09:30:00,390.75,390.855,390.37,390.7,1360457
2026-07-27 09:31:00,390.6,391.36,389.35,389.35,217848
2026-07-27 09:32:00,389.12,390.61,389.07,390.4501,119619
2026-07-27 09:33:00,390.56,390.8689,388.37,388.39,98660
2026-07-27 09:34:00,388.6999,389.37,387.99,389.345,85198
2026-07-27 09:35:00,389.41,391.45,389.01,391.11,153197
2026-07-27 09:36:00,391.22,391.6499,390.82,391.42,150154
2026-07-27 09:37:00,391.42,391.91,390.7803,391.11,85851
2026-07-27 09:38:00,391.02,391.46,390.6,391.28,70607
2026-07-27 09:39:00,391.3,391.55,390.34,390.455,70682
2026-07-27 09:40:00,390.4612,391.4,390.3501,391.27,104193
2026-07-27 09:41:00,391.27,391.2701,390.35,390.695,96083
2026-07-27 09:42:00,390.65,390.88,390.3301,390.59,76453
2026-07-27 09:43:00,390.52,390.72,390.2515,390.5,72054
2026-07-27 09:44:00,390.56,390.7,389.62,389.89,91746
2026-07-27 09:45:00,389.86,390.7218,389.75,390.49,106692
2026-07-27 09:46:00,390.52,390.52,388.95,388.98,102303
2026-07-27 09:47:00,389.03,389.53,388.716,389.18,82790
2026-07-27 09:48:00,389.15,390.33,389.05,390.285,75218
2026-07-27 09:49:00,390.23,391.3,390.11,391.1613,106385
2026-07-27 09:50:00,391.195,391.56,391.03,391.31,113523
2026-07-27 09:51:00,391.29,392.38,391.2101,392.3,187225
2026-07-27 09:52:00,392.3,392.3,390.85,391.2701,160110
2026-07-27 09:53:00,391.32,391.61,391.14,391.19,92624
2026-07-27 09:54:00,391.195,391.3251,390.5996,391.255,78051
2026-07-27 09:55:00,391.255,391.97,391.2101,391.5428,73581
2026-07-27 09:56:00,391.565,391.99,391.4807,391.59,48140
2026-07-27 09:57:00,391.55,392.13,391.51,391.5301,62250
2026-07-27 09:58:00,391.53,391.77,391.46,391.6,50388
2026-07-27 09:59:00,391.57,391.7,391.04,391.15,60848
2026-07-27 10:00:00,391.1301,391.825,390.63,391.825,119654
2026-07-27 10:01:00,391.84,391.94,391.35,391.73,82882
2026-07-27 10:02:00,391.77,391.97,391.3603,391.85,65012
2026-07-27 10:03:00,391.85,392.45,391.85,392.41,97090
2026-07-27 10:04:00,392.38,392.8,392.1,392.7205,120725
2026-07-27 10:05:00,392.72,393.3425,392.7,392.9999,157427
2026-07-27 10:06:00,392.985,393.05,391.75,391.75,175466
2026-07-27 10:07:00,391.74,392.07,391.38,391.385,119982
2026-07-27 10:08:00,391.38,392.21,391.38,392.07,75003
2026-07-27 10:09:00,392.0301,392.1689,391.57,391.6397,45584
2026-07-27 10:10:00,391.665,391.77,390.851,390.93,66217
2026-07-27 10:11:00,390.935,391.48,390.9,391.45,58523
2026-07-27 10:12:00,391.415,392.18,391.37,392.15,70664
2026-07-27 10:13:00,392.15,392.29,391.88,391.975,65159
2026-07-27 10:14:00,391.98,392.5,391.7806,392.465,52810
2026-07-27 10:15:00,392.46,392.62,392.24,392.355,65902
2026-07-27 10:16:00,392.325,392.74,392.315,392.7,70491
2026-07-27 10:17:00,392.7,393.07,392.25,392.74,84670
2026-07-27 10:18:00,392.74,392.96,392.2701,392.36,83036
2026-07-27 10:19:00,392.3219,392.42,391.72,391.77,96458
2026-07-27 10:20:00,391.75,391.96,391.6001,391.91,54139
2026-07-27 10:21:00,391.92,392.34,391.885,391.99,145530
2026-07-27 10:22:00,391.99,392.08,391.1,391.23,68114
2026-07-27 10:23:00,391.28,391.34,390.7119,390.79,68268
2026-07-27 10:24:00,390.79,390.94,390.55,390.79,62347
2026-07-27 10:25:00,390.7651,390.91,390.31,390.58,66087
2026-07-27 10:26:00,390.565,391.24,390.195,390.95,87575
2026-07-27 10:27:00,390.99,391.11,390.765,391.0,48606
2026-07-27 10:28:00,391.03,391.3,390.6201,391.03,74706
2026-07-27 10:29:00,391.03,391.1,390.17,390.36,73231
2026-07-27 10:30:00,390.36,390.71,390.21,390.22,90319
2026-07-27 10:31:00,390.27,390.57,390.19,390.51,71488
2026-07-27 10:32:00,390.495,390.69,390.22,390.4,54505
2026-07-27 10:33:00,390.44,390.83,390.23,390.29,68945
2026-07-27 10:34:00,390.27,390.28,389.74,389.75,101250
2026-07-27 10:35:00,389.74,390.12,389.44,389.985,115849
2026-07-27 10:36:00,390.03,390.3,389.77,389.77,99608
2026-07-27 10:37:00,389.73,389.95,389.57,389.8978,69418
2026-07-27 10:38:00,389.85,390.73,389.77,390.455,63229
2026-07-27 10:39:00,390.455,390.94,390.3701,390.67,61677
2026-07-27 10:40:00,390.66,390.9,390.5,390.55,65491
2026-07-27 10:41:00,390.545,390.67,389.69,390.0299,37579
2026-07-27 10:42:00,390.02,390.29,389.9439,390.16,53173
2026-07-27 10:43:00,390.2,390.31,389.51,389.778,54358
2026-07-27 10:44:00,389.835,389.935,389.58,389.74,46914
2026-07-27 10:45:00,389.745,390.26,389.67,389.88,68678
2026-07-27 10:46:00,389.885,390.1,389.63,390.045,81276
2026-07-27 10:47:00,390.07,390.11,389.52,389.7,50727
2026-07-27 10:48:00,389.705,389.8899,389.46,389.53,58831
2026-07-27 10:49:00,389.51,389.6,389.325,389.325,55110
2026-07-27 10:50:00,389.3185,389.67,389.23,389.605,80690
2026-07-27 10:51:00,389.605,389.825,389.49,389.61,40220
2026-07-27 10:52:00,389.595,389.7999,389.38,389.545,37621
2026-07-27 10:53:00,389.545,389.86,389.38,389.6263,26590
2026-07-27 10:54:00,389.635,389.85,389.4201,389.745,41348
2026-07-27 10:55:00,389.7101,389.89,389.53,389.6,54136
2026-07-27 10:56:00,389.63,389.73,389.4101,389.601,28345
2026-07-27 10:57:00,389.65,389.86,389.485,389.715,34599
2026-07-27 10:58:00,389.715,390.1151,389.67,389.94,56862
2026-07-27 10:59:00,389.9601,389.9601,389.4104,389.62,52950
2026-07-27 11:00:00,389.615,389.85,389.34,389.84,67673
2026-07-27 11:01:00,389.9,390.34,389.8001,390.075,58257
2026-07-27 11:02:00,390.02,390.34,390.0,390.325,53698
2026-07-27 11:03:00,390.365,390.54,390.185,390.505,37706
2026-07-27 11:04:00,390.5,391.08,390.32,390.98,55076
2026-07-27 11:05:00,391.0,391.68,390.83,391.67,57944
2026-07-27 11:06:00,391.7,392.06,391.7,391.72,225680
2026-07-27 11:07:00,391.72,391.75,390.975,391.0,47536
2026-07-27 11:08:00,391.0,391.29,390.88,391.1023,47576
2026-07-27 11:09:00,391.09,391.4399,391.0,391.22,47665
2026-07-27 11:10:00,391.285,391.66,391.21,391.215,50181
2026-07-27 11:11:00,391.215,392.11,391.215,392.0995,52075
2026-07-27 11:12:00,392.0401,392.4,392.0401,392.4,54545
2026-07-27 11:13:00,392.39,392.75,392.39,392.5641,83418
2026-07-27 11:14:00,392.55,393.07,392.55,393.03,91373
2026-07-27 11:15:00,393.03,393.2651,392.91,393.0486,50293
2026-07-27 11:16:00,393.07,393.49,393.04,393.43,51102
2026-07-27 11:17:00,393.49,393.49,392.83,392.8601,69879
2026-07-27 11:18:00,392.99,393.09,392.69,393.065,62901
2026-07-27 11:19:00,393.07,393.14,392.65,392.725,39025
2026-07-27 11:20:00,392.725,393.1,392.7217,392.985,46042
2026-07-27 11:21:00,392.995,393.23,392.8285,392.8988,41613
2026-07-27 11:22:00,392.9,393.58,392.875,393.52,69923
2026-07-27 11:23:00,393.5,393.79,393.25,393.695,72584
2026-07-27 11:24:00,393.73,393.8,393.3,393.3801,60328
2026-07-27 11:25:00,393.43,393.58,393.325,393.4001,54376
2026-07-27 11:26:00,393.47,393.49,393.22,393.49,41752
2026-07-27 11:27:00,393.4815,393.895,393.43,393.715,73457
2026-07-27 11:28:00,393.715,393.75,393.42,393.505,42534
2026-07-27 11:29:00,393.55,393.65,393.38,393.52,42619
2026-07-27 11:30:00,393.52,393.68,393.46,393.6,42408
2026-07-27 11:31:00,393.6348,393.74,393.455,393.505,58738
2026-07-27 11:32:00,393.46,393.65,392.98,393.03,53022
2026-07-27 11:33:00,393.01,393.11,392.7801,393.03,44782
2026-07-27 11:34:00,393.045,393.1399,392.61,392.686,45821
2026-07-27 11:35:00,392.61,392.8,392.01,392.02,104543
2026-07-27 11:36:00,392.0,392.14,391.68,392.01,45632
2026-07-27 11:37:00,392.005,392.14,391.5905,391.5905,54721
2026-07-27 11:38:00,391.6451,392.09,391.5804,392.03,49416
2026-07-27 11:39:00,392.04,392.34,391.58,391.745,81720
2026-07-27 11:40:00,391.78,392.11,391.76,391.965,46167
2026-07-27 11:41:00,392.0,392.2,391.77,391.98,59106
2026-07-27 11:42:00,391.975,392.1,391.73,391.801,50170
2026-07-27 11:43:00,391.84,391.9,391.315,391.4,41586
2026-07-27 11:44:00,391.3901,391.56,391.2401,391.49,50552
2026-07-27 11:45:00,391.49,391.5661,391.05,391.23,119795
2026-07-27 11:46:00,391.235,391.35,391.2003,391.23,32356
2026-07-27 11:47:00,391.225,391.6487,391.11,391.18,41791
2026-07-27 11:48:00,391.22,391.47,391.18,391.26,40123
2026-07-27 11:49:00,391.26,391.285,390.61,390.895,53746
2026-07-27 11:50:00,390.84,391.02,390.67,390.75,48541
2026-07-27 11:51:00,390.75,391.005,390.75,390.9758,59588
2026-07-27 11:52:00,390.96,391.02,390.77,390.83,25023
2026-07-27 11:53:00,390.8201,391.12,390.78,390.9501,18734
2026-07-27 11:54:00,390.96,390.99,390.74,390.935,23711
2026-07-27 11:55:00,390.94,391.17,390.86,391.16,45027
2026-07-27 11:56:00,391.125,391.16,390.83,390.98,30791
2026-07-27 11:57:00,390.99,391.03,390.62,390.62,53011
2026-07-27 11:58:00,390.67,390.67,390.3401,390.495,32672
2026-07-27 11:59:00,390.495,390.5201,389.9,390.265,81655
2026-07-27 12:00:00,390.24,390.7,390.19,390.68,47045
2026-07-27 12:01:00,390.66,390.66,390.38,390.48,33035
2026-07-27 12:02:00,390.5099,390.57,390.2,390.2,29604
2026-07-27 12:03:00,390.2,390.25,390.0,390.12,54468
2026-07-27 12:04:00,390.09,390.51,389.96,390.42,42439
2026-07-27 12:05:00,390.43,390.54,390.31,390.41,31608
2026-07-27 12:06:00,390.43,390.475,390.19,390.3951,34954
2026-07-27 12:07:00,390.395,390.64,390.32,390.565,28135
2026-07-27 12:08:00,390.59,390.85,390.45,390.74,31151
2026-07-27 12:09:00,390.7807,390.81,390.5001,390.745,40152
2026-07-27 12:10:00,390.79,390.81,390.37,390.59,55196
2026-07-27 12:11:00,390.56,390.65,390.47,390.525,33049
2026-07-27 12:12:00,390.57,390.665,390.4,390.401,22230
2026-07-27 12:13:00,390.43,390.49,390.1,390.18,30216
2026-07-27 12:14:00,390.19,390.21,389.99,389.99,33989
2026-07-27 12:15:00,390.0,390.06,389.84,389.84,34992
2026-07-27 12:16:00,389.8,389.8,389.64,389.7,25786
2026-07-27 12:17:00,389.7,389.81,389.57,389.76,40229
2026-07-27 12:18:00,389.755,389.99,389.755,389.89,29845
2026-07-27 12:19:00,389.9,389.9,389.6875,389.815,41262
2026-07-27 12:20:00,389.815,389.9297,389.68,389.7301,26758
2026-07-27 12:21:00,389.77,389.905,389.58,389.62,24038
2026-07-27 12:22:00,389.62,389.88,389.6133,389.8,30368
2026-07-27 12:23:00,389.78,389.84,389.55,389.6599,42506
2026-07-27 12:24:00,389.625,389.84,389.4,389.77,54469
2026-07-27 12:25:00,389.7701,390.806,389.6875,390.806,69773
2026-07-27 12:26:00,390.695,390.695,390.09,390.16,43916
2026-07-27 12:27:00,390.16,390.93,390.13,390.89,34993
2026-07-27 12:28:00,390.87,390.925,390.37,390.425,38940
2026-07-27 12:29:00,390.425,390.57,390.37,390.46,38200
2026-07-27 12:30:00,390.46,390.87,390.2901,390.8525,46777
2026-07-27 12:31:00,390.82,391.21,390.73,391.165,53316
2026-07-27 12:32:00,391.17,391.31,391.06,391.115,43997
2026-07-27 12:33:00,391.115,391.19,390.95,391.17,38566
2026-07-27 12:34:00,391.15,391.53,391.13,391.52,40187
2026-07-27 12:35:00,391.535,392.0,391.45,391.84,60443
2026-07-27 12:36:00,391.89,391.92,391.67,391.74,28700
2026-07-27 12:37:00,391.765,391.8,391.56,391.5688,22621
2026-07-27 12:38:00,391.59,391.79,391.48,391.74,35189
2026-07-27 12:39:00,391.76,391.7851,391.5,391.665,25886
2026-07-27 12:40:00,391.7,391.83,391.67,391.75,23803
2026-07-27 12:41:00,391.75,391.79,391.52,391.52,39544
2026-07-27 12:42:00,391.52,391.525,391.25,391.325,33583
2026-07-27 12:43:00,391.325,391.3399,391.13,391.195,31222
2026-07-27 12:44:00,391.17,391.32,391.08,391.175,28699
2026-07-27 12:45:00,391.21,391.6,391.175,391.51,42757
2026-07-27 12:46:00,391.51,391.59,391.31,391.53,36517
2026-07-27 12:47:00,391.53,391.53,391.23,391.33,28707
2026-07-27 12:48:00,391.33,391.37,391.13,391.17,20472
2026-07-27 12:49:00,391.17,391.35,391.14,391.22,19881
2026-07-27 12:50:00,391.22,391.41,391.0701,391.11,38530
2026-07-27 12:51:00,391.11,391.22,390.92,391.0,30036
2026-07-27 12:52:00,391.0,391.0,390.77,390.94,23575
2026-07-27 12:53:00,390.92,391.03,390.75,391.03,19442
2026-07-27 12:54:00,391.005,391.29,391.005,391.245,18931
2026-07-27 12:55:00,391.24,391.35,391.09,391.18,29169
2026-07-27 12:56:00,391.17,391.34,391.1,391.265,29964
2026-07-27 12:57:00,391.3,391.475,391.29,391.29,43064
2026-07-27 12:58:00,391.29,391.39,391.26,391.375,25621
2026-07-27 12:59:00,391.41,391.41,391.0529,391.3,18244
2026-07-27 13:00:00,391.305,391.45,391.25,391.2901,43334
2026-07-27 13:01:00,391.32,391.45,391.1101,391.19,16632
2026-07-27 13:02:00,391.195,391.23,391.05,391.12,22313
2026-07-27 13:03:00,391.1425,391.1425,390.85,391.08,28971
2026-07-27 13:04:00,391.08,391.13,390.89,391.05,20315
2026-07-27 13:05:00,391.02,391.09,390.9201,391.0296,28412
2026-07-27 13:06:00,391.03,391.15,390.97,391.1,33631
2026-07-27 13:07:00,391.1,391.24,391.02,391.135,37291
2026-07-27 13:08:00,391.135,391.23,391.09,391.13,16487
2026-07-27 13:09:00,391.1589,391.37,391.02,391.25,24830
2026-07-27 13:10:00,391.2611,391.43,391.1444,391.43,19337
2026-07-27 13:11:00,391.43,391.5,391.06,391.095,27652
2026-07-27 13:12:00,391.1299,391.38,391.0801,391.28,20796
2026-07-27 13:13:00,391.32,391.48,391.32,391.46,23178
2026-07-27 13:14:00,391.48,391.7816,391.48,391.71,30239
2026-07-27 13:15:00,391.73,392.18,391.705,392.1,41197
2026-07-27 13:16:00,392.085,392.33,391.87,391.87,45164
2026-07-27 13:17:00,391.9,391.94,391.73,391.81,41323
2026-07-27 13:18:00,391.8,391.84,391.5801,391.705,29883
2026-07-27 13:19:00,391.71,391.9,391.68,391.8801,26405
2026-07-27 13:20:00,391.88,392.2095,391.81,392.105,37608
2026-07-27 13:21:00,392.0801,392.19,391.97,391.97,25278
2026-07-27 13:22:00,391.9,392.17,391.9,392.015,38000
2026-07-27 13:23:00,392.03,392.135,391.79,391.79,22336
2026-07-27 13:24:00,391.76,391.84,391.51,391.61,29825
2026-07-27 13:25:00,391.64,391.87,391.61,391.83,18328
2026-07-27 13:26:00,391.8,391.8699,391.55,391.725,41641
2026-07-27 13:27:00,391.73,391.91,391.61,391.78,42784
2026-07-27 13:28:00,391.8,391.87,391.655,391.695,28471
2026-07-27 13:29:00,391.695,391.76,391.54,391.5479,23234
2026-07-27 13:30:00,391.52,391.94,391.52,391.94,29933
2026-07-27 13:31:00,391.94,392.11,391.85,392.05,37378
2026-07-27 13:32:00,392.05,392.31,392.03,392.19,40231
2026-07-27 13:33:00,392.24,392.43,392.11,392.38,34310
2026-07-27 13:34:00,392.38,392.739,392.32,392.715,51215
2026-07-27 13:35:00,392.715,392.8,392.43,392.45,38216
2026-07-27 13:36:00,392.465,392.6,392.21,392.2311,48963
2026-07-27 13:37:00,392.235,392.28,391.97,391.995,56764
2026-07-27 13:38:00,391.995,392.17,391.8175,392.1,41163
2026-07-27 13:39:00,392.1,392.42,392.04,392.3,45397
2026-07-27 13:40:00,392.27,392.36,392.07,392.145,27485
2026-07-27 13:41:00,392.145,392.48,392.145,392.46,32567
2026-07-27 13:42:00,392.45,392.48,392.2608,392.27,31781
2026-07-27 13:43:00,392.285,392.31,392.08,392.19,27969
2026-07-27 13:44:00,392.185,392.31,392.1,392.27,24873
2026-07-27 13:45:00,392.29,392.3,392.05,392.14,18572
2026-07-27 13:46:00,392.18,392.24,391.89,391.925,527188
2026-07-27 13:47:00,391.925,392.115,391.925,391.995,40811
2026-07-27 13:48:00,392.0,392.15,391.9301,392.015,36984
2026-07-27 13:49:00,392.04,392.45,392.04,392.43,22019
2026-07-27 13:50:00,392.43,392.71,392.43,392.7,30994
2026-07-27 13:51:00,392.725,392.905,392.6601,392.81,35357
2026-07-27 13:52:00,392.79,393.15,392.71,393.15,84917
2026-07-27 13:53:00,393.16,393.27,392.88,392.98,33427
2026-07-27 13:54:00,393.0,393.13,392.94,393.08,25555
2026-07-27 13:55:00,393.055,393.2,392.83,393.2,33995
2026-07-27 13:56:00,393.22,393.52,393.2,393.365,58931
2026-07-27 13:57:00,393.365,393.7,393.355,393.505,70373
2026-07-27 13:58:00,393.5,393.67,393.468,393.5,42771
2026-07-27 13:59:00,393.51,393.78,393.495,393.715,54419
2026-07-27 14:00:00,393.76,393.93,393.58,393.5829,54517
2026-07-27 14:01:00,393.565,394.2,393.48,393.91,82154
2026-07-27 14:02:00,393.935,393.935,393.49,393.64,66191
2026-07-27 14:03:00,393.64,393.89,393.56,393.84,31723
2026-07-27 14:04:00,393.845,393.85,393.56,393.575,30551
2026-07-27 14:05:00,393.6,393.7695,393.4401,393.73,37429
2026-07-27 14:06:00,393.75,393.81,393.56,393.575,32251
2026-07-27 14:07:00,393.56,393.67,393.44,393.512,33320
2026-07-27 14:08:00,393.49,393.69,393.49,393.6525,41056
2026-07-27 14:09:00,393.61,394.04,393.57,393.8251,79997
2026-07-27 14:10:00,393.82,394.1099,393.7,393.87,54289
2026-07-27 14:11:00,393.875,393.92,393.58,393.61,51976
2026-07-27 14:12:00,393.63,393.76,393.585,393.585,23765
2026-07-27 14:13:00,393.585,393.8012,393.55,393.72,21527
2026-07-27 14:14:00,393.72,393.765,393.52,393.54,23044
2026-07-27 14:15:00,393.53,393.72,393.32,393.33,40552
2026-07-27 14:16:00,393.305,393.36,393.041,393.041,34877
2026-07-27 14:17:00,393.065,393.065,392.87,392.98,42443
2026-07-27 14:18:00,392.99,393.09,392.92,393.0725,29338
2026-07-27 14:19:00,393.04,393.04,392.79,392.91,28132
2026-07-27 14:20:00,392.895,393.07,392.895,393.0,46307
2026-07-27 14:21:00,393.03,393.28,392.9475,393.165,37384
2026-07-27 14:22:00,393.165,393.19,393.01,393.055,35668
2026-07-27 14:23:00,393.08,393.24,393.07,393.13,28068
2026-07-27 14:24:00,393.1109,393.12,392.99,392.99,24273
2026-07-27 14:25:00,392.99,393.1,392.92,392.92,27024
2026-07-27 14:26:00,392.925,392.96,392.6801,392.81,21554
2026-07-27 14:27:00,392.81,392.8799,392.64,392.665,18544
2026-07-27 14:28:00,392.665,392.775,392.58,392.59,21103
2026-07-27 14:29:00,392.572,392.75,392.53,392.72,31940
2026-07-27 14:30:00,392.7211,392.82,392.64,392.695,27564
2026-07-27 14:31:00,392.695,392.8,392.59,392.59,38222
2026-07-27 14:32:00,392.59,392.89,392.58,392.86,29436
2026-07-27 14:33:00,392.87,392.89,392.61,392.84,49495
2026-07-27 14:34:00,392.85,392.85,392.7013,392.735,31940
2026-07-27 14:35:00,392.7375,392.76,392.53,392.675,39588
2026-07-27 14:36:00,392.665,392.68,392.5303,392.675,20435
2026-07-27 14:37:00,392.65,392.83,392.51,392.82,46202
2026-07-27 14:38:00,392.79,393.04,392.79,392.88,50030
2026-07-27 14:39:00,392.88,392.9701,392.825,392.965,27782
2026-07-27 14:40:00,392.965,392.99,392.83,392.87,32899
2026-07-27 14:41:00,392.87,393.46,392.87,393.16,72966
2026-07-27 14:42:00,393.14,393.3368,393.11,393.1901,41762
2026-07-27 14:43:00,393.2001,393.4499,393.13,393.42,31553
2026-07-27 14:44:00,393.42,393.45,393.24,393.37,20568
2026-07-27 14:45:00,393.36,393.656,393.35,393.64,35647
2026-07-27 14:46:00,393.66,393.68,393.51,393.52,31965
2026-07-27 14:47:00,393.52,393.73,393.52,393.72,48866
2026-07-27 14:48:00,393.72,393.87,393.7,393.85,26667
2026-07-27 14:49:00,393.85,393.87,393.74,393.85,29224
2026-07-27 14:50:00,393.84,393.91,393.76,393.78,27912
2026-07-27 14:51:00,393.78,393.8299,393.62,393.76,41865
2026-07-27 14:52:00,393.745,394.0319,393.7,394.01,35951
2026-07-27 14:53:00,394.01,394.06,393.8225,394.0185,28392
2026-07-27 14:54:00,394.07,394.075,393.79,393.805,37111
2026-07-27 14:55:00,393.805,394.1,393.805,394.045,28812
2026-07-27 14:56:00,394.0101,394.03,393.73,393.77,44845
2026-07-27 14:57:00,393.8,393.81,393.39,393.495,41079
2026-07-27 14:58:00,393.498,393.65,393.31,393.635,30610
2026-07-27 14:59:00,393.65,393.71,393.41,393.55,32562
2026-07-27 15:00:00,393.58,393.58,393.26,393.31,38209
2026-07-27 15:01:00,393.285,393.42,393.065,393.065,40323
2026-07-27 15:02:00,393.065,393.18,392.968,392.97,52890
2026-07-27 15:03:00,392.97,392.97,392.79,392.82,34105
2026-07-27 15:04:00,392.81,392.845,392.55,392.56,32213
2026-07-27 15:05:00,392.565,392.83,392.56,392.74,37321
2026-07-27 15:06:00,392.76,392.81,392.6,392.62,39935
2026-07-27 15:07:00,392.62,392.74,392.45,392.549,30410
2026-07-27 15:08:00,392.525,392.619,392.46,392.6,25265
2026-07-27 15:09:00,392.5704,392.585,392.38,392.49,37434
2026-07-27 15:10:00,392.51,392.53,392.26,392.34,36980
2026-07-27 15:11:00,392.35,392.383,392.15,392.15,33897
2026-07-27 15:12:00,392.15,392.2,391.9,392.005,42658
2026-07-27 15:13:00,392.005,392.31,392.005,392.11,43205
2026-07-27 15:14:00,392.1,392.122,391.94,391.97,16114
2026-07-27 15:15:00,391.97,392.2399,391.94,392.14,46799
2026-07-27 15:16:00,392.145,392.19,392.01,392.065,34595
2026-07-27 15:17:00,392.07,392.1,391.795,391.81,34891
2026-07-27 15:18:00,391.8,391.85,391.56,391.66,42232
2026-07-27 15:19:00,391.64,391.99,391.64,391.96,52230
2026-07-27 15:20:00,391.93,392.12,391.9,391.915,43782
2026-07-27 15:21:00,391.95,391.955,391.65,391.697,36516
2026-07-27 15:22:00,391.67,391.71,391.32,391.495,59940
2026-07-27 15:23:00,391.495,391.815,391.48,391.7703,33233
2026-07-27 15:24:00,391.8,391.83,391.6901,391.73,48868
2026-07-27 15:25:00,391.72,391.98,391.67,391.82,33900
2026-07-27 15:26:00,391.8201,391.8201,391.52,391.57,52207
2026-07-27 15:27:00,391.55,391.565,391.37,391.4,44900
2026-07-27 15:28:00,391.39,391.42,391.26,391.3,52354
2026-07-27 15:29:00,391.275,391.34,391.2,391.34,59727
2026-07-27 15:30:00,391.3488,391.35,391.21,391.2545,41390
2026-07-27 15:31:00,391.25,391.3599,391.12,391.24,56227
2026-07-27 15:32:00,391.24,391.29,391.075,391.09,39069
2026-07-27 15:33:00,391.07,391.25,390.98,391.23,45902
2026-07-27 15:34:00,391.23,391.35,391.16,391.26,72313
2026-07-27 15:35:00,391.27,391.5,391.12,391.135,101821
2026-07-27 15:36:00,391.14,391.19,390.75,390.785,54491
2026-07-27 15:37:00,390.81,390.91,390.52,390.52,51354
2026-07-27 15:38:00,390.5104,390.62,390.4305,390.5198,64630
2026-07-27 15:39:00,390.52,390.56,390.315,390.51,50298
2026-07-27 15:40:00,390.52,390.5999,390.35,390.475,68421
2026-07-27 15:41:00,390.5,390.6,390.36,390.44,37273
2026-07-27 15:42:00,390.41,390.41,390.11,390.1494,42010
2026-07-27 15:43:00,390.1236,390.25,390.09,390.13,41599
2026-07-27 15:44:00,390.115,390.21,390.01,390.05,50080
2026-07-27 15:45:00,390.08,390.095,389.81,389.895,93799
2026-07-27 15:46:00,389.9,389.98,389.7,389.7337,70816
2026-07-27 15:47:00,389.75,389.755,389.525,389.61,54425
2026-07-27 15:48:00,389.635,389.66,389.4,389.56,71439
2026-07-27 15:49:00,389.56,389.73,389.46,389.595,67965
2026-07-27 15:50:00,389.62,389.74,389.41,389.54,92103
2026-07-27 15:51:00,389.54,389.64,389.43,389.43,72974
2026-07-27 15:52:00,389.43,389.66,389.42,389.66,83193
2026-07-27 15:53:00,389.69,389.84,389.445,389.53,112181
2026-07-27 15:54:00,389.53,389.73,389.28,389.39,123191
2026-07-27 15:55:00,389.39,389.46,388.84,389.2842,209475
2026-07-27 15:56:00,389.285,389.49,389.14,389.405,177657
2026-07-27 15:57:00,389.4,389.42,388.93,388.935,193149
2026-07-27 15:58:00,388.935,389.25,388.935,389.16,243738
2026-07-27 15:59:00,389.15,389.16,388.88,389.13,468176
2026-07-27 16:00:00,389.13,389.48,389.03,389.1,67371
2026-07-27 16:01:00,389.0773,389.1,388.98,389.0342,0
2026-07-27 16:02:00,389.0342,389.05,388.87,389.0202,0
2026-07-27 16:03:00,389.04,389.04,388.88,388.99,0
2026-07-27 16:04:00,389.1,389.1,388.9,388.95,0
2026-07-27 16:05:00,388.9367,388.9376,388.6938,388.6938,0
2026-07-27 16:06:00,388.74,389.1,388.65,389.1,0
2026-07-27 16:07:00,388.75,388.79,388.7,388.75,0
2026-07-27 16:08:00,388.9145,388.95,388.73,388.85,0
2026-07-27 16:09:00,388.85,389.1,388.85,389.0995,0
2026-07-27 16:10:00,389.0753,389.3,389.0753,389.14,0
2026-07-27 16:11:00,389.2999,389.2999,389.0025,389.09,0
2026-07-27 16:12:00,389.0734,389.1,389.0,389.08,0
2026-07-27 16:13:00,389.0759,389.3,389.05,389.05,0
2026-07-27 16:14:00,389.306,389.54,389.05,389.05,0
2026-07-27 16:15:00,389.1,389.4,389.0501,389.4,0
2026-07-27 16:16:00,389.3,389.36,389.0,389.21,0
2026-07-27 16:17:00,389.169,389.169,388.85,389.0,0
2026-07-27 16:18:00,388.85,389.0,388.8,388.9155,0
2026-07-27 16:19:00,379.416,389.0,379.416,389.0,0
2026-07-27 16:20:00,389.0,389.0,388.9,388.9008,0
2026-07-27 16:21:00,388.9841,389.0,388.8783,388.9783,0
2026-07-27 16:22:00,388.9799,389.2405,388.87,389.1,0
2026-07-27 16:23:00,389.03,389.25,388.87,388.87,0
2026-07-27 16:24:00,388.92,389.0,388.64,388.64,0
2026-07-27 16:25:00,388.8,389.0,388.688,388.96,0
2026-07-27 16:26:00,388.98,389.06,388.893,388.893,0
2026-07-27 16:27:00,388.8,389.1,388.8,389.05,0
2026-07-27 16:28:00,389.04,389.04,388.805,388.99,0
2026-07-27 16:29:00,388.9534,389.0,388.8,388.96,0
2026-07-27 16:30:00,388.88,389.0,388.8,389.0,0
2026-07-27 16:31:00,388.95,388.969,388.81,388.9338,0
2026-07-27 16:32:00,388.9338,388.97,388.8,388.94,0
2026-07-27 16:33:00,388.9638,389.0,388.84,388.9502,0
2026-07-27 16:34:00,388.9502,389.13,388.9025,389.13,0
2026-07-27 16:35:00,389.15,389.5402,389.0001,389.5402,0
2026-07-27 16:36:00,389.3,389.55,389.3,389.5499,0
2026-07-27 16:37:00,389.5437,389.55,389.1,389.421,0
2026-07-27 16:38:00,389.5,389.5,389.3,389.44,0
2026-07-27 16:39:00,389.14,389.5,389.14,389.4204,0
2026-07-27 16:40:00,389.2,389.49,389.14,389.4812,0
2026-07-27 16:41:00,389.49,389.49,389.1,389.2701,0
2026-07-27 16:42:00,389.11,389.22,389.1,389.22,0
2026-07-27 16:43:00,389.1,389.22,389.1,389.214,0
2026-07-27 16:44:00,389.2199,389.22,389.1,389.22,0
2026-07-27 16:45:00,389.217,389.27,389.1,389.27,0
2026-07-27 16:46:00,389.27,389.295,389.17,389.295,0
2026-07-27 16:47:00,389.105,389.3,389.105,389.105,0
2026-07-27 16:48:00,389.13,389.3,389.1,389.1,0
2026-07-27 16:49:00,389.1975,389.1975,389.1,389.11,0
2026-07-27 16:50:00,389.1031,389.1975,389.1,389.1886,0
2026-07-27 16:51:00,389.15,389.2,389.0,389.2,0
2026-07-27 16:52:00,389.0,389.19,389.0,389.19,0
2026-07-27 16:53:00,407.8428,407.8428,388.81,389.2,0
2026-07-27 16:54:00,388.8,389.2,388.8,388.96,0
2026-07-27 16:55:00,389.2,389.2,389.005,389.01,0
2026-07-27 16:56:00,389.195,407.8428,389.01,389.2,0
2026-07-27 16:57:00,389.0,389.2,389.0,389.019,0
2026-07-27 16:58:00,389.1,389.1,389.0,389.0845,0
2026-07-27 16:59:00,389.1,389.1,389.0,389.1,0
2026-07-27 17:00:00,389.0,389.0848,389.0,389.0295,0
2026-07-27 17:01:00,389.05,389.0975,389.0,389.0,0
2026-07-27 17:02:00,412.9999,412.9999,388.96,389.01,0
2026-07-27 17:03:00,388.9003,388.9003,380.3649,388.8,0
2026-07-27 17:04:00,389.0,389.1,388.8,388.8,0
2026-07-27 17:05:00,389.1,401.5827,389.0,401.5827,0
2026-07-27 17:06:00,389.0,389.1,389.0,389.09,0
2026-07-27 17:07:00,389.09,389.0975,389.0012,389.0012,0
2026-07-27 17:08:00,389.0015,389.1,388.88,389.08,0
2026-07-27 17:09:00,389.1,389.1,389.0,389.0543,0
2026-07-27 17:10:00,389.0237,389.0499,388.9206,389.0,0
2026-07-27 17:11:00,389.0157,412.9999,381.5312,412.9999,0
2026-07-27 17:12:00,389.0,389.0975,389.0,389.0155,0
2026-07-27 17:13:00,389.0207,389.1,389.01,389.1,0
2026-07-27 17:14:00,401.5827,401.5827,381.5312,389.07,0
2026-07-27 17:15:00,380.3649,389.1,380.3649,389.1,0
2026-07-27 17:16:00,389.1,389.1,388.8887,389.1,0
2026-07-27 17:17:00,389.07,389.07,388.85,388.85,0
2026-07-27 17:18:00,389.0,389.0,389.0,389.0,0
2026-07-27 17:19:00,389.0425,389.1,388.85,389.1,0
2026-07-27 17:20:00,389.0298,389.1,389.0298,389.0698,0
2026-07-27 17:21:00,389.0016,389.27,389.0016,389.1012,0
2026-07-27 17:22:00,389.4,389.4,389.0,389.0,0
2026-07-27 17:23:00,389.23,389.4,389.1,389.1,0
2026-07-27 17:24:00,389.11,389.4,389.11,389.3925,0
2026-07-27 17:25:00,389.3499,389.4,389.12,389.12,0
2026-07-27 17:26:00,389.1465,389.4,389.1465,389.4,0
2026-07-27 17:27:00,389.3066,389.35,389.1,389.35,0
2026-07-27 17:28:00,389.2,389.35,389.2,389.2239,0
2026-07-27 17:29:00,389.3462,389.3462,389.16,389.16,0
2026-07-27 17:30:00,389.0,389.2,388.9996,388.9996,0
2026-07-27 17:31:00,388.9768,389.0,388.8732,388.95,0
2026-07-27 17:32:00,388.9995,389.195,388.93,388.93,0
2026-07-27 17:33:00,388.95,389.01,388.95,389.01,0
2026-07-27 17:34:00,389.0,389.3,388.85,389.01,0
2026-07-27 17:35:00,389.01,389.2,389.0,389.1458,0
2026-07-27 17:36:00,389.2,389.2,388.85,389.03,0
2026-07-27 17:37:00,389.03,389.03,388.85,388.85,0
2026-07-27 17:38:00,389.1408,389.1408,389.1,389.1,0
2026-07-27 17:39:00,389.005,389.1988,389.0,389.1675,0
2026-07-27 17:40:00,389.2,389.2,389.0,389.0,0
2026-07-27 17:41:00,389.195,389.2,389.0012,389.2,0
2026-07-27 17:42:00,389.2,389.2,389.0269,389.0269,0
2026-07-27 17:43:00,389.0012,389.19,389.0,389.0,0
2026-07-27 17:44:00,389.1462,389.1462,389.13,389.13,0
2026-07-27 17:45:00,389.1,389.2,389.0,389.2,0
2026-07-27 17:46:00,389.1842,389.2,389.1012,389.1012,0
2026-07-27 17:47:00,389.1994,389.2,389.1,389.1852,0
2026-07-27 17:48:00,389.1223,389.1988,389.1025,389.1025,0
2026-07-27 17:49:00,389.2,389.2988,389.1,389.2988,0
2026-07-27 17:50:00,389.1877,389.3,389.131,389.29,0
2026-07-27 17:51:00,389.3,389.3,389.105,389.2,0
2026-07-27 17:52:00,389.1,389.3,389.1,389.2001,0
2026-07-27 17:53:00,389.3,389.3,389.25,389.25,0
2026-07-27 17:54:00,389.34,389.4166,389.34,389.4166,0
2026-07-27 17:55:00,389.2487,389.4988,389.2487,389.4988,0
2026-07-27 17:56:00,389.26,389.46,389.26,389.39,0
2026-07-27 17:57:00,389.32,389.46,389.32,389.46,0
2026-07-27 17:58:00,389.38,389.5,389.38,389.5,0
2026-07-27 17:59:00,389.4412,389.4412,389.29,389.3988,0
2026-07-27 18:00:00,389.45,390.03,389.4,389.7988,0
2026-07-27 18:01:00,389.6,389.6,389.2,389.2125,0
2026-07-27 18:02:00,389.35,389.65,389.2,389.2,0
2026-07-27 18:04:00,389.4612,389.5627,389.2,389.5,0
2026-07-27 18:05:00,389.5,389.5,389.36,389.4,0
2026-07-27 18:06:00,389.7875,389.7875,389.45,389.45,0
2026-07-27 18:07:00,389.575,389.575,389.3,389.4,0
2026-07-27 18:08:00,389.54,389.6,389.23,389.6,0
2026-07-27 18:09:00,389.6,389.6,389.29,389.29,0
2026-07-27 18:10:00,389.4,389.4,389.262,389.29,0
2026-07-27 18:11:00,389.6,389.6,389.29,389.6,0
2026-07-27 18:12:00,389.54,389.6,389.3,389.3,0
2026-07-27 18:13:00,389.58,389.58,389.3,389.49,0
2026-07-27 18:14:00,389.31,389.6,389.29,389.29,0
2026-07-27 18:15:00,389.2,389.35,389.2,389.3,0
2026-07-27 18:16:00,389.24,389.3,389.24,389.3,0
2026-07-27 18:17:00,389.46,389.46,389.25,389.26,0
2026-07-27 18:18:00,389.26,389.405,389.26,389.405,0
2026-07-27 18:19:00,389.43,389.6,389.4,389.6,0
2026-07-27 18:20:00,389.6,389.6,389.42,389.5,0
2026-07-27 18:21:00,389.51,389.56,389.4479,389.4479,0
2026-07-27 18:22:00,389.452,389.58,389.42,389.55,0
2026-07-27 18:23:00,389.5,389.56,389.42,389.4543,0
2026-07-27 18:24:00,389.4399,389.4399,389.42,389.43,0
2026-07-27 18:25:00,389.4418,389.5272,389.42,389.437,0
2026-07-27 18:26:00,389.44,389.5,389.4013,389.4138,0
2026-07-27 18:27:00,389.413,389.6,389.413,389.5,0
2026-07-27 18:28:00,389.595,389.6,389.4,389.46,0
2026-07-27 18:29:00,389.6,389.6,389.4,389.4155,0
2026-07-27 18:30:00,389.4,389.4995,389.4,389.484,0
2026-07-27 18:31:00,389.49,389.5,389.425,389.4876,0
2026-07-27 18:32:00,389.48,389.48,389.45,389.45,0
2026-07-27 18:33:00,389.5,389.5,389.4,389.402,0
2026-07-27 18:34:00,389.46,389.5,389.4,389.4201,0
2026-07-27 18:35:00,389.42,389.5,389.42,389.5,0
2026-07-27 18:36:00,389.4,389.4975,389.4,389.48,0
2026-07-27 18:37:00,389.478,389.478,389.4,389.4,0
2026-07-27 18:38:00,389.4001,389.44,389.4001,389.44,0
2026-07-27 18:39:00,389.44,389.44,389.4062,389.4062,0
2026-07-27 18:40:00,389.4019,389.44,389.4,389.4,0
2026-07-27 18:41:00,389.4,389.44,389.13,389.13,0
2026-07-27 18:42:00,389.21,389.43,389.2,389.3,0
2026-07-27 18:43:00,389.43,389.43,389.2574,389.33,0
2026-07-27 18:44:00,389.2032,389.3267,389.2,389.2991,0
2026-07-27 18:45:00,389.2001,389.23,389.2001,389.23,0
2026-07-27 18:46:00,389.39,389.39,389.2,389.34,0
2026-07-27 18:47:00,389.39,389.39,389.1,389.25,0
2026-07-27 18:48:00,389.3022,389.3022,389.25,389.25,0
2026-07-27 18:49:00,389.3,389.33,389.2,389.33,0
2026-07-27 18:50:00,389.25,389.25,389.0,389.1,0
2026-07-27 18:51:00,389.2437,389.2437,388.8828,388.9764,0
2026-07-27 18:52:00,388.89,389.2689,388.85,389.02,0
2026-07-27 18:53:00,388.99,389.242,388.99,389.242,0
2026-07-27 18:54:00,389.1796,389.2689,389.0,389.0,0
2026-07-27 18:55:00,389.1,389.32,389.1,389.32,0
2026-07-27 18:56:00,389.237,389.32,389.1504,389.25,0
2026-07-27 18:57:00,389.195,389.195,389.0,389.18,0
2026-07-27 18:58:00,389.0,389.2,389.0,389.1641,0
2026-07-27 18:59:00,389.0,389.0,389.0,389.0,0
2026-07-27 19:00:00,389.0,389.195,389.0,389.1646,0
2026-07-27 19:01:00,389.1,389.1,389.023,389.05,0
2026-07-27 19:02:00,388.86,389.02,388.86,388.975,0
2026-07-27 19:03:00,389.0,389.1,388.8562,388.86,0
2026-07-27 19:04:00,388.86,389.112,388.86,388.88,0
2026-07-27 19:05:00,388.85,389.08,388.85,389.05,0
2026-07-27 19:06:00,389.0022,389.2,389.0001,389.1988,0
2026-07-27 19:07:00,389.121,389.18,389.12,389.18,0
2026-07-27 19:08:00,389.0198,389.1462,389.0,389.0284,0
2026-07-27 19:09:00,389.02,389.02,389.02,389.02,0
2026-07-27 19:10:00,389.02,389.0739,389.0052,389.0052,0
2026-07-27 19:11:00,389.0015,389.0232,389.0,389.02,0
2026-07-27 19:12:00,389.02,389.05,388.85,388.86,0
2026-07-27 19:13:00,388.87,388.87,388.86,388.862,0
2026-07-27 19:14:00,388.85,389.02,388.85,389.02,0
2026-07-27 19:15:00,389.02,389.02,388.9775,388.9775,0
2026-07-27 19:16:00,388.86,389.02,388.85,388.8577,0
2026-07-27 19:17:00,388.8916,389.02,388.85,389.02,0
2026-07-27 19:18:00,389.02,389.15,389.02,389.15,0
2026-07-27 19:19:00,389.15,389.15,388.86,388.86,0
2026-07-27 19:20:00,389.2,389.28,389.15,389.21,0
2026-07-27 19:21:00,388.9775,389.3225,388.9687,389.3225,0
2026-07-27 19:22:00,389.34,389.34,389.0,389.0,0
2026-07-27 19:23:00,389.27,389.49,389.27,389.28,0
2026-07-27 19:24:00,389.48,389.58,389.0,389.0,0
2026-07-27 19:25:00,389.38,389.6,389.38,389.55,0
2026-07-27 19:26:00,389.6,389.6,389.1,389.55,0
2026-07-27 19:27:00,389.1697,389.4958,389.1697,389.2665,0
2026-07-27 19:29:00,389.55,389.55,389.4,389.55,0
2026-07-27 19:30:00,389.5488,389.55,389.4006,389.5,0
2026-07-27 19:31:00,389.4783,389.5,389.3,389.39,0
2026-07-27 19:32:00,389.3,389.4,389.3,389.4,0
2026-07-27 19:33:00,389.42,389.6,389.3075,389.49,0
2026-07-27 19:34:00,389.3,389.6,389.3,389.3,0
2026-07-27 19:35:00,389.36,389.5,389.33,389.3925,0
2026-07-27 19:36:00,389.3925,389.49,389.1,389.1,0
2026-07-27 19:37:00,389.4,389.5635,389.4,389.4918,0
2026-07-27 19:38:00,389.21,389.5,389.21,389.2704,0
2026-07-27 19:39:00,389.49,389.49,389.2789,389.4,0
2026-07-27 19:40:00,389.503,389.6,389.3,389.4735,0
2026-07-27 19:41:00,389.36,389.6,389.2295,389.48,0
2026-07-27 19:42:00,389.47,389.6,389.4,389.5875,0
2026-07-27 19:43:00,389.6,389.6,389.1,389.4926,0
2026-07-27 19:44:00,389.48,389.5241,389.3,389.3,0
2026-07-27 19:45:00,389.6,389.6,389.2,389.3,0
2026-07-27 19:46:00,389.49,389.6,389.48,389.48,0
2026-07-27 19:47:00,389.5988,389.6,389.21,389.5458,0
2026-07-27 19:48:00,389.4,389.6,389.25,389.25,0
2026-07-27 19:49:00,389.5151,389.5347,389.25,389.5347,0
2026-07-27 19:50:00,389.75,389.75,389.41,389.41,0
2026-07-27 19:51:00,389.2612,390.0,389.2612,389.97,0
2026-07-27 19:52:00,389.85,390.0,389.25,389.4671,0
2026-07-27 19:53:00,389.25,390.0,389.25,389.25,0
2026-07-27 19:54:00,389.9,390.0,389.9,389.9225,0
2026-07-27 19:55:00,389.75,390.0,389.5697,389.838,0
2026-07-27 19:56:00,389.51,389.8,389.51,389.8,0
2026-07-27 19:57:00,389.67,389.67,389.67,389.67,0
2026-07-27 19:58:00,389.8,389.86,389.5,389.86,0
2026-07-27 19:59:00,389.7,389.8,389.5,389.5,0
2026-07-28 04:00:00,392.0,393.0,389.1,392.0,0
2026-07-28 04:01:00,392.39,393.0,389.41,392.56,0
2026-07-28 04:02:00,392.0235,392.67,392.0235,392.67,0
2026-07-28 04:03:00,392.67,392.8,392.5,392.7079,0
2026-07-28 04:04:00,392.59,392.7488,392.5,392.7488,0
2026-07-28 04:05:00,392.5082,392.7388,392.5,392.72,0
2026-07-28 04:06:00,392.73,392.97,392.62,392.97,0
2026-07-28 04:07:00,392.9725,392.9725,389.53,392.71,0
2026-07-28 04:08:00,392.6197,392.82,392.61,392.66,0
2026-07-28 04:09:00,392.61,392.66,392.5255,392.66,0
2026-07-28 04:10:00,392.6,392.6,392.0,392.0122,0
2026-07-28 04:11:00,392.363,392.363,392.3,392.3,0
2026-07-28 04:12:00,392.339,392.495,392.3,392.3,0
2026-07-28 04:13:00,392.3104,392.44,392.0261,392.44,0
2026-07-28 04:14:00,392.3,392.41,392.0,392.41,0
2026-07-28 04:15:00,392.39,392.42,392.31,392.42,0
2026-07-28 04:16:00,392.42,392.49,392.263,392.4,0
2026-07-28 04:17:00,392.42,392.47,392.0245,392.45,0
2026-07-28 04:18:00,392.4875,392.9,392.4,392.7,0
2026-07-28 04:19:00,392.4575,392.59,392.25,392.25,0
2026-07-28 04:20:00,392.05,392.3,391.97,391.97,0
2026-07-28 04:21:00,391.94,391.94,391.85,391.89,0
2026-07-28 04:22:00,391.89,391.92,391.89,391.91,0
2026-07-28 04:23:00,391.91,391.97,391.52,391.97,0
2026-07-28 04:24:00,391.96,392.3,391.86,392.07,0
2026-07-28 04:25:00,392.24,392.24,391.5012,391.8,0
2026-07-28 04:26:00,391.94,392.3,391.52,391.99,0
2026-07-28 04:27:00,391.93,391.93,391.0,391.36,0
2026-07-28 04:28:00,391.8,391.8,391.142,391.142,0
2026-07-28 04:29:00,391.93,391.99,391.7,391.7,0
2026-07-28 04:30:00,391.9381,392.1426,391.1,391.98,0
2026-07-28 04:31:00,391.9,391.9,391.9,391.9,0
2026-07-28 04:32:00,391.93,391.98,391.93,391.98,0
2026-07-28 04:33:00,391.98,391.98,391.5,391.6376,0
2026-07-28 04:34:00,391.4702,391.9,391.2012,391.9,0
2026-07-28 04:35:00,392.2388,392.2388,391.2,391.2,0
2026-07-28 04:36:00,391.2542,392.0,391.2542,392.0,0
2026-07-28 04:37:00,391.9,392.14,391.87,392.0,0
2026-07-28 04:38:00,392.1651,392.1988,391.64,391.99,0
2026-07-28 04:39:00,392.0,392.12,391.6,391.98,0
2026-07-28 04:40:00,391.98,392.0,391.98,392.0,0
2026-07-28 04:41:00,392.0,392.3,391.5322,392.0,0
2026-07-28 04:42:00,392.0,392.0,392.0,392.0,0
2026-07-28 04:43:00,392.0,392.2988,391.6451,392.2988,0
2026-07-28 04:44:00,391.8,392.2988,391.8,392.2988,0
2026-07-28 04:45:00,392.05,392.12,392.05,392.12,0
2026-07-28 04:46:00,392.2494,392.2725,392.2494,392.2725,0
2026-07-28 04:47:00,392.0,392.27,391.6,392.25,0
2026-07-28 04:49:00,392.25,392.25,392.2,392.2,0
2026-07-28 04:50:00,392.02,392.2988,391.98,392.23,0
2026-07-28 04:51:00,392.0,392.0,391.2512,391.2512,0
2026-07-28 04:52:00,392.0075,392.29,392.0,392.28,0
2026-07-28 04:53:00,392.05,392.2382,392.0,392.2382,0
2026-07-28 04:54:00,392.09,392.17,392.02,392.02,0
2026-07-28 04:55:00,392.22,392.22,392.06,392.06,0
2026-07-28 04:56:00,392.21,392.21,392.14,392.14,0
2026-07-28 04:57:00,392.124,392.14,392.0971,392.12,0
2026-07-28 04:58:00,392.12,392.2635,392.06,392.2635,0
2026-07-28 04:59:00,392.26,392.3,392.17,392.2673,0
2026-07-28 05:00:00,392.27,392.5,392.17,392.32,0
2026-07-28 05:01:00,392.3719,392.6,392.3719,392.4,0
2026-07-28 05:02:00,392.3127,392.42,392.3127,392.42,0
2026-07-28 05:03:00,392.4,392.42,392.3,392.3156,0
2026-07-28 05:04:00,392.3156,392.6,392.3012,392.5,0
2026-07-28 05:05:00,392.4,392.4,392.3,392.3,0
2026-07-28 05:06:00,392.49,392.5,392.37,392.5,0
2026-07-28 05:07:00,392.42,392.69,392.42,392.6,0
2026-07-28 05:08:00,392.6,392.6688,392.55,392.6688,0
2026-07-28 05:09:00,392.55,392.55,392.3,392.3,0
2026-07-28 05:10:00,392.4009,392.55,392.1945,392.2648,0
2026-07-28 05:11:00,392.23,392.2967,392.23,392.2967,0
2026-07-28 05:12:00,392.15,392.19,392.0,392.0065,0
2026-07-28 05:13:00,392.08,392.08,392.08,392.08,0
2026-07-28 05:14:00,392.2,392.3,392.0251,392.3,0
2026-07-28 05:15:00,392.01,392.08,392.01,392.08,0
2026-07-28 05:17:00,392.4,392.5988,392.3,392.43,0
2026-07-28 05:18:00,392.42,392.6,392.42,392.49,0
2026-07-28 05:19:00,392.5988,392.5988,392.3,392.49,0
2026-07-28 05:20:00,392.363,392.4,392.3,392.4,0
2026-07-28 05:21:00,392.31,392.31,392.31,392.31,0
2026-07-28 05:22:00,392.41,392.49,392.41,392.49,0
2026-07-28 05:23:00,392.49,392.49,392.41,392.41,0
2026-07-28 05:24:00,392.49,392.81,392.49,392.81,0
2026-07-28 05:25:00,392.75,392.85,392.43,392.4608,0
2026-07-28 05:26:00,392.68,392.89,392.5076,392.8167,0
2026-07-28 05:27:00,392.7038,392.8739,392.4,392.8,0
2026-07-28 05:28:00,392.8833,392.8833,392.8,392.8,0
2026-07-28 05:29:00,392.6,392.9,392.6,392.8,0
2026-07-28 05:30:00,392.8,392.8,392.57,392.68,0
2026-07-28 05:31:00,392.3125,392.7911,392.3125,392.7911,0
2026-07-28 05:32:00,392.79,392.9708,392.72,392.8,0
2026-07-28 05:33:00,392.8999,392.8999,392.66,392.85,0
2026-07-28 05:34:00,392.87,392.9844,392.7012,392.9844,0
2026-07-28 05:35:00,392.9124,393.0,392.7156,393.0,0
2026-07-28 05:36:00,392.95,392.9925,392.9172,392.9172,0
2026-07-28 05:37:00,392.92,392.9948,392.9,392.9,0
2026-07-28 05:38:00,392.89,392.89,392.5,392.51,0
2026-07-28 05:39:00,392.77,392.82,392.52,392.72,0
2026-07-28 05:40:00,392.54,392.8988,392.44,392.44,0
2026-07-28 05:41:00,392.44,392.8988,392.44,392.8988,0
2026-07-28 05:42:00,392.63,392.84,392.3637,392.571,0
2026-07-28 05:43:00,392.8,392.88,392.7,392.793,0
2026-07-28 05:44:00,392.88,392.88,392.81,392.88,0
2026-07-28 05:45:00,392.77,392.81,392.7,392.7,0
2026-07-28 05:46:00,392.8033,392.8988,392.79,392.79,0
2026-07-28 05:47:00,392.83,392.83,392.79,392.79,0
2026-07-28 05:48:00,392.87,392.88,392.79,392.8073,0
2026-07-28 05:49:00,392.86,392.95,392.85,392.95,0
2026-07-28 05:50:00,392.99,393.3,392.95,393.16,0
2026-07-28 05:51:00,393.21,393.31,393.1,393.31,0
2026-07-28 05:52:00,393.24,393.4988,393.2,393.4988,0
2026-07-28 05:53:00,393.35,393.4,393.35,393.35,0
2026-07-28 05:54:00,393.495,393.4988,393.4,393.4,0
2026-07-28 05:55:00,393.4,393.4,393.11,393.1381,0
2026-07-28 05:56:00,393.14,393.28,393.0092,393.27,0
2026-07-28 05:57:00,393.21,393.2688,393.035,393.17,0
2026-07-28 05:58:00,393.17,393.24,393.06,393.22,0
2026-07-28 05:59:00,393.21,393.23,393.21,393.22,0
2026-07-28 06:00:00,393.14,393.22,392.5312,392.5312,0
2026-07-28 06:01:00,393.0,393.2,393.0,393.0,0
2026-07-28 06:02:00,393.22,393.2512,393.01,393.2,0
2026-07-28 06:03:00,392.75,393.2,392.72,393.1666,0
2026-07-28 06:04:00,393.0,393.1729,392.82,392.82,0
2026-07-28 06:05:00,393.14,393.2,392.5365,393.1,0
2026-07-28 06:06:00,392.8,393.2,392.6,392.83,0
2026-07-28 06:07:00,392.5365,393.2,392.5365,392.86,0
2026-07-28 06:08:00,392.9875,392.9875,392.8,392.8003,0
2026-07-28 06:09:00,392.95,392.97,392.75,392.9,0
2026-07-28 06:10:00,392.94,393.1588,392.94,393.004,0
2026-07-28 06:11:00,392.5512,393.16,392.5512,393.15,0
2026-07-28 06:12:00,393.1386,393.23,393.1386,393.14,0
2026-07-28 06:13:00,393.1975,393.32,393.1,393.28,0
2026-07-28 06:14:00,393.18,393.18,393.1,393.1,0
2026-07-28 06:15:00,393.18,393.4762,393.15,393.15,0
2026-07-28 06:16:00,392.5512,393.5,392.5512,393.3,0
2026-07-28 06:17:00,393.18,393.47,393.18,393.24,0
2026-07-28 06:18:00,393.24,393.45,393.24,393.45,0
2026-07-28 06:19:00,393.45,393.45,392.8339,392.8339,0
2026-07-28 06:20:00,393.2,393.44,392.8334,393.2,0
2026-07-28 06:21:00,393.1,393.229,392.63,392.95,0
2026-07-28 06:22:00,392.95,392.99,392.55,392.99,0
2026-07-28 06:23:00,392.57,392.99,392.57,392.99,0
2026-07-28 06:24:00,392.8078,392.99,392.3757,392.9888,0
2026-07-28 06:25:00,392.99,392.99,392.89,392.9,0
2026-07-28 06:26:00,392.9847,392.9888,392.78,392.78,0
2026-07-28 06:27:00,392.87,393.1,392.8258,393.1,0
2026-07-28 06:28:00,392.966,393.0,392.432,393.0,0
2026-07-28 06:29:00,393.01,393.3,392.91,393.3,0
2026-07-28 06:30:00,393.0702,393.23,392.73,393.03,0
2026-07-28 06:31:00,392.98,393.0696,392.98,393.0696,0
2026-07-28 06:32:00,392.9,393.1988,392.36,392.68,0
2026-07-28 06:33:00,392.7955,392.9593,392.01,392.01,0
2026-07-28 06:34:00,392.43,392.89,392.3,392.79,0
2026-07-28 06:35:00,392.79,392.9988,392.79,392.99,0
2026-07-28 06:36:00,392.68,392.99,392.118,392.77,0
2026-07-28 06:37:00,392.7,393.01,392.7,392.9,0
2026-07-28 06:38:00,392.9,393.2677,392.54,392.54,0
2026-07-28 06:40:00,392.59,392.6,392.43,392.6,0
2026-07-28 06:41:00,392.96,393.1288,392.43,392.89,0
2026-07-28 06:42:00,392.6625,392.99,392.6468,392.98,0
2026-07-28 06:43:00,392.92,393.1161,392.487,392.5,0
2026-07-28 06:44:00,392.94,393.39,392.72,393.1,0
2026-07-28 06:45:00,393.1895,393.34,392.6687,392.85,0
2026-07-28 06:46:00,393.12,393.4,393.0,393.39,0
2026-07-28 06:47:00,393.26,393.39,393.2,393.37,0
2026-07-28 06:48:00,393.3652,393.4,393.1151,393.33,0
2026-07-28 06:49:00,393.33,393.45,393.33,393.45,0
2026-07-28 06:50:00,393.1087,393.3,393.1,393.3,0
2026-07-28 06:51:00,393.3,393.3,393.2074,393.2074,0
2026-07-28 06:52:00,393.3,393.3,392.86,392.86,0
2026-07-28 06:53:00,392.86,392.92,392.66,392.92,0
2026-07-28 06:54:00,392.8,392.9007,392.56,392.72,0
2026-07-28 06:55:00,392.551,392.7,392.551,392.7,0
2026-07-28 06:56:00,392.54,392.7279,392.54,392.6917,0
2026-07-28 06:57:00,392.63,392.68,392.24,392.24,0
2026-07-28 06:58:00,392.25,392.7,392.25,392.5926,0
2026-07-28 06:59:00,392.3,392.6988,392.0272,392.36,0
2026-07-28 07:00:00,392.355,393.3,392.08,393.1,0
2026-07-28 07:01:00,393.0387,393.1,392.7974,393.02,0
2026-07-28 07:02:00,393.02,393.76,393.0,393.5833,0
2026-07-28 07:03:00,393.58,393.75,393.28,393.5494,0
2026-07-28 07:04:00,393.62,393.77,393.4,393.7699,0
2026-07-28 07:05:00,393.4,393.8,393.4,393.694,0
2026-07-28 07:06:00,393.83,393.93,393.2624,393.2624,0
2026-07-28 07:07:00,393.8,393.8,393.13,393.34,0
2026-07-28 07:08:00,393.65,393.78,393.0,393.47,0
2026-07-28 07:09:00,393.4701,393.75,393.26,393.6,0
2026-07-28 07:10:00,393.59,393.6,393.26,393.34,0
2026-07-28 07:11:00,393.321,393.689,393.26,393.5,0
2026-07-28 07:12:00,393.7,393.7,393.51,393.7,0
2026-07-28 07:13:00,393.6988,393.8,393.26,393.8,0
2026-07-28 07:14:00,393.61,393.85,393.4275,393.4329,0
2026-07-28 07:15:00,393.84,394.39,393.41,394.39,0
2026-07-28 07:16:00,393.83,394.38,393.8,394.3705,0
2026-07-28 07:17:00,394.0012,394.37,394.0,394.2962,0
2026-07-28 07:18:00,394.1,394.69,394.0075,394.5,0
2026-07-28 07:19:00,394.09,394.69,394.0,394.4,0
2026-07-28 07:20:00,394.3,394.4,394.0,394.05,0
2026-07-28 07:21:00,393.8,394.04,393.7925,393.85,0
2026-07-28 07:22:00,393.95,394.04,393.64,393.93,0
2026-07-28 07:23:00,393.9208,394.02,393.38,394.0,0
2026-07-28 07:24:00,393.8,394.02,393.66,394.02,0
2026-07-28 07:25:00,393.73,394.02,393.5,394.0,0
2026-07-28 07:26:00,393.74,394.1,393.74,394.07,0
2026-07-28 07:27:00,394.07,394.1,393.74,393.74,0
2026-07-28 07:28:00,393.8675,394.0,393.75,393.7948,0
2026-07-28 07:29:00,394.01,394.4999,393.75,393.75,0
2026-07-28 07:30:00,393.75,394.44,393.75,394.0601,0
2026-07-28 07:31:00,394.16,394.59,394.15,394.59,0
2026-07-28 07:32:00,394.5,394.7988,394.48,394.61,0
2026-07-28 07:33:00,394.6089,394.94,394.15,394.94,0
2026-07-28 07:34:00,394.62,394.95,394.1512,394.95,0
2026-07-28 07:35:00,394.82,394.97,394.6946,394.75,0
2026-07-28 07:36:00,394.7841,395.45,394.7841,395.45,0
2026-07-28 07:37:00,395.2,395.2,394.7,395.0,0
2026-07-28 07:38:00,395.028,395.35,394.6391,395.06,0
2026-07-28 07:39:00,395.1,395.1,394.6,394.6,0
2026-07-28 07:40:00,394.79,394.88,394.6,394.67,0
2026-07-28 07:41:00,394.68,394.68,394.4,394.4,0
2026-07-28 07:42:00,394.5,394.88,394.4,394.57,0
2026-07-28 07:43:00,394.6,395.0,394.4,394.5,0
2026-07-28 07:44:00,394.5,394.7,394.4,394.7,0
2026-07-28 07:45:00,394.4,394.7,394.28,394.45,0
2026-07-28 07:46:00,394.38,394.7,394.15,394.45,0
2026-07-28 07:47:00,394.46,394.49,394.0,394.25,0
2026-07-28 07:48:00,394.0759,394.66,394.0759,394.5887,0
2026-07-28 07:49:00,394.636,394.636,394.2,394.32,0
2026-07-28 07:50:00,394.2,394.3988,394.0208,394.38,0
2026-07-28 07:51:00,394.23,394.4,394.0,394.0,0
2026-07-28 07:52:00,394.2347,394.4,394.0,394.38,0
2026-07-28 07:53:00,394.3922,394.54,394.1385,394.48,0
2026-07-28 07:54:00,394.48,394.48,394.0,394.4,0
2026-07-28 07:55:00,394.22,394.61,394.1929,394.35,0
2026-07-28 07:56:00,394.29,394.6,394.29,394.5,0
2026-07-28 07:57:00,394.35,394.55,394.29,394.3159,0
2026-07-28 07:58:00,394.4,394.49,394.062,394.26,0
2026-07-28 07:59:00,394.4225,394.5947,394.0413,394.4,0
2026-07-28 08:00:00,394.4563,394.8,394.16,394.8,0
2026-07-28 08:01:00,394.52,394.99,394.21,394.75,0
2026-07-28 08:02:00,394.76,394.99,394.29,394.29,0
2026-07-28 08:03:00,394.62,394.99,394.4023,394.6604,0
2026-07-28 08:04:00,394.9,394.99,394.36,394.5,0
2026-07-28 08:05:00,394.87,394.87,394.4,394.5139,0
2026-07-28 08:06:00,394.75,394.87,394.4,394.5471,0
2026-07-28 08:07:00,394.7917,394.88,394.4,394.88,0
2026-07-28 08:08:00,394.85,394.9883,394.7715,394.9212,0
2026-07-28 08:09:00,394.9788,394.9788,394.7,394.8332,0
2026-07-28 08:10:00,394.71,394.86,394.642,394.65,0
2026-07-28 08:11:00,394.8,394.97,394.6848,394.7655,0
2026-07-28 08:12:00,394.97,394.99,394.84,394.97,0
2026-07-28 08:13:00,394.97,395.15,394.85,395.0,0
2026-07-28 08:14:00,395.15,395.27,394.9151,395.2,0
2026-07-28 08:15:00,395.2,395.2675,395.0,395.01,0
2026-07-28 08:16:00,395.1407,395.2,395.0,395.1,0
2026-07-28 08:17:00,395.15,395.2,394.93,395.05,0
2026-07-28 08:18:00,395.05,395.0972,394.85,394.981,0
2026-07-28 08:19:00,395.0079,395.0147,394.85,394.9988,0
2026-07-28 08:20:00,394.8508,395.0,394.85,394.8927,0
2026-07-28 08:21:00,394.95,395.45,394.8512,395.4282,0
2026-07-28 08:22:00,395.4068,395.6,395.01,395.01,0
2026-07-28 08:23:00,395.1402,395.5,395.111,395.4,0
2026-07-28 08:24:00,395.39,395.75,395.0744,395.4,0
2026-07-28 08:25:00,395.76,395.8422,395.54,395.54,0
2026-07-28 08:26:00,395.78,395.78,395.0,395.0,0
2026-07-28 08:27:00,395.243,395.69,395.243,395.4,0
2026-07-28 08:28:00,395.01,395.7,395.0,395.3214,0
2026-07-28 08:29:00,395.18,395.6188,395.0859,395.3,0
2026-07-28 08:30:00,395.59,395.7,395.0869,395.12,0
2026-07-28 08:31:00,395.6,395.7,395.11,395.31,0
2026-07-28 08:32:00,395.4225,395.5,395.0,395.11,0
2026-07-28 08:33:00,395.29,395.49,395.0,395.26,0
2026-07-28 08:34:00,395.12,395.49,395.0,395.49,0
2026-07-28 08:35:00,395.25,395.45,395.0,395.01,0
2026-07-28 08:36:00,395.02,395.39,395.02,395.349,0
2026-07-28 08:37:00,395.36,395.5,395.25,395.48,0
2026-07-28 08:38:00,395.25,395.66,395.05,395.5239,0
2026-07-28 08:39:00,395.57,395.64,395.5,395.57,0
2026-07-28 08:40:00,395.6,395.93,395.5,395.9,0
2026-07-28 08:41:00,395.6,396.1,395.6,396.1,0
2026-07-28 08:42:00,396.0,396.1,395.6,396.0,0
2026-07-28 08:43:00,396.0,396.22,395.9,396.22,0
2026-07-28 08:44:00,396.0,396.28,395.7454,396.2,0
2026-07-28 08:45:00,396.0479,396.19,395.85,395.9,0
2026-07-28 08:46:00,395.89,396.14,395.89,396.1,0
2026-07-28 08:47:00,396.1,396.14,395.75,395.7987,0
2026-07-28 08:48:00,395.7974,401.1,395.28,395.5022,0
2026-07-28 08:49:00,395.3277,395.6425,395.3,395.6425,0
2026-07-28 08:50:00,395.61,395.635,395.366,395.5875,0
2026-07-28 08:51:00,395.5,395.66,395.4182,395.65,0
2026-07-28 08:52:00,395.639,395.6732,395.5,395.6,0
2026-07-28 08:53:00,395.5,395.6,395.35,395.5316,0
2026-07-28 08:54:00,395.6,395.75,395.5103,395.75,0
2026-07-28 08:55:00,395.75,396.0,395.686,395.9791,0
2026-07-28 08:56:00,395.91,395.91,395.6,395.6628,0
2026-07-28 08:57:00,395.75,395.8688,395.6,395.77,0
2026-07-28 08:58:00,395.77,395.87,395.6,395.8559,0
2026-07-28 08:59:00,395.6,395.6,395.35,395.49,0
2026-07-28 09:00:00,395.49,395.49,395.31,395.4,0
2026-07-28 09:01:00,395.31,395.49,395.31,395.49,0
2026-07-28 09:02:00,395.49,395.87,395.41,395.87,0
2026-07-28 09:03:00,395.41,395.85,395.32,395.7,0
2026-07-28 09:04:00,395.8224,395.8224,395.31,395.45,0
2026-07-28 09:05:00,395.42,395.52,395.03,395.52,0
2026-07-28 09:06:00,395.2,395.5,395.08,395.0856,0
2026-07-28 09:07:00,395.25,395.49,395.03,395.05,0
2026-07-28 09:08:00,395.2,395.2,394.6969,394.6969,0
2026-07-28 09:09:00,394.6501,394.99,394.4,394.6377,0
2026-07-28 09:10:00,394.61,394.99,394.5,394.7,0
2026-07-28 09:11:00,394.51,395.2325,394.5,395.0,0
2026-07-28 09:12:00,395.0,395.2,394.8,395.11,0
2026-07-28 09:13:00,395.11,395.19,394.8,394.95,0
2026-07-28 09:14:00,394.92,394.92,394.8,394.83,0
2026-07-28 09:15:00,394.9988,395.0,394.4455,394.95,0
2026-07-28 09:16:00,395.0,395.5,394.5147,395.42,0
2026-07-28 09:17:00,395.5,395.7,395.02,395.39,0
2026-07-28 09:18:00,395.27,395.371,394.87,395.15,0
2026-07-28 09:19:00,394.86,395.4,394.6372,394.6979,0
2026-07-28 09:20:00,394.66,394.976,394.66,394.7736,0
2026-07-28 09:21:00,394.98,394.98,394.7,394.8,0
2026-07-28 09:22:00,394.7286,394.8,394.291,394.4,0
2026-07-28 09:23:00,394.5,394.6,394.25,394.318,0
2026-07-28 09:24:00,394.36,394.57,394.2527,394.57,0
2026-07-28 09:25:00,394.33,394.58,394.02,394.33,0
2026-07-28 09:26:00,394.34,394.6,394.2,394.5,0
2026-07-28 09:27:00,394.49,394.6,392.0,392.27,0
2026-07-28 09:28:00,392.33,392.71,391.39,392.57,0
2026-07-28 09:29:00,392.55,393.91,391.92,393.91,0
2026-07-28 09:30:00,393.16,395.3276,392.1,395.315,1590551
2026-07-28 09:31:00,395.315,396.0,392.705,394.09,219995
2026-07-28 09:32:00,394.255,395.15,393.25,393.65,168485
2026-07-28 09:33:00,393.565,394.92,393.35,394.72,110239
2026-07-28 09:34:00,394.73,396.17,394.555,396.0,199129
2026-07-28 09:35:00,396.1599,397.755,396.08,397.66,198955
2026-07-28 09:36:00,397.66,399.1985,397.24,399.1201,304003
2026-07-28 09:37:00,399.33,400.21,398.18,398.18,495131
2026-07-28 09:38:00,398.1,398.88,397.82,398.025,119574
2026-07-28 09:39:00,397.92,398.51,397.52,398.4,181039
2026-07-28 09:40:00,398.47,398.58,397.45,398.075,211902
2026-07-28 09:41:00,397.98,398.15,396.34,396.4,170106
2026-07-28 09:42:00,396.37,396.57,395.8,396.05,184786
2026-07-28 09:43:00,396.085,396.085,394.69,394.79,132082
2026-07-28 09:44:00,394.71,395.04,394.0,394.415,114353
2026-07-28 09:45:00,394.5,395.08,394.22,394.91,150670
2026-07-28 09:46:00,394.91,394.94,394.3905,394.7725,136636
2026-07-28 09:47:00,394.73,395.0,393.52,393.595,116224
2026-07-28 09:48:00,393.6699,393.6699,392.35,392.49,222665
2026-07-28 09:49:00,392.49,393.09,392.0,392.9733,175507
2026-07-28 09:50:00,392.95,393.9,392.73,392.7514,195032
2026-07-28 09:51:00,392.85,393.7799,392.7512,393.7799,120776
2026-07-28 09:52:00,393.77,394.54,393.5,393.99,186184
2026-07-28 09:53:00,394.01,394.01,392.73,392.995,115364
2026-07-28 09:54:00,392.92,393.17,391.83,391.92,104547
2026-07-28 09:55:00,391.92,392.105,391.33,391.405,126292
2026-07-28 09:56:00,391.36,392.48,391.3,392.335,87602
2026-07-28 09:57:00,392.3001,392.3599,391.57,392.09,52634
2026-07-28 09:58:00,392.085,392.66,391.9952,392.335,91459
2026-07-28 09:59:00,392.33,392.5355,392.09,392.36,84580
2026-07-28 10:00:00,392.42,393.19,392.315,392.88,73909
2026-07-28 10:01:00,392.84,393.14,392.3,392.31,63342
2026-07-28 10:02:00,392.34,392.69,392.2,392.32,77148
2026-07-28 10:03:00,392.36,392.86,392.28,392.49,68867
2026-07-28 10:04:00,392.49,393.0,392.43,392.7625,79290
2026-07-28 10:05:00,392.76,393.52,392.6972,393.42,58079
2026-07-28 10:06:00,393.33,393.995,393.0001,393.92,112778
2026-07-28 10:07:00,393.92,394.0,393.65,393.81,81533
2026-07-28 10:08:00,393.7184,394.4,393.5,394.3,110052
2026-07-28 10:09:00,394.33,394.33,393.7501,393.91,76861
2026-07-28 10:10:00,393.9,394.4,393.9,394.03,119109
2026-07-28 10:11:00,393.94,393.94,393.39,393.72,81730
2026-07-28 10:12:00,393.77,394.0811,393.61,393.73,48268
2026-07-28 10:13:00,393.725,394.45,393.5,394.025,106699
2026-07-28 10:14:00,393.97,394.4,393.9,394.21,68444
2026-07-28 10:15:00,394.27,394.64,394.1,394.64,79560
2026-07-28 10:16:00,394.66,395.56,394.53,395.365,162781
2026-07-28 10:17:00,395.36,396.09,395.28,396.09,139446
2026-07-28 10:18:00,396.09,396.79,396.055,396.545,112843
2026-07-28 10:19:00,396.54,397.06,396.51,396.635,112758
2026-07-28 10:20:00,396.6,397.16,396.5799,396.975,89799
2026-07-28 10:21:00,396.975,397.05,396.24,396.39,167791
2026-07-28 10:22:00,396.4,396.4,395.01,395.46,94994
2026-07-28 10:23:00,395.42,396.62,395.36,396.6,84235
2026-07-28 10:24:00,396.63,396.83,395.82,396.035,81223
2026-07-28 10:25:00,396.03,396.32,395.97,396.23,62532
2026-07-28 10:26:00,396.23,396.5,396.1,396.37,104668
2026-07-28 10:27:00,396.3699,396.44,395.66,395.8,70956
2026-07-28 10:28:00,395.815,395.97,395.14,395.14,78370
2026-07-28 10:29:00,395.13,395.63,395.125,395.515,53744
2026-07-28 10:30:00,395.51,395.65,395.01,395.35,44852
2026-07-28 10:31:00,395.39,395.47,394.97,395.43,68771
2026-07-28 10:32:00,395.39,395.42,394.9,395.19,74656
2026-07-28 10:33:00,395.16,395.38,395.1001,395.33,46566
2026-07-28 10:34:00,395.33,395.77,395.26,395.5,56809
2026-07-28 10:35:00,395.53,395.58,395.18,395.47,47652
2026-07-28 10:36:00,395.475,395.7,395.26,395.655,56477
2026-07-28 10:37:00,395.68,395.82,395.35,395.35,38834
2026-07-28 10:38:00,395.345,395.45,395.04,395.43,48266
2026-07-28 10:39:00,395.43,395.448,394.72,395.025,63960
2026-07-28 10:40:00,395.0,395.46,394.97,395.385,52664
2026-07-28 10:41:00,395.42,395.63,395.35,395.59,51764
2026-07-28 10:42:00,395.59,396.24,395.48,396.205,68516
2026-07-28 10:43:00,396.215,396.36,395.91,396.2633,61255
2026-07-28 10:44:00,396.29,396.76,395.97,396.6,77105
2026-07-28 10:45:00,396.64,397.03,396.48,396.63,108379
2026-07-28 10:46:00,396.5935,397.1,396.55,397.1,53729
2026-07-28 10:47:00,397.075,397.31,396.72,397.27,58840
2026-07-28 10:48:00,397.27,397.625,397.215,397.535,78000
2026-07-28 10:49:00,397.56,397.68,397.2,397.41,74460
2026-07-28 10:50:00,397.42,397.69,397.3198,397.6,58297
2026-07-28 10:51:00,397.625,397.66,396.64,396.8,109473
2026-07-28 10:52:00,396.795,396.89,396.385,396.545,60374
2026-07-28 10:53:00,396.545,396.57,396.065,396.175,52139
2026-07-28 10:54:00,396.26,396.51,396.24,396.27,37877
2026-07-28 10:55:00,396.23,396.54,396.1,396.465,47064
2026-07-28 10:56:00,396.5,396.67,396.23,396.23,44144
2026-07-28 10:57:00,396.195,396.75,396.1401,396.68,52951
2026-07-28 10:58:00,396.64,396.73,396.285,396.51,33811
2026-07-28 10:59:00,396.5099,396.5899,396.3675,396.52,41969
2026-07-28 11:00:00,396.56,397.11,396.43,397.11,69332
2026-07-28 11:01:00,397.045,397.39,396.81,396.93,87715
2026-07-28 11:02:00,396.935,397.0,396.2,396.44,33817
2026-07-28 11:03:00,396.44,396.5799,396.08,396.225,33510
2026-07-28 11:04:00,396.26,396.31,395.9,396.03,60756
2026-07-28 11:05:00,396.0244,396.36,396.0,396.245,47534
2026-07-28 11:06:00,396.28,396.75,396.27,396.695,42668
2026-07-28 11:07:00,396.72,396.77,396.39,396.61,39995
2026-07-28 11:08:00,396.58,396.68,396.33,396.46,29886
2026-07-28 11:09:00,396.46,397.19,396.4172,397.165,75683
2026-07-28 11:10:00,397.155,397.6,397.07,397.125,52325
2026-07-28 11:11:00,397.125,397.38,396.9301,397.335,61358
2026-07-28 11:12:00,397.36,398.04,397.205,397.9002,85524
2026-07-28 11:13:00,397.87,397.91,397.55,397.82,55227
2026-07-28 11:14:00,397.805,398.12,397.7,398.0,70564
2026-07-28 11:15:00,398.0,398.12,397.81,398.115,49780
2026-07-28 11:16:00,398.14,398.43,398.06,398.33,65529
2026-07-28 11:17:00,398.26,398.58,398.15,398.49,45469
2026-07-28 11:18:00,398.4976,399.3,398.36,399.235,103172
2026-07-28 11:19:00,399.235,399.2897,398.97,399.06,57573
2026-07-28 11:20:00,399.0688,399.37,399.03,399.23,75895
2026-07-28 11:21:00,399.215,399.33,399.04,399.29,49696
2026-07-28 11:22:00,399.36,399.5899,399.28,399.355,52053
2026-07-28 11:23:00,399.38,399.77,399.335,399.66,169135
2026-07-28 11:24:00,399.66,399.82,399.35,399.51,64384
2026-07-28 11:25:00,399.465,399.58,399.34,399.55,100113
2026-07-28 11:26:00,399.54,399.93,399.54,399.9209,51307
2026-07-28 11:27:00,399.9,400.09,399.88,400.04,216074
2026-07-28 11:28:00,400.04,400.165,399.841,399.965,64944
2026-07-28 11:29:00,399.94,400.04,399.8025,399.96,58443
2026-07-28 11:30:00,399.96,400.32,399.9,400.04,65155
2026-07-28 11:31:00,400.1037,400.15,399.99,400.06,50374
2026-07-28 11:32:00,400.06,400.0899,399.6,399.645,64383
2026-07-28 11:33:00,399.635,399.7186,399.1651,399.45,74184
2026-07-28 11:34:00,399.45,399.49,399.19,399.465,52368
2026-07-28 11:35:00,399.465,399.7801,399.37,399.78,90532
2026-07-28 11:36:00,399.77,399.8625,399.61,399.62,67166
2026-07-28 11:37:00,399.66,399.87,399.5701,399.84,53679
2026-07-28 11:38:00,399.855,399.855,399.32,399.3695,70172
2026-07-28 11:39:00,399.3499,399.3499,398.86,398.895,31166
2026-07-28 11:40:00,398.924,399.3,398.79,399.19,48251
2026-07-28 11:41:00,399.27,399.49,399.04,399.19,52688
2026-07-28 11:42:00,399.17,399.2,398.95,399.065,32963
2026-07-28 11:43:00,399.065,399.065,398.7301,398.92,41340
2026-07-28 11:44:00,398.895,399.0325,398.7,398.86,41861
2026-07-28 11:45:00,398.86,398.9,398.39,398.39,29537
2026-07-28 11:46:00,398.35,398.4,397.89,397.98,37645
2026-07-28 11:47:00,398.0,398.0,397.53,397.69,43128
2026-07-28 11:48:00,397.67,397.71,397.4,397.49,58090
2026-07-28 11:49:00,397.4791,397.49,397.0732,397.21,28673
2026-07-28 11:50:00,397.24,397.47,397.0,397.14,67423
2026-07-28 11:51:00,397.14,397.44,397.0901,397.4,42847
2026-07-28 11:52:00,397.4,397.6,397.3,397.56,49797
2026-07-28 11:53:00,397.56,397.65,397.31,397.62,36033
2026-07-28 11:54:00,397.62,397.78,397.55,397.6885,38615
2026-07-28 11:55:00,397.68,397.72,397.44,397.44,23079
2026-07-28 11:56:00,397.445,397.66,397.35,397.615,32108
2026-07-28 11:57:00,397.61,397.7499,397.48,397.645,25790
2026-07-28 11:58:00,397.63,397.9,397.48,397.77,75889
2026-07-28 11:59:00,397.77,397.928,397.76,397.855,41918
2026-07-28 12:00:00,397.855,397.875,397.35,397.43,62718
2026-07-28 12:01:00,397.43,397.53,397.1,397.13,64393
2026-07-28 12:02:00,397.11,397.15,396.6,396.6,30814
2026-07-28 12:03:00,396.6594,396.8,396.42,396.61,57417
2026-07-28 12:04:00,396.62,396.6499,396.22,396.39,54940
2026-07-28 12:05:00,396.35,396.37,396.12,396.21,48940
2026-07-28 12:06:00,396.23,396.53,396.16,396.475,47032
2026-07-28 12:07:00,396.475,396.49,396.24,396.38,39340
2026-07-28 12:08:00,396.36,396.8739,396.26,396.83,66815
2026-07-28 12:09:00,396.84,396.96,396.77,396.952,49639
2026-07-28 12:10:00,396.945,397.01,396.8,396.8901,51438
2026-07-28 12:11:00,396.89,397.68,396.87,397.315,78206
2026-07-28 12:12:00,397.33,397.79,397.17,397.77,72703
2026-07-28 12:13:00,397.77,397.88,397.36,397.41,28807
2026-07-28 12:14:00,397.385,397.65,397.385,397.62,28244
2026-07-28 12:15:00,397.62,398.12,397.6001,398.05,47682
2026-07-28 12:16:00,398.065,398.38,398.01,398.26,46716
2026-07-28 12:17:00,398.25,398.37,398.2,398.28,289375
2026-07-28 12:18:00,398.28,398.3599,398.21,398.27,34365
2026-07-28 12:19:00,398.27,398.7899,398.22,398.76,47449
2026-07-28 12:20:00,398.775,398.86,398.64,398.66,47388
2026-07-28 12:21:00,398.66,398.82,398.61,398.63,36700
2026-07-28 12:22:00,398.655,398.85,398.465,398.465,42019
2026-07-28 12:23:00,398.44,398.47,398.1201,398.32,44575
2026-07-28 12:24:00,398.34,398.36,398.11,398.32,29756
2026-07-28 12:25:00,398.3485,398.51,398.27,398.5,29347
2026-07-28 12:26:00,398.5,398.51,398.39,398.45,27682
2026-07-28 12:27:00,398.45,398.52,398.26,398.2701,52523
2026-07-28 12:28:00,398.35,398.48,398.2201,398.385,31059
2026-07-28 12:29:00,398.385,398.41,398.04,398.11,25502
2026-07-28 12:30:00,398.1,398.3999,398.07,398.3999,37069
2026-07-28 12:31:00,398.37,398.414,398.06,398.25,40341
2026-07-28 12:32:00,398.2,398.38,398.19,398.31,17887
2026-07-28 12:33:00,398.3071,398.52,398.17,398.17,27775
2026-07-28 12:34:00,398.17,398.21,398.07,398.1,15295
2026-07-28 12:35:00,398.1254,398.2499,398.05,398.17,25740
2026-07-28 12:36:00,398.24,398.32,398.16,398.22,31455
2026-07-28 12:37:00,398.18,398.23,398.11,398.1401,13929
2026-07-28 12:38:00,398.18,398.6199,398.18,398.61,36045
2026-07-28 12:39:00,398.54,398.58,398.42,398.52,18359
2026-07-28 12:40:00,398.52,398.58,398.21,398.25,25304
2026-07-28 12:41:00,398.25,398.35,398.19,398.325,17669
2026-07-28 12:42:00,398.35,398.4073,398.28,398.35,26199
2026-07-28 12:43:00,398.34,398.57,398.29,398.545,29514
2026-07-28 12:44:00,398.55,398.62,398.41,398.45,36919
2026-07-28 12:45:00,398.445,398.49,398.17,398.195,233194
2026-07-28 12:46:00,398.27,398.48,398.02,398.085,130110
2026-07-28 12:47:00,398.08,398.21,398.05,398.18,19666
2026-07-28 12:48:00,398.18,398.42,398.18,398.42,23627
2026-07-28 12:49:00,398.414,398.46,398.33,398.43,16508
2026-07-28 12:50:00,398.43,398.66,398.39,398.63,35768
2026-07-28 12:51:00,398.5801,398.7498,398.55,398.67,19440
2026-07-28 12:52:00,398.62,398.79,398.5602,398.76,17782
2026-07-28 12:53:00,398.77,398.83,398.59,398.65,29003
2026-07-28 12:54:00,398.66,398.71,398.58,398.665,24955
2026-07-28 12:55:00,398.65,398.67,398.42,398.5801,22435
2026-07-28 12:56:00,398.58,398.68,398.48,398.665,19115
2026-07-28 12:57:00,398.64,398.73,398.59,398.68,17954
2026-07-28 12:58:00,398.72,398.75,398.61,398.62,12327
2026-07-28 12:59:00,398.615,398.92,398.59,398.87,28244
2026-07-28 13:00:00,398.84,398.91,398.75,398.75,19584
2026-07-28 13:01:00,398.75,398.78,398.5201,398.555,22472
2026-07-28 13:02:00,398.555,398.6,398.24,398.465,30270
2026-07-28 13:03:00,398.49,398.49,398.375,398.4501,18658
2026-07-28 13:04:00,398.4783,398.56,398.38,398.402,17077
2026-07-28 13:05:00,398.42,398.66,398.34,398.62,23774
2026-07-28 13:06:00,398.6148,398.78,398.36,398.4219,26422
2026-07-28 13:07:00,398.46,398.48,398.27,398.46,17248
2026-07-28 13:08:00,398.48,398.48,398.216,398.25,25942
2026-07-28 13:09:00,398.245,398.245,398.09,398.17,51167
2026-07-28 13:10:00,398.18,398.18,397.97,398.175,37319
2026-07-28 13:11:00,398.16,398.3,398.16,398.3,17937
2026-07-28 13:12:00,398.26,398.29,397.95,397.95,22607
2026-07-28 13:13:00,397.95,398.12,397.83,397.9,32608
2026-07-28 13:14:00,397.895,397.895,397.71,397.87,23412
2026-07-28 13:15:00,397.87,398.06,397.7801,398.005,19212
2026-07-28 13:16:00,398.01,398.04,397.84,397.88,23543
2026-07-28 13:17:00,397.89,397.91,397.535,397.6,20247
2026-07-28 13:18:00,397.63,397.74,397.59,397.6,17730
2026-07-28 13:19:00,397.6,397.73,397.49,397.73,19037
2026-07-28 13:20:00,397.72,398.23,397.6401,398.13,67881
2026-07-28 13:21:00,398.125,398.26,397.95,397.95,26602
2026-07-28 13:22:00,397.96,398.02,397.7706,397.905,26525
2026-07-28 13:23:00,397.9,398.16,397.9,398.125,25201
2026-07-28 13:24:00,398.1207,398.25,398.02,398.05,24336
2026-07-28 13:25:00,398.02,398.0896,397.84,398.02,29419
2026-07-28 13:26:00,398.0075,398.0075,397.7801,397.825,14849
2026-07-28 13:27:00,397.87,398.24,397.87,398.14,30329
2026-07-28 13:28:00,398.11,398.27,398.11,398.125,20568
2026-07-28 13:29:00,398.15,398.15,398.06,398.07,15155
2026-07-28 13:30:00,398.09,398.14,397.84,397.955,22894
2026-07-28 13:31:00,397.9201,398.15,397.92,398.09,22867
2026-07-28 13:32:00,398.09,398.1283,398.0,398.03,28210
2026-07-28 13:33:00,398.06,398.46,398.06,398.46,28178
2026-07-28 13:34:00,398.4447,398.86,398.4447,398.8118,35814
2026-07-28 13:35:00,398.8,399.01,398.79,398.965,540537
2026-07-28 13:36:00,398.965,399.25,398.9601,399.215,42201
2026-07-28 13:37:00,399.2217,399.365,399.13,399.24,32899
2026-07-28 13:38:00,399.24,399.35,399.135,399.27,28958
2026-07-28 13:39:00,399.24,399.3,399.05,399.11,35371
2026-07-28 13:40:00,399.11,399.44,399.0801,399.41,62844
2026-07-28 13:41:00,399.435,399.46,398.9201,399.015,35788
2026-07-28 13:42:00,399.04,399.045,398.755,398.81,17986
2026-07-28 13:43:00,398.77,398.84,398.6501,398.79,18626
2026-07-28 13:44:00,398.79,398.98,398.79,398.98,19103
2026-07-28 13:45:00,398.99,399.149,398.7932,398.94,34700
2026-07-28 13:46:00,398.9,399.03,398.87,399.03,16107
2026-07-28 13:47:00,399.04,399.28,398.9301,399.11,36154
2026-07-28 13:48:00,399.07,399.54,399.07,399.495,49282
2026-07-28 13:49:00,399.46,399.48,399.23,399.265,23603
2026-07-28 13:50:00,399.28,399.28,399.03,399.13,38101
2026-07-28 13:51:00,399.1,399.19,398.98,399.1601,26215
2026-07-28 13:52:00,399.13,399.28,399.045,399.045,26400
2026-07-28 13:53:00,399.09,399.09,398.9741,399.05,19889
2026-07-28 13:54:00,399.07,399.1501,398.8501,398.91,28054
2026-07-28 13:55:00,398.92,399.05,398.85,398.965,28906
2026-07-28 13:56:00,398.945,399.23,398.88,399.21,23887
2026-07-28 13:57:00,399.2,399.3,399.1381,399.22,32913
2026-07-28 13:58:00,399.22,399.24,399.15,399.22,21948
2026-07-28 13:59:00,399.24,399.3,399.1401,399.1401,25496
2026-07-28 14:00:00,399.155,399.22,398.96,399.12,37916
2026-07-28 14:01:00,399.13,399.16,398.79,398.8,37020
2026-07-28 14:02:00,398.77,398.82,398.4058,398.4058,44113
2026-07-28 14:03:00,398.45,398.45,398.1301,398.2,34673
2026-07-28 14:04:00,398.23,398.45,398.14,398.375,33811
2026-07-28 14:05:00,398.34,398.365,397.8084,397.89,39980
2026-07-28 14:06:00,397.885,397.92,397.52,397.5901,26925
2026-07-28 14:07:00,397.63,397.85,397.47,397.5299,32881
2026-07-28 14:08:00,397.53,397.68,397.47,397.48,18843
2026-07-28 14:09:00,397.5101,397.52,397.34,397.45,33844
2026-07-28 14:10:00,397.445,397.52,397.26,397.3351,20447
2026-07-28 14:11:00,397.335,397.4,397.17,397.2,22715
2026-07-28 14:12:00,397.18,397.3,397.09,397.26,37434
2026-07-28 14:13:00,397.26,397.35,397.14,397.22,33994
2026-07-28 14:14:00,397.265,397.44,397.22,397.37,27169
2026-07-28 14:15:00,397.4,397.66,397.38,397.6,52039
2026-07-28 14:16:00,397.58,397.6,397.1727,397.23,30163
2026-07-28 14:17:00,397.225,397.25,396.95,397.04,30512
2026-07-28 14:18:00,397.08,397.24,397.025,397.24,27314
2026-07-28 14:19:00,397.23,397.29,397.13,397.21,27308
2026-07-28 14:20:00,397.22,397.62,397.19,397.59,77622
2026-07-28 14:21:00,397.55,397.64,397.49,397.55,28372
2026-07-28 14:22:00,397.51,397.75,397.4701,397.685,29933
2026-07-28 14:23:00,397.73,397.76,397.54,397.605,26643
2026-07-28 14:24:00,397.605,397.605,397.4,397.4699,34631
2026-07-28 14:25:00,397.4,397.5,397.3,397.45,43632
2026-07-28 14:26:00,397.455,397.61,397.33,397.48,33600
2026-07-28 14:27:00,397.48,397.505,397.35,397.43,27246
2026-07-28 14:28:00,397.43,397.61,397.32,397.35,26676
2026-07-28 14:29:00,397.3501,397.58,397.3501,397.53,32070
2026-07-28 14:30:00,397.51,397.62,397.45,397.5,69107
2026-07-28 14:31:00,397.5,397.55,397.13,397.19,44986
2026-07-28 14:32:00,397.19,397.34,397.04,397.255,44514
2026-07-28 14:33:00,397.29,397.56,397.28,397.515,18689
2026-07-28 14:34:00,397.515,397.63,397.46,397.595,30048
2026-07-28 14:35:00,397.595,397.62,397.22,397.26,57508
2026-07-28 14:36:00,397.26,397.28,397.105,397.24,19484
2026-07-28 14:37:00,397.23,397.36,397.2101,397.245,23876
2026-07-28 14:38:00,397.23,397.34,397.23,397.295,25000
2026-07-28 14:39:00,397.2925,397.295,397.14,397.195,22718
2026-07-28 14:40:00,397.18,397.405,397.16,397.28,670129
2026-07-28 14:41:00,397.25,397.48,397.22,397.34,25074
2026-07-28 14:42:00,397.27,397.4199,397.24,397.36,20096
2026-07-28 14:43:00,397.39,397.57,397.39,397.45,24889
2026-07-28 14:44:00,397.41,397.45,397.2,397.235,14933
2026-07-28 14:45:00,397.3,397.58,397.26,397.57,22042
2026-07-28 14:46:00,397.59,397.92,397.5601,397.895,42306
2026-07-28 14:47:00,397.8701,398.0,397.74,397.83,32954
2026-07-28 14:48:00,397.795,397.8228,397.58,397.6043,29752
2026-07-28 14:49:00,397.595,397.64,397.53,397.58,20774
2026-07-28 14:50:00,397.585,397.64,397.52,397.52,24450
2026-07-28 14:51:00,397.55,397.5693,397.08,397.13,65326
2026-07-28 14:52:00,397.13,397.27,397.085,397.085,40327
2026-07-28 14:53:00,397.12,397.24,397.085,397.24,33334
2026-07-28 14:54:00,397.23,397.27,396.98,397.1001,50936
2026-07-28 14:55:00,397.08,397.1799,396.92,396.99,34981
2026-07-28 14:56:00,396.985,397.01,396.7575,396.82,34931
2026-07-28 14:57:00,396.83,396.88,396.7,396.87,24205
2026-07-28 14:58:00,396.88,396.9527,396.7,396.78,33900
2026-07-28 14:59:00,396.78,396.99,396.7401,396.96,29750
2026-07-28 15:00:00,396.96,397.14,396.7401,396.84,195376
2026-07-28 15:01:00,396.81,396.84,396.5,396.545,34539
2026-07-28 15:02:00,396.55,396.564,396.33,396.48,33204
2026-07-28 15:03:00,396.48,396.5,396.18,396.39,94008
2026-07-28 15:04:00,396.395,396.42,396.2001,396.27,36758
2026-07-28 15:05:00,396.245,396.73,396.17,396.275,139533
2026-07-28 15:06:00,396.275,396.31,395.71,395.71,57128
2026-07-28 15:07:00,395.76,395.77,395.53,395.545,43831
2026-07-28 15:08:00,395.545,395.62,395.125,395.195,51976
2026-07-28 15:09:00,395.1901,395.42,395.1401,395.34,43759
2026-07-28 15:10:00,395.36,395.48,394.86,394.91,53878
2026-07-28 15:11:00,394.94,395.04,394.865,394.96,37637
2026-07-28 15:12:00,395.0,395.0,394.81,394.96,22687
2026-07-28 15:13:00,394.915,394.97,394.47,394.495,111330
2026-07-28 15:14:00,394.46,394.53,394.24,394.27,66104
2026-07-28 15:15:00,394.23,394.38,394.15,394.2799,69859
2026-07-28 15:16:00,394.22,394.52,394.04,394.4,111621
2026-07-28 15:17:00,394.44,394.49,394.33,394.37,41073
2026-07-28 15:18:00,394.335,394.49,394.29,394.48,24946
2026-07-28 15:19:00,394.49,394.56,393.9,393.95,54273
2026-07-28 15:20:00,393.95,393.95,393.4304,393.485,52525
2026-07-28 15:21:00,393.5,393.7199,393.42,393.605,35453
2026-07-28 15:22:00,393.58,393.6256,393.13,393.345,61862
2026-07-28 15:23:00,393.345,393.42,393.01,393.08,30769
2026-07-28 15:24:00,393.1,393.2,392.9138,393.0,43946
2026-07-28 15:25:00,393.0134,393.075,392.881,393.0,59475
2026-07-28 15:26:00,392.965,392.9926,392.61,392.84,48369
2026-07-28 15:27:00,392.83,393.08,392.6,392.81,42405
2026-07-28 15:28:00,392.8262,393.035,392.641,393.035,53171
2026-07-28 15:29:00,393.035,393.0599,392.8,392.87,38515
2026-07-28 15:30:00,392.83,393.17,392.735,392.97,72089
2026-07-28 15:31:00,392.9201,392.97,392.67,392.9,62962
2026-07-28 15:32:00,392.9,392.99,392.79,392.96,48912
2026-07-28 15:33:00,392.985,393.0,392.6505,392.6505,53942
2026-07-28 15:34:00,392.67,392.837,392.58,392.72,58207
2026-07-28 15:35:00,392.735,392.85,392.416,392.475,47710
2026-07-28 15:36:00,392.485,392.55,392.37,392.5,52834
2026-07-28 15:37:00,392.48,392.86,392.47,392.835,61681
2026-07-28 15:38:00,392.835,393.16,392.77,393.1583,60616
2026-07-28 15:39:00,393.125,393.31,393.02,393.29,63805
2026-07-28 15:40:00,393.3,393.43,393.15,393.245,85846
2026-07-28 15:41:00,393.25,393.3,393.04,393.21,68602
2026-07-28 15:42:00,393.19,393.4499,393.1616,393.24,43813
2026-07-28 15:43:00,393.2072,393.4699,393.2072,393.3,37319
2026-07-28 15:44:00,393.3,393.33,392.91,393.04,54953
2026-07-28 15:45:00,393.0552,393.24,393.0,393.115,62067
2026-07-28 15:46:00,393.11,393.12,392.96,393.12,66741
2026-07-28 15:47:00,393.11,393.4,393.02,393.355,44031
2026-07-28 15:48:00,393.355,393.37,393.12,393.23,60677
2026-07-28 15:49:00,393.23,393.38,393.06,393.26,54729
2026-07-28 15:50:00,393.25,393.265,392.799,393.19,72485
2026-07-28 15:51:00,393.16,393.44,393.16,393.34,65581
2026-07-28 15:52:00,393.32,393.51,393.32,393.415,74918
2026-07-28 15:53:00,393.43,393.44,393.21,393.23,70062
2026-07-28 15:54:00,393.27,393.82,393.16,393.38,176095
2026-07-28 15:55:00,393.37,393.435,392.52,393.39,250045
2026-07-28 15:56:00,393.39,393.59,393.28,393.55,153362
2026-07-28 15:57:00,393.54,393.65,393.325,393.38,182187
2026-07-28 15:58:00,393.36,393.77,393.33,393.585,292296
2026-07-28 15:59:00,393.59,393.595,393.32,393.47,753391
2026-07-28 16:00:00,393.46,393.46,392.5,393.2395,40493
2026-07-28 16:01:00,393.22,393.2644,393.0,393.0699,0
2026-07-28 16:02:00,393.22,393.35,392.8077,393.06,0
2026-07-28 16:03:00,393.06,393.2395,392.9,393.0591,0
2026-07-28 16:04:00,393.0,393.35,392.9,392.9002,0
2026-07-28 16:05:00,392.9097,393.06,392.82,393.03,0
2026-07-28 16:06:00,393.0299,393.03,392.5,392.5,0
2026-07-28 16:07:00,392.77,392.8423,392.5,392.63,0
2026-07-28 16:08:00,392.75,393.35,392.5,392.9249,0
2026-07-28 16:09:00,392.939,393.03,392.75,393.03,0
2026-07-28 16:10:00,393.03,393.35,393.0007,393.35,0
2026-07-28 16:11:00,393.35,394.0,393.2687,393.8,0
2026-07-28 16:12:00,393.9802,393.9802,393.5,393.6614,0
2026-07-28 16:13:00,393.75,393.87,393.5387,393.626,0
2026-07-28 16:14:00,393.6638,393.75,393.5,393.7107,0
2026-07-28 16:15:00,393.35,393.9,393.35,393.65,0
2026-07-28 16:16:00,393.8905,393.9,393.52,393.8037,0
2026-07-28 16:17:00,393.82,393.99,393.35,393.92,0
2026-07-28 16:18:00,393.9609,394.03,393.7872,394.03,0
2026-07-28 16:19:00,394.1132,394.12,393.75,393.85,0
2026-07-28 16:20:00,393.35,393.85,393.35,393.75,0
2026-07-28 16:21:00,393.8345,393.85,393.527,393.77,0
2026-07-28 16:22:00,393.78,393.85,393.6,393.74,0
2026-07-28 16:23:00,393.5711,393.85,393.52,393.5758,0
2026-07-28 16:24:00,393.6139,393.85,393.52,393.6665,0
2026-07-28 16:25:00,393.6393,393.79,393.5,393.5,0
2026-07-28 16:26:00,393.41,393.82,393.3612,393.3612,0
2026-07-28 16:27:00,393.54,393.8,393.35,393.35,0
2026-07-28 16:28:00,393.5,393.8,393.5,393.5738,0
2026-07-28 16:29:00,393.6,393.79,393.5,393.7451,0
2026-07-28 16:30:00,393.69,393.79,393.5281,393.79,0
2026-07-28 16:31:00,393.6717,393.75,393.65,393.674,0
2026-07-28 16:32:00,393.6513,393.75,393.6513,393.7,0
2026-07-28 16:33:00,393.7377,394.31,393.6602,394.06,0
2026-07-28 16:34:00,394.49,394.5197,393.66,393.83,0
2026-07-28 16:35:00,393.88,393.9937,393.88,393.9016,0
2026-07-28 16:36:00,393.9694,393.97,393.7555,393.9255,0
2026-07-28 16:37:00,393.89,394.02,393.75,393.85,0
2026-07-28 16:38:00,393.8676,393.88,393.8,393.8,0
2026-07-28 16:39:00,393.6655,394.14,393.6655,393.8962,0
2026-07-28 16:40:00,393.7504,393.9,393.75,393.8996,0
2026-07-28 16:41:00,393.8632,393.9,393.7501,393.83,0
2026-07-28 16:42:00,393.75,393.83,393.7,393.8,0
2026-07-28 16:43:00,393.8,393.9,393.7,393.78,0
2026-07-28 16:44:00,393.7,393.88,393.7,393.82,0
2026-07-28 16:45:00,393.8523,393.8993,393.8523,393.88,0
2026-07-28 16:46:00,393.35,394.5,393.35,393.9739,0
2026-07-28 16:47:00,393.91,394.0,384.2519,393.9735,0
2026-07-28 16:48:00,393.9949,393.9962,393.9577,393.97,0
2026-07-28 16:49:00,393.95,410.0051,393.72,393.81,0
2026-07-28 16:50:00,393.99,394.0,393.75,393.9446,0
2026-07-28 16:51:00,393.83,394.0,393.65,393.75,0
2026-07-28 16:52:00,393.75,394.0611,377.8651,393.745,0
2026-07-28 16:53:00,393.9035,393.9035,393.6565,393.74,0
2026-07-28 16:54:00,393.7,393.91,393.7,393.8775,0
2026-07-28 16:55:00,393.7202,393.91,393.7,393.9,0
2026-07-28 16:56:00,393.879,403.6284,393.71,393.73,0
2026-07-28 16:57:00,393.9088,393.91,393.702,393.74,0
2026-07-28 16:58:00,393.74,393.78,377.8651,393.78,0
2026-07-28 16:59:00,393.78,393.91,393.78,393.91,0
2026-07-28 17:00:00,377.8651,393.9099,377.8651,393.81,0
2026-07-28 17:01:00,393.9088,393.91,393.75,393.75,0
2026-07-28 17:02:00,393.75,393.9099,393.75,393.9088,0
2026-07-28 17:03:00,393.75,403.6284,393.75,393.75,0
2026-07-28 17:04:00,393.75,393.91,393.75,393.8914,0
2026-07-28 17:05:00,393.793,393.91,393.79,393.89,0
2026-07-28 17:06:00,393.91,393.91,393.78,393.9065,0
2026-07-28 17:07:00,393.83,393.91,393.7832,393.83,0
2026-07-28 17:08:00,377.8651,393.91,377.8651,393.8721,0
2026-07-28 17:09:00,393.8721,393.9,380.7878,393.7247,0
2026-07-28 17:10:00,393.72,393.91,393.72,393.91,0
2026-07-28 17:11:00,410.0051,413.5856,377.8651,393.77,0
2026-07-28 17:12:00,391.0974,393.8555,391.0974,393.7651,0
2026-07-28 17:13:00,393.8806,393.91,377.8651,393.8,0
2026-07-28 17:14:00,393.7212,413.5856,393.72,413.5856,0
2026-07-28 17:15:00,393.8467,393.9,393.78,393.8721,0
2026-07-28 17:16:00,393.87,393.87,393.72,393.869,0
2026-07-28 17:17:00,393.8223,393.89,393.8,393.89,0
2026-07-28 17:18:00,393.87,393.9408,393.85,393.94,0
2026-07-28 17:19:00,393.9566,393.99,393.87,393.87,0
2026-07-28 17:20:00,393.86,393.9686,393.7395,393.95,0
2026-07-28 17:21:00,394.0,394.49,393.81,393.81,0
2026-07-28 17:22:00,393.8147,394.49,393.8147,394.1,0
2026-07-28 17:23:00,394.1,394.1,393.9,394.0,0
2026-07-28 17:24:00,393.9975,394.0,393.9768,394.0,0
2026-07-28 17:25:00,394.0,394.0,393.95,393.9988,0
2026-07-28 17:26:00,393.9581,394.0,393.82,393.82,0
2026-07-28 17:27:00,394.0,394.0,393.82,394.0,0
2026-07-28 17:28:00,393.9988,394.0,393.82,393.9997,0
2026-07-28 17:29:00,394.0,394.3862,393.82,393.82,0
2026-07-28 17:30:00,394.49,394.49,393.8367,394.0,0
2026-07-28 17:31:00,394.2,394.49,394.0,394.4752,0
2026-07-28 17:32:00,394.49,394.49,394.01,394.01,0
2026-07-28 17:33:00,394.01,394.3,394.0,394.3,0
2026-07-28 17:34:00,394.01,394.05,394.0,394.0,0
2026-07-28 17:35:00,394.0,394.05,394.0,394.05,0
2026-07-28 17:36:00,394.0487,394.1962,394.0013,394.1962,0
2026-07-28 17:37:00,394.08,394.3,394.05,394.07,0
2026-07-28 17:38:00,394.1,394.1962,394.0295,394.0295,0
2026-07-28 17:39:00,394.005,394.2,394.0,394.1,0
2026-07-28 17:40:00,394.2,394.2,394.0,394.195,0
2026-07-28 17:41:00,394.05,394.1,394.0174,394.0401,0
2026-07-28 17:42:00,394.01,394.11,394.0,394.0168,0
2026-07-28 17:43:00,394.2,394.2,394.0,394.1,0
2026-07-28 17:44:00,394.039,394.1,394.0323,394.09,0
2026-07-28 17:45:00,394.11,394.1972,394.05,394.05,0
2026-07-28 17:46:00,393.35,394.2,393.35,394.2,0
2026-07-28 17:47:00,394.11,394.1338,394.05,394.1,0
2026-07-28 17:48:00,394.2,394.2,394.0501,394.0501,0
2026-07-28 17:49:00,394.1,394.11,394.05,394.05,0
2026-07-28 17:50:00,394.1088,394.1098,394.05,394.0996,0
2026-07-28 17:51:00,394.0989,394.11,394.07,394.07,0
2026-07-28 17:52:00,394.08,394.08,394.0,394.0,0
2026-07-28 17:53:00,394.0,394.08,394.0,394.05,0
2026-07-28 17:54:00,394.067,394.067,394.01,394.05,0
2026-07-28 17:55:00,394.06,394.11,394.0,394.11,0
2026-07-28 17:56:00,394.1999,394.2551,394.01,394.01,0
2026-07-28 17:57:00,394.16,394.3,394.05,394.0672,0
2026-07-28 17:58:00,394.17,394.3,394.17,394.3,0
2026-07-28 17:59:00,394.3,394.3,394.0112,394.3,0
2026-07-28 18:00:00,394.01,394.3,394.0,394.1,0
2026-07-28 18:01:00,394.1,394.2925,394.0075,394.2925,0
2026-07-28 18:02:00,394.2,394.33,394.1,394.33,0
2026-07-28 18:03:00,394.49,394.49,394.3294,394.4885,0
2026-07-28 18:04:00,394.4899,394.49,394.4481,394.49,0
2026-07-28 18:05:00,394.4852,394.4899,394.341,394.4899,0
2026-07-28 18:06:00,394.47,394.49,394.3,394.3176,0
2026-07-28 18:07:00,394.3,394.48,394.3,394.4606,0
2026-07-28 18:08:00,394.4,394.4,394.37,394.3907,0
2026-07-28 18:09:00,394.352,394.49,394.34,394.34,0
2026-07-28 18:10:00,394.4528,394.49,394.3435,394.36,0
2026-07-28 18:11:00,394.3632,394.48,394.34,394.4701,0
2026-07-28 18:12:00,394.4676,394.48,394.35,394.36,0
2026-07-28 18:13:00,394.48,394.48,394.01,394.4,0
2026-07-28 18:14:00,394.47,394.47,394.08,394.08,0
2026-07-28 18:15:00,394.37,394.37,394.08,394.09,0
2026-07-28 18:16:00,394.09,394.2,394.09,394.1206,0
2026-07-28 18:17:00,394.12,394.2,394.1,394.2,0
2026-07-28 18:18:00,394.17,394.2,393.82,393.82,0
2026-07-28 18:19:00,394.0039,394.0039,393.82,393.82,0
2026-07-28 18:20:00,393.87,394.17,393.82,394.17,0
2026-07-28 18:21:00,394.0265,394.1173,394.0,394.0,0
2026-07-28 18:22:00,394.1336,394.1699,393.82,393.82,0
2026-07-28 18:23:00,393.92,394.1,393.92,394.03,0
2026-07-28 18:24:00,394.17,394.17,393.82,394.03,0
2026-07-28 18:25:00,394.17,394.17,393.9012,393.9012,0
2026-07-28 18:26:00,394.1,394.1632,393.9067,394.15,0
2026-07-28 18:27:00,394.15,394.1535,393.97,394.05,0
2026-07-28 18:28:00,394.03,394.1,394.03,394.1,0
2026-07-28 18:29:00,394.1,394.1,394.07,394.07,0
2026-07-28 18:30:00,394.05,394.17,394.05,394.08,0
2026-07-28 18:31:00,394.15,394.15,394.0907,394.12,0
2026-07-28 18:32:00,394.05,394.2,394.05,394.19,0
2026-07-28 18:33:00,393.8716,394.1,393.8716,394.1,0
2026-07-28 18:34:00,393.95,393.95,393.95,393.95,0
2026-07-28 18:35:00,393.8232,393.8496,393.82,393.8496,0
2026-07-28 18:36:00,393.7374,393.799,393.72,393.74,0
2026-07-28 18:37:00,393.7999,393.7999,393.71,393.71,0
2026-07-28 18:38:00,393.7,393.7337,393.64,393.7337,0
2026-07-28 18:39:00,394.19,394.19,393.5037,393.63,0
2026-07-28 18:40:00,393.5232,394.0,393.5,393.53,0
2026-07-28 18:41:00,393.72,394.0,393.53,393.57,0
2026-07-28 18:42:00,393.57,394.0,393.5,394.0,0
2026-07-28 18:43:00,393.6667,394.0,393.57,394.0,0
2026-07-28 18:44:00,393.636,394.02,393.5,393.8914,0
2026-07-28 18:45:00,393.58,394.02,393.5,393.999,0
2026-07-28 18:46:00,393.98,393.98,393.6,393.7,0
2026-07-28 18:47:00,393.69,394.1988,393.65,393.65,0
2026-07-28 18:48:00,393.95,394.25,393.81,393.96,0
2026-07-28 18:49:00,394.26,394.597,394.16,394.5,0
2026-07-28 18:50:00,394.5225,395.0,394.1222,394.67,0
2026-07-28 18:51:00,394.7499,394.75,394.62,394.74,0
2026-07-28 18:52:00,394.7299,395.49,394.7299,395.0,0
2026-07-28 18:53:00,395.49,395.49,394.8,395.0,0
2026-07-28 18:54:00,395.292,395.88,395.04,395.88,0
2026-07-28 18:55:00,395.6809,395.88,395.03,395.2664,0
2026-07-28 18:56:00,395.3,395.3,394.6804,394.6804,0
2026-07-28 18:57:00,395.0,395.22,394.69,395.22,0
2026-07-28 18:58:00,395.22,395.88,395.0,395.7,0
2026-07-28 18:59:00,395.5,395.88,395.0,395.4875,0
2026-07-28 19:00:00,395.49,395.5,394.62,395.2,0
2026-07-28 19:01:00,395.39,395.4988,394.69,395.4988,0
2026-07-28 19:02:00,395.0993,395.44,394.69,395.44,0
2026-07-28 19:03:00,395.48,395.48,395.0,395.01,0
2026-07-28 19:04:00,394.9922,395.5,394.7,394.72,0
2026-07-28 19:05:00,395.169,395.2387,394.7,394.7754,0
2026-07-28 19:06:00,394.704,395.25,394.62,394.89,0
2026-07-28 19:07:00,394.81,395.2,394.778,395.2,0
2026-07-28 19:08:00,395.2,395.24,394.98,395.0,0
2026-07-28 19:09:00,395.15,395.41,394.81,395.04,0
2026-07-28 19:10:00,395.0,395.12,394.0,395.12,0
2026-07-28 19:11:00,395.0,395.15,394.62,395.09,0
2026-07-28 19:12:00,395.16,395.5,395.06,395.06,0
2026-07-28 19:13:00,395.06,395.66,395.0,395.66,0
2026-07-28 19:14:00,395.1336,395.85,395.1224,395.7,0
2026-07-28 19:15:00,395.2,395.51,395.0,395.51,0
2026-07-28 19:16:00,395.0,395.979,395.0,395.0775,0
2026-07-28 19:17:00,395.0837,395.5,395.0,395.266,0
2026-07-28 19:18:00,395.26,395.6,395.26,395.2887,0
2026-07-28 19:19:00,395.25,395.5,395.25,395.2929,0
2026-07-28 19:20:00,395.3,395.5,395.27,395.27,0
2026-07-28 19:21:00,395.21,395.3424,395.0,395.3197,0
2026-07-28 19:22:00,395.3424,396.0,395.26,395.7233,0
2026-07-28 19:23:00,395.6789,395.97,395.58,395.58,0
2026-07-28 19:24:00,395.58,396.0,395.58,395.8691,0
2026-07-28 19:25:00,395.92,396.0,395.26,395.51,0
2026-07-28 19:26:00,395.93,396.0,395.5909,395.7,0
2026-07-28 19:27:00,395.8,396.0,395.7,395.7725,0
2026-07-28 19:28:00,395.7449,395.7725,395.7,395.74,0
2026-07-28 19:29:00,395.7,395.7497,395.61,395.61,0
2026-07-28 19:30:00,395.6971,396.0,395.62,395.6767,0
2026-07-28 19:31:00,395.6634,395.7,395.6,395.6,0
2026-07-28 19:32:00,395.26,395.7,395.26,395.5732,0
2026-07-28 19:33:00,395.59,395.59,395.0,395.0,0
2026-07-28 19:34:00,395.0,395.35,394.8305,395.0011,0
2026-07-28 19:35:00,395.1,395.18,394.75,395.01,0
2026-07-28 19:36:00,395.0,395.0959,394.8217,395.0,0
2026-07-28 19:37:00,395.0,395.0449,395.0,395.03,0
2026-07-28 19:38:00,395.0,395.18,394.8614,395.18,0
2026-07-28 19:39:00,395.18,395.18,394.75,394.7623,0
2026-07-28 19:40:00,394.86,395.12,394.86,395.0,0
2026-07-28 19:41:00,395.0,395.172,394.8095,395.06,0
2026-07-28 19:42:00,395.2,395.7,394.87,395.7,0
2026-07-28 19:43:00,395.2,395.7,395.2,395.4,0
2026-07-28 19:44:00,395.4,396.0,395.1724,395.8879,0
2026-07-28 19:45:00,395.6261,396.0,395.55,395.68,0
2026-07-28 19:46:00,395.78,395.98,395.21,395.21,0
2026-07-28 19:47:00,395.98,395.99,395.2295,395.45,0
2026-07-28 19:48:00,396.0,396.0,394.9209,395.3,0
2026-07-28 19:49:00,395.3,395.71,394.93,395.43,0
2026-07-28 19:50:00,395.08,395.95,395.08,395.8276,0
2026-07-28 19:51:00,395.5,395.5,394.66,394.66,0
2026-07-28 19:52:00,394.6,394.8599,394.4,394.7248,0
2026-07-28 19:53:00,394.7,394.86,394.41,394.86,0
2026-07-28 19:54:00,394.1,394.8,394.1,394.8,0
2026-07-28 19:55:00,394.8,394.8,394.35,394.66,0
2026-07-28 19:56:00,394.66,394.8599,394.66,394.8521,0
2026-07-28 19:57:00,394.841,395.09,394.2094,394.93,0
2026-07-28 19:58:00,394.93,395.5,394.93,395.3635,0
2026-07-28 19:59:00,395.095,395.5,394.69,395.495,0
2026-07-29 04:00:00,395.78,398.05,393.35,398.05,0
2026-07-29 04:01:00,398.07,398.28,394.75,394.8,0
2026-07-29 04:02:00,398.1693,398.1693,397.0,397.03,0
2026-07-29 04:03:00,397.03,397.29,396.5612,397.0877,0
2026-07-29 04:04:00,396.95,397.09,395.8,396.36,0
2026-07-29 04:05:00,397.09,397.4875,395.03,397.47,0
2026-07-29 04:06:00,397.5,397.7588,395.35,397.747,0
2026-07-29 04:07:00,397.2,397.7388,395.0,397.7388,0
2026-07-29 04:08:00,395.98,398.0,395.02,396.5,0
2026-07-29 04:09:00,397.6122,397.7,397.03,397.1,0
2026-07-29 04:10:00,397.1,397.6988,397.1,397.26,0
2026-07-29 04:11:00,397.6988,397.6988,397.0,397.2,0
2026-07-29 04:12:00,397.18,397.18,396.5812,396.5812,0
2026-07-29 04:13:00,397.01,397.01,396.53,396.9692,0
2026-07-29 04:14:00,396.41,396.88,396.41,396.5178,0
2026-07-29 04:15:00,396.71,397.4,396.71,397.4,0
2026-07-29 04:16:00,397.13,397.2557,396.4712,396.85,0
2026-07-29 04:17:00,397.17,397.17,396.61,397.0,0
2026-07-29 04:18:00,397.3,397.3,396.875,397.0,0
2026-07-29 04:19:00,397.2988,397.2988,396.92,396.92,0
2026-07-29 04:20:00,397.3,397.3,397.1,397.11,0
2026-07-29 04:21:00,397.3,397.4488,397.12,397.12,0
2026-07-29 04:22:00,397.12,397.12,396.85,396.9382,0
2026-07-29 04:23:00,397.4488,397.4488,396.77,397.11,0
2026-07-29 04:24:00,397.12,397.333,396.81,397.12,0
2026-07-29 04:25:00,397.0,397.11,397.0,397.11,0
2026-07-29 04:26:00,397.12,397.12,397.11,397.12,0
2026-07-29 04:27:00,397.12,397.1282,396.4912,397.12,0
2026-07-29 04:28:00,397.12,397.45,397.0,397.3952,0
2026-07-29 04:29:00,397.3952,397.3952,397.0,397.0,0
2026-07-29 04:30:00,396.98,397.12,396.94,397.12,0
2026-07-29 04:31:00,397.12,397.12,396.9,397.12,0
2026-07-29 04:32:00,397.12,397.31,397.12,397.14,0
2026-07-29 04:33:00,397.14,397.8488,397.14,397.8488,0
2026-07-29 04:34:00,397.69,397.69,397.42,397.5,0
2026-07-29 04:35:00,397.5,397.89,397.4,397.55,0
2026-07-29 04:36:00,397.89,397.89,397.67,397.8752,0
2026-07-29 04:37:00,397.3308,397.89,397.3308,397.8497,0
2026-07-29 04:38:00,397.74,397.74,397.3,397.693,0
2026-07-29 04:39:00,397.69,397.69,397.33,397.59,0
2026-07-29 04:40:00,397.36,397.49,396.92,397.18,0
2026-07-29 04:41:00,397.48,397.6436,397.32,397.64,0
2026-07-29 04:42:00,397.3,397.3,396.9782,396.9782,0
2026-07-29 04:43:00,397.16,397.2827,396.6272,397.2682,0
2026-07-29 04:44:00,396.8852,397.2988,396.59,396.62,0
2026-07-29 04:45:00,396.79,396.79,396.59,396.59,0
2026-07-29 04:46:00,397.1988,397.1988,396.42,396.42,0
2026-07-29 04:47:00,396.42,397.0,396.42,396.44,0
2026-07-29 04:48:00,396.67,396.7788,396.44,396.51,0
2026-07-29 04:49:00,396.46,396.7,396.46,396.7,0
2026-07-29 04:50:00,396.7,396.71,396.5,396.5146,0
2026-07-29 04:51:00,396.7,397.0,396.5,397.0,0
2026-07-29 04:52:00,396.64,396.9739,396.5003,396.6133,0
2026-07-29 04:53:00,396.5125,396.64,396.5125,396.64,0
2026-07-29 04:54:00,396.64,396.64,396.6035,396.64,0
2026-07-29 04:55:00,396.64,396.9988,396.64,396.9988,0
2026-07-29 04:56:00,396.9739,396.9739,396.5,396.5,0
2026-07-29 04:57:00,396.67,396.9875,396.63,396.9875,0
2026-07-29 04:58:00,396.98,396.98,396.68,396.68,0
2026-07-29 04:59:00,396.68,396.99,396.5122,396.68,0
2026-07-29 05:00:00,396.68,396.7388,396.2719,396.2719,0
2026-07-29 05:01:00,396.7,396.7,396.2,396.6644,0
2026-07-29 05:02:00,396.44,396.73,396.241,396.25,0
2026-07-29 05:03:00,396.3896,396.73,396.25,396.58,0
2026-07-29 05:04:00,396.13,396.2827,395.85,395.97,0
2026-07-29 05:05:00,395.97,395.97,395.494,395.494,0
2026-07-29 05:06:00,395.36,395.4827,395.0,395.11,0
2026-07-29 05:07:00,395.04,395.2437,394.6209,394.67,0
2026-07-29 05:08:00,394.67,394.84,394.3,394.84,0
2026-07-29 05:09:00,394.8,394.85,394.8,394.85,0
2026-07-29 05:10:00,394.7386,394.75,394.3714,394.4004,0
2026-07-29 05:11:00,394.4,395.05,394.4,394.9,0
2026-07-29 05:12:00,395.0,395.5017,394.4272,394.6,0
2026-07-29 05:13:00,395.3806,395.3806,394.0,394.25,0
2026-07-29 05:14:00,394.2234,394.78,394.01,394.01,0
2026-07-29 05:15:00,394.0,394.74,393.6935,394.54,0
2026-07-29 05:16:00,394.99,394.99,394.3353,394.73,0
2026-07-29 05:17:00,394.65,394.66,394.2027,394.6,0
2026-07-29 05:18:00,394.5537,394.66,394.32,394.44,0
2026-07-29 05:19:00,394.436,394.58,394.28,394.58,0
2026-07-29 05:20:00,394.3524,394.7,394.3524,394.7,0
2026-07-29 05:21:00,394.43,394.5,394.34,394.349,0
2026-07-29 05:22:00,394.4073,394.6016,394.28,394.34,0
2026-07-29 05:23:00,394.0,394.2753,393.9,394.22,0
2026-07-29 05:24:00,394.27,394.39,393.95,394.39,0
2026-07-29 05:25:00,394.41,394.532,394.25,394.25,0
2026-07-29 05:26:00,394.31,394.35,394.2,394.309,0
2026-07-29 05:27:00,394.0,394.3755,394.0,394.25,0
2026-07-29 05:28:00,394.1012,394.37,394.0,394.0,0
2026-07-29 05:29:00,393.94,394.28,393.94,394.27,0
2026-07-29 05:30:00,394.27,394.27,393.8995,393.9716,0
2026-07-29 05:31:00,393.9056,394.3862,393.9056,394.3198,0
2026-07-29 05:32:00,394.12,394.38,394.0,394.38,0
2026-07-29 05:33:00,394.0,394.4988,393.9,393.9,0
2026-07-29 05:34:00,393.89,393.89,393.89,393.89,0
2026-07-29 05:35:00,394.4165,394.4165,393.79,393.79,0
2026-07-29 05:36:00,393.79,393.79,393.65,393.65,0
2026-07-29 05:37:00,393.607,393.8888,393.5,393.6426,0
2026-07-29 05:38:00,393.59,393.8897,393.2074,393.2074,0
2026-07-29 05:39:00,393.22,393.3482,392.51,393.18,0
2026-07-29 05:40:00,392.6627,392.7047,392.26,392.35,0
2026-07-29 05:41:00,392.48,392.71,392.0,392.1584,0
2026-07-29 05:42:00,392.15,392.6922,392.14,392.2954,0
2026-07-29 05:43:00,392.29,392.7088,392.2,392.7088,0
2026-07-29 05:44:00,392.21,392.65,392.21,392.5,0
2026-07-29 05:45:00,392.57,392.6777,392.28,392.53,0
2026-07-29 05:46:00,392.3586,392.53,392.2,392.53,0
2026-07-29 05:47:00,392.46,392.65,392.3,392.3001,0
2026-07-29 05:48:00,392.5,392.5647,392.23,392.42,0
2026-07-29 05:49:00,392.3,392.59,392.14,392.59,0
2026-07-29 05:50:00,392.44,392.59,392.2703,392.59,0
2026-07-29 05:51:00,392.56,392.7088,392.4,392.6,0
2026-07-29 05:52:00,392.4,392.4404,392.32,392.4,0
2026-07-29 05:53:00,392.4,392.68,392.2503,392.3342,0
2026-07-29 05:54:00,392.53,392.885,392.4,392.699,0
2026-07-29 05:55:00,392.8895,393.3607,392.86,393.3607,0
2026-07-29 05:56:00,393.36,393.36,393.0,393.15,0
2026-07-29 05:57:00,393.0,393.2088,393.0,393.0,0
2026-07-29 05:58:00,393.1,393.19,392.96,393.12,0
2026-07-29 05:59:00,393.0,393.11,392.8045,393.11,0
2026-07-29 06:00:00,393.0,393.5,392.8012,393.46,0
2026-07-29 06:01:00,393.48,393.48,393.25,393.48,0
2026-07-29 06:02:00,393.3104,393.48,393.28,393.38,0
2026-07-29 06:03:00,393.48,393.715,393.12,393.41,0
2026-07-29 06:04:00,393.1,393.44,393.1,393.11,0
2026-07-29 06:05:00,393.2,393.2,393.01,393.2,0
2026-07-29 06:06:00,393.12,393.1852,392.5,392.58,0
2026-07-29 06:07:00,392.54,393.015,392.456,393.0,0
2026-07-29 06:08:00,393.08,393.08,392.63,392.63,0
2026-07-29 06:09:00,393.0,393.0,392.6,392.7,0
2026-07-29 06:10:00,392.1612,392.6,392.1612,392.6,0
2026-07-29 06:11:00,392.79,392.79,392.6,392.6,0
2026-07-29 06:12:00,392.7,393.26,392.5,393.26,0
2026-07-29 06:13:00,393.9252,393.9252,393.017,393.5,0
2026-07-29 06:14:00,393.3,393.79,393.3,393.3814,0
2026-07-29 06:15:00,393.5,393.67,393.3702,393.48,0
2026-07-29 06:16:00,393.3612,393.89,393.3612,393.89,0
2026-07-29 06:17:00,394.0,394.0,393.5469,393.99,0
2026-07-29 06:18:00,393.69,393.69,393.69,393.69,0
2026-07-29 06:19:00,393.51,393.61,393.51,393.55,0
2026-07-29 06:20:00,393.55,393.75,393.55,393.75,0
2026-07-29 06:21:00,393.75,393.75,393.7012,393.7012,0
2026-07-29 06:22:00,393.7047,393.7488,393.4867,393.4867,0
2026-07-29 06:23:00,393.4832,393.4832,393.0,393.0,0
2026-07-29 06:24:00,393.49,393.49,393.049,393.049,0
2026-07-29 06:25:00,393.04,393.52,393.025,393.52,0
2026-07-29 06:26:00,393.52,394.3775,393.52,394.0,0
2026-07-29 06:27:00,394.0,394.3677,393.38,393.38,0
2026-07-29 06:28:00,393.37,393.99,393.22,393.8142,0
2026-07-29 06:29:00,393.39,393.6396,393.39,393.418,0
2026-07-29 06:30:00,393.25,393.94,393.25,393.532,0
2026-07-29 06:31:00,393.75,393.9825,393.3175,393.3175,0
2026-07-29 06:32:00,393.8649,394.29,393.3175,394.29,0
2026-07-29 06:33:00,394.32,394.32,394.15,394.3,0
2026-07-29 06:34:00,394.15,394.5387,394.15,394.3,0
2026-07-29 06:35:00,394.5,394.53,394.4497,394.53,0
2026-07-29 06:36:00,394.4,394.53,394.3057,394.53,0
2026-07-29 06:37:00,394.4032,394.53,394.0012,394.53,0
2026-07-29 06:38:00,394.2133,394.2133,394.2133,394.2133,0
2026-07-29 06:39:00,394.37,394.43,394.0,394.35,0
2026-07-29 06:40:00,394.0276,394.53,394.0276,394.53,0
2026-07-29 06:41:00,394.023,394.53,394.023,394.4617,0
2026-07-29 06:42:00,394.3,394.4617,394.18,394.3298,0
2026-07-29 06:43:00,394.4032,394.5232,394.3,394.3,0
2026-07-29 06:44:00,394.5206,394.5288,394.3841,394.4987,0
2026-07-29 06:45:00,394.4959,394.75,394.35,394.75,0
2026-07-29 06:46:00,394.79,394.79,394.4527,394.4527,0
2026-07-29 06:47:00,394.4809,394.83,394.38,394.6,0
2026-07-29 06:48:00,394.6,394.86,394.45,394.85,0
2026-07-29 06:49:00,394.41,395.0,394.41,394.95,0
2026-07-29 06:50:00,394.65,394.99,394.65,394.84,0
2026-07-29 06:51:00,394.68,394.96,394.68,394.89,0
2026-07-29 06:52:00,394.89,395.23,394.89,395.08,0
2026-07-29 06:53:00,395.0,395.4988,395.0,395.08,0
2026-07-29 06:54:00,395.0,395.1677,395.0,395.1677,0
2026-07-29 06:55:00,395.16,395.4485,394.98,395.07,0
2026-07-29 06:56:00,394.92,395.35,394.92,395.0,0
2026-07-29 06:57:00,395.3,395.34,394.5,394.5,0
2026-07-29 06:58:00,394.4322,395.2988,394.4322,395.0488,0
2026-07-29 06:59:00,395.04,395.13,394.9,395.0,0
2026-07-29 07:00:00,394.925,396.0,394.669,395.8018,0
2026-07-29 07:01:00,395.6,395.88,395.03,395.19,0
2026-07-29 07:02:00,395.44,395.88,395.0,395.5,0
2026-07-29 07:03:00,395.3201,395.4,394.85,395.3285,0
2026-07-29 07:04:00,395.04,395.4,394.89,395.33,0
2026-07-29 07:05:00,395.1075,395.4,395.0,395.3684,0
2026-07-29 07:06:00,395.3898,395.39,395.178,395.25,0
2026-07-29 07:07:00,395.3888,395.3922,395.3722,395.3922,0
2026-07-29 07:08:00,395.33,395.4,395.1824,395.1824,0
2026-07-29 07:09:00,395.1,395.2,394.8,394.8,0
2026-07-29 07:10:00,394.984,394.984,394.35,394.7205,0
2026-07-29 07:11:00,394.5,394.662,393.86,394.36,0
2026-07-29 07:12:00,394.0,394.2688,393.6,393.938,0
2026-07-29 07:13:00,393.93,394.28,393.77,393.85,0
2026-07-29 07:14:00,393.86,394.0,393.76,393.76,0
2026-07-29 07:15:00,393.81,393.9902,393.52,393.53,0
2026-07-29 07:16:00,393.81,393.89,393.56,393.89,0
2026-07-29 07:17:00,393.7373,393.99,393.62,393.81,0
2026-07-29 07:18:00,394.0,394.16,393.62,393.7394,0
2026-07-29 07:19:00,393.94,393.94,393.7,393.73,0
2026-07-29 07:20:00,393.73,393.81,393.5,393.5,0
2026-07-29 07:21:00,393.67,393.84,393.5,393.8317,0
2026-07-29 07:22:00,393.78,393.78,393.5,393.78,0
2026-07-29 07:23:00,393.78,394.2195,393.77,393.8515,0
2026-07-29 07:24:00,393.85,393.9844,393.13,393.1501,0
2026-07-29 07:25:00,393.1996,393.7988,393.15,393.4,0
2026-07-29 07:26:00,393.3,393.63,392.99,393.0179,0
2026-07-29 07:27:00,393.0222,393.6,393.0,393.1437,0
2026-07-29 07:28:00,393.3489,393.36,393.06,393.3135,0
2026-07-29 07:29:00,393.3245,393.79,393.3245,393.68,0
2026-07-29 07:30:00,393.64,393.8,393.21,393.39,0
2026-07-29 07:31:00,393.5,393.79,393.2658,393.7172,0
2026-07-29 07:32:00,393.66,394.0,393.51,394.0,0
2026-07-29 07:33:00,394.0,394.26,393.89,394.0,0
2026-07-29 07:34:00,394.05,394.5,393.9,394.3,0
2026-07-29 07:35:00,394.17,394.19,393.73,394.19,0
2026-07-29 07:36:00,393.95,394.28,393.82,394.28,0
2026-07-29 07:37:00,394.2492,394.28,394.09,394.268,0
2026-07-29 07:38:00,394.1,394.28,394.1,394.28,0
2026-07-29 07:39:00,394.0,394.28,393.8,394.12,0
2026-07-29 07:40:00,393.995,394.5,393.8,394.34,0
2026-07-29 07:41:00,394.0542,394.5,394.0542,394.4377,0
2026-07-29 07:42:00,394.8488,394.85,394.17,394.45,0
2026-07-29 07:43:00,394.4329,394.49,394.24,394.49,0
2026-07-29 07:44:00,394.24,394.24,394.0,394.24,0
2026-07-29 07:45:00,394.19,394.29,394.0,394.01,0
2026-07-29 07:46:00,394.07,394.49,394.01,394.392,0
2026-07-29 07:47:00,394.4777,394.48,394.0,394.16,0
2026-07-29 07:48:00,394.0,394.2451,393.8,393.8,0
2026-07-29 07:49:00,394.214,394.214,393.8,393.8,0
2026-07-29 07:50:00,393.94,394.229,393.8682,393.8682,0
2026-07-29 07:51:00,394.02,394.16,393.8,394.0,0
2026-07-29 07:52:00,394.0,394.47,394.0,394.4056,0
2026-07-29 07:53:00,394.4,394.5,394.34,394.34,0
2026-07-29 07:54:00,394.5,394.5,394.34,394.34,0
2026-07-29 07:55:00,394.37,394.5,394.12,394.4,0
2026-07-29 07:56:00,394.3,394.4267,394.0397,394.3988,0
2026-07-29 07:57:00,394.39,394.39,394.1717,394.1717,0
2026-07-29 07:58:00,394.3988,394.4,394.21,394.4,0
2026-07-29 07:59:00,394.27,394.3,394.245,394.3,0
2026-07-29 08:00:00,394.11,394.11,393.89,393.93,0
2026-07-29 08:01:00,394.0073,394.37,393.8,394.15,0
2026-07-29 08:02:00,394.2445,394.28,393.731,394.217,0
2026-07-29 08:03:00,394.21,394.26,393.81,394.05,0
2026-07-29 08:04:00,393.9503,394.2787,393.75,394.07,0
2026-07-29 08:05:00,394.17,394.3,394.14,394.2148,0
2026-07-29 08:06:00,394.2862,394.2862,393.7577,393.9,0
2026-07-29 08:07:00,393.7745,393.93,393.75,393.75,0
2026-07-29 08:08:00,393.93,393.93,393.6,393.75,0
2026-07-29 08:09:00,393.75,393.9742,393.75,393.7815,0
2026-07-29 08:10:00,393.7914,393.8388,393.75,393.75,0
2026-07-29 08:11:00,393.9104,393.95,393.9,393.9,0
2026-07-29 08:12:00,394.0388,394.0388,393.75,393.9,0
2026-07-29 08:13:00,393.9,394.06,393.85,393.96,0
2026-07-29 08:14:00,393.96,394.1533,393.75,393.88,0
2026-07-29 08:15:00,393.88,394.5,393.88,394.0935,0
2026-07-29 08:16:00,394.48,394.5,393.6,393.99,0
2026-07-29 08:17:00,394.0567,394.0567,393.32,393.34,0
2026-07-29 08:18:00,393.49,393.84,393.361,393.41,0
2026-07-29 08:19:00,393.4488,393.5,393.0,393.0,0
2026-07-29 08:20:00,393.4897,393.75,393.2,393.6084,0
2026-07-29 08:21:00,393.6,393.64,393.25,393.5,0
2026-07-29 08:22:00,393.31,393.5,393.3,393.5,0
2026-07-29 08:23:00,393.35,393.7387,393.3,393.6803,0
2026-07-29 08:24:00,393.3,393.8412,393.3,393.5,0
2026-07-29 08:25:00,393.5589,393.68,393.5,393.68,0
2026-07-29 08:26:00,393.51,393.85,393.5,393.7,0
2026-07-29 08:27:00,393.8488,393.85,393.7,393.78,0
2026-07-29 08:28:00,393.7,393.86,393.7,393.86,0
2026-07-29 08:29:00,393.8859,393.9145,393.7,393.8549,0
2026-07-29 08:30:00,393.67,393.92,393.5,393.5,0
2026-07-29 08:31:00,393.65,394.0,393.55,393.8525,0
2026-07-29 08:32:00,394.2,394.5388,393.94,394.29,0
2026-07-29 08:33:00,394.3105,395.0,394.3105,394.7026,0
2026-07-29 08:34:00,394.71,394.75,394.38,394.4016,0
2026-07-29 08:35:00,394.7318,394.7318,394.2,394.5,0
2026-07-29 08:36:00,394.2727,394.75,394.21,394.7317,0
2026-07-29 08:37:00,394.73,394.9,394.57,394.9,0
2026-07-29 08:38:00,394.8886,394.89,394.78,394.89,0
2026-07-29 08:39:00,394.8837,394.8837,394.5,394.81,0
2026-07-29 08:40:00,394.5337,394.6168,394.5,394.59,0
2026-07-29 08:41:00,394.5,394.59,394.3,394.417,0
2026-07-29 08:42:00,394.53,394.53,394.3,394.32,0
2026-07-29 08:43:00,394.01,394.59,394.01,394.36,0
2026-07-29 08:44:00,394.481,394.59,394.24,394.59,0
2026-07-29 08:45:00,394.8088,394.81,394.4517,394.81,0
2026-07-29 08:46:00,394.75,394.76,394.32,394.3322,0
2026-07-29 08:47:00,394.526,394.7697,394.526,394.73,0
2026-07-29 08:48:00,394.7,394.9,394.7,394.83,0
2026-07-29 08:49:00,394.8,394.99,394.33,394.5461,0
2026-07-29 08:50:00,394.61,394.61,394.61,394.61,0
2026-07-29 08:51:00,394.51,394.61,394.3,394.5588,0
2026-07-29 08:52:00,394.6022,394.61,394.3,394.35,0
2026-07-29 08:53:00,394.31,394.4,394.3,394.3242,0
2026-07-29 08:54:00,394.3,394.6047,394.3,394.4,0
2026-07-29 08:55:00,394.34,394.61,394.3,394.34,0
2026-07-29 08:56:00,394.42,394.5,394.3,394.5,0
2026-07-29 08:57:00,394.46,394.75,394.3001,394.75,0
2026-07-29 08:58:00,394.54,394.96,394.3,394.8,0
2026-07-29 08:59:00,394.92,395.0,394.3165,394.8977,0
2026-07-29 09:00:00,394.8707,394.89,394.807,394.87,0
2026-07-29 09:01:00,394.86,394.87,394.58,394.7065,0
2026-07-29 09:02:00,394.75,394.75,394.52,394.7387,0
2026-07-29 09:03:00,394.65,394.75,394.51,394.5387,0
2026-07-29 09:04:00,394.55,394.75,394.55,394.57,0
2026-07-29 09:05:00,394.74,394.75,394.5,394.55,0
2026-07-29 09:06:00,394.563,394.9007,394.55,394.71,0
2026-07-29 09:07:00,394.698,394.9488,394.61,394.77,0
2026-07-29 09:08:00,394.51,394.77,394.5,394.695,0
2026-07-29 09:09:00,394.5104,394.7,394.5,394.6,0
2026-07-29 09:10:00,394.5,394.58,394.3,394.36,0
2026-07-29 09:11:00,394.4,394.5,394.3001,394.48,0
2026-07-29 09:12:00,394.32,394.5,394.3,394.4988,0
2026-07-29 09:13:00,394.32,394.47,394.009,394.225,0
2026-07-29 09:14:00,394.273,394.468,393.8976,394.18,0
2026-07-29 09:15:00,394.3,394.43,394.18,394.43,0
2026-07-29 09:16:00,394.0666,394.71,394.0666,394.08,0
2026-07-29 09:17:00,394.08,394.4582,394.0,394.1,0
2026-07-29 09:18:00,394.28,394.33,394.2,394.33,0
2026-07-29 09:19:00,394.48,394.99,394.31,394.72,0
2026-07-29 09:20:00,394.66,394.7107,394.38,394.53,0
2026-07-29 09:21:00,394.64,394.72,394.4,394.662,0
2026-07-29 09:22:00,394.467,394.7,394.35,394.6,0
2026-07-29 09:23:00,394.4567,394.64,394.4,394.4,0
2026-07-29 09:24:00,394.6152,394.64,394.4372,394.49,0
2026-07-29 09:25:00,394.6,394.6,393.76,394.11,0
2026-07-29 09:26:00,394.4171,394.4171,393.5,394.0,0
2026-07-29 09:27:00,393.9613,394.75,393.5,394.47,0
2026-07-29 09:28:00,393.54,393.54,392.65,393.45,0
2026-07-29 09:29:00,393.12,393.52,393.12,393.43,0
2026-07-29 09:30:00,393.4,394.28,392.88,393.64,1163303
2026-07-29 09:31:00,393.55,393.67,389.42,389.85,308872
2026-07-29 09:32:00,389.95,390.45,389.1,390.1,133614
2026-07-29 09:33:00,390.035,391.51,389.87,391.225,82186
2026-07-29 09:34:00,391.41,391.49,390.67,390.825,78095
2026-07-29 09:35:00,390.82,391.35,390.66,391.225,77816
2026-07-29 09:36:00,391.243,391.92,390.77,391.06,104129
2026-07-29 09:37:00,391.23,391.3,389.72,389.86,94659
2026-07-29 09:38:00,389.77,391.04,389.68,389.89,258816
2026-07-29 09:39:00,389.8509,391.54,389.73,391.45,84433
2026-07-29 09:40:00,391.426,391.63,390.37,391.19,66623
2026-07-29 09:41:00,391.22,391.29,390.245,390.5,81853
2026-07-29 09:42:00,390.4761,391.13,390.42,390.45,55163
2026-07-29 09:43:00,390.38,390.71,390.05,390.385,49910
2026-07-29 09:44:00,390.31,390.45,389.6,389.75,74186
2026-07-29 09:45:00,389.68,390.42,389.36,389.585,75304
2026-07-29 09:46:00,389.61,389.9195,389.33,389.49,78089
2026-07-29 09:47:00,389.555,389.555,388.95,389.034,132505
2026-07-29 09:48:00,389.03,389.64,388.95,389.33,106230
2026-07-29 09:49:00,389.335,389.52,388.743,389.405,73598
2026-07-29 09:50:00,389.36,390.09,389.29,389.9699,76764
2026-07-29 09:51:00,389.87,390.38,389.72,390.15,51176
2026-07-29 09:52:00,390.03,390.32,389.51,390.04,80738
2026-07-29 09:53:00,389.98,391.0,389.9636,390.64,470998
2026-07-29 09:54:00,390.655,390.76,389.63,389.995,77476
2026-07-29 09:55:00,390.05,391.0,390.04,390.79,74534
2026-07-29 09:56:00,390.79,390.89,390.39,390.545,56041
2026-07-29 09:57:00,390.53,391.9599,390.52,391.88,161738
2026-07-29 09:58:00,391.905,392.74,391.735,392.67,90120
2026-07-29 09:59:00,392.64,392.71,391.4914,392.33,78836
2026-07-29 10:00:00,392.365,393.26,392.14,393.22,108521
2026-07-29 10:01:00,393.225,393.39,392.93,393.345,70704
2026-07-29 10:02:00,393.35,393.54,392.74,392.91,82841
2026-07-29 10:03:00,393.06,393.14,392.55,392.785,47664
2026-07-29 10:04:00,392.785,393.39,392.75,393.13,70044
2026-07-29 10:05:00,393.13,393.4583,392.89,393.3,41913
2026-07-29 10:06:00,393.3806,393.4,392.63,392.79,143476
2026-07-29 10:07:00,392.64,393.17,392.44,392.9199,91912
2026-07-29 10:08:00,392.93,392.93,392.53,392.805,65576
2026-07-29 10:09:00,392.805,392.97,392.07,392.3415,47498
2026-07-29 10:10:00,392.31,392.31,391.8,392.0301,48133
2026-07-29 10:11:00,392.08,392.5399,392.04,392.35,48805
2026-07-29 10:12:00,392.345,393.11,392.31,392.39,98865
2026-07-29 10:13:00,392.34,392.34,391.38,391.48,95900
2026-07-29 10:14:00,391.51,391.64,391.27,391.595,59699
2026-07-29 10:15:00,391.59,392.06,391.55,391.7801,73642
2026-07-29 10:16:00,391.773,391.773,390.886,391.565,73713
2026-07-29 10:17:00,391.5625,391.7299,390.81,391.06,70156
2026-07-29 10:18:00,391.0101,391.96,390.87,391.87,75204
2026-07-29 10:19:00,391.82,392.36,391.81,391.99,57783
2026-07-29 10:20:00,391.94,392.3699,391.5214,392.2201,54090
2026-07-29 10:21:00,392.26,392.32,391.8001,392.17,88339
2026-07-29 10:22:00,392.19,392.8,392.13,392.715,50426
2026-07-29 10:23:00,392.71,393.38,392.71,393.065,72694
2026-07-29 10:24:00,393.075,393.15,392.1401,392.21,63482
2026-07-29 10:25:00,392.28,392.45,391.9801,392.02,42932
2026-07-29 10:26:00,391.87,392.41,391.56,392.31,80012
2026-07-29 10:27:00,392.23,392.37,392.05,392.29,36527
2026-07-29 10:28:00,392.245,392.68,392.21,392.405,68477
2026-07-29 10:29:00,392.48,392.5,392.25,392.49,51703
2026-07-29 10:30:00,392.52,392.8451,392.33,392.61,47635
2026-07-29 10:31:00,392.68,393.35,392.67,393.265,120054
2026-07-29 10:32:00,393.3491,393.61,393.08,393.36,76911
2026-07-29 10:33:00,393.355,393.6598,393.12,393.55,36006
2026-07-29 10:34:00,393.49,394.05,393.48,393.96,78999
2026-07-29 10:35:00,393.96,394.13,393.57,393.89,47953
2026-07-29 10:36:00,393.91,394.0,393.64,393.93,41051
2026-07-29 10:37:00,393.89,394.25,393.79,394.15,188843
2026-07-29 10:38:00,394.11,394.16,393.79,394.0301,42866
2026-07-29 10:39:00,394.07,394.2299,393.95,394.1401,35090
2026-07-29 10:40:00,394.12,394.19,393.21,393.2601,40682
2026-07-29 10:41:00,393.325,394.25,393.28,394.0,65469
2026-07-29 10:42:00,393.9825,394.35,393.76,393.761,46621
2026-07-29 10:43:00,393.77,394.13,393.77,393.97,33203
2026-07-29 10:44:00,394.0,394.31,393.82,394.2,32300
2026-07-29 10:45:00,394.27,394.58,394.1101,394.58,819322
2026-07-29 10:46:00,394.6,394.7,394.14,394.62,69241
2026-07-29 10:47:00,394.62,394.8,394.18,394.22,53940
2026-07-29 10:48:00,394.22,394.41,394.13,394.32,47212
2026-07-29 10:49:00,394.32,394.32,393.7429,393.9915,51340
2026-07-29 10:50:00,394.05,394.4596,393.69,394.4596,45343
2026-07-29 10:51:00,394.44,394.57,394.1,394.49,52299
2026-07-29 10:52:00,394.5,394.6306,393.97,393.98,51645
2026-07-29 10:53:00,393.98,394.6,393.96,394.515,35996
2026-07-29 10:54:00,394.49,394.8,394.3,394.73,40391
2026-07-29 10:55:00,394.71,394.81,394.4901,394.576,31409
2026-07-29 10:56:00,394.57,394.71,394.33,394.71,33659
2026-07-29 10:57:00,394.74,394.92,394.58,394.88,50491
2026-07-29 10:58:00,394.875,394.99,394.27,394.389,49111
2026-07-29 10:59:00,394.35,394.53,394.16,394.25,28996
2026-07-29 11:00:00,394.2701,394.62,394.13,394.5,48242
2026-07-29 11:01:00,394.47,394.85,394.23,394.68,42841
2026-07-29 11:02:00,394.64,394.82,394.28,394.74,54523
2026-07-29 11:03:00,394.74,394.9,394.67,394.85,38831
2026-07-29 11:04:00,394.81,394.92,394.67,394.87,37328
2026-07-29 11:05:00,394.9,395.105,394.5325,394.5325,75409
2026-07-29 11:06:00,394.5,394.91,394.4501,394.88,29261
2026-07-29 11:07:00,394.82,395.33,394.81,395.305,41557
2026-07-29 11:08:00,395.305,395.82,395.1303,395.59,67502
2026-07-29 11:09:00,395.61,395.71,395.3736,395.68,125236
2026-07-29 11:10:00,395.7,395.74,395.36,395.37,56999
2026-07-29 11:11:00,395.37,395.48,395.06,395.2397,50836
2026-07-29 11:12:00,395.21,395.3851,395.0914,395.22,49281
2026-07-29 11:13:00,395.165,395.28,395.055,395.11,34758
2026-07-29 11:14:00,395.12,395.31,394.8032,394.855,36084
2026-07-29 11:15:00,394.85,394.89,394.4601,394.6401,36157
2026-07-29 11:16:00,394.67,395.16,394.65,395.09,42778
2026-07-29 11:17:00,395.09,395.28,395.01,395.21,31967
2026-07-29 11:18:00,395.21,395.4,395.15,395.38,29817
2026-07-29 11:19:00,395.38,395.38,395.03,395.14,29061
2026-07-29 11:20:00,395.1395,395.47,395.1395,395.415,36841
2026-07-29 11:21:00,395.4199,395.42,394.98,395.03,50481
2026-07-29 11:22:00,395.025,395.0251,394.52,394.7,32586
2026-07-29 11:23:00,394.745,395.14,394.73,395.115,32530
2026-07-29 11:24:00,395.07,395.24,394.984,395.1451,27562
2026-07-29 11:25:00,395.15,395.28,394.85,395.24,30164
2026-07-29 11:26:00,395.15,395.22,394.58,394.68,32531
2026-07-29 11:27:00,394.65,394.92,394.56,394.6,29871
2026-07-29 11:28:00,394.66,394.99,394.56,394.66,38757
2026-07-29 11:29:00,394.66,394.77,394.37,394.64,70984
2026-07-29 11:30:00,394.615,394.69,394.25,394.5,38965
2026-07-29 11:31:00,394.52,394.68,394.46,394.66,21763
2026-07-29 11:32:00,394.61,394.78,394.51,394.605,116224
2026-07-29 11:33:00,394.605,394.765,394.5,394.64,37525
2026-07-29 11:34:00,394.67,394.88,394.26,394.26,41882
2026-07-29 11:35:00,394.275,394.6294,394.19,394.52,44101
2026-07-29 11:36:00,394.52,394.73,394.28,394.73,28070
2026-07-29 11:37:00,394.75,395.0,394.7,394.75,33776
2026-07-29 11:38:00,394.765,394.88,394.6,394.68,42562
2026-07-29 11:39:00,394.655,394.6875,394.3601,394.38,29796
2026-07-29 11:40:00,394.38,394.4,394.07,394.2,34092
2026-07-29 11:41:00,394.22,394.52,394.21,394.52,33769
2026-07-29 11:42:00,394.4686,394.68,394.37,394.41,26388
2026-07-29 11:43:00,394.41,394.5,394.12,394.15,19179
2026-07-29 11:44:00,394.15,394.43,394.14,394.33,30346
2026-07-29 11:45:00,394.32,394.62,394.31,394.5339,45430
2026-07-29 11:46:00,394.59,394.98,394.54,394.9,47491
2026-07-29 11:47:00,394.8932,395.12,394.71,395.0271,62127
2026-07-29 11:48:00,395.025,395.15,394.92,394.94,26990
2026-07-29 11:49:00,394.93,395.0357,394.84,394.98,23566
2026-07-29 11:50:00,394.97,395.21,394.9201,395.14,39144
2026-07-29 11:51:00,395.1,395.1,394.92,395.04,25288
2026-07-29 11:52:00,395.1,395.27,395.05,395.23,27021
2026-07-29 11:53:00,395.24,395.255,395.04,395.11,22289
2026-07-29 11:54:00,395.115,395.12,394.73,394.84,29647
2026-07-29 11:55:00,394.87,394.87,394.4601,394.67,26009
2026-07-29 11:56:00,394.665,394.89,394.58,394.845,28787
2026-07-29 11:57:00,394.845,394.86,394.57,394.695,27766
2026-07-29 11:58:00,394.75,394.84,394.56,394.7501,24604
2026-07-29 11:59:00,394.76,394.86,394.55,394.69,23925
2026-07-29 12:00:00,394.7,394.96,394.6,394.76,27134
2026-07-29 12:01:00,394.76,394.93,394.38,394.43,24622
2026-07-29 12:02:00,394.425,394.81,394.36,394.75,57605
2026-07-29 12:03:00,394.7491,394.86,394.62,394.81,18044
2026-07-29 12:04:00,394.8251,394.92,394.28,394.51,46825
2026-07-29 12:05:00,394.46,394.6499,394.19,394.415,45258
2026-07-29 12:06:00,394.415,394.79,394.415,394.68,26536
2026-07-29 12:07:00,394.66,394.85,394.37,394.5112,34504
2026-07-29 12:08:00,394.53,394.74,394.36,394.36,25977
2026-07-29 12:09:00,394.35,394.37,393.9106,394.04,43811
2026-07-29 12:10:00,393.95,394.095,393.61,393.74,63619
2026-07-29 12:11:00,393.7799,393.7799,393.06,393.3,64344
2026-07-29 12:12:00,393.2811,393.37,392.83,392.94,52436
2026-07-29 12:13:00,392.92,393.58,392.805,393.535,59160
2026-07-29 12:14:00,393.47,393.535,393.18,393.27,42370
2026-07-29 12:15:00,393.18,393.4599,393.06,393.425,37219
2026-07-29 12:16:00,393.42,393.71,393.39,393.6952,50692
2026-07-29 12:17:00,393.72,394.0395,393.72,394.0395,555186
2026-07-29 12:18:00,394.04,394.06,393.69,393.8,52335
2026-07-29 12:19:00,393.805,393.85,393.535,393.825,40198
2026-07-29 12:20:00,393.825,393.86,393.68,393.83,38543
2026-07-29 12:21:00,393.8179,394.16,393.7,394.145,35999
2026-07-29 12:22:00,394.1313,394.92,394.11,394.905,60278
2026-07-29 12:23:00,394.905,395.58,394.905,395.3799,88247
2026-07-29 12:24:00,395.32,395.35,395.04,395.35,30149
2026-07-29 12:25:00,395.36,395.4,395.03,395.07,24659
2026-07-29 12:26:00,395.05,395.28,394.9,395.2051,45876
2026-07-29 12:27:00,395.205,395.61,395.17,395.605,106149
2026-07-29 12:28:00,395.605,395.63,395.305,395.355,21278
2026-07-29 12:29:00,395.3594,395.66,395.3594,395.66,34762
2026-07-29 12:30:00,395.66,396.0,395.4675,395.64,56503
2026-07-29 12:31:00,395.635,395.635,395.35,395.385,30199
2026-07-29 12:32:00,395.36,395.425,395.14,395.18,273087
2026-07-29 12:33:00,395.1861,395.3,395.0711,395.27,19474
2026-07-29 12:34:00,395.275,395.315,395.02,395.05,22677
2026-07-29 12:35:00,395.045,395.255,395.0132,395.14,30036
2026-07-29 12:36:00,395.16,395.21,394.99,395.045,39512
2026-07-29 12:37:00,395.045,395.28,394.71,395.255,309414
2026-07-29 12:38:00,395.255,395.34,394.8355,394.98,49521
2026-07-29 12:39:00,395.015,395.14,394.96,395.04,27416
2026-07-29 12:40:00,395.05,395.05,394.64,394.74,48437
2026-07-29 12:41:00,394.78,394.78,394.24,394.26,27347
2026-07-29 12:42:00,394.23,394.3,393.85,394.04,29359
2026-07-29 12:43:00,394.05,394.25,394.03,394.1826,36521
2026-07-29 12:44:00,394.08,394.22,393.99,394.205,31190
2026-07-29 12:45:00,394.205,394.25,393.81,393.84,29768
2026-07-29 12:46:00,393.795,393.98,393.63,393.855,38499
2026-07-29 12:47:00,393.88,394.2596,393.88,394.235,31928
2026-07-29 12:48:00,394.27,394.59,394.23,394.485,29588
2026-07-29 12:49:00,394.43,394.65,394.43,394.4707,26830
2026-07-29 12:50:00,394.54,394.91,394.54,394.86,39346
2026-07-29 12:51:00,394.86,394.91,394.57,394.71,43825
2026-07-29 12:52:00,394.71,394.895,394.54,394.88,31629
2026-07-29 12:53:00,394.875,395.035,394.71,395.005,49571
2026-07-29 12:54:00,394.9885,395.39,394.9885,395.315,33963
2026-07-29 12:55:00,395.305,395.63,395.21,395.55,39060
2026-07-29 12:56:00,395.5,395.52,395.24,395.5,538086
2026-07-29 12:57:00,395.49,395.62,395.1799,395.27,50374
2026-07-29 12:58:00,395.25,395.41,395.08,395.365,54967
2026-07-29 12:59:00,395.365,395.41,395.21,395.315,29210
2026-07-29 13:00:00,395.315,395.43,395.11,395.34,33284
2026-07-29 13:01:00,395.37,395.43,395.22,395.42,536222
2026-07-29 13:02:00,395.41,395.41,395.05,395.14,32766
2026-07-29 13:03:00,395.17,395.57,395.17,395.48,45448
2026-07-29 13:04:00,395.51,395.58,395.2,395.54,36134
2026-07-29 13:05:00,395.55,395.7499,395.35,395.675,69202
2026-07-29 13:06:00,395.675,395.675,395.45,395.45,37777
2026-07-29 13:07:00,395.45,395.74,395.1701,395.6,45162
2026-07-29 13:08:00,395.58,395.75,395.46,395.71,37438
2026-07-29 13:09:00,395.72,395.72,395.39,395.45,37382
2026-07-29 13:10:00,395.425,395.76,395.425,395.665,46643
2026-07-29 13:11:00,395.67,395.83,395.52,395.54,25315
2026-07-29 13:12:00,395.54,395.64,395.38,395.51,36418
2026-07-29 13:13:00,395.515,396.03,395.505,395.805,69759
2026-07-29 13:14:00,395.8,396.1,395.69,396.075,37345
2026-07-29 13:15:00,396.075,396.1,395.73,395.765,31621
2026-07-29 13:16:00,395.73,396.0,395.42,395.785,87467
2026-07-29 13:17:00,395.76,395.92,395.67,395.86,42183
2026-07-29 13:18:00,395.86,396.24,395.575,396.16,73599
2026-07-29 13:19:00,396.155,396.4954,396.11,396.4954,60130
2026-07-29 13:20:00,396.4699,396.58,396.35,396.48,73548
2026-07-29 13:21:00,396.51,397.18,396.49,397.16,122527
2026-07-29 13:22:00,397.18,397.18,396.49,396.52,60932
2026-07-29 13:23:00,396.49,396.95,396.45,396.81,75078
2026-07-29 13:24:00,396.77,396.82,396.2201,396.28,83188
2026-07-29 13:25:00,396.285,396.3,395.74,395.87,47944
2026-07-29 13:26:00,395.87,396.09,395.6701,395.74,47213
2026-07-29 13:27:00,395.74,395.85,395.56,395.795,32586
2026-07-29 13:28:00,395.795,396.26,395.795,396.185,47561
2026-07-29 13:29:00,396.185,396.29,396.03,396.165,28332
2026-07-29 13:30:00,396.14,396.26,395.885,395.975,36429
2026-07-29 13:31:00,395.975,396.08,395.8,395.98,28046
2026-07-29 13:32:00,395.97,396.29,395.97,396.235,27435
2026-07-29 13:33:00,396.24,396.25,395.855,395.965,34994
2026-07-29 13:34:00,395.965,396.02,395.8,395.94,53587
2026-07-29 13:35:00,395.92,396.07,395.793,395.9,36600
2026-07-29 13:36:00,395.86,395.94,395.7,395.7,23775
2026-07-29 13:37:00,395.71,396.09,395.71,395.85,36484
2026-07-29 13:38:00,395.77,395.82,395.7141,395.73,20300
2026-07-29 13:39:00,395.75,395.93,395.66,395.83,30519
2026-07-29 13:40:00,395.8001,395.91,395.6701,395.8,26757
2026-07-29 13:41:00,395.795,395.93,395.675,395.675,26086
2026-07-29 13:42:00,395.74,396.09,395.7,395.995,72182
2026-07-29 13:43:00,395.95,396.19,395.89,396.155,27490
2026-07-29 13:44:00,396.155,396.41,396.0349,396.275,38788
2026-07-29 13:45:00,396.3,396.34,396.01,396.01,49379
2026-07-29 13:46:00,396.01,396.1586,395.9043,395.93,35842
2026-07-29 13:47:00,395.92,396.3,395.85,396.245,53552
2026-07-29 13:48:00,396.27,396.3589,396.1,396.195,50374
2026-07-29 13:49:00,396.195,396.37,396.125,396.195,41157
2026-07-29 13:50:00,396.17,396.31,396.03,396.04,44958
2026-07-29 13:51:00,396.0677,396.13,395.76,395.855,70608
2026-07-29 13:52:00,395.9,396.09,395.8103,395.88,28588
2026-07-29 13:53:00,395.865,395.9,395.57,395.61,30571
2026-07-29 13:54:00,395.605,395.96,395.535,395.95,34311
2026-07-29 13:55:00,395.98,396.06,395.84,395.945,30053
2026-07-29 13:56:00,395.87,395.88,395.51,395.685,39741
2026-07-29 13:57:00,395.6401,396.11,395.44,396.105,63441
2026-07-29 13:58:00,396.1,396.47,396.085,396.46,65205
2026-07-29 13:59:00,396.46,396.84,396.23,396.59,64861
2026-07-29 14:00:00,396.5,397.5,396.5,396.93,104992
2026-07-29 14:01:00,396.875,397.39,396.76,397.115,59447
2026-07-29 14:02:00,397.14,397.71,397.0,397.57,82837
2026-07-29 14:03:00,397.56,397.73,397.0201,397.26,62890
2026-07-29 14:04:00,397.26,397.3,396.62,396.91,2150320
2026-07-29 14:05:00,396.85,397.09,396.71,397.05,43719
2026-07-29 14:06:00,397.07,397.44,396.83,397.24,165820
2026-07-29 14:07:00,397.215,397.92,397.1705,397.89,71442
2026-07-29 14:08:00,397.87,398.1,397.73,397.8,112417
2026-07-29 14:09:00,397.77,398.11,397.53,398.11,120289
2026-07-29 14:10:00,398.135,398.54,398.035,398.32,163894
2026-07-29 14:11:00,398.33,398.58,398.27,398.555,67204
2026-07-29 14:12:00,398.58,399.12,398.57,399.055,147328
2026-07-29 14:13:00,399.055,399.135,398.77,398.84,181901
2026-07-29 14:14:00,398.83,398.83,397.455,397.62,87672
2026-07-29 14:15:00,397.6,397.99,397.6,397.83,37088
2026-07-29 14:16:00,397.87,398.21,397.82,397.97,50120
2026-07-29 14:17:00,397.9518,398.1,397.7,397.851,48957
2026-07-29 14:18:00,397.93,398.22,397.82,398.18,37900
2026-07-29 14:19:00,398.2,398.4,397.9075,398.06,54163
2026-07-29 14:20:00,398.08,398.08,397.67,397.87,44203
2026-07-29 14:21:00,397.83,397.87,397.54,397.72,46819
2026-07-29 14:22:00,397.72,397.95,397.625,397.74,57447
2026-07-29 14:23:00,397.83,398.06,397.435,397.487,41013
2026-07-29 14:24:00,397.465,397.67,397.4023,397.5,30100
2026-07-29 14:25:00,397.5,397.92,397.43,397.84,39998
2026-07-29 14:26:00,397.89,398.13,397.8788,398.13,32122
2026-07-29 14:27:00,398.08,398.13,397.79,397.825,34761
2026-07-29 14:28:00,397.86,398.12,397.85,398.0101,38194
2026-07-29 14:29:00,398.06,398.7,398.06,398.66,64744
2026-07-29 14:30:00,398.69,399.11,398.6,398.99,103915
2026-07-29 14:31:00,398.985,399.17,398.42,398.47,52923
2026-07-29 14:32:00,398.4235,398.505,398.01,398.5,49430
2026-07-29 14:33:00,398.475,398.68,398.25,398.485,48280
2026-07-29 14:34:00,398.485,398.71,398.22,398.375,50018
2026-07-29 14:35:00,398.41,398.48,398.25,398.3,59892
2026-07-29 14:36:00,398.3,398.7,398.23,398.6071,46184
2026-07-29 14:37:00,398.675,398.71,398.2648,398.52,32803
2026-07-29 14:38:00,398.59,399.37,398.54,399.06,63798
2026-07-29 14:39:00,399.1099,399.16,398.654,398.945,45499
2026-07-29 14:40:00,398.945,399.18,398.66,399.18,163376
2026-07-29 14:41:00,399.165,399.2699,398.75,398.75,62894
2026-07-29 14:42:00,398.77,398.8499,398.25,398.6893,46189
2026-07-29 14:43:00,398.71,398.88,398.44,398.88,47542
2026-07-29 14:44:00,398.86,399.167,398.6101,399.167,64722
2026-07-29 14:45:00,399.165,399.4701,399.04,399.28,116392
2026-07-29 14:46:00,399.26,399.7,399.16,399.665,92115
2026-07-29 14:47:00,399.72,400.19,399.66,400.015,239675
2026-07-29 14:48:00,400.06,400.45,399.68,400.45,102662
2026-07-29 14:49:00,400.45,401.15,400.44,401.0099,131401
2026-07-29 14:50:00,400.92,401.25,400.785,400.81,201210
2026-07-29 14:51:00,400.815,400.95,400.5722,400.685,109793
2026-07-29 14:52:00,400.65,401.0599,400.56,400.9601,116382
2026-07-29 14:53:00,400.96,401.06,400.6,400.91,117469
2026-07-29 14:54:00,400.92,401.01,400.7251,400.835,88344
2026-07-29 14:55:00,400.835,401.2,400.71,401.2,139625
2026-07-29 14:56:00,401.14,401.2,400.5401,400.5401,86259
2026-07-29 14:57:00,400.54,400.5421,399.93,400.11,108549
2026-07-29 14:58:00,400.07,400.1799,399.5501,400.1715,89745
2026-07-29 14:59:00,400.18,400.192,399.4212,399.56,67281
2026-07-29 15:00:00,399.57,399.66,398.82,398.97,103861
2026-07-29 15:01:00,398.98,399.14,398.57,399.095,63234
2026-07-29 15:02:00,399.11,399.26,398.3,398.555,97390
2026-07-29 15:03:00,398.63,398.7896,398.12,398.12,59772
2026-07-29 15:04:00,398.16,398.67,397.89,398.5,149195
2026-07-29 15:05:00,398.505,398.505,397.845,398.35,81282
2026-07-29 15:06:00,398.3469,398.41,397.87,398.02,131825
2026-07-29 15:07:00,397.99,398.17,397.64,397.745,68161
2026-07-29 15:08:00,397.79,397.98,397.17,397.17,59766
2026-07-29 15:09:00,397.14,397.43,397.0808,397.09,51331
2026-07-29 15:10:00,397.08,397.1089,396.83,397.06,77978
2026-07-29 15:11:00,397.09,397.72,397.09,397.72,59667
2026-07-29 15:12:00,397.705,398.29,397.65,398.19,84006
2026-07-29 15:13:00,398.2,398.22,397.82,397.82,54951
2026-07-29 15:14:00,397.825,398.01,397.76,397.99,56665
2026-07-29 15:15:00,397.98,398.25,397.86,398.15,57649
2026-07-29 15:16:00,398.1788,398.23,397.88,397.9,60356
2026-07-29 15:17:00,397.905,397.92,397.502,397.63,57845
2026-07-29 15:18:00,397.59,397.61,397.3,397.4,60631
2026-07-29 15:19:00,397.38,397.94,397.33,397.885,73319
2026-07-29 15:20:00,397.88,397.94,397.27,397.28,59945
2026-07-29 15:21:00,397.27,397.27,396.83,397.04,72850
2026-07-29 15:22:00,397.07,397.085,396.72,396.84,65980
2026-07-29 15:23:00,396.7901,396.94,396.47,396.61,58923
2026-07-29 15:24:00,396.64,396.76,396.435,396.435,40365
2026-07-29 15:25:00,396.42,396.51,396.11,396.18,64483
2026-07-29 15:26:00,396.215,396.2999,395.8501,396.045,64613
2026-07-29 15:27:00,396.07,396.35,395.95,396.04,50574
2026-07-29 15:28:00,396.06,396.26,395.98,396.185,65955
2026-07-29 15:29:00,396.185,396.185,395.82,395.97,60554
2026-07-29 15:30:00,395.95,396.07,395.7,396.01,107399
2026-07-29 15:31:00,396.0068,396.29,395.95,396.115,71402
2026-07-29 15:32:00,396.09,396.22,395.8,395.86,69029
2026-07-29 15:33:00,395.89,395.91,395.11,395.23,85778
2026-07-29 15:34:00,395.25,395.46,395.02,395.39,92242
2026-07-29 15:35:00,395.44,395.66,395.245,395.28,55357
2026-07-29 15:36:00,395.29,395.45,395.02,395.355,88014
2026-07-29 15:37:00,395.34,395.8,394.901,395.0,66617
2026-07-29 15:38:00,394.99,395.03,393.9,393.925,107607
2026-07-29 15:39:00,393.925,393.9899,393.6417,393.77,98094
2026-07-29 15:40:00,393.783,394.19,393.605,394.19,101578
2026-07-29 15:41:00,394.19,394.22,393.14,393.29,87935
2026-07-29 15:42:00,393.26,393.54,393.18,393.42,83460
2026-07-29 15:43:00,393.42,393.5,392.8001,393.345,120362
2026-07-29 15:44:00,393.35,393.365,392.44,392.55,113346
2026-07-29 15:45:00,392.55,392.9662,392.4,392.44,109896
2026-07-29 15:46:00,392.45,392.75,392.34,392.34,93966
2026-07-29 15:47:00,392.43,392.56,391.84,392.03,128530
2026-07-29 15:48:00,391.96,392.56,391.8,392.31,113226
2026-07-29 15:49:00,392.2201,392.57,392.17,392.445,145675
2026-07-29 15:50:00,392.42,392.42,391.51,392.0611,248104
2026-07-29 15:51:00,392.03,392.26,391.75,392.0301,158546
2026-07-29 15:52:00,392.03,392.07,391.165,391.625,159424
2026-07-29 15:53:00,391.61,391.84,391.21,391.47,173905
2026-07-29 15:54:00,391.47,391.83,391.32,391.76,208563
2026-07-29 15:55:00,391.72,391.81,390.6,391.37,385429
2026-07-29 15:56:00,391.37,391.5,390.21,390.46,321556
2026-07-29 15:57:00,390.43,390.77,389.79,389.795,495590
2026-07-29 15:58:00,389.795,390.14,389.5675,389.67,729307
2026-07-29 15:59:00,389.71,392.4,389.36,392.4,1393793
2026-07-29 16:00:00,390.54,392.44,390.01,390.4141,0
2026-07-29 16:01:00,390.24,404.99,389.91,401.81,0
2026-07-29 16:02:00,401.88,405.48,390.3,404.8042,0
2026-07-29 16:03:00,404.96,409.4999,390.54,407.0,0
2026-07-29 16:04:00,407.07,407.3,390.54,401.44,0
2026-07-29 16:05:00,401.33,404.73,401.0,402.251,0
2026-07-29 16:06:00,402.26,405.98,402.25,403.9702,0
2026-07-29 16:07:00,403.89,406.0,403.8,404.48,0
2026-07-29 16:08:00,404.61,405.0,390.54,404.0,0
2026-07-29 16:09:00,404.18,405.74,403.05,403.34,0
2026-07-29 16:10:00,403.51,403.51,390.54,400.5619,0
2026-07-29 16:11:00,400.53,400.81,393.06,394.3,0
2026-07-29 16:12:00,393.83,398.0,390.54,397.8749,0
2026-07-29 16:13:00,397.4806,397.92,390.54,395.38,0
2026-07-29 16:14:00,395.31,395.73,391.93,393.4,0
2026-07-29 16:15:00,390.54,397.0,390.54,396.49,0
2026-07-29 16:16:00,396.55,400.1692,396.31,399.6013,0
2026-07-29 16:17:00,399.35,400.02,387.66,396.62,0
2026-07-29 16:18:00,396.35,397.99,390.54,397.75,0
2026-07-29 16:19:00,397.0,399.75,397.0,399.48,0
2026-07-29 16:20:00,399.45,399.75,390.54,398.65,0
2026-07-29 16:21:00,398.5,399.0,398.01,398.3396,0
2026-07-29 16:22:00,398.01,398.61,398.0,398.45,0
2026-07-29 16:23:00,398.6,402.0,390.54,400.99,0
2026-07-29 16:24:00,400.95,401.86,399.2,399.5,0
2026-07-29 16:25:00,399.99,400.54,399.59,400.2901,0
2026-07-29 16:26:00,400.2887,400.5,397.11,397.2396,0
2026-07-29 16:27:00,397.16,397.56,390.54,395.78,0
2026-07-29 16:28:00,395.87,397.99,395.87,397.99,0
2026-07-29 16:29:00,397.93,399.0,397.8,398.62,0
2026-07-29 16:30:00,398.64,400.44,398.0,400.28,0
2026-07-29 16:31:00,399.7,402.28,399.7,401.75,0
2026-07-29 16:32:00,401.62,402.7,401.0,401.32,0
2026-07-29 16:33:00,401.36,403.99,401.1,403.9126,0
2026-07-29 16:34:00,403.9146,405.32,403.6569,405.32,0
2026-07-29 16:35:00,405.0,407.29,404.314,404.41,0
2026-07-29 16:36:00,404.3804,404.61,402.5,403.9211,0
2026-07-29 16:37:00,403.714,403.98,402.97,403.07,0
2026-07-29 16:38:00,403.0152,403.75,401.83,403.21,0
2026-07-29 16:39:00,403.06,403.21,390.54,402.41,0
2026-07-29 16:40:00,402.41,403.0,402.32,402.61,0
2026-07-29 16:41:00,402.51,404.0,402.2665,403.85,0
2026-07-29 16:42:00,403.98,404.0,402.5,402.61,0
2026-07-29 16:43:00,403.0,403.0,390.54,402.4,0
2026-07-29 16:44:00,402.42,402.7,402.3,402.57,0
2026-07-29 16:45:00,402.55,403.6,402.45,403.52,0
2026-07-29 16:46:00,403.56,403.59,403.0,403.29,0
2026-07-29 16:47:00,403.212,403.95,403.0,403.9268,0
2026-07-29 16:48:00,403.85,403.99,403.25,403.3406,0
2026-07-29 16:49:00,403.48,403.78,399.7762,403.0165,0
2026-07-29 16:50:00,403.0002,403.26,402.99,403.0,0
2026-07-29 16:51:00,403.0,404.0,403.0,403.41,0
2026-07-29 16:52:00,403.69,403.85,403.1,403.73,0
2026-07-29 16:53:00,403.85,403.85,403.02,403.03,0
2026-07-29 16:54:00,403.1,403.3,385.2222,402.5,0
2026-07-29 16:55:00,402.32,402.94,390.54,402.9053,0
2026-07-29 16:56:00,402.79,403.3,402.7,403.1,0
2026-07-29 16:57:00,403.0,403.0901,402.45,402.59,0
2026-07-29 16:58:00,402.5509,402.75,402.2,402.25,0
2026-07-29 16:59:00,402.2799,402.3,402.0,402.11,0
2026-07-29 17:00:00,402.11,402.5,402.0,402.18,0
2026-07-29 17:01:00,402.18,402.75,402.18,402.5,0
2026-07-29 17:02:00,402.71,402.8,402.52,402.7882,0
2026-07-29 17:03:00,402.8,402.84,402.25,402.2501,0
2026-07-29 17:04:00,402.2901,403.0,402.25,402.6301,0
2026-07-29 17:05:00,402.6,402.93,402.6,402.75,0
2026-07-29 17:06:00,402.8475,404.0,402.75,403.95,0
2026-07-29 17:07:00,403.95,404.46,403.49,404.46,0
2026-07-29 17:08:00,404.45,404.5,403.5,403.85,0
2026-07-29 17:09:00,403.56,422.4846,403.0,403.4039,0
2026-07-29 17:10:00,403.49,403.49,402.01,402.09,0
2026-07-29 17:11:00,402.1028,402.5,401.6029,401.6029,0
2026-07-29 17:12:00,401.58,402.2366,401.54,401.8,0
2026-07-29 17:13:00,401.8537,401.92,399.9,400.0,0
2026-07-29 17:14:00,399.9019,400.0,397.49,398.49,0
2026-07-29 17:15:00,397.89,399.0,397.3,397.9008,0
2026-07-29 17:16:00,397.5,398.72,385.2222,398.38,0
2026-07-29 17:17:00,398.2317,398.6,397.49,398.1152,0
2026-07-29 17:18:00,397.98,400.49,397.98,400.33,0
2026-07-29 17:19:00,400.31,400.49,399.69,400.15,0
2026-07-29 17:20:00,400.14,400.2,399.0,399.5235,0
2026-07-29 17:21:00,399.57,400.0,399.27,399.764,0
2026-07-29 17:22:00,399.7922,399.948,399.15,399.23,0
2026-07-29 17:23:00,399.2,399.56,399.0,399.16,0
2026-07-29 17:24:00,399.15,399.849,399.1,399.849,0
2026-07-29 17:25:00,399.69,400.0,399.69,399.79,0
2026-07-29 17:26:00,399.8,400.64,399.75,400.0,0
2026-07-29 17:27:00,400.2,401.0,400.2,400.65,0
2026-07-29 17:28:00,400.26,400.64,400.0,400.24,0
2026-07-29 17:29:00,400.07,402.0,400.0131,401.9877,0
2026-07-29 17:30:00,402.0,402.0,401.51,401.6,0
2026-07-29 17:31:00,401.5106,401.69,401.0,401.2,0
2026-07-29 17:32:00,401.2,401.44,401.0,401.03,0
2026-07-29 17:33:00,401.03,401.14,400.01,400.01,0
2026-07-29 17:34:00,400.5213,400.5213,399.96,400.028,0
2026-07-29 17:35:00,400.14,400.65,400.05,400.2,0
2026-07-29 17:36:00,400.18,400.35,400.1,400.24,0
2026-07-29 17:37:00,400.2246,400.5,400.22,400.28,0
2026-07-29 17:38:00,400.4562,400.99,400.22,400.99,0
2026-07-29 17:39:00,400.7886,400.98,400.22,400.4,0
2026-07-29 17:40:00,400.39,400.69,400.2905,400.4443,0
2026-07-29 17:41:00,400.42,400.42,400.22,400.23,0
2026-07-29 17:42:00,400.22,400.62,400.22,400.62,0
2026-07-29 17:43:00,400.57,401.5,400.25,401.05,0
2026-07-29 17:44:00,401.0599,401.48,400.8,401.0,0
2026-07-29 17:45:00,401.29,401.33,400.8,400.9603,0
2026-07-29 17:46:00,400.8,401.0,400.23,401.0,0
2026-07-29 17:47:00,401.0,401.0,400.22,400.33,0
2026-07-29 17:48:00,400.33,400.4488,399.0,399.3399,0
2026-07-29 17:49:00,399.0822,399.9999,397.0,397.24,0
2026-07-29 17:50:00,397.3962,398.0,397.2,397.3898,0
2026-07-29 17:51:00,397.39,398.0,397.3,397.7758,0
2026-07-29 17:52:00,397.7994,398.74,397.78,398.0541,0
2026-07-29 17:53:00,398.24,398.24,397.0,397.63,0
2026-07-29 17:54:00,397.7901,398.0,396.5,396.6668,0
2026-07-29 17:55:00,396.76,397.1,396.6,397.0,0
2026-07-29 17:56:00,397.0865,398.9999,397.0,397.69,0
2026-07-29 17:57:00,398.48,398.845,398.0,398.0171,0
2026-07-29 17:58:00,398.06,398.68,390.54,398.39,0
2026-07-29 17:59:00,398.2173,398.3,397.27,397.27,0
2026-07-29 18:00:00,397.86,403.5,397.259,403.1008,0
2026-07-29 18:01:00,403.49,408.5,403.0,405.63,0
2026-07-29 18:02:00,407.37,410.31,405.63,409.25,0
2026-07-29 18:03:00,409.06,411.0,407.0,410.0001,0
2026-07-29 18:04:00,410.39,417.17,410.0,417.0,0
2026-07-29 18:05:00,416.9008,422.61,416.05,420.79,0
2026-07-29 18:06:00,420.9704,425.5,420.75,424.0,0
2026-07-29 18:07:00,423.58,424.17,420.0,420.9,0
2026-07-29 18:08:00,420.33,423.0,420.0,421.4082,0
2026-07-29 18:09:00,421.27,424.7,421.05,423.4,0
2026-07-29 18:10:00,423.0199,424.0,421.1,423.165,0
2026-07-29 18:11:00,423.165,429.88,423.0,427.0001,0
2026-07-29 18:12:00,427.0,428.04,425.0,426.0,0
2026-07-29 18:13:00,426.0077,427.7,425.1,425.1,0
2026-07-29 18:14:00,425.27,425.8443,422.5,422.52,0
2026-07-29 18:15:00,422.9766,423.06,421.56,422.0,0
2026-07-29 18:16:00,422.0,423.92,421.2,422.51,0
2026-07-29 18:17:00,422.12,423.0,421.81,422.4,0
2026-07-29 18:18:00,422.4,422.4,421.05,421.89,0
2026-07-29 18:19:00,421.751,423.54,421.64,422.58,0
2026-07-29 18:20:00,422.59,422.7798,422.0,422.02,0
2026-07-29 18:21:00,422.06,422.1,420.04,420.04,0
2026-07-29 18:22:00,420.12,421.4384,420.06,420.5018,0
2026-07-29 18:23:00,420.5108,420.68,420.08,420.22,0
2026-07-29 18:24:00,420.1251,420.22,418.17,418.3,0
2026-07-29 18:25:00,418.34,420.0,418.0,419.74,0
2026-07-29 18:26:00,419.71,419.9282,417.0,418.0122,0
2026-07-29 18:27:00,418.0245,419.55,418.0,419.04,0
2026-07-29 18:28:00,419.0,419.97,418.5,419.2873,0
2026-07-29 18:29:00,419.41,421.99,419.41,420.6,0
2026-07-29 18:30:00,420.6232,420.75,420.0,420.33,0
2026-07-29 18:31:00,420.41,421.61,420.33,421.37,0
2026-07-29 18:32:00,420.98,421.3,420.5,420.6256,0
2026-07-29 18:33:00,420.61,420.8,420.0,420.53,0
2026-07-29 18:34:00,420.5642,421.1402,420.25,420.52,0
2026-07-29 18:35:00,420.54,421.61,420.3,421.1547,0
2026-07-29 18:36:00,421.2026,422.3,421.09,422.0241,0
2026-07-29 18:37:00,422.01,422.75,422.0,422.27,0
2026-07-29 18:38:00,422.34,423.3,422.02,422.6681,0
2026-07-29 18:39:00,422.8424,422.9,422.61,422.6857,0
2026-07-29 18:40:00,422.6853,423.0,422.0,422.0314,0
2026-07-29 18:41:00,422.0312,422.5,422.0,422.46,0
2026-07-29 18:42:00,422.1282,422.81,422.06,422.6238,0
2026-07-29 18:43:00,422.622,422.88,422.35,422.62,0
2026-07-29 18:44:00,422.63,423.95,422.62,423.6994,0
2026-07-29 18:45:00,423.67,424.75,423.67,424.68,0
2026-07-29 18:46:00,424.72,424.8287,423.5,423.5,0
2026-07-29 18:47:00,423.63,424.0,422.0,422.46,0
2026-07-29 18:48:00,422.24,422.87,422.0,422.01,0
2026-07-29 18:49:00,422.0005,422.02,421.11,421.69,0
2026-07-29 18:50:00,421.66,421.8,421.35,421.7999,0
2026-07-29 18:51:00,421.69,422.17,421.5,421.8653,0
2026-07-29 18:52:00,421.9345,421.9345,420.04,420.56,0
2026-07-29 18:53:00,420.7218,420.9617,420.0,420.0627,0
2026-07-29 18:54:00,420.1,420.2615,419.0,419.6391,0
2026-07-29 18:55:00,419.8544,420.0,419.5,419.9871,0
2026-07-29 18:56:00,419.99,420.0,419.5,419.5,0
2026-07-29 18:57:00,419.5014,419.8,419.21,419.5479,0
2026-07-29 18:58:00,419.6721,420.69,419.6721,420.3,0
2026-07-29 18:59:00,420.3016,420.59,420.3,420.33,0
2026-07-29 19:00:00,420.45,420.49,420.0,420.22,0
2026-07-29 19:01:00,420.0563,420.4988,419.5,419.614,0
2026-07-29 19:02:00,419.6096,419.89,419.33,419.5,0
2026-07-29 19:03:00,419.5002,420.5,419.43,420.32,0
2026-07-29 19:04:00,420.2217,421.0,420.04,420.89,0
2026-07-29 19:05:00,420.8339,422.0,420.81,421.63,0
2026-07-29 19:06:00,421.6939,421.95,421.0,421.0252,0
2026-07-29 19:07:00,421.0112,421.5,420.5,420.5,0
2026-07-29 19:08:00,420.7,421.2937,420.2,421.06,0
2026-07-29 19:09:00,421.06,422.87,421.06,422.8,0
2026-07-29 19:10:00,422.81,424.1,422.8,424.0133,0
2026-07-29 19:11:00,424.0,424.283,423.15,423.2289,0
2026-07-29 19:12:00,423.5,424.7,423.28,424.0,0
2026-07-29 19:13:00,424.45,425.5,424.0,424.4659,0
2026-07-29 19:14:00,424.3183,424.86,424.08,424.39,0
2026-07-29 19:15:00,424.378,425.05,424.05,425.0427,0
2026-07-29 19:16:00,425.036,425.49,425.0,425.06,0
2026-07-29 19:17:00,425.18,425.5,424.9,425.19,0
2026-07-29 19:18:00,425.3,425.5,425.0,425.0104,0
2026-07-29 19:19:00,425.098,425.1,424.5,424.8,0
2026-07-29 19:20:00,424.8,425.15,424.8,425.11,0
2026-07-29 19:21:00,425.18,425.22,425.0,425.0,0
2026-07-29 19:22:00,425.0007,426.0,425.0,425.5,0
2026-07-29 19:23:00,425.68,426.66,425.501,426.61,0
2026-07-29 19:24:00,426.66,426.8,425.5,425.5,0
2026-07-29 19:25:00,425.5,426.2,425.2,426.01,0
2026-07-29 19:26:00,426.01,426.25,426.0,426.0,0
2026-07-29 19:27:00,426.0,426.01,425.5,425.5,0
2026-07-29 19:28:00,425.5,426.44,425.5,425.8707,0
2026-07-29 19:29:00,425.8491,426.46,424.7,424.8396,0
2026-07-29 19:30:00,424.99,425.24,424.51,425.01,0
2026-07-29 19:31:00,425.0,426.0,425.0,425.98,0
2026-07-29 19:32:00,425.9146,426.2,425.9,426.0,0
2026-07-29 19:33:00,426.0,426.13,426.0,426.0,0
2026-07-29 19:34:00,426.0,426.3,425.3,425.5001,0
2026-07-29 19:35:00,426.06,426.06,425.0,425.08,0
2026-07-29 19:36:00,425.119,425.9,425.1,425.9,0
2026-07-29 19:37:00,425.81,426.0,425.8,425.87,0
2026-07-29 19:38:00,425.92,426.13,425.8,425.99,0
2026-07-29 19:39:00,426.0,426.0,425.5,425.5,0
2026-07-29 19:40:00,425.5,425.7195,424.0,424.0932,0
2026-07-29 19:41:00,424.0906,424.1163,422.5,422.51,0
2026-07-29 19:42:00,422.94,423.0,422.01,422.56,0
2026-07-29 19:43:00,422.7227,423.0,422.0,422.65,0
2026-07-29 19:44:00,422.798,423.57,422.6,423.19,0
2026-07-29 19:45:00,423.0,423.3,422.1301,423.0603,0
2026-07-29 19:46:00,423.0,424.15,423.0,424.1001,0
2026-07-29 19:47:00,424.09,424.55,423.63,424.0001,0
2026-07-29 19:48:00,424.0001,424.17,423.15,423.9101,0
2026-07-29 19:49:00,423.6223,423.89,423.55,423.59,0
2026-07-29 19:50:00,423.59,424.5,423.4,424.5,0
2026-07-29 19:51:00,424.5,424.5,424.01,424.3501,0
2026-07-29 19:52:00,424.37,424.9,424.3,424.55,0
2026-07-29 19:53:00,424.62,424.88,424.0,424.0,0
2026-07-29 19:54:00,424.1653,424.74,424.09,424.62,0
2026-07-29 19:55:00,424.65,425.43,424.0,425.324,0
2026-07-29 19:56:00,425.3,425.43,424.83,424.83,0
2026-07-29 19:57:00,424.8,425.0,424.29,424.57,0
2026-07-29 19:58:00,424.67,425.11,424.3,425.0195,0
2026-07-29 19:59:00,425.0,425.85,425.0,425.01,0
2026-07-30 04:00:00,418.0,421.67,390.54,417.01,0
2026-07-30 04:01:00,417.0,421.8,416.48,419.5,0
2026-07-30 04:02:00,419.43,419.74,418.35,418.4925,0
2026-07-30 04:03:00,418.376,419.0,418.04,418.28,0
2026-07-30 04:04:00,418.32,421.51,417.07,420.69,0
2026-07-30 04:05:00,418.15,420.19,417.0,417.49,0
2026-07-30 04:06:00,419.0,420.3,417.8,419.9,0
2026-07-30 04:07:00,419.9,421.23,416.7,420.51,0
2026-07-30 04:08:00,420.92,421.27,416.53,420.01,0
2026-07-30 04:09:00,420.01,420.15,419.9,420.01,0
2026-07-30 04:10:00,420.01,420.64,420.0,420.5,0
2026-07-30 04:11:00,420.31,420.99,420.1,420.75,0
2026-07-30 04:12:00,420.75,420.92,420.13,420.34,0
2026-07-30 04:13:00,420.5,420.7,420.11,420.7,0
2026-07-30 04:14:00,420.86,421.8,420.86,421.1013,0
2026-07-30 04:15:00,421.18,421.4626,420.99,421.4626,0
2026-07-30 04:16:00,421.45,421.47,421.02,421.47,0
2026-07-30 04:17:00,421.5956,421.66,421.17,421.65,0
2026-07-30 04:18:00,421.26,421.4925,420.12,420.2322,0
2026-07-30 04:19:00,420.3,420.55,420.03,420.24,0
2026-07-30 04:20:00,420.03,421.314,420.01,420.32,0
2026-07-30 04:21:00,420.66,420.9,420.3,420.3,0
2026-07-30 04:22:00,420.32,420.69,420.01,420.69,0
2026-07-30 04:23:00,420.52,420.69,420.21,420.6,0
2026-07-30 04:24:00,420.6,420.68,420.1,420.31,0
2026-07-30 04:25:00,420.32,420.8852,420.02,420.1177,0
2026-07-30 04:26:00,420.08,421.11,420.0,420.66,0
2026-07-30 04:27:00,420.4286,421.36,420.4286,420.9366,0
2026-07-30 04:28:00,421.26,421.75,420.9538,421.66,0
2026-07-30 04:29:00,421.66,421.66,421.2,421.2,0
2026-07-30 04:30:00,421.42,421.75,421.3,421.5,0
2026-07-30 04:31:00,421.49,422.84,421.3392,422.27,0
2026-07-30 04:32:00,422.4413,422.4413,421.58,421.8,0
2026-07-30 04:33:00,421.9,422.62,421.8,422.5,0
2026-07-30 04:34:00,422.397,422.56,422.0,422.27,0
2026-07-30 04:35:00,422.3,423.22,422.2,422.51,0
2026-07-30 04:36:00,422.92,423.1988,422.4,423.1988,0
2026-07-30 04:37:00,422.8048,423.48,422.79,423.15,0
2026-07-30 04:38:00,423.1979,423.9,422.811,423.6,0
2026-07-30 04:39:00,423.59,423.9817,423.2003,423.61,0
2026-07-30 04:40:00,423.35,424.0,423.35,423.85,0
2026-07-30 04:41:00,423.9483,424.0,423.74,423.9,0
2026-07-30 04:42:00,423.84,424.56,423.83,424.16,0
2026-07-30 04:43:00,424.11,424.6,424.1,424.5,0
2026-07-30 04:44:00,424.5,424.5,423.28,423.46,0
2026-07-30 04:45:00,423.6141,423.87,423.3,423.52,0
2026-07-30 04:46:00,423.6388,423.99,423.46,423.6812,0
2026-07-30 04:47:00,423.98,424.0,423.22,423.9,0
2026-07-30 04:48:00,423.38,423.9,423.0,423.35,0
2026-07-30 04:49:00,423.23,423.55,422.8,422.8479,0
2026-07-30 04:50:00,422.8,423.55,422.6062,422.9716,0
2026-07-30 04:51:00,423.23,424.75,422.9,424.2,0
2026-07-30 04:52:00,424.4,424.79,424.2,424.26,0
2026-07-30 04:53:00,424.6824,424.84,423.5,423.81,0
2026-07-30 04:54:00,423.6833,423.98,423.01,423.05,0
2026-07-30 04:55:00,423.5,423.94,423.0782,423.5,0
2026-07-30 04:56:00,423.2166,423.57,423.09,423.3,0
2026-07-30 04:57:00,423.18,423.75,423.12,423.5972,0
2026-07-30 04:58:00,423.55,424.4,423.33,424.2,0
2026-07-30 04:59:00,424.15,424.2,423.69,423.79,0
2026-07-30 05:00:00,423.79,424.2,423.7,424.02,0
2026-07-30 05:01:00,424.02,424.1,423.99,424.05,0
2026-07-30 05:02:00,424.0608,424.19,424.05,424.12,0
2026-07-30 05:03:00,424.17,424.27,423.92,424.25,0
2026-07-30 05:04:00,424.0947,424.81,424.09,424.5,0
2026-07-30 05:05:00,424.1956,424.6,423.93,424.04,0
2026-07-30 05:06:00,423.88,424.2188,423.74,424.019,0
2026-07-30 05:07:00,424.0048,424.0223,423.98,424.0,0
2026-07-30 05:08:00,424.0,424.1,424.0,424.0238,0
2026-07-30 05:09:00,424.05,424.09,423.95,424.01,0
2026-07-30 05:10:00,424.01,424.1,423.98,424.0,0
2026-07-30 05:11:00,424.02,424.1,424.0,424.1,0
2026-07-30 05:12:00,424.0,424.05,423.19,423.34,0
2026-07-30 05:13:00,423.14,423.42,423.06,423.0651,0
2026-07-30 05:14:00,423.0637,423.5,423.06,423.13,0
2026-07-30 05:15:00,423.16,423.16,421.2112,422.49,0
2026-07-30 05:16:00,422.6389,422.6389,422.06,422.61,0
2026-07-30 05:17:00,422.1012,423.12,422.1012,423.02,0
2026-07-30 05:18:00,423.02,423.02,422.5,422.8,0
2026-07-30 05:19:00,422.73,422.95,422.5,422.7,0
2026-07-30 05:20:00,422.69,423.0085,422.5012,423.0,0
2026-07-30 05:21:00,423.0188,423.02,422.5,423.0,0
2026-07-30 05:22:00,423.1154,423.21,422.5639,423.0094,0
2026-07-30 05:23:00,423.0,423.11,422.54,422.7388,0
2026-07-30 05:24:00,422.5,422.7145,422.5,422.5364,0
2026-07-30 05:25:00,422.5,422.93,422.275,422.7,0
2026-07-30 05:26:00,422.5561,422.8,422.5,422.56,0
2026-07-30 05:27:00,422.56,423.0,422.5,422.99,0
2026-07-30 05:28:00,422.5545,423.0,422.5,422.5,0
2026-07-30 05:29:00,422.5003,423.1,422.5003,423.0,0
2026-07-30 05:30:00,423.0,423.1,422.8062,423.0,0
2026-07-30 05:31:00,423.12,423.2776,422.81,423.22,0
2026-07-30 05:32:00,423.02,423.03,422.45,422.94,0
2026-07-30 05:33:00,422.58,422.8997,422.5,422.7,0
2026-07-30 05:34:00,422.6,422.8697,422.5,422.56,0
2026-07-30 05:35:00,422.56,423.1912,422.56,423.0,0
2026-07-30 05:36:00,423.0,423.0,422.84,423.0,0
2026-07-30 05:37:00,422.88,422.9192,422.5,422.75,0
2026-07-30 05:38:00,422.63,422.75,422.5,422.5,0
2026-07-30 05:39:00,422.62,422.8918,422.62,422.6562,0
2026-07-30 05:40:00,422.85,423.28,422.85,423.06,0
2026-07-30 05:41:00,423.0,423.29,422.6688,422.9912,0
2026-07-30 05:42:00,422.99,423.0,422.7151,422.7371,0
2026-07-30 05:43:00,422.73,423.0,422.69,422.9597,0
2026-07-30 05:44:00,422.7621,422.89,422.5,422.51,0
2026-07-30 05:45:00,422.6,422.75,422.5,422.6002,0
2026-07-30 05:46:00,422.57,422.64,422.5,422.5,0
2026-07-30 05:47:00,422.5073,422.9,422.5073,422.77,0
2026-07-30 05:48:00,422.95,423.0,422.766,422.781,0
2026-07-30 05:49:00,422.96,423.48,422.83,423.37,0
2026-07-30 05:50:00,423.43,424.1,423.43,423.93,0
2026-07-30 05:51:00,423.81,423.9925,423.7,423.7,0
2026-07-30 05:52:00,423.7437,423.7437,423.3,423.3,0
2026-07-30 05:53:00,423.4896,423.4896,423.0,423.42,0
2026-07-30 05:54:00,423.4388,423.63,423.3131,423.3131,0
2026-07-30 05:55:00,423.44,424.97,423.42,424.15,0
2026-07-30 05:56:00,424.79,424.93,424.5,424.79,0
2026-07-30 05:57:00,424.58,424.8,424.55,424.7801,0
2026-07-30 05:58:00,424.66,424.79,423.99,424.17,0
2026-07-30 05:59:00,424.0,424.3,423.99,424.14,0
2026-07-30 06:00:00,424.01,424.13,424.0,424.0095,0
2026-07-30 06:01:00,424.06,424.5,424.0,424.0,0
2026-07-30 06:02:00,424.0,424.5,424.0,424.19,0
2026-07-30 06:03:00,424.17,424.4912,424.01,424.11,0
2026-07-30 06:04:00,424.24,424.8,424.03,424.32,0
2026-07-30 06:05:00,424.4,424.66,424.0,424.5414,0
2026-07-30 06:06:00,424.5,424.61,424.42,424.42,0
2026-07-30 06:07:00,424.265,425.5,424.13,425.1914,0
2026-07-30 06:08:00,425.41,425.48,424.9,425.04,0
2026-07-30 06:09:00,425.13,425.2,424.9,425.15,0
2026-07-30 06:10:00,424.98,425.15,424.98,425.0259,0
2026-07-30 06:11:00,425.1,425.1,424.9,425.0337,0
2026-07-30 06:12:00,425.06,425.1,424.85,425.0048,0
2026-07-30 06:13:00,425.03,425.32,425.0,425.1,0
2026-07-30 06:14:00,425.17,425.38,425.1,425.1,0
2026-07-30 06:15:00,425.1,425.4788,425.01,425.2356,0
2026-07-30 06:16:00,425.27,425.44,425.1,425.1,0
2026-07-30 06:17:00,425.11,425.35,425.1,425.1,0
2026-07-30 06:18:00,425.1784,425.28,425.0,425.2,0
2026-07-30 06:19:00,425.1373,425.28,425.1,425.2,0
2026-07-30 06:20:00,425.1,425.44,425.1,425.2487,0
2026-07-30 06:21:00,425.2107,425.25,425.1,425.15,0
2026-07-30 06:22:00,425.1,425.25,425.1,425.21,0
2026-07-30 06:23:00,425.1078,425.25,425.0,425.14,0
2026-07-30 06:24:00,425.15,425.3,425.0,425.1,0
2026-07-30 06:25:00,425.1,425.32,425.1,425.24,0
2026-07-30 06:26:00,425.27,425.99,425.23,425.7,0
2026-07-30 06:27:00,425.7,425.9,425.7,425.8,0
2026-07-30 06:28:00,425.84,426.4,425.7,426.08,0
2026-07-30 06:29:00,426.4,426.4,425.7,425.82,0
2026-07-30 06:30:00,425.82,426.0,425.7,425.9988,0
2026-07-30 06:31:00,425.85,426.1,425.7,425.7554,0
2026-07-30 06:32:00,425.85,426.78,425.8444,426.76,0
2026-07-30 06:33:00,426.67,427.2,426.48,426.48,0
2026-07-30 06:34:00,426.4502,426.69,426.19,426.3,0
2026-07-30 06:35:00,426.31,426.62,426.3005,426.3122,0
2026-07-30 06:36:00,426.3048,426.36,426.095,426.34,0
2026-07-30 06:37:00,426.296,426.32,425.75,426.05,0
2026-07-30 06:38:00,426.2713,426.2713,425.5,426.0088,0
2026-07-30 06:39:00,425.84,426.0,425.75,425.84,0
2026-07-30 06:40:00,425.763,425.96,425.75,425.75,0
2026-07-30 06:41:00,425.763,425.962,425.7,425.7973,0
2026-07-30 06:42:00,425.7512,426.0,425.7512,425.8546,0
2026-07-30 06:43:00,425.9,426.0,425.85,425.8614,0
2026-07-30 06:44:00,425.87,426.08,425.85,425.85,0
2026-07-30 06:45:00,425.9922,426.24,425.9,426.01,0
2026-07-30 06:46:00,426.02,426.29,425.9,425.9,0
2026-07-30 06:47:00,425.9,426.2,425.9,425.96,0
2026-07-30 06:48:00,425.91,425.9922,425.5,425.7607,0
2026-07-30 06:49:00,425.85,426.05,425.7564,426.0,0
2026-07-30 06:50:00,425.9,427.42,425.69,427.13,0
2026-07-30 06:51:00,427.36,427.4,426.3,426.31,0
2026-07-30 06:52:00,426.31,426.8,426.16,426.49,0
2026-07-30 06:53:00,426.2943,426.41,426.15,426.35,0
2026-07-30 06:54:00,426.3632,427.0,426.1612,426.97,0
2026-07-30 06:55:00,426.8,426.9,426.55,426.55,0
2026-07-30 06:56:00,426.6225,427.38,426.15,427.0666,0
2026-07-30 06:57:00,427.38,427.77,426.9,426.9151,0
2026-07-30 06:58:00,427.19,427.48,426.9,427.34,0
2026-07-30 06:59:00,427.3,427.65,427.19,427.38,0
2026-07-30 07:00:00,427.425,427.88,426.5,427.0,0
2026-07-30 07:01:00,426.9675,427.5,426.75,427.2,0
2026-07-30 07:02:00,427.18,427.74,427.01,427.31,0
2026-07-30 07:03:00,427.495,427.5,427.0,427.11,0
2026-07-30 07:04:00,427.0465,427.35,425.71,426.146,0
2026-07-30 07:05:00,425.68,426.95,425.68,426.935,0
2026-07-30 07:06:00,426.22,426.94,426.0,426.0538,0
2026-07-30 07:07:00,426.0538,426.5,426.0,426.5,0
2026-07-30 07:08:00,426.13,427.0,426.01,426.8,0
2026-07-30 07:09:00,426.56,427.3,426.56,427.2479,0
2026-07-30 07:10:00,427.25,427.25,426.0,426.0538,0
2026-07-30 07:11:00,426.0065,426.26,426.0,426.0,0
2026-07-30 07:12:00,426.0,426.26,425.68,426.0,0
2026-07-30 07:13:00,425.7,426.05,425.5,425.6278,0
2026-07-30 07:14:00,425.63,425.8,425.61,425.6117,0
2026-07-30 07:15:00,425.7283,425.75,425.35,425.35,0
2026-07-30 07:16:00,425.35,425.93,425.315,425.8685,0
2026-07-30 07:17:00,425.366,425.99,425.366,425.5777,0
2026-07-30 07:18:00,425.5,426.0,425.4,425.604,0
2026-07-30 07:19:00,425.69,425.95,425.5,425.6,0
2026-07-30 07:20:00,425.95,426.02,425.6,425.8,0
2026-07-30 07:21:00,425.95,426.35,425.5,426.1,0
2026-07-30 07:22:00,426.0,426.35,425.46,425.7896,0
2026-07-30 07:23:00,425.79,425.9945,425.5,425.8583,0
2026-07-30 07:24:00,425.89,426.2,425.8147,426.0294,0
2026-07-30 07:25:00,426.0289,426.2,425.73,426.2,0
2026-07-30 07:26:00,426.0,426.2,425.73,426.2,0
2026-07-30 07:27:00,426.19,426.6,426.0,426.6,0
2026-07-30 07:28:00,426.6,427.37,426.6,427.0,0
2026-07-30 07:29:00,427.0,427.1661,426.5944,427.02,0
2026-07-30 07:30:00,427.2,427.5,427.0,427.26,0
2026-07-30 07:31:00,427.15,427.97,427.13,427.92,0
2026-07-30 07:32:00,427.97,429.14,427.97,428.81,0
2026-07-30 07:33:00,428.99,429.17,428.7,429.1685,0
2026-07-30 07:34:00,429.02,429.17,428.3206,428.5,0
2026-07-30 07:35:00,428.5728,428.5967,427.89,428.14,0
2026-07-30 07:36:00,428.32,428.5,427.5,428.01,0
2026-07-30 07:37:00,428.04,428.4568,427.75,427.75,0
2026-07-30 07:38:00,427.8063,428.24,427.75,427.95,0
2026-07-30 07:39:00,428.11,428.11,427.0,427.4,0
2026-07-30 07:40:00,427.4,427.91,427.3294,427.88,0
2026-07-30 07:41:00,427.75,428.5,427.75,427.9,0
2026-07-30 07:42:00,427.95,428.41,427.9,427.98,0
2026-07-30 07:43:00,428.0,428.2,427.98,428.15,0
2026-07-30 07:44:00,428.21,428.27,427.9,428.0,0
2026-07-30 07:45:00,428.13,429.31,428.13,429.3,0
2026-07-30 07:46:00,429.31,429.35,428.56,429.1983,0
2026-07-30 07:47:00,429.08,429.58,429.08,429.35,0
2026-07-30 07:48:00,429.26,429.65,429.08,429.65,0
2026-07-30 07:49:00,429.6,429.66,429.0801,429.13,0
2026-07-30 07:50:00,429.286,429.5,429.08,429.2941,0
2026-07-30 07:51:00,429.23,429.35,428.6,429.0,0
2026-07-30 07:52:00,428.8,430.25,428.8,429.7371,0
2026-07-30 07:53:00,429.56,429.8,429.15,429.4435,0
2026-07-30 07:54:00,429.5,430.5,429.5,429.99,0
2026-07-30 07:55:00,430.05,430.2,429.68,429.86,0
2026-07-30 07:56:00,429.7845,430.0,429.5,429.6521,0
2026-07-30 07:57:00,429.5373,429.84,428.88,429.5,0
2026-07-30 07:58:00,429.51,429.85,429.0,429.0,0
2026-07-30 07:59:00,429.4997,429.4997,428.56,428.56,0
2026-07-30 08:00:00,428.6,428.738,428.2,428.4,0
2026-07-30 08:01:00,428.4997,429.2,428.28,428.56,0
2026-07-30 08:02:00,428.7,429.18,428.54,428.9355,0
2026-07-30 08:03:00,428.92,429.0,428.4,428.8051,0
2026-07-30 08:04:00,428.89,429.0,428.5,428.95,0
2026-07-30 08:05:00,429.0,429.01,428.68,428.9,0
2026-07-30 08:06:00,428.8,428.9993,428.5,428.6,0
2026-07-30 08:07:00,428.69,428.8327,428.5,428.59,0
2026-07-30 08:08:00,428.8,428.8419,428.51,428.72,0
2026-07-30 08:09:00,428.6,428.83,428.52,428.5604,0
2026-07-30 08:10:00,428.5619,428.58,427.81,428.3,0
2026-07-30 08:11:00,428.3,428.8,428.1701,428.8,0
2026-07-30 08:12:00,428.8,429.47,428.08,428.7332,0
2026-07-30 08:13:00,428.1838,428.75,427.95,428.5428,0
2026-07-30 08:14:00,428.51,428.99,428.1,428.88,0
2026-07-30 08:15:00,428.79,428.89,428.1,428.6687,0
2026-07-30 08:16:00,428.6687,428.6687,428.1,428.52,0
2026-07-30 08:17:00,428.44,428.54,428.12,428.2998,0
2026-07-30 08:18:00,428.3,428.3,428.0,428.0895,0
2026-07-30 08:19:00,428.2,428.31,428.05,428.16,0
2026-07-30 08:20:00,428.27,428.42,428.1512,428.3,0
2026-07-30 08:21:00,428.25,428.5654,428.16,428.3,0
2026-07-30 08:22:00,428.4,428.7,428.17,428.17,0
2026-07-30 08:23:00,428.5,428.5,428.01,428.2,0
2026-07-30 08:24:00,428.2962,428.5,428.16,428.22,0
2026-07-30 08:25:00,428.2,428.48,428.2,428.2975,0
2026-07-30 08:26:00,428.2734,428.3,427.7,427.7592,0
2026-07-30 08:27:00,427.7595,427.77,427.11,427.37,0
2026-07-30 08:28:00,427.4229,427.44,427.1,427.4052,0
2026-07-30 08:29:00,427.421,427.77,427.4,427.5,0
2026-07-30 08:30:00,427.6,427.8,426.51,426.51,0
2026-07-30 08:31:00,426.51,427.0,426.34,426.5002,0
2026-07-30 08:32:00,426.5007,426.91,426.5,426.59,0
2026-07-30 08:33:00,426.65,426.65,426.01,426.01,0
2026-07-30 08:34:00,426.01,426.5,426.0,426.3863,0
2026-07-30 08:35:00,426.4091,426.59,425.49,426.51,0
2026-07-30 08:36:00,426.53,427.99,426.53,427.61,0
2026-07-30 08:37:00,427.6145,428.02,426.51,426.75,0
2026-07-30 08:38:00,426.9,426.98,426.1,426.47,0
2026-07-30 08:39:00,426.218,426.47,425.5,425.7401,0
2026-07-30 08:40:00,425.56,425.8,425.25,425.55,0
2026-07-30 08:41:00,425.7,426.1,425.5,425.7,0
2026-07-30 08:42:00,425.7,426.44,425.53,426.079,0
2026-07-30 08:43:00,426.41,426.48,425.65,425.92,0
2026-07-30 08:44:00,425.8925,426.72,425.53,426.72,0
2026-07-30 08:45:00,426.6,426.93,426.0,426.76,0
2026-07-30 08:46:00,426.8298,427.42,426.54,426.79,0
2026-07-30 08:47:00,426.66,426.78,426.45,426.5265,0
2026-07-30 08:48:00,426.5,426.93,426.44,426.5035,0
2026-07-30 08:49:00,426.7,427.28,426.44,426.639,0
2026-07-30 08:50:00,426.9,426.99,425.7,426.02,0
2026-07-30 08:51:00,426.17,426.9,425.84,426.83,0
2026-07-30 08:52:00,426.83,427.14,426.34,426.6117,0
2026-07-30 08:53:00,426.6142,426.78,426.31,426.3931,0
2026-07-30 08:54:00,426.41,426.95,426.38,426.82,0
2026-07-30 08:55:00,426.95,427.0,426.36,426.36,0
2026-07-30 08:56:00,426.25,426.99,425.93,426.8266,0
2026-07-30 08:57:00,426.8242,427.33,426.61,426.6294,0
2026-07-30 08:58:00,426.79,427.95,426.71,426.75,0
2026-07-30 08:59:00,426.9212,427.34,426.56,427.34,0
2026-07-30 09:00:00,427.042,427.34,427.0,427.0218,0
2026-07-30 09:01:00,427.0,427.36,426.8587,427.2151,0
2026-07-30 09:02:00,427.32,427.49,427.0,427.05,0
2026-07-30 09:03:00,427.031,427.49,427.0,427.2113,0
2026-07-30 09:04:00,427.13,427.99,427.0,427.8789,0
2026-07-30 09:05:00,427.93,428.7,427.6,428.7,0
2026-07-30 09:06:00,428.6,429.0,428.2,428.55,0
2026-07-30 09:07:00,428.71,428.89,428.11,428.43,0
2026-07-30 09:08:00,428.26,428.7,428.2,428.4,0
2026-07-30 09:09:00,428.4364,428.9,427.86,427.98,0
2026-07-30 09:10:00,427.98,428.4,427.25,427.47,0
2026-07-30 09:11:00,427.53,428.46,427.06,427.8,0
2026-07-30 09:12:00,427.82,428.0,426.95,427.2,0
2026-07-30 09:13:00,427.2,427.8,427.0,427.14,0
2026-07-30 09:14:00,427.1417,427.48,426.75,427.26,0
2026-07-30 09:15:00,427.0,428.3298,427.0,428.3298,0
2026-07-30 09:16:00,427.78,428.55,427.73,428.2586,0
2026-07-30 09:17:00,428.1,428.3,427.39,428.29,0
2026-07-30 09:18:00,427.9967,428.72,427.99,428.6276,0
2026-07-30 09:19:00,428.6186,428.77,428.0,428.0975,0
2026-07-30 09:20:00,428.0,428.13,427.22,427.57,0
2026-07-30 09:21:00,427.31,427.64,426.83,427.01,0
2026-07-30 09:22:00,427.1,427.99,427.1,427.6895,0
2026-07-30 09:23:00,427.64,427.87,426.78,427.0291,0
2026-07-30 09:24:00,427.0,427.19,426.57,426.6,0
2026-07-30 09:25:00,426.6,431.39,426.45,428.29,0
2026-07-30 09:26:00,427.82,428.8,427.3162,427.83,0
2026-07-30 09:27:00,428.09,434.11,428.02,434.11,0
2026-07-30 09:28:00,434.0,440.35,433.82,435.01,0
2026-07-30 09:29:00,435.17,439.3,435.0099,438.44,0
2026-07-30 09:30:00,438.5,438.77,432.44,434.5,9296225
2026-07-30 09:31:00,434.515,438.7,434.39,436.95,1116500
2026-07-30 09:32:00,436.7706,445.53,436.3201,443.13,2453022
2026-07-30 09:33:00,442.74,445.73,441.11,443.4875,1922611
2026-07-30 09:34:00,443.5,447.77,443.26,446.915,1388196
2026-07-30 09:35:00,446.89,449.39,446.46,447.535,1396897
2026-07-30 09:36:00,447.535,451.35,447.19,448.45,1950595
2026-07-30 09:37:00,448.41,448.88,446.347,448.2,897826
2026-07-30 09:38:00,448.17,448.25,444.341,444.705,1181163
2026-07-30 09:39:00,444.65,447.83,444.44,447.52,813763
2026-07-30 09:40:00,447.47,447.63,444.98,446.0,691339
2026-07-30 09:41:00,445.935,446.44,444.38,444.66,575652
2026-07-30 09:42:00,444.54,448.4999,444.49,447.62,819457
2026-07-30 09:43:00,447.62,448.7,446.555,447.715,666812
2026-07-30 09:44:00,447.58,449.3762,447.15,449.255,588710
2026-07-30 09:45:00,449.17,449.44,447.02,448.85,634009
2026-07-30 09:46:00,448.82,450.91,448.48,450.04,1078136
2026-07-30 09:47:00,449.98,450.94,448.7,450.845,741101
2026-07-30 09:48:00,450.82,451.63,449.98,450.38,935541
2026-07-30 09:49:00,450.26,451.725,450.15,451.46,654333
2026-07-30 09:50:00,451.44,451.545,447.62,449.2756,770819
2026-07-30 09:51:00,449.26,449.285,447.92,448.225,569391
2026-07-30 09:52:00,448.15,449.4,448.0805,448.57,427374
2026-07-30 09:53:00,448.56,448.6,447.5,447.575,559375
2026-07-30 09:54:00,447.5,448.17,446.15,447.165,523772
2026-07-30 09:55:00,447.08,448.39,446.97,448.275,464450
2026-07-30 09:56:00,448.29,448.89,447.65,448.4451,368385
2026-07-30 09:57:00,448.445,449.7059,448.21,448.84,373011
2026-07-30 09:58:00,448.88,449.85,448.46,449.115,352047
2026-07-30 09:59:00,449.115,450.16,448.82,450.065,694229
2026-07-30 10:00:00,450.14,451.59,449.3001,451.535,627305
2026-07-30 10:01:00,451.535,451.69,450.32,450.34,483708
2026-07-30 10:02:00,450.42,451.0,449.42,450.945,349884
2026-07-30 10:03:00,450.93,451.1595,448.876,449.3,364359
2026-07-30 10:04:00,449.3799,449.59,448.771,449.1791,283304
2026-07-30 10:05:00,449.125,449.2,445.55,445.68,451922
2026-07-30 10:06:00,445.75,446.7499,445.36,445.96,674771
2026-07-30 10:07:00,445.96,447.26,445.29,447.18,376471
2026-07-30 10:08:00,447.225,447.98,445.9,446.65,412562
2026-07-30 10:09:00,446.57,447.09,446.33,446.79,292272
2026-07-30 10:10:00,446.85,447.0,445.76,446.9008,363097
2026-07-30 10:11:00,446.79,447.47,446.47,447.38,347468
2026-07-30 10:12:00,447.46,448.82,446.51,447.0391,409393
2026-07-30 10:13:00,447.04,447.36,445.6401,446.37,253794
2026-07-30 10:14:00,446.43,448.315,445.7621,448.315,268128
2026-07-30 10:15:00,448.315,448.59,446.98,447.59,257016
2026-07-30 10:16:00,447.56,447.59,446.4,446.7551,230117
2026-07-30 10:17:00,446.7601,448.0,446.68,447.13,293677
2026-07-30 10:18:00,447.11,447.25,445.81,446.295,281948
2026-07-30 10:19:00,446.21,446.69,446.0,446.305,201947
2026-07-30 10:20:00,446.27,446.85,445.91,446.19,269018
2026-07-30 10:21:00,446.19,447.05,445.75,446.38,248356
2026-07-30 10:22:00,446.44,446.925,446.21,446.22,227332
2026-07-30 10:23:00,446.21,447.19,446.06,446.84,172727
2026-07-30 10:24:00,446.84,447.5,446.6206,447.335,189876
2026-07-30 10:25:00,447.49,449.32,447.49,449.32,695714
2026-07-30 10:26:00,449.35,449.88,449.0001,449.465,406415
2026-07-30 10:27:00,449.49,449.77,449.17,449.61,217529
2026-07-30 10:28:00,449.61,450.55,447.0,450.26,716630
2026-07-30 10:29:00,450.29,450.29,449.55,449.89,288105
2026-07-30 10:30:00,449.89,450.65,449.68,450.65,272841
2026-07-30 10:31:00,450.595,450.76,449.94,450.5423,216109
2026-07-30 10:32:00,450.6148,450.96,450.23,450.96,292929
2026-07-30 10:33:00,450.94,450.96,449.57,450.39,552543
2026-07-30 10:34:00,450.45,450.929,449.8,450.38,224643
2026-07-30 10:35:00,450.42,450.68,449.84,450.415,274783
2026-07-30 10:36:00,450.25,450.59,449.33,450.535,295859
2026-07-30 10:37:00,450.57,451.5,450.46,450.845,497938
2026-07-30 10:38:00,450.81,450.84,450.23,450.445,196662
2026-07-30 10:39:00,450.39,450.525,449.62,449.93,229815
2026-07-30 10:40:00,449.8436,451.22,449.65,450.93,519081
2026-07-30 10:41:00,450.94,451.0,449.925,450.7,477360
2026-07-30 10:42:00,450.7,451.92,450.4101,450.4795,373759
2026-07-30 10:43:00,450.41,451.55,450.31,451.31,240710
2026-07-30 10:44:00,451.25,451.64,450.95,451.43,178071
2026-07-30 10:45:00,451.43,451.92,451.35,451.5138,889238
2026-07-30 10:46:00,451.52,451.98,451.19,451.9399,319153
2026-07-30 10:47:00,451.93,452.235,451.39,451.42,522575
2026-07-30 10:48:00,451.42,451.56,450.25,450.71,277157
2026-07-30 10:49:00,450.74,450.93,450.2,450.665,693740
2026-07-30 10:50:00,450.7,451.08,450.34,450.76,190189
2026-07-30 10:51:00,450.785,450.91,449.42,449.84,247186
2026-07-30 10:52:00,449.84,450.03,449.09,449.2656,285220
2026-07-30 10:53:00,449.23,449.6,448.86,449.285,246951
2026-07-30 10:54:00,449.29,449.83,448.87,449.33,256136
2026-07-30 10:55:00,449.32,449.45,448.6,449.215,176161
2026-07-30 10:56:00,449.215,449.56,448.5401,449.16,193578
2026-07-30 10:57:00,449.22,449.22,447.66,447.88,295185
2026-07-30 10:58:00,447.88,447.88,446.68,447.185,246815
2026-07-30 10:59:00,447.185,447.5799,446.84,447.21,278758
2026-07-30 11:00:00,447.21,447.22,444.6401,445.11,532268
2026-07-30 11:01:00,444.99,445.32,444.32,444.445,300453
2026-07-30 11:02:00,444.445,445.89,444.42,445.8341,360912
2026-07-30 11:03:00,445.89,446.25,445.29,445.5,185257
2026-07-30 11:04:00,445.46,446.12,445.4301,445.9,226706
2026-07-30 11:05:00,445.84,446.7,445.75,446.02,420046
2026-07-30 11:06:00,446.01,446.01,444.08,444.695,283045
2026-07-30 11:07:00,444.7,445.42,444.36,445.375,158427
2026-07-30 11:08:00,445.375,445.74,444.75,445.5299,185262
2026-07-30 11:09:00,445.37,445.93,445.0301,445.93,162010
2026-07-30 11:10:00,445.93,445.93,445.18,445.295,210458
2026-07-30 11:11:00,445.33,445.52,445.03,445.52,186188
2026-07-30 11:12:00,445.43,445.66,445.01,445.26,151573
2026-07-30 11:13:00,445.27,445.41,444.5,444.56,146265
2026-07-30 11:14:00,444.56,444.83,443.93,444.475,201688
2026-07-30 11:15:00,444.465,444.5,443.94,444.48,162859
2026-07-30 11:16:00,444.5,444.67,443.69,443.82,198045
2026-07-30 11:17:00,443.82,444.5,443.65,444.265,147635
2026-07-30 11:18:00,444.265,444.96,444.0119,444.4338,131573
2026-07-30 11:19:00,444.46,445.36,444.3,445.315,230575
2026-07-30 11:20:00,445.315,445.62,444.71,445.04,199191
2026-07-30 11:21:00,445.08,446.47,444.99,446.395,209428
2026-07-30 11:22:00,446.405,447.5,446.33,447.415,289160
2026-07-30 11:23:00,447.41,447.49,446.13,446.28,223868
2026-07-30 11:24:00,446.28,446.32,445.38,445.445,141148
2026-07-30 11:25:00,445.52,445.6094,444.45,444.755,198491
2026-07-30 11:26:00,444.699,445.17,444.1,445.11,162249
2026-07-30 11:27:00,445.14,445.375,444.54,444.7551,305379
2026-07-30 11:28:00,444.79,444.9,444.33,444.405,82560
2026-07-30 11:29:00,444.3875,444.75,444.2909,444.49,150866
2026-07-30 11:30:00,444.485,445.01,444.37,444.8,149089
2026-07-30 11:31:00,444.8316,445.54,444.75,445.22,128594
2026-07-30 11:32:00,445.22,445.395,444.69,445.305,278987
2026-07-30 11:33:00,445.26,445.64,444.9401,445.39,133327
2026-07-30 11:34:00,445.3702,446.31,445.37,446.28,136454
2026-07-30 11:35:00,446.33,446.66,446.03,446.3,112114
2026-07-30 11:36:00,446.2602,447.89,446.2602,447.82,176415
2026-07-30 11:37:00,447.83,448.42,447.34,447.735,219659
2026-07-30 11:38:00,447.78,448.315,447.77,448.22,136524
2026-07-30 11:39:00,448.257,449.33,448.1813,448.54,287059
2026-07-30 11:40:00,448.43,448.96,448.175,448.565,129946
2026-07-30 11:41:00,448.57,448.91,448.26,448.72,99918
2026-07-30 11:42:00,448.71,449.59,448.68,449.54,116682
2026-07-30 11:43:00,449.59,449.64,448.91,449.3,105408
2026-07-30 11:44:00,449.25,449.5399,449.09,449.45,97782
2026-07-30 11:45:00,449.38,449.7,449.2,449.575,117887
2026-07-30 11:46:00,449.575,449.84,449.3601,449.5412,151867
2026-07-30 11:47:00,449.57,449.69,449.3,449.48,107343
2026-07-30 11:48:00,449.515,449.8,449.4902,449.73,110707
2026-07-30 11:49:00,449.73,449.98,449.61,449.88,97653
2026-07-30 11:50:00,449.93,450.54,449.83,450.255,363440
2026-07-30 11:51:00,450.295,450.36,449.67,449.97,171860
2026-07-30 11:52:00,449.98,450.025,449.02,449.25,167882
2026-07-30 11:53:00,449.25,449.6,449.18,449.46,106519
2026-07-30 11:54:00,449.49,449.71,449.38,449.5,103411
2026-07-30 11:55:00,449.565,449.59,448.97,449.26,138051
2026-07-30 11:56:00,449.3,449.56,449.04,449.15,107169
2026-07-30 11:57:00,449.15,449.56,449.09,449.55,86973
2026-07-30 11:58:00,449.54,449.5599,449.19,449.37,88726
2026-07-30 11:59:00,449.41,450.17,449.3401,449.91,186970
2026-07-30 12:00:00,449.96,450.75,449.65,450.66,156155
2026-07-30 12:01:00,450.66,451.4,450.5,451.355,292410
2026-07-30 12:02:00,451.4,451.7,450.74,451.69,138199
2026-07-30 12:03:00,451.7,451.85,451.3201,451.58,136058
2026-07-30 12:04:00,451.64,452.395,451.62,451.845,336362
2026-07-30 12:05:00,451.9,452.28,451.7437,452.22,323838
2026-07-30 12:06:00,452.22,452.51,451.94,452.4,205854
2026-07-30 12:07:00,452.35,453.39,452.35,453.3,305749
2026-07-30 12:08:00,453.27,454.27,453.02,453.28,256553
2026-07-30 12:09:00,453.295,454.065,453.09,453.945,371672
2026-07-30 12:10:00,453.945,454.99,453.945,454.89,241522
2026-07-30 12:11:00,454.88,455.99,454.71,455.97,520982
2026-07-30 12:12:00,455.99,456.49,455.38,456.025,340821
2026-07-30 12:13:00,456.06,456.35,455.81,456.225,227113
2026-07-30 12:14:00,456.185,456.215,455.37,455.55,169026
2026-07-30 12:15:00,455.55,455.7,455.3606,455.65,129689
2026-07-30 12:16:00,455.65,455.92,455.35,455.695,137800
2026-07-30 12:17:00,455.72,455.72,454.87,455.255,164631
2026-07-30 12:18:00,455.24,455.42,454.9895,455.21,131457
2026-07-30 12:19:00,455.245,455.48,455.0605,455.275,110878
2026-07-30 12:20:00,455.3,455.37,455.08,455.08,140983
2026-07-30 12:21:00,455.095,455.25,454.84,455.11,111813
2026-07-30 12:22:00,455.125,455.68,455.07,455.445,125046
2026-07-30 12:23:00,455.45,455.82,455.1,455.82,128036
2026-07-30 12:24:00,455.8499,455.89,455.1904,455.465,110656
2026-07-30 12:25:00,455.465,455.6,455.0,455.1849,114221
2026-07-30 12:26:00,455.175,455.56,454.99,455.46,121472
2026-07-30 12:27:00,455.4932,455.51,454.99,455.1951,79049
2026-07-30 12:28:00,455.19,455.36,455.02,455.145,74190
2026-07-30 12:29:00,455.1993,455.36,455.11,455.29,86345
2026-07-30 12:30:00,455.3,455.36,454.95,455.0,117805
2026-07-30 12:31:00,455.0,455.005,454.042,454.335,164035
2026-07-30 12:32:00,454.33,455.249,454.22,455.21,141429
2026-07-30 12:33:00,455.185,455.34,454.53,454.59,106158
2026-07-30 12:34:00,454.62,454.62,453.73,454.05,135935
2026-07-30 12:35:00,454.08,454.64,453.83,454.61,94539
2026-07-30 12:36:00,454.6,454.875,454.29,454.54,97020
2026-07-30 12:37:00,454.57,454.89,454.38,454.855,71916
2026-07-30 12:38:00,454.85,455.22,454.6,455.025,94572
2026-07-30 12:39:00,454.98,455.0291,453.99,454.14,106822
2026-07-30 12:40:00,454.1776,454.72,454.05,454.44,103008
2026-07-30 12:41:00,454.38,454.62,453.99,454.06,98663
2026-07-30 12:42:00,454.06,454.1299,453.2518,453.295,90960
2026-07-30 12:43:00,453.25,453.64,452.94,453.43,131671
2026-07-30 12:44:00,453.46,453.75,453.3001,453.45,84962
2026-07-30 12:45:00,453.41,453.7,453.26,453.635,104277
2026-07-30 12:46:00,453.69,454.27,453.571,454.19,151871
2026-07-30 12:47:00,454.1525,454.18,453.83,454.09,89170
2026-07-30 12:48:00,454.09,454.3,453.94,454.29,95085
2026-07-30 12:49:00,454.25,454.39,454.21,454.36,82133
2026-07-30 12:50:00,454.36,454.55,454.0401,454.3901,88152
2026-07-30 12:51:00,454.435,454.64,454.27,454.52,87418
2026-07-30 12:52:00,454.44,454.78,454.27,454.54,295194
2026-07-30 12:53:00,454.545,454.65,454.355,454.5201,305850
2026-07-30 12:54:00,454.61,454.9,454.53,454.7234,89130
2026-07-30 12:55:00,454.78,455.32,454.62,455.2984,319216
2026-07-30 12:56:00,455.245,455.65,455.18,455.615,121966
2026-07-30 12:57:00,455.615,455.7,454.62,454.67,121977
2026-07-30 12:58:00,454.655,455.32,454.55,455.265,70452
2026-07-30 12:59:00,455.265,455.35,454.82,455.145,116887
2026-07-30 13:00:00,455.12,455.77,455.101,455.52,116284
2026-07-30 13:01:00,455.52,455.52,455.11,455.245,74604
2026-07-30 13:02:00,455.21,455.79,455.14,455.715,91917
2026-07-30 13:03:00,455.76,456.45,455.67,456.2565,180556
2026-07-30 13:04:00,456.21,456.3817,456.01,456.36,76061
2026-07-30 13:05:00,456.365,456.4,455.73,455.77,103158
2026-07-30 13:06:00,455.76,455.83,455.13,455.17,88493
2026-07-30 13:07:00,455.17,455.39,454.91,455.29,87252
2026-07-30 13:08:00,455.25,455.63,455.1101,455.41,74313
2026-07-30 13:09:00,455.41,455.78,455.25,455.7581,82281
2026-07-30 13:10:00,455.8,455.97,455.37,455.6,75693
2026-07-30 13:11:00,455.6,455.8004,455.4,455.785,67903
2026-07-30 13:12:00,455.82,455.89,455.5,455.63,79876
2026-07-30 13:13:00,455.67,455.7599,455.2701,455.6501,53917
2026-07-30 13:14:00,455.69,455.97,455.61,455.85,79002
2026-07-30 13:15:00,455.85,455.92,455.55,455.5601,74349
2026-07-30 13:16:00,455.6099,455.8899,455.5601,455.81,53349
2026-07-30 13:17:00,455.81,455.865,455.56,455.67,68141
2026-07-30 13:18:00,455.64,455.765,455.4,455.565,66519
2026-07-30 13:19:00,455.53,455.65,455.38,455.38,70851
2026-07-30 13:20:00,455.38,455.43,454.975,455.3,73706
2026-07-30 13:21:00,455.33,455.69,455.26,455.5,78347
2026-07-30 13:22:00,455.5,455.7,455.38,455.435,77040
2026-07-30 13:23:00,455.45,455.73,455.36,455.575,61166
2026-07-30 13:24:00,455.5911,455.61,455.17,455.25,70552
2026-07-30 13:25:00,455.23,455.4,455.16,455.32,55324
2026-07-30 13:26:00,455.33,455.6677,455.3,455.62,65621
2026-07-30 13:27:00,455.635,455.97,455.59,455.91,92098
2026-07-30 13:28:00,455.91,456.25,455.8301,455.98,170850
2026-07-30 13:29:00,455.965,456.1,455.83,455.95,67855
2026-07-30 13:30:00,455.99,456.45,455.9,456.365,85755
2026-07-30 13:31:00,456.3208,456.6,456.15,456.42,138857
2026-07-30 13:32:00,456.415,456.48,455.96,456.335,105813
2026-07-30 13:33:00,456.335,456.56,456.16,456.475,121778
2026-07-30 13:34:00,456.48,456.8,456.11,456.71,98372
2026-07-30 13:35:00,456.7681,457.45,456.69,457.45,211198
2026-07-30 13:36:00,457.4399,457.91,457.41,457.8751,138374
2026-07-30 13:37:00,457.875,457.9,457.02,457.16,143017
2026-07-30 13:38:00,457.185,457.2,456.4037,456.63,112753
2026-07-30 13:39:00,456.64,456.8,456.295,456.56,104754
2026-07-30 13:40:00,456.56,457.0,456.54,456.815,107900
2026-07-30 13:41:00,456.84,457.0,456.64,456.82,102215
2026-07-30 13:42:00,456.7966,456.8398,456.45,456.66,68494
2026-07-30 13:43:00,456.71,456.72,456.46,456.5,52660
2026-07-30 13:44:00,456.4714,456.555,456.2901,456.425,64908
2026-07-30 13:45:00,456.44,456.5,456.1,456.225,94261
2026-07-30 13:46:00,456.245,456.5,455.84,456.48,111301
2026-07-30 13:47:00,456.5,456.65,456.41,456.5,75364
2026-07-30 13:48:00,456.525,457.0,456.51,456.89,90724
2026-07-30 13:49:00,456.89,457.0,456.69,456.75,83378
2026-07-30 13:50:00,456.74,456.85,456.53,456.66,82829
2026-07-30 13:51:00,456.71,456.75,455.5401,455.91,253913
2026-07-30 13:52:00,455.91,456.0,455.58,455.76,88103
2026-07-30 13:53:00,455.8,455.9,455.6725,455.855,70009
2026-07-30 13:54:00,455.855,456.01,455.82,456.0,91822
2026-07-30 13:55:00,455.995,456.0,455.85,455.92,77863
2026-07-30 13:56:00,455.89,455.97,455.43,455.67,100441
2026-07-30 13:57:00,455.67,455.8497,455.56,455.84,56306
2026-07-30 13:58:00,455.815,455.85,455.6,455.665,61022
2026-07-30 13:59:00,455.64,456.03,455.63,455.87,137351
2026-07-30 14:00:00,455.95,456.12,455.74,455.765,117311
2026-07-30 14:01:00,455.74,455.92,455.71,455.92,93552
2026-07-30 14:02:00,455.925,455.97,455.75,455.85,48995
2026-07-30 14:03:00,455.85,456.865,455.845,456.05,135330
2026-07-30 14:04:00,456.05,456.065,455.3601,455.465,149028
2026-07-30 14:05:00,455.47,455.95,455.4401,455.5,195825
2026-07-30 14:06:00,455.475,455.5,455.3716,455.4938,118856
2026-07-30 14:07:00,455.5,456.085,455.4925,456.085,95509
2026-07-30 14:08:00,456.09,456.76,455.965,456.6326,192484
2026-07-30 14:09:00,456.71,456.88,456.4,456.4,97807
2026-07-30 14:10:00,456.5,457.24,456.41,457.185,105738
2026-07-30 14:11:00,457.185,457.79,457.185,457.695,112080
2026-07-30 14:12:00,457.69,458.5,457.61,458.5,211384
2026-07-30 14:13:00,458.5,458.69,458.34,458.595,130557
2026-07-30 14:14:00,458.61,458.69,457.74,457.82,137455
2026-07-30 14:15:00,457.87,458.14,457.6225,457.71,151639
2026-07-30 14:16:00,457.73,458.03,457.59,457.94,69936
2026-07-30 14:17:00,457.94,457.9567,457.55,457.7,71006
2026-07-30 14:18:00,457.695,458.08,457.651,458.0656,76152
2026-07-30 14:19:00,458.0416,458.08,457.76,457.825,75229
2026-07-30 14:20:00,457.81,457.95,457.55,457.735,96671
2026-07-30 14:21:00,457.714,457.8498,457.45,457.77,95245
2026-07-30 14:22:00,457.77,457.81,457.65,457.79,80305
2026-07-30 14:23:00,457.765,457.98,457.68,457.935,72183
2026-07-30 14:24:00,457.95,458.1307,457.76,458.11,110150
2026-07-30 14:25:00,458.1379,458.17,457.4004,457.44,154351
2026-07-30 14:26:00,457.48,457.6,457.37,457.54,64613
2026-07-30 14:27:00,457.49,457.82,457.49,457.785,66160
2026-07-30 14:28:00,457.785,458.2,457.63,458.08,120355
2026-07-30 14:29:00,458.11,458.5,457.9401,458.17,113690
2026-07-30 14:30:00,458.2,458.29,457.9201,458.145,116844
2026-07-30 14:31:00,458.145,458.215,457.51,458.04,227896
2026-07-30 14:32:00,458.0468,458.0999,457.27,457.56,105155
2026-07-30 14:33:00,457.6,458.055,457.4701,457.81,87279
2026-07-30 14:34:00,457.795,457.9,457.45,457.6233,81580
2026-07-30 14:35:00,457.62,457.67,457.36,457.385,83580
2026-07-30 14:36:00,457.385,457.41,456.92,457.085,86256
2026-07-30 14:37:00,457.12,457.21,456.79,456.835,107867
2026-07-30 14:38:00,456.8475,457.1,456.6201,456.65,123358
2026-07-30 14:39:00,456.63,457.03,456.57,456.64,68999
2026-07-30 14:40:00,456.6686,456.98,456.56,456.87,71002
2026-07-30 14:41:00,456.87,456.87,456.115,456.155,87058
2026-07-30 14:42:00,456.155,456.41,456.02,456.07,84976
2026-07-30 14:43:00,456.1,456.17,455.9801,456.14,78278
2026-07-30 14:44:00,456.05,456.16,455.77,455.95,78755
2026-07-30 14:45:00,455.96,456.03,455.851,456.0,60430
2026-07-30 14:46:00,455.99,456.29,455.98,456.29,83536
2026-07-30 14:47:00,456.29,456.66,456.29,456.535,100861
2026-07-30 14:48:00,456.5699,456.5699,456.37,456.43,85928
2026-07-30 14:49:00,456.425,456.425,456.03,456.345,60177
2026-07-30 14:50:00,456.345,456.96,456.3005,456.695,86065
2026-07-30 14:51:00,456.695,456.88,456.22,456.7,86122
2026-07-30 14:52:00,456.685,456.81,456.16,456.315,90341
2026-07-30 14:53:00,456.305,456.41,456.07,456.175,71018
2026-07-30 14:54:00,456.175,456.47,456.13,456.2942,73147
2026-07-30 14:55:00,456.33,456.7,456.29,456.45,92507
2026-07-30 14:56:00,456.43,456.79,456.27,456.76,73062
2026-07-30 14:57:00,456.76,456.88,456.09,456.55,112502
2026-07-30 14:58:00,456.536,456.749,456.2948,456.39,87104
2026-07-30 14:59:00,456.39,456.54,455.84,456.0,92955
2026-07-30 15:00:00,456.02,456.25,455.5812,456.19,116744
2026-07-30 15:01:00,456.225,456.59,455.98,456.315,128175
2026-07-30 15:02:00,456.325,456.5,455.78,455.88,85450
2026-07-30 15:03:00,455.879,455.96,455.4,455.5,110933
2026-07-30 15:04:00,455.512,455.9,455.22,455.595,399406
2026-07-30 15:05:00,455.595,455.65,454.89,455.4,128766
2026-07-30 15:06:00,455.4,455.49,455.15,455.39,78483
2026-07-30 15:07:00,455.44,455.44,454.94,455.12,101014
2026-07-30 15:08:00,455.09,455.42,454.7303,455.28,150422
2026-07-30 15:09:00,455.27,455.655,455.22,455.235,110989
2026-07-30 15:10:00,455.235,455.73,455.227,455.4376,76740
2026-07-30 15:11:00,455.41,455.7,455.3811,455.5,65850
2026-07-30 15:12:00,455.54,455.72,455.3101,455.555,69247
2026-07-30 15:13:00,455.51,455.51,455.06,455.32,76042
2026-07-30 15:14:00,455.37,455.4,454.9118,454.955,99301
2026-07-30 15:15:00,454.9946,455.15,454.8,454.92,112806
2026-07-30 15:16:00,454.945,455.13,454.71,454.9,125958
2026-07-30 15:17:00,454.905,455.36,454.82,454.825,149636
2026-07-30 15:18:00,454.7601,455.25,454.68,455.23,213582
2026-07-30 15:19:00,455.26,456.32,455.22,455.565,158822
2026-07-30 15:20:00,455.6,456.07,455.54,455.835,94455
2026-07-30 15:21:00,455.7923,456.03,455.41,455.76,158824
2026-07-30 15:22:00,455.77,456.18,455.77,456.16,70993
2026-07-30 15:23:00,456.085,456.75,455.83,456.66,105443
2026-07-30 15:24:00,456.6301,457.25,456.52,456.6648,174431
2026-07-30 15:25:00,456.7,457.33,456.6201,456.8,80933
2026-07-30 15:26:00,456.82,457.23,456.76,456.91,140431
2026-07-30 15:27:00,456.88,456.94,456.5,456.525,107190
2026-07-30 15:28:00,456.525,457.08,456.4,457.02,82793
2026-07-30 15:29:00,457.05,457.075,456.75,456.76,82702
2026-07-30 15:30:00,456.76,456.8798,456.46,456.5,97516
2026-07-30 15:31:00,456.55,456.94,456.5,456.65,103604
2026-07-30 15:32:00,456.7,456.895,456.49,456.6,421851
2026-07-30 15:33:00,456.63,456.95,456.54,456.69,104429
2026-07-30 15:34:00,456.69,456.81,456.38,456.56,102845
2026-07-30 15:35:00,456.525,456.705,456.45,456.45,79335
2026-07-30 15:36:00,456.44,457.0426,456.4301,456.675,154682
2026-07-30 15:37:00,456.67,456.84,456.39,456.6491,102875
2026-07-30 15:38:00,456.5223,456.98,456.5,456.77,102737
2026-07-30 15:39:00,456.78,457.0,456.48,456.5401,127139
2026-07-30 15:40:00,456.595,456.72,456.17,456.36,96694
2026-07-30 15:41:00,456.36,456.43,455.7701,455.855,91864
2026-07-30 15:42:00,455.86,456.09,455.44,456.09,125489
2026-07-30 15:43:00,456.11,456.35,455.7901,455.8301,129752
2026-07-30 15:44:00,455.8988,455.8988,455.215,455.74,138609
2026-07-30 15:45:00,455.71,455.87,455.4501,455.51,97274
2026-07-30 15:46:00,455.52,455.56,455.24,455.265,142411
2026-07-30 15:47:00,455.23,455.61,455.21,455.47,127498
2026-07-30 15:48:00,455.41,455.78,455.15,455.16,163156
2026-07-30 15:49:00,455.195,455.425,455.09,455.36,149628
2026-07-30 15:50:00,455.37,455.42,454.66,455.04,187390
2026-07-30 15:51:00,455.03,455.035,454.52,454.79,222795
2026-07-30 15:52:00,454.76,455.68,454.69,455.61,220144
2026-07-30 15:53:00,455.56,456.25,455.16,455.16,383810
2026-07-30 15:54:00,455.18,455.69,453.7,453.94,425043
2026-07-30 15:55:00,453.95,454.05,451.15,451.37,696453
2026-07-30 15:56:00,451.37,452.47,451.1,451.19,497464
2026-07-30 15:57:00,451.18,451.68,450.37,450.86,720723
2026-07-30 15:58:00,450.86,451.44,450.58,450.9501,882837
2026-07-30 15:59:00,450.965,451.705,450.965,451.48,1303248
2026-07-30 16:00:00,451.1,451.79,438.0,451.5,6191710
2026-07-30 16:01:00,451.51,451.75,451.24,451.4507,0
2026-07-30 16:02:00,451.45,451.5,450.12,450.8145,0
2026-07-30 16:03:00,450.6174,450.7011,450.12,450.4182,0
2026-07-30 16:04:00,450.4,451.1,450.12,450.4294,0
2026-07-30 16:05:00,450.4,451.33,450.31,450.83,0
2026-07-30 16:06:00,450.84,450.94,449.28,449.8,0
2026-07-30 16:07:00,449.6825,449.81,449.09,449.25,0
2026-07-30 16:08:00,449.36,449.6899,449.25,449.46,0
2026-07-30 16:09:00,449.4,449.72,449.26,449.72,0
2026-07-30 16:10:00,449.71,451.1,449.09,449.29,0
2026-07-30 16:11:00,449.258,451.1,448.5,448.7437,0
2026-07-30 16:12:00,448.6999,448.8197,448.5,448.5,0
2026-07-30 16:13:00,448.51,448.9,448.5,448.8219,0
2026-07-30 16:14:00,448.9,448.91,448.51,448.5937,0
2026-07-30 16:15:00,451.1,451.1,448.3,448.3,0
2026-07-30 16:16:00,448.41,449.0,448.26,448.8862,0
2026-07-30 16:17:00,448.92,448.9777,448.5,448.5501,0
2026-07-30 16:18:00,448.59,449.55,448.55,449.4,0
2026-07-30 16:19:00,449.3518,449.73,449.03,449.32,0
2026-07-30 16:20:00,449.31,449.7,449.1,449.25,0
2026-07-30 16:21:00,449.5,449.52,449.04,449.5,0
2026-07-30 16:22:00,449.5,451.1,449.45,449.51,0
2026-07-30 16:23:00,449.5061,450.0,449.5015,449.9313,0
2026-07-30 16:24:00,449.9388,450.29,449.67,449.7964,0
2026-07-30 16:25:00,449.8248,450.04,449.5,449.5162,0
2026-07-30 16:26:00,449.5,449.6,449.0,449.3,0
2026-07-30 16:27:00,449.0,449.3,448.69,448.99,0
2026-07-30 16:28:00,448.82,450.75,448.82,449.4042,0
2026-07-30 16:29:00,449.52,449.891,449.0,449.2891,0
2026-07-30 16:30:00,449.2908,449.6887,449.0,449.49,0
2026-07-30 16:31:00,449.265,449.7,449.0,449.36,0
2026-07-30 16:32:00,449.32,451.1,449.31,449.6705,0
2026-07-30 16:33:00,449.59,450.0,449.26,449.3,0
2026-07-30 16:34:00,449.3,451.1,449.27,449.81,0
2026-07-30 16:35:00,449.9,450.0,449.5,449.54,0
2026-07-30 16:36:00,449.778,449.86,449.3,449.5,0
2026-07-30 16:37:00,449.85,449.97,449.5,449.6092,0
2026-07-30 16:38:00,449.65,449.97,449.52,449.5995,0
2026-07-30 16:39:00,449.55,451.1,449.2972,449.5,0
2026-07-30 16:40:00,449.49,449.61,449.26,449.26,0
2026-07-30 16:41:00,449.2687,449.6,449.26,449.3517,0
2026-07-30 16:42:00,449.35,451.1,448.67,448.84,0
2026-07-30 16:43:00,448.67,448.83,448.6,448.7662,0
2026-07-30 16:44:00,448.79,448.9999,448.6,448.9198,0
2026-07-30 16:45:00,448.9201,449.15,448.75,448.97,0
2026-07-30 16:46:00,449.1688,449.17,448.72,449.0,0
2026-07-30 16:47:00,448.8,449.0,448.6,448.6,0
2026-07-30 16:48:00,448.72,448.85,448.6,448.752,0
2026-07-30 16:49:00,451.1,451.1,448.73,448.75,0
2026-07-30 16:50:00,448.7328,448.8,448.7,448.7339,0
2026-07-30 16:51:00,448.7302,448.85,448.73,448.7602,0
2026-07-30 16:52:00,448.75,448.85,448.74,448.7532,0
2026-07-30 16:53:00,448.75,448.77,448.6,448.73,0
2026-07-30 16:54:00,448.7,448.73,448.6,448.6112,0
2026-07-30 16:55:00,448.6111,448.75,448.6,448.66,0
2026-07-30 16:56:00,448.65,448.7,448.6,448.6015,0
2026-07-30 16:57:00,448.66,448.6975,448.5,448.65,0
2026-07-30 16:58:00,448.63,448.76,448.6,448.6753,0
2026-07-30 16:59:00,448.7585,448.79,448.6,448.6325,0
2026-07-30 17:00:00,448.63,448.79,448.6,448.685,0
2026-07-30 17:01:00,448.6001,448.79,448.5,448.5,0
2026-07-30 17:02:00,448.6,448.64,448.49,448.49,0
2026-07-30 17:03:00,448.49,448.49,448.1,448.1,0
2026-07-30 17:04:00,448.11,448.29,448.03,448.17,0
2026-07-30 17:05:00,448.17,448.51,432.7446,448.4,0
2026-07-30 17:06:00,448.3,479.4115,448.02,449.2639,0
2026-07-30 17:07:00,448.03,474.7552,421.3646,448.1004,0
2026-07-30 17:08:00,448.1302,448.1975,416.8947,447.9362,0
2026-07-30 17:09:00,447.9875,448.0,426.8048,447.59,0
2026-07-30 17:10:00,447.58,448.0,424.7374,447.59,0
2026-07-30 17:11:00,447.59,447.6123,446.9005,446.9005,0
2026-07-30 17:12:00,446.9013,447.383,446.55,447.0,0
2026-07-30 17:13:00,446.8,476.3396,420.441,446.551,0
2026-07-30 17:14:00,446.55,477.6209,427.7414,447.0,0
2026-07-30 17:15:00,447.0,447.1,442.1234,446.88,0
2026-07-30 17:16:00,447.01,447.01,446.5,446.6,0
2026-07-30 17:17:00,416.9426,470.2689,416.9426,446.5,0
2026-07-30 17:18:00,446.41,446.5589,446.21,446.21,0
2026-07-30 17:19:00,446.3,461.153,446.01,446.02,0
2026-07-30 17:20:00,446.12,456.9505,421.3646,447.0,0
2026-07-30 17:21:00,446.656,476.3396,442.1234,446.51,0
2026-07-30 17:22:00,446.6,446.85,446.4,446.6,0
2026-07-30 17:23:00,446.96,446.96,446.4,446.58,0
2026-07-30 17:24:00,446.7412,447.0,446.4,447.0,0
2026-07-30 17:25:00,446.75,447.26,446.7,447.0195,0
2026-07-30 17:26:00,447.149,447.19,446.8,446.9901,0
2026-07-30 17:27:00,447.1022,447.259,446.9,447.259,0
2026-07-30 17:28:00,447.53,447.6,447.12,447.35,0
2026-07-30 17:29:00,447.4,451.1,447.31,447.58,0
2026-07-30 17:30:00,447.7371,447.7925,447.12,447.12,0
2026-07-30 17:31:00,447.13,447.4,447.12,447.16,0
2026-07-30 17:32:00,447.13,447.2287,447.12,447.1261,0
2026-07-30 17:33:00,447.25,447.25,447.11,447.12,0
2026-07-30 17:34:00,447.12,447.12,447.1,447.12,0
2026-07-30 17:35:00,447.12,447.12,447.09,447.1,0
2026-07-30 17:36:00,447.1169,447.119,447.0,447.1058,0
2026-07-30 17:37:00,447.1098,447.11,447.1,447.1,0
2026-07-30 17:38:00,447.1,447.11,447.0,447.1,0
2026-07-30 17:39:00,447.1088,451.1,447.1,447.11,0
2026-07-30 17:40:00,447.1,447.67,447.1,447.25,0
2026-07-30 17:41:00,447.6365,447.65,447.1,447.1,0
2026-07-30 17:42:00,447.22,447.3437,447.1,447.1101,0
2026-07-30 17:43:00,447.11,447.35,447.1,447.14,0
2026-07-30 17:44:00,447.1486,447.1486,446.08,446.23,0
2026-07-30 17:45:00,446.1477,446.47,446.04,446.25,0
2026-07-30 17:46:00,446.2537,446.2982,446.04,446.09,0
2026-07-30 17:47:00,446.28,447.1237,446.1296,446.33,0
2026-07-30 17:48:00,446.3,446.9,446.3,446.8682,0
2026-07-30 17:49:00,446.8017,446.87,446.31,446.7,0
2026-07-30 17:50:00,446.5283,446.7,446.5283,446.5298,0
2026-07-30 17:51:00,446.5239,446.9,446.51,446.8542,0
2026-07-30 17:52:00,446.8704,447.15,446.8,446.9,0
2026-07-30 17:53:00,447.098,447.85,446.849,447.5688,0
2026-07-30 17:54:00,447.52,448.0,446.827,447.1902,0
2026-07-30 17:55:00,447.08,447.2,446.81,446.89,0
2026-07-30 17:56:00,446.89,447.0549,446.83,447.0,0
2026-07-30 17:57:00,447.05,447.1085,446.83,446.83,0
2026-07-30 17:58:00,446.9214,446.9988,446.83,446.8765,0
2026-07-30 17:59:00,446.87,447.9225,446.87,447.5,0
2026-07-30 18:00:00,447.55,447.6342,447.5,447.5,0
2026-07-30 18:01:00,447.52,448.0,447.5,447.59,0
2026-07-30 18:02:00,447.99,448.2,447.99,448.2,0
2026-07-30 18:03:00,448.09,448.21,448.0,448.01,0
2026-07-30 18:04:00,448.0,448.05,447.0,447.11,0
2026-07-30 18:05:00,447.49,447.5,447.11,447.18,0
2026-07-30 18:06:00,447.3292,447.9795,447.18,447.51,0
2026-07-30 18:07:00,447.39,447.55,447.25,447.25,0
2026-07-30 18:08:00,447.5,447.5,447.0,447.1481,0
2026-07-30 18:09:00,447.18,447.5,447.0,447.35,0
2026-07-30 18:10:00,447.4456,447.975,447.2216,447.5,0
2026-07-30 18:11:00,447.26,447.57,447.1,447.1075,0
2026-07-30 18:12:00,447.1075,447.4,447.1,447.1341,0
2026-07-30 18:13:00,447.15,447.4,447.1,447.1829,0
2026-07-30 18:14:00,447.14,447.5,447.1,447.25,0
2026-07-30 18:15:00,447.25,447.49,447.1025,447.2,0
2026-07-30 18:16:00,447.2,447.2,446.88,446.88,0
2026-07-30 18:17:00,446.83,446.83,446.5,446.6,0
2026-07-30 18:18:00,446.5,446.6,446.5,446.56,0
2026-07-30 18:19:00,446.51,446.5503,446.5,446.5,0
2026-07-30 18:20:00,446.5001,446.53,446.3,446.3,0
2026-07-30 18:21:00,446.37,446.4,446.03,446.21,0
2026-07-30 18:22:00,446.03,446.1599,446.01,446.0135,0
2026-07-30 18:23:00,446.03,446.15,445.7027,446.0817,0
2026-07-30 18:24:00,445.75,446.0,445.66,446.0,0
2026-07-30 18:25:00,445.85,446.42,445.8,445.84,0
2026-07-30 18:26:00,445.9,446.0,445.51,445.51,0
2026-07-30 18:27:00,445.51,445.7,445.29,445.48,0
2026-07-30 18:28:00,445.58,445.75,445.4,445.5,0
2026-07-30 18:29:00,445.4789,445.6,445.25,445.45,0
2026-07-30 18:30:00,445.31,445.63,445.31,445.3797,0
2026-07-30 18:31:00,445.36,445.49,445.25,445.25,0
2026-07-30 18:32:00,445.2506,445.5,445.1,445.42,0
2026-07-30 18:33:00,445.45,445.9999,445.45,445.73,0
2026-07-30 18:34:00,445.9925,446.0,445.7,445.75,0
2026-07-30 18:35:00,445.72,446.0,445.71,445.7773,0
2026-07-30 18:36:00,445.72,446.5197,445.72,446.2668,0
2026-07-30 18:37:00,446.27,446.6,446.13,446.47,0
2026-07-30 18:38:00,446.6,446.88,446.4,446.4,0
2026-07-30 18:39:00,446.49,446.87,446.4,446.46,0
2026-07-30 18:40:00,446.85,446.85,446.4,446.5,0
2026-07-30 18:41:00,446.41,446.595,446.4,446.444,0
2026-07-30 18:42:00,446.41,446.835,446.25,446.466,0
2026-07-30 18:43:00,446.47,447.2,446.47,447.06,0
2026-07-30 18:44:00,447.2,447.2065,447.0,447.08,0
2026-07-30 18:45:00,447.07,447.1952,447.06,447.083,0
2026-07-30 18:46:00,447.1127,447.6,447.1,447.24,0
2026-07-30 18:47:00,447.2614,447.4,447.24,447.28,0
2026-07-30 18:48:00,447.4357,447.5,447.27,447.4179,0
2026-07-30 18:49:00,447.4,447.72,447.38,447.55,0
2026-07-30 18:50:00,447.65,447.72,447.55,447.55,0
2026-07-30 18:51:00,447.6,447.71,447.55,447.63,0
2026-07-30 18:52:00,447.61,447.9783,447.61,447.9,0
2026-07-30 18:53:00,447.86,447.98,447.79,447.8,0
2026-07-30 18:54:00,447.82,448.0,447.55,447.85,0
2026-07-30 18:55:00,448.15,448.15,447.83,447.83,0
2026-07-30 18:56:00,448.0,448.63,448.0,448.6212,0
2026-07-30 18:57:00,448.6,449.31,448.4001,448.56,0
2026-07-30 18:58:00,448.9895,449.44,448.58,449.1677,0
2026-07-30 18:59:00,449.16,449.307,449.0779,449.307,0
2026-07-30 19:00:00,449.31,449.48,449.16,449.32,0
2026-07-30 19:01:00,449.32,449.32,448.41,448.41,0
2026-07-30 19:02:00,448.56,449.0,448.5,448.8,0
2026-07-30 19:03:00,448.63,449.0,448.5,448.5775,0
2026-07-30 19:04:00,448.5,449.0,448.5,448.5,0
2026-07-30 19:05:00,448.5,448.9,448.5,448.7,0
2026-07-30 19:06:00,448.7,448.8999,448.6,448.7,0
2026-07-30 19:07:00,448.7,448.9,448.64,448.66,0
2026-07-30 19:08:00,448.7,448.7,448.6,448.62,0
2026-07-30 19:09:00,448.6,448.6031,448.5,448.5,0
2026-07-30 19:10:00,448.5,448.6,448.5,448.55,0
2026-07-30 19:11:00,448.55,448.55,448.02,448.02,0
2026-07-30 19:12:00,448.02,448.49,448.02,448.1,0
2026-07-30 19:13:00,448.1,448.5,448.02,448.39,0
2026-07-30 19:14:00,448.02,448.4,448.02,448.05,0
2026-07-30 19:15:00,448.1,448.3,448.05,448.11,0
2026-07-30 19:16:00,448.1962,448.2,447.75,447.75,0
2026-07-30 19:17:00,447.8977,448.0,447.5,447.8,0
2026-07-30 19:18:00,447.66,448.0,447.5,447.83,0
2026-07-30 19:19:00,447.6,447.85,447.5,447.5,0
2026-07-30 19:20:00,447.5432,447.8,447.5,447.75,0
2026-07-30 19:21:00,447.7887,448.0,447.65,447.75,0
2026-07-30 19:22:00,447.8,447.8,447.5,447.5,0
2026-07-30 19:23:00,447.5,447.7523,447.5,447.71,0
2026-07-30 19:24:00,447.71,447.71,447.5,447.7,0
2026-07-30 19:25:00,447.6,447.95,447.5,447.5,0
2026-07-30 19:26:00,447.6,447.95,447.5316,447.87,0
2026-07-30 19:27:00,447.66,447.8206,447.61,447.66,0
2026-07-30 19:28:00,447.7,447.7,447.6,447.6,0
2026-07-30 19:29:00,447.62,447.71,447.55,447.55,0
2026-07-30 19:30:00,447.5525,447.6,447.2,447.4,0
2026-07-30 19:31:00,447.4144,447.55,447.2,447.49,0
2026-07-30 19:32:00,447.49,448.21,447.49,447.695,0
2026-07-30 19:33:00,447.6975,447.7,447.26,447.6,0
2026-07-30 19:34:00,447.69,447.88,447.5,447.88,0
2026-07-30 19:35:00,447.6,447.88,447.6,447.6199,0
2026-07-30 19:36:00,447.96,447.98,447.6678,447.858,0
2026-07-30 19:37:00,447.7,447.9,447.6,447.6,0
2026-07-30 19:38:00,447.71,447.8197,447.6,447.65,0
2026-07-30 19:39:00,447.73,447.8,447.6,447.66,0
2026-07-30 19:40:00,447.7,447.9,447.6,447.8551,0
2026-07-30 19:41:00,447.66,448.34,447.6538,448.2784,0
2026-07-30 19:42:00,447.99,448.5,447.9001,448.195,0
2026-07-30 19:43:00,448.1,448.2,448.0,448.031,0
2026-07-30 19:44:00,448.005,448.2,447.8012,448.0,0
2026-07-30 19:45:00,447.95,447.95,447.6504,447.6757,0
2026-07-30 19:46:00,447.8,448.19,447.66,448.09,0
2026-07-30 19:47:00,447.6785,448.4,447.6785,448.2225,0
2026-07-30 19:48:00,448.3947,448.3947,448.0,448.05,0
2026-07-30 19:49:00,448.0483,448.19,448.0,448.0,0
2026-07-30 19:50:00,448.0325,448.4,448.01,448.1075,0
2026-07-30 19:51:00,448.1,448.4,448.1,448.23,0
2026-07-30 19:52:00,448.11,448.539,448.03,448.1347,0
2026-07-30 19:53:00,448.28,448.55,448.11,448.16,0
2026-07-30 19:54:00,448.4882,448.5,448.0,448.21,0
2026-07-30 19:55:00,448.09,448.4925,448.0,448.2,0
2026-07-30 19:56:00,448.2,448.5335,448.031,448.15,0
2026-07-30 19:57:00,448.15,448.375,448.15,448.375,0
2026-07-30 19:58:00,448.3572,448.5,448.3,448.4987,0
2026-07-30 19:59:00,448.4489,448.5,448.3,448.47,0
2026-07-31 04:00:00,447.7,451.1,446.0,446.99,0
2026-07-31 04:01:00,447.1202,448.15,446.0,446.26,0
2026-07-31 04:02:00,446.27,447.27,445.0,446.3333,0
2026-07-31 04:03:00,446.3,446.49,445.91,445.95,0
2026-07-31 04:04:00,445.93,446.7,445.9052,446.54,0
2026-07-31 04:05:00,446.9988,447.39,446.3175,446.54,0
2026-07-31 04:06:00,446.564,447.1,446.07,446.415,0
2026-07-31 04:07:00,447.0,447.0,446.4,446.7,0
2026-07-31 04:08:00,446.4012,448.15,446.01,446.8592,0
2026-07-31 04:09:00,446.87,448.0,446.4012,447.78,0
2026-07-31 04:10:00,447.78,448.19,447.36,447.92,0
2026-07-31 04:11:00,447.8127,448.35,447.7845,448.2,0
2026-07-31 04:12:00,447.5912,448.2488,447.59,447.9,0
2026-07-31 04:13:00,447.9,448.1,447.5983,447.75,0
2026-07-31 04:14:00,447.7329,447.86,447.36,447.55,0
2026-07-31 04:15:00,447.9488,447.9497,447.014,447.014,0
2026-07-31 04:16:00,447.56,447.8337,447.0,447.824,0
2026-07-31 04:17:00,447.62,447.9109,447.2868,447.63,0
2026-07-31 04:18:00,447.2,447.4059,447.2,447.26,0
2026-07-31 04:19:00,447.32,447.645,447.2,447.5812,0
2026-07-31 04:20:00,447.6067,448.1,447.5857,447.95,0
2026-07-31 04:21:00,448.1,448.1,447.588,447.588,0
2026-07-31 04:22:00,447.6,447.6,447.0,447.5,0
2026-07-31 04:23:00,447.33,447.33,447.05,447.05,0
2026-07-31 04:24:00,447.2925,449.0025,447.05,447.89,0
2026-07-31 04:25:00,448.1333,449.56,448.1333,449.4043,0
2026-07-31 04:26:00,449.6275,449.6355,448.75,449.13,0
2026-07-31 04:27:00,449.13,449.25,448.92,449.06,0
2026-07-31 04:28:00,449.13,449.13,448.52,448.52,0
2026-07-31 04:29:00,448.73,448.94,448.12,448.2845,0
2026-07-31 04:30:00,448.19,448.3412,447.142,447.9645,0
2026-07-31 04:31:00,447.32,447.9645,447.32,447.3345,0
2026-07-31 04:32:00,447.82,448.0,447.69,447.944,0
2026-07-31 04:33:00,447.32,447.8,447.32,447.5,0
2026-07-31 04:34:00,447.33,448.7452,447.33,447.99,0
2026-07-31 04:35:00,447.92,448.0,447.4212,447.4212,0
2026-07-31 04:36:00,448.0,448.72,447.5978,448.0,0
2026-07-31 04:37:00,448.2,448.7188,447.8624,448.2,0
2026-07-31 04:38:00,448.33,448.7088,448.01,448.1,0
2026-07-31 04:39:00,448.01,448.4588,447.84,448.1,0
2026-07-31 04:40:00,448.0,448.17,447.446,447.86,0
2026-07-31 04:41:00,447.97,448.1,447.42,448.0,0
2026-07-31 04:42:00,448.0,448.09,447.505,448.09,0
2026-07-31 04:43:00,447.5782,447.92,447.55,447.92,0
2026-07-31 04:44:00,447.71,447.715,447.618,447.71,0
2026-07-31 04:45:00,447.47,447.9988,447.47,447.83,0
2026-07-31 04:46:00,447.94,448.702,447.94,448.48,0
2026-07-31 04:47:00,448.6965,448.72,448.27,448.72,0
2026-07-31 04:48:00,448.48,448.48,448.0,448.012,0
2026-07-31 04:49:00,448.0683,448.33,448.0,448.0012,0
2026-07-31 04:50:00,448.09,448.33,448.0,448.0,0
2026-07-31 04:51:00,447.7642,447.99,447.75,447.7512,0
2026-07-31 04:52:00,447.7512,447.9937,447.7512,447.84,0
2026-07-31 04:53:00,447.84,448.33,447.84,448.3,0
2026-07-31 04:54:00,448.17,448.33,447.862,448.33,0
2026-07-31 04:55:00,448.33,448.33,448.0,448.0617,0
2026-07-31 04:56:00,448.0,448.33,448.0,448.18,0
2026-07-31 04:57:00,448.27,448.3,448.0,448.1011,0
2026-07-31 04:58:00,448.33,448.3977,448.06,448.3977,0
2026-07-31 04:59:00,448.14,448.16,448.0,448.16,0
2026-07-31 05:00:00,447.8829,448.4471,447.85,448.35,0
2026-07-31 05:01:00,448.17,448.4472,447.85,447.8829,0
2026-07-31 05:02:00,447.86,448.0588,447.5443,447.5443,0
2026-07-31 05:03:00,447.54,447.7488,447.54,447.7328,0
2026-07-31 05:04:00,447.4863,447.6733,447.42,447.47,0
2026-07-31 05:05:00,447.4,447.7488,447.1,447.4005,0
2026-07-31 05:06:00,447.1012,447.5,447.1012,447.2214,0
2026-07-31 05:07:00,447.1434,447.75,447.1434,447.7488,0
2026-07-31 05:08:00,447.51,447.7382,447.1162,447.2382,0
2026-07-31 05:09:00,447.5,447.7488,447.2192,447.26,0
2026-07-31 05:10:00,447.25,447.7161,447.1103,447.1103,0
2026-07-31 05:11:00,447.45,447.75,447.4312,447.47,0
2026-07-31 05:12:00,447.4452,447.4982,447.23,447.23,0
2026-07-31 05:13:00,447.22,447.43,447.11,447.33,0
2026-07-31 05:14:00,447.43,447.6224,447.12,447.2,0
2026-07-31 05:15:00,447.32,447.6,447.3,447.3,0
2026-07-31 05:16:00,447.54,447.5912,447.25,447.5912,0
2026-07-31 05:17:00,447.48,447.5912,447.25,447.483,0
2026-07-31 05:18:00,447.4889,447.9988,447.4889,447.5,0
2026-07-31 05:19:00,447.49,447.49,447.0,447.23,0
2026-07-31 05:20:00,447.43,447.43,447.05,447.05,0
2026-07-31 05:21:00,447.0503,447.6388,447.05,447.45,0
2026-07-31 05:22:00,447.25,447.6451,447.017,447.33,0
2026-07-31 05:23:00,447.3483,448.3,447.3483,448.3,0
2026-07-31 05:24:00,448.3,448.52,448.08,448.32,0
2026-07-31 05:25:00,448.33,448.48,448.0812,448.4103,0
2026-07-31 05:26:00,448.1555,448.5951,448.08,448.31,0
2026-07-31 05:27:00,448.51,448.59,448.31,448.5,0
2026-07-31 05:28:00,448.5,448.8,448.31,448.8,0
2026-07-31 05:29:00,448.8,448.8488,448.12,448.8307,0
2026-07-31 05:30:00,448.32,448.5,448.08,448.1019,0
2026-07-31 05:31:00,448.4895,448.4895,448.1019,448.25,0
2026-07-31 05:32:00,448.0,448.13,447.9607,448.0992,0
2026-07-31 05:33:00,448.13,448.4807,447.5912,448.0,0
2026-07-31 05:34:00,448.0,448.2988,447.81,447.81,0
2026-07-31 05:35:00,448.0,448.0,447.4882,447.4882,0
2026-07-31 05:36:00,448.0,448.156,447.51,447.61,0
2026-07-31 05:37:00,447.8,448.16,447.8,448.04,0
2026-07-31 05:38:00,448.04,448.16,447.8,447.94,0
2026-07-31 05:39:00,447.6615,448.1688,447.6615,447.92,0
2026-07-31 05:40:00,447.93,448.17,447.65,448.17,0
2026-07-31 05:41:00,448.1317,448.2,448.07,448.2,0
2026-07-31 05:42:00,448.0712,448.4,448.0712,448.2,0
2026-07-31 05:43:00,448.1401,448.25,447.7622,448.25,0
2026-07-31 05:44:00,448.25,448.3032,447.6849,447.98,0
2026-07-31 05:45:00,447.98,447.98,447.6512,447.6765,0
2026-07-31 05:46:00,447.7929,448.2488,447.67,448.03,0
2026-07-31 05:47:00,447.9578,448.14,447.6698,448.14,0
2026-07-31 05:48:00,448.0234,448.2388,447.93,448.0,0
2026-07-31 05:49:00,448.11,448.32,448.0546,448.1055,0
2026-07-31 05:50:00,448.1115,448.4,448.1115,448.3962,0
2026-07-31 05:51:00,448.38,448.39,448.049,448.25,0
2026-07-31 05:52:00,448.3,448.391,448.04,448.391,0
2026-07-31 05:53:00,448.26,448.391,448.04,448.04,0
2026-07-31 05:54:00,448.391,448.5,448.32,448.5,0
2026-07-31 05:55:00,448.46,448.46,448.31,448.45,0
2026-07-31 05:56:00,448.0412,448.513,448.0412,448.5,0
2026-07-31 05:57:00,448.5062,448.75,448.5062,448.7,0
2026-07-31 05:58:00,448.6025,448.77,448.6,448.7,0
2026-07-31 05:59:00,448.7,448.9388,448.6,448.9388,0
2026-07-31 06:00:00,448.84,448.9859,448.6089,448.6089,0
2026-07-31 06:01:00,448.56,448.7507,448.0192,448.0192,0
2026-07-31 06:02:00,448.2632,448.2632,448.0,448.0,0
2026-07-31 06:03:00,447.9912,448.0,447.66,447.66,0
2026-07-31 06:04:00,447.9,448.24,447.8703,447.9243,0
2026-07-31 06:05:00,447.93,448.7688,447.93,447.93,0
2026-07-31 06:06:00,448.7288,448.7288,447.66,448.0,0
2026-07-31 06:07:00,447.8529,448.1,447.81,447.81,0
2026-07-31 06:08:00,448.1,448.2888,447.81,448.029,0
2026-07-31 06:09:00,448.0927,448.0988,447.95,447.95,0
2026-07-31 06:10:00,447.92,448.3688,447.6732,448.3688,0
2026-07-31 06:11:00,448.04,448.4887,448.04,448.4887,0
2026-07-31 06:12:00,448.4988,448.4988,448.0573,448.24,0
2026-07-31 06:13:00,448.17,448.17,448.0,448.0,0
2026-07-31 06:14:00,448.36,448.46,448.11,448.26,0
2026-07-31 06:15:00,448.0168,448.11,447.678,448.0015,0
2026-07-31 06:16:00,448.11,448.11,448.0,448.1,0
2026-07-31 06:17:00,448.25,448.28,447.9915,447.9915,0
2026-07-31 06:18:00,448.38,448.38,448.0,448.1,0
2026-07-31 06:19:00,448.11,448.28,448.11,448.1777,0
2026-07-31 06:20:00,448.5,448.5,448.1685,448.1685,0
2026-07-31 06:21:00,448.2242,448.5,448.17,448.4,0
2026-07-31 06:22:00,448.2356,448.7,448.2356,448.2829,0
2026-07-31 06:23:00,448.26,448.7,448.1612,448.58,0
2026-07-31 06:24:00,448.27,448.3,448.16,448.16,0
2026-07-31 06:25:00,448.16,448.245,448.16,448.16,0
2026-07-31 06:26:00,448.2172,448.479,447.681,448.15,0
2026-07-31 06:27:00,447.7038,448.4,447.7038,448.2,0
2026-07-31 06:28:00,448.19,448.4035,447.7133,447.8365,0
2026-07-31 06:29:00,448.21,448.26,448.0,448.1209,0
2026-07-31 06:30:00,448.36,448.36,447.996,448.1244,0
2026-07-31 06:31:00,448.12,448.3,448.04,448.04,0
2026-07-31 06:32:00,448.5,448.5,448.0,448.26,0
2026-07-31 06:33:00,448.4788,448.4788,447.84,447.84,0
2026-07-31 06:34:00,447.8643,448.2988,447.8643,448.2788,0
2026-07-31 06:35:00,448.0,448.1788,447.66,447.6737,0
2026-07-31 06:36:00,447.97,448.26,447.7,448.02,0
2026-07-31 06:37:00,447.6612,448.2352,447.6612,448.2352,0
2026-07-31 06:38:00,448.25,448.3988,448.01,448.0303,0
2026-07-31 06:39:00,448.26,448.26,448.04,448.1,0
2026-07-31 06:40:00,448.0197,448.4,447.8,447.8313,0
2026-07-31 06:41:00,448.32,448.3988,448.2665,448.3988,0
2026-07-31 06:42:00,448.39,448.3988,448.0,448.0997,0
2026-07-31 06:43:00,448.0988,448.1,447.66,447.9611,0
2026-07-31 06:44:00,448.0988,448.2088,447.92,448.16,0
2026-07-31 06:45:00,448.1,448.21,448.1,448.15,0
2026-07-31 06:46:00,448.0024,448.0024,447.9458,447.98,0
2026-07-31 06:47:00,447.98,448.1437,447.98,448.01,0
2026-07-31 06:48:00,448.0173,448.23,448.01,448.18,0
2026-07-31 06:49:00,448.16,448.16,447.9,447.9,0
2026-07-31 06:50:00,448.03,448.16,447.9,447.93,0
2026-07-31 06:51:00,447.9136,448.16,447.9,447.952,0
2026-07-31 06:52:00,448.1583,448.16,447.9733,448.1,0
2026-07-31 06:53:00,448.05,448.05,447.9348,448.0,0
2026-07-31 06:54:00,447.9,448.0806,447.88,447.91,0
2026-07-31 06:55:00,447.91,448.4188,447.747,448.0192,0
2026-07-31 06:56:00,448.1,448.1,448.1,448.1,0
2026-07-31 06:57:00,447.8981,448.3488,447.71,447.944,0
2026-07-31 06:58:00,447.96,448.15,447.7329,448.0,0
2026-07-31 06:59:00,448.04,448.15,447.94,448.15,0
2026-07-31 07:00:00,447.96,448.94,447.68,448.2,0
2026-07-31 07:01:00,448.31,448.6743,447.75,447.84,0
2026-07-31 07:02:00,447.88,448.2,447.8,447.83,0
2026-07-31 07:03:00,447.83,448.2,447.8012,448.0399,0
2026-07-31 07:04:00,448.1,448.2,447.8,448.0,0
2026-07-31 07:05:00,448.0,448.2,447.82,447.98,0
2026-07-31 07:06:00,447.82,448.17,447.82,447.949,0
2026-07-31 07:07:00,447.9,448.6,447.82,448.45,0
2026-07-31 07:08:00,448.1,448.6,448.1,448.2645,0
2026-07-31 07:09:00,448.2688,448.3,448.0,448.2747,0
2026-07-31 07:10:00,448.2747,448.3,448.0,448.1294,0
2026-07-31 07:11:00,448.3,448.3,448.0,448.3,0
2026-07-31 07:12:00,448.2,448.3,448.0,448.3,0
2026-07-31 07:13:00,448.07,448.2988,448.0,448.2,0
2026-07-31 07:14:00,448.2,448.2365,448.01,448.05,0
2026-07-31 07:15:00,448.16,448.1988,447.8,447.8486,0
2026-07-31 07:16:00,447.81,448.4927,447.8,448.4551,0
2026-07-31 07:17:00,448.4551,449.13,448.4551,449.03,0
2026-07-31 07:18:00,449.13,449.95,448.6247,449.89,0
2026-07-31 07:19:00,449.8818,449.95,448.5,449.0,0
2026-07-31 07:20:00,449.39,449.39,448.5,448.6601,0
2026-07-31 07:21:00,449.3,449.3,448.51,448.9032,0
2026-07-31 07:22:00,448.9008,449.12,448.56,448.76,0
2026-07-31 07:23:00,448.77,449.1132,448.77,448.85,0
2026-07-31 07:24:00,448.79,448.969,448.75,448.78,0
2026-07-31 07:25:00,448.9,448.91,448.5,448.6,0
2026-07-31 07:26:00,448.519,448.88,448.51,448.77,0
2026-07-31 07:27:00,448.5212,448.88,448.5,448.8,0
2026-07-31 07:28:00,448.67,448.88,448.6,448.6,0
2026-07-31 07:29:00,448.8,448.91,448.48,448.8507,0
2026-07-31 07:30:00,448.5,448.87,448.49,448.5278,0
2026-07-31 07:31:00,448.49,448.72,448.48,448.54,0
2026-07-31 07:32:00,448.6736,448.8366,448.49,448.64,0
2026-07-31 07:33:00,448.48,448.87,448.36,448.8045,0
2026-07-31 07:34:00,448.5,448.87,448.5,448.59,0
2026-07-31 07:35:00,448.872,448.91,448.43,448.5003,0
2026-07-31 07:36:00,448.91,448.91,448.51,448.52,0
2026-07-31 07:37:00,448.52,449.0,448.488,449.0,0
2026-07-31 07:38:00,448.5261,449.0,448.5261,448.81,0
2026-07-31 07:39:00,448.8,449.3749,448.8,448.8,0
2026-07-31 07:40:00,448.8992,448.91,448.5,448.816,0
2026-07-31 07:41:00,448.5,448.9,448.5,448.8004,0
2026-07-31 07:42:00,448.8988,448.9,448.5662,448.8988,0
2026-07-31 07:43:00,448.87,448.9,448.65,448.66,0
2026-07-31 07:44:00,448.7297,448.9,448.6912,448.9,0
2026-07-31 07:45:00,448.87,449.75,448.8,449.31,0
2026-07-31 07:46:00,449.4,450.38,449.321,450.3736,0
2026-07-31 07:47:00,450.45,450.98,450.33,450.5155,0
2026-07-31 07:48:00,450.96,451.0,450.27,450.4,0
2026-07-31 07:49:00,450.48,451.0,450.2112,450.5261,0
2026-07-31 07:50:00,451.0,451.0,450.1,450.418,0
2026-07-31 07:51:00,450.4091,450.45,449.9,449.9,0
2026-07-31 07:52:00,449.74,450.28,449.74,450.2,0
2026-07-31 07:53:00,450.0,450.27,450.0,450.11,0
2026-07-31 07:54:00,450.19,450.2877,449.82,449.9031,0
2026-07-31 07:55:00,449.82,450.0,449.82,449.9515,0
2026-07-31 07:56:00,449.9,450.0,449.74,449.9896,0
2026-07-31 07:57:00,449.81,450.0,449.55,449.59,0
2026-07-31 07:58:00,449.57,450.0,449.5,449.5,0
2026-07-31 07:59:00,449.83,449.93,449.4,449.4,0
2026-07-31 08:00:00,449.43,450.17,449.0532,449.9494,0
2026-07-31 08:01:00,449.7649,450.0,449.25,449.4441,0
2026-07-31 08:02:00,449.25,449.48,448.65,449.0,0
2026-07-31 08:03:00,448.75,448.8057,448.5,448.71,0
2026-07-31 08:04:00,448.67,448.81,448.67,448.81,0
2026-07-31 08:05:00,449.0,449.07,448.8,449.01,0
2026-07-31 08:06:00,448.9241,449.3,448.9241,449.02,0
2026-07-31 08:07:00,449.0,449.2,448.7403,448.8783,0
2026-07-31 08:08:00,448.8718,449.2865,448.71,448.8,0
2026-07-31 08:09:00,448.641,448.84,448.5876,448.62,0
2026-07-31 08:10:00,448.8,449.0,448.62,448.73,0
2026-07-31 08:11:00,448.7915,449.0,448.73,448.9,0
2026-07-31 08:12:00,448.8,449.25,448.77,449.01,0
2026-07-31 08:13:00,449.25,449.25,448.77,449.01,0
2026-07-31 08:14:00,449.1488,449.15,448.88,449.1488,0
2026-07-31 08:15:00,448.77,449.14,448.77,449.1,0
2026-07-31 08:16:00,449.0,449.2488,448.89,448.99,0
2026-07-31 08:17:00,448.98,449.25,448.98,449.18,0
2026-07-31 08:18:00,449.2448,449.25,448.96,449.03,0
2026-07-31 08:19:00,448.96,449.2077,448.77,448.8735,0
2026-07-31 08:20:00,449.075,449.3,448.9,449.0121,0
2026-07-31 08:21:00,449.0886,449.3,448.9,449.0,0
2026-07-31 08:22:00,448.99,449.28,448.77,449.0,0
2026-07-31 08:23:00,448.93,449.5,448.8356,449.4332,0
2026-07-31 08:24:00,449.5588,450.28,449.5588,450.11,0
2026-07-31 08:25:00,450.2334,450.29,449.37,449.7581,0
2026-07-31 08:26:00,449.7756,450.29,449.7756,450.28,0
2026-07-31 08:27:00,450.0675,450.7,450.0675,450.6958,0
2026-07-31 08:28:00,450.65,451.84,450.6213,451.43,0
2026-07-31 08:29:00,451.6,451.85,451.26,451.6416,0
2026-07-31 08:30:00,451.54,451.54,450.66,450.89,0
2026-07-31 08:31:00,450.91,451.19,450.06,450.9228,0
2026-07-31 08:32:00,450.79,451.25,450.5,451.0,0
2026-07-31 08:33:00,450.8421,451.04,450.44,450.8797,0
2026-07-31 08:34:00,450.76,451.4,450.5313,450.99,0
2026-07-31 08:35:00,450.9758,451.92,450.5,451.79,0
2026-07-31 08:36:00,451.51,451.92,451.0,451.66,0
2026-07-31 08:37:00,451.56,451.67,451.1,451.41,0
2026-07-31 08:38:00,451.3,451.5,451.1,451.2,0
2026-07-31 08:39:00,451.12,451.3,451.0,451.03,0
2026-07-31 08:40:00,451.03,451.6,450.75,451.18,0
2026-07-31 08:41:00,451.1,451.1,450.6649,450.6649,0
2026-07-31 08:42:00,450.8651,451.23,450.6352,450.6352,0
2026-07-31 08:43:00,450.946,451.18,450.94,451.18,0
2026-07-31 08:44:00,451.05,451.06,450.66,450.9531,0
2026-07-31 08:45:00,450.75,451.0,450.7,450.9,0
2026-07-31 08:46:00,450.89,451.4,450.7072,451.24,0
2026-07-31 08:47:00,451.22,451.3,451.13,451.13,0
2026-07-31 08:48:00,451.0,451.5,451.0,451.073,0
2026-07-31 08:49:00,451.0,451.1,450.7,450.85,0
2026-07-31 08:50:00,450.7,450.85,450.0,450.28,0
2026-07-31 08:51:00,450.28,450.7,450.0,450.7,0
2026-07-31 08:52:00,450.5,450.7,450.5,450.7,0
2026-07-31 08:53:00,450.6,450.7955,450.49,450.49,0
2026-07-31 08:54:00,450.5,450.8,450.49,450.787,0
2026-07-31 08:55:00,450.42,450.7445,450.1012,450.54,0
2026-07-31 08:56:00,450.5791,450.8,450.2,450.8,0
2026-07-31 08:57:00,450.4672,450.7458,450.46,450.5251,0
2026-07-31 08:58:00,450.51,451.16,450.4612,450.66,0
2026-07-31 08:59:00,450.8,451.45,450.56,451.37,0
2026-07-31 09:00:00,451.4963,451.8,451.16,451.5,0
2026-07-31 09:01:00,451.678,452.38,451.5,451.79,0
2026-07-31 09:02:00,451.85,452.0,451.5,451.79,0
2026-07-31 09:03:00,451.99,452.11,451.56,452.0,0
2026-07-31 09:04:00,452.0418,452.24,451.68,451.9456,0
2026-07-31 09:05:00,451.93,452.38,451.93,452.35,0
2026-07-31 09:06:00,452.21,452.36,451.5,451.5,0
2026-07-31 09:07:00,451.5,451.96,451.23,451.7,0
2026-07-31 09:08:00,451.85,451.9988,451.4442,451.6,0
2026-07-31 09:09:00,451.61,451.8,451.37,451.6055,0
2026-07-31 09:10:00,451.5,451.6,451.37,451.59,0
2026-07-31 09:11:00,451.44,451.6802,451.4001,451.6802,0
2026-07-31 09:12:00,451.7361,451.97,451.66,451.76,0
2026-07-31 09:13:00,451.7,451.9472,451.44,451.6397,0
2026-07-31 09:14:00,451.45,451.97,451.45,451.97,0
2026-07-31 09:15:00,451.84,451.9382,451.5,451.63,0
2026-07-31 09:16:00,451.5401,451.65,451.25,451.25,0
2026-07-31 09:17:00,451.25,451.5282,451.25,451.25,0
2026-07-31 09:18:00,451.25,451.2707,451.0,451.0,0
2026-07-31 09:19:00,451.0104,451.4591,451.0,451.1312,0
2026-07-31 09:20:00,451.1,451.29,451.08,451.08,0
2026-07-31 09:21:00,451.08,451.67,451.08,451.42,0
2026-07-31 09:22:00,451.2,451.9199,451.0,451.4,0
2026-07-31 09:23:00,451.67,451.67,451.0,451.0,0
2026-07-31 09:24:00,451.0,451.17,450.99,451.0073,0
2026-07-31 09:25:00,451.0,451.0,449.01,449.98,0
2026-07-31 09:26:00,449.9621,449.98,448.88,449.2888,0
2026-07-31 09:27:00,449.25,450.6,449.0,450.0,0
2026-07-31 09:28:00,450.0,452.7,449.55,450.263,0
2026-07-31 09:29:00,450.25,450.49,450.0,450.0,0
2026-07-31 09:30:00,449.585,455.73,449.552,454.265,2563513
2026-07-31 09:31:00,454.265,459.265,454.265,457.745,502859
2026-07-31 09:32:00,457.67,459.85,456.35,457.57,328369
2026-07-31 09:33:00,457.57,458.6,455.02,455.18,272533
2026-07-31 09:34:00,455.18,458.63,455.139,458.515,267815
2026-07-31 09:35:00,458.46,459.69,457.77,459.225,332311
2026-07-31 09:36:00,459.1,460.24,458.07,458.22,691412
2026-07-31 09:37:00,458.23,459.63,457.83,458.36,185777
2026-07-31 09:38:00,458.2938,460.15,458.275,458.83,241600
2026-07-31 09:39:00,458.83,459.21,458.01,458.43,150804
2026-07-31 09:40:00,458.2981,459.41,458.17,459.145,181584
2026-07-31 09:41:00,459.16,459.6,458.6,459.105,152899
2026-07-31 09:42:00,459.095,459.3319,458.42,459.25,107727
2026-07-31 09:43:00,459.2,460.15,459.01,459.525,189038
2026-07-31 09:44:00,459.525,460.5,459.5,459.97,196001
2026-07-31 09:45:00,459.97,459.97,455.74,456.44,732598
2026-07-31 09:46:00,456.42,457.01,455.9501,456.89,149313
2026-07-31 09:47:00,457.09,457.7199,456.62,457.5475,147371
2026-07-31 09:48:00,457.65,459.12,457.6,458.83,283999
2026-07-31 09:49:00,458.75,460.14,458.32,460.03,255612
2026-07-31 09:50:00,460.03,460.56,459.08,459.322,280500
2026-07-31 09:51:00,459.46,459.8,458.8815,459.18,145468
2026-07-31 09:52:00,459.275,460.0,458.9,459.56,263642
2026-07-31 09:53:00,459.66,460.0,459.4801,459.6952,273070
2026-07-31 09:54:00,459.715,461.7,459.3794,461.17,347828
2026-07-31 09:55:00,461.2,462.44,460.26,462.14,262760
2026-07-31 09:56:00,462.075,462.5,461.41,461.89,162746
2026-07-31 09:57:00,461.895,462.3116,461.67,461.99,144480
2026-07-31 09:58:00,461.985,462.86,461.85,462.14,146930
2026-07-31 09:59:00,462.115,462.6797,462.0,462.57,125481
2026-07-31 10:00:00,462.57,462.95,460.9,461.625,219727
2026-07-31 10:01:00,461.55,461.73,460.31,460.57,274789
2026-07-31 10:02:00,460.57,460.905,459.94,460.64,184830
2026-07-31 10:03:00,460.48,460.8,458.89,459.2,273021
2026-07-31 10:04:00,459.165,459.9171,458.875,459.74,177738
2026-07-31 10:05:00,459.65,459.8,457.93,458.47,155437
2026-07-31 10:06:00,458.47,459.8,458.42,459.695,138021
2026-07-31 10:07:00,459.69,459.85,458.97,459.66,223260
2026-07-31 10:08:00,459.76,459.99,458.5001,458.84,157885
2026-07-31 10:09:00,458.8575,459.2284,458.24,459.205,233137
2026-07-31 10:10:00,459.14,459.59,457.295,457.3,272984
2026-07-31 10:11:00,457.4299,457.95,457.0301,457.405,170100
2026-07-31 10:12:00,457.405,457.695,456.38,456.495,139617
2026-07-31 10:13:00,456.495,457.0,455.8903,456.695,211156
2026-07-31 10:14:00,456.69,457.38,456.2,456.95,208233
2026-07-31 10:15:00,456.99,456.99,455.22,456.18,178722
2026-07-31 10:16:00,456.17,456.17,454.9,455.43,231179
2026-07-31 10:17:00,455.5,455.8,454.94,455.64,185080
2026-07-31 10:18:00,455.73,456.185,455.53,455.76,136709
2026-07-31 10:19:00,455.76,455.99,454.6001,455.0884,174515
2026-07-31 10:20:00,455.065,455.15,453.85,454.075,145765
2026-07-31 10:21:00,454.04,455.62,453.8101,455.47,129912
2026-07-31 10:22:00,455.52,455.52,454.77,455.145,100049
2026-07-31 10:23:00,455.165,455.165,454.02,454.26,94732
2026-07-31 10:24:00,454.22,454.5,453.27,454.41,124624
2026-07-31 10:25:00,454.405,454.9299,453.68,453.96,90037
2026-07-31 10:26:00,454.08,454.66,453.78,453.97,66017
2026-07-31 10:27:00,453.99,454.41,453.4727,454.07,93649
2026-07-31 10:28:00,454.07,454.3299,453.32,453.36,77683
2026-07-31 10:29:00,453.365,453.69,452.81,453.315,97658
2026-07-31 10:30:00,453.39,453.41,452.22,452.6,139776
2026-07-31 10:31:00,452.525,453.195,452.06,453.105,137934
2026-07-31 10:32:00,453.11,453.41,452.77,453.25,85394
2026-07-31 10:33:00,453.2,453.25,452.32,452.5601,106603
2026-07-31 10:34:00,452.53,452.99,452.421,452.915,89591
2026-07-31 10:35:00,452.86,453.03,452.5,452.93,132380
2026-07-31 10:36:00,452.88,454.2,452.61,454.11,124527
2026-07-31 10:37:00,454.11,454.18,453.55,453.82,130132
2026-07-31 10:38:00,453.785,454.29,453.74,454.09,110793
2026-07-31 10:39:00,454.11,454.71,454.11,454.67,80547
2026-07-31 10:40:00,454.64,455.38,454.57,455.33,171405
2026-07-31 10:41:00,455.43,455.67,455.14,455.3,147576
2026-07-31 10:42:00,455.28,455.55,455.09,455.22,84124
2026-07-31 10:43:00,455.27,455.844,455.15,455.73,92135
2026-07-31 10:44:00,455.785,455.95,455.26,455.67,76553
2026-07-31 10:45:00,455.675,456.162,455.675,455.905,101636
2026-07-31 10:46:00,456.07,456.11,455.4,455.4,77952
2026-07-31 10:47:00,455.41,455.93,454.61,455.46,79639
2026-07-31 10:48:00,455.44,456.2,455.28,456.01,87503
2026-07-31 10:49:00,455.97,456.21,455.68,455.931,82175
2026-07-31 10:50:00,455.84,455.88,454.25,454.35,85307
2026-07-31 10:51:00,454.35,454.66,453.7,453.78,75100
2026-07-31 10:52:00,453.85,453.91,453.21,453.61,97100
2026-07-31 10:53:00,453.605,453.96,453.3518,453.74,68620
2026-07-31 10:54:00,453.74,453.86,453.25,453.73,54787
2026-07-31 10:55:00,453.725,453.81,452.16,452.455,73299
2026-07-31 10:56:00,452.4,452.48,452.02,452.36,71250
2026-07-31 10:57:00,452.36,452.41,451.8,452.24,143465
2026-07-31 10:58:00,452.26,452.62,451.795,452.33,139687
2026-07-31 10:59:00,452.405,452.74,452.0501,452.455,100614
2026-07-31 11:00:00,452.49,452.49,451.11,451.2,104321
2026-07-31 11:01:00,451.2,451.72,451.1,451.355,72052
2026-07-31 11:02:00,451.4201,451.7699,451.0401,451.575,91548
2026-07-31 11:03:00,451.54,451.86,451.34,451.76,74657
2026-07-31 11:04:00,451.76,452.91,451.5802,452.53,95956
2026-07-31 11:05:00,452.4416,452.93,452.2,452.44,73329
2026-07-31 11:06:00,452.4202,452.57,451.56,451.63,76050
2026-07-31 11:07:00,451.61,451.61,450.69,451.38,94986
2026-07-31 11:08:00,451.38,451.86,451.31,451.695,77984
2026-07-31 11:09:00,451.65,452.53,451.5,452.42,118822
2026-07-31 11:10:00,452.53,453.49,452.135,453.45,111055
2026-07-31 11:11:00,453.475,453.64,452.92,453.275,141760
2026-07-31 11:12:00,453.28,454.74,452.1257,454.63,144498
2026-07-31 11:13:00,454.602,455.445,454.46,455.375,92627
2026-07-31 11:14:00,455.385,455.52,454.5001,454.805,103309
2026-07-31 11:15:00,454.86,455.67,454.7501,455.3,125528
2026-07-31 11:16:00,455.36,455.73,455.14,455.44,97304
2026-07-31 11:17:00,455.44,455.75,455.14,455.49,78994
2026-07-31 11:18:00,455.63,455.937,455.47,455.825,82354
2026-07-31 11:19:00,455.79,456.6798,455.6401,456.39,138626
2026-07-31 11:20:00,456.39,456.8799,456.32,456.49,89996
2026-07-31 11:21:00,456.505,456.65,456.14,456.2566,64756
2026-07-31 11:22:00,456.31,456.77,456.05,456.73,88656
2026-07-31 11:23:00,456.73,457.44,456.44,457.395,143853
2026-07-31 11:24:00,457.44,457.58,456.97,457.565,85483
2026-07-31 11:25:00,457.57,458.6,457.32,458.5001,171468
2026-07-31 11:26:00,458.55,458.91,457.67,457.92,183724
2026-07-31 11:27:00,457.95,458.025,457.475,457.805,319443
2026-07-31 11:28:00,457.86,458.92,457.69,458.34,142459
2026-07-31 11:29:00,458.34,458.38,457.595,457.825,333405
2026-07-31 11:30:00,457.825,458.0,457.16,457.23,130743
2026-07-31 11:31:00,457.263,457.86,457.0,457.849,81481
2026-07-31 11:32:00,457.79,458.1999,457.6201,457.974,87009
2026-07-31 11:33:00,457.885,458.0,457.6106,457.83,101378
2026-07-31 11:34:00,457.83,457.83,456.84,456.86,105326
2026-07-31 11:35:00,456.91,457.109,456.54,456.835,90011
2026-07-31 11:36:00,456.835,457.3,456.75,457.055,113865
2026-07-31 11:37:00,457.1,457.43,456.6501,457.2551,63574
2026-07-31 11:38:00,457.1936,457.91,456.93,457.84,81315
2026-07-31 11:39:00,457.75,458.56,457.65,458.475,79390
2026-07-31 11:40:00,458.535,459.72,458.535,459.245,135529
2026-07-31 11:41:00,459.2728,459.47,458.95,459.3955,93386
2026-07-31 11:42:00,459.46,459.59,459.145,459.3765,123549
2026-07-31 11:43:00,459.385,460.36,459.385,460.31,308970
2026-07-31 11:44:00,460.36,460.5899,459.61,459.785,120414
2026-07-31 11:45:00,459.8,459.99,459.64,459.81,69367
2026-07-31 11:46:00,459.77,460.5,459.76,460.44,92663
2026-07-31 11:47:00,460.405,460.71,460.25,460.57,109223
2026-07-31 11:48:00,460.57,460.59,459.79,460.2799,96638
2026-07-31 11:49:00,460.16,460.27,459.53,459.62,146052
2026-07-31 11:50:00,459.6,460.98,459.57,460.7661,122977
2026-07-31 11:51:00,460.8595,461.64,460.75,461.54,148492
2026-07-31 11:52:00,461.535,461.76,461.336,461.675,104782
2026-07-31 11:53:00,461.675,462.13,461.36,461.82,173640
2026-07-31 11:54:00,461.815,462.5,461.63,462.195,160835
2026-07-31 11:55:00,462.195,462.5,461.745,462.17,155957
2026-07-31 11:56:00,462.2,462.25,461.63,461.63,78098
2026-07-31 11:57:00,461.795,462.88,461.7,462.81,110851
2026-07-31 11:58:00,462.77,462.98,462.56,462.705,113030
2026-07-31 11:59:00,462.72,463.57,462.72,463.1,205919
2026-07-31 12:00:00,463.11,463.9,462.904,463.85,113608
2026-07-31 12:01:00,463.8,464.3,462.9,462.98,229457
2026-07-31 12:02:00,463.025,463.2551,462.65,463.13,94222
2026-07-31 12:03:00,463.13,463.1822,462.66,462.665,74005
2026-07-31 12:04:00,462.63,462.98,462.29,462.3686,81737
2026-07-31 12:05:00,462.29,462.71,461.9,461.91,56951
2026-07-31 12:06:00,461.965,462.0,461.1801,461.62,86414
2026-07-31 12:07:00,461.6,461.7888,461.25,461.4901,61417
2026-07-31 12:08:00,461.545,461.6799,461.15,461.32,56532
2026-07-31 12:09:00,461.3093,461.8,461.04,461.1,91532
2026-07-31 12:10:00,461.105,462.0999,461.03,461.9,86866
2026-07-31 12:11:00,461.9,462.25,461.77,461.99,72726
2026-07-31 12:12:00,461.9027,462.0,461.64,461.9303,65496
2026-07-31 12:13:00,461.925,462.48,461.89,462.465,57824
2026-07-31 12:14:00,462.465,462.615,462.205,462.445,69606
2026-07-31 12:15:00,462.47,462.6896,462.3242,462.395,75384
2026-07-31 12:16:00,462.3875,462.99,462.32,462.945,74898
2026-07-31 12:17:00,462.95,463.6031,462.81,463.34,217566
2026-07-31 12:18:00,463.39,463.62,463.0301,463.54,71351
2026-07-31 12:19:00,463.545,463.72,462.671,463.1901,115102
2026-07-31 12:20:00,463.255,463.66,463.19,463.555,80944
2026-07-31 12:21:00,463.61,463.85,463.46,463.77,115967
2026-07-31 12:22:00,463.646,464.22,463.59,464.01,185356
2026-07-31 12:23:00,464.01,464.37,463.83,464.29,96129
2026-07-31 12:24:00,464.32,464.64,463.89,464.62,104352
2026-07-31 12:25:00,464.64,464.8,463.8231,463.975,109406
2026-07-31 12:26:00,464.0,464.16,463.075,463.075,94562
2026-07-31 12:27:00,463.14,463.4297,463.0,463.215,104240
2026-07-31 12:28:00,463.2317,463.57,463.22,463.515,59175
2026-07-31 12:29:00,463.55,463.9455,463.5301,463.655,81296
2026-07-31 12:30:00,463.61,463.94,463.11,463.32,69857
2026-07-31 12:31:00,463.3013,464.07,463.27,463.975,100687
2026-07-31 12:32:00,463.98,464.365,463.8731,464.15,86508
2026-07-31 12:33:00,464.11,464.175,463.2724,463.31,111660
2026-07-31 12:34:00,463.31,463.42,463.13,463.3,52824
2026-07-31 12:35:00,463.295,463.38,462.5003,462.745,112069
2026-07-31 12:36:00,462.72,462.96,462.59,462.945,61892
2026-07-31 12:37:00,462.945,463.06,462.77,463.03,50819
2026-07-31 12:38:00,462.96,463.04,462.761,462.77,34893
2026-07-31 12:39:00,462.75,463.44,462.59,462.9401,41987
2026-07-31 12:40:00,463.15,463.59,462.9401,463.0651,48145
2026-07-31 12:41:00,463.07,463.16,462.58,462.625,48860
2026-07-31 12:42:00,462.57,463.2,462.57,463.12,59237
2026-07-31 12:43:00,463.2,463.48,463.0,463.28,50160
2026-07-31 12:44:00,463.27,463.75,463.1501,463.535,60334
2026-07-31 12:45:00,463.51,463.83,463.42,463.76,82309
2026-07-31 12:46:00,463.79,463.97,463.664,463.9,68475
2026-07-31 12:47:00,463.94,463.94,463.37,463.71,70246
2026-07-31 12:48:00,463.69,463.96,463.68,463.775,55392
2026-07-31 12:49:00,463.775,464.2,463.6801,463.99,91211
2026-07-31 12:50:00,463.95,464.0,463.36,463.59,64111
2026-07-31 12:51:00,463.51,463.7,462.81,462.81,67989
2026-07-31 12:52:00,462.78,462.81,462.51,462.68,38721
2026-07-31 12:53:00,462.665,462.7151,462.44,462.57,38083
2026-07-31 12:54:00,462.59,462.65,462.1,462.38,63402
2026-07-31 12:55:00,462.31,462.59,462.21,462.46,37893
2026-07-31 12:56:00,462.51,462.71,462.31,462.345,57296
2026-07-31 12:57:00,462.38,462.49,462.0114,462.37,97492
2026-07-31 12:58:00,462.365,462.6,462.3,462.33,92992
2026-07-31 12:59:00,462.32,462.35,461.6,461.9201,88738
2026-07-31 13:00:00,461.92,462.0,461.03,461.39,110991
2026-07-31 13:01:00,461.39,461.74,461.17,461.635,65638
2026-07-31 13:02:00,461.61,461.77,461.51,461.74,39350
2026-07-31 13:03:00,461.7649,462.0799,461.68,461.99,45518
2026-07-31 13:04:00,461.99,462.11,461.42,461.51,57722
2026-07-31 13:05:00,461.495,461.75,461.451,461.685,42189
2026-07-31 13:06:00,461.685,462.005,461.52,461.56,42046
2026-07-31 13:07:00,461.56,461.69,461.46,461.56,43786
2026-07-31 13:08:00,461.6,461.76,461.3801,461.655,87109
2026-07-31 13:09:00,461.6725,461.8,461.41,461.6101,90807
2026-07-31 13:10:00,461.66,462.37,461.45,462.24,183148
2026-07-31 13:11:00,462.26,462.4,462.08,462.215,45640
2026-07-31 13:12:00,462.49,462.63,461.57,461.7227,148747
2026-07-31 13:13:00,461.72,462.09,461.54,461.63,54582
2026-07-31 13:14:00,461.58,462.0,461.575,461.93,45450
2026-07-31 13:15:00,461.91,462.4,461.85,462.0532,57260
2026-07-31 13:16:00,462.04,462.4451,461.95,462.445,65746
2026-07-31 13:17:00,462.4752,462.4752,461.92,462.02,70148
2026-07-31 13:18:00,462.03,462.2775,461.71,462.26,52020
2026-07-31 13:19:00,462.255,462.66,462.255,462.44,63474
2026-07-31 13:20:00,462.44,462.79,462.35,462.57,48861
2026-07-31 13:21:00,462.46,462.6089,462.31,462.56,50216
2026-07-31 13:22:00,462.6,462.74,462.53,462.68,44951
2026-07-31 13:23:00,462.73,463.17,462.51,463.16,97930
2026-07-31 13:24:00,463.14,463.6508,463.07,463.6508,84762
2026-07-31 13:25:00,463.59,463.74,463.24,463.39,70466
2026-07-31 13:26:00,463.4,463.595,463.25,463.335,49079
2026-07-31 13:27:00,463.33,463.53,463.23,463.27,42565
2026-07-31 13:28:00,463.3,463.72,463.24,463.34,75588
2026-07-31 13:29:00,463.305,463.79,463.305,463.6,83167
2026-07-31 13:30:00,463.6,463.76,463.16,463.24,109819
2026-07-31 13:31:00,463.235,463.235,462.8201,463.14,50374
2026-07-31 13:32:00,463.145,463.45,463.0,463.165,51618
2026-07-31 13:33:00,463.2,463.7,463.15,463.58,40035
2026-07-31 13:34:00,463.63,463.69,463.14,463.15,87279
2026-07-31 13:35:00,463.12,463.3183,463.04,463.07,48248
2026-07-31 13:36:00,463.085,463.12,462.43,462.4425,74654
2026-07-31 13:37:00,462.42,462.6,462.22,462.6,57613
2026-07-31 13:38:00,462.67,462.67,462.42,462.4895,61416
2026-07-31 13:39:00,462.445,462.63,462.41,462.49,43021
2026-07-31 13:40:00,462.49,462.62,462.0,462.04,87202
2026-07-31 13:41:00,462.04,462.08,461.66,461.88,45226
2026-07-31 13:42:00,461.93,462.1,461.7,461.885,45427
2026-07-31 13:43:00,461.95,462.0625,461.32,461.47,59364
2026-07-31 13:44:00,461.46,461.6,461.18,461.26,54795
2026-07-31 13:45:00,461.3299,461.49,461.09,461.1,45746
2026-07-31 13:46:00,461.1,461.47,460.85,461.41,76350
2026-07-31 13:47:00,461.41,461.49,460.67,460.67,134084
2026-07-31 13:48:00,460.715,460.79,460.56,460.73,53669
2026-07-31 13:49:00,460.715,460.9,460.535,460.6,47632
2026-07-31 13:50:00,460.555,461.04,460.5,461.04,92149
2026-07-31 13:51:00,461.09,461.386,460.99,461.28,49795
2026-07-31 13:52:00,461.29,461.55,461.25,461.3,40794
2026-07-31 13:53:00,461.315,461.57,461.28,461.32,41815
2026-07-31 13:54:00,461.36,461.45,461.25,461.41,28611
2026-07-31 13:55:00,461.41,461.77,461.33,461.64,50990
2026-07-31 13:56:00,461.63,461.6652,461.23,461.23,114403
2026-07-31 13:57:00,461.28,461.28,460.7401,461.0,44397
2026-07-31 13:58:00,460.99,461.07,460.6217,460.6217,27472
2026-07-31 13:59:00,460.62,460.625,460.15,460.385,79673
2026-07-31 14:00:00,460.43,460.72,460.23,460.65,49007
2026-07-31 14:01:00,460.655,460.8916,460.13,460.2099,44631
2026-07-31 14:02:00,460.165,460.68,460.0,460.515,69054
2026-07-31 14:03:00,460.515,460.61,460.21,460.24,45776
2026-07-31 14:04:00,460.2255,460.34,460.16,460.21,39979
2026-07-31 14:05:00,460.24,460.36,460.0,460.285,53179
2026-07-31 14:06:00,460.25,460.944,460.21,460.64,64073
2026-07-31 14:07:00,460.6699,460.85,460.1,460.4,71399
2026-07-31 14:08:00,460.44,460.565,460.25,460.35,41383
2026-07-31 14:09:00,460.36,460.88,460.315,460.745,68532
2026-07-31 14:10:00,460.74,460.9799,460.7,460.84,45211
2026-07-31 14:11:00,460.84,460.95,460.6901,460.91,47977
2026-07-31 14:12:00,460.94,461.37,460.9,461.16,67372
2026-07-31 14:13:00,461.18,462.135,461.11,462.01,111702
2026-07-31 14:14:00,462.01,462.43,461.91,462.21,79605
2026-07-31 14:15:00,462.24,462.62,462.056,462.145,68705
2026-07-31 14:16:00,462.14,462.22,461.91,461.93,61940
2026-07-31 14:17:00,461.93,462.16,461.9015,462.14,42240
2026-07-31 14:18:00,462.14,462.43,461.85,462.205,79441
2026-07-31 14:19:00,462.205,462.3978,462.04,462.24,41024
2026-07-31 14:20:00,462.18,462.36,462.08,462.355,74504
2026-07-31 14:21:00,462.355,462.49,462.12,462.275,51953
2026-07-31 14:22:00,462.275,462.56,462.13,462.275,36831
2026-07-31 14:23:00,462.32,462.87,462.2501,462.73,49715
2026-07-31 14:24:00,462.73,462.795,462.6562,462.735,32053
2026-07-31 14:25:00,462.78,462.83,462.64,462.7,34959
2026-07-31 14:26:00,462.69,462.95,462.69,462.71,45275
2026-07-31 14:27:00,462.7,462.715,462.4201,462.55,52397
2026-07-31 14:28:00,462.52,463.17,462.49,463.09,72411
2026-07-31 14:29:00,463.09,463.17,462.89,462.93,85647
2026-07-31 14:30:00,462.91,463.12,462.89,462.98,51260
2026-07-31 14:31:00,463.07,463.47,463.06,463.465,105524
2026-07-31 14:32:00,463.41,463.5,463.23,463.2401,47975
2026-07-31 14:33:00,463.295,463.52,462.73,462.73,55158
2026-07-31 14:34:00,462.81,463.099,462.7352,463.005,57952
2026-07-31 14:35:00,462.96,463.05,462.85,462.94,48376
2026-07-31 14:36:00,462.975,463.12,462.87,462.93,46646
2026-07-31 14:37:00,462.93,462.98,462.72,462.745,53416
2026-07-31 14:38:00,462.76,462.88,462.3802,462.45,50261
2026-07-31 14:39:00,462.54,462.67,462.13,462.155,48023
2026-07-31 14:40:00,462.16,462.19,461.73,461.808,42004
2026-07-31 14:41:00,461.82,462.41,461.75,462.3801,45244
2026-07-31 14:42:00,462.38,462.64,462.28,462.44,48323
2026-07-31 14:43:00,462.45,462.5,462.28,462.28,31100
2026-07-31 14:44:00,462.27,462.3991,462.0515,462.1,164587
2026-07-31 14:45:00,462.06,462.2299,461.92,461.92,160982
2026-07-31 14:46:00,461.95,462.0699,461.665,461.665,54153
2026-07-31 14:47:00,461.665,461.84,461.55,461.8,57462
2026-07-31 14:48:00,461.77,461.8997,461.62,461.73,35558
2026-07-31 14:49:00,461.73,462.07,461.7,462.0107,31958
2026-07-31 14:50:00,462.04,462.11,461.97,461.995,42264
2026-07-31 14:51:00,462.02,462.05,461.41,461.51,128901
2026-07-31 14:52:00,461.5,461.53,461.382,461.445,54100
2026-07-31 14:53:00,461.445,461.53,461.22,461.22,51455
2026-07-31 14:54:00,461.225,461.69,461.15,461.625,65048
2026-07-31 14:55:00,461.69,461.75,461.4,461.55,67276
2026-07-31 14:56:00,461.555,461.62,461.45,461.6009,56485
2026-07-31 14:57:00,461.575,461.9721,461.5317,461.9,83011
2026-07-31 14:58:00,461.87,462.0,461.46,461.49,58582
2026-07-31 14:59:00,461.46,461.46,461.13,461.18,60197
2026-07-31 15:00:00,461.175,461.56,461.11,461.4,86027
2026-07-31 15:01:00,461.4,462.0,461.36,461.97,91791
2026-07-31 15:02:00,461.95,462.32,461.95,462.2012,111717
2026-07-31 15:03:00,462.225,462.29,461.9,461.97,81355
2026-07-31 15:04:00,461.97,462.28,461.875,462.25,0
2026-07-31 15:05:00,462.25,462.54,462.24,462.29,103333
2026-07-31 15:06:00,462.31,462.33,461.93,462.1846,76091
2026-07-31 15:07:00,462.19,462.36,461.99,462.2801,81007
2026-07-31 15:08:00,462.33,462.475,462.19,462.26,98877
2026-07-31 15:09:00,462.275,462.56,462.15,462.44,81528
2026-07-31 15:10:00,462.42,462.75,462.42,462.67,93316
2026-07-31 15:11:00,462.65,462.74,462.46,462.56,79353
2026-07-31 15:12:00,462.56,462.56,462.15,462.16,75777
2026-07-31 15:13:00,462.14,462.3,461.89,462.245,73436
2026-07-31 15:14:00,462.245,462.245,462.0,462.06,62982
2026-07-31 15:15:00,462.075,462.54,462.06,462.525,114999
2026-07-31 15:16:00,462.53,462.75,462.36,462.47,110429
2026-07-31 15:17:00,462.4601,462.99,462.445,462.9201,80749
2026-07-31 15:18:00,462.955,463.435,462.955,463.43,112055
2026-07-31 15:19:00,463.42,463.76,463.112,463.1878,112976
2026-07-31 15:20:00,463.2,463.475,462.99,463.105,133773
2026-07-31 15:21:00,463.0888,463.57,463.08,463.32,87364
2026-07-31 15:22:00,463.335,463.66,463.22,463.65,132654
2026-07-31 15:23:00,463.6242,463.69,463.14,463.175,127879
2026-07-31 15:24:00,463.175,463.3699,463.0066,463.075,124015
2026-07-31 15:25:00,463.1,463.2399,463.05,463.135,69820
2026-07-31 15:26:00,463.15,463.325,463.07,463.25,103761
2026-07-31 15:27:00,463.265,463.3275,463.02,463.17,80782
2026-07-31 15:28:00,463.2,463.24,462.69,462.75,145411
2026-07-31 15:29:00,462.69,462.8851,462.19,462.19,110207
2026-07-31 15:30:00,462.15,462.2599,461.61,462.12,128523
2026-07-31 15:31:00,462.155,462.7212,462.02,462.39,148628
2026-07-31 15:32:00,462.405,462.4621,462.11,462.22,83043
2026-07-31 15:33:00,462.23,462.48,462.1,462.1,100069
2026-07-31 15:34:00,462.1,462.25,461.88,462.245,81546
2026-07-31 15:35:00,462.23,462.345,462.14,462.16,112833
2026-07-31 15:36:00,462.14,462.71,462.14,462.61,74905
2026-07-31 15:37:00,462.63,462.84,462.46,462.815,83975
2026-07-31 15:38:00,462.82,463.0391,462.78,462.915,111150
2026-07-31 15:39:00,462.915,463.07,462.81,462.83,85001
2026-07-31 15:40:00,462.83,463.11,462.71,462.8,110165
2026-07-31 15:41:00,462.865,463.12,462.53,462.635,126451
2026-07-31 15:42:00,462.62,462.86,462.56,462.71,94378
2026-07-31 15:43:00,462.74,462.95,462.663,462.82,101124
2026-07-31 15:44:00,462.79,462.98,462.71,462.735,113345
2026-07-31 15:45:00,462.735,462.845,462.49,462.58,138786
2026-07-31 15:46:00,462.58,462.74,462.44,462.54,104110
2026-07-31 15:47:00,462.51,462.68,462.35,462.65,118884
2026-07-31 15:48:00,462.68,462.74,462.5,462.61,108139
2026-07-31 15:49:00,462.635,462.78,462.31,462.42,124034
2026-07-31 15:50:00,462.43,464.48,462.39,464.425,373649
2026-07-31 15:51:00,464.45,464.61,464.2,464.59,271113
2026-07-31 15:52:00,464.61,464.79,464.52,464.595,267538
2026-07-31 15:53:00,464.61,464.67,464.32,464.58,299938
2026-07-31 15:54:00,464.56,466.0,464.2,465.7,626898
2026-07-31 15:55:00,465.705,466.82,465.705,466.44,808022
2026-07-31 15:56:00,466.46,466.7,466.17,466.57,502452
2026-07-31 15:57:00,466.58,466.84,465.71,465.81,673628
2026-07-31 15:58:00,465.73,465.97,465.43,465.855,570372
2026-07-31 15:59:00,465.86,465.9,464.54,464.92,1162898
2026-07-31 16:00:00,464.72,464.72,463.97,464.62,116918
2026-07-31 16:01:00,464.71,464.72,464.44,464.72,0
2026-07-31 16:02:00,464.6,464.72,464.0,464.16,0
2026-07-31 16:03:00,464.16,464.16,463.75,463.7879,0
2026-07-31 16:04:00,463.7601,464.72,463.71,463.95,0
2026-07-31 16:05:00,464.0,464.1309,463.85,463.95,0
2026-07-31 16:06:00,464.0299,464.72,463.71,463.7988,0
2026-07-31 16:07:00,463.79,464.72,463.75,464.0,0
2026-07-31 16:08:00,464.0,464.72,463.71,464.0,0
2026-07-31 16:09:00,463.83,464.0902,463.71,463.77,0
2026-07-31 16:10:00,463.89,464.72,463.72,464.21,0
2026-07-31 16:11:00,464.72,464.72,463.82,464.2535,0
2026-07-31 16:12:00,464.0,464.26,463.87,463.87,0
2026-07-31 16:13:00,463.8929,464.0,463.86,463.8884,0
2026-07-31 16:14:00,463.87,464.72,463.81,463.8378,0
2026-07-31 16:15:00,464.72,464.72,463.82,463.8601,0
2026-07-31 16:16:00,463.88,463.88,463.82,463.869,0
2026-07-31 16:17:00,463.8687,463.87,463.82,463.8212,0
2026-07-31 16:18:00,463.82,463.9,463.82,463.9,0
2026-07-31 16:19:00,463.88,463.9955,463.81,463.8102,0
2026-07-31 16:20:00,463.81,464.72,463.81,463.84,0
2026-07-31 16:21:00,463.83,463.88,463.81,463.85,0
2026-07-31 16:22:00,463.81,463.88,463.81,463.82,0
2026-07-31 16:23:00,463.82,463.8785,463.82,463.835,0
2026-07-31 16:24:00,463.83,463.8492,463.81,463.81,0
2026-07-31 16:25:00,463.81,463.85,463.6,463.81,0
2026-07-31 16:26:00,463.8088,463.81,463.68,463.68,0
2026-07-31 16:27:00,463.68,463.7,463.4281,463.4472,0
2026-07-31 16:28:00,463.42,463.42,463.05,463.1602,0
2026-07-31 16:29:00,463.28,463.3,463.05,463.3,0
2026-07-31 16:30:00,463.32,463.4577,463.2065,463.28,0
2026-07-31 16:31:00,463.2065,463.81,463.2065,463.5,0
2026-07-31 16:32:00,463.5623,463.65,463.5,463.6462,0
2026-07-31 16:33:00,463.65,463.65,463.5,463.6488,0
2026-07-31 16:34:00,463.5,463.98,463.5,463.95,0
2026-07-31 16:35:00,463.64,463.97,463.51,463.9402,0
2026-07-31 16:36:00,463.9402,463.95,463.56,463.83,0
2026-07-31 16:37:00,463.83,464.25,463.76,464.17,0
2026-07-31 16:38:00,464.01,464.72,464.01,464.25,0
2026-07-31 16:39:00,464.2,464.5,464.2,464.5,0
2026-07-31 16:40:00,464.3732,464.5,464.05,464.23,0
2026-07-31 16:41:00,464.3014,464.35,464.3,464.3,0
2026-07-31 16:42:00,464.3,464.47,464.3,464.3,0
2026-07-31 16:43:00,464.3988,464.495,464.3,464.331,0
2026-07-31 16:44:00,464.495,464.72,464.3,464.41,0
2026-07-31 16:45:00,464.3,464.5,464.3,464.4,0
2026-07-31 16:46:00,464.3741,464.4865,464.35,464.35,0
2026-07-31 16:47:00,464.4,464.5,464.35,464.3732,0
2026-07-31 16:48:00,464.4,464.45,464.35,464.3814,0
2026-07-31 16:49:00,464.4962,464.4962,464.35,464.48,0
2026-07-31 16:50:00,464.43,464.499,464.35,464.367,0
2026-07-31 16:51:00,464.3503,464.4599,464.35,464.35,0
2026-07-31 16:52:00,464.3601,464.4,464.35,464.38,0
2026-07-31 16:53:00,464.369,464.38,463.51,464.07,0
2026-07-31 16:54:00,463.75,463.9877,463.51,463.56,0
2026-07-31 16:55:00,463.56,464.0,463.56,463.65,0
2026-07-31 16:56:00,463.7176,463.98,463.65,463.85,0
2026-07-31 16:57:00,463.8512,463.99,463.65,463.65,0
2026-07-31 16:58:00,463.66,463.7962,463.65,463.65,0
2026-07-31 16:59:00,463.65,464.72,462.84,463.65,0
2026-07-31 17:00:00,463.71,463.85,463.65,463.65,0
2026-07-31 17:01:00,463.65,463.72,463.65,463.66,0
2026-07-31 17:02:00,463.66,463.68,463.56,463.5622,0
2026-07-31 17:03:00,463.56,463.6162,463.53,463.53,0
2026-07-31 17:04:00,463.58,463.65,463.53,463.53,0
2026-07-31 17:05:00,463.53,463.85,463.53,463.57,0
2026-07-31 17:06:00,463.62,463.8488,463.57,463.57,0
2026-07-31 17:07:00,463.57,463.764,463.53,463.56,0
2026-07-31 17:08:00,463.5364,463.5554,463.53,463.53,0
2026-07-31 17:09:00,463.53,463.55,463.53,463.55,0
2026-07-31 17:10:00,463.53,463.5592,463.53,463.5567,0
2026-07-31 17:11:00,463.5331,463.68,463.53,463.5312,0
2026-07-31 17:12:00,463.56,463.68,463.54,463.6787,0
2026-07-31 17:13:00,463.5312,463.6,463.53,463.53,0
2026-07-31 17:14:00,463.53,463.6,463.2,463.4925,0
2026-07-31 17:15:00,463.25,463.25,463.0,463.05,0
2026-07-31 17:16:00,463.1174,463.2,463.05,463.05,0
2026-07-31 17:17:00,463.05,463.1,463.0,463.0,0
2026-07-31 17:18:00,463.0,463.05,463.0,463.0101,0
2026-07-31 17:19:00,463.02,463.17,463.02,463.06,0
2026-07-31 17:20:00,463.17,463.17,463.06,463.0806,0
2026-07-31 17:21:00,463.1333,463.16,432.6275,463.06,0
2026-07-31 17:22:00,463.09,463.1682,435.0588,463.1,0
2026-07-31 17:23:00,463.1,463.16,463.1,463.1,0
2026-07-31 17:24:00,463.1,463.16,463.1,463.1126,0
2026-07-31 17:25:00,432.6275,463.15,432.6275,463.1,0
2026-07-31 17:26:00,463.1031,463.12,431.0298,431.0298,0
2026-07-31 17:27:00,462.638,462.84,462.5,462.84,0
2026-07-31 17:28:00,462.5138,462.67,462.51,462.6434,0
2026-07-31 17:29:00,462.5,462.6,462.5,462.5861,0
2026-07-31 17:30:00,462.6,462.6814,430.6063,462.5103,0
2026-07-31 17:31:00,462.59,462.62,432.6275,462.5101,0
2026-07-31 17:32:00,462.5139,462.6,449.5378,462.58,0
2026-07-31 17:33:00,462.52,462.8788,446.2397,462.6313,0
2026-07-31 17:34:00,462.62,462.7,462.51,462.61,0
2026-07-31 17:35:00,462.51,462.58,432.7163,462.5,0
2026-07-31 17:36:00,462.52,462.52,449.5378,462.456,0
2026-07-31 17:37:00,462.45,462.45,462.21,462.25,0
2026-07-31 17:38:00,462.33,482.2891,430.6063,462.35,0
2026-07-31 17:39:00,462.35,462.4,439.7697,462.32,0
2026-07-31 17:40:00,462.35,462.4,462.3,462.3213,0
2026-07-31 17:41:00,462.3,462.4,462.3,462.32,0
2026-07-31 17:42:00,462.3,462.31,462.13,462.17,0
2026-07-31 17:43:00,462.13,462.3462,462.13,462.2,0
2026-07-31 17:44:00,462.2004,462.2799,462.13,462.15,0
2026-07-31 17:45:00,462.247,462.3,462.13,462.22,0
2026-07-31 17:46:00,462.15,462.18,462.15,462.1746,0
2026-07-31 17:47:00,462.15,462.1501,461.9962,461.9962,0
2026-07-31 17:48:00,462.002,462.002,461.65,461.9912,0
2026-07-31 17:49:00,461.91,461.9267,461.7027,461.84,0
2026-07-31 17:50:00,461.8,461.8352,461.65,461.72,0
2026-07-31 17:51:00,461.75,461.8,461.65,461.8,0
2026-07-31 17:52:00,461.75,461.7975,461.55,461.68,0
2026-07-31 17:53:00,461.7762,461.83,461.683,461.7714,0
2026-07-31 17:54:00,461.7925,461.97,461.76,461.93,0
2026-07-31 17:55:00,461.86,461.97,461.54,461.54,0
2026-07-31 17:56:00,461.602,461.907,461.54,461.54,0
2026-07-31 17:57:00,461.54,461.9592,461.54,461.58,0
2026-07-31 17:58:00,461.6,461.97,461.58,461.8,0
2026-07-31 17:59:00,461.7501,461.76,461.5846,461.76,0
2026-07-31 18:00:00,461.65,461.76,461.58,461.7367,0
2026-07-31 18:01:00,461.64,461.71,461.58,461.58,0
2026-07-31 18:02:00,461.71,461.877,461.6132,461.7786,0
2026-07-31 18:03:00,461.76,461.88,461.76,461.8256,0
2026-07-31 18:04:00,461.8205,461.8205,461.61,461.7464,0
2026-07-31 18:05:00,461.73,461.75,461.6,461.6,0
2026-07-31 18:06:00,461.6302,461.756,461.6,461.62,0
2026-07-31 18:07:00,461.61,461.7488,461.55,461.56,0
2026-07-31 18:08:00,461.65,461.76,461.53,461.64,0
2026-07-31 18:09:00,461.64,461.76,461.53,461.64,0
2026-07-31 18:10:00,461.64,462.15,461.5641,462.01,0
2026-07-31 18:11:00,461.99,462.15,461.66,462.0,0
2026-07-31 18:12:00,462.03,462.0539,461.53,462.0,0
2026-07-31 18:13:00,461.84,461.9,461.53,461.8,0
2026-07-31 18:14:00,461.75,461.8,461.53,461.66,0
2026-07-31 18:15:00,461.5982,461.6,461.53,461.53,0
2026-07-31 18:16:00,461.53,461.725,461.53,461.5511,0
2026-07-31 18:17:00,461.5307,461.725,461.53,461.5334,0
2026-07-31 18:18:00,461.55,461.55,461.53,461.5334,0
2026-07-31 18:19:00,461.5333,461.5498,461.37,461.37,0
2026-07-31 18:20:00,461.37,461.53,461.26,461.45,0
2026-07-31 18:21:00,461.4628,461.5,461.26,461.45,0
2026-07-31 18:22:00,461.4477,461.53,461.3,461.5,0
2026-07-31 18:23:00,461.5,461.9,461.41,461.44,0
2026-07-31 18:24:00,461.8276,461.8276,461.44,461.53,0
2026-07-31 18:25:00,461.605,461.9875,461.6,461.9875,0
2026-07-31 18:26:00,461.5,461.6,461.5,461.5001,0
2026-07-31 18:27:00,461.5239,461.6327,461.35,461.3537,0
2026-07-31 18:28:00,461.3682,461.4,461.3,461.3,0
2026-07-31 18:29:00,461.4,461.47,461.3,461.3,0
2026-07-31 18:30:00,461.3761,461.7387,461.3,461.34,0
2026-07-31 18:31:00,461.3106,461.495,461.3,461.35,0
2026-07-31 18:32:00,461.35,461.45,461.05,461.0501,0
2026-07-31 18:33:00,461.0118,461.1,461.0,461.1,0
2026-07-31 18:34:00,464.72,464.72,461.0,461.4,0
2026-07-31 18:35:00,461.35,461.35,461.08,461.15,0
2026-07-31 18:36:00,461.1667,461.45,461.05,461.1,0
2026-07-31 18:37:00,461.06,461.3912,461.05,461.1,0
2026-07-31 18:38:00,461.2,461.37,461.0502,461.1,0
2026-07-31 18:39:00,461.08,461.1962,461.06,461.1,0
2026-07-31 18:40:00,461.19,461.19,461.0511,461.0529,0
2026-07-31 18:41:00,461.05,461.16,461.05,461.16,0
2026-07-31 18:42:00,461.1998,461.35,461.05,461.06,0
2026-07-31 18:43:00,461.35,461.35,461.05,461.2958,0
2026-07-31 18:44:00,461.12,461.3412,461.05,461.0562,0
2026-07-31 18:45:00,461.2,461.2927,461.12,461.12,0
2026-07-31 18:46:00,461.18,461.18,461.01,461.0501,0
2026-07-31 18:47:00,461.0261,461.0776,461.01,461.01,0
2026-07-31 18:48:00,461.01,461.03,460.9,460.9,0
2026-07-31 18:49:00,460.92,461.0,460.83,460.83,0
2026-07-31 18:50:00,460.83,461.0,460.63,460.9,0
2026-07-31 18:51:00,460.898,460.898,460.63,460.6849,0
2026-07-31 18:52:00,460.64,460.83,460.64,460.83,0
2026-07-31 18:53:00,460.8,460.85,460.8,460.8,0
2026-07-31 18:54:00,460.8,461.0,460.8,460.81,0
2026-07-31 18:55:00,460.9633,460.9633,460.8,460.92,0
2026-07-31 18:56:00,460.9,460.95,460.9,460.94,0
2026-07-31 18:57:00,460.97,461.2042,460.9,460.92,0
2026-07-31 18:58:00,461.0,461.26,461.0,461.2588,0
2026-07-31 18:59:00,461.253,461.26,460.98,461.01,0
2026-07-31 19:00:00,461.0,461.1242,461.0,461.1242,0
2026-07-31 19:01:00,461.25,461.25,461.09,461.132,0
2026-07-31 19:02:00,461.26,461.26,461.1,461.2,0
2026-07-31 19:03:00,461.2258,461.35,461.2239,461.31,0
2026-07-31 19:04:00,461.3491,461.37,461.1,461.1,0
2026-07-31 19:05:00,461.49,461.49,461.1,461.1465,0
2026-07-31 19:06:00,461.1003,461.3925,461.1,461.3925,0
2026-07-31 19:07:00,461.16,461.3663,461.15,461.2035,0
2026-07-31 19:08:00,461.4,461.4,461.1562,461.26,0
2026-07-31 19:09:00,461.26,461.7,461.25,461.5001,0
2026-07-31 19:10:00,461.58,461.58,461.5,461.54,0
2026-07-31 19:11:00,461.5596,461.75,461.5,461.75,0
2026-07-31 19:12:00,461.75,461.75,461.5455,461.7045,0
2026-07-31 19:13:00,461.7,461.88,461.7,461.8521,0
2026-07-31 19:14:00,461.7,461.85,461.6,461.6,0
2026-07-31 19:15:00,461.6,461.7,461.5933,461.69,0
2026-07-31 19:16:00,461.591,461.7,461.5,461.6,0
2026-07-31 19:17:00,461.58,461.6484,461.5,461.5,0
2026-07-31 19:18:00,461.5785,461.5785,461.32,461.4565,0
2026-07-31 19:19:00,461.35,461.48,461.3,461.3,0
2026-07-31 19:20:00,461.3,461.48,461.3,461.39,0
2026-07-31 19:21:00,461.3741,461.51,461.3,461.51,0
2026-07-31 19:22:00,461.34,461.39,461.3001,461.316,0
2026-07-31 19:23:00,461.3794,461.39,461.3,461.3163,0
2026-07-31 19:24:00,461.35,461.39,461.3,461.331,0
2026-07-31 19:25:00,461.3362,461.5,461.3,461.39,0
2026-07-31 19:26:00,461.37,461.4918,461.37,461.46,0
2026-07-31 19:27:00,461.4983,461.7135,461.46,461.61,0
2026-07-31 19:28:00,461.46,461.57,461.46,461.46,0
2026-07-31 19:29:00,461.48,461.5,461.4,461.45,0
2026-07-31 19:30:00,461.4,461.45,461.3907,461.4001,0
2026-07-31 19:31:00,461.45,461.45,461.4,461.4097,0
2026-07-31 19:32:00,461.4088,461.45,461.4,461.42,0
2026-07-31 19:33:00,461.45,461.45,461.4,461.44,0
2026-07-31 19:34:00,461.45,461.5,461.4,461.4,0
2026-07-31 19:35:00,461.5,461.7,461.4,461.59,0
2026-07-31 19:36:00,461.5025,461.51,461.4,461.5,0
2026-07-31 19:37:00,461.51,461.68,461.4,461.673,0
2026-07-31 19:38:00,461.46,461.6688,461.41,461.6,0
2026-07-31 19:39:00,461.4557,461.6,461.4557,461.5,0
2026-07-31 19:40:00,461.5559,461.68,461.55,461.5918,0
2026-07-31 19:41:00,461.5921,461.75,461.57,461.75,0
2026-07-31 19:42:00,461.57,461.7552,461.57,461.6027,0
2026-07-31 19:43:00,461.61,461.9895,461.58,461.9895,0
2026-07-31 19:44:00,461.65,461.88,461.58,461.7945,0
2026-07-31 19:45:00,461.65,461.99,461.6,461.662,0
2026-07-31 19:46:00,461.6991,461.9915,461.6685,461.7965,0
2026-07-31 19:47:00,461.8,461.8,461.66,461.7139,0
2026-07-31 19:48:00,461.7986,461.8,461.5,461.7,0
2026-07-31 19:49:00,461.65,461.795,461.6,461.6224,0
2026-07-31 19:50:00,461.6397,461.94,461.6,461.7975,0
2026-07-31 19:51:00,461.6732,461.8,461.6732,461.75,0
2026-07-31 19:52:00,461.77,461.8,461.7,461.7199,0
2026-07-31 19:53:00,461.7201,461.8,461.7,461.798,0
2026-07-31 19:54:00,461.7324,461.9,461.72,461.7891,0
2026-07-31 19:55:00,461.8955,461.9,461.72,461.7242,0
2026-07-31 19:56:00,461.81,462.0437,461.8,461.99,0
2026-07-31 19:57:00,461.86,462.04,461.8,461.8,0
2026-07-31 19:58:00,461.969,462.0,461.8,461.9268,0
2026-07-31 19:59:00,461.8284,462.0,461.8,461.85,0
2026-08-03 04:00:00,468.06,469.1885,466.58,467.639,0
2026-08-03 04:01:00,467.99,469.19,466.52,467.9507,0
2026-08-03 04:02:00,467.78,468.79,466.97,468.0,0
2026-08-03 04:03:00,467.88,469.0,467.76,467.87,0
2026-08-03 04:04:00,467.89,468.38,467.86,468.0,0
2026-08-03 04:05:00,468.43,468.43,467.67,468.0105,0
2026-08-03 04:06:00,468.15,468.21,467.67,468.09,0
2026-08-03 04:07:00,468.05,469.16,466.53,468.09,0
2026-08-03 04:08:00,468.1,468.2,467.91,468.12,0
2026-08-03 04:09:00,468.19,468.47,467.9112,468.3954,0
2026-08-03 04:10:00,468.4,468.82,468.3012,468.61,0
2026-08-03 04:11:00,468.7938,468.7938,468.2852,468.2852,0
2026-08-03 04:12:00,468.2852,468.479,468.08,468.1927,0
2026-08-03 04:13:00,468.09,468.42,467.9112,468.0885,0
2026-08-03 04:14:00,468.41,468.41,468.08,468.28,0
2026-08-03 04:15:00,468.28,468.28,467.919,468.2,0
2026-08-03 04:16:00,468.26,468.26,468.0,468.09,0
2026-08-03 04:17:00,468.006,468.2,467.8087,467.8087,0
2026-08-03 04:18:00,467.89,468.13,467.65,468.0,0
2026-08-03 04:19:00,467.6612,468.27,467.6612,467.7651,0
2026-08-03 04:20:00,468.1133,468.4787,467.6652,468.4787,0
2026-08-03 04:21:00,468.29,468.8388,468.29,468.8388,0
2026-08-03 04:22:00,468.59,468.83,468.3132,468.3271,0
2026-08-03 04:23:00,468.6,469.0,468.6,468.9039,0
2026-08-03 04:24:00,468.95,468.99,468.6875,468.98,0
2026-08-03 04:25:00,468.98,468.98,468.31,468.31,0
2026-08-03 04:26:00,468.95,469.95,468.3262,469.94,0
2026-08-03 04:27:00,469.8889,469.94,468.9842,469.4501,0
2026-08-03 04:28:00,469.6185,469.94,469.0197,469.9265,0
2026-08-03 04:29:00,469.7055,469.91,469.6723,469.6723,0
2026-08-03 04:30:00,469.89,469.89,469.5,469.78,0
2026-08-03 04:31:00,469.6367,469.829,469.3132,469.3902,0
2026-08-03 04:32:00,469.3583,469.74,469.3,469.3,0
2026-08-03 04:33:00,469.5362,469.5362,469.0135,469.27,0
2026-08-03 04:34:00,469.27,469.5188,469.0132,469.46,0
2026-08-03 04:35:00,469.36,469.61,469.3082,469.5,0
2026-08-03 04:36:00,469.5,469.61,469.3562,469.38,0
2026-08-03 04:37:00,469.3555,469.46,469.0212,469.35,0
2026-08-03 04:38:00,469.4,469.47,469.0,469.1,0
2026-08-03 04:39:00,469.1377,469.2,469.0,469.1,0
2026-08-03 04:40:00,469.0347,469.32,468.96,469.077,0
2026-08-03 04:41:00,468.94,469.1802,468.8198,469.06,0
2026-08-03 04:42:00,469.05,469.1607,468.78,468.78,0
2026-08-03 04:43:00,468.76,468.7706,468.32,468.7,0
2026-08-03 04:44:00,468.61,468.73,468.31,468.67,0
2026-08-03 04:45:00,468.85,469.0339,468.5603,468.75,0
2026-08-03 04:46:00,468.5722,469.0488,468.5722,468.983,0
2026-08-03 04:47:00,469.0,469.0,468.6,468.7,0
2026-08-03 04:48:00,468.3355,468.8288,468.3132,468.57,0
2026-08-03 04:49:00,468.313,468.81,468.3125,468.81,0
2026-08-03 04:50:00,468.57,468.8,468.317,468.65,0
2026-08-03 04:51:00,468.77,468.82,468.313,468.3271,0
2026-08-03 04:52:00,468.313,468.8,468.3012,468.7739,0
2026-08-03 04:53:00,468.3125,468.9755,468.3125,468.8012,0
2026-08-03 04:54:00,468.8042,468.9,468.3635,468.85,0
2026-08-03 04:55:00,468.3512,468.94,468.35,468.4297,0
2026-08-03 04:56:00,468.3752,469.02,468.3752,468.96,0
2026-08-03 04:57:00,469.03,469.09,468.4147,468.75,0
2026-08-03 04:58:00,468.94,468.99,468.3657,468.98,0
2026-08-03 04:59:00,468.8901,469.1,468.5125,469.1,0
2026-08-03 05:00:00,469.23,469.54,468.526,468.5732,0
2026-08-03 05:01:00,468.5849,469.49,468.5732,469.4315,0
2026-08-03 05:02:00,469.02,469.422,468.5727,469.3531,0
2026-08-03 05:03:00,468.5225,469.131,468.5225,469.12,0
2026-08-03 05:04:00,469.1017,469.68,469.0012,469.6161,0
2026-08-03 05:05:00,469.59,469.91,469.0012,469.6,0
2026-08-03 05:06:00,469.0227,469.91,469.0227,469.0227,0
2026-08-03 05:07:00,469.78,469.89,469.0415,469.0415,0
2026-08-03 05:08:00,469.48,469.8612,469.0392,469.529,0
2026-08-03 05:09:00,469.59,469.88,469.5267,469.75,0
2026-08-03 05:10:00,469.6037,469.8784,469.1122,469.3,0
2026-08-03 05:11:00,469.49,469.88,469.3075,469.74,0
2026-08-03 05:12:00,469.71,469.8195,469.6,469.675,0
2026-08-03 05:13:00,469.675,469.8688,469.6067,469.6067,0
2026-08-03 05:14:00,469.87,470.2,469.607,470.2,0
2026-08-03 05:15:00,470.15,470.34,469.6875,470.2,0
2026-08-03 05:16:00,470.14,470.14,469.6115,469.6203,0
2026-08-03 05:17:00,469.6,470.0,469.6,470.0,0
2026-08-03 05:18:00,469.99,470.0,469.7807,469.7807,0
2026-08-03 05:19:00,469.859,470.1892,469.7807,470.03,0
2026-08-03 05:20:00,469.9112,469.9112,469.6075,469.8827,0
2026-08-03 05:21:00,469.88,469.9,469.78,469.87,0
2026-08-03 05:22:00,469.87,470.0,469.66,469.8494,0
2026-08-03 05:23:00,469.7075,469.96,469.7075,469.7167,0
2026-08-03 05:24:00,469.97,470.07,469.7167,470.03,0
2026-08-03 05:25:00,469.8137,470.3213,469.8137,470.03,0
2026-08-03 05:26:00,470.09,470.3213,469.8,470.28,0
2026-08-03 05:27:00,470.05,470.4076,470.0012,470.325,0
2026-08-03 05:28:00,470.26,470.3733,469.8147,470.2812,0
2026-08-03 05:29:00,470.33,470.5073,469.8132,470.5,0
2026-08-03 05:30:00,470.6388,470.6388,470.305,470.45,0
2026-08-03 05:31:00,470.45,470.5,470.0885,470.12,0
2026-08-03 05:32:00,470.24,470.5,470.2,470.2462,0
2026-08-03 05:33:00,470.2037,470.337,469.6012,469.91,0
2026-08-03 05:34:00,470.03,470.0315,469.6205,469.9888,0
2026-08-03 05:35:00,469.932,469.932,469.7065,469.89,0
2026-08-03 05:36:00,469.93,470.0,469.71,469.9,0
2026-08-03 05:37:00,469.91,469.92,469.6,469.8654,0
2026-08-03 05:38:00,469.67,469.6877,469.425,469.425,0
2026-08-03 05:39:00,469.51,469.51,469.44,469.4448,0
2026-08-03 05:40:00,469.55,469.64,469.4978,469.6372,0
2026-08-03 05:41:00,469.6888,469.69,469.5383,469.69,0
2026-08-03 05:42:00,469.69,469.94,469.5735,469.83,0
2026-08-03 05:43:00,469.72,469.99,469.6,469.61,0
2026-08-03 05:44:00,469.97,469.995,469.77,469.9902,0
2026-08-03 05:45:00,470.0,470.1,469.6012,469.9791,0
2026-08-03 05:46:00,469.9791,470.3988,469.6209,470.0,0
2026-08-03 05:47:00,470.15,470.4,469.6656,469.95,0
2026-08-03 05:48:00,469.95,469.95,469.93,469.93,0
2026-08-03 05:49:00,469.7105,469.93,469.7105,469.83,0
2026-08-03 05:50:00,469.8755,470.26,469.7,470.22,0
2026-08-03 05:51:00,470.2821,470.341,470.17,470.21,0
2026-08-03 05:52:00,469.99,470.2859,469.7162,470.06,0
2026-08-03 05:53:00,470.0,470.3337,469.7075,469.98,0
2026-08-03 05:54:00,469.81,469.9535,469.7136,469.7136,0
2026-08-03 05:55:00,469.9464,469.9464,469.7017,469.75,0
2026-08-03 05:56:00,469.663,469.8988,469.65,469.6512,0
2026-08-03 05:57:00,469.7018,469.98,469.6587,469.75,0
2026-08-03 05:58:00,469.95,470.04,469.65,470.0,0
2026-08-03 05:59:00,470.05,470.05,469.9075,469.98,0
2026-08-03 06:00:00,469.98,470.3792,469.9,470.2,0
2026-08-03 06:01:00,470.2,470.2915,470.0075,470.0661,0
2026-08-03 06:02:00,470.21,470.3,470.0,470.3,0
2026-08-03 06:03:00,470.25,470.5,470.025,470.3,0
2026-08-03 06:04:00,470.3,470.71,470.3,470.6,0
2026-08-03 06:05:00,470.64,470.6457,470.44,470.5337,0
2026-08-03 06:06:00,470.573,470.71,470.53,470.53,0
2026-08-03 06:07:00,470.75,470.84,470.53,470.53,0
2026-08-03 06:08:00,470.72,470.72,470.61,470.66,0
2026-08-03 06:09:00,470.5681,470.78,470.5681,470.78,0
2026-08-03 06:10:00,470.78,470.88,470.6877,470.81,0
2026-08-03 06:11:00,470.5355,470.86,470.5355,470.8,0
2026-08-03 06:12:00,470.81,470.87,470.74,470.79,0
2026-08-03 06:13:00,470.8667,470.87,470.53,470.7,0
2026-08-03 06:14:00,470.6796,470.8632,470.5762,470.7648,0
2026-08-03 06:15:00,470.7716,471.0,470.7462,471.0,0
2026-08-03 06:16:00,470.9896,471.03,470.8,471.0091,0
2026-08-03 06:17:00,471.0007,471.7188,471.0007,471.5115,0
2026-08-03 06:18:00,471.4,472.19,471.31,471.8,0
2026-08-03 06:19:00,471.4,471.9752,471.01,471.64,0
2026-08-03 06:20:00,471.7,471.92,471.3712,471.85,0
2026-08-03 06:21:00,471.9583,472.5,471.8333,472.5,0
2026-08-03 06:22:00,472.48,472.48,471.3212,472.1623,0
2026-08-03 06:23:00,472.26,472.3188,471.99,472.1985,0
2026-08-03 06:24:00,472.1536,472.55,472.14,472.41,0
2026-08-03 06:25:00,472.4132,472.68,472.14,472.34,0
2026-08-03 06:26:00,472.44,472.6015,471.3834,472.0452,0
2026-08-03 06:27:00,472.12,472.3,471.75,471.75,0
2026-08-03 06:28:00,472.1,472.5,471.705,471.86,0
2026-08-03 06:29:00,471.92,471.9739,471.5261,471.8,0
2026-08-03 06:30:00,471.5,471.9,471.5,471.88,0
2026-08-03 06:31:00,471.8,471.88,471.5,471.5,0
2026-08-03 06:32:00,471.3876,471.75,471.3876,471.5373,0
2026-08-03 06:33:00,471.71,471.71,471.355,471.355,0
2026-08-03 06:34:00,471.35,471.52,471.01,471.01,0
2026-08-03 06:35:00,471.28,471.57,471.06,471.4793,0
2026-08-03 06:36:00,471.36,471.9636,471.2077,471.9588,0
2026-08-03 06:37:00,471.95,471.95,471.26,471.9288,0
2026-08-03 06:38:00,471.9192,471.9192,471.5,471.83,0
2026-08-03 06:39:00,471.51,471.9,471.51,471.9,0
2026-08-03 06:40:00,471.99,472.0,471.75,471.75,0
2026-08-03 06:41:00,471.75,472.0988,471.5,471.838,0
2026-08-03 06:42:00,471.6492,471.73,471.01,471.62,0
2026-08-03 06:43:00,471.9388,471.9388,471.4502,471.56,0
2026-08-03 06:44:00,471.35,471.6192,471.2172,471.53,0
2026-08-03 06:45:00,471.5217,471.7752,471.2147,471.6,0
2026-08-03 06:46:00,471.2012,471.6777,471.2012,471.2256,0
2026-08-03 06:47:00,471.43,472.24,471.21,472.18,0
2026-08-03 06:48:00,472.4875,472.4875,472.0,472.17,0
2026-08-03 06:49:00,472.17,472.2,471.45,471.45,0
2026-08-03 06:50:00,471.6822,472.2,471.6517,471.87,0
2026-08-03 06:51:00,471.7,471.9797,471.58,471.88,0
2026-08-03 06:52:00,471.92,472.24,471.76,472.24,0
2026-08-03 06:53:00,472.24,472.24,471.7612,471.7612,0
2026-08-03 06:54:00,471.98,471.98,471.76,471.9,0
2026-08-03 06:55:00,471.68,471.95,471.56,471.56,0
2026-08-03 06:56:00,471.58,471.7994,471.56,471.56,0
2026-08-03 06:57:00,471.56,471.67,471.56,471.6672,0
2026-08-03 06:58:00,471.5612,471.6672,471.52,471.6672,0
2026-08-03 06:59:00,471.63,471.6643,471.36,471.4942,0
2026-08-03 07:00:00,471.33,474.0,471.02,473.9225,0
2026-08-03 07:01:00,473.584,473.95,473.0,473.35,0
2026-08-03 07:02:00,473.32,473.99,473.22,473.6,0
2026-08-03 07:03:00,473.7944,473.83,472.42,473.51,0
2026-08-03 07:04:00,473.2112,473.8,473.018,473.4169,0
2026-08-03 07:05:00,473.2708,473.5,473.2,473.46,0
2026-08-03 07:06:00,473.498,474.47,473.26,474.154,0
2026-08-03 07:07:00,474.24,474.43,473.4,474.09,0
2026-08-03 07:08:00,473.75,474.47,473.75,473.95,0
2026-08-03 07:09:00,473.84,474.7,473.4,474.45,0
2026-08-03 07:10:00,474.61,474.75,474.0,474.51,0
2026-08-03 07:11:00,474.21,474.52,473.9975,474.3,0
2026-08-03 07:12:00,474.3,474.5,473.9,474.0,0
2026-08-03 07:13:00,474.0,474.01,473.6502,474.01,0
2026-08-03 07:14:00,473.9,474.01,473.67,473.73,0
2026-08-03 07:15:00,473.75,473.9035,473.2,473.6,0
2026-08-03 07:16:00,473.4,473.5,473.0261,473.17,0
2026-08-03 07:17:00,473.3972,473.47,473.0,473.1592,0
2026-08-03 07:18:00,473.1465,473.5,473.1,473.5,0
2026-08-03 07:19:00,473.31,473.3399,472.8,472.8276,0
2026-08-03 07:20:00,472.995,473.3127,472.8,473.3,0
2026-08-03 07:21:00,473.0193,473.5,473.0,473.3968,0
2026-08-03 07:22:00,473.18,473.5,473.0,473.0,0
2026-08-03 07:23:00,473.03,473.2099,472.8104,473.0,0
2026-08-03 07:24:00,472.89,473.1,472.8,473.1,0
2026-08-03 07:25:00,473.0,473.1675,473.0,473.0089,0
2026-08-03 07:26:00,473.0388,473.5,473.0,473.5,0
2026-08-03 07:27:00,473.45,473.5,473.18,473.4391,0
2026-08-03 07:28:00,473.41,473.49,473.2753,473.3252,0
2026-08-03 07:29:00,473.42,473.6,473.25,473.46,0
2026-08-03 07:30:00,473.52,474.2,473.29,474.2,0
2026-08-03 07:31:00,474.01,474.16,473.7,474.12,0
2026-08-03 07:32:00,474.12,474.12,474.0,474.0015,0
2026-08-03 07:33:00,474.0,474.1,473.85,474.03,0
2026-08-03 07:34:00,474.0108,474.2,473.99,474.01,0
2026-08-03 07:35:00,474.18,474.53,474.0,474.5,0
2026-08-03 07:36:00,474.45,474.85,474.3,474.4264,0
2026-08-03 07:37:00,474.3,474.5,474.08,474.1777,0
2026-08-03 07:38:00,474.2,474.5,474.15,474.42,0
2026-08-03 07:39:00,474.41,474.5,474.36,474.4715,0
2026-08-03 07:40:00,474.4519,474.63,474.2,474.3,0
2026-08-03 07:41:00,474.3599,474.3599,474.0,474.103,0
2026-08-03 07:42:00,474.29,474.5,474.05,474.367,0
2026-08-03 07:43:00,474.18,474.7788,474.1683,474.44,0
2026-08-03 07:44:00,474.33,474.429,474.0,474.3,0
2026-08-03 07:45:00,474.4,474.4,474.0,474.22,0
2026-08-03 07:46:00,474.3,474.6,474.22,474.43,0
2026-08-03 07:47:00,474.493,474.493,474.2,474.35,0
2026-08-03 07:48:00,474.42,474.627,474.22,474.627,0
2026-08-03 07:49:00,474.6337,474.73,474.4,474.68,0
2026-08-03 07:50:00,474.57,475.34,474.57,475.2369,0
2026-08-03 07:51:00,475.2305,475.34,475.0564,475.2298,0
2026-08-03 07:52:00,475.1622,475.35,475.1582,475.1582,0
2026-08-03 07:53:00,475.156,475.55,475.0,475.4107,0
2026-08-03 07:54:00,475.45,475.7352,475.16,475.2275,0
2026-08-03 07:55:00,475.1545,475.5,475.0,475.4199,0
2026-08-03 07:56:00,475.4008,475.44,474.44,474.62,0
2026-08-03 07:57:00,474.6649,475.0,474.61,474.9,0
2026-08-03 07:58:00,474.86,474.95,474.39,474.6472,0
2026-08-03 07:59:00,474.65,474.85,474.195,474.195,0
2026-08-03 08:00:00,474.3697,474.5,473.85,474.0,0
2026-08-03 08:01:00,474.02,474.34,473.85,473.93,0
2026-08-03 08:02:00,473.9506,474.4,473.76,474.24,0
2026-08-03 08:03:00,474.4,474.5,474.25,474.483,0
2026-08-03 08:04:00,474.4836,474.5,474.24,474.37,0
2026-08-03 08:05:00,474.37,474.6,474.24,474.4089,0
2026-08-03 08:06:00,474.5,474.79,474.4,474.46,0
2026-08-03 08:07:00,474.46,474.5184,474.24,474.3033,0
2026-08-03 08:08:00,474.18,474.3,473.5,473.65,0
2026-08-03 08:09:00,473.6,473.678,473.1914,473.3,0
2026-08-03 08:10:00,473.3029,473.8,473.1,473.8,0
2026-08-03 08:11:00,473.7483,473.77,473.5,473.54,0
2026-08-03 08:12:00,473.54,473.72,473.12,473.47,0
2026-08-03 08:13:00,473.5,473.7,473.25,473.5,0
2026-08-03 08:14:00,473.47,473.97,473.233,473.7,0
2026-08-03 08:15:00,473.97,474.0,473.43,473.78,0
2026-08-03 08:16:00,473.82,473.99,473.41,473.6,0
2026-08-03 08:17:00,473.86,473.86,473.4,473.5,0
2026-08-03 08:18:00,473.62,473.62,473.2,473.45,0
2026-08-03 08:19:00,473.33,473.5055,473.3,473.48,0
2026-08-03 08:20:00,473.48,473.4988,473.12,473.3587,0
2026-08-03 08:21:00,473.12,473.5,473.01,473.3735,0
2026-08-03 08:22:00,473.12,473.44,472.9,473.08,0
2026-08-03 08:23:00,473.095,473.2,473.0,473.08,0
2026-08-03 08:24:00,473.06,473.3,473.0,473.3,0
2026-08-03 08:25:00,473.0958,473.862,473.0958,473.6615,0
2026-08-03 08:26:00,473.7,474.0005,473.5,473.87,0
2026-08-03 08:27:00,473.87,474.25,473.5209,474.1,0
2026-08-03 08:28:00,474.11,474.25,473.75,474.25,0
2026-08-03 08:29:00,474.249,474.49,474.0,474.11,0
2026-08-03 08:30:00,474.11,474.24,473.9,474.2,0
2026-08-03 08:31:00,474.1221,474.31,474.03,474.1948,0
2026-08-03 08:32:00,474.23,474.54,474.18,474.35,0
2026-08-03 08:33:00,474.48,474.65,474.3,474.611,0
2026-08-03 08:34:00,474.52,474.67,474.29,474.429,0
2026-08-03 08:35:00,474.4,474.65,474.3,474.6,0
2026-08-03 08:36:00,474.6,474.85,474.5663,474.7814,0
2026-08-03 08:37:00,474.7,474.8,474.5,474.79,0
2026-08-03 08:38:00,474.8,475.15,474.64,475.05,0
2026-08-03 08:39:00,475.14,475.5,474.9541,475.3,0
2026-08-03 08:40:00,475.3,475.3,474.8,474.8996,0
2026-08-03 08:41:00,474.8838,475.14,474.8,474.88,0
2026-08-03 08:42:00,474.89,475.2,474.87,475.2,0
2026-08-03 08:43:00,475.18,475.71,475.15,475.663,0
2026-08-03 08:44:00,475.6531,475.71,475.5035,475.56,0
2026-08-03 08:45:00,475.6775,475.8,475.5,475.7328,0
2026-08-03 08:46:00,475.69,475.75,474.9952,475.27,0
2026-08-03 08:47:00,475.3111,475.4888,474.8101,475.11,0
2026-08-03 08:48:00,475.25,475.25,474.82,475.01,0
2026-08-03 08:49:00,475.0083,475.1,474.81,475.0,0
2026-08-03 08:50:00,475.0,475.05,474.6,474.6,0
2026-08-03 08:51:00,474.769,474.9,474.3283,474.3283,0
2026-08-03 08:52:00,474.47,474.6602,474.3,474.3146,0
2026-08-03 08:53:00,474.3,474.5788,474.2,474.55,0
2026-08-03 08:54:00,474.3032,474.7,474.2,474.41,0
2026-08-03 08:55:00,474.2,475.0,474.2,474.75,0
2026-08-03 08:56:00,474.7265,474.75,474.3001,474.47,0
2026-08-03 08:57:00,474.3,474.5,474.2,474.28,0
2026-08-03 08:58:00,474.3303,474.5,474.2,474.28,0
2026-08-03 08:59:00,474.25,474.5,474.2,474.21,0
2026-08-03 09:00:00,474.15,474.64,474.08,474.3696,0
2026-08-03 09:01:00,474.5904,474.88,474.32,474.53,0
2026-08-03 09:02:00,474.53,474.88,474.24,474.56,0
2026-08-03 09:03:00,474.54,474.82,474.53,474.8,0
2026-08-03 09:04:00,474.82,474.88,474.3599,474.3599,0
2026-08-03 09:05:00,474.35,474.51,474.1563,474.3,0
2026-08-03 09:06:00,474.25,474.3,473.75,473.8,0
2026-08-03 09:07:00,473.9,474.3,473.788,474.22,0
2026-08-03 09:08:00,474.1,474.48,474.0,474.01,0
2026-08-03 09:09:00,474.48,474.48,474.0,474.0,0
2026-08-03 09:10:00,474.36,474.7,473.97,474.44,0
2026-08-03 09:11:00,474.4536,474.68,473.7,473.85,0
2026-08-03 09:12:00,474.0,474.0,473.7,473.91,0
2026-08-03 09:13:00,473.7,473.92,473.51,473.62,0
2026-08-03 09:14:00,473.615,474.34,473.5252,474.0,0
2026-08-03 09:15:00,474.0,474.21,473.91,474.0,0
2026-08-03 09:16:00,474.15,474.7,474.08,474.4,0
2026-08-03 09:17:00,474.5134,474.54,473.5807,473.5807,0
2026-08-03 09:18:00,473.78,474.0,473.23,473.49,0
2026-08-03 09:19:00,473.4001,473.5,473.2,473.27,0
2026-08-03 09:20:00,473.22,473.66,473.05,473.39,0
2026-08-03 09:21:00,473.2506,473.66,473.24,473.5765,0
2026-08-03 09:22:00,473.55,473.65,473.0,473.331,0
2026-08-03 09:23:00,473.5,473.62,473.11,473.4902,0
2026-08-03 09:24:00,473.5,473.5,473.0,473.4785,0
2026-08-03 09:25:00,473.27,473.27,471.6975,472.82,0
2026-08-03 09:26:00,472.9,474.5,472.9,474.3502,0
2026-08-03 09:27:00,474.38,474.38,473.53,473.53,0
2026-08-03 09:28:00,475.98,476.6,473.98,475.54,0
2026-08-03 09:29:00,475.39,476.4,475.09,476.4,0
2026-08-03 09:30:00,478.37,478.385,478.25,478.31,3776191
2026-08-03 09:31:00,478.34,483.23,476.38,483.17,834137
2026-08-03 09:32:00,483.23,483.71,478.5,480.92,607941
2026-08-03 09:33:00,480.85,486.21,480.68,485.3351,662889
2026-08-03 09:34:00,485.26,486.0,483.64,484.41,507106
2026-08-03 09:35:00,484.45,486.68,484.0101,485.59,599974
2026-08-03 09:36:00,485.64,486.405,484.04,485.66,533587
2026-08-03 09:37:00,485.63,486.5,485.18,485.93,662562
2026-08-03 09:38:00,485.99,487.74,485.99,487.31,589776
2026-08-03 09:39:00,487.2,489.22,487.12,488.84,605786
2026-08-03 09:40:00,488.89,489.86,487.79,489.215,563271
2026-08-03 09:41:00,489.16,489.51,487.5201,488.77,362900
2026-08-03 09:42:00,488.8,489.6,487.74,487.95,382406
2026-08-03 09:43:00,487.83,488.75,487.25,488.75,299049
2026-08-03 09:44:00,488.67,489.94,488.51,489.74,346479
2026-08-03 09:45:00,489.65,490.7999,488.32,489.36,553962
2026-08-03 09:46:00,489.24,489.34,488.3,488.65,294476
2026-08-03 09:47:00,488.645,488.86,488.06,488.35,278187
2026-08-03 09:48:00,488.3097,489.3,487.5,488.66,319941
2026-08-03 09:49:00,488.5901,489.545,488.19,488.56,259000
2026-08-03 09:50:00,488.56,489.27,487.05,488.21,321924
2026-08-03 09:51:00,488.34,490.57,488.14,490.215,372289
2026-08-03 09:52:00,490.172,490.51,489.43,489.4801,302920
2026-08-03 09:53:00,489.67,489.9899,489.0,489.16,376270
2026-08-03 09:54:00,489.2054,490.2,488.62,489.975,212394
2026-08-03 09:55:00,489.91,490.84,489.9,490.23,237576
2026-08-03 09:56:00,490.295,490.88,490.18,490.525,289844
2026-08-03 09:57:00,490.47,490.5099,488.87,489.61,281370
2026-08-03 09:58:00,489.5275,490.54,489.2603,490.05,332436
2026-08-03 09:59:00,490.08,490.5,489.0601,489.8999,333221
2026-08-03 10:00:00,489.78,489.9599,488.31,488.475,400247
2026-08-03 10:01:00,488.475,490.63,488.33,490.49,282559
2026-08-03 10:02:00,490.52,491.14,489.81,490.96,443232
2026-08-03 10:03:00,490.96,490.96,489.12,489.91,292987
2026-08-03 10:04:00,490.0,490.5,488.98,490.43,251843
2026-08-03 10:05:00,490.43,490.8699,489.72,490.84,186937
2026-08-03 10:06:00,490.87,491.2287,489.7,491.0,264521
2026-08-03 10:07:00,491.05,491.37,489.55,489.5991,298512
2026-08-03 10:08:00,489.64,490.0,488.9,489.285,183073
2026-08-03 10:09:00,489.27,489.54,488.7301,489.02,194482
2026-08-03 10:10:00,488.91,489.13,488.44,488.77,184733
2026-08-03 10:11:00,488.795,489.0,487.6101,488.51,262790
2026-08-03 10:12:00,488.55,489.0,487.3,487.71,172696
2026-08-03 10:13:00,487.71,487.95,486.8,487.02,262273
2026-08-03 10:14:00,486.8,486.95,486.23,486.62,238753
2026-08-03 10:15:00,486.6,487.36,486.2,487.34,135455
2026-08-03 10:16:00,487.235,487.5,486.68,486.98,261841
2026-08-03 10:17:00,487.02,487.56,486.44,487.23,149226
2026-08-03 10:18:00,487.2299,487.2299,486.52,486.55,102516
2026-08-03 10:19:00,486.51,486.77,486.12,486.355,101958
2026-08-03 10:20:00,486.3,487.0,486.3,486.66,131945
2026-08-03 10:21:00,486.66,487.13,486.56,487.035,103799
2026-08-03 10:22:00,487.0,487.005,486.01,486.63,126721
2026-08-03 10:23:00,486.65,487.04,486.48,486.49,101728
2026-08-03 10:24:00,486.46,486.82,486.01,486.115,117566
2026-08-03 10:25:00,486.17,486.4,485.48,485.48,201097
2026-08-03 10:26:00,485.535,486.715,485.535,486.635,128251
2026-08-03 10:27:00,486.61,487.25,486.2701,487.095,122309
2026-08-03 10:28:00,487.12,487.24,485.61,485.835,98710
2026-08-03 10:29:00,485.8003,485.88,484.77,484.79,168808
2026-08-03 10:30:00,484.86,485.28,484.77,484.9,120794
2026-08-03 10:31:00,484.9,485.03,484.35,484.445,143170
2026-08-03 10:32:00,484.4,484.7,484.13,484.61,202576
2026-08-03 10:33:00,484.625,484.67,484.07,484.2488,106984
2026-08-03 10:34:00,484.265,484.56,484.05,484.1,125729
2026-08-03 10:35:00,484.08,484.99,484.05,484.885,186622
2026-08-03 10:36:00,484.875,485.05,484.25,484.545,165268
2026-08-03 10:37:00,484.62,485.61,484.5501,485.4806,120369
2026-08-03 10:38:00,485.49,486.45,485.28,486.37,148741
2026-08-03 10:39:00,486.4297,486.5999,485.91,486.07,117343
2026-08-03 10:40:00,486.08,487.6,485.97,487.12,165150
2026-08-03 10:41:00,487.13,487.46,486.74,486.885,111970
2026-08-03 10:42:00,486.8101,487.2,486.6,486.985,66472
2026-08-03 10:43:00,487.03,487.5671,486.96,487.1,145693
2026-08-03 10:44:00,487.08,487.4,486.25,486.465,92449
2026-08-03 10:45:00,486.53,486.85,486.395,486.735,78998
2026-08-03 10:46:00,486.78,486.85,486.14,486.29,191837
2026-08-03 10:47:00,486.29,486.7581,485.61,485.61,167640
2026-08-03 10:48:00,485.7,485.7,484.72,484.82,125697
2026-08-03 10:49:00,484.77,484.89,483.81,484.06,151666
2026-08-03 10:50:00,484.06,484.17,483.3,483.79,127329
2026-08-03 10:51:00,483.81,483.9,483.25,483.305,103148
2026-08-03 10:52:00,483.28,483.46,482.89,483.1401,101397
2026-08-03 10:53:00,483.22,483.49,482.854,483.435,81864
2026-08-03 10:54:00,483.34,483.9,483.1,483.5,94434
2026-08-03 10:55:00,483.465,483.5,482.99,483.21,71975
2026-08-03 10:56:00,483.19,483.81,483.09,483.59,116171
2026-08-03 10:57:00,483.58,483.7287,483.2101,483.45,63697
2026-08-03 10:58:00,483.45,483.77,483.13,483.6,67262
2026-08-03 10:59:00,483.66,484.1,483.5365,483.93,92478
2026-08-03 11:00:00,483.99,484.5555,483.72,483.86,115802
2026-08-03 11:01:00,483.745,484.42,483.57,484.1916,123475
2026-08-03 11:02:00,484.25,484.93,482.99,483.05,182669
2026-08-03 11:03:00,483.07,483.63,482.51,482.575,115655
2026-08-03 11:04:00,482.53,483.03,482.25,482.875,126937
2026-08-03 11:05:00,482.8308,483.5,482.48,483.4802,68984
2026-08-03 11:06:00,483.51,483.6,483.02,483.3949,102892
2026-08-03 11:07:00,483.37,484.5,483.31,483.48,154625
2026-08-03 11:08:00,483.48,483.87,482.9815,483.11,106969
2026-08-03 11:09:00,483.0201,483.6173,482.94,483.51,83804
2026-08-03 11:10:00,483.59,483.6,482.25,482.5017,96253
2026-08-03 11:11:00,482.56,483.31,482.56,483.205,85466
2026-08-03 11:12:00,483.205,483.26,481.8112,481.97,130730
2026-08-03 11:13:00,481.88,482.29,481.6886,482.29,85292
2026-08-03 11:14:00,482.2514,482.29,481.6001,481.83,78455
2026-08-03 11:15:00,481.835,482.1,481.76,482.001,73681
2026-08-03 11:16:00,482.045,482.19,481.796,481.93,69168
2026-08-03 11:17:00,481.95,482.17,481.63,482.12,80488
2026-08-03 11:18:00,482.2,482.4695,481.9,482.02,50655
2026-08-03 11:19:00,482.01,482.4128,481.83,482.165,155136
2026-08-03 11:20:00,482.17,482.9,482.09,482.4209,175098
2026-08-03 11:21:00,482.435,483.8,482.3,483.68,134812
2026-08-03 11:22:00,483.69,484.0,483.32,483.5051,152403
2026-08-03 11:23:00,483.495,484.45,483.38,484.3801,85632
2026-08-03 11:24:00,484.44,485.17,484.36,484.9636,138536
2026-08-03 11:25:00,484.97,485.18,484.0,484.28,162762
2026-08-03 11:26:00,484.31,484.815,484.23,484.655,95232
2026-08-03 11:27:00,484.73,485.0651,484.6774,484.84,65746
2026-08-03 11:28:00,484.87,485.42,484.68,485.365,79367
2026-08-03 11:29:00,485.365,485.6999,485.27,485.625,91584
2026-08-03 11:30:00,485.63,486.33,485.27,485.75,201371
2026-08-03 11:31:00,485.7397,487.0,485.68,486.94,300083
2026-08-03 11:32:00,486.92,487.345,486.8001,487.285,102473
2026-08-03 11:33:00,487.37,487.75,487.24,487.72,116953
2026-08-03 11:34:00,487.705,488.28,487.64,487.74,172552
2026-08-03 11:35:00,487.74,487.8999,487.07,487.45,140044
2026-08-03 11:36:00,487.455,487.94,487.22,487.34,122629
2026-08-03 11:37:00,487.36,487.46,486.8505,487.195,87380
2026-08-03 11:38:00,487.28,487.445,486.73,487.22,75281
2026-08-03 11:39:00,487.24,487.7,487.1701,487.42,95447
2026-08-03 11:40:00,487.42,487.86,487.41,487.73,90824
2026-08-03 11:41:00,487.67,487.8,487.38,487.51,76585
2026-08-03 11:42:00,487.54,488.29,487.431,487.82,122229
2026-08-03 11:43:00,487.805,488.1199,487.47,487.635,92970
2026-08-03 11:44:00,487.635,487.7599,487.15,487.25,70151
2026-08-03 11:45:00,487.245,487.4,486.97,487.355,57884
2026-08-03 11:46:00,487.355,487.56,487.0901,487.5075,63523
2026-08-03 11:47:00,487.53,487.91,487.36,487.385,94922
2026-08-03 11:48:00,487.41,487.43,486.27,486.3276,86977
2026-08-03 11:49:00,486.38,486.47,485.99,486.315,53156
2026-08-03 11:50:00,486.28,486.36,485.67,485.8,59815
2026-08-03 11:51:00,485.84,486.31,485.75,486.03,52463
2026-08-03 11:52:00,486.06,486.23,485.88,485.96,91836
2026-08-03 11:53:00,485.955,486.24,485.955,486.15,31786
2026-08-03 11:54:00,486.15,486.23,485.91,486.15,44533
2026-08-03 11:55:00,486.19,486.44,485.82,486.01,71776
2026-08-03 11:56:00,486.0062,486.0062,486.0062,486.0062,0
