time_et,open,high,low,close,volume
2026-08-17 04:00:00,1005.5,1006.2,989.13,994.9,60836
2026-08-17 04:01:00,991.23,1006.35,989.18,1003.0,138789
2026-08-17 04:02:00,1004.85,1006.0,1001.46,1004.65,13876
2026-08-17 04:03:00,1004.91,1007.14,1004.82,1006.88,7508
2026-08-17 04:04:00,1006.75,1007.0,1006.0,1006.04,3042
2026-08-17 04:05:00,1005.8,1006.55,1005.01,1006.11,2172
2026-08-17 04:06:00,1006.0,1007.55,993.75,1005.0,4182
2026-08-17 04:07:00,1005.36,1005.36,1003.79,1004.1,1497
2026-08-17 04:08:00,1005.0,1006.91,1005.0,1006.91,2031
2026-08-17 04:09:00,1007.03,1008.0,1007.02,1008.0,1982
2026-08-17 04:10:00,1008.0,1009.82,1008.0,1009.6,3717
2026-08-17 04:11:00,1009.75,1009.75,1007.0,1007.0,4290
2026-08-17 04:12:00,1007.03,1007.03,1006.17,1006.82,1275
2026-08-17 04:13:00,1006.73,1007.54,1006.0,1006.69,3169
2026-08-17 04:14:00,1006.5,1006.71,1005.0,1005.01,2497
2026-08-17 04:15:00,1005.0,1006.0,1005.0,1006.0,1943
2026-08-17 04:16:00,1006.5,1006.6,1005.8,1006.5,1684
2026-08-17 04:17:00,1006.21,1007.07,1005.47,1005.48,887
2026-08-17 04:18:00,1005.2,1006.73,1005.14,1006.51,3344
2026-08-17 04:19:00,1006.4,1006.4,1005.0,1005.29,1989
2026-08-17 04:20:00,1005.02,1005.5,1004.82,1005.5,2617
2026-08-17 04:21:00,1005.39,1006.49,1005.39,1006.35,791
2026-08-17 04:22:00,1006.2,1006.55,1006.13,1006.4,646
2026-08-17 04:23:00,1006.02,1006.5,1005.4,1005.4,484
2026-08-17 04:24:00,1005.6,1006.47,1005.6,1006.43,832
2026-08-17 04:25:00,1006.47,1007.0,1006.3,1006.7,960
2026-08-17 04:26:00,1006.94,1008.44,1006.94,1007.91,1578
2026-08-17 04:27:00,1007.0,1007.49,1006.66,1006.66,2854
2026-08-17 04:28:00,1006.17,1006.99,1006.17,1006.99,390
2026-08-17 04:29:00,1007.04,1007.2,1006.72,1007.0,1320
2026-08-17 04:30:00,1007.44,1007.99,1007.39,1007.5,946
2026-08-17 04:31:00,1007.67,1008.41,1007.39,1008.41,1741
2026-08-17 04:32:00,1008.39,1008.8,1008.05,1008.8,1558
2026-08-17 04:33:00,1008.84,1009.88,1008.55,1009.88,1881
2026-08-17 04:34:00,1009.88,1010.51,1009.0,1009.0,15098
2026-08-17 04:35:00,1008.0,1009.71,1007.5,1008.47,4836
2026-08-17 04:36:00,1009.0,1009.0,1007.5,1007.98,2601
2026-08-17 04:37:00,1007.7,1008.0,1007.56,1008.0,559
2026-08-17 04:38:00,1007.67,1007.8,1007.3,1007.8,2991
2026-08-17 04:39:00,1007.61,1007.61,1006.01,1006.28,4456
2026-08-17 04:40:00,1006.86,1006.86,1005.61,1006.58,1889
2026-08-17 04:41:00,1006.15,1006.39,1005.36,1005.36,1402
2026-08-17 04:42:00,1005.5,1005.97,1005.17,1005.5,911
2026-08-17 04:43:00,1005.4,1006.0,1005.25,1006.0,766
2026-08-17 04:44:00,1005.5,1005.71,1004.55,1004.55,1693
2026-08-17 04:45:00,1004.5,1005.0,1004.5,1005.0,363
2026-08-17 04:46:00,1005.96,1006.24,1004.9,1005.67,2183
2026-08-17 04:47:00,1005.59,1005.59,1005.01,1005.26,547
2026-08-17 04:48:00,1004.7,1005.48,1004.7,1005.48,624
2026-08-17 04:49:00,1005.29,1005.29,1004.51,1005.0,782
2026-08-17 04:50:00,1005.47,1005.95,1005.1,1005.95,911
2026-08-17 04:51:00,1005.95,1005.95,1005.82,1005.92,537
2026-08-17 04:52:00,1005.75,1005.89,1005.65,1005.89,196
2026-08-17 04:53:00,1005.0,1005.2,1004.76,1005.2,554
2026-08-17 04:54:00,1005.03,1005.94,1005.03,1005.65,1516
2026-08-17 04:55:00,1005.56,1006.0,1005.56,1005.77,3182
2026-08-17 04:56:00,1005.9,1006.25,1005.73,1006.0,543
2026-08-17 04:57:00,1006.3,1006.88,1005.9,1005.99,1304
2026-08-17 04:58:00,1005.56,1005.56,1004.5,1004.5,1233
2026-08-17 04:59:00,1004.23,1004.23,1003.51,1003.51,3007
2026-08-17 05:00:00,1003.82,1003.99,1003.0,1003.61,2179
2026-08-17 05:01:00,1003.33,1003.77,1003.3,1003.71,696
2026-08-17 05:02:00,1003.53,1003.94,1002.95,1003.08,1399
2026-08-17 05:03:00,1002.74,1003.0,1002.22,1003.0,869
2026-08-17 05:04:00,1002.76,1003.23,1002.6,1002.6,656
2026-08-17 05:05:00,1002.45,1002.79,1002.22,1002.79,923
2026-08-17 05:06:00,1002.76,1003.22,1002.76,1003.22,1224
2026-08-17 05:07:00,1002.56,1003.25,1002.56,1002.98,830
2026-08-17 05:08:00,1002.5,1002.5,1001.8,1001.88,537
2026-08-17 05:09:00,1002.0,1002.1,1001.84,1001.87,476
2026-08-17 05:10:00,1001.73,1002.5,1001.66,1002.5,1528
2026-08-17 05:11:00,1002.73,1003.43,1002.67,1002.84,1034
2026-08-17 05:12:00,1001.83,1001.83,1000.51,1001.11,2071
2026-08-17 05:13:00,1001.5,1001.92,1001.4,1001.89,876
2026-08-17 05:14:00,1001.53,1001.53,1001.2,1001.5,340
2026-08-17 05:15:00,1001.11,1001.12,1000.17,1000.32,2598
2026-08-17 05:16:00,1000.51,1000.51,999.73,999.73,4642
2026-08-17 05:17:00,999.23,1000.5,999.18,1000.29,2051
2026-08-17 05:18:00,1000.0,1000.95,1000.0,1000.5,987
2026-08-17 05:19:00,1000.5,1001.49,999.69,1001.49,2394
2026-08-17 05:20:00,1001.49,1001.98,1000.8,1000.8,1857
2026-08-17 05:21:00,1000.86,1001.1,1000.0,1000.0,2580
2026-08-17 05:22:00,1000.92,1000.93,999.01,999.29,1760
2026-08-17 05:23:00,999.47,999.47,998.4,998.4,1592
2026-08-17 05:24:00,998.62,999.45,998.61,999.0,2766
2026-08-17 05:25:00,998.4,999.26,998.39,999.03,1292
2026-08-17 05:26:00,999.1,999.35,998.5,999.06,1601
2026-08-17 05:27:00,999.19,1000.5,999.01,1000.49,1715
2026-08-17 05:28:00,1000.0,1000.38,1000.0,1000.0,636
2026-08-17 05:29:00,1000.32,1001.86,1000.3,1000.46,1478
2026-08-17 05:30:00,1000.52,1001.87,1000.52,1001.8,1251
2026-08-17 05:31:00,1001.25,1001.25,1000.0,1000.4,1710
2026-08-17 05:32:00,1000.06,1000.38,1000.06,1000.2,370
2026-08-17 05:33:00,1000.29,1000.89,1000.05,1000.87,1086
2026-08-17 05:34:00,1000.11,1001.01,1000.05,1000.85,3183
2026-08-17 05:35:00,1000.99,1002.0,1000.99,1002.0,563
2026-08-17 05:36:00,1001.85,1002.34,1001.85,1002.34,164
2026-08-17 05:37:00,1002.31,1002.31,1001.0,1001.0,1163
2026-08-17 05:38:00,1001.0,1001.0,1000.24,1000.3,365
2026-08-17 05:39:00,1000.7,1000.73,1000.05,1000.61,1560
2026-08-17 05:40:00,1000.09,1000.46,1000.05,1000.46,236
2026-08-17 05:41:00,1000.6,1001.96,1000.6,1001.96,459
2026-08-17 05:42:00,1001.8,1002.0,1001.6,1002.0,495
2026-08-17 05:43:00,1002.04,1002.04,1001.85,1001.85,604
2026-08-17 05:44:00,1001.85,1002.35,1001.52,1002.35,1155
2026-08-17 05:45:00,1002.8,1003.85,1002.8,1003.6,772
2026-08-17 05:46:00,1003.5,1003.56,1003.0,1003.03,733
2026-08-17 05:47:00,1003.3,1003.3,1003.0,1003.13,543
2026-08-17 05:48:00,1003.24,1003.24,1002.53,1002.53,5189
2026-08-17 05:49:00,1002.5,1002.99,1002.5,1002.98,5161
2026-08-17 05:50:00,1003.21,1004.0,1003.21,1003.3,1206
2026-08-17 05:51:00,1004.0,1004.0,1002.57,1003.37,5216
2026-08-17 05:52:00,1003.69,1005.0,1003.0,1004.26,5159
2026-08-17 05:53:00,1004.0,1004.0,1003.05,1003.5,432
2026-08-17 05:54:00,1003.02,1006.04,1002.88,1005.19,4273
2026-08-17 05:55:00,1004.6,1004.6,1004.46,1004.6,425
2026-08-17 05:56:00,1004.91,1004.91,1003.29,1003.62,734
2026-08-17 05:57:00,1003.82,1003.82,1003.82,1003.82,64
2026-08-17 05:58:00,1003.82,1007.0,1003.18,1003.19,4457
2026-08-17 05:59:00,1003.41,1003.95,1003.01,1003.01,1381
2026-08-17 06:00:00,1003.24,1003.42,1002.88,1002.98,1692
2026-08-17 06:01:00,1002.91,1007.0,1002.91,1004.5,4383
2026-08-17 06:02:00,1004.49,1004.99,1004.49,1004.71,826
2026-08-17 06:03:00,1004.71,1004.98,1004.57,1004.57,351
2026-08-17 06:04:00,1004.33,1004.99,1004.33,1004.69,514
2026-08-17 06:05:00,1004.72,1006.19,1004.72,1006.19,1910
2026-08-17 06:06:00,1005.96,1006.33,1005.9,1006.0,1223
2026-08-17 06:07:00,1005.9,1006.48,1005.5,1005.5,1093
2026-08-17 06:08:00,1005.25,1005.6,1005.25,1005.4,555
2026-08-17 06:09:00,1004.71,1004.71,1004.42,1004.7,139
2026-08-17 06:10:00,1004.97,1005.0,1004.97,1005.0,307
2026-08-17 06:11:00,1004.57,1004.83,1004.57,1004.83,156
2026-08-17 06:12:00,1004.5,1006.7,1004.31,1006.0,2425
2026-08-17 06:13:00,1006.47,1007.0,1006.41,1006.6,2678
2026-08-17 06:14:00,1006.6,1008.04,1006.6,1007.34,5052
2026-08-17 06:15:00,1007.37,1007.99,1007.16,1007.7,1163
2026-08-17 06:16:00,1007.18,1007.5,1007.0,1007.15,1741
2026-08-17 06:17:00,1007.26,1007.29,1006.66,1007.0,791
2026-08-17 06:18:00,1007.28,1007.76,1006.41,1006.42,756
2026-08-17 06:19:00,1006.5,1006.52,1006.0,1006.0,189
2026-08-17 06:20:00,1005.94,1006.47,1005.94,1006.47,642
2026-08-17 06:21:00,1006.47,1006.47,1006.47,1006.47,0
2026-08-17 06:22:00,1005.89,1005.89,1005.89,1005.89,104
2026-08-17 06:23:00,1006.02,1006.02,1005.52,1005.52,383
2026-08-17 06:24:00,1005.52,1005.52,1005.52,1005.52,0
2026-08-17 06:25:00,1005.75,1005.75,1005.56,1005.56,171
2026-08-17 06:26:00,1005.96,1006.2,1005.36,1005.36,610
2026-08-17 06:27:00,1005.37,1005.37,1005.15,1005.19,369
2026-08-17 06:28:00,1005.35,1005.66,1005.35,1005.53,502
2026-08-17 06:29:00,1005.67,1008.3,1005.16,1007.98,1926
2026-08-17 06:30:00,1008.3,1008.49,1005.93,1006.01,767
2026-08-17 06:31:00,1006.01,1006.67,1006.0,1006.67,247
2026-08-17 06:32:00,1006.17,1006.79,1006.12,1006.19,582
2026-08-17 06:33:00,1006.25,1006.3,1006.21,1006.26,425
2026-08-17 06:34:00,1006.0,1006.16,1005.8,1006.0,974
2026-08-17 06:35:00,1005.76,1005.76,1005.0,1005.0,4149
2026-08-17 06:36:00,1006.0,1006.0,1005.92,1005.99,239
2026-08-17 06:37:00,1006.0,1006.0,1006.0,1006.0,161
2026-08-17 06:38:00,1006.05,1006.23,1006.0,1006.12,411
2026-08-17 06:39:00,1006.0,1006.0,1005.92,1005.92,123
2026-08-17 06:40:00,1005.8,1005.8,1005.8,1005.8,45
2026-08-17 06:41:00,1006.26,1006.5,1006.26,1006.5,399
2026-08-17 06:42:00,1006.3,1006.3,1006.02,1006.02,91
2026-08-17 06:43:00,1006.26,1006.26,1006.01,1006.18,341
2026-08-17 06:44:00,1006.39,1006.75,1006.39,1006.75,715
2026-08-17 06:45:00,1006.62,1006.62,1006.01,1006.01,1459
2026-08-17 06:46:00,1006.0,1006.43,1006.0,1006.39,183
2026-08-17 06:47:00,1006.4,1006.5,1006.23,1006.5,762
2026-08-17 06:48:00,1006.68,1006.68,1006.23,1006.23,207
2026-08-17 06:49:00,1006.23,1006.33,1005.64,1005.64,1025
2026-08-17 06:50:00,1005.33,1005.83,1005.32,1005.37,1356
2026-08-17 06:51:00,1005.82,1006.16,1005.0,1006.0,3315
2026-08-17 06:52:00,1005.59,1005.98,1005.59,1005.78,269
2026-08-17 06:53:00,1005.02,1005.48,1005.0,1005.0,552
2026-08-17 06:54:00,1005.37,1005.6,1005.25,1005.32,2086
2026-08-17 06:55:00,1005.22,1005.25,1004.67,1004.67,490
2026-08-17 06:56:00,1005.53,1005.84,1005.52,1005.84,678
2026-08-17 06:57:00,1005.32,1005.84,1005.32,1005.5,304
2026-08-17 06:58:00,1005.64,1005.99,1005.47,1005.56,749
2026-08-17 06:59:00,1005.97,1005.99,1005.04,1005.91,1571
2026-08-17 07:00:00,1005.14,1006.75,1002.22,1002.23,27970
2026-08-17 07:01:00,1002.0,1005.0,1002.0,1004.5,3693
2026-08-17 07:02:00,1004.13,1004.68,1003.3,1004.5,4771
2026-08-17 07:03:00,1004.49,1004.49,1003.3,1003.98,3053
2026-08-17 07:04:00,1003.57,1004.0,1003.5,1004.0,2056
2026-08-17 07:05:00,1004.14,1005.26,1004.0,1005.08,4271
2026-08-17 07:06:00,1005.12,1005.49,1004.88,1004.88,4640
2026-08-17 07:07:00,1005.17,1005.17,1004.02,1004.21,1824
2026-08-17 07:08:00,1004.71,1004.74,1004.0,1004.37,1577
2026-08-17 07:09:00,1004.37,1004.77,1004.05,1004.1,2922
2026-08-17 07:10:00,1004.98,1004.98,1003.5,1003.5,2421
2026-08-17 07:11:00,1003.69,1004.0,1002.41,1002.41,7881
2026-08-17 07:12:00,1002.99,1003.24,1002.41,1002.41,4810
2026-08-17 07:13:00,1002.41,1002.79,1001.4,1001.41,5494
2026-08-17 07:14:00,1001.78,1002.0,1001.5,1001.6,4163
2026-08-17 07:15:00,1001.62,1002.0,1001.26,1001.37,6529
2026-08-17 07:16:00,1001.26,1001.26,1000.46,1000.47,8062
2026-08-17 07:17:00,1000.46,1001.15,1000.36,1001.06,3043
2026-08-17 07:18:00,1001.2,1001.51,1001.02,1001.34,642
2026-08-17 07:19:00,1001.4,1001.93,1001.01,1001.79,7825
2026-08-17 07:20:00,1001.48,1001.99,1001.11,1001.98,6990
2026-08-17 07:21:00,1001.84,1001.84,1000.58,1001.49,7272
2026-08-17 07:22:00,1001.07,1001.94,1001.07,1001.92,1747
2026-08-17 07:23:00,1001.96,1001.96,1001.21,1001.4,3098
2026-08-17 07:24:00,1001.51,1001.54,1000.5,1001.54,3015
2026-08-17 07:25:00,1001.48,1001.7,1000.08,1000.15,3592
2026-08-17 07:26:00,1000.26,1000.87,1000.1,1000.74,2532
2026-08-17 07:27:00,1000.6,1000.99,1000.47,1000.88,1352
2026-08-17 07:28:00,1000.78,1001.0,1000.26,1000.55,1276
2026-08-17 07:29:00,1000.8,1001.24,1000.8,1001.21,915
2026-08-17 07:30:00,1001.21,1001.22,1000.1,1000.1,2102
2026-08-17 07:31:00,1000.91,1000.91,1000.1,1000.5,4989
2026-08-17 07:32:00,1000.71,1000.91,1000.02,1000.32,6909
2026-08-17 07:33:00,1000.31,1000.9,1000.25,1000.85,1004
2026-08-17 07:34:00,1000.99,1001.0,1000.21,1000.41,6090
2026-08-17 07:35:00,1000.36,1000.36,999.0,999.42,18524
2026-08-17 07:36:00,999.88,1000.15,999.44,1000.15,2286
2026-08-17 07:37:00,1000.15,1000.28,999.02,999.02,2028
2026-08-17 07:38:00,999.2,999.55,998.8,999.55,8691
2026-08-17 07:39:00,999.61,1000.29,999.41,1000.02,3204
2026-08-17 07:40:00,1000.03,1000.36,999.8,1000.36,2703
2026-08-17 07:41:00,1000.15,1000.35,999.8,1000.0,2061
2026-08-17 07:42:00,1000.0,1001.44,999.75,1001.0,4785
2026-08-17 07:43:00,1001.48,1001.48,1000.89,1001.45,1650
2026-08-17 07:44:00,1001.47,1001.82,1001.03,1001.81,3119
2026-08-17 07:45:00,1001.49,1003.75,1001.48,1002.99,5533
2026-08-17 07:46:00,1003.0,1003.38,1002.0,1002.17,2860
2026-08-17 07:47:00,1002.77,1002.77,1002.2,1002.45,2372
2026-08-17 07:48:00,1002.48,1002.99,1002.17,1002.99,1924
2026-08-17 07:49:00,1002.76,1003.99,1002.17,1003.91,6931
2026-08-17 07:50:00,1003.67,1003.79,1002.66,1002.66,15132
2026-08-17 07:51:00,1002.92,1002.93,1001.72,1001.99,6100
2026-08-17 07:52:00,1001.7,1002.0,1001.04,1001.4,1310
2026-08-17 07:53:00,1001.01,1001.51,1001.0,1001.19,1369
2026-08-17 07:54:00,1001.11,1001.71,1001.11,1001.61,4016
2026-08-17 07:55:00,1001.61,1003.08,1001.61,1003.08,5119
2026-08-17 07:56:00,1002.99,1003.05,1002.2,1002.2,1643
2026-08-17 07:57:00,1002.42,1002.43,1001.0,1001.0,2469
2026-08-17 07:58:00,1001.49,1001.5,1000.82,1000.84,2749
2026-08-17 07:59:00,1000.9,1001.07,1000.7,1001.01,1947
2026-08-17 08:00:00,1001.41,1001.47,1000.7,1000.7,1193
2026-08-17 08:01:00,1000.71,1001.0,999.45,999.45,11727
2026-08-17 08:02:00,999.45,1000.42,999.0,1000.06,5494
2026-08-17 08:03:00,1000.17,1000.17,998.19,998.49,11076
2026-08-17 08:04:00,998.44,998.44,995.38,995.38,14169
2026-08-17 08:05:00,995.44,995.95,993.77,995.26,11864
2026-08-17 08:06:00,995.55,996.0,995.13,996.0,5528
2026-08-17 08:07:00,996.0,997.49,995.99,997.13,5815
2026-08-17 08:08:00,997.17,998.0,996.77,997.98,6997
2026-08-17 08:09:00,997.63,999.3,997.63,999.29,3514
2026-08-17 08:10:00,999.0,1000.0,998.98,999.74,4761
2026-08-17 08:11:00,999.52,1000.0,999.25,999.3,7629
2026-08-17 08:12:00,999.3,999.71,998.79,999.71,3561
2026-08-17 08:13:00,999.6,1000.43,999.46,1000.29,4512
2026-08-17 08:14:00,1000.49,1001.75,1000.28,1001.3,5658
2026-08-17 08:15:00,1001.33,1001.42,1000.0,1000.43,4709
2026-08-17 08:16:00,1000.0,1001.0,1000.0,1000.54,5716
2026-08-17 08:17:00,1000.43,1001.56,1000.43,1001.08,4247
2026-08-17 08:18:00,1001.26,1001.57,1001.0,1001.4,4168
2026-08-17 08:19:00,1001.86,1002.49,1001.29,1002.06,3396
2026-08-17 08:20:00,1002.0,1002.25,1001.0,1001.87,3994
2026-08-17 08:21:00,1001.09,1001.94,1001.09,1001.75,1196
2026-08-17 08:22:00,1001.63,1001.75,1000.6,1000.67,2320
2026-08-17 08:23:00,1000.76,1001.16,1000.5,1001.0,2408
2026-08-17 08:24:00,1001.2,1001.5,1000.56,1000.56,3676
2026-08-17 08:25:00,1000.62,1001.04,1000.2,1000.23,4150
2026-08-17 08:26:00,1000.23,1000.44,998.0,999.25,14994
2026-08-17 08:27:00,999.91,1001.0,999.43,1000.9,4736
2026-08-17 08:28:00,1000.19,1002.1,1000.0,1002.1,10756
2026-08-17 08:29:00,1001.62,1001.62,1000.23,1001.11,2470
2026-08-17 08:30:00,1001.51,1002.53,1000.7,1002.53,5513
2026-08-17 08:31:00,1002.03,1002.96,1002.02,1002.86,5778
2026-08-17 08:32:00,1002.75,1003.16,1001.75,1001.75,5989
2026-08-17 08:33:00,1001.7,1001.88,1000.8,1001.0,5770
2026-08-17 08:34:00,1000.83,1000.85,999.99,1000.09,4872
2026-08-17 08:35:00,1000.0,1000.02,999.0,999.0,5610
2026-08-17 08:36:00,999.05,999.78,998.44,998.52,7302
2026-08-17 08:37:00,998.52,998.64,997.0,997.5,6921
2026-08-17 08:38:00,997.12,997.5,996.12,996.12,11867
2026-08-17 08:39:00,996.12,996.99,995.4,995.4,10748
2026-08-17 08:40:00,995.4,998.18,995.4,997.7,7291
2026-08-17 08:41:00,997.69,998.06,997.24,997.5,5875
2026-08-17 08:42:00,997.73,997.73,994.14,994.53,14630
2026-08-17 08:43:00,994.59,994.67,992.8,992.8,12222
2026-08-17 08:44:00,993.13,993.79,992.66,993.39,10531
2026-08-17 08:45:00,994.0,994.19,992.81,994.17,10758
2026-08-17 08:46:00,994.19,995.47,993.7,995.34,3879
2026-08-17 08:47:00,995.5,996.43,995.26,996.0,4720
2026-08-17 08:48:00,996.22,996.37,994.1,995.1,11062
2026-08-17 08:49:00,995.27,996.41,994.31,996.0,2990
2026-08-17 08:50:00,996.0,997.51,995.79,996.74,6856
2026-08-17 08:51:00,996.77,996.93,994.8,995.99,5991
2026-08-17 08:52:00,995.99,997.6,995.82,997.54,8740
2026-08-17 08:53:00,997.2,998.44,997.2,997.68,13493
2026-08-17 08:54:00,998.42,998.44,996.0,996.92,5279
2026-08-17 08:55:00,996.94,997.12,996.11,996.6,1480
2026-08-17 08:56:00,996.37,996.75,996.0,996.55,1759
2026-08-17 08:57:00,996.2,996.73,996.2,996.7,1401
2026-08-17 08:58:00,996.99,997.65,996.99,997.2,4760
2026-08-17 08:59:00,997.22,997.75,996.99,997.71,3725
2026-08-17 09:00:00,997.35,998.59,997.21,998.5,3921
2026-08-17 09:01:00,998.0,998.84,998.0,998.62,5203
2026-08-17 09:02:00,998.54,998.7,997.58,997.58,3885
2026-08-17 09:03:00,997.35,998.07,997.32,998.07,2415
2026-08-17 09:04:00,998.29,998.49,997.21,997.61,5107
2026-08-17 09:05:00,997.61,998.5,997.2,998.49,9110
2026-08-17 09:06:00,998.1,998.99,998.0,998.64,5431
2026-08-17 09:07:00,998.71,998.89,998.26,998.67,4696
2026-08-17 09:08:00,998.52,998.83,997.92,998.83,5880
2026-08-17 09:09:00,998.89,999.05,998.61,999.05,3360
2026-08-17 09:10:00,999.05,999.09,998.4,998.4,3615
2026-08-17 09:11:00,998.88,999.09,998.35,998.67,3727
2026-08-17 09:12:00,998.78,999.08,998.57,999.08,3054
2026-08-17 09:13:00,999.0,999.08,997.69,997.69,9091
2026-08-17 09:14:00,998.0,998.0,996.67,997.22,6130
2026-08-17 09:15:00,997.55,997.55,996.0,996.65,5190
2026-08-17 09:16:00,996.64,997.45,995.85,995.95,5645
2026-08-17 09:17:00,995.85,996.01,994.37,994.37,11638
2026-08-17 09:18:00,994.82,996.34,994.82,996.3,5022
2026-08-17 09:19:00,995.78,995.8,995.0,995.49,3676
2026-08-17 09:20:00,995.3,996.24,995.2,995.92,2601
2026-08-17 09:21:00,995.3,995.6,995.0,995.15,6859
2026-08-17 09:22:00,995.79,996.09,995.18,996.09,4097
2026-08-17 09:23:00,996.09,996.47,994.29,994.42,13356
2026-08-17 09:24:00,994.11,994.18,992.75,993.97,8077
2026-08-17 09:25:00,994.0,997.99,994.0,997.86,13235
2026-08-17 09:26:00,998.0,998.74,997.5,998.3,11301
2026-08-17 09:27:00,998.64,1002.0,995.5,997.08,20525
2026-08-17 09:28:00,998.29,1001.51,997.44,1001.51,5129
2026-08-17 09:29:00,1001.5,1002.0,998.78,1000.0,16249
2026-08-17 09:30:00,1000.4,1014.68,995.07,1014.09,701900
2026-08-17 09:31:00,1014.09,1016.56,1008.53,1016.56,307548
2026-08-17 09:32:00,1016.49,1019.5,1005.6,1007.0,210100
2026-08-17 09:33:00,1007.19,1012.76,1004.74,1010.53,155962
2026-08-17 09:34:00,1010.77,1011.75,1003.91,1004.3,180167
2026-08-17 09:35:00,1004.52,1012.31,1003.92,1011.4,169193
2026-08-17 09:36:00,1011.01,1017.17,1011.0,1014.84,181535
2026-08-17 09:37:00,1014.97,1016.08,1008.19,1009.02,156197
2026-08-17 09:38:00,1008.84,1012.5,1007.09,1008.56,122900
2026-08-17 09:39:00,1008.97,1009.76,1006.13,1008.91,92157
2026-08-17 09:40:00,1008.36,1012.27,1005.56,1011.51,112938
2026-08-17 09:41:00,1011.52,1017.33,1010.85,1015.05,179346
2026-08-17 09:42:00,1014.64,1016.65,1011.37,1011.68,118597
2026-08-17 09:43:00,1011.68,1013.99,1010.77,1012.07,90160
2026-08-17 09:44:00,1012.45,1013.5,1010.0,1011.09,110257
2026-08-17 09:45:00,1011.25,1013.87,1008.77,1009.07,98370
2026-08-17 09:46:00,1009.57,1010.27,1007.67,1007.71,93880
2026-08-17 09:47:00,1007.85,1011.0,1006.53,1010.21,82239
2026-08-17 09:48:00,1010.21,1011.9,1008.27,1011.0,57635
2026-08-17 09:49:00,1010.91,1012.7,1010.37,1012.61,87510
2026-08-17 09:50:00,1012.61,1013.8,1011.83,1013.0,85787
2026-08-17 09:51:00,1012.76,1013.89,1010.8,1013.63,100618
2026-08-17 09:52:00,1013.69,1015.95,1013.23,1013.83,142063
2026-08-17 09:53:00,1013.95,1016.89,1013.36,1016.07,179136
2026-08-17 09:54:00,1016.22,1016.95,1013.21,1016.04,98944
2026-08-17 09:55:00,1016.05,1016.96,1015.14,1015.7,85081
2026-08-17 09:56:00,1015.87,1017.95,1013.16,1017.31,184143
2026-08-17 09:57:00,1017.37,1022.0,1016.42,1021.49,280966
2026-08-17 09:58:00,1021.33,1023.8,1018.37,1019.59,168308
2026-08-17 09:59:00,1019.59,1023.0,1018.77,1022.4,105605
2026-08-17 10:00:00,1022.03,1024.99,1020.11,1021.11,167622
2026-08-17 10:01:00,1020.74,1021.77,1017.5,1021.57,117514
2026-08-17 10:02:00,1021.61,1023.79,1017.46,1018.11,94999
2026-08-17 10:03:00,1018.11,1018.5,1015.0,1016.17,144283
2026-08-17 10:04:00,1015.99,1017.12,1015.29,1015.87,56356
2026-08-17 10:05:00,1015.88,1017.19,1014.65,1015.5,72978
2026-08-17 10:06:00,1016.0,1016.5,1014.1,1014.66,67868
2026-08-17 10:07:00,1014.18,1015.0,1012.5,1012.6,90122
2026-08-17 10:08:00,1012.56,1013.7,1010.98,1012.9,91746
2026-08-17 10:09:00,1013.0,1013.55,1010.18,1012.04,89107
2026-08-17 10:10:00,1012.05,1014.4,1012.0,1013.38,90455
2026-08-17 10:11:00,1013.43,1014.88,1013.35,1014.0,94149
2026-08-17 10:12:00,1014.13,1017.96,1013.8,1017.26,126464
2026-08-17 10:13:00,1017.1,1018.78,1016.68,1017.91,94638
2026-08-17 10:14:00,1017.95,1019.39,1017.0,1019.01,84580
2026-08-17 10:15:00,1019.08,1019.88,1018.2,1018.67,86569
2026-08-17 10:16:00,1018.72,1019.0,1016.99,1017.1,56551
2026-08-17 10:17:00,1017.33,1019.23,1016.8,1018.31,57748
2026-08-17 10:18:00,1018.49,1018.74,1016.1,1016.39,43996
2026-08-17 10:19:00,1016.34,1016.98,1014.6,1015.42,70562
2026-08-17 10:20:00,1015.93,1015.94,1012.8,1013.66,71069
2026-08-17 10:21:00,1013.33,1013.83,1012.64,1013.43,50166
2026-08-17 10:22:00,1013.31,1015.49,1013.15,1013.41,49809
2026-08-17 10:23:00,1013.54,1015.05,1013.28,1014.55,42263
2026-08-17 10:24:00,1014.67,1015.78,1012.56,1014.77,80188
2026-08-17 10:25:00,1015.0,1015.61,1014.54,1015.09,30500
2026-08-17 10:26:00,1015.0,1015.56,1014.27,1014.89,29866
2026-08-17 10:27:00,1014.89,1016.0,1014.75,1015.78,37486
2026-08-17 10:28:00,1015.78,1016.95,1013.67,1015.19,70968
2026-08-17 10:29:00,1015.19,1018.56,1015.19,1018.4,71462
2026-08-17 10:30:00,1018.4,1019.8,1017.91,1019.8,117378
2026-08-17 10:31:00,1019.74,1022.65,1018.51,1022.44,111685
2026-08-17 10:32:00,1022.55,1023.63,1021.3,1023.21,148096
2026-08-17 10:33:00,1023.34,1023.88,1021.9,1022.77,139463
2026-08-17 10:34:00,1022.77,1023.5,1021.89,1022.18,93516
2026-08-17 10:35:00,1022.44,1022.93,1020.51,1020.75,60954
2026-08-17 10:36:00,1020.91,1021.48,1019.74,1021.2,57176
2026-08-17 10:37:00,1021.25,1022.98,1020.86,1022.55,69834
2026-08-17 10:38:00,1022.46,1024.32,1022.0,1023.05,86549
2026-08-17 10:39:00,1022.92,1023.29,1020.7,1020.84,52576
2026-08-17 10:40:00,1020.84,1021.65,1019.79,1019.8,62621
2026-08-17 10:41:00,1019.8,1020.97,1019.64,1020.97,68553
2026-08-17 10:42:00,1020.72,1024.0,1020.71,1021.52,96751
2026-08-17 10:43:00,1021.61,1022.6,1019.67,1019.88,61479
2026-08-17 10:44:00,1019.67,1021.32,1019.65,1020.19,45300
2026-08-17 10:45:00,1020.29,1021.6,1020.13,1021.24,42524
2026-08-17 10:46:00,1021.39,1023.28,1021.17,1022.7,55676
2026-08-17 10:47:00,1022.53,1026.9,1022.31,1026.78,165244
2026-08-17 10:48:00,1026.78,1027.5,1025.04,1025.12,111693
2026-08-17 10:49:00,1025.1,1026.12,1024.72,1025.31,66319
2026-08-17 10:50:00,1025.5,1027.0,1025.32,1026.69,91699
2026-08-17 10:51:00,1026.69,1027.66,1026.52,1027.46,83624
2026-08-17 10:52:00,1027.46,1028.62,1026.11,1026.75,105961
2026-08-17 10:53:00,1026.71,1027.39,1025.13,1025.61,63355
2026-08-17 10:54:00,1025.81,1027.0,1025.31,1026.34,42509
2026-08-17 10:55:00,1026.18,1027.57,1026.01,1026.63,45842
2026-08-17 10:56:00,1026.62,1027.31,1026.14,1026.96,35852
2026-08-17 10:57:00,1026.85,1027.34,1026.46,1027.22,38943
2026-08-17 10:58:00,1027.27,1027.95,1026.18,1027.8,78207
2026-08-17 10:59:00,1027.69,1028.0,1025.88,1026.49,66489
2026-08-17 11:00:00,1026.55,1029.24,1025.78,1026.0,86611
2026-08-17 11:01:00,1026.01,1027.67,1025.93,1027.08,50505
2026-08-17 11:02:00,1027.18,1032.23,1027.18,1030.53,161099
2026-08-17 11:03:00,1030.56,1034.0,1030.5,1033.89,136576
2026-08-17 11:04:00,1033.9,1034.44,1032.76,1034.18,122152
2026-08-17 11:05:00,1034.11,1036.1,1033.5,1036.0,118479
2026-08-17 11:06:00,1036.0,1036.13,1033.8,1034.37,77325
2026-08-17 11:07:00,1034.5,1035.03,1032.81,1033.92,76366
2026-08-17 11:08:00,1033.84,1034.88,1033.1,1034.23,60580
2026-08-17 11:09:00,1034.1,1035.47,1032.31,1032.74,73405
2026-08-17 11:10:00,1032.63,1035.14,1032.42,1034.64,70148
2026-08-17 11:11:00,1034.55,1035.41,1033.5,1034.44,53263
2026-08-17 11:12:00,1034.35,1034.75,1032.3,1032.48,64309
2026-08-17 11:13:00,1032.3,1033.24,1032.2,1032.71,54040
2026-08-17 11:14:00,1032.6,1033.4,1032.06,1033.35,51273
2026-08-17 11:15:00,1033.34,1034.41,1032.6,1033.22,58677
2026-08-17 11:16:00,1033.22,1034.5,1032.66,1033.72,49346
2026-08-17 11:17:00,1033.74,1034.0,1031.0,1031.25,47291
2026-08-17 11:18:00,1031.21,1032.34,1031.2,1032.22,42123
2026-08-17 11:19:00,1032.22,1032.99,1031.6,1032.03,29983
2026-08-17 11:20:00,1032.13,1032.41,1031.57,1031.71,34260
2026-08-17 11:21:00,1031.63,1034.13,1031.43,1033.85,42295
2026-08-17 11:22:00,1034.1,1034.97,1033.43,1034.41,40605
2026-08-17 11:23:00,1034.61,1035.38,1033.5,1033.85,46389
2026-08-17 11:24:00,1033.97,1034.75,1033.0,1033.21,40729
2026-08-17 11:25:00,1033.33,1033.57,1031.62,1032.95,59630
2026-08-17 11:26:00,1032.94,1034.75,1032.77,1034.32,44314
2026-08-17 11:27:00,1034.5,1034.9,1033.66,1034.78,34491
2026-08-17 11:28:00,1034.77,1034.8,1033.39,1033.73,33968
2026-08-17 11:29:00,1033.62,1033.99,1031.28,1031.28,46436
2026-08-17 11:30:00,1031.36,1033.22,1031.12,1032.98,35532
2026-08-17 11:31:00,1033.13,1033.27,1031.37,1031.38,29836
2026-08-17 11:32:00,1031.47,1032.59,1030.6,1032.53,46400
2026-08-17 11:33:00,1032.44,1032.9,1031.83,1032.27,35789
2026-08-17 11:34:00,1032.22,1032.99,1031.9,1032.81,35521
2026-08-17 11:35:00,1032.9,1033.2,1031.5,1031.88,87333
2026-08-17 11:36:00,1031.75,1033.2,1031.75,1032.96,42127
2026-08-17 11:37:00,1033.15,1035.25,1032.64,1034.41,71240
2026-08-17 11:38:00,1034.81,1034.81,1032.38,1032.56,31441
2026-08-17 11:39:00,1032.52,1032.74,1030.69,1030.7,52325
2026-08-17 11:40:00,1030.84,1032.71,1030.7,1032.69,44234
2026-08-17 11:41:00,1032.61,1032.72,1031.18,1031.69,22135
2026-08-17 11:42:00,1031.58,1032.36,1030.01,1030.23,43295
2026-08-17 11:43:00,1030.23,1030.7,1028.57,1028.68,55491
2026-08-17 11:44:00,1029.0,1029.87,1028.27,1029.66,44534
2026-08-17 11:45:00,1029.52,1030.1,1029.11,1029.44,36635
2026-08-17 11:46:00,1029.26,1029.94,1029.11,1029.12,34982
2026-08-17 11:47:00,1029.16,1029.6,1028.5,1028.93,24097
2026-08-17 11:48:00,1028.79,1029.3,1028.0,1028.14,46085
2026-08-17 11:49:00,1028.16,1028.16,1026.4,1026.68,46776
2026-08-17 11:50:00,1026.74,1026.85,1025.5,1026.16,49234
2026-08-17 11:51:00,1026.15,1026.82,1025.7,1026.61,52206
2026-08-17 11:52:00,1026.61,1027.29,1025.76,1026.99,123508
2026-08-17 11:53:00,1027.13,1028.26,1026.48,1026.62,63101
2026-08-17 11:54:00,1026.77,1028.55,1026.76,1027.04,46154
2026-08-17 11:55:00,1027.16,1028.0,1026.5,1027.39,37910
2026-08-17 11:56:00,1027.47,1027.65,1025.64,1026.0,46645
2026-08-17 11:57:00,1025.86,1027.0,1025.72,1026.55,35458
2026-08-17 11:58:00,1026.55,1027.33,1025.52,1027.33,35496
2026-08-17 11:59:00,1027.19,1027.66,1026.86,1027.22,20343
2026-08-17 12:00:00,1027.11,1028.0,1027.1,1027.45,21313
2026-08-17 12:01:00,1027.44,1028.31,1027.37,1027.65,33698
2026-08-17 12:02:00,1027.71,1028.49,1027.34,1027.34,26923
2026-08-17 12:03:00,1027.35,1027.85,1026.27,1026.75,37421
2026-08-17 12:04:00,1026.84,1027.5,1026.62,1026.91,13988
2026-08-17 12:05:00,1026.81,1026.97,1025.25,1025.4,36338
2026-08-17 12:06:00,1025.39,1027.0,1025.25,1026.78,22788
2026-08-17 12:07:00,1026.71,1028.64,1026.51,1028.48,39774
2026-08-17 12:08:00,1028.39,1029.48,1028.39,1029.13,48856
2026-08-17 12:09:00,1028.83,1029.64,1028.36,1028.79,39425
2026-08-17 12:10:00,1028.79,1029.18,1028.0,1028.88,20228
2026-08-17 12:11:00,1029.06,1029.08,1027.94,1028.54,23884
2026-08-17 12:12:00,1028.42,1028.75,1027.81,1028.5,23817
2026-08-17 12:13:00,1028.38,1028.88,1027.35,1028.31,29486
2026-08-17 12:14:00,1028.11,1028.56,1027.3,1027.48,13114
2026-08-17 12:15:00,1027.3,1028.88,1027.3,1028.74,19927
2026-08-17 12:16:00,1028.76,1029.5,1028.4,1029.0,27650
2026-08-17 12:17:00,1028.89,1029.59,1028.74,1029.38,28931
2026-08-17 12:18:00,1029.44,1029.9,1029.24,1029.36,27672
2026-08-17 12:19:00,1029.33,1030.0,1029.0,1029.07,28980
2026-08-17 12:20:00,1029.13,1029.93,1029.0,1029.49,21507
2026-08-17 12:21:00,1029.52,1029.79,1028.77,1028.9,19626
2026-08-17 12:22:00,1029.03,1029.52,1028.97,1029.39,12494
2026-08-17 12:23:00,1029.53,1029.9,1029.23,1029.66,24693
2026-08-17 12:24:00,1029.58,1030.39,1029.58,1029.79,33366
2026-08-17 12:25:00,1029.87,1030.7,1029.73,1030.53,31496
2026-08-17 12:26:00,1030.52,1031.4,1030.27,1031.16,55948
2026-08-17 12:27:00,1031.16,1031.16,1030.21,1030.48,24156
2026-08-17 12:28:00,1030.55,1030.82,1029.51,1029.65,29851
2026-08-17 12:29:00,1029.7,1030.62,1029.69,1030.02,18542
2026-08-17 12:30:00,1030.0,1030.97,1029.6,1030.0,33345
2026-08-17 12:31:00,1030.18,1031.35,1029.82,1030.76,28382
2026-08-17 12:32:00,1030.62,1030.76,1029.16,1029.18,33051
2026-08-17 12:33:00,1029.46,1029.99,1028.59,1028.86,32370
2026-08-17 12:34:00,1029.04,1029.18,1028.37,1029.04,21909
2026-08-17 12:35:00,1029.05,1029.16,1027.9,1028.06,23281
2026-08-17 12:36:00,1028.05,1028.11,1027.36,1027.64,24430
2026-08-17 12:37:00,1027.43,1028.55,1027.29,1028.21,22996
2026-08-17 12:38:00,1028.36,1028.65,1027.77,1027.77,23669
2026-08-17 12:39:00,1027.79,1028.6,1027.66,1028.48,12745
2026-08-17 12:40:00,1028.33,1029.06,1028.23,1028.67,16361
2026-08-17 12:41:00,1028.56,1028.99,1028.27,1028.79,14243
2026-08-17 12:42:00,1028.64,1029.68,1027.81,1029.08,23586
2026-08-17 12:43:00,1029.16,1029.4,1029.0,1029.19,11647
2026-08-17 12:44:00,1029.29,1029.7,1028.34,1028.54,25466
2026-08-17 12:45:00,1028.54,1028.71,1027.0,1027.11,36630
2026-08-17 12:46:00,1027.16,1028.51,1027.16,1028.47,19635
2026-08-17 12:47:00,1028.38,1028.59,1027.67,1027.81,17851
2026-08-17 12:48:00,1027.81,1028.2,1027.31,1027.32,21050
2026-08-17 12:49:00,1027.47,1029.35,1027.07,1029.14,23104
2026-08-17 12:50:00,1029.16,1030.29,1028.52,1030.04,45388
2026-08-17 12:51:00,1029.97,1030.31,1029.5,1029.75,36059
2026-08-17 12:52:00,1029.78,1030.2,1029.41,1029.77,21003
2026-08-17 12:53:00,1029.65,1029.89,1029.28,1029.47,25618
2026-08-17 12:54:00,1029.43,1030.73,1029.04,1030.7,33368
2026-08-17 12:55:00,1030.7,1030.82,1029.98,1030.69,34557
2026-08-17 12:56:00,1030.65,1031.1,1030.11,1030.29,28131
2026-08-17 12:57:00,1030.28,1030.75,1029.7,1030.06,22659
2026-08-17 12:58:00,1030.15,1030.68,1029.85,1030.51,18318
2026-08-17 12:59:00,1030.43,1031.33,1030.31,1030.84,20736
2026-08-17 13:00:00,1030.78,1031.21,1030.3,1031.09,15374
2026-08-17 13:01:00,1030.96,1032.47,1030.93,1032.16,42540
2026-08-17 13:02:00,1032.22,1032.41,1031.52,1032.0,25349
2026-08-17 13:03:00,1031.75,1032.5,1031.2,1031.3,32254
2026-08-17 13:04:00,1031.42,1031.79,1031.06,1031.52,16550
2026-08-17 13:05:00,1031.52,1031.65,1029.68,1030.03,46037
2026-08-17 13:06:00,1030.09,1030.6,1029.31,1030.09,46178
2026-08-17 13:07:00,1029.94,1030.12,1028.72,1028.72,19404
2026-08-17 13:08:00,1028.65,1029.76,1028.11,1028.37,25397
2026-08-17 13:09:00,1028.56,1028.9,1028.24,1028.71,15978
2026-08-17 13:10:00,1028.9,1029.35,1028.55,1029.12,18277
2026-08-17 13:11:00,1029.26,1030.5,1028.88,1030.05,31492
2026-08-17 13:12:00,1030.01,1030.27,1028.75,1028.92,22904
2026-08-17 13:13:00,1029.09,1029.13,1028.6,1028.6,51377
2026-08-17 13:14:00,1028.7,1028.83,1025.61,1025.61,59724
2026-08-17 13:15:00,1025.6,1027.88,1025.49,1026.39,42342
2026-08-17 13:16:00,1026.38,1027.5,1026.27,1027.34,47065
2026-08-17 13:17:00,1027.4,1027.4,1023.38,1025.22,83381
2026-08-17 13:18:00,1025.0,1026.36,1025.0,1025.62,45175
2026-08-17 13:19:00,1025.68,1026.3,1024.77,1025.0,48151
2026-08-17 13:20:00,1025.15,1025.3,1023.0,1023.0,59507
2026-08-17 13:21:00,1023.0,1024.53,1022.79,1023.59,38163
2026-08-17 13:22:00,1023.6,1023.79,1022.61,1022.78,35596
2026-08-17 13:23:00,1022.79,1023.37,1022.36,1022.85,49918
2026-08-17 13:24:00,1022.84,1023.65,1022.0,1023.51,58763
2026-08-17 13:25:00,1023.47,1023.89,1022.16,1023.26,55320
2026-08-17 13:26:00,1023.38,1024.2,1022.83,1024.04,23955
2026-08-17 13:27:00,1024.06,1024.06,1021.68,1021.99,40732
2026-08-17 13:28:00,1021.89,1022.09,1020.31,1021.07,59431
2026-08-17 13:29:00,1021.24,1021.32,1019.38,1019.55,69204
2026-08-17 13:30:00,1019.44,1020.41,1019.26,1020.13,48885
2026-08-17 13:31:00,1020.37,1020.41,1019.52,1019.75,44213
2026-08-17 13:32:00,1019.98,1020.26,1019.29,1020.08,31016
2026-08-17 13:33:00,1019.77,1020.35,1019.5,1019.64,29125
2026-08-17 13:34:00,1019.64,1019.77,1018.06,1018.51,54382
2026-08-17 13:35:00,1018.26,1019.48,1018.26,1018.66,36798
2026-08-17 13:36:00,1018.76,1019.65,1018.57,1019.39,32791
2026-08-17 13:37:00,1019.3,1019.68,1018.41,1018.55,37077
2026-08-17 13:38:00,1018.47,1019.19,1018.14,1018.53,46014
2026-08-17 13:39:00,1018.53,1018.53,1016.88,1017.05,60964
2026-08-17 13:40:00,1017.01,1018.09,1016.5,1016.53,36067
2026-08-17 13:41:00,1016.98,1019.83,1016.53,1019.12,72231
2026-08-17 13:42:00,1019.11,1019.62,1018.75,1019.58,27711
2026-08-17 13:43:00,1019.47,1019.89,1018.0,1018.2,43009
2026-08-17 13:44:00,1018.41,1019.13,1017.8,1018.21,29960
2026-08-17 13:45:00,1018.04,1018.99,1017.95,1018.72,26272
2026-08-17 13:46:00,1018.72,1018.99,1018.04,1018.66,29857
2026-08-17 13:47:00,1018.5,1018.99,1017.63,1017.92,27111
2026-08-17 13:48:00,1017.82,1018.16,1017.0,1017.39,25792
2026-08-17 13:49:00,1017.34,1017.86,1016.99,1017.13,21822
2026-08-17 13:50:00,1017.01,1018.46,1016.45,1017.67,31926
2026-08-17 13:51:00,1017.86,1018.9,1017.72,1018.33,27139
2026-08-17 13:52:00,1018.7,1020.0,1018.5,1019.91,40033
2026-08-17 13:53:00,1019.91,1020.35,1019.5,1020.14,57475
2026-08-17 13:54:00,1020.19,1021.1,1020.07,1020.46,43887
2026-08-17 13:55:00,1020.4,1020.82,1020.0,1020.26,29442
2026-08-17 13:56:00,1020.1,1020.15,1019.31,1019.8,31266
2026-08-17 13:57:00,1019.85,1020.79,1019.53,1020.61,19832
2026-08-17 13:58:00,1020.65,1020.98,1020.01,1020.41,17268
2026-08-17 13:59:00,1020.31,1020.46,1019.92,1019.95,17255
2026-08-17 14:00:00,1020.05,1020.8,1018.29,1018.67,50952
2026-08-17 14:01:00,1018.54,1018.75,1017.75,1017.91,52030
2026-08-17 14:02:00,1017.91,1019.13,1017.35,1018.75,33951
2026-08-17 14:03:00,1018.6,1019.68,1018.13,1018.98,49788
2026-08-17 14:04:00,1018.95,1019.43,1018.24,1019.15,14632
2026-08-17 14:05:00,1019.0,1019.22,1016.2,1016.8,36568
2026-08-17 14:06:00,1016.67,1017.57,1016.01,1016.22,28114
2026-08-17 14:07:00,1016.6,1016.82,1015.26,1016.04,51333
2026-08-17 14:08:00,1015.95,1016.36,1015.1,1015.51,39375
2026-08-17 14:09:00,1015.51,1016.4,1015.09,1016.23,28763
2026-08-17 14:10:00,1016.03,1016.21,1015.1,1015.68,60267
2026-08-17 14:11:00,1015.52,1016.69,1015.22,1016.47,40705
2026-08-17 14:12:00,1016.6,1017.47,1016.35,1017.26,26499
2026-08-17 14:13:00,1017.25,1018.49,1017.07,1017.26,45274
2026-08-17 14:14:00,1017.26,1018.0,1016.78,1017.85,24998
2026-08-17 14:15:00,1017.81,1017.81,1016.8,1017.49,19836
2026-08-17 14:16:00,1017.12,1019.0,1017.12,1018.69,30803
2026-08-17 14:17:00,1018.51,1019.29,1018.18,1019.04,24350
2026-08-17 14:18:00,1019.07,1019.6,1018.51,1019.31,28754
2026-08-17 14:19:00,1019.2,1019.75,1018.65,1019.64,19228
2026-08-17 14:20:00,1019.67,1020.0,1018.87,1019.08,28786
2026-08-17 14:21:00,1019.06,1019.66,1018.87,1019.49,10177
2026-08-17 14:22:00,1019.49,1019.55,1018.41,1018.96,34360
2026-08-17 14:23:00,1019.06,1020.32,1019.04,1020.0,44923
2026-08-17 14:24:00,1020.19,1021.06,1019.83,1020.87,45703
2026-08-17 14:25:00,1020.64,1021.05,1020.35,1020.4,26091
2026-08-17 14:26:00,1020.4,1020.98,1019.84,1020.38,16105
2026-08-17 14:27:00,1020.05,1020.46,1019.39,1019.58,18700
2026-08-17 14:28:00,1019.58,1019.73,1018.47,1019.19,29035
2026-08-17 14:29:00,1018.97,1020.3,1018.97,1019.64,22793
2026-08-17 14:30:00,1019.8,1020.18,1019.2,1020.0,9998
2026-08-17 14:31:00,1020.0,1020.2,1018.79,1019.06,20631
2026-08-17 14:32:00,1018.85,1019.78,1018.61,1019.36,14293
2026-08-17 14:33:00,1019.33,1020.28,1019.23,1019.69,18251
2026-08-17 14:34:00,1019.57,1019.62,1018.52,1018.76,16285
2026-08-17 14:35:00,1018.53,1019.08,1018.44,1018.7,14423
2026-08-17 14:36:00,1018.7,1019.28,1018.31,1018.8,15718
2026-08-17 14:37:00,1018.74,1019.18,1018.09,1018.32,10668
2026-08-17 14:38:00,1018.32,1019.1,1017.78,1017.78,36747
2026-08-17 14:39:00,1017.9,1018.79,1017.9,1018.79,15485
2026-08-17 14:40:00,1018.79,1019.0,1018.25,1018.51,22534
2026-08-17 14:41:00,1018.4,1019.1,1018.0,1018.88,15289
2026-08-17 14:42:00,1019.11,1019.72,1018.9,1019.67,21255
2026-08-17 14:43:00,1019.61,1019.77,1018.5,1018.68,18400
2026-08-17 14:44:00,1018.68,1018.69,1017.85,1018.09,16350
2026-08-17 14:45:00,1017.91,1018.3,1017.57,1017.91,21501
2026-08-17 14:46:00,1017.91,1018.71,1017.8,1018.67,24690
2026-08-17 14:47:00,1018.63,1018.69,1017.74,1017.89,20189
2026-08-17 14:48:00,1018.0,1018.1,1017.45,1018.05,31553
2026-08-17 14:49:00,1017.94,1018.1,1017.31,1017.69,20266
2026-08-17 14:50:00,1017.54,1017.88,1017.26,1017.43,22547
2026-08-17 14:51:00,1017.44,1018.74,1017.36,1018.54,23244
2026-08-17 14:52:00,1018.45,1018.81,1018.31,1018.41,16450
2026-08-17 14:53:00,1018.41,1018.58,1016.26,1016.27,39267
2026-08-17 14:54:00,1016.46,1016.72,1015.7,1015.95,42360
2026-08-17 14:55:00,1015.97,1016.68,1015.71,1016.34,27598
2026-08-17 14:56:00,1016.24,1016.71,1015.7,1015.81,33248
2026-08-17 14:57:00,1015.79,1016.04,1015.3,1015.72,32054
2026-08-17 14:58:00,1015.8,1016.87,1015.34,1016.32,28714
2026-08-17 14:59:00,1016.25,1016.91,1016.24,1016.72,20457
2026-08-17 15:00:00,1016.55,1018.14,1016.53,1018.0,35917
2026-08-17 15:01:00,1017.94,1018.1,1017.19,1017.3,26142
2026-08-17 15:02:00,1017.37,1017.79,1016.51,1017.4,25887
2026-08-17 15:03:00,1017.19,1017.39,1016.5,1017.25,17439
2026-08-17 15:04:00,1017.25,1017.35,1016.17,1016.2,15946
2026-08-17 15:05:00,1016.33,1016.86,1015.88,1016.56,19528
2026-08-17 15:06:00,1016.65,1016.73,1015.12,1015.32,31384
2026-08-17 15:07:00,1015.32,1015.32,1013.18,1013.35,97695
2026-08-17 15:08:00,1013.5,1013.77,1012.33,1012.37,39885
2026-08-17 15:09:00,1012.53,1013.34,1012.12,1012.81,47020
2026-08-17 15:10:00,1012.71,1013.28,1012.54,1012.92,29311
2026-08-17 15:11:00,1012.99,1013.24,1011.65,1011.95,54049
2026-08-17 15:12:00,1011.9,1012.9,1011.34,1011.42,32005
2026-08-17 15:13:00,1011.56,1011.75,1010.23,1010.51,51421
2026-08-17 15:14:00,1010.41,1010.56,1009.2,1009.96,88188
2026-08-17 15:15:00,1009.96,1011.34,1009.5,1010.91,44033
2026-08-17 15:16:00,1010.91,1011.74,1010.54,1011.46,50219
2026-08-17 15:17:00,1011.33,1012.18,1011.22,1011.47,42249
2026-08-17 15:18:00,1011.68,1011.9,1010.77,1011.69,23299
2026-08-17 15:19:00,1011.67,1011.9,1009.28,1009.43,37165
2026-08-17 15:20:00,1009.42,1010.31,1008.91,1008.98,35732
2026-08-17 15:21:00,1008.94,1009.24,1007.77,1008.3,47676
2026-08-17 15:22:00,1008.42,1009.42,1007.75,1009.42,32935
2026-08-17 15:23:00,1009.31,1010.15,1009.01,1009.7,41058
2026-08-17 15:24:00,1009.79,1011.0,1009.79,1010.54,37120
2026-08-17 15:25:00,1010.66,1011.96,1010.56,1011.72,38749
2026-08-17 15:26:00,1011.85,1012.24,1011.3,1011.5,45281
2026-08-17 15:27:00,1011.48,1011.59,1010.75,1011.04,31449
2026-08-17 15:28:00,1010.99,1011.76,1010.35,1011.49,27764
2026-08-17 15:29:00,1011.49,1011.8,1010.85,1011.42,24727
2026-08-17 15:30:00,1011.57,1012.31,1010.85,1011.78,32944
2026-08-17 15:31:00,1011.67,1013.56,1011.44,1013.4,70783
2026-08-17 15:32:00,1013.34,1013.76,1012.43,1012.72,55808
2026-08-17 15:33:00,1012.7,1013.51,1012.32,1013.24,37300
2026-08-17 15:34:00,1013.09,1013.5,1012.68,1012.86,31428
2026-08-17 15:35:00,1013.09,1014.33,1012.8,1013.37,45565
2026-08-17 15:36:00,1013.71,1014.47,1013.66,1013.89,34168
2026-08-17 15:37:00,1013.98,1014.36,1013.15,1013.2,37588
2026-08-17 15:38:00,1013.29,1014.6,1012.9,1014.5,51048
2026-08-17 15:39:00,1014.44,1015.97,1014.22,1015.91,71925
2026-08-17 15:40:00,1015.82,1017.12,1015.69,1016.78,90628
2026-08-17 15:41:00,1016.83,1017.09,1014.59,1014.69,68109
2026-08-17 15:42:00,1014.6,1015.48,1014.24,1015.33,61475
2026-08-17 15:43:00,1015.6,1015.97,1014.03,1014.54,50420
2026-08-17 15:44:00,1014.49,1015.68,1014.35,1014.4,47759
2026-08-17 15:45:00,1014.3,1015.64,1014.01,1015.31,44303
2026-08-17 15:46:00,1015.27,1015.97,1015.0,1015.5,56225
2026-08-17 15:47:00,1015.62,1016.2,1015.19,1015.79,37374
2026-08-17 15:48:00,1015.83,1016.57,1015.69,1016.4,42437
2026-08-17 15:49:00,1016.55,1016.74,1016.06,1016.5,36294
2026-08-17 15:50:00,1016.55,1017.99,1016.0,1016.0,81712
2026-08-17 15:51:00,1016.16,1016.97,1015.68,1015.82,53240
2026-08-17 15:52:00,1015.65,1016.33,1015.24,1015.61,51603
2026-08-17 15:53:00,1015.7,1016.65,1014.25,1016.56,65058
2026-08-17 15:54:00,1016.65,1016.8,1014.0,1014.77,54536
2026-08-17 15:55:00,1014.5,1014.5,1010.21,1011.25,99066
2026-08-17 15:56:00,1011.25,1011.61,1009.7,1010.27,116563
2026-08-17 15:57:00,1010.46,1011.99,1009.77,1011.89,98789
2026-08-17 15:58:00,1012.0,1012.28,1011.08,1011.22,113318
2026-08-17 15:59:00,1011.2,1012.78,1010.45,1012.08,264573
2026-08-17 16:00:00,1012.03,1012.8,1011.52,1012.45,1515115
2026-08-17 16:01:00,1012.5,1013.08,1012.39,1013.08,5655
2026-08-17 16:02:00,1012.6,1012.99,1012.23,1012.4,3325
2026-08-17 16:03:00,1012.41,1012.53,1011.21,1011.53,6866
2026-08-17 16:04:00,1011.5,1012.03,1011.4,1011.73,1014
2026-08-17 16:05:00,1011.74,1011.96,1011.5,1011.77,4099
2026-08-17 16:06:00,1011.55,1011.65,1011.0,1011.55,6178
2026-08-17 16:07:00,1011.3,1012.0,1011.3,1012.0,5386
2026-08-17 16:08:00,1012.0,1012.0,1010.56,1011.7,4743
2026-08-17 16:09:00,1011.05,1011.41,1010.56,1011.41,460
2026-08-17 16:10:00,1011.5,1011.9,1011.1,1011.9,3644
2026-08-17 16:11:00,1011.46,1012.5,1011.46,1012.41,48335
2026-08-17 16:12:00,1012.4,1012.43,1011.8,1011.8,1043
2026-08-17 16:13:00,1011.96,1011.96,1011.26,1011.26,841
2026-08-17 16:14:00,1011.21,1011.5,1010.5,1011.1,3665
2026-08-17 16:15:00,1011.47,1011.5,1011.0,1011.08,652
2026-08-17 16:16:00,1011.4,1011.8,1011.23,1011.38,534
2026-08-17 16:17:00,1011.3,1011.5,1011.14,1011.45,1482
2026-08-17 16:18:00,1011.6,1012.69,1011.6,1012.31,957
2026-08-17 16:19:00,1012.32,1012.32,1011.0,1011.0,6256
2026-08-17 16:20:00,1011.21,1011.21,1011.21,1011.21,58
2026-08-17 16:21:00,1011.0,1011.55,1010.69,1010.69,1023
2026-08-17 16:22:00,1010.65,1011.29,1010.55,1010.77,355
2026-08-17 16:23:00,1010.99,1010.99,1010.75,1010.75,148
2026-08-17 16:24:00,1010.96,1011.01,1010.9,1010.9,406
2026-08-17 16:25:00,1010.57,1011.0,1010.57,1010.65,420
2026-08-17 16:26:00,1010.57,1010.89,1010.57,1010.89,340
2026-08-17 16:27:00,1011.0,1011.0,1011.0,1011.0,550
2026-08-17 16:28:00,1010.55,1011.38,1010.5,1011.0,2421
2026-08-17 16:29:00,1011.22,1011.22,1011.22,1011.22,43
2026-08-17 16:30:00,1010.65,1010.86,1010.5,1010.86,2448
2026-08-17 16:31:00,1010.51,1010.63,1010.5,1010.5,999
2026-08-17 16:32:00,1010.51,1010.52,1010.0,1010.07,3355
2026-08-17 16:33:00,1010.05,1010.17,1009.57,1009.6,2736
2026-08-17 16:34:00,1009.55,1009.61,1009.0,1009.54,1366
2026-08-17 16:35:00,1009.95,1009.95,1008.91,1009.55,3082
2026-08-17 16:36:00,1009.27,1009.99,1009.27,1009.49,3527
2026-08-17 16:37:00,1009.48,1009.75,1009.01,1009.21,1650
2026-08-17 16:38:00,1009.45,1009.5,1009.25,1009.25,1429
2026-08-17 16:39:00,1009.1,1009.1,1008.5,1009.1,3202
2026-08-17 16:40:00,1009.23,1009.23,1009.0,1009.05,2452
2026-08-17 16:41:00,1009.25,1009.85,1009.05,1009.5,1328
2026-08-17 16:42:00,1009.5,1009.52,1009.0,1009.02,1535
2026-08-17 16:43:00,1009.02,1009.5,1009.0,1009.27,941
2026-08-17 16:44:00,1008.99,1008.99,1008.81,1008.96,512
2026-08-17 16:45:00,1008.81,1009.0,1008.7,1009.0,1328
2026-08-17 16:46:00,1009.0,1009.75,1009.0,1009.6,1319
2026-08-17 16:47:00,1009.05,1009.06,1008.76,1008.77,4188
2026-08-17 16:48:00,1009.0,1009.0,1008.8,1008.93,1988
2026-08-17 16:49:00,1009.02,1009.5,1009.02,1009.5,428
2026-08-17 16:50:00,1009.5,1009.5,1009.5,1009.5,393
2026-08-17 16:51:00,1009.54,1010.05,1009.54,1009.95,1289
2026-08-17 16:52:00,1009.91,1009.95,1009.5,1009.84,460
2026-08-17 16:53:00,1009.9,1009.95,1009.5,1009.56,855
2026-08-17 16:54:00,1009.95,1010.05,1009.6,1009.95,2014
2026-08-17 16:55:00,1009.95,1009.95,1009.31,1009.31,811
2026-08-17 16:56:00,1009.8,1009.95,1009.7,1009.95,563
2026-08-17 16:57:00,1009.64,1009.9,1009.53,1009.86,1730
2026-08-17 16:58:00,1009.84,1009.95,1009.7,1009.73,776
2026-08-17 16:59:00,1009.95,1010.25,1009.7,1010.25,1490
2026-08-17 17:00:00,1010.26,1010.36,1010.0,1010.25,794
2026-08-17 17:01:00,1010.25,1010.4,1010.1,1010.1,1077
2026-08-17 17:02:00,1010.0,1010.28,1010.0,1010.25,1439
2026-08-17 17:03:00,1010.11,1010.19,1010.0,1010.19,1490
2026-08-17 17:04:00,1010.19,1010.28,1010.0,1010.0,835
2026-08-17 17:05:00,1010.38,1010.38,1010.0,1010.0,1182
2026-08-17 17:06:00,1009.75,1009.96,1009.55,1009.55,1286
2026-08-17 17:07:00,1009.77,1010.0,1009.58,1010.0,786
2026-08-17 17:08:00,1009.91,1010.08,1009.72,1010.0,1653
2026-08-17 17:09:00,1010.0,1010.01,1010.0,1010.0,60
2026-08-17 17:10:00,1010.0,1010.0,1010.0,1010.0,449
2026-08-17 17:11:00,1010.0,1010.03,1009.87,1009.87,192
2026-08-17 17:12:00,1009.95,1009.97,1009.95,1009.97,100
2026-08-17 17:13:00,1010.4,1010.4,1010.4,1010.4,90
2026-08-17 17:14:00,1010.4,1010.7,1010.4,1010.55,1165
2026-08-17 17:15:00,1010.64,1010.64,1010.3,1010.49,955
2026-08-17 17:16:00,1010.31,1010.31,1010.13,1010.14,244
2026-08-17 17:17:00,1010.2,1010.2,1010.2,1010.2,80
2026-08-17 17:18:00,1010.0,1010.49,1010.0,1010.1,1173
2026-08-17 17:19:00,1010.24,1010.4,1010.24,1010.4,913
2026-08-17 17:20:00,1010.25,1010.32,1010.25,1010.25,786
2026-08-17 17:21:00,1010.34,1010.4,1010.24,1010.4,944
2026-08-17 17:22:00,1010.25,1010.37,1010.25,1010.37,350
2026-08-17 17:23:00,1010.37,1010.49,1010.35,1010.35,3121
2026-08-17 17:24:00,1010.5,1010.5,1009.75,1009.75,2468
2026-08-17 17:25:00,1009.96,1010.0,1009.75,1009.75,448
2026-08-17 17:26:00,1009.75,1009.75,1009.44,1009.51,1974
2026-08-17 17:27:00,1009.3,1009.5,1009.3,1009.5,237
2026-08-17 17:28:00,1009.64,1010.37,1009.64,1010.37,278
2026-08-17 17:29:00,1010.37,1010.37,1010.37,1010.37,0
2026-08-17 17:30:00,1010.02,1010.03,1010.02,1010.02,100
2026-08-17 17:31:00,1010.2,1010.21,1010.07,1010.21,561
2026-08-17 17:32:00,1010.21,1010.4,1010.21,1010.32,960
2026-08-17 17:33:00,1010.39,1010.4,1010.35,1010.4,500
2026-08-17 17:34:00,1010.47,1010.5,1010.3,1010.35,586
2026-08-17 17:35:00,1010.99,1011.0,1010.97,1011.0,2021
2026-08-17 17:36:00,1010.87,1011.0,1010.87,1011.0,310
2026-08-17 17:37:00,1011.25,1011.25,1011.21,1011.25,791
2026-08-17 17:38:00,1011.46,1011.75,1011.41,1011.51,733
2026-08-17 17:39:00,1011.41,1011.72,1011.4,1011.57,667
2026-08-17 17:40:00,1011.59,1012.0,1011.58,1011.81,1429
2026-08-17 17:41:00,1012.0,1012.0,1011.93,1011.95,2282
2026-08-17 17:42:00,1012.0,1012.0,1011.75,1011.78,575
2026-08-17 17:43:00,1011.96,1012.02,1011.75,1012.0,2246
2026-08-17 17:44:00,1011.95,1012.02,1011.95,1011.99,754
2026-08-17 17:45:00,1011.99,1012.27,1011.92,1012.26,999
2026-08-17 17:46:00,1012.37,1012.74,1012.28,1012.74,2563
2026-08-17 17:47:00,1012.85,1013.15,1012.85,1013.15,2926
2026-08-17 17:48:00,1013.21,1013.21,1012.5,1012.59,2374
2026-08-17 17:49:00,1012.99,1013.0,1012.69,1012.75,999
2026-08-17 17:50:00,1012.85,1013.0,1012.85,1012.94,550
2026-08-17 17:51:00,1012.97,1013.06,1012.45,1012.45,1770
2026-08-17 17:52:00,1012.31,1012.6,1012.17,1012.6,578
2026-08-17 17:53:00,1012.5,1012.97,1012.5,1012.97,877
2026-08-17 17:54:00,1012.88,1012.89,1012.59,1012.59,407
2026-08-17 17:55:00,1012.55,1012.91,1012.55,1012.91,189
2026-08-17 17:56:00,1012.79,1012.79,1012.6,1012.7,496
2026-08-17 17:57:00,1012.63,1013.0,1012.63,1012.66,1308
2026-08-17 17:58:00,1012.7,1013.1,1012.7,1013.1,516
2026-08-17 17:59:00,1013.2,1013.96,1013.2,1013.95,1104
2026-08-17 18:00:00,1013.96,1014.45,1013.76,1014.45,2778
2026-08-17 18:01:00,1014.65,1016.83,1014.65,1016.5,4023
2026-08-17 18:02:00,1016.67,1017.5,1016.0,1016.05,2819
2026-08-17 18:03:00,1016.9,1017.98,1016.5,1017.9,6367
2026-08-17 18:04:00,1017.9,1018.49,1017.12,1017.64,11323
2026-08-17 18:05:00,1017.3,1018.5,1016.98,1018.38,2262
2026-08-17 18:06:00,1018.25,1019.11,1018.0,1018.7,7435
2026-08-17 18:07:00,1018.79,1019.9,1018.49,1019.87,5031
2026-08-17 18:08:00,1019.5,1019.86,1018.54,1019.78,5037
2026-08-17 18:09:00,1019.7,1020.29,1019.58,1020.0,10498
2026-08-17 18:10:00,1019.79,1020.24,1018.55,1018.69,3767
2026-08-17 18:11:00,1018.7,1019.33,1018.5,1018.5,4576
2026-08-17 18:12:00,1018.98,1019.2,1018.35,1018.93,1104
2026-08-17 18:13:00,1018.55,1018.94,1018.1,1018.1,486
2026-08-17 18:14:00,1018.15,1018.4,1017.53,1017.69,2588
2026-08-17 18:15:00,1017.81,1018.36,1017.71,1018.35,1294
2026-08-17 18:16:00,1017.99,1018.0,1017.6,1017.7,3317
2026-08-17 18:17:00,1018.57,1018.58,1017.12,1017.92,517
2026-08-17 18:18:00,1017.55,1018.13,1017.38,1018.12,1063
2026-08-17 18:19:00,1018.13,1018.56,1017.75,1018.56,563
2026-08-17 18:20:00,1018.89,1019.54,1018.89,1019.51,1211
2026-08-17 18:21:00,1019.41,1019.99,1019.41,1019.9,2013
2026-08-17 18:22:00,1019.9,1019.99,1019.43,1019.43,1911
2026-08-17 18:23:00,1019.15,1019.5,1019.0,1019.5,3180
2026-08-17 18:24:00,1019.06,1019.99,1019.06,1019.99,1380
2026-08-17 18:25:00,1019.95,1019.99,1019.7,1019.74,1760
2026-08-17 18:26:00,1019.54,1019.84,1019.19,1019.47,703
2026-08-17 18:27:00,1019.19,1019.48,1019.19,1019.26,1088
2026-08-17 18:28:00,1019.47,1019.5,1019.33,1019.49,1537
2026-08-17 18:29:00,1019.41,1019.41,1018.71,1019.0,1444
2026-08-17 18:30:00,1019.0,1019.0,1018.32,1019.0,1230
2026-08-17 18:31:00,1018.54,1018.54,1018.25,1018.49,754
2026-08-17 18:32:00,1018.69,1019.0,1018.54,1018.69,1260
2026-08-17 18:33:00,1018.8,1019.0,1018.8,1019.0,700
2026-08-17 18:34:00,1019.14,1019.14,1018.83,1019.07,504
2026-08-17 18:35:00,1019.39,1019.55,1019.22,1019.49,1500
2026-08-17 18:36:00,1019.55,1019.55,1019.4,1019.5,2858
2026-08-17 18:37:00,1019.4,1019.49,1019.14,1019.32,758
2026-08-17 18:38:00,1019.4,1019.49,1019.39,1019.4,305
2026-08-17 18:39:00,1019.39,1019.49,1019.39,1019.46,1637
2026-08-17 18:40:00,1019.46,1019.55,1019.28,1019.55,2321
2026-08-17 18:41:00,1019.37,1019.47,1019.0,1019.0,745
2026-08-17 18:42:00,1019.25,1019.25,1019.06,1019.06,425
2026-08-17 18:43:00,1019.02,1019.02,1018.8,1018.8,218
2026-08-17 18:44:00,1018.75,1019.08,1018.75,1019.0,622
2026-08-17 18:45:00,1018.88,1019.14,1018.52,1018.52,535
2026-08-17 18:46:00,1019.08,1019.1,1018.5,1018.5,345
2026-08-17 18:47:00,1018.38,1018.6,1018.38,1018.6,421
2026-08-17 18:48:00,1019.0,1019.0,1018.8,1019.0,926
2026-08-17 18:49:00,1019.0,1019.35,1019.0,1019.35,990
2026-08-17 18:50:00,1019.35,1019.49,1019.3,1019.49,1103
2026-08-17 18:51:00,1019.48,1019.55,1019.4,1019.55,1202
2026-08-17 18:52:00,1019.3,1019.3,1019.3,1019.3,133
2026-08-17 18:53:00,1019.35,1019.54,1019.2,1019.2,574
2026-08-17 18:54:00,1019.43,1019.55,1019.43,1019.55,757
2026-08-17 18:55:00,1019.55,1019.8,1019.5,1019.8,3682
2026-08-17 18:56:00,1019.65,1019.99,1019.65,1019.99,3661
2026-08-17 18:57:00,1019.99,1019.99,1019.69,1019.91,1380
2026-08-17 18:58:00,1019.97,1019.99,1019.56,1019.56,960
2026-08-17 18:59:00,1019.97,1019.97,1019.8,1019.86,679
2026-08-17 19:00:00,1019.55,1019.72,1018.25,1018.5,2337
2026-08-17 19:01:00,1018.5,1018.52,1017.5,1018.2,2935
2026-08-17 19:02:00,1018.0,1018.0,1016.5,1016.5,1580
2026-08-17 19:03:00,1016.9,1018.3,1016.72,1018.3,2611
2026-08-17 19:04:00,1017.64,1017.74,1017.6,1017.6,901
2026-08-17 19:05:00,1017.2,1017.6,1017.2,1017.42,3365
2026-08-17 19:06:00,1017.41,1017.72,1017.21,1017.27,1544
2026-08-17 19:07:00,1017.27,1017.74,1017.03,1017.4,2456
2026-08-17 19:08:00,1018.0,1018.02,1017.97,1018.02,255
2026-08-17 19:09:00,1017.94,1017.96,1017.5,1017.5,535
2026-08-17 19:10:00,1017.85,1017.9,1017.42,1017.9,799
2026-08-17 19:11:00,1017.5,1017.76,1017.5,1017.58,200
2026-08-17 19:12:00,1017.5,1017.6,1017.27,1017.27,1377
2026-08-17 19:13:00,1017.3,1017.3,1017.27,1017.27,145
2026-08-17 19:14:00,1017.27,1017.27,1017.27,1017.27,0
2026-08-17 19:15:00,1017.3,1017.68,1017.3,1017.68,319
2026-08-17 19:16:00,1017.5,1018.0,1017.5,1018.0,935
2026-08-17 19:17:00,1018.0,1018.0,1017.68,1017.83,692
2026-08-17 19:18:00,1017.42,1017.52,1017.0,1017.14,1016
2026-08-17 19:19:00,1017.8,1017.8,1017.48,1017.49,95
2026-08-17 19:20:00,1017.5,1017.5,1017.2,1017.2,666
2026-08-17 19:21:00,1017.21,1017.76,1017.2,1017.75,440
2026-08-17 19:22:00,1017.4,1017.62,1017.4,1017.62,90
2026-08-17 19:23:00,1017.15,1017.16,1017.15,1017.15,50
2026-08-17 19:24:00,1017.05,1017.06,1016.5,1016.5,2368
2026-08-17 19:25:00,1016.55,1016.94,1016.0,1016.5,886
2026-08-17 19:26:00,1016.01,1017.5,1016.01,1017.37,2918
2026-08-17 19:27:00,1017.1,1017.17,1016.89,1017.1,448
2026-08-17 19:28:00,1017.1,1017.1,1016.5,1016.5,654
2026-08-17 19:29:00,1016.9,1017.09,1016.78,1017.0,1049
2026-08-17 19:30:00,1016.91,1017.1,1016.89,1017.1,694
2026-08-17 19:31:00,1017.5,1018.25,1017.5,1018.25,1428
2026-08-17 19:32:00,1018.5,1018.98,1018.5,1018.98,1387
2026-08-17 19:33:00,1018.64,1018.9,1018.5,1018.5,597
2026-08-17 19:34:00,1018.63,1018.9,1018.63,1018.64,351
2026-08-17 19:35:00,1018.5,1018.5,1018.0,1018.32,598
2026-08-17 19:36:00,1018.35,1018.5,1018.01,1018.01,1326
2026-08-17 19:37:00,1018.25,1018.26,1018.01,1018.2,679
2026-08-17 19:38:00,1018.42,1018.5,1018.41,1018.41,826
2026-08-17 19:39:00,1018.5,1018.5,1018.4,1018.5,544
2026-08-17 19:40:00,1018.38,1018.4,1018.12,1018.13,200
2026-08-17 19:41:00,1018.18,1018.22,1018.0,1018.05,1069
2026-08-17 19:42:00,1018.0,1018.19,1018.0,1018.0,1254
2026-08-17 19:43:00,1018.19,1018.19,1017.8,1017.8,491
2026-08-17 19:44:00,1017.77,1018.0,1017.77,1017.99,1950
2026-08-17 19:45:00,1017.8,1017.99,1017.5,1017.54,1448
2026-08-17 19:46:00,1017.98,1018.0,1017.5,1017.68,2714
2026-08-17 19:47:00,1017.91,1017.91,1016.99,1016.99,2018
2026-08-17 19:48:00,1017.0,1017.0,1016.55,1016.55,753
2026-08-17 19:49:00,1016.5,1016.89,1016.01,1016.01,970
2026-08-17 19:50:00,1016.3,1016.8,1016.12,1016.8,960
2026-08-17 19:51:00,1016.8,1016.8,1016.66,1016.67,747
2026-08-17 19:52:00,1016.8,1017.2,1016.7,1017.2,1783
2026-08-17 19:53:00,1017.5,1017.5,1017.0,1017.0,871
2026-08-17 19:54:00,1017.32,1017.32,1016.7,1016.7,1820
2026-08-17 19:55:00,1016.85,1017.38,1016.5,1017.38,5633
2026-08-17 19:56:00,1017.5,1017.65,1017.0,1017.0,1406
2026-08-17 19:57:00,1017.36,1017.37,1017.0,1017.03,777
2026-08-17 19:58:00,1017.01,1017.25,1017.0,1017.2,2211
2026-08-17 19:59:00,1017.1,1017.19,1016.53,1017.19,2333
2026-08-18 04:00:00,984.75,995.0,980.0,981.0,31984
2026-08-18 04:01:00,981.89,995.0,979.0,986.8,139525
2026-08-18 04:02:00,990.69,991.62,976.0,976.0,24288
2026-08-18 04:03:00,988.0,992.9,974.0,975.36,13328
2026-08-18 04:04:00,975.95,976.0,974.45,974.45,7038
2026-08-18 04:05:00,974.29,974.29,973.13,974.0,4278
2026-08-18 04:06:00,974.16,975.5,973.21,975.0,6915
2026-08-18 04:07:00,975.7,994.16,971.59,972.0,6187
2026-08-18 04:08:00,972.0,974.0,971.61,974.0,2636
2026-08-18 04:09:00,973.28,974.67,973.0,974.38,3806
2026-08-18 04:10:00,972.7,972.7,971.0,971.0,4836
2026-08-18 04:11:00,971.84,974.88,971.84,973.73,2547
2026-08-18 04:12:00,972.0,975.01,972.0,975.0,3447
2026-08-18 04:13:00,975.0,975.0,972.87,972.87,1182
2026-08-18 04:14:00,973.63,975.0,972.79,972.79,3121
2026-08-18 04:15:00,972.99,974.0,972.8,973.0,4352
2026-08-18 04:16:00,972.76,973.7,972.76,973.33,1906
2026-08-18 04:17:00,973.5,973.8,972.6,972.62,1016
2026-08-18 04:18:00,972.18,973.48,971.86,973.02,3851
2026-08-18 04:19:00,973.21,974.0,972.12,972.81,1325
2026-08-18 04:20:00,972.4,972.93,970.11,970.3,6442
2026-08-18 04:21:00,970.3,970.3,966.21,966.55,13851
2026-08-18 04:22:00,966.41,967.0,965.8,967.0,10355
2026-08-18 04:23:00,967.3,968.12,966.3,966.68,3585
2026-08-18 04:24:00,967.17,967.5,966.05,966.9,2725
2026-08-18 04:25:00,966.1,967.99,965.38,967.5,4290
2026-08-18 04:26:00,967.41,968.0,967.0,967.08,4245
2026-08-18 04:27:00,967.39,969.75,967.39,968.9,5712
2026-08-18 04:28:00,968.71,968.71,967.99,968.59,1004
2026-08-18 04:29:00,968.67,968.68,967.2,968.0,1299
2026-08-18 04:30:00,968.52,969.95,967.0,967.66,1466
2026-08-18 04:31:00,969.18,970.04,968.8,968.8,3008
2026-08-18 04:32:00,969.0,969.41,968.91,969.41,1243
2026-08-18 04:33:00,969.29,970.31,969.28,969.91,1982
2026-08-18 04:34:00,970.02,971.0,970.0,971.0,3264
2026-08-18 04:35:00,970.69,971.74,970.66,971.34,2090
2026-08-18 04:36:00,971.34,971.74,970.68,971.0,1646
2026-08-18 04:37:00,970.88,971.8,970.5,971.4,1563
2026-08-18 04:38:00,971.7,972.0,971.32,971.34,2216
2026-08-18 04:39:00,971.81,972.0,971.4,971.4,2300
2026-08-18 04:40:00,971.33,971.5,970.85,971.0,1324
2026-08-18 04:41:00,971.32,971.34,970.85,970.85,2672
2026-08-18 04:42:00,971.33,971.33,970.0,970.23,3925
2026-08-18 04:43:00,970.1,970.56,969.82,970.0,1484
2026-08-18 04:44:00,970.15,971.34,970.15,971.22,1276
2026-08-18 04:45:00,970.8,970.8,969.0,969.41,2341
2026-08-18 04:46:00,969.41,969.41,968.0,968.0,1976
2026-08-18 04:47:00,967.6,968.81,967.6,968.32,1481
2026-08-18 04:48:00,968.0,968.1,967.75,968.1,1366
2026-08-18 04:49:00,968.16,968.16,966.7,966.73,1285
2026-08-18 04:50:00,967.0,967.5,966.58,967.0,1765
2026-08-18 04:51:00,967.0,968.0,966.93,967.88,1608
2026-08-18 04:52:00,968.0,968.85,968.0,968.85,1221
2026-08-18 04:53:00,969.0,969.0,968.05,968.05,651
2026-08-18 04:54:00,968.0,968.2,967.22,967.77,1395
2026-08-18 04:55:00,968.0,969.0,967.0,967.0,5667
2026-08-18 04:56:00,967.0,967.0,966.05,966.34,2270
2026-08-18 04:57:00,966.02,966.29,965.6,966.0,3102
2026-08-18 04:58:00,966.64,967.07,966.04,966.07,2138
2026-08-18 04:59:00,966.2,966.27,965.65,966.03,949
2026-08-18 05:00:00,965.51,966.45,963.35,964.46,4563
2026-08-18 05:01:00,964.65,964.65,962.64,962.64,2046
2026-08-18 05:02:00,962.99,965.0,962.02,963.5,3887
2026-08-18 05:03:00,964.15,965.05,963.5,965.05,6239
2026-08-18 05:04:00,965.15,965.5,964.56,964.75,1008
2026-08-18 05:05:00,964.0,964.0,961.58,961.58,3187
2026-08-18 05:06:00,961.61,962.2,961.37,961.6,1662
2026-08-18 05:07:00,961.5,962.49,961.49,962.0,6614
2026-08-18 05:08:00,962.0,962.86,961.65,962.5,3469
2026-08-18 05:09:00,962.24,963.15,962.24,962.5,2994
2026-08-18 05:10:00,962.94,963.32,962.82,963.25,1688
2026-08-18 05:11:00,964.0,964.62,963.41,964.6,1901
2026-08-18 05:12:00,964.95,965.0,964.43,964.52,3618
2026-08-18 05:13:00,964.33,965.27,964.33,965.0,2766
2026-08-18 05:14:00,965.0,966.0,964.79,965.74,1809
2026-08-18 05:15:00,965.5,965.5,964.86,965.0,507
2026-08-18 05:16:00,965.0,965.5,964.7,964.72,1298
2026-08-18 05:17:00,964.7,964.7,964.0,964.5,1573
2026-08-18 05:18:00,964.5,965.0,964.0,964.0,525
2026-08-18 05:19:00,963.0,963.19,962.0,962.01,1814
2026-08-18 05:20:00,962.27,963.0,962.17,962.74,412
2026-08-18 05:21:00,962.74,962.74,961.68,961.68,985
2026-08-18 05:22:00,961.86,961.89,961.22,961.65,4781
2026-08-18 05:23:00,961.65,961.66,960.1,961.0,5643
2026-08-18 05:24:00,961.0,961.17,960.1,960.1,4805
2026-08-18 05:25:00,960.72,961.45,960.12,961.03,1292
2026-08-18 05:26:00,960.86,961.23,960.1,960.61,1026
2026-08-18 05:27:00,960.98,962.18,959.06,962.18,8738
2026-08-18 05:28:00,962.35,962.5,961.01,961.01,1100
2026-08-18 05:29:00,961.03,961.15,960.47,961.0,473
2026-08-18 05:30:00,960.0,960.3,959.5,960.0,1541
2026-08-18 05:31:00,959.5,959.5,958.83,959.19,1432
2026-08-18 05:32:00,959.0,959.0,958.5,959.0,1457
2026-08-18 05:33:00,959.19,961.15,958.84,960.91,2840
2026-08-18 05:34:00,960.69,960.69,960.0,960.6,1791
2026-08-18 05:35:00,960.86,961.15,960.47,960.99,643
2026-08-18 05:36:00,961.0,961.0,959.35,959.35,1513
2026-08-18 05:37:00,959.31,960.29,959.09,960.08,2587
2026-08-18 05:38:00,959.52,959.55,959.5,959.55,200
2026-08-18 05:39:00,959.52,960.34,959.0,959.32,1996
2026-08-18 05:40:00,959.16,959.21,958.68,958.68,601
2026-08-18 05:41:00,958.5,958.5,956.0,957.17,6204
2026-08-18 05:42:00,956.66,958.7,956.5,958.68,2832
2026-08-18 05:43:00,958.7,958.7,957.27,957.27,2043
2026-08-18 05:44:00,957.5,958.7,957.0,958.7,2122
2026-08-18 05:45:00,959.0,959.2,957.3,957.3,1093
2026-08-18 05:46:00,957.5,958.01,957.0,958.01,1040
2026-08-18 05:47:00,959.13,959.88,959.13,959.8,2894
2026-08-18 05:48:00,959.3,959.77,959.3,959.5,1133
2026-08-18 05:49:00,959.46,959.46,957.41,958.0,1623
2026-08-18 05:50:00,957.17,957.46,956.5,956.5,2289
2026-08-18 05:51:00,956.44,957.0,956.01,956.98,1618
2026-08-18 05:52:00,956.5,957.0,956.5,957.0,704
2026-08-18 05:53:00,957.0,958.15,956.8,957.99,3626
2026-08-18 05:54:00,957.55,957.79,957.37,957.37,2089
2026-08-18 05:55:00,958.0,959.3,957.93,958.6,1363
2026-08-18 05:56:00,958.48,958.98,958.48,958.97,959
2026-08-18 05:57:00,959.5,959.88,959.5,959.88,898
2026-08-18 05:58:00,960.0,960.68,959.51,960.53,2520
2026-08-18 05:59:00,960.5,961.15,960.5,960.9,2357
2026-08-18 06:00:00,961.15,961.53,960.58,961.15,2361
2026-08-18 06:01:00,961.0,962.0,959.75,960.37,6080
2026-08-18 06:02:00,960.06,961.45,960.0,961.0,2810
2026-08-18 06:03:00,961.67,964.31,961.67,963.99,3013
2026-08-18 06:04:00,963.24,963.78,963.2,963.54,1772
2026-08-18 06:05:00,963.7,963.99,962.63,962.63,1830
2026-08-18 06:06:00,963.1,964.0,962.06,962.18,2155
2026-08-18 06:07:00,962.08,963.0,962.0,962.75,1342
2026-08-18 06:08:00,962.1,962.49,961.6,962.0,438
2026-08-18 06:09:00,962.0,963.1,962.0,962.53,1726
2026-08-18 06:10:00,963.09,963.09,961.07,961.74,1017
2026-08-18 06:11:00,961.07,961.19,960.0,960.62,3377
2026-08-18 06:12:00,960.38,960.79,959.67,959.67,857
2026-08-18 06:13:00,960.0,960.3,959.43,959.5,637
2026-08-18 06:14:00,959.51,960.02,959.51,960.01,1498
2026-08-18 06:15:00,959.38,959.67,959.09,959.61,892
2026-08-18 06:16:00,959.88,960.3,959.88,960.02,761
2026-08-18 06:17:00,960.25,960.94,960.0,960.94,1174
2026-08-18 06:18:00,960.0,962.29,959.5,962.29,2525
2026-08-18 06:19:00,961.96,961.96,959.0,959.01,3000
2026-08-18 06:20:00,959.5,959.5,958.3,958.3,1540
2026-08-18 06:21:00,959.25,959.25,958.36,958.36,643
2026-08-18 06:22:00,958.36,959.25,958.36,959.24,519
2026-08-18 06:23:00,958.62,958.62,957.71,957.71,4173
2026-08-18 06:24:00,958.0,958.0,957.0,957.59,4542
2026-08-18 06:25:00,957.23,957.72,956.01,956.02,3405
2026-08-18 06:26:00,956.08,957.02,956.02,956.67,3913
2026-08-18 06:27:00,956.69,957.0,956.51,957.0,1296
2026-08-18 06:28:00,957.0,957.02,956.8,957.02,2837
2026-08-18 06:29:00,957.64,958.9,957.61,958.75,2983
2026-08-18 06:30:00,958.75,958.88,957.66,957.66,1429
2026-08-18 06:31:00,958.0,959.35,958.0,958.79,4625
2026-08-18 06:32:00,958.5,959.4,958.5,959.34,1093
2026-08-18 06:33:00,959.04,960.0,959.04,960.0,1151
2026-08-18 06:34:00,960.96,960.96,960.0,960.0,978
2026-08-18 06:35:00,960.2,960.86,960.0,960.0,768
2026-08-18 06:36:00,959.74,959.85,958.94,958.94,909
2026-08-18 06:37:00,959.3,959.3,959.1,959.3,1903
2026-08-18 06:38:00,959.3,959.3,958.18,958.18,1003
2026-08-18 06:39:00,958.3,959.0,958.3,958.81,966
2026-08-18 06:40:00,958.5,960.0,958.5,958.5,2714
2026-08-18 06:41:00,959.0,959.78,958.5,959.78,1151
2026-08-18 06:42:00,958.68,959.0,958.68,959.0,504
2026-08-18 06:43:00,959.0,959.0,958.2,959.0,1019
2026-08-18 06:44:00,958.88,959.5,958.88,959.5,149
2026-08-18 06:45:00,959.76,959.76,959.76,959.76,100
2026-08-18 06:46:00,959.88,959.88,959.44,959.44,246
2026-08-18 06:47:00,960.0,960.0,959.84,960.0,3563
2026-08-18 06:48:00,960.5,961.47,960.5,961.0,2059
2026-08-18 06:49:00,961.0,961.5,960.56,961.5,997
2026-08-18 06:50:00,961.5,962.0,961.5,961.75,1086
2026-08-18 06:51:00,961.49,961.6,961.0,961.29,746
2026-08-18 06:52:00,961.06,961.99,961.05,961.99,2725
2026-08-18 06:53:00,962.36,963.0,962.21,963.0,1124
2026-08-18 06:54:00,962.9,962.99,962.5,962.99,977
2026-08-18 06:55:00,963.27,963.27,961.85,961.9,2362
2026-08-18 06:56:00,962.0,964.45,962.0,963.3,8150
2026-08-18 06:57:00,963.3,963.69,963.3,963.53,334
2026-08-18 06:58:00,963.5,964.01,963.11,964.01,1398
2026-08-18 06:59:00,964.0,964.0,963.5,964.0,1476
2026-08-18 07:00:00,964.2,966.0,963.1,965.46,15277
2026-08-18 07:01:00,965.7,967.5,965.07,966.11,11061
2026-08-18 07:02:00,965.7,967.0,965.33,966.99,10689
2026-08-18 07:03:00,966.99,967.8,966.7,967.0,8386
2026-08-18 07:04:00,967.0,967.66,966.5,966.79,4851
2026-08-18 07:05:00,967.47,968.99,967.24,968.15,11498
2026-08-18 07:06:00,968.15,968.59,967.2,968.5,8711
2026-08-18 07:07:00,968.4,969.5,968.15,968.99,10556
2026-08-18 07:08:00,968.85,969.0,967.0,967.0,10504
2026-08-18 07:09:00,967.0,968.0,966.77,967.35,5239
2026-08-18 07:10:00,967.6,971.0,967.51,971.0,12036
2026-08-18 07:11:00,970.89,970.99,968.73,968.84,6536
2026-08-18 07:12:00,968.55,968.96,967.67,967.68,5198
2026-08-18 07:13:00,967.64,969.19,967.64,969.18,5395
2026-08-18 07:14:00,969.08,969.45,968.8,969.45,2335
2026-08-18 07:15:00,969.42,970.2,968.82,969.6,4812
2026-08-18 07:16:00,969.8,969.8,968.5,968.71,3991
2026-08-18 07:17:00,969.15,970.31,968.8,970.31,3510
2026-08-18 07:18:00,970.0,970.31,969.23,970.25,2372
2026-08-18 07:19:00,970.0,971.56,969.5,971.56,6608
2026-08-18 07:20:00,971.51,971.76,970.0,970.58,3692
2026-08-18 07:21:00,969.97,970.38,968.8,969.11,3531
2026-08-18 07:22:00,968.86,969.2,967.3,969.0,7466
2026-08-18 07:23:00,969.0,969.0,967.61,967.89,3434
2026-08-18 07:24:00,967.89,967.92,966.76,967.0,6308
2026-08-18 07:25:00,967.0,967.35,966.48,966.71,4714
2026-08-18 07:26:00,967.0,968.34,966.66,966.99,4495
2026-08-18 07:27:00,967.0,967.5,966.3,966.3,4646
2026-08-18 07:28:00,966.36,967.84,966.31,967.63,4278
2026-08-18 07:29:00,967.75,968.8,967.75,968.0,5278
2026-08-18 07:30:00,967.0,967.95,966.69,967.0,2500
2026-08-18 07:31:00,967.0,967.0,966.15,966.2,5142
2026-08-18 07:32:00,966.2,966.59,966.0,966.0,4119
2026-08-18 07:33:00,966.0,966.64,965.66,966.01,6679
2026-08-18 07:34:00,966.0,966.2,965.05,965.3,5697
2026-08-18 07:35:00,965.5,966.4,965.5,965.7,5069
2026-08-18 07:36:00,965.99,965.99,965.5,965.6,770
2026-08-18 07:37:00,965.65,966.75,965.65,966.6,5801
2026-08-18 07:38:00,966.75,966.75,965.8,965.8,4348
2026-08-18 07:39:00,965.8,965.8,964.1,964.64,8612
2026-08-18 07:40:00,964.43,964.89,963.57,964.3,11088
2026-08-18 07:41:00,964.94,966.0,964.33,965.9,3026
2026-08-18 07:42:00,965.93,966.78,965.46,966.78,2384
2026-08-18 07:43:00,966.99,968.89,966.95,967.74,6254
2026-08-18 07:44:00,967.0,967.45,966.14,967.42,7629
2026-08-18 07:45:00,967.4,969.81,967.4,969.36,5059
2026-08-18 07:46:00,969.93,970.59,969.28,970.0,9329
2026-08-18 07:47:00,969.39,971.18,969.38,970.7,8404
2026-08-18 07:48:00,970.9,971.4,970.6,971.13,6867
2026-08-18 07:49:00,971.31,971.55,970.31,971.17,6618
2026-08-18 07:50:00,971.12,971.26,969.89,969.89,9736
2026-08-18 07:51:00,969.83,971.85,969.82,970.51,6477
2026-08-18 07:52:00,970.79,971.0,970.0,970.06,1424
2026-08-18 07:53:00,970.15,970.45,969.25,969.91,5889
2026-08-18 07:54:00,969.91,969.91,969.15,969.49,3235
2026-08-18 07:55:00,969.7,970.8,969.5,970.8,2760
2026-08-18 07:56:00,970.77,970.87,970.0,970.78,1876
2026-08-18 07:57:00,970.45,971.67,970.44,971.5,4497
2026-08-18 07:58:00,971.0,971.3,969.11,969.36,3644
2026-08-18 07:59:00,969.87,971.0,969.51,970.66,2623
2026-08-18 08:00:00,970.0,970.79,969.9,970.48,6530
2026-08-18 08:01:00,970.27,971.2,970.21,970.53,4889
2026-08-18 08:02:00,971.0,971.77,970.7,971.77,1455
2026-08-18 08:03:00,971.5,971.77,970.05,970.3,3837
2026-08-18 08:04:00,970.52,974.0,970.52,973.9,10918
2026-08-18 08:05:00,974.0,974.29,973.0,973.0,7664
2026-08-18 08:06:00,973.0,973.5,972.5,973.35,2033
2026-08-18 08:07:00,973.0,973.78,972.9,973.78,4873
2026-08-18 08:08:00,973.6,973.8,971.2,971.2,7127
2026-08-18 08:09:00,972.0,972.0,969.5,969.5,31907
2026-08-18 08:10:00,969.6,970.0,968.0,968.5,7852
2026-08-18 08:11:00,968.3,968.91,967.4,967.8,5722
2026-08-18 08:12:00,968.19,968.3,968.0,968.0,2960
2026-08-18 08:13:00,968.0,968.3,967.48,967.88,5699
2026-08-18 08:14:00,967.5,967.94,967.19,967.64,2532
2026-08-18 08:15:00,967.4,967.65,966.77,966.77,4384
2026-08-18 08:16:00,966.99,967.49,966.12,967.49,2602
2026-08-18 08:17:00,967.47,967.77,965.74,965.99,8738
2026-08-18 08:18:00,966.15,966.84,964.88,964.88,30942
2026-08-18 08:19:00,964.6,966.16,964.6,965.5,5664
2026-08-18 08:20:00,966.16,967.02,966.0,966.7,10320
2026-08-18 08:21:00,966.32,967.0,966.0,966.94,6292
2026-08-18 08:22:00,966.5,966.5,965.5,965.74,6694
2026-08-18 08:23:00,965.5,965.5,964.45,965.45,4584
2026-08-18 08:24:00,965.42,965.42,964.24,964.45,2217
2026-08-18 08:25:00,964.67,965.15,964.2,964.75,3877
2026-08-18 08:26:00,964.55,964.8,964.03,964.56,902
2026-08-18 08:27:00,964.58,965.0,964.21,964.58,2652
2026-08-18 08:28:00,964.65,965.05,964.5,964.84,4813
2026-08-18 08:29:00,964.8,965.0,964.05,964.1,2327
2026-08-18 08:30:00,965.0,965.0,963.7,964.63,4993
2026-08-18 08:31:00,963.83,965.0,963.2,964.0,4770
2026-08-18 08:32:00,964.41,965.0,964.1,964.4,1965
2026-08-18 08:33:00,964.4,965.05,964.11,964.24,3934
2026-08-18 08:34:00,964.11,964.8,964.11,964.46,2064
2026-08-18 08:35:00,964.4,964.56,964.21,964.31,1086
2026-08-18 08:36:00,964.3,964.36,963.35,963.85,4685
2026-08-18 08:37:00,963.4,964.0,963.1,963.66,3819
2026-08-18 08:38:00,963.25,964.65,963.12,964.5,2981
2026-08-18 08:39:00,964.62,964.7,964.1,964.61,2510
2026-08-18 08:40:00,964.66,965.2,964.28,964.28,10315
2026-08-18 08:41:00,964.6,964.8,964.24,964.33,917
2026-08-18 08:42:00,964.35,964.5,964.0,964.0,4661
2026-08-18 08:43:00,963.97,964.0,963.4,963.7,1354
2026-08-18 08:44:00,963.59,964.0,963.27,963.3,768
2026-08-18 08:45:00,964.0,964.0,963.0,963.47,1958
2026-08-18 08:46:00,963.5,964.2,963.2,963.91,3564
2026-08-18 08:47:00,963.52,964.74,963.52,964.74,851
2026-08-18 08:48:00,965.0,965.05,964.39,964.72,2500
2026-08-18 08:49:00,964.91,965.05,964.27,965.0,5669
2026-08-18 08:50:00,965.0,965.05,964.24,964.61,3479
2026-08-18 08:51:00,964.85,965.1,964.5,964.81,4573
2026-08-18 08:52:00,964.94,964.99,963.56,963.56,4464
2026-08-18 08:53:00,963.8,964.45,963.5,964.0,2558
2026-08-18 08:54:00,964.0,964.49,963.41,963.49,2637
2026-08-18 08:55:00,964.0,964.0,963.0,963.6,5810
2026-08-18 08:56:00,963.0,963.6,962.65,963.5,13383
2026-08-18 08:57:00,963.3,963.49,962.99,963.11,1936
2026-08-18 08:58:00,963.17,963.17,962.67,962.76,2283
2026-08-18 08:59:00,962.65,964.0,962.01,963.93,26553
2026-08-18 09:00:00,963.71,964.47,962.65,963.5,3899
2026-08-18 09:01:00,963.6,965.0,963.6,964.25,3151
2026-08-18 09:02:00,964.32,964.35,962.36,963.0,1738
2026-08-18 09:03:00,962.99,963.29,962.36,962.86,2021
2026-08-18 09:04:00,963.31,963.35,962.89,963.18,2718
2026-08-18 09:05:00,962.52,963.0,962.32,962.34,4476
2026-08-18 09:06:00,962.76,962.76,961.5,962.01,6096
2026-08-18 09:07:00,961.97,962.39,961.66,961.8,1629
2026-08-18 09:08:00,961.91,962.35,961.65,961.87,4215
2026-08-18 09:09:00,961.86,962.06,961.59,962.06,4899
2026-08-18 09:10:00,961.81,962.0,961.26,961.77,4089
2026-08-18 09:11:00,961.7,961.93,961.22,961.22,2390
2026-08-18 09:12:00,961.2,962.09,961.2,961.9,3763
2026-08-18 09:13:00,961.89,962.0,959.65,959.83,39109
2026-08-18 09:14:00,959.78,960.0,959.65,959.79,15502
2026-08-18 09:15:00,959.65,960.0,958.75,959.45,14294
2026-08-18 09:16:00,959.95,961.25,959.21,961.25,6356
2026-08-18 09:17:00,961.35,961.67,960.25,960.75,2222
2026-08-18 09:18:00,960.75,961.87,960.68,961.85,3223
2026-08-18 09:19:00,961.7,963.0,961.48,963.0,4405
2026-08-18 09:20:00,962.83,963.85,962.34,963.0,10366
2026-08-18 09:21:00,962.9,964.6,962.77,964.0,9882
2026-08-18 09:22:00,964.25,964.64,963.29,964.47,2689
2026-08-18 09:23:00,964.0,965.4,963.56,964.97,11429
2026-08-18 09:24:00,964.46,965.0,963.81,964.0,5667
2026-08-18 09:25:00,964.7,965.77,961.18,962.0,10622
2026-08-18 09:26:00,961.94,961.97,960.59,961.0,9228
2026-08-18 09:27:00,961.18,962.5,956.76,957.52,16607
2026-08-18 09:28:00,957.1,958.7,956.5,958.0,19190
2026-08-18 09:29:00,958.07,959.0,956.65,957.0,16920
2026-08-18 09:30:00,957.1,966.65,954.01,965.0,511975
2026-08-18 09:31:00,965.0,976.85,965.0,973.9,248321
2026-08-18 09:32:00,974.21,974.58,968.79,969.0,152576
2026-08-18 09:33:00,968.88,971.89,968.0,968.77,142644
2026-08-18 09:34:00,968.61,974.0,966.0,973.4,165109
2026-08-18 09:35:00,973.92,978.67,972.77,973.43,192668
2026-08-18 09:36:00,973.48,974.16,967.57,967.86,134735
2026-08-18 09:37:00,968.12,974.26,967.5,969.73,105715
2026-08-18 09:38:00,970.09,972.18,969.0,971.71,95455
2026-08-18 09:39:00,971.7,973.2,969.6,972.32,118726
2026-08-18 09:40:00,972.2,975.75,971.14,975.72,105740
2026-08-18 09:41:00,975.59,976.5,973.41,974.65,108568
2026-08-18 09:42:00,974.23,974.79,972.02,972.42,78164
2026-08-18 09:43:00,972.04,973.27,969.06,970.47,109925
2026-08-18 09:44:00,970.14,970.67,968.02,968.59,79181
2026-08-18 09:45:00,968.31,968.8,964.0,967.18,178981
2026-08-18 09:46:00,967.49,968.25,961.11,961.39,121131
2026-08-18 09:47:00,961.47,964.35,960.9,962.22,163062
2026-08-18 09:48:00,962.5,965.15,960.9,962.47,101379
2026-08-18 09:49:00,962.28,963.88,961.56,963.35,73960
2026-08-18 09:50:00,963.35,967.99,962.0,967.58,115753
2026-08-18 09:51:00,967.44,968.5,964.32,965.34,87375
2026-08-18 09:52:00,965.34,965.65,962.26,962.97,80997
2026-08-18 09:53:00,962.97,964.94,960.66,960.74,85314
2026-08-18 09:54:00,960.93,961.2,958.52,959.31,158576
2026-08-18 09:55:00,959.15,959.39,952.51,954.62,231504
2026-08-18 09:56:00,954.65,962.29,954.0,962.06,169096
2026-08-18 09:57:00,961.94,963.8,960.79,961.47,117422
2026-08-18 09:58:00,961.21,962.81,959.17,960.46,83449
2026-08-18 09:59:00,960.8,961.98,958.8,960.43,74823
2026-08-18 10:00:00,960.52,960.6,956.32,958.2,97901
2026-08-18 10:01:00,958.2,959.0,956.07,958.21,72689
2026-08-18 10:02:00,958.27,963.0,958.14,961.38,89779
2026-08-18 10:03:00,961.38,964.29,961.0,962.35,111023
2026-08-18 10:04:00,962.14,964.34,960.71,961.45,80609
2026-08-18 10:05:00,961.16,961.45,957.0,958.1,83005
2026-08-18 10:06:00,957.5,958.67,955.57,957.25,86320
2026-08-18 10:07:00,957.35,961.6,957.0,961.26,89728
2026-08-18 10:08:00,960.91,961.6,957.76,957.92,47042
2026-08-18 10:09:00,958.0,958.59,955.69,956.28,83909
2026-08-18 10:10:00,956.01,956.02,951.51,952.02,168720
2026-08-18 10:11:00,952.13,952.17,948.57,949.76,198350
2026-08-18 10:12:00,949.48,951.71,948.57,950.61,102940
2026-08-18 10:13:00,950.61,950.79,948.11,950.18,87716
2026-08-18 10:14:00,950.15,950.25,947.58,949.5,89103
2026-08-18 10:15:00,949.49,951.59,948.5,951.59,103877
2026-08-18 10:16:00,951.32,953.24,951.13,952.27,119641
2026-08-18 10:17:00,952.08,953.98,950.1,950.65,83841
2026-08-18 10:18:00,950.25,954.33,950.0,953.94,78955
2026-08-18 10:19:00,953.87,955.35,953.36,953.36,107832
2026-08-18 10:20:00,953.48,954.6,952.28,954.25,48704
2026-08-18 10:21:00,954.32,954.66,949.95,949.95,82959
2026-08-18 10:22:00,949.95,951.84,949.43,951.01,65653
2026-08-18 10:23:00,950.94,953.29,950.64,953.09,45842
2026-08-18 10:24:00,953.29,953.8,950.32,950.55,45970
2026-08-18 10:25:00,951.1,953.0,950.72,953.0,44728
2026-08-18 10:26:00,953.12,957.0,952.66,956.93,73503
2026-08-18 10:27:00,956.84,957.75,954.3,956.5,84927
2026-08-18 10:28:00,956.5,958.65,955.61,958.4,51359
2026-08-18 10:29:00,958.26,958.9,956.68,957.63,47866
2026-08-18 10:30:00,957.48,958.4,956.22,956.89,46861
2026-08-18 10:31:00,956.85,957.21,955.25,956.19,36125
2026-08-18 10:32:00,956.0,958.0,955.01,956.44,59850
2026-08-18 10:33:00,956.34,956.63,955.15,955.25,36371
2026-08-18 10:34:00,955.25,955.65,954.0,954.17,63526
2026-08-18 10:35:00,954.08,956.33,953.44,954.79,68134
2026-08-18 10:36:00,955.06,957.1,954.82,956.8,36927
2026-08-18 10:37:00,956.89,956.98,955.0,955.33,26739
2026-08-18 10:38:00,955.16,955.52,953.54,953.75,36801
2026-08-18 10:39:00,953.62,954.0,952.16,953.59,63525
2026-08-18 10:40:00,953.38,953.85,951.12,952.44,51886
2026-08-18 10:41:00,952.63,953.5,949.55,949.75,111519
2026-08-18 10:42:00,949.91,952.18,949.53,950.79,80681
2026-08-18 10:43:00,950.53,951.08,949.24,949.33,72373
2026-08-18 10:44:00,949.48,949.48,946.64,946.78,121846
2026-08-18 10:45:00,946.78,948.83,946.6,946.68,70334
2026-08-18 10:46:00,946.62,947.19,945.12,946.94,102209
2026-08-18 10:47:00,946.74,947.17,945.2,946.43,60181
2026-08-18 10:48:00,946.43,947.09,944.57,946.02,78747
2026-08-18 10:49:00,945.91,946.11,944.05,945.37,63287
2026-08-18 10:50:00,945.51,947.0,944.0,946.0,61480
2026-08-18 10:51:00,945.91,946.36,943.75,944.2,53392
2026-08-18 10:52:00,944.12,944.83,942.74,942.77,50165
2026-08-18 10:53:00,942.71,942.98,940.53,941.76,98478
2026-08-18 10:54:00,941.8,942.17,940.05,940.21,64852
2026-08-18 10:55:00,940.11,941.15,939.59,940.49,140488
2026-08-18 10:56:00,940.38,941.0,939.41,939.75,72179
2026-08-18 10:57:00,939.84,940.09,937.3,937.69,134761
2026-08-18 10:58:00,937.65,937.89,935.0,935.22,137530
2026-08-18 10:59:00,935.24,936.63,935.0,936.29,102396
2026-08-18 11:00:00,935.97,937.64,935.35,935.68,135944
2026-08-18 11:01:00,935.68,936.09,934.01,935.7,100657
2026-08-18 11:02:00,935.64,937.49,935.0,937.17,54824
2026-08-18 11:03:00,937.2,938.2,936.02,937.87,93143
2026-08-18 11:04:00,937.76,939.8,937.69,939.41,92994
2026-08-18 11:05:00,939.49,940.63,938.25,938.48,85767
2026-08-18 11:06:00,938.48,939.99,937.79,939.4,39194
2026-08-18 11:07:00,939.41,939.68,938.02,939.68,41736
2026-08-18 11:08:00,939.71,939.85,936.32,936.62,131423
2026-08-18 11:09:00,936.81,937.17,933.75,934.43,160121
2026-08-18 11:10:00,934.54,934.92,932.28,934.75,93842
2026-08-18 11:11:00,934.72,935.54,933.5,934.0,57744
2026-08-18 11:12:00,934.17,936.29,933.3,935.79,52273
2026-08-18 11:13:00,935.75,935.83,934.07,935.19,52473
2026-08-18 11:14:00,935.18,937.35,934.37,937.33,46999
2026-08-18 11:15:00,937.25,938.65,936.73,938.0,96363
2026-08-18 11:16:00,938.05,939.92,937.76,938.0,75578
2026-08-18 11:17:00,937.97,939.48,937.59,938.12,41745
2026-08-18 11:18:00,938.16,938.83,937.0,937.29,39809
2026-08-18 11:19:00,937.29,937.7,936.2,936.26,50979
2026-08-18 11:20:00,936.25,937.34,934.64,936.34,130974
2026-08-18 11:21:00,936.31,937.09,935.58,936.59,56689
2026-08-18 11:22:00,936.63,940.45,936.34,940.15,110042
2026-08-18 11:23:00,940.05,940.89,938.38,940.89,74620
2026-08-18 11:24:00,940.88,942.1,940.39,941.59,81028
2026-08-18 11:25:00,941.64,943.49,941.18,941.93,89832
2026-08-18 11:26:00,942.1,942.25,939.0,939.38,60264
2026-08-18 11:27:00,939.9,940.3,938.21,938.76,46762
2026-08-18 11:28:00,938.92,941.19,938.5,940.87,44030
2026-08-18 11:29:00,941.19,943.0,941.03,942.46,71584
2026-08-18 11:30:00,942.58,943.5,941.53,943.23,70941
2026-08-18 11:31:00,943.19,944.0,942.49,942.65,71293
2026-08-18 11:32:00,942.73,943.84,942.2,943.08,32717
2026-08-18 11:33:00,943.49,945.36,943.49,944.6,45768
2026-08-18 11:34:00,944.34,944.61,943.31,944.0,42028
2026-08-18 11:35:00,943.77,944.03,941.64,942.31,46401
2026-08-18 11:36:00,942.48,942.58,940.76,941.52,53062
2026-08-18 11:37:00,941.59,941.66,939.52,940.0,46472
2026-08-18 11:38:00,940.1,940.72,939.58,940.2,33708
2026-08-18 11:39:00,940.22,940.54,939.41,940.26,27229
2026-08-18 11:40:00,940.17,940.88,938.61,940.7,41938
2026-08-18 11:41:00,940.68,942.0,940.05,941.98,49391
2026-08-18 11:42:00,941.99,943.25,941.51,942.11,38414
2026-08-18 11:43:00,942.07,942.88,941.53,942.47,27234
2026-08-18 11:44:00,942.47,942.78,941.67,941.84,28974
2026-08-18 11:45:00,941.85,943.51,941.68,943.51,33042
2026-08-18 11:46:00,943.37,944.88,942.7,944.5,58238
2026-08-18 11:47:00,944.66,946.45,944.65,945.98,72382
2026-08-18 11:48:00,945.89,946.75,945.32,945.42,68011
2026-08-18 11:49:00,945.56,946.55,944.87,945.59,47567
2026-08-18 11:50:00,945.59,945.59,943.68,943.85,37796
2026-08-18 11:51:00,943.85,945.33,942.62,944.75,40543
2026-08-18 11:52:00,944.63,945.84,944.45,945.83,34332
2026-08-18 11:53:00,945.92,946.77,944.98,945.13,46241
2026-08-18 11:54:00,945.15,946.22,945.1,945.99,29016
2026-08-18 11:55:00,945.96,946.97,945.7,946.96,45711
2026-08-18 11:56:00,947.0,947.42,946.1,946.54,47684
2026-08-18 11:57:00,946.54,946.85,944.6,945.08,43562
2026-08-18 11:58:00,944.98,945.16,943.63,943.63,29009
2026-08-18 11:59:00,943.69,945.6,943.25,945.6,30567
2026-08-18 12:00:00,945.69,946.8,945.0,946.28,38611
2026-08-18 12:01:00,946.17,946.68,945.45,945.79,29739
2026-08-18 12:02:00,945.99,946.37,945.5,946.12,25050
2026-08-18 12:03:00,946.3,946.39,944.8,945.05,28043
2026-08-18 12:04:00,944.97,945.3,943.68,944.6,27636
2026-08-18 12:05:00,944.44,945.3,943.95,945.28,36433
2026-08-18 12:06:00,945.18,945.36,944.41,944.59,25215
2026-08-18 12:07:00,944.53,945.74,943.08,945.46,28998
2026-08-18 12:08:00,945.38,945.8,944.24,944.84,29081
2026-08-18 12:09:00,944.75,944.96,943.17,943.99,40125
2026-08-18 12:10:00,943.83,944.56,943.4,944.45,21708
2026-08-18 12:11:00,944.33,944.87,943.47,944.64,27833
2026-08-18 12:12:00,944.44,944.97,944.15,944.41,17385
2026-08-18 12:13:00,944.27,944.58,943.0,943.63,25624
2026-08-18 12:14:00,943.4,943.81,942.0,942.15,42371
2026-08-18 12:15:00,942.1,942.46,941.35,941.55,45854
2026-08-18 12:16:00,941.44,942.51,941.44,942.31,20116
2026-08-18 12:17:00,942.03,942.67,941.5,941.55,36948
2026-08-18 12:18:00,941.83,941.92,940.55,940.73,35015
2026-08-18 12:19:00,940.75,940.85,939.69,940.17,53524
2026-08-18 12:20:00,940.21,942.24,940.01,941.22,47277
2026-08-18 12:21:00,941.23,942.93,941.01,942.53,48783
2026-08-18 12:22:00,942.53,943.37,941.31,942.92,38307
2026-08-18 12:23:00,942.93,942.93,940.79,941.65,30477
2026-08-18 12:24:00,941.71,942.06,940.77,941.28,17968
2026-08-18 12:25:00,941.25,941.47,940.57,941.45,32011
2026-08-18 12:26:00,941.41,941.41,939.6,939.9,31123
2026-08-18 12:27:00,939.74,939.75,938.63,939.0,47221
2026-08-18 12:28:00,938.93,939.27,938.68,939.0,28360
2026-08-18 12:29:00,939.0,939.12,937.33,937.75,70752
2026-08-18 12:30:00,937.69,939.11,937.39,938.34,39946
2026-08-18 12:31:00,938.45,938.54,937.12,937.32,30770
2026-08-18 12:32:00,937.22,939.53,937.12,939.53,25870
2026-08-18 12:33:00,939.53,940.25,939.12,940.08,25641
2026-08-18 12:34:00,940.03,940.66,939.27,939.69,32700
2026-08-18 12:35:00,939.7,940.23,939.1,940.13,22939
2026-08-18 12:36:00,940.02,940.4,939.74,940.22,20462
2026-08-18 12:37:00,940.25,940.89,939.5,940.51,27318
2026-08-18 12:38:00,940.62,940.82,939.8,940.5,23578
2026-08-18 12:39:00,940.47,941.27,940.19,940.79,26701
2026-08-18 12:40:00,940.7,941.98,940.13,940.6,35820
2026-08-18 12:41:00,940.34,940.64,939.42,940.18,35810
2026-08-18 12:42:00,940.27,940.86,939.75,940.06,18897
2026-08-18 12:43:00,940.11,940.11,939.0,939.68,32086
2026-08-18 12:44:00,939.72,939.92,939.08,939.87,19842
2026-08-18 12:45:00,939.87,940.44,938.75,939.13,37191
2026-08-18 12:46:00,939.12,942.12,938.87,942.0,51635
2026-08-18 12:47:00,941.91,942.88,941.57,942.65,38000
2026-08-18 12:48:00,942.54,944.5,942.5,944.21,66779
2026-08-18 12:49:00,944.22,944.35,942.77,943.32,32725
2026-08-18 12:50:00,943.34,943.69,942.22,943.63,32998
2026-08-18 12:51:00,943.54,943.81,943.0,943.46,31258
2026-08-18 12:52:00,943.5,944.17,942.43,943.39,32038
2026-08-18 12:53:00,943.28,943.45,942.5,943.26,20993
2026-08-18 12:54:00,943.07,943.31,942.5,942.91,29916
2026-08-18 12:55:00,942.81,942.81,940.24,940.47,51715
2026-08-18 12:56:00,940.53,941.33,940.01,940.11,41196
2026-08-18 12:57:00,940.05,940.27,939.35,939.5,43991
2026-08-18 12:58:00,939.43,939.67,938.78,939.19,37482
2026-08-18 12:59:00,939.05,939.61,938.53,938.96,32069
2026-08-18 13:00:00,938.99,939.39,938.11,938.4,49610
2026-08-18 13:01:00,938.46,939.39,937.83,939.31,49780
2026-08-18 13:02:00,939.33,939.55,938.65,939.09,46983
2026-08-18 13:03:00,939.2,940.35,939.0,940.07,39278
2026-08-18 13:04:00,940.19,940.35,938.65,938.8,39794
2026-08-18 13:05:00,938.65,939.06,938.48,938.86,23817
2026-08-18 13:06:00,938.91,939.0,937.36,937.57,31365
2026-08-18 13:07:00,937.55,937.76,936.39,937.17,55902
2026-08-18 13:08:00,937.16,937.16,936.46,936.51,32508
2026-08-18 13:09:00,936.58,937.0,936.21,936.47,28920
2026-08-18 13:10:00,936.31,937.0,936.26,936.83,32771
2026-08-18 13:11:00,936.83,936.89,936.0,936.11,26723
2026-08-18 13:12:00,936.1,938.18,936.01,938.14,38083
2026-08-18 13:13:00,938.08,938.18,937.2,937.66,28535
2026-08-18 13:14:00,937.5,938.43,937.38,938.1,22944
2026-08-18 13:15:00,938.03,938.21,936.26,936.37,27244
2026-08-18 13:16:00,936.38,936.62,935.12,936.36,40598
2026-08-18 13:17:00,936.33,936.64,936.0,936.46,17558
2026-08-18 13:18:00,936.37,936.64,935.5,936.07,16825
2026-08-18 13:19:00,935.87,936.08,935.39,935.39,24195
2026-08-18 13:20:00,935.39,936.14,935.34,936.14,23981
2026-08-18 13:21:00,936.14,937.09,936.02,936.64,26259
2026-08-18 13:22:00,936.57,936.91,935.5,936.12,25986
2026-08-18 13:23:00,935.94,936.79,935.85,936.37,20114
2026-08-18 13:24:00,936.37,936.76,936.12,936.61,15374
2026-08-18 13:25:00,936.76,937.99,936.6,937.73,26873
2026-08-18 13:26:00,937.55,939.16,937.53,938.94,30232
2026-08-18 13:27:00,939.07,939.39,938.29,938.29,34538
2026-08-18 13:28:00,938.59,939.67,938.36,939.41,42524
2026-08-18 13:29:00,939.47,939.8,938.91,939.53,44310
2026-08-18 13:30:00,939.36,940.31,939.02,939.27,37990
2026-08-18 13:31:00,939.24,939.88,939.13,939.52,23620
2026-08-18 13:32:00,939.52,939.61,939.03,939.49,27709
2026-08-18 13:33:00,939.61,939.73,938.75,939.48,28124
2026-08-18 13:34:00,939.55,939.82,938.94,939.0,28262
2026-08-18 13:35:00,939.03,939.03,937.6,938.48,33553
2026-08-18 13:36:00,938.48,938.63,937.25,937.38,24715
2026-08-18 13:37:00,937.21,937.49,936.76,937.1,33219
2026-08-18 13:38:00,937.17,938.65,936.85,938.16,33680
2026-08-18 13:39:00,938.1,938.75,937.23,937.43,29050
2026-08-18 13:40:00,937.45,938.22,937.0,937.52,23639
2026-08-18 13:41:00,937.62,937.63,936.61,936.85,22592
2026-08-18 13:42:00,936.98,937.28,936.5,936.69,19453
2026-08-18 13:43:00,936.6,937.13,936.18,936.42,23850
2026-08-18 13:44:00,936.36,936.69,936.18,936.4,20948
2026-08-18 13:45:00,936.25,937.0,935.54,935.7,44771
2026-08-18 13:46:00,935.74,936.14,934.33,934.63,96208
2026-08-18 13:47:00,934.57,934.8,934.01,934.33,42504
2026-08-18 13:48:00,934.5,935.2,934.2,935.19,30605
2026-08-18 13:49:00,935.14,935.74,935.05,935.49,34292
2026-08-18 13:50:00,935.44,935.67,934.8,935.45,24855
2026-08-18 13:51:00,935.45,935.62,934.33,934.33,24148
2026-08-18 13:52:00,934.4,935.16,934.23,934.79,20468
2026-08-18 13:53:00,934.79,935.26,934.75,935.2,22322
2026-08-18 13:54:00,935.2,935.62,935.0,935.19,31135
2026-08-18 13:55:00,935.1,935.12,934.04,934.29,36546
2026-08-18 13:56:00,934.28,934.58,933.35,933.46,43322
2026-08-18 13:57:00,933.53,933.71,932.81,932.97,51313
2026-08-18 13:58:00,933.03,933.2,932.61,932.61,38549
2026-08-18 13:59:00,932.61,933.18,932.05,932.85,65356
2026-08-18 14:00:00,932.73,933.79,932.61,933.37,34100
2026-08-18 14:01:00,933.37,933.93,932.29,933.77,66517
2026-08-18 14:02:00,933.7,933.94,933.02,933.41,24317
2026-08-18 14:03:00,933.37,933.5,931.36,931.98,66239
2026-08-18 14:04:00,932.02,932.17,931.5,932.04,26193
2026-08-18 14:05:00,932.17,932.9,931.31,931.43,37718
2026-08-18 14:06:00,931.46,931.72,930.71,931.47,54654
2026-08-18 14:07:00,931.47,931.5,930.66,930.93,31822
2026-08-18 14:08:00,931.09,931.2,930.42,930.53,28405
2026-08-18 14:09:00,930.5,930.5,929.05,929.42,114334
2026-08-18 14:10:00,929.42,930.5,928.42,929.7,86238
2026-08-18 14:11:00,929.75,930.28,927.47,927.71,92522
2026-08-18 14:12:00,927.81,927.96,926.64,927.16,66121
2026-08-18 14:13:00,927.23,929.2,927.0,929.01,76171
2026-08-18 14:14:00,929.0,929.88,928.8,929.71,90915
2026-08-18 14:15:00,929.71,930.48,929.36,930.05,79205
2026-08-18 14:16:00,930.02,931.9,929.65,931.64,78383
2026-08-18 14:17:00,931.65,932.28,931.34,931.97,50790
2026-08-18 14:18:00,931.97,933.49,931.8,932.55,43516
2026-08-18 14:19:00,932.61,934.5,931.77,934.5,81454
2026-08-18 14:20:00,934.52,935.09,933.47,934.54,47755
2026-08-18 14:21:00,934.58,935.45,933.5,935.25,59300
2026-08-18 14:22:00,935.25,935.34,932.21,932.4,66273
2026-08-18 14:23:00,932.47,933.5,932.4,933.13,30389
2026-08-18 14:24:00,933.11,934.5,933.1,934.49,17067
2026-08-18 14:25:00,934.58,934.83,933.57,933.57,25737
2026-08-18 14:26:00,933.73,933.89,933.02,933.61,14755
2026-08-18 14:27:00,933.54,933.76,932.99,933.16,19139
2026-08-18 14:28:00,933.16,934.34,933.15,933.35,12626
2026-08-18 14:29:00,933.53,934.42,933.52,934.13,21767
2026-08-18 14:30:00,934.26,935.2,933.9,935.03,23892
2026-08-18 14:31:00,935.03,936.36,934.81,935.69,51763
2026-08-18 14:32:00,935.66,935.94,934.17,934.24,29549
2026-08-18 14:33:00,934.4,934.96,934.0,934.4,18222
2026-08-18 14:34:00,934.23,935.2,933.5,935.05,33267
2026-08-18 14:35:00,935.2,936.69,935.16,935.87,34181
2026-08-18 14:36:00,935.65,936.65,935.65,935.83,25730
2026-08-18 14:37:00,935.78,937.0,935.7,936.45,24914
2026-08-18 14:38:00,936.45,936.58,935.6,935.88,33903
2026-08-18 14:39:00,936.07,936.27,935.38,935.68,23084
2026-08-18 14:40:00,935.68,935.84,934.35,934.56,22337
2026-08-18 14:41:00,934.53,935.27,934.27,934.69,22133
2026-08-18 14:42:00,934.54,935.01,933.9,934.02,37223
2026-08-18 14:43:00,934.15,934.51,933.96,934.0,26825
2026-08-18 14:44:00,934.0,934.92,933.07,934.2,44057
2026-08-18 14:45:00,934.29,934.56,933.73,934.31,21746
2026-08-18 14:46:00,934.42,935.79,934.13,935.49,26550
2026-08-18 14:47:00,935.48,936.29,935.26,936.06,22631
2026-08-18 14:48:00,936.22,936.5,935.11,935.5,32850
2026-08-18 14:49:00,935.41,935.6,934.65,934.86,19627
2026-08-18 14:50:00,934.86,934.86,934.03,934.22,21270
2026-08-18 14:51:00,934.07,934.55,933.89,934.22,15604
2026-08-18 14:52:00,934.22,934.4,933.86,934.22,12229
2026-08-18 14:53:00,934.22,934.64,933.78,934.0,23172
2026-08-18 14:54:00,934.27,934.63,933.43,933.44,21107
2026-08-18 14:55:00,933.8,933.9,932.21,933.49,39533
2026-08-18 14:56:00,933.49,934.0,933.13,933.46,21218
2026-08-18 14:57:00,933.2,934.0,933.0,933.81,22850
2026-08-18 14:58:00,933.77,934.31,933.68,934.31,24912
2026-08-18 14:59:00,934.08,935.17,934.01,934.98,46934
2026-08-18 15:00:00,934.8,934.89,933.5,933.9,40482
2026-08-18 15:01:00,933.85,935.18,933.8,935.07,24623
2026-08-18 15:02:00,935.07,936.46,934.93,936.29,38784
2026-08-18 15:03:00,936.4,936.4,935.01,935.7,19298
2026-08-18 15:04:00,935.32,935.42,934.48,934.98,21041
2026-08-18 15:05:00,934.83,935.89,934.49,935.78,23240
2026-08-18 15:06:00,935.78,936.68,935.54,935.63,37013
2026-08-18 15:07:00,935.63,937.5,935.23,935.23,26213
2026-08-18 15:08:00,935.5,936.09,934.89,935.72,44102
2026-08-18 15:09:00,935.79,936.38,935.15,935.49,24273
2026-08-18 15:10:00,935.39,935.9,934.8,935.38,73500
2026-08-18 15:11:00,935.4,935.4,934.4,934.89,16854
2026-08-18 15:12:00,935.01,935.01,934.18,934.34,20261
2026-08-18 15:13:00,934.37,934.85,933.87,934.08,30527
2026-08-18 15:14:00,933.98,934.47,933.05,934.2,35952
2026-08-18 15:15:00,934.37,935.15,934.0,935.0,26382
2026-08-18 15:16:00,935.0,935.7,933.54,933.63,25704
2026-08-18 15:17:00,933.64,934.93,933.54,934.29,33432
2026-08-18 15:18:00,934.29,934.69,934.03,934.43,17482
2026-08-18 15:19:00,934.43,935.46,934.43,935.32,26989
2026-08-18 15:20:00,935.46,935.81,935.16,935.25,24789
2026-08-18 15:21:00,935.18,935.46,934.11,934.87,27842
2026-08-18 15:22:00,934.87,936.5,934.62,936.25,36515
2026-08-18 15:23:00,936.43,937.11,935.37,935.58,36187
2026-08-18 15:24:00,935.66,936.62,935.57,936.56,32479
2026-08-18 15:25:00,936.51,937.6,936.15,937.6,30891
2026-08-18 15:26:00,937.47,938.68,937.43,938.68,53830
2026-08-18 15:27:00,938.78,939.1,938.05,938.85,45919
2026-08-18 15:28:00,938.93,940.78,938.85,940.78,77550
2026-08-18 15:29:00,940.79,941.1,938.84,938.98,66468
2026-08-18 15:30:00,938.83,939.02,936.88,937.98,71180
2026-08-18 15:31:00,937.98,938.45,936.89,937.4,33701
2026-08-18 15:32:00,937.4,938.23,937.0,937.16,40576
2026-08-18 15:33:00,937.16,938.0,936.68,937.84,26245
2026-08-18 15:34:00,937.84,937.97,935.7,935.99,38087
2026-08-18 15:35:00,935.7,936.0,934.94,935.67,46269
2026-08-18 15:36:00,935.91,937.48,935.9,937.22,38573
2026-08-18 15:37:00,937.23,938.08,937.11,937.52,25327
2026-08-18 15:38:00,937.6,938.55,936.88,937.95,61536
2026-08-18 15:39:00,937.99,938.32,937.23,937.23,27609
2026-08-18 15:40:00,937.28,937.64,936.37,936.72,61873
2026-08-18 15:41:00,936.92,938.2,936.59,938.03,55254
2026-08-18 15:42:00,938.18,939.55,937.66,939.54,65308
2026-08-18 15:43:00,939.54,940.8,939.05,940.18,58323
2026-08-18 15:44:00,940.07,941.8,940.0,941.47,51773
2026-08-18 15:45:00,941.47,941.88,939.57,940.03,65328
2026-08-18 15:46:00,940.04,940.43,939.02,939.65,71923
2026-08-18 15:47:00,939.89,939.96,938.08,938.72,65000
2026-08-18 15:48:00,938.72,939.66,938.54,938.98,48826
2026-08-18 15:49:00,939.11,939.67,938.61,939.5,52746
2026-08-18 15:50:00,939.69,943.0,939.69,940.92,139111
2026-08-18 15:51:00,941.0,941.64,940.26,941.22,61619
2026-08-18 15:52:00,941.26,941.53,940.5,941.12,56071
2026-08-18 15:53:00,940.95,940.95,939.12,940.34,123400
2026-08-18 15:54:00,940.44,941.0,938.01,940.51,107345
2026-08-18 15:55:00,940.52,941.07,934.61,938.59,175312
2026-08-18 15:56:00,938.43,940.67,938.0,940.54,104612
2026-08-18 15:57:00,940.54,941.88,939.09,941.62,153829
2026-08-18 15:58:00,941.61,942.57,940.62,942.48,176826
2026-08-18 15:59:00,942.52,943.0,940.0,941.49,394373
2026-08-18 16:00:00,941.51,941.76,938.6,939.0,2434371
2026-08-18 16:01:00,938.65,938.86,937.23,938.51,7991
2026-08-18 16:02:00,938.76,938.86,938.0,938.43,7113
2026-08-18 16:03:00,938.8,939.01,937.63,937.9,6491
2026-08-18 16:04:00,937.98,940.8,937.98,939.89,5827
2026-08-18 16:05:00,939.92,939.92,938.56,938.6,2095
2026-08-18 16:06:00,938.5,938.76,936.81,938.48,13845
2026-08-18 16:07:00,937.87,937.87,937.0,937.58,3226
2026-08-18 16:08:00,937.52,938.0,937.15,938.0,1644
2026-08-18 16:09:00,938.0,938.38,937.99,938.37,393
2026-08-18 16:10:00,938.13,938.76,937.75,938.5,1801
2026-08-18 16:11:00,937.91,938.8,937.91,938.69,1854
2026-08-18 16:12:00,938.81,939.0,937.89,938.0,6194
2026-08-18 16:13:00,937.9,938.75,937.75,938.2,1791
2026-08-18 16:14:00,938.08,938.64,938.08,938.38,795
2026-08-18 16:15:00,938.29,938.63,938.29,938.52,495
2026-08-18 16:16:00,938.26,938.4,938.18,938.25,691
2026-08-18 16:17:00,938.35,938.35,937.9,938.03,1239
2026-08-18 16:18:00,938.0,938.02,937.06,937.06,3218
2026-08-18 16:19:00,937.11,937.45,937.05,937.09,1835
2026-08-18 16:20:00,937.15,938.45,937.15,938.05,507
2026-08-18 16:21:00,938.61,938.61,937.28,937.51,1617
2026-08-18 16:22:00,937.16,937.86,937.16,937.86,1726
2026-08-18 16:23:00,937.99,937.99,937.5,937.5,648
2026-08-18 16:24:00,937.2,937.66,937.2,937.66,2510
2026-08-18 16:25:00,938.0,938.0,937.73,938.0,956
2026-08-18 16:26:00,938.0,939.0,938.0,939.0,1691
2026-08-18 16:27:00,939.0,939.5,938.65,939.5,458
2026-08-18 16:28:00,939.5,939.5,939.2,939.5,1060
2026-08-18 16:29:00,939.7,939.88,939.5,939.85,2740
2026-08-18 16:30:00,939.79,939.8,939.5,939.63,1087
2026-08-18 16:31:00,939.73,939.79,939.61,939.61,631
2026-08-18 16:32:00,939.7,939.93,939.62,939.63,1976
2026-08-18 16:33:00,939.67,939.8,939.25,939.4,2252
2026-08-18 16:34:00,939.5,940.0,939.5,940.0,4226
2026-08-18 16:35:00,940.05,940.05,939.79,939.85,998
2026-08-18 16:36:00,939.8,940.0,939.26,939.26,1407
2026-08-18 16:37:00,939.99,939.99,939.6,939.6,1098
2026-08-18 16:38:00,939.78,939.78,939.55,939.6,1100
2026-08-18 16:39:00,939.9,939.93,939.77,939.77,190
2026-08-18 16:40:00,939.91,939.91,939.5,939.5,606
2026-08-18 16:41:00,939.5,939.7,939.32,939.7,630
2026-08-18 16:42:00,939.95,939.95,939.3,939.3,850
2026-08-18 16:43:00,939.78,939.87,939.78,939.87,358
2026-08-18 16:44:00,939.68,939.95,939.3,939.5,1315
2026-08-18 16:45:00,939.95,939.95,939.33,939.33,150
2026-08-18 16:46:00,939.33,939.33,939.25,939.25,130
2026-08-18 16:47:00,939.25,939.35,938.5,938.5,3867
2026-08-18 16:48:00,939.15,939.19,938.5,938.68,1729
2026-08-18 16:49:00,938.68,938.68,938.5,938.5,824
2026-08-18 16:50:00,938.5,938.86,938.5,938.67,3258
2026-08-18 16:51:00,938.81,939.0,938.67,939.0,840
2026-08-18 16:52:00,939.0,939.0,938.5,938.62,1449
2026-08-18 16:53:00,938.66,939.0,938.66,939.0,202
2026-08-18 16:54:00,939.0,939.0,939.0,939.0,0
2026-08-18 16:55:00,938.69,938.96,938.69,938.96,240
2026-08-18 16:56:00,939.18,939.4,939.05,939.14,385
2026-08-18 16:57:00,938.87,939.0,938.58,938.58,1608
2026-08-18 16:58:00,938.6,938.6,938.5,938.6,1152
2026-08-18 16:59:00,938.66,939.0,938.5,939.0,2580
2026-08-18 17:00:00,938.58,938.77,938.58,938.7,1395
2026-08-18 17:01:00,938.58,938.58,937.37,937.99,28983
2026-08-18 17:02:00,938.0,938.0,937.51,937.51,370
2026-08-18 17:03:00,937.92,938.0,937.57,937.57,640
2026-08-18 17:04:00,937.55,937.97,937.2,937.2,1687
2026-08-18 17:05:00,937.13,937.2,937.09,937.12,1503
2026-08-18 17:06:00,937.09,937.34,937.09,937.09,1694
2026-08-18 17:07:00,937.09,937.5,937.0,937.5,2888
2026-08-18 17:08:00,937.2,937.75,937.2,937.48,361
2026-08-18 17:09:00,937.5,937.6,937.3,937.3,1638
2026-08-18 17:10:00,937.19,937.3,937.11,937.11,175
2026-08-18 17:11:00,937.21,937.76,937.1,937.5,5765
2026-08-18 17:12:00,937.5,937.5,937.5,937.5,0
2026-08-18 17:13:00,937.12,938.44,937.12,938.41,971
2026-08-18 17:14:00,938.33,938.49,937.15,937.15,1366
2026-08-18 17:15:00,937.47,938.4,937.47,937.58,334
2026-08-18 17:16:00,937.5,937.5,937.5,937.5,40
2026-08-18 17:17:00,937.2,937.25,937.2,937.25,587
2026-08-18 17:18:00,937.1,937.4,937.1,937.2,648
2026-08-18 17:19:00,937.36,937.36,937.35,937.35,380
2026-08-18 17:20:00,937.35,937.98,937.35,937.35,691
2026-08-18 17:21:00,937.76,937.8,937.6,937.6,965
2026-08-18 17:22:00,937.32,937.32,937.32,937.32,183
2026-08-18 17:23:00,937.35,937.6,937.35,937.46,1020
2026-08-18 17:24:00,937.7,937.7,937.7,937.7,545
2026-08-18 17:25:00,937.35,937.81,937.35,937.7,693
2026-08-18 17:26:00,937.34,937.87,937.25,937.25,314
2026-08-18 17:27:00,937.87,938.0,937.21,937.21,370
2026-08-18 17:28:00,937.48,937.48,937.21,937.21,942
2026-08-18 17:29:00,937.27,937.4,937.21,937.4,795
2026-08-18 17:30:00,937.3,937.41,937.3,937.3,349
2026-08-18 17:31:00,937.95,937.95,937.31,937.35,1421
2026-08-18 17:32:00,937.46,937.46,937.3,937.3,489
2026-08-18 17:33:00,937.22,937.27,937.02,937.09,3644
2026-08-18 17:34:00,937.09,937.16,937.0,937.15,3052
2026-08-18 17:35:00,937.09,937.2,937.09,937.2,732
2026-08-18 17:36:00,937.09,937.14,937.09,937.14,363
2026-08-18 17:37:00,937.09,937.47,937.09,937.11,656
2026-08-18 17:38:00,937.11,937.11,937.07,937.09,814
2026-08-18 17:39:00,937.09,937.13,937.07,937.07,470
2026-08-18 17:40:00,937.09,937.13,937.0,937.1,3803
2026-08-18 17:41:00,937.14,937.14,937.09,937.09,330
2026-08-18 17:42:00,937.17,937.17,937.09,937.09,970
2026-08-18 17:43:00,937.09,937.09,937.09,937.09,204
2026-08-18 17:44:00,937.03,937.3,937.01,937.25,1112
2026-08-18 17:45:00,937.25,937.25,937.25,937.25,165
2026-08-18 17:46:00,937.27,937.27,937.27,937.27,170
2026-08-18 17:47:00,937.27,937.27,936.81,937.0,32606
2026-08-18 17:48:00,937.0,937.01,937.0,937.0,350
2026-08-18 17:49:00,937.01,937.1,937.0,937.1,583
2026-08-18 17:50:00,937.0,937.53,937.0,937.53,666
2026-08-18 17:51:00,937.39,938.0,937.39,937.72,332
2026-08-18 17:52:00,937.51,937.51,937.51,937.51,403
2026-08-18 17:53:00,937.3,937.63,937.3,937.63,165
2026-08-18 17:54:00,937.51,937.79,937.0,937.32,804
2026-08-18 17:55:00,937.09,937.15,936.93,937.05,678
2026-08-18 17:56:00,936.67,936.67,936.5,936.5,1410
2026-08-18 17:57:00,936.5,936.5,936.3,936.4,1889
2026-08-18 17:58:00,936.36,936.5,936.36,936.5,150
2026-08-18 17:59:00,936.5,936.5,936.39,936.39,1789
2026-08-18 18:00:00,937.05,937.05,936.5,936.5,1182
2026-08-18 18:01:00,937.0,937.0,937.0,937.0,175
2026-08-18 18:02:00,936.5,936.74,936.21,936.21,1672
2026-08-18 18:03:00,936.55,937.07,936.51,936.51,728
2026-08-18 18:04:00,936.9,937.13,936.9,937.0,467
2026-08-18 18:05:00,937.17,937.6,936.9,937.6,1512
2026-08-18 18:06:00,937.6,937.62,937.3,937.56,3379
2026-08-18 18:07:00,937.51,937.6,937.5,937.6,1360
2026-08-18 18:08:00,937.6,938.19,937.6,938.19,2966
2026-08-18 18:09:00,938.4,938.4,938.0,938.3,489
2026-08-18 18:10:00,938.29,938.5,938.0,938.0,697
2026-08-18 18:11:00,937.85,937.85,937.4,937.4,2167
2026-08-18 18:12:00,937.4,938.0,937.4,938.0,973
2026-08-18 18:13:00,937.74,937.75,937.71,937.71,406
2026-08-18 18:14:00,937.71,937.71,937.71,937.71,0
2026-08-18 18:15:00,937.95,938.37,937.95,938.0,494
2026-08-18 18:16:00,937.81,938.43,937.8,938.43,539
2026-08-18 18:17:00,937.8,939.02,937.8,939.02,1334
2026-08-18 18:18:00,939.01,940.0,939.0,940.0,2266
2026-08-18 18:19:00,939.94,940.4,939.72,940.39,1874
2026-08-18 18:20:00,940.36,940.99,940.36,940.99,2604
2026-08-18 18:21:00,941.0,941.45,940.78,941.2,4505
2026-08-18 18:22:00,941.2,941.2,940.5,940.5,2205
2026-08-18 18:23:00,940.86,940.86,940.54,940.54,395
2026-08-18 18:24:00,940.5,940.95,940.0,940.95,2938
2026-08-18 18:25:00,940.5,941.17,940.5,940.5,3180
2026-08-18 18:26:00,940.57,940.8,940.5,940.5,5218
2026-08-18 18:27:00,940.65,941.2,940.5,941.2,5909
2026-08-18 18:28:00,940.79,941.0,940.01,940.16,1327
2026-08-18 18:29:00,940.34,941.0,939.67,940.23,23800
2026-08-18 18:30:00,939.83,940.5,939.65,939.8,1203
2026-08-18 18:31:00,939.82,939.94,939.65,939.85,3536
2026-08-18 18:32:00,939.83,939.94,939.65,939.94,2579
2026-08-18 18:33:00,939.76,940.0,939.65,939.94,1605
2026-08-18 18:34:00,939.89,939.89,939.65,939.65,150
2026-08-18 18:35:00,939.65,939.71,939.65,939.71,505
2026-08-18 18:36:00,939.8,939.8,939.66,939.71,392
2026-08-18 18:37:00,939.71,939.72,938.51,938.51,937
2026-08-18 18:38:00,938.5,938.5,937.69,937.69,982
2026-08-18 18:39:00,938.0,938.0,937.0,937.6,1751
2026-08-18 18:40:00,936.23,936.88,936.23,936.88,731
2026-08-18 18:41:00,936.79,939.3,936.6,937.01,24801
2026-08-18 18:42:00,937.11,937.5,937.01,937.5,469
2026-08-18 18:43:00,938.0,938.0,937.02,937.5,1956
2026-08-18 18:44:00,937.5,937.5,936.25,936.54,1374
2026-08-18 18:45:00,936.8,937.2,936.55,936.55,920
2026-08-18 18:46:00,936.54,936.54,935.99,935.99,1896
2026-08-18 18:47:00,935.99,936.3,935.72,936.15,1891
2026-08-18 18:48:00,936.21,936.25,935.66,935.74,1014
2026-08-18 18:49:00,935.74,935.74,935.58,935.58,3706
2026-08-18 18:50:00,935.58,935.71,935.58,935.71,4999
2026-08-18 18:51:00,935.58,935.8,935.5,935.7,4142
2026-08-18 18:52:00,935.94,936.1,935.7,936.0,1491
2026-08-18 18:53:00,935.73,935.74,933.87,933.87,6003
2026-08-18 18:54:00,933.0,933.04,932.49,932.52,1878
2026-08-18 18:55:00,932.5,932.73,931.5,932.04,3197
2026-08-18 18:56:00,932.15,932.5,932.0,932.13,1615
2026-08-18 18:57:00,932.02,932.34,931.7,931.97,1722
2026-08-18 18:58:00,931.73,931.75,930.1,930.1,4114
2026-08-18 18:59:00,930.1,930.5,929.21,929.21,7333
2026-08-18 19:00:00,929.0,930.37,928.07,928.6,5028
2026-08-18 19:01:00,928.2,929.99,928.2,929.93,1633
2026-08-18 19:02:00,929.02,930.1,929.0,929.5,2501
2026-08-18 19:03:00,930.49,930.49,929.49,929.59,2284
2026-08-18 19:04:00,930.0,931.4,930.0,931.0,2834
2026-08-18 19:05:00,930.6,931.14,929.95,931.14,2602
2026-08-18 19:06:00,930.25,931.5,930.25,931.32,1645
2026-08-18 19:07:00,931.0,932.0,930.5,931.35,1950
2026-08-18 19:08:00,931.63,932.5,931.63,932.42,2027
2026-08-18 19:09:00,932.5,932.91,932.0,932.25,3155
2026-08-18 19:10:00,932.4,932.7,932.0,932.01,2529
2026-08-18 19:11:00,932.33,932.33,931.1,932.0,1388
2026-08-18 19:12:00,932.72,933.89,932.6,933.89,2795
2026-08-18 19:13:00,933.94,933.96,933.7,933.7,1688
2026-08-18 19:14:00,933.7,933.9,932.81,933.08,2447
2026-08-18 19:15:00,933.11,933.11,932.0,932.0,1072
2026-08-18 19:16:00,931.69,932.0,931.25,932.0,984
2026-08-18 19:17:00,932.0,933.0,932.0,932.51,303
2026-08-18 19:18:00,932.6,933.55,932.6,933.55,1865
2026-08-18 19:19:00,933.5,933.5,932.93,933.32,1469
2026-08-18 19:20:00,933.11,933.12,932.5,933.0,1747
2026-08-18 19:21:00,933.17,933.5,933.05,933.5,870
2026-08-18 19:22:00,933.64,936.13,933.64,935.5,3254
2026-08-18 19:23:00,935.5,936.0,934.57,935.0,959
2026-08-18 19:24:00,934.5,934.99,934.5,934.5,2026
2026-08-18 19:25:00,934.9,934.9,934.04,934.06,644
2026-08-18 19:26:00,934.2,934.66,934.19,934.65,1190
2026-08-18 19:27:00,934.17,934.92,934.17,934.73,835
2026-08-18 19:28:00,934.4,934.9,934.0,934.9,6603
2026-08-18 19:29:00,934.9,934.9,934.0,934.5,394
2026-08-18 19:30:00,934.23,934.6,934.0,934.03,5427
2026-08-18 19:31:00,933.5,933.5,933.0,933.01,1170
2026-08-18 19:32:00,933.0,933.41,932.75,933.0,1220
2026-08-18 19:33:00,933.0,933.0,931.71,931.71,1030
2026-08-18 19:34:00,931.71,931.98,931.25,931.63,2935
2026-08-18 19:35:00,931.7,931.7,931.25,931.25,1187
2026-08-18 19:36:00,931.28,931.28,930.5,930.5,1685
2026-08-18 19:37:00,930.3,931.0,930.16,930.99,1372
2026-08-18 19:38:00,930.65,930.9,930.01,930.01,2559
2026-08-18 19:39:00,930.0,930.19,929.26,930.0,2751
2026-08-18 19:40:00,930.2,930.63,929.49,929.8,1487
2026-08-18 19:41:00,930.01,930.89,929.99,930.5,1081
2026-08-18 19:42:00,930.06,931.04,930.06,930.81,2606
2026-08-18 19:43:00,931.5,931.85,930.73,931.09,1079
2026-08-18 19:44:00,931.1,932.0,931.1,931.94,1030
2026-08-18 19:45:00,932.0,932.0,931.44,931.44,545
2026-08-18 19:46:00,931.03,931.68,930.99,931.68,547
2026-08-18 19:47:00,931.0,931.5,930.4,931.5,982
2026-08-18 19:48:00,931.36,931.37,930.25,930.26,2665
2026-08-18 19:49:00,930.43,930.5,930.12,930.18,1958
2026-08-18 19:50:00,930.05,930.06,929.13,929.18,2558
2026-08-18 19:51:00,929.31,930.83,929.31,930.7,3085
2026-08-18 19:52:00,930.7,931.0,930.01,930.76,5835
2026-08-18 19:53:00,931.0,931.29,930.56,931.12,1849
2026-08-18 19:54:00,931.02,931.99,930.83,931.36,1907
2026-08-18 19:55:00,931.62,932.28,931.54,932.01,3303
2026-08-18 19:56:00,932.01,932.98,932.01,932.75,1745
2026-08-18 19:57:00,932.75,932.95,932.0,932.0,2624
2026-08-18 19:58:00,932.0,932.28,932.0,932.28,1493
2026-08-18 19:59:00,932.16,932.5,931.28,932.5,6157
