time_et,open,high,low,close,volume
2026-07-24 04:00:00,206.59,208.76,206.1127,207.4925,0
2026-07-24 04:01:00,207.35,207.82,206.1,206.29,0
2026-07-24 04:02:00,207.35,207.39,206.3,207.25,0
2026-07-24 04:03:00,207.293,207.383,206.23,207.24,0
2026-07-24 04:04:00,207.1087,207.488,207.1087,207.488,0
2026-07-24 04:05:00,207.293,207.293,206.8,207.0,0
2026-07-24 04:06:00,207.0,207.73,206.14,206.49,0
2026-07-24 04:07:00,207.03,207.15,206.96,207.1425,0
2026-07-24 04:08:00,207.1,207.2388,207.08,207.1327,0
2026-07-24 04:09:00,207.15,207.23,207.095,207.13,0
2026-07-24 04:10:00,207.1,207.3,207.1,207.3,0
2026-07-24 04:11:00,207.16,207.23,207.02,207.02,0
2026-07-24 04:12:00,207.02,207.1352,206.95,206.97,0
2026-07-24 04:13:00,206.98,207.02,206.98,207.0,0
2026-07-24 04:14:00,207.02,207.3885,206.942,207.09,0
2026-07-24 04:15:00,207.0,207.1642,206.9515,207.0101,0
2026-07-24 04:16:00,207.0432,207.3212,207.0267,207.3212,0
2026-07-24 04:17:00,207.15,207.3988,207.15,207.23,0
2026-07-24 04:18:00,207.29,207.29,207.0,207.2192,0
2026-07-24 04:19:00,207.0,207.1802,207.0,207.0,0
2026-07-24 04:20:00,207.08,207.08,207.0,207.0,0
2026-07-24 04:21:00,207.18,207.18,207.1025,207.12,0
2026-07-24 04:22:00,207.2988,207.3,207.1,207.293,0
2026-07-24 04:23:00,207.16,207.29,207.0075,207.0075,0
2026-07-24 04:24:00,207.3,207.3,207.007,207.08,0
2026-07-24 04:25:00,207.06,207.2925,207.0,207.28,0
2026-07-24 04:26:00,207.02,207.293,207.0062,207.1532,0
2026-07-24 04:27:00,207.2925,207.2925,207.0062,207.0062,0
2026-07-24 04:28:00,207.14,207.2437,207.0062,207.23,0
2026-07-24 04:29:00,207.21,207.36,207.21,207.3271,0
2026-07-24 04:30:00,207.39,207.4,207.23,207.37,0
2026-07-24 04:31:00,207.4835,207.4835,207.2367,207.45,0
2026-07-24 04:32:00,207.4802,207.5988,207.4,207.485,0
2026-07-24 04:33:00,207.5988,207.5988,207.52,207.522,0
2026-07-24 04:34:00,207.595,207.6,207.55,207.59,0
2026-07-24 04:35:00,207.51,207.55,207.31,207.5365,0
2026-07-24 04:36:00,207.5365,207.6256,207.023,207.6,0
2026-07-24 04:37:00,207.64,207.72,207.615,207.7,0
2026-07-24 04:38:00,207.675,207.73,207.51,207.7,0
2026-07-24 04:39:00,207.65,207.71,207.51,207.65,0
2026-07-24 04:40:00,207.6952,207.6952,207.682,207.69,0
2026-07-24 04:41:00,207.5486,207.6757,207.51,207.58,0
2026-07-24 04:42:00,207.59,207.645,207.5147,207.645,0
2026-07-24 04:43:00,207.58,207.58,207.51,207.55,0
2026-07-24 04:44:00,207.5616,207.6952,207.5145,207.5145,0
2026-07-24 04:45:00,207.5587,207.6952,207.5147,207.5533,0
2026-07-24 04:46:00,207.59,207.67,207.575,207.67,0
2026-07-24 04:47:00,207.59,207.6927,207.39,207.6927,0
2026-07-24 04:48:00,207.7,207.7,207.48,207.485,0
2026-07-24 04:49:00,207.692,207.6988,207.388,207.6988,0
2026-07-24 04:50:00,207.52,207.6937,207.52,207.6935,0
2026-07-24 04:51:00,207.41,207.6,207.35,207.495,0
2026-07-24 04:52:00,207.37,207.69,207.3012,207.3012,0
2026-07-24 04:53:00,207.7,207.7,207.34,207.37,0
2026-07-24 04:54:00,207.535,207.6,207.3075,207.37,0
2026-07-24 04:55:00,207.44,207.5,207.32,207.5,0
2026-07-24 04:56:00,207.5945,207.5988,207.3555,207.3555,0
2026-07-24 04:57:00,207.3555,207.5,207.3555,207.5,0
2026-07-24 04:58:00,207.584,207.6242,207.356,207.4057,0
2026-07-24 04:59:00,207.4012,207.6288,207.4012,207.45,0
2026-07-24 05:00:00,207.46,207.66,207.45,207.66,0
2026-07-24 05:01:00,207.6252,207.6252,207.4642,207.6,0
2026-07-24 05:02:00,207.56,207.6,207.465,207.56,0
2026-07-24 05:03:00,207.55,207.66,207.4747,207.63,0
2026-07-24 05:04:00,207.61,207.6547,207.4052,207.47,0
2026-07-24 05:05:00,207.47,207.66,207.47,207.57,0
2026-07-24 05:06:00,207.53,207.5852,207.46,207.5852,0
2026-07-24 05:07:00,207.4045,207.69,207.4045,207.69,0
2026-07-24 05:08:00,207.7,207.795,207.6025,207.71,0
2026-07-24 05:09:00,207.67,207.94,207.67,207.935,0
2026-07-24 05:10:00,207.98,208.03,207.9,208.0,0
2026-07-24 05:11:00,208.0988,208.0988,207.9033,207.92,0
2026-07-24 05:12:00,208.0801,208.0801,207.85,207.8997,0
2026-07-24 05:13:00,207.89,207.9388,207.511,207.92,0
2026-07-24 05:14:00,207.8,207.9,207.51,207.7925,0
2026-07-24 05:15:00,207.7988,207.8,207.71,207.71,0
2026-07-24 05:16:00,207.8022,207.8688,207.6052,207.8022,0
2026-07-24 05:17:00,207.81,207.81,207.68,207.68,0
2026-07-24 05:18:00,207.7888,207.7888,207.63,207.72,0
2026-07-24 05:19:00,207.7925,207.7925,207.5075,207.5075,0
2026-07-24 05:20:00,207.8932,207.8932,207.75,207.75,0
2026-07-24 05:21:00,207.65,207.76,207.65,207.705,0
2026-07-24 05:22:00,207.72,207.85,207.655,207.655,0
2026-07-24 05:23:00,207.72,207.86,207.72,207.86,0
2026-07-24 05:24:00,207.79,208.1,207.79,207.99,0
2026-07-24 05:25:00,208.01,208.22,208.0025,208.15,0
2026-07-24 05:26:00,208.0,208.19,208.0,208.1855,0
2026-07-24 05:27:00,208.04,208.1765,208.0194,208.15,0
2026-07-24 05:28:00,208.11,208.1862,208.0581,208.1862,0
2026-07-24 05:29:00,208.15,208.28,208.13,208.274,0
2026-07-24 05:30:00,208.2642,208.2642,208.04,208.14,0
2026-07-24 05:31:00,208.16,208.276,208.12,208.15,0
2026-07-24 05:32:00,208.18,208.28,208.14,208.27,0
2026-07-24 05:33:00,208.22,208.377,208.22,208.29,0
2026-07-24 05:34:00,208.28,208.32,208.25,208.2568,0
2026-07-24 05:35:00,208.2532,208.3767,208.11,208.2727,0
2026-07-24 05:36:00,208.28,208.3188,208.16,208.3188,0
2026-07-24 05:37:00,208.2,208.2,208.1,208.2,0
2026-07-24 05:38:00,208.24,208.3188,208.1026,208.1026,0
2026-07-24 05:39:00,208.12,208.2657,208.1,208.1055,0
2026-07-24 05:40:00,208.2936,208.3757,208.1055,208.3,0
2026-07-24 05:41:00,208.26,208.31,208.21,208.21,0
2026-07-24 05:42:00,208.24,208.4488,208.2127,208.4482,0
2026-07-24 05:43:00,208.35,208.47,208.216,208.47,0
2026-07-24 05:44:00,208.47,208.5,208.4509,208.5,0
2026-07-24 05:45:00,208.47,208.4975,208.4,208.4975,0
2026-07-24 05:46:00,208.4988,208.4988,208.4,208.42,0
2026-07-24 05:47:00,208.4012,208.4487,208.35,208.35,0
2026-07-24 05:48:00,208.44,208.44,208.2732,208.4,0
2026-07-24 05:49:00,208.35,208.3849,208.2712,208.2992,0
2026-07-24 05:50:00,208.3,208.3,208.27,208.2988,0
2026-07-24 05:51:00,208.2706,208.3,208.27,208.3,0
2026-07-24 05:52:00,208.1557,208.38,208.1557,208.24,0
2026-07-24 05:53:00,208.15,208.4488,208.15,208.15,0
2026-07-24 05:54:00,208.4425,208.4425,208.15,208.4425,0
2026-07-24 05:55:00,208.1982,208.2,208.15,208.15,0
2026-07-24 05:56:00,208.1718,208.4132,208.1512,208.2001,0
2026-07-24 05:57:00,208.35,208.4437,208.2,208.21,0
2026-07-24 05:58:00,208.2,208.32,208.2,208.2062,0
2026-07-24 05:59:00,208.25,208.4488,208.22,208.4442,0
2026-07-24 06:00:00,208.33,208.3957,208.2,208.2,0
2026-07-24 06:01:00,208.22,208.3988,208.15,208.1562,0
2026-07-24 06:02:00,208.3937,208.3988,208.1012,208.1012,0
2026-07-24 06:03:00,208.184,208.334,208.1078,208.2488,0
2026-07-24 06:04:00,208.12,208.16,208.1,208.16,0
2026-07-24 06:05:00,208.05,208.1,208.05,208.1,0
2026-07-24 06:06:00,208.26,208.26,208.0894,208.23,0
2026-07-24 06:07:00,208.2457,208.2457,207.7172,208.07,0
2026-07-24 06:08:00,207.8755,208.0845,207.875,207.92,0
2026-07-24 06:09:00,207.9937,208.0688,207.856,207.95,0
2026-07-24 06:10:00,208.02,208.02,207.9,207.9,0
2026-07-24 06:11:00,207.95,208.184,207.95,207.96,0
2026-07-24 06:12:00,207.95,208.0767,207.7763,207.95,0
2026-07-24 06:13:00,207.7177,207.95,207.7177,207.77,0
2026-07-24 06:14:00,207.805,207.88,207.8,207.88,0
2026-07-24 06:15:00,207.81,207.9962,207.81,207.85,0
2026-07-24 06:16:00,207.905,207.95,207.8267,207.85,0
2026-07-24 06:17:00,207.92,207.92,207.8616,207.9,0
2026-07-24 06:18:00,207.8512,207.9,207.802,207.88,0
2026-07-24 06:19:00,207.86,207.9688,207.8,207.9688,0
2026-07-24 06:20:00,207.97,207.97,207.82,207.83,0
2026-07-24 06:21:00,207.83,208.0,207.8,208.0,0
2026-07-24 06:22:00,207.83,208.0,207.805,207.805,0
2026-07-24 06:23:00,207.9,208.0,207.805,207.9107,0
2026-07-24 06:24:00,207.84,207.95,207.84,207.95,0
2026-07-24 06:25:00,207.95,207.95,207.7112,207.7112,0
2026-07-24 06:26:00,207.8,207.9849,207.78,207.85,0
2026-07-24 06:27:00,207.9952,207.9952,207.82,207.82,0
2026-07-24 06:28:00,208.0,208.0,207.8245,207.8947,0
2026-07-24 06:29:00,207.89,207.9927,207.89,207.9927,0
2026-07-24 06:30:00,207.9732,207.9732,207.88,207.88,0
2026-07-24 06:31:00,207.9157,207.92,207.9,207.92,0
2026-07-24 06:32:00,207.88,207.9732,207.766,207.9,0
2026-07-24 06:33:00,208.0,208.0,208.0,208.0,0
2026-07-24 06:34:00,208.0,208.0,207.94,207.94,0
2026-07-24 06:35:00,207.8,207.9732,207.77,207.87,0
2026-07-24 06:36:00,207.7287,207.88,207.71,207.71,0
2026-07-24 06:37:00,207.7297,207.9342,207.52,207.73,0
2026-07-24 06:38:00,207.5912,207.78,207.5757,207.71,0
2026-07-24 06:39:00,207.8188,207.8788,207.7332,207.8788,0
2026-07-24 06:40:00,207.7437,207.88,207.73,207.744,0
2026-07-24 06:41:00,207.7551,208.0,207.7551,207.9738,0
2026-07-24 06:42:00,207.9864,207.9988,207.8433,207.87,0
2026-07-24 06:43:00,207.915,207.915,207.83,207.84,0
2026-07-24 06:44:00,207.86,207.9988,207.7412,207.86,0
2026-07-24 06:45:00,207.7465,207.86,207.7465,207.86,0
2026-07-24 06:46:00,207.85,207.92,207.74,207.7867,0
2026-07-24 06:47:00,207.94,207.9935,207.74,207.9935,0
2026-07-24 06:48:00,207.99,208.07,207.84,208.058,0
2026-07-24 06:49:00,208.03,208.04,207.8412,207.8412,0
2026-07-24 06:50:00,207.92,208.0662,207.92,207.95,0
2026-07-24 06:51:00,207.98,208.002,207.98,207.98,0
2026-07-24 06:52:00,207.8473,208.0388,207.84,208.0388,0
2026-07-24 06:53:00,208.02,208.02,207.8412,207.97,0
2026-07-24 06:54:00,208.03,208.07,207.95,208.07,0
2026-07-24 06:55:00,207.93,207.93,207.93,207.93,0
2026-07-24 06:56:00,207.86,208.0588,207.86,207.88,0
2026-07-24 06:57:00,207.86,207.92,207.86,207.92,0
2026-07-24 06:58:00,207.94,208.0642,207.94,208.0642,0
2026-07-24 06:59:00,207.875,207.95,207.87,207.95,0
2026-07-24 07:00:00,207.93,208.07,207.87,208.0,0
2026-07-24 07:01:00,208.05,208.2,208.0,208.14,0
2026-07-24 07:02:00,208.0,208.19,208.0,208.1,0
2026-07-24 07:03:00,208.1,208.18,208.0,208.095,0
2026-07-24 07:04:00,208.18,208.18,208.0142,208.08,0
2026-07-24 07:05:00,208.08,208.1,208.01,208.08,0
2026-07-24 07:06:00,208.1,208.1,208.01,208.03,0
2026-07-24 07:07:00,208.0512,208.3194,208.05,208.3194,0
2026-07-24 07:08:00,208.32,208.32,208.131,208.1812,0
2026-07-24 07:09:00,208.18,208.34,208.18,208.34,0
2026-07-24 07:10:00,208.3,208.3,208.07,208.17,0
2026-07-24 07:11:00,208.1985,208.26,208.141,208.26,0
2026-07-24 07:12:00,208.32,208.32,208.22,208.2845,0
2026-07-24 07:13:00,208.2648,208.3,208.2,208.2,0
2026-07-24 07:14:00,208.2011,208.25,208.1505,208.202,0
2026-07-24 07:15:00,208.25,208.25,208.19,208.25,0
2026-07-24 07:16:00,208.21,208.2988,208.2,208.2307,0
2026-07-24 07:17:00,208.2472,208.44,208.2472,208.4121,0
2026-07-24 07:18:00,208.4,208.44,208.26,208.4153,0
2026-07-24 07:19:00,208.31,208.49,208.26,208.3,0
2026-07-24 07:20:00,208.34,208.34,208.26,208.33,0
2026-07-24 07:21:00,208.33,208.39,208.21,208.2233,0
2026-07-24 07:22:00,208.27,208.3888,208.22,208.31,0
2026-07-24 07:23:00,208.31,208.325,208.25,208.25,0
2026-07-24 07:24:00,208.29,208.38,208.2701,208.302,0
2026-07-24 07:25:00,208.3676,208.38,208.25,208.31,0
2026-07-24 07:26:00,208.2701,208.38,208.25,208.2877,0
2026-07-24 07:27:00,208.2,208.29,208.14,208.25,0
2026-07-24 07:28:00,208.2154,208.29,208.1939,208.2394,0
2026-07-24 07:29:00,208.2,208.32,208.2,208.24,0
2026-07-24 07:30:00,208.25,208.3788,208.25,208.31,0
2026-07-24 07:31:00,208.3682,208.37,208.25,208.29,0
2026-07-24 07:32:00,208.25,208.2975,208.0494,208.135,0
2026-07-24 07:33:00,208.1965,208.1965,208.06,208.06,0
2026-07-24 07:34:00,208.13,208.13,208.0232,208.1,0
2026-07-24 07:35:00,208.1,208.13,208.02,208.04,0
2026-07-24 07:36:00,208.09,208.27,208.04,208.185,0
2026-07-24 07:37:00,208.34,208.34,208.15,208.2,0
2026-07-24 07:38:00,208.2,208.2,208.15,208.19,0
2026-07-24 07:39:00,208.1577,208.25,208.15,208.2287,0
2026-07-24 07:40:00,208.19,208.32,208.18,208.3,0
2026-07-24 07:41:00,208.3,208.4411,208.23,208.37,0
2026-07-24 07:42:00,208.355,208.43,208.355,208.39,0
2026-07-24 07:43:00,208.38,208.41,208.325,208.39,0
2026-07-24 07:44:00,208.36,208.43,208.31,208.41,0
2026-07-24 07:45:00,208.3779,208.4,208.31,208.4,0
2026-07-24 07:46:00,208.39,208.4,208.28,208.2825,0
2026-07-24 07:47:00,208.29,208.3775,208.25,208.25,0
2026-07-24 07:48:00,208.25,208.28,208.2,208.202,0
2026-07-24 07:49:00,208.24,208.305,208.2,208.26,0
2026-07-24 07:50:00,208.26,208.38,208.21,208.31,0
2026-07-24 07:51:00,208.3442,208.3442,208.21,208.21,0
2026-07-24 07:52:00,208.27,208.36,208.25,208.2532,0
2026-07-24 07:53:00,208.31,208.31,208.2118,208.2778,0
2026-07-24 07:54:00,208.2785,208.3,208.22,208.26,0
2026-07-24 07:55:00,208.22,208.25,208.0235,208.16,0
2026-07-24 07:56:00,208.11,208.12,208.0245,208.0417,0
2026-07-24 07:57:00,208.0783,208.1491,208.0407,208.0409,0
2026-07-24 07:58:00,208.1,208.54,208.0412,208.5,0
2026-07-24 07:59:00,208.54,208.75,208.4001,208.6596,0
2026-07-24 08:00:00,208.37,208.64,208.2,208.572,0
2026-07-24 08:01:00,208.5,208.5815,208.2012,208.3268,0
2026-07-24 08:02:00,208.4,208.4,208.16,208.4,0
2026-07-24 08:03:00,208.3005,208.4,208.11,208.19,0
2026-07-24 08:04:00,208.3,208.38,208.19,208.26,0
2026-07-24 08:05:00,208.2603,208.37,208.1612,208.255,0
2026-07-24 08:06:00,208.25,208.42,208.1912,208.315,0
2026-07-24 08:07:00,208.32,208.49,208.3,208.49,0
2026-07-24 08:08:00,208.43,208.49,208.38,208.3947,0
2026-07-24 08:09:00,208.3947,208.6,208.3947,208.6,0
2026-07-24 08:10:00,208.61,208.71,208.57,208.64,0
2026-07-24 08:11:00,208.68,208.74,208.6359,208.69,0
2026-07-24 08:12:00,208.7188,208.77,208.66,208.72,0
2026-07-24 08:13:00,208.72,208.78,208.65,208.69,0
2026-07-24 08:14:00,208.666,208.99,208.666,208.75,0
2026-07-24 08:15:00,208.835,208.9,208.7856,208.82,0
2026-07-24 08:16:00,208.81,208.89,208.75,208.7813,0
2026-07-24 08:17:00,208.7459,208.78,208.7,208.78,0
2026-07-24 08:18:00,208.78,208.89,208.67,208.7516,0
2026-07-24 08:19:00,208.86,208.86,208.585,208.585,0
2026-07-24 08:20:00,208.6437,208.73,208.433,208.55,0
2026-07-24 08:21:00,208.49,208.6,208.48,208.4812,0
2026-07-24 08:22:00,208.56,208.6,208.48,208.511,0
2026-07-24 08:23:00,208.56,208.59,208.4801,208.52,0
2026-07-24 08:24:00,208.57,208.78,208.57,208.69,0
2026-07-24 08:25:00,208.69,208.76,208.45,208.635,0
2026-07-24 08:26:00,208.68,208.79,208.58,208.686,0
2026-07-24 08:27:00,208.61,208.74,208.545,208.55,0
2026-07-24 08:28:00,208.575,208.6,208.45,208.475,0
2026-07-24 08:29:00,208.48,208.5,208.45,208.4859,0
2026-07-24 08:30:00,208.45,208.4877,208.34,208.43,0
2026-07-24 08:31:00,208.4,208.47,208.323,208.323,0
2026-07-24 08:32:00,208.34,208.45,208.34,208.45,0
2026-07-24 08:33:00,208.42,208.48,208.4012,208.47,0
2026-07-24 08:34:00,208.4665,208.47,208.13,208.3,0
2026-07-24 08:35:00,208.2,208.34,208.15,208.1913,0
2026-07-24 08:36:00,208.26,208.26,208.2,208.26,0
2026-07-24 08:37:00,208.32,208.38,208.2,208.35,0
2026-07-24 08:38:00,208.38,208.38,208.315,208.32,0
2026-07-24 08:39:00,208.38,208.38,208.2,208.2,0
2026-07-24 08:40:00,208.27,208.3,208.2,208.2914,0
2026-07-24 08:41:00,208.2987,208.76,208.15,208.35,0
2026-07-24 08:42:00,208.25,208.35,208.1773,208.23,0
2026-07-24 08:43:00,208.26,208.29,208.1712,208.23,0
2026-07-24 08:44:00,208.23,208.2682,208.16,208.25,0
2026-07-24 08:45:00,208.16,208.29,208.16,208.2107,0
2026-07-24 08:46:00,208.2156,208.27,208.16,208.16,0
2026-07-24 08:47:00,208.18,208.21,208.14,208.1614,0
2026-07-24 08:48:00,208.1688,208.21,208.16,208.16,0
2026-07-24 08:49:00,208.16,208.25,208.16,208.1612,0
2026-07-24 08:50:00,208.16,208.25,208.16,208.21,0
2026-07-24 08:51:00,208.199,208.21,208.155,208.19,0
2026-07-24 08:52:00,208.16,208.2,208.11,208.18,0
2026-07-24 08:53:00,208.18,208.195,208.11,208.145,0
2026-07-24 08:54:00,208.1283,208.185,208.1,208.16,0
2026-07-24 08:55:00,208.16,208.17,208.1,208.1,0
2026-07-24 08:56:00,208.125,208.16,207.91,207.99,0
2026-07-24 08:57:00,207.99,208.0,207.863,207.9481,0
2026-07-24 08:58:00,207.99,208.0,207.9,207.97,0
2026-07-24 08:59:00,207.95,208.02,207.91,207.9822,0
2026-07-24 09:00:00,207.955,208.0,207.91,207.9421,0
2026-07-24 09:01:00,207.9724,208.03,207.9443,207.99,0
2026-07-24 09:02:00,207.975,208.0,207.91,208.0,0
2026-07-24 09:03:00,208.0,208.02,207.91,207.9893,0
2026-07-24 09:04:00,207.9506,208.0,207.95,207.9988,0
2026-07-24 09:05:00,208.0,208.11,207.95,207.975,0
2026-07-24 09:06:00,207.95,207.99,207.89,207.91,0
2026-07-24 09:07:00,207.92,207.92,207.81,207.83,0
2026-07-24 09:08:00,207.81,207.9175,207.81,207.9061,0
2026-07-24 09:09:00,207.84,207.92,207.8225,207.88,0
2026-07-24 09:10:00,207.8517,207.98,207.85,207.94,0
2026-07-24 09:11:00,207.95,207.95,207.89,207.94,0
2026-07-24 09:12:00,207.95,208.0,207.91,208.0,0
2026-07-24 09:13:00,207.9895,208.0,207.9,207.95,0
2026-07-24 09:14:00,207.9,208.0,207.9,207.97,0
2026-07-24 09:15:00,207.9558,208.0,207.925,207.985,0
2026-07-24 09:16:00,207.9707,208.03,207.9,207.9,0
2026-07-24 09:17:00,207.99,208.18,207.95,208.18,0
2026-07-24 09:18:00,208.14,208.1753,208.07,208.1358,0
2026-07-24 09:19:00,208.13,208.15,208.04,208.1,0
2026-07-24 09:20:00,208.09,208.12,208.06,208.1,0
2026-07-24 09:21:00,208.11,208.2,208.04,208.04,0
2026-07-24 09:22:00,208.078,208.08,207.95,208.02,0
2026-07-24 09:23:00,208.02,208.08,207.96,208.0,0
2026-07-24 09:24:00,208.02,208.0793,207.92,208.02,0
2026-07-24 09:25:00,208.06,208.13,207.68,207.7935,0
2026-07-24 09:26:00,207.83,207.9535,207.69,207.85,0
2026-07-24 09:27:00,207.85,207.85,207.0,207.0,0
2026-07-24 09:28:00,207.05,207.54,206.92,207.38,0
2026-07-24 09:29:00,207.35,207.5,207.265,207.45,0
2026-07-24 09:30:00,207.56,207.66,206.73,207.425,2514450
2026-07-24 09:31:00,207.44,207.94,207.14,207.68,409935
2026-07-24 09:32:00,207.76,207.93,207.26,207.7,279839
2026-07-24 09:33:00,207.69,207.855,207.42,207.85,280841
2026-07-24 09:34:00,207.8325,208.25,207.71,208.13,354558
2026-07-24 09:35:00,208.085,208.6,207.9,208.215,426206
2026-07-24 09:36:00,208.215,208.215,207.51,207.52,282316
2026-07-24 09:37:00,207.535,207.725,207.2,207.42,279121
2026-07-24 09:38:00,207.405,207.75,207.0469,207.22,271867
2026-07-24 09:39:00,207.18,207.5,207.02,207.455,247430
2026-07-24 09:40:00,207.4896,207.58,207.2,207.31,253662
2026-07-24 09:41:00,207.3499,207.43,207.02,207.13,205446
2026-07-24 09:42:00,207.13,207.285,206.979,207.2,342676
2026-07-24 09:43:00,207.1947,207.57,207.1235,207.495,240612
2026-07-24 09:44:00,207.5,207.9386,207.47,207.8037,286607
2026-07-24 09:45:00,207.77,208.03,207.5904,207.7,305432
2026-07-24 09:46:00,207.7399,207.97,207.5361,207.925,273795
2026-07-24 09:47:00,207.9201,207.9696,207.43,207.57,274803
2026-07-24 09:48:00,207.57,207.75,207.3831,207.69,251824
2026-07-24 09:49:00,207.6995,208.49,207.67,208.39,464035
2026-07-24 09:50:00,208.385,208.395,207.1538,207.5201,447600
2026-07-24 09:51:00,207.57,207.57,207.02,207.225,242056
2026-07-24 09:52:00,207.2134,207.32,206.73,206.79,309477
2026-07-24 09:53:00,206.78,206.8142,205.99,206.02,561493
2026-07-24 09:54:00,206.02,206.25,205.76,206.04,1112322
2026-07-24 09:55:00,206.0389,206.115,205.67,205.95,340791
2026-07-24 09:56:00,205.9415,206.33,205.725,205.7983,328032
2026-07-24 09:57:00,205.75,206.03,205.75,205.915,225161
2026-07-24 09:58:00,205.915,206.47,205.915,206.1399,290087
2026-07-24 09:59:00,206.105,206.47,206.1,206.2839,185699
2026-07-24 10:00:00,206.29,206.975,206.2301,206.9309,351367
2026-07-24 10:01:00,206.96,207.06,206.76,206.965,371831
2026-07-24 10:02:00,206.98,207.45,206.98,207.22,331576
2026-07-24 10:03:00,207.225,207.46,207.0,207.43,283273
2026-07-24 10:04:00,207.4399,207.5599,206.97,207.14,275077
2026-07-24 10:05:00,207.1999,207.4,207.1301,207.22,181432
2026-07-24 10:06:00,207.2005,207.31,207.0201,207.143,200218
2026-07-24 10:07:00,207.1615,207.62,206.9,207.51,317009
2026-07-24 10:08:00,207.5599,208.01,207.42,207.87,447058
2026-07-24 10:09:00,207.8601,208.18,207.68,208.1,321516
2026-07-24 10:10:00,208.085,208.085,207.7,207.81,241684
2026-07-24 10:11:00,207.805,208.075,207.735,207.94,302752
2026-07-24 10:12:00,207.9201,208.265,207.8601,207.91,231829
2026-07-24 10:13:00,207.91,207.985,207.6701,207.9,206057
2026-07-24 10:14:00,207.91,208.3,207.795,207.91,274226
2026-07-24 10:15:00,207.93,208.03,207.61,207.63,226435
2026-07-24 10:16:00,207.635,207.7985,207.43,207.6599,277877
2026-07-24 10:17:00,207.66,207.68,207.1,207.35,301609
2026-07-24 10:18:00,207.35,207.52,206.7504,206.751,297386
2026-07-24 10:19:00,206.7502,207.12,206.47,207.08,267845
2026-07-24 10:20:00,207.1,207.15,206.66,207.0986,222519
2026-07-24 10:22:00,207.9,207.9585,207.59,207.6999,442881
2026-07-24 10:23:00,207.68,208.35,207.68,208.29,328653
2026-07-24 10:24:00,208.29,208.33,207.9,207.91,211638
2026-07-24 10:25:00,207.94,208.08,207.66,207.8197,210678
2026-07-24 10:26:00,207.825,207.975,207.7,207.925,157796
2026-07-24 10:27:00,207.92,208.21,207.7945,207.915,363298
2026-07-24 10:28:00,207.945,208.0467,207.77,208.0,157667
2026-07-24 10:29:00,207.99,208.23,207.8601,208.11,214579
2026-07-24 10:30:00,208.11,208.11,207.535,207.7008,289731
2026-07-24 10:31:00,207.7699,208.0299,207.75,207.965,249798
2026-07-24 10:32:00,207.965,207.9998,207.54,207.665,184061
2026-07-24 10:33:00,207.665,207.99,207.6125,207.66,213048
2026-07-24 10:34:00,207.68,207.94,207.63,207.7398,183243
2026-07-24 10:35:00,207.745,208.04,207.692,208.02,215590
2026-07-24 10:36:00,208.0001,208.2599,208.0,208.135,265733
2026-07-24 10:37:00,208.14,208.18,207.88,207.98,228207
2026-07-24 10:38:00,208.01,208.09,207.79,207.8,163264
2026-07-24 10:39:00,207.8299,207.968,207.44,207.53,243835
2026-07-24 10:40:00,207.5201,207.615,207.261,207.385,323521
2026-07-24 10:41:00,207.395,207.57,207.1401,207.275,216408
2026-07-24 10:42:00,207.265,207.48,207.111,207.17,230484
2026-07-24 10:43:00,207.175,207.46,207.16,207.36,195869
2026-07-24 10:44:00,207.36,207.69,207.36,207.4701,282603
2026-07-24 10:45:00,207.48,207.5,207.15,207.23,183357
2026-07-24 10:46:00,207.23,207.82,207.1,207.82,815683
2026-07-24 10:47:00,207.8,207.97,207.44,207.5099,258636
2026-07-24 10:48:00,207.48,207.78,207.48,207.705,129540
2026-07-24 10:49:00,207.6998,208.15,207.6901,208.06,296484
2026-07-24 10:50:00,208.0748,208.3,208.025,208.14,267055
2026-07-24 10:51:00,208.1372,208.26,207.88,207.9,176928
2026-07-24 10:52:00,207.92,208.08,207.75,207.77,180300
2026-07-24 10:53:00,207.77,208.155,207.68,208.035,149194
2026-07-24 10:54:00,208.0101,208.115,207.62,207.955,118002
2026-07-24 10:55:00,207.98,208.43,207.9795,208.33,224816
2026-07-24 10:56:00,208.31,208.51,208.26,208.4401,309185
2026-07-24 10:57:00,208.4501,209.02,208.4501,208.97,511365
2026-07-24 10:58:00,208.99,209.29,208.86,209.275,319596
2026-07-24 10:59:00,209.275,209.58,209.27,209.495,321328
2026-07-24 11:00:00,209.52,209.85,209.26,209.835,408141
2026-07-24 11:01:00,209.84,210.0499,209.53,209.54,519224
2026-07-24 11:02:00,209.5,209.77,209.27,209.6,342861
2026-07-24 11:03:00,209.58,209.71,209.24,209.3516,230661
2026-07-24 11:04:00,209.36,209.52,209.01,209.01,189119
2026-07-24 11:05:00,209.015,209.22,208.96,209.13,354921
2026-07-24 11:06:00,209.135,209.4,209.1,209.17,236699
2026-07-24 11:07:00,209.17,209.3135,208.96,209.26,192395
2026-07-24 11:08:00,209.37,209.47,209.05,209.14,181543
2026-07-24 11:09:00,209.15,209.32,208.66,208.7001,233009
2026-07-24 11:10:00,208.71,209.44,208.59,209.33,223243
2026-07-24 11:11:00,209.3,209.84,209.12,209.28,350926
2026-07-24 11:12:00,209.285,209.52,209.09,209.17,146131
2026-07-24 11:13:00,209.175,209.35,209.03,209.1,146833
2026-07-24 11:14:00,209.095,209.88,209.09,209.73,236681
2026-07-24 11:15:00,209.715,210.31,209.61,210.1925,537065
2026-07-24 11:16:00,210.155,210.36,209.97,209.98,253083
2026-07-24 11:17:00,210.0,210.08,209.5645,209.6,190334
2026-07-24 11:18:00,209.59,209.84,209.36,209.56,193528
2026-07-24 11:19:00,209.55,209.7,209.3101,209.4,156013
2026-07-24 11:20:00,209.41,209.82,209.3601,209.67,211627
2026-07-24 11:21:00,209.68,209.8359,209.59,209.6144,172287
2026-07-24 11:22:00,209.6355,209.7,209.45,209.47,134691
2026-07-24 11:23:00,209.46,209.77,209.46,209.655,176104
2026-07-24 11:24:00,209.655,209.75,209.38,209.58,177366
2026-07-24 11:25:00,209.55,209.79,209.55,209.765,114751
2026-07-24 11:26:00,209.8,209.878,209.32,209.33,185284
2026-07-24 11:27:00,209.34,209.58,209.3201,209.51,152087
2026-07-24 11:28:00,209.5,209.7,209.35,209.395,139355
2026-07-24 11:29:00,209.415,209.4546,209.1,209.21,553604
2026-07-24 11:30:00,209.21,209.4,209.1,209.39,222937
2026-07-24 11:31:00,209.4,209.68,209.4,209.6632,181616
2026-07-24 11:32:00,209.65,209.76,209.3184,209.38,476415
2026-07-24 11:33:00,209.38,209.48,209.23,209.275,114523
2026-07-24 11:34:00,209.265,209.4299,209.0955,209.15,139171
2026-07-24 11:35:00,209.13,209.43,209.11,209.425,113612
2026-07-24 11:36:00,209.411,209.47,209.22,209.32,143214
2026-07-24 11:37:00,209.305,209.475,208.98,209.475,187404
2026-07-24 11:38:00,209.455,209.65,209.3201,209.6301,181759
2026-07-24 11:39:00,209.629,209.645,209.5159,209.5491,128056
2026-07-24 11:40:00,209.53,209.855,209.5084,209.62,149233
2026-07-24 11:41:00,209.62,209.69,209.35,209.4102,176808
2026-07-24 11:42:00,209.42,209.55,209.28,209.3701,133239
2026-07-24 11:43:00,209.37,209.42,209.06,209.155,184278
2026-07-24 11:44:00,209.155,209.37,209.155,209.23,241796
2026-07-24 11:45:00,209.24,209.58,209.2301,209.43,216247
2026-07-24 11:46:00,209.435,209.5891,209.395,209.4501,98398
2026-07-24 11:47:00,209.4,209.49,209.27,209.34,86367
2026-07-24 11:48:00,209.33,209.48,209.26,209.4254,122388
2026-07-24 11:49:00,209.41,209.42,209.155,209.17,116310
2026-07-24 11:50:00,209.19,209.52,209.185,209.52,161947
2026-07-24 11:51:00,209.51,209.705,209.49,209.62,131203
2026-07-24 11:52:00,209.61,209.81,209.61,209.65,158341
2026-07-24 11:53:00,209.65,209.9099,209.55,209.83,155315
2026-07-24 11:54:00,209.814,209.9399,209.72,209.81,136400
2026-07-24 11:55:00,209.8,210.07,209.69,209.98,274326
2026-07-24 11:56:00,210.01,210.08,209.9,209.995,155395
2026-07-24 11:57:00,209.99,210.01,209.86,209.88,101532
2026-07-24 11:58:00,209.89,210.1652,209.82,210.14,160971
2026-07-24 11:59:00,210.13,210.31,210.1218,210.181,396160
2026-07-24 12:00:00,210.185,210.22,210.01,210.055,186342
2026-07-24 12:01:00,210.05,210.3,210.04,210.295,189285
2026-07-24 12:02:00,210.33,210.39,210.2,210.2795,2145327
2026-07-24 12:03:00,210.2607,210.63,210.2607,210.565,259112
2026-07-24 12:04:00,210.565,210.9299,210.5,210.8894,376759
2026-07-24 12:05:00,210.8699,211.18,210.81,211.155,410182
2026-07-24 12:06:00,211.165,211.3399,211.01,211.01,257901
2026-07-24 12:07:00,211.0149,211.3476,210.96,211.32,350484
2026-07-24 12:08:00,211.31,211.38,211.09,211.275,250630
2026-07-24 12:09:00,211.28,211.55,211.28,211.4626,311403
2026-07-24 12:10:00,211.44,211.9099,211.4194,211.74,297576
2026-07-24 12:11:00,211.735,211.7495,211.34,211.4,280070
2026-07-24 12:12:00,211.405,211.5795,211.19,211.3,194959
2026-07-24 12:13:00,211.3,211.4,211.1501,211.1501,137342
2026-07-24 12:14:00,211.155,211.2254,210.8646,210.87,222590
2026-07-24 12:15:00,210.85,211.01,210.69,210.935,190079
2026-07-24 12:16:00,210.9397,210.96,210.7601,210.875,162510
2026-07-24 12:17:00,210.87,210.92,210.7801,210.835,185840
2026-07-24 12:18:00,210.8402,210.95,210.72,210.74,198500
2026-07-24 12:19:00,210.76,210.8799,210.7295,210.785,158996
2026-07-24 12:20:00,210.79,210.95,210.67,210.92,152162
2026-07-24 12:21:00,210.93,210.97,210.71,210.835,172763
2026-07-24 12:22:00,210.835,210.99,210.78,210.91,164254
2026-07-24 12:23:00,210.91,210.92,210.79,210.81,207884
2026-07-24 12:24:00,210.8117,210.87,210.67,210.74,1152111
2026-07-24 12:25:00,210.76,211.045,210.74,211.045,170011
2026-07-24 12:26:00,211.0494,211.1,210.89,211.065,191662
2026-07-24 12:27:00,211.07,211.1,210.85,210.855,104982
2026-07-24 12:28:00,210.84,211.02,210.803,211.005,117208
2026-07-24 12:29:00,211.02,211.055,210.76,210.77,113358
2026-07-24 12:30:00,210.775,210.8097,210.35,210.53,297856
2026-07-24 12:31:00,210.53,210.62,210.34,210.455,151555
2026-07-24 12:32:00,210.455,210.575,210.295,210.4401,156737
2026-07-24 12:33:00,210.45,210.53,210.355,210.395,110828
2026-07-24 12:34:00,210.38,210.66,210.3572,210.6101,167803
2026-07-24 12:35:00,210.62,210.8,210.551,210.755,113256
2026-07-24 12:36:00,210.745,210.88,210.56,210.6239,179404
2026-07-24 12:37:00,210.61,210.65,210.44,210.5355,104154
2026-07-24 12:38:00,210.5299,210.64,210.365,210.3799,118903
2026-07-24 12:39:00,210.38,210.51,210.37,210.5,108435
2026-07-24 12:40:00,210.485,210.5999,210.4,210.4,154337
2026-07-24 12:41:00,210.4,210.4399,210.1,210.33,214227
2026-07-24 12:42:00,210.33,210.34,210.1401,210.23,123772
2026-07-24 12:43:00,210.225,210.3299,209.98,210.2599,190418
2026-07-24 12:44:00,210.2301,210.31,210.14,210.18,128641
2026-07-24 12:45:00,210.17,210.245,210.06,210.22,108846
2026-07-24 12:46:00,210.21,210.27,210.14,210.14,134303
2026-07-24 12:47:00,210.13,210.25,210.042,210.14,107529
2026-07-24 12:48:00,210.14,210.18,209.95,209.99,459269
2026-07-24 12:49:00,210.0,210.15,209.9101,210.08,131871
2026-07-24 12:50:00,210.08,210.16,209.925,210.01,140738
2026-07-24 12:51:00,210.04,210.08,209.85,209.904,128132
2026-07-24 12:52:00,209.9,209.96,209.785,209.835,117385
2026-07-24 12:53:00,209.83,209.95,209.76,209.9,160100
2026-07-24 12:54:00,209.9,210.1,209.89,209.96,158770
2026-07-24 12:55:00,209.96,210.19,209.87,210.09,174360
2026-07-24 12:56:00,210.0498,210.1399,209.895,210.0,137127
2026-07-24 12:57:00,210.005,210.31,209.9901,210.29,193446
2026-07-24 12:58:00,210.305,210.43,210.28,210.315,159098
2026-07-24 12:59:00,210.31,210.43,210.1901,210.22,128542
2026-07-24 13:00:00,210.24,210.3306,210.1502,210.19,110316
2026-07-24 13:01:00,210.19,210.19,210.0,210.1,157269
2026-07-24 13:02:00,210.1,210.115,209.9601,210.02,114104
2026-07-24 13:03:00,210.02,210.1201,209.91,209.985,86949
2026-07-24 13:04:00,210.0,210.1155,209.92,210.07,96040
2026-07-24 13:05:00,210.06,210.12,209.9601,210.08,154315
2026-07-24 13:06:00,210.09,210.2,209.83,209.9519,319953
2026-07-24 13:07:00,209.97,209.99,209.68,209.72,97472
2026-07-24 13:08:00,209.715,209.828,209.606,209.7599,118487
2026-07-24 13:09:00,209.75,209.92,209.6301,209.675,111716
2026-07-24 13:10:00,209.66,209.7925,209.52,209.725,139536
2026-07-24 13:11:00,209.72,209.89,209.67,209.78,136549
2026-07-24 13:12:00,209.78,209.96,209.75,209.75,97868
2026-07-24 13:13:00,209.7501,209.87,209.67,209.78,90645
2026-07-24 13:14:00,209.785,209.9258,209.76,209.79,603106
2026-07-24 13:15:00,209.7801,209.9039,209.73,209.75,104557
2026-07-24 13:16:00,209.77,209.77,209.61,209.675,99948
2026-07-24 13:17:00,209.685,209.96,209.67,209.94,128151
2026-07-24 13:18:00,209.94,210.13,209.82,210.09,169637
2026-07-24 13:19:00,210.1,210.3,210.09,210.1901,166206
2026-07-24 13:20:00,210.2,210.34,210.04,210.07,168293
2026-07-24 13:21:00,210.065,210.16,209.97,210.0,99805
2026-07-24 13:22:00,210.0,210.09,209.86,209.91,103113
2026-07-24 13:23:00,209.91,209.92,209.81,209.85,79811
2026-07-24 13:24:00,209.845,210.0892,209.81,210.06,115989
2026-07-24 13:25:00,210.0605,210.1,209.85,209.96,110472
2026-07-24 13:26:00,209.98,210.21,209.9601,210.2,79837
2026-07-24 13:27:00,210.1901,210.3001,210.15,210.295,110796
2026-07-24 13:28:00,210.29,210.355,210.21,210.26,159403
2026-07-24 13:29:00,210.2579,210.3,210.1711,210.25,148227
2026-07-24 13:30:00,210.27,210.315,210.13,210.19,133613
2026-07-24 13:31:00,210.2,210.4,210.18,210.375,157397
2026-07-24 13:32:00,210.39,210.42,210.27,210.295,90408
2026-07-24 13:33:00,210.29,210.45,210.2,210.43,124562
2026-07-24 13:34:00,210.42,210.53,210.3988,210.5123,146206
2026-07-24 13:35:00,210.505,210.52,210.37,210.49,116273
2026-07-24 13:36:00,210.47,210.5191,210.3501,210.3501,101019
2026-07-24 13:37:00,210.36,210.41,210.28,210.305,94098
2026-07-24 13:38:00,210.3,210.49,210.27,210.4299,109857
2026-07-24 13:39:00,210.41,210.48,210.2701,210.3191,100485
2026-07-24 13:40:00,210.3,210.3,210.11,210.14,187087
2026-07-24 13:41:00,210.14,210.15,209.96,209.985,107054
2026-07-24 13:42:00,210.0,210.0,209.81,209.8692,104463
2026-07-24 13:43:00,209.9,210.0,209.89,209.92,67239
2026-07-24 13:44:00,209.96,210.08,209.85,209.85,99335
2026-07-24 13:45:00,209.85,209.87,209.72,209.81,98905
2026-07-24 13:46:00,209.81,210.1196,209.795,210.07,96261
2026-07-24 13:47:00,210.085,210.15,209.9608,209.995,87033
2026-07-24 13:48:00,210.0,210.045,209.93,209.98,66992
2026-07-24 13:49:00,209.98,210.17,209.95,210.15,124631
2026-07-24 13:50:00,210.16,210.21,210.07,210.2,97629
2026-07-24 13:51:00,210.23,210.2999,210.02,210.04,127658
2026-07-24 13:52:00,210.0301,210.085,209.94,210.0,85448
2026-07-24 13:53:00,209.985,210.1,209.9755,210.02,65402
2026-07-24 13:54:00,209.98,210.11,209.98,210.05,53528
2026-07-24 13:55:00,210.05,210.165,209.97,209.98,65933
2026-07-24 13:56:00,209.985,210.06,209.92,209.98,113295
2026-07-24 13:57:00,209.96,209.975,209.81,209.83,97808
2026-07-24 13:58:00,209.82,209.85,209.6845,209.7599,120389
2026-07-24 13:59:00,209.73,209.81,209.67,209.7,134465
2026-07-24 14:00:00,209.7,209.8799,209.64,209.84,125391
2026-07-24 14:01:00,209.835,209.91,209.68,209.68,86854
2026-07-24 14:02:00,209.6901,209.8666,209.61,209.855,92243
2026-07-24 14:03:00,209.835,209.8599,209.625,209.6594,97174
2026-07-24 14:04:00,209.6351,209.74,209.61,209.69,60160
2026-07-24 14:05:00,209.68,209.71,209.6,209.63,88313
2026-07-24 14:06:00,209.62,209.705,209.39,209.475,222892
2026-07-24 14:07:00,209.47,209.68,209.4,209.6564,147148
2026-07-24 14:08:00,209.66,209.7324,209.6101,209.64,80599
2026-07-24 14:09:00,209.6899,209.74,209.495,209.535,97434
2026-07-24 14:10:00,209.55,209.58,209.4,209.47,111380
2026-07-24 14:11:00,209.48,209.48,209.22,209.245,135870
2026-07-24 14:12:00,209.25,209.26,209.0101,209.17,188347
2026-07-24 14:13:00,209.1599,209.235,209.15,209.2,171451
2026-07-24 14:14:00,209.16,209.3399,209.14,209.285,100156
2026-07-24 14:15:00,209.27,209.29,209.18,209.26,101729
2026-07-24 14:16:00,209.25,209.32,209.12,209.185,108080
2026-07-24 14:17:00,209.1601,209.34,209.1601,209.19,130731
2026-07-24 14:18:00,209.2,209.27,209.09,209.19,126983
2026-07-24 14:19:00,209.2,209.235,208.99,209.03,225527
2026-07-24 14:20:00,209.03,209.04,208.8,208.82,259721
2026-07-24 14:21:00,208.83,208.86,208.67,208.68,228138
2026-07-24 14:22:00,208.69,208.74,208.52,208.56,234456
2026-07-24 14:23:00,208.5601,208.67,208.477,208.61,191667
2026-07-24 14:24:00,208.61,208.64,208.385,208.42,186385
2026-07-24 14:25:00,208.42,208.49,208.15,208.23,209308
2026-07-24 14:26:00,208.2495,208.2499,208.07,208.17,212038
2026-07-24 14:27:00,208.187,208.25,208.12,208.13,157498
2026-07-24 14:28:00,208.13,208.13,207.87,207.9296,279535
2026-07-24 14:29:00,207.92,208.0399,207.73,207.825,207141
2026-07-24 14:30:00,207.83,207.8858,207.75,207.83,212011
2026-07-24 14:31:00,207.82,207.83,207.4,207.4899,365189
2026-07-24 14:32:00,207.48,207.61,207.41,207.57,242586
2026-07-24 14:33:00,207.56,207.6281,207.31,207.39,246905
2026-07-24 14:34:00,207.375,207.48,207.14,207.14,245477
2026-07-24 14:35:00,207.145,207.145,206.83,206.88,468887
2026-07-24 14:36:00,206.905,207.34,206.8901,207.1002,336728
2026-07-24 14:37:00,207.11,207.17,206.9,206.915,187013
2026-07-24 14:38:00,206.93,207.0699,206.81,207.0699,230066
2026-07-24 14:39:00,207.055,207.055,206.713,206.9,269410
2026-07-24 14:40:00,206.89,206.89,206.55,206.56,188524
2026-07-24 14:41:00,206.565,206.7,206.5,206.53,380752
2026-07-24 14:42:00,206.52,206.55,206.31,206.45,239501
2026-07-24 14:43:00,206.4599,206.54,206.37,206.419,199138
2026-07-24 14:44:00,206.405,206.5,206.13,206.22,241531
2026-07-24 14:45:00,206.22,206.79,206.15,206.79,312924
2026-07-24 14:46:00,206.79,207.06,206.785,206.9036,350752
2026-07-24 14:47:00,206.915,207.0091,206.8601,206.97,141690
2026-07-24 14:48:00,206.95,206.989,206.66,206.8,184857
2026-07-24 14:49:00,206.7801,206.8268,206.54,206.54,142327
2026-07-24 14:50:00,206.54,206.6599,206.23,206.27,282318
2026-07-24 14:51:00,206.23,206.62,206.22,206.39,247631
2026-07-24 14:52:00,206.39,206.59,206.35,206.44,217406
2026-07-24 14:53:00,206.4301,206.48,206.23,206.3802,192943
2026-07-24 14:54:00,206.345,206.38,206.02,206.23,257997
2026-07-24 14:55:00,206.24,206.42,206.17,206.385,159806
2026-07-24 14:56:00,206.39,206.61,206.31,206.48,188120
2026-07-24 14:57:00,206.4801,206.58,206.41,206.435,174790
2026-07-24 14:58:00,206.41,206.4799,206.2203,206.2599,185745
2026-07-24 14:59:00,206.26,206.38,206.245,206.28,1656079
2026-07-24 15:00:00,206.27,206.48,206.2501,206.43,185016
2026-07-24 15:01:00,206.435,206.71,206.0675,206.0799,341183
2026-07-24 15:02:00,206.07,206.1199,205.84,206.02,537059
2026-07-24 15:03:00,206.005,206.1293,205.905,206.05,180796
2026-07-24 15:04:00,206.05,206.08,205.79,205.85,208512
2026-07-24 15:05:00,205.835,206.15,205.68,206.135,284364
2026-07-24 15:06:00,206.1301,206.25,205.78,205.82,244244
2026-07-24 15:07:00,205.83,205.83,205.3,205.345,463189
2026-07-24 15:08:00,205.3401,205.59,205.245,205.48,368640
2026-07-24 15:09:00,205.42,205.47,205.01,205.1,387097
2026-07-24 15:10:00,205.11,205.25,204.94,205.0,561048
2026-07-24 15:11:00,205.015,205.17,204.97,205.07,225068
2026-07-24 15:12:00,205.07,205.43,205.07,205.14,311433
2026-07-24 15:13:00,205.15,205.22,205.04,205.17,188806
2026-07-24 15:14:00,205.16,205.17,205.0195,205.1,189138
2026-07-24 15:15:00,205.09,205.16,204.98,205.05,344057
2026-07-24 15:16:00,205.05,205.17,204.92,205.155,261678
2026-07-24 15:17:00,205.16,205.3898,205.12,205.26,212074
2026-07-24 15:18:00,205.2501,205.28,205.043,205.115,276773
2026-07-24 15:19:00,205.1113,205.2,205.01,205.11,321875
2026-07-24 15:20:00,205.1,205.17,204.81,205.09,422387
2026-07-24 15:21:00,205.08,205.4093,205.0,205.275,339463
2026-07-24 15:22:00,205.25,205.5,205.22,205.465,260004
2026-07-24 15:23:00,205.465,205.49,205.3401,205.4,218022
2026-07-24 15:24:00,205.396,205.41,205.1,205.17,196860
2026-07-24 15:25:00,205.165,205.22,205.01,205.09,829192
2026-07-24 15:26:00,205.1101,205.27,205.0601,205.19,163904
2026-07-24 15:27:00,205.19,205.5,205.19,205.38,199511
2026-07-24 15:28:00,205.35,205.585,205.3201,205.5836,196847
2026-07-24 15:29:00,205.59,205.838,205.45,205.6066,325730
2026-07-24 15:30:00,205.6,205.785,205.565,205.6501,249054
2026-07-24 15:31:00,205.66,205.93,205.6,205.78,333881
2026-07-24 15:32:00,205.775,205.97,205.72,205.91,245265
2026-07-24 15:33:00,205.91,206.01,205.85,205.9996,240033
2026-07-24 15:34:00,205.98,206.12,205.8,205.8001,296773
2026-07-24 15:35:00,205.802,205.99,205.67,205.89,351908
2026-07-24 15:36:00,205.83,205.975,205.77,205.78,281070
2026-07-24 15:37:00,205.78,206.12,205.76,205.94,232842
2026-07-24 15:38:00,205.9499,205.99,205.8,205.9601,181732
2026-07-24 15:39:00,205.98,206.03,205.6536,205.75,227021
2026-07-24 15:40:00,205.735,205.87,205.65,205.81,209107
2026-07-24 15:41:00,205.81,205.81,205.55,205.675,233342
2026-07-24 15:42:00,205.67,205.73,205.54,205.65,245634
2026-07-24 15:43:00,205.67,205.71,205.37,205.62,781954
2026-07-24 15:44:00,205.61,205.83,205.57,205.78,278700
2026-07-24 15:45:00,205.775,205.835,205.44,205.47,286499
2026-07-24 15:46:00,205.47,205.55,205.36,205.52,308567
2026-07-24 15:47:00,205.5001,205.68,205.46,205.55,521851
2026-07-24 15:48:00,205.54,205.6529,205.37,205.5,328931
2026-07-24 15:49:00,205.48,205.9,205.3708,205.87,334551
2026-07-24 15:50:00,205.89,206.06,205.5201,205.61,458203
2026-07-24 15:51:00,205.61,205.65,205.4,205.55,355285
2026-07-24 15:52:00,205.57,205.62,205.47,205.6,322083
2026-07-24 15:53:00,205.55,205.63,205.29,205.56,340688
2026-07-24 15:54:00,205.56,206.1,205.52,205.9761,502538
2026-07-24 15:55:00,205.99,206.17,205.91,206.0504,633874
2026-07-24 15:56:00,206.05,206.33,206.04,206.26,517856
2026-07-24 15:57:00,206.255,206.9,206.25,206.8,720628
2026-07-24 15:58:00,206.8,206.85,206.65,206.665,834547
2026-07-24 15:59:00,206.67,207.18,206.59,206.96,2393979
2026-07-24 16:00:00,206.98,206.9996,206.7916,206.9665,12727409
2026-07-24 16:01:00,206.999,207.2,206.96,207.08,0
2026-07-24 16:02:00,207.08,207.1,206.9,206.99,0
2026-07-24 16:03:00,206.9,206.9296,206.84,206.84,0
2026-07-24 16:04:00,206.879,207.0877,206.78,207.0003,0
2026-07-24 16:05:00,207.029,207.25,206.84,207.0019,0
2026-07-24 16:06:00,207.02,207.1,206.98,206.9996,0
2026-07-24 16:07:00,206.84,207.0,206.84,206.9118,0
2026-07-24 16:08:00,206.925,206.99,206.9,206.925,0
2026-07-24 16:09:00,206.9495,206.95,206.84,206.902,0
2026-07-24 16:10:00,206.9,206.94,206.84,206.905,0
2026-07-24 16:11:00,206.9,206.9358,206.9,206.93,0
2026-07-24 16:12:00,206.9042,206.98,206.9,206.9448,0
2026-07-24 16:13:00,206.94,206.98,206.9162,206.9321,0
2026-07-24 16:14:00,206.9496,207.0,206.93,206.97,0
2026-07-24 16:15:00,206.84,207.1,206.84,207.05,0
2026-07-24 16:16:00,207.05,207.08,206.955,206.955,0
2026-07-24 16:17:00,207.0,207.0,206.95,206.9592,0
2026-07-24 16:18:00,206.9597,207.04,206.9502,207.04,0
2026-07-24 16:19:00,207.04,207.04,206.95,206.95,0
2026-07-24 16:20:00,206.84,206.9588,206.84,206.8544,0
2026-07-24 16:21:00,206.89,206.95,206.87,206.9475,0
2026-07-24 16:22:00,206.92,206.95,206.89,206.9195,0
2026-07-24 16:23:00,206.918,206.93,206.89,206.9183,0
2026-07-24 16:24:00,206.8926,206.9,206.86,206.88,0
2026-07-24 16:25:00,206.87,206.92,206.84,206.92,0
2026-07-24 16:26:00,206.91,206.95,206.84,206.84,0
2026-07-24 16:27:00,206.88,206.9,206.84,206.84,0
2026-07-24 16:28:00,206.84,206.9,206.84,206.84,0
2026-07-24 16:29:00,206.8654,206.87,206.76,206.7888,0
2026-07-24 16:30:00,206.76,206.79,206.53,206.6392,0
2026-07-24 16:31:00,206.601,206.7,206.6,206.67,0
2026-07-24 16:32:00,206.62,206.68,206.6117,206.6799,0
2026-07-24 16:33:00,206.6605,206.77,206.66,206.7472,0
2026-07-24 16:34:00,206.7,206.77,206.7,206.77,0
2026-07-24 16:35:00,206.7228,206.77,206.7,206.77,0
2026-07-24 16:36:00,206.77,206.8397,206.7,206.7522,0
2026-07-24 16:37:00,206.751,206.8377,206.7486,206.7913,0
2026-07-24 16:38:00,206.75,206.79,206.7,206.79,0
2026-07-24 16:39:00,206.7259,206.78,206.7,206.7,0
2026-07-24 16:40:00,206.75,206.7682,206.7,206.7,0
2026-07-24 16:41:00,206.74,206.87,206.7037,206.79,0
2026-07-24 16:42:00,206.86,206.86,206.7,206.78,0
2026-07-24 16:43:00,206.78,206.8187,206.71,206.7317,0
2026-07-24 16:44:00,206.85,206.85,206.71,206.75,0
2026-07-24 16:45:00,206.71,206.8992,206.71,206.7556,0
2026-07-24 16:46:00,206.88,206.95,206.7257,206.8,0
2026-07-24 16:47:00,206.8,206.9,206.7,206.8392,0
2026-07-24 16:48:00,206.8,206.85,206.78,206.8,0
2026-07-24 16:49:00,206.78,206.9,192.6807,206.82,0
2026-07-24 16:50:00,206.85,206.87,206.78,206.858,0
2026-07-24 16:51:00,215.5875,215.5875,206.782,206.84,0
2026-07-24 16:52:00,206.84,206.93,206.83,206.9,0
2026-07-24 16:53:00,206.9019,206.925,206.9,206.9001,0
2026-07-24 16:54:00,206.9093,207.0,206.9,206.9977,0
2026-07-24 16:55:00,207.0,207.0,197.6362,197.6362,0
2026-07-24 16:56:00,193.7188,206.95,193.7188,206.91,0
2026-07-24 16:57:00,206.9141,206.99,206.91,206.95,0
2026-07-24 16:58:00,206.93,216.0477,206.91,207.0405,0
2026-07-24 16:59:00,207.0425,207.1,207.0,207.03,0
2026-07-24 17:00:00,207.03,207.1,207.0,207.035,0
2026-07-24 17:01:00,206.972,207.05,206.97,207.02,0
2026-07-24 17:02:00,206.93,207.01,199.582,206.91,0
2026-07-24 17:03:00,206.9686,207.0,199.582,199.582,0
2026-07-24 17:04:00,206.9676,216.0477,206.84,206.9467,0
2026-07-24 17:05:00,206.93,215.5875,206.91,206.9297,0
2026-07-24 17:06:00,206.92,206.95,206.91,206.914,0
2026-07-24 17:07:00,206.95,206.9587,206.75,206.7908,0
2026-07-24 17:08:00,206.7819,206.84,206.7,206.7093,0
2026-07-24 17:09:00,206.7107,206.77,206.7,206.7398,0
2026-07-24 17:10:00,206.725,206.9,206.7,206.7,0
2026-07-24 17:11:00,206.8,206.89,206.75,206.8191,0
2026-07-24 17:12:00,206.8191,206.8345,206.7,206.7001,0
2026-07-24 17:13:00,206.72,206.75,206.7,206.7102,0
2026-07-24 17:14:00,206.7102,206.75,206.7,206.72,0
2026-07-24 17:15:00,206.7077,206.75,206.7012,206.7487,0
2026-07-24 17:16:00,206.73,206.75,206.66,206.7,0
2026-07-24 17:17:00,206.7275,206.75,206.7,206.75,0
2026-07-24 17:18:00,206.7242,206.8957,206.72,206.82,0
2026-07-24 17:19:00,206.812,206.84,206.73,206.8079,0
2026-07-24 17:20:00,206.7709,206.84,206.75,206.813,0
2026-07-24 17:21:00,206.828,206.828,206.76,206.7972,0
2026-07-24 17:22:00,206.77,206.8391,206.77,206.8391,0
2026-07-24 17:23:00,206.8391,206.8923,206.83,206.875,0
2026-07-24 17:24:00,206.8601,206.9,206.85,206.9,0
2026-07-24 17:25:00,206.88,206.9,206.85,206.9,0
2026-07-24 17:26:00,206.8711,206.9,206.87,206.9,0
2026-07-24 17:27:00,206.8746,206.9,206.83,206.8879,0
2026-07-24 17:28:00,206.88,206.89,206.83,206.89,0
2026-07-24 17:29:00,206.88,206.95,206.83,206.95,0
2026-07-24 17:30:00,206.95,207.0,206.89,206.9077,0
2026-07-24 17:31:00,206.9,206.99,206.9,206.9709,0
2026-07-24 17:32:00,206.945,206.999,206.85,206.945,0
2026-07-24 17:33:00,206.9761,207.0,206.89,206.9657,0
2026-07-24 17:34:00,206.95,206.97,206.9,206.9,0
2026-07-24 17:35:00,206.92,206.97,206.92,206.92,0
2026-07-24 17:36:00,206.93,206.9357,206.92,206.9344,0
2026-07-24 17:37:00,206.96,206.97,206.92,206.94,0
2026-07-24 17:38:00,206.92,206.9659,206.92,206.96,0
2026-07-24 17:39:00,206.95,206.97,206.8624,206.91,0
2026-07-24 17:40:00,206.89,206.93,206.83,206.9,0
2026-07-24 17:41:00,206.89,206.9,206.83,206.8874,0
2026-07-24 17:42:00,206.8383,206.88,206.83,206.87,0
2026-07-24 17:43:00,206.8352,206.8787,206.83,206.85,0
2026-07-24 17:44:00,206.8643,206.8788,206.8,206.835,0
2026-07-24 17:45:00,206.83,206.85,206.8,206.8344,0
2026-07-24 17:46:00,206.83,206.8392,206.81,206.83,0
2026-07-24 17:47:00,206.82,206.84,206.81,206.84,0
2026-07-24 17:48:00,206.81,206.84,206.81,206.83,0
2026-07-24 17:49:00,206.83,206.83,206.8,206.83,0
2026-07-24 17:50:00,206.8043,206.8294,206.8041,206.8294,0
2026-07-24 17:51:00,206.8005,206.84,206.79,206.8159,0
2026-07-24 17:52:00,206.79,206.83,206.75,206.79,0
2026-07-24 17:53:00,206.83,206.83,206.8,206.815,0
2026-07-24 17:54:00,206.8006,206.9,206.8006,206.885,0
2026-07-24 17:55:00,206.88,206.9,206.85,206.9,0
2026-07-24 17:56:00,206.8576,206.9,206.85,206.88,0
2026-07-24 17:57:00,206.88,206.8987,206.85,206.88,0
2026-07-24 17:58:00,206.88,206.93,206.85,206.9043,0
2026-07-24 17:59:00,206.915,206.93,206.9,206.905,0
2026-07-24 18:00:00,206.9005,206.9292,206.9001,206.9001,0
2026-07-24 18:01:00,206.9,206.93,206.9,206.9,0
2026-07-24 18:02:00,206.9254,206.9591,206.9007,206.9588,0
2026-07-24 18:03:00,206.95,206.96,206.85,206.88,0
2026-07-24 18:04:00,206.84,206.96,206.8,206.85,0
2026-07-24 18:05:00,206.96,206.96,206.85,206.8668,0
2026-07-24 18:06:00,206.86,206.9,206.8012,206.85,0
2026-07-24 18:07:00,206.96,206.96,206.8,206.87,0
2026-07-24 18:08:00,206.84,206.87,206.81,206.8392,0
2026-07-24 18:09:00,206.8385,206.84,206.81,206.84,0
2026-07-24 18:10:00,206.8379,206.84,206.8107,206.82,0
2026-07-24 18:11:00,206.82,206.84,206.8,206.801,0
2026-07-24 18:12:00,206.8,206.8338,206.8,206.8,0
2026-07-24 18:13:00,206.797,206.8182,206.75,206.77,0
2026-07-24 18:14:00,206.76,206.77,206.7586,206.7593,0
2026-07-24 18:15:00,206.76,206.8261,206.7502,206.78,0
2026-07-24 18:16:00,206.75,206.8,206.75,206.7725,0
2026-07-24 18:17:00,206.78,206.79,206.75,206.75,0
2026-07-24 18:18:00,206.7522,206.7791,206.75,206.7715,0
2026-07-24 18:19:00,206.7767,206.8,206.77,206.78,0
2026-07-24 18:20:00,206.7727,206.7792,206.7,206.7,0
2026-07-24 18:21:00,206.7659,206.78,206.71,206.71,0
2026-07-24 18:22:00,206.78,206.78,206.7,206.7,0
2026-07-24 18:23:00,206.71,206.73,206.702,206.7088,0
2026-07-24 18:24:00,206.7,206.71,206.7,206.7088,0
2026-07-24 18:25:00,206.7,206.7007,206.6317,206.665,0
2026-07-24 18:26:00,206.65,206.67,206.62,206.6277,0
2026-07-24 18:27:00,206.6465,206.65,206.63,206.6448,0
2026-07-24 18:28:00,206.65,206.65,206.62,206.64,0
2026-07-24 18:29:00,206.6227,206.73,206.62,206.73,0
2026-07-24 18:30:00,206.7099,206.9,206.637,206.84,0
2026-07-24 18:31:00,206.85,206.8985,206.84,206.843,0
2026-07-24 18:32:00,206.85,206.89,206.8471,206.85,0
2026-07-24 18:33:00,206.84,206.85,206.84,206.8402,0
2026-07-24 18:34:00,206.8409,206.8499,206.8409,206.8499,0
2026-07-24 18:35:00,206.85,206.9572,206.8409,206.9572,0
2026-07-24 18:36:00,206.89,206.9,206.89,206.89,0
2026-07-24 18:37:00,206.9,206.94,206.85,206.9,0
2026-07-24 18:38:00,206.9,206.96,206.85,206.9345,0
2026-07-24 18:39:00,206.9,206.95,206.71,206.84,0
2026-07-24 18:40:00,206.71,206.944,206.71,206.803,0
2026-07-24 18:41:00,206.8,206.8,206.71,206.8,0
2026-07-24 18:42:00,206.75,206.9,206.71,206.75,0
2026-07-24 18:43:00,206.78,206.8957,206.72,206.78,0
2026-07-24 18:44:00,206.82,206.9,206.73,206.76,0
2026-07-24 18:45:00,206.76,206.81,206.73,206.75,0
2026-07-24 18:46:00,206.73,206.8099,206.73,206.77,0
2026-07-24 18:47:00,206.75,206.81,206.73,206.7645,0
2026-07-24 18:48:00,206.7645,206.77,206.73,206.731,0
2026-07-24 18:49:00,206.75,206.81,206.7301,206.7301,0
2026-07-24 18:50:00,206.798,206.847,206.7329,206.733,0
2026-07-24 18:51:00,206.81,206.9,206.73,206.76,0
2026-07-24 18:52:00,206.76,206.9,206.73,206.82,0
2026-07-24 18:53:00,206.82,206.9,206.73,206.7462,0
2026-07-24 18:54:00,206.76,206.82,206.73,206.75,0
2026-07-24 18:55:00,206.8063,206.82,206.73,206.8177,0
2026-07-24 18:56:00,206.78,206.8177,206.73,206.78,0
2026-07-24 18:57:00,206.76,206.8,206.748,206.75,0
2026-07-24 18:58:00,206.75,206.8177,206.73,206.8177,0
2026-07-24 18:59:00,206.7439,206.82,206.7115,206.7127,0
2026-07-24 19:00:00,206.7246,206.8172,206.71,206.75,0
2026-07-24 19:01:00,206.72,206.75,206.72,206.7201,0
2026-07-24 19:02:00,206.74,206.75,206.72,206.74,0
2026-07-24 19:03:00,206.78,206.82,206.72,206.79,0
2026-07-24 19:04:00,206.75,206.82,206.7212,206.8092,0
2026-07-24 19:05:00,206.8135,206.8182,206.7426,206.75,0
2026-07-24 19:06:00,206.7882,206.8,206.73,206.77,0
2026-07-24 19:07:00,206.77,206.7946,206.73,206.74,0
2026-07-24 19:08:00,206.74,206.77,206.72,206.7201,0
2026-07-24 19:09:00,206.73,206.75,206.7218,206.75,0
2026-07-24 19:10:00,206.72,206.78,206.7101,206.7117,0
2026-07-24 19:11:00,206.77,206.7782,206.7,206.73,0
2026-07-24 19:12:00,206.7012,206.7012,206.65,206.66,0
2026-07-24 19:13:00,206.66,206.7,206.66,206.66,0
2026-07-24 19:14:00,206.65,206.6982,206.62,206.62,0
2026-07-24 19:15:00,206.61,206.65,206.58,206.64,0
2026-07-24 19:16:00,206.61,206.6482,206.58,206.6374,0
2026-07-24 19:17:00,206.5817,206.65,206.5817,206.6,0
2026-07-24 19:18:00,206.5908,206.65,206.58,206.6188,0
2026-07-24 19:19:00,206.62,206.65,206.58,206.6086,0
2026-07-24 19:20:00,206.6487,206.65,206.6,206.62,0
2026-07-24 19:21:00,206.62,206.6492,206.6001,206.63,0
2026-07-24 19:22:00,206.64,206.65,206.62,206.6207,0
2026-07-24 19:23:00,206.63,206.636,206.62,206.63,0
2026-07-24 19:24:00,206.6207,206.65,206.62,206.65,0
2026-07-24 19:25:00,206.62,206.65,206.62,206.6454,0
2026-07-24 19:26:00,206.63,206.65,206.62,206.6205,0
2026-07-24 19:27:00,206.6242,206.76,206.62,206.62,0
2026-07-24 19:28:00,206.65,206.7467,206.62,206.67,0
2026-07-24 19:29:00,206.623,206.74,206.62,206.69,0
2026-07-24 19:30:00,206.75,206.77,206.6209,206.6324,0
2026-07-24 19:31:00,206.622,206.7,206.62,206.65,0
2026-07-24 19:32:00,206.7,206.7,206.55,206.55,0
2026-07-24 19:33:00,206.55,206.58,206.5,206.5199,0
2026-07-24 19:34:00,206.5199,206.69,206.5,206.69,0
2026-07-24 19:35:00,206.5294,206.7,206.5294,206.7,0
2026-07-24 19:36:00,206.61,206.69,206.6,206.61,0
2026-07-24 19:37:00,206.6097,206.6097,206.51,206.51,0
2026-07-24 19:38:00,206.52,206.6,206.51,206.6,0
2026-07-24 19:39:00,206.53,206.596,206.53,206.5723,0
2026-07-24 19:40:00,206.57,206.58,206.54,206.5448,0
2026-07-24 19:41:00,206.5788,206.58,206.5117,206.5208,0
2026-07-24 19:42:00,206.5117,206.648,206.5117,206.5701,0
2026-07-24 19:43:00,206.57,206.6987,206.57,206.6987,0
2026-07-24 19:44:00,206.6512,206.6523,206.5995,206.6,0
2026-07-24 19:45:00,206.6,206.7,206.58,206.63,0
2026-07-24 19:46:00,206.7,206.7,206.58,206.6,0
2026-07-24 19:47:00,206.63,206.7,206.58,206.6761,0
2026-07-24 19:48:00,206.6203,206.68,206.6,206.6676,0
2026-07-24 19:49:00,206.63,206.68,206.6,206.64,0
2026-07-24 19:50:00,206.6348,206.6707,206.62,206.6707,0
2026-07-24 19:51:00,206.66,206.66,206.62,206.6395,0
2026-07-24 19:52:00,206.63,206.68,206.6293,206.65,0
2026-07-24 19:53:00,206.67,206.67,206.6201,206.65,0
2026-07-24 19:54:00,206.6,206.65,206.6,206.61,0
2026-07-24 19:55:00,206.61,206.65,206.6,206.65,0
2026-07-24 19:56:00,206.61,206.6999,206.6038,206.6907,0
2026-07-24 19:57:00,206.7,206.7,206.6317,206.66,0
2026-07-24 19:58:00,206.6595,206.79,206.6317,206.68,0
2026-07-24 19:59:00,206.68,206.8,206.68,206.7995,0
2026-07-27 04:00:00,208.7,209.75,208.36,209.09,0
2026-07-27 04:01:00,209.09,209.75,208.34,209.04,0
2026-07-27 04:02:00,209.06,209.38,208.8,209.05,0
2026-07-27 04:03:00,209.05,209.1465,208.9336,209.05,0
2026-07-27 04:04:00,209.1232,209.1232,208.91,208.91,0
2026-07-27 04:05:00,208.94,209.0,208.8975,208.99,0
2026-07-27 04:06:00,208.99,209.68,208.55,209.0022,0
2026-07-27 04:07:00,209.01,209.1387,209.0,209.11,0
2026-07-27 04:08:00,209.0057,209.1975,209.0,209.135,0
2026-07-27 04:09:00,209.16,209.1988,209.0957,209.17,0
2026-07-27 04:10:00,209.18,209.1985,209.0815,209.083,0
2026-07-27 04:11:00,209.15,209.2267,209.0863,209.1,0
2026-07-27 04:12:00,209.08,209.14,209.0012,209.09,0
2026-07-27 04:13:00,209.01,209.0975,209.0,209.0,0
2026-07-27 04:14:00,209.05,209.1465,209.0025,209.1,0
2026-07-27 04:15:00,209.1475,209.1475,209.0,209.01,0
2026-07-27 04:16:00,209.0,209.0817,208.9122,209.01,0
2026-07-27 04:17:00,209.03,209.0977,209.01,209.08,0
2026-07-27 04:18:00,209.12,209.27,209.0832,209.27,0
2026-07-27 04:19:00,209.24,209.3187,209.1512,209.2974,0
2026-07-27 04:20:00,209.25,209.36,209.25,209.29,0
2026-07-27 04:21:00,209.301,209.34,209.28,209.33,0
2026-07-27 04:22:00,209.3367,209.34,209.2,209.28,0
2026-07-27 04:23:00,209.3365,209.37,209.2035,209.37,0
2026-07-27 04:24:00,209.39,209.3965,209.2,209.26,0
2026-07-27 04:25:00,209.2025,209.2977,209.2,209.2122,0
2026-07-27 04:26:00,209.2122,209.298,209.2112,209.2958,0
2026-07-27 04:27:00,209.22,209.2987,209.22,209.2987,0
2026-07-27 04:28:00,209.2512,209.305,209.221,209.221,0
2026-07-27 04:29:00,209.2492,209.36,209.222,209.282,0
2026-07-27 04:30:00,209.32,209.39,209.32,209.36,0
2026-07-27 04:31:00,209.42,209.4282,209.39,209.4202,0
2026-07-27 04:32:00,209.42,209.43,209.3617,209.43,0
2026-07-27 04:33:00,209.35,209.42,209.33,209.35,0
2026-07-27 04:34:00,209.399,209.42,209.3621,209.42,0
2026-07-27 04:35:00,209.34,209.4,209.22,209.4,0
2026-07-27 04:36:00,209.3025,209.6,209.3,209.34,0
2026-07-27 04:37:00,209.3265,209.5057,209.3265,209.44,0
2026-07-27 04:38:00,209.44,209.4624,209.3425,209.42,0
2026-07-27 04:39:00,209.45,209.5565,209.39,209.41,0
2026-07-27 04:40:00,209.4568,209.5075,209.36,209.38,0
2026-07-27 04:41:00,209.3022,209.49,209.3022,209.49,0
2026-07-27 04:42:00,209.3045,209.59,209.3045,209.57,0
2026-07-27 04:43:00,209.52,209.5635,209.48,209.49,0
2026-07-27 04:44:00,209.5482,209.5488,209.48,209.51,0
2026-07-27 04:45:00,209.51,209.53,209.465,209.5,0
2026-07-27 04:46:00,209.507,209.507,209.39,209.48,0
2026-07-27 04:47:00,209.39,209.48,209.39,209.4212,0
2026-07-27 04:48:00,209.4202,209.4687,209.39,209.4575,0
2026-07-27 04:49:00,209.46,209.46,209.3235,209.38,0
2026-07-27 04:50:00,209.39,209.44,209.39,209.4275,0
2026-07-27 04:51:00,209.391,209.44,209.391,209.44,0
2026-07-27 04:52:00,209.39,209.4485,209.39,209.428,0
2026-07-27 04:53:00,209.4377,209.44,209.3512,209.42,0
2026-07-27 04:54:00,209.3512,209.55,209.35,209.54,0
2026-07-27 04:55:00,209.5388,209.54,209.4517,209.53,0
2026-07-27 04:56:00,209.52,209.54,209.4812,209.4812,0
2026-07-27 04:57:00,209.53,209.53,209.48,209.52,0
2026-07-27 04:58:00,209.58,209.62,209.53,209.5517,0
2026-07-27 04:59:00,209.5517,209.6157,209.48,209.5085,0
2026-07-27 05:00:00,209.4767,209.5052,209.2912,209.2912,0
2026-07-27 05:01:00,209.3905,209.4,209.29,209.39,0
2026-07-27 05:02:00,209.3685,209.3685,209.243,209.35,0
2026-07-27 05:03:00,209.35,209.4165,209.2835,209.2835,0
2026-07-27 05:04:00,209.29,209.388,209.28,209.38,0
2026-07-27 05:05:00,209.3117,209.36,209.3117,209.32,0
2026-07-27 05:06:00,209.3154,209.3533,209.31,209.35,0
2026-07-27 05:07:00,209.31,209.32,209.23,209.31,0
2026-07-27 05:08:00,209.2987,209.31,209.25,209.25,0
2026-07-27 05:09:00,209.31,209.31,209.2515,209.28,0
2026-07-27 05:10:00,209.2526,209.3085,209.25,209.29,0
2026-07-27 05:11:00,209.31,209.3333,209.2825,209.2825,0
2026-07-27 05:12:00,209.3788,209.3788,209.2,209.2122,0
2026-07-27 05:13:00,209.21,209.288,209.1506,209.19,0
2026-07-27 05:14:00,209.19,209.19,209.0527,209.1466,0
2026-07-27 05:15:00,209.09,209.16,209.0817,209.16,0
2026-07-27 05:16:00,209.12,209.16,209.1012,209.15,0
2026-07-27 05:17:00,209.14,209.15,209.1,209.101,0
2026-07-27 05:18:00,209.14,209.14,209.052,209.0812,0
2026-07-27 05:19:00,209.128,209.1287,209.0417,209.0417,0
2026-07-27 05:20:00,209.1082,209.1675,209.0417,209.1577,0
2026-07-27 05:21:00,209.0722,209.1585,209.0722,209.101,0
2026-07-27 05:22:00,209.1395,209.296,209.1035,209.13,0
2026-07-27 05:23:00,209.2365,209.24,209.1035,209.1225,0
2026-07-27 05:24:00,209.123,209.17,209.1217,209.14,0
2026-07-27 05:25:00,209.1682,209.1682,209.1015,209.13,0
2026-07-27 05:26:00,209.1,209.19,209.1,209.1831,0
2026-07-27 05:27:00,209.1786,209.18,209.12,209.16,0
2026-07-27 05:28:00,209.13,209.16,209.1003,209.14,0
2026-07-27 05:29:00,209.11,209.1877,209.0815,209.1877,0
2026-07-27 05:30:00,209.13,209.1872,209.0812,209.1,0
2026-07-27 05:31:00,209.12,209.1872,209.11,209.14,0
2026-07-27 05:32:00,209.129,209.16,209.129,209.16,0
2026-07-27 05:33:00,209.14,209.16,209.11,209.11,0
2026-07-27 05:34:00,209.18,209.19,209.1022,209.18,0
2026-07-27 05:35:00,209.18,209.25,209.1512,209.25,0
2026-07-27 05:36:00,209.25,209.25,209.2112,209.2112,0
2026-07-27 05:37:00,209.249,209.25,209.17,209.21,0
2026-07-27 05:38:00,209.15,209.2088,209.1,209.12,0
2026-07-27 05:39:00,209.08,209.18,209.0147,209.09,0
2026-07-27 05:40:00,209.09,209.23,209.08,209.2,0
2026-07-27 05:41:00,209.1112,209.23,209.1112,209.21,0
2026-07-27 05:42:00,209.16,209.1995,209.16,209.1995,0
2026-07-27 05:43:00,209.188,209.23,209.12,209.23,0
2026-07-27 05:44:00,209.1512,209.2507,209.1512,209.2507,0
2026-07-27 05:45:00,209.22,209.2775,209.21,209.22,0
2026-07-27 05:46:00,209.23,209.23,209.1782,209.2292,0
2026-07-27 05:47:00,209.23,209.2788,209.2112,209.25,0
2026-07-27 05:48:00,209.25,209.27,209.192,209.25,0
2026-07-27 05:49:00,209.2424,209.27,209.19,209.2471,0
2026-07-27 05:50:00,209.25,209.25,209.15,209.19,0
2026-07-27 05:51:00,209.2,209.25,209.161,209.2308,0
2026-07-27 05:52:00,209.25,209.25,209.2012,209.2012,0
2026-07-27 05:53:00,209.2012,209.25,209.1915,209.25,0
2026-07-27 05:54:00,209.2493,209.25,209.19,209.2,0
2026-07-27 05:55:00,209.2,209.2,209.13,209.2,0
2026-07-27 05:56:00,209.17,209.2,209.1312,209.1337,0
2026-07-27 05:57:00,209.1317,209.2,209.12,209.12,0
2026-07-27 05:58:00,209.1487,209.25,209.1487,209.25,0
2026-07-27 05:59:00,209.22,209.25,209.1722,209.21,0
2026-07-27 06:00:00,209.2,209.21,209.12,209.1985,0
2026-07-27 06:01:00,209.1989,209.2,209.17,209.1733,0
2026-07-27 06:02:00,209.14,209.2,209.12,209.16,0
2026-07-27 06:03:00,209.1,209.16,209.0235,209.0235,0
2026-07-27 06:04:00,209.14,209.16,209.0122,209.0977,0
2026-07-27 06:05:00,209.08,209.1,209.01,209.1,0
2026-07-27 06:06:00,209.1,209.1537,208.99,209.02,0
2026-07-27 06:07:00,209.0067,209.0067,208.9512,208.9512,0
2026-07-27 06:08:00,209.0,209.0,208.883,208.97,0
2026-07-27 06:09:00,208.97,209.0,208.9,209.0,0
2026-07-27 06:10:00,208.9122,208.9876,208.85,208.89,0
2026-07-27 06:11:00,208.91,208.91,208.6,208.69,0
2026-07-27 06:12:00,208.67,208.7,208.59,208.6972,0
2026-07-27 06:13:00,208.6,208.6789,208.55,208.56,0
2026-07-27 06:14:00,208.55,208.74,208.54,208.5848,0
2026-07-27 06:15:00,208.58,208.74,208.58,208.7,0
2026-07-27 06:16:00,208.71,208.8,208.7,208.7452,0
2026-07-27 06:17:00,208.7,208.73,208.56,208.56,0
2026-07-27 06:18:00,208.71,208.71,208.53,208.55,0
2026-07-27 06:19:00,208.52,208.6975,208.52,208.6857,0
2026-07-27 06:20:00,208.69,208.83,208.64,208.69,0
2026-07-27 06:21:00,208.68,208.7377,208.6035,208.65,0
2026-07-27 06:22:00,208.74,208.74,208.62,208.7348,0
2026-07-27 06:23:00,208.73,208.7762,208.6327,208.7,0
2026-07-27 06:24:00,208.71,208.79,208.6632,208.7867,0
2026-07-27 06:25:00,208.6632,208.79,208.6632,208.75,0
2026-07-27 06:26:00,208.788,208.9352,208.71,208.751,0
2026-07-27 06:27:00,208.7888,208.82,208.7525,208.79,0
2026-07-27 06:28:00,208.85,208.85,208.79,208.8049,0
2026-07-27 06:29:00,208.79,208.7974,208.75,208.75,0
2026-07-27 06:30:00,208.7867,208.94,208.52,208.67,0
2026-07-27 06:31:00,208.9615,208.9615,208.6862,208.8025,0
2026-07-27 06:32:00,208.77,208.9,208.705,208.87,0
2026-07-27 06:33:00,208.8025,208.85,208.71,208.71,0
2026-07-27 06:34:00,208.79,208.8,208.7,208.7,0
2026-07-27 06:35:00,208.7,208.7975,208.7,208.77,0
2026-07-27 06:36:00,208.7975,208.7987,208.7025,208.76,0
2026-07-27 06:37:00,208.76,208.7706,208.75,208.7702,0
2026-07-27 06:38:00,208.8,208.8932,208.76,208.8,0
2026-07-27 06:39:00,208.82,208.9955,208.7412,208.9595,0
2026-07-27 06:40:00,208.9577,208.9577,208.82,208.82,0
2026-07-27 06:41:00,208.9221,209.0,208.92,208.98,0
2026-07-27 06:42:00,209.0,209.0,208.94,208.97,0
2026-07-27 06:43:00,209.0,209.2,208.9415,208.944,0
2026-07-27 06:44:00,208.944,209.1,208.944,209.1,0
2026-07-27 06:45:00,209.0988,209.0988,208.94,208.9985,0
2026-07-27 06:46:00,208.9415,209.0,208.8245,209.0,0
2026-07-27 06:47:00,209.0,209.0,208.9025,208.9025,0
2026-07-27 06:48:00,209.0,209.0,208.8245,208.9955,0
2026-07-27 06:49:00,208.9955,209.1,208.82,209.01,0
2026-07-27 06:50:00,209.0962,209.0962,208.95,208.95,0
2026-07-27 06:51:00,208.9955,208.9955,208.8,208.839,0
2026-07-27 06:52:00,208.8,208.9,208.8,208.8025,0
2026-07-27 06:53:00,208.8981,208.9,208.8025,208.8512,0
2026-07-27 06:54:00,208.9,208.9,208.8093,208.8093,0
2026-07-27 06:55:00,208.86,209.0,208.7,208.85,0
2026-07-27 06:56:00,208.7569,209.0,208.7,208.7779,0
2026-07-27 06:57:00,208.77,208.78,208.52,208.52,0
2026-07-27 06:58:00,208.55,208.63,208.3842,208.6252,0
2026-07-27 06:59:00,208.4499,208.6275,208.435,208.6252,0
2026-07-27 07:00:00,208.56,208.7,208.2667,208.405,0
2026-07-27 07:01:00,208.405,208.6,208.4,208.4999,0
2026-07-27 07:02:00,208.422,208.6,208.4,208.41,0
2026-07-27 07:03:00,208.46,208.51,208.26,208.334,0
2026-07-27 07:04:00,208.486,208.6,208.33,208.4232,0
2026-07-27 07:05:00,208.47,208.55,208.345,208.537,0
2026-07-27 07:06:00,208.423,208.667,208.423,208.65,0
2026-07-27 07:07:00,208.57,208.67,208.55,208.628,0
2026-07-27 07:08:00,208.58,208.6297,208.4027,208.552,0
2026-07-27 07:09:00,208.55,208.55,208.2817,208.2817,0
2026-07-27 07:10:00,208.3349,208.5,208.2632,208.35,0
2026-07-27 07:11:00,208.4377,208.5067,208.315,208.4657,0
2026-07-27 07:12:00,208.3042,208.47,208.25,208.3007,0
2026-07-27 07:13:00,208.3037,208.42,208.17,208.28,0
2026-07-27 07:14:00,208.28,208.4742,208.1927,208.395,0
2026-07-27 07:15:00,208.35,208.48,208.205,208.303,0
2026-07-27 07:16:00,208.4,208.42,208.3,208.3512,0
2026-07-27 07:17:00,208.3987,208.4,208.2415,208.3025,0
2026-07-27 07:18:00,208.36,208.4,208.17,208.297,0
2026-07-27 07:19:00,208.2,208.3747,208.075,208.13,0
2026-07-27 07:20:00,208.0201,208.1862,208.0,208.1267,0
2026-07-27 07:21:00,208.1,208.14,207.9135,208.1106,0
2026-07-27 07:22:00,208.0,208.14,207.84,208.14,0
2026-07-27 07:23:00,208.1352,208.14,207.9,207.9498,0
2026-07-27 07:24:00,207.9,208.0,207.7647,207.88,0
2026-07-27 07:25:00,207.7635,208.14,207.7635,208.14,0
2026-07-27 07:26:00,208.02,208.14,207.8525,207.9182,0
2026-07-27 07:27:00,207.85,208.127,207.85,208.0987,0
2026-07-27 07:28:00,208.0122,208.137,208.01,208.127,0
2026-07-27 07:29:00,208.103,208.139,207.88,207.88,0
2026-07-27 07:30:00,207.89,208.115,207.8257,208.0621,0
2026-07-27 07:31:00,208.1,208.18,208.05,208.18,0
2026-07-27 07:32:00,208.18,208.18,207.8455,207.9768,0
2026-07-27 07:33:00,207.9,208.1,207.87,208.1,0
2026-07-27 07:34:00,208.1442,208.1442,207.87,207.998,0
2026-07-27 07:35:00,207.91,208.0,207.87,207.9775,0
2026-07-27 07:36:00,207.8955,208.1367,207.88,208.1367,0
2026-07-27 07:37:00,208.0132,208.1867,208.01,208.15,0
2026-07-27 07:38:00,208.11,208.15,208.0,208.12,0
2026-07-27 07:39:00,208.13,208.19,208.0132,208.1475,0
2026-07-27 07:40:00,208.1,208.1855,208.01,208.12,0
2026-07-27 07:41:00,208.1888,208.19,208.0145,208.0145,0
2026-07-27 07:42:00,208.19,208.19,208.0135,208.05,0
2026-07-27 07:43:00,208.0573,208.1447,207.9347,208.1,0
2026-07-27 07:44:00,208.0006,208.1,207.88,207.93,0
2026-07-27 07:45:00,207.9559,208.0,207.89,207.9382,0
2026-07-27 07:46:00,207.928,208.0,207.8512,207.9882,0
2026-07-27 07:47:00,207.98,208.05,207.9215,208.0472,0
2026-07-27 07:48:00,207.9427,208.0975,207.9427,208.0077,0
2026-07-27 07:49:00,208.0975,208.1877,208.0025,208.1853,0
2026-07-27 07:50:00,208.1877,208.1877,208.0822,208.1022,0
2026-07-27 07:51:00,208.1877,208.19,208.1,208.1887,0
2026-07-27 07:52:00,208.1887,208.19,208.072,208.147,0
2026-07-27 07:53:00,208.0715,208.16,208.04,208.12,0
2026-07-27 07:54:00,208.1475,208.15,208.04,208.1189,0
2026-07-27 07:55:00,208.12,208.12,208.015,208.12,0
2026-07-27 07:56:00,208.06,208.12,208.06,208.0615,0
2026-07-27 07:57:00,208.1185,208.187,208.06,208.187,0
2026-07-27 07:58:00,208.13,208.2,208.0632,208.2,0
2026-07-27 07:59:00,208.21,208.22,208.1417,208.22,0
2026-07-27 08:00:00,208.2,208.36,208.173,208.3348,0
2026-07-27 08:01:00,208.338,208.35,208.262,208.3,0
2026-07-27 08:02:00,208.282,208.47,208.282,208.4212,0
2026-07-27 08:03:00,208.4687,208.47,208.37,208.4017,0
2026-07-27 08:04:00,208.4497,208.48,208.4,208.4792,0
2026-07-27 08:05:00,208.4995,208.5,208.4,208.4268,0
2026-07-27 08:06:00,208.439,208.58,208.4215,208.5763,0
2026-07-27 08:07:00,208.58,208.58,208.481,208.5005,0
2026-07-27 08:08:00,208.5195,208.5975,208.5,208.5688,0
2026-07-27 08:09:00,208.5682,208.58,208.26,208.5,0
2026-07-27 08:10:00,208.48,208.49,208.263,208.263,0
2026-07-27 08:11:00,208.377,208.377,208.06,208.06,0
2026-07-27 08:12:00,208.178,208.2755,208.1,208.21,0
2026-07-27 08:13:00,208.2,208.4532,208.053,208.2255,0
2026-07-27 08:14:00,208.06,208.167,207.9437,207.9537,0
2026-07-27 08:15:00,208.0,208.1267,207.9527,208.0063,0
2026-07-27 08:16:00,208.1006,208.19,208.0,208.1775,0
2026-07-27 08:17:00,208.1775,208.18,208.053,208.14,0
2026-07-27 08:18:00,208.0525,208.16,208.05,208.1092,0
2026-07-27 08:19:00,208.1085,208.1085,208.0,208.02,0
2026-07-27 08:20:00,208.0422,208.1288,208.0,208.0,0
2026-07-27 08:21:00,208.0982,208.1,208.0,208.049,0
2026-07-27 08:22:00,208.011,208.05,207.95,208.0496,0
2026-07-27 08:23:00,208.0207,208.15,207.95,207.9527,0
2026-07-27 08:24:00,207.9527,208.1088,207.9527,208.0025,0
2026-07-27 08:25:00,208.0726,208.0975,207.95,208.0087,0
2026-07-27 08:26:00,208.0924,208.15,207.99,208.033,0
2026-07-27 08:27:00,208.0772,208.17,208.03,208.0801,0
2026-07-27 08:28:00,208.0822,208.1687,208.0817,208.12,0
2026-07-27 08:29:00,208.08,208.17,207.9937,208.1387,0
2026-07-27 08:30:00,208.1387,208.4802,208.09,208.3057,0
2026-07-27 08:31:00,208.3057,208.3155,208.0137,208.1562,0
2026-07-27 08:32:00,208.1562,208.2147,208.0007,208.06,0
2026-07-27 08:33:00,208.0,208.14,208.0,208.0512,0
2026-07-27 08:34:00,208.08,208.25,208.05,208.2455,0
2026-07-27 08:35:00,208.17,208.25,208.0745,208.18,0
2026-07-27 08:36:00,208.1525,208.25,208.0701,208.0727,0
2026-07-27 08:37:00,208.1787,208.22,208.0701,208.17,0
2026-07-27 08:38:00,208.1615,208.2,208.08,208.083,0
2026-07-27 08:39:00,208.197,208.2,208.08,208.0825,0
2026-07-27 08:40:00,208.1572,208.2,208.08,208.1487,0
2026-07-27 08:41:00,208.1487,208.1975,208.1,208.1682,0
2026-07-27 08:42:00,208.108,208.1982,208.1,208.1315,0
2026-07-27 08:43:00,208.1885,208.48,208.1,208.2885,0
2026-07-27 08:44:00,208.2885,208.29,208.1722,208.1722,0
2026-07-27 08:45:00,208.1722,208.4447,208.1715,208.3377,0
2026-07-27 08:46:00,208.3377,208.4,208.18,208.1832,0
2026-07-27 08:47:00,208.3067,208.44,208.1832,208.4,0
2026-07-27 08:48:00,208.42,208.4477,208.2737,208.4382,0
2026-07-27 08:49:00,208.44,208.44,208.3032,208.42,0
2026-07-27 08:50:00,208.38,208.45,208.3035,208.44,0
2026-07-27 08:51:00,208.4,208.44,208.3,208.3615,0
2026-07-27 08:52:00,208.3615,208.43,208.3,208.41,0
2026-07-27 08:53:00,208.37,208.427,208.3127,208.3222,0
2026-07-27 08:54:00,208.4077,208.4192,208.322,208.3324,0
2026-07-27 08:55:00,208.4,208.42,208.32,208.4,0
2026-07-27 08:56:00,208.4085,208.41,208.3,208.32,0
2026-07-27 08:57:00,208.3877,208.39,208.2217,208.3007,0
2026-07-27 08:58:00,208.3007,208.33,208.202,208.2612,0
2026-07-27 08:59:00,208.27,208.3092,208.2125,208.2707,0
2026-07-27 09:00:00,208.3,208.89,208.25,208.52,0
2026-07-27 09:01:00,208.58,208.7047,208.2827,208.4367,0
2026-07-27 09:02:00,208.3132,208.71,208.31,208.476,0
2026-07-27 09:03:00,208.704,208.71,208.3575,208.684,0
2026-07-27 09:04:00,208.456,208.69,208.45,208.55,0
2026-07-27 09:05:00,208.504,208.656,208.34,208.45,0
2026-07-27 09:06:00,208.5,208.5,208.25,208.2792,0
2026-07-27 09:07:00,208.2792,208.33,208.1115,208.174,0
2026-07-27 09:08:00,208.25,208.33,208.1025,208.1889,0
2026-07-27 09:09:00,208.2,208.3,208.15,208.2985,0
2026-07-27 09:10:00,208.28,208.39,208.24,208.37,0
2026-07-27 09:11:00,208.3382,208.4,208.2701,208.3982,0
2026-07-27 09:12:00,208.3994,208.4975,208.31,208.3101,0
2026-07-27 09:13:00,208.3117,208.4,208.31,208.36,0
2026-07-27 09:14:00,208.3317,208.448,208.3,208.38,0
2026-07-27 09:15:00,208.4064,208.5,208.37,208.41,0
2026-07-27 09:16:00,208.48,208.48,208.31,208.4,0
2026-07-27 09:17:00,208.3786,208.48,208.33,208.479,0
2026-07-27 09:18:00,208.48,208.48,208.32,208.3222,0
2026-07-27 09:19:00,208.34,208.4077,208.24,208.2987,0
2026-07-27 09:20:00,208.2506,208.31,208.17,208.1735,0
2026-07-27 09:21:00,208.2872,208.31,208.1735,208.2,0
2026-07-27 09:22:00,208.1522,208.2682,208.1522,208.2017,0
2026-07-27 09:23:00,208.2017,208.2687,208.13,208.1987,0
2026-07-27 09:24:00,208.1512,208.3652,208.1512,208.2967,0
2026-07-27 09:25:00,208.18,208.192,207.8537,207.88,0
2026-07-27 09:26:00,207.9385,208.0,207.53,207.8257,0
2026-07-27 09:27:00,207.816,208.4,207.5,208.0512,0
2026-07-27 09:28:00,208.04,208.04,207.639,207.7535,0
2026-07-27 09:29:00,207.85,208.24,207.7732,208.19,0
2026-07-27 09:30:00,208.11,208.75,206.9,207.0944,3635114
2026-07-27 09:31:00,207.12,207.23,206.33,206.7,527693
2026-07-27 09:32:00,206.695,206.95,205.44,205.83,784461
2026-07-27 09:33:00,205.835,205.92,205.24,205.3515,589018
2026-07-27 09:34:00,205.39,205.77,204.95,205.73,736295
2026-07-27 09:35:00,205.72,206.33,205.71,206.1403,584073
2026-07-27 09:36:00,206.12,206.245,205.555,205.91,500667
2026-07-27 09:37:00,205.89,206.62,205.88,206.28,381117
2026-07-27 09:38:00,206.23,206.36,204.92,204.9451,543299
2026-07-27 09:39:00,204.95,205.02,204.6,204.71,553828
2026-07-27 09:40:00,204.78,204.8799,203.86,204.22,818963
2026-07-27 09:41:00,204.245,204.34,203.45,203.505,736193
2026-07-27 09:42:00,203.44,203.52,202.81,202.83,789652
2026-07-27 09:43:00,202.8599,202.865,202.13,202.28,752937
2026-07-27 09:44:00,202.27,202.5,202.0494,202.275,596479
2026-07-27 09:45:00,202.275,202.275,201.79,201.955,892963
2026-07-27 09:46:00,201.955,202.1,201.7,201.8701,842768
2026-07-27 09:47:00,201.8999,202.0108,201.285,201.32,793068
2026-07-27 09:48:00,201.3305,202.26,201.2,202.21,639313
2026-07-27 09:49:00,202.21,202.84,202.1101,202.775,724160
2026-07-27 09:50:00,202.76,203.04,202.7,202.895,661294
2026-07-27 09:51:00,202.89,202.97,202.62,202.89,436129
2026-07-27 09:52:00,202.88,202.99,202.41,202.84,590377
2026-07-27 09:53:00,202.8599,202.8599,202.28,202.51,438487
2026-07-27 09:54:00,202.52,202.68,202.16,202.42,423623
2026-07-27 09:55:00,202.38,202.51,202.24,202.301,421174
2026-07-27 09:56:00,202.31,202.4055,202.08,202.35,397291
2026-07-27 09:57:00,202.36,202.77,202.28,202.32,377500
2026-07-27 09:58:00,202.3251,202.4669,201.95,201.98,471247
2026-07-27 09:59:00,201.965,201.9799,201.57,201.765,450709
2026-07-27 10:00:00,201.81,202.0,201.59,201.99,348117
2026-07-27 10:01:00,202.03,202.08,201.55,201.6,394789
2026-07-27 10:02:00,201.605,201.91,201.57,201.78,301312
2026-07-27 10:03:00,201.79,201.91,201.36,201.56,462879
2026-07-27 10:04:00,201.59,201.94,201.33,201.94,354492
2026-07-27 10:05:00,201.95,202.11,201.7951,202.0599,370945
2026-07-27 10:06:00,202.06,202.3588,201.8,202.25,378909
2026-07-27 10:07:00,202.26,202.9,202.2537,202.79,430763
2026-07-27 10:08:00,202.7786,202.929,202.49,202.7613,374269
2026-07-27 10:09:00,202.77,202.84,202.47,202.4707,265198
2026-07-27 10:10:00,202.48,202.5,201.86,201.9,336956
2026-07-27 10:11:00,201.8901,201.905,201.48,201.5,467896
2026-07-27 10:12:00,201.5,201.63,201.11,201.4795,491494
2026-07-27 10:13:00,201.4802,201.653,200.85,201.0101,808477
2026-07-27 10:14:00,201.01,201.33,200.99,201.1355,348069
2026-07-27 10:15:00,201.15,201.59,201.02,201.185,372212
2026-07-27 10:16:00,201.19,201.2425,200.81,200.885,525010
2026-07-27 10:17:00,200.885,201.04,200.75,200.88,591597
2026-07-27 10:18:00,200.89,201.07,200.78,200.98,546427
2026-07-27 10:19:00,200.98,201.3466,200.98,201.025,378155
2026-07-27 10:20:00,201.0,201.03,200.47,200.47,494998
2026-07-27 10:21:00,200.48,200.55,200.0901,200.46,561930
2026-07-27 10:22:00,200.45,200.45,200.06,200.22,445562
2026-07-27 10:23:00,200.22,200.5099,199.88,199.985,839398
2026-07-27 10:24:00,200.0,200.14,199.83,200.0899,425083
2026-07-27 10:25:00,200.09,200.15,199.9,200.095,322196
2026-07-27 10:26:00,200.095,200.11,199.8,199.85,460424
2026-07-27 10:27:00,199.86,199.8851,199.463,199.62,511272
2026-07-27 10:28:00,199.6341,199.71,199.2,199.3,520808
2026-07-27 10:29:00,199.27,199.32,198.88,198.945,573106
2026-07-27 10:30:00,198.95,199.12,198.72,198.86,532720
2026-07-27 10:31:00,198.855,199.04,198.68,198.735,547036
2026-07-27 10:32:00,198.75,198.88,198.53,198.7,517775
2026-07-27 10:33:00,198.7299,198.9,198.57,198.61,563226
2026-07-27 10:34:00,198.61,198.96,198.45,198.7799,561251
2026-07-27 10:35:00,198.765,198.99,198.55,198.99,436930
2026-07-27 10:36:00,198.9895,199.0,198.4105,198.48,482477
2026-07-27 10:37:00,198.475,198.86,198.32,198.855,697266
2026-07-27 10:38:00,198.86,199.6399,198.85,199.46,688538
2026-07-27 10:39:00,199.45,199.605,198.98,199.13,443368
2026-07-27 10:40:00,199.14,199.31,198.695,198.85,372345
2026-07-27 10:41:00,198.85,199.0,198.13,198.4999,707143
2026-07-27 10:42:00,198.5,198.56,198.19,198.26,453546
2026-07-27 10:43:00,198.29,198.33,197.78,198.0348,1014751
2026-07-27 10:44:00,198.0592,198.09,197.42,197.67,876142
2026-07-27 10:45:00,197.69,198.35,197.6828,198.25,666057
2026-07-27 10:46:00,198.24,198.7598,198.19,198.61,770246
2026-07-27 10:47:00,198.605,198.98,198.59,198.755,558650
2026-07-27 10:48:00,198.77,198.94,198.55,198.67,619002
2026-07-27 10:49:00,198.68,199.0,198.64,198.93,502139
2026-07-27 10:50:00,198.925,199.51,198.92,199.38,535921
2026-07-27 10:51:00,199.4,199.52,198.96,198.99,410738
2026-07-27 10:52:00,199.0,199.3481,198.76,199.28,505169
2026-07-27 10:53:00,199.2799,199.38,199.0,199.235,363194
2026-07-27 10:54:00,199.23,199.5799,199.13,199.286,426831
2026-07-27 10:55:00,199.2699,199.485,199.01,199.485,260058
2026-07-27 10:56:00,199.48,199.72,199.4,199.65,323286
2026-07-27 10:57:00,199.665,200.0,199.665,199.785,464628
2026-07-27 10:58:00,199.7501,199.78,199.55,199.625,300673
2026-07-27 10:59:00,199.64,199.86,199.595,199.775,299934
2026-07-27 11:00:00,199.8,199.9,199.63,199.7588,287178
2026-07-27 11:01:00,199.765,199.765,199.39,199.41,355551
2026-07-27 11:02:00,199.3865,199.53,198.97,199.07,360300
2026-07-27 11:03:00,199.06,199.29,198.69,198.695,404622
2026-07-27 11:04:00,198.687,198.75,198.451,198.59,417716
2026-07-27 11:05:00,198.59,198.9,198.545,198.8316,265043
2026-07-27 11:06:00,198.82,198.9,198.31,198.325,502682
2026-07-27 11:07:00,198.33,198.6,198.2,198.47,364582
2026-07-27 11:08:00,198.48,198.6,198.37,198.4114,294118
2026-07-27 11:09:00,198.41,198.42,198.06,198.14,373783
2026-07-27 11:10:00,198.139,198.5,197.9,198.31,482315
2026-07-27 11:11:00,198.3,198.4199,197.95,198.03,328500
2026-07-27 11:12:00,198.025,198.2599,197.99,198.09,278015
2026-07-27 11:13:00,198.06,198.0798,197.71,197.9502,341866
2026-07-27 11:14:00,197.98,198.18,197.89,197.91,261100
2026-07-27 11:15:00,197.91,197.9851,197.14,197.185,560269
2026-07-27 11:16:00,197.155,197.22,196.88,197.065,536504
2026-07-27 11:17:00,197.055,197.11,196.89,197.0199,525089
2026-07-27 11:18:00,197.02,197.26,196.79,197.18,495882
2026-07-27 11:19:00,197.21,197.59,197.17,197.5684,416222
2026-07-27 11:20:00,197.5763,198.115,197.57,198.115,395662
2026-07-27 11:21:00,198.12,198.38,197.76,197.77,415970
2026-07-27 11:22:00,197.77,198.02,197.66,197.9063,329513
2026-07-27 11:23:00,197.92,197.92,197.25,197.41,366375
2026-07-27 11:24:00,197.41,197.52,197.03,197.335,324468
2026-07-27 11:25:00,197.315,197.42,197.11,197.26,243552
2026-07-27 11:26:00,197.24,197.34,197.1,197.265,237644
2026-07-27 11:27:00,197.23,197.23,196.89,196.8961,343820
2026-07-27 11:28:00,196.898,197.08,196.77,197.005,393623
2026-07-27 11:29:00,197.0,197.2415,196.91,197.065,419124
2026-07-27 11:30:00,197.075,197.075,196.8,196.88,410178
2026-07-27 11:31:00,196.8818,197.04,196.52,196.53,434322
2026-07-27 11:32:00,196.525,196.6644,196.25,196.28,520341
2026-07-27 11:33:00,196.285,196.385,196.2,196.315,339716
2026-07-27 11:34:00,196.31,196.45,196.17,196.39,331129
2026-07-27 11:35:00,196.409,196.53,196.2307,196.5,433972
2026-07-27 11:36:00,196.4999,196.7,196.2,196.2,546955
2026-07-27 11:37:00,196.21,196.31,195.94,196.035,745901
2026-07-27 11:38:00,196.04,196.38,195.92,196.33,332306
2026-07-27 11:39:00,196.34,196.54,196.34,196.45,442056
2026-07-27 11:40:00,196.45,196.53,196.08,196.225,354125
2026-07-27 11:41:00,196.22,196.4,196.11,196.29,241520
2026-07-27 11:42:00,196.295,196.6061,196.24,196.56,297987
2026-07-27 11:43:00,196.541,196.77,196.47,196.655,348134
2026-07-27 11:44:00,196.6337,196.94,196.6,196.83,274539
2026-07-27 11:45:00,196.83,197.03,196.8,196.8301,297057
2026-07-27 11:46:00,196.845,197.0799,196.78,196.925,230266
2026-07-27 11:47:00,196.93,197.0,196.61,196.69,288394
2026-07-27 11:48:00,196.7001,196.92,196.62,196.64,195803
2026-07-27 11:49:00,196.62,196.67,196.44,196.57,245548
2026-07-27 11:50:00,196.61,196.64,196.42,196.6103,216222
2026-07-27 11:51:00,196.6201,196.84,196.57,196.74,242053
2026-07-27 11:52:00,196.72,196.87,196.63,196.68,276164
2026-07-27 11:53:00,196.685,196.7499,196.47,196.67,325378
2026-07-27 11:54:00,196.66,196.83,196.5608,196.5947,177641
2026-07-27 11:55:00,196.605,196.9,196.5602,196.85,221671
2026-07-27 11:56:00,196.8599,197.01,196.785,196.945,211689
2026-07-27 11:57:00,196.97,197.435,196.87,197.34,380406
2026-07-27 11:58:00,197.33,197.5,197.27,197.49,314697
2026-07-27 11:59:00,197.49,197.63,197.4845,197.6,402307
2026-07-27 12:00:00,197.6,197.8,197.47,197.6,486647
2026-07-27 12:01:00,197.615,197.79,197.61,197.77,272100
2026-07-27 12:02:00,197.78,197.8,197.61,197.7,279365
2026-07-27 12:03:00,197.6801,197.99,197.6801,197.925,242368
2026-07-27 12:04:00,197.93,198.26,197.93,198.08,362369
2026-07-27 12:05:00,198.0601,198.2299,198.01,198.085,258414
2026-07-27 12:06:00,198.09,198.12,197.68,197.91,273288
2026-07-27 12:07:00,197.91,198.08,197.865,198.025,239532
2026-07-27 12:08:00,198.02,198.18,197.965,198.13,217096
2026-07-27 12:09:00,198.095,198.2899,198.005,198.17,214192
2026-07-27 12:10:00,198.18,198.54,198.17,198.4475,290546
2026-07-27 12:11:00,198.4301,198.53,198.17,198.285,227864
2026-07-27 12:12:00,198.28,198.43,198.16,198.19,191947
2026-07-27 12:13:00,198.21,198.23,197.75,197.79,256374
2026-07-27 12:14:00,197.775,197.82,197.5692,197.69,237346
2026-07-27 12:15:00,197.69,197.7334,197.5501,197.66,345814
2026-07-27 12:16:00,197.6439,197.655,197.2,197.21,272568
2026-07-27 12:17:00,197.215,197.3528,197.07,197.12,240906
2026-07-27 12:18:00,197.1101,197.16,196.91,197.06,319854
2026-07-27 12:19:00,197.06,197.1099,196.771,196.97,322034
2026-07-27 12:20:00,197.0,197.08,196.85,197.04,206539
2026-07-27 12:21:00,197.04,197.37,197.035,197.24,281798
2026-07-27 12:22:00,197.2499,197.3099,197.08,197.1,195418
2026-07-27 12:23:00,197.11,197.25,196.99,197.225,196635
2026-07-27 12:24:00,197.26,197.57,197.24,197.43,271399
2026-07-27 12:25:00,197.43,198.25,197.404,198.2386,612284
2026-07-27 12:26:00,198.225,198.3318,197.9201,197.98,199012
2026-07-27 12:27:00,197.96,198.2312,197.95,198.095,255594
2026-07-27 12:28:00,198.1,198.31,197.94,197.99,215362
2026-07-27 12:29:00,197.9801,197.9801,197.66,197.78,241601
2026-07-27 12:30:00,197.78,198.01,197.74,197.89,150097
2026-07-27 12:31:00,197.89,198.15,197.86,197.875,198390
2026-07-27 12:32:00,197.85,197.85,197.435,197.51,233304
2026-07-27 12:33:00,197.525,197.5468,197.11,197.21,197882
2026-07-27 12:34:00,197.22,197.2495,197.11,197.17,214473
2026-07-27 12:35:00,197.17,197.2,196.9301,196.94,223991
2026-07-27 12:36:00,196.9401,197.15,196.73,197.15,258418
2026-07-27 12:37:00,197.16,197.4094,197.111,197.111,224830
2026-07-27 12:38:00,197.09,197.65,197.035,197.55,214658
2026-07-27 12:39:00,197.55,197.6,197.4,197.46,191320
2026-07-27 12:40:00,197.455,197.5499,197.385,197.54,153508
2026-07-27 12:41:00,197.56,197.56,197.286,197.32,180013
2026-07-27 12:42:00,197.33,197.43,197.23,197.325,108880
2026-07-27 12:43:00,197.325,197.39,197.25,197.32,108889
2026-07-27 12:44:00,197.33,197.34,197.08,197.31,160362
2026-07-27 12:45:00,197.32,197.38,197.24,197.33,119254
2026-07-27 12:46:00,197.32,197.535,197.305,197.48,879402
2026-07-27 12:47:00,197.49,197.8251,197.49,197.61,198808
2026-07-27 12:48:00,197.625,197.69,197.52,197.595,180536
2026-07-27 12:49:00,197.5836,197.5836,197.37,197.41,142553
2026-07-27 12:50:00,197.41,197.42,197.16,197.17,162941
2026-07-27 12:51:00,197.17,197.17,196.9501,197.03,224020
2026-07-27 12:52:00,197.03,197.06,196.91,196.94,154818
2026-07-27 12:53:00,196.935,196.935,196.77,196.79,198284
2026-07-27 12:54:00,196.79,196.88,196.6,196.72,310998
2026-07-27 12:55:00,196.73,196.73,196.315,196.425,337437
2026-07-27 12:56:00,196.42,196.6,196.41,196.45,185983
2026-07-27 12:57:00,196.45,196.53,196.33,196.351,169724
2026-07-27 12:58:00,196.37,196.47,196.32,196.345,150387
2026-07-27 12:59:00,196.345,196.39,196.1805,196.3251,192095
2026-07-27 13:00:00,196.33,196.4,196.16,196.345,178620
2026-07-27 13:01:00,196.34,196.37,196.12,196.165,157329
2026-07-27 13:02:00,196.1699,196.24,195.9,195.9899,443253
2026-07-27 13:03:00,195.97,196.0798,195.91,196.0499,197464
2026-07-27 13:04:00,196.04,196.1099,195.78,195.8101,320176
2026-07-27 13:05:00,195.81,195.9396,195.62,195.81,284175
2026-07-27 13:06:00,195.81,195.845,195.5801,195.755,244852
2026-07-27 13:07:00,195.76,195.95,195.76,195.935,281134
2026-07-27 13:08:00,195.935,196.0099,195.77,195.81,284316
2026-07-27 13:09:00,195.8299,195.88,195.74,195.79,146377
2026-07-27 13:10:00,195.745,195.85,195.65,195.79,208210
2026-07-27 13:11:00,195.79,195.7993,195.6626,195.6903,159083
2026-07-27 13:12:00,195.71,196.03,195.64,195.92,199315
2026-07-27 13:13:00,195.93,196.01,195.8,195.88,224022
2026-07-27 13:14:00,195.925,196.07,195.8999,195.995,174501
2026-07-27 13:15:00,195.995,196.0199,195.84,195.9599,139504
2026-07-27 13:16:00,195.955,196.01,195.76,195.81,160779
2026-07-27 13:17:00,195.8,195.82,195.5,195.61,331079
2026-07-27 13:18:00,195.61,195.61,195.46,195.5,214095
2026-07-27 13:19:00,195.5,195.62,195.45,195.56,222520
2026-07-27 13:20:00,195.55,195.8193,195.465,195.775,224485
2026-07-27 13:21:00,195.7798,195.81,195.57,195.58,162347
2026-07-27 13:22:00,195.5701,195.67,195.45,195.57,223342
2026-07-27 13:23:00,195.57,195.7,195.535,195.61,155329
2026-07-27 13:24:00,195.6002,195.63,195.51,195.54,344690
2026-07-27 13:25:00,195.555,195.6,195.46,195.48,199586
2026-07-27 13:26:00,195.48,195.71,195.44,195.7,213395
2026-07-27 13:27:00,195.7,195.78,195.6588,195.66,165366
2026-07-27 13:28:00,195.685,195.73,195.565,195.63,122456
2026-07-27 13:29:00,195.64,195.73,195.5101,195.57,141677
2026-07-27 13:30:00,195.58,195.68,195.5,195.68,106820
2026-07-27 13:31:00,195.65,195.75,195.6199,195.6399,140226
2026-07-27 13:32:00,195.65,195.91,195.56,195.91,202583
2026-07-27 13:33:00,195.91,196.08,195.89,196.025,163176
2026-07-27 13:34:00,196.02,196.12,195.98,196.04,164587
2026-07-27 13:35:00,196.039,196.14,196.0,196.075,173167
2026-07-27 13:36:00,196.0701,196.16,195.95,195.96,155130
2026-07-27 13:37:00,195.96,196.05,195.86,195.86,127624
2026-07-27 13:38:00,195.86,196.17,195.86,196.1064,153403
2026-07-27 13:39:00,196.11,196.11,195.95,195.95,188387
2026-07-27 13:40:00,195.915,195.98,195.845,195.86,162632
2026-07-27 13:41:00,195.86,196.08,195.75,196.01,195561
2026-07-27 13:42:00,196.0,196.11,195.84,195.9199,180171
2026-07-27 13:43:00,195.9099,195.97,195.82,195.96,97865
2026-07-27 13:44:00,195.9451,195.97,195.8062,195.9,115018
2026-07-27 13:45:00,195.91,195.93,195.76,195.81,123269
2026-07-27 13:46:00,195.82,196.24,195.8001,196.195,707362
2026-07-27 13:47:00,196.1963,196.39,196.1301,196.195,244488
2026-07-27 13:48:00,196.18,196.3399,196.14,196.1801,157502
2026-07-27 13:49:00,196.185,196.22,196.12,196.14,111878
2026-07-27 13:50:00,196.145,196.35,196.12,196.3,142307
2026-07-27 13:51:00,196.31,196.335,196.17,196.285,112787
2026-07-27 13:52:00,196.3,196.45,196.26,196.44,132552
2026-07-27 13:53:00,196.44,196.45,196.22,196.33,207083
2026-07-27 13:54:00,196.33,196.5499,196.31,196.54,184962
2026-07-27 13:55:00,196.545,196.6794,196.48,196.5796,216524
2026-07-27 13:56:00,196.56,196.69,196.53,196.65,182040
2026-07-27 13:57:00,196.65,196.6867,196.49,196.53,143777
2026-07-27 13:58:00,196.54,196.68,196.535,196.64,198785
2026-07-27 13:59:00,196.635,196.8394,196.625,196.795,226522
2026-07-27 14:00:00,196.8,196.96,196.8,196.805,207448
2026-07-27 14:01:00,196.8099,197.0,196.77,196.88,197945
2026-07-27 14:02:00,196.875,197.02,196.76,196.95,218520
2026-07-27 14:03:00,196.945,197.03,196.87,197.03,173255
2026-07-27 14:04:00,197.0299,197.08,196.83,196.85,175721
2026-07-27 14:05:00,196.855,196.86,196.67,196.6803,232681
2026-07-27 14:06:00,196.69,196.73,196.4,196.41,259118
2026-07-27 14:07:00,196.41,196.55,196.402,196.49,154004
2026-07-27 14:08:00,196.49,196.5006,196.37,196.415,137757
2026-07-27 14:09:00,196.415,196.58,196.41,196.515,162643
2026-07-27 14:10:00,196.51,196.57,196.445,196.505,144722
2026-07-27 14:11:00,196.5,196.58,196.39,196.4101,143933
2026-07-27 14:12:00,196.419,196.5,196.36,196.49,189677
2026-07-27 14:13:00,196.4801,196.5299,196.35,196.51,127645
2026-07-27 14:14:00,196.5103,196.64,196.47,196.613,115102
2026-07-27 14:15:00,196.6066,196.6397,196.25,196.31,163111
2026-07-27 14:16:00,196.29,196.3254,196.13,196.15,214705
2026-07-27 14:17:00,196.15,196.4,196.05,196.39,181394
2026-07-27 14:18:00,196.4,196.47,196.3544,196.4599,166580
2026-07-27 14:19:00,196.4401,196.5685,196.42,196.4663,165316
2026-07-27 14:20:00,196.46,196.51,196.31,196.3799,124293
2026-07-27 14:21:00,196.37,196.4,196.28,196.345,124063
2026-07-27 14:22:00,196.34,196.38,196.25,196.26,100668
2026-07-27 14:23:00,196.26,196.46,196.22,196.31,143602
2026-07-27 14:24:00,196.315,196.57,196.28,196.52,122438
2026-07-27 14:25:00,196.515,196.6,196.455,196.4699,113742
2026-07-27 14:26:00,196.4699,196.66,196.4695,196.61,124138
2026-07-27 14:27:00,196.62,196.6998,196.6,196.6201,143535
2026-07-27 14:28:00,196.625,196.71,196.6,196.63,110659
2026-07-27 14:29:00,196.62,196.7499,196.57,196.705,109259
2026-07-27 14:30:00,196.695,196.7099,196.34,196.4599,192971
2026-07-27 14:31:00,196.45,196.51,196.26,196.29,298807
2026-07-27 14:32:00,196.295,196.435,196.2301,196.32,156884
2026-07-27 14:33:00,196.315,196.37,196.24,196.31,125271
2026-07-27 14:34:00,196.31,196.38,196.26,196.28,99730
2026-07-27 14:35:00,196.265,196.295,196.15,196.27,131427
2026-07-27 14:36:00,196.27,196.31,196.18,196.23,141863
2026-07-27 14:37:00,196.24,196.29,196.125,196.22,108513
2026-07-27 14:38:00,196.21,196.2901,196.2,196.2,115501
2026-07-27 14:39:00,196.2,196.24,196.1501,196.219,96411
2026-07-27 14:40:00,196.2,196.2,196.09,196.14,112338
2026-07-27 14:41:00,196.14,196.75,196.13,196.54,396430
2026-07-27 14:42:00,196.56,196.71,196.55,196.565,210757
2026-07-27 14:43:00,196.57,196.71,196.4,196.7,126103
2026-07-27 14:44:00,196.6999,196.8,196.68,196.7851,137705
2026-07-27 14:45:00,196.785,196.88,196.73,196.78,174626
2026-07-27 14:46:00,196.775,196.8477,196.7089,196.7089,141475
2026-07-27 14:47:00,196.715,196.79,196.61,196.79,133956
2026-07-27 14:48:00,196.79,196.9,196.67,196.8715,120065
2026-07-27 14:49:00,196.875,196.93,196.63,196.67,125663
2026-07-27 14:50:00,196.6799,196.75,196.55,196.61,141038
2026-07-27 14:51:00,196.62,196.91,196.62,196.885,164782
2026-07-27 14:52:00,196.89,197.29,196.8804,197.22,288746
2026-07-27 14:53:00,197.21,197.3,197.1717,197.26,217682
2026-07-27 14:54:00,197.27,197.33,197.16,197.28,195590
2026-07-27 14:55:00,197.29,197.63,197.29,197.5801,340387
2026-07-27 14:56:00,197.58,197.65,197.4002,197.42,302188
2026-07-27 14:57:00,197.42,197.47,197.25,197.3001,218291
2026-07-27 14:58:00,197.3001,197.32,197.09,197.2901,198717
2026-07-27 14:59:00,197.2997,197.48,197.28,197.4495,159865
2026-07-27 15:00:00,197.44,197.5099,197.27,197.3,191721
2026-07-27 15:01:00,197.2701,197.42,197.18,197.4,169723
2026-07-27 15:02:00,197.41,197.57,197.4,197.475,185352
2026-07-27 15:03:00,197.4799,197.575,197.395,197.495,174794
2026-07-27 15:04:00,197.5,197.61,197.3501,197.36,188847
2026-07-27 15:05:00,197.37,197.42,197.195,197.265,206350
2026-07-27 15:06:00,197.265,197.61,197.165,197.598,268930
2026-07-27 15:07:00,197.595,197.75,197.54,197.7,301483
2026-07-27 15:08:00,197.71,197.73,197.4901,197.615,340330
2026-07-27 15:09:00,197.61,197.76,197.61,197.62,210468
2026-07-27 15:10:00,197.6154,197.83,197.58,197.8,1101461
2026-07-27 15:11:00,197.7899,197.7999,197.57,197.695,176925
2026-07-27 15:12:00,197.71,197.795,197.629,197.6401,156387
2026-07-27 15:13:00,197.65,197.68,197.3801,197.57,255006
2026-07-27 15:14:00,197.55,197.67,197.415,197.51,164850
2026-07-27 15:15:00,197.51,197.58,197.41,197.48,190339
2026-07-27 15:16:00,197.5,197.695,197.435,197.5501,220901
2026-07-27 15:17:00,197.555,197.63,197.52,197.6201,166951
2026-07-27 15:18:00,197.625,197.72,197.6,197.655,170475
2026-07-27 15:19:00,197.655,197.71,197.56,197.67,161071
2026-07-27 15:20:00,197.7,197.79,197.65,197.7301,200864
2026-07-27 15:21:00,197.73,197.77,197.55,197.57,178658
2026-07-27 15:22:00,197.575,197.6899,197.49,197.68,188864
2026-07-27 15:23:00,197.6899,197.88,197.68,197.83,258839
2026-07-27 15:24:00,197.835,197.95,197.79,197.94,246991
2026-07-27 15:25:00,197.96,198.02,197.51,197.61,365474
2026-07-27 15:26:00,197.6,197.755,197.56,197.735,225938
2026-07-27 15:27:00,197.735,197.79,197.65,197.782,187141
2026-07-27 15:28:00,197.78,197.81,197.5501,197.5601,236232
2026-07-27 15:29:00,197.575,197.76,197.47,197.73,307130
2026-07-27 15:30:00,197.73,197.76,197.485,197.59,353551
2026-07-27 15:31:00,197.6,197.69,197.4672,197.5,200556
2026-07-27 15:32:00,197.49,197.63,197.45,197.58,191899
2026-07-27 15:33:00,197.575,197.63,197.41,197.63,206063
2026-07-27 15:34:00,197.61,197.72,197.57,197.63,168446
2026-07-27 15:35:00,197.619,197.83,197.51,197.71,275228
2026-07-27 15:36:00,197.7101,197.79,197.5605,197.6799,207747
2026-07-27 15:37:00,197.68,197.71,197.17,197.365,348201
2026-07-27 15:38:00,197.39,197.42,197.105,197.1301,233181
2026-07-27 15:39:00,197.13,197.14,196.75,196.81,406307
2026-07-27 15:40:00,196.79,196.88,196.6601,196.8299,312961
2026-07-27 15:41:00,196.81,196.9,196.71,196.79,266777
2026-07-27 15:42:00,196.8,196.978,196.79,196.93,304762
2026-07-27 15:43:00,196.94,197.03,196.8304,196.94,308687
2026-07-27 15:44:00,196.94,196.97,196.79,196.8,280281
2026-07-27 15:45:00,196.8,196.9,196.73,196.84,362471
2026-07-27 15:46:00,196.86,196.99,196.72,196.7899,259137
2026-07-27 15:47:00,196.795,196.8699,196.66,196.85,307827
2026-07-27 15:48:00,196.8201,196.95,196.8,196.92,248432
2026-07-27 15:49:00,196.925,197.1,196.905,197.02,531817
2026-07-27 15:50:00,197.03,197.4,196.97,197.1,601078
2026-07-27 15:51:00,197.1,197.1799,196.9501,197.12,363944
2026-07-27 15:52:00,197.12,197.14,196.94,197.06,340930
2026-07-27 15:53:00,197.055,197.165,196.89,196.9,439146
2026-07-27 15:54:00,196.89,197.185,196.86,197.1,524316
2026-07-27 15:55:00,197.09,197.11,196.65,196.94,817750
2026-07-27 15:56:00,196.95,197.16,196.875,196.96,722288
2026-07-27 15:57:00,196.97,196.98,196.44,196.455,824725
2026-07-27 15:58:00,196.475,196.69,196.44,196.56,956377
2026-07-27 15:59:00,196.57,196.66,196.31,196.52,2346564
2026-07-27 16:00:00,196.53,196.88,196.4817,196.5189,16531192
2026-07-27 16:01:00,196.56,196.6,196.51,196.57,0
2026-07-27 16:02:00,196.52,196.57,196.4985,196.51,0
2026-07-27 16:03:00,196.4985,197.0081,196.4,196.5087,0
2026-07-27 16:04:00,196.5,196.58,196.47,196.4996,0
2026-07-27 16:05:00,196.5,196.51,196.45,196.5,0
2026-07-27 16:06:00,196.46,196.51,196.45,196.49,0
2026-07-27 16:07:00,196.49,196.57,196.47,196.55,0
2026-07-27 16:08:00,196.57,196.65,196.51,196.6481,0
2026-07-27 16:09:00,196.63,196.65,196.51,196.6,0
2026-07-27 16:10:00,196.5975,196.62,196.51,196.55,0
2026-07-27 16:11:00,196.52,196.59,196.51,196.55,0
2026-07-27 16:12:00,196.56,196.62,196.5218,196.59,0
2026-07-27 16:13:00,196.59,196.67,196.551,196.67,0
2026-07-27 16:14:00,196.67,196.75,196.6515,196.74,0
2026-07-27 16:15:00,196.51,196.75,196.51,196.6885,0
2026-07-27 16:16:00,196.6823,196.75,196.66,196.73,0
2026-07-27 16:17:00,196.73,196.79,196.72,196.76,0
2026-07-27 16:18:00,196.76,196.79,196.65,196.73,0
2026-07-27 16:19:00,196.7289,196.73,196.652,196.68,0
2026-07-27 16:20:00,196.7,202.1699,196.65,196.6698,0
2026-07-27 16:21:00,196.6697,196.67,196.6,196.67,0
2026-07-27 16:22:00,196.67,196.67,196.6162,196.63,0
2026-07-27 16:23:00,196.6291,196.63,196.55,196.6,0
2026-07-27 16:24:00,196.6,196.67,196.5415,196.67,0
2026-07-27 16:25:00,196.631,196.75,196.631,196.75,0
2026-07-27 16:26:00,196.7401,196.75,196.7,196.73,0
2026-07-27 16:27:00,196.7373,196.74,196.6855,196.7,0
2026-07-27 16:28:00,196.7,196.72,196.61,196.65,0
2026-07-27 16:29:00,196.68,196.7,196.61,196.68,0
2026-07-27 16:30:00,196.62,196.69,196.62,196.68,0
2026-07-27 16:31:00,196.65,196.7,196.6215,196.7,0
2026-07-27 16:32:00,196.6992,196.8,196.67,196.7884,0
2026-07-27 16:33:00,196.8,196.9,196.7493,196.9,0
2026-07-27 16:34:00,196.8964,196.93,196.8562,196.93,0
2026-07-27 16:35:00,196.95,197.1,196.93,197.07,0
2026-07-27 16:36:00,197.0624,197.07,196.93,196.98,0
2026-07-27 16:37:00,196.94,197.07,196.94,197.07,0
2026-07-27 16:38:00,197.08,197.11,196.99,197.0383,0
2026-07-27 16:39:00,197.04,197.0682,197.0,197.04,0
2026-07-27 16:40:00,197.04,197.05,196.96,196.98,0
2026-07-27 16:41:00,196.98,197.05,196.96,197.05,0
2026-07-27 16:42:00,197.0376,197.1,197.01,197.05,0
2026-07-27 16:43:00,197.055,197.09,197.0,197.0013,0
2026-07-27 16:44:00,197.0169,197.02,196.96,197.0,0
2026-07-27 16:45:00,197.0,197.02,196.91,197.02,0
2026-07-27 16:46:00,197.0888,197.14,197.02,197.1105,0
2026-07-27 16:47:00,197.1118,197.13,197.02,197.0553,0
2026-07-27 16:48:00,197.0524,197.059,197.0069,197.0069,0
2026-07-27 16:49:00,197.02,197.02,196.9,196.9345,0
2026-07-27 16:50:00,196.94,196.99,196.9,196.9491,0
2026-07-27 16:51:00,196.95,196.95,196.9,196.9131,0
2026-07-27 16:52:00,196.91,206.0108,196.91,196.97,0
2026-07-27 16:53:00,196.97,196.97,196.91,196.94,0
2026-07-27 16:54:00,196.95,199.54,196.93,196.9803,0
2026-07-27 16:55:00,196.9847,197.05,196.94,196.9469,0
2026-07-27 16:56:00,196.94,196.95,196.91,196.9488,0
2026-07-27 16:57:00,196.9478,196.95,196.83,196.84,0
2026-07-27 16:58:00,196.9,196.9,196.83,196.85,0
2026-07-27 16:59:00,196.8496,196.95,196.83,196.94,0
2026-07-27 17:00:00,196.91,196.95,196.91,196.93,0
2026-07-27 17:01:00,196.93,196.94,196.91,196.9281,0
2026-07-27 17:02:00,196.93,196.93,196.91,196.9225,0
2026-07-27 17:03:00,196.9125,196.93,185.6813,196.9113,0
2026-07-27 17:04:00,196.92,196.95,196.91,196.9292,0
2026-07-27 17:05:00,196.93,196.95,191.7786,196.95,0
2026-07-27 17:06:00,196.95,196.95,189.5442,196.9303,0
2026-07-27 17:07:00,196.95,197.0381,196.93,197.005,0
2026-07-27 17:08:00,197.04,197.05,196.98,197.0206,0
2026-07-27 17:09:00,197.0,197.1,197.0,197.0873,0
2026-07-27 17:10:00,197.1,197.11,197.03,197.1091,0
2026-07-27 17:11:00,197.1015,197.12,197.08,197.0875,0
2026-07-27 17:12:00,197.1,206.0108,185.8865,197.1,0
2026-07-27 17:13:00,197.07,197.1,197.03,197.0305,0
2026-07-27 17:14:00,197.032,197.07,197.03,197.0385,0
2026-07-27 17:15:00,197.04,197.04,189.2625,196.98,0
2026-07-27 17:16:00,196.98,197.0,194.6835,196.9926,0
2026-07-27 17:17:00,197.0,197.0,185.8865,196.9678,0
2026-07-27 17:18:00,197.0,197.0,196.96,196.97,0
2026-07-27 17:19:00,196.97,197.02,196.96,197.0,0
2026-07-27 17:20:00,197.0,197.04,197.0,197.03,0
2026-07-27 17:21:00,197.0169,197.11,197.0,197.0042,0
2026-07-27 17:22:00,197.0402,197.1,197.0,197.1,0
2026-07-27 17:23:00,197.04,197.1,197.0,197.05,0
2026-07-27 17:24:00,197.02,197.1,197.0056,197.1,0
2026-07-27 17:25:00,197.0,197.1,197.0,197.06,0
2026-07-27 17:26:00,197.1,197.1,197.04,197.06,0
2026-07-27 17:27:00,197.06,197.11,197.0591,197.1085,0
2026-07-27 17:28:00,197.11,197.14,197.1,197.1298,0
2026-07-27 17:29:00,197.1292,197.18,197.0155,197.0995,0
2026-07-27 17:30:00,197.09,197.09,196.961,197.0,0
2026-07-27 17:31:00,196.98,197.0,196.96,196.991,0
2026-07-27 17:32:00,196.9662,197.08,196.9614,197.08,0
2026-07-27 17:33:00,197.08,197.08,197.0,197.05,0
2026-07-27 17:34:00,197.05,197.08,197.0,197.06,0
2026-07-27 17:35:00,197.07,197.08,197.05,197.0546,0
2026-07-27 17:36:00,197.07,197.08,197.0402,197.05,0
2026-07-27 17:37:00,197.0499,197.08,197.04,197.072,0
2026-07-27 17:38:00,197.075,197.1,197.04,197.08,0
2026-07-27 17:39:00,197.0811,197.13,197.0805,197.1,0
2026-07-27 17:40:00,197.1,197.1,197.09,197.1,0
2026-07-27 17:41:00,197.0903,197.11,197.0902,197.1,0
2026-07-27 17:42:00,197.0902,197.11,197.09,197.1,0
2026-07-27 17:43:00,197.1,197.11,196.99,197.0057,0
2026-07-27 17:44:00,197.0257,197.03,197.0,197.0001,0
2026-07-27 17:45:00,197.01,197.03,197.0,197.0295,0
2026-07-27 17:46:00,197.0295,197.03,197.02,197.0298,0
2026-07-27 17:47:00,197.0297,197.03,197.0201,197.03,0
2026-07-27 17:48:00,197.021,197.03,197.02,197.0285,0
2026-07-27 17:49:00,197.0215,197.03,197.02,197.0215,0
2026-07-27 17:50:00,197.0208,197.094,196.96,197.094,0
2026-07-27 17:51:00,197.094,197.1,196.96,197.0,0
2026-07-27 17:52:00,197.019,197.1,196.9617,197.0791,0
2026-07-27 17:53:00,197.1,197.1,197.03,197.0861,0
2026-07-27 17:54:00,197.06,197.1,197.05,197.08,0
2026-07-27 17:55:00,197.08,197.09,197.014,197.08,0
2026-07-27 17:56:00,197.0754,197.09,197.0,197.0257,0
2026-07-27 17:57:00,197.02,197.03,197.0085,197.0108,0
2026-07-27 17:58:00,197.0196,197.03,197.0,197.0007,0
2026-07-27 17:59:00,197.0046,197.01,197.0,197.01,0
2026-07-27 18:00:00,197.01,197.14,197.0,197.0848,0
2026-07-27 18:01:00,197.0807,197.09,196.96,197.03,0
2026-07-27 18:02:00,196.98,197.0,196.9,196.9001,0
2026-07-27 18:03:00,196.9292,197.0,196.9,196.955,0
2026-07-27 18:04:00,196.9874,196.99,196.8593,196.9,0
2026-07-27 18:05:00,196.87,196.94,196.83,196.87,0
2026-07-27 18:06:00,196.87,196.88,196.82,196.82,0
2026-07-27 18:07:00,196.83,196.83,196.71,196.7377,0
2026-07-27 18:08:00,196.7395,196.9,196.7,196.807,0
2026-07-27 18:09:00,196.9,196.946,196.7,196.7373,0
2026-07-27 18:10:00,196.7643,196.77,196.71,196.72,0
2026-07-27 18:11:00,196.73,196.75,196.65,196.6905,0
2026-07-27 18:12:00,196.7,196.71,196.65,196.71,0
2026-07-27 18:13:00,196.72,196.72,196.58,196.59,0
2026-07-27 18:14:00,196.5577,196.65,196.54,196.56,0
2026-07-27 18:15:00,196.54,196.7,196.54,196.6,0
2026-07-27 18:16:00,196.59,196.65,196.58,196.59,0
2026-07-27 18:17:00,196.64,196.65,196.58,196.64,0
2026-07-27 18:18:00,196.7,196.7,196.6,196.6114,0
2026-07-27 18:19:00,196.7,196.7,196.61,196.64,0
2026-07-27 18:20:00,196.65,196.65,196.55,196.58,0
2026-07-27 18:21:00,196.6345,196.65,196.51,196.6,0
2026-07-27 18:22:00,196.57,196.5987,196.55,196.55,0
2026-07-27 18:23:00,196.59,196.65,196.55,196.6,0
2026-07-27 18:24:00,196.65,196.65,196.42,196.5397,0
2026-07-27 18:25:00,196.43,196.55,196.33,196.3468,0
2026-07-27 18:26:00,196.3495,196.43,196.27,196.408,0
2026-07-27 18:27:00,196.3301,196.41,196.31,196.31,0
2026-07-27 18:28:00,196.35,196.4,196.27,196.35,0
2026-07-27 18:29:00,196.4,196.4,196.25,196.3092,0
2026-07-27 18:30:00,196.3,196.4,196.25,196.31,0
2026-07-27 18:31:00,196.312,196.57,196.31,196.41,0
2026-07-27 18:32:00,196.3736,196.5,196.35,196.5,0
2026-07-27 18:33:00,196.4812,196.4812,196.4,196.4271,0
2026-07-27 18:34:00,196.43,196.4507,196.3,196.4,0
2026-07-27 18:35:00,196.3831,196.42,196.31,196.37,0
2026-07-27 18:36:00,196.39,196.5,196.37,196.402,0
2026-07-27 18:37:00,196.4,196.45,196.31,196.4,0
2026-07-27 18:38:00,196.31,196.3861,196.31,196.35,0
2026-07-27 18:39:00,196.35,196.4,196.322,196.3986,0
2026-07-27 18:40:00,196.4,196.4,196.3,196.3832,0
2026-07-27 18:41:00,196.3832,196.4,196.3,196.32,0
2026-07-27 18:42:00,196.34,196.35,196.3,196.35,0
2026-07-27 18:43:00,196.33,196.39,196.312,196.36,0
2026-07-27 18:44:00,196.38,196.38,196.3,196.33,0
2026-07-27 18:45:00,196.33,196.38,196.301,196.34,0
2026-07-27 18:46:00,196.37,196.37,196.3077,196.35,0
2026-07-27 18:47:00,196.3498,196.38,196.3,196.37,0
2026-07-27 18:48:00,196.38,196.45,196.3462,196.4,0
2026-07-27 18:49:00,196.4368,196.5,196.401,196.4856,0
2026-07-27 18:50:00,196.49,196.49,196.4,196.4197,0
2026-07-27 18:51:00,196.4177,196.5,196.3946,196.4991,0
2026-07-27 18:52:00,196.4986,196.5,196.45,196.49,0
2026-07-27 18:53:00,196.47,196.49,196.45,196.46,0
2026-07-27 18:54:00,196.5,196.5,196.35,196.45,0
2026-07-27 18:55:00,196.45,196.45,196.36,196.4385,0
2026-07-27 18:56:00,196.42,196.4291,196.38,196.39,0
2026-07-27 18:57:00,196.3646,196.43,196.306,196.3445,0
2026-07-27 18:58:00,196.3445,196.39,196.3,196.35,0
2026-07-27 18:59:00,196.35,196.39,196.3,196.36,0
2026-07-27 19:00:00,196.3887,196.45,196.3,196.33,0
2026-07-27 19:01:00,196.4,196.45,196.25,196.33,0
2026-07-27 19:02:00,196.3,196.42,196.25,196.2678,0
2026-07-27 19:03:00,196.25,196.3475,196.25,196.2512,0
2026-07-27 19:04:00,196.28,196.3,196.1,196.1,0
2026-07-27 19:05:00,196.2,196.4,196.1,196.3631,0
2026-07-27 19:06:00,196.39,196.4,196.25,196.3876,0
2026-07-27 19:07:00,196.39,196.39,196.3,196.3,0
2026-07-27 19:08:00,196.35,196.35,196.2,196.2,0
2026-07-27 19:09:00,196.3,196.3,196.2,196.25,0
2026-07-27 19:10:00,196.2206,196.29,196.2,196.23,0
2026-07-27 19:11:00,196.2054,196.2605,196.2,196.21,0
2026-07-27 19:12:00,196.21,196.2872,196.18,196.27,0
2026-07-27 19:13:00,196.2695,196.29,196.18,196.23,0
2026-07-27 19:14:00,196.23,196.24,196.18,196.18,0
2026-07-27 19:15:00,196.1808,196.2,196.15,196.16,0
2026-07-27 19:16:00,196.2,196.26,196.15,196.1889,0
2026-07-27 19:17:00,196.1662,196.29,196.15,196.29,0
2026-07-27 19:18:00,196.3,196.3079,196.16,196.24,0
2026-07-27 19:19:00,196.2672,196.27,196.18,196.2505,0
2026-07-27 19:20:00,196.2698,196.45,196.25,196.35,0
2026-07-27 19:21:00,196.2724,196.4,196.2724,196.3831,0
2026-07-27 19:22:00,196.3641,196.47,196.36,196.37,0
2026-07-27 19:23:00,196.37,196.4,196.2739,196.33,0
2026-07-27 19:24:00,196.34,196.49,196.2639,196.36,0
2026-07-27 19:25:00,196.4281,196.43,196.35,196.37,0
2026-07-27 19:26:00,196.39,196.39,196.2535,196.34,0
2026-07-27 19:27:00,196.34,196.35,196.3201,196.3201,0
2026-07-27 19:28:00,196.34,196.42,196.32,196.3907,0
2026-07-27 19:29:00,196.4184,196.4299,196.4,196.41,0
2026-07-27 19:30:00,196.41,196.42,196.4,196.4,0
2026-07-27 19:31:00,196.4487,196.47,196.3517,196.4212,0
2026-07-27 19:32:00,196.4277,196.51,196.4,196.4,0
2026-07-27 19:33:00,196.47,196.51,196.4025,196.5,0
2026-07-27 19:34:00,196.49,196.5,196.42,196.46,0
2026-07-27 19:35:00,196.422,196.5,196.39,196.39,0
2026-07-27 19:36:00,196.39,196.47,196.33,196.45,0
2026-07-27 19:37:00,196.4665,196.47,196.33,196.4,0
2026-07-27 19:38:00,196.43,196.43,196.33,196.4,0
2026-07-27 19:39:00,196.37,196.42,196.3362,196.3801,0
2026-07-27 19:40:00,196.43,196.43,196.3,196.34,0
2026-07-27 19:41:00,196.36,196.3877,196.33,196.37,0
2026-07-27 19:42:00,196.398,196.4,196.32,196.4,0
2026-07-27 19:43:00,196.3876,196.3876,196.3,196.34,0
2026-07-27 19:44:00,196.3388,196.34,196.2,196.27,0
2026-07-27 19:45:00,196.26,196.36,196.22,196.3,0
2026-07-27 19:46:00,196.3,196.32,196.24,196.25,0
2026-07-27 19:47:00,196.21,196.25,196.19,196.2,0
2026-07-27 19:48:00,196.2,196.2,196.1,196.1,0
2026-07-27 19:49:00,196.1099,196.17,196.1,196.1,0
2026-07-27 19:50:00,196.1,196.17,196.09,196.0901,0
2026-07-27 19:51:00,196.1,196.5,196.1,196.28,0
2026-07-27 19:52:00,196.44,196.5,196.197,196.3988,0
2026-07-27 19:53:00,196.37,196.4,196.17,196.2967,0
2026-07-27 19:54:00,196.1986,196.39,196.1852,196.28,0
2026-07-27 19:55:00,196.25,196.39,196.25,196.2824,0
2026-07-27 19:56:00,196.3,196.3,196.2,196.2173,0
2026-07-27 19:57:00,196.24,196.26,196.18,196.2,0
2026-07-27 19:58:00,196.2138,196.22,196.18,196.1981,0
2026-07-27 19:59:00,196.2,196.2,196.062,196.14,0
2026-07-28 04:00:00,194.2,196.51,193.0,193.8,0
2026-07-28 04:01:00,193.79,194.86,193.0,193.8847,0
2026-07-28 04:02:00,193.72,193.85,193.5995,193.75,0
2026-07-28 04:03:00,193.71,193.84,193.55,193.8255,0
2026-07-28 04:04:00,193.82,194.001,193.52,193.52,0
2026-07-28 04:05:00,193.66,193.9088,193.61,193.79,0
2026-07-28 04:06:00,193.89,193.99,193.78,193.85,0
2026-07-28 04:07:00,193.99,194.84,193.06,193.72,0
2026-07-28 04:08:00,193.72,193.8888,193.65,193.69,0
2026-07-28 04:09:00,193.66,193.82,193.6,193.6,0
2026-07-28 04:10:00,193.62,193.62,193.3291,193.3291,0
2026-07-28 04:11:00,193.3,193.49,193.28,193.42,0
2026-07-28 04:12:00,193.4,193.5,193.26,193.47,0
2026-07-28 04:13:00,193.46,193.49,193.3292,193.34,0
2026-07-28 04:14:00,193.37,193.48,193.25,193.2837,0
2026-07-28 04:15:00,193.3,193.73,193.1885,193.73,0
2026-07-28 04:16:00,193.84,194.0,193.75,193.91,0
2026-07-28 04:17:00,193.9088,194.0788,193.81,193.903,0
2026-07-28 04:18:00,193.95,194.1888,193.9,194.053,0
2026-07-28 04:19:00,194.05,194.4305,194.05,194.24,0
2026-07-28 04:20:00,194.25,194.34,194.11,194.3,0
2026-07-28 04:21:00,194.21,194.387,194.2,194.28,0
2026-07-28 04:22:00,194.24,194.33,194.22,194.283,0
2026-07-28 04:23:00,194.29,194.34,194.0,194.34,0
2026-07-28 04:24:00,194.34,194.44,194.23,194.4016,0
2026-07-28 04:25:00,194.4267,194.43,194.26,194.26,0
2026-07-28 04:26:00,194.2344,194.3488,194.21,194.22,0
2026-07-28 04:27:00,194.35,194.35,194.27,194.29,0
2026-07-28 04:28:00,194.28,194.4,194.24,194.29,0
2026-07-28 04:29:00,194.28,194.3911,194.27,194.33,0
2026-07-28 04:30:00,194.36,194.4,194.21,194.22,0
2026-07-28 04:31:00,194.26,194.3,194.1111,194.21,0
2026-07-28 04:32:00,194.21,194.3,194.17,194.17,0
2026-07-28 04:33:00,194.23,194.44,194.18,194.44,0
2026-07-28 04:34:00,194.42,194.56,194.37,194.56,0
2026-07-28 04:35:00,194.56,194.7488,194.51,194.5537,0
2026-07-28 04:36:00,194.55,194.5788,194.5,194.52,0
2026-07-28 04:37:00,194.52,194.6465,194.37,194.56,0
2026-07-28 04:38:00,194.62,194.7952,194.56,194.69,0
2026-07-28 04:39:00,194.75,194.7788,194.5012,194.73,0
2026-07-28 04:40:00,194.59,194.85,194.59,194.73,0
2026-07-28 04:41:00,194.86,194.91,194.74,194.91,0
2026-07-28 04:42:00,194.9,194.93,194.86,194.93,0
2026-07-28 04:43:00,194.89,194.9602,194.86,194.9602,0
2026-07-28 04:44:00,195.0,195.18,194.9,194.9118,0
2026-07-28 04:45:00,194.91,194.9295,194.85,194.8853,0
2026-07-28 04:46:00,194.8877,194.8877,194.5435,194.67,0
2026-07-28 04:47:00,194.6692,194.94,194.635,194.94,0
2026-07-28 04:48:00,194.77,194.8052,194.54,194.54,0
2026-07-28 04:49:00,194.62,194.8,194.56,194.7,0
2026-07-28 04:50:00,194.65,194.8388,194.6,194.65,0
2026-07-28 04:51:00,194.6547,194.8275,194.48,194.55,0
2026-07-28 04:52:00,194.5,194.6757,194.4,194.6757,0
2026-07-28 04:53:00,194.58,194.68,194.5142,194.53,0
2026-07-28 04:54:00,194.524,194.67,194.5,194.52,0
2026-07-28 04:55:00,194.59,194.68,194.446,194.6,0
2026-07-28 04:56:00,194.68,194.7288,194.55,194.66,0
2026-07-28 04:57:00,194.64,194.8344,194.54,194.6988,0
2026-07-28 04:58:00,194.54,194.686,194.5122,194.5122,0
2026-07-28 04:59:00,194.56,194.56,194.44,194.5,0
2026-07-28 05:00:00,194.5565,194.56,194.35,194.56,0
2026-07-28 05:01:00,194.5,194.5552,194.245,194.55,0
2026-07-28 05:02:00,194.34,194.4447,194.2412,194.39,0
2026-07-28 05:03:00,194.4,194.55,194.27,194.3,0
2026-07-28 05:04:00,194.35,194.5537,194.3,194.5537,0
2026-07-28 05:05:00,194.41,194.5,194.36,194.45,0
2026-07-28 05:06:00,194.5,194.5588,194.3455,194.48,0
2026-07-28 05:07:00,194.48,194.56,194.2995,194.42,0
2026-07-28 05:08:00,194.32,194.5,194.28,194.37,0
2026-07-28 05:09:00,194.4,194.53,194.36,194.45,0
2026-07-28 05:10:00,194.4,194.474,194.33,194.39,0
2026-07-28 05:11:00,194.53,194.53,194.3988,194.47,0
2026-07-28 05:12:00,194.53,194.54,194.35,194.38,0
2026-07-28 05:13:00,194.5,194.5198,194.25,194.26,0
2026-07-28 05:14:00,194.357,194.357,194.1042,194.24,0
2026-07-28 05:15:00,194.25,194.25,194.15,194.247,0
2026-07-28 05:16:00,194.228,194.4425,194.15,194.24,0
2026-07-28 05:17:00,194.2185,194.3862,194.1615,194.27,0
2026-07-28 05:18:00,194.2512,194.43,194.2,194.3411,0
2026-07-28 05:19:00,194.2144,194.3788,194.181,194.27,0
2026-07-28 05:20:00,194.4242,194.4245,194.2309,194.26,0
2026-07-28 05:21:00,194.4,194.4,194.28,194.4,0
2026-07-28 05:22:00,194.31,194.426,194.274,194.39,0
2026-07-28 05:23:00,194.35,194.4,194.31,194.3667,0
2026-07-28 05:24:00,194.32,194.3688,194.2,194.2988,0
2026-07-28 05:25:00,194.22,194.2975,194.15,194.15,0
2026-07-28 05:26:00,194.23,194.3,194.16,194.2337,0
2026-07-28 05:27:00,194.2982,194.3,194.2337,194.2337,0
2026-07-28 05:28:00,194.3,194.54,194.3,194.52,0
2026-07-28 05:29:00,194.56,194.78,194.55,194.65,0
2026-07-28 05:30:00,194.65,194.65,194.5,194.6267,0
2026-07-28 05:31:00,194.52,194.63,194.5,194.59,0
2026-07-28 05:32:00,194.5,194.5988,194.4,194.47,0
2026-07-28 05:33:00,194.4095,194.54,194.4095,194.54,0
2026-07-28 05:34:00,194.529,194.5682,194.5,194.52,0
2026-07-28 05:35:00,194.52,194.5682,194.5,194.56,0
2026-07-28 05:36:00,194.56,194.57,194.47,194.5,0
2026-07-28 05:37:00,194.4,194.51,194.4,194.4,0
2026-07-28 05:38:00,194.45,194.5,194.4,194.5,0
2026-07-28 05:39:00,194.6,194.8,194.5,194.56,0
2026-07-28 05:40:00,194.63,194.63,194.5,194.5975,0
2026-07-28 05:41:00,194.57,194.57,194.5,194.5,0
2026-07-28 05:42:00,194.5,194.66,194.5,194.575,0
2026-07-28 05:43:00,194.63,194.8135,194.5083,194.56,0
2026-07-28 05:44:00,194.502,194.578,194.4,194.5267,0
2026-07-28 05:45:00,194.48,194.5497,194.4,194.5388,0
2026-07-28 05:46:00,194.474,194.5762,194.4,194.46,0
2026-07-28 05:47:00,194.52,194.52,194.43,194.46,0
2026-07-28 05:48:00,194.47,194.4988,194.4,194.4487,0
2026-07-28 05:49:00,194.43,194.54,194.43,194.44,0
2026-07-28 05:50:00,194.52,194.55,194.48,194.5,0
2026-07-28 05:51:00,194.4582,194.51,194.4,194.48,0
2026-07-28 05:52:00,194.45,194.57,194.4038,194.57,0
2026-07-28 05:53:00,194.5,194.5385,194.4,194.4925,0
2026-07-28 05:54:00,194.5,194.5,194.4,194.47,0
2026-07-28 05:55:00,194.47,194.54,194.45,194.5,0
2026-07-28 05:56:00,194.5,194.5382,194.4003,194.4003,0
2026-07-28 05:57:00,194.42,194.51,194.37,194.3992,0
2026-07-28 05:58:00,194.38,194.49,194.35,194.49,0
2026-07-28 05:59:00,194.51,194.57,194.51,194.52,0
2026-07-28 06:00:00,194.5,194.63,194.4412,194.63,0
2026-07-28 06:01:00,194.6632,194.6632,194.4,194.65,0
2026-07-28 06:02:00,194.6688,194.67,194.6,194.6,0
2026-07-28 06:03:00,194.65,194.65,194.6,194.63,0
2026-07-28 06:04:00,194.6305,194.74,194.63,194.74,0
2026-07-28 06:05:00,194.74,194.74,194.63,194.66,0
2026-07-28 06:06:00,194.65,194.7,194.6,194.6,0
2026-07-28 06:07:00,194.6,194.6975,194.5047,194.6,0
2026-07-28 06:08:00,194.6036,194.6975,194.4,194.4,0
2026-07-28 06:09:00,194.5,194.5988,194.4,194.5,0
2026-07-28 06:10:00,194.56,194.59,194.46,194.46,0
2026-07-28 06:11:00,194.4911,194.5,194.35,194.4975,0
2026-07-28 06:12:00,194.4158,194.58,194.41,194.58,0
2026-07-28 06:13:00,194.5043,194.6,194.4827,194.55,0
2026-07-28 06:14:00,194.5512,194.5988,194.55,194.55,0
2026-07-28 06:15:00,194.5482,194.5482,194.48,194.5,0
2026-07-28 06:16:00,194.49,194.7,194.49,194.59,0
2026-07-28 06:17:00,194.6549,194.689,194.65,194.67,0
2026-07-28 06:18:00,194.67,194.713,194.62,194.67,0
2026-07-28 06:19:00,194.7,194.729,194.6415,194.6985,0
2026-07-28 06:20:00,194.6985,194.739,194.6411,194.6792,0
2026-07-28 06:21:00,194.6507,194.6975,194.43,194.4545,0
2026-07-28 06:22:00,194.6255,194.6255,194.45,194.52,0
2026-07-28 06:23:00,194.5,194.5801,194.3682,194.44,0
2026-07-28 06:24:00,194.4,194.4975,194.31,194.3638,0
2026-07-28 06:25:00,194.4288,194.5,194.313,194.5,0
2026-07-28 06:26:00,194.4,194.4827,194.35,194.4133,0
2026-07-28 06:27:00,194.39,194.5,194.31,194.41,0
2026-07-28 06:28:00,194.4224,194.6388,194.4,194.614,0
2026-07-28 06:29:00,194.6367,194.7,194.5123,194.6512,0
2026-07-28 06:30:00,194.7,194.826,194.65,194.826,0
2026-07-28 06:31:00,194.76,194.85,194.76,194.77,0
2026-07-28 06:32:00,194.82,194.85,194.71,194.84,0
2026-07-28 06:33:00,194.713,194.8288,194.7127,194.81,0
2026-07-28 06:34:00,194.83,194.85,194.31,194.49,0
2026-07-28 06:35:00,194.4,194.5217,194.2,194.27,0
2026-07-28 06:36:00,194.2,194.4047,194.107,194.25,0
2026-07-28 06:37:00,194.28,194.4635,194.17,194.36,0
2026-07-28 06:38:00,194.2112,194.3562,194.0035,194.0682,0
2026-07-28 06:39:00,194.0001,194.0606,194.0001,194.02,0
2026-07-28 06:40:00,194.0017,194.0691,193.81,193.895,0
2026-07-28 06:41:00,193.88,193.93,193.8,193.8,0
2026-07-28 06:42:00,193.9,193.996,193.607,193.86,0
2026-07-28 06:43:00,193.86,193.9,193.75,193.76,0
2026-07-28 06:44:00,193.84,194.095,193.7855,194.095,0
2026-07-28 06:45:00,193.97,194.1662,193.7855,194.04,0
2026-07-28 06:46:00,194.112,194.16,193.93,194.087,0
2026-07-28 06:47:00,194.07,194.2,194.0,194.01,0
2026-07-28 06:48:00,194.1952,194.1952,194.01,194.15,0
2026-07-28 06:49:00,194.15,194.1988,194.03,194.04,0
2026-07-28 06:50:00,194.05,194.1474,194.03,194.1,0
2026-07-28 06:51:00,194.1487,194.1988,194.1,194.18,0
2026-07-28 06:52:00,194.15,194.18,194.15,194.1792,0
2026-07-28 06:53:00,194.15,194.2,194.15,194.2,0
2026-07-28 06:54:00,194.26,194.4852,194.21,194.42,0
2026-07-28 06:55:00,194.41,194.49,194.3432,194.49,0
2026-07-28 06:56:00,194.42,194.489,194.4,194.46,0
2026-07-28 06:57:00,194.4885,194.4885,194.431,194.4885,0
2026-07-28 06:58:00,194.4315,194.5,194.43,194.469,0
2026-07-28 06:59:00,194.42,194.55,194.42,194.5488,0
2026-07-28 07:00:00,194.55,194.85,194.3,194.45,0
2026-07-28 07:01:00,194.4112,196.51,194.3,194.3481,0
2026-07-28 07:02:00,194.3481,194.4,194.15,194.25,0
2026-07-28 07:03:00,194.24,194.3,194.1,194.24,0
2026-07-28 07:04:00,194.19,194.24,194.15,194.239,0
2026-07-28 07:05:00,194.16,194.34,194.15,194.32,0
2026-07-28 07:06:00,194.33,194.529,194.21,194.44,0
2026-07-28 07:07:00,194.48,194.5,194.2,194.2,0
2026-07-28 07:08:00,194.24,194.3,194.2,194.22,0
2026-07-28 07:09:00,194.23,194.33,194.2,194.2097,0
2026-07-28 07:10:00,194.2014,194.35,194.2,194.35,0
2026-07-28 07:11:00,194.3,194.3,194.23,194.23,0
2026-07-28 07:12:00,194.2301,194.45,194.2301,194.3811,0
2026-07-28 07:13:00,194.32,194.466,194.3,194.3912,0
2026-07-28 07:14:00,194.3968,194.4,194.27,194.3,0
2026-07-28 07:15:00,194.33,194.98,194.28,194.72,0
2026-07-28 07:16:00,194.75,194.8988,194.4245,194.7,0
2026-07-28 07:17:00,194.75,194.79,194.6035,194.6704,0
2026-07-28 07:18:00,194.7343,195.0,194.67,194.79,0
2026-07-28 07:19:00,194.79,195.0,194.6812,195.0,0
2026-07-28 07:20:00,194.9652,195.14,194.6494,194.8,0
2026-07-28 07:21:00,194.85,195.0,194.74,194.8269,0
2026-07-28 07:22:00,194.7622,195.14,194.75,195.1022,0
2026-07-28 07:23:00,195.0982,195.18,194.99,195.1,0
2026-07-28 07:24:00,195.04,195.18,195.0,195.039,0
2026-07-28 07:25:00,195.0,195.09,194.9,194.973,0
2026-07-28 07:26:00,195.0,195.0862,194.86,194.94,0
2026-07-28 07:27:00,194.8719,194.95,194.8,194.9,0
2026-07-28 07:28:00,194.9,194.9487,194.79,194.8135,0
2026-07-28 07:29:00,194.9,194.95,194.67,194.7999,0
2026-07-28 07:30:00,194.75,194.75,194.5997,194.6423,0
2026-07-28 07:31:00,194.65,194.65,194.2,194.25,0
2026-07-28 07:32:00,194.15,194.49,194.15,194.31,0
2026-07-28 07:33:00,194.28,194.35,194.24,194.24,0
2026-07-28 07:34:00,194.25,194.33,194.18,194.23,0
2026-07-28 07:35:00,194.2321,194.27,194.14,194.24,0
2026-07-28 07:36:00,194.23,194.79,194.15,194.6,0
2026-07-28 07:37:00,194.51,194.58,194.2455,194.39,0
2026-07-28 07:38:00,194.39,194.4,194.26,194.3,0
2026-07-28 07:39:00,194.31,194.37,194.22,194.28,0
2026-07-28 07:40:00,194.27,194.3,194.21,194.26,0
2026-07-28 07:41:00,194.24,194.25,194.03,194.06,0
2026-07-28 07:42:00,194.07,194.2265,194.06,194.0969,0
2026-07-28 07:43:00,194.09,194.33,194.09,194.29,0
2026-07-28 07:44:00,194.25,194.4,194.24,194.24,0
2026-07-28 07:45:00,194.2946,194.58,194.25,194.55,0
2026-07-28 07:46:00,194.58,194.76,194.557,194.68,0
2026-07-28 07:47:00,194.7,194.867,194.62,194.7688,0
2026-07-28 07:48:00,194.8417,195.0,194.64,195.0,0
2026-07-28 07:49:00,194.94,195.0,194.7,194.85,0
2026-07-28 07:50:00,194.82,194.99,194.81,194.8293,0
2026-07-28 07:51:00,194.83,194.98,194.8017,194.88,0
2026-07-28 07:52:00,194.97,195.0,194.85,194.9495,0
2026-07-28 07:53:00,194.9345,194.96,194.8,194.86,0
2026-07-28 07:54:00,194.92,194.95,194.85,194.9,0
2026-07-28 07:55:00,194.94,195.11,194.91,195.0688,0
2026-07-28 07:56:00,195.07,195.18,195.0,195.14,0
2026-07-28 07:57:00,195.14,195.27,195.0,195.1654,0
2026-07-28 07:58:00,195.19,195.53,195.1616,195.495,0
2026-07-28 07:59:00,195.53,195.7775,195.47,195.5951,0
2026-07-28 08:00:00,195.55,195.75,195.48,195.67,0
2026-07-28 08:01:00,195.61,195.68,195.55,195.5772,0
2026-07-28 08:02:00,195.58,195.65,195.5,195.5739,0
2026-07-28 08:03:00,195.65,195.65,195.5,195.59,0
2026-07-28 08:04:00,195.58,195.79,195.5141,195.66,0
2026-07-28 08:05:00,195.6566,195.78,195.59,195.7754,0
2026-07-28 08:06:00,195.78,195.88,195.56,195.64,0
2026-07-28 08:07:00,195.64,195.89,195.5,195.75,0
2026-07-28 08:08:00,195.78,195.8475,195.74,195.7452,0
2026-07-28 08:09:00,195.77,195.97,195.7425,195.89,0
2026-07-28 08:10:00,195.8846,195.89,195.73,195.78,0
2026-07-28 08:11:00,195.7512,195.89,195.73,195.7591,0
2026-07-28 08:12:00,195.7896,195.8,195.5,195.5878,0
2026-07-28 08:13:00,195.5794,195.69,195.47,195.55,0
2026-07-28 08:14:00,195.617,195.67,195.5,195.5279,0
2026-07-28 08:15:00,195.53,195.65,195.5,195.52,0
2026-07-28 08:16:00,195.5,195.68,195.5,195.68,0
2026-07-28 08:17:00,195.66,195.7,195.51,195.51,0
2026-07-28 08:18:00,195.61,195.78,195.57,195.7454,0
2026-07-28 08:19:00,195.74,195.8,195.6427,195.6508,0
2026-07-28 08:20:00,195.69,195.8,195.64,195.66,0
2026-07-28 08:21:00,195.7,195.7,195.6,195.6114,0
2026-07-28 08:22:00,195.61,195.64,195.6,195.64,0
2026-07-28 08:23:00,195.6149,195.75,195.51,195.55,0
2026-07-28 08:24:00,195.7,195.72,195.55,195.68,0
2026-07-28 08:25:00,195.62,196.06,195.62,195.9984,0
2026-07-28 08:26:00,196.0,196.08,195.88,195.95,0
2026-07-28 08:27:00,196.0133,196.0277,195.75,195.94,0
2026-07-28 08:28:00,195.94,195.94,195.75,195.76,0
2026-07-28 08:29:00,195.79,195.86,195.75,195.79,0
2026-07-28 08:30:00,195.86,196.06,195.8,195.98,0
2026-07-28 08:31:00,196.0099,196.0099,195.48,195.6551,0
2026-07-28 08:32:00,195.6397,195.7361,195.57,195.61,0
2026-07-28 08:33:00,195.6861,195.7,195.56,195.64,0
2026-07-28 08:34:00,195.64,195.68,195.47,195.63,0
2026-07-28 08:35:00,195.6,195.72,195.5506,195.6992,0
2026-07-28 08:36:00,195.65,195.8,195.62,195.73,0
2026-07-28 08:37:00,195.78,195.8,195.5164,195.5164,0
2026-07-28 08:38:00,195.61,195.89,195.5,195.75,0
2026-07-28 08:39:00,195.7599,195.7599,195.6,195.62,0
2026-07-28 08:40:00,195.63,195.7,195.45,195.5498,0
2026-07-28 08:41:00,195.55,195.55,195.4,195.5243,0
2026-07-28 08:42:00,195.49,195.94,195.47,195.84,0
2026-07-28 08:43:00,195.89,196.03,195.84,195.84,0
2026-07-28 08:44:00,195.92,196.0,195.85,195.9585,0
2026-07-28 08:45:00,195.96,196.0,195.75,195.8288,0
2026-07-28 08:46:00,195.8367,196.0,195.77,195.828,0
2026-07-28 08:47:00,195.81,195.86,195.62,195.66,0
2026-07-28 08:48:00,195.66,195.66,195.51,195.51,0
2026-07-28 08:49:00,195.62,195.6372,195.5109,195.5317,0
2026-07-28 08:50:00,195.58,195.6,195.4,195.4,0
2026-07-28 08:51:00,195.4,195.5797,195.32,195.5797,0
2026-07-28 08:52:00,195.4189,195.51,195.4125,195.45,0
2026-07-28 08:53:00,195.45,195.5,195.4,195.42,0
2026-07-28 08:54:00,195.4347,195.6496,195.42,195.599,0
2026-07-28 08:55:00,195.64,195.67,195.5015,195.5015,0
2026-07-28 08:56:00,195.56,195.66,195.5015,195.58,0
2026-07-28 08:57:00,195.62,195.6597,195.51,195.5499,0
2026-07-28 08:58:00,195.5389,195.55,195.42,195.5,0
2026-07-28 08:59:00,195.4733,195.6255,195.42,195.43,0
2026-07-28 09:00:00,195.5472,196.47,195.42,195.66,0
2026-07-28 09:01:00,195.68,195.68,195.2,195.3038,0
2026-07-28 09:02:00,195.283,195.565,195.2,195.5,0
2026-07-28 09:03:00,195.36,195.69,195.3226,195.46,0
2026-07-28 09:04:00,195.45,195.7,195.4302,195.5612,0
2026-07-28 09:05:00,195.5199,195.715,195.43,195.715,0
2026-07-28 09:06:00,195.525,196.1,195.5245,196.0025,0
2026-07-28 09:07:00,196.0988,196.0988,195.9012,196.08,0
2026-07-28 09:08:00,196.0785,196.42,195.9,196.13,0
2026-07-28 09:09:00,196.19,196.28,196.1,196.17,0
2026-07-28 09:10:00,196.17,196.22,196.0,196.15,0
2026-07-28 09:11:00,196.1782,196.2,196.01,196.09,0
2026-07-28 09:12:00,196.0752,196.1,195.87,195.92,0
2026-07-28 09:13:00,195.983,196.0,195.87,195.87,0
2026-07-28 09:14:00,195.84,195.93,195.8,195.85,0
2026-07-28 09:15:00,195.8912,195.8912,195.604,195.6045,0
2026-07-28 09:16:00,195.74,195.9,195.6,195.8752,0
2026-07-28 09:17:00,195.88,196.11,195.8,195.9998,0
2026-07-28 09:18:00,195.93,196.2455,195.92,196.14,0
2026-07-28 09:19:00,196.12,196.15,195.8927,196.065,0
2026-07-28 09:20:00,196.1,196.22,196.0317,196.1001,0
2026-07-28 09:21:00,196.15,196.15,196.03,196.08,0
2026-07-28 09:22:00,196.06,196.19,195.91,195.97,0
2026-07-28 09:23:00,195.94,196.18,195.82,195.88,0
2026-07-28 09:24:00,195.88,195.97,195.67,195.89,0
2026-07-28 09:25:00,195.81,195.81,195.34,195.44,0
2026-07-28 09:26:00,195.39,195.54,195.27,195.4658,0
2026-07-28 09:27:00,195.4,195.6955,194.9,195.46,0
2026-07-28 09:28:00,195.37,195.52,194.02,194.27,0
2026-07-28 09:29:00,194.14,195.16,194.07,195.05,0
2026-07-28 09:30:00,194.95,195.41,194.04,194.185,7847629
2026-07-28 09:31:00,194.23,194.25,193.57,193.91,926181
2026-07-28 09:32:00,193.925,195.455,193.86,195.2975,776366
2026-07-28 09:33:00,195.295,195.3,194.47,195.1029,724810
2026-07-28 09:34:00,195.16,195.16,194.04,194.2391,570277
2026-07-28 09:35:00,194.2,194.42,193.88,194.025,584538
2026-07-28 09:36:00,194.025,194.425,193.94,194.425,548334
2026-07-28 09:37:00,194.43,194.6899,194.13,194.36,550450
2026-07-28 09:38:00,194.415,194.76,194.31,194.6,519597
2026-07-28 09:39:00,194.59,194.89,194.23,194.4082,492315
2026-07-28 09:40:00,194.37,195.19,194.37,194.8,695356
2026-07-28 09:41:00,194.83,195.04,194.65,194.685,798343
2026-07-28 09:42:00,194.68,194.78,193.92,193.96,591951
2026-07-28 09:43:00,193.97,194.15,193.7,193.73,583472
2026-07-28 09:44:00,193.7301,194.46,193.6791,194.3,500476
2026-07-28 09:45:00,194.27,194.5,193.29,193.345,645295
2026-07-28 09:46:00,193.345,193.37,193.045,193.275,697606
2026-07-28 09:47:00,193.28,193.3,192.8,193.09,966632
2026-07-28 09:48:00,193.09,193.84,193.09,193.82,668663
2026-07-28 09:49:00,193.845,194.33,193.7,193.96,550591
2026-07-28 09:50:00,193.93,194.42,193.75,193.81,483313
2026-07-28 09:51:00,193.81,193.89,193.4,193.705,395712
2026-07-28 09:52:00,193.7189,194.405,193.5944,194.31,379274
2026-07-28 09:53:00,194.31,194.33,193.4,193.65,455522
2026-07-28 09:54:00,193.7011,193.79,193.34,193.415,330794
2026-07-28 09:55:00,193.43,193.61,193.1801,193.49,497867
2026-07-28 09:56:00,193.5001,193.9599,193.41,193.94,393936
2026-07-28 09:57:00,193.97,194.24,193.71,193.83,350499
2026-07-28 09:58:00,193.82,193.91,193.495,193.54,310068
2026-07-28 09:59:00,193.54,193.85,193.2601,193.63,410837
2026-07-28 10:00:00,193.64,194.4793,193.52,194.46,502177
2026-07-28 10:01:00,194.455,194.66,194.16,194.335,574671
2026-07-28 10:02:00,194.3425,194.6696,194.16,194.25,413881
2026-07-28 10:03:00,194.24,194.33,193.88,193.89,353453
2026-07-28 10:04:00,193.9084,194.38,193.83,194.2182,285926
2026-07-28 10:05:00,194.2001,194.88,194.1607,194.8,352716
2026-07-28 10:06:00,194.81,194.9883,194.5908,194.955,369864
2026-07-28 10:07:00,194.955,195.17,194.37,194.385,532801
2026-07-28 10:08:00,194.385,194.45,193.67,194.16,459760
2026-07-28 10:09:00,194.193,194.41,194.12,194.1601,294913
2026-07-28 10:10:00,194.15,194.7,194.065,194.56,445469
2026-07-28 10:11:00,194.56,194.8675,194.44,194.8443,425325
2026-07-28 10:12:00,194.84,194.9,194.12,194.14,327138
2026-07-28 10:13:00,194.16,194.35,194.04,194.1,294166
2026-07-28 10:14:00,194.125,194.17,193.61,193.91,384820
2026-07-28 10:15:00,193.93,194.18,193.55,194.0,405304
2026-07-28 10:16:00,194.0,194.09,193.56,193.59,474323
2026-07-28 10:17:00,193.59,194.02,193.42,193.565,449753
2026-07-28 10:18:00,193.56,193.79,193.46,193.68,403147
2026-07-28 10:19:00,193.66,193.67,193.22,193.26,365981
2026-07-28 10:20:00,193.25,193.44,192.91,192.9672,516189
2026-07-28 10:21:00,192.99,193.49,192.74,193.424,829684
2026-07-28 10:22:00,193.4,193.6,192.81,192.92,430954
2026-07-28 10:23:00,192.922,193.64,192.75,193.63,593141
2026-07-28 10:24:00,193.615,193.88,193.3305,193.435,396665
2026-07-28 10:25:00,193.44,193.815,193.2568,193.81,335543
2026-07-28 10:26:00,193.815,193.99,193.58,193.75,338767
2026-07-28 10:27:00,193.79,193.97,193.55,193.72,376457
2026-07-28 10:28:00,193.73,193.92,193.62,193.7,278695
2026-07-28 10:29:00,193.67,194.1497,193.65,194.09,362855
2026-07-28 10:30:00,194.09,194.42,193.9,194.08,419018
2026-07-28 10:31:00,194.08,194.54,194.05,194.362,355358
2026-07-28 10:32:00,194.37,194.76,194.23,194.47,430322
2026-07-28 10:33:00,194.47,194.76,194.43,194.67,383335
2026-07-28 10:34:00,194.685,194.84,194.36,194.44,380461
2026-07-28 10:35:00,194.44,195.18,194.41,195.17,518229
2026-07-28 10:36:00,195.17,196.0567,195.1401,195.8999,747545
2026-07-28 10:37:00,195.8735,195.985,195.4801,195.85,405965
2026-07-28 10:38:00,195.84,196.11,195.35,195.37,408670
2026-07-28 10:39:00,195.33,195.72,195.12,195.645,387488
2026-07-28 10:40:00,195.66,196.04,195.5,196.0234,442388
2026-07-28 10:41:00,195.96,196.15,195.855,196.0761,369478
2026-07-28 10:42:00,196.085,196.1,195.73,195.94,324395
2026-07-28 10:43:00,195.9599,196.275,195.925,196.015,318574
2026-07-28 10:44:00,196.0163,196.34,195.86,196.0199,392454
2026-07-28 10:45:00,196.01,196.16,195.7506,195.785,324466
2026-07-28 10:46:00,195.77,196.43,195.7142,196.3,563918
2026-07-28 10:47:00,196.295,196.79,196.27,196.6878,484320
2026-07-28 10:48:00,196.675,197.14,196.5645,197.015,534987
2026-07-28 10:49:00,197.0,197.165,196.88,197.02,361419
2026-07-28 10:50:00,197.03,197.305,196.92,197.1,398351
2026-07-28 10:51:00,197.1144,197.58,197.07,197.42,441972
2026-07-28 10:52:00,197.43,197.45,196.775,196.94,377587
2026-07-28 10:53:00,196.95,197.4121,196.915,197.19,393642
2026-07-28 10:54:00,197.145,197.41,197.0201,197.3801,329995
2026-07-28 10:55:00,197.36,197.5974,196.9042,197.2499,465425
2026-07-28 10:56:00,197.23,197.25,196.8,196.935,320676
2026-07-28 10:57:00,196.91,196.9188,196.38,196.525,291378
2026-07-28 10:58:00,196.53,196.77,196.41,196.67,331562
2026-07-28 10:59:00,196.67,196.8099,196.5301,196.77,227318
2026-07-28 11:00:00,196.78,197.09,196.76,196.99,412444
2026-07-28 11:01:00,196.99,197.07,196.701,196.83,258192
2026-07-28 11:02:00,196.835,197.06,196.63,196.81,209927
2026-07-28 11:03:00,196.81,196.84,196.51,196.55,192523
2026-07-28 11:04:00,196.545,196.6,196.12,196.17,410384
2026-07-28 11:05:00,196.17,196.45,196.075,196.42,255623
2026-07-28 11:06:00,196.4,196.7,196.34,196.395,265749
2026-07-28 11:07:00,196.4,196.41,195.875,196.12,249397
2026-07-28 11:08:00,196.12,196.26,195.86,196.0,229858
2026-07-28 11:09:00,196.0299,196.4,195.99,196.335,273170
2026-07-28 11:10:00,196.37,196.88,196.0845,196.2,395167
2026-07-28 11:11:00,196.23,196.36,196.06,196.19,164142
2026-07-28 11:12:00,196.185,196.654,196.07,196.52,253997
2026-07-28 11:13:00,196.525,196.565,196.33,196.5135,169255
2026-07-28 11:14:00,196.53,196.7499,196.48,196.481,246427
2026-07-28 11:15:00,196.51,196.635,196.265,196.61,278106
2026-07-28 11:16:00,196.62,196.8,196.52,196.57,269738
2026-07-28 11:17:00,196.5696,196.88,196.475,196.6822,244090
2026-07-28 11:18:00,196.675,197.26,196.595,197.215,377705
2026-07-28 11:19:00,197.215,197.27,196.97,197.255,277149
2026-07-28 11:20:00,197.27,197.64,197.25,197.49,416158
2026-07-28 11:21:00,197.48,197.617,197.418,197.57,231630
2026-07-28 11:22:00,197.55,197.68,197.35,197.46,309600
2026-07-28 11:23:00,197.48,197.838,197.45,197.725,409421
2026-07-28 11:24:00,197.71,197.84,197.45,197.57,332868
2026-07-28 11:25:00,197.57,197.76,197.54,197.6,230938
2026-07-28 11:26:00,197.58,197.85,197.58,197.7,218455
2026-07-28 11:27:00,197.7,197.71,197.4,197.44,303215
2026-07-28 11:28:00,197.45,197.46,197.13,197.14,301332
2026-07-28 11:29:00,197.135,197.19,196.65,196.72,349190
2026-07-28 11:30:00,196.7,196.79,196.44,196.5,267944
2026-07-28 11:31:00,196.52,196.7999,196.46,196.755,215591
2026-07-28 11:32:00,196.76,196.9711,196.73,196.85,237889
2026-07-28 11:33:00,196.86,196.91,196.6376,196.885,258604
2026-07-28 11:34:00,196.9,197.04,196.82,196.835,303139
2026-07-28 11:35:00,196.82,197.08,196.76,197.045,205142
2026-07-28 11:36:00,197.02,197.175,196.9555,196.96,222843
2026-07-28 11:37:00,196.9581,197.27,196.89,197.25,230908
2026-07-28 11:38:00,197.2699,197.48,197.21,197.4098,257625
2026-07-28 11:39:00,197.41,197.494,197.32,197.3905,176045
2026-07-28 11:40:00,197.34,197.41,197.1206,197.15,201048
2026-07-28 11:41:00,197.1,197.44,197.04,197.295,263093
2026-07-28 11:42:00,197.29,197.44,197.09,197.43,272710
2026-07-28 11:43:00,197.42,197.83,197.3908,197.71,277410
2026-07-28 11:44:00,197.71,197.9,197.68,197.7401,231682
2026-07-28 11:45:00,197.7301,197.9501,197.69,197.81,289749
2026-07-28 11:46:00,197.81,198.2,197.69,198.15,384854
2026-07-28 11:47:00,198.145,198.5,198.14,198.48,331352
2026-07-28 11:48:00,198.47,198.61,198.4,198.5315,374056
2026-07-28 11:49:00,198.535,198.58,198.309,198.32,298998
2026-07-28 11:50:00,198.325,198.48,198.16,198.17,302255
2026-07-28 11:51:00,198.18,198.1838,197.74,197.975,398278
2026-07-28 11:52:00,197.965,198.06,197.79,198.005,235544
2026-07-28 11:53:00,198.03,198.35,198.0,198.291,203517
2026-07-28 11:54:00,198.305,198.3699,197.95,197.99,234624
2026-07-28 11:55:00,197.97,198.0088,197.7742,197.835,215368
2026-07-28 11:56:00,197.835,198.28,197.81,198.23,246816
2026-07-28 11:57:00,198.23,198.4696,198.12,198.425,237733
2026-07-28 11:58:00,198.4144,198.57,198.29,198.3001,246593
2026-07-28 11:59:00,198.33,198.35,198.11,198.33,207157
2026-07-28 12:00:00,198.33,198.4831,198.24,198.45,248556
2026-07-28 12:01:00,198.44,198.55,198.3,198.32,251734
2026-07-28 12:02:00,198.3536,198.5211,198.28,198.3,174271
2026-07-28 12:03:00,198.29,198.4,198.18,198.315,212262
2026-07-28 12:04:00,198.3101,198.3364,198.192,198.285,111060
2026-07-28 12:05:00,198.29,198.7,198.29,198.53,272535
2026-07-28 12:06:00,198.529,198.55,198.063,198.075,258235
2026-07-28 12:07:00,198.075,198.1,197.72,197.7201,275608
2026-07-28 12:08:00,197.715,197.85,197.63,197.695,225327
2026-07-28 12:09:00,197.715,197.815,197.64,197.72,187955
2026-07-28 12:10:00,197.7004,197.89,197.685,197.885,218515
2026-07-28 12:11:00,197.885,198.0605,197.855,198.02,187378
2026-07-28 12:12:00,198.025,198.0799,197.85,197.94,179932
2026-07-28 12:13:00,197.94,198.0,197.63,197.68,175806
2026-07-28 12:14:00,197.65,197.72,197.45,197.69,193712
2026-07-28 12:15:00,197.67,197.84,197.5081,197.585,170858
2026-07-28 12:16:00,197.53,197.6951,197.5,197.62,161945
2026-07-28 12:17:00,197.64,197.78,197.5928,197.64,181257
2026-07-28 12:18:00,197.65,197.82,197.575,197.66,118369
2026-07-28 12:19:00,197.6472,198.045,197.6101,198.01,109882
2026-07-28 12:20:00,198.01,198.18,197.97,198.0799,163188
2026-07-28 12:21:00,198.07,198.09,197.85,197.955,130433
2026-07-28 12:22:00,197.955,198.01,197.7,197.785,170149
2026-07-28 12:23:00,197.7897,197.795,197.4201,197.4401,219365
2026-07-28 12:24:00,197.4499,197.47,197.305,197.435,225463
2026-07-28 12:25:00,197.435,197.56,197.365,197.54,166476
2026-07-28 12:26:00,197.545,197.56,197.43,197.44,130063
2026-07-28 12:27:00,197.4401,197.515,197.25,197.495,189658
2026-07-28 12:28:00,197.49,197.56,197.35,197.36,114406
2026-07-28 12:29:00,197.35,197.4,197.27,197.28,124304
2026-07-28 12:30:00,197.28,197.28,196.66,196.72,283495
2026-07-28 12:31:00,196.7099,196.77,196.6,196.65,193359
2026-07-28 12:32:00,196.645,197.0,196.64,196.95,169255
2026-07-28 12:33:00,196.955,197.14,196.95,197.01,319742
2026-07-28 12:34:00,197.01,197.21,196.841,196.86,133491
2026-07-28 12:35:00,196.865,197.02,196.8502,196.96,1141516
2026-07-28 12:36:00,196.95,197.03,196.8701,196.99,131562
2026-07-28 12:37:00,196.9704,197.07,196.88,196.955,94023
2026-07-28 12:38:00,196.98,197.29,196.9701,197.26,192959
2026-07-28 12:39:00,197.27,197.39,197.09,197.38,189980
2026-07-28 12:40:00,197.4,197.633,197.3301,197.52,310436
2026-07-28 12:41:00,197.54,197.69,197.47,197.665,284227
2026-07-28 12:42:00,197.67,197.73,197.5072,197.545,152263
2026-07-28 12:43:00,197.545,197.74,197.54,197.7341,169360
2026-07-28 12:44:00,197.735,197.83,197.6001,197.68,693431
2026-07-28 12:45:00,197.67,197.83,197.575,197.76,142052
2026-07-28 12:46:00,197.7505,197.79,197.35,197.455,163093
2026-07-28 12:47:00,197.46,197.84,197.44,197.82,169433
2026-07-28 12:48:00,197.8299,197.85,197.4801,197.557,129240
2026-07-28 12:49:00,197.56,197.69,197.515,197.55,72094
2026-07-28 12:50:00,197.55,197.79,197.55,197.7798,110836
2026-07-28 12:51:00,197.776,198.07,197.735,198.055,258969
2026-07-28 12:52:00,198.04,198.11,197.83,197.8459,148799
2026-07-28 12:53:00,197.85,198.07,197.85,197.9778,68430
2026-07-28 12:54:00,197.95,198.15,197.95,198.12,149114
2026-07-28 12:55:00,198.13,198.13,197.95,198.03,122577
2026-07-28 12:56:00,198.04,198.22,197.97,198.22,175747
2026-07-28 12:57:00,198.21,198.245,198.07,198.12,180930
2026-07-28 12:58:00,198.1328,198.1328,197.98,198.025,113253
2026-07-28 12:59:00,198.03,198.1299,198.02,198.0201,107777
2026-07-28 13:00:00,198.03,198.1,197.89,198.01,140297
2026-07-28 13:01:00,198.015,198.19,198.0,198.07,142942
2026-07-28 13:02:00,198.08,198.105,197.75,197.765,167543
2026-07-28 13:03:00,197.765,197.81,197.5376,197.57,188180
2026-07-28 13:04:00,197.5999,197.63,197.42,197.46,125745
2026-07-28 13:05:00,197.46,197.63,197.37,197.39,161952
2026-07-28 13:06:00,197.4,197.49,197.25,197.46,197861
2026-07-28 13:07:00,197.43,197.605,197.395,197.605,144419
2026-07-28 13:08:00,197.6099,197.67,197.3966,197.405,124686
2026-07-28 13:09:00,197.405,197.42,197.29,197.335,95183
2026-07-28 13:10:00,197.35,197.4,197.15,197.4,200752
2026-07-28 13:11:00,197.41,197.62,197.38,197.61,220991
2026-07-28 13:12:00,197.615,197.89,197.6,197.81,172672
2026-07-28 13:13:00,197.825,197.85,197.56,197.68,169023
2026-07-28 13:14:00,197.68,197.7399,197.6,197.62,150599
2026-07-28 13:15:00,197.615,197.8684,197.53,197.81,128447
2026-07-28 13:16:00,197.8101,197.87,197.7287,197.87,87042
2026-07-28 13:17:00,197.87,197.87,197.725,197.76,69281
2026-07-28 13:18:00,197.76,197.87,197.75,197.8133,75559
2026-07-28 13:19:00,197.8,197.89,197.75,197.84,125088
2026-07-28 13:20:00,197.84,198.13,197.68,198.045,279325
2026-07-28 13:21:00,198.05,198.24,197.93,197.93,202738
2026-07-28 13:22:00,197.935,198.05,197.8,198.0498,146053
2026-07-28 13:23:00,198.04,198.0899,197.95,198.0,125687
2026-07-28 13:24:00,198.01,198.0525,197.68,197.7001,135742
2026-07-28 13:25:00,197.69,197.81,197.59,197.79,132682
2026-07-28 13:26:00,197.7915,197.9399,197.78,197.88,120049
2026-07-28 13:27:00,197.8801,198.03,197.87,197.92,103637
2026-07-28 13:28:00,197.9,197.99,197.7437,197.745,99773
2026-07-28 13:29:00,197.745,197.87,197.6943,197.7,78626
2026-07-28 13:30:00,197.6901,197.88,197.6701,197.835,98642
2026-07-28 13:31:00,197.82,197.82,197.6699,197.6699,59402
2026-07-28 13:32:00,197.665,197.72,197.6,197.7,278593
2026-07-28 13:33:00,197.7018,197.9,197.67,197.81,115649
2026-07-28 13:34:00,197.8199,197.97,197.8199,197.88,94256
2026-07-28 13:35:00,197.88,198.0899,197.88,197.975,141872
2026-07-28 13:36:00,197.975,198.04,197.86,197.95,140276
2026-07-28 13:37:00,197.945,198.0058,197.68,197.68,120963
2026-07-28 13:38:00,197.6602,197.79,197.63,197.738,115921
2026-07-28 13:39:00,197.7049,197.74,197.57,197.61,73252
2026-07-28 13:40:00,197.6,197.75,197.54,197.6,136439
2026-07-28 13:41:00,197.61,197.616,197.46,197.4801,127858
2026-07-28 13:42:00,197.485,197.56,197.4301,197.54,57223
2026-07-28 13:43:00,197.53,197.555,197.36,197.415,83009
2026-07-28 13:44:00,197.41,197.4199,197.27,197.35,111061
2026-07-28 13:45:00,197.35,197.4395,197.06,197.09,238229
2026-07-28 13:46:00,197.0933,197.29,197.06,197.25,127071
2026-07-28 13:47:00,197.21,197.34,196.9301,196.97,194835
2026-07-28 13:48:00,196.995,197.255,196.95,197.1801,165907
2026-07-28 13:49:00,197.2052,197.31,197.18,197.23,105113
2026-07-28 13:50:00,197.23,197.23,197.05,197.1,94310
2026-07-28 13:51:00,197.1,197.1465,197.0301,197.09,71338
2026-07-28 13:52:00,197.09,197.14,196.91,196.91,91262
2026-07-28 13:53:00,196.91,197.02,196.91,196.9603,80252
2026-07-28 13:54:00,196.97,197.0,196.8151,196.8594,100799
2026-07-28 13:55:00,196.84,196.865,196.67,196.755,179960
2026-07-28 13:56:00,196.75,196.97,196.73,196.97,121821
2026-07-28 13:57:00,196.9401,196.95,196.81,196.925,92359
2026-07-28 13:58:00,196.94,196.9999,196.83,196.98,90769
2026-07-28 13:59:00,196.97,197.1351,196.97,197.1,122423
2026-07-28 14:00:00,197.1,197.3993,197.0101,197.3,187475
2026-07-28 14:01:00,197.295,197.37,197.12,197.125,121771
2026-07-28 14:02:00,197.1299,197.27,196.99,197.0795,173324
2026-07-28 14:03:00,197.07,197.268,197.06,197.21,144287
2026-07-28 14:04:00,197.22,197.23,197.09,197.1806,80086
2026-07-28 14:05:00,197.2,197.29,197.11,197.185,95934
2026-07-28 14:06:00,197.2,197.2,197.03,197.0427,81392
2026-07-28 14:07:00,197.0401,197.0401,196.83,196.92,97157
2026-07-28 14:08:00,196.935,197.02,196.8101,196.85,64701
2026-07-28 14:09:00,196.84,196.96,196.79,196.93,73963
2026-07-28 14:10:00,196.94,197.005,196.8,196.87,117712
2026-07-28 14:11:00,196.88,196.93,196.75,196.825,71018
2026-07-28 14:12:00,196.82,197.04,196.77,196.92,96507
2026-07-28 14:13:00,196.93,197.03,196.77,196.99,105089
2026-07-28 14:14:00,197.0,197.0,196.87,196.87,61530
2026-07-28 14:15:00,196.87,197.07,196.835,197.05,96709
2026-07-28 14:16:00,197.055,197.16,196.95,197.14,109266
2026-07-28 14:17:00,197.14,197.155,196.9201,196.9751,89427
2026-07-28 14:18:00,196.975,197.05,196.88,196.935,89660
2026-07-28 14:19:00,196.945,197.03,196.78,196.97,117356
2026-07-28 14:20:00,196.98,197.09,196.92,197.09,101266
2026-07-28 14:21:00,197.09,197.13,196.985,197.1,67582
2026-07-28 14:22:00,197.09,197.17,197.0,197.119,114979
2026-07-28 14:23:00,197.13,197.15,196.95,197.07,94765
2026-07-28 14:24:00,197.06,197.07,196.9321,197.0,105895
2026-07-28 14:25:00,196.99,197.0274,196.79,196.94,189333
2026-07-28 14:26:00,196.95,197.0271,196.85,196.945,162719
2026-07-28 14:27:00,196.955,196.955,196.71,196.77,179399
2026-07-28 14:28:00,196.7799,196.89,196.7203,196.74,125705
2026-07-28 14:29:00,196.74,196.8099,196.65,196.705,92969
2026-07-28 14:30:00,196.705,196.98,196.67,196.87,191833
2026-07-28 14:31:00,196.83,196.89,196.71,196.76,118605
2026-07-28 14:32:00,196.76,196.9,196.75,196.865,96120
2026-07-28 14:33:00,196.88,197.06,196.85,197.03,126022
2026-07-28 14:34:00,197.04,197.11,196.91,196.96,127557
2026-07-28 14:35:00,196.95,197.2297,196.885,197.205,131577
2026-07-28 14:36:00,197.23,197.26,197.06,197.14,127638
2026-07-28 14:37:00,197.14,197.24,197.0901,197.235,97726
2026-07-28 14:38:00,197.235,197.34,197.2,197.27,123981
2026-07-28 14:39:00,197.27,197.27,197.0792,197.1,102130
2026-07-28 14:40:00,197.1,197.14,196.99,197.05,184267
2026-07-28 14:41:00,197.06,197.11,196.9193,196.9193,151847
2026-07-28 14:42:00,196.91,196.94,196.72,196.73,128444
2026-07-28 14:43:00,196.73,196.81,196.5331,196.79,159606
2026-07-28 14:44:00,196.775,197.01,196.72,197.01,108613
2026-07-28 14:45:00,197.01,197.08,196.85,197.065,123898
2026-07-28 14:46:00,197.065,197.23,196.94,197.23,156948
2026-07-28 14:47:00,197.2,197.34,197.155,197.1976,137263
2026-07-28 14:48:00,197.18,197.24,197.1,197.115,71069
2026-07-28 14:49:00,197.1333,197.25,197.0401,197.12,79074
2026-07-28 14:50:00,197.12,197.33,197.12,197.2596,135274
2026-07-28 14:51:00,197.25,197.39,197.1,197.11,140795
2026-07-28 14:52:00,197.12,197.175,196.99,197.0,151314
2026-07-28 14:53:00,197.01,197.06,196.905,196.93,80082
2026-07-28 14:54:00,196.94,197.085,196.93,197.02,75166
2026-07-28 14:55:00,197.0172,197.15,196.885,197.12,118403
2026-07-28 14:56:00,197.115,197.16,196.97,197.06,96476
2026-07-28 14:57:00,197.056,197.22,197.055,197.15,1077465
2026-07-28 14:58:00,197.16,197.24,197.108,197.2,119944
2026-07-28 14:59:00,197.1928,197.25,197.061,197.07,143392
2026-07-28 15:00:00,197.07,197.465,197.0537,197.37,239546
2026-07-28 15:01:00,197.37,197.5,197.325,197.41,150410
2026-07-28 15:02:00,197.4,197.44,197.3,197.3777,119021
2026-07-28 15:03:00,197.35,197.66,197.35,197.58,245648
2026-07-28 15:04:00,197.57,197.65,197.535,197.58,186078
2026-07-28 15:05:00,197.57,197.68,197.45,197.655,237117
2026-07-28 15:06:00,197.66,197.74,197.31,197.41,250489
2026-07-28 15:07:00,197.43,197.71,197.41,197.4628,229765
2026-07-28 15:08:00,197.41,197.44,197.2801,197.3,155838
2026-07-28 15:09:00,197.31,197.48,197.29,197.32,148651
2026-07-28 15:10:00,197.34,197.64,197.28,197.55,175769
2026-07-28 15:11:00,197.545,197.69,197.48,197.66,220614
2026-07-28 15:12:00,197.68,197.68,197.22,197.23,486805
2026-07-28 15:13:00,197.22,197.5297,197.19,197.515,137580
2026-07-28 15:14:00,197.51,197.605,197.45,197.605,117884
2026-07-28 15:15:00,197.58,197.6999,197.52,197.54,106915
2026-07-28 15:16:00,197.54,197.58,197.41,197.42,184330
2026-07-28 15:17:00,197.42,197.47,197.29,197.375,137450
2026-07-28 15:18:00,197.38,197.6229,197.38,197.51,156163
2026-07-28 15:19:00,197.4851,197.73,197.4747,197.7192,150292
2026-07-28 15:20:00,197.7,197.73,197.55,197.66,172291
2026-07-28 15:21:00,197.67,197.73,197.51,197.51,161491
2026-07-28 15:22:00,197.52,197.925,197.52,197.86,227498
2026-07-28 15:23:00,197.855,198.03,197.85,197.88,228055
2026-07-28 15:24:00,197.89,197.93,197.86,197.93,127433
2026-07-28 15:25:00,197.925,198.0,197.84,197.89,154271
2026-07-28 15:26:00,197.88,197.98,197.71,197.78,133454
2026-07-28 15:27:00,197.78,197.805,197.55,197.75,167597
2026-07-28 15:28:00,197.75,198.0,197.74,197.94,154869
2026-07-28 15:29:00,197.94,197.96,197.79,197.89,124578
2026-07-28 15:30:00,197.91,197.945,197.7006,197.73,189832
2026-07-28 15:31:00,197.72,197.99,197.67,197.88,182650
2026-07-28 15:32:00,197.87,197.915,197.68,197.7999,235037
2026-07-28 15:33:00,197.8,197.86,197.67,197.78,188603
2026-07-28 15:34:00,197.8,197.865,197.6801,197.7,190427
2026-07-28 15:35:00,197.69,197.695,197.28,197.32,196847
2026-07-28 15:36:00,197.31,197.32,197.14,197.23,224288
2026-07-28 15:37:00,197.22,197.26,197.01,197.1156,264090
2026-07-28 15:38:00,197.12,197.2099,197.05,197.1705,1169964
2026-07-28 15:39:00,197.185,197.24,197.0,197.11,224138
2026-07-28 15:40:00,197.1,197.31,197.08,197.23,195857
2026-07-28 15:41:00,197.23,197.35,197.11,197.3,158934
2026-07-28 15:42:00,197.31,197.43,197.137,197.225,193611
2026-07-28 15:43:00,197.21,197.2611,197.11,197.1894,208076
2026-07-28 15:44:00,197.175,197.2,197.02,197.18,911362
2026-07-28 15:45:00,197.18,197.23,197.03,197.11,202203
2026-07-28 15:46:00,197.1164,197.1199,196.96,197.05,199204
2026-07-28 15:47:00,197.06,197.2599,197.0,197.14,229015
2026-07-28 15:48:00,197.155,197.28,197.13,197.22,163998
2026-07-28 15:49:00,197.22,197.4199,197.185,197.38,181852
2026-07-28 15:50:00,197.37,197.4504,197.14,197.155,299454
2026-07-28 15:51:00,197.15,197.24,197.08,197.2,282840
2026-07-28 15:52:00,197.21,197.29,197.125,197.27,229825
2026-07-28 15:53:00,197.27,197.5,197.25,197.49,338918
2026-07-28 15:54:00,197.49,198.15,197.47,198.0,619676
2026-07-28 15:55:00,198.005,198.005,197.27,197.62,748534
2026-07-28 15:56:00,197.62,197.73,197.41,197.51,504360
2026-07-28 15:57:00,197.5,197.54,197.33,197.415,680841
2026-07-28 15:58:00,197.425,197.46,197.21,197.335,1181527
2026-07-28 15:59:00,197.335,197.36,196.75,196.95,2943122
2026-07-28 16:00:00,197.01,197.1,196.8717,197.0214,642557
2026-07-28 16:01:00,196.999,197.0,196.51,196.51,0
2026-07-28 16:02:00,196.5991,196.86,196.04,196.246,0
2026-07-28 16:03:00,196.2012,196.95,196.2,196.3,0
2026-07-28 16:04:00,196.3728,197.01,196.3,196.498,0
2026-07-28 16:05:00,196.42,196.75,196.18,196.2191,0
2026-07-28 16:06:00,196.2241,196.6,196.0,196.2313,0
2026-07-28 16:07:00,196.2215,196.43,196.02,196.15,0
2026-07-28 16:08:00,196.16,197.01,196.02,196.3886,0
2026-07-28 16:09:00,196.45,196.49,196.3,196.43,0
2026-07-28 16:10:00,196.479,197.01,196.41,196.44,0
2026-07-28 16:11:00,196.44,196.77,196.4219,196.7306,0
2026-07-28 16:12:00,196.7316,196.8845,196.73,196.8607,0
2026-07-28 16:13:00,196.81,196.85,196.73,196.77,0
2026-07-28 16:14:00,196.86,196.89,196.6,196.77,0
2026-07-28 16:15:00,197.01,197.01,196.6,196.7632,0
2026-07-28 16:16:00,196.8726,197.0,196.76,196.902,0
2026-07-28 16:17:00,196.9086,197.01,196.76,196.9576,0
2026-07-28 16:18:00,196.76,197.0,196.76,196.94,0
2026-07-28 16:19:00,196.93,197.1,196.88,197.0825,0
2026-07-28 16:20:00,197.01,197.15,197.01,197.15,0
2026-07-28 16:21:00,197.1,197.15,197.0,197.0,0
2026-07-28 16:22:00,197.0,197.25,197.0,197.2,0
2026-07-28 16:23:00,197.1664,197.2475,197.06,197.21,0
2026-07-28 16:24:00,197.2305,197.35,197.16,197.3499,0
2026-07-28 16:25:00,197.29,197.35,197.25,197.3388,0
2026-07-28 16:26:00,197.3274,197.59,197.3,197.59,0
2026-07-28 16:27:00,197.48,197.59,197.48,197.52,0
2026-07-28 16:28:00,197.4317,197.52,197.01,197.498,0
2026-07-28 16:29:00,197.55,197.6,197.3842,197.48,0
2026-07-28 16:30:00,197.46,197.5314,197.36,197.418,0
2026-07-28 16:31:00,197.4145,197.44,197.21,197.26,0
2026-07-28 16:32:00,197.3148,197.34,197.2112,197.33,0
2026-07-28 16:33:00,197.323,197.34,197.05,197.1587,0
2026-07-28 16:34:00,197.15,197.3,197.06,197.22,0
2026-07-28 16:35:00,197.27,197.3658,197.08,197.2679,0
2026-07-28 16:36:00,197.27,197.32,197.21,197.2803,0
2026-07-28 16:37:00,197.2897,197.29,197.13,197.2682,0
2026-07-28 16:38:00,197.2139,197.2592,197.12,197.15,0
2026-07-28 16:39:00,197.15,197.2366,197.14,197.2,0
2026-07-28 16:40:00,197.21,197.22,197.0601,197.0884,0
2026-07-28 16:41:00,197.0973,197.1682,197.0611,197.1237,0
2026-07-28 16:42:00,197.1242,197.13,197.08,197.1,0
2026-07-28 16:43:00,197.1,197.2477,197.08,197.22,0
2026-07-28 16:44:00,197.2199,197.25,186.7664,197.1793,0
2026-07-28 16:45:00,197.1815,201.3796,197.12,197.19,0
2026-07-28 16:46:00,197.112,197.19,186.6081,197.12,0
2026-07-28 16:47:00,197.06,197.18,184.4251,197.1423,0
2026-07-28 16:48:00,197.1423,197.17,186.7664,197.1169,0
2026-07-28 16:49:00,197.1,197.12,197.0601,197.1,0
2026-07-28 16:50:00,197.0803,197.1087,197.06,197.0699,0
2026-07-28 16:51:00,197.06,197.07,196.9143,196.9143,0
2026-07-28 16:52:00,196.962,197.08,196.9108,197.04,0
2026-07-28 16:53:00,197.02,197.11,196.99,197.05,0
2026-07-28 16:54:00,197.0924,197.11,190.4367,197.08,0
2026-07-28 16:55:00,197.1,197.11,183.6614,197.11,0
2026-07-28 16:56:00,197.1176,197.18,197.07,197.1663,0
2026-07-28 16:57:00,197.16,197.24,197.1212,197.21,0
2026-07-28 16:58:00,197.21,197.24,183.6614,197.2057,0
2026-07-28 16:59:00,197.1803,197.22,183.6614,197.21,0
2026-07-28 17:00:00,197.21,197.22,197.06,197.21,0
2026-07-28 17:01:00,197.21,197.22,186.7664,197.2086,0
2026-07-28 17:02:00,197.2,197.25,197.19,197.22,0
2026-07-28 17:03:00,197.2482,197.25,186.6081,197.2,0
2026-07-28 17:04:00,197.2,197.25,197.18,197.2,0
2026-07-28 17:05:00,197.1988,197.2,186.7211,197.12,0
2026-07-28 17:06:00,197.1377,197.1754,197.05,197.1754,0
2026-07-28 17:07:00,197.168,197.21,186.7664,197.1693,0
2026-07-28 17:08:00,197.14,197.21,186.7664,197.099,0
2026-07-28 17:09:00,197.16,197.21,197.05,197.099,0
2026-07-28 17:10:00,197.0686,201.3796,183.6614,197.1051,0
2026-07-28 17:11:00,197.0715,197.13,186.7211,197.06,0
2026-07-28 17:12:00,197.09,197.1299,197.06,197.12,0
2026-07-28 17:13:00,197.09,197.13,186.7664,197.0891,0
2026-07-28 17:14:00,197.07,197.1176,197.05,197.1,0
2026-07-28 17:15:00,197.1,197.1,183.749,197.072,0
2026-07-28 17:16:00,197.1,197.12,186.7664,197.01,0
2026-07-28 17:17:00,197.01,197.04,197.01,197.0115,0
2026-07-28 17:18:00,197.04,197.1172,197.01,197.09,0
2026-07-28 17:19:00,197.0381,197.11,197.01,197.0783,0
2026-07-28 17:20:00,197.08,197.11,197.0,197.0,0
2026-07-28 17:21:00,197.0,197.07,197.0,197.0133,0
2026-07-28 17:22:00,197.01,197.0592,196.98,197.0,0
2026-07-28 17:23:00,197.0,197.05,196.85,197.05,0
2026-07-28 17:24:00,196.9759,197.03,196.8503,196.89,0
2026-07-28 17:25:00,196.92,197.0,196.8535,196.9,0
2026-07-28 17:26:00,196.9,196.99,196.85,196.9,0
2026-07-28 17:27:00,196.9,197.0,196.88,196.94,0
2026-07-28 17:28:00,196.94,197.0,196.93,196.94,0
2026-07-28 17:29:00,196.99,197.0,196.92,196.93,0
2026-07-28 17:30:00,196.95,197.0,196.89,196.9977,0
2026-07-28 17:31:00,196.98,197.0,196.91,196.978,0
2026-07-28 17:32:00,196.93,197.0,196.91,197.0,0
2026-07-28 17:33:00,196.94,197.0,196.92,197.0,0
2026-07-28 17:34:00,196.97,196.97,196.85,196.9189,0
2026-07-28 17:35:00,196.9089,196.9988,196.85,196.9913,0
2026-07-28 17:36:00,196.9855,197.03,196.85,197.029,0
2026-07-28 17:37:00,197.0,197.03,196.99,196.9902,0
2026-07-28 17:38:00,197.0282,197.03,196.99,197.03,0
2026-07-28 17:39:00,197.0291,197.09,197.0,197.09,0
2026-07-28 17:40:00,197.03,197.09,197.01,197.09,0
2026-07-28 17:41:00,197.0792,197.09,197.01,197.0826,0
2026-07-28 17:42:00,197.0826,197.09,197.01,197.06,0
2026-07-28 17:43:00,197.07,197.09,197.02,197.07,0
2026-07-28 17:44:00,197.07,197.08,197.02,197.03,0
2026-07-28 17:45:00,197.0685,197.07,197.0193,197.07,0
2026-07-28 17:46:00,197.07,197.07,197.01,197.07,0
2026-07-28 17:47:00,197.05,197.07,197.0487,197.05,0
2026-07-28 17:48:00,197.05,197.05,197.01,197.01,0
2026-07-28 17:49:00,197.05,197.05,197.0,197.0,0
2026-07-28 17:50:00,197.0092,197.05,197.0,197.0,0
2026-07-28 17:51:00,197.0027,197.05,196.97,196.9845,0
2026-07-28 17:52:00,196.9911,197.0255,196.89,196.9682,0
2026-07-28 17:53:00,196.9509,196.97,196.9,196.95,0
2026-07-28 17:54:00,196.97,197.0488,196.9,197.02,0
2026-07-28 17:55:00,196.94,197.05,196.9,197.02,0
2026-07-28 17:56:00,197.02,197.05,196.91,197.0138,0
2026-07-28 17:57:00,197.04,197.0465,196.91,196.98,0
2026-07-28 17:58:00,197.0,197.0,196.91,196.942,0
2026-07-28 17:59:00,196.9156,196.95,196.89,196.89,0
2026-07-28 18:00:00,196.8966,196.9,196.88,196.8893,0
2026-07-28 18:01:00,196.88,196.99,196.85,196.85,0
2026-07-28 18:02:00,196.8887,196.9,196.83,196.9,0
2026-07-28 18:03:00,196.89,197.15,196.8626,196.9,0
2026-07-28 18:04:00,197.06,197.15,197.0,197.04,0
2026-07-28 18:05:00,197.08,197.1999,197.04,197.1542,0
2026-07-28 18:06:00,197.11,197.2,197.06,197.1,0
2026-07-28 18:07:00,197.1757,197.1999,197.11,197.17,0
2026-07-28 18:08:00,197.19,197.24,197.1707,197.2325,0
2026-07-28 18:09:00,197.1912,197.24,197.1522,197.2159,0
2026-07-28 18:10:00,197.2159,197.24,197.15,197.2,0
2026-07-28 18:11:00,197.2175,197.2176,197.11,197.1783,0
2026-07-28 18:12:00,197.1,197.1,196.9,197.0,0
2026-07-28 18:13:00,196.9995,197.05,196.9108,196.9659,0
2026-07-28 18:14:00,196.94,196.98,196.85,196.9,0
2026-07-28 18:15:00,196.9,196.98,196.85,196.8701,0
2026-07-28 18:16:00,196.96,197.02,196.85,196.9397,0
2026-07-28 18:17:00,196.9012,196.99,196.83,196.85,0
2026-07-28 18:18:00,196.92,196.96,196.52,196.735,0
2026-07-28 18:19:00,196.73,196.82,196.54,196.6094,0
2026-07-28 18:20:00,196.64,196.85,196.6,196.629,0
2026-07-28 18:21:00,196.65,196.8437,196.6,196.7,0
2026-07-28 18:22:00,196.65,196.8,196.6,196.7952,0
2026-07-28 18:23:00,196.61,196.7,196.61,196.62,0
2026-07-28 18:24:00,196.65,196.67,196.61,196.65,0
2026-07-28 18:25:00,196.622,196.7,196.5512,196.5512,0
2026-07-28 18:26:00,196.6,196.7,196.553,196.69,0
2026-07-28 18:27:00,196.68,196.8,196.67,196.71,0
2026-07-28 18:28:00,196.7025,196.7999,196.7,196.7,0
2026-07-28 18:29:00,196.72,196.85,196.6,196.77,0
2026-07-28 18:30:00,196.7416,196.75,196.62,196.6525,0
2026-07-28 18:31:00,196.7345,196.75,196.672,196.672,0
2026-07-28 18:32:00,196.73,196.75,196.5,196.62,0
2026-07-28 18:33:00,196.62,196.7242,196.5,196.56,0
2026-07-28 18:34:00,196.59,196.745,196.5025,196.5209,0
2026-07-28 18:35:00,196.55,196.56,196.5,196.5,0
2026-07-28 18:36:00,196.541,196.75,196.5,196.65,0
2026-07-28 18:37:00,196.7,196.75,196.59,196.625,0
2026-07-28 18:38:00,196.6117,196.65,196.5,196.56,0
2026-07-28 18:39:00,196.58,196.65,196.5,196.52,0
2026-07-28 18:40:00,196.5195,196.6,196.45,196.52,0
2026-07-28 18:41:00,196.74,196.74,196.5549,196.62,0
2026-07-28 18:42:00,196.62,196.69,196.62,196.65,0
2026-07-28 18:43:00,196.65,196.65,196.5811,196.5811,0
2026-07-28 18:44:00,196.59,196.59,196.41,196.48,0
2026-07-28 18:45:00,196.48,196.5,196.2,196.35,0
2026-07-28 18:46:00,196.22,196.45,196.18,196.189,0
2026-07-28 18:47:00,196.19,196.2,196.01,196.01,0
2026-07-28 18:48:00,196.0,196.2,196.0,196.2,0
2026-07-28 18:49:00,196.0732,196.2,195.92,195.9865,0
2026-07-28 18:50:00,195.9865,196.17,195.88,196.1643,0
2026-07-28 18:51:00,196.04,196.16,195.8,196.03,0
2026-07-28 18:52:00,195.9419,196.3288,195.8662,196.19,0
2026-07-28 18:53:00,196.12,196.1917,195.69,195.75,0
2026-07-28 18:54:00,195.7,196.0,195.68,195.85,0
2026-07-28 18:55:00,195.81,195.97,195.77,195.8001,0
2026-07-28 18:56:00,195.8,195.97,195.8,195.85,0
2026-07-28 18:57:00,195.89,195.95,195.8,195.86,0
2026-07-28 18:58:00,195.86,195.97,195.75,195.771,0
2026-07-28 18:59:00,195.77,195.8046,195.5,195.53,0
2026-07-28 19:00:00,195.5001,195.7,195.5,195.55,0
2026-07-28 19:01:00,195.59,195.69,195.4798,195.5,0
2026-07-28 19:02:00,195.5411,195.58,195.13,195.26,0
2026-07-28 19:03:00,195.27,195.54,195.25,195.391,0
2026-07-28 19:04:00,195.4,195.55,195.28,195.55,0
2026-07-28 19:05:00,195.5407,195.55,195.3,195.5111,0
2026-07-28 19:06:00,195.4878,195.53,195.41,195.48,0
2026-07-28 19:07:00,195.479,195.5,195.415,195.44,0
2026-07-28 19:08:00,195.45,195.5,195.35,195.4149,0
2026-07-28 19:09:00,195.4,195.48,195.1,195.13,0
2026-07-28 19:10:00,195.1046,195.3,195.1,195.2,0
2026-07-28 19:11:00,195.1861,195.2845,195.02,195.2845,0
2026-07-28 19:12:00,195.2814,195.3,195.2,195.2541,0
2026-07-28 19:13:00,195.3,195.76,195.25,195.47,0
2026-07-28 19:14:00,195.6677,195.97,195.4757,195.82,0
2026-07-28 19:15:00,195.82,195.89,195.63,195.7169,0
2026-07-28 19:16:00,195.73,195.79,195.5,195.79,0
2026-07-28 19:17:00,195.5819,195.74,195.55,195.6115,0
2026-07-28 19:18:00,195.67,195.738,195.0,195.27,0
2026-07-28 19:19:00,195.42,195.58,195.32,195.58,0
2026-07-28 19:20:00,195.42,195.6,195.391,195.5864,0
2026-07-28 19:21:00,195.6462,195.83,195.5722,195.83,0
2026-07-28 19:22:00,195.7675,196.06,195.74,195.9836,0
2026-07-28 19:23:00,196.0,196.07,195.91,196.0,0
2026-07-28 19:24:00,195.93,195.98,195.49,195.81,0
2026-07-28 19:25:00,195.87,195.9,195.5003,195.7152,0
2026-07-28 19:26:00,195.68,195.79,195.5452,195.7477,0
2026-07-28 19:27:00,195.7476,195.94,195.7,195.72,0
2026-07-28 19:28:00,195.7014,195.75,195.68,195.6986,0
2026-07-28 19:29:00,195.6986,195.7,195.583,195.6972,0
2026-07-28 19:30:00,195.6997,195.75,195.68,195.7319,0
2026-07-28 19:31:00,195.7,195.93,195.7,195.75,0
2026-07-28 19:32:00,195.75,195.93,195.72,195.7545,0
2026-07-28 19:33:00,195.7904,195.9,195.58,195.9,0
2026-07-28 19:34:00,195.93,195.97,195.8,195.9001,0
2026-07-28 19:35:00,195.93,196.05,195.9,196.04,0
2026-07-28 19:36:00,196.05,196.05,195.8446,195.8446,0
2026-07-28 19:37:00,195.87,196.05,195.844,196.05,0
2026-07-28 19:38:00,196.0,196.0,195.88,195.9987,0
2026-07-28 19:39:00,196.0,196.0,195.9,195.9499,0
2026-07-28 19:40:00,195.9208,196.05,195.75,196.05,0
2026-07-28 19:41:00,196.05,196.12,196.0,196.12,0
2026-07-28 19:42:00,196.18,196.18,196.05,196.05,0
2026-07-28 19:43:00,196.0961,196.18,196.07,196.18,0
2026-07-28 19:44:00,196.18,196.91,196.18,196.69,0
2026-07-28 19:45:00,196.84,196.93,196.705,196.85,0
2026-07-28 19:46:00,196.91,197.01,196.83,196.9585,0
2026-07-28 19:47:00,196.9,197.18,196.9,197.0845,0
2026-07-28 19:48:00,197.0993,197.18,197.0037,197.14,0
2026-07-28 19:49:00,197.14,197.18,197.0,197.15,0
2026-07-28 19:50:00,197.16,197.6,197.14,197.6,0
2026-07-28 19:51:00,197.5025,197.6,197.305,197.5,0
2026-07-28 19:52:00,197.49,197.5,197.11,197.31,0
2026-07-28 19:53:00,197.32,197.5,197.11,197.1487,0
2026-07-28 19:54:00,197.14,197.6,197.14,197.5947,0
2026-07-28 19:55:00,197.3952,197.6,197.39,197.5,0
2026-07-28 19:56:00,197.5,197.68,197.5,197.6785,0
2026-07-28 19:57:00,197.67,197.75,197.64,197.68,0
2026-07-28 19:58:00,197.65,197.69,197.62,197.63,0
2026-07-28 19:59:00,197.64,197.6785,197.5037,197.63,0
2026-07-29 04:00:00,196.13,197.01,194.0432,196.22,0
2026-07-29 04:01:00,196.22,197.01,194.11,196.3562,0
2026-07-29 04:02:00,196.36,196.5425,196.2116,196.35,0
2026-07-29 04:03:00,196.4,196.52,196.35,196.38,0
2026-07-29 04:04:00,196.38,196.6622,194.89,196.56,0
2026-07-29 04:05:00,194.3,196.5,194.25,196.28,0
2026-07-29 04:06:00,196.34,196.54,195.49,195.81,0
2026-07-29 04:07:00,196.4724,196.487,195.0,196.3,0
2026-07-29 04:08:00,196.4,196.81,194.13,196.4,0
2026-07-29 04:09:00,196.4967,196.4967,196.01,196.08,0
2026-07-29 04:10:00,196.1952,196.1952,196.0,196.1,0
2026-07-29 04:11:00,196.115,196.1955,196.04,196.1955,0
2026-07-29 04:12:00,196.0673,196.2,195.86,195.9625,0
2026-07-29 04:13:00,195.9615,195.9672,195.8612,195.9672,0
2026-07-29 04:14:00,195.9575,195.9575,195.5447,195.7,0
2026-07-29 04:15:00,195.73,195.79,195.5612,195.79,0
2026-07-29 04:16:00,195.8747,195.96,195.67,195.81,0
2026-07-29 04:17:00,195.7747,195.9955,195.7747,195.9069,0
2026-07-29 04:18:00,195.9931,196.11,195.9057,195.95,0
2026-07-29 04:19:00,196.1288,196.1288,195.9155,195.9342,0
2026-07-29 04:20:00,196.0,196.13,195.88,196.0,0
2026-07-29 04:21:00,195.9057,196.0652,195.779,195.9,0
2026-07-29 04:22:00,195.91,196.0,195.81,195.81,0
2026-07-29 04:23:00,195.83,195.9942,195.77,195.89,0
2026-07-29 04:24:00,195.7682,195.8611,195.5262,195.7798,0
2026-07-29 04:25:00,195.78,195.82,195.528,195.82,0
2026-07-29 04:26:00,195.8125,195.8125,195.45,195.4587,0
2026-07-29 04:27:00,195.76,195.8417,195.52,195.68,0
2026-07-29 04:28:00,195.9907,195.9988,195.5341,195.63,0
2026-07-29 04:29:00,195.66,195.9988,195.6392,195.6685,0
2026-07-29 04:30:00,195.78,196.0,195.67,196.0,0
2026-07-29 04:31:00,195.76,196.2,195.76,196.14,0
2026-07-29 04:32:00,196.2,196.48,196.0162,196.42,0
2026-07-29 04:33:00,196.13,196.383,196.13,196.25,0
2026-07-29 04:34:00,196.3527,196.39,196.1365,196.39,0
2026-07-29 04:35:00,196.25,196.3888,196.1112,196.24,0
2026-07-29 04:36:00,196.19,196.35,196.0,196.3004,0
2026-07-29 04:37:00,196.32,196.3802,196.27,196.37,0
2026-07-29 04:38:00,196.31,196.4707,196.0583,196.3,0
2026-07-29 04:39:00,196.3,196.3715,196.0577,196.18,0
2026-07-29 04:40:00,196.17,196.43,196.12,196.43,0
2026-07-29 04:41:00,196.2,196.4288,196.2,196.25,0
2026-07-29 04:42:00,196.4242,196.4242,196.23,196.342,0
2026-07-29 04:43:00,196.42,196.74,196.34,196.64,0
2026-07-29 04:44:00,196.695,196.75,196.6103,196.75,0
2026-07-29 04:45:00,196.75,196.75,196.2137,196.72,0
2026-07-29 04:46:00,196.72,196.8,196.5332,196.8,0
2026-07-29 04:47:00,196.74,196.74,196.61,196.74,0
2026-07-29 04:48:00,196.69,196.79,196.55,196.7,0
2026-07-29 04:49:00,196.7,196.74,196.508,196.5972,0
2026-07-29 04:50:00,196.74,196.88,196.6,196.85,0
2026-07-29 04:51:00,196.8787,196.89,196.5575,196.75,0
2026-07-29 04:52:00,196.76,196.76,196.52,196.71,0
2026-07-29 04:53:00,196.74,196.8588,196.69,196.7637,0
2026-07-29 04:54:00,196.5262,196.72,196.5262,196.6,0
2026-07-29 04:55:00,196.63,196.8717,196.556,196.6,0
2026-07-29 04:56:00,196.64,196.69,196.6,196.6659,0
2026-07-29 04:57:00,196.62,196.68,196.61,196.61,0
2026-07-29 04:58:00,196.74,196.74,196.5,196.5,0
2026-07-29 04:59:00,196.6,196.6955,196.436,196.6955,0
2026-07-29 05:00:00,196.4757,196.884,196.409,196.6557,0
2026-07-29 05:01:00,196.875,196.9365,196.608,196.91,0
2026-07-29 05:02:00,196.9547,196.9875,196.85,196.85,0
2026-07-29 05:03:00,196.99,197.07,196.8483,197.07,0
2026-07-29 05:04:00,197.0347,197.15,196.9452,196.9452,0
2026-07-29 05:05:00,197.1,197.1,197.0,197.1,0
2026-07-29 05:06:00,197.12,197.25,196.97,197.13,0
2026-07-29 05:07:00,197.07,197.2452,197.0,197.0647,0
2026-07-29 05:08:00,197.06,197.2355,197.013,197.054,0
2026-07-29 05:09:00,197.054,197.4,197.054,197.25,0
2026-07-29 05:10:00,197.2988,197.3,197.1262,197.1262,0
2026-07-29 05:11:00,197.25,197.25,197.0,197.0,0
2026-07-29 05:12:00,197.0647,197.3888,197.0647,197.3888,0
2026-07-29 05:13:00,197.38,197.4,197.244,197.31,0
2026-07-29 05:14:00,197.34,197.54,197.34,197.52,0
2026-07-29 05:15:00,197.5947,197.5947,197.2662,197.51,0
2026-07-29 05:16:00,197.51,197.56,197.37,197.41,0
2026-07-29 05:17:00,197.3087,197.41,197.3,197.3,0
2026-07-29 05:18:00,197.36,197.43,197.285,197.3705,0
2026-07-29 05:19:00,197.37,197.48,197.26,197.26,0
2026-07-29 05:20:00,197.26,197.3,197.17,197.29,0
2026-07-29 05:21:00,197.28,197.4732,197.28,197.29,0
2026-07-29 05:22:00,197.3,197.5552,197.2012,197.54,0
2026-07-29 05:23:00,197.5,197.5557,197.2055,197.34,0
2026-07-29 05:24:00,197.34,197.56,197.2012,197.2128,0
2026-07-29 05:25:00,197.34,197.6,197.229,197.58,0
2026-07-29 05:26:00,197.3172,197.6022,197.3065,197.48,0
2026-07-29 05:27:00,197.5701,197.5701,197.35,197.45,0
2026-07-29 05:28:00,197.2745,197.45,197.2745,197.3,0
2026-07-29 05:29:00,197.35,197.58,197.33,197.33,0
2026-07-29 05:30:00,197.27,197.4455,197.27,197.35,0
2026-07-29 05:31:00,197.2452,197.445,197.2452,197.39,0
2026-07-29 05:32:00,197.35,197.4488,197.28,197.31,0
2026-07-29 05:33:00,197.28,197.3432,197.09,197.2,0
2026-07-29 05:34:00,197.2,197.3852,197.2,197.2507,0
2026-07-29 05:35:00,197.5488,197.5488,197.28,197.32,0
2026-07-29 05:36:00,197.3289,197.55,197.3257,197.45,0
2026-07-29 05:37:00,197.3255,197.6,197.3255,197.58,0
2026-07-29 05:38:00,197.6,197.68,197.4512,197.68,0
2026-07-29 05:39:00,197.64,197.7462,197.5,197.5369,0
2026-07-29 05:40:00,197.5628,197.76,197.5342,197.7,0
2026-07-29 05:41:00,197.7203,197.85,197.685,197.8,0
2026-07-29 05:42:00,197.8,197.86,197.7147,197.7147,0
2026-07-29 05:43:00,197.81,197.9655,197.73,197.84,0
2026-07-29 05:44:00,197.82,197.9447,197.7425,197.82,0
2026-07-29 05:45:00,197.84,197.85,197.75,197.85,0
2026-07-29 05:46:00,197.88,197.93,197.7737,197.8,0
2026-07-29 05:47:00,197.84,197.89,197.7727,197.82,0
2026-07-29 05:48:00,197.82,197.93,197.82,197.84,0
2026-07-29 05:49:00,197.94,197.99,197.81,197.8619,0
2026-07-29 05:50:00,197.99,198.1,197.9122,198.07,0
2026-07-29 05:51:00,198.11,198.1662,198.0235,198.0235,0
2026-07-29 05:52:00,198.14,198.25,198.0512,198.241,0
2026-07-29 05:53:00,198.18,198.23,198.04,198.1218,0
2026-07-29 05:54:00,198.1,198.1288,197.9042,198.0,0
2026-07-29 05:55:00,197.95,197.9931,197.8,197.95,0
2026-07-29 05:56:00,197.94,197.94,197.84,197.8975,0
2026-07-29 05:57:00,197.88,198.0988,197.8025,197.9147,0
2026-07-29 05:58:00,198.0,198.1,197.874,197.874,0
2026-07-29 05:59:00,197.95,198.1253,197.92,198.06,0
2026-07-29 06:00:00,198.08,198.09,198.0,198.09,0
2026-07-29 06:01:00,198.06,198.1988,198.02,198.1025,0
2026-07-29 06:02:00,198.13,198.3,198.1,198.102,0
2026-07-29 06:03:00,198.13,198.2,198.02,198.1792,0
2026-07-29 06:04:00,198.18,198.1853,198.0,198.04,0
2026-07-29 06:05:00,198.04,198.21,198.0,198.0397,0
2026-07-29 06:06:00,198.19,198.19,197.8695,197.95,0
2026-07-29 06:07:00,197.97,198.1388,197.85,197.93,0
2026-07-29 06:08:00,197.9,198.0,197.8803,197.95,0
2026-07-29 06:09:00,197.99,197.99,197.85,197.92,0
2026-07-29 06:10:00,197.87,198.0,197.87,197.98,0
2026-07-29 06:11:00,197.98,198.0,197.84,197.85,0
2026-07-29 06:12:00,197.85,197.9467,197.755,197.945,0
2026-07-29 06:13:00,197.84,197.8867,197.7515,197.7535,0
2026-07-29 06:14:00,197.8865,197.8865,197.75,197.867,0
2026-07-29 06:15:00,197.83,197.867,197.7237,197.7237,0
2026-07-29 06:16:00,197.8662,197.8662,197.704,197.84,0
2026-07-29 06:17:00,197.8251,197.8488,197.71,197.71,0
2026-07-29 06:18:00,197.856,197.856,197.7,197.7096,0
2026-07-29 06:19:00,197.7,197.817,197.68,197.7015,0
2026-07-29 06:20:00,197.75,197.79,197.7,197.7669,0
2026-07-29 06:21:00,197.8,197.8,197.75,197.76,0
2026-07-29 06:22:00,197.7892,197.7977,197.7,197.72,0
2026-07-29 06:23:00,197.79,197.7975,197.708,197.72,0
2026-07-29 06:24:00,197.72,197.75,197.69,197.734,0
2026-07-29 06:25:00,197.73,197.73,197.5025,197.55,0
2026-07-29 06:26:00,197.59,197.734,197.5,197.5047,0
2026-07-29 06:27:00,197.5,197.5877,197.45,197.53,0
2026-07-29 06:28:00,197.5818,197.5875,197.473,197.587,0
2026-07-29 06:29:00,197.56,197.7496,197.516,197.58,0
2026-07-29 06:30:00,197.63,197.78,197.6145,197.6145,0
2026-07-29 06:31:00,197.6145,197.6242,197.4,197.45,0
2026-07-29 06:32:00,197.46,197.6047,197.3025,197.46,0
2026-07-29 06:33:00,197.38,197.776,197.3507,197.55,0
2026-07-29 06:34:00,197.43,197.5997,197.3194,197.3194,0
2026-07-29 06:35:00,197.34,197.6,197.3,197.34,0
2026-07-29 06:36:00,197.3032,197.4,197.25,197.26,0
2026-07-29 06:37:00,197.3865,197.3962,197.25,197.328,0
2026-07-29 06:38:00,197.2537,197.3735,197.1427,197.2397,0
2026-07-29 06:39:00,197.22,197.3897,197.2167,197.3897,0
2026-07-29 06:40:00,197.37,197.413,197.147,197.245,0
2026-07-29 06:41:00,197.25,197.41,197.145,197.4,0
2026-07-29 06:42:00,197.4,197.4,197.2047,197.3852,0
2026-07-29 06:43:00,197.28,197.3052,197.13,197.13,0
2026-07-29 06:44:00,197.18,197.3212,197.12,197.12,0
2026-07-29 06:45:00,197.17,197.17,197.01,197.1,0
2026-07-29 06:46:00,197.04,197.0953,197.0,197.0,0
2026-07-29 06:47:00,197.0947,197.17,197.0,197.0,0
2026-07-29 06:48:00,197.0,197.1,196.98,197.02,0
2026-07-29 06:49:00,197.02,197.0371,196.96,197.03,0
2026-07-29 06:50:00,197.03,197.1,196.91,197.0958,0
2026-07-29 06:51:00,197.09,197.17,196.8,196.8,0
2026-07-29 06:52:00,196.81,197.07,196.75,197.0,0
2026-07-29 06:53:00,196.87,197.0,196.7952,196.96,0
2026-07-29 06:54:00,196.86,196.9109,196.78,196.9109,0
2026-07-29 06:55:00,196.86,196.9557,196.7845,196.82,0
2026-07-29 06:56:00,196.82,197.02,196.7912,197.02,0
2026-07-29 06:57:00,196.92,197.0,196.871,196.8991,0
2026-07-29 06:58:00,196.9,197.0088,196.815,196.91,0
2026-07-29 06:59:00,196.91,196.961,196.8,196.9,0
2026-07-29 07:00:00,196.885,197.06,196.68,197.0039,0
2026-07-29 07:01:00,197.0696,197.19,196.95,197.19,0
2026-07-29 07:02:00,197.0964,197.205,197.0201,197.18,0
2026-07-29 07:03:00,197.181,197.2272,197.02,197.0929,0
2026-07-29 07:04:00,197.1084,197.19,196.905,197.0988,0
2026-07-29 07:05:00,197.1,197.1,196.9448,196.98,0
2026-07-29 07:06:00,196.9318,197.0,196.7522,196.8847,0
2026-07-29 07:07:00,196.86,197.05,196.77,197.0252,0
2026-07-29 07:08:00,197.05,197.35,196.97,197.17,0
2026-07-29 07:09:00,197.17,197.33,197.05,197.15,0
2026-07-29 07:10:00,197.21,197.3799,197.2,197.3718,0
2026-07-29 07:11:00,197.38,197.4465,197.29,197.3631,0
2026-07-29 07:12:00,197.35,197.4988,197.2835,197.32,0
2026-07-29 07:13:00,197.3744,197.4995,197.32,197.46,0
2026-07-29 07:14:00,197.44,197.47,197.33,197.4283,0
2026-07-29 07:15:00,197.47,197.6,197.34,197.55,0
2026-07-29 07:16:00,197.48,197.58,197.3812,197.4091,0
2026-07-29 07:17:00,197.4585,197.5,197.35,197.5,0
2026-07-29 07:18:00,197.58,197.6091,197.39,197.5646,0
2026-07-29 07:19:00,197.55,197.61,197.0,197.5021,0
2026-07-29 07:20:00,197.4331,197.61,197.41,197.56,0
2026-07-29 07:21:00,197.6004,197.7,197.57,197.65,0
2026-07-29 07:22:00,197.6,197.7,197.5,197.6352,0
2026-07-29 07:23:00,197.6352,197.7,197.5117,197.6645,0
2026-07-29 07:24:00,197.6,197.68,197.5135,197.5603,0
2026-07-29 07:25:00,197.61,197.66,197.5272,197.6,0
2026-07-29 07:26:00,197.48,197.66,197.48,197.6,0
2026-07-29 07:27:00,197.6,197.6796,197.52,197.6748,0
2026-07-29 07:28:00,197.62,197.66,197.53,197.66,0
2026-07-29 07:29:00,197.6524,197.66,197.48,197.48,0
2026-07-29 07:30:00,197.48,197.55,197.4,197.52,0
2026-07-29 07:31:00,197.484,197.5975,197.45,197.55,0
2026-07-29 07:32:00,197.6,197.6,197.27,197.39,0
2026-07-29 07:33:00,197.33,197.4,197.3,197.3888,0
2026-07-29 07:34:00,197.35,197.4,197.25,197.3614,0
2026-07-29 07:35:00,197.24,197.38,197.14,197.26,0
2026-07-29 07:36:00,197.26,197.38,197.1,197.2883,0
2026-07-29 07:37:00,197.1389,197.39,197.1389,197.3,0
2026-07-29 07:38:00,197.2901,197.39,197.2145,197.2901,0
2026-07-29 07:39:00,197.39,197.39,197.15,197.35,0
2026-07-29 07:40:00,197.3,197.34,197.25,197.2717,0
2026-07-29 07:41:00,197.33,197.35,197.2669,197.2669,0
2026-07-29 07:42:00,197.2931,197.47,197.2931,197.4,0
2026-07-29 07:43:00,197.47,197.47,197.29,197.446,0
2026-07-29 07:44:00,197.3847,197.4252,197.28,197.3,0
2026-07-29 07:45:00,197.29,197.34,197.25,197.25,0
2026-07-29 07:46:00,197.26,197.32,197.2,197.2025,0
2026-07-29 07:47:00,197.2816,197.45,197.24,197.45,0
2026-07-29 07:48:00,197.3874,197.41,197.2668,197.3748,0
2026-07-29 07:49:00,197.3,197.3775,197.2,197.2201,0
2026-07-29 07:50:00,197.25,197.3,197.24,197.28,0
2026-07-29 07:51:00,197.25,197.3,197.23,197.3,0
2026-07-29 07:52:00,197.25,197.47,197.25,197.37,0
2026-07-29 07:53:00,197.37,197.4,197.15,197.2666,0
2026-07-29 07:54:00,197.25,197.3755,197.2,197.2894,0
2026-07-29 07:55:00,197.202,197.3888,197.202,197.36,0
2026-07-29 07:56:00,197.43,197.5,197.32,197.498,0
2026-07-29 07:57:00,197.46,197.4882,197.38,197.4131,0
2026-07-29 07:58:00,197.38,197.48,197.25,197.36,0
2026-07-29 07:59:00,197.41,197.5,197.38,197.5,0
2026-07-29 08:00:00,197.52,197.52,197.4,197.45,0
2026-07-29 08:01:00,197.4002,197.49,197.4,197.4411,0
2026-07-29 08:02:00,197.4487,197.47,197.2737,197.37,0
2026-07-29 08:03:00,197.3315,197.4065,197.25,197.31,0
2026-07-29 08:04:00,197.35,197.4455,197.2948,197.43,0
2026-07-29 08:05:00,197.37,197.4267,197.3,197.3032,0
2026-07-29 08:06:00,197.31,197.5,197.31,197.416,0
2026-07-29 08:07:00,197.46,197.46,197.21,197.26,0
2026-07-29 08:08:00,197.26,197.28,197.05,197.1965,0
2026-07-29 08:09:00,197.1991,197.2,197.0732,197.16,0
2026-07-29 08:10:00,197.19,197.19,197.0601,197.13,0
2026-07-29 08:11:00,197.1389,197.26,197.12,197.22,0
2026-07-29 08:12:00,197.23,197.25,197.1563,197.18,0
2026-07-29 08:13:00,197.16,197.2488,197.1,197.2,0
2026-07-29 08:14:00,197.2101,197.22,196.95,196.994,0
2026-07-29 08:15:00,197.0469,197.14,196.92,197.0515,0
2026-07-29 08:16:00,197.0,197.0149,196.56,196.5646,0
2026-07-29 08:17:00,196.5845,196.6,196.32,196.538,0
2026-07-29 08:18:00,196.6,196.7999,196.35,196.7999,0
2026-07-29 08:19:00,196.5,196.8,196.3946,196.5,0
2026-07-29 08:20:00,196.4919,196.63,196.44,196.52,0
2026-07-29 08:21:00,196.4512,196.6124,196.4512,196.4568,0
2026-07-29 08:22:00,196.52,196.58,196.3,196.35,0
2026-07-29 08:23:00,196.4385,196.572,196.33,196.5665,0
2026-07-29 08:24:00,196.61,196.61,196.4,196.48,0
2026-07-29 08:25:00,196.4618,196.6,196.3863,196.567,0
2026-07-29 08:26:00,196.7,196.75,196.55,196.65,0
2026-07-29 08:27:00,196.6,196.7,196.53,196.57,0
2026-07-29 08:28:00,196.5894,196.7183,196.5,196.7,0
2026-07-29 08:29:00,196.7111,196.744,196.37,196.37,0
2026-07-29 08:30:00,196.43,196.65,196.2217,196.46,0
2026-07-29 08:31:00,196.47,196.48,196.3,196.43,0
2026-07-29 08:32:00,196.4,196.48,196.31,196.36,0
2026-07-29 08:33:00,196.41,196.48,196.3,196.365,0
2026-07-29 08:34:00,196.4099,196.65,196.3,196.545,0
2026-07-29 08:35:00,196.46,196.65,196.4469,196.49,0
2026-07-29 08:36:00,196.545,196.64,196.46,196.5014,0
2026-07-29 08:37:00,196.6099,196.65,196.5,196.5416,0
2026-07-29 08:38:00,196.5989,196.6,196.5012,196.52,0
2026-07-29 08:39:00,196.54,196.6,196.5008,196.5755,0
2026-07-29 08:40:00,196.58,196.63,196.52,196.6,0
2026-07-29 08:41:00,196.6,196.76,196.6,196.7347,0
2026-07-29 08:42:00,196.76,196.86,196.73,196.7463,0
2026-07-29 08:43:00,196.8007,196.83,196.6732,196.7624,0
2026-07-29 08:44:00,196.83,196.9,196.7613,196.88,0
2026-07-29 08:45:00,196.88,196.9,196.83,196.9,0
2026-07-29 08:46:00,196.8472,196.95,196.8417,196.94,0
2026-07-29 08:47:00,196.8925,196.947,196.85,196.9,0
2026-07-29 08:48:00,196.89,196.95,196.83,196.94,0
2026-07-29 08:49:00,196.9011,197.09,196.9011,197.0055,0
2026-07-29 08:50:00,197.052,197.1283,196.99,197.02,0
2026-07-29 08:51:00,197.07,197.07,196.85,196.9597,0
2026-07-29 08:52:00,196.9597,197.04,196.86,196.9674,0
2026-07-29 08:53:00,196.93,197.04,196.93,196.9848,0
2026-07-29 08:54:00,196.9938,197.15,196.9503,197.0846,0
2026-07-29 08:55:00,197.09,197.1,197.0,197.0429,0
2026-07-29 08:56:00,197.05,197.15,196.965,197.0,0
2026-07-29 08:57:00,196.9982,197.0,196.85,196.85,0
2026-07-29 08:58:00,196.97,197.0,196.75,196.7847,0
2026-07-29 08:59:00,196.9688,196.9688,196.8,196.89,0
2026-07-29 09:00:00,196.92,196.99,196.7,196.93,0
2026-07-29 09:01:00,196.84,196.93,196.8,196.8925,0
2026-07-29 09:02:00,196.89,197.0,196.85,196.88,0
2026-07-29 09:03:00,196.8924,196.9147,196.63,196.6926,0
2026-07-29 09:04:00,196.7194,196.7399,196.6,196.6531,0
2026-07-29 09:05:00,196.69,196.69,196.52,196.5537,0
2026-07-29 09:06:00,196.55,196.7183,196.53,196.59,0
2026-07-29 09:07:00,196.56,196.79,196.56,196.62,0
2026-07-29 09:08:00,196.69,196.84,196.58,196.6961,0
2026-07-29 09:09:00,196.6817,196.8055,196.63,196.69,0
2026-07-29 09:10:00,196.6971,196.74,196.5701,196.6709,0
2026-07-29 09:11:00,196.63,196.74,196.57,196.6507,0
2026-07-29 09:12:00,196.6507,196.6992,196.52,196.58,0
2026-07-29 09:13:00,196.53,196.6465,196.46,196.499,0
2026-07-29 09:14:00,196.47,196.51,196.3401,196.425,0
2026-07-29 09:15:00,196.46,196.6,196.34,196.4776,0
2026-07-29 09:16:00,196.5621,196.5999,196.41,196.5,0
2026-07-29 09:17:00,196.5,196.6,196.4101,196.45,0
2026-07-29 09:18:00,196.42,196.49,196.3001,196.35,0
2026-07-29 09:19:00,196.39,196.5999,196.3101,196.41,0
2026-07-29 09:20:00,196.461,196.6,196.31,196.38,0
2026-07-29 09:21:00,196.4,196.7499,196.35,196.57,0
2026-07-29 09:22:00,196.57,196.7499,196.4301,196.5898,0
2026-07-29 09:23:00,196.57,196.6699,196.4301,196.51,0
2026-07-29 09:24:00,196.5886,196.59,196.4,196.4809,0
2026-07-29 09:25:00,196.46,196.5899,196.3,196.48,0
2026-07-29 09:26:00,196.49,196.7123,196.36,196.6365,0
2026-07-29 09:27:00,196.64,196.69,194.99,195.1,0
2026-07-29 09:28:00,195.15,195.3947,194.5,195.24,0
2026-07-29 09:29:00,195.23,195.85,195.0245,195.81,0
2026-07-29 09:30:00,195.845,196.7,195.23,195.305,4305177
2026-07-29 09:31:00,195.325,195.5956,195.04,195.16,287414
2026-07-29 09:32:00,195.18,195.81,194.86,195.725,377173
2026-07-29 09:33:00,195.745,196.04,195.59,195.98,292902
2026-07-29 09:34:00,195.985,197.074,195.98,196.79,452642
2026-07-29 09:35:00,196.74,197.05,196.59,196.9598,303469
2026-07-29 09:36:00,196.9699,197.0,196.16,196.27,376785
2026-07-29 09:37:00,196.2405,196.49,196.01,196.43,288673
2026-07-29 09:38:00,196.49,196.86,195.94,196.015,299241
2026-07-29 09:39:00,196.04,196.15,195.73,195.75,297244
2026-07-29 09:40:00,195.74,196.2648,195.52,195.81,317722
2026-07-29 09:41:00,195.88,196.34,195.66,196.2775,232662
2026-07-29 09:42:00,196.285,196.5,195.97,196.19,317220
2026-07-29 09:43:00,196.21,196.37,195.965,196.041,357311
2026-07-29 09:44:00,196.065,196.43,195.98,196.42,198183
2026-07-29 09:45:00,196.39,196.5899,196.13,196.21,282022
2026-07-29 09:46:00,196.21,196.2669,195.88,196.16,241019
2026-07-29 09:47:00,196.16,196.23,195.07,195.4,339613
2026-07-29 09:48:00,195.435,195.8,195.2,195.2867,253194
2026-07-29 09:49:00,195.28,195.55,195.04,195.515,211239
2026-07-29 09:50:00,195.51,195.63,194.91,194.995,333585
2026-07-29 09:51:00,194.995,194.995,194.41,194.54,425048
2026-07-29 09:52:00,194.5,194.72,194.35,194.41,299416
2026-07-29 09:53:00,194.425,194.63,194.21,194.56,323009
2026-07-29 09:54:00,194.52,194.61,194.0701,194.1401,252960
2026-07-29 09:55:00,194.1175,194.135,193.41,193.64,557970
2026-07-29 09:56:00,193.65,193.65,193.06,193.075,531034
2026-07-29 09:57:00,193.07,193.135,192.65,192.8,764851
2026-07-29 09:58:00,192.82,193.43,192.81,193.39,685842
2026-07-29 09:59:00,193.37,193.54,193.09,193.38,343603
2026-07-29 10:00:00,193.39,193.65,193.25,193.32,369809
2026-07-29 10:01:00,193.24,193.6,193.04,193.29,236942
2026-07-29 10:02:00,193.26,193.48,193.02,193.05,264410
2026-07-29 10:03:00,193.01,193.24,192.96,192.96,391356
2026-07-29 10:04:00,192.94,193.47,192.83,193.18,345433
2026-07-29 10:05:00,193.23,193.5768,193.1,193.1,347249
2026-07-29 10:06:00,193.095,193.35,192.81,192.905,381169
2026-07-29 10:07:00,192.89,192.89,192.25,192.69,603585
2026-07-29 10:08:00,192.6758,192.785,192.35,192.72,322738
2026-07-29 10:09:00,192.7376,192.94,192.55,192.66,311048
2026-07-29 10:10:00,192.61,192.61,192.18,192.4159,597414
2026-07-29 10:11:00,192.43,192.4998,192.24,192.33,417473
2026-07-29 10:12:00,192.31,192.55,191.5,191.533,1079653
2026-07-29 10:13:00,191.545,191.6701,191.2,191.64,781780
2026-07-29 10:14:00,191.645,191.82,191.49,191.79,424350
2026-07-29 10:15:00,191.79,192.13,191.74,192.0,500030
2026-07-29 10:16:00,191.9955,192.2899,191.9705,192.19,276348
2026-07-29 10:17:00,192.2,192.35,192.05,192.072,303850
2026-07-29 10:18:00,192.09,192.42,192.07,192.23,278843
2026-07-29 10:19:00,192.225,192.255,192.0,192.115,228797
2026-07-29 10:20:00,192.13,192.29,191.94,192.07,303450
2026-07-29 10:21:00,192.0956,192.48,192.035,192.41,233769
2026-07-29 10:22:00,192.4,192.4696,192.26,192.405,242657
2026-07-29 10:23:00,192.375,192.375,192.03,192.04,200073
2026-07-29 10:24:00,192.04,192.07,191.57,191.65,426511
2026-07-29 10:25:00,191.67,191.6899,191.16,191.17,516072
2026-07-29 10:26:00,191.1994,191.2456,191.01,191.11,497561
2026-07-29 10:27:00,191.0821,191.2,190.923,191.07,615618
2026-07-29 10:28:00,191.095,191.5,191.0402,191.475,346449
2026-07-29 10:29:00,191.5,191.74,191.4649,191.635,384077
2026-07-29 10:30:00,191.61,192.03,191.55,191.83,378147
2026-07-29 10:31:00,191.86,191.97,191.59,191.835,312710
2026-07-29 10:32:00,191.835,192.1119,191.82,192.07,230752
2026-07-29 10:33:00,192.075,192.31,191.87,191.96,289173
2026-07-29 10:34:00,191.955,192.07,191.72,191.9899,223339
2026-07-29 10:35:00,191.96,191.975,191.7006,191.83,204639
2026-07-29 10:36:00,191.8298,191.915,191.665,191.79,176223
2026-07-29 10:37:00,191.795,191.925,191.6799,191.72,199815
2026-07-29 10:38:00,191.725,191.97,191.59,191.92,231991
2026-07-29 10:39:00,191.935,191.935,191.5101,191.56,198737
2026-07-29 10:40:00,191.53,191.62,191.13,191.31,325582
2026-07-29 10:41:00,191.2814,191.595,191.15,191.165,429822
2026-07-29 10:42:00,191.165,191.3,190.97,191.11,333461
2026-07-29 10:43:00,191.1,191.3,191.03,191.21,200753
2026-07-29 10:44:00,191.1507,191.25,190.96,191.11,258773
2026-07-29 10:45:00,191.1,191.265,191.025,191.175,274701
2026-07-29 10:46:00,191.175,191.45,191.01,191.3903,248070
2026-07-29 10:47:00,191.41,191.6599,191.39,191.415,285850
2026-07-29 10:48:00,191.385,191.5,191.29,191.44,196533
2026-07-29 10:49:00,191.45,191.8501,191.405,191.755,285230
2026-07-29 10:50:00,191.755,191.97,191.71,191.9647,228721
2026-07-29 10:51:00,191.925,192.15,191.8301,191.9201,311607
2026-07-29 10:52:00,191.9401,192.47,191.924,192.31,361342
2026-07-29 10:53:00,192.27,192.36,192.17,192.235,241752
2026-07-29 10:54:00,192.23,192.2899,191.9523,192.255,236830
2026-07-29 10:55:00,192.24,192.34,191.95,191.97,173619
2026-07-29 10:56:00,191.95,192.0949,191.87,192.0799,252945
2026-07-29 10:57:00,192.13,192.279,191.98,192.0899,264615
2026-07-29 10:58:00,192.075,192.37,192.04,192.37,293600
2026-07-29 10:59:00,192.365,192.63,192.36,192.485,356641
2026-07-29 11:00:00,192.48,192.69,192.22,192.325,328966
2026-07-29 11:01:00,192.3,192.75,192.26,192.7201,238563
2026-07-29 11:02:00,192.72,192.99,192.6781,192.915,304122
2026-07-29 11:03:00,192.9151,193.0999,192.87,192.96,283397
2026-07-29 11:04:00,192.96,193.158,192.88,193.145,209656
2026-07-29 11:05:00,193.115,193.16,192.7001,192.905,237976
2026-07-29 11:06:00,192.9001,193.15,192.74,192.74,196607
2026-07-29 11:07:00,192.7516,192.935,192.67,192.9315,213287
2026-07-29 11:08:00,192.93,193.09,192.8,192.8,175954
2026-07-29 11:09:00,192.795,192.9599,192.75,192.89,143800
2026-07-29 11:10:00,192.91,192.945,192.6401,192.655,162610
2026-07-29 11:11:00,192.655,192.6699,192.16,192.33,236277
2026-07-29 11:12:00,192.34,192.545,192.24,192.325,295107
2026-07-29 11:13:00,192.3,192.5099,192.28,192.36,142209
2026-07-29 11:14:00,192.3501,192.475,192.1801,192.39,214168
2026-07-29 11:15:00,192.395,192.615,192.22,192.6001,132947
2026-07-29 11:16:00,192.6,192.83,192.45,192.74,230423
2026-07-29 11:17:00,192.725,192.815,192.385,192.575,235307
2026-07-29 11:18:00,192.58,192.84,192.58,192.755,198589
2026-07-29 11:19:00,192.74,192.8098,192.33,192.36,193149
2026-07-29 11:20:00,192.39,192.51,192.225,192.48,187604
2026-07-29 11:21:00,192.5095,192.54,192.36,192.54,151353
2026-07-29 11:22:00,192.525,192.62,192.29,192.55,142967
2026-07-29 11:23:00,192.59,192.76,192.57,192.74,125891
2026-07-29 11:24:00,192.7301,192.84,192.605,192.82,125957
2026-07-29 11:25:00,192.85,192.9,192.61,192.875,167495
2026-07-29 11:26:00,192.845,193.12,192.62,192.74,231270
2026-07-29 11:27:00,192.75,192.81,192.555,192.56,169813
2026-07-29 11:28:00,192.58,192.65,192.43,192.535,157141
2026-07-29 11:29:00,192.522,192.58,192.36,192.375,141925
2026-07-29 11:30:00,192.375,192.41,192.17,192.36,211357
2026-07-29 11:31:00,192.35,192.44,192.215,192.38,160353
2026-07-29 11:32:00,192.36,192.4164,192.25,192.3151,100395
2026-07-29 11:33:00,192.3199,192.55,192.175,192.46,130511
2026-07-29 11:34:00,192.44,192.535,192.24,192.325,144488
2026-07-29 11:35:00,192.34,192.47,192.23,192.3851,174618
2026-07-29 11:36:00,192.37,192.52,192.345,192.51,214613
2026-07-29 11:37:00,192.53,192.6,192.24,192.33,202702
2026-07-29 11:38:00,192.335,192.45,192.075,192.135,200255
2026-07-29 11:39:00,192.135,192.135,191.8436,191.8436,283424
2026-07-29 11:40:00,191.85,191.9355,191.7,191.89,276003
2026-07-29 11:41:00,191.8883,192.125,191.88,192.02,172546
2026-07-29 11:42:00,192.0,192.1,191.82,191.855,180230
2026-07-29 11:43:00,191.875,191.9099,191.65,191.67,190347
2026-07-29 11:44:00,191.67,191.826,191.67,191.76,172463
2026-07-29 11:45:00,191.74,191.85,191.6,191.665,181177
2026-07-29 11:46:00,191.69,191.95,191.69,191.86,198302
2026-07-29 11:47:00,191.8668,191.96,191.77,191.905,131953
2026-07-29 11:48:00,191.92,191.99,191.76,191.77,125420
2026-07-29 11:49:00,191.7799,191.9,191.655,191.885,167658
2026-07-29 11:50:00,191.865,191.9499,191.735,191.91,164270
2026-07-29 11:51:00,191.915,192.12,191.874,192.06,223433
2026-07-29 11:52:00,192.0401,192.1199,191.9205,192.115,156626
2026-07-29 11:53:00,192.1199,192.1199,191.7699,191.845,140059
2026-07-29 11:54:00,191.84,191.86,191.46,191.6,235592
2026-07-29 11:55:00,191.5999,191.74,191.44,191.6,267917
2026-07-29 11:56:00,191.5901,191.78,191.48,191.73,179702
2026-07-29 11:57:00,191.7351,191.95,191.735,191.86,208808
2026-07-29 11:58:00,191.86,191.89,191.72,191.8,175197
2026-07-29 11:59:00,191.8,191.9719,191.8,191.86,172078
2026-07-29 12:00:00,191.85,192.12,191.617,191.6478,222622
2026-07-29 12:01:00,191.66,191.69,191.47,191.61,124037
2026-07-29 12:02:00,191.585,191.59,191.3303,191.415,182454
2026-07-29 12:03:00,191.4,191.54,191.34,191.495,118826
2026-07-29 12:04:00,191.46,191.47,191.22,191.325,321315
2026-07-29 12:05:00,191.35,191.35,191.01,191.05,260100
2026-07-29 12:06:00,191.05,191.13,190.88,190.985,1830437
2026-07-29 12:07:00,190.99,191.0598,190.8,191.04,273864
2026-07-29 12:08:00,191.06,191.16,190.96,191.0982,187399
2026-07-29 12:09:00,191.09,191.18,191.0,191.17,186141
2026-07-29 12:10:00,191.17,191.31,191.115,191.245,163826
2026-07-29 12:11:00,191.26,191.4391,191.2482,191.28,181233
2026-07-29 12:12:00,191.2898,191.46,191.285,191.3201,154110
2026-07-29 12:13:00,191.32,191.4,191.12,191.17,157170
2026-07-29 12:14:00,191.19,191.27,190.9101,190.9101,196884
2026-07-29 12:15:00,190.91,191.18,190.8,191.025,281623
2026-07-29 12:16:00,191.04,191.0437,190.73,190.817,255312
2026-07-29 12:17:00,190.805,190.91,190.682,190.86,293938
2026-07-29 12:18:00,190.86,191.01,190.815,190.9798,202223
2026-07-29 12:19:00,190.97,191.17,190.9645,191.05,169342
2026-07-29 12:20:00,191.05,191.18,190.92,191.18,187440
2026-07-29 12:21:00,191.18,191.33,191.09,191.1,166339
2026-07-29 12:22:00,191.105,191.3601,191.1,191.324,201772
2026-07-29 12:23:00,191.315,191.68,191.3,191.5,260433
2026-07-29 12:24:00,191.4844,191.62,191.3,191.4899,208197
2026-07-29 12:25:00,191.48,191.64,191.455,191.49,154849
2026-07-29 12:26:00,191.48,191.59,191.42,191.555,1307580
2026-07-29 12:27:00,191.555,191.57,191.3539,191.4101,150839
2026-07-29 12:28:00,191.4,191.63,191.311,191.53,140511
2026-07-29 12:29:00,191.52,191.6695,191.5,191.59,138869
2026-07-29 12:30:00,191.575,191.98,191.54,191.88,270519
2026-07-29 12:31:00,191.8855,191.95,191.71,191.832,137268
2026-07-29 12:32:00,191.84,191.85,191.5019,191.63,108650
2026-07-29 12:33:00,191.67,191.82,191.6277,191.7008,129836
2026-07-29 12:34:00,191.73,191.8395,191.485,191.52,135107
2026-07-29 12:35:00,191.52,191.5268,191.32,191.35,127693
2026-07-29 12:36:00,191.36,191.44,191.28,191.3399,117131
2026-07-29 12:37:00,191.33,191.67,191.31,191.635,157480
2026-07-29 12:38:00,191.66,191.75,191.5403,191.62,117256
2026-07-29 12:39:00,191.63,191.89,191.585,191.855,108826
2026-07-29 12:40:00,191.8332,191.85,191.565,191.79,152920
2026-07-29 12:41:00,191.8,191.88,191.7,191.71,132973
2026-07-29 12:42:00,191.71,191.71,191.365,191.5495,123046
2026-07-29 12:43:00,191.54,191.6099,191.38,191.45,79731
2026-07-29 12:44:00,191.435,191.64,191.4162,191.625,112396
2026-07-29 12:45:00,191.595,191.63,191.48,191.535,103346
2026-07-29 12:46:00,191.55,191.65,191.52,191.63,88531
2026-07-29 12:47:00,191.64,191.885,191.6001,191.79,131796
2026-07-29 12:48:00,191.78,191.88,191.68,191.725,114986
2026-07-29 12:49:00,191.73,191.94,191.7099,191.872,165285
2026-07-29 12:50:00,191.89,191.96,191.6402,191.81,203233
2026-07-29 12:51:00,191.8,191.95,191.76,191.8,127781
2026-07-29 12:52:00,191.8079,192.12,191.76,192.085,213611
2026-07-29 12:53:00,192.08,192.17,192.006,192.1022,137486
2026-07-29 12:54:00,192.1,192.125,191.91,191.99,100618
2026-07-29 12:55:00,191.985,192.0,191.8431,191.8501,159758
2026-07-29 12:56:00,191.835,191.89,191.71,191.87,141381
2026-07-29 12:57:00,191.87,191.95,191.79,191.87,1634526
2026-07-29 12:58:00,191.8671,191.8671,191.6621,191.775,1417364
2026-07-29 12:59:00,191.79,191.98,191.7792,191.97,136154
2026-07-29 13:00:00,191.97,192.0401,191.855,191.92,168056
2026-07-29 13:01:00,191.925,192.08,191.88,191.94,194178
2026-07-29 13:02:00,191.9305,192.08,191.91,191.925,139116
2026-07-29 13:03:00,191.945,192.29,191.88,192.2201,277967
2026-07-29 13:04:00,192.21,192.4,192.1205,192.35,304137
2026-07-29 13:05:00,192.35,192.38,192.1987,192.27,181991
2026-07-29 13:06:00,192.28,192.5499,192.28,192.5101,220591
2026-07-29 13:07:00,192.53,192.592,192.41,192.425,233822
2026-07-29 13:08:00,192.43,192.6,192.34,192.51,130014
2026-07-29 13:09:00,192.51,192.585,192.45,192.485,96002
2026-07-29 13:10:00,192.4999,192.86,192.47,192.76,244970
2026-07-29 13:11:00,192.74,192.86,192.665,192.73,280330
2026-07-29 13:12:00,192.68,192.685,192.36,192.6458,374881
2026-07-29 13:13:00,192.66,192.9,192.57,192.71,527700
2026-07-29 13:14:00,192.71,192.95,192.63,192.93,152615
2026-07-29 13:15:00,192.93,193.03,192.78,192.87,231743
2026-07-29 13:16:00,192.86,192.89,192.69,192.72,151543
2026-07-29 13:17:00,192.685,193.01,192.6381,192.9132,147333
2026-07-29 13:18:00,192.925,193.08,192.81,192.84,160971
2026-07-29 13:19:00,192.8337,192.84,192.56,192.66,163708
2026-07-29 13:20:00,192.66,192.94,192.63,192.865,149430
2026-07-29 13:21:00,192.83,192.96,192.77,192.92,169952
2026-07-29 13:22:00,192.94,192.97,192.77,192.8,165201
2026-07-29 13:23:00,192.79,192.83,192.665,192.8,158735
2026-07-29 13:24:00,192.8,192.82,192.53,192.586,117149
2026-07-29 13:25:00,192.58,192.66,192.43,192.4751,145963
2026-07-29 13:26:00,192.475,192.6773,192.43,192.595,114140
2026-07-29 13:27:00,192.603,192.68,192.39,192.4199,129711
2026-07-29 13:28:00,192.4,192.53,192.31,192.4786,123115
2026-07-29 13:29:00,192.4725,192.4725,192.13,192.1695,155610
2026-07-29 13:30:00,192.1101,192.12,191.77,191.81,286271
2026-07-29 13:31:00,191.77,192.05,191.76,192.03,162812
2026-07-29 13:32:00,192.04,192.1046,191.9,192.085,188378
2026-07-29 13:33:00,192.085,192.3299,192.085,192.28,170950
2026-07-29 13:34:00,192.29,192.33,192.08,192.22,138100
2026-07-29 13:35:00,192.175,192.2345,191.98,192.11,149688
2026-07-29 13:36:00,192.11,192.19,191.91,191.915,119933
2026-07-29 13:37:00,191.9001,192.0899,191.8,192.05,155246
2026-07-29 13:38:00,192.06,192.1813,192.0,192.0201,99375
2026-07-29 13:39:00,192.055,192.2192,192.0287,192.13,82719
2026-07-29 13:40:00,192.115,192.2199,192.08,192.13,155425
2026-07-29 13:41:00,192.13,192.29,192.08,192.215,105626
2026-07-29 13:42:00,192.24,192.3088,192.0305,192.05,141905
2026-07-29 13:43:00,192.0579,192.1337,191.92,192.095,190690
2026-07-29 13:44:00,192.095,192.15,191.93,192.06,309187
2026-07-29 13:45:00,192.07,192.1493,191.93,191.96,113656
2026-07-29 13:46:00,191.94,191.94,191.71,191.85,154277
2026-07-29 13:47:00,191.86,191.9768,191.82,191.97,125519
2026-07-29 13:48:00,191.98,192.17,191.915,192.155,237126
2026-07-29 13:49:00,192.1463,192.21,192.06,192.12,149441
2026-07-29 13:50:00,192.14,192.35,192.1,192.35,165274
2026-07-29 13:51:00,192.32,192.49,192.32,192.41,99932
2026-07-29 13:52:00,192.4,192.5,192.32,192.33,125703
2026-07-29 13:53:00,192.33,192.46,192.33,192.355,110726
2026-07-29 13:54:00,192.36,192.365,192.18,192.22,138532
2026-07-29 13:55:00,192.215,192.3118,192.06,192.12,162036
2026-07-29 13:56:00,192.12,192.1499,191.96,192.0135,124763
2026-07-29 13:57:00,192.02,192.08,191.96,192.03,132320
2026-07-29 13:58:00,192.0397,192.18,191.9163,192.18,172524
2026-07-29 13:59:00,192.1552,192.353,192.0751,192.32,143613
2026-07-29 14:00:00,192.35,193.2,192.305,193.1,622842
2026-07-29 14:01:00,193.04,193.51,192.701,193.465,563665
2026-07-29 14:02:00,193.45,193.76,193.3155,193.325,1921050
2026-07-29 14:03:00,193.35,193.539,193.14,193.26,341823
2026-07-29 14:04:00,193.2568,193.28,192.8201,192.935,359519
2026-07-29 14:05:00,192.9201,193.47,192.88,193.47,259728
2026-07-29 14:06:00,193.47,193.93,193.45,193.8638,352495
2026-07-29 14:07:00,193.86,194.057,193.8443,193.94,350354
2026-07-29 14:08:00,193.93,193.93,193.54,193.775,256949
2026-07-29 14:09:00,193.785,193.875,193.5225,193.86,235741
2026-07-29 14:10:00,193.84,194.0,193.62,193.723,359302
2026-07-29 14:11:00,193.705,193.719,193.1604,193.44,312628
2026-07-29 14:12:00,193.4567,193.55,193.0,193.145,393146
2026-07-29 14:13:00,193.15,193.25,192.83,192.87,204674
2026-07-29 14:14:00,192.885,193.02,192.68,192.84,282114
2026-07-29 14:15:00,192.79,193.2899,192.79,193.07,194286
2026-07-29 14:16:00,193.0843,193.3,193.03,193.1399,148555
2026-07-29 14:17:00,193.1399,193.17,192.67,192.8878,151306
2026-07-29 14:18:00,192.8999,192.91,192.635,192.66,162374
2026-07-29 14:19:00,192.6837,192.6899,192.4,192.61,166205
2026-07-29 14:20:00,192.62,192.76,192.39,192.66,123849
2026-07-29 14:21:00,192.65,192.89,192.5226,192.595,130940
2026-07-29 14:22:00,192.57,192.73,192.42,192.71,132514
2026-07-29 14:23:00,192.72,192.9,192.675,192.745,197343
2026-07-29 14:24:00,192.7951,193.14,192.76,192.99,181447
2026-07-29 14:25:00,192.99,193.06,192.77,192.93,140431
2026-07-29 14:26:00,192.95,193.12,192.8221,192.9,128066
2026-07-29 14:27:00,192.9,192.9245,192.755,192.885,130262
2026-07-29 14:28:00,192.875,193.07,192.7701,192.9413,116692
2026-07-29 14:29:00,192.945,193.2,192.88,193.2,159928
2026-07-29 14:30:00,193.171,193.49,193.171,193.3701,201022
2026-07-29 14:31:00,193.37,193.58,193.06,193.11,296941
2026-07-29 14:32:00,193.08,193.27,192.72,193.0701,213251
2026-07-29 14:33:00,193.085,193.29,192.84,193.1099,196429
2026-07-29 14:34:00,193.12,193.185,192.92,193.09,86797
2026-07-29 14:35:00,193.1101,193.21,192.836,193.0451,157782
2026-07-29 14:36:00,193.05,193.4299,192.9305,193.415,135479
2026-07-29 14:37:00,193.41,193.84,193.35,193.76,207839
2026-07-29 14:38:00,193.78,194.48,193.76,194.3,340216
2026-07-29 14:39:00,194.29,194.4,193.935,194.2001,282016
2026-07-29 14:40:00,194.21,194.7896,194.17,194.63,345885
2026-07-29 14:41:00,194.66,195.08,194.645,194.87,455399
2026-07-29 14:42:00,194.8818,194.98,194.61,194.85,262836
2026-07-29 14:43:00,194.855,195.2,194.735,195.175,347027
2026-07-29 14:44:00,195.16,195.55,195.1,195.4699,400227
2026-07-29 14:45:00,195.45,195.67,195.2368,195.39,285095
2026-07-29 14:46:00,195.41,195.6699,195.28,195.55,333003
2026-07-29 14:47:00,195.55,196.0,195.38,195.8,409527
2026-07-29 14:48:00,195.815,195.9488,195.44,195.61,262196
2026-07-29 14:49:00,195.58,196.08,195.5512,195.96,318485
2026-07-29 14:50:00,195.97,196.08,195.79,195.92,276049
2026-07-29 14:51:00,195.935,195.935,195.5655,195.92,259837
2026-07-29 14:52:00,195.96,196.087,195.8401,195.87,207106
2026-07-29 14:53:00,195.89,196.12,195.8501,195.875,228461
2026-07-29 14:54:00,195.86,196.03,195.8143,195.98,244084
2026-07-29 14:55:00,196.02,196.18,195.89,196.07,292063
2026-07-29 14:56:00,196.0801,196.0801,195.67,195.685,232737
2026-07-29 14:57:00,195.68,195.89,195.4601,195.852,332810
2026-07-29 14:58:00,195.87,196.07,195.8,195.9,240096
2026-07-29 14:59:00,195.9199,195.9399,195.67,195.9399,175253
2026-07-29 15:00:00,195.9301,196.065,195.59,195.74,261496
2026-07-29 15:01:00,195.73,196.23,195.67,196.23,235587
2026-07-29 15:02:00,196.2,196.3299,196.04,196.0928,199945
2026-07-29 15:03:00,196.095,196.095,195.735,195.86,238371
2026-07-29 15:04:00,195.89,195.9,195.33,195.6,235154
2026-07-29 15:05:00,195.6199,195.63,195.075,195.1301,239733
2026-07-29 15:06:00,195.14,195.36,195.03,195.14,192234
2026-07-29 15:07:00,195.14,195.14,194.62,194.64,251411
2026-07-29 15:08:00,194.665,194.9,194.48,194.61,238494
2026-07-29 15:09:00,194.625,194.76,194.51,194.52,167059
2026-07-29 15:10:00,194.5005,194.65,194.195,194.355,227915
2026-07-29 15:11:00,194.3569,194.85,194.345,194.825,233433
2026-07-29 15:12:00,194.81,194.98,194.51,194.74,243461
2026-07-29 15:13:00,194.75,195.1199,194.75,194.93,326047
2026-07-29 15:14:00,194.935,195.04,194.79,194.88,181810
2026-07-29 15:15:00,194.875,195.1,194.7,195.07,328037
2026-07-29 15:16:00,195.1186,195.1186,194.55,194.665,238508
2026-07-29 15:17:00,194.66,194.7845,194.24,194.25,182131
2026-07-29 15:18:00,194.24,194.26,193.9601,194.205,278577
2026-07-29 15:19:00,194.18,194.3199,194.09,194.225,171440
2026-07-29 15:20:00,194.21,194.24,193.88,193.915,186903
2026-07-29 15:21:00,193.9,193.94,193.26,193.37,724366
2026-07-29 15:22:00,193.39,193.48,192.89,193.33,318580
2026-07-29 15:23:00,193.31,193.39,193.13,193.27,262442
2026-07-29 15:24:00,193.28,193.49,193.09,193.15,296408
2026-07-29 15:25:00,193.13,193.3075,192.93,192.9515,346419
2026-07-29 15:26:00,192.99,193.01,192.565,192.81,323030
2026-07-29 15:27:00,192.805,193.08,192.59,192.93,220458
2026-07-29 15:28:00,192.885,193.1,192.82,193.0,238844
2026-07-29 15:29:00,192.96,193.39,192.9101,193.37,210940
2026-07-29 15:30:00,193.38,193.67,193.285,193.5701,316107
2026-07-29 15:31:00,193.59,193.755,193.1,193.28,267589
2026-07-29 15:32:00,193.28,193.35,192.85,193.005,193886
2026-07-29 15:33:00,193.02,193.04,192.25,192.29,346886
2026-07-29 15:34:00,192.29,192.3418,191.91,192.255,458842
2026-07-29 15:35:00,192.2409,192.44,192.07,192.23,234558
2026-07-29 15:36:00,192.245,192.55,192.165,192.4851,253835
2026-07-29 15:37:00,192.4946,192.525,191.84,191.86,416704
2026-07-29 15:38:00,191.9,191.9,191.5,191.5761,456303
2026-07-29 15:39:00,191.59,191.64,191.375,191.44,397368
2026-07-29 15:40:00,191.44,191.5599,191.032,191.5599,459127
2026-07-29 15:41:00,191.55,191.925,191.5477,191.81,385292
2026-07-29 15:42:00,191.805,191.99,191.72,191.78,299829
2026-07-29 15:43:00,191.79,191.87,191.52,191.755,248981
2026-07-29 15:44:00,191.74,191.769,191.33,191.48,254163
2026-07-29 15:45:00,191.46,191.58,191.29,191.355,330280
2026-07-29 15:46:00,191.33,191.59,191.25,191.3,315076
2026-07-29 15:47:00,191.32,191.52,191.15,191.435,449600
2026-07-29 15:48:00,191.4499,191.83,191.41,191.8,330911
2026-07-29 15:49:00,191.75,192.3,191.59,192.17,506422
2026-07-29 15:50:00,192.06,192.08,191.5,191.765,595049
2026-07-29 15:51:00,191.755,191.79,191.41,191.66,452363
2026-07-29 15:52:00,191.67,191.73,191.22,191.4999,502923
2026-07-29 15:53:00,191.5,191.76,191.32,191.685,650383
2026-07-29 15:54:00,191.64,191.99,191.25,191.37,675245
2026-07-29 15:55:00,191.35,191.35,190.14,190.34,2112827
2026-07-29 15:56:00,190.36,190.6,190.17,190.42,1116457
2026-07-29 15:57:00,190.41,190.4451,190.07,190.12,1454430
2026-07-29 15:58:00,190.12,190.37,190.035,190.3,1925866
2026-07-29 15:59:00,190.31,190.46,190.02,190.06,4606842
2026-07-29 16:00:00,190.01,190.38,189.9,189.9195,0
2026-07-29 16:01:00,189.9,190.01,189.76,189.94,0
2026-07-29 16:02:00,189.9318,190.14,189.0,190.05,0
2026-07-29 16:03:00,190.13,190.25,190.01,190.04,0
2026-07-29 16:04:00,190.1,190.15,189.68,190.04,0
2026-07-29 16:05:00,190.04,190.3,189.9,189.9981,0
2026-07-29 16:06:00,189.9998,190.15,189.9,189.9676,0
2026-07-29 16:07:00,189.98,190.0,189.6795,189.6795,0
2026-07-29 16:08:00,189.67,190.01,189.31,189.528,0
2026-07-29 16:09:00,189.53,189.7,189.03,189.35,0
2026-07-29 16:10:00,189.3475,190.01,189.2,189.2448,0
2026-07-29 16:11:00,189.2,189.35,189.06,189.2975,0
2026-07-29 16:12:00,189.276,189.79,189.2,189.79,0
2026-07-29 16:13:00,189.64,189.95,189.52,189.85,0
2026-07-29 16:14:00,189.83,189.95,189.7117,189.8077,0
2026-07-29 16:15:00,190.01,190.01,189.6,189.83,0
2026-07-29 16:16:00,189.88,189.99,189.8157,189.9803,0
2026-07-29 16:17:00,189.9803,189.99,189.76,189.852,0
2026-07-29 16:18:00,189.85,202.04,189.65,189.6888,0
2026-07-29 16:19:00,189.6827,189.98,189.6004,189.7375,0
2026-07-29 16:20:00,190.01,190.01,189.7,189.87,0
2026-07-29 16:21:00,189.8473,189.885,189.75,189.885,0
2026-07-29 16:22:00,189.885,189.95,189.5,189.66,0
2026-07-29 16:23:00,189.6857,190.01,189.57,189.8,0
2026-07-29 16:24:00,189.71,189.8,189.51,189.6,0
2026-07-29 16:25:00,189.6,189.7,189.52,189.68,0
2026-07-29 16:26:00,189.6594,189.6594,189.1,189.1276,0
2026-07-29 16:27:00,189.14,189.16,188.91,188.9655,0
2026-07-29 16:28:00,188.9336,189.06,188.88,189.0588,0
2026-07-29 16:29:00,189.0358,189.2,188.96,189.17,0
2026-07-29 16:30:00,189.1568,189.17,189.0,189.06,0
2026-07-29 16:31:00,189.0769,189.27,189.0472,189.25,0
2026-07-29 16:32:00,189.23,189.5,189.1721,189.4068,0
2026-07-29 16:33:00,189.43,189.55,189.38,189.4892,0
2026-07-29 16:34:00,189.5099,189.62,189.41,189.5399,0
2026-07-29 16:35:00,189.59,189.59,189.41,189.47,0
2026-07-29 16:36:00,189.42,189.58,189.27,189.55,0
2026-07-29 16:37:00,189.57,189.76,189.5,189.651,0
2026-07-29 16:38:00,189.69,189.85,189.65,189.79,0
2026-07-29 16:39:00,189.79,189.85,189.72,189.85,0
2026-07-29 16:40:00,189.8255,189.85,189.7,189.8,0
2026-07-29 16:41:00,189.8,189.82,189.65,189.74,0
2026-07-29 16:42:00,189.74,189.79,189.5617,189.69,0
2026-07-29 16:43:00,189.6548,189.7611,189.6227,189.7611,0
2026-07-29 16:44:00,189.79,189.85,189.72,189.85,0
2026-07-29 16:45:00,189.85,189.99,189.8,189.9763,0
2026-07-29 16:46:00,189.9859,189.99,189.83,189.95,0
2026-07-29 16:47:00,189.9217,189.98,179.1522,189.82,0
2026-07-29 16:48:00,189.8307,189.84,178.8008,189.74,0
2026-07-29 16:49:00,189.76,189.8,189.65,189.7,0
2026-07-29 16:50:00,189.6614,189.75,178.4724,189.7203,0
2026-07-29 16:51:00,189.7,192.1368,178.1346,189.8487,0
2026-07-29 16:52:00,189.88,189.88,177.0854,189.86,0
2026-07-29 16:53:00,189.88,190.01,189.84,189.9585,0
2026-07-29 16:54:00,189.9585,190.0,189.88,189.9785,0
2026-07-29 16:55:00,189.98,189.98,189.92,189.93,0
2026-07-29 16:56:00,189.92,189.96,189.7093,189.8,0
2026-07-29 16:57:00,189.88,189.9,184.4418,189.8314,0
2026-07-29 16:58:00,189.812,189.8492,189.65,189.71,0
2026-07-29 16:59:00,189.7,189.75,180.2955,189.6912,0
2026-07-29 17:00:00,189.6529,189.75,189.6232,189.6912,0
2026-07-29 17:01:00,189.6998,189.88,189.69,189.83,0
2026-07-29 17:02:00,189.8385,189.95,189.83,189.83,0
2026-07-29 17:03:00,189.83,189.9,178.4724,189.8997,0
2026-07-29 17:04:00,189.9,192.1368,189.8,189.95,0
2026-07-29 17:05:00,189.95,190.0,178.2645,189.9686,0
2026-07-29 17:06:00,189.9564,190.01,189.9,190.01,0
2026-07-29 17:07:00,190.0,199.5629,180.7326,189.8999,0
2026-07-29 17:08:00,189.898,190.0,177.0854,189.9,0
2026-07-29 17:09:00,189.89,190.0927,181.0708,189.78,0
2026-07-29 17:10:00,189.8258,189.87,180.2955,189.74,0
2026-07-29 17:11:00,189.74,189.74,189.69,189.7,0
2026-07-29 17:12:00,189.71,189.93,187.5053,189.9,0
2026-07-29 17:13:00,189.9,190.0,189.76,189.89,0
2026-07-29 17:14:00,190.0,190.07,178.7625,189.97,0
2026-07-29 17:15:00,189.904,190.0,188.8278,189.9731,0
2026-07-29 17:16:00,189.95,189.9845,189.82,189.86,0
2026-07-29 17:17:00,189.86,189.88,181.945,189.75,0
2026-07-29 17:18:00,189.7584,190.0,189.7,190.0,0
2026-07-29 17:19:00,189.9905,190.09,189.8218,189.84,0
2026-07-29 17:20:00,189.86,189.87,189.75,189.81,0
2026-07-29 17:21:00,189.8128,189.87,189.51,189.65,0
2026-07-29 17:22:00,189.68,189.75,189.5147,189.69,0
2026-07-29 17:23:00,189.51,189.9,189.51,189.8547,0
2026-07-29 17:24:00,189.8,190.0,189.8,189.95,0
2026-07-29 17:25:00,189.95,190.0,189.9,189.9,0
2026-07-29 17:26:00,189.9,189.96,189.82,189.95,0
2026-07-29 17:27:00,189.98,190.0,189.85,189.9999,0
2026-07-29 17:28:00,190.0,190.12,189.97,190.0025,0
2026-07-29 17:29:00,190.1,190.1,190.0,190.0,0
2026-07-29 17:30:00,190.05,190.1,189.89,189.8989,0
2026-07-29 17:31:00,189.94,190.01,189.89,189.9073,0
2026-07-29 17:32:00,189.89,189.99,189.75,189.81,0
2026-07-29 17:33:00,189.94,189.94,189.66,189.6665,0
2026-07-29 17:34:00,189.7,189.7,189.51,189.5599,0
2026-07-29 17:35:00,189.5895,189.61,189.2855,189.31,0
2026-07-29 17:36:00,189.32,189.4,189.28,189.339,0
2026-07-29 17:37:00,189.379,189.41,189.25,189.3765,0
2026-07-29 17:38:00,189.41,189.46,189.25,189.3039,0
2026-07-29 17:39:00,189.3448,189.35,189.11,189.11,0
2026-07-29 17:40:00,189.25,189.25,189.03,189.0842,0
2026-07-29 17:41:00,189.11,189.2,189.03,189.2,0
2026-07-29 17:42:00,189.2,189.2,189.05,189.16,0
2026-07-29 17:43:00,189.05,189.19,189.0325,189.13,0
2026-07-29 17:44:00,189.13,189.19,189.05,189.1141,0
2026-07-29 17:45:00,189.12,189.1877,189.0655,189.1625,0
2026-07-29 17:46:00,189.1312,189.19,189.1015,189.1598,0
2026-07-29 17:47:00,189.15,189.179,189.13,189.1432,0
2026-07-29 17:48:00,189.1572,189.18,189.1,189.13,0
2026-07-29 17:49:00,189.1,189.13,188.88,188.88,0
2026-07-29 17:50:00,188.8897,188.9,188.78,188.81,0
2026-07-29 17:51:00,188.84,189.05,188.82,189.025,0
2026-07-29 17:52:00,189.05,189.1,188.94,189.08,0
2026-07-29 17:53:00,189.03,189.17,188.92,189.09,0
2026-07-29 17:54:00,189.0894,189.19,189.003,189.12,0
2026-07-29 17:55:00,189.1014,189.3,189.07,189.142,0
2026-07-29 17:56:00,189.18,189.3,189.1,189.2203,0
2026-07-29 17:57:00,189.23,189.39,189.11,189.39,0
2026-07-29 17:58:00,189.156,190.01,189.156,189.3177,0
2026-07-29 17:59:00,189.28,189.35,189.2,189.29,0
2026-07-29 18:00:00,189.28,189.75,189.2,189.73,0
2026-07-29 18:01:00,189.62,189.95,189.62,189.7451,0
2026-07-29 18:02:00,189.5072,190.1,189.5072,190.0489,0
2026-07-29 18:03:00,190.0486,190.05,189.8041,190.05,0
2026-07-29 18:04:00,189.98,190.26,189.85,190.1999,0
2026-07-29 18:05:00,190.1841,190.5,190.15,190.42,0
2026-07-29 18:06:00,190.42,190.62,190.3312,190.61,0
2026-07-29 18:07:00,190.61,190.68,190.5,190.61,0
2026-07-29 18:08:00,190.61,191.09,190.61,190.9,0
2026-07-29 18:09:00,190.9799,191.37,190.88,191.0,0
2026-07-29 18:10:00,191.0872,191.35,190.86,191.32,0
2026-07-29 18:11:00,191.3,191.67,191.0,191.0001,0
2026-07-29 18:12:00,191.004,191.45,191.0,191.2093,0
2026-07-29 18:13:00,191.21,191.5,191.0,191.15,0
2026-07-29 18:14:00,191.05,191.46,190.01,190.9,0
2026-07-29 18:15:00,190.9407,191.24,190.76,191.24,0
2026-07-29 18:16:00,191.101,191.5166,191.101,191.31,0
2026-07-29 18:17:00,191.4987,191.68,191.3553,191.5419,0
2026-07-29 18:18:00,191.6,191.85,191.45,191.7988,0
2026-07-29 18:19:00,191.7662,192.07,191.7072,191.91,0
2026-07-29 18:20:00,191.8,192.0,191.8,191.8785,0
2026-07-29 18:21:00,191.882,191.9,191.67,191.77,0
2026-07-29 18:22:00,191.7783,192.0,191.7032,191.8403,0
2026-07-29 18:23:00,191.8693,192.15,191.68,191.82,0
2026-07-29 18:24:00,192.0,192.0,191.5,191.671,0
2026-07-29 18:25:00,191.55,191.7,191.4,191.5908,0
2026-07-29 18:26:00,191.58,191.7,191.4039,191.4394,0
2026-07-29 18:27:00,191.5,191.7,191.37,191.6,0
2026-07-29 18:28:00,191.5,191.6516,191.3777,191.5966,0
2026-07-29 18:29:00,191.6,191.84,191.46,191.7989,0
2026-07-29 18:30:00,191.68,191.8,191.53,191.6617,0
2026-07-29 18:31:00,191.68,191.8,191.63,191.6514,0
2026-07-29 18:32:00,191.65,191.7,191.55,191.5909,0
2026-07-29 18:33:00,191.6,191.7,191.55,191.5901,0
2026-07-29 18:34:00,191.6659,191.7,191.55,191.6768,0
2026-07-29 18:35:00,191.7,191.7,191.55,191.64,0
2026-07-29 18:36:00,191.61,191.7,191.48,191.5,0
2026-07-29 18:37:00,191.5999,191.6,191.5,191.5999,0
2026-07-29 18:38:00,191.5906,191.6,191.46,191.5774,0
2026-07-29 18:39:00,191.5774,191.6,191.31,191.3423,0
2026-07-29 18:40:00,191.3438,191.4621,191.24,191.37,0
2026-07-29 18:41:00,191.39,191.4385,191.2401,191.33,0
2026-07-29 18:42:00,191.3577,191.4,191.32,191.38,0
2026-07-29 18:43:00,191.3309,191.38,191.2,191.23,0
2026-07-29 18:44:00,191.2186,191.42,191.2,191.31,0
2026-07-29 18:45:00,191.29,191.42,191.24,191.3089,0
2026-07-29 18:46:00,191.2588,191.31,191.1103,191.1103,0
2026-07-29 18:47:00,191.14,191.3,191.0,191.0087,0
2026-07-29 18:48:00,190.98,191.06,190.96,191.03,0
2026-07-29 18:49:00,191.03,191.25,191.0,191.02,0
2026-07-29 18:50:00,191.03,191.25,190.94,191.08,0
2026-07-29 18:51:00,191.25,191.25,190.93,191.0,0
2026-07-29 18:52:00,191.0,191.1,190.8595,190.86,0
2026-07-29 18:53:00,190.8332,191.0,190.8,190.98,0
2026-07-29 18:54:00,190.92,191.0,190.87,190.99,0
2026-07-29 18:55:00,191.0,191.0,190.8,190.9358,0
2026-07-29 18:56:00,190.9594,191.0,190.85,190.93,0
2026-07-29 18:57:00,190.93,191.0,190.84,190.94,0
2026-07-29 18:58:00,190.999,191.0,190.92,190.98,0
2026-07-29 18:59:00,190.92,191.0,190.85,190.98,0
2026-07-29 19:00:00,190.98,191.24,190.98,191.11,0
2026-07-29 19:01:00,191.11,191.1999,191.04,191.1999,0
2026-07-29 19:02:00,191.1607,191.24,191.0972,191.1437,0
2026-07-29 19:03:00,191.11,191.24,191.0,191.1814,0
2026-07-29 19:04:00,191.11,191.2,191.05,191.2,0
2026-07-29 19:05:00,191.18,191.2002,191.15,191.2002,0
2026-07-29 19:06:00,191.2074,191.21,191.1,191.1776,0
2026-07-29 19:07:00,191.11,191.19,191.05,191.0911,0
2026-07-29 19:08:00,191.0577,191.39,190.95,191.3,0
2026-07-29 19:09:00,191.4,191.47,191.132,191.3959,0
2026-07-29 19:10:00,191.39,191.46,191.01,191.1,0
2026-07-29 19:11:00,191.11,191.4499,190.9993,191.02,0
2026-07-29 19:12:00,191.0275,191.2,190.98,191.1592,0
2026-07-29 19:13:00,191.16,191.3,191.0,191.19,0
2026-07-29 19:14:00,191.1304,191.24,191.1,191.15,0
2026-07-29 19:15:00,191.1709,191.19,191.1,191.1409,0
2026-07-29 19:16:00,191.15,191.15,191.1,191.14,0
2026-07-29 19:17:00,191.141,191.29,191.1,191.2824,0
2026-07-29 19:18:00,191.25,191.44,191.11,191.337,0
2026-07-29 19:19:00,191.3921,191.47,191.37,191.39,0
2026-07-29 19:20:00,191.4137,191.46,191.2,191.3434,0
2026-07-29 19:21:00,191.36,191.4,191.2,191.2037,0
2026-07-29 19:22:00,191.2,191.35,191.2,191.2347,0
2026-07-29 19:23:00,191.27,191.44,191.1,191.4399,0
2026-07-29 19:24:00,191.44,191.44,191.27,191.31,0
2026-07-29 19:25:00,191.282,191.44,191.1,191.4387,0
2026-07-29 19:26:00,191.4304,191.44,191.3607,191.4,0
2026-07-29 19:27:00,191.44,191.44,191.3498,191.4375,0
2026-07-29 19:28:00,191.41,191.51,191.34,191.51,0
2026-07-29 19:29:00,191.5088,191.51,191.36,191.472,0
2026-07-29 19:30:00,191.45,191.59,191.44,191.59,0
2026-07-29 19:31:00,191.59,191.8,191.57,191.7,0
2026-07-29 19:32:00,191.61,191.76,191.52,191.57,0
2026-07-29 19:33:00,191.67,191.7,191.505,191.6,0
2026-07-29 19:34:00,191.6,191.65,191.5,191.6,0
2026-07-29 19:35:00,191.5993,191.65,191.5,191.5975,0
2026-07-29 19:36:00,191.5975,191.7,191.55,191.61,0
2026-07-29 19:37:00,191.63,191.68,191.5727,191.6093,0
2026-07-29 19:38:00,191.6585,191.75,191.6,191.7,0
2026-07-29 19:39:00,191.65,191.76,191.62,191.739,0
2026-07-29 19:40:00,191.7,191.7,191.4,191.5,0
2026-07-29 19:41:00,191.481,191.5,191.33,191.33,0
2026-07-29 19:42:00,191.31,191.4967,191.31,191.3943,0
2026-07-29 19:43:00,191.4967,191.4999,191.3,191.4213,0
2026-07-29 19:44:00,191.484,191.5,191.42,191.4966,0
2026-07-29 19:45:00,191.42,191.6,191.3,191.6,0
2026-07-29 19:46:00,191.6476,191.76,191.4972,191.51,0
2026-07-29 19:47:00,191.7,191.7537,191.5,191.6799,0
2026-07-29 19:48:00,191.67,191.76,191.5,191.5,0
2026-07-29 19:49:00,191.6,191.6,191.26,191.26,0
2026-07-29 19:50:00,191.3799,191.38,191.2,191.22,0
2026-07-29 19:51:00,191.21,191.22,191.04,191.14,0
2026-07-29 19:52:00,191.22,191.22,191.01,191.023,0
2026-07-29 19:53:00,191.06,191.51,191.01,191.31,0
2026-07-29 19:54:00,191.19,191.45,191.06,191.22,0
2026-07-29 19:55:00,191.23,191.5,191.23,191.25,0
2026-07-29 19:56:00,191.37,191.4937,191.2,191.3502,0
2026-07-29 19:57:00,191.29,191.4852,191.26,191.3361,0
2026-07-29 19:58:00,191.3,191.36,191.19,191.205,0
2026-07-29 19:59:00,191.22,191.27,191.21,191.2641,0
2026-07-30 04:00:00,191.3,191.996,190.01,191.0,0
2026-07-30 04:01:00,191.0,192.0,190.37,190.6938,0
2026-07-30 04:02:00,190.62,190.7,190.3367,190.4,0
2026-07-30 04:03:00,190.4732,190.55,190.25,190.25,0
2026-07-30 04:04:00,191.33,191.33,190.11,190.18,0
2026-07-30 04:05:00,190.2,191.8,190.0727,190.42,0
2026-07-30 04:06:00,190.43,190.6988,190.33,190.6988,0
2026-07-30 04:07:00,190.6,191.86,190.52,190.67,0
2026-07-30 04:08:00,190.8,191.168,190.64,191.0,0
2026-07-30 04:09:00,190.93,191.0428,190.8245,190.91,0
2026-07-30 04:10:00,191.06,191.15,190.9362,190.9982,0
2026-07-30 04:11:00,191.1188,191.1188,190.9162,190.98,0
2026-07-30 04:12:00,190.97,191.02,190.96,190.96,0
2026-07-30 04:13:00,190.8562,190.97,190.8562,190.97,0
2026-07-30 04:14:00,190.9492,190.996,190.84,190.97,0
2026-07-30 04:15:00,190.91,191.0,190.8294,190.94,0
2026-07-30 04:16:00,190.9,190.9,190.7712,190.7712,0
2026-07-30 04:17:00,190.81,191.1,190.81,191.0,0
2026-07-30 04:18:00,191.096,191.1,190.95,191.0275,0
2026-07-30 04:19:00,191.0,191.03,190.95,190.95,0
2026-07-30 04:20:00,191.0957,191.1188,190.9417,191.049,0
2026-07-30 04:21:00,191.03,191.3488,191.03,191.28,0
2026-07-30 04:22:00,191.25,191.3927,191.075,191.1245,0
2026-07-30 04:23:00,191.2927,191.4927,191.105,191.33,0
2026-07-30 04:24:00,191.2437,191.495,191.2437,191.33,0
2026-07-30 04:25:00,191.41,191.53,191.3,191.44,0
2026-07-30 04:26:00,191.451,191.6,191.41,191.6,0
2026-07-30 04:27:00,191.45,191.6,191.45,191.47,0
2026-07-30 04:28:00,191.4895,191.6,191.36,191.44,0
2026-07-30 04:29:00,191.5,191.5,191.3535,191.4304,0
2026-07-30 04:30:00,191.45,191.65,191.45,191.62,0
2026-07-30 04:31:00,191.55,191.7,191.5,191.6896,0
2026-07-30 04:32:00,191.63,191.6997,191.5245,191.6997,0
2026-07-30 04:33:00,191.68,191.78,191.6142,191.7,0
2026-07-30 04:34:00,191.72,191.88,191.69,191.77,0
2026-07-30 04:35:00,191.76,191.78,191.63,191.68,0
2026-07-30 04:36:00,191.67,191.7465,191.5825,191.71,0
2026-07-30 04:37:00,191.71,191.8,191.71,191.7122,0
2026-07-30 04:38:00,191.8,191.8015,191.5715,191.5715,0
2026-07-30 04:39:00,191.58,191.58,191.5,191.53,0
2026-07-30 04:40:00,191.5101,191.58,191.5,191.54,0
2026-07-30 04:41:00,191.56,191.7447,191.48,191.6,0
2026-07-30 04:42:00,191.53,191.666,191.5142,191.59,0
2026-07-30 04:43:00,191.59,191.65,191.5255,191.54,0
2026-07-30 04:44:00,191.6243,191.7488,191.53,191.7,0
2026-07-30 04:45:00,191.7,191.7,191.59,191.69,0
2026-07-30 04:46:00,191.6415,191.83,191.6415,191.83,0
2026-07-30 04:47:00,191.848,191.89,191.79,191.8517,0
2026-07-30 04:48:00,191.77,191.8481,191.7,191.7375,0
2026-07-30 04:49:00,191.7,191.7,191.56,191.68,0
2026-07-30 04:50:00,191.67,191.67,191.6,191.6336,0
2026-07-30 04:51:00,191.6,191.6977,191.6,191.6122,0
2026-07-30 04:52:00,191.612,191.688,191.5627,191.59,0
2026-07-30 04:53:00,191.6,191.6297,191.46,191.53,0
2026-07-30 04:54:00,191.52,191.56,191.4625,191.54,0
2026-07-30 04:55:00,191.55,191.55,191.42,191.48,0
2026-07-30 04:56:00,191.48,191.5,191.4142,191.49,0
2026-07-30 04:57:00,191.449,191.54,191.42,191.54,0
2026-07-30 04:58:00,191.57,191.6896,191.4757,191.6488,0
2026-07-30 04:59:00,191.62,191.6997,191.6,191.6025,0
2026-07-30 05:00:00,191.6922,191.6922,191.61,191.66,0
2026-07-30 05:01:00,191.66,191.7,191.5012,191.66,0
2026-07-30 05:02:00,191.66,191.8597,191.66,191.7588,0
2026-07-30 05:03:00,191.7,191.75,191.5037,191.5037,0
2026-07-30 05:04:00,191.6,191.793,191.502,191.61,0
2026-07-30 05:05:00,191.61,191.63,191.5,191.52,0
2026-07-30 05:06:00,191.62,191.7,191.52,191.696,0
2026-07-30 05:07:00,191.69,191.8127,191.544,191.8127,0
2026-07-30 05:08:00,191.7842,191.8588,191.78,191.85,0
2026-07-30 05:09:00,191.79,191.8229,191.78,191.78,0
2026-07-30 05:10:00,191.78,191.8,191.71,191.8,0
2026-07-30 05:11:00,191.86,191.929,191.7732,191.9,0
2026-07-30 05:12:00,191.9252,191.99,191.92,191.93,0
2026-07-30 05:13:00,191.94,192.0,191.93,191.96,0
2026-07-30 05:14:00,191.9548,192.22,191.9366,192.18,0
2026-07-30 05:15:00,192.13,192.22,192.02,192.2137,0
2026-07-30 05:16:00,192.19,192.28,192.12,192.28,0
2026-07-30 05:17:00,192.24,192.3348,192.1745,192.28,0
2026-07-30 05:18:00,192.29,192.3,192.1042,192.24,0
2026-07-30 05:19:00,192.22,192.28,192.1257,192.2,0
2026-07-30 05:20:00,192.25,192.3442,192.12,192.2078,0
2026-07-30 05:21:00,192.3,192.48,192.2003,192.48,0
2026-07-30 05:22:00,192.42,192.5837,192.32,192.5,0
2026-07-30 05:23:00,192.574,192.66,192.5,192.61,0
2026-07-30 05:24:00,192.5682,192.6,192.4537,192.5664,0
2026-07-30 05:25:00,192.56,192.64,192.4955,192.56,0
2026-07-30 05:26:00,192.56,192.6488,192.55,192.57,0
2026-07-30 05:27:00,192.6,192.6,192.5,192.5,0
2026-07-30 05:28:00,192.5,192.6,192.41,192.48,0
2026-07-30 05:29:00,192.5,192.51,192.4,192.45,0
2026-07-30 05:30:00,192.48,192.52,192.3282,192.395,0
2026-07-30 05:31:00,192.43,192.44,192.4,192.4107,0
2026-07-30 05:32:00,192.498,192.5,192.4122,192.4122,0
2026-07-30 05:33:00,192.47,192.5872,192.4512,192.48,0
2026-07-30 05:34:00,192.5,192.6,192.49,192.6,0
2026-07-30 05:35:00,192.5863,192.6488,192.52,192.52,0
2026-07-30 05:36:00,192.4832,192.597,192.422,192.4245,0
2026-07-30 05:37:00,192.444,192.6,192.44,192.4632,0
2026-07-30 05:38:00,192.5022,192.5788,192.433,192.45,0
2026-07-30 05:39:00,192.43,192.469,192.3289,192.4165,0
2026-07-30 05:40:00,192.36,192.36,192.21,192.3,0
2026-07-30 05:41:00,192.3472,192.3472,192.2,192.2429,0
2026-07-30 05:42:00,192.24,192.26,192.2,192.26,0
2026-07-30 05:43:00,192.2125,192.2575,192.1,192.1,0
2026-07-30 05:44:00,192.1138,192.2337,192.11,192.1687,0
2026-07-30 05:45:00,192.1629,192.1629,192.0652,192.11,0
2026-07-30 05:46:00,192.1,192.16,192.099,192.1015,0
2026-07-30 05:47:00,192.1585,192.1585,192.1,192.11,0
2026-07-30 05:48:00,192.15,192.2265,192.13,192.14,0
2026-07-30 05:49:00,192.13,192.15,192.08,192.13,0
2026-07-30 05:50:00,192.13,192.158,192.082,192.14,0
2026-07-30 05:51:00,192.1478,192.158,192.082,192.0842,0
2026-07-30 05:52:00,192.09,192.14,192.0312,192.0312,0
2026-07-30 05:53:00,192.08,192.0982,192.03,192.05,0
2026-07-30 05:54:00,192.06,192.14,192.04,192.14,0
2026-07-30 05:55:00,192.2188,192.22,192.14,192.2,0
2026-07-30 05:56:00,192.18,192.2172,192.1127,192.18,0
2026-07-30 05:57:00,192.0835,192.1677,191.84,191.85,0
2026-07-30 05:58:00,191.85,191.88,191.76,191.77,0
2026-07-30 05:59:00,191.77,191.77,191.62,191.6877,0
2026-07-30 06:00:00,191.678,191.6857,191.45,191.6775,0
2026-07-30 06:01:00,191.6731,191.8038,191.6,191.78,0
2026-07-30 06:02:00,191.8062,191.8852,191.6966,191.73,0
2026-07-30 06:03:00,191.68,191.8847,191.68,191.75,0
2026-07-30 06:04:00,191.8711,191.8711,191.72,191.72,0
2026-07-30 06:05:00,191.7,191.9945,191.7,191.84,0
2026-07-30 06:06:00,191.7855,191.91,191.7855,191.83,0
2026-07-30 06:07:00,191.8931,192.0,191.8,192.0,0
2026-07-30 06:08:00,192.0,192.0,191.91,191.96,0
2026-07-30 06:09:00,191.94,192.0,191.92,191.96,0
2026-07-30 06:10:00,191.97,192.0,191.9112,191.9112,0
2026-07-30 06:11:00,191.91,192.0,191.8,191.98,0
2026-07-30 06:12:00,191.87,191.94,191.87,191.8975,0
2026-07-30 06:13:00,191.9,191.9,191.73,191.82,0
2026-07-30 06:14:00,191.79,191.87,191.79,191.86,0
2026-07-30 06:15:00,191.85,192.06,191.85,192.06,0
2026-07-30 06:16:00,192.0025,192.19,192.0025,192.15,0
2026-07-30 06:17:00,192.1571,192.4,192.1313,192.376,0
2026-07-30 06:18:00,192.3717,192.4,192.2242,192.3918,0
2026-07-30 06:19:00,192.36,192.495,192.32,192.4588,0
2026-07-30 06:20:00,192.42,192.448,192.37,192.3712,0
2026-07-30 06:21:00,192.42,192.5937,192.4042,192.558,0
2026-07-30 06:22:00,192.55,192.57,192.51,192.56,0
2026-07-30 06:23:00,192.54,192.58,192.5,192.52,0
2026-07-30 06:24:00,192.49,192.529,192.46,192.5267,0
2026-07-30 06:25:00,192.48,192.5288,192.44,192.4715,0
2026-07-30 06:26:00,192.6,192.68,192.5713,192.68,0
2026-07-30 06:27:00,192.6,192.68,192.52,192.56,0
2026-07-30 06:28:00,192.62,192.6872,192.53,192.58,0
2026-07-30 06:29:00,192.6957,192.6957,192.53,192.58,0
2026-07-30 06:30:00,192.697,192.7,192.583,192.6831,0
2026-07-30 06:31:00,192.68,192.75,192.602,192.7,0
2026-07-30 06:32:00,192.72,192.72,192.65,192.7,0
2026-07-30 06:33:00,192.7,192.73,192.65,192.73,0
2026-07-30 06:34:00,192.76,192.76,192.51,192.5105,0
2026-07-30 06:35:00,192.53,192.6,192.53,192.5512,0
2026-07-30 06:36:00,192.6,192.65,192.55,192.6147,0
2026-07-30 06:37:00,192.65,192.65,192.6042,192.62,0
2026-07-30 06:38:00,192.6,192.6988,192.58,192.58,0
2026-07-30 06:39:00,192.55,192.6088,192.52,192.6,0
2026-07-30 06:40:00,192.6,192.8,192.56,192.76,0
2026-07-30 06:41:00,192.8,192.8,192.6635,192.78,0
2026-07-30 06:42:00,192.78,192.78,192.51,192.6,0
2026-07-30 06:43:00,192.56,192.6,192.4,192.5931,0
2026-07-30 06:44:00,192.59,192.7,192.4798,192.4799,0
2026-07-30 06:45:00,192.52,192.6884,192.46,192.6,0
2026-07-30 06:46:00,192.65,192.78,192.6082,192.63,0
2026-07-30 06:47:00,192.67,192.72,192.61,192.72,0
2026-07-30 06:48:00,192.77,192.7987,192.6389,192.7665,0
2026-07-30 06:49:00,192.7,192.7651,192.5069,192.51,0
2026-07-30 06:50:00,192.5,192.65,192.5,192.53,0
2026-07-30 06:51:00,192.63,192.6532,192.4827,192.6147,0
2026-07-30 06:52:00,192.6147,192.7967,192.6147,192.7697,0
2026-07-30 06:53:00,192.76,192.8,192.52,192.52,0
2026-07-30 06:54:00,192.6,192.6,192.4,192.4,0
2026-07-30 06:55:00,192.4,192.49,192.4,192.49,0
2026-07-30 06:56:00,192.44,192.44,192.3,192.35,0
2026-07-30 06:57:00,192.37,192.4,192.35,192.3681,0
2026-07-30 06:58:00,192.36,192.5637,192.32,192.43,0
2026-07-30 06:59:00,192.5588,192.58,192.32,192.43,0
2026-07-30 07:00:00,192.415,192.75,190.01,192.5894,0
2026-07-30 07:01:00,192.703,192.7497,192.45,192.56,0
2026-07-30 07:02:00,192.65,192.88,192.6301,192.8,0
2026-07-30 07:03:00,192.7589,192.82,192.54,192.6967,0
2026-07-30 07:04:00,192.6203,192.88,192.6,192.85,0
2026-07-30 07:05:00,192.88,192.98,192.75,192.8929,0
2026-07-30 07:06:00,192.88,193.12,192.88,192.99,0
2026-07-30 07:07:00,193.06,193.12,193.0,193.06,0
2026-07-30 07:08:00,193.03,193.11,193.0001,193.07,0
2026-07-30 07:09:00,193.08,193.15,192.98,192.98,0
2026-07-30 07:10:00,193.08,193.12,192.98,193.0,0
2026-07-30 07:11:00,192.86,193.02,192.86,192.92,0
2026-07-30 07:12:00,192.94,193.12,192.9,193.0012,0
2026-07-30 07:13:00,193.05,193.08,192.9,192.95,0
2026-07-30 07:14:00,192.9,193.0,192.9,192.9629,0
2026-07-30 07:15:00,192.962,192.998,192.9,192.9899,0
2026-07-30 07:16:00,192.9892,193.09,192.89,193.09,0
2026-07-30 07:17:00,193.0,193.25,193.0,193.22,0
2026-07-30 07:18:00,193.2,193.28,193.1386,193.2475,0
2026-07-30 07:19:00,193.24,193.25,193.03,193.17,0
2026-07-30 07:20:00,193.162,193.25,193.12,193.161,0
2026-07-30 07:21:00,193.195,193.23,193.15,193.1704,0
2026-07-30 07:22:00,193.1577,193.29,193.03,193.25,0
2026-07-30 07:23:00,193.265,193.29,193.1022,193.1631,0
2026-07-30 07:24:00,193.2,193.36,193.14,193.32,0
2026-07-30 07:25:00,193.32,193.42,193.2839,193.35,0
2026-07-30 07:26:00,193.4146,193.42,193.29,193.37,0
2026-07-30 07:27:00,193.37,193.42,193.3,193.33,0
2026-07-30 07:28:00,193.33,193.45,193.31,193.39,0
2026-07-30 07:29:00,193.39,193.45,193.3,193.3483,0
2026-07-30 07:30:00,193.3485,193.45,193.25,193.388,0
2026-07-30 07:31:00,193.4499,193.45,193.27,193.38,0
2026-07-30 07:32:00,193.25,193.4,193.04,193.2542,0
2026-07-30 07:33:00,193.09,193.15,192.9,192.95,0
2026-07-30 07:34:00,192.96,193.02,192.86,192.9197,0
2026-07-30 07:35:00,193.01,193.0582,192.86,192.8927,0
2026-07-30 07:36:00,192.9972,193.1445,192.9501,193.0923,0
2026-07-30 07:37:00,193.1488,193.2375,193.02,193.1469,0
2026-07-30 07:38:00,193.24,193.29,193.14,193.23,0
2026-07-30 07:39:00,193.22,193.27,193.1,193.1,0
2026-07-30 07:40:00,193.1399,193.15,193.0408,193.0898,0
2026-07-30 07:41:00,193.13,193.23,193.0134,193.0875,0
2026-07-30 07:42:00,193.0962,193.27,193.0,193.14,0
2026-07-30 07:43:00,193.107,193.48,193.1,193.4338,0
2026-07-30 07:44:00,193.4,193.49,193.3,193.4521,0
2026-07-30 07:45:00,193.4,193.5,193.3294,193.4899,0
2026-07-30 07:46:00,193.47,193.55,193.42,193.5133,0
2026-07-30 07:47:00,193.53,193.58,193.45,193.5093,0
2026-07-30 07:48:00,193.45,193.58,193.4,193.55,0
2026-07-30 07:49:00,193.55,193.6,193.475,193.5306,0
2026-07-30 07:50:00,193.55,193.67,193.4908,193.6414,0
2026-07-30 07:51:00,193.68,193.68,193.4417,193.5,0
2026-07-30 07:52:00,193.5,193.6,193.35,193.495,0
2026-07-30 07:53:00,193.3986,193.51,193.305,193.4882,0
2026-07-30 07:54:00,193.47,193.57,193.46,193.55,0
2026-07-30 07:55:00,193.55,193.65,193.5,193.5,0
2026-07-30 07:56:00,193.5,193.56,193.4,193.4369,0
2026-07-30 07:57:00,193.4589,193.48,193.3509,193.42,0
2026-07-30 07:58:00,193.46,193.48,193.39,193.45,0
2026-07-30 07:59:00,193.4488,193.45,193.27,193.3008,0
2026-07-30 08:00:00,193.3491,193.48,193.3,193.4499,0
2026-07-30 08:01:00,193.45,193.45,193.13,193.19,0
2026-07-30 08:02:00,193.17,193.4755,193.1,193.44,0
2026-07-30 08:03:00,193.3805,193.75,193.3805,193.75,0
2026-07-30 08:04:00,193.75,193.93,193.74,193.8467,0
2026-07-30 08:05:00,193.8488,194.13,193.8,194.0778,0
2026-07-30 08:06:00,194.1115,194.15,193.93,194.06,0
2026-07-30 08:07:00,194.0999,194.16,194.05,194.12,0
2026-07-30 08:08:00,194.1182,194.145,193.95,193.9995,0
2026-07-30 08:09:00,193.98,194.15,193.97,194.123,0
2026-07-30 08:10:00,194.1392,194.1392,194.06,194.1092,0
2026-07-30 08:11:00,194.11,194.22,194.09,194.2038,0
2026-07-30 08:12:00,194.2348,194.27,194.0822,194.2,0
2026-07-30 08:13:00,194.2,194.3,194.19,194.29,0
2026-07-30 08:14:00,194.2831,194.29,194.12,194.17,0
2026-07-30 08:15:00,194.25,194.28,194.15,194.1639,0
2026-07-30 08:16:00,194.13,194.13,193.9,193.9975,0
2026-07-30 08:17:00,193.9982,194.0,193.81,193.8126,0
2026-07-30 08:18:00,193.86,193.95,193.82,193.8997,0
2026-07-30 08:19:00,193.8562,193.9,193.75,193.76,0
2026-07-30 08:20:00,193.7519,193.82,193.52,193.6018,0
2026-07-30 08:21:00,193.6492,193.7,193.6,193.64,0
2026-07-30 08:22:00,193.64,193.68,193.52,193.6011,0
2026-07-30 08:23:00,193.56,193.7,193.56,193.6985,0
2026-07-30 08:24:00,193.7,193.8248,193.62,193.6702,0
2026-07-30 08:25:00,193.6797,193.82,193.658,193.67,0
2026-07-30 08:26:00,193.6993,193.79,193.63,193.7765,0
2026-07-30 08:27:00,193.77,193.79,193.6195,193.6858,0
2026-07-30 08:28:00,193.75,193.75,193.42,193.54,0
2026-07-30 08:29:00,193.511,193.6993,193.42,193.64,0
2026-07-30 08:30:00,193.5507,194.16,193.5507,194.03,0
2026-07-30 08:31:00,194.2,194.2,193.81,193.85,0
2026-07-30 08:32:00,193.76,193.87,193.57,193.7,0
2026-07-30 08:33:00,193.68,193.82,193.6201,193.7476,0
2026-07-30 08:34:00,193.7293,193.78,193.55,193.78,0
2026-07-30 08:35:00,193.8,193.99,193.7,193.9516,0
2026-07-30 08:36:00,193.9892,194.1,193.86,193.95,0
2026-07-30 08:37:00,193.96,194.06,193.92,193.9367,0
2026-07-30 08:38:00,193.94,194.04,193.87,193.99,0
2026-07-30 08:39:00,193.9954,194.19,193.91,194.06,0
2026-07-30 08:40:00,194.0511,194.11,193.9,193.95,0
2026-07-30 08:41:00,193.92,194.2,193.92,193.95,0
2026-07-30 08:42:00,194.0058,194.1,193.86,193.96,0
2026-07-30 08:43:00,193.92,194.0,193.82,193.9254,0
2026-07-30 08:44:00,193.91,193.978,193.75,193.815,0
2026-07-30 08:45:00,193.8,193.9,193.7,193.7,0
2026-07-30 08:46:00,193.71,193.85,193.71,193.83,0
2026-07-30 08:47:00,193.8114,193.8114,193.61,193.8,0
2026-07-30 08:48:00,193.8073,193.89,193.73,193.85,0
2026-07-30 08:49:00,193.86,193.9,193.75,193.8477,0
2026-07-30 08:50:00,193.8,194.25,193.7525,194.05,0
2026-07-30 08:51:00,194.11,194.13,193.9842,194.0424,0
2026-07-30 08:52:00,194.1,194.1,193.93,194.0636,0
2026-07-30 08:53:00,194.0562,194.1,194.01,194.0589,0
2026-07-30 08:54:00,194.1,194.1,194.0,194.05,0
2026-07-30 08:55:00,194.05,194.12,194.0011,194.0608,0
2026-07-30 08:56:00,194.1182,194.12,194.0,194.09,0
2026-07-30 08:57:00,194.09,194.15,194.0,194.15,0
2026-07-30 08:58:00,194.14,194.21,194.08,194.1,0
2026-07-30 08:59:00,194.14,194.2,194.08,194.1167,0
2026-07-30 09:00:00,194.114,194.47,194.1,194.38,0
2026-07-30 09:01:00,194.4022,194.66,194.39,194.54,0
2026-07-30 09:02:00,194.4701,194.58,194.38,194.5,0
2026-07-30 09:03:00,194.5,194.64,194.42,194.52,0
2026-07-30 09:04:00,194.56,194.57,194.43,194.4603,0
2026-07-30 09:05:00,194.5,194.55,194.25,194.3101,0
2026-07-30 09:06:00,194.42,194.5,194.3412,194.5,0
2026-07-30 09:07:00,194.4814,194.6,194.38,194.4652,0
2026-07-30 09:08:00,194.415,194.5,194.31,194.35,0
2026-07-30 09:09:00,194.3725,194.38,194.18,194.27,0
2026-07-30 09:10:00,194.18,194.27,194.08,194.2,0
2026-07-30 09:11:00,194.1931,194.25,194.15,194.24,0
2026-07-30 09:12:00,194.23,194.38,194.16,194.3138,0
2026-07-30 09:13:00,194.3115,194.48,194.23,194.4189,0
2026-07-30 09:14:00,194.4411,194.47,194.23,194.3,0
2026-07-30 09:15:00,194.2901,194.34,194.23,194.3,0
2026-07-30 09:16:00,194.3324,194.34,194.23,194.28,0
2026-07-30 09:17:00,194.23,194.32,194.2,194.2616,0
2026-07-30 09:18:00,194.22,194.32,194.2,194.28,0
2026-07-30 09:19:00,194.31,194.43,194.25,194.36,0
2026-07-30 09:20:00,194.39,194.43,194.2,194.2469,0
2026-07-30 09:21:00,194.25,194.28,194.05,194.1187,0
2026-07-30 09:22:00,194.1187,194.13,193.88,193.89,0
2026-07-30 09:23:00,193.87,194.02,193.81,193.89,0
2026-07-30 09:24:00,193.8392,194.0,193.74,193.74,0
2026-07-30 09:25:00,193.8,193.8,193.06,193.1147,0
2026-07-30 09:26:00,193.11,193.44,193.05,193.2988,0
2026-07-30 09:27:00,193.2785,193.37,192.97,193.19,0
2026-07-30 09:28:00,193.11,193.78,193.11,193.28,0
2026-07-30 09:29:00,193.38,193.48,193.17,193.31,0
2026-07-30 09:30:00,193.45,193.5,192.2,192.3512,5593821
2026-07-30 09:31:00,192.28,192.76,192.06,192.483,782834
2026-07-30 09:32:00,192.49,192.8,191.73,192.405,704149
2026-07-30 09:33:00,192.44,192.93,191.94,192.89,651161
2026-07-30 09:34:00,192.89,193.2,191.94,192.13,712154
2026-07-30 09:35:00,192.11,192.47,191.84,192.445,479301
2026-07-30 09:36:00,192.435,192.61,192.03,192.18,453643
2026-07-30 09:37:00,192.175,192.37,191.52,191.8,583959
2026-07-30 09:38:00,191.79,192.55,191.63,192.07,646813
2026-07-30 09:39:00,192.11,192.591,192.0,192.525,588932
2026-07-30 09:40:00,192.515,192.7,192.1102,192.505,512267
2026-07-30 09:41:00,192.49,192.68,192.0206,192.065,457219
2026-07-30 09:42:00,192.067,192.315,191.92,192.1,555057
2026-07-30 09:43:00,192.115,192.55,191.99,192.4,444250
2026-07-30 09:44:00,192.39,192.65,192.33,192.44,468350
2026-07-30 09:45:00,192.4,192.6813,192.39,192.565,405845
2026-07-30 09:46:00,192.53,193.17,192.53,193.105,585067
2026-07-30 09:47:00,193.105,193.47,193.01,193.38,697529
2026-07-30 09:48:00,193.4,193.41,193.02,193.07,451366
2026-07-30 09:49:00,193.05,193.57,193.03,193.37,514903
2026-07-30 09:50:00,193.38,193.89,192.9601,193.81,713550
2026-07-30 09:51:00,193.8,194.23,193.77,194.2,609415
2026-07-30 09:52:00,194.185,194.24,193.81,194.0314,628273
2026-07-30 09:53:00,194.04,194.19,193.85,193.912,676656
2026-07-30 09:54:00,193.88,194.32,193.88,194.1522,465944
2026-07-30 09:55:00,194.1499,194.6299,194.05,194.385,589514
2026-07-30 09:56:00,194.3899,194.52,194.035,194.26,430498
2026-07-30 09:57:00,194.255,194.71,194.13,194.6,434619
2026-07-30 09:58:00,194.625,194.87,194.31,194.85,416071
2026-07-30 09:59:00,194.855,195.6,194.75,195.5352,921725
2026-07-30 10:00:00,195.53,195.93,195.48,195.91,652625
2026-07-30 10:01:00,195.9199,196.2194,195.8,196.19,730671
2026-07-30 10:02:00,196.19,196.3299,195.85,195.91,616272
2026-07-30 10:03:00,195.9,196.19,195.6442,196.15,465017
2026-07-30 10:04:00,196.115,196.4,196.06,196.12,443631
2026-07-30 10:05:00,196.12,196.34,196.01,196.148,387334
2026-07-30 10:06:00,196.13,196.14,195.7,195.72,414376
2026-07-30 10:07:00,195.73,195.88,195.355,195.38,365816
2026-07-30 10:08:00,195.383,195.41,195.17,195.26,375898
2026-07-30 10:09:00,195.25,195.32,195.09,195.22,288115
2026-07-30 10:10:00,195.27,195.36,194.94,195.135,386642
2026-07-30 10:11:00,195.11,195.2643,194.92,195.23,288289
2026-07-30 10:12:00,195.25,195.635,195.07,195.57,365798
2026-07-30 10:13:00,195.6,195.6581,195.36,195.53,281023
2026-07-30 10:14:00,195.5319,195.8499,195.52,195.78,338250
2026-07-30 10:15:00,195.79,195.965,195.69,195.7301,380629
2026-07-30 10:16:00,195.75,195.815,195.44,195.815,282282
2026-07-30 10:17:00,195.8,195.935,195.58,195.61,256445
2026-07-30 10:18:00,195.595,195.66,195.2805,195.605,366397
2026-07-30 10:19:00,195.605,195.75,195.465,195.61,240557
2026-07-30 10:20:00,195.62,195.86,195.515,195.855,276358
2026-07-30 10:21:00,195.8591,196.47,195.8484,196.445,514677
2026-07-30 10:22:00,196.4381,196.51,196.27,196.42,353767
2026-07-30 10:23:00,196.43,196.65,196.42,196.555,352914
2026-07-30 10:24:00,196.565,196.84,196.5,196.558,490240
2026-07-30 10:25:00,196.55,196.68,196.5,196.61,248036
2026-07-30 10:26:00,196.6101,196.695,196.3072,196.535,422645
2026-07-30 10:27:00,196.54,196.86,196.4,196.85,295575
2026-07-30 10:28:00,196.84,197.18,196.81,196.815,517439
2026-07-30 10:29:00,196.815,196.91,196.78,196.81,265460
2026-07-30 10:30:00,196.81,196.8399,196.5,196.76,316331
2026-07-30 10:31:00,196.76,197.07,196.63,197.0,284399
2026-07-30 10:32:00,196.985,197.18,196.81,197.1501,273645
2026-07-30 10:33:00,197.15,197.24,197.0204,197.1,422085
2026-07-30 10:34:00,197.09,197.25,196.9705,197.235,439739
2026-07-30 10:35:00,197.22,197.23,196.87,197.0499,398801
2026-07-30 10:36:00,197.0301,197.105,196.86,197.04,399614
2026-07-30 10:37:00,197.05,197.0698,196.56,196.625,379474
2026-07-30 10:38:00,196.6213,196.6213,196.12,196.1641,388659
2026-07-30 10:39:00,196.17,196.328,196.08,196.28,200528
2026-07-30 10:40:00,196.2851,196.55,196.271,196.435,251279
2026-07-30 10:41:00,196.43,196.62,196.38,196.48,249798
2026-07-30 10:42:00,196.475,196.55,196.37,196.47,218126
2026-07-30 10:43:00,196.49,196.49,196.1,196.13,249287
2026-07-30 10:44:00,196.14,196.26,195.91,195.98,349322
2026-07-30 10:45:00,195.955,196.0,195.55,195.674,352619
2026-07-30 10:46:00,195.68,195.73,195.22,195.2999,318093
2026-07-30 10:47:00,195.26,195.37,195.11,195.1499,495527
2026-07-30 10:48:00,195.1399,195.56,195.05,195.55,304893
2026-07-30 10:49:00,195.545,195.6491,195.31,195.6,264623
2026-07-30 10:50:00,195.605,195.6399,195.34,195.3744,300068
2026-07-30 10:51:00,195.39,195.53,195.135,195.19,363686
2026-07-30 10:52:00,195.21,195.37,195.13,195.165,242856
2026-07-30 10:53:00,195.165,195.25,195.07,195.12,277186
2026-07-30 10:54:00,195.095,195.125,194.7101,194.8799,345180
2026-07-30 10:55:00,194.882,194.915,194.653,194.75,412779
2026-07-30 10:56:00,194.745,194.8,194.28,194.3,532738
2026-07-30 10:57:00,194.305,194.9599,194.24,194.875,329283
2026-07-30 10:58:00,194.87,195.04,194.7401,194.81,701163
2026-07-30 10:59:00,194.81,194.98,194.7992,194.8773,239316
2026-07-30 11:00:00,194.89,194.92,194.408,194.465,294564
2026-07-30 11:01:00,194.4557,194.67,194.33,194.44,280616
2026-07-30 11:02:00,194.44,194.93,194.37,194.92,289120
2026-07-30 11:03:00,194.93,195.07,194.83,195.0621,373101
2026-07-30 11:04:00,195.07,195.1476,194.81,195.12,311647
2026-07-30 11:05:00,195.115,195.325,195.07,195.15,358341
2026-07-30 11:06:00,195.19,195.205,194.7301,194.7709,313963
2026-07-30 11:07:00,194.78,194.78,194.52,194.5999,206507
2026-07-30 11:08:00,194.55,194.885,194.51,194.865,203919
2026-07-30 11:09:00,194.87,195.26,194.8604,195.24,246696
2026-07-30 11:10:00,195.215,195.23,194.61,194.72,233369
2026-07-30 11:11:00,194.7,194.77,194.38,194.42,275479
2026-07-30 11:12:00,194.39,194.53,194.31,194.44,182283
2026-07-30 11:13:00,194.43,194.43,194.0401,194.25,311603
2026-07-30 11:14:00,194.22,194.41,194.1357,194.305,195889
2026-07-30 11:15:00,194.3,194.47,194.18,194.47,213075
2026-07-30 11:16:00,194.465,194.54,194.27,194.2901,173225
2026-07-30 11:17:00,194.31,194.4274,194.07,194.12,665224
2026-07-30 11:18:00,194.105,194.23,193.9,194.07,539309
2026-07-30 11:19:00,194.07,194.16,193.7653,193.81,371557
2026-07-30 11:20:00,193.8002,193.9967,193.75,193.91,255405
2026-07-30 11:21:00,193.89,194.23,193.89,193.976,249047
2026-07-30 11:22:00,193.9999,194.02,193.76,193.88,241757
2026-07-30 11:23:00,193.8501,193.87,193.5,193.785,321670
2026-07-30 11:24:00,193.785,193.91,193.6005,193.88,357033
2026-07-30 11:25:00,193.8799,194.17,193.7607,193.84,236503
2026-07-30 11:26:00,193.825,193.84,193.435,193.83,274357
2026-07-30 11:27:00,193.83,193.94,193.62,193.62,194608
2026-07-30 11:28:00,193.6021,193.73,193.45,193.67,204096
2026-07-30 11:29:00,193.68,193.8,193.48,193.51,363362
2026-07-30 11:30:00,193.51,193.59,193.16,193.2,314424
2026-07-30 11:31:00,193.21,193.3899,193.12,193.32,211633
2026-07-30 11:32:00,193.315,193.435,193.25,193.2901,165899
2026-07-30 11:33:00,193.2737,193.51,193.211,193.48,230368
2026-07-30 11:34:00,193.51,193.53,193.22,193.42,332541
2026-07-30 11:35:00,193.41,193.5091,193.15,193.1701,251473
2026-07-30 11:36:00,193.18,193.42,193.1763,193.41,156441
2026-07-30 11:37:00,193.41,193.4128,192.91,192.91,507890
2026-07-30 11:38:00,192.915,193.09,192.8309,193.015,256039
2026-07-30 11:39:00,193.02,193.215,192.96,193.18,209212
2026-07-30 11:40:00,193.185,193.26,192.96,193.1,241409
2026-07-30 11:41:00,193.085,193.2235,193.04,193.13,187688
2026-07-30 11:42:00,193.145,193.18,192.9438,193.135,196811
2026-07-30 11:43:00,193.1455,193.27,193.1,193.265,194944
2026-07-30 11:44:00,193.2719,193.42,193.15,193.15,258397
2026-07-30 11:45:00,193.17,193.35,193.165,193.27,262547
2026-07-30 11:46:00,193.28,193.3578,193.22,193.33,311182
2026-07-30 11:47:00,193.33,193.52,193.29,193.4099,373076
2026-07-30 11:48:00,193.4,193.41,193.19,193.31,288851
2026-07-30 11:49:00,193.28,193.42,193.1442,193.405,218888
2026-07-30 11:50:00,193.41,193.46,193.0,193.05,229369
2026-07-30 11:51:00,193.045,193.29,192.95,193.28,261507
2026-07-30 11:52:00,193.2387,193.2499,192.73,192.86,281287
2026-07-30 11:53:00,192.86,193.07,192.79,193.04,216151
2026-07-30 11:54:00,193.05,193.1728,192.9,193.17,197706
2026-07-30 11:55:00,193.1501,193.25,193.0001,193.0132,233022
2026-07-30 11:56:00,193.02,193.14,192.98,192.99,117043
2026-07-30 11:57:00,192.99,193.32,192.945,193.31,322136
2026-07-30 11:58:00,193.32,193.3718,193.12,193.14,254023
2026-07-30 11:59:00,193.1194,193.18,192.91,193.1109,193319
2026-07-30 12:00:00,193.12,193.12,192.975,192.98,194522
2026-07-30 12:01:00,192.97,193.15,192.85,193.12,213851
2026-07-30 12:02:00,193.13,193.465,193.115,193.46,259999
2026-07-30 12:03:00,193.4535,193.7399,193.45,193.7101,269071
2026-07-30 12:04:00,193.725,194.1,193.725,193.97,429137
2026-07-30 12:05:00,193.97,194.14,193.95,194.01,290184
2026-07-30 12:06:00,194.01,194.15,193.96,194.0,235035
2026-07-30 12:07:00,194.0,194.07,193.86,193.955,214878
2026-07-30 12:08:00,193.97,194.17,193.95,194.1398,218611
2026-07-30 12:09:00,194.12,194.23,193.97,194.08,243391
2026-07-30 12:10:00,194.06,194.23,194.03,194.13,158426
2026-07-30 12:11:00,194.125,194.25,194.04,194.21,176301
2026-07-30 12:12:00,194.2,194.29,194.09,194.23,189535
2026-07-30 12:13:00,194.22,194.37,194.2101,194.32,193845
2026-07-30 12:14:00,194.34,194.35,194.145,194.22,155443
2026-07-30 12:15:00,194.22,194.315,194.16,194.1732,157894
2026-07-30 12:16:00,194.18,194.27,194.15,194.16,128968
2026-07-30 12:17:00,194.16,194.16,193.96,194.06,221756
2026-07-30 12:18:00,194.06,194.09,193.83,193.975,150371
2026-07-30 12:19:00,193.98,194.08,193.76,193.76,178052
2026-07-30 12:20:00,193.77,193.94,193.64,193.91,192748
2026-07-30 12:21:00,193.9,194.0201,193.8287,193.998,193204
2026-07-30 12:22:00,193.995,194.05,193.87,193.9179,144038
2026-07-30 12:23:00,193.92,193.98,193.7922,193.9601,129212
2026-07-30 12:24:00,193.96,194.0,193.84,193.87,121129
2026-07-30 12:25:00,193.8799,194.03,193.84,194.03,205291
2026-07-30 12:26:00,194.02,194.05,193.92,193.9614,154410
2026-07-30 12:27:00,193.98,194.04,193.921,194.0,135193
2026-07-30 12:28:00,194.0,194.01,193.8,193.86,112637
2026-07-30 12:29:00,193.8594,193.92,193.8,193.81,124084
2026-07-30 12:30:00,193.81,193.89,193.63,193.67,253134
2026-07-30 12:31:00,193.66,193.81,193.65,193.795,170127
2026-07-30 12:32:00,193.79,193.8,193.56,193.78,173201
2026-07-30 12:33:00,193.79,193.815,193.699,193.805,117810
2026-07-30 12:34:00,193.81,193.95,193.79,193.9,198692
2026-07-30 12:35:00,193.92,194.005,193.77,193.82,354908
2026-07-30 12:36:00,193.84,194.015,193.795,193.83,162215
2026-07-30 12:37:00,193.84,193.84,193.6501,193.68,159880
2026-07-30 12:38:00,193.65,193.7099,193.6,193.67,99786
2026-07-30 12:39:00,193.6701,193.78,193.5,193.505,120303
2026-07-30 12:40:00,193.5003,193.51,193.145,193.16,237981
2026-07-30 12:41:00,193.1501,193.17,192.88,192.91,259248
2026-07-30 12:42:00,192.9299,192.98,192.85,192.87,216882
2026-07-30 12:43:00,192.87,192.907,192.72,192.8,286221
2026-07-30 12:44:00,192.8,192.91,192.68,192.8996,239139
2026-07-30 12:45:00,192.89,193.1,192.86,193.05,211733
2026-07-30 12:46:00,193.04,193.44,193.03,193.41,239170
2026-07-30 12:47:00,193.405,193.55,193.39,193.505,131580
2026-07-30 12:48:00,193.5,193.5797,193.39,193.39,106663
2026-07-30 12:49:00,193.391,193.53,193.39,193.42,93665
2026-07-30 12:50:00,193.445,193.48,193.07,193.07,142071
2026-07-30 12:51:00,193.07,193.46,193.06,193.46,97310
2026-07-30 12:52:00,193.47,193.53,193.3801,193.48,102970
2026-07-30 12:53:00,193.5,193.52,193.3,193.38,106570
2026-07-30 12:54:00,193.38,193.47,193.38,193.395,90695
2026-07-30 12:55:00,193.41,193.47,193.37,193.465,73384
2026-07-30 12:56:00,193.45,193.49,193.38,193.4098,98213
2026-07-30 12:57:00,193.41,193.44,193.3,193.32,113167
2026-07-30 12:58:00,193.33,193.38,193.24,193.335,107188
2026-07-30 12:59:00,193.34,193.4451,193.3,193.395,76907
2026-07-30 13:00:00,193.41,193.7984,193.4,193.7299,181828
2026-07-30 13:01:00,193.73,193.8697,193.7,193.82,130046
2026-07-30 13:02:00,193.83,193.89,193.71,193.7499,170319
2026-07-30 13:03:00,193.73,193.84,193.73,193.775,79500
2026-07-30 13:04:00,193.79,193.8899,193.77,193.85,73756
2026-07-30 13:05:00,193.85,193.8701,193.76,193.85,89609
2026-07-30 13:06:00,193.84,194.01,193.83,193.95,128488
2026-07-30 13:07:00,193.96,193.97,193.7656,193.8551,141437
2026-07-30 13:08:00,193.83,193.88,193.6701,193.69,165115
2026-07-30 13:09:00,193.68,193.685,193.47,193.53,187615
2026-07-30 13:10:00,193.54,193.67,193.43,193.55,150938
2026-07-30 13:11:00,193.55,193.6196,193.5,193.61,94795
2026-07-30 13:12:00,193.63,193.66,193.5,193.5501,146263
2026-07-30 13:13:00,193.555,193.615,193.55,193.59,73709
2026-07-30 13:14:00,193.59,193.6,193.45,193.5072,97611
2026-07-30 13:15:00,193.51,193.57,193.4372,193.49,103931
2026-07-30 13:16:00,193.5,193.697,193.48,193.63,105656
2026-07-30 13:17:00,193.635,193.8,193.635,193.8,122365
2026-07-30 13:18:00,193.79,193.9,193.69,193.76,143005
2026-07-30 13:19:00,193.76,193.9801,193.76,193.964,143148
2026-07-30 13:20:00,193.96,193.99,193.85,193.9068,102464
2026-07-30 13:21:00,193.9,193.98,193.847,193.895,122749
2026-07-30 13:22:00,193.89,193.89,193.73,193.76,96849
2026-07-30 13:23:00,193.74,193.89,193.73,193.88,99390
2026-07-30 13:24:00,193.88,193.91,193.77,193.91,118140
2026-07-30 13:25:00,193.9,193.9,193.7301,193.78,78616
2026-07-30 13:26:00,193.775,193.79,193.69,193.715,109795
2026-07-30 13:27:00,193.7279,193.845,193.71,193.735,79097
2026-07-30 13:28:00,193.73,193.7368,193.58,193.68,120773
2026-07-30 13:29:00,193.68,193.72,193.6101,193.62,75217
2026-07-30 13:30:00,193.62,193.71,193.6,193.6,82405
2026-07-30 13:31:00,193.6,193.68,193.49,193.66,131356
2026-07-30 13:32:00,193.66,193.81,193.65,193.665,107371
2026-07-30 13:33:00,193.6701,193.7,193.5,193.55,114517
2026-07-30 13:34:00,193.565,193.57,193.41,193.47,114604
2026-07-30 13:35:00,193.47,193.8,193.46,193.505,196027
2026-07-30 13:36:00,193.505,193.51,193.29,193.29,136454
2026-07-30 13:37:00,193.29,193.41,193.18,193.2,135146
2026-07-30 13:38:00,193.2,193.41,193.0601,193.2097,206612
2026-07-30 13:39:00,193.22,193.23,193.07,193.11,136905
2026-07-30 13:40:00,193.11,193.235,193.11,193.21,111807
2026-07-30 13:41:00,193.215,193.37,193.2,193.37,130620
2026-07-30 13:42:00,193.37,193.41,193.23,193.3,191582
2026-07-30 13:43:00,193.3,193.56,193.285,193.47,162630
2026-07-30 13:44:00,193.46,193.75,193.41,193.6601,166693
2026-07-30 13:45:00,193.66,193.81,193.63,193.74,156476
2026-07-30 13:46:00,193.7421,193.8699,193.73,193.85,122876
2026-07-30 13:47:00,193.86,194.01,193.85,193.9531,175980
2026-07-30 13:48:00,193.95,193.957,193.83,193.92,112693
2026-07-30 13:49:00,193.9103,193.94,193.79,193.798,101051
2026-07-30 13:50:00,193.82,193.83,193.73,193.8299,112890
2026-07-30 13:51:00,193.82,194.03,193.81,193.96,230073
2026-07-30 13:52:00,193.969,193.99,193.77,193.86,134771
2026-07-30 13:53:00,193.865,193.87,193.68,193.72,110919
2026-07-30 13:54:00,193.69,193.82,193.67,193.705,68337
2026-07-30 13:55:00,193.709,193.72,193.575,193.7,83922
2026-07-30 13:56:00,193.6907,193.8099,193.665,193.755,100771
2026-07-30 13:57:00,193.75,193.89,193.72,193.81,102936
2026-07-30 13:58:00,193.815,193.87,193.74,193.77,127557
2026-07-30 13:59:00,193.76,193.8278,193.72,193.77,67213
2026-07-30 14:00:00,193.7505,193.93,193.7505,193.855,99049
2026-07-30 14:01:00,193.86,194.07,193.85,193.9921,210133
2026-07-30 14:02:00,194.005,194.005,193.9,193.94,95934
2026-07-30 14:03:00,193.93,193.9468,193.825,193.83,152146
2026-07-30 14:04:00,193.83,193.84,193.76,193.78,85398
2026-07-30 14:05:00,193.76,193.835,193.73,193.7601,109851
2026-07-30 14:06:00,193.76,193.82,193.69,193.82,115277
2026-07-30 14:07:00,193.81,193.98,193.8,193.91,229408
2026-07-30 14:08:00,193.89,193.91,193.79,193.899,93709
2026-07-30 14:09:00,193.8901,193.9237,193.82,193.86,73925
2026-07-30 14:10:00,193.89,193.93,193.8,193.93,125059
2026-07-30 14:11:00,193.925,193.9379,193.855,193.89,58706
2026-07-30 14:12:00,193.9,193.9,193.5857,193.64,156133
2026-07-30 14:13:00,193.64,193.6996,193.59,193.69,86630
2026-07-30 14:14:00,193.7,193.75,193.67,193.6899,109452
2026-07-30 14:15:00,193.685,193.73,193.5801,193.63,138338
2026-07-30 14:16:00,193.63,193.65,193.54,193.55,109752
2026-07-30 14:17:00,193.555,193.56,193.44,193.5,164503
2026-07-30 14:18:00,193.495,193.59,193.455,193.55,113074
2026-07-30 14:19:00,193.55,193.56,193.27,193.28,158207
2026-07-30 14:20:00,193.3,193.4199,193.24,193.3779,162715
2026-07-30 14:21:00,193.36,193.51,193.34,193.43,170120
2026-07-30 14:22:00,193.415,193.58,193.4076,193.55,129118
2026-07-30 14:23:00,193.545,193.5799,193.44,193.5,142746
2026-07-30 14:24:00,193.495,193.5438,193.46,193.4997,71749
2026-07-30 14:25:00,193.5,193.54,193.42,193.43,80036
2026-07-30 14:26:00,193.43,193.52,193.42,193.5199,70966
2026-07-30 14:27:00,193.52,193.58,193.43,193.435,165744
2026-07-30 14:28:00,193.43,193.51,193.41,193.485,93065
2026-07-30 14:29:00,193.49,193.5438,193.43,193.49,76487
2026-07-30 14:30:00,193.49,193.83,193.44,193.82,213903
2026-07-30 14:31:00,193.81,193.8325,193.56,193.5869,189481
2026-07-30 14:32:00,193.5999,193.61,193.5,193.55,121465
2026-07-30 14:33:00,193.5401,193.6,193.4515,193.4699,100575
2026-07-30 14:34:00,193.46,193.46,193.36,193.42,95600
2026-07-30 14:35:00,193.41,193.45,193.25,193.305,145839
2026-07-30 14:36:00,193.3,193.37,193.28,193.32,88488
2026-07-30 14:37:00,193.32,193.32,193.21,193.2699,102870
2026-07-30 14:38:00,193.28,193.5,193.26,193.28,157108
2026-07-30 14:39:00,193.2808,193.285,193.14,193.22,119864
2026-07-30 14:40:00,193.21,193.22,193.14,193.215,123460
2026-07-30 14:41:00,193.225,193.2599,193.18,193.23,118237
2026-07-30 14:42:00,193.235,193.39,193.185,193.21,189873
2026-07-30 14:43:00,193.2099,193.32,193.2,193.2901,184602
2026-07-30 14:44:00,193.2978,193.34,193.24,193.32,146266
2026-07-30 14:45:00,193.315,193.5751,193.315,193.57,189803
2026-07-30 14:46:00,193.5601,193.6599,193.48,193.645,109538
2026-07-30 14:47:00,193.6499,193.667,193.57,193.6199,132662
2026-07-30 14:48:00,193.61,193.74,193.6088,193.715,106828
2026-07-30 14:49:00,193.728,193.728,193.67,193.7,103465
2026-07-30 14:50:00,193.7,193.748,193.6401,193.645,108848
2026-07-30 14:51:00,193.64,193.66,193.55,193.62,130958
2026-07-30 14:52:00,193.6132,193.71,193.6,193.695,82539
2026-07-30 14:53:00,193.695,193.735,193.615,193.6598,126866
2026-07-30 14:54:00,193.655,193.7191,193.5404,193.55,119008
2026-07-30 14:55:00,193.56,193.56,193.46,193.46,179172
2026-07-30 14:56:00,193.45,193.5078,193.41,193.49,122726
2026-07-30 14:57:00,193.4822,193.53,193.38,193.42,136641
2026-07-30 14:58:00,193.42,193.44,193.28,193.315,220464
2026-07-30 14:59:00,193.315,193.56,193.315,193.52,237475
2026-07-30 15:00:00,193.5298,193.545,193.42,193.52,196274
2026-07-30 15:01:00,193.525,193.61,193.445,193.54,182192
2026-07-30 15:02:00,193.555,193.6688,193.53,193.62,156994
2026-07-30 15:03:00,193.63,193.77,193.63,193.6901,177698
2026-07-30 15:04:00,193.71,193.73,193.64,193.66,110824
2026-07-30 15:05:00,193.6605,193.78,193.6203,193.7603,167152
2026-07-30 15:06:00,193.7603,194.04,193.76,194.015,345423
2026-07-30 15:07:00,194.0199,194.3,194.01,194.295,276564
2026-07-30 15:08:00,194.29,194.4996,194.23,194.49,250967
2026-07-30 15:09:00,194.5,194.5799,194.36,194.4178,253978
2026-07-30 15:10:00,194.4002,194.66,194.39,194.65,214131
2026-07-30 15:11:00,194.6401,194.72,194.6401,194.66,215009
2026-07-30 15:12:00,194.67,194.78,194.66,194.7405,225645
2026-07-30 15:13:00,194.745,194.75,194.6601,194.6808,213137
2026-07-30 15:14:00,194.6801,194.73,194.58,194.59,224905
2026-07-30 15:15:00,194.58,194.61,194.43,194.465,171719
2026-07-30 15:16:00,194.465,194.65,194.44,194.63,177414
2026-07-30 15:17:00,194.63,194.67,194.59,194.655,166714
2026-07-30 15:18:00,194.66,194.925,194.62,194.9068,418894
2026-07-30 15:19:00,194.905,194.9099,194.725,194.815,221708
2026-07-30 15:20:00,194.83,194.84,194.63,194.6399,236764
2026-07-30 15:21:00,194.635,194.65,194.44,194.44,203913
2026-07-30 15:22:00,194.45,194.5,194.37,194.4501,190532
2026-07-30 15:23:00,194.46,194.56,194.4401,194.49,164326
2026-07-30 15:24:00,194.49,194.54,194.3118,194.34,208481
2026-07-30 15:25:00,194.34,194.34,194.2,194.235,159184
2026-07-30 15:26:00,194.2301,194.25,194.11,194.22,163897
2026-07-30 15:27:00,194.23,194.2499,194.07,194.15,183268
2026-07-30 15:28:00,194.14,194.16,194.03,194.0702,157780
2026-07-30 15:29:00,194.075,194.11,193.995,194.055,155178
2026-07-30 15:30:00,194.04,194.2097,194.035,194.2,204763
2026-07-30 15:31:00,194.21,194.215,193.99,194.1,256656
2026-07-30 15:32:00,194.0836,194.16,194.0601,194.1,191671
2026-07-30 15:33:00,194.105,194.14,194.05,194.06,158643
2026-07-30 15:34:00,194.065,194.26,194.06,194.12,320313
2026-07-30 15:35:00,194.135,194.2002,194.12,194.16,184249
2026-07-30 15:36:00,194.16,194.16,194.03,194.0303,210846
2026-07-30 15:37:00,194.039,194.18,194.03,194.05,206292
2026-07-30 15:38:00,194.0591,194.29,194.0591,194.195,247977
2026-07-30 15:39:00,194.2,194.36,194.19,194.33,183947
2026-07-30 15:40:00,194.33,194.62,194.3,194.565,263953
2026-07-30 15:41:00,194.56,194.74,194.56,194.7001,330260
2026-07-30 15:42:00,194.705,194.7999,194.67,194.755,243827
2026-07-30 15:43:00,194.76,194.825,194.685,194.77,216742
2026-07-30 15:44:00,194.765,194.805,194.72,194.7501,202616
2026-07-30 15:45:00,194.76,194.85,194.74,194.8,212453
2026-07-30 15:46:00,194.805,195.045,194.79,194.9936,352621
2026-07-30 15:47:00,194.98,195.0,194.8601,194.9468,204487
2026-07-30 15:48:00,194.93,194.99,194.867,194.88,219762
2026-07-30 15:49:00,194.875,194.95,194.78,194.94,311082
2026-07-30 15:50:00,194.93,194.98,194.58,194.945,488961
2026-07-30 15:51:00,194.94,195.08,194.81,194.88,815085
2026-07-30 15:52:00,194.9,195.0,194.8401,194.975,360372
2026-07-30 15:53:00,194.97,195.06,194.69,194.7,472900
2026-07-30 15:54:00,194.675,195.3255,194.56,195.13,831786
2026-07-30 15:55:00,195.12,195.12,194.73,194.88,689880
2026-07-30 15:56:00,194.89,195.0,194.79,194.86,505832
2026-07-30 15:57:00,194.86,195.03,194.79,194.9625,386796
2026-07-30 15:58:00,194.96,195.07,194.9,195.01,639248
2026-07-30 15:59:00,195.01,195.32,194.95,195.15,2031964
2026-07-30 16:00:00,195.04,195.294,194.94,195.17,892387
2026-07-30 16:01:00,195.17,195.6,195.04,195.5591,0
2026-07-30 16:02:00,195.56,195.79,195.5532,195.69,0
2026-07-30 16:03:00,195.69,195.88,195.04,195.74,0
2026-07-30 16:04:00,195.72,195.85,195.04,195.76,0
2026-07-30 16:05:00,195.73,195.7668,195.04,195.41,0
2026-07-30 16:06:00,195.33,195.7,195.33,195.33,0
2026-07-30 16:07:00,195.396,195.5,195.2,195.3308,0
2026-07-30 16:08:00,195.34,195.4,195.19,195.278,0
2026-07-30 16:09:00,195.3,195.45,195.2,195.4,0
2026-07-30 16:10:00,195.35,195.3962,195.04,195.3,0
2026-07-30 16:11:00,195.25,195.38,195.04,195.2098,0
2026-07-30 16:12:00,195.2202,195.45,195.17,195.33,0
2026-07-30 16:13:00,195.3868,195.59,195.33,195.5376,0
2026-07-30 16:14:00,195.5,195.59,195.35,195.4,0
2026-07-30 16:15:00,195.04,195.5,195.04,195.44,0
2026-07-30 16:16:00,195.39,195.47,195.29,195.31,0
2026-07-30 16:17:00,195.31,195.54,195.14,195.5062,0
2026-07-30 16:18:00,195.55,195.88,195.47,195.8055,0
2026-07-30 16:19:00,195.89,196.1,195.8,196.02,0
2026-07-30 16:20:00,195.88,196.1,195.04,196.02,0
2026-07-30 16:21:00,196.0031,196.0789,195.92,196.0265,0
2026-07-30 16:22:00,196.0363,196.25,196.0001,196.1923,0
2026-07-30 16:23:00,196.1589,196.35,196.0,196.2,0
2026-07-30 16:24:00,196.2651,196.28,196.01,196.17,0
2026-07-30 16:25:00,196.1287,196.2385,196.01,196.11,0
2026-07-30 16:26:00,196.0769,196.19,196.05,196.1,0
2026-07-30 16:27:00,196.06,196.09,195.88,195.9,0
2026-07-30 16:28:00,195.9469,196.09,195.5,195.8647,0
2026-07-30 16:29:00,195.93,196.0,195.63,195.95,0
2026-07-30 16:30:00,195.98,196.0767,195.62,195.73,0
2026-07-30 16:31:00,195.6517,195.9152,195.63,195.8376,0
2026-07-30 16:32:00,195.8225,195.97,195.04,195.9473,0
2026-07-30 16:33:00,195.94,196.15,195.91,196.14,0
2026-07-30 16:34:00,196.1282,196.29,195.04,196.1014,0
2026-07-30 16:35:00,196.125,196.15,195.04,196.0,0
2026-07-30 16:36:00,196.0,196.0,195.8,195.88,0
2026-07-30 16:37:00,195.89,196.0,195.88,195.9966,0
2026-07-30 16:38:00,196.0,196.2483,196.0,196.2483,0
2026-07-30 16:39:00,196.2408,196.31,195.04,196.2418,0
2026-07-30 16:40:00,196.2255,196.3,196.11,196.1512,0
2026-07-30 16:41:00,196.1474,196.19,196.05,196.1739,0
2026-07-30 16:42:00,196.1337,196.3297,195.04,196.3297,0
2026-07-30 16:43:00,196.275,196.3599,196.14,196.18,0
2026-07-30 16:44:00,196.201,196.2297,183.9575,196.06,0
2026-07-30 16:45:00,196.0607,196.19,196.01,196.0845,0
2026-07-30 16:46:00,196.0,196.1,195.85,195.94,0
2026-07-30 16:47:00,195.85,196.0,182.47,195.9,0
2026-07-30 16:48:00,195.9657,196.05,195.9342,196.05,0
2026-07-30 16:49:00,196.0077,196.06,195.95,195.9923,0
2026-07-30 16:50:00,195.98,196.0,195.9,195.93,0
2026-07-30 16:51:00,195.945,196.0,195.9,195.95,0
2026-07-30 16:52:00,195.93,195.9497,182.2548,195.77,0
2026-07-30 16:53:00,195.7591,195.8,195.66,195.7311,0
2026-07-30 16:54:00,195.76,195.8,182.47,195.76,0
2026-07-30 16:55:00,195.76,195.76,186.6176,195.719,0
2026-07-30 16:56:00,195.71,195.76,183.9575,195.5921,0
2026-07-30 16:57:00,195.57,195.67,185.2664,195.5012,0
2026-07-30 16:58:00,195.55,195.67,183.7999,195.6,0
2026-07-30 16:59:00,195.65,195.65,195.47,195.4754,0
2026-07-30 17:00:00,195.48,203.8033,195.47,195.49,0
2026-07-30 17:01:00,195.4895,195.5,182.0157,195.4017,0
2026-07-30 17:02:00,195.4555,203.8033,182.2548,195.36,0
2026-07-30 17:03:00,195.35,195.4,190.0388,195.39,0
2026-07-30 17:04:00,195.3994,195.4518,195.37,195.4333,0
2026-07-30 17:05:00,195.4239,195.5,195.39,195.39,0
2026-07-30 17:06:00,195.3912,195.47,195.28,195.3185,0
2026-07-30 17:07:00,195.35,195.4652,195.22,195.3,0
2026-07-30 17:08:00,195.29,195.5,195.25,195.4865,0
2026-07-30 17:09:00,195.48,195.5,195.32,195.4,0
2026-07-30 17:10:00,195.35,195.4,195.2,195.2,0
2026-07-30 17:11:00,195.22,195.25,195.2,195.2154,0
2026-07-30 17:12:00,195.28,195.4,195.25,195.3026,0
2026-07-30 17:13:00,195.3447,195.4,195.26,195.3984,0
2026-07-30 17:14:00,195.3833,195.49,195.35,195.45,0
2026-07-30 17:15:00,195.4761,195.77,195.4,195.75,0
2026-07-30 17:16:00,195.7017,196.0,195.7,195.98,0
2026-07-30 17:17:00,195.98,196.0,195.75,195.81,0
2026-07-30 17:18:00,195.9118,196.11,195.8035,196.1,0
2026-07-30 17:19:00,196.08,196.2,196.0,196.15,0
2026-07-30 17:20:00,196.16,196.55,196.04,196.5415,0
2026-07-30 17:21:00,196.5498,196.7994,196.39,196.5702,0
2026-07-30 17:22:00,196.5696,196.6,196.31,196.4399,0
2026-07-30 17:23:00,196.44,196.45,196.3,196.4429,0
2026-07-30 17:24:00,196.4017,196.6077,196.4,196.6,0
2026-07-30 17:25:00,196.6093,196.65,196.45,196.5,0
2026-07-30 17:26:00,196.4407,196.6,196.4407,196.5077,0
2026-07-30 17:27:00,196.5095,196.55,196.31,196.31,0
2026-07-30 17:28:00,196.31,196.5,196.2518,196.45,0
2026-07-30 17:29:00,196.495,196.5,196.05,196.1861,0
2026-07-30 17:30:00,196.16,196.295,196.05,196.0827,0
2026-07-30 17:31:00,196.08,196.23,196.05,196.1403,0
2026-07-30 17:32:00,196.1305,196.25,196.07,196.1,0
2026-07-30 17:33:00,196.0855,196.1463,196.0,196.0204,0
2026-07-30 17:34:00,196.0468,196.15,196.0,196.12,0
2026-07-30 17:35:00,196.12,196.15,196.03,196.09,0
2026-07-30 17:36:00,196.06,196.11,195.9,195.9155,0
2026-07-30 17:37:00,195.97,195.99,195.9,195.9162,0
2026-07-30 17:38:00,195.9168,195.95,195.9012,195.9423,0
2026-07-30 17:39:00,195.9012,195.9122,195.04,195.8805,0
2026-07-30 17:40:00,195.9,195.9,195.7,195.8005,0
2026-07-30 17:41:00,195.812,195.85,195.68,195.72,0
2026-07-30 17:42:00,195.71,195.8388,195.68,195.8345,0
2026-07-30 17:43:00,195.75,195.9,195.75,195.87,0
2026-07-30 17:44:00,195.85,195.91,195.85,195.86,0
2026-07-30 17:45:00,195.93,196.0,195.87,195.87,0
2026-07-30 17:46:00,195.85,195.9,195.8,195.87,0
2026-07-30 17:47:00,195.86,195.96,195.8574,195.91,0
2026-07-30 17:48:00,195.913,196.12,195.913,196.0858,0
2026-07-30 17:49:00,196.0858,196.1,196.0,196.0987,0
2026-07-30 17:50:00,196.07,196.12,196.03,196.08,0
2026-07-30 17:51:00,196.08,196.12,196.0,196.05,0
2026-07-30 17:52:00,196.05,196.1,195.92,195.98,0
2026-07-30 17:53:00,195.98,196.0,195.68,195.72,0
2026-07-30 17:54:00,195.75,196.0,195.7,195.8462,0
2026-07-30 17:55:00,195.74,195.95,195.7,195.729,0
2026-07-30 17:56:00,195.77,195.77,195.6,195.6334,0
2026-07-30 17:57:00,195.7,195.7,195.4,195.48,0
2026-07-30 17:58:00,195.5,195.57,195.4004,195.4949,0
2026-07-30 17:59:00,195.5,195.5,195.44,195.48,0
2026-07-30 18:00:00,195.48,195.4988,195.23,195.35,0
2026-07-30 18:01:00,195.3409,195.8,195.27,195.7614,0
2026-07-30 18:02:00,195.6032,195.98,195.6032,195.9,0
2026-07-30 18:03:00,195.8,195.94,195.6701,195.88,0
2026-07-30 18:04:00,195.88,195.88,195.67,195.81,0
2026-07-30 18:05:00,195.85,195.85,195.67,195.7487,0
2026-07-30 18:06:00,195.75,195.83,195.52,195.67,0
2026-07-30 18:07:00,195.67,195.75,195.5,195.72,0
2026-07-30 18:08:00,195.75,195.88,195.6,195.88,0
2026-07-30 18:09:00,195.81,195.88,195.65,195.88,0
2026-07-30 18:10:00,195.8556,195.99,195.85,195.9296,0
2026-07-30 18:11:00,195.9224,195.99,195.91,195.99,0
2026-07-30 18:12:00,195.9576,195.98,195.85,195.9096,0
2026-07-30 18:13:00,195.91,195.92,195.84,195.85,0
2026-07-30 18:14:00,195.89,195.91,195.71,195.9099,0
2026-07-30 18:15:00,195.71,195.92,195.71,195.9,0
2026-07-30 18:16:00,195.93,196.23,195.91,196.18,0
2026-07-30 18:17:00,196.1739,196.23,196.0187,196.22,0
2026-07-30 18:18:00,196.2223,196.23,196.0,196.05,0
2026-07-30 18:19:00,196.0957,196.2,196.05,196.1,0
2026-07-30 18:20:00,196.15,196.18,196.0,196.0637,0
2026-07-30 18:21:00,196.05,196.1,195.84,195.91,0
2026-07-30 18:22:00,195.92,196.0,195.84,195.9157,0
2026-07-30 18:23:00,195.9,196.0,195.84,195.88,0
2026-07-30 18:24:00,195.9161,195.93,195.8292,195.8311,0
2026-07-30 18:25:00,195.84,195.93,195.84,195.852,0
2026-07-30 18:26:00,195.87,195.93,195.71,195.79,0
2026-07-30 18:27:00,195.66,195.8462,195.65,195.78,0
2026-07-30 18:28:00,195.7,195.8388,195.65,195.75,0
2026-07-30 18:29:00,195.75,195.84,195.65,195.77,0
2026-07-30 18:30:00,195.72,195.81,195.62,195.65,0
2026-07-30 18:31:00,195.64,195.6697,195.53,195.6,0
2026-07-30 18:32:00,195.6,195.7607,195.5,195.7607,0
2026-07-30 18:33:00,195.7976,195.84,195.75,195.84,0
2026-07-30 18:34:00,195.84,195.9,195.75,195.75,0
2026-07-30 18:35:00,195.8497,195.88,195.75,195.8482,0
2026-07-30 18:36:00,195.8482,195.93,195.7525,195.9,0
2026-07-30 18:37:00,195.88,195.9,195.8,195.88,0
2026-07-30 18:38:00,195.8975,195.9,195.8,195.88,0
2026-07-30 18:39:00,195.89,195.9,195.82,195.88,0
2026-07-30 18:40:00,195.88,195.9,195.85,195.852,0
2026-07-30 18:41:00,195.88,195.93,195.85,195.9,0
2026-07-30 18:42:00,195.85,195.93,195.85,195.93,0
2026-07-30 18:43:00,195.9046,195.93,195.78,195.8,0
2026-07-30 18:44:00,195.78,195.95,195.78,195.95,0
2026-07-30 18:45:00,195.97,196.18,195.86,195.86,0
2026-07-30 18:46:00,196.15,196.15,195.9542,196.0507,0
2026-07-30 18:47:00,196.117,196.12,196.0,196.0307,0
2026-07-30 18:48:00,196.0307,196.1172,196.0112,196.0824,0
2026-07-30 18:49:00,196.06,196.11,196.01,196.0716,0
2026-07-30 18:50:00,196.06,196.11,196.01,196.08,0
2026-07-30 18:51:00,196.0635,196.08,195.97,195.98,0
2026-07-30 18:52:00,195.9478,196.05,195.86,196.0,0
2026-07-30 18:53:00,196.03,196.05,196.0,196.0403,0
2026-07-30 18:54:00,196.02,196.05,196.02,196.04,0
2026-07-30 18:55:00,196.04,196.05,196.0,196.04,0
2026-07-30 18:56:00,196.03,196.12,196.03,196.0868,0
2026-07-30 18:57:00,196.12,196.12,196.0,196.01,0
2026-07-30 18:58:00,196.05,196.078,195.9,196.0,0
2026-07-30 18:59:00,195.98,196.1195,195.9,196.01,0
2026-07-30 19:00:00,196.07,196.08,196.0231,196.0504,0
2026-07-30 19:01:00,196.08,196.249,196.07,196.21,0
2026-07-30 19:02:00,196.21,196.3,196.21,196.28,0
2026-07-30 19:03:00,196.29,196.3,196.2607,196.2848,0
2026-07-30 19:04:00,196.2999,196.39,196.28,196.3492,0
2026-07-30 19:05:00,196.35,196.35,196.2,196.32,0
2026-07-30 19:06:00,196.32,196.32,196.18,196.22,0
2026-07-30 19:07:00,196.2423,196.26,196.2,196.2001,0
2026-07-30 19:08:00,196.2,196.26,196.15,196.2,0
2026-07-30 19:09:00,196.17,196.23,196.01,196.0991,0
2026-07-30 19:10:00,196.1003,196.237,196.1,196.237,0
2026-07-30 19:11:00,196.2,196.2399,196.0821,196.0821,0
2026-07-30 19:12:00,196.08,196.16,196.02,196.11,0
2026-07-30 19:13:00,196.1,196.2,196.1,196.1213,0
2026-07-30 19:14:00,196.1403,196.2,196.1324,196.2,0
2026-07-30 19:15:00,196.19,196.2,196.17,196.1967,0
2026-07-30 19:16:00,196.1942,196.1942,196.02,196.1,0
2026-07-30 19:17:00,196.1,196.2,196.05,196.17,0
2026-07-30 19:18:00,196.17,196.1965,196.06,196.0615,0
2026-07-30 19:19:00,196.0693,196.19,196.06,196.19,0
2026-07-30 19:20:00,196.12,196.199,196.12,196.1632,0
2026-07-30 19:21:00,196.1781,196.2,196.07,196.1297,0
2026-07-30 19:22:00,196.06,196.18,196.05,196.07,0
2026-07-30 19:23:00,196.088,196.2,196.06,196.17,0
2026-07-30 19:24:00,196.13,196.2,196.11,196.1699,0
2026-07-30 19:25:00,196.1531,196.3,196.1505,196.2684,0
2026-07-30 19:26:00,196.3,196.3,196.1727,196.2264,0
2026-07-30 19:27:00,196.2002,196.25,196.18,196.18,0
2026-07-30 19:28:00,196.25,196.25,196.17,196.1712,0
2026-07-30 19:29:00,196.17,196.25,196.17,196.2001,0
2026-07-30 19:30:00,196.2228,196.24,196.2,196.2338,0
2026-07-30 19:31:00,196.24,196.3,196.2324,196.28,0
2026-07-30 19:32:00,196.28,196.29,196.1,196.2585,0
2026-07-30 19:33:00,196.25,196.26,196.1155,196.2,0
2026-07-30 19:34:00,196.1232,196.25,196.12,196.25,0
2026-07-30 19:35:00,196.26,196.4,196.25,196.32,0
2026-07-30 19:36:00,196.261,196.39,196.261,196.3361,0
2026-07-30 19:37:00,196.3477,196.35,196.2,196.29,0
2026-07-30 19:38:00,196.25,196.34,196.25,196.3292,0
2026-07-30 19:39:00,196.32,196.3891,196.2783,196.37,0
2026-07-30 19:40:00,196.36,196.39,196.34,196.36,0
2026-07-30 19:41:00,196.36,196.449,196.34,196.4171,0
2026-07-30 19:42:00,196.4,196.48,196.4,196.44,0
2026-07-30 19:43:00,196.4415,196.5,196.4415,196.47,0
2026-07-30 19:44:00,196.48,196.49,196.4607,196.48,0
2026-07-30 19:45:00,196.49,196.55,196.46,196.54,0
2026-07-30 19:46:00,196.54,196.58,196.5,196.5797,0
2026-07-30 19:47:00,196.5797,196.65,196.5702,196.619,0
2026-07-30 19:48:00,196.62,196.62,196.5701,196.58,0
2026-07-30 19:49:00,196.6,196.6,196.55,196.6,0
2026-07-30 19:50:00,196.5987,196.6,196.4,196.448,0
2026-07-30 19:51:00,196.37,196.5244,196.37,196.5,0
2026-07-30 19:52:00,196.55,196.6,196.48,196.58,0
2026-07-30 19:53:00,196.59,196.66,196.53,196.6093,0
2026-07-30 19:54:00,196.6107,196.66,196.6,196.6428,0
2026-07-30 19:55:00,196.6428,196.75,196.64,196.71,0
2026-07-30 19:56:00,196.71,196.84,196.68,196.82,0
2026-07-30 19:57:00,196.82,196.85,196.75,196.8,0
2026-07-30 19:58:00,196.75,196.85,196.75,196.8383,0
2026-07-30 19:59:00,196.8383,196.85,196.8,196.839,0
2026-07-31 04:00:00,198.4897,198.79,195.04,198.2343,0
2026-07-31 04:01:00,198.16,198.8,197.06,198.0725,0
2026-07-31 04:02:00,198.0725,198.65,197.14,198.1175,0
2026-07-31 04:03:00,198.0225,198.21,197.9141,197.9572,0
2026-07-31 04:04:00,197.975,198.2,197.9,198.16,0
2026-07-31 04:05:00,198.02,198.69,198.0,198.25,0
2026-07-31 04:06:00,198.2381,198.7,198.15,198.35,0
2026-07-31 04:07:00,198.58,198.58,197.06,197.89,0
2026-07-31 04:08:00,197.55,198.72,197.05,198.21,0
2026-07-31 04:09:00,198.1988,198.34,198.1,198.106,0
2026-07-31 04:10:00,198.18,198.29,197.89,197.99,0
2026-07-31 04:11:00,198.0955,198.29,197.99,198.28,0
2026-07-31 04:12:00,198.29,198.44,198.21,198.38,0
2026-07-31 04:13:00,198.38,198.4975,198.3619,198.4975,0
2026-07-31 04:14:00,198.45,198.4988,198.3912,198.4976,0
2026-07-31 04:15:00,198.46,198.6,198.44,198.4925,0
2026-07-31 04:16:00,198.49,198.58,198.49,198.49,0
2026-07-31 04:17:00,198.59,198.59,198.4952,198.505,0
2026-07-31 04:18:00,198.5113,198.605,198.46,198.46,0
2026-07-31 04:19:00,198.48,198.7,198.4512,198.7,0
2026-07-31 04:20:00,198.67,198.7,198.6,198.6888,0
2026-07-31 04:21:00,198.63,198.65,198.54,198.65,0
2026-07-31 04:22:00,198.6026,198.6988,198.6,198.6601,0
2026-07-31 04:23:00,198.6615,198.6615,198.54,198.54,0
2026-07-31 04:24:00,198.617,198.65,198.51,198.6277,0
2026-07-31 04:25:00,198.6,198.66,198.5312,198.62,0
2026-07-31 04:26:00,198.6604,198.67,198.6,198.6,0
2026-07-31 04:27:00,198.63,198.68,198.5657,198.67,0
2026-07-31 04:28:00,198.6688,198.67,198.6,198.67,0
2026-07-31 04:29:00,198.69,198.7677,198.65,198.7,0
2026-07-31 04:30:00,198.68,198.7,198.5025,198.65,0
2026-07-31 04:31:00,198.64,198.7,198.52,198.699,0
2026-07-31 04:32:00,198.68,198.77,198.66,198.66,0
2026-07-31 04:33:00,198.65,198.71,198.5247,198.66,0
2026-07-31 04:34:00,198.62,198.7088,198.5195,198.55,0
2026-07-31 04:35:00,198.6,198.64,198.5,198.59,0
2026-07-31 04:36:00,198.5,198.6,198.5,198.5988,0
2026-07-31 04:37:00,198.5796,198.5955,198.46,198.5267,0
2026-07-31 04:38:00,198.52,198.53,198.3,198.3497,0
2026-07-31 04:39:00,198.4,198.44,198.3127,198.38,0
2026-07-31 04:40:00,198.31,198.54,198.3,198.32,0
2026-07-31 04:41:00,198.45,198.5425,198.2563,198.32,0
2026-07-31 04:42:00,198.35,198.38,198.25,198.3,0
2026-07-31 04:43:00,198.3,198.39,198.3,198.3878,0
2026-07-31 04:44:00,198.38,198.48,198.3,198.33,0
2026-07-31 04:45:00,198.38,198.55,198.26,198.35,0
2026-07-31 04:46:00,198.35,198.4945,198.3055,198.42,0
2026-07-31 04:47:00,198.35,198.5,198.35,198.4977,0
2026-07-31 04:48:00,198.422,198.5,198.422,198.49,0
2026-07-31 04:49:00,198.498,198.5,198.422,198.465,0
2026-07-31 04:50:00,198.49,198.55,198.46,198.5,0
2026-07-31 04:51:00,198.5411,198.5988,198.4673,198.5729,0
2026-07-31 04:52:00,198.5729,198.6,198.42,198.468,0
2026-07-31 04:53:00,198.46,198.6,198.42,198.52,0
2026-07-31 04:54:00,198.52,198.52,198.3112,198.3574,0
2026-07-31 04:55:00,198.36,198.45,198.34,198.44,0
2026-07-31 04:56:00,198.5488,198.5488,198.4,198.44,0
2026-07-31 04:57:00,198.49,198.55,198.4215,198.505,0
2026-07-31 04:58:00,198.4622,198.5488,198.4025,198.5,0
2026-07-31 04:59:00,198.44,198.5,198.44,198.46,0
2026-07-31 05:00:00,198.42,198.596,198.4048,198.59,0
2026-07-31 05:01:00,198.5901,198.5988,198.48,198.5025,0
2026-07-31 05:02:00,198.5988,198.5988,198.5,198.58,0
2026-07-31 05:03:00,198.58,198.58,198.4112,198.55,0
2026-07-31 05:04:00,198.57,198.59,198.48,198.5027,0
2026-07-31 05:05:00,198.551,198.6,198.43,198.47,0
2026-07-31 05:06:00,198.47,198.61,198.36,198.47,0
2026-07-31 05:07:00,198.45,198.54,198.3312,198.5,0
2026-07-31 05:08:00,198.47,198.6088,198.4103,198.6,0
2026-07-31 05:09:00,198.51,198.6,198.405,198.6,0
2026-07-31 05:10:00,198.56,198.68,198.55,198.65,0
2026-07-31 05:11:00,198.6069,198.64,198.6,198.6364,0
2026-07-31 05:12:00,198.63,198.64,198.6,198.6331,0
2026-07-31 05:13:00,198.63,198.6397,198.55,198.55,0
2026-07-31 05:14:00,198.51,198.5911,198.43,198.4399,0
2026-07-31 05:15:00,198.4399,198.6288,198.436,198.5838,0
2026-07-31 05:16:00,198.52,198.58,198.4,198.4,0
2026-07-31 05:17:00,198.46,198.47,198.39,198.45,0
2026-07-31 05:18:00,198.4,198.4488,198.37,198.4448,0
2026-07-31 05:19:00,198.4012,198.4988,198.35,198.35,0
2026-07-31 05:20:00,198.34,198.46,198.32,198.37,0
2026-07-31 05:21:00,198.37,198.3975,198.28,198.35,0
2026-07-31 05:22:00,198.3405,198.35,198.26,198.299,0
2026-07-31 05:23:00,198.28,198.3,198.24,198.2571,0
2026-07-31 05:24:00,198.29,198.3,198.26,198.2987,0
2026-07-31 05:25:00,198.3,198.3025,198.21,198.3025,0
2026-07-31 05:26:00,198.35,198.3975,198.3,198.3162,0
2026-07-31 05:27:00,198.3967,198.4,198.22,198.3,0
2026-07-31 05:28:00,198.3,198.3555,198.16,198.166,0
2026-07-31 05:29:00,198.21,198.4,198.05,198.0977,0
2026-07-31 05:30:00,198.11,198.3997,198.09,198.18,0
2026-07-31 05:31:00,198.18,198.2,198.15,198.2,0
2026-07-31 05:32:00,198.2865,198.35,198.0732,198.1932,0
2026-07-31 05:33:00,198.1967,198.2,198.09,198.1851,0
2026-07-31 05:34:00,198.09,198.18,198.03,198.12,0
2026-07-31 05:35:00,198.12,198.2,198.02,198.078,0
2026-07-31 05:36:00,198.07,198.1,197.91,198.08,0
2026-07-31 05:37:00,197.95,198.088,197.914,197.918,0
2026-07-31 05:38:00,197.98,198.04,197.8,197.8975,0
2026-07-31 05:39:00,197.82,198.2,197.8,197.91,0
2026-07-31 05:40:00,197.97,198.0,197.89,197.92,0
2026-07-31 05:41:00,197.97,198.05,197.92,197.9479,0
2026-07-31 05:42:00,197.94,198.07,197.9212,197.98,0
2026-07-31 05:43:00,197.96,197.98,197.9,197.9678,0
2026-07-31 05:44:00,197.902,197.94,197.9,197.91,0
2026-07-31 05:45:00,197.9,198.0,197.8885,197.9985,0
2026-07-31 05:46:00,197.9915,198.0,197.9415,198.0,0
2026-07-31 05:47:00,197.99,198.0,197.8885,197.92,0
2026-07-31 05:48:00,197.92,197.94,197.84,197.9385,0
2026-07-31 05:49:00,197.88,197.9915,197.87,197.99,0
2026-07-31 05:50:00,197.98,198.0,197.89,197.9972,0
2026-07-31 05:51:00,198.0,198.0788,197.86,197.86,0
2026-07-31 05:52:00,197.9903,198.005,197.8635,197.98,0
2026-07-31 05:53:00,197.97,198.0,197.85,197.8526,0
2026-07-31 05:54:00,197.9,198.0006,197.8003,197.8667,0
2026-07-31 05:55:00,197.85,197.9475,197.85,197.94,0
2026-07-31 05:56:00,197.9,197.94,197.7512,197.7562,0
2026-07-31 05:57:00,197.84,197.9255,197.74,197.8,0
2026-07-31 05:58:00,197.8,197.8288,197.74,197.8,0
2026-07-31 05:59:00,197.8,197.9488,197.7422,197.82,0
2026-07-31 06:00:00,197.8,197.8,197.65,197.6562,0
2026-07-31 06:01:00,197.83,197.8388,197.7522,197.83,0
2026-07-31 06:02:00,197.83,197.914,197.75,197.77,0
2026-07-31 06:03:00,197.71,197.77,197.69,197.76,0
2026-07-31 06:04:00,197.7572,197.76,197.6527,197.76,0
2026-07-31 06:05:00,197.74,197.7572,197.6527,197.693,0
2026-07-31 06:06:00,197.693,197.7588,197.66,197.73,0
2026-07-31 06:07:00,197.72,197.85,197.69,197.85,0
2026-07-31 06:08:00,197.81,197.88,197.74,197.85,0
2026-07-31 06:09:00,197.7532,197.8772,197.75,197.8,0
2026-07-31 06:10:00,197.88,197.88,197.81,197.85,0
2026-07-31 06:11:00,197.87,197.94,197.83,197.91,0
2026-07-31 06:12:00,197.9,198.1261,197.9,198.1261,0
2026-07-31 06:13:00,197.98,198.15,197.98,198.06,0
2026-07-31 06:14:00,198.1,198.1962,198.05,198.1,0
2026-07-31 06:15:00,198.09,198.1852,198.02,198.06,0
2026-07-31 06:16:00,198.06,198.09,197.97,198.0487,0
2026-07-31 06:17:00,198.0,198.05,198.0,198.05,0
2026-07-31 06:18:00,198.05,198.1988,198.01,198.07,0
2026-07-31 06:19:00,198.0788,198.1488,198.03,198.1488,0
2026-07-31 06:20:00,198.13,198.15,198.1045,198.14,0
2026-07-31 06:21:00,198.14,198.15,198.08,198.1,0
2026-07-31 06:22:00,198.0871,198.1,198.04,198.0682,0
2026-07-31 06:23:00,198.0678,198.08,198.0,198.0399,0
2026-07-31 06:24:00,198.078,198.078,197.88,197.94,0
2026-07-31 06:25:00,197.95,198.0167,197.9,198.0167,0
2026-07-31 06:26:00,197.9254,198.0,197.88,197.97,0
2026-07-31 06:27:00,197.99,198.0,197.883,197.883,0
2026-07-31 06:28:00,197.95,198.0788,197.95,198.01,0
2026-07-31 06:29:00,198.05,198.08,198.0215,198.0215,0
2026-07-31 06:30:00,198.02,198.07,198.02,198.07,0
2026-07-31 06:31:00,198.08,198.08,198.0285,198.0285,0
2026-07-31 06:32:00,198.05,198.1,198.0285,198.0317,0
2026-07-31 06:33:00,198.06,198.1,198.03,198.06,0
2026-07-31 06:34:00,198.0958,198.1,198.0,198.0,0
2026-07-31 06:35:00,198.0,198.0975,197.78,197.88,0
2026-07-31 06:36:00,197.88,197.95,197.88,197.89,0
2026-07-31 06:37:00,197.9231,197.93,197.7822,197.87,0
2026-07-31 06:38:00,197.8342,197.9088,197.8096,197.825,0
2026-07-31 06:39:00,197.9,197.9188,197.78,197.78,0
2026-07-31 06:40:00,197.86,197.86,197.75,197.8133,0
2026-07-31 06:41:00,197.8272,197.9762,197.79,197.93,0
2026-07-31 06:42:00,197.89,197.9875,197.8037,197.95,0
2026-07-31 06:43:00,197.91,197.968,197.8917,197.91,0
2026-07-31 06:44:00,197.91,197.97,197.91,197.94,0
2026-07-31 06:45:00,197.863,197.98,197.86,197.94,0
2026-07-31 06:46:00,197.8663,197.97,197.84,197.9,0
2026-07-31 06:47:00,197.88,197.92,197.88,197.88,0
2026-07-31 06:48:00,197.9,197.96,197.85,197.85,0
2026-07-31 06:49:00,197.8096,197.85,197.65,197.7295,0
2026-07-31 06:50:00,197.6975,197.923,197.6522,197.696,0
2026-07-31 06:51:00,197.9288,197.93,197.72,197.93,0
2026-07-31 06:52:00,197.84,197.92,197.8,197.8811,0
2026-07-31 06:53:00,197.87,197.89,197.75,197.86,0
2026-07-31 06:54:00,197.86,197.9188,197.725,197.9001,0
2026-07-31 06:55:00,197.92,197.92,197.5,197.77,0
2026-07-31 06:56:00,197.77,197.77,197.65,197.75,0
2026-07-31 06:57:00,197.76,197.8171,197.5,197.66,0
2026-07-31 06:58:00,197.7,197.77,197.6003,197.74,0
2026-07-31 06:59:00,197.74,197.77,197.65,197.65,0
2026-07-31 07:00:00,197.745,198.1,197.68,197.9471,0
2026-07-31 07:01:00,197.96,198.15,197.91,198.12,0
2026-07-31 07:02:00,198.15,198.18,198.07,198.16,0
2026-07-31 07:03:00,198.14,198.18,198.08,198.1491,0
2026-07-31 07:04:00,198.18,198.18,198.07,198.0911,0
2026-07-31 07:05:00,198.16,198.18,198.09,198.14,0
2026-07-31 07:06:00,198.1077,198.18,198.1,198.17,0
2026-07-31 07:07:00,198.1623,198.18,197.91,198.05,0
2026-07-31 07:08:00,198.05,198.15,198.0001,198.0531,0
2026-07-31 07:09:00,198.0285,198.08,197.92,197.99,0
2026-07-31 07:10:00,197.9299,197.99,197.776,197.776,0
2026-07-31 07:11:00,197.774,197.82,197.7,197.7085,0
2026-07-31 07:12:00,197.75,197.77,197.64,197.7499,0
2026-07-31 07:13:00,197.7387,197.75,197.65,197.65,0
2026-07-31 07:14:00,197.73,197.84,197.66,197.8188,0
2026-07-31 07:15:00,197.82,197.84,197.67,197.6938,0
2026-07-31 07:16:00,197.6938,197.7306,197.56,197.685,0
2026-07-31 07:17:00,197.7,197.7425,197.6,197.6499,0
2026-07-31 07:18:00,197.679,197.68,197.38,197.4276,0
2026-07-31 07:19:00,197.4399,197.4399,197.32,197.39,0
2026-07-31 07:20:00,197.3626,197.45,197.32,197.4073,0
2026-07-31 07:21:00,197.37,197.4617,197.34,197.46,0
2026-07-31 07:22:00,197.44,197.65,197.35,197.6455,0
2026-07-31 07:23:00,197.49,197.65,197.4,197.4938,0
2026-07-31 07:24:00,197.535,197.5765,197.41,197.4437,0
2026-07-31 07:25:00,197.5,197.55,197.42,197.49,0
2026-07-31 07:26:00,197.42,197.54,197.42,197.52,0
2026-07-31 07:27:00,197.5,197.5975,197.4885,197.5802,0
2026-07-31 07:28:00,197.6,197.65,197.4812,197.49,0
2026-07-31 07:29:00,197.5229,197.55,197.2,197.25,0
2026-07-31 07:30:00,197.32,197.32,197.22,197.3,0
2026-07-31 07:31:00,197.3,197.42,197.25,197.28,0
2026-07-31 07:32:00,197.3965,197.5,197.25,197.4752,0
2026-07-31 07:33:00,197.48,197.5,197.2,197.3645,0
2026-07-31 07:34:00,197.3695,197.4,197.33,197.35,0
2026-07-31 07:35:00,197.35,197.4484,197.3025,197.4252,0
2026-07-31 07:36:00,197.4246,197.45,197.3502,197.37,0
2026-07-31 07:37:00,197.33,197.4172,197.2585,197.299,0
2026-07-31 07:38:00,197.2993,197.3577,197.2,197.23,0
2026-07-31 07:39:00,197.3,197.405,197.2,197.2636,0
2026-07-31 07:40:00,197.26,197.3,197.2,197.29,0
2026-07-31 07:41:00,197.2988,197.43,197.2,197.3,0
2026-07-31 07:42:00,197.41,197.43,197.3,197.3729,0
2026-07-31 07:43:00,197.38,197.38,197.24,197.35,0
2026-07-31 07:44:00,197.35,197.35,197.2,197.262,0
2026-07-31 07:45:00,197.31,197.44,197.25,197.41,0
2026-07-31 07:46:00,197.4,197.49,197.3,197.36,0
2026-07-31 07:47:00,197.36,197.48,197.35,197.393,0
2026-07-31 07:48:00,197.3923,197.8,197.3639,197.68,0
2026-07-31 07:49:00,197.66,197.72,197.4749,197.564,0
2026-07-31 07:50:00,197.5678,197.58,197.5,197.5748,0
2026-07-31 07:51:00,197.5748,197.6,197.46,197.54,0
2026-07-31 07:52:00,197.5012,197.69,197.5012,197.69,0
2026-07-31 07:53:00,197.61,197.69,197.52,197.6799,0
2026-07-31 07:54:00,197.67,197.67,197.55,197.63,0
2026-07-31 07:55:00,197.5935,197.6,197.5006,197.5292,0
2026-07-31 07:56:00,197.5,197.53,197.44,197.53,0
2026-07-31 07:57:00,197.53,197.56,197.43,197.4577,0
2026-07-31 07:58:00,197.53,197.66,197.46,197.51,0
2026-07-31 07:59:00,197.55,197.66,197.51,197.5332,0
2026-07-31 08:00:00,197.64,197.66,197.36,197.4007,0
2026-07-31 08:01:00,197.4012,197.5,197.24,197.3,0
2026-07-31 08:02:00,197.3071,197.45,197.3,197.43,0
2026-07-31 08:03:00,197.38,197.43,195.04,197.3,0
2026-07-31 08:04:00,197.2801,197.31,197.24,197.3049,0
2026-07-31 08:05:00,197.37,197.4,197.2,197.2,0
2026-07-31 08:06:00,197.2,197.25,197.0697,197.1733,0
2026-07-31 08:07:00,197.25,197.25,197.06,197.25,0
2026-07-31 08:08:00,197.162,197.35,197.162,197.19,0
2026-07-31 08:09:00,197.2101,197.2392,197.09,197.12,0
2026-07-31 08:10:00,197.0915,197.1885,196.95,196.95,0
2026-07-31 08:11:00,197.0,197.0999,196.88,196.9,0
2026-07-31 08:12:00,196.9814,196.997,196.88,196.9784,0
2026-07-31 08:13:00,196.9784,196.9799,196.88,196.8985,0
2026-07-31 08:14:00,196.9253,196.96,196.86,196.8617,0
2026-07-31 08:15:00,196.8929,196.9087,196.82,196.82,0
2026-07-31 08:16:00,196.86,196.86,196.7,196.7485,0
2026-07-31 08:17:00,196.71,196.865,196.7,196.7658,0
2026-07-31 08:18:00,196.71,196.7932,196.7,196.71,0
2026-07-31 08:19:00,196.71,196.83,196.3,196.5141,0
2026-07-31 08:20:00,196.5291,196.71,196.4286,196.45,0
2026-07-31 08:21:00,196.57,196.99,196.57,196.81,0
2026-07-31 08:22:00,196.73,196.87,196.6145,196.73,0
2026-07-31 08:23:00,196.7855,196.7927,196.5027,196.71,0
2026-07-31 08:24:00,196.7451,196.9,196.74,196.9,0
2026-07-31 08:25:00,196.8926,197.0,196.85,196.9338,0
2026-07-31 08:26:00,196.9338,196.99,196.8639,196.99,0
2026-07-31 08:27:00,196.9887,196.99,196.94,196.95,0
2026-07-31 08:28:00,196.94,197.03,196.935,196.97,0
2026-07-31 08:29:00,196.97,197.01,196.9405,196.99,0
2026-07-31 08:30:00,196.9888,197.03,196.85,196.9969,0
2026-07-31 08:31:00,197.0,197.1,196.885,196.94,0
2026-07-31 08:32:00,196.97,197.08,196.92,196.94,0
2026-07-31 08:33:00,196.9424,196.9911,196.66,196.7168,0
2026-07-31 08:34:00,196.6673,196.8,196.6673,196.78,0
2026-07-31 08:35:00,196.7853,196.99,196.68,196.9,0
2026-07-31 08:36:00,196.9801,196.9801,196.7,196.88,0
2026-07-31 08:37:00,196.8306,196.88,196.77,196.8769,0
2026-07-31 08:38:00,196.88,196.9272,196.73,196.8855,0
2026-07-31 08:39:00,196.88,196.93,196.7,196.719,0
2026-07-31 08:40:00,196.7124,196.7429,196.66,196.68,0
2026-07-31 08:41:00,196.699,196.8708,196.6,196.8569,0
2026-07-31 08:42:00,196.95,196.95,196.52,196.52,0
2026-07-31 08:43:00,196.64,196.8,196.6,196.8,0
2026-07-31 08:44:00,196.7239,196.8,196.6,196.6279,0
2026-07-31 08:45:00,196.7272,196.7767,196.48,196.68,0
2026-07-31 08:46:00,196.56,196.7,196.4,196.58,0
2026-07-31 08:47:00,196.5999,196.67,196.452,196.67,0
2026-07-31 08:48:00,196.6657,196.6657,196.5,196.52,0
2026-07-31 08:49:00,196.55,196.67,196.51,196.6015,0
2026-07-31 08:50:00,196.65,196.67,196.5519,196.6592,0
2026-07-31 08:51:00,196.645,196.94,196.6122,196.9,0
2026-07-31 08:52:00,196.94,197.0,196.81,196.9502,0
2026-07-31 08:53:00,196.97,197.0,196.82,196.89,0
2026-07-31 08:54:00,196.98,196.98,196.8093,196.8712,0
2026-07-31 08:55:00,196.8707,197.0,196.8,196.892,0
2026-07-31 08:56:00,196.93,196.93,196.83,196.9288,0
2026-07-31 08:57:00,196.9,196.93,196.77,196.77,0
2026-07-31 08:58:00,196.8038,196.8276,196.73,196.7815,0
2026-07-31 08:59:00,196.7571,196.9,196.75,196.882,0
2026-07-31 09:00:00,196.8699,196.891,196.75,196.8382,0
2026-07-31 09:01:00,196.8353,196.8948,196.7327,196.846,0
2026-07-31 09:02:00,196.7888,197.08,196.7888,197.0,0
2026-07-31 09:03:00,197.0411,197.13,197.0,197.1002,0
2026-07-31 09:04:00,197.13,197.14,197.1,197.1,0
2026-07-31 09:05:00,197.1046,197.26,197.05,197.2426,0
2026-07-31 09:06:00,197.22,197.26,197.0813,197.1429,0
2026-07-31 09:07:00,197.1,197.1488,197.05,197.1,0
2026-07-31 09:08:00,197.1,197.2443,197.0669,197.1985,0
2026-07-31 09:09:00,197.1915,197.3,197.16,197.29,0
2026-07-31 09:10:00,197.29,197.45,197.25,197.44,0
2026-07-31 09:11:00,197.4077,197.4578,197.35,197.4248,0
2026-07-31 09:12:00,197.4,197.5,197.34,197.5,0
2026-07-31 09:13:00,197.4006,197.49,197.15,197.3861,0
2026-07-31 09:14:00,197.3162,197.4,197.25,197.31,0
2026-07-31 09:15:00,197.35,197.4,197.2,197.2,0
2026-07-31 09:16:00,197.27,197.4888,197.2502,197.4385,0
2026-07-31 09:17:00,197.4306,197.5,197.4185,197.44,0
2026-07-31 09:18:00,197.479,197.54,197.3427,197.48,0
2026-07-31 09:19:00,197.4869,197.58,197.4431,197.58,0
2026-07-31 09:20:00,197.555,197.57,197.35,197.4331,0
2026-07-31 09:21:00,197.44,197.472,197.3547,197.4,0
2026-07-31 09:22:00,197.4338,197.5,197.34,197.48,0
2026-07-31 09:23:00,197.5,197.64,197.46,197.5669,0
2026-07-31 09:24:00,197.51,197.64,197.464,197.59,0
2026-07-31 09:25:00,197.66,198.19,197.66,198.145,0
2026-07-31 09:26:00,198.12,198.17,197.88,197.95,0
2026-07-31 09:27:00,197.99,198.2,197.89,198.2,0
2026-07-31 09:28:00,198.0,198.68,198.0,198.4824,0
2026-07-31 09:29:00,198.4899,198.68,198.15,198.57,0
2026-07-31 09:30:00,198.4405,198.638,197.11,197.64,5711970
2026-07-31 09:31:00,197.63,197.88,197.17,197.65,545087
2026-07-31 09:32:00,197.645,198.2927,197.24,198.25,650108
2026-07-31 09:33:00,198.23,198.95,198.19,198.655,734127
2026-07-31 09:34:00,198.62,199.71,198.2501,199.565,886961
2026-07-31 09:35:00,199.54,200.09,199.46,199.8265,1511887
2026-07-31 09:36:00,199.825,199.92,199.55,199.735,595709
2026-07-31 09:37:00,199.65,199.67,198.93,198.96,545983
2026-07-31 09:38:00,198.945,199.2074,198.49,198.65,501503
2026-07-31 09:39:00,198.66,198.9425,198.5,198.58,516510
2026-07-31 09:40:00,198.5843,199.57,198.45,199.5005,549352
2026-07-31 09:41:00,199.5,199.59,198.62,198.746,705265
2026-07-31 09:42:00,198.76,198.76,198.08,198.16,597626
2026-07-31 09:43:00,198.13,198.44,197.45,197.78,614891
2026-07-31 09:44:00,197.7304,198.01,197.41,197.5151,446109
2026-07-31 09:45:00,197.52,198.37,197.42,198.365,499893
2026-07-31 09:46:00,198.37,198.5026,197.75,197.8899,307633
2026-07-31 09:47:00,197.88,197.91,197.4,197.53,370687
2026-07-31 09:48:00,197.53,197.63,196.9382,197.38,509197
2026-07-31 09:49:00,197.38,197.8,197.07,197.6781,339624
2026-07-31 09:50:00,197.67,198.29,197.46,197.85,371586
2026-07-31 09:51:00,197.8601,198.22,197.72,198.11,272296
2026-07-31 09:52:00,198.115,198.27,197.58,197.72,316916
2026-07-31 09:53:00,197.77,197.899,197.4155,197.7802,307718
2026-07-31 09:54:00,197.8,197.8301,197.4201,197.81,316953
2026-07-31 09:55:00,197.84,198.0799,197.54,197.94,376503
2026-07-31 09:56:00,197.94,198.2295,197.84,198.189,384044
2026-07-31 09:57:00,198.16,198.3191,197.95,197.985,294463
2026-07-31 09:58:00,197.975,198.03,197.55,197.65,209609
2026-07-31 09:59:00,197.655,197.8299,197.6,197.69,182006
2026-07-31 10:00:00,197.67,197.9,197.4,197.645,377328
2026-07-31 10:01:00,197.64,197.73,197.1501,197.22,400060
2026-07-31 10:02:00,197.245,197.355,196.83,197.0525,396794
2026-07-31 10:03:00,197.08,197.2,196.71,196.9,292570
2026-07-31 10:04:00,196.905,196.91,196.18,196.1886,323311
2026-07-31 10:05:00,196.185,196.72,196.05,196.68,370713
2026-07-31 10:06:00,196.66,196.96,196.32,196.35,242873
2026-07-31 10:07:00,196.345,196.46,195.92,196.22,466065
2026-07-31 10:08:00,196.195,196.43,195.7,195.945,346165
2026-07-31 10:09:00,195.945,196.04,195.49,195.71,401380
2026-07-31 10:10:00,195.72,195.885,195.28,195.33,415113
2026-07-31 10:11:00,195.4,195.9,195.23,195.895,327447
2026-07-31 10:12:00,195.915,195.97,195.46,195.55,344101
2026-07-31 10:13:00,195.58,195.59,195.12,195.18,272451
2026-07-31 10:14:00,195.205,195.56,194.95,195.478,492554
2026-07-31 10:15:00,195.465,195.6,195.0501,195.43,323194
2026-07-31 10:16:00,195.425,195.58,195.09,195.48,290988
2026-07-31 10:17:00,195.51,195.97,195.44,195.6951,402319
2026-07-31 10:18:00,195.72,196.32,195.675,196.25,332264
2026-07-31 10:19:00,196.2578,196.45,196.1,196.1,358382
2026-07-31 10:20:00,196.08,196.92,195.86,196.89,372668
2026-07-31 10:21:00,196.89,196.99,196.2701,196.5058,360851
2026-07-31 10:22:00,196.5,197.115,196.465,197.0696,224894
2026-07-31 10:23:00,197.04,197.25,196.86,197.1944,245103
2026-07-31 10:24:00,197.1701,197.1999,196.6,196.8,174813
2026-07-31 10:25:00,196.815,197.04,196.5,196.52,207168
2026-07-31 10:26:00,196.515,196.59,196.0701,196.19,207000
2026-07-31 10:27:00,196.19,196.49,195.91,196.4,267425
2026-07-31 10:28:00,196.41,196.96,196.34,196.925,267914
2026-07-31 10:29:00,196.9499,197.13,196.85,196.995,190633
2026-07-31 10:30:00,197.0,197.23,196.92,197.21,191002
2026-07-31 10:31:00,197.23,197.53,197.2,197.415,271597
2026-07-31 10:32:00,197.43,197.44,196.9,197.17,259330
2026-07-31 10:33:00,197.18,197.31,196.99,196.99,168599
2026-07-31 10:34:00,196.99,197.19,196.7702,197.13,178608
2026-07-31 10:35:00,197.13,197.67,197.095,197.63,206463
2026-07-31 10:36:00,197.6,197.73,197.44,197.71,195582
2026-07-31 10:37:00,197.7323,197.9799,197.671,197.75,208644
2026-07-31 10:38:00,197.74,197.83,197.53,197.53,150103
2026-07-31 10:39:00,197.55,197.815,197.48,197.675,188206
2026-07-31 10:40:00,197.67,198.04,197.58,197.87,266318
2026-07-31 10:41:00,197.88,198.03,197.5101,197.56,206960
2026-07-31 10:42:00,197.5699,197.6268,197.28,197.5214,190545
2026-07-31 10:43:00,197.5577,197.9,197.4682,197.895,167121
2026-07-31 10:44:00,197.89,198.07,197.7401,197.855,196248
2026-07-31 10:45:00,197.88,198.0155,197.7,197.7705,208688
2026-07-31 10:46:00,197.765,198.3599,197.54,198.18,293428
2026-07-31 10:47:00,198.18,198.25,197.86,198.23,218366
2026-07-31 10:48:00,198.24,198.435,198.1001,198.43,251490
2026-07-31 10:49:00,198.426,198.72,198.33,198.626,302759
2026-07-31 10:50:00,198.63,198.87,198.585,198.77,315662
2026-07-31 10:51:00,198.7998,198.87,198.501,198.52,412370
2026-07-31 10:52:00,198.5,198.855,198.36,198.795,523481
2026-07-31 10:53:00,198.79,198.93,198.68,198.7878,350476
2026-07-31 10:54:00,198.805,198.8667,198.22,198.235,295298
2026-07-31 10:55:00,198.235,198.27,197.82,197.8491,392016
2026-07-31 10:56:00,197.835,198.45,197.6,198.3368,532592
2026-07-31 10:57:00,198.3,198.44,198.06,198.12,320648
2026-07-31 10:58:00,198.11,198.28,197.91,198.255,243163
2026-07-31 10:59:00,198.26,198.28,198.05,198.1101,172430
2026-07-31 11:00:00,198.12,198.34,197.84,197.86,261213
2026-07-31 11:01:00,197.87,198.03,197.86,197.87,153501
2026-07-31 11:02:00,197.86,198.165,197.39,197.5501,361393
2026-07-31 11:03:00,197.55,197.62,197.3,197.42,272603
2026-07-31 11:04:00,197.425,197.73,197.39,197.7,150093
2026-07-31 11:05:00,197.7001,197.84,197.5,197.5177,172740
2026-07-31 11:06:00,197.52,197.7,197.44,197.4823,180428
2026-07-31 11:07:00,197.48,197.62,197.39,197.545,143641
2026-07-31 11:08:00,197.53,197.62,197.36,197.405,240909
2026-07-31 11:09:00,197.41,197.5399,197.25,197.5,234120
2026-07-31 11:10:00,197.505,197.58,197.275,197.3,160096
2026-07-31 11:11:00,197.3,197.31,196.8031,196.835,298481
2026-07-31 11:12:00,196.85,197.2,196.62,197.16,340395
2026-07-31 11:13:00,197.175,197.25,196.95,197.1621,130202
2026-07-31 11:14:00,197.1778,197.47,197.09,197.1999,168576
2026-07-31 11:15:00,197.15,197.92,197.14,197.62,261168
2026-07-31 11:16:00,197.59,197.615,196.91,197.005,235027
2026-07-31 11:17:00,197.005,197.04,196.75,196.78,167548
2026-07-31 11:18:00,196.795,196.9,196.58,196.83,244859
2026-07-31 11:19:00,196.83,196.9,196.63,196.6565,160972
2026-07-31 11:20:00,196.61,196.7,196.32,196.41,251436
2026-07-31 11:21:00,196.41,196.55,196.09,196.145,188342
2026-07-31 11:22:00,196.12,196.28,195.96,196.0218,328466
2026-07-31 11:23:00,196.0216,196.16,195.87,196.0962,250191
2026-07-31 11:24:00,196.115,196.115,195.8,195.8331,258548
2026-07-31 11:25:00,195.83,195.9599,195.64,195.715,273445
2026-07-31 11:26:00,195.71,195.7599,195.32,195.46,397139
2026-07-31 11:27:00,195.46,195.65,195.35,195.41,268454
2026-07-31 11:28:00,195.43,195.824,195.36,195.8132,207710
2026-07-31 11:29:00,195.83,195.88,195.4855,195.62,277425
2026-07-31 11:30:00,195.6,195.745,195.52,195.655,194228
2026-07-31 11:31:00,195.6653,195.95,195.64,195.65,234695
2026-07-31 11:32:00,195.63,195.63,195.38,195.58,210395
2026-07-31 11:33:00,195.5819,195.5819,195.365,195.435,155316
2026-07-31 11:34:00,195.43,195.8199,195.2387,195.7979,235908
2026-07-31 11:35:00,195.79,196.07,195.75,195.86,286997
2026-07-31 11:36:00,195.88,196.2,195.8501,195.9599,248459
2026-07-31 11:37:00,195.95,196.34,195.95,196.285,251065
2026-07-31 11:38:00,196.31,196.67,196.26,196.52,261511
2026-07-31 11:39:00,196.5203,196.58,196.44,196.49,142203
2026-07-31 11:40:00,196.495,196.6499,196.42,196.48,154815
2026-07-31 11:41:00,196.48,196.4899,195.9357,195.9945,246958
2026-07-31 11:42:00,195.995,196.04,195.84,195.9399,139615
2026-07-31 11:43:00,195.935,196.1399,195.821,196.13,127645
2026-07-31 11:44:00,196.122,196.24,196.0901,196.1899,127240
2026-07-31 11:45:00,196.19,196.29,196.0,196.065,173917
2026-07-31 11:46:00,196.07,196.1899,195.77,195.85,236647
2026-07-31 11:47:00,195.8581,195.97,195.62,195.8,232438
2026-07-31 11:48:00,195.77,195.938,195.7,195.93,98143
2026-07-31 11:49:00,195.935,196.0494,195.805,195.92,100972
2026-07-31 11:50:00,195.93,196.1419,195.88,195.9751,172012
2026-07-31 11:51:00,195.98,196.24,195.93,196.2303,155012
2026-07-31 11:52:00,196.238,196.42,196.13,196.355,131168
2026-07-31 11:53:00,196.37,196.41,196.12,196.17,106105
2026-07-31 11:54:00,196.16,196.51,196.14,196.41,125316
2026-07-31 11:55:00,196.395,196.49,196.2222,196.32,153909
2026-07-31 11:56:00,196.32,196.3921,196.18,196.2549,148792
2026-07-31 11:57:00,196.29,196.3799,196.23,196.275,95083
2026-07-31 11:58:00,196.27,196.46,196.18,196.2008,219115
2026-07-31 11:59:00,196.19,196.32,196.02,196.28,121207
2026-07-31 12:00:00,196.275,196.569,196.215,196.53,169087
2026-07-31 12:01:00,196.54,196.72,196.54,196.62,198777
2026-07-31 12:02:00,196.62,196.675,196.3701,196.425,133214
2026-07-31 12:03:00,196.4403,196.66,196.41,196.62,137541
2026-07-31 12:04:00,196.61,196.7999,196.6,196.62,143038
2026-07-31 12:05:00,196.62,196.67,196.46,196.46,136815
2026-07-31 12:06:00,196.465,196.5,196.22,196.4091,167758
2026-07-31 12:07:00,196.375,196.425,196.18,196.345,127956
2026-07-31 12:08:00,196.33,196.6173,196.31,196.595,80557
2026-07-31 12:09:00,196.61,196.7,196.5479,196.65,99606
2026-07-31 12:10:00,196.66,196.74,196.5,196.56,75019
2026-07-31 12:11:00,196.56,196.71,196.46,196.7,116119
2026-07-31 12:12:00,196.7299,196.81,196.5905,196.66,172959
2026-07-31 12:13:00,196.635,196.7144,196.525,196.6901,75978
2026-07-31 12:14:00,196.705,196.75,196.46,196.615,145525
2026-07-31 12:15:00,196.625,196.6755,196.23,196.26,123580
2026-07-31 12:16:00,196.25,196.38,196.15,196.33,162077
2026-07-31 12:17:00,196.3525,196.54,196.31,196.5,114821
2026-07-31 12:18:00,196.49,196.585,196.401,196.57,149957
2026-07-31 12:19:00,196.58,196.6,196.4656,196.545,125422
2026-07-31 12:20:00,196.55,196.81,196.5476,196.805,134173
2026-07-31 12:21:00,196.805,196.96,196.78,196.89,194493
2026-07-31 12:22:00,196.89,197.28,196.88,197.23,230434
2026-07-31 12:23:00,197.225,197.39,197.1986,197.38,147532
2026-07-31 12:24:00,197.37,197.56,197.37,197.4701,175695
2026-07-31 12:25:00,197.48,197.4999,197.31,197.38,142459
2026-07-31 12:26:00,197.381,197.43,197.21,197.41,163838
2026-07-31 12:27:00,197.43,197.65,197.43,197.55,183452
2026-07-31 12:28:00,197.52,197.76,197.5,197.72,198246
2026-07-31 12:29:00,197.72,198.02,197.7,198.02,217114
2026-07-31 12:30:00,198.045,198.29,197.75,197.775,515365
2026-07-31 12:31:00,197.79,197.965,197.71,197.915,178468
2026-07-31 12:32:00,197.93,198.1099,197.92,198.05,143827
2026-07-31 12:33:00,198.06,198.13,197.945,198.105,156960
2026-07-31 12:34:00,198.105,198.135,197.93,197.9902,165859
2026-07-31 12:35:00,197.995,198.22,197.995,198.125,155870
2026-07-31 12:36:00,198.13,198.2,197.96,197.99,138552
2026-07-31 12:37:00,198.0,198.06,197.95,198.06,116092
2026-07-31 12:38:00,198.075,198.135,197.83,197.875,179235
2026-07-31 12:39:00,197.88,197.98,197.85,197.98,95723
2026-07-31 12:40:00,197.975,198.0492,197.92,197.94,115312
2026-07-31 12:41:00,197.95,197.98,197.59,197.59,172674
2026-07-31 12:42:00,197.59,197.76,197.5,197.73,160361
2026-07-31 12:43:00,197.72,197.76,197.67,197.725,75997
2026-07-31 12:44:00,197.74,197.765,197.58,197.695,109036
2026-07-31 12:45:00,197.68,197.85,197.57,197.75,117124
2026-07-31 12:46:00,197.76,197.9,197.6107,197.9,134145
2026-07-31 12:47:00,197.88,197.9713,197.86,197.92,142692
2026-07-31 12:48:00,197.92,197.92,197.77,197.84,80650
2026-07-31 12:49:00,197.805,197.9613,197.74,197.96,124724
2026-07-31 12:50:00,197.975,198.07,197.885,198.0199,172951
2026-07-31 12:51:00,198.0,198.4299,197.96,198.31,206311
2026-07-31 12:52:00,198.31,198.38,198.1,198.1,166925
2026-07-31 12:53:00,198.12,198.1696,198.08,198.16,81385
2026-07-31 12:54:00,198.16,198.3099,198.1,198.115,169610
2026-07-31 12:55:00,198.1,198.29,198.0,198.205,202670
2026-07-31 12:56:00,198.2,198.33,198.2,198.3,141635
2026-07-31 12:57:00,198.31,198.52,198.29,198.44,221802
2026-07-31 12:58:00,198.44,198.5,198.32,198.36,154605
2026-07-31 12:59:00,198.34,198.3501,198.22,198.22,139499
2026-07-31 13:00:00,198.22,198.41,198.13,198.39,107148
2026-07-31 13:01:00,198.37,198.563,198.35,198.52,139101
2026-07-31 13:02:00,198.52,198.61,198.51,198.535,133376
2026-07-31 13:03:00,198.5356,198.6,198.46,198.59,122473
2026-07-31 13:04:00,198.595,198.6399,198.52,198.54,122027
2026-07-31 13:05:00,198.52,198.5299,198.4101,198.435,134069
2026-07-31 13:06:00,198.44,198.46,198.34,198.3401,113592
2026-07-31 13:07:00,198.34,198.35,198.23,198.235,100780
2026-07-31 13:08:00,198.23,198.33,198.1977,198.29,141465
2026-07-31 13:09:00,198.3,198.38,198.27,198.37,78746
2026-07-31 13:10:00,198.34,198.4899,198.32,198.43,125392
2026-07-31 13:11:00,198.4346,198.65,198.41,198.59,87963
2026-07-31 13:12:00,198.625,198.73,198.615,198.615,269832
2026-07-31 13:13:00,198.61,198.83,198.6,198.82,186170
2026-07-31 13:14:00,198.8272,198.835,198.66,198.71,124388
2026-07-31 13:15:00,198.7046,199.03,198.68,198.91,375045
2026-07-31 13:16:00,198.9195,198.98,198.81,198.8313,189773
2026-07-31 13:17:00,198.84,198.97,198.81,198.96,98739
2026-07-31 13:18:00,198.95,199.11,198.9103,198.93,193785
2026-07-31 13:19:00,198.94,199.07,198.93,199.035,135559
2026-07-31 13:20:00,199.03,199.06,198.95,198.95,154080
2026-07-31 13:21:00,198.9503,198.96,198.81,198.82,122557
2026-07-31 13:22:00,198.82,198.9,198.73,198.9,187136
2026-07-31 13:23:00,198.89,198.96,198.825,198.8786,107016
2026-07-31 13:24:00,198.88,199.17,198.87,199.13,184674
2026-07-31 13:25:00,199.135,199.22,199.07,199.19,140486
2026-07-31 13:26:00,199.19,199.205,199.091,199.205,108058
2026-07-31 13:27:00,199.205,199.3199,199.185,199.185,191982
2026-07-31 13:28:00,199.195,199.24,199.12,199.165,141771
2026-07-31 13:29:00,199.1601,199.3,199.16,199.255,118153
2026-07-31 13:30:00,199.255,199.28,199.15,199.2099,130399
2026-07-31 13:31:00,199.195,199.335,199.19,199.26,118717
2026-07-31 13:32:00,199.26,199.31,199.15,199.25,118408
2026-07-31 13:33:00,199.2301,199.43,199.23,199.425,132343
2026-07-31 13:34:00,199.435,199.48,199.3501,199.375,155241
2026-07-31 13:35:00,199.37,199.54,199.355,199.53,155728
2026-07-31 13:36:00,199.5201,199.67,199.5,199.655,261839
2026-07-31 13:37:00,199.6504,199.95,199.65,199.92,320162
2026-07-31 13:38:00,199.9101,199.97,199.525,199.525,263456
2026-07-31 13:39:00,199.53,199.545,199.27,199.28,234429
2026-07-31 13:40:00,199.27,199.41,199.23,199.375,170460
2026-07-31 13:41:00,199.38,199.4,199.23,199.345,128390
2026-07-31 13:42:00,199.34,199.36,199.19,199.2501,199308
2026-07-31 13:43:00,199.25,199.42,199.18,199.42,162856
2026-07-31 13:44:00,199.41,199.4499,199.26,199.34,116273
2026-07-31 13:45:00,199.335,199.417,199.3103,199.3422,154309
2026-07-31 13:46:00,199.36,199.54,199.36,199.4499,246109
2026-07-31 13:47:00,199.445,199.445,199.1,199.1,213423
2026-07-31 13:48:00,199.12,199.15,198.97,199.12,197747
2026-07-31 13:49:00,199.1398,199.16,199.05,199.15,96963
2026-07-31 13:50:00,199.12,199.29,199.1,199.25,110209
2026-07-31 13:51:00,199.24,199.491,199.16,199.49,129210
2026-07-31 13:52:00,199.5,199.64,199.4701,199.5001,172243
2026-07-31 13:53:00,199.51,199.5399,199.38,199.42,113128
2026-07-31 13:54:00,199.42,199.485,199.39,199.44,106886
2026-07-31 13:55:00,199.445,199.59,199.4161,199.565,136967
2026-07-31 13:56:00,199.5623,199.7097,199.5623,199.64,164196
2026-07-31 13:57:00,199.64,199.65,199.5,199.64,117049
2026-07-31 13:58:00,199.64,199.6699,199.52,199.52,90436
2026-07-31 13:59:00,199.52,199.53,199.423,199.495,97074
2026-07-31 14:00:00,199.495,199.65,199.3701,199.6479,136023
2026-07-31 14:01:00,199.64,199.7898,199.64,199.65,153006
2026-07-31 14:02:00,199.65,199.67,199.53,199.6002,110405
2026-07-31 14:03:00,199.61,199.66,199.51,199.5303,129006
2026-07-31 14:04:00,199.5401,199.635,199.51,199.55,120413
2026-07-31 14:05:00,199.56,199.58,199.41,199.49,153946
2026-07-31 14:06:00,199.4927,199.7501,199.4927,199.67,138392
2026-07-31 14:07:00,199.665,199.7,199.6116,199.66,147948
2026-07-31 14:08:00,199.6499,199.7499,199.6,199.6598,128170
2026-07-31 14:09:00,199.645,199.66,199.59,199.605,75195
2026-07-31 14:10:00,199.61,199.6299,199.44,199.445,118693
2026-07-31 14:11:00,199.445,199.461,199.2,199.22,176997
2026-07-31 14:12:00,199.26,199.26,199.11,199.145,159367
2026-07-31 14:13:00,199.16,199.1999,199.0,199.115,303864
2026-07-31 14:14:00,199.11,199.13,198.84,198.9132,214599
2026-07-31 14:15:00,198.91,199.07,198.87,199.01,178487
2026-07-31 14:16:00,199.015,199.09,198.9301,198.99,144756
2026-07-31 14:17:00,199.0,199.19,198.99,199.09,241538
2026-07-31 14:18:00,199.1099,199.23,199.0101,199.0103,193438
2026-07-31 14:19:00,199.025,199.07,198.85,198.89,138918
2026-07-31 14:20:00,198.9,199.05,198.84,198.95,110498
2026-07-31 14:21:00,198.96,199.08,198.87,199.0298,108172
2026-07-31 14:22:00,199.02,199.07,198.97,199.0579,131872
2026-07-31 14:23:00,199.05,199.06,198.95,198.97,72904
2026-07-31 14:24:00,198.97,199.04,198.87,198.9099,601257
2026-07-31 14:25:00,198.9,198.91,198.64,198.6969,207699
2026-07-31 14:26:00,198.68,198.75,198.64,198.69,104744
2026-07-31 14:27:00,198.68,198.7,198.54,198.655,201982
2026-07-31 14:28:00,198.65,198.6768,198.58,198.58,80046
2026-07-31 14:29:00,198.575,198.62,198.49,198.5501,159397
2026-07-31 14:30:00,198.595,198.795,198.595,198.785,168287
2026-07-31 14:31:00,198.78,198.835,198.72,198.8168,151197
2026-07-31 14:32:00,198.815,198.83,198.68,198.71,356056
2026-07-31 14:33:00,198.7,198.74,198.58,198.715,98315
2026-07-31 14:34:00,198.72,198.878,198.71,198.78,1136559
2026-07-31 14:35:00,198.76,198.77,198.53,198.645,119999
2026-07-31 14:36:00,198.655,198.72,198.57,198.585,78599
2026-07-31 14:37:00,198.57,198.6499,198.481,198.6381,144017
2026-07-31 14:38:00,198.62,198.73,198.62,198.7099,75203
2026-07-31 14:39:00,198.7,198.705,198.64,198.68,88240
2026-07-31 14:40:00,198.67,198.71,198.6,198.63,80091
2026-07-31 14:41:00,198.6301,198.7999,198.63,198.69,123577
2026-07-31 14:42:00,198.695,198.775,198.63,198.76,79883
2026-07-31 14:43:00,198.765,198.78,198.725,198.73,51198
2026-07-31 14:44:00,198.72,198.76,198.6872,198.725,60478
2026-07-31 14:45:00,198.72,198.88,198.72,198.825,126099
2026-07-31 14:46:00,198.83,198.95,198.825,198.8667,158570
2026-07-31 14:47:00,198.84,198.85,198.74,198.805,121285
2026-07-31 14:48:00,198.79,198.95,198.76,198.9201,155018
2026-07-31 14:49:00,198.935,199.0698,198.929,199.05,176949
2026-07-31 14:50:00,199.05,199.3299,199.04,199.2399,202693
2026-07-31 14:51:00,199.24,199.27,199.1701,199.25,121927
2026-07-31 14:52:00,199.25,199.275,199.12,199.14,201110
2026-07-31 14:53:00,199.14,199.15,199.04,199.1208,94541
2026-07-31 14:54:00,199.13,199.18,199.02,199.15,106166
2026-07-31 14:55:00,199.14,199.27,199.05,199.055,136612
2026-07-31 14:56:00,199.05,199.09,198.973,199.04,143643
2026-07-31 14:57:00,199.025,199.0399,198.83,198.96,132096
2026-07-31 14:58:00,198.97,199.0,198.935,198.99,178632
2026-07-31 14:59:00,198.985,199.0,198.9001,198.97,108105
2026-07-31 15:00:00,198.96,199.1,198.905,198.9103,200116
2026-07-31 15:01:00,198.915,198.99,198.8221,198.85,106129
2026-07-31 15:02:00,198.86,198.8799,198.78,198.8,103753
2026-07-31 15:03:00,198.79,198.8697,198.73,198.81,126270
2026-07-31 15:04:00,198.8099,198.8201,198.61,198.6399,142156
2026-07-31 15:05:00,198.63,198.72,198.48,198.69,158948
2026-07-31 15:06:00,198.7,198.71,198.4,198.42,222130
2026-07-31 15:07:00,198.42,198.47,198.26,198.42,215210
2026-07-31 15:08:00,198.44,198.4799,198.29,198.415,121492
2026-07-31 15:09:00,198.43,198.4899,198.3201,198.39,105471
2026-07-31 15:10:00,198.38,198.49,198.295,198.4299,137415
2026-07-31 15:11:00,198.41,198.5,198.34,198.39,154575
2026-07-31 15:12:00,198.395,198.74,198.365,198.74,163236
2026-07-31 15:13:00,198.72,198.79,198.641,198.6599,130952
2026-07-31 15:14:00,198.65,198.7199,198.62,198.7,67158
2026-07-31 15:15:00,198.7059,199.33,198.7,199.32,320514
2026-07-31 15:16:00,199.31,199.92,199.3,199.78,571146
2026-07-31 15:17:00,199.78,200.22,199.73,200.06,890478
2026-07-31 15:18:00,200.06,200.2,200.01,200.105,371422
2026-07-31 15:19:00,200.12,200.55,200.1,200.5036,585784
2026-07-31 15:20:00,200.52,200.92,200.52,200.915,554295
2026-07-31 15:21:00,200.915,200.97,200.65,200.84,2284558
2026-07-31 15:22:00,200.85,201.12,200.8001,200.82,661018
2026-07-31 15:23:00,200.83,200.9,200.64,200.72,474566
2026-07-31 15:24:00,200.72,200.72,200.2301,200.26,478840
2026-07-31 15:25:00,200.235,200.33,200.1,200.33,455680
2026-07-31 15:26:00,200.32,200.38,200.245,200.34,287804
2026-07-31 15:27:00,200.35,200.49,200.32,200.4899,248184
2026-07-31 15:28:00,200.485,200.6,200.33,200.3625,335021
2026-07-31 15:29:00,200.37,200.4,200.285,200.305,263917
2026-07-31 15:30:00,200.305,200.3116,199.92,200.103,539592
2026-07-31 15:31:00,200.1,200.1,199.88,200.025,267772
2026-07-31 15:32:00,200.03,200.1198,199.9103,200.1198,307940
2026-07-31 15:33:00,200.12,200.2599,200.12,200.25,301630
2026-07-31 15:34:00,200.25,200.456,200.185,200.385,267496
2026-07-31 15:35:00,200.385,200.481,200.3009,200.481,256832
2026-07-31 15:36:00,200.47,200.57,200.395,200.53,277039
2026-07-31 15:37:00,200.525,200.5768,200.36,200.455,373909
2026-07-31 15:38:00,200.47,200.57,200.341,200.505,368785
2026-07-31 15:39:00,200.5,200.625,200.48,200.61,279847
2026-07-31 15:40:00,200.6,200.68,200.4,200.435,309144
2026-07-31 15:41:00,200.42,200.6,200.32,200.455,355416
2026-07-31 15:42:00,200.46,200.7,200.39,200.68,260748
2026-07-31 15:43:00,200.68,200.8101,200.63,200.8101,376062
2026-07-31 15:44:00,200.825,201.09,200.752,201.09,445791
2026-07-31 15:45:00,201.1,201.29,201.09,201.18,490479
2026-07-31 15:46:00,201.175,201.4495,201.13,201.43,448223
2026-07-31 15:47:00,201.425,201.605,201.04,201.04,553480
2026-07-31 15:48:00,201.04,201.1694,201.02,201.15,384848
2026-07-31 15:49:00,201.145,201.625,201.09,201.625,374080
2026-07-31 15:50:00,201.61,201.97,201.46,201.5127,1094948
2026-07-31 15:51:00,201.51,201.51,201.2101,201.43,526773
2026-07-31 15:52:00,201.425,201.83,201.425,201.81,527477
2026-07-31 15:53:00,201.83,201.85,201.6501,201.7,557159
2026-07-31 15:54:00,201.69,201.95,201.66,201.79,900754
2026-07-31 15:55:00,201.8,201.83,201.28,201.65,1050894
2026-07-31 15:56:00,201.66,201.95,201.66,201.885,1733905
2026-07-31 15:57:00,201.89,201.91,201.49,201.55,1031767
2026-07-31 15:58:00,201.54,201.81,201.4,201.78,1322897
2026-07-31 15:59:00,201.79,201.88,200.62,200.81,3666834
2026-07-31 16:00:00,200.75,200.75,200.15,200.3,22098971
2026-07-31 16:01:00,200.3,200.75,199.95,199.9835,0
2026-07-31 16:02:00,199.9835,200.75,199.85,200.0,0
2026-07-31 16:03:00,199.9999,200.0,199.65,199.9,0
2026-07-31 16:04:00,199.9,200.75,199.81,199.92,0
2026-07-31 16:05:00,199.92,200.75,199.76,199.7805,0
2026-07-31 16:06:00,199.7806,199.86,199.78,199.79,0
2026-07-31 16:07:00,199.8,200.75,199.6831,199.7454,0
2026-07-31 16:08:00,199.75,200.75,199.735,200.0134,0
2026-07-31 16:09:00,200.01,200.14,200.01,200.1099,0
2026-07-31 16:10:00,200.11,200.75,200.08,200.75,0
2026-07-31 16:11:00,200.24,200.28,200.2,200.22,0
2026-07-31 16:12:00,200.2,200.21,199.8,199.9905,0
2026-07-31 16:13:00,200.0,200.0,199.9,199.9,0
2026-07-31 16:14:00,199.9,199.99,199.9,199.9103,0
2026-07-31 16:15:00,200.75,200.75,199.91,199.9212,0
2026-07-31 16:16:00,199.93,199.95,199.91,199.95,0
2026-07-31 16:17:00,199.94,199.97,199.91,199.9193,0
2026-07-31 16:18:00,199.95,199.97,199.93,199.96,0
2026-07-31 16:19:00,199.97,199.9729,199.93,199.9705,0
2026-07-31 16:20:00,200.75,200.75,199.9507,199.97,0
2026-07-31 16:21:00,199.97,200.03,199.96,199.97,0
2026-07-31 16:22:00,199.96,199.99,199.9357,199.9403,0
2026-07-31 16:23:00,199.9423,200.0377,199.91,199.9625,0
2026-07-31 16:24:00,199.95,199.99,199.91,199.9201,0
2026-07-31 16:25:00,199.9687,199.97,199.91,199.91,0
2026-07-31 16:26:00,199.93,199.98,199.91,199.93,0
2026-07-31 16:27:00,199.9397,199.9397,199.83,199.8748,0
2026-07-31 16:28:00,199.8472,199.9,199.8472,199.88,0
2026-07-31 16:29:00,199.8712,199.95,199.87,199.9496,0
2026-07-31 16:30:00,199.9376,199.97,199.92,199.95,0
2026-07-31 16:31:00,199.92,199.99,199.91,199.95,0
2026-07-31 16:32:00,199.9682,200.0,199.9508,199.9695,0
2026-07-31 16:33:00,199.93,199.99,199.93,199.931,0
2026-07-31 16:34:00,199.96,199.97,199.93,199.9691,0
2026-07-31 16:35:00,199.97,200.0,199.9559,199.98,0
2026-07-31 16:36:00,199.99,199.99,199.95,199.9505,0
2026-07-31 16:37:00,199.98,200.0,199.95,200.0,0
2026-07-31 16:38:00,200.0,200.0,199.96,199.9943,0
2026-07-31 16:39:00,199.97,199.99,199.95,199.9651,0
2026-07-31 16:40:00,199.96,199.99,199.95,199.9588,0
2026-07-31 16:41:00,199.9754,199.9754,199.93,199.94,0
2026-07-31 16:42:00,199.95,199.96,199.94,199.9588,0
2026-07-31 16:43:00,199.95,199.96,199.95,199.9527,0
2026-07-31 16:44:00,199.95,199.96,199.95,199.96,0
2026-07-31 16:45:00,199.9527,200.0,199.95,199.9809,0
2026-07-31 16:46:00,199.9831,200.0,199.96,199.98,0
2026-07-31 16:47:00,199.97,199.99,199.9646,199.9732,0
2026-07-31 16:48:00,199.99,199.9974,199.97,199.9974,0
2026-07-31 16:49:00,200.0,200.0,199.96,199.99,0
2026-07-31 16:50:00,199.96,200.0,199.96,199.98,0
2026-07-31 16:51:00,199.97,200.0,199.97,199.9732,0
2026-07-31 16:52:00,199.97,199.9831,199.96,199.97,0
2026-07-31 16:53:00,199.96,199.97,199.7147,199.7512,0
2026-07-31 16:54:00,199.78,199.86,199.72,199.86,0
2026-07-31 16:55:00,199.9,200.8,199.76,199.8504,0
2026-07-31 16:56:00,199.86,199.9,199.81,199.81,0
2026-07-31 16:57:00,199.8173,199.85,199.7505,199.76,0
2026-07-31 16:58:00,199.76,199.81,199.7307,199.76,0
2026-07-31 16:59:00,199.76,199.81,199.49,199.49,0
2026-07-31 17:00:00,199.5294,199.7361,199.5,199.7361,0
2026-07-31 17:01:00,199.69,199.75,199.64,199.66,0
2026-07-31 17:02:00,199.6884,199.81,199.6884,199.77,0
2026-07-31 17:03:00,199.7515,199.82,199.7515,199.8005,0
2026-07-31 17:04:00,199.84,199.95,199.8,199.9383,0
2026-07-31 17:05:00,199.91,200.07,199.91,199.95,0
2026-07-31 17:06:00,199.962,200.0,199.94,199.9641,0
2026-07-31 17:07:00,199.95,199.97,199.95,199.96,0
2026-07-31 17:08:00,199.96,199.97,199.93,199.9415,0
2026-07-31 17:09:00,199.97,199.97,199.92,199.92,0
2026-07-31 17:10:00,199.92,199.97,199.92,199.95,0
2026-07-31 17:11:00,199.93,199.96,199.93,199.953,0
2026-07-31 17:12:00,199.95,199.96,199.93,199.9569,0
2026-07-31 17:13:00,199.9497,199.99,199.94,199.96,0
2026-07-31 17:14:00,199.9607,199.99,199.96,199.99,0
2026-07-31 17:15:00,199.9888,199.99,199.96,199.97,0
2026-07-31 17:16:00,199.9698,199.98,199.96,199.9717,0
2026-07-31 17:17:00,199.9701,199.98,199.8562,199.894,0
2026-07-31 17:18:00,199.89,199.97,199.89,199.95,0
2026-07-31 17:19:00,199.93,199.96,199.93,199.93,0
2026-07-31 17:20:00,199.95,199.95,199.91,199.9157,0
2026-07-31 17:21:00,199.95,208.9337,199.91,199.92,0
2026-07-31 17:22:00,199.92,199.95,199.9085,199.93,0
2026-07-31 17:23:00,199.92,199.95,199.9,199.95,0
2026-07-31 17:24:00,199.95,200.0,199.91,200.0,0
2026-07-31 17:25:00,199.95,200.0,199.9408,199.9675,0
2026-07-31 17:26:00,199.92,199.9886,199.88,199.9288,0
2026-07-31 17:27:00,199.91,208.9337,199.87,199.9,0
2026-07-31 17:28:00,199.9,199.94,193.7188,199.79,0
2026-07-31 17:29:00,199.8425,208.9337,199.79,199.8408,0
2026-07-31 17:30:00,199.82,199.93,199.79,199.7935,0
2026-07-31 17:31:00,199.8,199.899,199.79,199.7985,0
2026-07-31 17:32:00,199.7912,199.7912,199.55,199.7,0
2026-07-31 17:33:00,199.62,199.7,199.6,199.65,0
2026-07-31 17:34:00,199.66,199.7,199.5147,199.57,0
2026-07-31 17:35:00,199.57,199.7,199.43,199.4301,0
2026-07-31 17:36:00,199.5,199.58,199.43,199.56,0
2026-07-31 17:37:00,199.51,199.6,199.51,199.55,0
2026-07-31 17:38:00,199.5814,199.69,199.48,199.5609,0
2026-07-31 17:39:00,208.9337,208.9337,199.45,199.4563,0
2026-07-31 17:40:00,199.46,199.64,199.45,199.4987,0
2026-07-31 17:41:00,199.55,199.59,199.45,199.59,0
2026-07-31 17:42:00,199.65,199.65,199.5275,199.608,0
2026-07-31 17:43:00,199.5327,199.55,199.32,199.41,0
2026-07-31 17:44:00,199.4001,199.41,199.3613,199.3673,0
2026-07-31 17:45:00,199.36,199.47,199.35,199.38,0
2026-07-31 17:46:00,199.38,199.38,199.32,199.3545,0
2026-07-31 17:47:00,199.38,199.38,199.25,199.2775,0
2026-07-31 17:48:00,199.3,199.31,199.18,199.255,0
2026-07-31 17:49:00,199.25,199.31,199.2,199.2101,0
2026-07-31 17:50:00,199.19,199.3,199.11,199.15,0
2026-07-31 17:51:00,199.1901,199.21,199.1258,199.1301,0
2026-07-31 17:52:00,199.1768,199.19,199.12,199.1351,0
2026-07-31 17:53:00,199.15,199.16,198.96,199.122,0
2026-07-31 17:54:00,199.18,199.18,199.01,199.06,0
2026-07-31 17:55:00,199.06,199.06,198.93,198.97,0
2026-07-31 17:56:00,198.97,199.06,198.91,199.0471,0
2026-07-31 17:57:00,199.06,199.06,198.9873,199.0,0
2026-07-31 17:58:00,198.99,199.0,198.97,198.9867,0
2026-07-31 17:59:00,199.0,199.06,198.91,199.04,0
2026-07-31 18:00:00,199.05,199.05,199.0,199.03,0
2026-07-31 18:01:00,199.01,199.1,198.93,198.9537,0
2026-07-31 18:02:00,199.0122,199.1,199.01,199.0831,0
2026-07-31 18:03:00,199.05,199.1,199.02,199.05,0
2026-07-31 18:04:00,199.05,199.1,199.04,199.0592,0
2026-07-31 18:05:00,199.0438,199.08,198.95,199.05,0
2026-07-31 18:06:00,199.0648,199.08,199.004,199.004,0
2026-07-31 18:07:00,199.0151,199.078,199.0,199.02,0
2026-07-31 18:08:00,199.03,199.03,198.9512,199.0,0
2026-07-31 18:09:00,198.95,199.0797,198.95,199.041,0
2026-07-31 18:10:00,199.05,199.08,199.0,199.04,0
2026-07-31 18:11:00,199.0396,199.0396,198.95,198.9784,0
2026-07-31 18:12:00,198.9801,199.0488,198.9,198.92,0
2026-07-31 18:13:00,198.935,199.0,198.9,199.0,0
2026-07-31 18:14:00,198.983,198.9988,198.952,198.9741,0
2026-07-31 18:15:00,198.98,198.99,198.9012,198.9634,0
2026-07-31 18:16:00,198.98,199.04,198.95,198.9907,0
2026-07-31 18:17:00,198.99,199.0,198.95,199.0,0
2026-07-31 18:18:00,199.0031,199.02,199.0,199.0144,0
2026-07-31 18:19:00,199.0,199.0123,198.9868,198.99,0
2026-07-31 18:20:00,198.9932,199.0399,198.99,199.0399,0
2026-07-31 18:21:00,199.0228,199.1,199.02,199.08,0
2026-07-31 18:22:00,199.0922,199.1,199.02,199.05,0
2026-07-31 18:23:00,199.05,199.1,199.02,199.08,0
2026-07-31 18:24:00,199.0533,199.06,199.02,199.05,0
2026-07-31 18:25:00,199.04,199.09,199.02,199.04,0
2026-07-31 18:26:00,199.0324,199.09,199.0,199.0029,0
2026-07-31 18:27:00,199.0423,199.0487,198.9646,199.0,0
2026-07-31 18:28:00,199.0477,199.0477,198.95,198.98,0
2026-07-31 18:29:00,198.96,199.09,198.96,199.0867,0
2026-07-31 18:30:00,199.03,199.09,199.0,199.0675,0
2026-07-31 18:31:00,199.0782,199.09,199.0117,199.08,0
2026-07-31 18:32:00,199.08,199.09,199.0101,199.02,0
2026-07-31 18:33:00,199.05,200.75,199.05,200.75,0
2026-07-31 18:34:00,199.05,200.75,199.05,199.0906,0
2026-07-31 18:35:00,199.1385,199.14,199.07,199.0923,0
2026-07-31 18:36:00,199.0589,199.14,199.02,199.11,0
2026-07-31 18:37:00,199.11,199.1962,199.05,199.1,0
2026-07-31 18:38:00,199.1215,199.2,199.1,199.2,0
2026-07-31 18:39:00,199.16,199.2,199.1,199.1508,0
2026-07-31 18:40:00,199.11,199.15,199.0786,199.11,0
2026-07-31 18:41:00,199.177,199.1899,199.06,199.17,0
2026-07-31 18:42:00,199.17,199.17,199.13,199.14,0
2026-07-31 18:43:00,199.1488,199.18,199.07,199.15,0
2026-07-31 18:44:00,199.07,199.12,199.07,199.1001,0
2026-07-31 18:45:00,199.1,199.12,199.05,199.0533,0
2026-07-31 18:46:00,199.0533,199.0993,199.05,199.0868,0
2026-07-31 18:47:00,199.09,199.1487,199.0703,199.1,0
2026-07-31 18:48:00,199.09,199.15,199.05,199.1158,0
2026-07-31 18:49:00,199.1475,199.1475,199.05,199.0576,0
2026-07-31 18:50:00,199.0576,199.12,199.05,199.0577,0
2026-07-31 18:51:00,199.0551,199.15,199.0551,199.0887,0
2026-07-31 18:52:00,199.17,199.17,199.08,199.09,0
2026-07-31 18:53:00,199.078,199.15,199.078,199.12,0
2026-07-31 18:54:00,199.1423,199.1849,199.1,199.1832,0
2026-07-31 18:55:00,199.1869,199.19,199.16,199.1646,0
2026-07-31 18:56:00,199.1607,199.19,199.1473,199.1478,0
2026-07-31 18:57:00,199.1585,199.19,198.9988,198.9997,0
2026-07-31 18:58:00,198.9988,199.0,198.97,199.0,0
2026-07-31 18:59:00,198.99,199.0,198.96,198.9671,0
2026-07-31 19:00:00,198.9671,199.0,198.96,198.9671,0
2026-07-31 19:01:00,198.9602,199.0,198.96,198.961,0
2026-07-31 19:02:00,198.9931,199.0,198.96,198.97,0
2026-07-31 19:03:00,198.97,199.0,198.96,198.961,0
2026-07-31 19:04:00,198.9929,199.0,198.961,198.9987,0
2026-07-31 19:05:00,199.0,199.11,198.99,199.0035,0
2026-07-31 19:06:00,199.0148,199.107,198.99,199.0887,0
2026-07-31 19:07:00,199.09,199.09,199.01,199.0798,0
2026-07-31 19:08:00,199.0732,199.2,199.0305,199.05,0
2026-07-31 19:09:00,199.0331,199.05,199.0,199.0076,0
2026-07-31 19:10:00,198.99,199.05,198.96,198.9812,0
2026-07-31 19:11:00,199.0,199.05,198.96,198.9816,0
2026-07-31 19:12:00,199.0305,199.05,198.9867,199.05,0
2026-07-31 19:13:00,199.05,199.08,199.0,199.04,0
2026-07-31 19:14:00,199.05,199.0975,199.0,199.01,0
2026-07-31 19:15:00,199.0,199.05,199.0,199.0411,0
2026-07-31 19:16:00,199.02,199.15,199.0001,199.14,0
2026-07-31 19:17:00,199.1,199.16,199.07,199.1,0
2026-07-31 19:18:00,199.0817,199.15,199.08,199.1051,0
2026-07-31 19:19:00,199.1249,199.13,199.07,199.09,0
2026-07-31 19:20:00,199.1,199.13,199.07,199.13,0
2026-07-31 19:21:00,199.09,199.09,199.04,199.04,0
2026-07-31 19:22:00,199.03,199.07,199.03,199.06,0
2026-07-31 19:23:00,199.0353,199.07,199.03,199.07,0
2026-07-31 19:24:00,199.04,199.1177,199.03,199.04,0
2026-07-31 19:25:00,199.03,199.1,199.03,199.0829,0
2026-07-31 19:26:00,199.09,199.1375,199.04,199.11,0
2026-07-31 19:27:00,199.1001,199.11,199.0317,199.0317,0
2026-07-31 19:28:00,199.1,199.1,199.03,199.09,0
2026-07-31 19:29:00,199.0794,199.119,199.0776,199.1,0
2026-07-31 19:30:00,199.1,199.12,199.08,199.08,0
2026-07-31 19:31:00,199.081,199.1,199.0512,199.091,0
2026-07-31 19:32:00,199.1,199.1,199.05,199.09,0
2026-07-31 19:33:00,199.1,199.1,199.0362,199.05,0
2026-07-31 19:34:00,199.05,199.07,199.0,199.03,0
2026-07-31 19:35:00,199.05,199.07,199.0,199.06,0
2026-07-31 19:36:00,199.02,199.08,199.01,199.08,0
2026-07-31 19:37:00,199.0562,199.08,199.03,199.0795,0
2026-07-31 19:38:00,199.07,199.1,199.03,199.08,0
2026-07-31 19:39:00,199.08,199.1,199.06,199.067,0
2026-07-31 19:40:00,199.0609,199.1,199.06,199.06,0
2026-07-31 19:41:00,199.08,199.1,199.06,199.1,0
2026-07-31 19:42:00,199.0672,199.1,199.04,199.09,0
2026-07-31 19:43:00,199.0646,199.089,199.05,199.0601,0
2026-07-31 19:44:00,199.0685,199.1,199.06,199.0892,0
2026-07-31 19:45:00,199.09,199.1,199.06,199.08,0
2026-07-31 19:46:00,199.09,199.1,199.07,199.07,0
2026-07-31 19:47:00,199.0754,199.08,199.06,199.08,0
2026-07-31 19:48:00,199.0795,199.08,199.0631,199.07,0
2026-07-31 19:49:00,199.06,199.08,199.05,199.0629,0
2026-07-31 19:50:00,199.0608,199.08,199.05,199.08,0
2026-07-31 19:51:00,199.07,199.08,199.0302,199.0388,0
2026-07-31 19:52:00,199.04,199.08,199.0,199.0109,0
2026-07-31 19:53:00,199.0692,199.0782,199.01,199.05,0
2026-07-31 19:54:00,199.049,199.05,199.01,199.0229,0
2026-07-31 19:55:00,199.0209,199.05,199.02,199.0252,0
2026-07-31 19:56:00,199.05,199.05,199.0207,199.0469,0
2026-07-31 19:57:00,199.03,199.05,199.01,199.0272,0
2026-07-31 19:58:00,199.02,199.03,198.98,198.9898,0
2026-07-31 19:59:00,198.98,198.99,198.94,198.9495,0
2026-08-03 04:00:00,201.99,202.7477,201.2037,201.6025,0
2026-08-03 04:01:00,201.4016,202.7,201.24,201.4897,0
2026-08-03 04:02:00,201.48,202.6,201.0267,201.1955,0
2026-08-03 04:03:00,201.04,201.2091,200.9245,201.0,0
2026-08-03 04:04:00,201.0477,201.09,200.74,200.88,0
2026-08-03 04:05:00,200.88,200.995,200.75,200.94,0
2026-08-03 04:06:00,200.83,200.9515,200.7637,200.87,0
2026-08-03 04:07:00,200.92,202.68,200.5,200.5,0
2026-08-03 04:08:00,200.5,200.61,200.31,200.4103,0
2026-08-03 04:09:00,200.4,200.86,200.4,200.83,0
2026-08-03 04:10:00,200.912,201.0888,200.84,200.84,0
2026-08-03 04:11:00,200.916,201.0,200.84,200.98,0
2026-08-03 04:12:00,200.98,201.0962,200.73,200.855,0
2026-08-03 04:13:00,200.7888,200.96,200.648,200.88,0
2026-08-03 04:14:00,200.887,200.9,200.8,200.88,0
2026-08-03 04:15:00,200.84,200.88,200.7,200.7,0
2026-08-03 04:16:00,200.7,200.74,200.57,200.7242,0
2026-08-03 04:17:00,200.59,200.7,200.42,200.48,0
2026-08-03 04:18:00,200.48,200.5,200.2,200.26,0
2026-08-03 04:19:00,200.248,200.248,200.01,200.09,0
2026-08-03 04:20:00,200.06,200.12,199.95,200.09,0
2026-08-03 04:21:00,200.0,200.1357,199.9037,199.9975,0
2026-08-03 04:22:00,199.9037,200.0888,199.9037,200.07,0
2026-08-03 04:23:00,200.02,200.09,199.84,199.92,0
2026-08-03 04:24:00,199.89,199.98,199.81,199.96,0
2026-08-03 04:25:00,199.91,199.97,199.85,199.91,0
2026-08-03 04:26:00,199.9431,199.9431,199.79,199.79,0
2026-08-03 04:27:00,199.7838,199.85,199.66,199.81,0
2026-08-03 04:28:00,199.81,200.09,199.81,200.04,0
2026-08-03 04:29:00,200.04,200.176,199.873,199.99,0
2026-08-03 04:30:00,199.92,199.9855,199.81,199.9855,0
2026-08-03 04:31:00,199.96,200.17,199.8112,200.16,0
2026-08-03 04:32:00,200.1598,200.16,199.92,199.9222,0
2026-08-03 04:33:00,200.0088,200.0088,199.76,199.8,0
2026-08-03 04:34:00,199.8,199.84,199.6645,199.83,0
2026-08-03 04:35:00,199.74,199.92,199.74,199.87,0
2026-08-03 04:36:00,199.92,200.24,199.88,200.12,0
2026-08-03 04:37:00,200.21,200.2995,200.08,200.2988,0
2026-08-03 04:38:00,200.1147,200.3,200.11,200.22,0
2026-08-03 04:39:00,200.22,200.3,200.105,200.105,0
2026-08-03 04:40:00,200.2931,200.3,200.18,200.295,0
2026-08-03 04:41:00,200.25,200.31,200.25,200.26,0
2026-08-03 04:42:00,200.299,200.46,200.261,200.44,0
2026-08-03 04:43:00,200.4,200.49,200.32,200.4,0
2026-08-03 04:44:00,200.3,200.38,200.0095,200.0095,0
2026-08-03 04:45:00,200.3,200.3705,200.2,200.25,0
2026-08-03 04:46:00,200.25,200.38,200.0072,200.36,0
2026-08-03 04:47:00,200.36,200.3637,200.18,200.1933,0
2026-08-03 04:48:00,200.2,200.2965,200.1635,200.2,0
2026-08-03 04:49:00,200.1612,200.3947,200.1612,200.32,0
2026-08-03 04:50:00,200.2904,200.41,200.29,200.3635,0
2026-08-03 04:51:00,200.45,200.49,200.35,200.48,0
2026-08-03 04:52:00,200.41,200.5,200.2565,200.5,0
2026-08-03 04:53:00,200.5,200.5,200.305,200.3925,0
2026-08-03 04:54:00,200.39,200.49,200.39,200.48,0
2026-08-03 04:55:00,200.4888,200.6488,200.4062,200.4136,0
2026-08-03 04:56:00,200.64,200.78,200.5047,200.7,0
2026-08-03 04:57:00,200.72,200.8707,200.6977,200.71,0
2026-08-03 04:58:00,200.7,200.796,200.6417,200.795,0
2026-08-03 04:59:00,200.71,200.8,200.7,200.72,0
2026-08-03 05:00:00,200.77,200.8788,200.77,200.79,0
2026-08-03 05:01:00,200.5665,200.72,200.4412,200.7054,0
2026-08-03 05:02:00,200.59,200.71,200.4452,200.55,0
2026-08-03 05:03:00,200.61,200.7242,200.55,200.7,0
2026-08-03 05:04:00,200.58,200.7145,200.5012,200.5085,0
2026-08-03 05:05:00,200.51,200.73,200.51,200.73,0
2026-08-03 05:06:00,200.7342,200.8162,200.447,200.55,0
2026-08-03 05:07:00,200.62,200.658,200.44,200.55,0
2026-08-03 05:08:00,200.4525,200.6352,200.4525,200.58,0
2026-08-03 05:09:00,200.5096,200.6287,200.5,200.6287,0
2026-08-03 05:10:00,200.59,200.7388,200.584,200.61,0
2026-08-03 05:11:00,200.63,200.68,200.48,200.48,0
2026-08-03 05:12:00,200.49,200.6,200.44,200.44,0
2026-08-03 05:13:00,200.45,200.7325,200.45,200.7325,0
2026-08-03 05:14:00,200.5224,200.69,200.44,200.62,0
2026-08-03 05:15:00,200.53,200.7,200.53,200.63,0
2026-08-03 05:16:00,200.64,200.7732,200.64,200.6589,0
2026-08-03 05:17:00,200.65,200.734,200.5,200.68,0
2026-08-03 05:18:00,200.5,200.58,200.44,200.45,0
2026-08-03 05:19:00,200.6153,200.7099,200.5,200.7099,0
2026-08-03 05:20:00,200.7,200.71,200.625,200.7007,0
2026-08-03 05:21:00,200.6997,200.85,200.5012,200.8,0
2026-08-03 05:22:00,200.83,200.9,200.7755,200.85,0
2026-08-03 05:23:00,200.84,200.8932,200.6075,200.8932,0
2026-08-03 05:24:00,200.65,200.9,200.6075,200.8093,0
2026-08-03 05:25:00,200.7841,200.8,200.6004,200.756,0
2026-08-03 05:26:00,200.73,200.8,200.5065,200.65,0
2026-08-03 05:27:00,200.7,200.7488,200.5037,200.64,0
2026-08-03 05:28:00,200.62,200.7437,200.5412,200.6888,0
2026-08-03 05:29:00,200.68,200.72,200.5055,200.72,0
2026-08-03 05:30:00,200.63,200.745,200.63,200.745,0
2026-08-03 05:31:00,200.7,200.74,200.55,200.55,0
2026-08-03 05:32:00,200.7047,200.8857,200.505,200.617,0
2026-08-03 05:33:00,200.8,200.8,200.691,200.71,0
2026-08-03 05:34:00,200.71,200.82,200.68,200.68,0
2026-08-03 05:35:00,200.68,200.78,200.5075,200.77,0
2026-08-03 05:36:00,200.507,200.8705,200.507,200.76,0
2026-08-03 05:37:00,200.76,200.8802,200.53,200.8802,0
2026-08-03 05:38:00,200.5097,200.8827,200.5097,200.66,0
2026-08-03 05:39:00,200.6,200.76,200.6,200.7525,0
2026-08-03 05:40:00,200.8,200.8,200.7026,200.795,0
2026-08-03 05:41:00,200.7738,200.7755,200.6037,200.74,0
2026-08-03 05:42:00,200.6975,200.8,200.644,200.8,0
2026-08-03 05:43:00,200.7982,200.8,200.69,200.7,0
2026-08-03 05:44:00,200.72,200.7988,200.5012,200.5012,0
2026-08-03 05:45:00,200.61,200.7788,200.5,200.68,0
2026-08-03 05:46:00,200.75,200.78,200.5012,200.63,0
2026-08-03 05:47:00,200.7,200.79,200.7,200.7689,0
2026-08-03 05:48:00,200.784,200.784,200.7,200.7,0
2026-08-03 05:49:00,200.75,200.79,200.65,200.76,0
2026-08-03 05:50:00,200.68,200.7749,200.55,200.69,0
2026-08-03 05:51:00,200.555,200.74,200.44,200.51,0
2026-08-03 05:52:00,200.48,200.5,200.407,200.4435,0
2026-08-03 05:53:00,200.44,200.5,200.4062,200.45,0
2026-08-03 05:54:00,200.45,200.7888,200.45,200.6,0
2026-08-03 05:55:00,200.6,200.6,200.51,200.5474,0
2026-08-03 05:56:00,200.556,200.69,200.52,200.6,0
2026-08-03 05:57:00,200.7412,200.7488,200.57,200.7,0
2026-08-03 05:58:00,200.7788,200.7788,200.6,200.7,0
2026-08-03 05:59:00,200.7,200.7832,200.5,200.74,0
2026-08-03 06:00:00,200.6608,200.7,200.516,200.63,0
2026-08-03 06:01:00,200.66,200.68,200.51,200.63,0
2026-08-03 06:02:00,200.51,200.625,200.4537,200.5962,0
2026-08-03 06:03:00,200.5,200.6888,200.5,200.6888,0
2026-08-03 06:04:00,200.53,200.5951,200.44,200.496,0
2026-08-03 06:05:00,200.5,200.517,200.39,200.3932,0
2026-08-03 06:06:00,200.44,200.517,200.39,200.424,0
2026-08-03 06:07:00,200.44,200.5137,200.4012,200.4012,0
2026-08-03 06:08:00,200.52,200.52,200.4,200.4645,0
2026-08-03 06:09:00,200.31,200.4817,200.16,200.2552,0
2026-08-03 06:10:00,200.19,200.41,200.12,200.18,0
2026-08-03 06:11:00,200.18,200.482,200.17,200.34,0
2026-08-03 06:12:00,200.4,200.4,200.21,200.21,0
2026-08-03 06:13:00,200.22,200.4147,200.0112,200.19,0
2026-08-03 06:14:00,200.2945,200.2957,200.0876,200.22,0
2026-08-03 06:15:00,200.22,200.28,200.11,200.15,0
2026-08-03 06:16:00,200.21,200.2688,200.1117,200.158,0
2026-08-03 06:17:00,200.2,200.25,200.1,200.1,0
2026-08-03 06:18:00,200.1957,200.23,200.05,200.165,0
2026-08-03 06:19:00,200.1199,200.3,200.1199,200.21,0
2026-08-03 06:20:00,200.17,200.24,199.88,200.0,0
2026-08-03 06:21:00,199.91,200.0637,199.75,199.86,0
2026-08-03 06:22:00,199.86,199.94,199.75,199.75,0
2026-08-03 06:23:00,199.7983,199.9527,199.79,199.95,0
2026-08-03 06:24:00,199.95,199.995,199.66,199.75,0
2026-08-03 06:25:00,199.75,199.98,199.7,199.7,0
2026-08-03 06:26:00,199.81,199.96,199.6664,199.96,0
2026-08-03 06:27:00,199.9,199.9975,199.9,199.94,0
2026-08-03 06:28:00,199.955,200.0,199.91,199.99,0
2026-08-03 06:29:00,200.11,200.11,199.88,199.95,0
2026-08-03 06:30:00,199.96,199.9897,199.8,199.8503,0
2026-08-03 06:31:00,199.9,199.995,199.8,199.92,0
2026-08-03 06:32:00,199.91,200.0,199.8,199.8,0
2026-08-03 06:33:00,199.995,199.995,199.8,199.94,0
2026-08-03 06:34:00,199.97,200.0,199.8537,199.9911,0
2026-08-03 06:35:00,199.96,200.03,199.9,200.0,0
2026-08-03 06:36:00,199.99,200.1,199.99,200.0,0
2026-08-03 06:37:00,200.0,200.0,199.9,199.99,0
2026-08-03 06:38:00,199.9975,200.0,199.9,199.91,0
2026-08-03 06:39:00,199.91,199.9977,199.9,199.9938,0
2026-08-03 06:40:00,199.91,200.0,199.91,200.0,0
2026-08-03 06:41:00,199.97,199.9943,199.91,199.9918,0
2026-08-03 06:42:00,199.99,200.0,199.945,199.98,0
2026-08-03 06:43:00,199.98,200.0,199.98,199.9974,0
2026-08-03 06:44:00,199.9999,200.01,199.95,200.0,0
2026-08-03 06:45:00,200.0,200.0,199.99,200.0,0
2026-08-03 06:46:00,200.0,200.29,200.0,200.2,0
2026-08-03 06:47:00,200.2,200.28,200.0355,200.25,0
2026-08-03 06:48:00,200.25,200.287,199.9867,200.2,0
2026-08-03 06:49:00,200.2432,200.2432,199.9867,200.0104,0
2026-08-03 06:50:00,200.1,200.15,200.0,200.0121,0
2026-08-03 06:51:00,200.12,200.19,200.09,200.1732,0
2026-08-03 06:52:00,200.21,200.2897,200.1337,200.1337,0
2026-08-03 06:53:00,200.28,200.3,200.13,200.3,0
2026-08-03 06:54:00,200.2804,200.2804,200.1727,200.28,0
2026-08-03 06:55:00,200.27,200.46,200.2265,200.395,0
2026-08-03 06:56:00,200.205,200.3992,200.205,200.3404,0
2026-08-03 06:57:00,200.34,200.3999,200.34,200.37,0
2026-08-03 06:58:00,200.37,200.37,200.25,200.35,0
2026-08-03 06:59:00,200.35,200.4012,200.156,200.4012,0
2026-08-03 07:00:00,200.275,200.45,199.8412,199.8412,0
2026-08-03 07:01:00,199.9,199.9026,199.55,199.71,0
2026-08-03 07:02:00,199.73,199.74,199.63,199.65,0
2026-08-03 07:03:00,199.6929,199.75,199.5275,199.6,0
2026-08-03 07:04:00,199.65,199.84,199.5501,199.83,0
2026-08-03 07:05:00,199.7001,199.96,199.7001,199.8295,0
2026-08-03 07:06:00,199.78,199.8293,199.3,199.3,0
2026-08-03 07:07:00,199.5145,199.5518,199.31,199.4101,0
2026-08-03 07:08:00,199.5,199.66,199.2522,199.26,0
2026-08-03 07:09:00,199.33,199.4988,199.25,199.3597,0
2026-08-03 07:10:00,199.36,199.6,199.36,199.6,0
2026-08-03 07:11:00,199.6,199.6,199.44,199.49,0
2026-08-03 07:12:00,199.5,199.6,199.45,199.5133,0
2026-08-03 07:13:00,199.57,199.6,199.48,199.48,0
2026-08-03 07:14:00,199.55,199.55,199.35,199.3589,0
2026-08-03 07:15:00,199.4191,199.52,199.35,199.5,0
2026-08-03 07:16:00,199.45,199.6,199.42,199.4974,0
2026-08-03 07:17:00,199.4929,199.6499,199.45,199.6499,0
2026-08-03 07:18:00,199.63,199.7399,199.52,199.68,0
2026-08-03 07:19:00,199.54,199.68,199.52,199.68,0
2026-08-03 07:20:00,199.6101,199.6737,199.49,199.6,0
2026-08-03 07:21:00,199.59,199.5972,199.42,199.46,0
2026-08-03 07:22:00,199.46,199.7,199.35,199.65,0
2026-08-03 07:23:00,199.65,199.67,199.46,199.59,0
2026-08-03 07:24:00,199.5798,199.7,199.46,199.6459,0
2026-08-03 07:25:00,199.58,199.63,199.425,199.4535,0
2026-08-03 07:26:00,199.44,199.7,199.4019,199.6318,0
2026-08-03 07:27:00,199.6972,199.6972,199.5045,199.5673,0
2026-08-03 07:28:00,199.5682,199.61,199.5,199.5503,0
2026-08-03 07:29:00,199.5432,199.5932,199.32,199.343,0
2026-08-03 07:30:00,199.31,199.8424,199.2739,199.6062,0
2026-08-03 07:31:00,199.8437,199.85,199.5575,199.6807,0
2026-08-03 07:32:00,199.8067,199.81,199.65,199.75,0
2026-08-03 07:33:00,199.59,199.8,199.5,199.7544,0
2026-08-03 07:34:00,199.6802,199.84,199.65,199.84,0
2026-08-03 07:35:00,199.75,199.8506,199.68,199.7071,0
2026-08-03 07:36:00,199.75,199.7957,199.629,199.68,0
2026-08-03 07:37:00,199.65,199.7167,199.5,199.5964,0
2026-08-03 07:38:00,199.55,199.75,199.4242,199.59,0
2026-08-03 07:39:00,199.4845,199.52,199.33,199.41,0
2026-08-03 07:40:00,199.3673,199.41,199.26,199.27,0
2026-08-03 07:41:00,199.3,199.3,199.1987,199.29,0
2026-08-03 07:42:00,199.2,199.3547,199.11,199.21,0
2026-08-03 07:43:00,199.26,199.36,199.12,199.36,0
2026-08-03 07:44:00,199.26,199.47,199.26,199.36,0
2026-08-03 07:45:00,199.33,199.67,199.2,199.31,0
2026-08-03 07:46:00,199.22,199.4,199.22,199.3,0
2026-08-03 07:47:00,199.3,199.4,199.1,199.1876,0
2026-08-03 07:48:00,199.2,199.25,199.02,199.06,0
2026-08-03 07:49:00,199.06,199.2,199.028,199.16,0
2026-08-03 07:50:00,199.1885,199.1997,198.79,198.91,0
2026-08-03 07:51:00,198.8,198.92,198.68,198.7337,0
2026-08-03 07:52:00,198.8,198.87,198.64,198.64,0
2026-08-03 07:53:00,198.64,198.7862,198.35,198.5388,0
2026-08-03 07:54:00,198.45,198.54,198.4,198.47,0
2026-08-03 07:55:00,198.46,198.51,198.2996,198.4,0
2026-08-03 07:56:00,198.36,198.65,198.3,198.5362,0
2026-08-03 07:57:00,198.47,198.65,198.35,198.5,0
2026-08-03 07:58:00,198.51,198.6,198.46,198.57,0
2026-08-03 07:59:00,198.53,198.72,198.475,198.51,0
2026-08-03 08:00:00,198.5791,198.65,198.35,198.35,0
2026-08-03 08:01:00,198.5,198.5,198.31,198.3621,0
2026-08-03 08:02:00,198.4367,198.48,198.26,198.3897,0
2026-08-03 08:03:00,198.3101,198.41,198.24,198.24,0
2026-08-03 08:04:00,198.2931,198.42,198.09,198.28,0
2026-08-03 08:05:00,198.3,198.3,198.09,198.15,0
2026-08-03 08:06:00,198.2,198.2,198.0389,198.1,0
2026-08-03 08:07:00,198.1,198.2275,197.944,198.2238,0
2026-08-03 08:08:00,198.14,198.4,198.13,198.3804,0
2026-08-03 08:09:00,198.35,198.51,198.25,198.4025,0
2026-08-03 08:10:00,198.5,198.5,198.2552,198.4515,0
2026-08-03 08:11:00,198.4,198.5955,198.4,198.53,0
2026-08-03 08:12:00,198.51,198.65,198.42,198.6431,0
2026-08-03 08:13:00,198.6071,198.87,198.55,198.69,0
2026-08-03 08:14:00,198.6826,198.775,198.6015,198.7131,0
2026-08-03 08:15:00,198.7,198.75,198.57,198.72,0
2026-08-03 08:16:00,198.711,198.82,198.55,198.58,0
2026-08-03 08:17:00,198.58,198.66,198.5,198.6224,0
2026-08-03 08:18:00,198.6224,198.73,198.58,198.73,0
2026-08-03 08:19:00,198.69,198.73,198.5545,198.68,0
2026-08-03 08:20:00,198.7,198.85,198.6,198.85,0
2026-08-03 08:21:00,198.6,198.89,198.6,198.8499,0
2026-08-03 08:22:00,198.8431,198.89,198.65,198.75,0
2026-08-03 08:23:00,198.74,198.7594,198.67,198.7,0
2026-08-03 08:24:00,198.727,198.73,198.6,198.7072,0
2026-08-03 08:25:00,198.61,198.82,198.61,198.6312,0
2026-08-03 08:26:00,198.6839,198.76,198.63,198.655,0
2026-08-03 08:27:00,198.63,198.7,198.42,198.66,0
2026-08-03 08:28:00,198.61,198.7,198.54,198.6755,0
2026-08-03 08:29:00,198.6755,198.8,198.53,198.53,0
2026-08-03 08:30:00,198.7582,198.8,198.542,198.59,0
2026-08-03 08:31:00,198.6,198.6,198.45,198.54,0
2026-08-03 08:32:00,198.5423,198.55,198.4302,198.4831,0
2026-08-03 08:33:00,198.4487,198.52,198.3052,198.5047,0
2026-08-03 08:34:00,198.42,198.54,198.25,198.38,0
2026-08-03 08:35:00,198.3742,198.54,198.2,198.2831,0
2026-08-03 08:36:00,198.29,198.3,198.18,198.3,0
2026-08-03 08:37:00,198.3,198.3,198.11,198.2,0
2026-08-03 08:38:00,198.15,198.2,198.1,198.12,0
2026-08-03 08:39:00,198.12,198.43,198.0825,198.3397,0
2026-08-03 08:40:00,198.3283,198.5,198.2503,198.4775,0
2026-08-03 08:41:00,198.3535,198.59,198.3535,198.58,0
2026-08-03 08:42:00,198.58,198.75,198.57,198.63,0
2026-08-03 08:43:00,198.63,198.75,198.6,198.65,0
2026-08-03 08:44:00,198.65,198.69,198.6,198.6831,0
2026-08-03 08:45:00,198.6831,198.69,198.6071,198.6071,0
2026-08-03 08:46:00,198.649,198.68,198.6,198.65,0
2026-08-03 08:47:00,198.68,198.68,198.42,198.52,0
2026-08-03 08:48:00,198.52,198.59,198.45,198.55,0
2026-08-03 08:49:00,198.55,198.6,198.3075,198.42,0
2026-08-03 08:50:00,198.4685,198.5952,198.4,198.4,0
2026-08-03 08:51:00,198.4,198.6,198.35,198.5994,0
2026-08-03 08:52:00,198.6,198.6,198.49,198.55,0
2026-08-03 08:53:00,198.5,198.6,198.38,198.515,0
2026-08-03 08:54:00,198.5737,198.7,198.43,198.6402,0
2026-08-03 08:55:00,198.65,198.72,198.6012,198.72,0
2026-08-03 08:56:00,198.7,198.7892,198.7,198.76,0
2026-08-03 08:57:00,198.75,198.8,198.6503,198.71,0
2026-08-03 08:58:00,198.71,198.76,198.65,198.6504,0
2026-08-03 08:59:00,198.6698,198.7352,198.52,198.6431,0
2026-08-03 09:00:00,198.6517,198.78,198.54,198.64,0
2026-08-03 09:01:00,198.6,198.67,198.45,198.58,0
2026-08-03 09:02:00,198.58,198.76,198.44,198.51,0
2026-08-03 09:03:00,198.52,198.7,198.51,198.64,0
2026-08-03 09:04:00,198.6711,198.9,198.55,198.7989,0
2026-08-03 09:05:00,198.82,198.9,198.74,198.89,0
2026-08-03 09:06:00,198.85,198.9,198.7875,198.85,0
2026-08-03 09:07:00,198.8,198.9,198.7,198.7847,0
2026-08-03 09:08:00,198.834,198.87,198.7,198.7892,0
2026-08-03 09:09:00,198.7901,198.85,198.7147,198.8,0
2026-08-03 09:10:00,198.75,198.85,198.7,198.85,0
2026-08-03 09:11:00,198.8329,198.85,198.7,198.765,0
2026-08-03 09:12:00,198.77,198.84,198.67,198.7559,0
2026-08-03 09:13:00,198.7384,198.81,198.58,198.7237,0
2026-08-03 09:14:00,198.6809,198.76,198.6063,198.74,0
2026-08-03 09:15:00,198.7646,199.0,198.7291,198.94,0
2026-08-03 09:16:00,198.86,198.99,198.8419,198.98,0
2026-08-03 09:17:00,198.93,199.1072,198.93,199.0987,0
2026-08-03 09:18:00,199.0982,199.25,199.0317,199.2385,0
2026-08-03 09:19:00,199.2493,199.29,199.1,199.25,0
2026-08-03 09:20:00,199.23,199.24,199.105,199.1758,0
2026-08-03 09:21:00,199.1861,199.1861,199.0,199.0337,0
2026-08-03 09:22:00,199.05,199.1837,198.9267,199.0518,0
2026-08-03 09:23:00,199.06,199.19,199.05,199.05,0
2026-08-03 09:24:00,199.08,199.19,198.85,198.96,0
2026-08-03 09:25:00,198.89,198.9482,198.2998,198.2998,0
2026-08-03 09:26:00,198.3384,198.5,198.1,198.175,0
2026-08-03 09:27:00,198.26,198.3,197.3,197.42,0
2026-08-03 09:28:00,197.49,197.73,196.75,197.35,0
2026-08-03 09:29:00,197.35,197.74,197.0203,197.69,0
2026-08-03 09:30:00,198.5,198.58,198.5,198.5401,5449506
2026-08-03 09:31:00,198.58,198.89,198.36,198.78,508674
2026-08-03 09:32:00,198.81,199.8299,198.62,199.38,639060
2026-08-03 09:33:00,199.33,199.35,198.31,198.311,529242
2026-08-03 09:34:00,198.34,199.49,198.34,199.475,512934
2026-08-03 09:35:00,199.5,199.73,198.88,199.18,559451
2026-08-03 09:36:00,199.2,199.7,199.09,199.445,422774
2026-08-03 09:37:00,199.445,199.83,199.1,199.135,447926
2026-08-03 09:38:00,199.12,199.34,198.76,199.125,531326
2026-08-03 09:39:00,199.1769,199.5,199.03,199.145,345117
2026-08-03 09:40:00,199.1255,199.2099,198.41,198.67,531645
2026-08-03 09:41:00,198.65,198.95,198.55,198.55,342049
2026-08-03 09:42:00,198.55,198.745,198.1502,198.25,350428
2026-08-03 09:43:00,198.2665,198.5363,198.09,198.45,281730
2026-08-03 09:44:00,198.47,198.969,198.385,198.85,264185
2026-08-03 09:45:00,198.88,199.07,198.77,198.82,298139
2026-08-03 09:46:00,198.81,199.1045,198.68,198.77,257054
2026-08-03 09:47:00,198.8268,199.46,198.7678,199.45,365965
2026-08-03 09:48:00,199.47,199.8468,199.27,199.58,505514
2026-08-03 09:49:00,199.56,199.94,199.4,199.72,278713
2026-08-03 09:50:00,199.68,199.86,199.34,199.51,333097
2026-08-03 09:51:00,199.515,199.86,199.45,199.53,297808
2026-08-03 09:52:00,199.525,199.88,199.47,199.725,382230
2026-08-03 09:53:00,199.74,200.1758,199.67,200.135,502476
2026-08-03 09:54:00,200.12,200.22,199.84,200.215,438630
2026-08-03 09:55:00,200.2251,200.37,199.94,200.18,365890
2026-08-03 09:56:00,200.215,200.73,200.2,200.7,361875
2026-08-03 09:57:00,200.7001,201.53,200.7001,201.42,574384
2026-08-03 09:58:00,201.43,202.06,201.32,201.875,714152
2026-08-03 09:59:00,201.885,202.35,201.77,202.2624,521592
2026-08-03 10:00:00,202.23,202.4725,201.99,202.435,629240
2026-08-03 10:01:00,202.4446,202.73,202.31,202.3868,902540
2026-08-03 10:02:00,202.4,202.44,201.51,201.78,667390
2026-08-03 10:03:00,201.81,202.34,201.76,202.14,767403
2026-08-03 10:04:00,202.15,202.4799,201.8012,202.4,369612
2026-08-03 10:05:00,202.37,202.955,202.14,202.955,582127
2026-08-03 10:06:00,202.94,203.875,202.86,203.7652,1133020
2026-08-03 10:07:00,203.735,203.96,203.37,203.41,618849
2026-08-03 10:08:00,203.4001,204.06,203.1601,203.8918,784773
2026-08-03 10:09:00,203.935,204.04,203.77,203.9699,384057
2026-08-03 10:10:00,203.97,204.6999,203.91,204.57,604152
2026-08-03 10:11:00,204.5701,205.33,204.53,205.0942,938167
2026-08-03 10:12:00,205.09,205.59,204.8505,204.9,661769
2026-08-03 10:13:00,204.9,204.93,204.3,204.345,536903
2026-08-03 10:14:00,204.32,204.34,203.92,204.21,409108
2026-08-03 10:15:00,204.2,204.29,203.95,204.17,285356
2026-08-03 10:16:00,204.17,204.7651,204.17,204.61,442855
2026-08-03 10:17:00,204.63,205.07,204.4,205.04,407451
2026-08-03 10:18:00,205.0001,205.21,204.91,205.0,394105
2026-08-03 10:19:00,204.995,205.03,204.36,204.375,363552
2026-08-03 10:20:00,204.375,205.089,204.2301,205.085,375815
2026-08-03 10:21:00,205.075,205.3893,205.0,205.3151,418254
2026-08-03 10:22:00,205.31,205.64,205.16,205.43,490581
2026-08-03 10:23:00,205.44,205.62,205.35,205.48,369312
2026-08-03 10:24:00,205.52,205.72,205.2401,205.455,420937
2026-08-03 10:25:00,205.44,205.65,205.31,205.3301,272442
2026-08-03 10:26:00,205.3352,205.66,205.15,205.455,364098
2026-08-03 10:27:00,205.455,205.46,204.75,204.96,395942
2026-08-03 10:28:00,204.94,205.1916,204.89,204.945,341996
2026-08-03 10:29:00,204.9219,205.3901,204.895,205.3901,407442
2026-08-03 10:30:00,205.39,205.426,204.8001,204.95,430648
2026-08-03 10:31:00,204.945,205.37,204.94,205.16,318374
2026-08-03 10:32:00,205.15,205.43,204.98,205.275,396059
2026-08-03 10:33:00,205.28,205.49,205.24,205.42,300201
2026-08-03 10:34:00,205.4201,205.75,205.3662,205.47,478527
2026-08-03 10:35:00,205.48,205.6979,205.37,205.6979,382903
2026-08-03 10:36:00,205.75,205.88,205.53,205.67,329876
2026-08-03 10:37:00,205.705,205.89,205.6,205.605,388978
2026-08-03 10:38:00,205.61,205.79,205.575,205.79,280670
2026-08-03 10:39:00,205.8,206.27,205.75,205.88,651896
2026-08-03 10:40:00,205.895,206.315,205.81,206.235,357267
2026-08-03 10:41:00,206.235,206.37,205.89,206.09,385051
2026-08-03 10:42:00,206.125,206.16,205.74,205.8,363283
2026-08-03 10:43:00,205.805,205.91,205.51,205.83,321624
2026-08-03 10:44:00,205.81,206.11,205.69,206.01,272991
2026-08-03 10:45:00,206.01,206.075,205.715,205.7405,211139
2026-08-03 10:46:00,205.75,206.27,205.7401,206.06,312976
2026-08-03 10:47:00,206.05,206.0692,205.875,205.98,212482
2026-08-03 10:48:00,205.976,206.4,205.95,206.105,288157
2026-08-03 10:49:00,206.1199,206.375,206.0501,206.18,279618
2026-08-03 10:50:00,206.15,206.455,206.0,206.24,369974
2026-08-03 10:51:00,206.255,206.45,206.0801,206.3717,373650
2026-08-03 10:52:00,206.365,206.46,206.1901,206.2801,189294
2026-08-03 10:53:00,206.31,206.57,206.28,206.37,333940
2026-08-03 10:54:00,206.32,206.425,206.05,206.12,240723
2026-08-03 10:55:00,206.16,206.44,206.08,206.375,217669
2026-08-03 10:56:00,206.375,206.6,206.34,206.355,286953
2026-08-03 10:57:00,206.37,206.55,206.16,206.53,246750
2026-08-03 10:58:00,206.53,206.53,206.1821,206.395,304294
2026-08-03 10:59:00,206.39,206.49,206.18,206.29,231711
2026-08-03 11:00:00,206.2919,206.2919,206.08,206.2299,280207
2026-08-03 11:01:00,206.2399,206.47,206.18,206.365,275778
2026-08-03 11:02:00,206.38,206.62,206.27,206.555,376144
2026-08-03 11:03:00,206.555,206.88,206.48,206.795,544991
2026-08-03 11:04:00,206.8,207.09,206.64,207.08,629545
2026-08-03 11:05:00,207.08,207.21,206.82,206.9696,383706
2026-08-03 11:06:00,206.98,206.98,206.5505,206.65,329206
2026-08-03 11:07:00,206.66,206.99,206.4103,206.8699,420745
2026-08-03 11:08:00,206.855,207.12,206.74,206.885,321801
2026-08-03 11:09:00,206.87,206.91,206.4,206.45,309164
2026-08-03 11:10:00,206.44,206.72,206.28,206.67,293899
2026-08-03 11:11:00,206.6495,206.6499,206.25,206.56,236024
2026-08-03 11:12:00,206.55,206.8,206.4601,206.795,266496
2026-08-03 11:13:00,206.78,207.09,206.7,206.7,335528
2026-08-03 11:14:00,206.69,206.85,206.5345,206.635,205913
2026-08-03 11:15:00,206.635,207.05,206.62,206.9745,239766
2026-08-03 11:16:00,206.97,207.22,206.8995,207.0473,342619
2026-08-03 11:17:00,207.035,207.05,206.6,206.7899,302196
2026-08-03 11:18:00,206.7899,206.97,206.71,206.94,161774
2026-08-03 11:19:00,206.94,207.1,206.84,207.0,273566
2026-08-03 11:20:00,207.01,207.33,207.005,207.32,311244
2026-08-03 11:21:00,207.33,207.4,207.0,207.06,283844
2026-08-03 11:22:00,207.08,207.08,206.82,207.015,230967
2026-08-03 11:23:00,207.0201,207.2,206.99,207.165,245767
2026-08-03 11:24:00,207.165,207.28,206.9431,206.95,226533
2026-08-03 11:25:00,206.95,207.215,206.85,207.05,389541
2026-08-03 11:26:00,207.045,207.18,206.93,206.97,401072
2026-08-03 11:27:00,206.96,207.04,206.8,207.025,204318
2026-08-03 11:28:00,207.02,207.06,206.39,206.68,315463
2026-08-03 11:29:00,206.6899,206.83,206.4,206.415,190508
2026-08-03 11:30:00,206.42,207.1,206.41,206.88,258388
2026-08-03 11:31:00,206.8861,207.24,206.87,206.905,332688
2026-08-03 11:32:00,206.94,207.0099,206.7201,206.782,188065
2026-08-03 11:33:00,206.8,207.0,206.74,206.98,166828
2026-08-03 11:34:00,206.96,207.1599,206.915,207.04,211935
2026-08-03 11:35:00,207.04,207.06,206.7447,206.93,927793
2026-08-03 11:36:00,206.9301,206.9799,206.635,206.665,319518
2026-08-03 11:37:00,206.66,206.76,206.37,206.4085,229779
2026-08-03 11:38:00,206.4099,206.46,206.27,206.3483,208671
2026-08-03 11:39:00,206.3,206.57,206.2997,206.555,160271
2026-08-03 11:40:00,206.54,206.88,206.53,206.735,188123
2026-08-03 11:41:00,206.735,206.85,206.66,206.74,116465
2026-08-03 11:42:00,206.74,206.78,206.66,206.7163,153218
2026-08-03 11:43:00,206.73,206.755,206.5307,206.68,139671
2026-08-03 11:44:00,206.68,206.7,206.56,206.635,90871
2026-08-03 11:45:00,206.635,206.77,206.63,206.71,151233
2026-08-03 11:46:00,206.75,206.78,206.61,206.68,130935
2026-08-03 11:47:00,206.67,206.76,206.64,206.7,88233
2026-08-03 11:48:00,206.7005,206.8,206.65,206.71,135643
2026-08-03 11:49:00,206.7,206.99,206.665,206.9,179087
2026-08-03 11:50:00,206.89,207.1258,206.88,207.0699,258842
2026-08-03 11:51:00,207.07,207.12,206.7801,206.86,133562
2026-08-03 11:52:00,206.86,206.97,206.81,206.9661,113918
2026-08-03 11:53:00,206.95,207.1,206.91,207.1,894909
2026-08-03 11:54:00,207.1,207.13,206.95,206.9603,137061
2026-08-03 11:55:00,206.96,207.15,206.83,207.07,235635
2026-08-03 11:56:00,207.1301,207.1301,207.1301,207.1301,0
