time_et,open,high,low,close,volume
2026-07-24 04:00:00,692.3667,693.38,688.7792,692.23,0
2026-07-24 04:01:00,692.2119,693.37,688.8,692.1382,0
2026-07-24 04:02:00,692.06,692.06,690.49,691.9382,0
2026-07-24 04:03:00,691.97,693.04,689.45,693.04,0
2026-07-24 04:04:00,692.05,692.05,691.67,691.77,0
2026-07-24 04:05:00,691.75,691.755,691.39,691.47,0
2026-07-24 04:06:00,691.52,692.96,689.75,691.55,0
2026-07-24 04:07:00,691.5382,691.57,691.352,691.5585,0
2026-07-24 04:08:00,691.57,691.65,691.4517,691.502,0
2026-07-24 04:09:00,691.5008,691.83,691.45,691.45,0
2026-07-24 04:10:00,691.478,691.58,691.4115,691.58,0
2026-07-24 04:11:00,691.388,691.388,691.12,691.25,0
2026-07-24 04:12:00,691.1815,691.2,690.9,690.94,0
2026-07-24 04:13:00,691.0015,691.2179,691.0015,691.08,0
2026-07-24 04:14:00,691.14,691.37,691.14,691.2698,0
2026-07-24 04:15:00,691.2692,691.449,691.2692,691.449,0
2026-07-24 04:16:00,691.3917,691.7915,691.3917,691.7915,0
2026-07-24 04:17:00,691.79,691.9785,691.72,691.72,0
2026-07-24 04:18:00,691.78,691.78,691.4192,691.4192,0
2026-07-24 04:19:00,691.37,691.7182,691.37,691.68,0
2026-07-24 04:20:00,691.76,691.9082,691.74,691.812,0
2026-07-24 04:21:00,691.89,691.998,691.7005,691.77,0
2026-07-24 04:22:00,691.752,691.988,691.752,691.9588,0
2026-07-24 04:23:00,691.9077,691.95,691.7722,691.8677,0
2026-07-24 04:24:00,691.9777,691.9777,691.582,691.6782,0
2026-07-24 04:25:00,691.57,691.6917,691.4715,691.64,0
2026-07-24 04:26:00,691.66,692.0877,691.66,692.0475,0
2026-07-24 04:27:00,691.9022,692.0177,691.8522,691.93,0
2026-07-24 04:28:00,692.0,692.03,691.822,691.89,0
2026-07-24 04:29:00,691.9093,692.49,691.9093,692.49,0
2026-07-24 04:30:00,692.4177,692.6782,692.3222,692.56,0
2026-07-24 04:31:00,692.44,692.71,692.34,692.7085,0
2026-07-24 04:32:00,692.6585,692.8202,692.5517,692.74,0
2026-07-24 04:33:00,692.8782,692.9082,692.752,692.83,0
2026-07-24 04:34:00,692.79,692.8582,692.682,692.762,0
2026-07-24 04:35:00,692.84,692.8882,692.6217,692.718,0
2026-07-24 04:36:00,692.7282,692.8685,692.642,692.8482,0
2026-07-24 04:37:00,692.912,693.14,692.912,693.0377,0
2026-07-24 04:38:00,693.048,693.048,692.7507,692.81,0
2026-07-24 04:39:00,692.76,692.8885,692.7015,692.7015,0
2026-07-24 04:40:00,692.7022,692.8582,692.6017,692.6017,0
2026-07-24 04:41:00,692.6415,692.72,692.5585,692.72,0
2026-07-24 04:42:00,692.7085,692.71,692.5515,692.5522,0
2026-07-24 04:43:00,692.5222,692.5722,692.4122,692.49,0
2026-07-24 04:44:00,692.5385,692.7082,692.4887,692.698,0
2026-07-24 04:45:00,692.6882,692.6882,692.5517,692.688,0
2026-07-24 04:46:00,692.5617,692.74,692.5293,692.5885,0
2026-07-24 04:47:00,692.57,692.7,692.3717,692.4021,0
2026-07-24 04:48:00,692.4581,692.4581,692.1617,692.23,0
2026-07-24 04:49:00,692.268,692.4582,692.268,692.4582,0
2026-07-24 04:50:00,692.46,692.5785,692.3317,692.3317,0
2026-07-24 04:51:00,692.39,692.438,692.292,692.4017,0
2026-07-24 04:52:00,692.382,692.458,692.2717,692.3615,0
2026-07-24 04:53:00,692.4585,692.51,692.2417,692.2417,0
2026-07-24 04:54:00,692.242,692.6,692.242,692.6,0
2026-07-24 04:55:00,692.472,692.6817,692.4517,692.678,0
2026-07-24 04:56:00,692.6017,692.6782,692.3817,692.4882,0
2026-07-24 04:57:00,692.422,692.5077,692.3512,692.4,0
2026-07-24 04:58:00,692.3615,692.4088,692.2417,692.3182,0
2026-07-24 04:59:00,692.272,692.5087,692.272,692.4687,0
2026-07-24 05:00:00,692.5482,692.5482,692.2487,692.3015,0
2026-07-24 05:01:00,692.3782,692.6682,692.2822,692.6682,0
2026-07-24 05:02:00,692.6485,692.7977,692.432,692.7882,0
2026-07-24 05:03:00,692.75,692.85,692.582,692.85,0
2026-07-24 05:04:00,692.7117,692.7882,692.402,692.432,0
2026-07-24 05:05:00,692.478,692.568,692.34,692.37,0
2026-07-24 05:06:00,692.4385,692.65,692.3807,692.602,0
2026-07-24 05:07:00,692.6785,692.998,692.6295,692.97,0
2026-07-24 05:08:00,693.0217,693.2182,693.0217,693.1017,0
2026-07-24 05:09:00,693.22,693.91,693.2017,693.802,0
2026-07-24 05:10:00,693.8387,693.84,693.722,693.739,0
2026-07-24 05:11:00,693.7,693.7568,693.3515,693.4182,0
2026-07-24 05:12:00,693.4,693.4,692.9317,692.96,0
2026-07-24 05:13:00,693.0387,693.139,692.9715,693.128,0
2026-07-24 05:14:00,693.0217,693.06,692.8809,693.0182,0
2026-07-24 05:15:00,692.9417,693.0785,692.74,692.74,0
2026-07-24 05:16:00,692.7982,693.1682,692.7982,693.0617,0
2026-07-24 05:17:00,693.1282,693.2377,692.982,692.982,0
2026-07-24 05:18:00,693.0277,693.0277,692.822,692.8882,0
2026-07-24 05:19:00,692.7817,693.17,692.7415,693.17,0
2026-07-24 05:20:00,693.1222,693.1984,693.002,693.1386,0
2026-07-24 05:21:00,693.1315,693.33,693.0922,693.33,0
2026-07-24 05:22:00,693.4015,693.4015,693.1215,693.1215,0
2026-07-24 05:23:00,693.1524,693.4,693.1524,693.3982,0
2026-07-24 05:24:00,693.32,693.4482,693.32,693.41,0
2026-07-24 05:25:00,693.51,693.8,693.51,693.6617,0
2026-07-24 05:26:00,693.7,693.8182,693.5202,693.5202,0
2026-07-24 05:27:00,693.549,693.6175,693.44,693.5682,0
2026-07-24 05:28:00,693.522,693.7,693.522,693.632,0
2026-07-24 05:29:00,693.69,693.8,693.652,693.738,0
2026-07-24 05:30:00,693.7007,693.7687,693.4917,693.7117,0
2026-07-24 05:31:00,693.75,693.8705,693.6517,693.8382,0
2026-07-24 05:32:00,693.8285,694.0282,693.8085,694.0282,0
2026-07-24 05:33:00,693.9817,694.109,693.8815,693.9622,0
2026-07-24 05:34:00,693.9585,693.99,693.8817,693.97,0
2026-07-24 05:35:00,693.9782,694.04,693.692,693.72,0
2026-07-24 05:36:00,693.78,694.0,693.772,693.9007,0
2026-07-24 05:37:00,693.96,693.96,693.8015,693.9082,0
2026-07-24 05:38:00,694.02,694.0682,693.8524,693.998,0
2026-07-24 05:39:00,694.0,694.21,693.9017,694.1882,0
2026-07-24 05:40:00,694.1717,694.2492,694.03,694.0882,0
2026-07-24 05:41:00,694.08,694.238,694.0,694.08,0
2026-07-24 05:42:00,694.08,694.36,694.04,694.3015,0
2026-07-24 05:43:00,694.3015,694.4185,694.2615,694.37,0
2026-07-24 05:44:00,694.35,694.3982,694.2015,694.2615,0
2026-07-24 05:45:00,694.2887,694.4187,694.2115,694.3111,0
2026-07-24 05:46:00,694.38,694.38,694.2507,694.2987,0
2026-07-24 05:47:00,694.25,694.3687,694.1315,694.19,0
2026-07-24 05:48:00,694.1815,694.258,694.0212,694.11,0
2026-07-24 05:49:00,694.11,694.24,693.9608,694.01,0
2026-07-24 05:50:00,694.0385,694.098,694.001,694.0015,0
2026-07-24 05:51:00,693.989,694.2282,693.9415,694.02,0
2026-07-24 05:52:00,694.0107,694.1482,694.0107,694.09,0
2026-07-24 05:53:00,694.0643,694.1087,693.9017,693.9882,0
2026-07-24 05:54:00,694.01,694.01,693.9,693.9317,0
2026-07-24 05:55:00,693.9785,694.158,693.9317,694.1382,0
2026-07-24 05:56:00,694.0715,694.2192,694.0715,694.21,0
2026-07-24 05:57:00,694.19,694.3387,694.0815,694.2317,0
2026-07-24 05:58:00,694.2417,694.3782,694.2417,694.3215,0
2026-07-24 05:59:00,694.33,694.4687,694.1824,694.3715,0
2026-07-24 06:00:00,694.3985,694.47,694.2315,694.4317,0
2026-07-24 06:01:00,694.48,694.48,694.19,694.2288,0
2026-07-24 06:02:00,694.12,694.18,694.1124,694.1124,0
2026-07-24 06:03:00,694.142,694.23,693.98,693.98,0
2026-07-24 06:04:00,693.92,694.0,693.8982,693.8982,0
2026-07-24 06:05:00,693.8787,693.8882,693.7706,693.8208,0
2026-07-24 06:06:00,693.7908,693.97,693.7908,693.88,0
2026-07-24 06:07:00,693.8187,693.8187,693.5787,693.59,0
2026-07-24 06:08:00,693.53,693.63,693.514,693.56,0
2026-07-24 06:09:00,693.56,693.62,693.56,693.62,0
2026-07-24 06:10:00,693.72,693.72,693.5711,693.6463,0
2026-07-24 06:11:00,693.66,693.71,693.66,693.71,0
2026-07-24 06:12:00,693.66,693.66,693.45,693.5505,0
2026-07-24 06:13:00,693.46,693.54,693.4209,693.4209,0
2026-07-24 06:14:00,693.4,693.55,693.4,693.4993,0
2026-07-24 06:15:00,693.5,693.6,693.4408,693.6,0
2026-07-24 06:16:00,693.6145,693.63,693.31,693.37,0
2026-07-24 06:17:00,693.37,693.48,693.37,693.4577,0
2026-07-24 06:18:00,693.4292,693.4782,693.372,693.372,0
2026-07-24 06:19:00,693.32,693.42,693.31,693.34,0
2026-07-24 06:20:00,693.44,693.44,693.2693,693.3868,0
2026-07-24 06:21:00,693.4414,693.57,693.4317,693.4317,0
2026-07-24 06:22:00,693.48,693.5687,693.48,693.5687,0
2026-07-24 06:23:00,693.68,693.68,693.61,693.61,0
2026-07-24 06:24:00,693.61,693.644,693.61,693.61,0
2026-07-24 06:25:00,693.5655,693.63,693.3,693.3882,0
2026-07-24 06:26:00,693.42,693.48,693.29,693.48,0
2026-07-24 06:27:00,693.6,693.8,693.6,693.8,0
2026-07-24 06:28:00,693.82,693.82,693.7817,693.7817,0
2026-07-24 06:29:00,693.76,693.76,693.61,693.67,0
2026-07-24 06:30:00,693.618,693.6391,693.5982,693.6226,0
2026-07-24 06:31:00,693.655,693.99,693.655,693.9617,0
2026-07-24 06:32:00,693.84,693.84,693.7482,693.7482,0
2026-07-24 06:33:00,693.74,693.9329,693.74,693.9,0
2026-07-24 06:34:00,693.84,693.84,693.5,693.5,0
2026-07-24 06:35:00,693.53,693.53,693.1912,693.1912,0
2026-07-24 06:36:00,693.25,693.33,693.25,693.29,0
2026-07-24 06:37:00,693.28,693.36,693.17,693.23,0
2026-07-24 06:38:00,693.17,693.21,693.0785,693.21,0
2026-07-24 06:39:00,693.1985,693.1985,693.04,693.11,0
2026-07-24 06:40:00,693.108,693.108,692.8792,692.8792,0
2026-07-24 06:41:00,692.9167,693.2,692.9167,693.11,0
2026-07-24 06:42:00,693.14,693.17,693.0723,693.0971,0
2026-07-24 06:43:00,693.0,693.0,692.9007,692.9007,0
2026-07-24 06:44:00,692.96,693.0492,692.9152,693.0492,0
2026-07-24 06:45:00,693.0021,693.19,692.99,693.008,0
2026-07-24 06:46:00,693.13,693.1578,693.04,693.1206,0
2026-07-24 06:47:00,693.08,693.16,693.05,693.05,0
2026-07-24 06:48:00,693.0208,693.28,693.0208,693.28,0
2026-07-24 06:49:00,693.2092,693.2092,693.09,693.09,0
2026-07-24 06:50:00,693.1217,693.1382,692.9582,692.9582,0
2026-07-24 06:51:00,692.96,692.9801,692.78,692.8,0
2026-07-24 06:52:00,692.79,692.82,692.7497,692.82,0
2026-07-24 06:53:00,692.767,692.886,692.767,692.886,0
2026-07-24 06:54:00,692.907,692.91,692.8,692.8982,0
2026-07-24 06:55:00,692.84,693.0,692.81,692.895,0
2026-07-24 06:56:00,692.9,693.0304,692.862,693.02,0
2026-07-24 06:57:00,692.9817,692.9817,692.832,692.92,0
2026-07-24 06:58:00,693.03,693.07,693.0111,693.035,0
2026-07-24 06:59:00,693.0082,693.068,692.83,692.83,0
2026-07-24 07:00:00,692.89,693.06,691.96,692.87,0
2026-07-24 07:01:00,692.92,693.231,692.8601,693.09,0
2026-07-24 07:02:00,693.2219,693.25,693.06,693.13,0
2026-07-24 07:03:00,693.1,693.33,693.09,693.27,0
2026-07-24 07:04:00,693.3873,693.3873,693.1118,693.26,0
2026-07-24 07:05:00,693.2517,693.4461,693.2413,693.347,0
2026-07-24 07:06:00,693.3969,693.49,693.33,693.46,0
2026-07-24 07:07:00,693.4308,693.472,693.41,693.45,0
2026-07-24 07:08:00,693.4518,693.4518,693.08,693.09,0
2026-07-24 07:09:00,693.06,693.145,692.9188,692.9907,0
2026-07-24 07:10:00,692.95,692.96,692.84,692.96,0
2026-07-24 07:11:00,692.98,693.1424,692.95,693.11,0
2026-07-24 07:12:00,693.0954,693.18,693.0701,693.105,0
2026-07-24 07:13:00,693.12,693.21,693.11,693.12,0
2026-07-24 07:14:00,693.1404,693.2843,693.14,693.26,0
2026-07-24 07:15:00,693.3245,693.3404,693.13,693.13,0
2026-07-24 07:16:00,693.1883,693.24,693.07,693.1102,0
2026-07-24 07:17:00,693.23,693.3896,693.1832,693.2361,0
2026-07-24 07:18:00,693.2176,693.42,693.19,693.38,0
2026-07-24 07:19:00,693.325,693.35,693.2002,693.2108,0
2026-07-24 07:20:00,693.245,693.36,693.245,693.36,0
2026-07-24 07:21:00,693.28,693.28,693.0001,693.0132,0
2026-07-24 07:22:00,693.0,693.0899,692.9765,692.9765,0
2026-07-24 07:23:00,693.01,693.1315,692.9548,693.1315,0
2026-07-24 07:24:00,693.165,693.42,693.1455,693.2682,0
2026-07-24 07:25:00,693.235,693.235,693.09,693.2084,0
2026-07-24 07:26:00,693.2207,693.2207,692.935,692.935,0
2026-07-24 07:27:00,692.959,693.04,692.88,692.88,0
2026-07-24 07:28:00,692.9876,693.039,692.91,692.933,0
2026-07-24 07:29:00,692.93,693.0183,692.85,692.96,0
2026-07-24 07:30:00,692.985,693.0161,692.8,692.81,0
2026-07-24 07:31:00,692.8973,692.95,692.655,692.655,0
2026-07-24 07:32:00,692.6532,692.6976,692.46,692.64,0
2026-07-24 07:33:00,692.6101,692.68,692.5326,692.5692,0
2026-07-24 07:34:00,692.5668,692.6227,692.53,692.53,0
2026-07-24 07:35:00,692.5476,692.5476,692.39,692.4315,0
2026-07-24 07:36:00,692.5077,692.98,692.429,692.98,0
2026-07-24 07:37:00,693.055,693.06,692.695,692.7377,0
2026-07-24 07:38:00,692.7189,692.72,692.58,692.6,0
2026-07-24 07:39:00,692.5477,692.6092,692.36,692.5335,0
2026-07-24 07:40:00,692.4977,692.5435,692.4,692.4404,0
2026-07-24 07:41:00,692.45,692.57,692.45,692.55,0
2026-07-24 07:42:00,692.575,692.61,692.475,692.5511,0
2026-07-24 07:43:00,692.561,692.6707,692.52,692.6335,0
2026-07-24 07:44:00,692.68,692.75,692.399,692.399,0
2026-07-24 07:45:00,692.3966,692.6,692.3966,692.5376,0
2026-07-24 07:46:00,692.5,692.5,692.28,692.35,0
2026-07-24 07:47:00,692.32,692.33,692.1974,692.2,0
2026-07-24 07:48:00,692.16,692.25,692.02,692.07,0
2026-07-24 07:49:00,692.0309,692.29,692.0,692.2508,0
2026-07-24 07:50:00,692.2529,692.353,692.2529,692.34,0
2026-07-24 07:51:00,692.335,692.5099,692.307,692.455,0
2026-07-24 07:52:00,692.555,692.6134,692.4938,692.5989,0
2026-07-24 07:53:00,692.6011,692.6011,692.31,692.35,0
2026-07-24 07:54:00,692.41,692.4509,692.2715,692.4076,0
2026-07-24 07:55:00,692.4,692.4,692.198,692.26,0
2026-07-24 07:56:00,692.2392,692.24,692.0,692.0,0
2026-07-24 07:57:00,692.04,692.332,692.018,692.1984,0
2026-07-24 07:58:00,692.1973,693.58,692.102,693.58,0
2026-07-24 07:59:00,693.655,694.32,693.6305,693.89,0
2026-07-24 08:00:00,693.8772,693.8772,693.41,693.4188,0
2026-07-24 08:01:00,693.44,693.4786,692.97,693.1324,0
2026-07-24 08:02:00,693.07,693.075,692.6753,692.8824,0
2026-07-24 08:03:00,692.83,693.06,692.83,692.9,0
2026-07-24 08:04:00,692.9521,693.1485,692.8722,693.0617,0
2026-07-24 08:05:00,693.18,693.18,692.51,692.72,0
2026-07-24 08:06:00,692.865,693.19,692.865,693.14,0
2026-07-24 08:07:00,693.0512,693.41,693.0512,693.35,0
2026-07-24 08:08:00,693.36,693.36,693.16,693.1718,0
2026-07-24 08:09:00,693.3258,693.8,693.3258,693.79,0
2026-07-24 08:10:00,693.62,693.67,693.52,693.61,0
2026-07-24 08:11:00,693.7,693.7399,693.6497,693.688,0
2026-07-24 08:12:00,693.65,693.7,693.6149,693.64,0
2026-07-24 08:13:00,693.5861,693.6838,693.49,693.59,0
2026-07-24 08:14:00,693.59,694.21,693.59,694.11,0
2026-07-24 08:15:00,694.0507,694.0507,693.87,693.8956,0
2026-07-24 08:16:00,693.95,694.02,693.9,693.99,0
2026-07-24 08:17:00,693.99,694.2,693.93,694.03,0
2026-07-24 08:18:00,694.03,694.2,693.97,694.14,0
2026-07-24 08:19:00,694.2387,694.2387,693.825,693.89,0
2026-07-24 08:20:00,693.9,693.9,693.62,693.74,0
2026-07-24 08:21:00,693.73,693.8294,693.5616,693.65,0
2026-07-24 08:22:00,693.6552,693.82,693.6,693.72,0
2026-07-24 08:23:00,693.668,693.792,693.615,693.615,0
2026-07-24 08:24:00,693.6274,694.05,693.6274,693.985,0
2026-07-24 08:25:00,694.0336,694.06,693.2692,693.84,0
2026-07-24 08:26:00,693.8226,694.1,693.8213,694.045,0
2026-07-24 08:27:00,693.93,694.08,693.7,693.9813,0
2026-07-24 08:28:00,693.96,694.06,693.91,694.0001,0
2026-07-24 08:29:00,694.0724,694.0724,694.0,694.04,0
2026-07-24 08:30:00,694.0477,694.05,693.59,693.845,0
2026-07-24 08:31:00,693.8093,693.898,693.7,693.7307,0
2026-07-24 08:32:00,693.84,693.87,693.66,693.7912,0
2026-07-24 08:33:00,693.83,693.83,693.51,693.52,0
2026-07-24 08:34:00,693.455,693.53,692.94,693.0,0
2026-07-24 08:35:00,692.983,693.13,692.9476,693.0269,0
2026-07-24 08:36:00,693.155,693.155,692.95,693.09,0
2026-07-24 08:37:00,693.105,693.49,693.0439,693.455,0
2026-07-24 08:38:00,693.3,693.375,693.3,693.33,0
2026-07-24 08:39:00,693.3131,693.4,693.08,693.1,0
2026-07-24 08:40:00,693.15,693.16,693.0632,693.0632,0
2026-07-24 08:41:00,693.04,693.1,692.7095,692.84,0
2026-07-24 08:42:00,692.8323,692.8981,692.7,692.82,0
2026-07-24 08:43:00,692.7852,692.7852,692.675,692.6807,0
2026-07-24 08:44:00,692.685,692.7224,692.52,692.6413,0
2026-07-24 08:45:00,692.6499,692.79,692.6,692.72,0
2026-07-24 08:46:00,692.67,692.67,692.5108,692.5928,0
2026-07-24 08:47:00,692.5001,692.591,691.96,692.545,0
2026-07-24 08:48:00,692.54,692.63,692.5,692.622,0
2026-07-24 08:49:00,692.69,692.69,692.4752,692.4752,0
2026-07-24 08:50:00,692.51,692.57,692.42,692.44,0
2026-07-24 08:51:00,692.42,692.66,692.42,692.49,0
2026-07-24 08:52:00,692.485,692.485,692.25,692.29,0
2026-07-24 08:53:00,692.26,692.27,692.11,692.17,0
2026-07-24 08:54:00,692.17,692.17,692.1,692.145,0
2026-07-24 08:55:00,692.23,692.23,692.03,692.0782,0
2026-07-24 08:56:00,692.01,692.09,691.7823,691.7823,0
2026-07-24 08:57:00,691.78,691.808,691.65,691.69,0
2026-07-24 08:58:00,691.7432,691.92,691.64,691.64,0
2026-07-24 08:59:00,691.7364,691.88,691.6783,691.7318,0
2026-07-24 09:00:00,691.768,691.88,691.57,691.63,0
2026-07-24 09:01:00,691.57,691.66,691.5097,691.55,0
2026-07-24 09:02:00,691.57,691.8723,691.53,691.87,0
2026-07-24 09:03:00,691.88,691.91,691.7472,691.825,0
2026-07-24 09:04:00,691.85,691.98,691.82,691.89,0
2026-07-24 09:05:00,691.89,691.99,691.63,691.78,0
2026-07-24 09:06:00,691.76,691.76,691.59,691.65,0
2026-07-24 09:07:00,691.639,691.639,691.325,691.36,0
2026-07-24 09:08:00,691.339,691.41,691.25,691.4099,0
2026-07-24 09:09:00,691.4085,691.55,691.3717,691.5,0
2026-07-24 09:10:00,691.51,691.5853,691.3923,691.5853,0
2026-07-24 09:11:00,691.56,691.767,691.5021,691.767,0
2026-07-24 09:12:00,691.74,691.81,691.715,691.715,0
2026-07-24 09:13:00,691.77,691.77,691.5794,691.6019,0
2026-07-24 09:14:00,691.54,691.76,691.5393,691.72,0
2026-07-24 09:15:00,691.663,691.8688,691.6607,691.775,0
2026-07-24 09:16:00,691.785,691.8282,691.54,691.59,0
2026-07-24 09:17:00,691.59,692.08,691.58,692.0707,0
2026-07-24 09:18:00,692.035,692.16,691.9742,692.0288,0
2026-07-24 09:19:00,691.99,692.08,691.85,691.921,0
2026-07-24 09:20:00,692.0537,692.1364,691.83,691.8609,0
2026-07-24 09:21:00,691.86,691.96,691.75,691.75,0
2026-07-24 09:22:00,691.6652,691.677,691.42,691.677,0
2026-07-24 09:23:00,691.6,691.9041,691.6,691.86,0
2026-07-24 09:24:00,691.8835,691.9367,691.79,691.9315,0
2026-07-24 09:25:00,691.9,692.3,691.68,691.8102,0
2026-07-24 09:26:00,691.81,691.9221,691.59,691.74,0
2026-07-24 09:27:00,691.76,691.76,690.88,690.889,0
2026-07-24 09:28:00,690.85,691.09,690.81,690.9,0
2026-07-24 09:29:00,690.82,690.9387,690.4497,690.45,0
2026-07-24 09:30:00,690.25,690.5,689.61,690.21,1548762
2026-07-24 09:31:00,690.21,690.5,689.52,690.155,273695
2026-07-24 09:32:00,690.29,690.94,689.9101,690.91,231917
2026-07-24 09:33:00,690.939,691.5699,690.7205,690.96,114426
2026-07-24 09:34:00,690.83,692.05,690.785,691.995,132731
2026-07-24 09:35:00,692.0,692.45,691.23,691.415,220144
2026-07-24 09:36:00,691.45,691.45,690.1008,690.14,151565
2026-07-24 09:37:00,690.2,690.7799,689.99,690.585,114780
2026-07-24 09:38:00,690.58,691.05,689.9605,689.985,126952
2026-07-24 09:39:00,689.93,690.2,689.61,690.11,156531
2026-07-24 09:40:00,690.19,690.2795,689.2301,689.38,172181
2026-07-24 09:41:00,689.32,689.6199,688.9,689.075,194748
2026-07-24 09:42:00,689.0868,689.24,688.5,688.99,190367
2026-07-24 09:43:00,688.96,689.15,688.77,689.0599,149114
2026-07-24 09:44:00,688.99,689.45,688.83,689.1785,113873
2026-07-24 09:45:00,689.18,689.44,688.645,688.77,100413
2026-07-24 09:46:00,688.76,688.92,688.21,688.56,126233
2026-07-24 09:47:00,688.5601,688.97,688.39,688.7,73331
2026-07-24 09:48:00,688.71,688.89,688.32,688.505,74479
2026-07-24 09:49:00,688.5698,689.72,688.555,689.54,392746
2026-07-24 09:50:00,689.48,689.54,687.3601,687.88,249620
2026-07-24 09:51:00,687.91,687.9337,686.7,686.95,172914
2026-07-24 09:52:00,687.01,687.0399,686.0,686.33,246892
2026-07-24 09:53:00,686.33,686.37,685.7,685.905,286423
2026-07-24 09:54:00,685.88,686.01,685.55,685.69,172698
2026-07-24 09:55:00,685.68,685.82,685.025,685.27,209416
2026-07-24 09:56:00,685.29,685.93,685.06,685.24,205728
2026-07-24 09:57:00,685.26,685.63,685.1,685.36,113117
2026-07-24 09:58:00,685.35,686.28,685.35,685.8,248628
2026-07-24 09:59:00,685.76,685.87,685.18,685.22,113619
2026-07-24 10:00:00,685.17,686.49,684.86,686.42,230165
2026-07-24 10:01:00,686.44,686.71,686.03,686.275,164584
2026-07-24 10:02:00,686.275,686.91,686.27,686.295,166153
2026-07-24 10:03:00,686.28,686.29,685.47,686.2,231490
2026-07-24 10:04:00,686.18,686.4996,685.36,685.542,209238
2026-07-24 10:05:00,685.62,686.51,685.53,686.405,186583
2026-07-24 10:06:00,686.36,686.65,685.89,686.165,86652
2026-07-24 10:07:00,686.16,686.98,685.78,686.7275,128926
2026-07-24 10:08:00,686.82,687.68,686.64,687.63,155915
2026-07-24 10:09:00,687.48,687.9999,687.21,687.76,186810
2026-07-24 10:10:00,687.7,687.919,687.25,687.69,105394
2026-07-24 10:11:00,687.565,687.93,687.28,687.5599,89466
2026-07-24 10:12:00,687.41,687.76,686.9,686.96,125713
2026-07-24 10:13:00,686.96,687.6825,686.74,687.51,99765
2026-07-24 10:14:00,687.53,688.29,687.3999,687.6,148712
2026-07-24 10:15:00,687.6,687.85,686.59,686.63,90306
2026-07-24 10:16:00,686.6493,686.76,686.1,686.5021,95358
2026-07-24 10:17:00,686.44,686.46,685.31,685.725,86343
2026-07-24 10:18:00,685.78,686.11,685.0187,685.045,102523
2026-07-24 10:20:00,684.96,685.85,684.93,685.62,276619
2026-07-24 10:21:00,685.65,686.62,685.48,686.44,104529
2026-07-24 10:22:00,686.53,687.0,686.35,686.74,87186
2026-07-24 10:23:00,686.75,687.64,686.7,687.49,98948
2026-07-24 10:24:00,687.535,687.6199,686.68,686.88,75622
2026-07-24 10:25:00,686.9,687.075,686.2625,686.62,85334
2026-07-24 10:26:00,686.62,687.03,686.39,686.8005,54675
2026-07-24 10:27:00,686.75,687.23,686.2,686.4209,149401
2026-07-24 10:28:00,686.46,687.0699,686.2471,686.85,52919
2026-07-24 10:29:00,687.0481,687.26,686.86,686.88,61309
2026-07-24 10:30:00,686.9064,686.98,685.5063,685.8,96395
2026-07-24 10:31:00,685.79,686.31,685.72,686.11,51406
2026-07-24 10:32:00,686.2,686.2,685.3736,685.4,78887
2026-07-24 10:33:00,685.42,685.84,685.24,685.32,137867
2026-07-24 10:34:00,685.34,685.55,684.76,684.76,88674
2026-07-24 10:35:00,684.8399,685.6,684.77,685.55,106785
2026-07-24 10:36:00,685.62,685.71,685.17,685.2,83255
2026-07-24 10:37:00,685.22,685.49,684.88,684.91,77519
2026-07-24 10:38:00,684.9,685.1828,684.83,684.83,54849
2026-07-24 10:39:00,684.83,685.11,684.05,684.21,124814
2026-07-24 10:40:00,684.24,684.45,683.87,684.29,120928
2026-07-24 10:41:00,684.25,684.52,683.83,684.18,109072
2026-07-24 10:42:00,684.29,684.535,683.74,684.03,85821
2026-07-24 10:43:00,683.9201,684.38,683.88,684.3,71644
2026-07-24 10:44:00,684.35,684.798,684.28,684.36,108315
2026-07-24 10:45:00,684.3999,684.3999,683.73,683.74,67371
2026-07-24 10:46:00,683.73,684.55,683.546,684.35,87300
2026-07-24 10:47:00,684.46,684.85,683.75,683.98,73219
2026-07-24 10:48:00,684.01,684.31,684.0,684.17,91629
2026-07-24 10:49:00,684.15,685.23,684.12,685.15,119750
2026-07-24 10:50:00,685.145,686.12,685.13,686.07,140262
2026-07-24 10:51:00,686.051,686.17,685.565,685.8,93260
2026-07-24 10:52:00,685.72,686.1053,685.04,685.07,61205
2026-07-24 10:53:00,685.12,686.22,684.96,686.05,81833
2026-07-24 10:54:00,686.05,686.23,685.29,685.83,153396
2026-07-24 10:55:00,685.8999,686.585,685.84,686.51,81419
2026-07-24 10:56:00,686.46,686.7,686.2581,686.68,48568
2026-07-24 10:57:00,686.7757,687.61,686.7757,687.43,136703
2026-07-24 10:58:00,687.3999,688.01,687.09,688.0,69575
2026-07-24 10:59:00,688.005,688.539,688.0,688.27,106256
2026-07-24 11:00:00,688.3,688.68,687.83,688.675,157005
2026-07-24 11:01:00,688.68,688.94,687.79,687.81,188915
2026-07-24 11:02:00,687.78,687.94,687.45,687.8296,59010
2026-07-24 11:03:00,687.76,687.955,687.35,687.4995,48397
2026-07-24 11:04:00,687.5,687.62,687.14,687.18,56079
2026-07-24 11:05:00,687.17,687.51,687.11,687.27,51014
2026-07-24 11:06:00,687.25,687.48,686.73,686.74,64186
2026-07-24 11:07:00,686.67,686.9901,686.41,686.95,82519
2026-07-24 11:08:00,686.975,687.5681,686.955,687.04,87069
2026-07-24 11:09:00,687.075,687.35,686.13,686.15,41343
2026-07-24 11:10:00,686.19,687.9,685.975,687.62,114165
2026-07-24 11:11:00,687.45,689.15,687.41,687.825,308490
2026-07-24 11:12:00,687.84,688.4,687.65,687.76,121802
2026-07-24 11:13:00,687.76,688.16,687.69,687.87,58999
2026-07-24 11:14:00,687.84,689.68,687.84,689.335,178434
2026-07-24 11:15:00,689.31,690.85,689.07,690.57,371690
2026-07-24 11:16:00,690.53,690.85,689.85,689.87,132198
2026-07-24 11:17:00,689.82,690.12,689.18,689.25,101389
2026-07-24 11:18:00,689.24,689.7,688.83,689.12,91555
2026-07-24 11:19:00,689.11,689.35,688.43,688.625,96621
2026-07-24 11:20:00,688.68,689.73,688.47,689.474,155131
2026-07-24 11:21:00,689.455,689.847,689.43,689.5399,57978
2026-07-24 11:22:00,689.62,689.75,689.36,689.44,115502
2026-07-24 11:23:00,689.4,690.05,689.4,689.77,76640
2026-07-24 11:24:00,689.74,689.84,689.4,689.49,73951
2026-07-24 11:25:00,689.5,690.2,689.48,690.2,66412
2026-07-24 11:26:00,690.25,690.3801,689.79,689.81,140558
2026-07-24 11:27:00,689.76,690.39,689.75,690.25,47649
2026-07-24 11:28:00,690.315,690.7,689.93,689.93,96226
2026-07-24 11:29:00,689.99,690.04,689.3,689.4975,97191
2026-07-24 11:30:00,689.5,689.74,689.12,689.67,65540
2026-07-24 11:31:00,689.66,690.38,689.66,690.3,41364
2026-07-24 11:32:00,690.2595,690.46,689.65,689.67,49069
2026-07-24 11:33:00,689.6,689.83,689.36,689.5,32879
2026-07-24 11:34:00,689.58,689.79,689.16,689.16,477671
2026-07-24 11:35:00,689.19,689.91,689.14,689.9,54444
2026-07-24 11:36:00,689.895,690.04,689.58,690.01,82198
2026-07-24 11:37:00,690.01,690.23,689.43,690.22,66802
2026-07-24 11:38:00,690.29,690.79,690.21,690.77,110823
2026-07-24 11:39:00,690.77,691.03,690.7,690.93,108456
2026-07-24 11:40:00,690.95,691.3,690.82,690.83,74275
2026-07-24 11:41:00,690.8189,690.86,690.08,690.28,112755
2026-07-24 11:42:00,690.214,690.49,689.82,689.92,47143
2026-07-24 11:43:00,689.87,690.02,689.2,689.4,70501
2026-07-24 11:44:00,689.445,689.93,689.445,689.6,61063
2026-07-24 11:45:00,689.64,690.19,689.55,689.88,49268
2026-07-24 11:46:00,689.88,690.05,689.72,689.73,48820
2026-07-24 11:47:00,689.69,689.92,689.385,689.5,175770
2026-07-24 11:48:00,689.47,689.865,689.26,689.86,42798
2026-07-24 11:49:00,689.77,689.77,689.36,689.57,35094
2026-07-24 11:50:00,689.605,690.47,689.605,690.4,73345
2026-07-24 11:51:00,690.45,690.63,690.12,690.2535,64167
2026-07-24 11:52:00,690.22,690.55,690.11,690.16,66867
2026-07-24 11:53:00,690.165,690.6,689.8701,690.58,37543
2026-07-24 11:54:00,690.57,690.67,690.27,690.28,38749
2026-07-24 11:55:00,690.32,690.93,690.29,690.73,43294
2026-07-24 11:56:00,690.76,691.36,690.75,691.18,88026
2026-07-24 11:57:00,691.19,691.35,690.98,690.985,37469
2026-07-24 11:58:00,691.0,691.34,690.84,691.29,30045
2026-07-24 11:59:00,691.26,691.49,691.23,691.2804,44063
2026-07-24 12:00:00,691.3,691.365,690.81,690.87,59682
2026-07-24 12:01:00,690.92,690.99,690.65,690.97,45425
2026-07-24 12:02:00,690.96,691.1,690.78,691.0157,33941
2026-07-24 12:03:00,691.06,691.45,690.96,691.41,30936
2026-07-24 12:04:00,691.42,691.78,691.36,691.665,98242
2026-07-24 12:05:00,691.67,691.8501,691.5553,691.67,40351
2026-07-24 12:06:00,691.65,691.8199,691.4502,691.4502,66674
2026-07-24 12:07:00,691.47,692.25,691.41,692.23,59219
2026-07-24 12:08:00,692.22,692.2875,691.88,691.98,77781
2026-07-24 12:09:00,692.01,692.18,691.93,691.96,35483
2026-07-24 12:10:00,691.99,692.62,691.939,692.59,73352
2026-07-24 12:11:00,692.5806,692.63,691.9801,692.0637,44219
2026-07-24 12:12:00,692.06,692.34,691.78,691.78,47037
2026-07-24 12:13:00,691.76,691.8399,691.35,691.36,65226
2026-07-24 12:14:00,691.32,691.55,691.23,691.35,34197
2026-07-24 12:15:00,691.29,691.29,690.97,691.07,57031
2026-07-24 12:16:00,691.072,691.16,690.851,690.93,52739
2026-07-24 12:17:00,690.96,691.03,690.7,690.82,45913
2026-07-24 12:18:00,690.86,691.22,690.77,691.04,25852
2026-07-24 12:19:00,691.0399,691.3,691.0,691.045,36908
2026-07-24 12:20:00,691.075,691.55,691.0601,691.54,39460
2026-07-24 12:21:00,691.58,691.59,691.0155,691.28,32814
2026-07-24 12:22:00,691.28,691.6883,691.17,691.67,20326
2026-07-24 12:23:00,691.65,691.73,691.44,691.5438,34040
2026-07-24 12:24:00,691.48,691.628,691.2925,691.5,13914
2026-07-24 12:25:00,691.5,691.61,691.23,691.61,26503
2026-07-24 12:26:00,691.66,691.7,691.43,691.55,18724
2026-07-24 12:27:00,691.59,691.59,691.255,691.255,19071
2026-07-24 12:28:00,691.28,691.44,691.17,691.34,33868
2026-07-24 12:29:00,691.3607,691.39,691.09,691.113,27257
2026-07-24 12:30:00,691.03,691.11,690.15,690.425,255669
2026-07-24 12:31:00,690.5,690.56,690.1,690.43,64388
2026-07-24 12:32:00,690.4499,690.67,690.164,690.46,47797
2026-07-24 12:33:00,690.42,690.6,690.27,690.31,29141
2026-07-24 12:34:00,690.35,690.715,690.31,690.46,20423
2026-07-24 12:35:00,690.4601,690.647,690.31,690.53,68658
2026-07-24 12:36:00,690.59,690.81,690.351,690.51,29791
2026-07-24 12:37:00,690.43,690.45,690.21,690.4299,30672
2026-07-24 12:38:00,690.45,690.56,689.86,689.86,73081
2026-07-24 12:39:00,689.87,690.15,689.8519,690.0558,92341
2026-07-24 12:40:00,689.99,689.99,689.67,689.755,38052
2026-07-24 12:41:00,689.71,689.835,689.57,689.76,41255
2026-07-24 12:42:00,689.84,689.8531,689.51,689.73,57614
2026-07-24 12:43:00,689.71,689.79,689.345,689.64,71379
2026-07-24 12:44:00,689.6088,689.645,689.42,689.46,27606
2026-07-24 12:45:00,689.4516,689.72,689.27,689.57,32710
2026-07-24 12:46:00,689.63,689.65,689.25,689.265,57795
2026-07-24 12:47:00,689.23,689.41,688.94,689.0,87711
2026-07-24 12:48:00,689.05,689.05,688.72,688.9,58144
2026-07-24 12:49:00,688.86,689.06,688.64,688.9901,44927
2026-07-24 12:50:00,689.0,689.03,688.76,688.95,64826
2026-07-24 12:51:00,689.01,689.15,688.75,688.925,70245
2026-07-24 12:52:00,688.925,688.97,688.73,688.75,40864
2026-07-24 12:53:00,688.78,688.92,688.505,688.735,64630
2026-07-24 12:54:00,688.7,689.09,688.66,688.8101,111929
2026-07-24 12:55:00,688.84,689.27,688.56,689.155,66219
2026-07-24 12:56:00,689.1178,689.3,689.0,689.17,50754
2026-07-24 12:57:00,689.18,689.51,689.18,689.5,29898
2026-07-24 12:58:00,689.53,689.72,689.44,689.5,22857
2026-07-24 12:59:00,689.5,689.67,689.28,689.34,26083
2026-07-24 13:00:00,689.38,689.4759,689.062,689.2,23228
2026-07-24 13:01:00,689.14,689.14,688.67,689.04,54205
2026-07-24 13:02:00,689.09,689.11,688.7909,688.91,145087
2026-07-24 13:03:00,688.94,689.08,688.72,688.9,21838
2026-07-24 13:04:00,688.93,689.07,688.81,688.91,33602
2026-07-24 13:05:00,688.9,689.13,688.82,689.0,28916
2026-07-24 13:06:00,689.06,689.06,688.0,688.6079,170463
2026-07-24 13:07:00,688.57,688.64,688.1839,688.2424,87513
2026-07-24 13:08:00,688.25,688.2799,687.9238,688.13,53721
2026-07-24 13:09:00,688.14,688.31,687.88,687.93,46819
2026-07-24 13:10:00,687.9,688.185,687.7,687.98,36102
2026-07-24 13:11:00,687.97,688.4241,687.89,688.26,57853
2026-07-24 13:12:00,688.32,688.65,688.32,688.425,54007
2026-07-24 13:13:00,688.44,688.58,688.31,688.45,30423
2026-07-24 13:14:00,688.46,688.74,688.3918,688.4601,24824
2026-07-24 13:15:00,688.44,688.595,688.24,688.2428,25791
2026-07-24 13:16:00,688.29,688.33,688.0201,688.125,132815
2026-07-24 13:17:00,688.1538,688.83,688.1268,688.7699,44843
2026-07-24 13:18:00,688.84,689.19,688.59,688.95,45175
2026-07-24 13:19:00,689.01,689.24,688.88,689.1401,22683
2026-07-24 13:20:00,689.15,689.33,688.98,689.0,34326
2026-07-24 13:21:00,689.045,689.2,688.93,688.95,18647
2026-07-24 13:22:00,688.99,689.04,688.55,688.7,33140
2026-07-24 13:23:00,688.63,688.85,688.54,688.66,32705
2026-07-24 13:24:00,688.65,689.21,688.6,689.21,45065
2026-07-24 13:25:00,689.2,689.2992,688.78,689.275,25388
2026-07-24 13:26:00,689.31,689.6,689.26,689.57,14696
2026-07-24 13:27:00,689.56,689.91,689.55,689.77,47401
2026-07-24 13:28:00,689.78,689.99,689.73,689.87,134776
2026-07-24 13:29:00,689.86,689.8899,689.63,689.79,70043
2026-07-24 13:30:00,689.81,690.03,689.59,689.7,38223
2026-07-24 13:31:00,689.7,689.94,689.63,689.9,37175
2026-07-24 13:32:00,689.89,689.99,689.65,689.83,29684
2026-07-24 13:33:00,689.84,690.33,689.71,690.28,40453
2026-07-24 13:34:00,690.2462,690.5063,690.174,690.42,30774
2026-07-24 13:35:00,690.48,690.5,690.24,690.34,27218
2026-07-24 13:36:00,690.35,690.4,689.98,690.05,43072
2026-07-24 13:37:00,690.0,690.0,689.56,689.6052,20652
2026-07-24 13:38:00,689.585,689.69,689.43,689.55,17317
2026-07-24 13:39:00,689.559,689.58,689.115,689.15,37424
2026-07-24 13:40:00,689.16,689.18,688.84,689.0082,67590
2026-07-24 13:41:00,688.99,689.0199,688.66,688.725,59485
2026-07-24 13:42:00,688.795,688.8004,688.595,688.71,37572
2026-07-24 13:43:00,688.7842,688.85,688.7,688.8,24365
2026-07-24 13:44:00,688.85,689.0125,688.6,688.605,18213
2026-07-24 13:45:00,688.58,688.58,688.29,688.49,51376
2026-07-24 13:46:00,688.47,688.93,688.46,688.87,26542
2026-07-24 13:47:00,688.86,689.05,688.6,688.67,18543
2026-07-24 13:48:00,688.68,688.7699,688.47,688.685,11417
2026-07-24 13:49:00,688.65,689.06,688.63,689.0517,24915
2026-07-24 13:50:00,689.09,689.3,688.91,689.27,29828
2026-07-24 13:51:00,689.31,689.49,688.76,688.83,41229
2026-07-24 13:52:00,688.74,688.89,688.66,688.848,28857
2026-07-24 13:53:00,688.88,689.03,688.8601,688.944,184468
2026-07-24 13:54:00,688.8975,689.1,688.8,689.0396,16877
2026-07-24 13:55:00,689.09,689.22,688.8951,688.915,21434
2026-07-24 13:56:00,688.96,689.21,688.85,689.0878,27024
2026-07-24 13:57:00,689.07,689.11,688.79,688.83,20238
2026-07-24 13:58:00,688.75,688.98,688.66,688.81,16305
2026-07-24 13:59:00,688.8338,688.89,688.61,688.65,17754
2026-07-24 14:00:00,688.66,688.96,688.5,688.89,43332
2026-07-24 14:01:00,688.936,689.11,688.46,688.46,38400
2026-07-24 14:02:00,688.455,688.7095,688.29,688.64,30183
2026-07-24 14:03:00,688.6513,688.705,688.33,688.39,19256
2026-07-24 14:04:00,688.3302,688.52,688.28,688.36,35940
2026-07-24 14:05:00,688.36,688.42,688.21,688.35,36818
2026-07-24 14:06:00,688.38,688.49,688.08,688.15,30488
2026-07-24 14:07:00,688.13,688.58,688.13,688.54,28252
2026-07-24 14:08:00,688.54,688.65,688.39,688.405,25461
2026-07-24 14:09:00,688.4201,688.59,688.205,688.23,38932
2026-07-24 14:10:00,688.28,688.31,688.0,688.1,25801
2026-07-24 14:11:00,688.04,688.11,687.84,687.885,33697
2026-07-24 14:12:00,687.9,687.9,687.62,687.87,48994
2026-07-24 14:13:00,687.88,687.99,687.64,687.67,52058
2026-07-24 14:14:00,687.655,687.84,687.54,687.7,43543
2026-07-24 14:15:00,687.65,687.695,687.5,687.6401,52293
2026-07-24 14:16:00,687.7125,687.7399,687.5,687.5551,35645
2026-07-24 14:17:00,687.56,687.72,687.465,687.5,58115
2026-07-24 14:18:00,687.51,687.56,687.1701,687.39,169360
2026-07-24 14:19:00,687.38,687.46,686.96,687.015,71144
2026-07-24 14:20:00,687.0,687.0,686.71,686.74,127239
2026-07-24 14:21:00,686.75,686.83,686.6,686.67,132937
2026-07-24 14:22:00,686.635,686.81,686.55,686.63,40884
2026-07-24 14:23:00,686.64,686.76,686.43,686.7,56623
2026-07-24 14:24:00,686.69,686.81,686.42,686.4779,26782
2026-07-24 14:25:00,686.47,686.54,686.0,686.22,89942
2026-07-24 14:26:00,686.25,686.26,685.89,685.94,181791
2026-07-24 14:27:00,685.93,686.095,685.75,685.815,56199
2026-07-24 14:28:00,685.79,685.85,685.58,685.65,65388
2026-07-24 14:29:00,685.66,685.92,685.45,685.485,194143
2026-07-24 14:30:00,685.5175,685.72,685.3637,685.42,90872
2026-07-24 14:31:00,685.42,685.42,684.9001,684.9999,255636
2026-07-24 14:32:00,684.99,685.23,684.93,685.04,108034
2026-07-24 14:33:00,685.06,685.25,684.655,684.74,116814
2026-07-24 14:34:00,684.73,684.87,684.44,684.57,111724
2026-07-24 14:35:00,684.565,684.63,684.12,684.44,290125
2026-07-24 14:36:00,684.46,685.14,684.46,684.6466,165118
2026-07-24 14:37:00,684.63,684.85,684.5,684.54,86156
2026-07-24 14:38:00,684.53,684.95,684.4,684.83,125025
2026-07-24 14:39:00,684.8375,684.85,684.1736,684.5,135612
2026-07-24 14:40:00,684.49,684.5,684.01,684.025,83147
2026-07-24 14:41:00,684.0083,684.22,683.81,683.87,109042
2026-07-24 14:42:00,683.86,684.07,683.63,684.03,103455
2026-07-24 14:43:00,684.03,684.38,683.99,684.21,130964
2026-07-24 14:44:00,684.19,684.34,684.0,684.04,173161
2026-07-24 14:45:00,684.02,684.76,683.9,684.73,103298
2026-07-24 14:46:00,684.75,685.26,684.75,684.8405,106258
2026-07-24 14:47:00,684.86,685.17,684.8001,685.12,55769
2026-07-24 14:48:00,685.11,685.18,684.64,684.67,66012
2026-07-24 14:49:00,684.67,684.84,684.63,684.71,71122
2026-07-24 14:50:00,684.72,684.96,684.33,684.5099,137583
2026-07-24 14:51:00,684.49,685.08,684.49,684.82,81485
2026-07-24 14:52:00,684.83,685.0301,684.72,684.99,199229
2026-07-24 14:53:00,684.9999,685.055,684.71,684.85,54160
2026-07-24 14:54:00,684.78,684.7995,684.3872,684.57,152581
2026-07-24 14:55:00,684.52,684.7857,684.447,684.7857,41157
2026-07-24 14:56:00,684.81,685.25,684.64,685.13,70066
2026-07-24 14:57:00,685.06,685.27,684.96,684.96,597706
2026-07-24 14:58:00,684.93,685.02,684.6337,684.66,32196
2026-07-24 14:59:00,684.67,684.87,684.615,684.6799,205003
2026-07-24 15:00:00,684.64,684.98,684.38,684.67,75543
2026-07-24 15:01:00,684.733,685.297,684.61,684.75,64598
2026-07-24 15:02:00,684.82,684.87,684.28,684.31,35822
2026-07-24 15:03:00,684.2854,684.4,684.18,684.31,56949
2026-07-24 15:04:00,684.33,684.45,684.16,684.24,38915
2026-07-24 15:05:00,684.19,684.71,684.04,684.62,49392
2026-07-24 15:06:00,684.625,684.86,683.99,684.03,83447
2026-07-24 15:07:00,684.0301,684.05,683.11,683.17,184300
2026-07-24 15:08:00,683.18,683.38,683.05,683.18,83504
2026-07-24 15:09:00,683.16,683.21,682.81,682.89,141550
2026-07-24 15:10:00,682.89,683.06,682.71,682.78,118263
2026-07-24 15:11:00,682.77,682.92,682.678,682.88,125517
2026-07-24 15:12:00,682.88,683.58,682.8798,683.07,130037
2026-07-24 15:13:00,683.09,683.13,682.89,683.015,75467
2026-07-24 15:14:00,683.0,683.0,682.63,682.67,305628
2026-07-24 15:15:00,682.671,682.8199,682.52,682.6899,64358
2026-07-24 15:16:00,682.63,682.8,682.48,682.77,81439
2026-07-24 15:17:00,682.8,683.16,682.7601,682.86,56930
2026-07-24 15:18:00,682.925,683.05,682.7769,682.9,47465
2026-07-24 15:19:00,682.91,683.21,682.84,683.19,85048
2026-07-24 15:20:00,683.17,683.25,682.85,683.15,116052
2026-07-24 15:21:00,683.1499,683.46,683.0367,683.356,118500
2026-07-24 15:22:00,683.3262,683.535,683.28,683.4,90564
2026-07-24 15:23:00,683.37,683.42,683.1199,683.28,49824
2026-07-24 15:24:00,683.21,683.2999,682.63,682.87,82389
2026-07-24 15:25:00,682.88,682.94,682.66,682.8,144554
2026-07-24 15:26:00,682.76,682.97,682.72,682.925,80142
2026-07-24 15:27:00,682.94,683.44,682.94,683.265,74001
2026-07-24 15:28:00,683.25,683.53,683.13,683.5001,49956
2026-07-24 15:29:00,683.54,683.78,683.35,683.47,160389
2026-07-24 15:30:00,683.48,683.86,683.45,683.53,63694
2026-07-24 15:31:00,683.58,684.0,683.46,683.88,86253
2026-07-24 15:32:00,683.87,684.23,683.8572,684.16,55770
2026-07-24 15:33:00,684.15,684.42,684.06,684.28,89359
2026-07-24 15:34:00,684.22,684.55,684.17,684.17,62949
2026-07-24 15:35:00,684.16,684.625,683.99,684.47,93567
2026-07-24 15:36:00,684.42,684.65,684.0725,684.08,81488
2026-07-24 15:37:00,684.07,684.65,684.07,684.485,153484
2026-07-24 15:38:00,684.5,684.61,684.27,684.5385,103174
2026-07-24 15:39:00,684.62,684.66,683.82,683.94,186765
2026-07-24 15:40:00,683.95,684.17,683.76,683.89,138442
2026-07-24 15:41:00,683.89,683.89,683.42,683.55,143562
2026-07-24 15:42:00,683.56,683.67,683.315,683.45,330324
2026-07-24 15:43:00,683.47,683.64,683.12,683.61,90057
2026-07-24 15:44:00,683.585,684.0,683.53,684.0,89516
2026-07-24 15:45:00,684.0,684.18,683.46,683.52,124360
2026-07-24 15:46:00,683.49,683.56,683.37,683.515,162680
2026-07-24 15:47:00,683.5,683.83,683.42,683.59,234071
2026-07-24 15:48:00,683.5899,683.73,683.382,683.42,99309
2026-07-24 15:49:00,683.43,684.055,683.21,684.0399,340697
2026-07-24 15:50:00,684.04,684.26,683.05,683.065,160383
2026-07-24 15:51:00,683.065,683.2298,682.83,683.1,182977
2026-07-24 15:52:00,683.11,683.13,682.86,682.98,250820
2026-07-24 15:53:00,682.99,683.1808,682.76,683.145,271490
2026-07-24 15:54:00,683.14,684.065,683.04,683.89,305379
2026-07-24 15:55:00,683.92,684.1,683.36,683.36,248267
2026-07-24 15:56:00,683.36,683.68,683.34,683.62,275849
2026-07-24 15:57:00,683.6,683.965,683.57,683.91,237729
2026-07-24 15:58:00,683.87,683.98,683.81,683.84,291182
2026-07-24 15:59:00,683.84,684.51,683.42,684.22,743366
2026-07-24 16:00:00,684.23,684.3302,683.77,684.2746,492777
2026-07-24 16:01:00,684.27,684.65,684.25,684.48,0
2026-07-24 16:02:00,684.45,684.5492,684.0,684.27,0
2026-07-24 16:03:00,684.1058,684.15,683.88,683.8875,0
2026-07-24 16:04:00,683.9238,684.23,683.76,684.01,0
2026-07-24 16:05:00,684.0,684.04,683.667,683.7081,0
2026-07-24 16:06:00,683.75,684.0659,683.7,683.91,0
2026-07-24 16:07:00,683.91,683.9623,683.78,683.78,0
2026-07-24 16:08:00,683.8338,683.97,683.8,683.84,0
2026-07-24 16:09:00,683.82,684.23,683.8,684.01,0
2026-07-24 16:10:00,683.95,684.23,683.82,683.8678,0
2026-07-24 16:11:00,683.86,684.39,683.8564,684.39,0
2026-07-24 16:12:00,684.28,684.36,684.07,684.3,0
2026-07-24 16:13:00,684.35,684.45,684.31,684.42,0
2026-07-24 16:14:00,684.39,684.49,684.35,684.4397,0
2026-07-24 16:15:00,684.23,684.71,684.23,684.64,0
2026-07-24 16:16:00,684.65,684.75,684.642,684.74,0
2026-07-24 16:17:00,684.7482,684.83,684.675,684.8,0
2026-07-24 16:18:00,684.809,684.951,684.7722,684.951,0
2026-07-24 16:19:00,684.9852,684.9852,684.7746,684.7746,0
2026-07-24 16:20:00,684.74,684.9437,684.74,684.9,0
2026-07-24 16:21:00,684.95,685.14,684.9423,685.05,0
2026-07-24 16:22:00,685.0342,685.14,685.0066,685.08,0
2026-07-24 16:23:00,685.14,685.28,685.0869,685.09,0
2026-07-24 16:24:00,685.12,685.12,684.87,684.8811,0
2026-07-24 16:25:00,684.88,685.12,684.88,685.0974,0
2026-07-24 16:26:00,685.08,685.1,685.0,685.03,0
2026-07-24 16:27:00,685.01,685.01,684.8,684.8691,0
2026-07-24 16:28:00,684.9289,684.98,684.9,684.955,0
2026-07-24 16:29:00,684.9989,684.9989,684.74,684.74,0
2026-07-24 16:30:00,684.75,684.77,684.43,684.47,0
2026-07-24 16:31:00,684.45,684.49,684.3317,684.398,0
2026-07-24 16:32:00,684.43,684.4458,684.3244,684.34,0
2026-07-24 16:33:00,684.34,684.53,684.23,684.4593,0
2026-07-24 16:34:00,684.4588,684.49,684.35,684.4,0
2026-07-24 16:35:00,684.41,684.72,684.41,684.63,0
2026-07-24 16:36:00,684.648,684.67,684.5,684.59,0
2026-07-24 16:37:00,684.6,684.6385,684.4377,684.47,0
2026-07-24 16:38:00,684.5,684.53,684.4,684.4,0
2026-07-24 16:39:00,684.4,684.46,684.36,684.44,0
2026-07-24 16:40:00,684.48,684.5,684.32,684.32,0
2026-07-24 16:41:00,684.32,684.3679,684.3,684.3117,0
2026-07-24 16:42:00,684.36,684.45,684.34,684.4277,0
2026-07-24 16:43:00,684.45,684.54,684.41,684.54,0
2026-07-24 16:44:00,684.5493,684.78,684.5493,684.78,0
2026-07-24 16:45:00,684.75,684.91,684.7375,684.815,0
2026-07-24 16:46:00,684.82,684.85,684.74,684.74,0
2026-07-24 16:47:00,684.7458,684.78,684.55,684.56,0
2026-07-24 16:48:00,684.51,684.69,684.51,684.69,0
2026-07-24 16:49:00,684.64,684.68,684.6,684.6,0
2026-07-24 16:50:00,684.5558,684.6,684.4319,684.4319,0
2026-07-24 16:51:00,684.44,684.5523,684.44,684.5486,0
2026-07-24 16:52:00,684.5487,684.6071,684.405,684.48,0
2026-07-24 16:53:00,684.4,684.52,684.37,684.518,0
2026-07-24 16:54:00,684.5507,684.9194,684.5507,684.886,0
2026-07-24 16:55:00,684.85,684.85,684.6502,684.81,0
2026-07-24 16:56:00,684.7263,684.75,649.2819,649.2819,0
2026-07-24 16:57:00,684.73,684.8815,684.7006,684.85,0
2026-07-24 16:58:00,684.85,684.9349,684.735,684.74,0
2026-07-24 16:59:00,684.74,684.84,661.0411,684.7603,0
2026-07-24 17:00:00,684.892,685.04,684.78,684.852,0
2026-07-24 17:01:00,684.8324,684.85,684.6303,684.76,0
2026-07-24 17:02:00,684.8097,684.8248,684.675,684.8248,0
2026-07-24 17:03:00,684.23,684.84,684.23,684.83,0
2026-07-24 17:04:00,684.83,684.83,649.2819,684.71,0
2026-07-24 17:05:00,684.6972,684.83,684.6942,684.71,0
2026-07-24 17:06:00,684.7,684.84,684.23,684.7,0
2026-07-24 17:07:00,684.65,684.65,684.38,684.45,0
2026-07-24 17:08:00,684.4429,684.45,684.3,684.3052,0
2026-07-24 17:09:00,684.3,684.44,684.3,684.4,0
2026-07-24 17:10:00,684.4,684.44,684.37,684.4385,0
2026-07-24 17:11:00,684.44,684.44,684.35,684.42,0
2026-07-24 17:12:00,684.44,684.44,684.4,684.4361,0
2026-07-24 17:13:00,684.44,684.44,684.3887,684.3887,0
2026-07-24 17:14:00,684.4,684.4,684.1352,684.305,0
2026-07-24 17:15:00,684.3961,684.4387,684.2,684.2807,0
2026-07-24 17:16:00,684.14,684.3359,684.12,684.2345,0
2026-07-24 17:17:00,684.2,684.25,684.13,684.2442,0
2026-07-24 17:18:00,684.2077,684.25,684.14,684.25,0
2026-07-24 17:19:00,684.1565,684.35,684.1565,684.35,0
2026-07-24 17:20:00,684.35,684.35,684.2206,684.2206,0
2026-07-24 17:21:00,684.17,684.4902,684.15,684.26,0
2026-07-24 17:22:00,684.4735,684.7069,684.2735,684.6999,0
2026-07-24 17:23:00,684.6877,684.6877,684.5,684.58,0
2026-07-24 17:24:00,684.65,684.76,684.5,684.64,0
2026-07-24 17:25:00,684.64,684.75,684.5291,684.64,0
2026-07-24 17:26:00,684.75,684.8499,684.51,684.8,0
2026-07-24 17:27:00,684.7,684.83,684.6739,684.765,0
2026-07-24 17:28:00,684.8,684.84,684.74,684.84,0
2026-07-24 17:29:00,684.78,684.92,684.7422,684.92,0
2026-07-24 17:30:00,684.91,685.0917,684.84,684.99,0
2026-07-24 17:31:00,684.99,685.3,684.99,685.1,0
2026-07-24 17:32:00,685.22,685.35,684.88,685.3,0
2026-07-24 17:33:00,685.33,685.335,684.75,685.105,0
2026-07-24 17:34:00,684.85,685.2,684.75,685.0225,0
2026-07-24 17:35:00,685.12,685.2887,685.12,685.2,0
2026-07-24 17:36:00,685.2805,685.2805,685.2,685.2,0
2026-07-24 17:37:00,685.28,685.28,685.01,685.01,0
2026-07-24 17:38:00,685.1989,685.28,685.01,685.2,0
2026-07-24 17:39:00,685.2,685.2298,685.02,685.21,0
2026-07-24 17:40:00,685.0506,685.23,685.03,685.05,0
2026-07-24 17:41:00,685.0328,685.11,685.0328,685.0996,0
2026-07-24 17:42:00,685.1184,685.13,685.04,685.07,0
2026-07-24 17:43:00,685.12,685.12,685.05,685.0838,0
2026-07-24 17:44:00,685.0578,685.06,684.9119,684.9905,0
2026-07-24 17:45:00,684.9072,684.95,684.89,684.9002,0
2026-07-24 17:46:00,684.9,684.95,684.82,684.84,0
2026-07-24 17:47:00,684.8462,684.95,684.83,684.84,0
2026-07-24 17:48:00,684.84,685.0121,684.8135,685.0121,0
2026-07-24 17:49:00,685.0121,685.0121,684.8072,684.9,0
2026-07-24 17:50:00,684.84,684.9,684.7465,684.9,0
2026-07-24 17:51:00,684.89,684.98,684.8,684.8933,0
2026-07-24 17:52:00,684.9,684.91,684.7035,684.8088,0
2026-07-24 17:53:00,684.8,684.91,684.7,684.8955,0
2026-07-24 17:54:00,684.85,684.8841,684.72,684.8806,0
2026-07-24 17:55:00,684.8724,684.95,684.7,684.89,0
2026-07-24 17:56:00,684.89,684.96,684.7194,684.9297,0
2026-07-24 17:57:00,684.9209,684.9209,684.75,684.85,0
2026-07-24 17:58:00,684.8338,685.0,684.71,684.74,0
2026-07-24 17:59:00,684.74,684.89,684.72,684.72,0
2026-07-24 18:00:00,684.7195,684.89,684.7195,684.815,0
2026-07-24 18:01:00,684.8891,684.8891,684.75,684.8299,0
2026-07-24 18:02:00,684.84,684.88,684.4975,684.61,0
2026-07-24 18:03:00,684.78,684.92,684.51,684.5101,0
2026-07-24 18:04:00,684.88,684.88,684.51,684.66,0
2026-07-24 18:05:00,684.7209,684.75,684.53,684.67,0
2026-07-24 18:06:00,684.67,684.72,684.66,684.66,0
2026-07-24 18:07:00,684.62,684.72,684.61,684.66,0
2026-07-24 18:08:00,684.718,684.72,684.6,684.6,0
2026-07-24 18:09:00,684.59,684.72,684.51,684.51,0
2026-07-24 18:10:00,684.61,684.65,684.5147,684.6,0
2026-07-24 18:11:00,684.6952,684.7,684.55,684.55,0
2026-07-24 18:12:00,684.55,684.65,684.5263,684.5263,0
2026-07-24 18:13:00,684.6,684.7,684.55,684.7,0
2026-07-24 18:14:00,684.66,684.7,684.5673,684.5673,0
2026-07-24 18:15:00,684.65,684.7,684.6,684.6496,0
2026-07-24 18:16:00,684.69,684.69,684.55,684.6114,0
2026-07-24 18:17:00,684.6114,684.65,684.55,684.6351,0
2026-07-24 18:18:00,684.6299,684.63,684.56,684.5603,0
2026-07-24 18:19:00,684.56,684.63,684.55,684.59,0
2026-07-24 18:20:00,684.58,684.6,684.4232,684.4232,0
2026-07-24 18:21:00,684.59,684.63,684.4,684.5,0
2026-07-24 18:22:00,684.5,684.52,684.41,684.45,0
2026-07-24 18:23:00,684.4283,684.45,684.31,684.45,0
2026-07-24 18:24:00,684.45,684.45,684.31,684.39,0
2026-07-24 18:25:00,684.3258,684.45,684.3258,684.38,0
2026-07-24 18:26:00,684.37,684.37,684.3351,684.35,0
2026-07-24 18:27:00,684.33,684.42,684.33,684.42,0
2026-07-24 18:28:00,684.38,684.4897,684.36,684.4897,0
2026-07-24 18:29:00,684.4897,684.65,684.46,684.62,0
2026-07-24 18:30:00,684.42,684.7475,684.42,684.57,0
2026-07-24 18:31:00,684.66,684.7,684.6,684.64,0
2026-07-24 18:32:00,684.66,684.74,684.4634,684.62,0
2026-07-24 18:33:00,684.61,684.72,684.61,684.7162,0
2026-07-24 18:34:00,684.69,684.72,684.69,684.69,0
2026-07-24 18:35:00,684.7156,684.72,684.69,684.717,0
2026-07-24 18:36:00,684.7,684.72,684.6887,684.6887,0
2026-07-24 18:37:00,684.7,684.7,684.6012,684.69,0
2026-07-24 18:38:00,684.63,684.69,684.6,684.6682,0
2026-07-24 18:39:00,684.6626,684.67,684.5537,684.5537,0
2026-07-24 18:40:00,684.66,684.66,684.546,684.63,0
2026-07-24 18:41:00,684.63,684.65,684.54,684.65,0
2026-07-24 18:42:00,684.65,684.65,684.4,684.62,0
2026-07-24 18:43:00,684.58,684.62,684.33,684.58,0
2026-07-24 18:44:00,684.4,684.62,684.4,684.5528,0
2026-07-24 18:45:00,684.526,684.57,684.4,684.54,0
2026-07-24 18:46:00,684.509,684.509,684.35,684.485,0
2026-07-24 18:47:00,684.485,684.485,684.38,684.4497,0
2026-07-24 18:48:00,684.38,684.45,684.38,684.4057,0
2026-07-24 18:49:00,684.45,684.47,684.3432,684.47,0
2026-07-24 18:50:00,684.47,684.53,684.34,684.3855,0
2026-07-24 18:51:00,684.57,684.72,684.57,684.5796,0
2026-07-24 18:52:00,684.69,684.778,684.55,684.72,0
2026-07-24 18:53:00,684.758,684.758,684.6111,684.6111,0
2026-07-24 18:54:00,684.62,684.66,684.5527,684.66,0
2026-07-24 18:55:00,684.55,684.66,684.55,684.62,0
2026-07-24 18:56:00,684.55,684.66,684.4,684.4,0
2026-07-24 18:57:00,684.4,684.61,684.4,684.5775,0
2026-07-24 18:58:00,684.4,684.57,684.3,684.3,0
2026-07-24 18:59:00,684.34,684.34,684.1,684.228,0
2026-07-24 19:00:00,684.228,684.35,684.1754,684.35,0
2026-07-24 19:01:00,684.37,684.38,684.2825,684.3772,0
2026-07-24 19:02:00,684.4,684.4,684.28,684.284,0
2026-07-24 19:03:00,684.42,684.45,684.2812,684.45,0
2026-07-24 19:04:00,684.45,684.468,684.27,684.27,0
2026-07-24 19:05:00,684.3385,684.3396,684.2381,684.29,0
2026-07-24 19:06:00,684.3327,684.35,684.23,684.34,0
2026-07-24 19:07:00,684.33,684.4763,684.32,684.32,0
2026-07-24 19:08:00,684.4,684.49,684.31,684.33,0
2026-07-24 19:09:00,684.4694,684.49,684.17,684.23,0
2026-07-24 19:10:00,684.23,684.48,684.12,684.23,0
2026-07-24 19:11:00,684.45,684.45,684.4077,684.4077,0
2026-07-24 19:12:00,684.4078,684.4078,684.24,684.24,0
2026-07-24 19:13:00,684.23,684.56,684.17,684.35,0
2026-07-24 19:14:00,684.35,684.35,684.2352,684.3274,0
2026-07-24 19:15:00,684.34,684.34,684.23,684.25,0
2026-07-24 19:16:00,684.3,684.3,684.1788,684.2,0
2026-07-24 19:17:00,684.1968,684.2,684.18,684.19,0
2026-07-24 19:18:00,684.2,684.2,684.19,684.19,0
2026-07-24 19:19:00,684.2,684.2,684.15,684.1595,0
2026-07-24 19:20:00,684.1537,684.1537,684.01,684.0547,0
2026-07-24 19:21:00,684.0587,684.1,684.0,684.05,0
2026-07-24 19:22:00,684.0,684.12,684.0,684.12,0
2026-07-24 19:23:00,684.05,684.12,684.0,684.1074,0
2026-07-24 19:24:00,684.12,684.12,684.0,684.11,0
2026-07-24 19:25:00,684.1,684.1,684.0,684.0,0
2026-07-24 19:26:00,684.05,684.05,684.0,684.05,0
2026-07-24 19:27:00,684.0447,684.05,683.88,684.0147,0
2026-07-24 19:28:00,684.04,684.04,683.85,684.01,0
2026-07-24 19:29:00,684.04,684.04,683.8796,683.922,0
2026-07-24 19:30:00,683.9168,683.9193,683.8,683.8499,0
2026-07-24 19:31:00,683.84,683.8481,683.8388,683.8388,0
2026-07-24 19:32:00,683.8,683.85,683.77,683.82,0
2026-07-24 19:33:00,683.85,683.85,683.6,683.71,0
2026-07-24 19:34:00,683.62,683.85,683.6,683.85,0
2026-07-24 19:35:00,683.7,683.7,683.62,683.62,0
2026-07-24 19:36:00,683.66,683.66,683.5816,683.66,0
2026-07-24 19:37:00,683.66,683.66,683.5495,683.6,0
2026-07-24 19:38:00,683.5905,683.6314,683.59,683.6,0
2026-07-24 19:39:00,683.64,683.66,683.53,683.6005,0
2026-07-24 19:40:00,683.6582,683.66,683.53,683.5641,0
2026-07-24 19:41:00,683.66,683.66,683.55,683.6,0
2026-07-24 19:42:00,683.6,683.66,683.6,683.62,0
2026-07-24 19:43:00,683.63,683.85,683.62,683.84,0
2026-07-24 19:44:00,683.85,683.85,683.62,683.79,0
2026-07-24 19:45:00,683.7955,683.8,683.75,683.75,0
2026-07-24 19:46:00,683.79,683.8,683.72,683.8,0
2026-07-24 19:47:00,683.7944,683.8,683.76,683.76,0
2026-07-24 19:48:00,683.74,683.8,683.69,683.7338,0
2026-07-24 19:49:00,683.7338,683.7338,683.62,683.62,0
2026-07-24 19:50:00,683.62,683.62,683.55,683.5947,0
2026-07-24 19:51:00,683.5987,683.6,683.55,683.55,0
2026-07-24 19:52:00,683.57,683.59,683.55,683.59,0
2026-07-24 19:53:00,683.5838,683.5894,683.5507,683.585,0
2026-07-24 19:54:00,683.59,683.8,683.58,683.8,0
2026-07-24 19:55:00,683.7659,683.8,683.65,683.65,0
2026-07-24 19:56:00,683.7,683.8,683.65,683.72,0
2026-07-24 19:57:00,683.79,683.851,683.62,683.851,0
2026-07-24 19:58:00,683.85,683.95,683.85,683.85,0
2026-07-24 19:59:00,683.85,683.99,683.85,683.964,0
2026-07-27 04:00:00,693.49,695.001,691.9,693.85,0
2026-07-27 04:01:00,693.8912,695.0,691.93,694.03,0
2026-07-27 04:02:00,693.96,694.88,693.93,694.2,0
2026-07-27 04:03:00,694.32,694.43,694.04,694.18,0
2026-07-27 04:04:00,694.16,694.235,693.91,693.9526,0
2026-07-27 04:05:00,694.015,694.02,693.83,693.93,0
2026-07-27 04:06:00,693.94,694.04,693.75,694.0133,0
2026-07-27 04:07:00,694.0127,694.27,694.0,694.16,0
2026-07-27 04:08:00,694.04,694.18,694.04,694.095,0
2026-07-27 04:09:00,694.08,694.13,693.98,694.09,0
2026-07-27 04:10:00,694.07,694.07,693.8321,694.02,0
2026-07-27 04:11:00,694.0,694.1388,693.81,693.81,0
2026-07-27 04:12:00,693.85,694.0,693.75,693.9097,0
2026-07-27 04:13:00,693.9009,694.0,693.75,694.0,0
2026-07-27 04:14:00,694.03,694.23,694.02,694.22,0
2026-07-27 04:15:00,694.24,694.24,694.1,694.14,0
2026-07-27 04:16:00,693.96,694.03,693.86,694.01,0
2026-07-27 04:17:00,694.0316,694.29,694.0,694.27,0
2026-07-27 04:18:00,694.18,694.4,694.1196,694.4,0
2026-07-27 04:19:00,694.3735,694.45,694.291,694.358,0
2026-07-27 04:20:00,694.4082,694.4082,694.35,694.35,0
2026-07-27 04:21:00,694.2544,694.29,694.2544,694.29,0
2026-07-27 04:22:00,694.2387,694.34,694.206,694.206,0
2026-07-27 04:23:00,694.34,694.39,694.34,694.39,0
2026-07-27 04:24:00,694.39,694.41,694.3521,694.3882,0
2026-07-27 04:25:00,694.39,694.565,694.37,694.44,0
2026-07-27 04:26:00,694.43,694.58,694.43,694.58,0
2026-07-27 04:27:00,694.578,694.635,694.535,694.57,0
2026-07-27 04:28:00,694.51,694.65,694.45,694.65,0
2026-07-27 04:29:00,694.7,694.92,694.7,694.9,0
2026-07-27 04:30:00,694.9082,694.9382,694.66,694.8382,0
2026-07-27 04:31:00,694.81,694.82,694.68,694.68,0
2026-07-27 04:32:00,694.8017,694.8017,694.7427,694.78,0
2026-07-27 04:33:00,694.78,694.8,694.58,694.6757,0
2026-07-27 04:34:00,694.6917,694.78,694.5217,694.5795,0
2026-07-27 04:35:00,694.521,694.5973,694.45,694.5973,0
2026-07-27 04:36:00,694.65,694.82,694.65,694.76,0
2026-07-27 04:37:00,694.82,694.82,694.73,694.76,0
2026-07-27 04:38:00,694.72,694.83,694.7082,694.792,0
2026-07-27 04:39:00,694.84,694.87,694.75,694.86,0
2026-07-27 04:40:00,694.9,694.95,694.78,694.95,0
2026-07-27 04:41:00,694.93,694.965,694.88,694.9625,0
2026-07-27 04:42:00,694.915,695.37,694.89,695.21,0
2026-07-27 04:43:00,695.2279,695.272,695.1493,695.1844,0
2026-07-27 04:44:00,695.175,695.31,695.17,695.18,0
2026-07-27 04:45:00,695.25,695.34,695.14,695.17,0
2026-07-27 04:46:00,695.17,695.185,695.05,695.09,0
2026-07-27 04:47:00,695.09,695.13,695.04,695.0501,0
2026-07-27 04:48:00,695.15,695.1946,695.075,695.12,0
2026-07-27 04:49:00,695.1,695.16,695.04,695.0687,0
2026-07-27 04:50:00,695.02,695.16,695.01,695.07,0
2026-07-27 04:51:00,695.07,695.19,695.07,695.14,0
2026-07-27 04:52:00,695.12,695.12,695.0,695.0,0
2026-07-27 04:53:00,695.0546,695.06,694.99,695.015,0
2026-07-27 04:54:00,695.07,695.48,695.07,695.47,0
2026-07-27 04:55:00,695.43,695.43,695.33,695.388,0
2026-07-27 04:56:00,695.43,695.43,695.3,695.3,0
2026-07-27 04:57:00,695.3,695.5,695.3,695.5,0
2026-07-27 04:58:00,695.5107,695.52,695.38,695.39,0
2026-07-27 04:59:00,695.3077,695.3682,695.22,695.22,0
2026-07-27 05:00:00,695.27,695.27,694.88,694.9,0
2026-07-27 05:01:00,694.94,694.99,694.92,694.99,0
2026-07-27 05:02:00,694.99,695.02,694.92,694.92,0
2026-07-27 05:03:00,695.0,695.0,694.9,694.93,0
2026-07-27 05:04:00,695.0,695.0382,694.98,695.03,0
2026-07-27 05:05:00,695.07,695.07,695.07,695.07,0
2026-07-27 05:06:00,694.999,694.999,694.97,694.97,0
2026-07-27 05:07:00,694.96,694.96,694.9,694.9,0
2026-07-27 05:08:00,695.06,695.06,694.9015,694.9015,0
2026-07-27 05:09:00,695.04,695.0405,694.985,695.04,0
2026-07-27 05:10:00,694.97,695.0682,694.9699,695.055,0
2026-07-27 05:11:00,695.0615,695.0615,695.02,695.0517,0
2026-07-27 05:12:00,695.11,695.12,695.11,695.12,0
2026-07-27 05:13:00,695.0785,695.0785,695.03,695.03,0
2026-07-27 05:14:00,695.0,695.02,694.9,694.9782,0
2026-07-27 05:15:00,694.95,695.05,694.95,695.05,0
2026-07-27 05:16:00,695.058,695.1028,695.0382,695.0382,0
2026-07-27 05:17:00,695.07,695.07,695.046,695.046,0
2026-07-27 05:18:00,695.04,695.14,695.04,695.14,0
2026-07-27 05:19:00,695.0405,695.075,695.0,695.0,0
2026-07-27 05:20:00,695.06,695.09,695.0516,695.07,0
2026-07-27 05:21:00,695.0991,695.28,695.08,695.23,0
2026-07-27 05:22:00,695.34,695.34,695.04,695.04,0
2026-07-27 05:23:00,695.02,695.1,695.02,695.0712,0
2026-07-27 05:24:00,695.12,695.12,695.08,695.12,0
2026-07-27 05:25:00,695.1222,695.1222,695.06,695.06,0
2026-07-27 05:26:00,695.27,695.28,695.19,695.19,0
2026-07-27 05:27:00,695.18,695.2,695.03,695.03,0
2026-07-27 05:28:00,695.01,695.01,694.97,694.98,0
2026-07-27 05:29:00,695.0,695.04,694.9687,695.04,0
2026-07-27 05:30:00,695.0,695.0,694.87,694.8785,0
2026-07-27 05:31:00,694.8596,695.02,694.8596,695.02,0
2026-07-27 05:32:00,695.0085,695.05,695.0085,695.05,0
2026-07-27 05:33:00,695.105,695.105,694.96,694.96,0
2026-07-27 05:34:00,694.9,695.135,694.9,695.135,0
2026-07-27 05:35:00,695.1906,695.35,695.1906,695.35,0
2026-07-27 05:36:00,695.27,695.34,695.22,695.22,0
2026-07-27 05:37:00,695.3263,695.4,695.3263,695.35,0
2026-07-27 05:38:00,695.37,695.45,695.03,695.09,0
2026-07-27 05:39:00,695.1112,695.28,695.1112,695.28,0
2026-07-27 05:40:00,695.32,695.32,695.25,695.26,0
2026-07-27 05:41:00,695.2803,695.285,695.2,695.2,0
2026-07-27 05:42:00,695.2685,695.32,695.2685,695.32,0
2026-07-27 05:44:00,695.43,695.53,695.43,695.52,0
2026-07-27 05:45:00,695.4882,695.4882,695.4799,695.4799,0
2026-07-27 05:46:00,695.4488,695.545,695.42,695.54,0
2026-07-27 05:47:00,695.58,695.71,695.58,695.71,0
2026-07-27 05:48:00,695.75,695.86,695.59,695.59,0
2026-07-27 05:49:00,695.74,695.81,695.7,695.8,0
2026-07-27 05:50:00,695.77,695.77,695.7,695.7107,0
2026-07-27 05:51:00,695.8,695.89,695.8,695.81,0
2026-07-27 05:52:00,695.8187,695.86,695.73,695.8121,0
2026-07-27 05:53:00,695.7767,695.83,695.77,695.83,0
2026-07-27 05:54:00,695.78,695.81,695.78,695.81,0
2026-07-27 05:55:00,695.73,695.74,695.72,695.73,0
2026-07-27 05:56:00,695.6809,695.8185,695.6587,695.74,0
2026-07-27 05:57:00,695.73,695.75,695.54,695.54,0
2026-07-27 05:58:00,695.5415,695.6,695.5,695.52,0
2026-07-27 05:59:00,695.5315,695.565,695.5,695.52,0
2026-07-27 06:00:00,695.54,695.55,695.509,695.55,0
2026-07-27 06:01:00,695.46,695.5709,695.46,695.542,0
2026-07-27 06:02:00,695.55,695.58,695.55,695.56,0
2026-07-27 06:04:00,695.6,695.63,695.5,695.5,0
2026-07-27 06:05:00,695.5,695.55,695.449,695.51,0
2026-07-27 06:06:00,695.53,695.56,695.42,695.49,0
2026-07-27 06:07:00,695.4017,695.47,695.4017,695.4489,0
2026-07-27 06:08:00,695.5044,695.5044,695.47,695.4717,0
2026-07-27 06:09:00,695.53,695.54,695.38,695.38,0
2026-07-27 06:10:00,695.44,695.44,695.18,695.18,0
2026-07-27 06:11:00,695.2259,695.26,695.045,695.045,0
2026-07-27 06:12:00,695.03,695.12,695.03,695.06,0
2026-07-27 06:13:00,695.0985,695.26,695.0985,695.2,0
2026-07-27 06:14:00,695.19,695.3507,695.18,695.3507,0
2026-07-27 06:15:00,695.3,695.45,695.3,695.36,0
2026-07-27 06:16:00,695.344,695.53,695.344,695.46,0
2026-07-27 06:17:00,695.3991,695.45,695.3991,695.4,0
2026-07-27 06:18:00,695.3782,695.3782,695.15,695.15,0
2026-07-27 06:19:00,695.21,695.3,695.21,695.24,0
2026-07-27 06:20:00,695.3012,695.47,695.3012,695.39,0
2026-07-27 06:21:00,695.28,695.35,695.28,695.35,0
2026-07-27 06:22:00,695.39,695.39,695.2812,695.2812,0
2026-07-27 06:23:00,695.29,695.3109,695.24,695.27,0
2026-07-27 06:24:00,695.2615,695.2708,695.2,695.2,0
2026-07-27 06:25:00,695.2,695.31,695.17,695.235,0
2026-07-27 06:26:00,695.21,695.24,695.2,695.2,0
2026-07-27 06:27:00,695.2485,695.29,695.2167,695.29,0
2026-07-27 06:28:00,695.39,695.39,695.34,695.35,0
2026-07-27 06:29:00,695.32,695.38,695.24,695.24,0
2026-07-27 06:30:00,695.3185,695.51,695.3185,695.36,0
2026-07-27 06:31:00,695.35,695.36,695.23,695.36,0
2026-07-27 06:32:00,695.36,695.36,695.3,695.3,0
2026-07-27 06:33:00,695.36,695.4,695.3387,695.3387,0
2026-07-27 06:34:00,695.33,695.35,695.31,695.31,0
2026-07-27 06:35:00,695.31,695.31,695.26,695.26,0
2026-07-27 06:36:00,695.24,695.36,695.24,695.3101,0
2026-07-27 06:37:00,695.32,695.32,695.32,695.32,0
2026-07-27 06:38:00,695.22,695.28,695.22,695.222,0
2026-07-27 06:39:00,695.32,695.3315,695.32,695.3315,0
2026-07-27 06:40:00,695.24,695.24,695.15,695.23,0
2026-07-27 06:41:00,695.2608,695.2608,695.23,695.25,0
2026-07-27 06:42:00,695.3,695.43,695.26,695.43,0
2026-07-27 06:43:00,695.42,695.57,695.42,695.5394,0
2026-07-27 06:44:00,695.48,695.53,695.44,695.51,0
2026-07-27 06:45:00,695.4885,695.5312,695.43,695.43,0
2026-07-27 06:46:00,695.4,695.44,695.34,695.34,0
2026-07-27 06:47:00,695.5,695.53,695.4695,695.5,0
2026-07-27 06:48:00,695.5,695.5091,695.3915,695.4712,0
2026-07-27 06:49:00,695.5107,695.57,695.48,695.52,0
2026-07-27 06:50:00,695.5782,695.5782,695.54,695.54,0
2026-07-27 06:51:00,695.5396,695.58,695.4412,695.4412,0
2026-07-27 06:52:00,695.4297,695.4297,695.4,695.4,0
2026-07-27 06:53:00,695.4288,695.455,695.4288,695.43,0
2026-07-27 06:54:00,695.46,695.4743,695.45,695.4743,0
2026-07-27 06:55:00,695.43,695.72,695.43,695.62,0
2026-07-27 06:56:00,695.59,695.66,695.59,695.6155,0
2026-07-27 06:57:00,695.48,695.48,695.4,695.4,0
2026-07-27 06:58:00,695.39,695.4087,695.33,695.332,0
2026-07-27 06:59:00,695.47,695.47,695.38,695.3991,0
2026-07-27 07:00:00,695.35,695.3885,684.23,695.0278,0
2026-07-27 07:01:00,695.0387,695.07,694.96,694.9906,0
2026-07-27 07:02:00,694.907,695.01,694.8717,694.9415,0
2026-07-27 07:03:00,694.925,694.925,694.66,694.8505,0
2026-07-27 07:04:00,694.8378,694.9934,694.8191,694.9148,0
2026-07-27 07:05:00,694.9,694.93,694.7906,694.82,0
2026-07-27 07:06:00,694.8219,694.96,694.78,694.96,0
2026-07-27 07:07:00,694.9508,694.9508,694.7699,694.77,0
2026-07-27 07:08:00,694.7524,694.9,694.72,694.8694,0
2026-07-27 07:09:00,694.78,694.8117,694.64,694.6954,0
2026-07-27 07:10:00,694.64,694.8,694.6,694.8,0
2026-07-27 07:11:00,694.7966,694.942,694.7208,694.802,0
2026-07-27 07:12:00,694.8,694.8,694.69,694.72,0
2026-07-27 07:13:00,694.73,694.7301,694.58,694.615,0
2026-07-27 07:14:00,694.61,694.73,694.55,694.6622,0
2026-07-27 07:15:00,694.6114,694.72,694.54,694.65,0
2026-07-27 07:16:00,694.6931,694.8,694.65,694.8,0
2026-07-27 07:17:00,694.825,694.84,694.7,694.81,0
2026-07-27 07:18:00,694.81,694.81,694.5,694.56,0
2026-07-27 07:19:00,694.55,694.601,694.4,694.4,0
2026-07-27 07:20:00,694.4432,694.4432,694.32,694.3501,0
2026-07-27 07:21:00,694.35,694.42,694.3,694.32,0
2026-07-27 07:22:00,694.32,694.46,694.27,694.45,0
2026-07-27 07:23:00,694.38,694.4523,694.22,694.22,0
2026-07-27 07:24:00,694.2,694.2987,694.18,694.23,0
2026-07-27 07:25:00,694.2292,694.3458,694.21,694.3458,0
2026-07-27 07:26:00,694.31,694.31,693.84,693.88,0
2026-07-27 07:27:00,693.84,693.9483,693.78,693.8242,0
2026-07-27 07:28:00,693.81,693.87,693.76,693.87,0
2026-07-27 07:29:00,693.76,693.89,693.14,693.14,0
2026-07-27 07:30:00,693.23,693.77,693.23,693.7517,0
2026-07-27 07:31:00,693.6994,693.94,693.6302,693.94,0
2026-07-27 07:32:00,693.81,693.8792,693.465,693.5,0
2026-07-27 07:33:00,693.4,693.5,693.3,693.465,0
2026-07-27 07:34:00,693.43,693.4983,693.32,693.39,0
2026-07-27 07:35:00,693.44,693.5969,693.39,693.4,0
2026-07-27 07:36:00,693.43,693.8,693.43,693.7704,0
2026-07-27 07:37:00,693.8,693.84,693.71,693.8314,0
2026-07-27 07:38:00,693.7491,693.84,693.72,693.7513,0
2026-07-27 07:39:00,693.7262,693.873,693.7,693.78,0
2026-07-27 07:40:00,693.872,693.88,693.7312,693.85,0
2026-07-27 07:41:00,693.761,693.84,693.67,693.67,0
2026-07-27 07:42:00,693.78,693.8733,693.75,693.8733,0
2026-07-27 07:43:00,693.8778,693.905,693.22,693.69,0
2026-07-27 07:44:00,693.6677,693.6982,693.53,693.5898,0
2026-07-27 07:45:00,693.62,693.62,693.55,693.6,0
2026-07-27 07:46:00,693.5607,693.6388,693.5269,693.6388,0
2026-07-27 07:47:00,693.64,693.65,693.565,693.565,0
2026-07-27 07:48:00,693.6,693.6659,693.5865,693.6659,0
2026-07-27 07:49:00,693.67,693.7837,693.67,693.74,0
2026-07-27 07:50:00,693.74,693.75,693.6014,693.75,0
2026-07-27 07:51:00,693.75,693.79,693.65,693.751,0
2026-07-27 07:52:00,693.74,693.7849,693.6393,693.69,0
2026-07-27 07:53:00,693.63,693.6892,693.39,693.5,0
2026-07-27 07:54:00,693.4904,693.52,693.371,693.3905,0
2026-07-27 07:55:00,693.41,693.59,693.41,693.48,0
2026-07-27 07:56:00,693.431,693.6,693.431,693.59,0
2026-07-27 07:57:00,693.5822,693.67,693.54,693.602,0
2026-07-27 07:58:00,693.64,693.71,693.58,693.58,0
2026-07-27 07:59:00,693.71,693.7588,693.6,693.6695,0
2026-07-27 08:00:00,693.7285,694.08,693.67,693.9574,0
2026-07-27 08:01:00,693.9053,694.0997,683.717,694.05,0
2026-07-27 08:02:00,694.0597,694.2027,694.01,694.1692,0
2026-07-27 08:03:00,694.15,694.23,694.0705,694.23,0
2026-07-27 08:04:00,694.17,694.2805,694.1,694.1354,0
2026-07-27 08:05:00,694.11,694.16,693.922,694.0143,0
2026-07-27 08:06:00,694.08,694.2626,694.08,694.2626,0
2026-07-27 08:07:00,694.2606,694.27,694.2,694.26,0
2026-07-27 08:08:00,694.23,694.2703,694.11,694.16,0
2026-07-27 08:09:00,694.08,694.13,693.9454,693.98,0
2026-07-27 08:10:00,693.982,693.982,693.61,693.61,0
2026-07-27 08:11:00,693.6082,693.61,693.32,693.3581,0
2026-07-27 08:12:00,693.3685,693.41,693.24,693.2954,0
2026-07-27 08:13:00,693.27,693.2701,692.85,692.9,0
2026-07-27 08:14:00,692.91,693.02,692.74,692.8392,0
2026-07-27 08:15:00,692.82,693.0005,692.8,692.9348,0
2026-07-27 08:16:00,692.96,693.14,692.89,693.14,0
2026-07-27 08:17:00,693.141,693.18,693.04,693.1,0
2026-07-27 08:18:00,692.99,693.08,692.99,693.0717,0
2026-07-27 08:19:00,693.08,693.15,692.85,692.8876,0
2026-07-27 08:20:00,692.97,692.98,692.85,692.9799,0
2026-07-27 08:21:00,692.94,693.01,692.825,692.85,0
2026-07-27 08:22:00,692.8,692.82,692.64,692.81,0
2026-07-27 08:23:00,692.8627,693.0,692.7488,692.91,0
2026-07-27 08:24:00,692.9,692.95,692.84,692.84,0
2026-07-27 08:25:00,692.84,693.0,692.75,693.0,0
2026-07-27 08:26:00,693.0,693.11,692.87,693.0,0
2026-07-27 08:27:00,692.9,693.165,692.9,693.1133,0
2026-07-27 08:28:00,693.1776,693.18,693.11,693.18,0
2026-07-27 08:29:00,693.1827,693.2,693.1404,693.18,0
2026-07-27 08:30:00,693.188,693.3,692.9885,693.3,0
2026-07-27 08:31:00,693.29,693.3,692.8582,692.9403,0
2026-07-27 08:32:00,692.95,692.9795,692.74,692.79,0
2026-07-27 08:33:00,692.74,692.89,692.74,692.7882,0
2026-07-27 08:34:00,692.85,693.2,692.8133,693.2,0
2026-07-27 08:35:00,693.1938,693.45,693.16,693.32,0
2026-07-27 08:36:00,693.3,693.43,693.2895,693.43,0
2026-07-27 08:37:00,693.391,693.45,693.336,693.3484,0
2026-07-27 08:38:00,693.3786,693.5535,693.3786,693.54,0
2026-07-27 08:39:00,693.531,693.5948,693.44,693.4955,0
2026-07-27 08:40:00,693.4512,693.6065,693.3897,693.5,0
2026-07-27 08:41:00,693.43,693.5395,693.41,693.46,0
2026-07-27 08:42:00,693.45,693.62,693.41,693.41,0
2026-07-27 08:43:00,693.4,693.6,693.34,693.5324,0
2026-07-27 08:44:00,693.54,693.63,693.522,693.63,0
2026-07-27 08:45:00,693.63,693.7439,693.57,693.64,0
2026-07-27 08:46:00,693.7436,693.87,693.6861,693.8115,0
2026-07-27 08:47:00,684.23,694.03,684.23,693.99,0
2026-07-27 08:48:00,693.9726,694.15,693.97,694.07,0
2026-07-27 08:49:00,694.07,694.12,693.9461,693.96,0
2026-07-27 08:50:00,693.8891,694.06,693.8891,693.9393,0
2026-07-27 08:51:00,693.91,693.91,693.593,693.67,0
2026-07-27 08:52:00,693.72,693.87,693.66,693.87,0
2026-07-27 08:53:00,693.9011,694.0162,693.8518,694.0162,0
2026-07-27 08:54:00,694.0143,694.08,693.9901,694.08,0
2026-07-27 08:55:00,694.06,694.1587,694.05,694.07,0
2026-07-27 08:56:00,694.06,694.14,693.9001,693.9797,0
2026-07-27 08:57:00,693.92,693.9994,693.77,693.8729,0
2026-07-27 08:58:00,693.82,693.9489,693.7481,693.9489,0
2026-07-27 08:59:00,693.9018,694.12,693.82,694.101,0
2026-07-27 09:00:00,694.159,694.37,693.94,693.94,0
2026-07-27 09:01:00,693.93,693.96,693.45,693.65,0
2026-07-27 09:02:00,693.63,693.92,693.6,693.8833,0
2026-07-27 09:03:00,693.906,694.0,693.8508,693.9082,0
2026-07-27 09:04:00,694.0418,694.0418,693.86,693.8872,0
2026-07-27 09:05:00,693.88,693.88,693.5,693.5,0
2026-07-27 09:06:00,693.57,693.57,693.26,693.3194,0
2026-07-27 09:07:00,693.3108,693.3799,693.26,693.2674,0
2026-07-27 09:08:00,693.29,693.3505,693.13,693.23,0
2026-07-27 09:09:00,693.1937,693.3499,693.13,693.34,0
2026-07-27 09:10:00,693.3,693.54,693.2993,693.54,0
2026-07-27 09:11:00,693.51,693.7,693.51,693.58,0
2026-07-27 09:12:00,693.68,693.75,693.59,693.68,0
2026-07-27 09:13:00,693.75,693.7523,693.61,693.62,0
2026-07-27 09:14:00,693.6451,693.6451,693.42,693.45,0
2026-07-27 09:15:00,693.4614,693.75,693.4614,693.58,0
2026-07-27 09:16:00,693.61,693.61,693.31,693.39,0
2026-07-27 09:17:00,693.3667,693.59,693.2,693.49,0
2026-07-27 09:18:00,693.5,693.5,693.05,693.1,0
2026-07-27 09:19:00,693.1,693.14,692.88,692.94,0
2026-07-27 09:20:00,692.94,692.9695,692.8,692.8606,0
2026-07-27 09:21:00,692.8391,692.93,692.795,692.818,0
2026-07-27 09:22:00,692.855,692.98,692.7517,692.9101,0
2026-07-27 09:23:00,692.98,692.98,692.81,692.8865,0
2026-07-27 09:24:00,692.89,692.98,692.82,692.88,0
2026-07-27 09:25:00,692.9,693.0,692.55,692.6776,0
2026-07-27 09:26:00,692.57,692.65,692.45,692.54,0
2026-07-27 09:27:00,692.5,692.62,691.77,692.32,0
2026-07-27 09:28:00,692.32,692.32,691.8,691.88,0
2026-07-27 09:29:00,691.89,692.16,691.67,691.709,0
2026-07-27 09:30:00,691.72,692.26,691.17,691.55,1714622
2026-07-27 09:31:00,691.45,691.79,690.8,691.06,173564
2026-07-27 09:32:00,691.09,691.8295,689.99,690.0001,187785
2026-07-27 09:33:00,690.14,690.23,689.19,689.63,149683
2026-07-27 09:34:00,689.61,690.425,689.29,690.4,126390
2026-07-27 09:35:00,690.44,692.0,690.3101,692.0,144096
2026-07-27 09:36:00,692.0,692.25,691.45,691.67,136419
2026-07-27 09:37:00,691.72,692.12,691.37,691.79,84955
2026-07-27 09:38:00,691.7453,691.965,690.66,690.7,89824
2026-07-27 09:39:00,690.63,690.9,690.15,690.57,99440
2026-07-27 09:40:00,690.62,690.8,689.585,689.62,123869
2026-07-27 09:41:00,689.605,690.11,689.35,689.625,182635
2026-07-27 09:42:00,689.61,689.92,688.39,688.48,181607
2026-07-27 09:43:00,688.48,688.56,687.74,688.135,275401
2026-07-27 09:44:00,688.14,688.49,688.06,688.355,199779
2026-07-27 09:45:00,688.395,688.8596,688.0,688.83,183133
2026-07-27 09:46:00,688.8275,689.13,687.72,687.95,109888
2026-07-27 09:47:00,687.95,688.47,687.85,687.9401,120581
2026-07-27 09:48:00,687.94,688.74,687.66,688.65,102696
2026-07-27 09:49:00,688.6731,689.2247,688.4598,688.58,101488
2026-07-27 09:50:00,688.5999,689.26,688.25,689.13,128735
2026-07-27 09:51:00,689.14,689.4,688.7,689.399,115316
2026-07-27 09:52:00,689.4001,689.58,688.71,688.955,62602
2026-07-27 09:53:00,688.93,689.05,688.33,688.9112,62595
2026-07-27 09:54:00,688.9445,689.33,688.42,688.545,53337
2026-07-27 09:55:00,688.5,688.64,687.9009,688.055,118518
2026-07-27 09:56:00,688.02,688.02,687.18,687.23,74602
2026-07-27 09:57:00,687.23,687.5,686.75,686.78,73548
2026-07-27 09:58:00,686.75,686.78,685.77,685.8191,174564
2026-07-27 09:59:00,685.81,686.23,685.6727,685.8,185548
2026-07-27 10:00:00,685.83,686.315,685.29,686.31,322424
2026-07-27 10:01:00,686.2611,686.37,684.9,685.015,201722
2026-07-27 10:02:00,685.0,685.326,684.72,685.22,253391
2026-07-27 10:03:00,685.21,685.42,684.44,684.54,215233
2026-07-27 10:04:00,684.6088,685.08,684.33,685.04,176198
2026-07-27 10:05:00,685.12,685.63,684.53,684.5699,125760
2026-07-27 10:06:00,684.57,684.79,684.1,684.63,259732
2026-07-27 10:07:00,684.7,685.25,684.64,685.04,151236
2026-07-27 10:08:00,685.0,685.58,684.9205,685.445,121613
2026-07-27 10:09:00,685.4499,685.79,685.17,685.17,115683
2026-07-27 10:10:00,685.18,685.23,683.86,683.91,129687
2026-07-27 10:11:00,683.91,683.96,682.97,683.48,267869
2026-07-27 10:12:00,683.5,684.04,683.24,683.985,186029
2026-07-27 10:13:00,684.0,684.3399,683.0,683.27,186504
2026-07-27 10:14:00,683.29,683.89,683.21,683.48,168116
2026-07-27 10:15:00,683.56,684.6,683.4,683.8299,197229
2026-07-27 10:16:00,683.845,684.29,683.55,683.85,115977
2026-07-27 10:17:00,683.86,683.94,683.09,683.25,122771
2026-07-27 10:18:00,683.25,683.57,682.81,683.4442,158668
2026-07-27 10:19:00,683.4,684.18,683.4,683.69,119083
2026-07-27 10:20:00,683.64,683.68,682.68,682.68,104971
2026-07-27 10:21:00,682.71,683.4199,682.52,683.3976,153649
2026-07-27 10:22:00,683.36,683.4,682.43,682.5999,142795
2026-07-27 10:23:00,682.58,683.18,681.75,681.9,146488
2026-07-27 10:24:00,681.9,682.23,681.42,681.81,180543
2026-07-27 10:25:00,681.8,681.84,681.165,681.505,230052
2026-07-27 10:26:00,681.5294,681.68,681.0,681.2436,228781
2026-07-27 10:27:00,681.3101,681.41,680.635,680.735,147532
2026-07-27 10:28:00,680.7,680.87,680.16,680.28,200228
2026-07-27 10:29:00,680.26,680.36,679.27,679.46,397448
2026-07-27 10:30:00,679.46,679.91,678.64,679.17,337658
2026-07-27 10:31:00,679.18,679.64,678.9,679.2,335922
2026-07-27 10:32:00,679.18,679.41,678.74,679.26,180301
2026-07-27 10:33:00,679.28,679.52,678.8,678.85,170838
2026-07-27 10:34:00,678.87,679.28,678.37,678.63,265092
2026-07-27 10:35:00,678.625,678.96,677.82,678.71,266047
2026-07-27 10:36:00,678.71,678.87,677.5696,677.61,156986
2026-07-27 10:37:00,677.635,678.05,677.2601,677.73,199594
2026-07-27 10:38:00,677.73,678.76,677.73,678.265,157410
2026-07-27 10:39:00,678.18,678.5999,677.86,678.13,177246
2026-07-27 10:40:00,678.12,678.44,677.08,677.47,156369
2026-07-27 10:41:00,677.49,677.72,676.04,676.49,237124
2026-07-27 10:42:00,676.44,676.93,676.31,676.43,231214
2026-07-27 10:43:00,676.44,676.86,675.945,676.81,206355
2026-07-27 10:44:00,676.87,677.36,676.14,676.4,231776
2026-07-27 10:45:00,676.39,677.77,676.39,677.41,183331
2026-07-27 10:46:00,677.31,678.12,677.08,677.895,167608
2026-07-27 10:47:00,677.98,678.5,677.83,678.115,146112
2026-07-27 10:48:00,678.14,678.53,678.02,678.09,129019
2026-07-27 10:49:00,678.13,679.1399,678.05,678.93,124514
2026-07-27 10:50:00,678.95,680.108,678.93,679.86,202714
2026-07-27 10:51:00,679.835,680.19,679.42,679.475,159498
2026-07-27 10:52:00,679.44,680.4,678.985,680.3919,141025
2026-07-27 10:53:00,680.35,680.48,679.7502,679.995,121201
2026-07-27 10:54:00,680.03,680.43,679.7903,679.9,61591
2026-07-27 10:55:00,679.9,680.67,679.5201,680.5434,100971
2026-07-27 10:56:00,680.5,680.95,680.2,680.87,109562
2026-07-27 10:57:00,680.84,681.22,680.76,680.775,109722
2026-07-27 10:58:00,680.76,681.26,680.5999,681.155,98323
2026-07-27 10:59:00,681.15,681.74,681.03,681.47,112576
2026-07-27 11:00:00,681.52,681.9,680.94,681.61,159394
2026-07-27 11:01:00,681.6,681.62,681.08,681.09,94031
2026-07-27 11:02:00,681.07,681.5099,680.71,680.955,174665
2026-07-27 11:03:00,680.95,681.7,680.93,681.085,99383
2026-07-27 11:04:00,681.11,681.48,680.98,681.37,62570
2026-07-27 11:05:00,681.3,682.09,681.16,682.015,98468
2026-07-27 11:06:00,682.02,682.1503,681.1302,681.17,67064
2026-07-27 11:07:00,681.12,681.96,680.8,681.715,73267
2026-07-27 11:08:00,681.85,681.95,681.22,681.385,57500
2026-07-27 11:09:00,681.38,681.42,680.72,681.04,94621
2026-07-27 11:10:00,681.0,681.72,680.8,681.08,96570
2026-07-27 11:11:00,681.08,681.59,680.75,680.93,76389
2026-07-27 11:12:00,680.9301,681.57,680.86,680.9755,70688
2026-07-27 11:13:00,680.94,681.15,680.33,680.82,94521
2026-07-27 11:14:00,680.87,681.36,680.36,680.4241,92610
2026-07-27 11:15:00,680.39,680.61,679.66,679.7,143752
2026-07-27 11:16:00,679.68,679.9497,679.36,679.64,135620
2026-07-27 11:17:00,679.64,679.67,679.17,679.26,107889
2026-07-27 11:18:00,679.26,679.38,678.53,679.24,176764
2026-07-27 11:19:00,679.24,679.97,679.105,679.94,95541
2026-07-27 11:20:00,679.92,680.83,679.91,680.7,98232
2026-07-27 11:21:00,680.77,681.04,680.135,680.1495,112453
2026-07-27 11:22:00,680.11,680.84,679.89,680.49,121794
2026-07-27 11:23:00,680.48,680.48,679.1,679.3399,60638
2026-07-27 11:24:00,679.29,679.4087,678.89,679.201,38129
2026-07-27 11:25:00,679.2199,679.49,678.92,679.16,54935
2026-07-27 11:26:00,679.1599,679.5665,679.06,679.3,37252
2026-07-27 11:27:00,679.28,679.63,678.92,678.92,52064
2026-07-27 11:28:00,678.9401,679.03,678.545,678.81,40107
2026-07-27 11:29:00,678.81,679.32,678.75,679.12,60832
2026-07-27 11:30:00,679.22,679.22,678.68,678.8199,70560
2026-07-27 11:31:00,678.99,679.41,678.41,678.43,76750
2026-07-27 11:32:00,678.43,678.66,677.94,677.98,71339
2026-07-27 11:33:00,677.94,678.17,677.66,678.06,61420
2026-07-27 11:34:00,678.14,678.32,677.86,678.065,50826
2026-07-27 11:35:00,678.07,678.15,677.5301,677.7037,76816
2026-07-27 11:36:00,677.64,678.07,677.53,677.57,62163
2026-07-27 11:37:00,677.53,677.6891,677.06,677.12,69199
2026-07-27 11:38:00,677.1388,677.59,676.91,677.5,103537
2026-07-27 11:39:00,677.57,677.92,677.57,677.75,106887
2026-07-27 11:40:00,677.76,678.08,677.2301,677.63,69680
2026-07-27 11:41:00,677.68,678.04,677.46,677.9,59139
2026-07-27 11:42:00,677.88,678.37,677.88,678.2,91025
2026-07-27 11:43:00,678.13,678.415,677.64,677.84,63433
2026-07-27 11:44:00,677.815,678.52,677.8,678.35,62427
2026-07-27 11:45:00,678.36,678.5599,677.845,677.88,35264
2026-07-27 11:46:00,677.79,678.31,677.76,677.92,30520
2026-07-27 11:47:00,677.9993,678.19,677.3,677.55,46461
2026-07-27 11:48:00,677.59,678.1038,677.59,677.64,46649
2026-07-27 11:49:00,677.54,677.71,677.295,677.67,43947
2026-07-27 11:50:00,677.68,677.91,677.355,677.73,62261
2026-07-27 11:51:00,677.77,678.2699,677.74,678.0595,76471
2026-07-27 11:52:00,678.035,678.22,677.54,677.61,22356
2026-07-27 11:53:00,677.53,677.8982,677.3101,677.795,26520
2026-07-27 11:54:00,677.83,678.08,677.69,677.88,22562
2026-07-27 11:55:00,677.93,678.47,677.79,678.39,30830
2026-07-27 11:56:00,678.34,678.79,678.2443,678.47,56190
2026-07-27 11:57:00,678.57,679.0,678.28,678.79,50833
2026-07-27 11:58:00,678.75,678.87,678.265,678.73,28863
2026-07-27 11:59:00,678.73,679.155,678.69,678.88,124646
2026-07-27 12:00:00,678.92,679.47,678.8,679.03,67408
2026-07-27 12:01:00,679.09,679.2996,678.86,679.09,72532
2026-07-27 12:02:00,679.1,679.34,678.93,679.16,32771
2026-07-27 12:03:00,679.1029,679.64,679.08,679.55,39911
2026-07-27 12:04:00,679.55,680.3,679.55,680.28,105154
2026-07-27 12:05:00,680.27,680.6199,680.24,680.25,61521
2026-07-27 12:06:00,680.33,680.33,679.5505,680.1,106762
2026-07-27 12:07:00,680.125,680.15,679.66,679.91,133373
2026-07-27 12:08:00,679.8801,680.32,679.72,680.1575,55923
2026-07-27 12:09:00,680.13,680.43,679.96,680.39,58179
2026-07-27 12:10:00,680.42,681.03,680.3997,681.02,87891
2026-07-27 12:11:00,680.97,681.1,680.64,680.69,71279
2026-07-27 12:12:00,680.68,680.97,680.53,680.605,43450
2026-07-27 12:13:00,680.63,680.66,679.732,679.8002,73331
2026-07-27 12:14:00,679.8,679.91,679.17,679.29,107098
2026-07-27 12:15:00,679.32,679.38,679.06,679.32,82163
2026-07-27 12:16:00,679.295,679.45,678.48,678.6,83880
2026-07-27 12:17:00,678.65,678.95,678.59,678.8599,180686
2026-07-27 12:18:00,678.865,679.08,678.74,679.01,187664
2026-07-27 12:19:00,679.01,679.21,678.65,678.9569,54442
2026-07-27 12:20:00,678.97,679.17,678.53,679.04,170489
2026-07-27 12:21:00,679.09,679.55,678.79,678.85,68152
2026-07-27 12:22:00,678.84,679.23,678.5908,679.1899,59171
2026-07-27 12:23:00,679.22,679.2426,678.78,679.23,49521
2026-07-27 12:24:00,679.25,679.74,679.22,679.6999,41323
2026-07-27 12:25:00,679.71,682.17,679.66,682.05,407119
2026-07-27 12:26:00,682.045,682.34,681.1101,681.31,139376
2026-07-27 12:27:00,681.25,681.82,681.25,681.76,41360
2026-07-27 12:28:00,681.73,682.21,681.4,681.4945,83252
2026-07-27 12:29:00,681.51,681.61,680.92,681.095,45924
2026-07-27 12:30:00,681.11,681.94,681.01,681.62,35186
2026-07-27 12:31:00,681.615,682.13,681.54,681.9666,34391
2026-07-27 12:32:00,681.91,681.91,681.11,681.255,476931
2026-07-27 12:33:00,681.29,681.32,680.59,680.87,62163
2026-07-27 12:34:00,680.9,681.005,680.74,681.005,52732
2026-07-27 12:35:00,681.0,681.15,680.48,680.53,76007
2026-07-27 12:36:00,680.55,681.19,680.15,681.19,53125
2026-07-27 12:37:00,681.2,681.725,680.93,680.93,52421
2026-07-27 12:38:00,680.97,681.56,680.86,681.39,31494
2026-07-27 12:39:00,681.44,681.5,681.18,681.46,30345
2026-07-27 12:40:00,681.51,681.6932,681.42,681.67,32112
2026-07-27 12:41:00,681.72,681.72,681.1,681.14,57104
2026-07-27 12:42:00,681.16,681.25,680.88,680.99,48349
2026-07-27 12:43:00,680.92,681.03,680.67,680.709,33598
2026-07-27 12:44:00,680.65,680.77,680.29,680.6801,34569
2026-07-27 12:45:00,680.63,680.78,680.34,680.5,35322
2026-07-27 12:46:00,680.56,680.97,680.5,680.74,34478
2026-07-27 12:47:00,680.795,681.159,680.75,680.81,35626
2026-07-27 12:48:00,680.83,681.05,680.4,680.51,53803
2026-07-27 12:49:00,680.53,680.625,680.19,680.235,34228
2026-07-27 12:50:00,680.19,680.19,679.45,679.48,62077
2026-07-27 12:51:00,679.47,679.55,679.1,679.31,70393
2026-07-27 12:52:00,679.33,679.42,678.91,679.15,60304
2026-07-27 12:53:00,679.09,679.115,678.76,678.85,51147
2026-07-27 12:54:00,678.9,678.99,678.6,678.82,115293
2026-07-27 12:55:00,678.81,678.82,678.05,678.27,114977
2026-07-27 12:56:00,678.28,678.69,678.2,678.5052,133957
2026-07-27 12:57:00,678.54,678.67,678.2,678.38,91817
2026-07-27 12:58:00,678.3999,678.65,678.38,678.55,62526
2026-07-27 12:59:00,678.57,678.64,678.1995,678.54,45699
2026-07-27 13:00:00,678.57,678.74,678.22,678.575,29667
2026-07-27 13:01:00,678.555,678.64,677.85,677.9901,50503
2026-07-27 13:02:00,677.8904,678.0,677.35,677.5111,178988
2026-07-27 13:03:00,677.47,677.78,677.37,677.7637,62870
2026-07-27 13:04:00,677.77,677.9199,677.41,677.5192,57973
2026-07-27 13:05:00,677.55,677.69,677.36,677.5,45486
2026-07-27 13:06:00,677.5,677.74,677.25,677.67,53606
2026-07-27 13:07:00,677.695,678.03,677.64,678.028,90275
2026-07-27 13:08:00,678.03,678.08,677.76,677.83,70080
2026-07-27 13:09:00,677.83,678.1,677.69,677.79,76668
2026-07-27 13:10:00,677.77,677.94,677.62,677.94,37075
2026-07-27 13:11:00,677.94,677.98,677.57,677.6101,48838
2026-07-27 13:12:00,677.6101,678.31,677.52,678.22,77304
2026-07-27 13:13:00,678.25,678.35,678.04,678.15,37868
2026-07-27 13:14:00,678.17,678.4599,678.16,678.245,55942
2026-07-27 13:15:00,678.2,678.355,677.97,678.32,44891
2026-07-27 13:16:00,678.33,678.41,677.75,677.81,41444
2026-07-27 13:17:00,677.78,677.795,677.08,677.3299,52225
2026-07-27 13:18:00,677.32,677.36,677.08,677.21,51344
2026-07-27 13:19:00,677.22,677.48,677.08,677.435,70739
2026-07-27 13:20:00,677.42,678.11,677.27,678.06,88321
2026-07-27 13:21:00,678.06,678.15,677.86,677.86,65468
2026-07-27 13:22:00,677.81,678.225,677.61,678.05,69226
2026-07-27 13:23:00,678.11,678.16,677.56,677.57,42828
2026-07-27 13:24:00,677.575,677.69,677.4526,677.67,45002
2026-07-27 13:25:00,677.675,677.78,677.4,677.419,54096
2026-07-27 13:26:00,677.42,677.62,677.26,677.62,51698
2026-07-27 13:27:00,677.64,677.9195,677.63,677.63,47583
2026-07-27 13:28:00,677.64,677.81,677.64,677.76,137020
2026-07-27 13:29:00,677.77,677.91,677.3101,677.39,34263
2026-07-27 13:30:00,677.39,677.62,677.34,677.62,31831
2026-07-27 13:31:00,677.59,677.9,677.58,677.7,47464
2026-07-27 13:32:00,677.735,678.3799,677.59,678.34,152100
2026-07-27 13:33:00,678.32,678.67,678.32,678.67,57229
2026-07-27 13:34:00,678.65,678.84,678.54,678.7801,41187
2026-07-27 13:35:00,678.7401,678.91,678.56,678.68,37129
2026-07-27 13:36:00,678.73,678.84,678.4314,678.5,30309
2026-07-27 13:37:00,678.4801,678.69,678.2,678.2,39876
2026-07-27 13:38:00,678.17,678.775,678.09,678.64,45751
2026-07-27 13:39:00,678.6,678.61,678.15,678.15,142352
2026-07-27 13:40:00,678.07,678.176,677.74,677.795,26958
2026-07-27 13:41:00,677.77,678.385,677.77,678.32,39151
2026-07-27 13:42:00,678.29,678.405,677.93,677.98,25030
2026-07-27 13:43:00,677.94,678.24,677.79,678.24,27159
2026-07-27 13:44:00,678.24,678.28,677.93,678.22,21432
2026-07-27 13:45:00,678.26,678.34,677.718,677.88,20973
2026-07-27 13:46:00,677.91,678.76,677.91,678.3499,26852
2026-07-27 13:47:00,678.43,678.68,678.3693,678.455,36616
2026-07-27 13:48:00,678.43,678.73,678.19,678.26,34210
2026-07-27 13:49:00,678.265,678.48,678.14,678.14,18417
2026-07-27 13:50:00,678.11,678.54,678.0741,678.4233,28035
2026-07-27 13:51:00,678.43,678.48,678.26,678.37,25937
2026-07-27 13:52:00,678.45,678.92,678.42,678.92,32107
2026-07-27 13:53:00,678.915,679.0,678.68,678.9,32861
2026-07-27 13:54:00,678.9,679.5,678.9,679.41,69464
2026-07-27 13:55:00,679.47,679.71,679.11,679.34,72583
2026-07-27 13:56:00,679.34,679.8,679.25,679.73,55254
2026-07-27 13:57:00,679.73,679.82,679.49,679.49,36044
2026-07-27 13:58:00,679.5401,679.78,679.4813,679.62,59242
2026-07-27 13:59:00,679.55,679.93,679.55,679.85,40121
2026-07-27 14:00:00,679.99,680.06,679.7391,679.7391,46463
2026-07-27 14:01:00,679.7493,680.3,679.7493,679.945,37050
2026-07-27 14:02:00,679.94,679.98,679.65,679.71,33488
2026-07-27 14:03:00,679.71,680.0047,679.58,679.95,171686
2026-07-27 14:04:00,679.97,680.08,679.65,679.66,25477
2026-07-27 14:05:00,679.6401,679.98,679.46,679.97,40290
2026-07-27 14:06:00,679.9001,680.16,679.58,679.58,30976
2026-07-27 14:07:00,679.59,680.0,679.57,679.79,40707
2026-07-27 14:08:00,679.8099,679.87,679.55,679.6106,21984
2026-07-27 14:09:00,679.63,679.82,679.63,679.76,131221
2026-07-27 14:10:00,679.74,679.86,679.61,679.6905,34835
2026-07-27 14:11:00,679.7,679.9209,679.64,679.6899,24951
2026-07-27 14:12:00,679.7,679.95,679.64,679.81,28238
2026-07-27 14:13:00,679.84,679.9812,679.77,679.95,62845
2026-07-27 14:14:00,679.9,680.07,679.83,679.83,33662
2026-07-27 14:15:00,679.84,679.91,679.03,679.12,46911
2026-07-27 14:16:00,679.13,679.28,678.71,678.81,38986
2026-07-27 14:17:00,678.85,678.99,678.602,678.86,61868
2026-07-27 14:18:00,678.96,679.19,678.8,679.17,55792
2026-07-27 14:19:00,679.12,679.3728,678.89,678.9,33226
2026-07-27 14:20:00,678.88,679.035,678.698,678.86,39463
2026-07-27 14:21:00,678.76,679.08,678.74,678.91,30784
2026-07-27 14:22:00,678.935,679.06,678.74,678.74,29868
2026-07-27 14:23:00,678.715,679.155,678.6537,678.915,42182
2026-07-27 14:24:00,678.99,679.45,678.92,679.28,64390
2026-07-27 14:25:00,679.32,679.59,679.26,679.33,441814
2026-07-27 14:26:00,679.3435,679.55,679.26,679.355,23459
2026-07-27 14:27:00,679.33,679.42,679.145,679.19,21001
2026-07-27 14:28:00,679.155,679.3001,679.09,679.1601,20679
2026-07-27 14:29:00,679.15,679.48,679.06,679.34,29337
2026-07-27 14:30:00,679.36,679.36,678.6,678.83,27764
2026-07-27 14:31:00,678.83,678.95,678.44,678.4589,33129
2026-07-27 14:32:00,678.4697,678.79,678.3401,678.76,31879
2026-07-27 14:33:00,678.75,678.77,678.54,678.62,29019
2026-07-27 14:34:00,678.6,678.66,678.3868,678.3868,32938
2026-07-27 14:35:00,678.305,678.525,678.17,678.485,148475
2026-07-27 14:36:00,678.475,678.66,678.27,678.575,69630
2026-07-27 14:37:00,678.55,678.69,678.3068,678.495,56251
2026-07-27 14:38:00,678.48,678.53,678.225,678.27,48517
2026-07-27 14:39:00,678.13,678.225,678.06,678.15,37651
2026-07-27 14:40:00,678.02,678.11,677.85,677.8737,47939
2026-07-27 14:41:00,677.92,679.27,677.92,678.8847,250485
2026-07-27 14:42:00,678.89,679.14,678.78,678.78,62916
2026-07-27 14:43:00,678.7872,679.32,678.48,679.2627,48842
2026-07-27 14:44:00,679.245,679.51,679.19,679.3,112632
2026-07-27 14:45:00,679.38,679.78,679.35,679.47,44794
2026-07-27 14:46:00,679.52,679.66,679.315,679.33,35488
2026-07-27 14:47:00,679.3738,679.42,679.05,679.4001,26014
2026-07-27 14:48:00,679.37,679.65,679.245,679.64,26621
2026-07-27 14:49:00,679.61,679.7475,679.16,679.17,27483
2026-07-27 14:50:00,679.175,679.4785,679.09,679.44,36222
2026-07-27 14:51:00,679.42,679.975,679.3995,679.9042,59650
2026-07-27 14:52:00,679.92,680.81,679.88,680.755,118973
2026-07-27 14:53:00,680.76,681.245,680.715,681.21,113508
2026-07-27 14:54:00,681.21,681.22,680.95,681.055,104981
2026-07-27 14:55:00,681.08,681.95,681.08,681.77,106234
2026-07-27 14:56:00,681.71,681.86,681.45,681.495,65506
2026-07-27 14:57:00,681.48,681.65,681.25,681.45,78798
2026-07-27 14:58:00,681.44,681.71,681.12,681.66,94548
2026-07-27 14:59:00,681.64,682.0,681.615,681.935,57008
2026-07-27 15:00:00,681.9381,682.06,681.575,681.59,91977
2026-07-27 15:01:00,681.59,681.9331,681.52,681.8695,42540
2026-07-27 15:02:00,681.84,682.13,681.83,681.85,66524
2026-07-27 15:03:00,681.91,682.08,681.71,681.865,62858
2026-07-27 15:04:00,681.865,682.11,681.55,681.59,62893
2026-07-27 15:05:00,681.61,681.82,681.42,681.59,84477
2026-07-27 15:06:00,681.58,682.26,681.45,682.26,128436
2026-07-27 15:07:00,682.22,682.69,682.22,682.65,77798
2026-07-27 15:08:00,682.69,682.77,682.45,682.51,64288
2026-07-27 15:09:00,682.5,682.85,682.46,682.61,91805
2026-07-27 15:10:00,682.61,683.03,682.55,682.88,101206
2026-07-27 15:11:00,682.88,682.92,682.59,682.77,46551
2026-07-27 15:12:00,682.7965,682.9799,682.51,682.51,44369
2026-07-27 15:13:00,682.51,682.52,682.08,682.195,72344
2026-07-27 15:14:00,682.1801,682.37,682.09,682.27,46361
2026-07-27 15:15:00,682.25,682.4,682.21,682.35,34347
2026-07-27 15:16:00,682.36,682.65,682.13,682.39,49021
2026-07-27 15:17:00,682.39,682.55,682.25,682.55,48172
2026-07-27 15:18:00,682.55,682.7,682.49,682.5808,81004
2026-07-27 15:19:00,682.55,682.63,682.38,682.58,35189
2026-07-27 15:20:00,682.72,682.87,682.59,682.75,51398
2026-07-27 15:21:00,682.75,682.84,682.39,682.39,58516
2026-07-27 15:22:00,682.38,682.84,682.32,682.815,102006
2026-07-27 15:23:00,682.825,683.145,682.66,682.675,125613
2026-07-27 15:24:00,682.71,682.8746,682.62,682.8746,38523
2026-07-27 15:25:00,682.9699,683.0575,682.39,682.67,84175
2026-07-27 15:26:00,682.67,682.79,682.58,682.75,52153
2026-07-27 15:27:00,682.75,683.0862,682.61,683.06,45465
2026-07-27 15:28:00,683.06,683.13,682.865,682.915,49158
2026-07-27 15:29:00,682.93,683.37,682.93,683.28,494769
2026-07-27 15:30:00,683.3499,683.47,683.11,683.31,495381
2026-07-27 15:31:00,683.3,683.42,683.15,683.32,51117
2026-07-27 15:32:00,683.305,683.39,683.13,683.26,57758
2026-07-27 15:33:00,683.28,683.53,683.095,683.495,75116
2026-07-27 15:34:00,683.47,683.6,683.08,683.0899,39606
2026-07-27 15:35:00,683.09,683.28,682.935,683.07,79175
2026-07-27 15:36:00,683.08,683.18,682.82,682.82,54276
2026-07-27 15:37:00,682.85,682.86,682.13,682.31,101929
2026-07-27 15:38:00,682.37,682.38,682.04,682.16,50836
2026-07-27 15:39:00,682.18,682.18,681.79,681.87,82537
2026-07-27 15:40:00,681.89,682.27,681.76,682.24,100097
2026-07-27 15:41:00,682.23,682.33,681.83,681.95,76704
2026-07-27 15:42:00,681.96,682.15,681.69,681.7092,55801
2026-07-27 15:43:00,681.72,681.97,681.58,681.76,75344
2026-07-27 15:44:00,681.76,681.9,681.66,681.68,84920
2026-07-27 15:45:00,681.67,681.73,681.23,681.615,119989
2026-07-27 15:46:00,681.61,681.878,681.165,681.305,72224
2026-07-27 15:47:00,681.305,681.6,681.25,681.52,95894
2026-07-27 15:48:00,681.5,681.54,681.22,681.5,214889
2026-07-27 15:49:00,681.54,681.92,681.5,681.89,82391
2026-07-27 15:50:00,681.91,682.14,681.45,681.71,119756
2026-07-27 15:51:00,681.66,681.66,681.4,681.595,161983
2026-07-27 15:52:00,681.6068,681.8297,681.465,681.75,160868
2026-07-27 15:53:00,681.79,681.96,681.69,681.73,120540
2026-07-27 15:54:00,681.71,682.07,681.66,681.7,169505
2026-07-27 15:55:00,681.71,681.99,681.27,681.935,305517
2026-07-27 15:56:00,681.91,682.32,681.82,682.25,280097
2026-07-27 15:57:00,682.22,682.28,681.85,681.89,358661
2026-07-27 15:58:00,681.9,682.09,681.75,681.99,358447
2026-07-27 15:59:00,681.98,682.2,681.73,682.06,448050
2026-07-27 16:00:00,682.11,682.71,682.11,682.3848,4388
2026-07-27 16:01:00,682.3661,682.4,682.19,682.31,0
2026-07-27 16:02:00,682.3,682.36,682.06,682.1061,0
2026-07-27 16:03:00,682.07,682.07,681.8631,681.93,0
2026-07-27 16:04:00,681.94,682.4,681.872,682.218,0
2026-07-27 16:05:00,682.1562,682.19,682.01,682.15,0
2026-07-27 16:06:00,682.15,682.198,681.78,681.8,0
2026-07-27 16:07:00,681.8519,682.1271,681.8163,682.06,0
2026-07-27 16:08:00,682.057,682.25,682.057,682.18,0
2026-07-27 16:09:00,682.17,682.21,682.0625,682.1578,0
2026-07-27 16:10:00,682.16,682.22,681.88,681.9198,0
2026-07-27 16:11:00,681.9,681.9687,681.6338,681.6338,0
2026-07-27 16:12:00,681.64,681.7375,681.55,681.7257,0
2026-07-27 16:13:00,681.66,681.8164,681.62,681.77,0
2026-07-27 16:14:00,681.7773,682.15,681.77,682.0367,0
2026-07-27 16:15:00,682.12,682.23,681.8954,681.8954,0
2026-07-27 16:16:00,681.86,682.02,681.86,682.0,0
2026-07-27 16:17:00,681.9871,682.0592,681.96,682.0033,0
2026-07-27 16:18:00,682.01,682.14,682.0,682.0699,0
2026-07-27 16:19:00,682.0678,682.11,681.95,681.9968,0
2026-07-27 16:20:00,681.974,682.0,681.85,681.92,0
2026-07-27 16:21:00,681.9085,681.9085,681.77,681.78,0
2026-07-27 16:22:00,681.75,681.7977,681.6947,681.6977,0
2026-07-27 16:23:00,681.6899,681.7649,681.64,681.64,0
2026-07-27 16:24:00,681.63,681.88,681.63,681.88,0
2026-07-27 16:25:00,681.88,682.05,681.88,682.0,0
2026-07-27 16:26:00,682.12,682.12,681.9,681.9922,0
2026-07-27 16:27:00,681.95,682.04,681.95,682.02,0
2026-07-27 16:28:00,682.02,682.1,681.9553,682.09,0
2026-07-27 16:29:00,682.09,682.1523,681.9743,682.13,0
2026-07-27 16:30:00,682.13,682.1685,682.1192,682.12,0
2026-07-27 16:31:00,682.15,682.1886,681.99,682.1886,0
2026-07-27 16:32:00,682.18,682.3087,682.13,682.25,0
2026-07-27 16:33:00,682.28,682.34,682.22,682.29,0
2026-07-27 16:34:00,682.27,682.74,682.2691,682.74,0
2026-07-27 16:35:00,682.71,682.99,682.68,682.87,0
2026-07-27 16:36:00,682.87,682.9,682.7592,682.8,0
2026-07-27 16:37:00,682.83,682.939,682.8,682.939,0
2026-07-27 16:38:00,682.9108,682.94,682.6797,682.6797,0
2026-07-27 16:39:00,682.6669,682.75,682.6669,682.7239,0
2026-07-27 16:40:00,682.7497,682.75,682.52,682.5723,0
2026-07-27 16:41:00,682.52,682.59,682.4881,682.55,0
2026-07-27 16:42:00,682.5723,682.58,682.51,682.52,0
2026-07-27 16:43:00,682.57,682.59,682.53,682.53,0
2026-07-27 16:44:00,682.53,682.5343,682.45,682.4981,0
2026-07-27 16:45:00,682.4697,682.4987,682.36,682.43,0
2026-07-27 16:46:00,682.43,682.4983,682.39,682.4518,0
2026-07-27 16:47:00,682.4,682.4483,682.35,682.35,0
2026-07-27 16:48:00,682.3204,682.3204,682.19,682.1902,0
2026-07-27 16:49:00,682.1997,682.2,682.1,682.1558,0
2026-07-27 16:50:00,682.1832,682.3561,682.1832,682.2749,0
2026-07-27 16:51:00,682.245,682.245,682.02,682.1399,0
2026-07-27 16:52:00,682.148,682.1764,682.1137,682.12,0
2026-07-27 16:53:00,682.15,682.15,681.9907,682.0,0
2026-07-27 16:54:00,681.965,682.1082,681.965,682.1082,0
2026-07-27 16:55:00,682.1288,682.35,682.1288,682.3,0
2026-07-27 16:56:00,682.3371,682.3371,682.2104,682.2972,0
2026-07-27 16:57:00,682.2977,682.2987,682.182,682.2376,0
2026-07-27 16:58:00,682.18,682.26,682.18,682.2102,0
2026-07-27 16:59:00,682.1808,682.47,682.12,682.36,0
2026-07-27 17:00:00,682.4408,682.4408,682.12,682.25,0
2026-07-27 17:01:00,682.2354,682.4576,682.2354,682.4396,0
2026-07-27 17:02:00,682.441,682.47,682.3,682.3,0
2026-07-27 17:03:00,682.3,682.3,682.1337,682.2784,0
2026-07-27 17:04:00,682.3,682.5,682.2,682.5,0
2026-07-27 17:05:00,682.28,682.4927,682.21,682.21,0
2026-07-27 17:06:00,682.4861,682.5856,682.3,682.57,0
2026-07-27 17:07:00,682.5646,682.65,671.1945,682.5649,0
2026-07-27 17:08:00,682.5649,682.5801,669.7153,682.569,0
2026-07-27 17:09:00,682.5,682.6,682.4,682.5525,0
2026-07-27 17:10:00,682.6407,682.65,682.55,682.5558,0
2026-07-27 17:11:00,682.6,682.65,682.6,682.645,0
2026-07-27 17:12:00,682.59,682.65,682.59,682.65,0
2026-07-27 17:13:00,682.6256,682.7,682.5709,682.6941,0
2026-07-27 17:14:00,682.5817,682.7592,682.56,682.75,0
2026-07-27 17:15:00,682.7688,682.7688,682.5,682.7023,0
2026-07-27 17:16:00,682.7,682.73,682.7,682.7004,0
2026-07-27 17:17:00,682.7012,682.71,682.7012,682.71,0
2026-07-27 17:18:00,682.7035,682.76,682.7001,682.7578,0
2026-07-27 17:19:00,682.75,682.82,682.75,682.82,0
2026-07-27 17:20:00,682.8391,682.9,682.8381,682.9,0
2026-07-27 17:21:00,682.85,682.99,682.85,682.9857,0
2026-07-27 17:22:00,682.99,683.0,682.95,683.0,0
2026-07-27 17:23:00,682.9532,683.09,682.95,683.01,0
2026-07-27 17:24:00,683.03,683.03,682.95,682.9785,0
2026-07-27 17:25:00,682.95,682.95,682.8,682.94,0
2026-07-27 17:26:00,682.85,682.92,682.12,682.91,0
2026-07-27 17:27:00,682.8,682.85,682.8,682.82,0
2026-07-27 17:28:00,682.8296,682.83,682.8007,682.83,0
2026-07-27 17:29:00,682.83,682.92,682.75,682.81,0
2026-07-27 17:30:00,682.79,682.8,682.7112,682.8,0
2026-07-27 17:31:00,682.75,682.8149,682.73,682.73,0
2026-07-27 17:32:00,682.83,682.89,682.73,682.86,0
2026-07-27 17:33:00,682.8,682.8327,682.7171,682.8,0
2026-07-27 17:34:00,682.8,682.89,682.8,682.8586,0
2026-07-27 17:35:00,682.8585,682.86,682.8,682.826,0
2026-07-27 17:36:00,682.8064,682.8525,682.8,682.8166,0
2026-07-27 17:37:00,682.8166,682.86,682.8013,682.86,0
2026-07-27 17:38:00,682.86,682.86,682.6403,682.82,0
2026-07-27 17:39:00,682.82,682.86,682.6,682.8074,0
2026-07-27 17:40:00,682.82,682.838,682.6273,682.82,0
2026-07-27 17:41:00,682.71,682.82,682.65,682.7907,0
2026-07-27 17:42:00,682.7907,682.82,682.77,682.8043,0
2026-07-27 17:43:00,682.8001,682.82,682.8,682.8,0
2026-07-27 17:44:00,682.843,682.843,682.8,682.8097,0
2026-07-27 17:45:00,682.8099,682.82,682.8077,682.81,0
2026-07-27 17:46:00,682.79,682.8416,682.7012,682.82,0
2026-07-27 17:47:00,682.8578,682.86,682.7,682.85,0
2026-07-27 17:48:00,682.85,682.91,682.85,682.91,0
2026-07-27 17:49:00,682.91,682.9578,682.86,682.9578,0
2026-07-27 17:50:00,682.9397,682.95,682.86,682.9,0
2026-07-27 17:51:00,682.94,682.94,682.86,682.8982,0
2026-07-27 17:52:00,682.94,682.94,682.7,682.88,0
2026-07-27 17:53:00,682.8,682.8,682.7875,682.8,0
2026-07-27 17:54:00,682.6856,682.88,682.65,682.88,0
2026-07-27 17:55:00,682.8164,682.88,682.7,682.7,0
2026-07-27 17:56:00,682.8,682.8,682.6,682.7,0
2026-07-27 17:57:00,682.75,682.75,682.6,682.6392,0
2026-07-27 17:58:00,682.6,682.75,682.6,682.6,0
2026-07-27 17:59:00,682.6,682.7654,682.6,682.7654,0
2026-07-27 18:00:00,682.8,682.95,682.45,682.45,0
2026-07-27 18:01:00,682.5561,682.63,682.2588,682.3,0
2026-07-27 18:02:00,682.315,682.32,682.1,682.19,0
2026-07-27 18:03:00,682.19,682.5292,682.19,682.2505,0
2026-07-27 18:04:00,682.3344,682.3484,682.06,682.16,0
2026-07-27 18:05:00,682.06,682.1536,681.9963,681.9978,0
2026-07-27 18:06:00,682.0,682.03,681.9843,681.9843,0
2026-07-27 18:07:00,681.95,681.95,681.6317,681.7,0
2026-07-27 18:08:00,681.7,681.8419,681.62,681.73,0
2026-07-27 18:09:00,681.7399,681.7744,681.7,681.75,0
2026-07-27 18:10:00,681.7572,681.7572,681.6266,681.6266,0
2026-07-27 18:11:00,681.63,681.696,681.56,681.58,0
2026-07-27 18:12:00,681.61,681.62,681.561,681.6,0
2026-07-27 18:13:00,681.57,681.5944,681.2413,681.2413,0
2026-07-27 18:14:00,681.33,681.3326,681.24,681.29,0
2026-07-27 18:15:00,681.322,681.45,681.2004,681.2004,0
2026-07-27 18:16:00,681.2744,681.2744,681.1951,681.2088,0
2026-07-27 18:17:00,681.3051,681.3541,681.3,681.3,0
2026-07-27 18:18:00,681.3464,681.4748,681.2415,681.4748,0
2026-07-27 18:19:00,681.43,681.43,681.21,681.21,0
2026-07-27 18:20:00,681.27,681.309,681.1505,681.2257,0
2026-07-27 18:21:00,681.2063,681.45,681.2,681.45,0
2026-07-27 18:22:00,681.3879,681.3879,681.2983,681.3084,0
2026-07-27 18:23:00,681.3,681.3761,681.28,681.3125,0
2026-07-27 18:24:00,681.3477,681.3477,681.01,681.0751,0
2026-07-27 18:25:00,681.12,681.1299,680.9,680.9,0
2026-07-27 18:26:00,680.8698,680.9176,680.74,680.89,0
2026-07-27 18:27:00,680.8899,680.92,680.8,680.85,0
2026-07-27 18:28:00,680.8425,680.8425,680.7,680.7392,0
2026-07-27 18:29:00,680.7,680.7,680.5,680.52,0
2026-07-27 18:30:00,680.5732,680.77,680.55,680.77,0
2026-07-27 18:31:00,680.77,680.9116,680.7651,680.8,0
2026-07-27 18:32:00,680.7778,681.0248,680.7778,680.892,0
2026-07-27 18:33:00,680.9693,680.9951,680.928,680.928,0
2026-07-27 18:34:00,680.94,680.94,680.83,680.92,0
2026-07-27 18:35:00,681.0299,681.16,681.0299,681.0705,0
2026-07-27 18:36:00,681.1,681.1844,681.0706,681.12,0
2026-07-27 18:37:00,680.99,680.99,680.78,680.8,0
2026-07-27 18:38:00,680.83,680.84,680.741,680.7904,0
2026-07-27 18:39:00,680.84,680.93,680.84,680.9,0
2026-07-27 18:40:00,680.9,680.92,680.6584,680.6584,0
2026-07-27 18:41:00,680.5495,680.81,680.5,680.661,0
2026-07-27 18:42:00,680.73,680.77,680.6762,680.76,0
2026-07-27 18:43:00,680.72,680.78,680.6937,680.7177,0
2026-07-27 18:44:00,680.68,680.7254,680.5891,680.6744,0
2026-07-27 18:45:00,680.69,680.78,680.6,680.6419,0
2026-07-27 18:46:00,680.61,680.69,680.5,680.57,0
2026-07-27 18:47:00,680.63,680.78,680.51,680.7201,0
2026-07-27 18:48:00,680.7495,680.8659,680.7495,680.75,0
2026-07-27 18:49:00,680.8,680.8344,680.7615,680.7615,0
2026-07-27 18:50:00,680.82,680.82,680.6521,680.76,0
2026-07-27 18:51:00,680.76,680.9737,680.68,680.8494,0
2026-07-27 18:52:00,680.79,680.8194,680.7498,680.81,0
2026-07-27 18:53:00,680.8199,680.83,680.7995,680.7995,0
2026-07-27 18:54:00,680.7695,680.7782,680.6969,680.6969,0
2026-07-27 18:55:00,680.7135,680.7503,680.6722,680.7503,0
2026-07-27 18:56:00,680.7217,680.7427,680.67,680.6851,0
2026-07-27 18:57:00,680.692,680.72,680.5202,680.5858,0
2026-07-27 18:58:00,680.5391,680.5991,680.4577,680.4949,0
2026-07-27 18:59:00,680.4619,680.6851,680.4619,680.68,0
2026-07-27 19:00:00,680.63,680.6837,680.5758,680.6,0
2026-07-27 19:01:00,680.4987,680.4987,680.2,680.24,0
2026-07-27 19:02:00,680.2,680.2193,680.09,680.1299,0
2026-07-27 19:03:00,680.11,680.15,680.02,680.0687,0
2026-07-27 19:04:00,680.039,680.07,680.0,680.0611,0
2026-07-27 19:05:00,680.06,680.84,680.06,680.8234,0
2026-07-27 19:06:00,680.77,681.0215,680.6855,680.9892,0
2026-07-27 19:07:00,680.9602,680.9602,680.75,680.7661,0
2026-07-27 19:08:00,680.6694,680.718,680.65,680.718,0
2026-07-27 19:09:00,680.7041,680.7288,680.55,680.55,0
2026-07-27 19:10:00,680.62,680.62,680.528,680.54,0
2026-07-27 19:11:00,680.5343,680.54,680.46,680.54,0
2026-07-27 19:12:00,680.5,680.61,680.42,680.61,0
2026-07-27 19:13:00,680.62,680.7,680.5956,680.648,0
2026-07-27 19:14:00,680.55,680.6961,680.548,680.548,0
2026-07-27 19:15:00,680.5566,680.5566,680.3202,680.3202,0
2026-07-27 19:16:00,680.331,680.35,680.2656,680.27,0
2026-07-27 19:17:00,680.57,680.83,680.57,680.83,0
2026-07-27 19:18:00,680.8523,680.91,680.7222,680.8101,0
2026-07-27 19:19:00,680.8779,680.978,680.81,680.9488,0
2026-07-27 19:20:00,680.96,681.25,680.742,680.7995,0
2026-07-27 19:21:00,680.8079,680.88,680.74,680.88,0
2026-07-27 19:22:00,680.9122,680.9122,680.75,680.8,0
2026-07-27 19:23:00,680.83,680.9,680.7855,680.8501,0
2026-07-27 19:24:00,680.97,681.11,680.93,680.9876,0
2026-07-27 19:25:00,680.93,681.0244,680.9265,681.01,0
2026-07-27 19:26:00,681.0056,681.0056,680.9,680.94,0
2026-07-27 19:27:00,680.96,680.96,680.87,680.9,0
2026-07-27 19:28:00,680.9321,681.31,680.9321,681.28,0
2026-07-27 19:29:00,681.3,681.35,681.2402,681.35,0
2026-07-27 19:30:00,681.2619,681.29,681.17,681.29,0
2026-07-27 19:31:00,681.15,681.18,681.0724,681.15,0
2026-07-27 19:32:00,681.21,681.24,681.128,681.1497,0
2026-07-27 19:33:00,681.08,681.1151,681.08,681.08,0
2026-07-27 19:34:00,681.17,681.17,681.09,681.14,0
2026-07-27 19:35:00,681.12,681.12,680.8977,680.8977,0
2026-07-27 19:36:00,680.8987,681.1,680.8987,681.0582,0
2026-07-27 19:37:00,680.94,681.07,680.937,681.0335,0
2026-07-27 19:38:00,681.01,681.0652,680.974,680.9888,0
2026-07-27 19:39:00,680.91,680.9584,680.91,680.91,0
2026-07-27 19:40:00,680.9292,680.9292,680.85,680.85,0
2026-07-27 19:41:00,680.8,680.8894,680.7997,680.81,0
2026-07-27 19:42:00,680.83,680.83,680.76,680.7795,0
2026-07-27 19:43:00,680.77,680.77,680.5738,680.5738,0
2026-07-27 19:44:00,680.574,680.63,680.5503,680.58,0
2026-07-27 19:45:00,680.6,680.76,680.6,680.6585,0
2026-07-27 19:46:00,680.8,680.8,680.5,680.55,0
2026-07-27 19:47:00,680.5,680.75,680.5,680.6397,0
2026-07-27 19:48:00,680.63,680.6576,680.46,680.46,0
2026-07-27 19:49:00,680.39,680.56,680.35,680.56,0
2026-07-27 19:50:00,680.5092,680.74,680.5076,680.53,0
2026-07-27 19:51:00,680.75,681.5482,680.75,681.46,0
2026-07-27 19:52:00,681.46,681.6,681.4097,681.49,0
2026-07-27 19:53:00,681.44,681.5001,681.44,681.5001,0
2026-07-27 19:54:00,681.5124,681.573,681.485,681.485,0
2026-07-27 19:55:00,681.5226,681.64,681.49,681.61,0
2026-07-27 19:56:00,681.61,681.61,681.3797,681.39,0
2026-07-27 19:57:00,681.42,681.45,681.3,681.33,0
2026-07-27 19:58:00,681.31,681.4599,681.22,681.4599,0
2026-07-27 19:59:00,681.3,681.33,681.22,681.33,0
2026-07-28 04:00:00,676.007,682.12,673.72,675.36,0
2026-07-28 04:01:00,675.38,678.41,673.74,675.66,0
2026-07-28 04:02:00,675.48,676.11,675.46,676.09,0
2026-07-28 04:03:00,675.93,676.1699,675.81,676.06,0
2026-07-28 04:04:00,675.95,675.95,675.6829,675.7488,0
2026-07-28 04:05:00,675.94,676.11,675.86,675.86,0
2026-07-28 04:06:00,675.9,676.25,675.9,676.25,0
2026-07-28 04:07:00,676.14,678.37,674.0,675.62,0
2026-07-28 04:08:00,675.55,675.66,675.2,675.2,0
2026-07-28 04:09:00,675.2485,675.25,675.03,675.0425,0
2026-07-28 04:10:00,675.0,675.05,674.703,674.77,0
2026-07-28 04:11:00,674.77,674.8891,674.69,674.85,0
2026-07-28 04:12:00,674.805,674.87,674.75,674.85,0
2026-07-28 04:13:00,674.82,674.8497,674.78,674.78,0
2026-07-28 04:14:00,674.8906,674.8906,674.69,674.75,0
2026-07-28 04:15:00,674.88,675.7,674.775,675.7,0
2026-07-28 04:16:00,675.79,675.93,675.69,675.87,0
2026-07-28 04:17:00,675.88,676.05,675.84,675.8997,0
2026-07-28 04:18:00,675.82,676.2,675.82,676.16,0
2026-07-28 04:19:00,676.28,676.9302,676.28,676.681,0
2026-07-28 04:20:00,676.7,676.95,676.5382,676.95,0
2026-07-28 04:21:00,676.85,677.08,676.75,676.75,0
2026-07-28 04:22:00,676.795,676.93,676.62,676.87,0
2026-07-28 04:23:00,676.67,677.1,676.6,677.1,0
2026-07-28 04:24:00,677.15,677.67,677.0912,677.67,0
2026-07-28 04:25:00,677.57,677.57,677.31,677.31,0
2026-07-28 04:26:00,677.28,677.43,677.248,677.37,0
2026-07-28 04:27:00,677.43,677.5,677.42,677.4988,0
2026-07-28 04:28:00,677.48,677.52,677.37,677.44,0
2026-07-28 04:29:00,677.4,677.6,677.4,677.6,0
2026-07-28 04:30:00,677.7,677.708,676.9799,676.9799,0
2026-07-28 04:31:00,677.0,677.2282,677.0,677.16,0
2026-07-28 04:32:00,677.09,677.29,677.09,677.12,0
2026-07-28 04:33:00,677.15,677.3875,677.12,677.3875,0
2026-07-28 04:34:00,677.16,677.76,677.155,677.76,0
2026-07-28 04:35:00,677.76,677.76,677.5,677.63,0
2026-07-28 04:36:00,677.58,677.5982,677.44,677.48,0
2026-07-28 04:37:00,677.5,677.5,677.31,677.38,0
2026-07-28 04:38:00,677.74,678.1,677.64,678.05,0
2026-07-28 04:39:00,678.0,678.01,677.8546,677.87,0
2026-07-28 04:40:00,677.9,678.25,677.9,678.165,0
2026-07-28 04:41:00,678.13,678.5,678.11,678.5,0
2026-07-28 04:42:00,678.48,678.56,678.3,678.46,0
2026-07-28 04:43:00,678.46,678.65,678.46,678.63,0
2026-07-28 04:44:00,678.612,678.65,678.4196,678.4327,0
2026-07-28 04:45:00,678.43,678.5,678.3,678.3374,0
2026-07-28 04:46:00,678.305,678.305,678.17,678.28,0
2026-07-28 04:47:00,678.2426,678.7,678.2,678.32,0
2026-07-28 04:48:00,678.32,678.32,677.98,677.9885,0
2026-07-28 04:49:00,678.0,678.15,678.0,678.01,0
2026-07-28 04:50:00,678.01,678.27,678.0,678.27,0
2026-07-28 04:51:00,678.23,678.23,677.78,677.85,0
2026-07-28 04:52:00,677.84,677.88,677.77,677.8,0
2026-07-28 04:53:00,677.8297,677.8297,677.6,677.6093,0
2026-07-28 04:54:00,677.58,677.77,677.58,677.77,0
2026-07-28 04:55:00,677.72,677.81,677.58,677.68,0
2026-07-28 04:56:00,677.67,677.68,677.58,677.5985,0
2026-07-28 04:57:00,677.66,677.66,677.38,677.4046,0
2026-07-28 04:58:00,677.45,677.53,677.42,677.44,0
2026-07-28 04:59:00,677.3,677.38,677.235,677.38,0
2026-07-28 05:00:00,677.31,677.4782,677.31,677.4782,0
2026-07-28 05:01:00,677.39,677.5,677.32,677.48,0
2026-07-28 05:02:00,677.32,677.61,677.32,677.61,0
2026-07-28 05:03:00,677.562,677.65,677.35,677.35,0
2026-07-28 05:04:00,677.32,677.49,677.3115,677.48,0
2026-07-28 05:05:00,677.38,677.56,677.38,677.5233,0
2026-07-28 05:06:00,677.47,677.6772,677.47,677.64,0
2026-07-28 05:07:00,677.65,677.65,677.53,677.5311,0
2026-07-28 05:08:00,677.56,677.74,677.53,677.74,0
2026-07-28 05:09:00,677.74,677.74,677.605,677.62,0
2026-07-28 05:10:00,677.7402,677.7402,677.71,677.71,0
2026-07-28 05:11:00,677.81,677.81,677.77,677.79,0
2026-07-28 05:12:00,677.8,677.88,677.57,677.58,0
2026-07-28 05:13:00,677.54,677.54,677.4101,677.4101,0
2026-07-28 05:14:00,677.27,677.36,677.16,677.34,0
2026-07-28 05:15:00,677.34,677.3504,677.34,677.3504,0
2026-07-28 05:16:00,677.42,677.52,677.42,677.52,0
2026-07-28 05:17:00,677.53,677.6268,677.44,677.44,0
2026-07-28 05:18:00,677.3082,677.38,677.195,677.36,0
2026-07-28 05:20:00,677.5607,677.6,677.5548,677.6,0
2026-07-28 05:21:00,677.568,677.62,677.568,677.6,0
2026-07-28 05:22:00,677.63,677.71,677.624,677.71,0
2026-07-28 05:23:00,677.7677,677.7677,677.5517,677.5517,0
2026-07-28 05:24:00,677.55,677.7,677.55,677.57,0
2026-07-28 05:25:00,677.61,677.61,677.45,677.5682,0
2026-07-28 05:26:00,677.6,677.62,677.5522,677.62,0
2026-07-28 05:27:00,677.6,677.7,677.6,677.7,0
2026-07-28 05:28:00,677.69,677.72,677.67,677.72,0
2026-07-28 05:29:00,677.78,677.92,677.78,677.88,0
2026-07-28 05:30:00,677.8694,677.8694,677.43,677.48,0
2026-07-28 05:31:00,677.4,677.43,677.39,677.39,0
2026-07-28 05:32:00,677.41,677.41,677.41,677.41,0
2026-07-28 05:33:00,677.2339,677.3,677.12,677.2207,0
2026-07-28 05:34:00,677.27,677.3,677.13,677.24,0
2026-07-28 05:35:00,677.1,677.16,677.04,677.1,0
2026-07-28 05:36:00,677.18,677.18,677.07,677.08,0
2026-07-28 05:37:00,677.0985,677.0985,676.815,676.82,0
2026-07-28 05:38:00,676.87,677.015,676.8618,677.0,0
2026-07-28 05:39:00,677.038,677.05,676.98,676.98,0
2026-07-28 05:40:00,676.97,676.97,676.8946,676.8946,0
2026-07-28 05:41:00,676.92,677.117,676.92,677.05,0
2026-07-28 05:42:00,676.99,677.3,676.99,677.29,0
2026-07-28 05:43:00,677.27,677.3004,677.15,677.15,0
2026-07-28 05:44:00,677.11,677.11,676.8,676.85,0
2026-07-28 05:45:00,676.88,676.96,676.88,676.9515,0
2026-07-28 05:46:00,677.01,677.0811,676.9,676.9,0
2026-07-28 05:47:00,676.94,676.94,676.892,676.892,0
2026-07-28 05:48:00,676.8782,676.88,676.77,676.77,0
2026-07-28 05:49:00,676.8088,676.9194,676.7813,676.8695,0
2026-07-28 05:50:00,677.0488,677.1,676.91,676.98,0
2026-07-28 05:51:00,676.94,676.94,676.81,676.81,0
2026-07-28 05:52:00,676.8,676.83,676.7,676.8,0
2026-07-28 05:53:00,676.81,676.82,676.64,676.6809,0
2026-07-28 05:54:00,676.6,676.67,676.6,676.67,0
2026-07-28 05:55:00,676.69,676.7,676.63,676.6708,0
2026-07-28 05:56:00,676.6,676.63,676.459,676.459,0
2026-07-28 05:57:00,676.49,676.49,676.27,676.27,0
2026-07-28 05:58:00,676.22,676.35,676.18,676.35,0
2026-07-28 05:59:00,676.3382,676.54,676.3382,676.53,0
2026-07-28 06:00:00,676.47,676.49,676.3,676.49,0
2026-07-28 06:01:00,676.4915,676.59,676.4915,676.55,0
2026-07-28 06:02:00,676.65,676.65,676.53,676.535,0
2026-07-28 06:03:00,676.51,676.51,676.42,676.5,0
2026-07-28 06:04:00,676.59,676.62,676.59,676.5968,0
2026-07-28 06:05:00,676.55,676.55,676.52,676.52,0
2026-07-28 06:06:00,676.57,676.7,676.5622,676.6,0
2026-07-28 06:07:00,676.52,676.59,676.47,676.59,0
2026-07-28 06:08:00,676.6,676.6,676.48,676.48,0
2026-07-28 06:09:00,676.4088,676.6012,676.38,676.6012,0
2026-07-28 06:10:00,676.59,676.61,676.45,676.61,0
2026-07-28 06:11:00,676.3276,676.55,676.3276,676.55,0
2026-07-28 06:12:00,676.5092,676.64,676.5,676.5,0
2026-07-28 06:13:00,676.56,676.6,676.56,676.6,0
2026-07-28 06:14:00,676.44,676.44,676.35,676.35,0
2026-07-28 06:15:00,676.403,676.45,676.32,676.37,0
2026-07-28 06:16:00,676.6415,676.7,676.59,676.59,0
2026-07-28 06:17:00,676.5882,676.77,676.51,676.7388,0
2026-07-28 06:18:00,676.66,676.68,676.62,676.635,0
2026-07-28 06:19:00,676.75,676.79,676.684,676.79,0
2026-07-28 06:20:00,676.76,676.76,676.5719,676.59,0
2026-07-28 06:21:00,676.55,676.55,676.095,676.095,0
2026-07-28 06:22:00,676.18,676.23,676.11,676.13,0
2026-07-28 06:23:00,676.0912,676.1582,676.06,676.1285,0
2026-07-28 06:24:00,676.1407,676.2,676.07,676.07,0
2026-07-28 06:25:00,676.1885,676.1885,676.1115,676.1115,0
2026-07-28 06:26:00,676.0401,676.0982,675.9232,675.96,0
2026-07-28 06:27:00,676.0101,676.22,676.0101,676.22,0
2026-07-28 06:28:00,676.24,676.5145,676.24,676.4677,0
2026-07-28 06:29:00,676.5782,676.75,676.5782,676.75,0
2026-07-28 06:30:00,676.8385,677.0,676.66,676.86,0
2026-07-28 06:31:00,677.0,677.0,676.91,676.9482,0
2026-07-28 06:32:00,676.94,677.04,676.825,677.005,0
2026-07-28 06:33:00,676.98,677.05,676.6318,676.67,0
2026-07-28 06:34:00,676.83,676.83,676.25,676.4,0
2026-07-28 06:35:00,676.3,676.37,675.85,675.9503,0
2026-07-28 06:36:00,675.95,676.18,675.81,676.0942,0
2026-07-28 06:37:00,676.21,676.3203,676.21,676.26,0
2026-07-28 06:38:00,676.18,676.1846,675.985,675.985,0
2026-07-28 06:39:00,675.685,675.685,675.685,675.685,0
2026-07-28 06:40:00,675.67,675.67,675.3,675.37,0
2026-07-28 06:41:00,675.505,675.505,675.29,675.29,0
2026-07-28 06:42:00,675.31,675.6622,675.31,675.58,0
2026-07-28 06:43:00,675.62,675.65,675.5,675.56,0
2026-07-28 06:44:00,675.71,675.91,675.7,675.91,0
2026-07-28 06:45:00,675.86,675.97,675.83,675.83,0
2026-07-28 06:46:00,675.7998,676.04,675.7998,676.04,0
2026-07-28 06:47:00,676.06,676.11,676.0017,676.08,0
2026-07-28 06:48:00,676.14,676.34,675.93,676.34,0
2026-07-28 06:49:00,676.26,676.26,675.945,675.945,0
2026-07-28 06:50:00,675.97,675.98,675.85,675.87,0
2026-07-28 06:51:00,675.91,676.06,675.91,676.0599,0
2026-07-28 06:52:00,675.97,675.97,675.84,675.9099,0
2026-07-28 06:53:00,675.82,676.18,675.82,676.18,0
2026-07-28 06:54:00,676.21,676.34,676.18,676.3225,0
2026-07-28 06:55:00,676.38,676.38,676.21,676.21,0
2026-07-28 06:56:00,676.2587,676.26,676.11,676.1605,0
2026-07-28 06:57:00,676.16,676.19,676.02,676.02,0
2026-07-28 06:58:00,676.1488,676.2,676.07,676.1113,0
2026-07-28 06:59:00,676.0,676.2,675.97,676.1712,0
2026-07-28 07:00:00,676.19,676.3692,675.74,675.8775,0
2026-07-28 07:01:00,675.9565,682.12,675.7212,675.725,0
2026-07-28 07:02:00,675.7,682.12,675.26,682.12,0
2026-07-28 07:03:00,675.43,682.12,675.06,675.16,0
2026-07-28 07:04:00,675.0878,682.12,674.9076,674.9076,0
2026-07-28 07:05:00,675.02,675.27,674.83,675.27,0
2026-07-28 07:06:00,675.25,675.34,675.11,675.29,0
2026-07-28 07:07:00,675.2201,675.2563,674.66,674.82,0
2026-07-28 07:08:00,674.8478,675.01,674.75,674.97,0
2026-07-28 07:09:00,674.951,674.9929,674.87,674.9099,0
2026-07-28 07:10:00,674.9176,675.0,674.8,675.0,0
2026-07-28 07:11:00,674.91,674.91,674.65,674.66,0
2026-07-28 07:12:00,674.709,674.929,674.51,674.59,0
2026-07-28 07:13:00,674.565,674.64,674.44,674.5082,0
2026-07-28 07:14:00,674.5,674.6184,674.28,674.4411,0
2026-07-28 07:15:00,674.3663,675.91,674.3663,675.53,0
2026-07-28 07:16:00,675.54,675.569,675.33,675.4097,0
2026-07-28 07:17:00,675.48,675.6478,675.39,675.5598,0
2026-07-28 07:18:00,675.5,676.2489,675.44,676.11,0
2026-07-28 07:19:00,676.08,676.29,676.07,676.29,0
2026-07-28 07:20:00,676.26,676.5261,675.9101,675.9889,0
2026-07-28 07:21:00,676.0,676.06,675.7801,675.8114,0
2026-07-28 07:22:00,675.82,676.08,675.6,676.0297,0
2026-07-28 07:23:00,676.0316,676.16,675.93,676.0,0
2026-07-28 07:24:00,675.96,676.1885,675.6,675.6,0
2026-07-28 07:25:00,675.4503,675.5744,675.27,675.3461,0
2026-07-28 07:26:00,675.22,675.38,675.0,675.05,0
2026-07-28 07:27:00,675.0,675.0387,674.71,674.8854,0
2026-07-28 07:28:00,674.8792,674.939,674.735,674.9015,0
2026-07-28 07:29:00,674.949,675.0433,674.7204,674.76,0
2026-07-28 07:30:00,674.7,674.8333,674.4,674.559,0
2026-07-28 07:31:00,674.58,674.85,674.505,674.71,0
2026-07-28 07:32:00,674.76,674.96,674.75,674.78,0
2026-07-28 07:33:00,674.725,674.91,674.6993,674.9035,0
2026-07-28 07:34:00,674.9,674.9541,674.53,674.53,0
2026-07-28 07:35:00,674.5641,674.6896,674.4949,674.56,0
2026-07-28 07:36:00,674.6288,675.72,674.5,675.4522,0
2026-07-28 07:37:00,675.32,675.431,675.0872,675.1137,0
2026-07-28 07:38:00,675.15,675.2489,675.0,675.0,0
2026-07-28 07:39:00,674.959,674.959,674.475,674.53,0
2026-07-28 07:40:00,674.45,674.5,674.1,674.19,0
2026-07-28 07:41:00,674.18,674.2086,673.9723,674.07,0
2026-07-28 07:42:00,674.11,674.1207,674.0,674.078,0
2026-07-28 07:43:00,674.07,674.32,674.07,674.24,0
2026-07-28 07:44:00,674.21,674.5517,674.09,674.1,0
2026-07-28 07:45:00,674.18,674.6928,674.12,674.655,0
2026-07-28 07:46:00,674.7,675.0267,674.66,674.96,0
2026-07-28 07:47:00,674.9826,675.4299,674.9,675.4299,0
2026-07-28 07:48:00,675.43,675.6199,675.322,675.54,0
2026-07-28 07:49:00,675.48,675.61,675.35,675.41,0
2026-07-28 07:50:00,675.3623,675.5,675.1199,675.2,0
2026-07-28 07:51:00,675.35,675.7,675.32,675.7,0
2026-07-28 07:52:00,675.6008,675.7764,675.6008,675.649,0
2026-07-28 07:53:00,675.64,675.64,675.41,675.5999,0
2026-07-28 07:54:00,675.6,675.6994,675.5373,675.65,0
2026-07-28 07:55:00,675.7,675.9,675.6399,675.642,0
2026-07-28 07:56:00,675.7007,675.9,675.6103,675.74,0
2026-07-28 07:57:00,675.8726,675.99,675.7801,675.79,0
2026-07-28 07:58:00,675.7746,676.55,675.77,676.51,0
2026-07-28 07:59:00,676.5938,676.85,676.55,676.64,0
2026-07-28 08:00:00,676.61,676.99,676.58,676.76,0
2026-07-28 08:01:00,676.71,676.87,676.5,676.5,0
2026-07-28 08:02:00,676.48,676.77,676.48,676.662,0
2026-07-28 08:03:00,676.723,676.88,676.5918,676.88,0
2026-07-28 08:04:00,676.802,677.34,676.79,677.1366,0
2026-07-28 08:05:00,677.15,677.331,677.0187,677.28,0
2026-07-28 08:06:00,677.2,677.57,677.07,677.11,0
2026-07-28 08:07:00,677.07,677.2817,676.99,676.99,0
2026-07-28 08:08:00,676.8911,676.9899,676.79,676.8004,0
2026-07-28 08:09:00,676.89,677.29,676.8093,677.06,0
2026-07-28 08:10:00,677.03,677.1311,676.6132,676.72,0
2026-07-28 08:11:00,676.7012,676.7064,676.58,676.6034,0
2026-07-28 08:12:00,676.55,676.7242,676.51,676.54,0
2026-07-28 08:13:00,676.46,676.62,676.3,676.62,0
2026-07-28 08:14:00,676.6,676.7185,676.53,676.6718,0
2026-07-28 08:15:00,676.6974,676.7858,676.3739,676.4,0
2026-07-28 08:16:00,676.4696,676.582,676.32,676.56,0
2026-07-28 08:17:00,676.6209,676.69,676.56,676.619,0
2026-07-28 08:18:00,676.5504,676.77,676.5504,676.77,0
2026-07-28 08:19:00,676.63,676.8976,676.5827,676.7622,0
2026-07-28 08:20:00,676.8078,676.8078,676.5324,676.58,0
2026-07-28 08:21:00,676.6678,676.9228,676.57,676.9228,0
2026-07-28 08:22:00,676.88,676.8997,676.03,676.7023,0
2026-07-28 08:23:00,676.6882,677.02,676.68,676.8334,0
2026-07-28 08:24:00,676.579,677.0,676.48,677.0,0
2026-07-28 08:25:00,676.95,677.37,676.82,677.37,0
2026-07-28 08:26:00,677.39,677.4096,677.23,677.3,0
2026-07-28 08:27:00,677.3,677.97,677.2952,677.7828,0
2026-07-28 08:28:00,677.73,677.83,677.511,677.511,0
2026-07-28 08:29:00,677.4878,677.82,677.4878,677.82,0
2026-07-28 08:30:00,677.808,678.19,677.647,678.0428,0
2026-07-28 08:31:00,678.03,678.11,677.441,677.62,0
2026-07-28 08:32:00,677.5693,677.86,677.5693,677.7721,0
2026-07-28 08:33:00,677.88,677.88,677.42,677.4254,0
2026-07-28 08:34:00,677.4139,677.5,676.73,677.03,0
2026-07-28 08:35:00,677.0622,677.1595,676.82,677.07,0
2026-07-28 08:36:00,677.0634,677.4824,676.84,677.3532,0
2026-07-28 08:37:00,677.37,677.37,676.8,676.8823,0
2026-07-28 08:38:00,676.93,677.0309,676.8879,676.9018,0
2026-07-28 08:39:00,676.9132,676.9132,676.67,676.67,0
2026-07-28 08:40:00,676.7349,676.99,676.66,676.66,0
2026-07-28 08:41:00,676.6576,676.7379,676.4864,676.6672,0
2026-07-28 08:42:00,676.75,677.4492,676.74,677.33,0
2026-07-28 08:43:00,677.2968,677.69,677.2968,677.5182,0
2026-07-28 08:44:00,677.5539,677.92,677.5028,677.82,0
2026-07-28 08:45:00,677.77,682.631,677.7001,677.81,0
2026-07-28 08:46:00,677.8782,678.35,677.84,678.05,0
2026-07-28 08:47:00,678.0,682.12,677.83,677.9916,0
2026-07-28 08:48:00,677.92,677.98,677.7439,677.7439,0
2026-07-28 08:49:00,677.86,677.8635,677.6,677.66,0
2026-07-28 08:50:00,677.71,677.725,677.1306,677.1306,0
2026-07-28 08:51:00,677.15,677.22,677.06,677.122,0
2026-07-28 08:52:00,677.29,677.33,677.16,677.16,0
2026-07-28 08:53:00,677.16,677.31,677.16,677.179,0
2026-07-28 08:54:00,677.08,677.8433,677.08,677.7861,0
2026-07-28 08:55:00,677.7368,677.91,677.62,677.791,0
2026-07-28 08:56:00,677.7415,677.94,677.6801,677.8788,0
2026-07-28 08:57:00,677.85,677.9284,677.7695,677.782,0
2026-07-28 08:58:00,677.75,677.75,677.38,677.38,0
2026-07-28 08:59:00,677.5,677.5,677.33,677.4,0
2026-07-28 09:00:00,677.4177,677.64,677.17,677.22,0
2026-07-28 09:01:00,677.2,677.21,677.06,677.18,0
2026-07-28 09:02:00,677.28,677.34,677.07,677.1777,0
2026-07-28 09:03:00,677.19,677.24,676.9,677.0077,0
2026-07-28 09:04:00,677.0108,677.15,676.97,677.0307,0
2026-07-28 09:05:00,676.95,677.0928,676.89,677.05,0
2026-07-28 09:06:00,677.3015,677.82,677.3015,677.77,0
2026-07-28 09:07:00,677.6483,677.9,677.6483,677.9,0
2026-07-28 09:08:00,677.9,678.19,677.7908,678.08,0
2026-07-28 09:09:00,678.049,678.1,677.95,678.0225,0
2026-07-28 09:10:00,677.99,678.1,677.8254,678.0135,0
2026-07-28 09:11:00,677.97,678.0899,677.6,677.6,0
2026-07-28 09:12:00,677.6,677.76,677.5,677.54,0
2026-07-28 09:13:00,677.55,677.6931,677.55,677.64,0
2026-07-28 09:14:00,677.6,677.6032,677.47,677.56,0
2026-07-28 09:15:00,677.53,677.6,677.4201,677.585,0
2026-07-28 09:16:00,677.55,677.68,677.4487,677.5901,0
2026-07-28 09:17:00,677.7,677.848,677.6,677.7016,0
2026-07-28 09:18:00,677.7136,678.1968,677.7136,678.1968,0
2026-07-28 09:19:00,678.15,678.16,677.8268,677.855,0
2026-07-28 09:20:00,677.828,678.0428,677.8139,677.9291,0
2026-07-28 09:21:00,677.95,678.02,677.75,677.9222,0
2026-07-28 09:22:00,677.9503,678.01,677.49,677.49,0
2026-07-28 09:23:00,677.51,677.51,677.18,677.2694,0
2026-07-28 09:24:00,677.31,677.4707,677.24,677.3608,0
2026-07-28 09:25:00,677.3,677.3,676.79,677.18,0
2026-07-28 09:26:00,676.9715,677.0786,676.77,676.89,0
2026-07-28 09:27:00,676.9,677.0091,676.45,676.6816,0
2026-07-28 09:28:00,676.65,676.65,676.07,676.285,0
2026-07-28 09:29:00,676.25,676.46,676.01,676.4,0
2026-07-28 09:30:00,676.19,677.3,675.79,676.24,2606888
2026-07-28 09:31:00,676.11,676.26,675.06,675.29,501202
2026-07-28 09:32:00,675.29,675.46,674.35,674.96,448900
2026-07-28 09:33:00,674.96,675.47,674.66,675.11,612913
2026-07-28 09:34:00,675.11,675.38,674.47,674.47,358890
2026-07-28 09:35:00,674.48,675.4,674.48,675.33,280768
2026-07-28 09:36:00,675.34,675.61,673.87,674.06,340308
2026-07-28 09:37:00,674.07,674.49,673.15,673.41,299603
2026-07-28 09:38:00,673.41,673.71,672.85,672.85,275775
2026-07-28 09:39:00,672.91,672.9814,672.32,672.37,199460
2026-07-28 09:40:00,672.37,673.39,672.28,672.93,341902
2026-07-28 09:41:00,672.9011,673.55,672.57,672.85,247027
2026-07-28 09:42:00,672.87,672.94,671.6162,671.66,306288
2026-07-28 09:43:00,671.67,671.81,670.83,671.03,416168
2026-07-28 09:44:00,671.01,671.88,671.01,671.35,283659
2026-07-28 09:45:00,671.33,671.71,670.36,670.45,242315
2026-07-28 09:46:00,670.45,670.45,669.53,669.8,325822
2026-07-28 09:47:00,669.83,669.88,669.19,669.215,264752
2026-07-28 09:48:00,669.25,670.97,669.25,670.88,375814
2026-07-28 09:49:00,670.82,671.58,670.5909,671.5,531422
2026-07-28 09:50:00,671.52,672.53,670.6601,670.75,247937
2026-07-28 09:51:00,670.78,671.37,670.25,670.845,253681
2026-07-28 09:52:00,670.79,672.25,670.74,671.53,206292
2026-07-28 09:53:00,671.515,671.515,669.8001,670.635,188786
2026-07-28 09:54:00,670.61,671.0,670.03,670.115,126258
2026-07-28 09:55:00,670.14,670.4,669.5401,669.63,313225
2026-07-28 09:56:00,669.71,670.46,669.31,670.4,190503
2026-07-28 09:57:00,670.4199,670.68,669.725,669.9101,175803
2026-07-28 09:58:00,669.92,669.94,669.31,669.3759,153076
2026-07-28 09:59:00,669.36,669.95,668.8564,669.38,288517
2026-07-28 10:00:00,669.33,670.95,669.0601,670.8399,230263
2026-07-28 10:01:00,670.815,671.03,670.06,670.335,138505
2026-07-28 10:02:00,670.39,671.38,670.39,670.9,155992
2026-07-28 10:03:00,670.93,671.14,670.5,670.63,160726
2026-07-28 10:04:00,670.65,671.02,670.15,670.56,128041
2026-07-28 10:05:00,670.4912,671.93,670.35,671.77,188935
2026-07-28 10:06:00,671.75,672.16,671.17,672.11,180264
2026-07-28 10:07:00,672.1499,672.433,670.7,670.77,150164
2026-07-28 10:08:00,670.7998,670.84,669.41,670.08,205264
2026-07-28 10:09:00,670.03,670.25,669.5683,669.6,95212
2026-07-28 10:10:00,669.58,670.65,669.37,670.19,156296
2026-07-28 10:11:00,670.16,670.75,670.04,670.74,120848
2026-07-28 10:12:00,670.75,670.91,669.25,669.28,196774
2026-07-28 10:13:00,669.28,669.81,668.9401,669.03,166575
2026-07-28 10:14:00,669.045,669.0472,668.02,668.53,286948
2026-07-28 10:15:00,668.51,669.08,668.18,668.83,178160
2026-07-28 10:16:00,668.8613,669.03,667.88,668.08,182397
2026-07-28 10:17:00,668.0499,668.46,667.91,668.335,286116
2026-07-28 10:18:00,668.37,668.87,668.08,668.63,371791
2026-07-28 10:19:00,668.64,668.72,668.0907,668.14,155612
2026-07-28 10:20:00,668.1,668.78,668.1,668.22,165540
2026-07-28 10:21:00,668.1909,669.61,667.93,669.61,171708
2026-07-28 10:22:00,669.64,669.88,668.3,668.625,274623
2026-07-28 10:23:00,668.5,670.16,668.395,670.14,256199
2026-07-28 10:24:00,670.14,670.64,669.48,669.58,202744
2026-07-28 10:25:00,669.66,669.96,669.25,669.73,112848
2026-07-28 10:26:00,669.76,670.2,669.52,669.955,93854
2026-07-28 10:27:00,669.99,670.48,669.74,669.98,277656
2026-07-28 10:28:00,669.91,670.396,669.75,669.805,70075
2026-07-28 10:29:00,669.77,670.5,669.66,670.37,180935
2026-07-28 10:30:00,670.39,670.79,669.45,669.85,73653
2026-07-28 10:31:00,669.88,670.645,669.68,670.44,68885
2026-07-28 10:32:00,670.47,670.89,669.91,670.29,77014
2026-07-28 10:33:00,670.35,670.57,669.89,670.38,63565
2026-07-28 10:34:00,670.38,670.62,669.56,669.685,300884
2026-07-28 10:35:00,669.75,670.96,669.57,670.9599,99263
2026-07-28 10:36:00,670.958,671.68,670.87,671.31,206771
2026-07-28 10:37:00,671.3079,671.7,671.046,671.59,115677
2026-07-28 10:38:00,671.5723,671.72,670.57,670.585,89145
2026-07-28 10:39:00,670.55,670.91,670.09,670.74,94568
2026-07-28 10:40:00,670.77,671.55,670.56,671.4901,99133
2026-07-28 10:41:00,671.51,672.06,671.39,671.92,114690
2026-07-28 10:42:00,671.91,671.99,671.54,671.99,126886
2026-07-28 10:43:00,671.95,672.46,671.72,672.2,114495
2026-07-28 10:44:00,672.17,672.43,671.89,671.96,136615
2026-07-28 10:45:00,671.92,672.24,671.31,671.5,121874
2026-07-28 10:46:00,671.4298,672.2,671.35,672.17,106617
2026-07-28 10:47:00,672.16,672.88,672.125,672.77,146977
2026-07-28 10:48:00,672.74,673.73,672.74,673.625,180576
2026-07-28 10:49:00,673.59,673.97,673.47,673.87,231663
2026-07-28 10:50:00,673.82,674.5125,673.815,674.14,190003
2026-07-28 10:51:00,674.17,674.775,674.04,674.638,129439
2026-07-28 10:52:00,674.6153,674.77,673.9,674.05,146159
2026-07-28 10:53:00,674.06,674.83,674.06,674.475,142307
2026-07-28 10:54:00,674.44,674.44,673.89,673.895,123459
2026-07-28 10:55:00,673.95,674.499,673.59,674.085,178567
2026-07-28 10:56:00,674.1,674.165,673.52,673.73,128879
2026-07-28 10:57:00,673.71,673.71,672.86,673.12,139178
2026-07-28 10:58:00,673.14,673.22,672.89,672.95,62122
2026-07-28 10:59:00,672.94,673.23,672.59,672.71,104183
2026-07-28 11:00:00,672.71,673.5,672.66,673.4588,110345
2026-07-28 11:01:00,673.57,673.58,672.89,673.165,268268
2026-07-28 11:02:00,673.15,673.355,672.6653,672.97,71947
2026-07-28 11:03:00,672.92,673.1388,672.52,672.6,51303
2026-07-28 11:04:00,672.64,672.82,672.18,672.25,92114
2026-07-28 11:05:00,672.23,672.59,671.83,672.59,140106
2026-07-28 11:06:00,672.58,673.54,672.5725,672.89,136581
2026-07-28 11:07:00,672.89,672.89,672.15,672.58,102451
2026-07-28 11:08:00,672.62,672.9099,672.36,672.58,73260
2026-07-28 11:09:00,672.58,673.27,672.5701,673.24,94920
2026-07-28 11:10:00,673.24,674.6001,673.05,673.2271,197591
2026-07-28 11:11:00,673.25,673.5,672.69,673.2,178843
2026-07-28 11:12:00,673.21,674.4546,672.97,674.13,123054
2026-07-28 11:13:00,674.12,674.23,673.615,674.02,75287
2026-07-28 11:14:00,674.08,674.48,673.87,673.92,104495
2026-07-28 11:15:00,673.89,674.13,673.53,674.06,76349
2026-07-28 11:16:00,674.105,674.56,674.05,674.16,68631
2026-07-28 11:17:00,674.15,674.6,673.81,674.51,107726
2026-07-28 11:18:00,674.47,675.45,674.38,675.34,169267
2026-07-28 11:19:00,675.25,675.45,674.97,675.43,100429
2026-07-28 11:20:00,675.41,676.59,675.38,676.32,199642
2026-07-28 11:21:00,676.33,676.495,676.14,676.36,131181
2026-07-28 11:22:00,676.34,676.65,676.21,676.34,170075
2026-07-28 11:23:00,676.35,676.76,676.34,676.565,336442
2026-07-28 11:24:00,676.555,676.87,676.3,676.87,154135
2026-07-28 11:25:00,676.79,677.1737,676.79,676.98,143539
2026-07-28 11:26:00,677.025,677.75,676.96,677.5,260197
2026-07-28 11:27:00,677.5,677.505,676.83,676.87,178566
2026-07-28 11:28:00,676.885,676.885,676.59,676.7862,110496
2026-07-28 11:29:00,676.83,676.91,676.43,676.64,65893
2026-07-28 11:30:00,676.63,677.13,676.36,676.41,176737
2026-07-28 11:31:00,676.4,676.59,676.22,676.545,78325
2026-07-28 11:32:00,676.55,677.0524,676.5175,676.86,103812
2026-07-28 11:33:00,676.78,677.1431,676.78,677.11,73364
2026-07-28 11:34:00,677.11,677.35,676.92,676.96,67454
2026-07-28 11:35:00,677.0,677.54,676.9,677.5,141566
2026-07-28 11:36:00,677.46,677.7699,677.46,677.63,69790
2026-07-28 11:37:00,677.56,677.63,677.1313,677.54,62436
2026-07-28 11:38:00,677.52,677.89,677.39,677.7582,80749
2026-07-28 11:39:00,677.77,677.83,677.5,677.6,62152
2026-07-28 11:40:00,677.545,677.74,677.215,677.38,60645
2026-07-28 11:41:00,677.4,677.75,677.29,677.48,87663
2026-07-28 11:42:00,677.41,677.61,677.25,677.34,68837
2026-07-28 11:43:00,677.33,678.03,677.215,678.0262,76251
2026-07-28 11:44:00,677.978,678.31,677.94,678.23,73822
2026-07-28 11:45:00,678.23,678.5562,678.18,678.29,201088
2026-07-28 11:46:00,678.32,678.764,678.265,678.66,79014
2026-07-28 11:47:00,678.665,678.78,678.55,678.5903,111507
2026-07-28 11:48:00,678.58,678.929,678.52,678.91,47056
2026-07-28 11:49:00,678.93,678.98,678.57,678.6,100635
2026-07-28 11:50:00,678.56,678.67,678.0,678.09,134567
2026-07-28 11:51:00,678.02,678.1895,677.86,678.095,80737
2026-07-28 11:52:00,678.09,678.21,677.73,678.21,44729
2026-07-28 11:53:00,678.18,678.87,678.1699,678.8,69133
2026-07-28 11:54:00,678.73,678.83,678.3,678.31,53877
2026-07-28 11:55:00,678.275,678.33,677.82,677.93,82840
2026-07-28 11:56:00,677.96,678.5608,677.96,678.5,53878
2026-07-28 11:57:00,678.4901,678.7116,678.385,678.69,56842
2026-07-28 11:58:00,678.685,678.97,678.51,678.5435,46744
2026-07-28 11:59:00,678.52,678.65,678.3795,678.59,38314
2026-07-28 12:00:00,678.63,679.03,678.28,679.01,194290
2026-07-28 12:01:00,678.985,679.13,678.8,678.8205,64867
2026-07-28 12:02:00,678.82,679.13,678.62,678.62,277401
2026-07-28 12:03:00,678.61,678.88,678.45,678.79,183808
2026-07-28 12:04:00,678.7701,678.8,678.45,678.68,40049
2026-07-28 12:05:00,678.73,679.04,678.7,678.72,41910
2026-07-28 12:06:00,678.7,678.78,678.33,678.715,183720
2026-07-28 12:07:00,678.71,678.71,677.83,677.85,75700
2026-07-28 12:08:00,677.825,677.93,677.66,677.83,151921
2026-07-28 12:09:00,677.84,678.03,677.62,677.62,161774
2026-07-28 12:10:00,677.615,677.8501,677.57,677.681,60321
2026-07-28 12:11:00,677.75,678.14,677.7233,678.01,55739
2026-07-28 12:12:00,678.02,678.08,677.73,677.91,50376
2026-07-28 12:13:00,677.9188,678.03,677.45,677.52,61309
2026-07-28 12:14:00,677.49,677.65,677.38,677.65,139929
2026-07-28 12:15:00,677.62,677.84,677.31,677.465,52587
2026-07-28 12:16:00,677.4037,677.5299,677.28,677.32,53891
2026-07-28 12:17:00,677.34,677.66,677.34,677.34,54959
2026-07-28 12:18:00,677.3226,677.62,677.27,677.411,42286
2026-07-28 12:19:00,677.41,678.24,677.4,678.2,104690
2026-07-28 12:20:00,678.18,678.55,678.11,678.24,77653
2026-07-28 12:21:00,678.222,678.29,677.78,678.012,41235
2026-07-28 12:22:00,678.0,678.13,677.64,677.68,74931
2026-07-28 12:23:00,677.73,677.7477,677.25,677.34,81313
2026-07-28 12:24:00,677.26,677.5,677.18,677.41,189132
2026-07-28 12:25:00,677.425,677.5999,677.24,677.5999,140191
2026-07-28 12:26:00,677.58,677.63,677.39,677.39,39248
2026-07-28 12:27:00,677.38,677.58,677.08,677.42,243644
2026-07-28 12:28:00,677.45,677.65,677.38,677.42,29787
2026-07-28 12:29:00,677.4,677.61,677.3047,677.3047,29185
2026-07-28 12:30:00,677.359,677.359,676.54,676.57,70245
2026-07-28 12:31:00,676.575,676.63,676.33,676.63,78691
2026-07-28 12:32:00,676.6001,677.13,676.48,677.07,70043
2026-07-28 12:33:00,677.09,677.37,676.83,676.8605,55282
2026-07-28 12:34:00,676.8593,677.2794,676.82,676.845,49180
2026-07-28 12:35:00,676.87,677.16,676.85,676.94,24780
2026-07-28 12:36:00,676.93,676.9999,676.6801,676.94,50545
2026-07-28 12:37:00,676.93,677.03,676.8,676.93,22414
2026-07-28 12:38:00,677.05,677.695,676.98,677.6,408920
2026-07-28 12:39:00,677.625,678.03,677.45,678.025,207352
2026-07-28 12:40:00,677.99,678.2151,677.9,678.0099,60185
2026-07-28 12:41:00,678.03,678.34,677.98,678.32,46698
2026-07-28 12:42:00,678.35,678.4,677.79,677.83,63375
2026-07-28 12:43:00,677.91,678.44,677.91,678.44,38731
2026-07-28 12:44:00,678.45,678.49,677.99,678.29,246319
2026-07-28 12:45:00,678.245,678.44,678.02,678.12,63195
2026-07-28 12:46:00,678.0,678.208,677.315,677.35,36472
2026-07-28 12:47:00,677.39,678.01,677.39,677.9081,25302
2026-07-28 12:48:00,677.87,677.99,677.51,677.64,60583
2026-07-28 12:49:00,677.66,677.96,677.6,677.89,31783
2026-07-28 12:50:00,677.86,678.62,677.84,678.565,49930
2026-07-28 12:51:00,678.56,679.17,678.56,679.1375,149971
2026-07-28 12:52:00,679.09,679.26,678.96,679.02,46169
2026-07-28 12:53:00,679.02,679.4,679.0001,679.03,48687
2026-07-28 12:54:00,679.05,679.28,679.01,679.12,59084
2026-07-28 12:55:00,679.13,679.13,678.9101,679.08,32198
2026-07-28 12:56:00,679.1399,679.35,678.9201,679.295,26732
2026-07-28 12:57:00,679.29,679.3499,678.875,679.01,52584
2026-07-28 12:58:00,679.02,679.03,678.71,678.8,23895
2026-07-28 12:59:00,678.81,678.9849,678.765,678.81,58580
2026-07-28 13:00:00,678.82,679.0299,678.55,678.889,45853
2026-07-28 13:01:00,678.765,678.99,678.76,678.79,77121
2026-07-28 13:02:00,678.829,678.91,678.15,678.32,38396
2026-07-28 13:03:00,678.325,678.435,678.02,678.125,57974
2026-07-28 13:04:00,678.155,678.18,677.94,677.94,81495
2026-07-28 13:05:00,677.98,678.13,677.8,677.9,27054
2026-07-28 13:06:00,677.9,678.2199,677.56,677.98,63887
2026-07-28 13:07:00,677.96,678.13,677.84,678.0875,45631
2026-07-28 13:08:00,678.18,678.18,677.43,677.43,53795
2026-07-28 13:09:00,677.43,677.5018,677.03,677.12,54714
2026-07-28 13:10:00,677.13,677.16,676.7,677.1401,64671
2026-07-28 13:11:00,677.17,677.31,676.96,677.305,64260
2026-07-28 13:12:00,677.33,677.68,677.2601,677.35,65470
2026-07-28 13:13:00,677.37,677.395,676.85,677.23,24701
2026-07-28 13:14:00,677.235,677.26,677.04,677.14,143291
2026-07-28 13:15:00,677.18,677.41,677.02,677.26,35994
2026-07-28 13:16:00,677.285,677.295,677.0,677.2394,37763
2026-07-28 13:17:00,677.27,677.27,676.81,676.92,32471
2026-07-28 13:18:00,676.915,677.08,676.915,677.03,36432
2026-07-28 13:19:00,677.02,677.38,676.93,677.29,62922
2026-07-28 13:20:00,677.3,678.32,677.1001,678.06,101180
2026-07-28 13:21:00,678.0402,678.54,677.67,677.7561,73845
2026-07-28 13:22:00,677.76,677.81,677.38,677.665,49826
2026-07-28 13:23:00,677.65,677.94,677.52,677.6,33611
2026-07-28 13:24:00,677.62,677.77,677.1567,677.1567,43667
2026-07-28 13:25:00,677.13,677.24,676.85,677.2,39801
2026-07-28 13:26:00,677.1936,677.4999,677.1936,677.41,17605
2026-07-28 13:27:00,677.57,677.82,677.57,677.725,34085
2026-07-28 13:28:00,677.7,677.93,677.5,677.5,23466
2026-07-28 13:29:00,677.525,677.7799,677.3501,677.4,22124
2026-07-28 13:30:00,677.375,677.53,677.216,677.46,31017
2026-07-28 13:31:00,677.48,677.51,677.26,677.34,67275
2026-07-28 13:32:00,677.32,677.47,677.27,677.44,159562
2026-07-28 13:33:00,677.44,678.0378,677.38,677.85,292082
2026-07-28 13:34:00,677.8305,678.22,677.8305,677.97,25197
2026-07-28 13:35:00,678.01,678.45,678.01,678.03,40427
2026-07-28 13:36:00,678.03,678.03,677.64,677.65,27658
2026-07-28 13:37:00,677.665,677.82,677.55,677.56,31545
2026-07-28 13:38:00,677.5499,677.77,677.47,677.6899,28427
2026-07-28 13:39:00,677.68,677.72,677.2896,677.3,40842
2026-07-28 13:40:00,677.29,677.67,677.13,677.41,62214
2026-07-28 13:41:00,677.38,677.39,676.94,676.97,30975
2026-07-28 13:42:00,676.94,677.09,676.86,676.89,45345
2026-07-28 13:43:00,676.89,676.93,676.41,676.4601,55190
2026-07-28 13:44:00,676.47,676.47,676.235,676.35,71725
2026-07-28 13:45:00,676.34,676.5499,676.1,676.28,33760
2026-07-28 13:46:00,676.225,676.3499,676.12,676.28,37083
2026-07-28 13:47:00,676.3,676.515,675.98,676.07,48820
2026-07-28 13:48:00,676.11,676.92,676.08,676.7801,76101
2026-07-28 13:49:00,676.77,677.102,676.6968,676.9899,44803
2026-07-28 13:50:00,676.955,676.955,676.445,676.537,41510
2026-07-28 13:51:00,676.5176,676.54,676.25,676.365,20365
2026-07-28 13:52:00,676.41,676.63,676.1,676.1,20279
2026-07-28 13:53:00,676.14,676.27,676.1,676.25,23040
2026-07-28 13:54:00,676.24,676.33,675.9374,676.04,45187
2026-07-28 13:55:00,676.03,676.1,675.65,675.8025,70626
2026-07-28 13:56:00,675.78,676.22,675.7501,676.2075,34169
2026-07-28 13:57:00,676.197,676.26,676.03,676.2,56556
2026-07-28 13:58:00,676.16,676.46,676.02,676.45,46216
2026-07-28 13:59:00,676.41,676.8396,676.41,676.7742,44333
2026-07-28 14:00:00,676.84,677.4401,676.65,677.2232,88772
2026-07-28 14:01:00,677.2,677.33,676.54,676.54,31386
2026-07-28 14:02:00,676.47,676.87,676.39,676.595,32723
2026-07-28 14:03:00,676.605,676.73,676.48,676.56,167617
2026-07-28 14:04:00,676.55,676.7501,676.33,676.7372,45160
2026-07-28 14:05:00,676.7295,676.79,676.41,676.475,23123
2026-07-28 14:06:00,676.5095,676.5291,676.1601,676.265,16585
2026-07-28 14:07:00,676.3,676.3,675.98,676.16,45352
2026-07-28 14:08:00,676.21,676.2899,675.98,676.06,30428
2026-07-28 14:09:00,676.055,676.2,676.03,676.13,31235
2026-07-28 14:10:00,676.06,676.2199,675.89,675.98,26957
2026-07-28 14:11:00,676.0,676.07,675.64,675.74,62623
2026-07-28 14:12:00,675.72,675.96,675.63,675.92,32845
2026-07-28 14:13:00,675.94,675.99,675.4701,675.73,153726
2026-07-28 14:14:00,675.68,675.7,675.4,675.4401,22355
2026-07-28 14:15:00,675.48,675.9499,675.4,675.88,38191
2026-07-28 14:16:00,675.88,675.935,675.62,675.885,88665
2026-07-28 14:17:00,675.91,675.91,675.35,675.565,53955
2026-07-28 14:18:00,675.56,675.725,675.51,675.65,20495
2026-07-28 14:19:00,675.62,675.87,675.4501,675.75,22753
2026-07-28 14:20:00,675.76,676.09,675.6,676.09,83632
2026-07-28 14:21:00,676.08,676.14,675.765,675.8399,59922
2026-07-28 14:22:00,675.87,676.09,675.7201,676.06,32667
2026-07-28 14:23:00,676.11,676.2,675.59,675.76,250951
2026-07-28 14:24:00,675.74,675.85,675.6412,675.68,30047
2026-07-28 14:25:00,675.65,675.89,675.55,675.76,26531
2026-07-28 14:26:00,675.8,675.87,675.62,675.7,29224
2026-07-28 14:27:00,675.65,675.65,675.43,675.5103,130410
2026-07-28 14:28:00,675.57,675.71,675.39,675.4899,136304
2026-07-28 14:29:00,675.54,675.67,675.46,675.645,23370
2026-07-28 14:30:00,675.68,676.055,675.57,675.83,36595
2026-07-28 14:31:00,675.8,675.89,675.62,675.75,128117
2026-07-28 14:32:00,675.76,675.9261,675.68,675.8,32971
2026-07-28 14:33:00,675.79,676.38,675.75,676.37,50583
2026-07-28 14:34:00,676.41,676.57,676.1,676.11,78870
2026-07-28 14:35:00,676.14,676.3499,675.9628,676.2,24182
2026-07-28 14:36:00,676.25,676.3299,675.9,676.08,131968
2026-07-28 14:37:00,676.15,676.21,676.0,676.19,28808
2026-07-28 14:38:00,676.2,676.39,676.06,676.28,36245
2026-07-28 14:39:00,676.245,676.26,675.79,675.82,29588
2026-07-28 14:40:00,675.82,675.93,675.6,675.755,48242
2026-07-28 14:41:00,675.77,675.8499,675.62,675.682,22687
2026-07-28 14:42:00,675.62,675.84,675.56,675.59,21637
2026-07-28 14:43:00,675.675,675.915,675.57,675.9,21770
2026-07-28 14:44:00,675.8841,676.11,675.69,675.93,27718
2026-07-28 14:45:00,675.98,676.305,675.741,676.3,24305
2026-07-28 14:46:00,676.26,676.67,676.1501,676.67,72448
2026-07-28 14:47:00,676.66,676.86,676.5201,676.565,45656
2026-07-28 14:48:00,676.5625,676.64,676.28,676.31,27369
2026-07-28 14:49:00,676.31,676.5275,676.2535,676.38,50455
2026-07-28 14:50:00,676.45,676.75,676.4144,676.655,47784
2026-07-28 14:51:00,676.64,676.93,676.57,676.5952,52009
2026-07-28 14:52:00,676.61,676.7199,676.27,676.29,36785
2026-07-28 14:53:00,676.29,676.43,676.12,676.15,39877
2026-07-28 14:54:00,676.17,676.3626,676.1037,676.29,20621
2026-07-28 14:55:00,676.28,676.6497,675.984,676.61,44922
2026-07-28 14:56:00,676.61,676.71,676.4606,676.64,30933
2026-07-28 14:57:00,676.635,676.87,676.56,676.73,25196
2026-07-28 14:58:00,676.72,676.96,676.56,676.81,22091
2026-07-28 14:59:00,676.84,676.91,676.79,676.8005,19978
2026-07-28 15:00:00,676.82,677.44,676.7901,677.24,49491
2026-07-28 15:01:00,677.22,677.45,677.21,677.345,44975
2026-07-28 15:02:00,677.37,677.46,677.2,677.4,69072
2026-07-28 15:03:00,677.3712,677.78,677.3712,677.6401,153941
2026-07-28 15:04:00,677.64,677.925,677.6,677.8427,38536
2026-07-28 15:05:00,677.85,677.97,677.565,677.89,38503
2026-07-28 15:06:00,677.9162,678.01,677.34,677.44,159696
2026-07-28 15:07:00,677.48,677.685,677.3,677.33,25888
2026-07-28 15:08:00,677.27,677.2932,676.87,676.93,44926
2026-07-28 15:09:00,676.95,677.23,676.92,676.955,103528
2026-07-28 15:10:00,676.9201,677.325,676.87,677.04,31536
2026-07-28 15:11:00,677.0,677.21,676.87,677.183,41542
2026-07-28 15:12:00,677.15,677.15,676.865,676.865,32531
2026-07-28 15:13:00,676.8563,677.18,676.785,677.18,29109
2026-07-28 15:14:00,677.18,677.24,676.965,677.155,53563
2026-07-28 15:15:00,677.13,677.34,676.86,676.9162,33841
2026-07-28 15:16:00,676.885,677.09,676.72,676.79,59048
2026-07-28 15:17:00,676.81,676.9989,676.67,676.78,39673
2026-07-28 15:18:00,676.765,677.18,676.765,677.11,293746
2026-07-28 15:19:00,677.1399,677.29,677.1,677.28,29562
2026-07-28 15:20:00,677.21,677.285,677.09,677.1647,24508
2026-07-28 15:21:00,677.31,677.42,677.07,677.0905,30949
2026-07-28 15:22:00,677.125,677.729,677.11,677.729,41356
2026-07-28 15:23:00,677.71,677.88,677.6475,677.6475,38180
2026-07-28 15:24:00,677.69,677.93,677.665,677.89,43133
2026-07-28 15:25:00,677.93,678.0,677.63,677.7011,49648
2026-07-28 15:26:00,677.7,677.8,677.31,677.365,54684
2026-07-28 15:27:00,677.36,677.42,677.12,677.3,48623
2026-07-28 15:28:00,677.3,677.9318,677.25,677.8941,39206
2026-07-28 15:29:00,677.91,678.01,677.76,677.91,45232
2026-07-28 15:30:00,677.95,678.06,677.66,677.8125,76327
2026-07-28 15:31:00,677.82,678.06,677.68,677.72,92931
2026-07-28 15:32:00,677.675,677.8362,677.4,677.575,47629
2026-07-28 15:33:00,677.58,677.64,677.37,677.49,77135
2026-07-28 15:34:00,677.47,677.74,677.445,677.52,198127
2026-07-28 15:35:00,677.5,677.5144,676.77,676.85,85085
2026-07-28 15:36:00,676.81,676.84,676.47,676.53,140488
2026-07-28 15:37:00,676.51,676.52,676.14,676.295,523749
2026-07-28 15:38:00,676.295,676.43,676.1801,676.41,60090
2026-07-28 15:39:00,676.42,676.48,676.1083,676.25,45468
2026-07-28 15:40:00,676.22,676.41,676.16,676.26,107241
2026-07-28 15:41:00,676.26,676.41,676.1801,676.3999,53606
2026-07-28 15:42:00,676.4,676.5938,676.1301,676.29,69388
2026-07-28 15:43:00,676.29,676.5,676.2417,676.365,57609
2026-07-28 15:44:00,676.39,676.39,676.145,676.39,86321
2026-07-28 15:45:00,676.38,676.47,676.02,676.02,110234
2026-07-28 15:46:00,676.0305,676.0382,675.82,676.0,92477
2026-07-28 15:47:00,676.02,676.36,676.0,676.16,63581
2026-07-28 15:48:00,676.13,676.28,676.065,676.11,112880
2026-07-28 15:49:00,676.09,676.36,675.96,676.3201,136215
2026-07-28 15:50:00,676.34,676.47,675.9209,676.07,135081
2026-07-28 15:51:00,676.0,676.15,675.92,676.0,104161
2026-07-28 15:52:00,675.98,676.2,675.91,676.185,84394
2026-07-28 15:53:00,676.18,676.45,676.13,676.44,75712
2026-07-28 15:54:00,676.45,677.17,676.45,677.05,171482
2026-07-28 15:55:00,677.02,677.02,675.79,676.235,423831
2026-07-28 15:56:00,676.23,676.46,675.99,676.09,243143
2026-07-28 15:57:00,676.085,676.115,675.82,675.94,564742
2026-07-28 15:58:00,675.93,676.06,675.85,675.92,194542
2026-07-28 15:59:00,675.92,676.01,675.28,675.5,1329033
2026-07-28 16:00:00,675.49,676.32,675.45,676.27,420578
2026-07-28 16:01:00,676.25,676.25,675.8,675.84,0
2026-07-28 16:02:00,675.81,675.89,675.3,675.4294,0
2026-07-28 16:03:00,675.35,676.27,675.32,675.46,0
2026-07-28 16:04:00,675.51,675.68,675.47,675.47,0
2026-07-28 16:05:00,675.46,676.61,675.46,675.71,0
2026-07-28 16:06:00,675.57,675.6199,674.7,675.47,0
2026-07-28 16:07:00,675.59,675.7,674.9616,675.0697,0
2026-07-28 16:08:00,675.062,675.61,675.062,675.49,0
2026-07-28 16:09:00,675.32,675.41,674.99,675.24,0
2026-07-28 16:10:00,675.24,675.49,675.0,675.139,0
2026-07-28 16:11:00,675.1616,675.44,675.15,675.3682,0
2026-07-28 16:12:00,675.43,675.65,675.3478,675.62,0
2026-07-28 16:13:00,675.63,675.9423,675.58,675.7579,0
2026-07-28 16:14:00,675.77,675.8118,675.48,675.48,0
2026-07-28 16:15:00,675.49,675.74,675.322,675.6,0
2026-07-28 16:16:00,675.6,675.9079,675.6,675.9079,0
2026-07-28 16:17:00,675.9247,676.0,675.7136,675.75,0
2026-07-28 16:18:00,675.82,676.08,675.7312,676.08,0
2026-07-28 16:19:00,676.0782,676.27,676.06,676.17,0
2026-07-28 16:20:00,676.25,676.268,676.0301,676.12,0
2026-07-28 16:21:00,676.03,676.11,675.9617,676.02,0
2026-07-28 16:22:00,676.0232,676.28,676.0232,676.2021,0
2026-07-28 16:23:00,676.1593,676.4538,676.1582,676.4428,0
2026-07-28 16:24:00,676.45,676.54,676.3231,676.5399,0
2026-07-28 16:25:00,676.5157,676.56,676.4575,676.56,0
2026-07-28 16:26:00,676.56,676.95,676.55,676.92,0
2026-07-28 16:27:00,676.8935,677.15,676.8935,676.94,0
2026-07-28 16:28:00,676.9596,677.15,676.94,677.15,0
2026-07-28 16:29:00,677.2,677.2338,676.87,676.9,0
2026-07-28 16:30:00,676.92,676.98,676.87,676.9,0
2026-07-28 16:31:00,676.9139,676.9139,676.66,676.75,0
2026-07-28 16:32:00,676.75,676.89,676.71,676.8423,0
2026-07-28 16:33:00,676.81,676.81,676.6,676.64,0
2026-07-28 16:34:00,676.6709,676.72,676.5649,676.6436,0
2026-07-28 16:35:00,676.9326,677.05,676.8228,676.8965,0
2026-07-28 16:36:00,676.822,676.93,676.77,676.77,0
2026-07-28 16:37:00,676.7783,676.7783,676.12,676.43,0
2026-07-28 16:38:00,676.4661,676.4688,676.26,676.298,0
2026-07-28 16:39:00,676.3,676.3499,676.2297,676.23,0
2026-07-28 16:40:00,676.23,676.23,675.5,676.05,0
2026-07-28 16:41:00,676.1064,676.14,675.9638,676.04,0
2026-07-28 16:42:00,676.04,676.18,676.0006,676.18,0
2026-07-28 16:43:00,676.17,676.33,675.49,676.18,0
2026-07-28 16:44:00,676.1316,676.2196,676.1229,676.16,0
2026-07-28 16:45:00,676.2309,676.27,676.1829,676.2264,0
2026-07-28 16:46:00,676.2287,676.35,676.1993,676.294,0
2026-07-28 16:47:00,676.3078,676.4264,676.3078,676.4264,0
2026-07-28 16:48:00,676.4493,676.48,652.1,676.44,0
2026-07-28 16:49:00,676.4369,676.49,676.326,676.36,0
2026-07-28 16:50:00,676.34,676.34,659.0393,676.02,0
2026-07-28 16:51:00,676.02,676.06,675.91,675.96,0
2026-07-28 16:52:00,675.9779,676.1,675.92,676.0923,0
2026-07-28 16:53:00,676.14,676.26,647.4302,676.0516,0
2026-07-28 16:54:00,676.12,676.29,676.12,676.25,0
2026-07-28 16:55:00,676.27,676.31,676.24,676.29,0
2026-07-28 16:56:00,676.27,676.32,676.2629,676.32,0
2026-07-28 16:57:00,676.32,676.55,676.32,676.55,0
2026-07-28 16:58:00,676.501,676.5115,676.34,676.4075,0
2026-07-28 16:59:00,676.4376,676.59,676.4,676.4247,0
2026-07-28 17:00:00,676.5,676.55,659.0393,676.31,0
2026-07-28 17:01:00,676.74,676.76,675.49,675.49,0
2026-07-28 17:02:00,659.9446,676.7331,659.9446,676.68,0
2026-07-28 17:03:00,676.68,676.76,652.8,676.69,0
2026-07-28 17:04:00,676.76,676.76,655.9175,676.68,0
2026-07-28 17:05:00,676.6752,676.7,676.54,676.7,0
2026-07-28 17:06:00,676.7,676.7,659.9446,676.6,0
2026-07-28 17:07:00,676.55,676.68,676.54,676.5477,0
2026-07-28 17:08:00,676.5499,676.6629,676.21,676.6629,0
2026-07-28 17:09:00,676.6612,676.6612,652.1,676.5393,0
2026-07-28 17:10:00,676.52,676.54,676.3533,676.54,0
2026-07-28 17:11:00,676.5,676.75,676.5,676.55,0
2026-07-28 17:12:00,676.5183,676.7352,676.5103,676.6562,0
2026-07-28 17:13:00,676.68,676.8682,676.5822,676.65,0
2026-07-28 17:14:00,676.8358,676.88,676.5087,676.88,0
2026-07-28 17:15:00,676.88,676.94,647.4302,676.9,0
2026-07-28 17:16:00,676.84,676.8994,676.65,676.75,0
2026-07-28 17:17:00,676.7064,676.75,676.67,676.72,0
2026-07-28 17:18:00,676.72,676.94,676.7,676.8548,0
2026-07-28 17:19:00,676.83,676.87,676.5212,676.5212,0
2026-07-28 17:20:00,676.7,676.7,676.29,676.29,0
2026-07-28 17:21:00,676.28,676.48,676.22,676.301,0
2026-07-28 17:22:00,676.35,676.45,676.3,676.4302,0
2026-07-28 17:23:00,676.36,676.45,676.22,676.2754,0
2026-07-28 17:24:00,676.28,676.3999,676.22,676.2786,0
2026-07-28 17:25:00,676.38,676.48,676.3114,676.3217,0
2026-07-28 17:26:00,676.5828,676.6086,676.239,676.48,0
2026-07-28 17:27:00,676.6,676.7547,676.48,676.5,0
2026-07-28 17:28:00,676.5,676.5,676.48,676.5,0
2026-07-28 17:29:00,676.74,676.74,676.4544,676.4615,0
2026-07-28 17:30:00,676.48,676.48,676.26,676.3112,0
2026-07-28 17:31:00,676.6,676.74,676.5,676.6,0
2026-07-28 17:32:00,676.6749,676.6749,676.59,676.6,0
2026-07-28 17:33:00,676.6,676.66,676.45,676.65,0
2026-07-28 17:34:00,676.6588,676.8,676.6,676.74,0
2026-07-28 17:35:00,676.8,676.85,676.68,676.84,0
2026-07-28 17:36:00,676.84,676.94,676.84,676.9378,0
2026-07-28 17:37:00,676.94,677.09,676.94,677.0887,0
2026-07-28 17:38:00,677.05,677.09,677.0,677.0718,0
2026-07-28 17:39:00,677.0104,677.1421,677.01,677.1421,0
2026-07-28 17:40:00,677.15,677.23,677.15,677.17,0
2026-07-28 17:41:00,677.205,677.26,677.01,677.1928,0
2026-07-28 17:42:00,677.2,677.2,677.15,677.15,0
2026-07-28 17:43:00,677.1566,677.2,677.1429,677.15,0
2026-07-28 17:44:00,677.1063,677.15,677.1003,677.12,0
2026-07-28 17:45:00,677.2,677.2533,677.1101,677.24,0
2026-07-28 17:46:00,677.2587,677.3,677.25,677.3,0
2026-07-28 17:47:00,677.25,677.3122,677.25,677.26,0
2026-07-28 17:48:00,677.33,677.33,677.14,677.16,0
2026-07-28 17:49:00,677.261,677.31,677.13,677.2632,0
2026-07-28 17:50:00,677.2763,677.34,677.26,677.26,0
2026-07-28 17:51:00,677.26,677.27,677.11,677.11,0
2026-07-28 17:52:00,677.27,677.27,677.11,677.1254,0
2026-07-28 17:53:00,677.19,677.19,677.1,677.1003,0
2026-07-28 17:54:00,677.15,677.19,677.1072,677.19,0
2026-07-28 17:55:00,677.1,677.3,677.1,677.2002,0
2026-07-28 17:56:00,677.26,677.37,677.2,677.3,0
2026-07-28 17:57:00,677.21,677.37,677.0,677.3496,0
2026-07-28 17:58:00,677.2535,677.2535,677.0,677.06,0
2026-07-28 17:59:00,677.0529,677.35,677.0,677.35,0
2026-07-28 18:00:00,676.93,677.0,676.45,676.92,0
2026-07-28 18:01:00,676.86,677.0262,676.72,676.73,0
2026-07-28 18:02:00,676.586,677.1897,676.586,677.1897,0
2026-07-28 18:03:00,677.12,677.34,677.12,677.29,0
2026-07-28 18:04:00,677.43,677.43,677.332,677.3753,0
2026-07-28 18:05:00,677.3753,677.69,677.3753,677.6546,0
2026-07-28 18:06:00,677.68,677.68,677.5,677.5,0
2026-07-28 18:07:00,677.5425,677.67,677.5425,677.5917,0
2026-07-28 18:08:00,677.5892,677.65,677.54,677.65,0
2026-07-28 18:09:00,677.53,677.53,677.44,677.4669,0
2026-07-28 18:10:00,677.41,677.72,677.38,677.64,0
2026-07-28 18:11:00,677.51,677.51,677.3357,677.35,0
2026-07-28 18:12:00,677.35,677.35,677.25,677.3179,0
2026-07-28 18:13:00,677.34,677.34,676.9,676.9,0
2026-07-28 18:14:00,676.81,676.88,676.6,676.778,0
2026-07-28 18:15:00,676.96,676.96,676.8741,676.88,0
2026-07-28 18:16:00,676.8294,676.8294,676.6975,676.6979,0
2026-07-28 18:17:00,676.71,676.71,676.4315,676.5276,0
2026-07-28 18:18:00,676.5276,676.536,675.69,675.7775,0
2026-07-28 18:19:00,675.7327,675.9792,675.65,675.9329,0
2026-07-28 18:20:00,675.94,675.95,675.5679,675.6303,0
2026-07-28 18:21:00,675.6495,675.68,675.5,675.51,0
2026-07-28 18:22:00,675.6385,675.6385,675.53,675.59,0
2026-07-28 18:23:00,675.59,675.6,675.4,675.43,0
2026-07-28 18:24:00,675.4376,675.5062,675.4,675.4204,0
2026-07-28 18:25:00,675.44,675.59,675.241,675.4281,0
2026-07-28 18:26:00,675.4,675.61,675.28,675.61,0
2026-07-28 18:27:00,675.64,676.0267,675.64,675.8961,0
2026-07-28 18:28:00,675.8961,676.01,675.8961,675.9468,0
2026-07-28 18:29:00,675.96,676.11,675.872,676.06,0
2026-07-28 18:30:00,675.9881,676.0104,675.845,675.869,0
2026-07-28 18:31:00,675.88,675.9898,675.6,675.6,0
2026-07-28 18:32:00,675.5,675.5,674.72,675.13,0
2026-07-28 18:33:00,675.2608,675.3,674.9196,674.9196,0
2026-07-28 18:34:00,674.9256,675.0,674.86,674.9837,0
2026-07-28 18:35:00,674.8535,674.98,674.72,674.9,0
2026-07-28 18:36:00,674.8715,675.2948,674.8715,675.27,0
2026-07-28 18:37:00,675.26,675.26,674.8511,674.9,0
2026-07-28 18:38:00,674.81,674.8993,674.55,674.55,0
2026-07-28 18:39:00,674.5595,674.62,673.96,674.0999,0
2026-07-28 18:40:00,674.1269,674.6561,674.1194,674.6536,0
2026-07-28 18:41:00,674.62,674.6577,674.5,674.56,0
2026-07-28 18:42:00,674.7,674.8172,674.57,674.78,0
2026-07-28 18:43:00,674.6375,674.76,674.56,674.69,0
2026-07-28 18:44:00,674.698,674.698,674.08,674.08,0
2026-07-28 18:45:00,674.1761,674.1761,673.61,673.6977,0
2026-07-28 18:46:00,673.6861,673.7372,673.4,673.4,0
2026-07-28 18:47:00,673.4379,673.46,673.12,673.16,0
2026-07-28 18:48:00,673.1,673.5,673.0,673.3861,0
2026-07-28 18:49:00,673.36,673.36,673.0,673.19,0
2026-07-28 18:50:00,673.2216,673.2216,673.0425,673.1404,0
2026-07-28 18:51:00,673.11,673.1395,672.76,673.06,0
2026-07-28 18:52:00,673.07,673.47,672.981,673.35,0
2026-07-28 18:53:00,673.1371,673.1883,672.3,672.3,0
2026-07-28 18:54:00,672.3,672.62,672.2,672.4,0
2026-07-28 18:55:00,672.52,672.6992,672.42,672.66,0
2026-07-28 18:56:00,672.6104,672.83,672.3362,672.4508,0
2026-07-28 18:57:00,672.46,672.4652,672.2037,672.34,0
2026-07-28 18:58:00,672.2914,672.31,672.0,672.0595,0
2026-07-28 18:59:00,672.02,672.0269,671.54,671.61,0
2026-07-28 19:00:00,671.57,671.6941,671.31,671.56,0
2026-07-28 19:01:00,671.56,671.89,671.44,671.48,0
2026-07-28 19:02:00,671.43,671.4695,671.25,671.36,0
2026-07-28 19:03:00,671.39,671.43,671.0,671.18,0
2026-07-28 19:04:00,671.29,672.3,671.24,672.21,0
2026-07-28 19:05:00,672.2,672.3475,671.9527,672.12,0
2026-07-28 19:06:00,672.08,672.5136,672.08,672.49,0
2026-07-28 19:07:00,672.47,672.75,672.3894,672.6358,0
2026-07-28 19:08:00,672.72,672.72,672.52,672.55,0
2026-07-28 19:09:00,672.54,672.54,671.2415,671.31,0
2026-07-28 19:10:00,671.38,671.76,671.21,671.54,0
2026-07-28 19:11:00,671.5034,672.3,671.34,672.22,0
2026-07-28 19:12:00,672.29,672.62,672.29,672.62,0
2026-07-28 19:13:00,672.5389,673.5,672.5234,673.289,0
2026-07-28 19:14:00,673.2768,673.87,673.0563,673.52,0
2026-07-28 19:15:00,673.5892,673.593,673.21,673.21,0
2026-07-28 19:16:00,673.27,673.4382,673.0,673.3961,0
2026-07-28 19:17:00,673.4262,673.4924,673.0404,673.2504,0
2026-07-28 19:18:00,673.4348,673.68,673.1317,673.181,0
2026-07-28 19:19:00,673.18,673.2,673.08,673.18,0
2026-07-28 19:20:00,673.2561,673.4,672.82,673.4,0
2026-07-28 19:21:00,673.4,673.77,673.3062,673.77,0
2026-07-28 19:22:00,673.85,674.49,673.82,674.42,0
2026-07-28 19:23:00,674.4525,674.668,674.2575,674.34,0
2026-07-28 19:24:00,674.4011,674.4548,674.3353,674.38,0
2026-07-28 19:25:00,674.38,674.43,674.1857,674.1857,0
2026-07-28 19:26:00,674.3405,674.4937,674.3405,674.45,0
2026-07-28 19:27:00,674.45,674.64,674.2,674.22,0
2026-07-28 19:28:00,674.5,674.7,674.5,674.6,0
2026-07-28 19:29:00,674.74,674.7742,674.64,674.7301,0
2026-07-28 19:30:00,674.724,675.0,674.72,675.0,0
2026-07-28 19:31:00,675.1076,675.2,674.927,675.19,0
2026-07-28 19:32:00,675.1784,675.5,675.1,675.14,0
2026-07-28 19:33:00,675.2,675.21,675.077,675.09,0
2026-07-28 19:34:00,675.07,675.19,674.99,675.04,0
2026-07-28 19:35:00,674.9715,675.2,674.9715,675.1092,0
2026-07-28 19:36:00,675.05,675.1182,674.9139,674.9799,0
2026-07-28 19:37:00,674.87,675.0488,674.83,674.9888,0
2026-07-28 19:38:00,674.9703,675.0775,674.8592,674.8592,0
2026-07-28 19:39:00,675.0,675.05,674.88,674.8924,0
2026-07-28 19:40:00,674.89,675.27,674.88,675.219,0
2026-07-28 19:41:00,675.1295,675.26,675.1295,675.1889,0
2026-07-28 19:42:00,675.2304,675.3,674.89,674.89,0
2026-07-28 19:43:00,674.99,675.8,674.97,675.8,0
2026-07-28 19:44:00,675.78,678.0,675.77,677.8532,0
2026-07-28 19:45:00,677.71,677.78,677.1935,677.42,0
2026-07-28 19:46:00,677.46,678.0399,677.4,677.94,0
2026-07-28 19:47:00,677.9614,678.58,677.8897,678.3822,0
2026-07-28 19:48:00,678.43,678.5,678.25,678.36,0
2026-07-28 19:49:00,678.47,679.0,678.39,678.94,0
2026-07-28 19:50:00,678.93,679.71,678.92,679.467,0
2026-07-28 19:51:00,679.41,679.51,679.15,679.1724,0
2026-07-28 19:52:00,679.2343,679.24,678.0,678.82,0
2026-07-28 19:53:00,678.87,679.24,678.87,678.9538,0
2026-07-28 19:54:00,678.8943,679.4,678.7392,679.3401,0
2026-07-28 19:55:00,679.24,679.44,679.1101,679.4,0
2026-07-28 19:56:00,679.37,679.4991,679.3103,679.3545,0
2026-07-28 19:57:00,679.35,679.67,679.29,679.65,0
2026-07-28 19:58:00,679.65,679.7784,679.528,679.6701,0
2026-07-28 19:59:00,679.5377,679.8,679.25,679.8,0
2026-07-29 04:00:00,675.35,676.5,668.9967,675.25,0
2026-07-29 04:01:00,675.23,676.55,669.0,673.59,0
2026-07-29 04:02:00,675.6,675.67,675.2885,675.36,0
2026-07-29 04:03:00,675.32,675.65,675.32,675.43,0
2026-07-29 04:04:00,675.46,675.56,669.91,675.31,0
2026-07-29 04:05:00,675.2017,675.28,669.3,675.03,0
2026-07-29 04:06:00,671.63,675.32,671.63,675.24,0
2026-07-29 04:07:00,675.24,675.32,671.78,675.23,0
2026-07-29 04:08:00,675.1966,676.42,669.91,675.32,0
2026-07-29 04:09:00,675.22,675.22,674.71,674.89,0
2026-07-29 04:10:00,675.0,675.01,674.78,675.01,0
2026-07-29 04:11:00,674.96,675.01,674.87,674.96,0
2026-07-29 04:12:00,674.958,674.958,674.37,674.37,0
2026-07-29 04:13:00,674.4,674.55,674.3,674.55,0
2026-07-29 04:14:00,674.51,674.51,674.18,674.29,0
2026-07-29 04:15:00,674.12,674.29,674.1,674.22,0
2026-07-29 04:16:00,674.168,674.49,674.09,674.31,0
2026-07-29 04:17:00,674.46,674.46,674.35,674.46,0
2026-07-29 04:18:00,674.65,674.65,674.55,674.55,0
2026-07-29 04:19:00,674.5,674.7575,674.3475,674.37,0
2026-07-29 04:20:00,674.2125,674.36,674.2125,674.28,0
2026-07-29 04:21:00,674.27,674.36,674.18,674.36,0
2026-07-29 04:22:00,674.3591,674.4011,674.25,674.2982,0
2026-07-29 04:23:00,674.19,674.25,673.81,673.99,0
2026-07-29 04:24:00,673.92,673.92,673.42,673.49,0
2026-07-29 04:25:00,673.42,673.42,673.42,673.42,0
2026-07-29 04:26:00,673.35,673.46,673.22,673.35,0
2026-07-29 04:27:00,673.37,673.6496,673.25,673.6496,0
2026-07-29 04:28:00,673.65,673.66,673.388,673.52,0
2026-07-29 04:29:00,673.52,673.6988,673.4469,673.67,0
2026-07-29 04:30:00,673.758,674.115,673.45,674.115,0
2026-07-29 04:31:00,674.18,674.77,674.16,674.77,0
2026-07-29 04:32:00,674.92,675.32,674.8,675.19,0
2026-07-29 04:33:00,675.18,675.3,675.07,675.15,0
2026-07-29 04:34:00,675.08,675.21,675.05,675.05,0
2026-07-29 04:35:00,675.04,675.25,675.04,675.14,0
2026-07-29 04:36:00,675.03,675.26,675.0,675.17,0
2026-07-29 04:37:00,675.11,675.25,675.01,675.0677,0
2026-07-29 04:38:00,675.06,675.18,675.06,675.17,0
2026-07-29 04:39:00,674.9363,674.9488,674.7825,674.7825,0
2026-07-29 04:40:00,674.78,675.0877,674.75,675.0877,0
2026-07-29 04:41:00,675.01,675.02,675.0,675.02,0
2026-07-29 04:42:00,675.03,675.24,675.03,675.24,0
2026-07-29 04:43:00,675.4,675.72,675.4,675.6615,0
2026-07-29 04:44:00,675.705,675.8,675.63,675.74,0
2026-07-29 04:45:00,675.78,675.86,675.61,675.82,0
2026-07-29 04:46:00,675.8,676.08,675.8,676.08,0
2026-07-29 04:47:00,675.96,676.1,675.83,675.8839,0
2026-07-29 04:48:00,675.925,675.925,675.86,675.9,0
2026-07-29 04:49:00,675.52,675.81,675.4884,675.81,0
2026-07-29 04:50:00,675.89,676.0888,675.8802,676.04,0
2026-07-29 04:51:00,675.8,675.8,675.7899,675.7899,0
2026-07-29 04:52:00,675.79,675.79,675.71,675.71,0
2026-07-29 04:53:00,675.65,675.693,675.6258,675.6282,0
2026-07-29 04:54:00,675.5695,675.5695,675.1204,675.1204,0
2026-07-29 04:55:00,675.27,675.4277,675.27,675.34,0
2026-07-29 04:56:00,675.3417,675.44,675.309,675.3937,0
2026-07-29 04:57:00,675.34,675.34,675.2663,675.3,0
2026-07-29 04:58:00,675.28,675.28,675.2,675.2,0
2026-07-29 04:59:00,675.1,675.1809,675.0384,675.1809,0
2026-07-29 05:00:00,675.3177,675.43,675.14,675.26,0
2026-07-29 05:01:00,675.55,675.8,675.55,675.8,0
2026-07-29 05:02:00,675.87,675.88,675.69,675.69,0
2026-07-29 05:03:00,675.5,676.1663,675.5,676.1663,0
2026-07-29 05:04:00,676.2,676.238,676.03,676.03,0
2026-07-29 05:05:00,676.0205,676.05,675.92,675.9284,0
2026-07-29 05:06:00,676.2,676.44,676.1917,676.44,0
2026-07-29 05:07:00,676.3,676.3388,676.0,676.3388,0
2026-07-29 05:08:00,676.16,676.3,676.0682,676.3,0
2026-07-29 05:09:00,676.48,676.73,676.48,676.5721,0
2026-07-29 05:10:00,676.6087,676.73,676.5,676.5,0
2026-07-29 05:11:00,676.5,676.58,676.42,676.49,0
2026-07-29 05:12:00,676.6,676.8,676.6,676.69,0
2026-07-29 05:13:00,676.73,676.9,676.57,676.57,0
2026-07-29 05:14:00,676.75,677.0,676.75,677.0,0
2026-07-29 05:15:00,676.98,677.03,676.85,676.99,0
2026-07-29 05:16:00,676.99,676.99,676.56,676.56,0
2026-07-29 05:17:00,676.6178,676.75,676.36,676.43,0
2026-07-29 05:18:00,676.48,677.0,676.42,676.96,0
2026-07-29 05:19:00,676.9023,676.99,676.89,676.9325,0
2026-07-29 05:20:00,676.73,676.73,676.53,676.64,0
2026-07-29 05:21:00,676.65,676.83,676.65,676.72,0
2026-07-29 05:22:00,676.92,677.1,675.05,677.1,0
2026-07-29 05:23:00,677.01,677.07,675.05,676.61,0
2026-07-29 05:24:00,676.68,676.7577,676.52,676.7577,0
2026-07-29 05:25:00,676.99,677.23,676.94,677.23,0
2026-07-29 05:26:00,677.16,677.16,677.16,677.16,0
2026-07-29 05:27:00,676.91,676.96,676.79,676.81,0
2026-07-29 05:28:00,676.8122,677.04,676.74,676.94,0
2026-07-29 05:29:00,676.94,677.0015,676.94,676.9522,0
2026-07-29 05:30:00,677.0477,677.0988,676.9222,676.96,0
2026-07-29 05:31:00,676.92,677.0077,676.8522,677.0077,0
2026-07-29 05:32:00,676.901,676.93,676.82,676.82,0
2026-07-29 05:33:00,676.8,676.8,676.52,676.73,0
2026-07-29 05:34:00,676.73,676.96,676.71,676.71,0
2026-07-29 05:35:00,676.91,676.93,676.738,676.738,0
2026-07-29 05:36:00,676.7613,677.04,676.75,676.82,0
2026-07-29 05:37:00,676.82,677.03,676.82,677.03,0
2026-07-29 05:38:00,677.2488,677.4,677.1717,677.3915,0
2026-07-29 05:39:00,677.39,677.5,677.0,677.08,0
2026-07-29 05:40:00,677.04,677.4,677.04,677.4,0
2026-07-29 05:41:00,677.38,677.6,677.33,677.57,0
2026-07-29 05:42:00,677.57,677.6,677.5,677.6,0
2026-07-29 05:43:00,677.7,677.82,677.7,677.73,0
2026-07-29 05:44:00,677.58,677.58,677.45,677.5647,0
2026-07-29 05:45:00,677.62,677.93,677.56,677.85,0
2026-07-29 05:46:00,677.84,677.93,677.75,677.9077,0
2026-07-29 05:47:00,677.87,678.04,677.76,678.0,0
2026-07-29 05:48:00,678.0823,678.12,678.02,678.02,0
2026-07-29 05:49:00,678.2,678.4,678.2,678.4,0
2026-07-29 05:50:00,678.5,678.7,678.4,678.6,0
2026-07-29 05:51:00,678.55,678.8,678.55,678.8,0
2026-07-29 05:52:00,678.8,678.89,678.7203,678.86,0
2026-07-29 05:53:00,678.87,678.88,678.62,678.62,0
2026-07-29 05:54:00,678.6018,678.61,678.43,678.5422,0
2026-07-29 05:55:00,678.29,678.29,678.0,678.04,0
2026-07-29 05:56:00,678.0,678.008,677.84,677.95,0
2026-07-29 05:57:00,677.8,678.17,677.8,678.11,0
2026-07-29 05:58:00,678.11,678.19,677.99,677.99,0
2026-07-29 05:59:00,678.0484,678.1161,678.025,678.03,0
2026-07-29 06:00:00,678.03,678.03,677.85,677.86,0
2026-07-29 06:01:00,677.92,678.2,677.82,678.2,0
2026-07-29 06:02:00,678.18,678.18,677.93,677.96,0
2026-07-29 06:03:00,678.1298,678.2407,678.05,678.09,0
2026-07-29 06:04:00,678.0517,678.18,678.0,678.18,0
2026-07-29 06:05:00,678.2228,678.6,678.2,678.3294,0
2026-07-29 06:06:00,678.37,678.42,677.8,677.8,0
2026-07-29 06:07:00,677.8,678.01,677.68,678.0096,0
2026-07-29 06:08:00,677.96,677.96,677.8812,677.8812,0
2026-07-29 06:09:00,678.01,678.1,677.933,678.1,0
2026-07-29 06:10:00,678.2,678.2,677.9346,677.9346,0
2026-07-29 06:11:00,677.95,677.95,677.77,677.91,0
2026-07-29 06:12:00,677.91,678.01,677.8,677.8,0
2026-07-29 06:13:00,677.8712,677.91,677.68,677.76,0
2026-07-29 06:14:00,677.77,677.83,677.72,677.8189,0
2026-07-29 06:15:00,677.8,677.9324,677.7637,677.9324,0
2026-07-29 06:16:00,677.99,678.0,677.9099,677.93,0
2026-07-29 06:17:00,677.958,677.9718,677.8891,677.9718,0
2026-07-29 06:18:00,677.99,678.07,677.97,678.0,0
2026-07-29 06:19:00,678.01,678.0661,677.68,677.9288,0
2026-07-29 06:20:00,677.84,678.0,677.84,677.89,0
2026-07-29 06:21:00,677.91,677.91,677.8,677.8,0
2026-07-29 06:22:00,677.88,677.93,677.81,677.81,0
2026-07-29 06:23:00,677.93,677.9736,677.88,677.9,0
2026-07-29 06:24:00,677.8477,677.89,677.7,677.76,0
2026-07-29 06:25:00,677.7384,677.742,677.3409,677.39,0
2026-07-29 06:26:00,677.3974,677.43,677.29,677.4106,0
2026-07-29 06:27:00,677.35,677.58,677.26,677.58,0
2026-07-29 06:28:00,677.5092,677.51,677.4396,677.51,0
2026-07-29 06:29:00,677.6,677.95,677.58,677.95,0
2026-07-29 06:30:00,677.98,678.02,677.4,677.42,0
2026-07-29 06:31:00,677.4363,677.45,677.2434,677.2578,0
2026-07-29 06:32:00,677.3082,677.32,677.0223,677.12,0
2026-07-29 06:33:00,677.18,677.29,677.09,677.16,0
2026-07-29 06:34:00,677.21,677.21,677.05,677.0889,0
2026-07-29 06:35:00,677.04,677.09,676.9652,677.05,0
2026-07-29 06:36:00,676.99,677.08,676.9796,677.01,0
2026-07-29 06:37:00,676.9,676.97,676.7975,676.8788,0
2026-07-29 06:38:00,676.88,676.93,676.5,676.5,0
2026-07-29 06:39:00,676.61,676.76,676.54,676.68,0
2026-07-29 06:40:00,676.6934,676.6934,676.58,676.64,0
2026-07-29 06:41:00,676.8761,677.17,676.87,677.1205,0
2026-07-29 06:42:00,676.9605,677.05,676.89,677.0,0
2026-07-29 06:43:00,676.87,676.87,676.71,676.86,0
2026-07-29 06:44:00,676.8,676.8377,676.67,676.82,0
2026-07-29 06:45:00,676.74,676.778,676.56,676.66,0
2026-07-29 06:46:00,676.5,676.56,676.41,676.56,0
2026-07-29 06:47:00,676.6,676.64,676.4,676.4188,0
2026-07-29 06:48:00,676.43,676.72,676.34,676.6905,0
2026-07-29 06:49:00,676.68,676.68,676.5,676.5,0
2026-07-29 06:50:00,676.5977,676.5977,676.4303,676.55,0
2026-07-29 06:51:00,676.6838,676.858,676.15,676.23,0
2026-07-29 06:52:00,676.21,676.21,676.0,676.1246,0
2026-07-29 06:53:00,676.12,676.21,675.9799,676.21,0
2026-07-29 06:54:00,676.09,676.21,676.09,676.11,0
2026-07-29 06:55:00,676.12,676.1683,676.0437,676.1,0
2026-07-29 06:56:00,676.1121,676.43,676.0913,676.4,0
2026-07-29 06:57:00,676.5,676.5,676.29,676.34,0
2026-07-29 06:58:00,676.41,676.44,676.27,676.28,0
2026-07-29 06:59:00,676.3295,676.3794,676.15,676.161,0
2026-07-29 07:00:00,676.29,676.9219,675.49,676.9219,0
2026-07-29 07:01:00,676.92,677.0,675.49,676.959,0
2026-07-29 07:02:00,676.8961,677.0441,676.82,677.0076,0
2026-07-29 07:03:00,677.0317,677.15,676.9088,676.97,0
2026-07-29 07:04:00,677.05,677.05,676.61,676.6982,0
2026-07-29 07:05:00,676.7608,676.89,676.6,676.7407,0
2026-07-29 07:06:00,676.83,676.83,676.0,676.3,0
2026-07-29 07:07:00,676.4322,676.84,676.4322,676.8229,0
2026-07-29 07:08:00,676.739,677.19,676.739,677.19,0
2026-07-29 07:09:00,677.14,677.382,677.0903,677.3161,0
2026-07-29 07:10:00,677.31,677.6076,677.26,677.5261,0
2026-07-29 07:11:00,677.55,677.5992,677.42,677.4999,0
2026-07-29 07:12:00,677.4876,677.57,677.39,677.4542,0
2026-07-29 07:13:00,677.4476,677.65,677.42,677.5516,0
2026-07-29 07:14:00,677.56,677.56,677.2208,677.4152,0
2026-07-29 07:15:00,677.4099,677.6289,677.2545,677.5962,0
2026-07-29 07:16:00,677.62,677.62,677.33,677.39,0
2026-07-29 07:17:00,677.4198,677.6401,677.2054,677.617,0
2026-07-29 07:18:00,677.67,677.97,677.67,677.8012,0
2026-07-29 07:19:00,677.75,677.9476,677.7101,677.7731,0
2026-07-29 07:20:00,677.776,678.04,677.776,677.96,0
2026-07-29 07:21:00,677.98,678.1,677.92,677.92,0
2026-07-29 07:22:00,677.87,678.1201,677.789,677.8,0
2026-07-29 07:23:00,677.7923,678.0,677.7169,677.96,0
2026-07-29 07:24:00,677.89,677.96,677.69,677.7192,0
2026-07-29 07:25:00,677.6889,677.77,677.5455,677.632,0
2026-07-29 07:26:00,677.74,677.94,677.6866,677.9,0
2026-07-29 07:27:00,677.8445,678.0781,677.7802,677.9396,0
2026-07-29 07:28:00,678.0,678.0706,677.8019,678.0706,0
2026-07-29 07:29:00,678.0315,678.09,677.6407,677.6407,0
2026-07-29 07:30:00,677.5895,677.7086,677.39,677.7072,0
2026-07-29 07:31:00,677.7079,677.77,677.6,677.6791,0
2026-07-29 07:32:00,677.677,677.677,677.1,677.1,0
2026-07-29 07:33:00,677.17,677.1812,677.05,677.119,0
2026-07-29 07:34:00,677.1912,677.26,677.05,677.185,0
2026-07-29 07:35:00,677.1085,677.1485,676.9985,677.07,0
2026-07-29 07:36:00,677.101,677.17,676.942,677.0408,0
2026-07-29 07:37:00,677.1,677.1,676.9229,676.985,0
2026-07-29 07:38:00,676.955,676.9989,676.9,676.9836,0
2026-07-29 07:39:00,676.9989,676.9989,676.64,676.7912,0
2026-07-29 07:40:00,676.76,676.9512,676.751,676.9499,0
2026-07-29 07:41:00,676.88,676.88,676.72,676.72,0
2026-07-29 07:42:00,676.8779,677.0786,676.7625,676.96,0
2026-07-29 07:43:00,676.96,676.97,676.86,676.8855,0
2026-07-29 07:44:00,676.916,676.916,676.75,676.7759,0
2026-07-29 07:45:00,676.77,676.8536,676.68,676.795,0
2026-07-29 07:46:00,676.81,676.81,676.53,676.6211,0
2026-07-29 07:47:00,676.64,677.11,676.5727,676.9535,0
2026-07-29 07:48:00,677.1049,677.45,677.03,677.2558,0
2026-07-29 07:49:00,677.29,677.37,677.2122,677.3314,0
2026-07-29 07:50:00,677.2182,677.2758,677.18,677.18,0
2026-07-29 07:51:00,677.0361,677.11,676.909,677.01,0
2026-07-29 07:52:00,677.1701,677.2,676.8082,676.8278,0
2026-07-29 07:53:00,676.74,676.8076,676.63,676.7624,0
2026-07-29 07:54:00,676.76,676.83,676.5924,676.6293,0
2026-07-29 07:55:00,676.6,677.07,676.55,677.07,0
2026-07-29 07:56:00,677.1187,677.33,677.07,677.3282,0
2026-07-29 07:57:00,677.329,677.329,677.2,677.2,0
2026-07-29 07:58:00,677.2485,677.33,677.17,677.2,0
2026-07-29 07:59:00,677.3223,677.61,677.2839,677.6,0
2026-07-29 08:00:00,677.6585,677.6585,677.4213,677.4213,0
2026-07-29 08:01:00,677.37,677.5253,677.37,677.4712,0
2026-07-29 08:02:00,677.51,677.51,677.18,677.18,0
2026-07-29 08:03:00,677.15,677.18,677.05,677.1291,0
2026-07-29 08:04:00,677.1418,677.31,677.1418,677.1525,0
2026-07-29 08:05:00,677.2318,677.4478,677.13,677.4399,0
2026-07-29 08:06:00,677.346,677.7176,677.18,677.18,0
2026-07-29 08:07:00,677.02,677.0813,676.79,676.79,0
2026-07-29 08:08:00,676.72,676.758,676.37,676.5932,0
2026-07-29 08:09:00,676.6,676.66,676.4867,676.6015,0
2026-07-29 08:10:00,676.5107,676.68,676.42,676.68,0
2026-07-29 08:11:00,676.6439,676.92,676.6439,676.92,0
2026-07-29 08:12:00,676.9324,677.0,676.68,676.68,0
2026-07-29 08:13:00,676.7399,676.831,676.68,676.8,0
2026-07-29 08:14:00,676.6597,676.6597,676.02,676.1665,0
2026-07-29 08:15:00,676.1,676.2276,675.9,676.06,0
2026-07-29 08:16:00,676.14,676.14,674.79,674.8407,0
2026-07-29 08:17:00,674.79,675.2494,674.44,675.2494,0
2026-07-29 08:18:00,675.22,675.22,674.6827,675.0307,0
2026-07-29 08:19:00,675.07,675.08,674.7561,674.9,0
2026-07-29 08:20:00,674.9589,675.0401,674.7976,675.0401,0
2026-07-29 08:21:00,674.86,675.16,674.5239,674.5239,0
2026-07-29 08:22:00,674.5976,674.5976,673.99,674.4782,0
2026-07-29 08:23:00,674.4596,674.9408,674.38,674.9408,0
2026-07-29 08:24:00,674.94,674.97,674.41,674.41,0
2026-07-29 08:25:00,674.41,675.0107,674.3879,675.0107,0
2026-07-29 08:26:00,674.97,675.0683,674.905,674.91,0
2026-07-29 08:27:00,674.9745,675.2,674.92,675.0838,0
2026-07-29 08:28:00,674.87,675.04,674.7325,675.0243,0
2026-07-29 08:29:00,675.0,675.17,674.36,674.3635,0
2026-07-29 08:30:00,674.3697,674.3963,673.8124,674.34,0
2026-07-29 08:31:00,674.4,674.44,674.2001,674.2001,0
2026-07-29 08:32:00,674.4104,674.61,674.2904,674.39,0
2026-07-29 08:33:00,674.409,674.4798,674.17,674.3361,0
2026-07-29 08:34:00,674.2621,674.8,674.26,674.8,0
2026-07-29 08:35:00,674.85,674.938,674.73,674.88,0
2026-07-29 08:36:00,674.7118,674.88,674.46,674.46,0
2026-07-29 08:37:00,674.45,674.77,674.45,674.73,0
2026-07-29 08:38:00,674.75,674.92,674.6,674.63,0
2026-07-29 08:39:00,674.61,674.8075,674.6004,674.8025,0
2026-07-29 08:40:00,674.8409,674.8991,674.6606,674.8492,0
2026-07-29 08:41:00,674.8823,675.3,674.83,675.2739,0
2026-07-29 08:42:00,675.38,675.4,675.22,675.2649,0
2026-07-29 08:43:00,675.27,675.3915,675.2509,675.38,0
2026-07-29 08:44:00,675.304,675.609,675.304,675.49,0
2026-07-29 08:45:00,675.43,675.55,675.36,675.461,0
2026-07-29 08:46:00,675.41,675.54,675.34,675.5182,0
2026-07-29 08:47:00,675.53,675.53,675.3514,675.36,0
2026-07-29 08:48:00,675.38,675.68,675.3361,675.68,0
2026-07-29 08:49:00,675.68,675.81,675.6,675.7776,0
2026-07-29 08:50:00,675.7687,675.84,675.6599,675.77,0
2026-07-29 08:51:00,675.82,675.83,675.53,675.692,0
2026-07-29 08:52:00,675.659,675.75,675.5609,675.5893,0
2026-07-29 08:53:00,675.66,675.71,675.46,675.54,0
2026-07-29 08:54:00,675.5008,675.8407,675.45,675.82,0
2026-07-29 08:55:00,675.8107,675.82,675.67,675.8049,0
2026-07-29 08:56:00,675.8399,675.88,675.62,675.7634,0
2026-07-29 08:57:00,675.67,675.68,675.35,675.3501,0
2026-07-29 08:58:00,675.41,675.44,675.25,675.31,0
2026-07-29 08:59:00,675.3,675.4144,675.24,675.3625,0
2026-07-29 09:00:00,675.3785,675.5,675.18,675.3186,0
2026-07-29 09:01:00,675.3,675.479,675.23,675.4,0
2026-07-29 09:02:00,675.4174,675.54,675.3,675.3,0
2026-07-29 09:03:00,675.179,675.179,674.8575,674.8632,0
2026-07-29 09:04:00,674.802,674.8387,674.65,674.7008,0
2026-07-29 09:05:00,674.7307,674.77,674.5408,674.6,0
2026-07-29 09:06:00,674.7145,675.05,674.5,674.5,0
2026-07-29 09:07:00,674.52,674.8954,674.52,674.89,0
2026-07-29 09:08:00,674.8682,674.94,674.7889,674.912,0
2026-07-29 09:09:00,674.94,674.9665,674.8874,674.9319,0
2026-07-29 09:10:00,674.9726,675.01,674.865,674.8776,0
2026-07-29 09:11:00,674.8582,674.9022,674.6317,674.75,0
2026-07-29 09:12:00,674.74,674.8169,674.6202,674.8169,0
2026-07-29 09:13:00,674.6659,674.7001,674.63,674.67,0
2026-07-29 09:14:00,674.63,674.73,674.4698,674.47,0
2026-07-29 09:15:00,674.4592,674.7019,674.4,674.67,0
2026-07-29 09:16:00,674.72,674.8123,674.46,674.582,0
2026-07-29 09:17:00,674.64,674.73,674.35,674.46,0
2026-07-29 09:18:00,674.42,674.4513,674.27,674.34,0
2026-07-29 09:19:00,674.32,674.4824,674.29,674.4281,0
2026-07-29 09:20:00,674.31,674.4488,674.14,674.21,0
2026-07-29 09:21:00,674.238,674.8,674.238,674.65,0
2026-07-29 09:22:00,674.7154,675.0171,674.681,674.829,0
2026-07-29 09:23:00,674.8468,674.92,674.69,674.9108,0
2026-07-29 09:24:00,674.9613,675.0,674.8,674.993,0
2026-07-29 09:25:00,674.97,675.4,674.77,675.4,0
2026-07-29 09:26:00,675.4,675.87,675.35,675.87,0
2026-07-29 09:27:00,675.94,676.1,675.35,675.43,0
2026-07-29 09:28:00,675.51,675.74,675.3992,675.6545,0
2026-07-29 09:29:00,675.62,675.788,675.33,675.46,0
2026-07-29 09:30:00,675.46,676.3,674.28,674.35,2201995
2026-07-29 09:31:00,674.43,674.9993,673.62,673.98,189067
2026-07-29 09:32:00,674.035,675.3099,673.62,675.255,147153
2026-07-29 09:33:00,675.27,676.62,675.05,676.62,222928
2026-07-29 09:34:00,676.62,677.16,676.5001,676.56,175462
2026-07-29 09:35:00,676.62,677.46,676.42,677.0623,204602
2026-07-29 09:36:00,677.03,677.0395,675.84,676.13,104496
2026-07-29 09:37:00,675.9,675.9642,674.71,675.26,124247
2026-07-29 09:38:00,675.43,676.08,674.5401,674.62,168959
2026-07-29 09:39:00,674.54,675.03,674.34,674.8551,118738
2026-07-29 09:40:00,674.98,675.345,674.1502,674.92,115354
2026-07-29 09:41:00,675.07,675.28,674.51,675.08,126896
2026-07-29 09:42:00,675.105,675.26,674.59,674.7805,174951
2026-07-29 09:43:00,674.76,675.09,674.3719,674.51,70405
2026-07-29 09:44:00,674.62,675.67,674.612,675.57,132897
2026-07-29 09:45:00,675.54,676.285,675.06,675.45,153342
2026-07-29 09:46:00,675.455,675.71,674.31,674.45,113887
2026-07-29 09:47:00,674.52,674.63,673.17,673.6299,205453
2026-07-29 09:48:00,673.83,674.2899,673.475,673.67,95847
2026-07-29 09:49:00,673.67,674.09,673.205,673.965,91111
2026-07-29 09:50:00,673.965,674.09,672.5701,672.73,161502
2026-07-29 09:51:00,672.66,672.6656,671.7605,671.82,156389
2026-07-29 09:52:00,671.79,671.9,670.87,671.21,217384
2026-07-29 09:53:00,671.225,672.11,670.87,672.07,138228
2026-07-29 09:54:00,672.06,672.275,671.33,671.65,125198
2026-07-29 09:55:00,671.59,671.6,670.33,670.71,130739
2026-07-29 09:56:00,670.67,670.73,670.0,670.04,140990
2026-07-29 09:57:00,670.05,670.46,669.56,670.39,211823
2026-07-29 09:58:00,670.39,671.135,670.345,671.12,136554
2026-07-29 09:59:00,671.09,671.49,670.56,671.1899,104854
2026-07-29 10:00:00,671.19,672.05,671.18,671.64,186483
2026-07-29 10:01:00,671.68,672.138,671.3,671.5325,104236
2026-07-29 10:02:00,671.53,672.48,671.52,672.14,108868
2026-07-29 10:03:00,672.17,672.5,671.76,671.76,91661
2026-07-29 10:04:00,671.76,672.47,671.6101,672.46,115961
2026-07-29 10:05:00,672.49,673.4,672.49,672.655,137237
2026-07-29 10:06:00,672.63,672.9499,671.65,671.7605,94495
2026-07-29 10:07:00,671.7216,671.7216,670.8,671.6799,98014
2026-07-29 10:08:00,671.6,671.77,670.9575,671.39,408933
2026-07-29 10:09:00,671.468,671.62,670.95,671.02,44287
2026-07-29 10:10:00,670.89,671.0,670.3762,670.845,140696
2026-07-29 10:11:00,670.89,671.43,670.69,671.14,154896
2026-07-29 10:12:00,671.1395,671.46,669.45,669.63,175740
2026-07-29 10:13:00,669.56,669.56,668.95,669.35,154936
2026-07-29 10:14:00,669.37,669.46,668.82,669.115,62196
2026-07-29 10:15:00,669.14,669.87,669.04,669.54,135939
2026-07-29 10:16:00,669.45,669.92,669.12,669.62,70385
2026-07-29 10:17:00,669.61,669.84,669.0,669.22,99971
2026-07-29 10:18:00,669.23,670.1199,669.21,669.765,87648
2026-07-29 10:19:00,669.78,669.96,669.3,669.48,98987
2026-07-29 10:20:00,669.485,670.0026,669.15,669.701,88863
2026-07-29 10:21:00,669.81,670.33,669.54,670.1,158594
2026-07-29 10:22:00,670.1,670.25,669.8,670.0623,100697
2026-07-29 10:23:00,669.9,670.14,669.31,669.345,61056
2026-07-29 10:24:00,669.31,669.37,668.11,668.475,130487
2026-07-29 10:25:00,668.45,668.52,667.33,667.355,186632
2026-07-29 10:26:00,667.355,667.4,666.485,666.92,213745
2026-07-29 10:27:00,666.95,667.09,666.5101,666.9562,126128
2026-07-29 10:28:00,666.98,667.42,666.89,667.3287,91739
2026-07-29 10:29:00,667.39,667.73,667.141,667.28,150332
2026-07-29 10:30:00,667.27,668.05,667.19,667.95,103349
2026-07-29 10:31:00,668.03,668.26,667.71,668.1,153869
2026-07-29 10:32:00,668.1,668.88,668.05,668.8,136158
2026-07-29 10:33:00,668.7801,669.2,668.565,668.65,113531
2026-07-29 10:34:00,668.59,668.83,668.01,668.48,157212
2026-07-29 10:35:00,668.46,668.49,667.89,668.42,95221
2026-07-29 10:36:00,668.35,668.55,667.905,668.2,43023
2026-07-29 10:37:00,668.1438,668.15,667.64,667.96,43437
2026-07-29 10:38:00,667.84,668.1,667.365,668.03,87948
2026-07-29 10:39:00,668.04,668.05,666.8913,667.1399,59835
2026-07-29 10:40:00,667.01,667.075,666.07,666.52,173251
2026-07-29 10:41:00,666.53,667.26,666.36,666.625,91240
2026-07-29 10:42:00,666.54,666.61,665.9442,665.9902,125804
2026-07-29 10:43:00,665.99,666.48,665.9224,666.2,158724
2026-07-29 10:44:00,666.17,666.51,665.77,666.44,162121
2026-07-29 10:45:00,666.44,666.7105,666.1,666.465,105960
2026-07-29 10:46:00,666.48,666.85,665.99,666.76,93414
2026-07-29 10:47:00,666.7796,667.33,666.6,666.61,117117
2026-07-29 10:48:00,666.52,666.59,666.055,666.37,79052
2026-07-29 10:49:00,666.38,667.24,666.24,667.12,97728
2026-07-29 10:50:00,667.09,667.59,666.93,667.45,125669
2026-07-29 10:51:00,667.44,667.71,666.9603,667.2221,71928
2026-07-29 10:52:00,667.25,668.35,667.25,668.01,95536
2026-07-29 10:53:00,667.89,668.2,667.7,668.015,82115
2026-07-29 10:54:00,667.98,668.04,667.395,667.94,83430
2026-07-29 10:55:00,667.98,668.0799,667.1712,667.24,39366
2026-07-29 10:56:00,667.13,667.2892,666.87,667.16,41153
2026-07-29 10:57:00,667.26,667.5299,666.795,667.02,28326
2026-07-29 10:58:00,667.01,667.7,666.91,667.647,41466
2026-07-29 10:59:00,667.7,668.28,667.6901,668.0,61285
2026-07-29 11:00:00,667.99,668.56,667.51,667.86,71301
2026-07-29 11:01:00,667.76,668.32,667.6,668.23,37529
2026-07-29 11:02:00,668.39,668.9299,668.29,668.725,59421
2026-07-29 11:03:00,668.65,669.1,668.51,668.73,59186
2026-07-29 11:04:00,668.745,668.9199,668.43,668.9199,100179
2026-07-29 11:05:00,668.905,668.95,667.75,668.33,112303
2026-07-29 11:06:00,668.31,668.8099,668.2,668.27,95314
2026-07-29 11:07:00,668.17,668.85,668.15,668.83,40532
2026-07-29 11:08:00,668.9181,669.3,668.6,668.61,74349
2026-07-29 11:09:00,668.5,669.03,668.38,669.0001,32684
2026-07-29 11:10:00,669.0,669.125,668.235,668.235,62769
2026-07-29 11:11:00,668.2,668.238,667.12,667.57,64351
2026-07-29 11:12:00,667.63,667.97,667.43,667.6801,35861
2026-07-29 11:13:00,667.84,668.0434,667.48,667.5641,25405
2026-07-29 11:14:00,667.6,667.86,667.15,667.38,32146
2026-07-29 11:15:00,667.395,667.8298,667.07,667.8298,45128
2026-07-29 11:16:00,667.8,668.39,667.535,668.23,57839
2026-07-29 11:17:00,668.22,668.4,667.6,668.0,31873
2026-07-29 11:18:00,668.165,668.52,668.06,668.2158,28068
2026-07-29 11:19:00,668.18,668.33,666.96,667.04,41096
2026-07-29 11:20:00,667.1,667.3,666.71,667.17,67783
2026-07-29 11:21:00,667.25,667.39,666.87,667.29,56573
2026-07-29 11:22:00,667.35,667.47,666.901,667.415,31835
2026-07-29 11:23:00,667.425,667.91,667.36,667.87,53704
2026-07-29 11:24:00,667.885,668.05,667.59,668.045,55991
2026-07-29 11:25:00,668.0,668.11,667.4312,667.93,49705
2026-07-29 11:26:00,667.83,668.36,667.1,667.38,40621
2026-07-29 11:27:00,667.39,667.65,667.05,667.085,39855
2026-07-29 11:28:00,667.1401,667.38,666.95,667.28,67731
2026-07-29 11:29:00,667.25,667.32,666.75,666.83,44621
2026-07-29 11:30:00,666.88,667.08,666.47,666.93,69239
2026-07-29 11:31:00,666.98,667.14,666.64,667.08,54481
2026-07-29 11:32:00,667.02,667.36,666.92,667.12,70877
2026-07-29 11:33:00,667.07,667.5388,666.83,667.28,43227
2026-07-29 11:34:00,667.27,667.53,666.6601,666.97,122590
2026-07-29 11:35:00,666.96,667.52,666.755,667.42,47369
2026-07-29 11:36:00,667.44,667.6,667.14,667.5,57279
2026-07-29 11:37:00,667.58,667.81,667.15,667.345,184297
2026-07-29 11:38:00,667.31,667.59,666.83,666.905,62911
2026-07-29 11:39:00,666.94,666.95,666.35,666.365,48877
2026-07-29 11:40:00,666.35,666.62,666.225,666.39,44399
2026-07-29 11:41:00,666.39,666.85,666.385,666.7,36164
2026-07-29 11:42:00,666.6701,666.88,666.24,666.2795,53019
2026-07-29 11:43:00,666.25,666.35,665.96,665.99,55754
2026-07-29 11:44:00,665.99,666.43,665.99,666.3,51003
2026-07-29 11:45:00,666.319,666.51,665.98,666.17,52105
2026-07-29 11:46:00,666.23,666.65,666.19,666.4662,167707
2026-07-29 11:47:00,666.48,666.72,666.34,666.67,40248
2026-07-29 11:48:00,666.69,667.06,666.5901,666.65,48433
2026-07-29 11:49:00,666.52,666.96,666.44,666.9099,46452
2026-07-29 11:50:00,666.87,667.08,666.5664,666.85,74902
2026-07-29 11:51:00,666.84,666.98,666.68,666.81,39049
2026-07-29 11:52:00,666.78,666.97,666.5,666.94,72397
2026-07-29 11:53:00,666.9,666.98,666.04,666.25,41357
2026-07-29 11:54:00,666.25,666.26,665.21,665.37,171756
2026-07-29 11:55:00,665.41,665.41,664.83,664.92,190820
2026-07-29 11:56:00,664.9499,665.1589,664.64,665.11,206129
2026-07-29 11:57:00,665.1115,665.34,665.03,665.215,66052
2026-07-29 11:58:00,665.19,665.34,664.95,665.315,97615
2026-07-29 11:59:00,665.33,666.03,665.31,665.93,94847
2026-07-29 12:00:00,665.99,666.46,665.37,665.41,188343
2026-07-29 12:01:00,665.4099,665.5199,664.99,665.14,50062
2026-07-29 12:02:00,665.2,665.24,664.91,665.17,72320
2026-07-29 12:03:00,665.11,665.15,664.89,664.92,53899
2026-07-29 12:04:00,664.94,664.94,664.42,664.5,93687
2026-07-29 12:05:00,664.559,664.559,663.73,664.1,146798
2026-07-29 12:06:00,664.08,664.3674,663.91,664.17,87546
2026-07-29 12:07:00,664.19,664.43,664.04,664.4,66021
2026-07-29 12:08:00,664.41,664.59,664.23,664.49,69802
2026-07-29 12:09:00,664.53,664.58,664.125,664.56,56307
2026-07-29 12:10:00,664.55,664.65,664.375,664.49,40859
2026-07-29 12:11:00,664.5,664.66,664.16,664.22,67763
2026-07-29 12:12:00,664.21,664.4701,664.18,664.18,71343
2026-07-29 12:13:00,664.14,664.39,663.9801,664.03,53047
2026-07-29 12:14:00,664.07,664.18,663.56,663.59,155586
2026-07-29 12:15:00,663.56,663.95,663.3,663.81,167124
2026-07-29 12:16:00,663.82,663.85,663.46,663.65,188523
2026-07-29 12:17:00,663.65,664.06,663.4237,663.9301,100849
2026-07-29 12:18:00,663.93,664.26,663.8,664.21,70372
2026-07-29 12:19:00,664.195,664.31,664.1,664.2,58489
2026-07-29 12:20:00,664.21,664.64,664.0,664.6,81540
2026-07-29 12:21:00,664.625,664.9,664.56,664.586,98771
2026-07-29 12:22:00,664.6,665.3099,664.6,665.275,108217
2026-07-29 12:23:00,665.253,666.18,665.21,665.775,134699
2026-07-29 12:24:00,665.77,666.065,665.6,665.885,283932
2026-07-29 12:25:00,665.89,666.35,665.8505,666.06,153776
2026-07-29 12:26:00,666.03,666.47,665.93,666.4601,49116
2026-07-29 12:27:00,666.46,666.5,666.18,666.37,63116
2026-07-29 12:28:00,666.37,666.7902,666.17,666.6503,62009
2026-07-29 12:29:00,666.67,666.84,666.59,666.78,56511
2026-07-29 12:30:00,666.7,667.5604,666.64,667.28,111385
2026-07-29 12:31:00,667.2401,667.41,666.75,667.08,65852
2026-07-29 12:32:00,667.1192,667.1192,666.405,666.5544,52579
2026-07-29 12:33:00,666.61,666.82,666.49,666.6596,50197
2026-07-29 12:34:00,666.77,666.93,666.1,666.1,75504
2026-07-29 12:35:00,666.1,666.1399,665.55,665.76,355022
2026-07-29 12:36:00,665.7601,665.93,665.37,665.48,59257
2026-07-29 12:37:00,665.48,666.01,665.45,665.95,180823
2026-07-29 12:38:00,665.98,666.06,665.8,665.855,44477
2026-07-29 12:39:00,665.87,666.29,665.75,666.15,53917
2026-07-29 12:40:00,666.11,666.37,665.735,666.33,46624
2026-07-29 12:41:00,666.33,666.41,666.03,666.04,36904
2026-07-29 12:42:00,666.0,666.01,665.2321,665.46,35353
2026-07-29 12:43:00,665.4401,665.5959,665.2138,665.2138,35889
2026-07-29 12:44:00,665.21,665.61,665.15,665.58,52607
2026-07-29 12:45:00,665.5501,665.64,665.24,665.38,48329
2026-07-29 12:46:00,665.3824,665.53,665.29,665.4903,43755
2026-07-29 12:47:00,665.49,666.21,665.48,666.1488,243999
2026-07-29 12:48:00,666.16,666.36,666.01,666.11,242112
2026-07-29 12:49:00,666.08,666.8005,666.08,666.76,105839
2026-07-29 12:50:00,666.75,667.0,666.37,666.7099,87830
2026-07-29 12:51:00,666.71,666.86,666.56,666.631,55242
2026-07-29 12:52:00,666.625,667.16,666.31,667.1,63085
2026-07-29 12:53:00,667.125,667.3,666.9745,667.2,158855
2026-07-29 12:54:00,667.2,667.21,666.78,667.0,112185
2026-07-29 12:55:00,666.98,667.37,666.8352,667.07,42079
2026-07-29 12:56:00,667.11,667.39,666.905,667.375,32416
2026-07-29 12:57:00,667.38,667.71,667.27,667.578,51665
2026-07-29 12:58:00,667.54,667.6,667.23,667.54,72864
2026-07-29 12:59:00,667.5,667.98,667.5,667.94,112605
2026-07-29 13:00:00,668.0,668.24,667.82,668.1601,137200
2026-07-29 13:01:00,668.215,668.45,668.09,668.2194,43330
2026-07-29 13:02:00,668.21,668.42,668.08,668.27,76996
2026-07-29 13:03:00,668.27,669.03,668.2001,668.97,88989
2026-07-29 13:04:00,668.91,669.48,668.8,669.35,220691
2026-07-29 13:05:00,669.2975,669.42,668.77,668.92,89107
2026-07-29 13:06:00,668.99,669.365,668.79,669.255,109907
2026-07-29 13:07:00,669.27,669.31,668.85,668.93,37395
2026-07-29 13:08:00,668.945,669.29,668.79,669.105,35383
2026-07-29 13:09:00,669.08,669.28,668.95,669.1555,40429
2026-07-29 13:10:00,669.18,669.98,669.08,669.8583,106274
2026-07-29 13:11:00,669.865,670.09,669.79,670.01,105683
2026-07-29 13:12:00,670.0,670.27,669.69,670.25,65110
2026-07-29 13:13:00,670.27,670.85,670.27,670.61,147030
2026-07-29 13:14:00,670.63,671.2,670.53,671.14,139431
2026-07-29 13:15:00,671.2,671.26,670.77,670.88,115141
2026-07-29 13:16:00,670.85,671.0,670.63,670.7,85893
2026-07-29 13:17:00,670.542,671.08,670.53,670.8264,118170
2026-07-29 13:18:00,670.83,671.07,670.595,670.725,101725
2026-07-29 13:19:00,670.715,670.83,670.575,670.675,199004
2026-07-29 13:20:00,670.66,671.12,670.62,670.98,111387
2026-07-29 13:21:00,670.92,671.42,670.73,671.41,74460
2026-07-29 13:22:00,671.39,671.51,670.85,670.9,68297
2026-07-29 13:23:00,670.9,671.11,670.7,670.97,60768
2026-07-29 13:24:00,670.95,670.96,670.12,670.175,82838
2026-07-29 13:25:00,670.1784,670.23,669.75,669.92,116419
2026-07-29 13:26:00,669.93,670.3,669.83,670.24,169656
2026-07-29 13:27:00,670.26,670.37,669.79,669.81,57353
2026-07-29 13:28:00,669.85,669.985,669.66,669.88,40833
2026-07-29 13:29:00,669.83,669.83,669.11,669.11,95554
2026-07-29 13:30:00,669.23,669.2599,668.704,668.74,68420
2026-07-29 13:31:00,668.6999,669.29,668.6,669.25,59187
2026-07-29 13:32:00,669.31,669.72,669.25,669.71,77501
2026-07-29 13:33:00,669.67,670.13,669.66,670.13,110875
2026-07-29 13:34:00,670.14,670.18,669.485,669.71,35148
2026-07-29 13:35:00,669.64,669.76,669.1499,669.3199,25808
2026-07-29 13:36:00,669.22,669.38,668.98,668.99,25131
2026-07-29 13:37:00,668.92,669.41,668.8301,669.19,33120
2026-07-29 13:38:00,669.095,669.41,669.06,669.09,45785
2026-07-29 13:39:00,669.15,669.3899,669.07,669.298,37074
2026-07-29 13:40:00,669.286,669.52,669.21,669.39,41141
2026-07-29 13:41:00,669.36,669.7,669.36,669.618,89059
2026-07-29 13:42:00,669.66,669.97,669.39,669.42,67262
2026-07-29 13:43:00,669.31,670.03,669.17,669.99,53230
2026-07-29 13:44:00,670.0,670.06,669.6801,669.83,33294
2026-07-29 13:45:00,669.83,669.93,669.42,669.42,35651
2026-07-29 13:46:00,669.43,669.64,669.21,669.495,38255
2026-07-29 13:47:00,669.52,669.67,669.44,669.67,27322
2026-07-29 13:48:00,669.675,670.06,669.67,670.06,65201
2026-07-29 13:49:00,670.04,670.2131,669.89,670.17,126267
2026-07-29 13:50:00,670.17,670.46,670.16,670.42,68833
2026-07-29 13:51:00,670.42,670.73,670.39,670.73,201702
2026-07-29 13:52:00,670.71,670.93,670.51,670.6,52033
2026-07-29 13:53:00,670.58,670.8386,670.54,670.8,46373
2026-07-29 13:54:00,670.79,670.81,670.45,670.5101,80636
2026-07-29 13:55:00,670.49,670.695,670.1,670.24,77005
2026-07-29 13:56:00,670.27,670.27,670.01,670.1,77106
2026-07-29 13:57:00,670.07,670.1,669.93,670.03,74386
2026-07-29 13:58:00,670.04,670.21,669.78,670.08,61550
2026-07-29 13:59:00,670.1,670.8,670.06,670.8,52283
2026-07-29 14:00:00,670.43,674.22,670.43,673.875,805932
2026-07-29 14:01:00,673.86,674.68,672.88,674.4,411968
2026-07-29 14:02:00,674.42,674.9,673.7003,673.74,263810
2026-07-29 14:03:00,673.73,674.29,673.28,673.5323,272788
2026-07-29 14:04:00,673.4901,673.5899,672.27,672.79,153886
2026-07-29 14:05:00,672.84,673.75,672.48,673.75,286690
2026-07-29 14:06:00,673.7463,674.81,673.695,674.46,202441
2026-07-29 14:07:00,674.51,674.7693,674.18,674.205,124319
2026-07-29 14:08:00,674.16,674.3301,673.57,673.96,82742
2026-07-29 14:09:00,673.97,674.15,673.41,674.05,306738
2026-07-29 14:10:00,674.0766,674.5,673.545,673.8001,188096
2026-07-29 14:11:00,673.7665,674.22,673.36,674.01,88036
2026-07-29 14:12:00,674.09,674.19,673.39,673.39,58360
2026-07-29 14:13:00,673.4001,673.69,672.71,673.09,408580
2026-07-29 14:14:00,673.08,673.25,672.17,672.8,96703
2026-07-29 14:15:00,672.75,673.8,672.75,673.1701,65649
2026-07-29 14:16:00,673.31,673.71,672.86,673.045,63016
2026-07-29 14:17:00,673.0701,673.23,672.1245,672.57,104064
2026-07-29 14:18:00,672.62,672.66,671.9306,672.0401,65416
2026-07-29 14:19:00,672.05,672.15,671.55,671.915,73757
2026-07-29 14:20:00,671.95,672.14,671.28,671.6751,50143
2026-07-29 14:21:00,671.65,671.9907,671.22,671.42,92716
2026-07-29 14:22:00,671.4375,671.6,671.145,671.51,75044
2026-07-29 14:23:00,671.57,671.93,671.0401,671.15,67577
2026-07-29 14:24:00,671.2,671.93,671.16,671.57,65055
2026-07-29 14:25:00,671.48,671.76,671.03,671.43,50844
2026-07-29 14:26:00,671.45,671.9,671.22,671.485,60491
2026-07-29 14:27:00,671.54,671.56,671.13,671.34,51694
2026-07-29 14:28:00,671.34,671.82,671.245,671.54,79181
2026-07-29 14:29:00,671.56,672.2,671.39,672.19,109249
2026-07-29 14:30:00,672.17,672.84,672.17,672.8051,205272
2026-07-29 14:31:00,672.82,673.22,671.67,671.8,178974
2026-07-29 14:32:00,671.7158,671.97,670.6302,671.67,232873
2026-07-29 14:33:00,671.72,672.35,670.93,671.82,160408
2026-07-29 14:34:00,671.8603,672.04,671.2615,671.7,67715
2026-07-29 14:35:00,671.8,671.91,671.02,671.585,85514
2026-07-29 14:36:00,671.6,672.56,671.13,672.52,84723
2026-07-29 14:37:00,672.55,673.42,672.26,673.22,133554
2026-07-29 14:38:00,673.17,674.79,673.17,674.31,223037
2026-07-29 14:39:00,674.29,674.96,673.65,674.46,159240
2026-07-29 14:40:00,674.47,675.64,674.39,675.3301,233254
2026-07-29 14:41:00,675.42,676.41,675.41,675.97,239717
2026-07-29 14:42:00,675.96,676.22,675.13,675.95,120618
2026-07-29 14:43:00,675.85,676.59,675.61,676.49,159099
2026-07-29 14:44:00,676.4801,677.3004,676.24,677.0,165740
2026-07-29 14:45:00,677.03,677.5,676.68,677.105,132854
2026-07-29 14:46:00,677.13,677.85,676.92,677.52,130832
2026-07-29 14:47:00,677.52,678.815,677.32,678.274,202879
2026-07-29 14:48:00,678.235,678.48,677.45,677.7201,300372
2026-07-29 14:49:00,677.81,678.91,677.7,678.66,122304
2026-07-29 14:50:00,678.7,678.92,678.01,678.57,131757
2026-07-29 14:51:00,678.65,678.65,677.65,678.54,116378
2026-07-29 14:52:00,678.55,678.91,678.41,678.73,115002
2026-07-29 14:53:00,678.735,679.49,678.735,679.2599,177706
2026-07-29 14:54:00,679.2026,679.73,679.13,679.67,99230
2026-07-29 14:55:00,679.71,679.95,679.24,679.53,135308
2026-07-29 14:56:00,679.52,679.6037,678.73,678.775,133365
2026-07-29 14:57:00,678.76,678.92,678.17,678.92,93457
2026-07-29 14:58:00,678.92,679.42,678.78,678.97,116816
2026-07-29 14:59:00,679.03,679.1,678.41,679.01,107906
2026-07-29 15:00:00,679.0648,679.2665,678.29,678.52,144247
2026-07-29 15:01:00,678.515,679.8395,678.2,679.83,93265
2026-07-29 15:02:00,679.8,680.05,679.07,679.195,191774
2026-07-29 15:03:00,679.15,679.19,677.95,678.22,215806
2026-07-29 15:04:00,678.26,678.29,676.87,677.45,270480
2026-07-29 15:05:00,677.56,677.64,676.435,676.62,211907
2026-07-29 15:06:00,676.55,677.003,676.475,676.69,121505
2026-07-29 15:07:00,676.68,676.76,675.71,675.7103,129947
2026-07-29 15:08:00,675.77,676.22,675.04,675.43,107651
2026-07-29 15:09:00,675.36,675.6428,674.7663,674.77,153830
2026-07-29 15:10:00,674.75,675.01,673.8675,674.4,171824
2026-07-29 15:11:00,674.395,675.65,674.39,675.64,142968
2026-07-29 15:12:00,675.57,675.92,674.63,675.4899,104616
2026-07-29 15:13:00,675.5,675.95,675.34,675.45,62947
2026-07-29 15:14:00,675.57,675.9263,675.23,675.46,62394
2026-07-29 15:15:00,675.5,676.11,674.96,676.07,137124
2026-07-29 15:16:00,676.1,676.215,674.73,675.075,107853
2026-07-29 15:17:00,675.05,675.1687,673.955,674.02,91619
2026-07-29 15:18:00,674.01,674.01,673.0,673.56,134320
2026-07-29 15:19:00,673.5,673.675,673.085,673.42,90815
2026-07-29 15:20:00,673.5,673.54,672.1502,672.1805,123415
2026-07-29 15:21:00,672.2,672.24,670.97,671.41,204422
2026-07-29 15:22:00,671.48,671.54,670.056,670.92,167537
2026-07-29 15:23:00,670.87,671.22,670.5,670.96,93311
2026-07-29 15:24:00,670.97,671.51,670.55,670.71,93814
2026-07-29 15:25:00,670.68,671.0399,669.84,669.95,494611
2026-07-29 15:26:00,670.01,670.04,669.09,669.785,241387
2026-07-29 15:27:00,669.73,670.22,669.165,669.95,165495
2026-07-29 15:28:00,669.9493,670.48,669.73,670.31,86268
2026-07-29 15:29:00,670.335,670.81,670.13,670.77,78595
2026-07-29 15:30:00,670.77,671.4499,670.39,671.18,157919
2026-07-29 15:31:00,671.195,671.568,670.45,670.95,121047
2026-07-29 15:32:00,670.97,671.09,669.71,670.07,80689
2026-07-29 15:33:00,670.05,670.12,667.95,668.095,192269
2026-07-29 15:34:00,668.18,668.36,667.415,668.32,150256
2026-07-29 15:35:00,668.38,668.58,667.65,668.08,85511
2026-07-29 15:36:00,668.2,668.72,667.76,668.615,117626
2026-07-29 15:37:00,668.64,668.8,667.51,667.61,136424
2026-07-29 15:38:00,667.66,667.689,666.29,666.3224,264534
2026-07-29 15:39:00,666.31,666.38,665.76,665.91,144837
2026-07-29 15:40:00,665.86,666.125,665.0,666.1192,327513
2026-07-29 15:41:00,666.12,666.65,665.66,665.97,196282
2026-07-29 15:42:00,666.02,666.33,665.73,665.92,169209
2026-07-29 15:43:00,665.925,665.9992,664.91,665.72,179772
2026-07-29 15:44:00,665.715,665.73,664.7,665.05,182058
2026-07-29 15:45:00,665.02,665.37,664.58,664.6275,179492
2026-07-29 15:46:00,664.56,665.29,664.36,664.42,179544
2026-07-29 15:47:00,664.44,664.64,663.8,664.41,168945
2026-07-29 15:48:00,664.42,665.28,664.31,665.005,248170
2026-07-29 15:49:00,664.95,665.97,664.59,665.75,174599
2026-07-29 15:50:00,665.68,665.68,664.08,664.64,327961
2026-07-29 15:51:00,664.64,664.64,663.78,664.265,316700
2026-07-29 15:52:00,664.25,664.33,663.08,663.6299,319184
2026-07-29 15:53:00,663.59,663.97,663.395,663.68,176351
2026-07-29 15:54:00,663.66,664.4,663.64,664.045,264492
2026-07-29 15:55:00,664.02,664.02,662.352,662.6699,948587
2026-07-29 15:56:00,662.67,662.99,662.1201,662.32,432302
2026-07-29 15:57:00,662.32,662.3663,661.81,661.81,471822
2026-07-29 15:58:00,661.8,661.91,661.49,661.655,750300
2026-07-29 15:59:00,661.68,662.26,661.145,661.63,1486753
2026-07-29 16:00:00,661.67,662.13,660.5,661.2868,27893
2026-07-29 16:01:00,661.17,661.81,658.88,658.88,0
2026-07-29 16:02:00,659.14,661.5,658.82,660.37,0
2026-07-29 16:03:00,660.31,661.73,659.5,661.73,0
2026-07-29 16:04:00,659.81,661.73,658.41,659.491,0
2026-07-29 16:05:00,659.6281,661.24,659.54,660.9496,0
2026-07-29 16:06:00,660.82,662.2,660.38,661.44,0
2026-07-29 16:07:00,661.4306,661.7,660.65,660.8,0
2026-07-29 16:08:00,660.83,661.73,659.9696,660.5837,0
2026-07-29 16:09:00,660.59,660.8979,659.53,659.69,0
2026-07-29 16:10:00,659.73,661.73,659.23,659.42,0
2026-07-29 16:11:00,659.5508,660.3459,659.05,660.08,0
2026-07-29 16:12:00,660.0,660.5448,659.46,660.5237,0
2026-07-29 16:13:00,660.5206,661.44,660.4655,660.7516,0
2026-07-29 16:14:00,660.6498,661.12,660.51,660.79,0
2026-07-29 16:15:00,661.73,661.73,660.16,661.17,0
2026-07-29 16:16:00,661.18,661.65,661.03,661.1885,0
2026-07-29 16:17:00,661.25,661.3493,660.78,660.79,0
2026-07-29 16:18:00,660.78,660.79,660.1,660.3553,0
2026-07-29 16:19:00,660.3,660.4559,660.04,660.3,0
2026-07-29 16:20:00,661.73,661.73,660.14,660.2806,0
2026-07-29 16:21:00,660.29,660.69,660.12,660.63,0
2026-07-29 16:22:00,660.6482,660.8899,659.8893,659.94,0
2026-07-29 16:23:00,659.96,660.54,659.88,660.2279,0
2026-07-29 16:24:00,660.2289,660.2687,659.72,659.94,0
2026-07-29 16:25:00,659.94,660.29,659.85,660.1439,0
2026-07-29 16:26:00,660.14,660.17,659.0,659.02,0
2026-07-29 16:27:00,659.0004,659.0548,658.58,658.6861,0
2026-07-29 16:28:00,658.66,659.18,658.6,659.1237,0
2026-07-29 16:29:00,659.13,659.62,659.09,659.32,0
2026-07-29 16:30:00,659.38,659.39,658.58,658.77,0
2026-07-29 16:31:00,658.81,659.6,658.69,659.43,0
2026-07-29 16:32:00,659.35,659.9637,659.29,659.8659,0
2026-07-29 16:33:00,659.8,660.05,659.77,660.01,0
2026-07-29 16:34:00,660.0315,660.2,659.8533,660.04,0
2026-07-29 16:35:00,660.02,660.6,660.02,660.2244,0
2026-07-29 16:36:00,660.2538,660.5609,659.94,660.377,0
2026-07-29 16:37:00,660.35,660.6,660.24,660.52,0
2026-07-29 16:38:00,660.57,661.73,660.51,660.9799,0
2026-07-29 16:39:00,660.9799,661.49,660.9401,661.39,0
2026-07-29 16:40:00,661.4,661.4,661.07,661.07,0
2026-07-29 16:41:00,661.12,661.12,660.75,660.9848,0
2026-07-29 16:42:00,661.04,661.04,660.4,660.6372,0
2026-07-29 16:43:00,660.5469,664.87,660.4816,661.0,0
2026-07-29 16:44:00,660.9948,661.02,660.64,660.9831,0
2026-07-29 16:45:00,661.0,661.17,660.83,661.0689,0
2026-07-29 16:46:00,661.0589,661.0589,660.7312,660.8727,0
2026-07-29 16:47:00,660.8115,672.8238,660.45,660.73,0
2026-07-29 16:48:00,660.75,660.95,660.5,660.5,0
2026-07-29 16:49:00,660.422,660.4779,637.833,660.15,0
2026-07-29 16:50:00,660.11,660.1392,659.98,660.09,0
2026-07-29 16:51:00,660.0676,660.6934,659.94,660.42,0
2026-07-29 16:52:00,660.4,660.55,660.1979,660.52,0
2026-07-29 16:53:00,660.5459,660.7872,660.47,660.6084,0
2026-07-29 16:54:00,660.5811,660.8826,660.5811,660.8818,0
2026-07-29 16:55:00,660.89,660.9789,660.5448,660.5448,0
2026-07-29 16:56:00,660.58,660.683,660.35,660.5,0
2026-07-29 16:57:00,660.5848,660.6713,660.48,660.6713,0
2026-07-29 16:58:00,660.59,660.59,639.6379,660.1999,0
2026-07-29 16:59:00,660.16,660.1997,659.8,659.91,0
2026-07-29 17:00:00,660.0873,660.14,659.35,659.8,0
2026-07-29 17:01:00,659.78,672.8238,659.72,659.8,0
2026-07-29 17:02:00,659.82,661.73,659.64,659.76,0
2026-07-29 17:03:00,659.7533,660.14,659.7,659.9495,0
2026-07-29 17:04:00,659.85,661.73,659.76,659.92,0
2026-07-29 17:05:00,659.91,659.91,638.7026,659.86,0
2026-07-29 17:06:00,659.9,659.9,659.56,659.7448,0
2026-07-29 17:07:00,659.73,659.88,638.7026,659.5967,0
2026-07-29 17:08:00,659.5967,659.6,659.19,659.26,0
2026-07-29 17:09:00,659.2585,659.6,654.8459,659.6,0
2026-07-29 17:10:00,659.6,659.6,637.833,659.4713,0
2026-07-29 17:11:00,659.46,659.5,658.86,659.1012,0
2026-07-29 17:12:00,659.1,659.35,659.0,659.2713,0
2026-07-29 17:13:00,659.29,659.35,659.06,659.29,0
2026-07-29 17:14:00,659.29,659.29,658.9,659.1,0
2026-07-29 17:15:00,659.0,659.1,658.69,658.82,0
2026-07-29 17:16:00,658.8069,658.9,658.7,658.78,0
2026-07-29 17:17:00,658.8,659.2207,658.71,659.0,0
2026-07-29 17:18:00,659.05,659.57,639.2227,659.2942,0
2026-07-29 17:19:00,659.4818,659.51,659.04,659.0859,0
2026-07-29 17:20:00,659.0895,659.38,659.0895,659.1324,0
2026-07-29 17:21:00,659.05,659.2254,658.69,659.2254,0
2026-07-29 17:22:00,659.2048,659.29,658.79,659.0,0
2026-07-29 17:23:00,659.0,659.29,658.8512,659.24,0
2026-07-29 17:24:00,659.29,659.29,658.94,659.2196,0
2026-07-29 17:25:00,659.2,659.2,658.86,658.95,0
2026-07-29 17:26:00,658.88,659.18,658.6994,658.81,0
2026-07-29 17:27:00,658.7703,659.1822,658.7703,659.1822,0
2026-07-29 17:28:00,659.19,659.25,659.01,659.25,0
2026-07-29 17:29:00,659.24,659.25,658.9972,659.16,0
2026-07-29 17:30:00,659.16,659.209,658.8,659.0,0
2026-07-29 17:31:00,659.0729,659.22,658.96,659.01,0
2026-07-29 17:32:00,659.13,659.2147,658.7443,658.8337,0
2026-07-29 17:33:00,658.8449,658.86,658.71,658.8537,0
2026-07-29 17:34:00,658.703,658.85,658.45,658.4996,0
2026-07-29 17:35:00,658.51,658.5685,658.0,658.02,0
2026-07-29 17:36:00,658.02,658.4,658.0,658.0254,0
2026-07-29 17:37:00,658.02,658.37,657.81,657.96,0
2026-07-29 17:38:00,657.97,657.98,657.7148,657.7189,0
2026-07-29 17:39:00,657.7,657.8428,657.3938,657.4346,0
2026-07-29 17:40:00,657.41,657.5,657.0,657.18,0
2026-07-29 17:41:00,657.2,657.69,657.01,657.5,0
2026-07-29 17:42:00,657.65,657.65,657.0,657.2218,0
2026-07-29 17:43:00,657.25,657.25,657.0,657.15,0
2026-07-29 17:44:00,657.15,657.15,657.0,657.09,0
2026-07-29 17:45:00,657.0869,657.15,657.06,657.15,0
2026-07-29 17:46:00,657.148,657.15,657.02,657.05,0
2026-07-29 17:47:00,657.05,657.0602,657.01,657.0303,0
2026-07-29 17:48:00,657.0397,657.04,656.99,657.0,0
2026-07-29 17:49:00,657.0,657.01,656.57,656.57,0
2026-07-29 17:50:00,656.57,656.74,656.3,656.46,0
2026-07-29 17:51:00,656.5,657.04,656.4672,657.03,0
2026-07-29 17:52:00,657.02,657.12,656.9161,657.12,0
2026-07-29 17:53:00,657.118,657.15,657.1103,657.1358,0
2026-07-29 17:54:00,657.1358,657.25,657.0812,657.0812,0
2026-07-29 17:55:00,657.15,657.7,657.1467,657.69,0
2026-07-29 17:56:00,657.5,657.74,657.3568,657.74,0
2026-07-29 17:57:00,657.7385,657.94,657.56,657.9214,0
2026-07-29 17:58:00,657.9268,657.933,657.69,657.9128,0
2026-07-29 17:59:00,657.9062,658.15,657.85,658.1274,0
2026-07-29 18:00:00,658.15,660.65,658.15,660.65,0
2026-07-29 18:01:00,660.45,661.0342,660.45,660.846,0
2026-07-29 18:02:00,660.85,661.73,660.85,661.5,0
2026-07-29 18:03:00,661.5,661.59,661.03,661.59,0
2026-07-29 18:04:00,661.59,661.99,661.32,661.8515,0
2026-07-29 18:05:00,661.9009,662.7356,661.9009,662.68,0
2026-07-29 18:06:00,662.6989,662.96,662.54,662.86,0
2026-07-29 18:07:00,662.95,663.0,662.65,662.88,0
2026-07-29 18:08:00,662.86,663.57,662.86,663.37,0
2026-07-29 18:09:00,663.4,664.2896,663.37,663.9869,0
2026-07-29 18:10:00,663.92,664.82,663.8001,664.45,0
2026-07-29 18:11:00,664.65,665.1799,664.54,664.79,0
2026-07-29 18:12:00,664.9,664.9845,664.55,664.8155,0
2026-07-29 18:13:00,664.7904,664.99,664.05,664.23,0
2026-07-29 18:14:00,664.2148,664.3437,663.85,663.85,0
2026-07-29 18:15:00,664.0,664.037,663.72,664.0,0
2026-07-29 18:16:00,663.93,664.72,663.9,664.7195,0
2026-07-29 18:17:00,664.73,664.73,664.5001,664.61,0
2026-07-29 18:18:00,664.608,664.6996,664.02,664.49,0
2026-07-29 18:19:00,664.61,665.0825,664.61,664.95,0
2026-07-29 18:20:00,664.9427,664.9768,664.409,664.409,0
2026-07-29 18:21:00,664.399,664.68,664.13,664.34,0
2026-07-29 18:22:00,664.26,664.6,664.26,664.5,0
2026-07-29 18:23:00,664.3932,664.698,664.35,664.57,0
2026-07-29 18:24:00,664.64,664.7,663.9,663.98,0
2026-07-29 18:25:00,664.0811,664.15,663.94,664.1233,0
2026-07-29 18:26:00,664.0206,664.07,663.3853,663.4754,0
2026-07-29 18:27:00,663.5,663.65,663.4,663.61,0
2026-07-29 18:28:00,663.55,663.63,663.066,663.18,0
2026-07-29 18:29:00,663.175,664.0,663.17,663.9144,0
2026-07-29 18:30:00,663.96,663.96,663.47,663.61,0
2026-07-29 18:31:00,663.69,663.71,663.4948,663.54,0
2026-07-29 18:32:00,663.54,663.5932,663.4,663.5932,0
2026-07-29 18:33:00,663.49,663.88,663.4189,663.88,0
2026-07-29 18:34:00,663.926,664.03,663.7176,663.85,0
2026-07-29 18:35:00,663.8484,664.03,663.6891,664.01,0
2026-07-29 18:36:00,664.01,664.4513,664.01,664.4513,0
2026-07-29 18:37:00,664.4028,664.6111,664.3441,664.52,0
2026-07-29 18:38:00,664.58,664.66,664.53,664.6299,0
2026-07-29 18:39:00,664.6091,664.61,664.2811,664.2811,0
2026-07-29 18:40:00,664.25,664.3311,664.01,664.11,0
2026-07-29 18:41:00,664.11,664.26,663.97,664.1565,0
2026-07-29 18:42:00,664.15,664.3,664.12,664.1276,0
2026-07-29 18:43:00,664.1,664.23,663.9356,664.15,0
2026-07-29 18:44:00,664.15,664.5348,664.15,664.43,0
2026-07-29 18:45:00,664.539,664.9668,664.47,664.9108,0
2026-07-29 18:46:00,664.93,664.93,664.36,664.53,0
2026-07-29 18:47:00,664.5027,664.5216,664.1792,664.1792,0
2026-07-29 18:48:00,664.1373,664.23,664.1018,664.18,0
2026-07-29 18:49:00,664.1862,664.1982,664.02,664.1,0
2026-07-29 18:50:00,664.095,664.4707,664.0448,664.1078,0
2026-07-29 18:51:00,664.1078,664.26,664.0,664.0901,0
2026-07-29 18:52:00,664.0423,664.0942,663.83,663.84,0
2026-07-29 18:53:00,663.8,663.93,663.61,663.9204,0
2026-07-29 18:54:00,663.99,663.99,663.75,663.98,0
2026-07-29 18:55:00,663.9115,663.9375,663.678,663.82,0
2026-07-29 18:56:00,663.8515,663.98,663.8367,663.8984,0
2026-07-29 18:57:00,663.87,663.9915,663.85,663.9915,0
2026-07-29 18:58:00,663.961,664.0,663.9148,663.94,0
2026-07-29 18:59:00,663.9506,664.2408,663.8724,664.2408,0
2026-07-29 19:00:00,664.4,664.4345,664.272,664.34,0
2026-07-29 19:01:00,664.4469,664.6911,664.4469,664.6911,0
2026-07-29 19:02:00,664.62,664.7311,664.6084,664.6607,0
2026-07-29 19:03:00,664.7267,664.93,664.7,664.8159,0
2026-07-29 19:04:00,664.8515,665.15,664.8201,665.0275,0
2026-07-29 19:05:00,665.03,665.0422,664.9207,665.02,0
2026-07-29 19:06:00,665.0,665.06,664.85,664.93,0
2026-07-29 19:07:00,664.9,664.9627,664.8,664.8627,0
2026-07-29 19:08:00,664.8108,665.94,664.75,665.94,0
2026-07-29 19:09:00,665.95,666.0572,665.63,665.675,0
2026-07-29 19:10:00,665.6839,665.6839,664.9184,665.0209,0
2026-07-29 19:11:00,664.9,665.07,664.5899,664.92,0
2026-07-29 19:12:00,664.9179,665.35,664.9179,665.2673,0
2026-07-29 19:13:00,665.3296,665.37,664.8899,664.8899,0
2026-07-29 19:14:00,665.01,665.01,664.6,664.98,0
2026-07-29 19:15:00,665.0027,665.2,664.97,665.2,0
2026-07-29 19:16:00,665.15,665.1681,664.91,664.9201,0
2026-07-29 19:17:00,664.88,665.5,664.8,665.3791,0
2026-07-29 19:18:00,665.42,665.6985,665.24,665.6985,0
2026-07-29 19:19:00,665.6605,665.84,665.6113,665.84,0
2026-07-29 19:20:00,665.8145,665.8795,665.7438,665.83,0
2026-07-29 19:21:00,665.829,665.829,665.4969,665.4991,0
2026-07-29 19:22:00,665.47,665.6315,665.47,665.5315,0
2026-07-29 19:23:00,665.65,666.1115,665.65,665.9572,0
2026-07-29 19:24:00,665.9331,665.96,665.68,665.88,0
2026-07-29 19:25:00,665.82,666.2,665.8016,666.18,0
2026-07-29 19:26:00,666.17,666.19,665.9825,665.9825,0
2026-07-29 19:27:00,666.1,666.15,665.98,665.99,0
2026-07-29 19:28:00,666.0569,666.4,666.0569,666.4,0
2026-07-29 19:29:00,666.3463,666.43,666.3,666.3416,0
2026-07-29 19:30:00,666.31,666.61,666.31,666.4933,0
2026-07-29 19:31:00,666.5,666.81,666.4962,666.75,0
2026-07-29 19:32:00,666.75,666.9,666.66,666.85,0
2026-07-29 19:33:00,666.77,666.8183,666.4724,666.4813,0
2026-07-29 19:34:00,666.5,666.5613,666.38,666.5,0
2026-07-29 19:35:00,666.5,666.5601,666.4641,666.5601,0
2026-07-29 19:36:00,666.56,666.6,666.5,666.5,0
2026-07-29 19:37:00,666.54,666.65,666.4,666.4524,0
2026-07-29 19:38:00,666.48,666.75,666.262,666.4015,0
2026-07-29 19:39:00,666.36,666.93,666.22,666.42,0
2026-07-29 19:40:00,666.33,666.33,665.9,665.91,0
2026-07-29 19:41:00,665.96,665.96,665.6,665.6,0
2026-07-29 19:42:00,665.61,665.87,665.61,665.7239,0
2026-07-29 19:43:00,665.82,665.99,665.61,665.99,0
2026-07-29 19:44:00,665.99,666.22,665.93,666.1,0
2026-07-29 19:45:00,666.0006,666.28,665.9115,665.98,0
2026-07-29 19:46:00,666.2517,666.8,666.1932,666.76,0
2026-07-29 19:47:00,666.78,666.8,666.6398,666.7,0
2026-07-29 19:48:00,666.7069,666.82,666.53,666.59,0
2026-07-29 19:49:00,666.5,666.5683,665.8,665.8893,0
2026-07-29 19:50:00,665.8,666.11,665.77,666.0,0
2026-07-29 19:51:00,665.98,666.0539,665.7,665.71,0
2026-07-29 19:52:00,665.6385,665.7102,665.49,665.6304,0
2026-07-29 19:53:00,665.7877,666.42,665.7877,665.81,0
2026-07-29 19:54:00,665.6399,666.3901,665.51,666.3901,0
2026-07-29 19:55:00,666.38,666.58,666.3,666.5013,0
2026-07-29 19:56:00,666.5,666.6582,666.32,666.6582,0
2026-07-29 19:57:00,666.64,666.65,666.44,666.4595,0
2026-07-29 19:58:00,666.44,666.45,666.2,666.2617,0
2026-07-29 19:59:00,666.2,666.45,666.07,666.07,0
2026-07-30 04:00:00,663.0,666.72,661.73,662.62,0
2026-07-30 04:01:00,662.61,666.66,662.2,662.4106,0
2026-07-30 04:02:00,662.41,662.608,661.78,662.59,0
2026-07-30 04:03:00,662.61,662.61,662.0,662.01,0
2026-07-30 04:04:00,662.0,666.0,661.96,662.55,0
2026-07-30 04:05:00,662.51,665.77,661.97,662.76,0
2026-07-30 04:06:00,663.95,663.95,662.7,663.1,0
2026-07-30 04:07:00,663.16,665.49,663.12,663.57,0
2026-07-30 04:08:00,663.57,664.27,663.57,664.05,0
2026-07-30 04:09:00,664.0,664.29,663.93,664.29,0
2026-07-30 04:10:00,664.36,664.55,664.33,664.465,0
2026-07-30 04:11:00,664.5096,664.5096,664.13,664.26,0
2026-07-30 04:12:00,664.37,664.52,664.229,664.229,0
2026-07-30 04:13:00,664.16,664.34,664.16,664.2,0
2026-07-30 04:14:00,664.199,664.2,664.1,664.112,0
2026-07-30 04:15:00,664.2,664.28,663.97,664.0522,0
2026-07-30 04:16:00,664.1,664.1,663.92,664.0,0
2026-07-30 04:17:00,664.31,664.6088,664.15,664.56,0
2026-07-30 04:18:00,664.47,664.58,664.23,664.43,0
2026-07-30 04:19:00,664.41,664.53,664.36,664.44,0
2026-07-30 04:20:00,664.37,664.88,664.35,664.7,0
2026-07-30 04:21:00,664.73,665.072,664.61,665.072,0
2026-07-30 04:22:00,665.17,665.2097,665.0414,665.15,0
2026-07-30 04:23:00,665.178,665.6,665.178,665.6,0
2026-07-30 04:24:00,665.65,665.67,665.42,665.67,0
2026-07-30 04:25:00,665.5808,665.84,665.33,665.84,0
2026-07-30 04:26:00,665.85,666.16,665.85,666.05,0
2026-07-30 04:27:00,666.0382,666.05,665.8977,665.8977,0
2026-07-30 04:28:00,665.77,665.85,665.7,665.79,0
2026-07-30 04:29:00,665.88,665.935,665.85,665.89,0
2026-07-30 04:30:00,665.8877,666.2,665.8877,666.01,0
2026-07-30 04:31:00,665.9805,666.0,665.75,665.9213,0
2026-07-30 04:32:00,665.97,666.23,665.88,666.0077,0
2026-07-30 04:33:00,665.99,666.14,665.77,665.9285,0
2026-07-30 04:34:00,665.94,666.0,665.86,665.87,0
2026-07-30 04:35:00,665.83,665.93,665.78,665.93,0
2026-07-30 04:36:00,665.92,666.06,665.765,666.06,0
2026-07-30 04:37:00,666.1477,666.3,666.1477,666.2517,0
2026-07-30 04:38:00,666.04,666.04,665.53,665.6188,0
2026-07-30 04:39:00,665.5407,665.5407,665.38,665.51,0
2026-07-30 04:40:00,665.44,665.7,665.44,665.7,0
2026-07-30 04:41:00,665.56,665.6,665.54,665.5577,0
2026-07-30 04:42:00,665.5122,665.5122,665.4665,665.5,0
2026-07-30 04:43:00,665.54,665.6,665.46,665.49,0
2026-07-30 04:44:00,665.7,665.7,665.5,665.5,0
2026-07-30 04:45:00,665.53,665.535,665.5297,665.535,0
2026-07-30 04:46:00,665.58,665.83,665.56,665.83,0
2026-07-30 04:47:00,665.76,665.84,665.68,665.68,0
2026-07-30 04:48:00,665.6729,665.8017,665.27,665.27,0
2026-07-30 04:49:00,665.369,665.369,665.2303,665.3089,0
2026-07-30 04:50:00,665.34,665.37,665.1922,665.32,0
2026-07-30 04:51:00,665.218,665.38,665.218,665.38,0
2026-07-30 04:52:00,665.2482,665.2482,665.11,665.11,0
2026-07-30 04:53:00,665.1,665.16,664.9977,665.1285,0
2026-07-30 04:54:00,665.07,665.11,665.02,665.04,0
2026-07-30 04:55:00,665.06,665.06,664.8,664.85,0
2026-07-30 04:56:00,664.815,664.85,664.8013,664.8097,0
2026-07-30 04:57:00,664.81,664.9601,664.77,664.9601,0
2026-07-30 04:58:00,665.08,665.25,665.06,665.25,0
2026-07-30 04:59:00,665.1985,665.31,665.1985,665.31,0
2026-07-30 05:00:00,665.24,665.24,665.24,665.24,0
2026-07-30 05:01:00,665.2,665.3,665.02,665.3,0
2026-07-30 05:02:00,665.27,665.38,665.27,665.33,0
2026-07-30 05:03:00,665.38,665.39,665.22,665.33,0
2026-07-30 05:04:00,665.4511,665.9,665.45,665.9,0
2026-07-30 05:05:00,665.69,665.69,665.49,665.67,0
2026-07-30 05:06:00,665.63,665.785,665.63,665.74,0
2026-07-30 05:07:00,665.8707,665.8707,665.8707,665.8707,0
2026-07-30 05:08:00,665.87,665.93,665.82,665.93,0
2026-07-30 05:09:00,665.81,665.88,665.7487,665.78,0
2026-07-30 05:10:00,665.85,665.87,665.63,665.8207,0
2026-07-30 05:11:00,665.93,665.93,665.84,665.9,0
2026-07-30 05:12:00,665.92,665.98,665.9082,665.9082,0
2026-07-30 05:13:00,665.99,666.11,665.92,665.97,0
2026-07-30 05:14:00,666.0,666.89,666.0,666.5,0
2026-07-30 05:15:00,666.54,666.7,666.47,666.47,0
2026-07-30 05:16:00,666.51,666.8,666.51,666.75,0
2026-07-30 05:17:00,666.7112,666.82,666.7112,666.75,0
2026-07-30 05:18:00,666.792,666.792,666.57,666.63,0
2026-07-30 05:19:00,666.66,666.83,666.66,666.81,0
2026-07-30 05:20:00,666.69,666.91,666.63,666.91,0
2026-07-30 05:21:00,666.8,667.23,666.725,667.23,0
2026-07-30 05:22:00,667.035,667.2,667.03,667.17,0
2026-07-30 05:23:00,667.2,667.46,667.2,667.29,0
2026-07-30 05:24:00,667.28,667.38,667.18,667.2,0
2026-07-30 05:25:00,667.23,667.3,667.09,667.1777,0
2026-07-30 05:26:00,667.27,667.37,667.215,667.3,0
2026-07-30 05:27:00,667.22,667.3,667.18,667.25,0
2026-07-30 05:28:00,667.25,667.35,666.9606,666.9606,0
2026-07-30 05:29:00,667.0,667.0,666.9,666.91,0
2026-07-30 05:30:00,666.94,666.94,666.67,666.8,0
2026-07-30 05:31:00,666.762,667.0315,666.762,667.0315,0
2026-07-30 05:32:00,667.0162,667.14,667.0,667.1317,0
2026-07-30 05:33:00,667.13,667.3,667.13,667.3,0
2026-07-30 05:34:00,667.32,667.5488,667.3,667.4704,0
2026-07-30 05:35:00,667.55,667.7,667.53,667.55,0
2026-07-30 05:36:00,667.47,667.55,667.3307,667.55,0
2026-07-30 05:37:00,667.55,667.71,667.5382,667.6182,0
2026-07-30 05:38:00,667.51,667.51,667.2252,667.2252,0
2026-07-30 05:39:00,667.255,667.26,666.97,667.0117,0
2026-07-30 05:40:00,667.0521,667.0521,666.93,666.93,0
2026-07-30 05:41:00,666.8615,667.0059,666.74,666.77,0
2026-07-30 05:42:00,666.71,666.8,666.7,666.7815,0
2026-07-30 05:43:00,666.79,666.79,666.61,666.7,0
2026-07-30 05:44:00,666.6914,666.7,666.66,666.7,0
2026-07-30 05:45:00,666.73,666.74,666.66,666.73,0
2026-07-30 05:46:00,666.69,666.83,666.69,666.83,0
2026-07-30 05:47:00,666.7817,666.93,666.7817,666.8982,0
2026-07-30 05:48:00,666.9273,666.93,666.7985,666.7985,0
2026-07-30 05:49:00,666.83,666.85,666.78,666.83,0
2026-07-30 05:50:00,666.96,666.96,666.85,666.8822,0
2026-07-30 05:51:00,666.86,666.97,666.82,666.84,0
2026-07-30 05:52:00,666.7915,666.85,666.6987,666.77,0
2026-07-30 05:53:00,666.7329,666.77,666.66,666.72,0
2026-07-30 05:54:00,666.8894,666.8894,666.73,666.88,0
2026-07-30 05:55:00,666.97,666.97,666.84,666.89,0
2026-07-30 05:56:00,666.8,666.87,666.76,666.87,0
2026-07-30 05:57:00,666.93,666.93,666.67,666.748,0
2026-07-30 05:58:00,666.66,666.66,666.4,666.435,0
2026-07-30 05:59:00,666.36,666.36,666.0,666.06,0
2026-07-30 06:00:00,666.05,666.05,665.47,665.74,0
2026-07-30 06:01:00,665.76,666.22,665.69,666.16,0
2026-07-30 06:02:00,666.17,666.225,666.1,666.1,0
2026-07-30 06:03:00,666.0985,666.15,666.0,666.0,0
2026-07-30 06:04:00,666.11,666.21,665.8,665.8,0
2026-07-30 06:05:00,665.8,666.44,665.8,666.4,0
2026-07-30 06:06:00,666.32,666.41,666.3,666.41,0
2026-07-30 06:07:00,666.3199,666.89,666.3199,666.89,0
2026-07-30 06:08:00,666.8785,666.8785,666.59,666.72,0
2026-07-30 06:09:00,666.762,667.0,666.762,667.0,0
2026-07-30 06:10:00,667.0,667.2,666.88,666.94,0
2026-07-30 06:11:00,666.91,667.09,666.89,666.97,0
2026-07-30 06:12:00,666.87,666.8787,666.62,666.72,0
2026-07-30 06:13:00,666.66,666.68,666.64,666.64,0
2026-07-30 06:14:00,666.64,666.67,666.58,666.67,0
2026-07-30 06:15:00,666.93,667.0,666.81,667.0,0
2026-07-30 06:16:00,667.1,667.36,667.1,667.17,0
2026-07-30 06:17:00,667.21,667.48,667.21,667.4682,0
2026-07-30 06:18:00,667.5,667.98,667.5,667.93,0
2026-07-30 06:19:00,667.99,668.05,667.84,667.96,0
2026-07-30 06:20:00,668.0217,668.18,668.0,668.08,0
2026-07-30 06:21:00,668.03,668.48,668.01,668.36,0
2026-07-30 06:22:00,668.29,668.32,668.21,668.32,0
2026-07-30 06:23:00,668.31,668.4,668.21,668.21,0
2026-07-30 06:24:00,668.25,668.3,668.0,668.0004,0
2026-07-30 06:25:00,668.19,668.4,668.17,668.4,0
2026-07-30 06:26:00,668.48,668.72,668.48,668.62,0
2026-07-30 06:27:00,668.56,668.64,668.35,668.35,0
2026-07-30 06:28:00,668.348,668.4412,668.29,668.41,0
2026-07-30 06:29:00,668.47,668.5788,668.39,668.46,0
2026-07-30 06:30:00,668.4595,668.7,668.3701,668.62,0
2026-07-30 06:31:00,668.53,668.94,668.5125,668.79,0
2026-07-30 06:32:00,668.8,668.8,668.65,668.68,0
2026-07-30 06:33:00,668.71,668.82,668.495,668.52,0
2026-07-30 06:34:00,668.49,668.49,668.35,668.37,0
2026-07-30 06:35:00,668.4,668.6782,668.3977,668.62,0
2026-07-30 06:36:00,668.62,668.829,668.62,668.7882,0
2026-07-30 06:37:00,668.62,668.7218,668.5,668.5,0
2026-07-30 06:38:00,668.53,668.75,668.5,668.5,0
2026-07-30 06:39:00,668.46,668.58,668.3927,668.58,0
2026-07-30 06:40:00,668.58,669.08,668.58,669.01,0
2026-07-30 06:41:00,668.95,668.95,668.65,668.76,0
2026-07-30 06:42:00,668.72,668.72,668.4577,668.4577,0
2026-07-30 06:43:00,668.54,669.16,668.5384,669.01,0
2026-07-30 06:44:00,669.0,669.05,668.77,668.77,0
2026-07-30 06:45:00,668.75,669.14,668.75,668.97,0
2026-07-30 06:46:00,669.03,669.14,669.01,669.1198,0
2026-07-30 06:47:00,669.142,669.22,669.08,669.19,0
2026-07-30 06:48:00,669.22,669.2505,669.1,669.17,0
2026-07-30 06:49:00,669.12,669.12,668.84,668.885,0
2026-07-30 06:50:00,668.8,669.18,668.8,669.13,0
2026-07-30 06:51:00,669.1,669.1,668.95,669.05,0
2026-07-30 06:52:00,669.08,669.19,669.08,669.125,0
2026-07-30 06:53:00,669.19,669.19,668.72,668.72,0
2026-07-30 06:54:00,668.78,668.78,668.5,668.5,0
2026-07-30 06:55:00,668.4055,668.66,668.4055,668.66,0
2026-07-30 06:56:00,668.57,668.57,668.41,668.41,0
2026-07-30 06:57:00,668.49,668.65,668.48,668.48,0
2026-07-30 06:58:00,668.5,668.6,668.44,668.51,0
2026-07-30 06:59:00,668.44,668.56,668.44,668.5599,0
2026-07-30 07:00:00,668.525,669.1423,661.73,661.73,0
2026-07-30 07:01:00,668.927,669.1796,661.73,669.1396,0
2026-07-30 07:02:00,669.2,669.4,669.069,669.18,0
2026-07-30 07:03:00,669.16,669.49,669.0203,669.4132,0
2026-07-30 07:04:00,669.39,669.56,669.366,669.5206,0
2026-07-30 07:05:00,669.5106,669.71,669.46,669.65,0
2026-07-30 07:06:00,669.66,669.99,669.5726,669.99,0
2026-07-30 07:07:00,669.96,670.1,669.9366,669.9366,0
2026-07-30 07:08:00,669.9883,670.02,669.775,669.89,0
2026-07-30 07:09:00,669.88,670.12,669.88,670.0032,0
2026-07-30 07:10:00,670.0,670.16,669.8399,669.8399,0
2026-07-30 07:11:00,669.78,669.78,669.66,669.68,0
2026-07-30 07:12:00,669.77,670.05,669.77,669.93,0
2026-07-30 07:13:00,669.86,669.87,669.47,669.5217,0
2026-07-30 07:14:00,669.57,669.6959,669.521,669.6959,0
2026-07-30 07:15:00,669.6988,669.88,669.6,669.83,0
2026-07-30 07:16:00,669.83,670.1444,669.78,670.1361,0
2026-07-30 07:17:00,670.1541,670.3599,670.09,670.255,0
2026-07-30 07:18:00,670.2658,670.56,670.2477,670.2477,0
2026-07-30 07:19:00,670.2832,670.35,670.08,670.08,0
2026-07-30 07:20:00,670.11,670.22,669.98,670.11,0
2026-07-30 07:21:00,670.0608,670.0671,669.94,669.9962,0
2026-07-30 07:22:00,669.99,670.06,669.8381,670.06,0
2026-07-30 07:23:00,670.06,670.09,669.9466,670.0846,0
2026-07-30 07:24:00,670.05,670.5969,670.05,670.5378,0
2026-07-30 07:25:00,670.59,670.72,670.44,670.6692,0
2026-07-30 07:26:00,670.7,670.82,670.65,670.77,0
2026-07-30 07:27:00,670.78,670.85,670.6322,670.8,0
2026-07-30 07:28:00,670.78,671.14,670.734,670.8,0
2026-07-30 07:29:00,670.789,670.9,670.57,670.821,0
2026-07-30 07:30:00,670.9,670.9165,670.7497,670.7497,0
2026-07-30 07:31:00,670.7378,670.81,670.5,670.5,0
2026-07-30 07:32:00,670.53,670.63,670.09,670.09,0
2026-07-30 07:33:00,670.06,670.075,669.91,669.98,0
2026-07-30 07:34:00,670.0001,670.191,669.9183,670.0,0
2026-07-30 07:35:00,670.0412,670.3188,670.0412,670.26,0
2026-07-30 07:36:00,670.23,670.62,670.23,670.57,0
2026-07-30 07:37:00,670.65,670.91,670.53,670.91,0
2026-07-30 07:38:00,670.89,671.09,670.8701,671.09,0
2026-07-30 07:39:00,671.09,671.13,670.59,670.59,0
2026-07-30 07:40:00,670.51,670.72,670.49,670.66,0
2026-07-30 07:41:00,670.66,670.7535,670.305,670.35,0
2026-07-30 07:42:00,670.33,670.68,670.24,670.61,0
2026-07-30 07:43:00,670.7211,671.072,670.64,670.9344,0
2026-07-30 07:44:00,670.89,670.94,670.58,670.58,0
2026-07-30 07:45:00,670.58,670.965,670.58,670.96,0
2026-07-30 07:46:00,670.96,670.96,670.79,670.9041,0
2026-07-30 07:47:00,670.92,671.09,670.8493,670.8493,0
2026-07-30 07:48:00,670.8207,671.2,670.8207,671.1991,0
2026-07-30 07:49:00,671.19,671.33,671.16,671.19,0
2026-07-30 07:50:00,671.2,671.42,671.19,671.42,0
2026-07-30 07:51:00,671.43,671.4495,671.1,671.1369,0
2026-07-30 07:52:00,671.1,671.37,671.07,671.15,0
2026-07-30 07:53:00,671.07,671.3885,671.07,671.3446,0
2026-07-30 07:54:00,671.35,671.59,671.34,671.5,0
2026-07-30 07:55:00,671.5494,671.58,671.27,671.2796,0
2026-07-30 07:56:00,671.2656,671.4,671.205,671.22,0
2026-07-30 07:57:00,671.18,671.2561,671.12,671.2361,0
2026-07-30 07:58:00,671.17,671.4307,671.17,671.22,0
2026-07-30 07:59:00,671.17,671.173,671.0399,671.15,0
2026-07-30 08:00:00,671.11,671.28,670.89,670.9401,0
2026-07-30 08:01:00,671.0,671.0,670.37,670.5,0
2026-07-30 08:02:00,670.49,671.19,670.4805,671.08,0
2026-07-30 08:03:00,671.1051,671.6346,671.0114,671.61,0
2026-07-30 08:04:00,671.65,671.7,671.4619,671.587,0
2026-07-30 08:05:00,671.5562,671.77,671.48,671.7612,0
2026-07-30 08:06:00,671.8092,671.87,671.71,671.8126,0
2026-07-30 08:07:00,671.8,671.82,671.65,671.82,0
2026-07-30 08:08:00,671.7908,671.92,671.64,671.68,0
2026-07-30 08:09:00,671.64,671.894,671.58,671.8492,0
2026-07-30 08:10:00,671.85,671.93,671.77,671.9005,0
2026-07-30 08:11:00,671.8485,671.94,671.6154,671.6154,0
2026-07-30 08:12:00,671.67,671.85,671.39,671.6616,0
2026-07-30 08:13:00,671.68,671.95,671.6031,671.9,0
2026-07-30 08:14:00,671.9103,672.06,671.84,672.01,0
2026-07-30 08:15:00,672.0,672.1,671.7762,671.7762,0
2026-07-30 08:16:00,671.7992,671.8561,671.6,671.7434,0
2026-07-30 08:17:00,671.7449,671.7449,671.56,671.606,0
2026-07-30 08:18:00,671.57,671.65,671.41,671.65,0
2026-07-30 08:19:00,671.68,671.7799,671.5,671.5596,0
2026-07-30 08:20:00,671.48,671.4892,670.9,671.07,0
2026-07-30 08:21:00,671.0825,671.28,671.05,671.1364,0
2026-07-30 08:22:00,671.12,671.23,671.03,671.0558,0
2026-07-30 08:23:00,671.1,671.4967,671.04,671.4967,0
2026-07-30 08:24:00,671.5,671.78,671.4998,671.612,0
2026-07-30 08:25:00,671.668,671.82,671.5062,671.5976,0
2026-07-30 08:26:00,671.53,671.85,671.48,671.75,0
2026-07-30 08:27:00,671.7902,671.7902,671.39,671.42,0
2026-07-30 08:28:00,671.4,671.4,671.11,671.11,0
2026-07-30 08:29:00,671.1713,671.55,671.01,671.55,0
2026-07-30 08:30:00,671.7405,672.56,671.33,672.28,0
2026-07-30 08:31:00,672.15,672.15,671.4797,671.52,0
2026-07-30 08:32:00,671.5561,671.653,671.15,671.3,0
2026-07-30 08:33:00,671.35,671.545,671.2699,671.2824,0
2026-07-30 08:34:00,671.22,671.52,670.88,671.5,0
2026-07-30 08:35:00,671.49,672.17,671.28,672.16,0
2026-07-30 08:36:00,672.18,672.53,672.1,672.28,0
2026-07-30 08:37:00,672.2979,672.3673,671.88,671.88,0
2026-07-30 08:38:00,672.03,672.24,671.8593,672.2388,0
2026-07-30 08:39:00,672.17,672.5,672.0124,672.4942,0
2026-07-30 08:40:00,672.4955,672.5745,672.05,672.1634,0
2026-07-30 08:41:00,672.25,672.7788,672.1587,672.54,0
2026-07-30 08:42:00,672.62,673.0,672.4881,672.7517,0
2026-07-30 08:43:00,672.7982,672.8,672.34,672.7281,0
2026-07-30 08:44:00,672.73,672.73,672.3,672.3686,0
2026-07-30 08:45:00,672.34,672.43,672.1,672.24,0
2026-07-30 08:46:00,672.275,672.4,672.1,672.2336,0
2026-07-30 08:47:00,672.27,672.4545,661.73,672.27,0
2026-07-30 08:48:00,672.38,672.7832,672.33,672.7832,0
2026-07-30 08:49:00,672.7225,672.8213,672.52,672.7101,0
2026-07-30 08:50:00,672.7459,672.82,672.42,672.7,0
2026-07-30 08:51:00,672.74,672.8,672.56,672.7408,0
2026-07-30 08:52:00,672.79,672.95,672.72,672.72,0
2026-07-30 08:53:00,672.7701,672.8,672.5305,672.7018,0
2026-07-30 08:54:00,672.8,673.0,672.7135,672.8896,0
2026-07-30 08:55:00,672.8696,672.9161,672.64,672.64,0
2026-07-30 08:56:00,672.6461,672.8005,672.54,672.74,0
2026-07-30 08:57:00,672.75,673.23,672.6866,673.12,0
2026-07-30 08:58:00,673.0749,673.4,673.01,673.26,0
2026-07-30 08:59:00,673.3322,673.3322,673.0,673.0887,0
2026-07-30 09:00:00,673.109,673.706,672.76,673.6405,0
2026-07-30 09:01:00,673.6007,674.2,673.54,674.0676,0
2026-07-30 09:02:00,674.02,674.1,673.9463,673.9717,0
2026-07-30 09:03:00,673.9799,674.24,673.73,674.14,0
2026-07-30 09:04:00,674.2296,674.2924,674.08,674.0986,0
2026-07-30 09:05:00,674.07,674.33,674.06,674.2027,0
2026-07-30 09:06:00,674.25,674.33,674.05,674.2377,0
2026-07-30 09:07:00,674.2489,674.78,674.12,674.18,0
2026-07-30 09:08:00,674.12,674.1586,673.9297,673.9807,0
2026-07-30 09:09:00,673.9468,674.07,673.87,673.878,0
2026-07-30 09:10:00,673.81,673.9311,673.62,673.6821,0
2026-07-30 09:11:00,673.63,673.76,673.5617,673.6941,0
2026-07-30 09:12:00,673.6943,674.095,673.6013,673.885,0
2026-07-30 09:13:00,673.97,674.41,673.875,674.26,0
2026-07-30 09:14:00,674.2482,674.27,673.75,673.9,0
2026-07-30 09:15:00,673.8293,674.0,673.68,673.9682,0
2026-07-30 09:16:00,673.95,674.15,673.92,674.0089,0
2026-07-30 09:17:00,674.0144,674.1,673.94,674.04,0
2026-07-30 09:18:00,674.05,674.16,673.9,674.15,0
2026-07-30 09:19:00,674.1385,674.3,674.0412,674.0755,0
2026-07-30 09:20:00,674.08,674.1199,673.84,673.95,0
2026-07-30 09:21:00,673.95,674.0,673.81,673.9132,0
2026-07-30 09:22:00,673.8419,673.91,673.74,673.8,0
2026-07-30 09:23:00,673.8,674.0661,673.7797,673.93,0
2026-07-30 09:24:00,673.8885,673.99,673.83,673.9397,0
2026-07-30 09:25:00,673.96,674.42,673.94,673.94,0
2026-07-30 09:26:00,673.87,674.28,673.8187,674.28,0
2026-07-30 09:27:00,674.32,674.4,674.0,674.28,0
2026-07-30 09:28:00,674.32,674.789,674.18,674.41,0
2026-07-30 09:29:00,674.4352,674.87,674.31,674.8,0
2026-07-30 09:30:00,674.69,675.18,673.79,674.46,3459305
2026-07-30 09:31:00,674.34,675.11,674.18,674.81,363590
2026-07-30 09:32:00,674.86,674.97,674.18,674.5,319401
2026-07-30 09:33:00,674.42,674.47,673.3,673.96,229026
2026-07-30 09:34:00,674.0,674.87,673.72,674.655,250627
2026-07-30 09:35:00,674.62,675.3983,674.11,675.09,226357
2026-07-30 09:36:00,675.18,675.81,674.5,675.195,258656
2026-07-30 09:37:00,675.2,675.33,674.11,674.9863,186949
2026-07-30 09:38:00,674.99,675.535,674.3,675.1,187525
2026-07-30 09:39:00,675.08,675.4,674.5657,675.06,118459
2026-07-30 09:40:00,675.07,675.32,674.12,674.86,182155
2026-07-30 09:41:00,674.9,675.46,674.6,675.065,176286
2026-07-30 09:42:00,675.02,676.31,674.96,676.2,182525
2026-07-30 09:43:00,676.21,676.96,676.085,676.96,318803
2026-07-30 09:44:00,676.94,677.69,676.94,677.25,395472
2026-07-30 09:45:00,677.25,678.1651,677.17,678.14,374137
2026-07-30 09:46:00,678.12,678.66,677.9504,678.54,179326
2026-07-30 09:47:00,678.52,678.75,678.04,678.69,415170
2026-07-30 09:48:00,678.71,679.015,678.505,678.815,217659
2026-07-30 09:49:00,678.815,679.44,678.81,679.405,242170
2026-07-30 09:50:00,679.4,680.54,678.88,680.38,361050
2026-07-30 09:51:00,680.31,680.84,680.06,680.11,278478
2026-07-30 09:52:00,680.11,680.125,679.06,679.3594,207597
2026-07-30 09:53:00,679.325,680.22,679.17,679.81,281609
2026-07-30 09:54:00,679.76,680.54,679.74,680.31,131627
2026-07-30 09:55:00,680.34,681.045,679.86,680.92,218587
2026-07-30 09:56:00,680.91,681.09,680.3,680.48,178407
2026-07-30 09:57:00,680.475,680.7,680.06,680.495,138674
2026-07-30 09:58:00,680.52,680.8,680.17,680.765,377429
2026-07-30 09:59:00,680.77,681.65,680.63,681.515,209962
2026-07-30 10:00:00,681.49,681.64,680.95,681.605,210342
2026-07-30 10:01:00,681.63,681.94,681.5321,681.8768,158291
2026-07-30 10:02:00,681.86,682.32,681.49,681.7,323944
2026-07-30 10:03:00,681.72,682.03,681.17,681.88,180879
2026-07-30 10:04:00,681.925,682.11,681.68,681.72,111175
2026-07-30 10:05:00,681.68,681.8,681.11,681.35,180974
2026-07-30 10:06:00,681.37,681.47,680.7,681.02,239609
2026-07-30 10:07:00,681.02,681.15,680.35,680.39,108134
2026-07-30 10:08:00,680.39,680.47,679.76,679.94,296760
2026-07-30 10:09:00,679.93,680.09,679.53,679.86,208336
2026-07-30 10:10:00,679.865,680.35,679.4105,679.84,176938
2026-07-30 10:11:00,679.8,680.4,679.4501,680.355,113785
2026-07-30 10:12:00,680.33,680.6,680.0769,680.47,165333
2026-07-30 10:13:00,680.58,680.6,679.8501,679.98,151672
2026-07-30 10:14:00,679.96,680.53,679.8201,680.41,93604
2026-07-30 10:15:00,680.421,680.965,680.2904,680.51,97518
2026-07-30 10:16:00,680.52,680.95,680.2,680.9016,101251
2026-07-30 10:17:00,680.93,681.15,680.63,680.64,168979
2026-07-30 10:18:00,680.62,680.7,679.75,680.45,100302
2026-07-30 10:19:00,680.63,680.78,680.1,680.5,90766
2026-07-30 10:20:00,680.51,680.8597,680.31,680.79,82072
2026-07-30 10:21:00,680.835,681.77,680.835,681.54,139285
2026-07-30 10:22:00,681.57,681.705,681.11,681.56,84443
2026-07-30 10:23:00,681.6,681.975,681.585,681.6401,66108
2026-07-30 10:24:00,681.6601,682.0,681.44,681.77,116198
2026-07-30 10:25:00,681.8,682.04,681.7,682.01,115896
2026-07-30 10:26:00,681.99,682.1293,681.445,681.92,584428
2026-07-30 10:27:00,681.98,682.96,681.9201,682.91,383792
2026-07-30 10:28:00,682.91,683.64,682.8805,683.24,315449
2026-07-30 10:29:00,683.22,683.39,683.11,683.22,106808
2026-07-30 10:30:00,683.26,683.26,682.4,683.1692,126320
2026-07-30 10:31:00,683.13,683.7,682.88,683.4715,91870
2026-07-30 10:32:00,683.52,683.6581,683.11,683.6499,85067
2026-07-30 10:33:00,683.59,683.69,683.2706,683.59,109112
2026-07-30 10:34:00,683.55,683.61,683.07,683.5,88793
2026-07-30 10:35:00,683.4722,683.51,682.78,682.84,109986
2026-07-30 10:36:00,682.82,683.6447,682.74,683.55,87975
2026-07-30 10:37:00,683.51,683.71,683.33,683.55,133300
2026-07-30 10:38:00,683.5599,683.5599,682.97,682.98,85587
2026-07-30 10:39:00,682.98,683.16,682.91,683.125,91723
2026-07-30 10:40:00,683.14,683.43,682.97,683.29,89714
2026-07-30 10:41:00,683.36,683.62,683.25,683.43,60574
2026-07-30 10:42:00,683.3739,683.65,682.8,682.827,83456
2026-07-30 10:43:00,682.832,682.832,682.2401,682.26,168922
2026-07-30 10:44:00,682.28,682.32,681.67,682.03,130666
2026-07-30 10:45:00,682.025,682.36,681.64,682.345,80002
2026-07-30 10:46:00,682.345,682.53,681.57,681.67,82173
2026-07-30 10:47:00,681.68,681.955,681.4701,681.69,172099
2026-07-30 10:48:00,681.635,681.66,680.98,681.58,110574
2026-07-30 10:49:00,681.68,682.0299,681.2301,681.825,64267
2026-07-30 10:50:00,681.815,682.03,681.2,681.24,133134
2026-07-30 10:51:00,681.29,681.55,680.55,680.77,105296
2026-07-30 10:52:00,680.8,680.95,680.31,680.31,69615
2026-07-30 10:53:00,680.31,680.495,679.88,680.04,108981
2026-07-30 10:54:00,680.0,680.02,679.33,679.47,649429
2026-07-30 10:55:00,679.47,679.51,678.8244,679.105,125581
2026-07-30 10:56:00,679.14,679.21,678.4,678.64,112114
2026-07-30 10:57:00,678.66,679.31,678.36,679.165,550335
2026-07-30 10:58:00,679.1735,679.58,678.9001,679.58,150722
2026-07-30 10:59:00,679.6,680.08,679.44,679.53,137746
2026-07-30 11:00:00,679.5,679.675,678.13,678.451,145565
2026-07-30 11:01:00,678.5,678.785,678.13,678.355,158501
2026-07-30 11:02:00,678.2801,679.53,678.24,679.505,328530
2026-07-30 11:03:00,679.52,680.37,679.52,680.34,122573
2026-07-30 11:04:00,680.335,680.5813,679.776,680.394,183300
2026-07-30 11:05:00,680.32,680.77,680.2113,680.6,126552
2026-07-30 11:06:00,680.66,680.83,680.0,680.14,105309
2026-07-30 11:07:00,680.174,680.23,679.4,679.57,151004
2026-07-30 11:08:00,679.57,680.22,679.21,680.19,98315
2026-07-30 11:09:00,680.21,681.15,680.14,681.0716,108897
2026-07-30 11:10:00,681.0701,681.15,679.57,679.72,98732
2026-07-30 11:11:00,679.7999,679.88,678.78,678.93,212110
2026-07-30 11:12:00,678.87,679.369,678.74,679.34,89753
2026-07-30 11:13:00,679.2799,679.2799,678.38,678.73,125411
2026-07-30 11:14:00,678.65,678.98,678.34,678.45,74196
2026-07-30 11:15:00,678.43,679.31,678.04,679.31,110153
2026-07-30 11:16:00,679.33,679.7,679.09,679.19,83885
2026-07-30 11:17:00,679.24,679.5272,678.47,678.55,138330
2026-07-30 11:18:00,678.58,679.0,678.404,678.96,57778
2026-07-30 11:19:00,678.915,679.2,678.79,678.9,52748
2026-07-30 11:20:00,678.95,679.29,678.78,679.09,47814
2026-07-30 11:21:00,679.22,680.26,679.16,679.72,72142
2026-07-30 11:22:00,679.735,679.96,679.35,679.67,64996
2026-07-30 11:23:00,679.61,679.705,678.65,679.24,93693
2026-07-30 11:24:00,679.22,679.3879,678.75,679.0837,55035
2026-07-30 11:25:00,679.07,679.68,678.62,678.78,55322
2026-07-30 11:26:00,678.725,678.8401,677.75,678.8401,160681
2026-07-30 11:27:00,678.8765,679.076,678.2901,678.3699,53617
2026-07-30 11:28:00,678.355,678.49,677.9801,678.38,89769
2026-07-30 11:29:00,678.39,678.62,678.085,678.195,74238
2026-07-30 11:30:00,678.16,678.42,677.9,678.04,109252
2026-07-30 11:31:00,678.07,678.823,678.04,678.675,93957
2026-07-30 11:32:00,678.605,679.15,678.6,678.7801,58840
2026-07-30 11:33:00,678.78,679.07,678.6,679.07,47331
2026-07-30 11:34:00,679.13,679.62,678.65,679.615,77933
2026-07-30 11:35:00,679.6699,680.06,679.22,679.3,97158
2026-07-30 11:36:00,679.325,679.97,679.31,679.95,58768
2026-07-30 11:37:00,679.91,679.945,678.9,678.91,90201
2026-07-30 11:38:00,678.96,679.2,678.78,679.04,108193
2026-07-30 11:39:00,679.12,679.62,678.92,679.62,36116
2026-07-30 11:40:00,679.59,679.93,679.32,679.68,62702
2026-07-30 11:41:00,679.63,679.87,679.4,679.69,43242
2026-07-30 11:42:00,679.75,679.78,679.225,679.69,39720
2026-07-30 11:43:00,679.7,679.99,679.5,679.87,45534
2026-07-30 11:44:00,679.93,680.47,679.93,679.99,487765
2026-07-30 11:45:00,680.06,680.5895,680.0401,680.5,216856
2026-07-30 11:46:00,680.47,681.11,680.455,680.82,157071
2026-07-30 11:47:00,680.83,681.05,680.7701,680.8,178483
2026-07-30 11:48:00,680.8,680.84,680.3,680.41,251416
2026-07-30 11:49:00,680.475,680.64,680.052,680.6106,177576
2026-07-30 11:50:00,680.59,680.81,680.0,680.06,178511
2026-07-30 11:51:00,680.05,680.44,679.73,680.44,86103
2026-07-30 11:52:00,680.355,680.37,679.08,679.5069,118423
2026-07-30 11:53:00,679.515,680.14,679.45,679.96,96835
2026-07-30 11:54:00,680.0,680.525,679.77,680.47,56164
2026-07-30 11:55:00,680.5251,681.01,680.5217,680.83,67710
2026-07-30 11:56:00,680.84,681.02,680.68,680.7,78176
2026-07-30 11:57:00,680.7,680.7799,680.44,680.58,102667
2026-07-30 11:58:00,680.6,680.67,680.04,680.16,126849
2026-07-30 11:59:00,680.12,680.14,679.63,679.79,87041
2026-07-30 12:00:00,679.77,679.83,679.32,679.56,116731
2026-07-30 12:01:00,679.57,680.19,679.36,680.14,183296
2026-07-30 12:02:00,680.17,680.65,679.94,680.65,103203
2026-07-30 12:03:00,680.67,680.95,680.62,680.77,158314
2026-07-30 12:04:00,680.79,681.68,680.76,681.5,317917
2026-07-30 12:05:00,681.5,681.8899,681.47,681.57,102617
2026-07-30 12:06:00,681.58,681.74,681.295,681.3,102138
2026-07-30 12:07:00,681.34,681.45,681.17,681.45,65770
2026-07-30 12:08:00,681.47,681.57,681.19,681.525,50124
2026-07-30 12:09:00,681.5,681.6,681.17,681.36,74033
2026-07-30 12:10:00,681.33,681.79,681.3,681.57,49707
2026-07-30 12:11:00,681.63,682.0399,681.47,681.97,103904
2026-07-30 12:12:00,681.97,682.29,681.895,682.24,188127
2026-07-30 12:13:00,682.25,682.46,682.25,682.42,224503
2026-07-30 12:14:00,682.42,682.47,682.1,682.37,257923
2026-07-30 12:15:00,682.37,682.5,682.26,682.27,215249
2026-07-30 12:16:00,682.2898,682.48,682.21,682.44,58880
2026-07-30 12:17:00,682.47,682.47,682.12,682.455,124628
2026-07-30 12:18:00,682.45,682.55,682.04,682.4,194379
2026-07-30 12:19:00,682.4,682.51,681.97,682.0399,209180
2026-07-30 12:20:00,682.04,682.3084,681.8725,682.2,100108
2026-07-30 12:21:00,682.2,682.265,682.02,682.265,156205
2026-07-30 12:22:00,682.27,682.35,681.84,681.93,73944
2026-07-30 12:23:00,681.94,681.94,681.46,681.8001,390121
2026-07-30 12:24:00,681.8,681.96,681.53,681.68,175949
2026-07-30 12:25:00,681.65,681.68,681.4,681.47,62389
2026-07-30 12:26:00,681.48,681.61,681.37,681.51,43849
2026-07-30 12:27:00,681.51,681.79,681.47,681.755,53321
2026-07-30 12:28:00,681.78,681.82,681.39,681.5,206881
2026-07-30 12:29:00,681.51,681.57,681.29,681.35,308869
2026-07-30 12:30:00,681.355,681.49,680.85,680.9,61900
2026-07-30 12:31:00,680.9,680.97,680.65,680.95,43106
2026-07-30 12:32:00,680.98,681.09,680.66,681.01,36457
2026-07-30 12:33:00,680.96,681.0799,680.74,680.87,27962
2026-07-30 12:34:00,680.87,680.91,680.575,680.78,43411
2026-07-30 12:35:00,680.78,681.29,680.7,680.86,62039
2026-07-30 12:36:00,680.855,681.18,680.84,681.06,178326
2026-07-30 12:37:00,681.04,681.06,680.79,680.86,473939
2026-07-30 12:38:00,680.84,680.91,680.66,680.8,78925
2026-07-30 12:39:00,680.82,680.96,680.69,680.73,156958
2026-07-30 12:40:00,680.73,680.74,679.91,679.98,222041
2026-07-30 12:41:00,679.98,680.1199,679.65,679.82,91171
2026-07-30 12:42:00,679.82,679.96,679.44,679.53,123489
2026-07-30 12:43:00,679.51,679.83,679.25,679.43,190828
2026-07-30 12:44:00,679.39,679.57,679.305,679.55,59692
2026-07-30 12:45:00,679.54,680.24,679.5,680.14,228605
2026-07-30 12:46:00,680.11,680.5,680.11,680.26,98860
2026-07-30 12:47:00,680.25,680.42,680.08,680.13,59275
2026-07-30 12:48:00,680.125,680.28,679.94,679.975,161710
2026-07-30 12:49:00,679.98,680.3,679.97,680.26,154827
2026-07-30 12:50:00,680.31,680.42,679.8,679.92,69736
2026-07-30 12:51:00,679.91,680.82,679.91,680.82,38254
2026-07-30 12:52:00,680.89,681.17,680.77,681.09,72362
2026-07-30 12:53:00,681.09,681.1099,680.56,680.64,72608
2026-07-30 12:54:00,680.65,680.775,680.56,680.62,52085
2026-07-30 12:55:00,680.64,681.02,680.56,681.0,47257
2026-07-30 12:56:00,681.0,681.15,680.89,680.99,45742
2026-07-30 12:57:00,680.99,681.08,680.87,680.8887,53189
2026-07-30 12:58:00,680.88,681.0,680.68,680.99,170146
2026-07-30 12:59:00,680.99,681.05,680.89,680.96,154522
2026-07-30 13:00:00,680.97,682.0,680.95,681.79,347009
2026-07-30 13:01:00,681.745,682.055,681.61,682.0467,1062346
2026-07-30 13:02:00,682.02,682.13,681.49,681.57,80960
2026-07-30 13:03:00,681.57,681.82,681.55,681.57,47010
2026-07-30 13:04:00,681.63,681.96,681.63,681.94,57025
2026-07-30 13:05:00,681.95,682.05,681.82,681.97,59280
2026-07-30 13:06:00,681.96,682.33,681.94,682.1086,95489
2026-07-30 13:07:00,682.115,682.115,681.78,681.95,177264
2026-07-30 13:08:00,681.94,682.16,681.86,682.11,41669
2026-07-30 13:09:00,682.11,682.11,681.795,681.97,259050
2026-07-30 13:10:00,681.97,682.3048,681.8,681.98,70811
2026-07-30 13:11:00,681.98,682.1499,681.73,682.09,67351
2026-07-30 13:12:00,682.1,682.16,681.63,681.72,84257
2026-07-30 13:13:00,681.71,681.81,681.65,681.73,72499
2026-07-30 13:14:00,681.76,681.82,681.65,681.74,67933
2026-07-30 13:15:00,681.76,681.9644,681.69,681.76,466000
2026-07-30 13:16:00,681.79,682.32,681.77,682.24,33541
2026-07-30 13:17:00,682.24,682.48,682.24,682.36,58826
2026-07-30 13:18:00,682.35,682.5,682.19,682.28,60696
2026-07-30 13:19:00,682.255,682.8704,682.25,682.82,58415
2026-07-30 13:20:00,682.81,682.8573,682.6,682.805,50894
2026-07-30 13:21:00,682.8001,682.8911,682.595,682.62,42059
2026-07-30 13:22:00,682.651,682.68,682.22,682.25,46573
2026-07-30 13:23:00,682.248,682.58,682.22,682.525,149195
2026-07-30 13:24:00,682.53,682.53,682.33,682.5,134251
2026-07-30 13:25:00,682.47,682.52,682.22,682.32,38171
2026-07-30 13:26:00,682.31,682.35,682.13,682.3,39884
2026-07-30 13:27:00,682.29,682.48,682.285,682.32,86288
2026-07-30 13:28:00,682.3,682.33,681.88,682.14,108325
2026-07-30 13:29:00,682.13,682.13,681.915,681.98,43929
2026-07-30 13:30:00,682.0,682.33,681.96,682.19,117595
2026-07-30 13:31:00,682.16,682.27,682.03,682.16,30403
2026-07-30 13:32:00,682.1589,682.31,682.05,682.08,157321
2026-07-30 13:33:00,682.1,682.18,681.76,681.905,58953
2026-07-30 13:34:00,681.93,681.94,681.6101,681.83,34044
2026-07-30 13:35:00,681.8599,682.17,681.79,682.16,83536
2026-07-30 13:36:00,682.18,682.26,681.98,682.2213,264373
2026-07-30 13:37:00,682.22,682.27,681.68,681.74,78891
2026-07-30 13:38:00,681.745,681.745,681.27,681.59,86055
2026-07-30 13:39:00,681.6,681.63,681.37,681.45,67299
2026-07-30 13:40:00,681.46,681.85,681.46,681.7,39457
2026-07-30 13:41:00,681.75,682.0,681.73,682.0,137655
2026-07-30 13:42:00,681.99,682.38,681.94,682.08,75854
2026-07-30 13:43:00,682.11,682.6823,682.11,682.41,73452
2026-07-30 13:44:00,682.4,682.53,682.3,682.4233,59026
2026-07-30 13:45:00,682.45,682.56,682.36,682.42,154969
2026-07-30 13:46:00,682.42,682.75,682.37,682.67,49050
2026-07-30 13:47:00,682.66,682.74,682.56,682.64,122196
2026-07-30 13:48:00,682.64,682.7694,682.59,682.74,44544
2026-07-30 13:49:00,682.72,682.72,682.3499,682.3499,159481
2026-07-30 13:50:00,682.33,682.5797,682.26,682.5797,45585
2026-07-30 13:51:00,682.55,682.92,682.53,682.73,71630
2026-07-30 13:52:00,682.745,682.765,682.1701,682.38,60509
2026-07-30 13:53:00,682.42,682.42,682.12,682.16,41596
2026-07-30 13:54:00,682.12,682.36,682.11,682.16,137699
2026-07-30 13:55:00,682.1699,682.225,681.89,682.2121,45110
2026-07-30 13:56:00,682.2101,682.345,682.0801,682.24,36296
2026-07-30 13:57:00,682.22,682.44,682.16,682.35,25389
2026-07-30 13:58:00,682.36,682.42,682.07,682.16,41837
2026-07-30 13:59:00,682.21,682.38,682.11,682.17,35117
2026-07-30 14:00:00,682.22,682.63,682.22,682.51,24789
2026-07-30 14:01:00,682.53,682.75,682.53,682.69,57178
2026-07-30 14:02:00,682.695,682.695,682.4703,682.5665,29535
2026-07-30 14:03:00,682.54,682.62,682.25,682.29,44279
2026-07-30 14:04:00,682.31,682.35,681.96,681.9895,37937
2026-07-30 14:05:00,681.962,682.37,681.962,682.23,26907
2026-07-30 14:06:00,682.23,682.57,682.215,682.57,29059
2026-07-30 14:07:00,682.57,682.5893,682.39,682.39,27702
2026-07-30 14:08:00,682.39,682.56,682.185,682.56,32694
2026-07-30 14:09:00,682.56,682.63,682.44,682.54,34850
2026-07-30 14:10:00,682.55,682.6,682.3,682.51,31464
2026-07-30 14:11:00,682.5,682.66,682.4,682.66,26870
2026-07-30 14:12:00,682.6499,682.6499,682.34,682.605,41801
2026-07-30 14:13:00,682.63,682.63,682.42,682.62,30976
2026-07-30 14:14:00,682.612,682.85,682.57,682.75,96745
2026-07-30 14:15:00,682.76,682.82,682.34,682.44,60531
2026-07-30 14:16:00,682.43,682.515,682.3,682.33,143853
2026-07-30 14:17:00,682.32,682.325,682.04,682.2,56048
2026-07-30 14:18:00,682.22,682.34,682.14,682.21,138976
2026-07-30 14:19:00,682.18,682.19,681.84,681.96,49341
2026-07-30 14:20:00,681.99,682.169,681.85,682.08,29194
2026-07-30 14:21:00,682.1,682.38,682.03,682.325,48891
2026-07-30 14:22:00,682.35,682.515,682.22,682.5,446870
2026-07-30 14:23:00,682.481,682.56,682.32,682.4,34365
2026-07-30 14:24:00,682.395,682.49,682.35,682.38,37905
2026-07-30 14:25:00,682.42,682.48,682.2704,682.29,50605
2026-07-30 14:26:00,682.2999,682.39,682.17,682.31,30579
2026-07-30 14:27:00,682.34,682.54,682.26,682.29,39588
2026-07-30 14:28:00,682.27,682.4253,682.1135,682.315,29414
2026-07-30 14:29:00,682.43,682.45,682.26,682.33,30696
2026-07-30 14:30:00,682.325,682.67,682.26,682.66,140377
2026-07-30 14:31:00,682.65,682.73,682.17,682.315,67354
2026-07-30 14:32:00,682.37,682.37,682.09,682.2,49767
2026-07-30 14:33:00,682.22,682.39,682.215,682.24,27741
2026-07-30 14:34:00,682.24,682.27,682.06,682.13,30034
2026-07-30 14:35:00,682.13,682.14,681.91,682.03,66582
2026-07-30 14:36:00,682.04,682.095,681.86,681.96,37705
2026-07-30 14:37:00,681.97,682.01,681.72,681.81,146095
2026-07-30 14:38:00,681.86,682.105,681.71,681.71,43878
2026-07-30 14:39:00,681.72,681.76,681.51,681.7196,51046
2026-07-30 14:40:00,681.72,682.0,681.64,681.99,36697
2026-07-30 14:41:00,682.005,682.02,681.62,681.64,33713
2026-07-30 14:42:00,681.64,681.895,681.55,681.595,49333
2026-07-30 14:43:00,681.63,681.84,681.63,681.79,41772
2026-07-30 14:44:00,681.81,682.02,681.67,681.97,65049
2026-07-30 14:45:00,681.97,682.09,681.93,682.07,162644
2026-07-30 14:46:00,682.08,682.395,682.03,682.355,43744
2026-07-30 14:47:00,682.35,682.45,682.29,682.35,40860
2026-07-30 14:48:00,682.36,682.43,682.18,682.2,80959
2026-07-30 14:49:00,682.19,682.2699,682.1,682.24,41203
2026-07-30 14:50:00,682.23,682.41,682.11,682.11,59544
2026-07-30 14:51:00,682.1301,682.19,681.89,681.96,44386
2026-07-30 14:52:00,681.99,682.19,681.935,682.0,44973
2026-07-30 14:53:00,682.0162,682.15,681.9,681.99,87384
2026-07-30 14:54:00,681.995,682.09,681.87,681.89,42265
2026-07-30 14:55:00,681.89,682.02,681.85,681.86,75226
2026-07-30 14:56:00,681.85,682.0,681.67,681.98,68495
2026-07-30 14:57:00,681.99,682.05,681.82,681.92,146586
2026-07-30 14:58:00,681.98,682.08,681.85,682.01,203989
2026-07-30 14:59:00,682.01,682.42,682.01,682.31,200482
2026-07-30 15:00:00,682.31,682.6597,682.29,682.61,78914
2026-07-30 15:01:00,682.63,682.77,682.54,682.63,68076
2026-07-30 15:02:00,682.64,683.03,682.62,682.795,66068
2026-07-30 15:03:00,682.795,682.825,682.58,682.5805,98117
2026-07-30 15:04:00,682.6,682.82,682.56,682.71,70530
2026-07-30 15:05:00,682.74,682.88,682.65,682.77,54530
2026-07-30 15:06:00,682.775,683.245,682.71,683.245,73183
2026-07-30 15:07:00,683.24,683.7,683.24,683.63,250550
2026-07-30 15:08:00,683.63,683.82,683.59,683.82,151483
2026-07-30 15:09:00,683.82,684.1,683.8,684.09,223336
2026-07-30 15:10:00,684.09,684.7,684.045,684.65,233973
2026-07-30 15:11:00,684.66,684.82,684.53,684.53,158077
2026-07-30 15:12:00,684.5301,685.04,684.5301,684.95,116849
2026-07-30 15:13:00,684.98,685.005,684.705,684.775,95639
2026-07-30 15:14:00,684.78,684.8,684.565,684.58,94013
2026-07-30 15:15:00,684.56,684.69,684.26,684.34,73060
2026-07-30 15:16:00,684.32,684.86,684.315,684.84,89796
2026-07-30 15:17:00,684.88,684.97,684.78,684.84,203155
2026-07-30 15:18:00,684.85,685.12,684.79,685.07,224808
2026-07-30 15:19:00,685.07,685.09,684.77,684.84,78718
2026-07-30 15:20:00,684.86,684.87,684.61,684.65,93154
2026-07-30 15:21:00,684.59,684.67,684.4303,684.4303,59212
2026-07-30 15:22:00,684.405,684.53,684.13,684.3,99746
2026-07-30 15:23:00,684.31,684.46,684.23,684.46,109103
2026-07-30 15:24:00,684.46,684.53,684.2862,684.31,70728
2026-07-30 15:25:00,684.3,684.475,684.19,684.25,187154
2026-07-30 15:26:00,684.23,684.44,684.11,684.38,168460
2026-07-30 15:27:00,684.427,684.45,684.19,684.32,377445
2026-07-30 15:28:00,684.3,684.38,684.11,684.1801,272804
2026-07-30 15:29:00,684.18,684.18,683.78,683.84,132785
2026-07-30 15:30:00,683.82,684.1,683.76,684.03,102777
2026-07-30 15:31:00,684.04,684.07,683.63,683.85,145211
2026-07-30 15:32:00,683.905,684.0,683.65,683.72,146677
2026-07-30 15:33:00,683.76,683.94,683.76,683.92,163421
2026-07-30 15:34:00,683.93,684.1498,683.7,683.8,144490
2026-07-30 15:35:00,683.82,683.88,683.55,683.55,177558
2026-07-30 15:36:00,683.56,683.56,683.25,683.2701,358065
2026-07-30 15:37:00,683.27,683.67,683.26,683.49,248225
2026-07-30 15:38:00,683.49,683.91,683.47,683.64,314916
2026-07-30 15:39:00,683.65,683.83,683.65,683.72,257564
2026-07-30 15:40:00,683.72,683.77,683.47,683.62,224181
2026-07-30 15:41:00,683.59,683.755,683.49,683.61,107398
2026-07-30 15:42:00,683.61,683.61,683.32,683.5,116631
2026-07-30 15:43:00,683.51,683.83,683.41,683.68,143262
2026-07-30 15:44:00,683.67,683.73,683.57,683.6,139526
2026-07-30 15:45:00,683.61,683.88,683.49,683.77,291580
2026-07-30 15:46:00,683.76,683.86,683.6001,683.6001,104397
2026-07-30 15:47:00,683.61,683.795,683.42,683.66,207127
2026-07-30 15:48:00,683.662,683.665,683.35,683.35,260318
2026-07-30 15:49:00,683.36,683.7096,683.23,683.7,559384
2026-07-30 15:50:00,683.69,683.75,683.28,683.35,488768
2026-07-30 15:51:00,683.33,683.47,683.0,683.3,404708
2026-07-30 15:52:00,683.32,683.51,683.19,683.44,348190
2026-07-30 15:53:00,683.44,683.63,683.04,683.065,252540
2026-07-30 15:54:00,683.05,683.79,683.03,683.42,315033
2026-07-30 15:55:00,683.42,683.45,682.9,683.17,391035
2026-07-30 15:56:00,683.18,683.78,683.12,683.535,364071
2026-07-30 15:57:00,683.535,683.7,683.43,683.67,307529
2026-07-30 15:58:00,683.68,683.97,683.575,683.78,440919
2026-07-30 15:59:00,683.81,684.35,683.18,683.6,2538790
2026-07-30 16:00:00,683.56,683.8187,683.0,683.62,29966
2026-07-30 16:01:00,683.1,687.002,683.1,685.94,0
2026-07-30 16:02:00,685.71,686.0307,685.33,685.88,0
2026-07-30 16:03:00,685.9906,686.15,685.44,685.44,0
2026-07-30 16:04:00,685.58,686.1,683.55,686.1,0
2026-07-30 16:05:00,686.0314,686.0314,685.43,685.63,0
2026-07-30 16:06:00,685.48,685.73,685.38,685.41,0
2026-07-30 16:07:00,685.4099,685.96,685.3506,685.67,0
2026-07-30 16:08:00,685.59,685.92,685.4999,685.4999,0
2026-07-30 16:09:00,685.5,685.58,683.55,685.3515,0
2026-07-30 16:10:00,685.2091,685.45,683.55,685.36,0
2026-07-30 16:11:00,685.33,685.47,684.83,684.91,0
2026-07-30 16:12:00,684.87,685.68,684.87,685.67,0
2026-07-30 16:13:00,685.55,685.86,685.55,685.8,0
2026-07-30 16:14:00,685.73,685.95,685.73,685.91,0
2026-07-30 16:15:00,683.55,686.35,683.55,686.35,0
2026-07-30 16:16:00,686.2967,686.44,686.18,686.25,0
2026-07-30 16:17:00,686.2,686.2289,685.8691,685.98,0
2026-07-30 16:18:00,686.06,686.3,685.83,686.22,0
2026-07-30 16:19:00,686.2556,686.56,686.2556,686.43,0
2026-07-30 16:20:00,683.55,686.85,683.55,686.6,0
2026-07-30 16:21:00,686.5,686.55,686.1801,686.2,0
2026-07-30 16:22:00,686.2537,686.6438,686.206,686.4641,0
2026-07-30 16:23:00,686.5,686.75,686.45,686.5989,0
2026-07-30 16:24:00,686.6489,686.74,686.49,686.72,0
2026-07-30 16:25:00,686.7296,686.7296,686.4207,686.6327,0
2026-07-30 16:26:00,686.5867,686.8,686.56,686.64,0
2026-07-30 16:27:00,686.6614,686.74,686.3769,686.3948,0
2026-07-30 16:28:00,686.4,686.68,686.39,686.658,0
2026-07-30 16:29:00,686.6426,686.8196,686.64,686.67,0
2026-07-30 16:30:00,686.73,687.65,685.5,685.6,0
2026-07-30 16:31:00,685.56,686.19,685.56,685.94,0
2026-07-30 16:32:00,685.8346,686.62,683.55,686.62,0
2026-07-30 16:33:00,686.5111,686.8259,686.37,686.64,0
2026-07-30 16:34:00,686.58,686.7,686.5,686.5899,0
2026-07-30 16:35:00,686.56,686.56,685.98,686.0891,0
2026-07-30 16:36:00,686.001,686.12,685.81,686.05,0
2026-07-30 16:37:00,686.1,686.24,685.8,686.11,0
2026-07-30 16:38:00,686.107,686.4,686.01,686.31,0
2026-07-30 16:39:00,686.34,686.39,686.1001,686.2686,0
2026-07-30 16:40:00,686.18,686.18,685.9,685.99,0
2026-07-30 16:41:00,686.01,686.1089,685.76,686.09,0
2026-07-30 16:42:00,686.0415,686.44,686.0415,686.41,0
2026-07-30 16:43:00,686.43,686.5952,686.3509,686.52,0
2026-07-30 16:44:00,686.5006,686.6599,686.4,686.62,0
2026-07-30 16:45:00,686.5814,686.6915,686.34,686.34,0
2026-07-30 16:46:00,686.3077,686.41,686.281,686.3,0
2026-07-30 16:47:00,686.3033,686.3033,686.13,686.2,0
2026-07-30 16:48:00,686.25,686.3,686.17,686.2407,0
2026-07-30 16:49:00,686.2067,686.2986,686.11,686.19,0
2026-07-30 16:50:00,686.21,686.29,685.9,685.9,0
2026-07-30 16:51:00,685.9167,686.1515,638.2509,686.06,0
2026-07-30 16:52:00,686.0634,686.17,651.5531,685.9159,0
2026-07-30 16:53:00,685.883,686.0,685.87,685.96,0
2026-07-30 16:54:00,685.92,686.0,638.2509,685.95,0
2026-07-30 16:55:00,685.9746,686.1711,651.5531,686.11,0
2026-07-30 16:56:00,686.02,686.05,685.8015,685.918,0
2026-07-30 16:57:00,685.91,685.9956,685.85,685.9127,0
2026-07-30 16:58:00,685.85,686.11,681.274,686.06,0
2026-07-30 16:59:00,685.997,686.0296,683.55,686.0,0
2026-07-30 17:00:00,686.0,686.0,685.89,685.9537,0
2026-07-30 17:01:00,685.9172,685.9172,685.82,685.88,0
2026-07-30 17:02:00,685.86,686.0,685.85,685.908,0
2026-07-30 17:03:00,685.9,686.0,683.55,685.7811,0
2026-07-30 17:04:00,685.7816,685.7816,685.6,685.6,0
2026-07-30 17:05:00,685.5996,685.71,685.51,685.6849,0
2026-07-30 17:06:00,685.6673,685.69,685.5,685.6162,0
2026-07-30 17:07:00,685.6685,685.71,685.6685,685.71,0
2026-07-30 17:08:00,685.6614,685.8,685.5,685.66,0
2026-07-30 17:09:00,685.66,685.8,685.51,685.705,0
2026-07-30 17:10:00,685.64,685.8999,685.5146,685.75,0
2026-07-30 17:11:00,685.7,685.7,685.63,685.7,0
2026-07-30 17:12:00,685.7,685.89,685.5568,685.79,0
2026-07-30 17:13:00,685.7,685.9,683.55,685.6799,0
2026-07-30 17:14:00,685.79,685.893,685.61,685.69,0
2026-07-30 17:15:00,685.74,686.0,685.72,685.9001,0
2026-07-30 17:16:00,685.81,686.29,685.81,686.213,0
2026-07-30 17:17:00,686.24,686.29,686.0252,686.29,0
2026-07-30 17:18:00,686.28,686.39,686.23,686.25,0
2026-07-30 17:19:00,686.25,686.47,686.24,686.47,0
2026-07-30 17:20:00,686.4937,686.59,686.24,686.37,0
2026-07-30 17:21:00,686.39,686.59,686.3037,686.5289,0
2026-07-30 17:22:00,686.5733,686.5733,686.02,686.18,0
2026-07-30 17:23:00,686.15,686.26,686.04,686.0751,0
2026-07-30 17:24:00,686.24,686.25,686.0,686.25,0
2026-07-30 17:25:00,686.25,686.25,686.0,686.2274,0
2026-07-30 17:26:00,686.19,686.25,685.96,685.96,0
2026-07-30 17:27:00,685.96,686.12,685.96,685.97,0
2026-07-30 17:28:00,685.97,686.09,685.97,685.99,0
2026-07-30 17:29:00,685.99,686.0416,683.55,685.74,0
2026-07-30 17:30:00,685.58,685.66,685.5,685.5096,0
2026-07-30 17:31:00,685.5815,685.65,685.5022,685.65,0
2026-07-30 17:32:00,685.6228,685.6595,685.3,685.3759,0
2026-07-30 17:33:00,685.3759,685.67,685.3,685.57,0
2026-07-30 17:34:00,685.5731,685.98,685.5731,685.94,0
2026-07-30 17:35:00,685.97,685.98,683.69,685.79,0
2026-07-30 17:36:00,685.87,685.94,685.63,685.88,0
2026-07-30 17:37:00,685.92,685.92,685.66,685.8448,0
2026-07-30 17:38:00,685.71,685.98,685.6377,685.98,0
2026-07-30 17:39:00,686.0,686.26,683.55,686.2,0
2026-07-30 17:40:00,686.2,686.43,686.0726,686.4299,0
2026-07-30 17:41:00,686.39,686.4,686.15,686.15,0
2026-07-30 17:42:00,686.16,686.16,686.04,686.04,0
2026-07-30 17:43:00,686.04,686.37,686.04,686.1462,0
2026-07-30 17:44:00,686.15,686.43,686.1406,686.4001,0
2026-07-30 17:45:00,686.35,686.43,686.35,686.4005,0
2026-07-30 17:46:00,686.43,686.83,686.4,686.63,0
2026-07-30 17:47:00,686.7233,686.99,686.6,686.96,0
2026-07-30 17:48:00,686.9895,686.99,686.71,686.9387,0
2026-07-30 17:49:00,686.9387,686.95,686.8201,686.86,0
2026-07-30 17:50:00,686.94,686.99,686.8248,686.99,0
2026-07-30 17:51:00,686.97,687.15,686.88,687.13,0
2026-07-30 17:52:00,687.1,687.25,686.99,687.1052,0
2026-07-30 17:53:00,687.1448,687.25,687.1041,687.16,0
2026-07-30 17:54:00,687.16,687.1618,686.51,686.82,0
2026-07-30 17:55:00,686.75,686.8,686.2,686.72,0
2026-07-30 17:56:00,686.6326,686.6326,685.91,686.2,0
2026-07-30 17:57:00,686.3472,686.38,685.8634,686.09,0
2026-07-30 17:58:00,686.1,686.37,685.82,686.1572,0
2026-07-30 17:59:00,686.1572,686.35,686.04,686.2721,0
2026-07-30 18:00:00,685.76,686.44,685.36,686.23,0
2026-07-30 18:01:00,686.3577,687.44,686.0892,687.28,0
2026-07-30 18:02:00,687.45,687.7203,687.1217,687.6216,0
2026-07-30 18:03:00,687.72,687.86,687.5,687.7996,0
2026-07-30 18:04:00,687.71,687.8297,687.5403,687.6976,0
2026-07-30 18:05:00,687.69,687.69,687.347,687.5048,0
2026-07-30 18:06:00,687.5,687.5,687.12,687.1459,0
2026-07-30 18:07:00,687.14,687.2606,687.12,687.2,0
2026-07-30 18:08:00,687.36,687.4,687.0,687.23,0
2026-07-30 18:09:00,687.3731,687.53,687.32,687.51,0
2026-07-30 18:10:00,687.6,687.82,687.46,687.75,0
2026-07-30 18:11:00,687.74,687.7759,687.55,687.67,0
2026-07-30 18:12:00,687.7,687.7,687.21,687.27,0
2026-07-30 18:13:00,687.3414,687.37,687.12,687.12,0
2026-07-30 18:14:00,687.1461,687.28,687.1,687.273,0
2026-07-30 18:15:00,687.2688,687.5196,687.2,687.5015,0
2026-07-30 18:16:00,687.4596,687.7699,687.4596,687.6899,0
2026-07-30 18:17:00,687.63,687.75,687.5793,687.7415,0
2026-07-30 18:18:00,687.7283,687.7283,687.17,687.3269,0
2026-07-30 18:19:00,687.27,687.4711,687.23,687.34,0
2026-07-30 18:20:00,687.38,687.38,687.12,687.14,0
2026-07-30 18:21:00,687.1115,687.1715,686.98,686.98,0
2026-07-30 18:22:00,687.0015,687.0545,686.98,687.0309,0
2026-07-30 18:23:00,687.0377,687.0377,686.6,686.71,0
2026-07-30 18:24:00,686.7486,686.76,686.65,686.67,0
2026-07-30 18:25:00,686.6638,687.09,686.6638,686.9309,0
2026-07-30 18:26:00,686.9122,686.9122,686.63,686.63,0
2026-07-30 18:27:00,686.57,686.6,686.5,686.5,0
2026-07-30 18:28:00,686.6152,686.72,686.52,686.72,0
2026-07-30 18:29:00,686.61,686.62,686.48,686.52,0
2026-07-30 18:30:00,686.54,686.58,686.48,686.49,0
2026-07-30 18:31:00,686.49,686.49,686.1316,686.1399,0
2026-07-30 18:32:00,686.13,686.21,686.06,686.1001,0
2026-07-30 18:33:00,686.1467,686.5267,686.13,686.45,0
2026-07-30 18:34:00,686.45,686.8,686.4185,686.78,0
2026-07-30 18:35:00,686.76,686.93,686.65,686.9299,0
2026-07-30 18:36:00,686.93,687.09,686.84,687.09,0
2026-07-30 18:37:00,687.0024,687.3,686.9991,687.21,0
2026-07-30 18:38:00,687.1918,687.34,687.1501,687.3,0
2026-07-30 18:39:00,687.2809,687.368,687.1,687.2507,0
2026-07-30 18:40:00,687.2709,687.33,687.15,687.33,0
2026-07-30 18:41:00,687.27,687.2811,687.19,687.26,0
2026-07-30 18:42:00,687.1284,687.5582,687.1284,687.52,0
2026-07-30 18:43:00,687.48,687.48,687.3,687.3622,0
2026-07-30 18:44:00,687.43,687.74,687.43,687.6769,0
2026-07-30 18:45:00,687.66,687.75,687.53,687.6,0
2026-07-30 18:46:00,687.55,687.7327,687.55,687.7,0
2026-07-30 18:47:00,687.6,687.6277,687.54,687.6099,0
2026-07-30 18:48:00,687.6,687.6,687.4967,687.51,0
2026-07-30 18:49:00,687.56,687.63,687.53,687.63,0
2026-07-30 18:50:00,687.6,687.65,687.52,687.65,0
2026-07-30 18:51:00,687.6479,687.6479,687.46,687.5,0
2026-07-30 18:52:00,687.5172,687.6733,687.502,687.66,0
2026-07-30 18:53:00,687.73,687.8899,687.73,687.8899,0
2026-07-30 18:54:00,687.86,687.89,687.7333,687.7385,0
2026-07-30 18:55:00,687.7141,687.76,687.6,687.75,0
2026-07-30 18:56:00,687.8344,687.8344,687.738,687.75,0
2026-07-30 18:57:00,687.64,687.68,687.58,687.5828,0
2026-07-30 18:58:00,687.61,687.62,687.5,687.58,0
2026-07-30 18:59:00,687.5759,687.63,687.54,687.54,0
2026-07-30 19:00:00,687.57,687.77,687.52,687.55,0
2026-07-30 19:01:00,687.6633,688.17,687.6633,688.17,0
2026-07-30 19:02:00,688.14,688.16,687.98,688.0585,0
2026-07-30 19:03:00,688.0,688.21,687.9463,688.21,0
2026-07-30 19:04:00,688.1172,688.15,688.07,688.0867,0
2026-07-30 19:05:00,688.0606,688.0986,687.9837,688.02,0
2026-07-30 19:06:00,688.07,688.1022,687.98,688.0811,0
2026-07-30 19:07:00,688.05,688.05,688.0,688.0,0
2026-07-30 19:08:00,688.03,688.03,687.8699,687.8699,0
2026-07-30 19:09:00,687.94,687.94,687.51,687.51,0
2026-07-30 19:10:00,687.5,687.5,687.18,687.2681,0
2026-07-30 19:11:00,687.22,687.2409,687.12,687.1981,0
2026-07-30 19:12:00,687.19,687.3311,687.1363,687.2078,0
2026-07-30 19:13:00,687.27,687.3576,687.2073,687.34,0
2026-07-30 19:14:00,687.3316,687.3316,687.2491,687.256,0
2026-07-30 19:15:00,687.2435,687.329,687.2369,687.24,0
2026-07-30 19:16:00,687.24,687.24,687.08,687.11,0
2026-07-30 19:17:00,687.0705,687.16,687.0,687.16,0
2026-07-30 19:18:00,687.0922,687.14,686.972,687.14,0
2026-07-30 19:19:00,687.0812,687.1211,687.0812,687.0899,0
2026-07-30 19:20:00,687.05,687.09,686.99,686.9901,0
2026-07-30 19:21:00,687.08,687.08,686.7708,686.7708,0
2026-07-30 19:22:00,686.77,686.96,686.77,686.88,0
2026-07-30 19:23:00,686.95,686.9695,686.88,686.92,0
2026-07-30 19:24:00,686.91,686.9311,686.86,686.8948,0
2026-07-30 19:25:00,686.9,687.38,686.88,687.3081,0
2026-07-30 19:26:00,687.2509,687.3267,687.2311,687.24,0
2026-07-30 19:27:00,687.1989,687.27,687.15,687.15,0
2026-07-30 19:28:00,687.19,687.19,687.0104,687.0338,0
2026-07-30 19:29:00,687.0,687.1996,686.9382,687.0955,0
2026-07-30 19:30:00,687.0,687.05,686.9189,687.0,0
2026-07-30 19:31:00,687.2,687.23,687.02,687.03,0
2026-07-30 19:32:00,687.0457,687.31,686.73,687.2485,0
2026-07-30 19:33:00,687.1,687.25,687.0906,687.2452,0
2026-07-30 19:34:00,687.2807,687.2807,687.1669,687.2161,0
2026-07-30 19:35:00,687.26,687.26,687.12,687.242,0
2026-07-30 19:36:00,687.25,687.2885,687.19,687.2776,0
2026-07-30 19:37:00,687.26,687.27,687.12,687.12,0
2026-07-30 19:38:00,687.19,687.24,687.09,687.199,0
2026-07-30 19:39:00,687.23,687.55,687.22,687.54,0
2026-07-30 19:40:00,687.48,687.6085,687.48,687.54,0
2026-07-30 19:41:00,687.556,688.0,687.52,688.0,0
2026-07-30 19:42:00,687.83,687.99,687.67,687.67,0
2026-07-30 19:43:00,687.66,687.75,687.59,687.75,0
2026-07-30 19:44:00,687.68,687.76,687.6224,687.7403,0
2026-07-30 19:45:00,687.66,687.82,687.66,687.82,0
2026-07-30 19:46:00,687.87,688.13,687.816,688.09,0
2026-07-30 19:47:00,688.09,688.2,687.97,687.97,0
2026-07-30 19:48:00,688.0682,688.0682,687.91,687.912,0
2026-07-30 19:49:00,687.9709,688.09,687.9,688.09,0
2026-07-30 19:50:00,688.0,688.0,687.46,687.46,0
2026-07-30 19:51:00,687.5,688.0,687.5,688.0,0
2026-07-30 19:52:00,688.15,688.54,688.0,688.4563,0
2026-07-30 19:53:00,688.46,688.46,688.2593,688.3423,0
2026-07-30 19:54:00,688.34,688.4899,688.3,688.45,0
2026-07-30 19:55:00,688.5,688.74,688.4662,688.65,0
2026-07-30 19:56:00,688.66,688.689,688.47,688.6162,0
2026-07-30 19:57:00,688.6499,688.71,688.5578,688.68,0
2026-07-30 19:58:00,688.67,688.7,688.35,688.3538,0
2026-07-30 19:59:00,688.32,688.3926,688.22,688.25,0
2026-07-31 04:00:00,691.95,692.93,683.55,692.24,0
2026-07-31 04:01:00,692.2107,692.93,688.51,691.65,0
2026-07-31 04:02:00,691.8,691.8,691.5,691.64,0
2026-07-31 04:03:00,691.73,691.73,691.2282,691.2282,0
2026-07-31 04:04:00,691.25,691.36,691.07,691.25,0
2026-07-31 04:05:00,691.17,691.51,689.14,691.43,0
2026-07-31 04:06:00,691.43,692.01,691.32,691.51,0
2026-07-31 04:07:00,692.49,692.84,690.07,691.83,0
2026-07-31 04:08:00,691.8682,691.8682,691.155,691.155,0
2026-07-31 04:09:00,691.0985,691.12,691.0,691.1,0
2026-07-31 04:10:00,691.0625,691.1377,690.86,691.05,0
2026-07-31 04:11:00,691.28,691.41,691.28,691.37,0
2026-07-31 04:12:00,691.45,691.5,691.39,691.4582,0
2026-07-31 04:13:00,691.75,692.04,691.75,692.0,0
2026-07-31 04:14:00,692.04,692.12,691.94,692.08,0
2026-07-31 04:15:00,692.07,692.34,692.07,692.1,0
2026-07-31 04:16:00,691.9682,692.07,691.9682,692.03,0
2026-07-31 04:17:00,692.0,692.1103,692.0,692.1103,0
2026-07-31 04:18:00,692.145,692.2,692.0781,692.08,0
2026-07-31 04:19:00,691.99,692.55,691.99,692.4611,0
2026-07-31 04:20:00,692.45,692.55,692.23,692.4123,0
2026-07-31 04:21:00,692.5,692.5,692.21,692.2117,0
2026-07-31 04:22:00,692.2716,692.3507,692.0782,692.0782,0
2026-07-31 04:23:00,692.17,692.17,691.84,691.89,0
2026-07-31 04:24:00,691.91,692.029,691.82,692.0,0
2026-07-31 04:25:00,692.175,692.48,692.17,692.48,0
2026-07-31 04:26:00,692.43,692.43,692.29,692.321,0
2026-07-31 04:27:00,692.26,692.71,692.24,692.6115,0
2026-07-31 04:28:00,692.65,692.75,692.61,692.67,0
2026-07-31 04:29:00,692.6928,692.86,692.6,692.61,0
2026-07-31 04:30:00,692.6282,692.77,692.41,692.73,0
2026-07-31 04:31:00,692.6634,692.6988,692.5158,692.6988,0
2026-07-31 04:32:00,692.7277,692.86,692.589,692.61,0
2026-07-31 04:33:00,692.57,692.6,692.46,692.51,0
2026-07-31 04:34:00,692.53,692.665,692.46,692.542,0
2026-07-31 04:35:00,692.51,692.51,692.4,692.44,0
2026-07-31 04:36:00,692.4,692.4327,692.347,692.375,0
2026-07-31 04:37:00,692.4,692.43,692.2,692.4,0
2026-07-31 04:38:00,692.43,692.44,692.27,692.27,0
2026-07-31 04:39:00,692.2792,692.33,692.1,692.1,0
2026-07-31 04:40:00,692.07,692.11,691.86,691.86,0
2026-07-31 04:41:00,691.85,691.97,691.755,691.8682,0
2026-07-31 04:42:00,691.882,691.98,691.882,691.96,0
2026-07-31 04:43:00,692.02,692.0592,691.96,692.0592,0
2026-07-31 04:44:00,692.0,692.06,691.7987,691.905,0
2026-07-31 04:45:00,691.86,691.97,691.85,691.9404,0
2026-07-31 04:46:00,692.02,692.21,692.0,692.21,0
2026-07-31 04:47:00,692.25,692.6,692.25,692.58,0
2026-07-31 04:48:00,692.6,692.68,692.56,692.62,0
2026-07-31 04:49:00,692.6,692.639,692.5,692.52,0
2026-07-31 04:50:00,692.6017,692.655,692.44,692.5,0
2026-07-31 04:51:00,692.61,692.6198,692.49,692.49,0
2026-07-31 04:52:00,692.5515,692.61,692.42,692.42,0
2026-07-31 04:53:00,692.36,692.51,692.36,692.448,0
2026-07-31 04:54:00,692.3442,692.38,692.2746,692.278,0
2026-07-31 04:55:00,692.2882,692.44,692.2304,692.42,0
2026-07-31 04:56:00,692.51,692.84,692.51,692.708,0
2026-07-31 04:57:00,692.6811,692.78,692.6811,692.73,0
2026-07-31 04:58:00,692.7,692.7,692.61,692.66,0
2026-07-31 04:59:00,692.6617,692.8,692.6617,692.75,0
2026-07-31 05:00:00,692.85,693.09,692.6492,693.09,0
2026-07-31 05:01:00,693.0,693.028,692.78,692.9,0
2026-07-31 05:02:00,692.96,693.12,692.95,692.96,0
2026-07-31 05:03:00,693.0,693.0,692.71,692.86,0
2026-07-31 05:04:00,693.03,693.14,692.95,693.02,0
2026-07-31 05:05:00,693.05,693.09,692.668,692.668,0
2026-07-31 05:06:00,692.83,693.24,692.83,693.2,0
2026-07-31 05:07:00,693.25,693.25,693.17,693.2,0
2026-07-31 05:08:00,693.2,693.2113,693.15,693.15,0
2026-07-31 05:09:00,693.1617,693.2277,693.01,693.2152,0
2026-07-31 05:10:00,693.25,693.62,693.2069,693.62,0
2026-07-31 05:11:00,693.6,693.6,693.45,693.56,0
2026-07-31 05:12:00,693.52,693.56,693.48,693.5,0
2026-07-31 05:13:00,693.5,693.5,693.35,693.35,0
2026-07-31 05:14:00,693.36,693.41,693.27,693.33,0
2026-07-31 05:15:00,693.32,693.39,693.24,693.39,0
2026-07-31 05:16:00,693.3,693.35,693.0,693.03,0
2026-07-31 05:17:00,693.0136,693.08,692.99,693.08,0
2026-07-31 05:18:00,693.11,693.23,693.07,693.23,0
2026-07-31 05:19:00,693.2311,693.29,692.96,692.96,0
2026-07-31 05:20:00,692.93,693.19,692.91,693.17,0
2026-07-31 05:21:00,693.0601,693.16,692.87,693.0007,0
2026-07-31 05:22:00,692.94,692.95,692.84,692.85,0
2026-07-31 05:23:00,692.7685,692.86,692.6806,692.86,0
2026-07-31 05:24:00,692.78,692.88,692.7709,692.8115,0
2026-07-31 05:25:00,692.83,692.88,692.6935,692.852,0
2026-07-31 05:26:00,693.0,693.0109,692.9,692.97,0
2026-07-31 05:27:00,692.94,692.94,692.8382,692.8382,0
2026-07-31 05:28:00,692.7792,692.7792,692.36,692.36,0
2026-07-31 05:29:00,692.42,692.42,692.3,692.39,0
2026-07-31 05:30:00,692.36,692.39,692.2,692.2217,0
2026-07-31 05:31:00,692.19,692.3288,692.135,692.28,0
2026-07-31 05:32:00,692.24,692.25,692.1604,692.1604,0
2026-07-31 05:33:00,692.119,692.1944,691.93,692.16,0
2026-07-31 05:34:00,692.04,692.04,691.79,691.79,0
2026-07-31 05:35:00,691.83,691.86,691.7,691.7,0
2026-07-31 05:36:00,691.75,691.75,691.39,691.39,0
2026-07-31 05:37:00,691.4,691.57,691.4,691.54,0
2026-07-31 05:38:00,691.5727,691.59,691.04,691.19,0
2026-07-31 05:39:00,691.13,691.19,691.065,691.19,0
2026-07-31 05:40:00,691.29,691.45,691.27,691.45,0
2026-07-31 05:41:00,691.37,691.53,691.3517,691.49,0
2026-07-31 05:42:00,691.49,691.65,691.41,691.63,0
2026-07-31 05:43:00,691.53,691.59,691.53,691.58,0
2026-07-31 05:44:00,691.59,691.628,691.45,691.5367,0
2026-07-31 05:45:00,691.53,691.8,691.53,691.8,0
2026-07-31 05:46:00,691.71,691.7104,691.6,691.6,0
2026-07-31 05:47:00,691.59,691.6,691.59,691.6,0
2026-07-31 05:48:00,691.62,691.77,691.5691,691.59,0
2026-07-31 05:49:00,691.56,691.8581,691.495,691.8581,0
2026-07-31 05:50:00,691.7512,691.9053,691.7512,691.82,0
2026-07-31 05:51:00,691.86,691.86,691.3466,691.42,0
2026-07-31 05:52:00,691.58,691.67,691.53,691.56,0
2026-07-31 05:53:00,691.63,691.63,691.449,691.4704,0
2026-07-31 05:54:00,691.47,691.5917,691.3885,691.39,0
2026-07-31 05:55:00,691.39,691.58,691.39,691.58,0
2026-07-31 05:56:00,691.5,691.5088,691.078,691.15,0
2026-07-31 05:57:00,691.1295,691.1295,691.02,691.0757,0
2026-07-31 05:58:00,691.06,691.13,691.02,691.13,0
2026-07-31 05:59:00,691.11,691.11,690.95,691.03,0
2026-07-31 06:00:00,690.96,691.05,690.77,690.77,0
2026-07-31 06:01:00,690.79,691.1911,690.77,691.1911,0
2026-07-31 06:02:00,691.25,691.32,690.89,690.89,0
2026-07-31 06:03:00,691.048,691.15,691.02,691.11,0
2026-07-31 06:04:00,691.0682,691.102,690.9,690.96,0
2026-07-31 06:05:00,691.03,691.03,690.88,690.91,0
2026-07-31 06:06:00,690.78,690.96,690.7695,690.96,0
2026-07-31 06:07:00,690.89,691.05,690.89,691.0,0
2026-07-31 06:08:00,691.29,691.31,691.01,691.01,0
2026-07-31 06:09:00,691.0895,691.2,691.045,691.06,0
2026-07-31 06:10:00,691.19,691.2885,691.1,691.2885,0
2026-07-31 06:11:00,691.25,691.25,691.19,691.2,0
2026-07-31 06:12:00,691.27,691.5,691.27,691.5,0
2026-07-31 06:13:00,691.5291,691.64,691.5291,691.64,0
2026-07-31 06:14:00,691.5893,691.76,691.5893,691.6,0
2026-07-31 06:15:00,691.579,691.579,691.45,691.45,0
2026-07-31 06:16:00,691.4,691.56,691.4,691.56,0
2026-07-31 06:17:00,691.54,691.54,691.4515,691.5182,0
2026-07-31 06:18:00,691.65,691.65,691.6,691.6,0
2026-07-31 06:19:00,691.6243,691.8,691.6243,691.8,0
2026-07-31 06:20:00,691.9,692.0,691.89,691.99,0
2026-07-31 06:21:00,691.99,692.02,691.97,692.02,0
2026-07-31 06:22:00,692.0,692.03,691.96,692.0,0
2026-07-31 06:23:00,691.97,692.04,691.9688,692.0,0
2026-07-31 06:24:00,691.97,691.97,691.5785,691.61,0
2026-07-31 06:25:00,691.6,691.89,691.6,691.89,0
2026-07-31 06:26:00,691.85,691.85,691.79,691.79,0
2026-07-31 06:27:00,691.7396,691.79,691.7396,691.79,0
2026-07-31 06:28:00,691.79,692.14,691.79,692.1,0
2026-07-31 06:29:00,691.98,691.98,691.87,691.94,0
2026-07-31 06:30:00,692.08,692.09,691.88,691.9996,0
2026-07-31 06:31:00,692.018,692.05,691.8817,691.8817,0
2026-07-31 06:32:00,691.87,692.0,691.79,691.98,0
2026-07-31 06:33:00,691.83,691.945,691.78,691.78,0
2026-07-31 06:34:00,691.8346,692.05,691.7783,691.85,0
2026-07-31 06:35:00,691.9,691.91,691.77,691.7766,0
2026-07-31 06:36:00,691.79,691.9431,691.77,691.9415,0
2026-07-31 06:37:00,691.99,691.99,691.9,691.9,0
2026-07-31 06:38:00,691.9,691.9,691.73,691.8466,0
2026-07-31 06:39:00,691.91,691.98,691.91,691.98,0
2026-07-31 06:40:00,692.1,692.1,691.98,691.98,0
2026-07-31 06:41:00,692.031,692.17,692.031,692.17,0
2026-07-31 06:42:00,692.16,692.2,692.1382,692.162,0
2026-07-31 06:43:00,692.15,692.19,692.045,692.0772,0
2026-07-31 06:44:00,692.06,692.19,692.0422,692.05,0
2026-07-31 06:45:00,692.25,692.35,692.075,692.26,0
2026-07-31 06:46:00,692.22,692.22,692.158,692.158,0
2026-07-31 06:47:00,692.09,692.14,691.96,691.96,0
2026-07-31 06:48:00,691.83,691.92,691.75,691.84,0
2026-07-31 06:49:00,691.71,691.71,691.51,691.56,0
2026-07-31 06:50:00,691.6323,691.87,691.6,691.79,0
2026-07-31 06:51:00,691.8059,691.855,691.7006,691.7006,0
2026-07-31 06:52:00,691.89,692.005,691.85,691.85,0
2026-07-31 06:53:00,691.9,691.92,691.85,691.87,0
2026-07-31 06:54:00,691.91,692.17,691.91,692.17,0
2026-07-31 06:55:00,692.22,692.22,692.02,692.02,0
2026-07-31 06:56:00,692.0,692.0377,691.93,692.0377,0
2026-07-31 06:57:00,691.95,691.95,691.85,691.92,0
2026-07-31 06:58:00,691.86,691.9353,691.75,691.9353,0
2026-07-31 06:59:00,691.8394,691.8394,691.635,691.77,0
2026-07-31 07:00:00,691.83,692.24,683.55,692.1462,0
2026-07-31 07:01:00,692.1307,692.6855,683.55,692.6117,0
2026-07-31 07:02:00,692.6735,692.75,692.45,692.712,0
2026-07-31 07:03:00,692.7101,693.06,692.61,692.945,0
2026-07-31 07:04:00,692.9371,693.0,692.73,693.0,0
2026-07-31 07:05:00,692.9687,693.084,692.8486,692.93,0
2026-07-31 07:06:00,692.87,693.03,692.8655,693.0,0
2026-07-31 07:07:00,693.0,693.25,692.9324,693.245,0
2026-07-31 07:08:00,693.2112,693.25,692.9244,692.9246,0
2026-07-31 07:09:00,692.9577,693.1112,692.77,692.969,0
2026-07-31 07:10:00,692.9262,692.98,692.6855,692.7908,0
2026-07-31 07:11:00,692.7892,692.7892,692.58,692.667,0
2026-07-31 07:12:00,692.6235,692.7006,692.5212,692.61,0
2026-07-31 07:13:00,692.61,692.65,692.42,692.541,0
2026-07-31 07:14:00,692.54,692.62,692.5019,692.5207,0
2026-07-31 07:15:00,692.57,692.6,692.01,692.01,0
2026-07-31 07:16:00,692.0791,692.08,691.7,691.8515,0
2026-07-31 07:17:00,691.85,691.8845,691.7407,691.788,0
2026-07-31 07:18:00,691.9,691.91,691.57,691.72,0
2026-07-31 07:19:00,691.71,691.76,691.621,691.76,0
2026-07-31 07:20:00,691.76,691.8481,691.6118,691.62,0
2026-07-31 07:21:00,691.68,691.7483,691.62,691.7483,0
2026-07-31 07:22:00,691.6239,691.79,691.53,691.79,0
2026-07-31 07:23:00,691.831,691.9,691.7,691.73,0
2026-07-31 07:24:00,691.8255,691.93,691.73,691.8699,0
2026-07-31 07:25:00,691.83,691.9501,691.58,691.58,0
2026-07-31 07:26:00,691.61,691.9531,691.61,691.9531,0
2026-07-31 07:27:00,691.95,692.11,691.76,692.11,0
2026-07-31 07:28:00,692.18,692.22,691.97,691.97,0
2026-07-31 07:29:00,691.94,691.98,691.4,691.5684,0
2026-07-31 07:30:00,691.536,691.55,691.2,691.2278,0
2026-07-31 07:31:00,691.29,691.5,691.1,691.2,0
2026-07-31 07:32:00,691.22,691.32,691.07,691.28,0
2026-07-31 07:33:00,691.268,691.268,690.865,691.155,0
2026-07-31 07:34:00,691.1785,691.2589,691.09,691.0901,0
2026-07-31 07:35:00,691.21,691.6502,691.14,691.6502,0
2026-07-31 07:36:00,691.66,691.69,691.2619,691.28,0
2026-07-31 07:37:00,691.2482,691.2482,691.0,691.043,0
2026-07-31 07:38:00,691.0558,691.1683,691.053,691.15,0
2026-07-31 07:39:00,691.15,691.15,690.9005,691.0,0
2026-07-31 07:40:00,690.943,691.13,690.7912,691.08,0
2026-07-31 07:41:00,691.06,691.1058,690.92,691.0901,0
2026-07-31 07:42:00,691.15,691.2918,691.07,691.26,0
2026-07-31 07:43:00,691.25,691.25,690.9224,691.2,0
2026-07-31 07:44:00,691.16,691.18,691.03,691.18,0
2026-07-31 07:45:00,691.213,691.3,691.07,691.2327,0
2026-07-31 07:46:00,691.2507,691.2507,691.02,691.1892,0
2026-07-31 07:47:00,691.0301,691.1875,691.0301,691.16,0
2026-07-31 07:48:00,691.16,691.38,691.0618,691.3082,0
2026-07-31 07:49:00,691.33,691.4,691.27,691.35,0
2026-07-31 07:50:00,691.4341,691.56,691.38,691.5452,0
2026-07-31 07:51:00,691.58,691.5912,691.39,691.5292,0
2026-07-31 07:52:00,691.4985,691.6,691.4985,691.6,0
2026-07-31 07:53:00,691.5974,691.6,691.45,691.5635,0
2026-07-31 07:54:00,691.6461,691.69,691.5104,691.5782,0
2026-07-31 07:55:00,691.58,691.58,691.38,691.4311,0
2026-07-31 07:56:00,691.4,691.47,691.34,691.4526,0
2026-07-31 07:57:00,691.4711,691.5408,691.45,691.5408,0
2026-07-31 07:58:00,691.56,691.613,691.5309,691.5983,0
2026-07-31 07:59:00,691.5894,691.5894,691.4356,691.5097,0
2026-07-31 08:00:00,691.5777,691.5911,690.88,691.0457,0
2026-07-31 08:01:00,690.9491,691.1278,690.8,690.8105,0
2026-07-31 08:02:00,690.82,690.9,690.7679,690.87,0
2026-07-31 08:03:00,690.8182,690.8493,690.48,690.48,0
2026-07-31 08:04:00,690.56,690.56,690.444,690.5501,0
2026-07-31 08:05:00,690.6014,690.6014,690.28,690.31,0
2026-07-31 08:06:00,690.3,690.44,690.25,690.39,0
2026-07-31 08:07:00,690.55,690.59,690.4261,690.46,0
2026-07-31 08:08:00,690.48,690.6097,690.35,690.35,0
2026-07-31 08:09:00,690.28,690.361,690.16,690.2768,0
2026-07-31 08:10:00,690.23,690.23,689.87,689.98,0
2026-07-31 08:11:00,689.98,690.0612,689.89,689.9704,0
2026-07-31 08:12:00,689.991,690.055,689.82,690.049,0
2026-07-31 08:13:00,690.04,690.0888,689.89,689.95,0
2026-07-31 08:14:00,689.9104,689.96,689.75,689.8282,0
2026-07-31 08:15:00,689.7382,689.8428,689.5985,689.5985,0
2026-07-31 08:16:00,689.5,689.5,689.23,689.41,0
2026-07-31 08:17:00,689.51,689.68,689.4,689.5495,0
2026-07-31 08:18:00,689.51,689.5194,689.08,689.23,0
2026-07-31 08:19:00,689.19,689.39,689.02,689.138,0
2026-07-31 08:20:00,689.2018,689.53,689.16,689.53,0
2026-07-31 08:21:00,689.5,689.8261,689.5,689.82,0
2026-07-31 08:22:00,689.77,689.8182,689.4417,689.4417,0
2026-07-31 08:23:00,689.4344,689.52,689.05,689.5,0
2026-07-31 08:24:00,689.509,689.85,689.509,689.85,0
2026-07-31 08:25:00,689.8499,690.021,689.75,690.021,0
2026-07-31 08:26:00,689.9612,690.06,689.88,689.97,0
2026-07-31 08:27:00,690.0,690.0,689.7,689.799,0
2026-07-31 08:28:00,689.8807,690.21,689.82,690.2,0
2026-07-31 08:29:00,690.15,690.36,690.15,690.17,0
2026-07-31 08:30:00,690.1785,690.21,689.3,690.15,0
2026-07-31 08:31:00,690.13,690.25,689.8203,689.9479,0
2026-07-31 08:32:00,689.89,689.89,689.6,689.7897,0
2026-07-31 08:33:00,689.7463,689.7463,689.185,689.22,0
2026-07-31 08:34:00,689.22,689.4074,689.16,689.3054,0
2026-07-31 08:35:00,689.23,689.5314,689.05,689.5314,0
2026-07-31 08:36:00,689.581,689.581,689.1316,689.2631,0
2026-07-31 08:37:00,689.3384,689.4,689.19,689.2588,0
2026-07-31 08:38:00,689.31,689.4657,689.065,689.2779,0
2026-07-31 08:39:00,689.2891,689.31,688.82,689.034,0
2026-07-31 08:40:00,689.12,689.15,688.99,689.09,0
2026-07-31 08:41:00,689.06,689.44,688.9,689.18,0
2026-07-31 08:42:00,689.2581,689.2581,688.62,688.6867,0
2026-07-31 08:43:00,688.6693,689.1159,688.6,689.1159,0
2026-07-31 08:44:00,689.129,689.129,688.962,689.1,0
2026-07-31 08:45:00,689.0993,689.24,688.79,688.79,0
2026-07-31 08:46:00,689.1868,689.1868,688.79,689.0694,0
2026-07-31 08:47:00,689.0723,689.1726,688.8804,689.02,0
2026-07-31 08:48:00,689.0169,689.1,688.9478,688.9785,0
2026-07-31 08:49:00,688.9285,689.08,688.899,689.08,0
2026-07-31 08:50:00,689.06,689.14,688.86,689.0652,0
2026-07-31 08:51:00,689.1,689.72,689.0413,689.7,0
2026-07-31 08:52:00,689.7,689.8822,689.68,689.8822,0
2026-07-31 08:53:00,689.9,689.94,689.76,689.85,0
2026-07-31 08:54:00,689.9472,689.9472,689.78,689.9034,0
2026-07-31 08:55:00,689.87,689.9689,689.7911,689.7911,0
2026-07-31 08:56:00,689.79,689.9,689.71,689.78,0
2026-07-31 08:57:00,689.8145,689.8701,689.4,689.4,0
2026-07-31 08:58:00,689.49,689.53,689.3899,689.4008,0
2026-07-31 08:59:00,689.5,689.5031,689.36,689.4886,0
2026-07-31 09:00:00,689.4785,689.53,689.22,689.2439,0
2026-07-31 09:01:00,689.27,689.56,689.2348,689.4377,0
2026-07-31 09:02:00,689.4291,689.89,689.32,689.89,0
2026-07-31 09:03:00,689.9,690.1091,689.89,690.0733,0
2026-07-31 09:04:00,689.96,690.11,689.96,690.0192,0
2026-07-31 09:05:00,689.9882,690.22,689.8985,690.205,0
2026-07-31 09:06:00,690.215,690.2788,690.03,690.0934,0
2026-07-31 09:07:00,690.03,690.2896,690.03,690.21,0
2026-07-31 09:08:00,690.271,690.35,690.25,690.3495,0
2026-07-31 09:09:00,690.308,690.51,690.308,690.3876,0
2026-07-31 09:10:00,690.4957,690.9,690.49,690.8796,0
2026-07-31 09:11:00,690.89,690.9213,690.61,690.778,0
2026-07-31 09:12:00,690.71,690.7545,690.6071,690.72,0
2026-07-31 09:13:00,690.66,690.7482,690.6,690.6719,0
2026-07-31 09:14:00,690.6952,690.99,690.6324,690.9356,0
2026-07-31 09:15:00,690.96,691.2,690.96,691.1318,0
2026-07-31 09:16:00,691.1334,691.3,691.1334,691.29,0
2026-07-31 09:17:00,691.28,691.3,691.13,691.25,0
2026-07-31 09:18:00,691.21,691.29,691.07,691.1886,0
2026-07-31 09:19:00,691.18,691.36,691.09,691.17,0
2026-07-31 09:20:00,691.19,691.19,691.01,691.06,0
2026-07-31 09:21:00,691.0908,691.1935,691.0,691.1935,0
2026-07-31 09:22:00,691.0508,691.3846,690.94,691.32,0
2026-07-31 09:23:00,691.3249,691.4943,691.22,691.4068,0
2026-07-31 09:24:00,691.35,691.44,691.149,691.3724,0
2026-07-31 09:25:00,691.47,691.7235,691.46,691.7235,0
2026-07-31 09:26:00,691.6933,691.85,691.5501,691.5624,0
2026-07-31 09:27:00,691.52,691.77,691.41,691.77,0
2026-07-31 09:28:00,691.8,692.2,691.77,691.86,0
2026-07-31 09:29:00,691.938,692.2,691.6591,692.09,0
2026-07-31 09:30:00,692.12,692.97,691.33,692.6339,2458114
2026-07-31 09:31:00,692.59,693.45,692.3,693.32,329777
2026-07-31 09:32:00,693.31,694.3,693.31,694.23,324861
2026-07-31 09:33:00,694.22,694.98,694.2,694.79,351200
2026-07-31 09:34:00,694.79,695.3399,694.7,694.7,298567
2026-07-31 09:35:00,694.69,695.77,694.62,695.31,402582
2026-07-31 09:36:00,695.32,695.41,694.4505,694.7,659306
2026-07-31 09:37:00,694.64,694.8,693.8,694.145,196787
2026-07-31 09:38:00,694.155,694.2,692.285,692.8,242911
2026-07-31 09:39:00,692.8,692.9,691.605,691.75,241305
2026-07-31 09:40:00,691.75,692.05,690.68,691.135,304787
2026-07-31 09:41:00,691.13,692.09,690.76,690.86,217222
2026-07-31 09:42:00,690.94,691.23,689.68,689.735,251110
2026-07-31 09:43:00,689.79,690.28,688.65,689.5038,318053
2026-07-31 09:44:00,689.5,689.8,688.18,688.225,338756
2026-07-31 09:45:00,688.28,689.58,688.06,688.54,609184
2026-07-31 09:46:00,688.61,688.61,687.41,687.79,299674
2026-07-31 09:47:00,687.7819,688.285,687.1019,687.395,180130
2026-07-31 09:48:00,687.35,687.58,686.13,686.63,204413
2026-07-31 09:49:00,686.615,687.05,685.85,686.88,292726
2026-07-31 09:50:00,686.82,687.46,685.86,686.54,209441
2026-07-31 09:51:00,686.59,687.6,686.35,687.52,175639
2026-07-31 09:52:00,687.6588,687.9895,686.33,686.44,193345
2026-07-31 09:53:00,686.52,686.52,685.5818,685.97,298554
2026-07-31 09:54:00,685.96,686.31,685.29,686.19,427741
2026-07-31 09:55:00,686.18,686.96,685.66,686.85,409769
2026-07-31 09:56:00,686.84,687.72,686.65,687.72,438672
2026-07-31 09:57:00,687.72,688.14,687.07,687.12,216372
2026-07-31 09:58:00,687.145,687.4085,686.35,686.4,320551
2026-07-31 09:59:00,686.395,687.285,686.395,686.79,98988
2026-07-31 10:00:00,686.76,687.58,685.88,686.5,338131
2026-07-31 10:01:00,686.51,686.51,685.11,685.98,130325
2026-07-31 10:02:00,686.06,686.37,684.7,685.01,195170
2026-07-31 10:03:00,685.15,685.605,684.56,684.92,355177
2026-07-31 10:04:00,684.9,685.07,683.9,683.97,342402
2026-07-31 10:05:00,683.98,684.34,683.46,684.15,334304
2026-07-31 10:06:00,684.21,684.6769,683.19,683.225,196424
2026-07-31 10:07:00,683.25,683.315,681.9675,682.65,395897
2026-07-31 10:08:00,682.69,682.78,681.06,681.725,373016
2026-07-31 10:09:00,681.71,682.1599,681.0401,681.77,327174
2026-07-31 10:10:00,681.82,682.3,680.535,681.12,516977
2026-07-31 10:11:00,681.21,682.2,681.0212,682.16,266627
2026-07-31 10:12:00,682.18,682.72,681.3,681.47,197834
2026-07-31 10:13:00,681.48,681.5999,680.74,681.07,171886
2026-07-31 10:14:00,680.93,681.73,680.52,681.46,142773
2026-07-31 10:15:00,681.45,682.02,680.78,681.075,156244
2026-07-31 10:16:00,681.03,681.18,680.0512,680.82,242422
2026-07-31 10:17:00,680.9,682.02,680.88,681.31,208125
2026-07-31 10:18:00,681.36,682.85,681.27,682.795,135470
2026-07-31 10:19:00,682.815,683.3,682.36,682.41,269288
2026-07-31 10:20:00,682.36,683.82,681.934,683.6004,172071
2026-07-31 10:21:00,683.5,683.8,682.4,683.08,119544
2026-07-31 10:22:00,683.035,684.1,682.9636,683.87,286205
2026-07-31 10:23:00,683.84,684.06,683.135,683.66,128229
2026-07-31 10:24:00,683.72,683.72,682.1,682.81,229683
2026-07-31 10:25:00,682.81,683.49,682.41,682.87,97641
2026-07-31 10:26:00,682.78,683.1694,682.38,682.71,78474
2026-07-31 10:27:00,682.87,683.7438,682.04,683.61,78177
2026-07-31 10:28:00,683.68,684.265,683.44,684.21,88617
2026-07-31 10:29:00,684.22,684.3499,683.505,684.2,144623
2026-07-31 10:30:00,684.24,684.55,683.82,684.32,287373
2026-07-31 10:31:00,684.315,684.94,684.115,684.2,161004
2026-07-31 10:32:00,684.22,684.31,683.47,684.31,135036
2026-07-31 10:33:00,684.3896,684.765,683.7,683.705,149987
2026-07-31 10:34:00,683.71,684.11,683.24,683.925,89588
2026-07-31 10:35:00,683.89,685.0,683.79,684.97,89026
2026-07-31 10:36:00,684.94,685.09,684.43,684.735,80226
2026-07-31 10:37:00,684.9,685.24,684.63,684.901,363914
2026-07-31 10:38:00,684.81,685.21,684.49,684.5125,70303
2026-07-31 10:39:00,684.485,684.985,684.4075,684.66,60267
2026-07-31 10:40:00,684.66,685.27,684.64,685.05,94302
2026-07-31 10:41:00,685.07,685.15,684.08,684.16,88632
2026-07-31 10:42:00,684.17,684.17,683.28,683.89,163316
2026-07-31 10:43:00,683.875,684.46,683.55,684.4262,107571
2026-07-31 10:44:00,684.62,684.89,684.31,684.615,59131
2026-07-31 10:45:00,684.65,684.85,683.99,684.18,131389
2026-07-31 10:46:00,684.15,685.53,683.8662,684.77,219050
2026-07-31 10:47:00,684.73,685.01,684.1901,684.88,87579
2026-07-31 10:48:00,684.92,685.8,684.7,685.8,74018
2026-07-31 10:49:00,685.8,686.335,685.54,686.19,655235
2026-07-31 10:50:00,686.195,686.44,685.84,686.05,352203
2026-07-31 10:51:00,686.06,686.51,685.965,686.3999,112191
2026-07-31 10:52:00,686.39,686.43,685.97,686.215,395268
2026-07-31 10:53:00,686.2,686.5,686.02,686.31,67755
2026-07-31 10:54:00,686.31,686.36,685.19,685.3476,119309
2026-07-31 10:55:00,685.4,685.585,684.55,684.85,139631
2026-07-31 10:56:00,684.835,685.9,684.32,685.77,71094
2026-07-31 10:57:00,685.74,686.23,685.57,685.67,76554
2026-07-31 10:58:00,685.69,685.93,685.0801,685.92,70719
2026-07-31 10:59:00,685.9495,685.9597,685.43,685.61,69883
2026-07-31 11:00:00,685.63,686.05,685.03,685.055,111499
2026-07-31 11:01:00,685.07,685.585,684.96,685.21,90601
2026-07-31 11:02:00,685.14,685.7695,685.09,685.52,93412
2026-07-31 11:03:00,685.47,685.7,684.83,685.12,69282
2026-07-31 11:04:00,685.13,686.09,685.08,685.9591,74064
2026-07-31 11:05:00,685.99,686.43,685.44,685.45,88083
2026-07-31 11:06:00,685.53,685.99,685.425,685.56,64071
2026-07-31 11:07:00,685.555,685.75,685.1414,685.51,57038
2026-07-31 11:08:00,685.49,685.62,685.055,685.16,64960
2026-07-31 11:09:00,685.16,685.24,684.37,684.82,88718
2026-07-31 11:10:00,684.875,684.99,684.3101,684.56,45007
2026-07-31 11:11:00,684.55,684.67,683.59,683.77,91856
2026-07-31 11:12:00,683.78,684.6899,683.33,684.575,73957
2026-07-31 11:13:00,684.595,684.87,684.1479,684.837,56656
2026-07-31 11:14:00,684.92,685.4096,684.6301,684.6301,143999
2026-07-31 11:15:00,684.66,686.3,684.62,685.57,124634
2026-07-31 11:16:00,685.57,685.68,684.09,684.415,82040
2026-07-31 11:17:00,684.46,684.545,684.0,684.305,112181
2026-07-31 11:18:00,684.315,684.46,683.89,684.41,37156
2026-07-31 11:19:00,684.395,684.74,684.29,684.47,39726
2026-07-31 11:20:00,684.42,684.7195,683.9,684.09,45833
2026-07-31 11:21:00,684.14,684.51,683.51,683.55,45174
2026-07-31 11:22:00,683.5,683.88,683.17,683.37,215496
2026-07-31 11:23:00,683.34,683.55,683.06,683.4,71563
2026-07-31 11:24:00,683.495,683.495,682.84,682.86,58853
2026-07-31 11:25:00,682.82,683.15,682.32,682.46,90894
2026-07-31 11:26:00,682.47,682.66,681.3263,681.54,159488
2026-07-31 11:27:00,681.54,681.865,681.31,681.37,109479
2026-07-31 11:28:00,681.375,681.91,681.07,681.84,72154
2026-07-31 11:29:00,681.85,682.09,681.39,681.77,89640
2026-07-31 11:30:00,681.72,682.1799,681.5,681.88,72691
2026-07-31 11:31:00,681.89,682.47,681.73,681.78,137249
2026-07-31 11:32:00,681.75,682.0,681.5201,681.99,48474
2026-07-31 11:33:00,681.85,682.05,681.49,681.64,96105
2026-07-31 11:34:00,681.6002,682.34,680.94,682.34,91577
2026-07-31 11:35:00,682.36,683.03,682.28,682.76,116267
2026-07-31 11:36:00,682.75,683.29,682.67,682.86,54726
2026-07-31 11:37:00,682.84,683.47,682.84,683.32,45147
2026-07-31 11:38:00,683.45,684.4001,683.45,684.16,88174
2026-07-31 11:39:00,684.11,684.25,683.685,683.7799,42710
2026-07-31 11:40:00,683.76,684.11,683.5005,683.625,47609
2026-07-31 11:41:00,683.67,683.67,682.29,682.46,77517
2026-07-31 11:42:00,682.448,682.78,682.19,682.456,42212
2026-07-31 11:43:00,682.43,683.02,682.1,683.02,32898
2026-07-31 11:44:00,682.98,683.33,682.87,683.28,27051
2026-07-31 11:45:00,683.33,683.58,682.74,683.12,38156
2026-07-31 11:46:00,683.03,683.41,682.79,682.91,58490
2026-07-31 11:47:00,682.825,682.99,682.15,682.46,64391
2026-07-31 11:48:00,682.48,682.95,682.2201,682.935,37166
2026-07-31 11:49:00,682.97,683.09,682.51,682.8,34569
2026-07-31 11:50:00,682.825,683.84,682.75,683.74,64297
2026-07-31 11:51:00,683.77,684.24,683.59,684.22,60928
2026-07-31 11:52:00,684.24,684.64,683.69,684.495,76370
2026-07-31 11:53:00,684.48,684.63,684.01,684.16,118680
2026-07-31 11:54:00,684.22,685.06,684.13,684.905,59611
2026-07-31 11:55:00,684.89,685.1699,684.45,684.7,60806
2026-07-31 11:56:00,684.69,684.98,684.6,684.845,48754
2026-07-31 11:57:00,684.84,685.15,684.82,684.98,50736
2026-07-31 11:58:00,684.95,685.25,684.61,684.61,49790
2026-07-31 11:59:00,684.61,684.83,684.21,684.7863,78934
2026-07-31 12:00:00,684.75,685.2363,684.36,685.21,77710
2026-07-31 12:01:00,685.2,685.6,685.0601,685.1601,154238
2026-07-31 12:02:00,685.15,685.34,684.66,684.9299,43746
2026-07-31 12:03:00,684.93,685.22,684.8,685.085,33477
2026-07-31 12:04:00,685.1,685.55,685.0105,685.125,66110
2026-07-31 12:05:00,685.13,685.31,684.74,684.74,63045
2026-07-31 12:06:00,684.75,684.93,684.23,684.5501,50978
2026-07-31 12:07:00,684.515,684.6384,684.02,684.36,54092
2026-07-31 12:08:00,684.39,684.82,684.285,684.82,39013
2026-07-31 12:09:00,684.78,684.97,684.72,684.76,41020
2026-07-31 12:10:00,684.78,685.08,684.69,684.86,33956
2026-07-31 12:11:00,684.86,685.27,684.72,685.24,66246
2026-07-31 12:12:00,685.27,685.49,684.98,685.105,45596
2026-07-31 12:13:00,685.125,685.4999,684.91,685.48,36575
2026-07-31 12:14:00,685.5,685.6,684.9901,685.39,43008
2026-07-31 12:15:00,685.42,685.64,684.46,684.58,96232
2026-07-31 12:16:00,684.57,685.0,684.36,684.91,59652
2026-07-31 12:17:00,684.91,685.3,684.75,685.22,48971
2026-07-31 12:18:00,685.15,685.39,684.93,685.33,40017
2026-07-31 12:19:00,685.335,685.44,685.08,685.2172,33295
2026-07-31 12:20:00,685.15,685.6,685.122,685.6,38468
2026-07-31 12:21:00,685.64,685.77,685.26,685.45,45372
2026-07-31 12:22:00,685.45,685.83,685.32,685.62,58416
2026-07-31 12:23:00,685.645,685.89,685.645,685.8762,109927
2026-07-31 12:24:00,685.84,686.39,685.84,686.19,85229
2026-07-31 12:25:00,686.204,686.24,685.57,685.73,58395
2026-07-31 12:26:00,685.75,686.03,685.58,686.01,59722
2026-07-31 12:27:00,686.0493,686.35,685.9602,685.98,61909
2026-07-31 12:28:00,685.97,686.5237,685.93,686.47,38873
2026-07-31 12:29:00,686.49,686.93,686.49,686.93,52356
2026-07-31 12:30:00,686.95,687.4,686.76,686.78,195116
2026-07-31 12:31:00,686.7795,687.24,686.67,687.24,95532
2026-07-31 12:32:00,687.26,687.42,687.17,687.34,106851
2026-07-31 12:33:00,687.3,687.54,687.12,687.46,61012
2026-07-31 12:34:00,687.5,687.505,687.15,687.265,74245
2026-07-31 12:35:00,687.2401,687.55,687.19,687.42,60715
2026-07-31 12:36:00,687.49,687.49,686.8901,686.915,227036
2026-07-31 12:37:00,686.9,687.1779,686.9,687.1,46141
2026-07-31 12:38:00,687.1,687.16,686.76,686.8718,45876
2026-07-31 12:39:00,686.79,687.14,686.79,686.97,29330
2026-07-31 12:40:00,686.96,687.13,686.7984,686.89,49628
2026-07-31 12:41:00,686.965,686.97,686.14,686.1516,60786
2026-07-31 12:42:00,686.15,686.45,685.92,686.33,51482
2026-07-31 12:43:00,686.315,686.465,685.97,686.035,41938
2026-07-31 12:44:00,686.1,686.17,685.78,685.94,67332
2026-07-31 12:45:00,685.925,686.23,685.63,686.06,71203
2026-07-31 12:46:00,686.08,686.5,685.76,686.5,43920
2026-07-31 12:47:00,686.46,686.555,686.28,686.51,59723
2026-07-31 12:48:00,686.46,686.5299,686.2218,686.455,28581
2026-07-31 12:49:00,686.3705,686.62,686.16,686.6087,27492
2026-07-31 12:50:00,686.64,687.05,686.515,686.92,80412
2026-07-31 12:51:00,686.85,687.42,686.795,687.15,57975
2026-07-31 12:52:00,687.18,687.255,686.98,687.0594,34786
2026-07-31 12:53:00,687.025,687.18,686.945,687.03,27389
2026-07-31 12:54:00,687.1,687.2857,686.72,686.73,43354
2026-07-31 12:55:00,686.71,687.15,686.69,687.02,44385
2026-07-31 12:56:00,687.045,687.34,686.94,687.06,35413
2026-07-31 12:57:00,687.16,687.5399,687.135,687.49,38190
2026-07-31 12:58:00,687.5,687.625,687.285,687.33,60371
2026-07-31 12:59:00,687.29,687.37,687.06,687.07,35586
2026-07-31 13:00:00,687.04,687.52,686.89,687.485,38209
2026-07-31 13:01:00,687.4822,688.05,687.36,688.04,51130
2026-07-31 13:02:00,688.005,688.03,687.81,687.88,30579
2026-07-31 13:03:00,687.8401,688.058,687.82,687.97,33387
2026-07-31 13:04:00,688.015,688.03,687.731,687.731,41932
2026-07-31 13:05:00,687.74,687.96,687.605,687.785,100989
2026-07-31 13:06:00,687.78,687.83,687.44,687.47,35420
2026-07-31 13:07:00,687.45,687.49,687.09,687.11,37104
2026-07-31 13:08:00,687.02,687.31,687.0,687.26,30090
2026-07-31 13:09:00,687.2899,687.42,687.15,687.33,29658
2026-07-31 13:10:00,687.26,687.7031,687.0711,687.5,27658
2026-07-31 13:11:00,687.5,687.95,687.5,687.7729,16548
2026-07-31 13:12:00,687.95,688.14,687.89,687.97,63060
2026-07-31 13:13:00,687.9763,688.015,687.83,687.89,39593
2026-07-31 13:14:00,687.895,688.01,687.75,687.91,241196
2026-07-31 13:15:00,687.92,688.37,687.83,688.155,59511
2026-07-31 13:16:00,688.18,688.39,687.95,687.99,52862
2026-07-31 13:17:00,688.008,688.07,687.86,687.86,37959
2026-07-31 13:18:00,687.87,688.07,687.765,687.915,38358
2026-07-31 13:19:00,687.92,688.3399,687.92,688.3009,27426
2026-07-31 13:20:00,688.27,688.4,688.26,688.355,42889
2026-07-31 13:21:00,688.335,688.335,688.075,688.075,49903
2026-07-31 13:22:00,688.075,688.175,687.78,688.1625,40823
2026-07-31 13:23:00,688.18,688.575,688.15,688.575,46647
2026-07-31 13:24:00,688.585,689.2,688.56,689.14,94610
2026-07-31 13:25:00,689.14,689.43,689.11,689.39,99787
2026-07-31 13:26:00,689.354,689.4,689.07,689.4,58369
2026-07-31 13:27:00,689.43,689.72,689.16,689.16,70198
2026-07-31 13:28:00,689.2,689.51,689.17,689.27,47288
2026-07-31 13:29:00,689.21,689.5,689.19,689.36,42821
2026-07-31 13:30:00,689.37,689.4,689.09,689.18,65622
2026-07-31 13:31:00,689.16,689.5,689.15,689.36,33309
2026-07-31 13:32:00,689.345,689.49,689.07,689.35,64473
2026-07-31 13:33:00,689.32,689.84,689.3,689.84,68041
2026-07-31 13:34:00,689.85,689.93,689.72,689.85,60058
2026-07-31 13:35:00,689.83,690.0463,689.71,689.95,49248
2026-07-31 13:36:00,689.95,690.14,689.935,690.025,57718
2026-07-31 13:37:00,690.06,690.27,690.0501,690.2301,57064
2026-07-31 13:38:00,690.23,690.35,689.765,689.765,97427
2026-07-31 13:39:00,689.7662,689.7662,689.19,689.2,81602
2026-07-31 13:40:00,689.2,689.62,689.1,689.45,40352
2026-07-31 13:41:00,689.475,689.52,689.1325,689.21,57464
2026-07-31 13:42:00,689.2199,689.2199,688.91,689.0,75615
2026-07-31 13:43:00,689.02,689.33,688.99,689.33,90945
2026-07-31 13:44:00,689.33,689.47,689.12,689.235,41789
2026-07-31 13:45:00,689.25,689.43,689.11,689.13,42715
2026-07-31 13:46:00,689.15,689.7,689.15,689.54,45818
2026-07-31 13:47:00,689.41,689.45,688.715,688.715,79701
2026-07-31 13:48:00,688.71,688.785,688.32,688.5439,91815
2026-07-31 13:49:00,688.56,688.699,688.28,688.4,44406
2026-07-31 13:50:00,688.36,688.6295,688.265,688.605,97906
2026-07-31 13:51:00,688.58,689.03,688.375,689.03,52509
2026-07-31 13:52:00,689.11,689.4,688.97,688.97,87383
2026-07-31 13:53:00,689.0,689.15,688.85,688.9,44794
2026-07-31 13:54:00,688.86,689.07,688.835,688.92,34887
2026-07-31 13:55:00,688.93,689.2,688.91,689.11,16440
2026-07-31 13:56:00,689.1,689.28,688.965,689.015,634818
2026-07-31 13:57:00,688.965,689.015,688.7101,688.99,39696
2026-07-31 13:58:00,688.97,689.0,688.7101,688.7101,39546
2026-07-31 13:59:00,688.71,688.71,688.47,688.575,38378
2026-07-31 14:00:00,688.565,688.8863,688.35,688.84,36416
2026-07-31 14:01:00,688.86,689.27,688.85,689.0,44188
2026-07-31 14:02:00,689.03,689.06,688.7501,688.88,40052
2026-07-31 14:03:00,688.87,688.92,688.56,688.64,42221
2026-07-31 14:04:00,688.605,688.8,688.53,688.53,46411
2026-07-31 14:05:00,688.5231,688.55,688.25,688.49,46448
2026-07-31 14:06:00,688.6,689.12,688.54,688.94,40752
2026-07-31 14:07:00,688.945,688.99,688.57,688.7,55400
2026-07-31 14:08:00,688.67,688.91,688.55,688.76,27031
2026-07-31 14:09:00,688.72,688.82,688.55,688.575,30339
2026-07-31 14:10:00,688.56,688.76,688.3037,688.37,22836
2026-07-31 14:11:00,688.33,688.34,687.83,687.915,67123
2026-07-31 14:12:00,687.96,688.11,687.795,687.8456,64207
2026-07-31 14:13:00,687.84,688.0755,687.76,688.0755,47440
2026-07-31 14:14:00,688.05,688.191,687.785,687.97,50495
2026-07-31 14:15:00,687.91,688.32,687.85,688.25,34061
2026-07-31 14:16:00,688.25,688.43,688.205,688.3,40928
2026-07-31 14:17:00,688.29,688.63,688.255,688.35,27496
2026-07-31 14:18:00,688.4363,688.97,688.39,688.83,64749
2026-07-31 14:19:00,688.83,688.87,688.49,688.57,36548
2026-07-31 14:20:00,688.54,688.85,688.36,688.66,33693
2026-07-31 14:21:00,688.6796,688.92,688.535,688.765,51746
2026-07-31 14:22:00,688.765,688.9,688.61,688.77,29073
2026-07-31 14:23:00,688.785,688.9229,688.71,688.73,34732
2026-07-31 14:24:00,688.72,688.95,688.7,688.77,66472
2026-07-31 14:25:00,688.765,688.81,688.2305,688.31,54533
2026-07-31 14:26:00,688.28,688.4451,688.19,688.34,28432
2026-07-31 14:27:00,688.35,688.4199,688.17,688.32,49194
2026-07-31 14:28:00,688.3494,688.4995,688.24,688.29,84217
2026-07-31 14:29:00,688.3,688.55,688.285,688.38,26130
2026-07-31 14:30:00,688.58,688.86,688.53,688.8152,37123
2026-07-31 14:31:00,688.84,688.94,688.7,688.8,31857
2026-07-31 14:32:00,688.81,688.875,688.67,688.7499,21260
2026-07-31 14:33:00,688.825,688.8298,688.685,688.8,36547
2026-07-31 14:34:00,688.805,689.015,688.73,688.73,32923
2026-07-31 14:35:00,688.73,688.73,688.27,688.42,164775
2026-07-31 14:36:00,688.57,688.7398,688.43,688.47,35838
2026-07-31 14:37:00,688.46,688.5699,688.28,688.5,40106
2026-07-31 14:38:00,688.51,688.6722,688.51,688.6,31830
2026-07-31 14:39:00,688.57,688.68,688.48,688.54,27555
2026-07-31 14:40:00,688.51,688.54,688.273,688.455,28474
2026-07-31 14:41:00,688.45,688.78,688.44,688.5836,61427
2026-07-31 14:42:00,688.61,688.8501,688.48,688.8501,19935
2026-07-31 14:43:00,688.84,688.9006,688.72,688.72,22575
2026-07-31 14:44:00,688.74,688.81,688.58,688.66,33222
2026-07-31 14:45:00,688.65,688.96,688.63,688.8599,23104
2026-07-31 14:46:00,688.82,688.89,688.515,688.52,22103
2026-07-31 14:47:00,688.5,688.63,688.425,688.615,30937
2026-07-31 14:48:00,688.58,688.81,688.52,688.8,40768
2026-07-31 14:49:00,688.82,689.08,688.75,689.035,32208
2026-07-31 14:50:00,689.08,689.39,689.0451,689.26,89518
2026-07-31 14:51:00,689.32,689.35,689.08,689.2,52052
2026-07-31 14:52:00,689.25,689.36,689.09,689.11,37867
2026-07-31 14:53:00,689.05,689.185,689.0,689.1535,29209
2026-07-31 14:54:00,689.1,689.13,688.93,689.0,33570
2026-07-31 14:55:00,688.99,689.145,688.6,688.6199,59254
2026-07-31 14:56:00,688.57,688.6899,688.45,688.607,44050
2026-07-31 14:57:00,688.54,688.68,688.27,688.61,61101
2026-07-31 14:58:00,688.595,688.74,688.545,688.65,38551
2026-07-31 14:59:00,688.63,688.83,688.54,688.71,68354
2026-07-31 15:00:00,688.7,689.27,688.64,689.0501,73819
2026-07-31 15:01:00,689.07,689.11,688.73,688.78,56811
2026-07-31 15:02:00,688.7901,688.95,688.68,688.6801,42918
2026-07-31 15:03:00,688.69,688.85,688.56,688.6,34785
2026-07-31 15:04:00,688.59,688.61,688.3,688.37,52478
2026-07-31 15:05:00,688.41,688.62,688.13,688.54,66590
2026-07-31 15:06:00,688.58,688.5899,688.16,688.27,53608
2026-07-31 15:07:00,688.235,688.43,688.03,688.3938,41539
2026-07-31 15:08:00,688.39,688.53,688.27,688.49,60799
2026-07-31 15:09:00,688.51,688.6599,688.41,688.54,34764
2026-07-31 15:10:00,688.545,688.77,688.5,688.66,42327
2026-07-31 15:11:00,688.64,688.79,688.48,688.5799,40021
2026-07-31 15:12:00,688.54,688.88,688.33,688.8522,228032
2026-07-31 15:13:00,688.83,688.8859,688.74,688.74,38101
2026-07-31 15:14:00,688.79,688.84,688.64,688.6405,45318
2026-07-31 15:15:00,688.67,688.94,688.55,688.845,44311
2026-07-31 15:16:00,688.899,688.99,688.7,688.7899,37425
2026-07-31 15:17:00,688.75,689.22,688.73,689.2,100900
2026-07-31 15:18:00,689.21,689.63,689.21,689.59,471081
2026-07-31 15:19:00,689.57,689.98,689.57,689.94,103073
2026-07-31 15:20:00,689.945,690.08,689.7901,689.99,102009
2026-07-31 15:21:00,689.975,690.17,689.92,689.99,88240
2026-07-31 15:22:00,690.03,690.25,690.01,690.02,85997
2026-07-31 15:23:00,690.03,690.08,689.76,689.81,91471
2026-07-31 15:24:00,689.78,689.83,689.53,689.57,84519
2026-07-31 15:25:00,689.57,689.57,689.355,689.46,70007
2026-07-31 15:26:00,689.5,689.84,689.4701,689.585,51965
2026-07-31 15:27:00,689.63,689.7597,689.54,689.64,61677
2026-07-31 15:28:00,689.66,689.77,689.6001,689.67,82870
2026-07-31 15:29:00,689.665,689.74,689.56,689.7,61954
2026-07-31 15:30:00,689.67,689.84,688.94,689.19,459145
2026-07-31 15:31:00,689.19,689.19,688.91,689.14,240008
2026-07-31 15:32:00,689.12,689.23,688.93,689.225,90117
2026-07-31 15:33:00,689.2,689.36,689.11,689.14,64676
2026-07-31 15:34:00,689.14,689.43,689.05,689.3435,100080
2026-07-31 15:35:00,689.34,689.55,689.19,689.47,92409
2026-07-31 15:36:00,689.44,689.68,689.35,689.6,97652
2026-07-31 15:37:00,689.6036,689.61,689.28,689.44,82007
2026-07-31 15:38:00,689.41,689.51,689.135,689.3377,73929
2026-07-31 15:39:00,689.36,689.41,689.245,689.3,94075
2026-07-31 15:40:00,689.29,689.36,688.96,689.05,84953
2026-07-31 15:41:00,689.03,689.17,688.79,688.79,75900
2026-07-31 15:42:00,688.78,689.1,688.71,689.1,92930
2026-07-31 15:43:00,689.11,689.67,689.11,689.67,120392
2026-07-31 15:44:00,689.68,689.88,689.54,689.72,104941
2026-07-31 15:45:00,689.74,690.28,689.74,689.94,283088
2026-07-31 15:46:00,689.94,690.43,689.94,690.245,213916
2026-07-31 15:47:00,690.245,690.41,689.87,689.92,142156
2026-07-31 15:48:00,689.92,690.04,689.81,689.975,102694
2026-07-31 15:49:00,689.96,690.5,689.91,690.49,111107
2026-07-31 15:50:00,690.5,690.74,690.0,690.1,171887
2026-07-31 15:51:00,689.99,690.0,689.65,689.845,253168
2026-07-31 15:52:00,689.84,690.39,689.83,690.2704,95757
2026-07-31 15:53:00,690.29,690.68,690.12,690.59,127950
2026-07-31 15:54:00,690.68,690.88,690.38,690.47,160754
2026-07-31 15:55:00,690.57,690.6,689.37,689.57,193221
2026-07-31 15:56:00,689.59,689.82,689.53,689.67,152350
2026-07-31 15:57:00,689.65,689.78,689.2,689.2,226956
2026-07-31 15:58:00,689.23,689.41,689.05,689.27,174413
2026-07-31 15:59:00,689.32,689.346,687.48,688.01,685554
2026-07-31 16:00:00,687.97,688.65,687.89,688.06,19730
2026-07-31 16:01:00,688.06,688.06,687.62,687.62,0
2026-07-31 16:02:00,687.62,688.08,686.4799,686.74,0
2026-07-31 16:03:00,686.76,686.97,686.55,686.7144,0
2026-07-31 16:04:00,686.71,687.99,686.6863,686.9923,0
2026-07-31 16:05:00,686.9449,687.25,686.65,686.9,0
2026-07-31 16:06:00,686.89,687.3382,686.83,687.29,0
2026-07-31 16:07:00,687.29,687.36,687.0,687.2533,0
2026-07-31 16:08:00,687.2,687.71,687.17,687.7033,0
2026-07-31 16:09:00,687.6508,687.9,687.55,687.7,0
2026-07-31 16:10:00,687.7,687.99,687.6231,687.7073,0
2026-07-31 16:11:00,687.77,687.9322,687.69,687.7259,0
2026-07-31 16:12:00,687.75,687.81,687.68,687.7559,0
2026-07-31 16:13:00,687.81,687.98,687.8,687.81,0
2026-07-31 16:14:00,687.8,687.99,687.73,687.7367,0
2026-07-31 16:15:00,687.99,687.99,687.325,687.3354,0
2026-07-31 16:16:00,687.3416,687.38,687.0508,687.21,0
2026-07-31 16:17:00,687.25,687.55,687.1872,687.55,0
2026-07-31 16:18:00,687.6373,687.6373,687.43,687.53,0
2026-07-31 16:19:00,687.5,687.505,687.31,687.4698,0
2026-07-31 16:20:00,687.4556,687.4556,687.3447,687.4031,0
2026-07-31 16:21:00,687.4,687.42,687.35,687.35,0
2026-07-31 16:22:00,687.3,687.5744,687.29,687.4,0
2026-07-31 16:23:00,687.38,687.47,687.34,687.34,0
2026-07-31 16:24:00,687.31,687.4533,687.2231,687.2231,0
2026-07-31 16:25:00,687.22,687.31,687.1463,687.3,0
2026-07-31 16:26:00,687.3,687.376,687.18,687.18,0
2026-07-31 16:27:00,687.1363,687.18,687.0,687.0567,0
2026-07-31 16:28:00,687.09,687.1544,686.97,687.1544,0
2026-07-31 16:29:00,687.14,687.198,687.0767,687.1856,0
2026-07-31 16:30:00,687.12,687.25,686.83,686.95,0
2026-07-31 16:31:00,686.9733,687.99,686.8,686.9,0
2026-07-31 16:32:00,686.9,687.3,686.86,687.2607,0
2026-07-31 16:33:00,687.25,687.46,687.19,687.46,0
2026-07-31 16:34:00,687.46,687.7,687.43,687.68,0
2026-07-31 16:35:00,687.6707,687.6777,687.49,687.49,0
2026-07-31 16:36:00,687.465,687.59,687.4428,687.52,0
2026-07-31 16:37:00,687.67,687.6922,687.6222,687.6222,0
2026-07-31 16:38:00,687.6272,687.7148,687.5273,687.7148,0
2026-07-31 16:39:00,687.65,687.6785,687.58,687.61,0
2026-07-31 16:40:00,687.65,687.65,687.51,687.6459,0
2026-07-31 16:41:00,687.65,687.689,687.5267,687.63,0
2026-07-31 16:42:00,687.6363,687.7,687.5548,687.5548,0
2026-07-31 16:43:00,687.5,687.5,687.36,687.39,0
2026-07-31 16:44:00,687.3699,687.53,687.36,687.45,0
2026-07-31 16:45:00,687.3678,687.5,687.3478,687.4537,0
2026-07-31 16:46:00,687.48,687.99,687.42,687.5,0
2026-07-31 16:47:00,687.5,687.5,687.4252,687.4911,0
2026-07-31 16:48:00,687.3663,687.44,687.3556,687.39,0
2026-07-31 16:49:00,687.4,687.5,687.3536,687.4292,0
2026-07-31 16:50:00,687.41,687.5,687.41,687.429,0
2026-07-31 16:51:00,687.499,687.499,687.4,687.4537,0
2026-07-31 16:52:00,687.38,687.5,687.38,687.49,0
2026-07-31 16:53:00,687.35,687.35,685.89,686.37,0
2026-07-31 16:54:00,686.43,686.5303,685.7701,686.39,0
2026-07-31 16:55:00,686.36,686.36,685.8,685.9787,0
2026-07-31 16:56:00,685.9251,685.95,685.52,685.64,0
2026-07-31 16:57:00,685.75,685.8084,685.4,685.4816,0
2026-07-31 16:58:00,685.41,685.73,685.41,685.59,0
2026-07-31 16:59:00,685.59,685.66,684.68,685.3,0
2026-07-31 17:00:00,685.0978,685.9502,685.0978,685.95,0
2026-07-31 17:01:00,685.9272,685.98,685.58,685.9487,0
2026-07-31 17:02:00,685.9267,687.99,685.7,685.95,0
2026-07-31 17:03:00,685.75,685.9,685.7,685.7,0
2026-07-31 17:04:00,685.9,685.9,685.65,685.85,0
2026-07-31 17:05:00,685.88,685.95,685.7,685.915,0
2026-07-31 17:06:00,685.88,685.9797,685.88,685.9797,0
2026-07-31 17:07:00,685.96,686.06,685.95,686.05,0
2026-07-31 17:08:00,686.05,686.08,686.001,686.0268,0
2026-07-31 17:09:00,686.0268,686.05,685.9001,685.91,0
2026-07-31 17:10:00,686.0259,686.05,685.92,686.0,0
2026-07-31 17:11:00,686.05,686.05,685.81,685.9,0
2026-07-31 17:12:00,685.8915,686.0259,685.8915,685.9878,0
2026-07-31 17:13:00,685.99,686.0,685.81,685.92,0
2026-07-31 17:14:00,685.998,685.998,685.8,685.8,0
2026-07-31 17:15:00,685.7,686.0,685.59,685.6,0
2026-07-31 17:16:00,685.59,685.84,685.5,685.84,0
2026-07-31 17:17:00,685.85,685.85,685.5,685.6251,0
2026-07-31 17:18:00,685.6,686.0,685.6,685.8584,0
2026-07-31 17:19:00,685.82,685.9485,685.7,685.7646,0
2026-07-31 17:20:00,685.76,685.9494,685.7,685.7,0
2026-07-31 17:21:00,685.9488,686.0,685.61,685.8,0
2026-07-31 17:22:00,685.76,685.8,685.48,685.54,0
2026-07-31 17:23:00,685.7571,685.85,685.45,685.85,0
2026-07-31 17:24:00,685.85,685.9,685.55,685.8606,0
2026-07-31 17:25:00,685.75,685.8947,685.3716,685.3716,0
2026-07-31 17:26:00,685.38,685.38,684.76,684.91,0
2026-07-31 17:27:00,685.0874,685.1652,684.9339,685.05,0
2026-07-31 17:28:00,685.0116,685.2,684.71,685.05,0
2026-07-31 17:29:00,685.07,685.38,685.01,685.01,0
2026-07-31 17:30:00,685.127,685.38,685.08,685.25,0
2026-07-31 17:31:00,685.08,685.3,684.8195,684.8601,0
2026-07-31 17:32:00,684.9948,685.2,667.3625,684.98,0
2026-07-31 17:33:00,685.1,685.1,684.7861,684.95,0
2026-07-31 17:34:00,684.8,685.05,684.6975,684.95,0
2026-07-31 17:35:00,684.7,684.95,684.6,684.8484,0
2026-07-31 17:36:00,684.76,684.88,684.52,684.75,0
2026-07-31 17:37:00,684.78,684.78,684.65,684.66,0
2026-07-31 17:38:00,684.7787,684.78,684.6804,684.77,0
2026-07-31 17:39:00,684.77,684.78,684.74,684.78,0
2026-07-31 17:40:00,684.78,684.99,684.77,684.99,0
2026-07-31 17:41:00,684.8928,684.8928,684.76,684.85,0
2026-07-31 17:42:00,684.8687,685.0,684.7675,684.917,0
2026-07-31 17:43:00,684.8,685.05,684.8,684.96,0
2026-07-31 17:44:00,685.0365,685.14,684.9586,685.09,0
2026-07-31 17:45:00,685.13,685.1491,684.9742,684.9742,0
2026-07-31 17:46:00,684.9771,684.98,684.76,684.8,0
2026-07-31 17:47:00,684.8,684.81,684.11,684.1561,0
2026-07-31 17:48:00,684.16,684.5,684.0,684.3184,0
2026-07-31 17:49:00,684.29,684.35,684.1056,684.33,0
2026-07-31 17:50:00,684.33,684.35,684.22,684.28,0
2026-07-31 17:51:00,684.2999,684.39,684.29,684.2999,0
2026-07-31 17:52:00,684.3,684.3,684.29,684.2995,0
2026-07-31 17:53:00,684.5897,684.61,684.29,684.6,0
2026-07-31 17:54:00,684.634,684.866,684.2938,684.79,0
2026-07-31 17:55:00,684.66,684.7,684.25,684.4,0
2026-07-31 17:56:00,684.3988,684.495,684.2316,684.331,0
2026-07-31 17:57:00,684.4809,684.5,684.4,684.4845,0
2026-07-31 17:58:00,684.45,684.4992,684.4,684.49,0
2026-07-31 17:59:00,684.49,684.5,684.4,684.49,0
2026-07-31 18:00:00,684.53,684.8,684.51,684.55,0
2026-07-31 18:01:00,684.6056,684.8,684.6056,684.79,0
2026-07-31 18:02:00,684.79,684.9,684.61,684.74,0
2026-07-31 18:03:00,684.8584,684.89,684.74,684.7789,0
2026-07-31 18:04:00,684.74,684.83,684.48,684.77,0
2026-07-31 18:05:00,684.7218,684.74,684.41,684.41,0
2026-07-31 18:06:00,684.41,684.674,684.4,684.674,0
2026-07-31 18:07:00,684.67,684.674,684.4962,684.52,0
2026-07-31 18:08:00,684.5865,684.62,684.47,684.47,0
2026-07-31 18:09:00,684.47,684.62,684.4,684.47,0
2026-07-31 18:10:00,684.38,684.6,684.3042,684.5535,0
2026-07-31 18:11:00,684.35,684.6,684.25,684.57,0
2026-07-31 18:12:00,684.5427,684.58,684.25,684.25,0
2026-07-31 18:13:00,684.5325,684.5325,684.2101,684.44,0
2026-07-31 18:14:00,684.4451,684.46,684.25,684.45,0
2026-07-31 18:15:00,684.26,684.4097,684.26,684.32,0
2026-07-31 18:16:00,684.32,684.4,684.25,684.28,0
2026-07-31 18:17:00,684.38,684.38,684.18,684.1859,0
2026-07-31 18:18:00,684.17,684.29,684.06,684.19,0
2026-07-31 18:19:00,684.1777,684.32,684.1777,684.32,0
2026-07-31 18:20:00,684.2,684.42,684.1972,684.1972,0
2026-07-31 18:21:00,684.37,684.4727,684.25,684.41,0
2026-07-31 18:22:00,684.3,684.42,684.3,684.3449,0
2026-07-31 18:23:00,684.42,684.42,684.32,684.42,0
2026-07-31 18:24:00,684.42,684.42,684.25,684.25,0
2026-07-31 18:25:00,684.33,684.33,684.2,684.2537,0
2026-07-31 18:26:00,684.25,684.25,684.06,684.18,0
2026-07-31 18:27:00,684.1687,684.25,684.02,684.2,0
2026-07-31 18:28:00,684.18,684.2,684.05,684.2,0
2026-07-31 18:29:00,684.1992,684.21,684.07,684.1027,0
2026-07-31 18:30:00,684.21,684.3,684.2015,684.2677,0
2026-07-31 18:31:00,684.28,684.4,684.23,684.3606,0
2026-07-31 18:32:00,684.3606,684.39,684.13,684.3848,0
2026-07-31 18:33:00,684.38,684.46,684.16,684.46,0
2026-07-31 18:34:00,684.46,684.5,684.37,684.5,0
2026-07-31 18:35:00,684.4001,684.54,684.4001,684.54,0
2026-07-31 18:36:00,684.47,684.5,684.45,684.5,0
2026-07-31 18:37:00,684.45,684.7,684.45,684.7,0
2026-07-31 18:38:00,684.7317,685.1493,684.71,684.94,0
2026-07-31 18:39:00,684.94,685.21,684.8,684.8,0
2026-07-31 18:40:00,685.0,685.15,685.0,685.08,0
2026-07-31 18:41:00,685.08,685.19,685.08,685.179,0
2026-07-31 18:42:00,685.1799,685.18,685.15,685.17,0
2026-07-31 18:43:00,685.1684,685.1699,684.8917,685.0,0
2026-07-31 18:44:00,685.0,685.17,684.86,684.9687,0
2026-07-31 18:45:00,685.0,685.0,684.9683,684.99,0
2026-07-31 18:46:00,684.99,684.99,684.8955,684.9683,0
2026-07-31 18:47:00,684.99,685.0571,684.8,684.8,0
2026-07-31 18:48:00,684.75,684.9297,684.7469,684.8877,0
2026-07-31 18:49:00,684.8416,684.8857,684.84,684.8857,0
2026-07-31 18:50:00,684.8739,684.89,684.72,684.89,0
2026-07-31 18:51:00,684.8996,685.01,684.8,684.9727,0
2026-07-31 18:52:00,684.89,685.01,684.6882,685.01,0
2026-07-31 18:53:00,685.0,685.0,684.81,684.98,0
2026-07-31 18:54:00,684.688,685.0,684.688,684.9639,0
2026-07-31 18:55:00,684.97,685.0,684.7296,684.94,0
2026-07-31 18:56:00,684.728,685.0,684.728,684.9781,0
2026-07-31 18:57:00,684.88,685.0,684.7,685.0,0
2026-07-31 18:58:00,684.82,684.9906,684.74,684.7803,0
2026-07-31 18:59:00,684.9707,684.9773,684.7552,684.9718,0
2026-07-31 19:00:00,684.9937,684.9937,684.8858,684.8858,0
2026-07-31 19:01:00,684.75,684.9999,684.75,684.86,0
2026-07-31 19:02:00,684.86,685.0,684.7,684.8,0
2026-07-31 19:03:00,684.711,684.711,684.7,684.7,0
2026-07-31 19:04:00,684.68,685.0,684.68,684.9,0
2026-07-31 19:05:00,684.9,685.0,684.68,685.0,0
2026-07-31 19:06:00,684.84,684.84,684.7133,684.84,0
2026-07-31 19:07:00,684.75,685.0,684.7,684.7706,0
2026-07-31 19:08:00,684.7775,684.78,684.68,684.7706,0
2026-07-31 19:09:00,684.89,685.0,684.7465,684.89,0
2026-07-31 19:10:00,684.8,684.89,684.78,684.8,0
2026-07-31 19:11:00,684.9,684.9242,684.7716,684.9242,0
2026-07-31 19:12:00,684.75,685.0,684.75,685.0,0
2026-07-31 19:13:00,684.91,685.0,684.9,685.0,0
2026-07-31 19:14:00,684.9815,684.99,684.9,684.94,0
2026-07-31 19:15:00,684.9716,684.98,684.9,684.94,0
2026-07-31 19:16:00,684.95,684.99,684.95,684.99,0
2026-07-31 19:17:00,684.99,685.0,684.94,684.9986,0
2026-07-31 19:18:00,684.9927,685.0,684.99,684.9906,0
2026-07-31 19:19:00,684.9906,685.0,684.9,684.97,0
2026-07-31 19:20:00,684.98,684.98,684.9,684.9,0
2026-07-31 19:21:00,684.9,684.92,684.88,684.8815,0
2026-07-31 19:22:00,684.804,684.931,684.8,684.91,0
2026-07-31 19:23:00,684.92,685.0,684.8279,684.995,0
2026-07-31 19:24:00,685.0,685.0,684.9,685.0,0
2026-07-31 19:25:00,684.9774,685.06,684.9013,684.9013,0
2026-07-31 19:26:00,685.06,685.17,685.06,685.1551,0
2026-07-31 19:27:00,685.15,685.3,685.1,685.3,0
2026-07-31 19:28:00,685.18,685.28,685.18,685.27,0
2026-07-31 19:29:00,685.25,685.32,685.0967,685.17,0
2026-07-31 19:30:00,685.25,685.251,685.0405,685.17,0
2026-07-31 19:31:00,685.1944,685.1944,684.91,685.07,0
2026-07-31 19:32:00,685.05,685.19,684.8,685.19,0
2026-07-31 19:33:00,684.96,685.3,684.94,684.96,0
2026-07-31 19:34:00,685.2467,685.2467,684.95,684.9501,0
2026-07-31 19:35:00,684.988,685.1,684.988,685.1,0
2026-07-31 19:36:00,685.11,685.11,685.07,685.11,0
2026-07-31 19:37:00,685.1,685.11,684.99,685.05,0
2026-07-31 19:38:00,685.1,685.15,685.007,685.007,0
2026-07-31 19:39:00,685.1,685.1,684.99,684.99,0
2026-07-31 19:40:00,685.0101,685.1,685.01,685.0977,0
2026-07-31 19:41:00,685.0991,685.3,684.99,685.1503,0
2026-07-31 19:42:00,685.14,685.14,685.1214,685.1214,0
2026-07-31 19:43:00,685.02,685.14,685.02,685.12,0
2026-07-31 19:44:00,685.22,685.22,685.001,685.001,0
2026-07-31 19:45:00,685.12,685.19,685.0,685.19,0
2026-07-31 19:46:00,685.0513,685.22,685.0513,685.22,0
2026-07-31 19:47:00,685.0848,685.22,685.0848,685.17,0
2026-07-31 19:48:00,685.17,685.22,685.17,685.22,0
2026-07-31 19:49:00,685.19,685.22,685.17,685.1729,0
2026-07-31 19:50:00,685.1969,685.2,685.06,685.06,0
2026-07-31 19:51:00,685.1867,685.2,685.0601,685.0817,0
2026-07-31 19:52:00,685.2,685.2,685.0448,685.0448,0
2026-07-31 19:53:00,685.0448,685.09,685.0,685.09,0
2026-07-31 19:54:00,685.1,685.2,685.0225,685.15,0
2026-07-31 19:55:00,685.0906,685.0906,684.81,685.0,0
2026-07-31 19:56:00,684.82,684.9295,684.5,684.9295,0
2026-07-31 19:57:00,684.81,684.81,684.34,684.34,0
2026-07-31 19:58:00,684.3867,684.61,684.36,684.54,0
2026-07-31 19:59:00,684.5736,684.6,684.36,684.47,0
2026-08-03 04:00:00,692.39,694.8077,691.82,692.35,0
2026-08-03 04:01:00,692.37,694.8,691.81,691.9678,0
2026-08-03 04:02:00,691.88,694.2,691.64,691.8,0
2026-08-03 04:03:00,691.639,691.639,691.36,691.36,0
2026-08-03 04:04:00,691.21,691.25,691.0,691.112,0
2026-08-03 04:05:00,691.12,691.395,691.05,691.35,0
2026-08-03 04:06:00,691.31,694.38,691.21,691.3833,0
2026-08-03 04:07:00,691.4037,691.42,690.99,691.03,0
2026-08-03 04:08:00,690.99,691.0,690.76,690.96,0
2026-08-03 04:09:00,691.0,691.44,691.0,691.28,0
2026-08-03 04:10:00,691.2957,691.61,691.22,691.39,0
2026-08-03 04:11:00,691.43,691.54,691.36,691.47,0
2026-08-03 04:12:00,691.51,691.74,691.46,691.52,0
2026-08-03 04:13:00,691.5,691.73,691.35,691.73,0
2026-08-03 04:14:00,691.66,691.835,691.65,691.83,0
2026-08-03 04:15:00,691.69,691.8105,691.67,691.67,0
2026-08-03 04:16:00,691.5577,691.5577,691.2017,691.2017,0
2026-08-03 04:17:00,691.24,691.24,691.06,691.07,0
2026-08-03 04:18:00,691.0,691.0,690.67,690.72,0
2026-08-03 04:19:00,690.78,690.8387,690.64,690.64,0
2026-08-03 04:20:00,690.66,690.75,690.45,690.75,0
2026-08-03 04:21:00,690.6851,690.6851,690.4,690.4206,0
2026-08-03 04:22:00,690.53,690.62,690.45,690.47,0
2026-08-03 04:23:00,690.41,690.41,690.18,690.25,0
2026-08-03 04:24:00,690.18,690.38,690.1,690.21,0
2026-08-03 04:25:00,690.21,690.24,690.01,690.06,0
2026-08-03 04:26:00,690.12,690.17,689.955,690.17,0
2026-08-03 04:27:00,690.05,690.05,689.71,690.0,0
2026-08-03 04:28:00,689.97,690.26,689.97,690.16,0
2026-08-03 04:29:00,690.18,690.19,689.89,690.0,0
2026-08-03 04:30:00,690.0582,690.0582,689.67,689.79,0
2026-08-03 04:31:00,689.79,690.22,689.79,690.17,0
2026-08-03 04:32:00,690.18,690.19,690.08,690.12,0
2026-08-03 04:33:00,690.01,690.01,689.6812,689.75,0
2026-08-03 04:34:00,689.72,689.96,689.6693,689.92,0
2026-08-03 04:35:00,690.03,690.23,690.02,690.2,0
2026-08-03 04:36:00,690.25,690.96,690.25,690.96,0
2026-08-03 04:37:00,691.0,691.03,690.81,690.9165,0
2026-08-03 04:38:00,690.9982,691.05,690.93,691.03,0
2026-08-03 04:39:00,690.9982,691.27,690.98,691.25,0
2026-08-03 04:40:00,691.3,691.35,691.0992,691.1485,0
2026-08-03 04:41:00,691.1406,691.4,691.1406,691.37,0
2026-08-03 04:42:00,691.4,691.6,691.335,691.35,0
2026-08-03 04:43:00,691.38,691.43,691.13,691.13,0
2026-08-03 04:44:00,691.138,691.298,690.99,691.23,0
2026-08-03 04:45:00,691.13,691.3,691.13,691.285,0
2026-08-03 04:46:00,691.39,691.59,691.35,691.43,0
2026-08-03 04:47:00,691.29,691.3,691.0,691.0682,0
2026-08-03 04:48:00,691.0071,691.175,691.0071,691.175,0
2026-08-03 04:49:00,691.16,691.35,691.15,691.32,0
2026-08-03 04:50:00,691.5181,691.575,691.5163,691.5284,0
2026-08-03 04:51:00,691.57,691.64,691.57,691.64,0
2026-08-03 04:52:00,691.64,691.85,691.59,691.73,0
2026-08-03 04:53:00,691.7382,691.81,691.68,691.81,0
2026-08-03 04:54:00,691.8432,691.901,691.79,691.84,0
2026-08-03 04:55:00,691.84,692.13,691.84,692.1286,0
2026-08-03 04:56:00,692.1,692.52,692.1,692.42,0
2026-08-03 04:57:00,692.455,692.54,692.32,692.32,0
2026-08-03 04:58:00,692.37,692.4,692.2415,692.4,0
2026-08-03 04:59:00,692.44,692.6,692.44,692.59,0
2026-08-03 05:00:00,692.62,692.71,692.5,692.5,0
2026-08-03 05:01:00,692.52,692.52,692.24,692.3,0
2026-08-03 05:02:00,692.2988,692.2988,692.13,692.24,0
2026-08-03 05:03:00,692.23,692.31,692.12,692.248,0
2026-08-03 05:04:00,692.17,692.35,691.96,692.04,0
2026-08-03 05:05:00,692.0202,692.605,692.02,692.605,0
2026-08-03 05:06:00,692.4,692.4,692.14,692.14,0
2026-08-03 05:07:00,692.1,692.1,692.0,692.04,0
2026-08-03 05:08:00,692.04,692.09,692.0,692.04,0
2026-08-03 05:09:00,692.05,692.08,692.01,692.0605,0
2026-08-03 05:10:00,692.0,692.04,691.92,691.92,0
2026-08-03 05:11:00,691.7,691.74,691.4,691.4105,0
2026-08-03 05:12:00,691.43,691.5,691.36,691.4717,0
2026-08-03 05:13:00,691.49,691.76,691.4277,691.76,0
2026-08-03 05:14:00,691.6655,691.76,691.64,691.72,0
2026-08-03 05:15:00,691.72,691.76,691.64,691.71,0
2026-08-03 05:16:00,691.89,692.0,691.87,691.87,0
2026-08-03 05:17:00,691.98,692.0589,691.84,691.88,0
2026-08-03 05:18:00,691.86,691.91,691.79,691.8017,0
2026-08-03 05:19:00,691.96,692.26,691.96,692.1169,0
2026-08-03 05:20:00,692.0,692.0,691.88,691.9,0
2026-08-03 05:21:00,691.9058,692.05,691.85,692.05,0
2026-08-03 05:22:00,692.0,692.0,691.9783,691.9783,0
2026-08-03 05:23:00,691.9117,692.03,691.84,691.84,0
2026-08-03 05:24:00,691.72,691.798,691.61,691.61,0
2026-08-03 05:25:00,691.6,691.7484,691.57,691.7484,0
2026-08-03 05:26:00,691.62,691.62,691.502,691.56,0
2026-08-03 05:27:00,691.56,691.66,691.54,691.66,0
2026-08-03 05:28:00,691.66,691.73,691.48,691.57,0
2026-08-03 05:29:00,691.56,691.72,691.56,691.72,0
2026-08-03 05:30:00,691.64,691.75,691.64,691.75,0
2026-08-03 05:31:00,691.7,691.71,691.4982,691.4982,0
2026-08-03 05:32:00,691.4903,691.87,691.46,691.87,0
2026-08-03 05:33:00,691.8391,691.88,691.7214,691.73,0
2026-08-03 05:34:00,691.81,691.81,691.7,691.76,0
2026-08-03 05:35:00,691.71,691.8509,691.71,691.8509,0
2026-08-03 05:36:00,691.85,692.16,691.8,691.8,0
2026-08-03 05:37:00,691.88,691.88,691.44,691.49,0
2026-08-03 05:38:00,691.56,691.6514,691.56,691.6514,0
2026-08-03 05:39:00,691.67,691.67,691.51,691.57,0
2026-08-03 05:40:00,691.6,691.6,691.6,691.6,0
2026-08-03 05:41:00,691.6,691.655,691.46,691.46,0
2026-08-03 05:42:00,691.6,691.672,691.6,691.672,0
2026-08-03 05:43:00,691.5982,691.6012,691.5982,691.6012,0
2026-08-03 05:44:00,691.6015,691.6015,691.41,691.41,0
2026-08-03 05:45:00,691.67,691.75,691.67,691.74,0
2026-08-03 05:46:00,691.7228,691.7488,691.6112,691.7488,0
2026-08-03 05:47:00,691.678,691.7,691.6112,691.67,0
2026-08-03 05:48:00,691.52,691.52,691.5,691.5,0
2026-08-03 05:49:00,691.6382,691.6382,691.265,691.31,0
2026-08-03 05:50:00,691.38,691.44,691.25,691.2885,0
2026-08-03 05:51:00,691.23,691.23,691.01,691.01,0
2026-08-03 05:52:00,691.04,691.04,690.9287,690.98,0
2026-08-03 05:53:00,690.9594,691.0,690.81,691.0,0
2026-08-03 05:54:00,691.04,691.3088,691.04,691.3077,0
2026-08-03 05:55:00,691.4,691.4586,691.38,691.45,0
2026-08-03 05:56:00,691.5,691.75,691.5,691.72,0
2026-08-03 05:57:00,691.69,691.74,691.57,691.6969,0
2026-08-03 05:58:00,691.725,691.7841,691.725,691.76,0
2026-08-03 05:59:00,691.7693,691.8,691.7357,691.7357,0
2026-08-03 06:00:00,691.7503,691.82,691.61,691.7808,0
2026-08-03 06:01:00,691.71,691.71,691.2782,691.33,0
2026-08-03 06:02:00,691.31,691.49,691.31,691.4682,0
2026-08-03 06:03:00,691.4416,691.59,691.4416,691.52,0
2026-08-03 06:04:00,691.59,691.59,691.41,691.54,0
2026-08-03 06:05:00,691.4495,691.5,691.35,691.5,0
2026-08-03 06:06:00,691.4754,691.53,691.2907,691.45,0
2026-08-03 06:07:00,691.4949,691.4949,691.3,691.3,0
2026-08-03 06:08:00,691.3202,691.4088,691.28,691.28,0
2026-08-03 06:09:00,691.18,691.4489,691.18,691.43,0
2026-08-03 06:10:00,691.24,691.24,691.1,691.15,0
2026-08-03 06:11:00,691.35,691.36,691.24,691.24,0
2026-08-03 06:12:00,691.2388,691.36,691.2382,691.27,0
2026-08-03 06:13:00,691.22,691.22,690.93,691.0955,0
2026-08-03 06:14:00,691.08,691.22,690.95,690.99,0
2026-08-03 06:15:00,690.97,691.1561,690.95,691.09,0
2026-08-03 06:16:00,691.08,691.1488,691.05,691.1382,0
2026-08-03 06:17:00,691.13,691.13,690.95,690.96,0
2026-08-03 06:18:00,690.8682,691.2782,690.8682,691.26,0
2026-08-03 06:19:00,691.07,691.16,691.0027,691.0027,0
2026-08-03 06:20:00,690.9,690.91,690.55,690.55,0
2026-08-03 06:21:00,690.59,690.59,690.28,690.4,0
2026-08-03 06:22:00,690.37,690.4582,690.34,690.44,0
2026-08-03 06:23:00,690.36,690.59,690.345,690.55,0
2026-08-03 06:24:00,690.54,690.54,690.1527,690.218,0
2026-08-03 06:25:00,690.19,690.3,690.1,690.17,0
2026-08-03 06:26:00,690.28,690.5,690.28,690.5,0
2026-08-03 06:27:00,690.41,690.41,690.19,690.2413,0
2026-08-03 06:28:00,690.27,690.49,690.27,690.49,0
2026-08-03 06:29:00,690.48,690.52,690.41,690.49,0
2026-08-03 06:30:00,690.515,690.515,690.405,690.46,0
2026-08-03 06:31:00,690.41,690.41,690.2,690.38,0
2026-08-03 06:32:00,690.42,690.42,690.12,690.15,0
2026-08-03 06:33:00,690.24,690.44,690.22,690.44,0
2026-08-03 06:34:00,690.4859,690.84,690.47,690.83,0
2026-08-03 06:35:00,690.81,690.84,690.705,690.75,0
2026-08-03 06:36:00,690.71,690.87,690.64,690.78,0
2026-08-03 06:37:00,690.71,690.93,690.71,690.93,0
2026-08-03 06:38:00,690.923,690.93,690.71,690.71,0
2026-08-03 06:39:00,690.94,691.04,690.94,691.0,0
2026-08-03 06:40:00,690.9382,691.0,690.67,690.9607,0
2026-08-03 06:41:00,690.96,690.96,690.9409,690.95,0
2026-08-03 06:42:00,690.88,690.94,690.86,690.86,0
2026-08-03 06:43:00,690.84,690.9088,690.82,690.86,0
2026-08-03 06:44:00,690.8993,690.98,690.8993,690.98,0
2026-08-03 06:45:00,690.9889,691.07,690.85,690.92,0
2026-08-03 06:46:00,690.97,691.05,690.878,690.9,0
2026-08-03 06:47:00,690.9482,691.1,690.9482,691.02,0
2026-08-03 06:48:00,690.92,691.02,690.92,690.94,0
2026-08-03 06:49:00,690.93,691.04,690.81,690.85,0
2026-08-03 06:50:00,690.7782,690.9066,690.7,690.8598,0
2026-08-03 06:51:00,690.88,691.015,690.88,691.015,0
2026-08-03 06:52:00,690.9012,690.99,690.64,690.905,0
2026-08-03 06:53:00,690.9617,691.09,690.88,691.09,0
2026-08-03 06:54:00,691.0,691.0,690.95,690.9912,0
2026-08-03 06:55:00,691.14,691.3,691.14,691.27,0
2026-08-03 06:56:00,691.2,691.37,691.2,691.37,0
2026-08-03 06:57:00,691.31,691.39,691.1987,691.23,0
2026-08-03 06:58:00,691.1822,691.26,691.1822,691.22,0
2026-08-03 06:59:00,691.1575,691.4,691.1575,691.28,0
2026-08-03 07:00:00,691.35,691.43,687.99,690.6066,0
2026-08-03 07:01:00,690.6399,690.6399,690.16,690.16,0
2026-08-03 07:02:00,690.1984,690.43,690.05,690.236,0
2026-08-03 07:03:00,690.11,690.2821,689.88,690.2821,0
2026-08-03 07:04:00,690.289,690.3391,690.0486,690.3291,0
2026-08-03 07:05:00,690.2605,690.3494,690.12,690.3494,0
2026-08-03 07:06:00,690.3567,690.3903,689.58,689.6,0
2026-08-03 07:07:00,689.6012,689.89,689.5322,689.78,0
2026-08-03 07:08:00,689.76,689.8203,689.55,689.6576,0
2026-08-03 07:09:00,689.56,689.7997,689.56,689.75,0
2026-08-03 07:10:00,689.8422,689.9608,689.72,689.9608,0
2026-08-03 07:11:00,689.9592,689.969,689.7981,689.829,0
2026-08-03 07:12:00,689.8422,689.9977,689.82,689.94,0
2026-08-03 07:13:00,689.92,690.0299,689.8799,690.0034,0
2026-08-03 07:14:00,689.9706,690.0401,689.88,689.9948,0
2026-08-03 07:15:00,690.0008,690.1133,689.89,690.0919,0
2026-08-03 07:16:00,690.055,690.27,689.99,690.1796,0
2026-08-03 07:17:00,690.1891,690.56,690.17,690.5,0
2026-08-03 07:18:00,690.57,690.59,690.17,690.3535,0
2026-08-03 07:19:00,690.311,690.5,690.311,690.48,0
2026-08-03 07:20:00,690.44,690.48,690.3061,690.4,0
2026-08-03 07:21:00,690.3108,690.4882,690.05,690.1,0
2026-08-03 07:22:00,690.0185,690.4807,690.0185,690.35,0
2026-08-03 07:23:00,690.29,690.33,690.1061,690.1502,0
2026-08-03 07:24:00,690.17,690.18,690.0882,690.0882,0
2026-08-03 07:25:00,690.0682,690.1,689.9525,690.0132,0
2026-08-03 07:26:00,689.77,690.0982,689.71,690.0982,0
2026-08-03 07:27:00,690.0916,690.1361,689.65,689.68,0
2026-08-03 07:28:00,689.7674,689.9117,689.7012,689.9024,0
2026-08-03 07:29:00,689.8687,689.9199,689.58,689.58,0
2026-08-03 07:30:00,689.559,690.51,689.52,690.51,0
2026-08-03 07:31:00,690.3793,690.4924,690.0739,690.1601,0
2026-08-03 07:32:00,690.2481,690.3382,690.2211,690.24,0
2026-08-03 07:33:00,690.3512,690.49,690.33,690.4,0
2026-08-03 07:34:00,690.42,690.498,690.38,690.3912,0
2026-08-03 07:35:00,690.4,690.6,690.3881,690.4405,0
2026-08-03 07:36:00,690.4419,690.4419,690.22,690.2784,0
2026-08-03 07:37:00,690.3478,690.3607,690.0724,690.14,0
2026-08-03 07:38:00,690.15,690.1792,689.37,689.44,0
2026-08-03 07:39:00,689.4805,689.5865,689.3,689.4175,0
2026-08-03 07:40:00,689.38,689.398,689.1629,689.185,0
2026-08-03 07:41:00,689.22,689.3603,689.1413,689.2977,0
2026-08-03 07:42:00,689.3381,689.428,689.2,689.326,0
2026-08-03 07:43:00,689.3192,689.33,689.19,689.3,0
2026-08-03 07:44:00,689.3487,689.72,689.3487,689.72,0
2026-08-03 07:45:00,689.72,689.75,689.41,689.52,0
2026-08-03 07:46:00,689.57,689.67,689.47,689.53,0
2026-08-03 07:47:00,689.625,689.64,689.401,689.47,0
2026-08-03 07:48:00,689.47,689.5091,688.95,688.9582,0
2026-08-03 07:49:00,689.06,689.36,689.012,689.3,0
2026-08-03 07:50:00,689.1961,689.1961,688.79,688.8206,0
2026-08-03 07:51:00,688.79,688.83,688.49,688.64,0
2026-08-03 07:52:00,688.53,688.6646,688.41,688.47,0
2026-08-03 07:53:00,688.45,688.5,688.11,688.3112,0
2026-08-03 07:54:00,688.3501,688.4424,688.13,688.1933,0
2026-08-03 07:55:00,688.2,688.28,688.0709,688.0709,0
2026-08-03 07:56:00,688.06,688.37,687.98,688.2635,0
2026-08-03 07:57:00,688.24,688.2792,688.0,688.2762,0
2026-08-03 07:58:00,688.2658,688.3688,688.0724,688.3322,0
2026-08-03 07:59:00,688.28,688.45,688.13,688.4207,0
2026-08-03 08:00:00,688.3887,688.3887,687.9662,688.0,0
2026-08-03 08:01:00,688.0,688.0,687.7273,687.8956,0
2026-08-03 08:02:00,687.88,688.0,687.78,687.9288,0
2026-08-03 08:03:00,687.8698,687.95,687.71,687.77,0
2026-08-03 08:04:00,687.8105,688.0803,687.63,687.7283,0
2026-08-03 08:05:00,687.8495,687.9419,687.6729,687.6729,0
2026-08-03 08:06:00,687.68,687.72,687.5,687.6,0
2026-08-03 08:07:00,687.6,687.8302,687.51,687.76,0
2026-08-03 08:08:00,687.9,688.2472,687.475,688.1755,0
2026-08-03 08:09:00,688.2491,688.3652,688.1211,688.25,0
2026-08-03 08:10:00,688.27,688.3302,688.09,688.19,0
2026-08-03 08:11:00,688.2205,688.28,688.04,688.19,0
2026-08-03 08:12:00,688.2139,688.34,688.12,688.2212,0
2026-08-03 08:13:00,688.3038,688.68,688.2224,688.66,0
2026-08-03 08:14:00,688.7,688.78,688.56,688.7046,0
2026-08-03 08:15:00,688.711,689.0,688.65,689.0,0
2026-08-03 08:16:00,688.97,689.02,688.56,688.56,0
2026-08-03 08:17:00,688.53,688.8496,688.53,688.77,0
2026-08-03 08:18:00,688.8486,688.88,688.75,688.7989,0
2026-08-03 08:19:00,688.8076,688.8723,688.58,688.8692,0
2026-08-03 08:20:00,688.855,689.0187,688.75,689.01,0
2026-08-03 08:21:00,689.04,689.28,688.95,689.1696,0
2026-08-03 08:22:00,689.2,689.26,689.0,689.1507,0
2026-08-03 08:23:00,688.9985,689.0886,688.8,688.8,0
2026-08-03 08:24:00,688.828,688.88,688.7,688.75,0
2026-08-03 08:25:00,688.71,688.98,688.71,688.93,0
2026-08-03 08:26:00,688.95,689.03,688.8719,688.8719,0
2026-08-03 08:27:00,688.8442,689.11,688.5,689.11,0
2026-08-03 08:28:00,689.13,689.35,689.0302,689.3263,0
2026-08-03 08:29:00,689.27,689.35,689.0513,689.0513,0
2026-08-03 08:30:00,689.158,689.35,689.15,689.29,0
2026-08-03 08:31:00,689.24,689.3885,689.19,689.3191,0
2026-08-03 08:32:00,689.2655,689.36,689.07,689.0787,0
2026-08-03 08:33:00,689.04,689.09,688.93,689.0099,0
2026-08-03 08:34:00,689.02,689.24,688.9303,689.24,0
2026-08-03 08:35:00,689.142,689.1961,689.0,689.058,0
2026-08-03 08:36:00,689.0434,689.1998,688.94,689.11,0
2026-08-03 08:37:00,689.1386,689.16,689.0224,689.11,0
2026-08-03 08:38:00,689.1375,689.1623,688.9501,688.9707,0
2026-08-03 08:39:00,689.0,689.22,688.9,689.0,0
2026-08-03 08:40:00,689.13,689.2198,688.8767,689.16,0
2026-08-03 08:41:00,689.1,689.41,689.1,689.41,0
2026-08-03 08:42:00,689.33,689.5,689.33,689.45,0
2026-08-03 08:43:00,689.52,694.54,689.52,689.7172,0
2026-08-03 08:44:00,689.75,690.02,689.6912,689.97,0
2026-08-03 08:45:00,689.9878,690.09,689.88,689.9918,0
2026-08-03 08:46:00,689.9754,690.01,689.78,689.8576,0
2026-08-03 08:47:00,689.82,689.82,687.99,689.4805,0
2026-08-03 08:48:00,689.5605,689.58,689.31,689.31,0
2026-08-03 08:49:00,689.35,689.38,689.25,689.3502,0
2026-08-03 08:50:00,689.2727,689.3098,689.13,689.1417,0
2026-08-03 08:51:00,689.11,689.5502,688.97,689.5308,0
2026-08-03 08:52:00,689.53,689.55,689.402,689.44,0
2026-08-03 08:53:00,689.4301,689.493,689.1976,689.4511,0
2026-08-03 08:54:00,689.4223,689.71,689.4,689.55,0
2026-08-03 08:55:00,689.57,689.6457,689.5308,689.6092,0
2026-08-03 08:56:00,689.62,689.8187,689.59,689.59,0
2026-08-03 08:57:00,689.606,689.6088,689.3065,689.3065,0
2026-08-03 08:58:00,689.37,689.4618,689.23,689.37,0
2026-08-03 08:59:00,689.2988,689.4213,689.2988,689.4,0
2026-08-03 09:00:00,689.408,689.6235,689.31,689.398,0
2026-08-03 09:01:00,689.3625,689.4601,689.09,689.3422,0
2026-08-03 09:02:00,689.2831,689.3409,688.9113,689.02,0
2026-08-03 09:03:00,688.95,689.3047,688.95,689.22,0
2026-08-03 09:04:00,689.2199,689.54,689.1065,689.54,0
2026-08-03 09:05:00,689.5263,689.75,689.3601,689.75,0
2026-08-03 09:06:00,689.7897,689.7897,689.5,689.5735,0
2026-08-03 09:07:00,689.6188,689.62,689.4301,689.609,0
2026-08-03 09:08:00,689.5921,689.61,689.3376,689.34,0
2026-08-03 09:09:00,689.3605,689.4,689.27,689.3308,0
2026-08-03 09:10:00,689.331,689.5186,689.23,689.5186,0
2026-08-03 09:11:00,689.52,689.52,689.2267,689.2733,0
2026-08-03 09:12:00,689.3629,689.38,689.14,689.2948,0
2026-08-03 09:13:00,689.23,689.2814,689.0262,689.0601,0
2026-08-03 09:14:00,689.12,689.35,689.0,689.35,0
2026-08-03 09:15:00,689.3317,689.5883,689.3317,689.5192,0
2026-08-03 09:16:00,689.49,689.73,689.49,689.64,0
2026-08-03 09:17:00,689.68,689.7301,689.385,689.6,0
2026-08-03 09:18:00,689.6435,690.18,689.532,690.06,0
2026-08-03 09:19:00,690.06,690.06,689.82,689.97,0
2026-08-03 09:20:00,690.0201,690.05,689.8001,689.81,0
2026-08-03 09:21:00,689.85,689.85,689.5698,689.5698,0
2026-08-03 09:22:00,689.58,689.7776,689.5076,689.7092,0
2026-08-03 09:23:00,689.71,689.8585,689.5003,689.52,0
2026-08-03 09:24:00,689.5164,689.8189,689.42,689.6321,0
2026-08-03 09:25:00,689.58,689.58,688.7692,688.7692,0
2026-08-03 09:26:00,688.8558,688.8558,688.53,688.65,0
2026-08-03 09:27:00,688.64,688.64,687.9995,688.2,0
2026-08-03 09:28:00,688.2,688.42,687.85,688.0845,0
2026-08-03 09:29:00,688.12,688.39,687.84,688.39,0
2026-08-03 09:30:00,687.0,687.02,686.77,686.89,2427382
2026-08-03 09:31:00,686.92,687.46,686.37,686.68,193233
2026-08-03 09:32:00,686.73,687.02,685.82,686.73,193444
2026-08-03 09:33:00,686.64,686.975,686.125,686.88,122466
2026-08-03 09:34:00,686.85,687.97,686.735,687.44,153131
2026-08-03 09:35:00,687.41,689.43,687.29,689.12,328051
2026-08-03 09:36:00,689.09,690.38,688.94,690.375,172115
2026-08-03 09:37:00,690.36,691.2837,690.0,690.05,217421
2026-08-03 09:38:00,690.08,690.468,689.46,690.35,165072
2026-08-03 09:39:00,690.39,690.7699,689.752,690.395,102599
2026-08-03 09:40:00,690.39,690.845,688.89,689.6,128469
2026-08-03 09:41:00,689.59,690.14,689.186,689.56,88786
2026-08-03 09:42:00,689.49,689.87,688.412,688.7,149723
2026-08-03 09:43:00,688.7196,689.06,688.34,688.8355,158857
2026-08-03 09:44:00,688.85,690.288,688.85,690.14,95204
2026-08-03 09:45:00,690.16,690.89,690.0099,690.1,122822
2026-08-03 09:46:00,690.12,690.36,688.95,689.104,77612
2026-08-03 09:47:00,689.19,690.1931,689.19,690.1931,65609
2026-08-03 09:48:00,690.25,691.2236,689.84,690.44,169131
2026-08-03 09:49:00,690.315,690.505,689.68,689.71,115627
2026-08-03 09:50:00,689.72,690.22,689.28,689.57,129067
2026-08-03 09:51:00,689.58,690.5,689.535,690.45,88620
2026-08-03 09:52:00,690.4,690.52,689.82,690.055,78991
2026-08-03 09:53:00,690.1,690.88,689.95,690.87,77302
2026-08-03 09:54:00,690.84,690.94,690.21,690.94,72204
2026-08-03 09:55:00,690.935,691.84,690.69,691.72,135927
2026-08-03 09:56:00,691.71,691.9499,691.41,691.76,112898
2026-08-03 09:57:00,691.75,692.38,691.69,692.315,105809
2026-08-03 09:58:00,692.3,693.01,692.09,692.875,126091
2026-08-03 09:59:00,692.87,693.4,692.51,693.305,243836
2026-08-03 10:00:00,693.21,693.4,692.24,692.82,319237
2026-08-03 10:01:00,692.82,692.84,692.06,692.295,197235
2026-08-03 10:02:00,692.27,692.39,691.745,692.32,92480
2026-08-03 10:03:00,692.26,693.0,691.9,691.955,118905
2026-08-03 10:04:00,691.94,692.0106,691.2,691.63,116257
2026-08-03 10:05:00,691.6,692.3005,691.3301,692.025,64579
2026-08-03 10:06:00,692.07,692.69,692.03,692.28,94293
2026-08-03 10:07:00,692.39,692.47,691.545,691.61,67828
2026-08-03 10:08:00,691.57,692.2399,691.08,691.915,60716
2026-08-03 10:09:00,692.01,692.41,691.92,692.015,45165
2026-08-03 10:10:00,692.03,692.74,691.86,692.45,67137
2026-08-03 10:11:00,692.53,692.865,692.35,692.73,60065
2026-08-03 10:12:00,692.785,693.1,692.5,692.5601,81156
2026-08-03 10:13:00,692.54,692.97,692.42,692.54,57444
2026-08-03 10:14:00,692.49,692.49,691.72,692.0,110150
2026-08-03 10:15:00,692.01,692.19,691.752,692.19,86006
2026-08-03 10:16:00,692.19,693.18,692.19,692.99,69928
2026-08-03 10:17:00,692.98,693.29,692.73,693.07,62441
2026-08-03 10:18:00,693.03,693.68,693.03,693.46,106081
2026-08-03 10:19:00,693.39,693.54,693.09,693.09,94549
2026-08-03 10:20:00,693.1,693.67,692.89,693.6388,130878
2026-08-03 10:21:00,693.6,693.99,693.485,693.9735,107004
2026-08-03 10:22:00,693.98,694.21,693.79,693.79,133253
2026-08-03 10:23:00,693.805,694.14,693.7704,694.1199,85473
2026-08-03 10:24:00,694.1,694.3221,693.9,694.21,93408
2026-08-03 10:25:00,694.22,694.67,694.22,694.29,115680
2026-08-03 10:26:00,694.28,694.36,694.05,694.29,67119
2026-08-03 10:27:00,694.34,694.46,693.72,694.04,201660
2026-08-03 10:28:00,694.0451,694.47,693.9,694.11,207824
2026-08-03 10:29:00,694.12,694.75,694.04,694.62,100452
2026-08-03 10:30:00,694.67,694.7243,694.22,694.4,118225
2026-08-03 10:31:00,694.35,694.77,694.33,694.53,80911
2026-08-03 10:32:00,694.55,694.8,694.51,694.595,52301
2026-08-03 10:33:00,694.64,694.94,694.57,694.74,58358
2026-08-03 10:34:00,694.73,694.88,694.47,694.79,56560
2026-08-03 10:35:00,694.785,695.12,694.74,695.1,137657
2026-08-03 10:36:00,695.09,695.41,694.895,695.33,95450
2026-08-03 10:37:00,695.33,695.67,695.27,695.45,116435
2026-08-03 10:38:00,695.44,695.57,695.31,695.38,68405
2026-08-03 10:39:00,695.395,695.91,695.375,695.57,101432
2026-08-03 10:40:00,695.53,695.87,695.4201,695.785,55639
2026-08-03 10:41:00,695.785,696.0,695.54,695.65,122921
2026-08-03 10:42:00,695.6001,695.71,695.27,695.6099,340882
2026-08-03 10:43:00,695.58,695.6,695.2,695.52,111152
2026-08-03 10:44:00,695.55,695.655,695.29,695.31,265659
2026-08-03 10:45:00,695.36,695.48,695.16,695.19,73805
2026-08-03 10:46:00,695.23,695.94,695.23,695.84,309723
2026-08-03 10:47:00,695.82,695.94,695.52,695.8,415400
2026-08-03 10:48:00,695.79,696.14,695.77,695.885,238603
2026-08-03 10:49:00,695.87,696.2,695.78,696.07,195067
2026-08-03 10:50:00,696.05,696.34,695.8878,696.325,318711
2026-08-03 10:51:00,696.36,697.03,696.32,696.98,212942
2026-08-03 10:52:00,696.97,697.15,696.89,697.0761,141022
2026-08-03 10:53:00,697.09,697.46,697.09,697.33,121856
2026-08-03 10:54:00,697.4251,697.69,697.02,697.0405,118508
2026-08-03 10:55:00,697.1,697.56,697.06,697.38,88636
2026-08-03 10:56:00,697.345,697.57,697.18,697.23,60071
2026-08-03 10:57:00,697.22,697.415,697.11,697.335,49952
2026-08-03 10:58:00,697.32,697.46,697.142,697.45,96206
2026-08-03 10:59:00,697.4599,697.63,697.39,697.585,82044
2026-08-03 11:00:00,697.59,697.59,697.27,697.37,84917
2026-08-03 11:01:00,697.35,697.5,697.19,697.43,79242
2026-08-03 11:02:00,697.49,697.52,697.24,697.325,53200
2026-08-03 11:03:00,697.35,697.37,697.2,697.3,161885
2026-08-03 11:04:00,697.29,697.345,697.1,697.345,110769
2026-08-03 11:05:00,697.32,697.42,696.975,696.9791,167300
2026-08-03 11:06:00,696.97,696.9895,696.52,696.975,325653
2026-08-03 11:07:00,696.98,697.32,696.83,697.2,71801
2026-08-03 11:08:00,697.2,697.27,696.75,696.99,63901
2026-08-03 11:09:00,697.0002,697.02,696.58,696.7,53550
2026-08-03 11:10:00,696.67,696.75,696.45,696.67,96613
2026-08-03 11:11:00,696.65,696.6799,696.3901,696.6799,57902
2026-08-03 11:12:00,696.65,696.72,696.25,696.72,80817
2026-08-03 11:13:00,696.72,697.075,696.645,696.805,159354
2026-08-03 11:14:00,696.78,696.91,696.405,696.49,40820
2026-08-03 11:15:00,696.474,696.95,696.465,696.93,57867
2026-08-03 11:16:00,696.88,697.24,696.88,697.08,256618
2026-08-03 11:17:00,697.1099,697.115,696.71,696.93,49707
2026-08-03 11:18:00,696.92,697.14,696.86,696.9744,54202
2026-08-03 11:19:00,697.0,697.19,696.92,697.0501,40342
2026-08-03 11:20:00,697.09,697.48,697.06,697.48,163006
2026-08-03 11:21:00,697.455,697.47,697.11,697.23,148860
2026-08-03 11:22:00,697.23,697.339,696.78,697.339,49909
2026-08-03 11:23:00,697.3648,697.3648,697.145,697.3396,28969
2026-08-03 11:24:00,697.29,697.41,697.0,697.074,45394
2026-08-03 11:25:00,697.04,697.34,696.5,696.88,94753
2026-08-03 11:26:00,696.84,697.0,696.52,696.58,161901
2026-08-03 11:27:00,696.58,696.72,696.4138,696.545,54767
2026-08-03 11:28:00,696.59,696.62,695.66,695.99,128382
2026-08-03 11:29:00,696.0,696.15,695.82,695.92,48055
2026-08-03 11:30:00,695.95,696.596,695.875,696.31,89853
2026-08-03 11:31:00,696.28,696.91,696.2678,696.59,78756
2026-08-03 11:32:00,696.56,696.82,696.41,696.5,38640
2026-08-03 11:33:00,696.48,696.905,696.4,696.89,44019
2026-08-03 11:34:00,696.8956,697.04,696.57,696.65,52681
2026-08-03 11:35:00,696.6301,696.96,696.47,696.96,40279
2026-08-03 11:36:00,696.97,696.9866,696.59,696.6401,67169
2026-08-03 11:37:00,696.715,696.73,696.32,696.47,33233
2026-08-03 11:38:00,696.45,696.61,696.25,696.45,40079
2026-08-03 11:39:00,696.46,696.89,696.46,696.705,165432
2026-08-03 11:40:00,696.7399,697.22,696.7,697.0499,53671
2026-08-03 11:41:00,697.055,697.25,696.85,696.9542,47102
2026-08-03 11:42:00,696.97,697.19,696.88,697.135,36720
2026-08-03 11:43:00,697.12,697.27,697.05,697.12,49882
2026-08-03 11:44:00,697.14,697.18,697.06,697.11,30804
2026-08-03 11:45:00,697.1593,697.37,697.1397,697.21,42948
2026-08-03 11:46:00,697.235,697.4,697.15,697.23,55747
2026-08-03 11:47:00,697.24,697.28,697.08,697.2095,45021
2026-08-03 11:48:00,697.1994,697.27,696.98,697.05,48657
2026-08-03 11:49:00,697.05,697.45,697.045,697.19,40329
2026-08-03 11:50:00,697.19,697.32,697.15,697.25,138784
2026-08-03 11:51:00,697.28,697.35,696.98,697.235,29495
2026-08-03 11:52:00,697.23,697.36,697.175,697.355,34327
2026-08-03 11:53:00,697.33,697.73,697.2944,697.715,82497
2026-08-03 11:54:00,697.71,697.868,697.66,697.67,63665
2026-08-03 11:55:00,697.66,697.7,697.44,697.55,60269
2026-08-03 11:56:00,697.54,697.54,697.54,697.54,0
