time_et,open,high,low,close,volume
2026-07-24 04:00:00,739.08,740.377,737.6227,737.82,0
2026-07-24 04:01:00,737.82,740.37,737.63,740.02,0
2026-07-24 04:02:00,739.36,740.48,738.89,739.54,0
2026-07-24 04:03:00,739.53,739.5705,738.45,739.5705,0
2026-07-24 04:04:00,739.57,739.6,739.4615,739.5285,0
2026-07-24 04:05:00,739.47,739.4987,739.16,739.2587,0
2026-07-24 04:06:00,739.1917,739.36,737.81,739.3087,0
2026-07-24 04:07:00,739.31,739.338,739.1512,739.2405,0
2026-07-24 04:08:00,739.26,739.38,739.192,739.38,0
2026-07-24 04:09:00,739.31,739.5185,739.31,739.3785,0
2026-07-24 04:10:00,739.4085,739.45,739.3017,739.4,0
2026-07-24 04:11:00,739.34,739.34,739.17,739.2882,0
2026-07-24 04:12:00,739.2687,739.27,739.07,739.15,0
2026-07-24 04:13:00,739.14,739.2885,739.132,739.1717,0
2026-07-24 04:14:00,739.1917,739.44,739.1917,739.33,0
2026-07-24 04:15:00,739.32,739.3412,739.2406,739.34,0
2026-07-24 04:16:00,739.33,739.61,739.33,739.545,0
2026-07-24 04:17:00,739.58,739.68,739.4665,739.48,0
2026-07-24 04:18:00,739.4682,739.47,739.25,739.25,0
2026-07-24 04:19:00,739.2412,739.5,739.2412,739.5,0
2026-07-24 04:20:00,739.462,739.6185,739.462,739.6185,0
2026-07-24 04:21:00,739.64,739.65,739.3812,739.4682,0
2026-07-24 04:22:00,739.4685,739.59,739.4685,739.55,0
2026-07-24 04:23:00,739.492,739.5388,739.48,739.5212,0
2026-07-24 04:24:00,739.5685,739.5685,739.43,739.4685,0
2026-07-24 04:25:00,739.3712,739.4982,739.3115,739.42,0
2026-07-24 04:26:00,739.39,739.75,739.39,739.66,0
2026-07-24 04:27:00,739.67,739.6885,739.542,739.5717,0
2026-07-24 04:28:00,739.69,739.7382,739.6415,739.6415,0
2026-07-24 04:29:00,739.7015,740.04,739.7015,739.98,0
2026-07-24 04:30:00,739.98,740.09,739.95,739.9815,0
2026-07-24 04:31:00,740.0,740.2,739.94,740.15,0
2026-07-24 04:32:00,740.1287,740.26,740.08,740.1915,0
2026-07-24 04:33:00,740.21,740.29,740.1812,740.25,0
2026-07-24 04:34:00,740.22,740.275,740.1412,740.1687,0
2026-07-24 04:35:00,740.1212,740.159,740.0012,740.0012,0
2026-07-24 04:36:00,740.0985,740.159,740.022,740.14,0
2026-07-24 04:37:00,740.21,740.359,740.21,740.2985,0
2026-07-24 04:38:00,740.2985,740.2985,740.0815,740.19,0
2026-07-24 04:39:00,740.1215,740.23,740.1215,740.2,0
2026-07-24 04:40:00,740.1117,740.1987,740.06,740.07,0
2026-07-24 04:41:00,740.049,740.09,740.0,740.0882,0
2026-07-24 04:42:00,740.0617,740.1485,740.0,740.0585,0
2026-07-24 04:43:00,739.9715,740.03,739.9212,739.972,0
2026-07-24 04:44:00,739.99,740.1367,739.9715,740.0517,0
2026-07-24 04:45:00,740.1185,740.1285,740.0117,740.05,0
2026-07-24 04:46:00,740.05,740.1485,740.0212,740.0785,0
2026-07-24 04:47:00,740.04,740.1287,739.92,739.92,0
2026-07-24 04:48:00,739.8917,739.91,739.77,739.7715,0
2026-07-24 04:49:00,739.85,739.95,739.826,739.9415,0
2026-07-24 04:50:00,739.965,740.009,739.93,739.97,0
2026-07-24 04:51:00,739.87,739.9782,739.87,739.9782,0
2026-07-24 04:52:00,739.9112,739.9585,739.85,739.909,0
2026-07-24 04:53:00,739.9,739.9985,739.81,739.81,0
2026-07-24 04:54:00,739.7712,739.9885,739.7712,739.8915,0
2026-07-24 04:55:00,739.8915,740.0285,739.8712,739.9415,0
2026-07-24 04:56:00,739.9417,740.0085,739.86,739.8692,0
2026-07-24 04:57:00,739.87,739.8915,739.8012,739.8515,0
2026-07-24 04:58:00,739.8687,739.8787,739.7917,739.7917,0
2026-07-24 04:59:00,739.8582,739.9385,739.7917,739.9187,0
2026-07-24 05:00:00,739.9585,739.9585,739.7517,739.8585,0
2026-07-24 05:01:00,739.859,740.0482,739.781,740.0482,0
2026-07-24 05:02:00,739.9505,740.0985,739.8915,740.0505,0
2026-07-24 05:03:00,740.05,740.0782,739.94,740.0782,0
2026-07-24 05:04:00,739.9915,740.0587,739.85,739.87,0
2026-07-24 05:05:00,739.871,739.9587,739.8587,739.8587,0
2026-07-24 05:06:00,739.9282,740.0485,739.8512,740.0485,0
2026-07-24 05:07:00,740.0485,740.3,739.9915,740.3,0
2026-07-24 05:08:00,740.3192,740.3192,740.2212,740.2987,0
2026-07-24 05:09:00,740.2315,740.68,740.2315,740.65,0
2026-07-24 05:10:00,740.62,740.6787,740.5817,740.6687,0
2026-07-24 05:11:00,740.5987,740.63,740.4112,740.4115,0
2026-07-24 05:12:00,740.439,740.4585,740.1392,740.1412,0
2026-07-24 05:13:00,740.1887,740.2382,740.1315,740.2,0
2026-07-24 05:14:00,740.13,740.13,740.0507,740.0615,0
2026-07-24 05:15:00,740.12,740.1582,739.953,739.953,0
2026-07-24 05:16:00,739.9512,740.2285,739.9512,740.1987,0
2026-07-24 05:17:00,740.1712,740.2985,740.142,740.1587,0
2026-07-24 05:18:00,740.1212,740.1585,740.0112,740.0785,0
2026-07-24 05:19:00,740.0012,740.26,739.9807,740.25,0
2026-07-24 05:20:00,740.182,740.2968,740.16,740.255,0
2026-07-24 05:21:00,740.1917,740.4687,740.1917,740.45,0
2026-07-24 05:22:00,740.4707,740.4707,740.3215,740.3687,0
2026-07-24 05:23:00,740.3415,740.4785,740.3415,740.4607,0
2026-07-24 05:24:00,740.4895,740.5116,740.41,740.4438,0
2026-07-24 05:25:00,740.4112,740.6585,740.4112,740.5812,0
2026-07-24 05:26:00,740.64,740.6592,740.4512,740.4512,0
2026-07-24 05:27:00,740.49,740.5485,740.4215,740.4713,0
2026-07-24 05:28:00,740.5387,740.5987,740.4927,740.5512,0
2026-07-24 05:29:00,740.5987,740.6485,740.48,740.5012,0
2026-07-24 05:30:00,740.549,740.549,740.37,740.51,0
2026-07-24 05:31:00,740.5185,740.595,740.4615,740.5887,0
2026-07-24 05:32:00,740.546,740.65,740.546,740.6212,0
2026-07-24 05:33:00,740.6685,740.7,740.6,740.651,0
2026-07-24 05:34:00,740.68,740.73,740.62,740.6715,0
2026-07-24 05:35:00,740.715,740.749,740.6015,740.6417,0
2026-07-24 05:36:00,740.6437,740.7387,740.6437,740.6912,0
2026-07-24 05:37:00,740.71,740.7385,740.6612,740.719,0
2026-07-24 05:38:00,740.6815,740.75,740.6,740.6,0
2026-07-24 05:39:00,740.6,740.75,740.5912,740.6915,0
2026-07-24 05:40:00,740.77,740.7887,740.67,740.6985,0
2026-07-24 05:41:00,740.7185,740.7787,740.6315,740.72,0
2026-07-24 05:42:00,740.73,740.8387,740.6917,740.7815,0
2026-07-24 05:43:00,740.7815,740.84,740.761,740.8188,0
2026-07-24 05:44:00,740.8087,740.84,740.7315,740.7885,0
2026-07-24 05:45:00,740.7987,740.799,740.7215,740.7334,0
2026-07-24 05:46:00,740.7315,740.7985,740.7115,740.7687,0
2026-07-24 05:47:00,740.7785,740.87,740.7212,740.7392,0
2026-07-24 05:48:00,740.75,740.7887,740.5912,740.68,0
2026-07-24 05:49:00,740.6787,740.72,740.5912,740.619,0
2026-07-24 05:50:00,740.63,740.6687,740.601,740.6387,0
2026-07-24 05:51:00,740.5912,740.7587,740.5812,740.619,0
2026-07-24 05:52:00,740.63,740.7185,740.59,740.6228,0
2026-07-24 05:53:00,740.6315,740.68,740.5315,740.589,0
2026-07-24 05:54:00,740.5608,740.6187,740.55,740.589,0
2026-07-24 05:55:00,740.589,740.67,740.5412,740.67,0
2026-07-24 05:56:00,740.6212,740.739,740.6212,740.6921,0
2026-07-24 05:57:00,740.7387,740.7687,740.65,740.6914,0
2026-07-24 05:58:00,740.6921,740.7687,740.6912,740.721,0
2026-07-24 05:59:00,740.721,740.81,740.6,740.72,0
2026-07-24 06:00:00,740.7112,740.84,740.69,740.83,0
2026-07-24 06:01:00,740.83,740.83,740.67,740.72,0
2026-07-24 06:02:00,740.71,740.73,740.6599,740.6599,0
2026-07-24 06:03:00,740.7,740.71,740.57,740.57,0
2026-07-24 06:04:00,740.62,740.62,740.499,740.499,0
2026-07-24 06:05:00,740.4692,740.49,740.42,740.47,0
2026-07-24 06:06:00,740.58,740.59,740.58,740.59,0
2026-07-24 06:07:00,740.52,740.52,740.3,740.3185,0
2026-07-24 06:08:00,740.3201,740.33,740.2292,740.23,0
2026-07-24 06:09:00,740.22,740.3,740.22,740.3,0
2026-07-24 06:10:00,740.28,740.28,740.24,740.2785,0
2026-07-24 06:11:00,740.2587,740.3,740.2587,740.3,0
2026-07-24 06:12:00,740.2415,740.27,740.16,740.27,0
2026-07-24 06:13:00,740.29,740.3,740.2788,740.2788,0
2026-07-24 06:14:00,740.2,740.33,740.2,740.32,0
2026-07-24 06:15:00,740.27,740.32,740.27,740.3,0
2026-07-24 06:16:00,740.3672,740.3672,740.18,740.22,0
2026-07-24 06:17:00,740.28,740.28,740.27,740.27,0
2026-07-24 06:18:00,740.29,740.29,740.29,740.29,0
2026-07-24 06:19:00,740.29,740.3,740.29,740.3,0
2026-07-24 06:20:00,740.3,740.3,740.2487,740.27,0
2026-07-24 06:21:00,740.27,740.29,740.24,740.249,0
2026-07-24 06:22:00,740.25,740.32,740.25,740.32,0
2026-07-24 06:23:00,740.3212,740.34,740.29,740.34,0
2026-07-24 06:24:00,740.33,740.4,740.26,740.4,0
2026-07-24 06:25:00,740.35,740.35,740.1,740.1185,0
2026-07-24 06:26:00,740.12,740.22,740.095,740.17,0
2026-07-24 06:27:00,740.25,740.37,740.25,740.35,0
2026-07-24 06:28:00,740.36,740.4,740.36,740.4,0
2026-07-24 06:29:00,740.38,740.43,740.36,740.36,0
2026-07-24 06:30:00,740.35,740.37,740.35,740.36,0
2026-07-24 06:31:00,740.4,740.511,740.38,740.511,0
2026-07-24 06:32:00,740.45,740.45,740.4087,740.4087,0
2026-07-24 06:33:00,740.49,740.59,740.49,740.53,0
2026-07-24 06:34:00,740.5112,740.5112,740.2812,740.2812,0
2026-07-24 06:35:00,740.25,740.25,740.11,740.1853,0
2026-07-24 06:36:00,740.2564,740.2564,740.1919,740.1919,0
2026-07-24 06:37:00,740.2385,740.2385,740.16,740.16,0
2026-07-24 06:38:00,740.1887,740.1887,740.05,740.0982,0
2026-07-24 06:39:00,740.07,740.11,740.07,740.11,0
2026-07-24 06:40:00,740.06,740.12,740.06,740.08,0
2026-07-24 06:41:00,740.07,740.21,740.07,740.1615,0
2026-07-24 06:42:00,740.2185,740.2185,740.2185,740.2185,0
2026-07-24 06:43:00,740.14,740.1588,740.13,740.1588,0
2026-07-24 06:44:00,740.16,740.1817,740.14,740.1817,0
2026-07-24 06:45:00,740.22,740.23,740.2,740.2,0
2026-07-24 06:46:00,740.18,740.1923,740.15,740.16,0
2026-07-24 06:47:00,740.16,740.19,740.14,740.17,0
2026-07-24 06:48:00,740.179,740.2706,740.154,740.2706,0
2026-07-24 06:49:00,740.3,740.3,740.22,740.26,0
2026-07-24 06:50:00,740.26,740.26,740.15,740.1687,0
2026-07-24 06:51:00,740.11,740.139,740.05,740.05,0
2026-07-24 06:52:00,740.05,740.05,740.01,740.04,0
2026-07-24 06:53:00,740.0,740.02,739.97,740.02,0
2026-07-24 06:54:00,740.0654,740.09,739.98,739.98,0
2026-07-24 06:55:00,740.04,740.14,740.04,740.0785,0
2026-07-24 06:56:00,740.07,740.15,740.07,740.09,0
2026-07-24 06:57:00,740.12,740.17,740.12,740.14,0
2026-07-24 06:58:00,740.1312,740.19,740.1312,740.1604,0
2026-07-24 06:59:00,740.1988,740.1988,739.99,739.999,0
2026-07-24 07:00:00,739.95,740.1707,738.18,740.05,0
2026-07-24 07:01:00,740.06,740.25,740.01,740.165,0
2026-07-24 07:02:00,740.19,740.3,740.18,740.222,0
2026-07-24 07:03:00,740.23,740.4,740.23,740.3615,0
2026-07-24 07:04:00,740.365,740.4,740.2423,740.27,0
2026-07-24 07:05:00,740.27,740.36,740.26,740.26,0
2026-07-24 07:06:00,740.3,740.399,740.28,740.399,0
2026-07-24 07:07:00,740.35,740.4107,740.35,740.36,0
2026-07-24 07:08:00,740.4,740.4,740.1522,740.22,0
2026-07-24 07:09:00,740.14,740.26,740.11,740.16,0
2026-07-24 07:10:00,740.21,740.21,740.096,740.13,0
2026-07-24 07:11:00,740.13,740.2275,740.13,740.2202,0
2026-07-24 07:12:00,740.29,740.29,740.2216,740.2464,0
2026-07-24 07:13:00,740.2493,740.26,740.19,740.2052,0
2026-07-24 07:14:00,740.21,740.2588,740.2,740.257,0
2026-07-24 07:15:00,740.2301,740.269,740.21,740.24,0
2026-07-24 07:16:00,740.19,740.31,740.19,740.28,0
2026-07-24 07:17:00,740.28,740.36,740.28,740.32,0
2026-07-24 07:18:00,740.34,740.34,740.24,740.3,0
2026-07-24 07:19:00,740.3,740.31,740.22,740.31,0
2026-07-24 07:20:00,740.23,740.33,740.23,740.32,0
2026-07-24 07:21:00,740.3197,740.3197,740.0897,740.1045,0
2026-07-24 07:22:00,740.05,740.1272,740.02,740.0986,0
2026-07-24 07:23:00,740.1,740.2071,740.1,740.2071,0
2026-07-24 07:24:00,740.2,740.28,740.18,740.24,0
2026-07-24 07:25:00,740.2,740.2302,740.15,740.2302,0
2026-07-24 07:26:00,740.22,740.22,740.1,740.1,0
2026-07-24 07:27:00,740.07,740.1581,740.045,740.1072,0
2026-07-24 07:28:00,740.1,740.1065,740.041,740.041,0
2026-07-24 07:29:00,740.07,740.0988,740.01,740.085,0
2026-07-24 07:30:00,740.0715,740.12,740.02,740.05,0
2026-07-24 07:31:00,740.0214,740.11,739.9486,739.9486,0
2026-07-24 07:32:00,739.91,739.925,739.85,739.92,0
2026-07-24 07:33:00,739.895,739.9087,739.82,739.86,0
2026-07-24 07:34:00,739.87,739.89,739.83,739.89,0
2026-07-24 07:35:00,739.83,739.83,739.75,739.77,0
2026-07-24 07:36:00,739.76,740.1984,739.76,740.1984,0
2026-07-24 07:37:00,740.14,740.14,740.01,740.04,0
2026-07-24 07:38:00,740.02,740.04,739.9161,739.9161,0
2026-07-24 07:39:00,739.87,739.905,739.8103,739.8987,0
2026-07-24 07:40:00,739.83,739.865,739.7,739.7333,0
2026-07-24 07:41:00,739.7891,739.81,739.7304,739.81,0
2026-07-24 07:42:00,739.77,739.8199,739.72,739.7884,0
2026-07-24 07:43:00,739.8,739.8701,739.73,739.74,0
2026-07-24 07:44:00,739.7599,739.83,739.65,739.68,0
2026-07-24 07:45:00,739.7,739.86,739.6895,739.75,0
2026-07-24 07:46:00,739.8,739.81,739.68,739.7085,0
2026-07-24 07:47:00,739.7,739.705,739.54,739.54,0
2026-07-24 07:48:00,739.6,739.61,739.5404,739.57,0
2026-07-24 07:49:00,739.5403,739.77,739.52,739.72,0
2026-07-24 07:50:00,739.755,739.7988,739.71,739.785,0
2026-07-24 07:51:00,739.74,739.95,739.74,739.91,0
2026-07-24 07:52:00,739.9,739.97,739.9,739.9566,0
2026-07-24 07:53:00,739.92,739.96,739.78,739.79,0
2026-07-24 07:54:00,739.7474,739.85,739.7474,739.81,0
2026-07-24 07:55:00,739.73,739.7492,739.57,739.5938,0
2026-07-24 07:56:00,739.5938,739.5981,739.5,739.5,0
2026-07-24 07:57:00,739.5,739.61,739.5,739.5392,0
2026-07-24 07:58:00,739.54,740.57,739.52,740.5577,0
2026-07-24 07:59:00,740.481,740.975,740.481,740.63,0
2026-07-24 08:00:00,740.7,740.7,740.34,740.44,0
2026-07-24 08:01:00,740.3792,740.3792,740.16,740.1676,0
2026-07-24 08:02:00,740.16,740.21,739.95,740.03,0
2026-07-24 08:03:00,740.1,740.18,740.1,740.18,0
2026-07-24 08:04:00,740.1926,740.25,740.09,740.2,0
2026-07-24 08:05:00,740.22,740.22,739.91,739.97,0
2026-07-24 08:06:00,740.05,740.16,740.0392,740.1591,0
2026-07-24 08:07:00,740.14,740.3593,740.14,740.3593,0
2026-07-24 08:08:00,740.3,740.3,740.2117,740.3,0
2026-07-24 08:09:00,740.32,740.59,740.32,740.54,0
2026-07-24 08:10:00,740.46,740.49,740.3982,740.43,0
2026-07-24 08:11:00,740.4495,740.57,740.4495,740.52,0
2026-07-24 08:12:00,740.51,740.64,740.51,740.52,0
2026-07-24 08:13:00,740.5,740.61,740.47,740.47,0
2026-07-24 08:14:00,740.52,740.88,740.52,740.8082,0
2026-07-24 08:15:00,740.77,740.79,740.72,740.74,0
2026-07-24 08:16:00,740.77,740.84,740.6934,740.73,0
2026-07-24 08:17:00,740.77,740.88,740.77,740.79,0
2026-07-24 08:18:00,740.81,740.87,740.7,740.8,0
2026-07-24 08:19:00,740.82,740.84,740.545,740.6,0
2026-07-24 08:20:00,740.56,740.57,740.4201,740.47,0
2026-07-24 08:21:00,740.475,740.5484,740.42,740.45,0
2026-07-24 08:22:00,740.5,740.58,740.49,740.5681,0
2026-07-24 08:23:00,740.5561,740.5805,740.49,740.49,0
2026-07-24 08:24:00,740.5,740.87,740.5,740.71,0
2026-07-24 08:25:00,740.721,740.721,740.17,740.6491,0
2026-07-24 08:26:00,740.66,740.8,740.6,740.73,0
2026-07-24 08:27:00,740.65,740.75,740.61,740.6713,0
2026-07-24 08:28:00,740.7086,740.76,740.6362,740.7023,0
2026-07-24 08:29:00,740.72,740.7304,740.67,740.72,0
2026-07-24 08:30:00,740.7012,740.7012,740.4515,740.5899,0
2026-07-24 08:31:00,740.56,740.5866,740.49,740.51,0
2026-07-24 08:32:00,740.56,741.02,740.47,740.6,0
2026-07-24 08:33:00,740.5851,740.6078,740.46,740.47,0
2026-07-24 08:34:00,740.4664,740.4664,740.04,740.061,0
2026-07-24 08:35:00,740.1,740.15,740.037,740.14,0
2026-07-24 08:36:00,740.1778,740.1778,740.0199,740.0961,0
2026-07-24 08:37:00,740.11,740.3502,740.095,740.301,0
2026-07-24 08:38:00,740.3296,740.3296,740.23,740.2405,0
2026-07-24 08:39:00,740.2554,740.29,740.06,740.06,0
2026-07-24 08:40:00,740.09,740.13,740.05,740.0869,0
2026-07-24 08:41:00,740.07,740.0933,739.87,739.9,0
2026-07-24 08:42:00,739.8903,739.9164,739.8116,739.8116,0
2026-07-24 08:43:00,739.8586,739.86,739.74,739.81,0
2026-07-24 08:44:00,739.77,739.79,739.63,739.7,0
2026-07-24 08:45:00,739.7029,739.7794,739.65,739.7,0
2026-07-24 08:46:00,739.7,739.73,739.64,739.67,0
2026-07-24 08:47:00,739.64,739.66,738.18,739.61,0
2026-07-24 08:48:00,739.64,739.6404,739.55,739.6404,0
2026-07-24 08:49:00,739.64,739.74,739.61,739.65,0
2026-07-24 08:50:00,739.66,739.67,739.56,739.58,0
2026-07-24 08:51:00,739.6066,739.7,739.56,739.58,0
2026-07-24 08:52:00,739.62,739.62,739.44,739.5,0
2026-07-24 08:53:00,739.5,739.57,739.37,739.4392,0
2026-07-24 08:54:00,739.44,739.45,739.38,739.45,0
2026-07-24 08:55:00,739.455,739.455,739.2833,739.2833,0
2026-07-24 08:56:00,739.29,739.32,739.07,739.1127,0
2026-07-24 08:57:00,739.12,739.16,739.05,739.13,0
2026-07-24 08:58:00,739.169,739.25,739.1,739.15,0
2026-07-24 08:59:00,739.129,739.24,739.1,739.15,0
2026-07-24 09:00:00,739.15,739.2981,739.0552,739.0905,0
2026-07-24 09:01:00,739.08,739.13,739.01,739.03,0
2026-07-24 09:02:00,739.03,739.21,738.99,739.21,0
2026-07-24 09:03:00,739.22,739.26,739.0886,739.18,0
2026-07-24 09:04:00,739.17,739.25,739.16,739.19,0
2026-07-24 09:05:00,739.165,739.24,739.06,739.13,0
2026-07-24 09:06:00,739.105,739.12,738.97,739.04,0
2026-07-24 09:07:00,739.04,739.04,738.84,738.84,0
2026-07-24 09:08:00,738.83,738.95,738.83,738.95,0
2026-07-24 09:09:00,738.94,739.0905,738.935,739.05,0
2026-07-24 09:10:00,739.04,739.15,739.01,739.15,0
2026-07-24 09:11:00,739.16,739.19,739.0,739.18,0
2026-07-24 09:12:00,739.175,739.27,739.1745,739.24,0
2026-07-24 09:13:00,739.21,739.22,739.11,739.13,0
2026-07-24 09:14:00,739.14,739.18,739.08,739.16,0
2026-07-24 09:30:00,738.51,739.05,738.46,738.775,1021021
2026-07-24 09:31:00,738.79,738.9,738.42,738.8,179421
2026-07-24 09:32:00,738.81,739.4,738.79,739.18,105626
2026-07-24 09:33:00,739.15,739.5,738.98,739.07,107151
2026-07-24 09:34:00,739.12,739.35,739.09,739.2771,53894
2026-07-24 09:35:00,739.29,739.65,739.24,739.3699,98452
2026-07-24 09:36:00,739.32,739.32,738.88,738.97,110745
2026-07-24 09:37:00,738.98,739.6,738.98,739.53,81382
2026-07-24 09:38:00,739.55,739.66,739.28,739.29,70641
2026-07-24 09:39:00,739.27,739.27,739.01,739.11,53885
2026-07-24 09:40:00,739.1,739.14,738.79,738.92,135465
2026-07-24 09:41:00,738.96,739.1401,738.86,738.978,62156
2026-07-24 09:42:00,739.0,739.06,738.67,738.85,84769
2026-07-24 09:43:00,738.845,738.93,738.72,738.78,55987
2026-07-24 09:44:00,738.77,738.905,738.66,738.8101,68251
2026-07-24 09:45:00,738.81,739.08,738.57,738.9725,76838
2026-07-24 09:46:00,738.99,739.32,738.82,739.315,97305
2026-07-24 09:47:00,739.305,739.575,739.22,739.435,136096
2026-07-24 09:48:00,739.45,739.69,739.33,739.5095,83168
2026-07-24 09:49:00,739.5,739.88,739.5,739.82,89121
2026-07-24 09:50:00,739.81,739.81,738.56,738.96,200465
2026-07-24 09:51:00,738.976,739.04,738.2,738.3,167974
2026-07-24 09:52:00,738.29,738.32,737.9,738.03,158671
2026-07-24 09:53:00,738.02,738.11,737.85,737.86,104877
2026-07-24 09:54:00,737.8599,737.99,737.69,737.84,126629
2026-07-24 09:55:00,737.83,737.87,737.43,737.54,100982
2026-07-24 09:56:00,737.55,737.92,737.45,737.65,123485
2026-07-24 09:57:00,737.67,737.95,737.58,737.77,108745
2026-07-24 09:58:00,737.82,738.2,737.76,737.955,86869
2026-07-24 09:59:00,737.94,737.99,737.5,737.53,60194
2026-07-24 10:00:00,738.11,738.2,738.09,738.1999,168498
2026-07-24 10:01:00,738.2,738.37,737.89,738.14,274854
2026-07-24 10:02:00,738.14,738.6701,738.14,738.26,161117
2026-07-24 10:03:00,738.28,738.46,737.87,738.4251,94285
2026-07-24 10:04:00,738.43,738.53,737.68,737.744,78313
2026-07-24 10:05:00,737.79,738.23,737.68,738.13,84187
2026-07-24 10:06:00,738.11,738.23,737.57,738.02,149510
2026-07-24 10:07:00,737.995,738.43,737.84,738.3,79217
2026-07-24 10:08:00,738.31,739.04,738.26,739.0,82865
2026-07-24 10:09:00,739.015,739.49,738.895,739.3,93955
2026-07-24 10:10:00,739.265,739.44,739.09,739.41,80772
2026-07-24 10:11:00,739.395,739.475,739.23,739.28,74304
2026-07-24 10:12:00,739.26,739.37,738.875,738.94,77990
2026-07-24 10:13:00,738.94,739.42,738.825,739.32,121374
2026-07-24 10:14:00,739.34,739.905,739.31,739.5395,578501
2026-07-24 10:15:00,739.54,739.71,739.1,739.1,81199
2026-07-24 10:16:00,739.105,739.21,738.85,739.07,145289
2026-07-24 10:17:00,739.07,739.08,738.3,738.62,167790
2026-07-24 10:18:00,738.59,738.84,738.225,738.2455,103744
2026-07-24 10:19:00,738.24,738.55,738.0,738.535,495902
2026-07-24 10:20:00,738.53,738.7,738.16,738.64,64100
2026-07-24 10:21:00,738.63,739.35,738.54,739.25,95239
2026-07-24 10:22:00,739.23,739.55,739.21,739.36,70392
2026-07-24 10:23:00,739.365,739.95,739.36,739.81,95067
2026-07-24 10:24:00,739.8,739.82,739.43,739.54,76488
2026-07-24 10:25:00,739.56,739.66,739.11,739.33,82811
2026-07-24 10:26:00,739.35,739.63,739.21,739.46,62137
2026-07-24 10:27:00,739.46,739.72,738.97,739.13,152107
2026-07-24 10:28:00,739.12,739.4,739.03,739.29,54625
2026-07-24 10:29:00,739.29,739.49,739.18,739.18,38669
2026-07-24 10:30:00,739.19,739.23,738.58,738.77,98010
2026-07-24 10:31:00,738.76,739.035,738.6703,739.02,83553
2026-07-24 10:32:00,739.02,739.04,738.64,738.72,66875
2026-07-24 10:33:00,738.73,738.97,738.61,738.715,61182
2026-07-24 10:34:00,738.71,738.82,738.33,738.34,103060
2026-07-24 10:35:00,738.335,738.79,738.28,738.7099,93914
2026-07-24 10:36:00,738.71,738.82,738.51,738.5101,45450
2026-07-24 10:37:00,738.51,738.635,738.4,738.41,42385
2026-07-24 10:38:00,738.42,738.62,738.38,738.39,42339
2026-07-24 10:39:00,738.39,738.54,737.91,738.06,107475
2026-07-24 10:40:00,738.03,738.35,737.9,738.22,357048
2026-07-24 10:41:00,738.21,738.34,737.94,738.16,84961
2026-07-24 10:42:00,738.16,738.27,737.84,737.975,108561
2026-07-24 10:43:00,737.97,738.135,737.9,738.03,52516
2026-07-24 10:44:00,738.035,738.32,737.85,737.905,64795
2026-07-24 10:45:00,737.89,737.93,737.52,737.53,46118
2026-07-24 10:46:00,737.5299,738.07,737.43,738.07,108975
2026-07-24 10:47:00,738.0224,738.26,737.57,737.72,66126
2026-07-24 10:48:00,737.72,737.905,737.72,737.9,41570
2026-07-24 10:49:00,737.89,738.55,737.8624,738.53,78524
2026-07-24 10:50:00,738.535,739.09,738.53,739.08,91245
2026-07-24 10:51:00,739.07,739.2801,738.95,739.188,79475
2026-07-24 10:52:00,739.17,739.29,738.675,738.715,103196
2026-07-24 10:53:00,738.71,739.32,738.64,739.2,57574
2026-07-24 10:54:00,739.19,739.249,738.68,739.01,37121
2026-07-24 10:55:00,739.01,739.44,739.01,739.385,54816
2026-07-24 10:56:00,739.37,739.525,739.2501,739.5115,59520
2026-07-24 10:57:00,739.54,740.12,739.53,740.02,131761
2026-07-24 10:58:00,740.04,740.42,739.84,740.42,86269
2026-07-24 10:59:00,740.425,740.7,740.41,740.59,125459
2026-07-24 11:00:00,740.59,740.87,740.33,740.86,140844
2026-07-24 11:01:00,740.86,740.96,740.42,740.48,88745
2026-07-24 11:02:00,740.46,740.54,740.25,740.49,733902
2026-07-24 11:03:00,740.48,740.5651,740.29,740.39,46952
2026-07-24 11:04:00,740.4,740.47,740.21,740.24,56540
2026-07-24 11:05:00,740.23,740.49,740.215,740.41,50927
2026-07-24 11:06:00,740.39,740.535,740.09,740.1,65997
2026-07-24 11:07:00,740.09,740.23,739.84,740.221,46087
2026-07-24 11:08:00,740.23,740.64,740.17,740.25,88566
2026-07-24 11:09:00,740.25,740.34,739.66,739.6999,58852
2026-07-24 11:10:00,739.69,740.91,739.58,740.73,190134
2026-07-24 11:11:00,740.67,741.85,740.63,740.91,229653
2026-07-24 11:12:00,740.925,741.28,740.9,740.965,85513
2026-07-24 11:13:00,740.96,741.07,740.77,740.865,121407
2026-07-24 11:14:00,740.85,742.17,740.83,741.88,146031
2026-07-24 11:15:00,741.86,743.0,741.71,742.81,346095
2026-07-24 11:16:00,742.78,743.0,742.19,742.19,149224
2026-07-24 11:17:00,742.19,742.425,741.84,741.86,109968
2026-07-24 11:18:00,741.895,742.2166,741.63,741.83,59492
2026-07-24 11:19:00,741.82,742.0,741.34,741.4775,71392
2026-07-24 11:20:00,741.495,742.27,741.41,742.04,130599
2026-07-24 11:21:00,742.005,742.3,742.0,742.21,65649
2026-07-24 11:22:00,742.2,742.4073,742.115,742.215,86327
2026-07-24 11:23:00,742.19,742.65,742.18,742.5,59237
2026-07-24 11:24:00,742.505,742.62,742.33,742.37,111990
2026-07-24 11:25:00,742.395,742.64,742.33,742.64,39269
2026-07-24 11:26:00,742.67,742.79,742.55,742.55,41614
2026-07-24 11:27:00,742.55,742.9,742.55,742.7801,55091
2026-07-24 11:28:00,742.855,743.13,742.79,742.79,83556
2026-07-24 11:29:00,742.81,742.87,742.4999,742.61,193759
2026-07-24 11:30:00,742.6,742.6527,742.35,742.59,75824
2026-07-24 11:31:00,742.59,742.9,742.59,742.79,37277
2026-07-24 11:32:00,742.78,742.83,742.37,742.37,41655
2026-07-24 11:33:00,742.36,742.53,742.22,742.3,34366
2026-07-24 11:34:00,742.3,742.46,742.05,742.08,53474
2026-07-24 11:35:00,742.045,742.45,742.03,742.43,54886
2026-07-24 11:36:00,742.46,742.59,742.27,742.58,51252
2026-07-24 11:37:00,742.58,742.71,742.19,742.685,46488
2026-07-24 11:38:00,742.675,743.03,742.65,743.0,36618
2026-07-24 11:39:00,742.99,743.158,742.97,743.07,128879
2026-07-24 11:40:00,743.06,743.25,743.01,743.01,52817
2026-07-24 11:41:00,743.02,743.03,742.55,742.67,87971
2026-07-24 11:42:00,742.6401,742.76,742.41,742.52,45879
2026-07-24 11:43:00,742.54,742.63,742.029,742.18,57674
2026-07-24 11:44:00,742.18,742.44,742.18,742.29,28697
2026-07-24 11:45:00,742.29,742.65,742.27,742.46,52097
2026-07-24 11:46:00,742.5,742.62,742.415,742.415,32796
2026-07-24 11:47:00,742.42,742.58,742.18,742.24,32871
2026-07-24 11:48:00,742.24,742.38,742.0,742.35,64285
2026-07-24 11:49:00,742.34,742.3448,742.06,742.13,33828
2026-07-24 11:50:00,742.135,742.69,742.13,742.66,82812
2026-07-24 11:51:00,742.66,742.79,742.43,742.44,39612
2026-07-24 11:52:00,742.4401,742.565,742.19,742.28,69037
2026-07-24 11:53:00,742.28,742.59,742.18,742.59,127379
2026-07-24 11:54:00,742.6,742.73,742.48,742.56,33100
2026-07-24 11:55:00,742.56,742.79,742.52,742.63,143692
2026-07-24 11:56:00,742.65,742.9,742.64,742.8525,41194
2026-07-24 11:57:00,742.85,742.95,742.7501,742.76,49796
2026-07-24 11:58:00,742.74,743.0,742.65,742.94,30838
2026-07-24 11:59:00,742.94,743.11,742.91,743.015,45130
2026-07-24 12:00:00,743.04,743.08,742.68,742.73,510010
2026-07-24 12:01:00,742.73,742.86,742.64,742.845,51961
2026-07-24 12:02:00,742.81,742.89,742.74,742.85,38256
2026-07-24 12:03:00,742.83,743.015,742.81,742.98,28533
2026-07-24 12:04:00,742.97,743.24,742.96,743.21,38786
2026-07-24 12:05:00,743.2,743.29,743.105,743.17,51175
2026-07-24 12:06:00,743.19,743.24,742.995,742.995,234162
2026-07-24 12:07:00,743.01,743.52,742.94,743.485,81608
2026-07-24 12:08:00,743.48,743.55,743.3,743.34,41375
2026-07-24 12:09:00,743.35,743.41,743.26,743.28,45937
2026-07-24 12:10:00,743.3,743.72,743.27,743.69,74715
2026-07-24 12:11:00,743.705,743.72,743.4,743.42,65061
2026-07-24 12:12:00,743.41,743.5616,743.29,743.29,62073
2026-07-24 12:13:00,743.29,743.34,742.89,742.9983,80541
2026-07-24 12:14:00,742.99,743.09,742.85,742.97,58013
2026-07-24 12:15:00,743.0,743.04,742.81,742.94,55156
2026-07-24 12:16:00,742.9662,743.1,742.87,742.98,38338
2026-07-24 12:17:00,742.99,743.03,742.89,742.96,30981
2026-07-24 12:18:00,742.96,743.23,742.92,743.13,62643
2026-07-24 12:19:00,743.11,743.32,743.07,743.1347,68435
2026-07-24 12:20:00,743.1449,743.44,743.13,743.42,80586
2026-07-24 12:21:00,743.425,743.45,743.1,743.23,40898
2026-07-24 12:22:00,743.25,743.5,743.19,743.465,21272
2026-07-24 12:23:00,743.48,743.48,743.33,743.38,31315
2026-07-24 12:24:00,743.35,743.44,743.24,743.3599,26846
2026-07-24 12:25:00,743.36,743.49,743.25,743.48,22541
2026-07-24 12:26:00,743.49,743.52,743.4,743.5,18476
2026-07-24 12:27:00,743.49,743.57,743.35,743.35,37353
2026-07-24 12:28:00,743.37,743.43,743.3,743.33,40882
2026-07-24 12:29:00,743.31,743.37,743.18,743.19,58985
2026-07-24 12:30:00,743.17,743.19,742.49,742.68,159977
2026-07-24 12:31:00,742.7099,742.79,742.56,742.665,74597
2026-07-24 12:32:00,742.69,742.77,742.47,742.64,59114
2026-07-24 12:33:00,742.62,742.71,742.36,742.43,53024
2026-07-24 12:34:00,742.43,742.66,742.39,742.5,43595
2026-07-24 12:35:00,742.515,742.67,742.4101,742.56,51521
2026-07-24 12:36:00,742.57,742.74,742.5,742.54,50081
2026-07-24 12:37:00,742.55,742.66,742.38,742.63,17736
2026-07-24 12:38:00,742.62,742.69,742.26,742.26,53921
2026-07-24 12:39:00,742.25,742.42,742.23,742.27,37238
2026-07-24 12:40:00,742.26,742.26,742.03,742.03,32242
2026-07-24 12:41:00,742.02,742.08,741.92,742.07,53650
2026-07-24 12:42:00,742.05,742.09,741.82,741.98,48197
2026-07-24 12:43:00,741.98,742.05,741.73,741.84,53081
2026-07-24 12:44:00,741.84,741.88,741.64,741.65,48904
2026-07-24 12:45:00,741.64,741.81,741.53,741.78,92038
2026-07-24 12:46:00,741.75,741.78,741.54,741.54,83358
2026-07-24 12:47:00,741.54,741.65,741.225,741.25,56498
2026-07-24 12:48:00,741.245,741.25,741.05,741.15,101113
2026-07-24 12:49:00,741.12,741.26,740.95,741.1899,72406
2026-07-24 12:50:00,741.19,741.25,741.04,741.12,40715
2026-07-24 12:51:00,741.12,741.27,741.04,741.14,96768
2026-07-24 12:52:00,741.18,741.19,740.94,740.98,52883
2026-07-24 12:53:00,740.95,741.02,740.74,740.92,33536
2026-07-24 12:54:00,740.9299,741.26,740.8902,741.07,55624
2026-07-24 12:55:00,741.049,741.38,740.87,741.21,45189
2026-07-24 12:56:00,741.2399,741.32,741.12,741.29,35842
2026-07-24 12:57:00,741.281,741.54,741.28,741.53,42358
2026-07-24 12:58:00,741.56,741.76,741.48,741.63,35468
2026-07-24 12:59:00,741.62,741.75,741.44,741.45,40504
2026-07-24 13:00:00,741.47,741.6,741.2802,741.35,32671
2026-07-24 13:01:00,741.33,741.36,741.02,741.35,52805
2026-07-24 13:02:00,741.37,741.37,741.14,741.19,35362
2026-07-24 13:03:00,741.2,741.29,741.01,741.11,26887
2026-07-24 13:04:00,741.12,741.26,741.08,741.175,34990
2026-07-24 13:05:00,741.17,741.33,741.1,741.19,40472
2026-07-24 13:06:00,741.21,741.25,740.49,740.89,188713
2026-07-24 13:07:00,740.8301,740.89,740.63,740.675,52525
2026-07-24 13:08:00,740.65,740.73,740.39,740.565,68144
2026-07-24 13:09:00,740.545,740.65,740.38,740.4183,36686
2026-07-24 13:10:00,740.4,740.6394,740.2301,740.4901,42456
2026-07-24 13:11:00,740.48,740.83,740.46,740.68,62986
2026-07-24 13:12:00,740.7,740.94,740.69,740.76,36543
2026-07-24 13:13:00,740.77,741.0,740.68,740.84,69740
2026-07-24 13:14:00,740.83,741.06,740.83,740.93,43839
2026-07-24 13:15:00,740.95,741.0604,740.76,740.76,28483
2026-07-24 13:16:00,740.81,740.85,740.66,740.76,36207
2026-07-24 13:17:00,740.78,741.17,740.73,741.15,46454
2026-07-24 13:18:00,741.17,741.41,741.05,741.279,43899
2026-07-24 13:19:00,741.28,741.47,741.22,741.41,29082
2026-07-24 13:20:00,741.4165,741.49,741.27,741.31,33144
2026-07-24 13:21:00,741.34,741.48,741.25,741.25,29217
2026-07-24 13:22:00,741.27,741.37,740.9072,741.01,32248
2026-07-24 13:23:00,741.0,741.18,740.93,740.97,23556
2026-07-24 13:24:00,740.98,741.3,740.91,741.3,209367
2026-07-24 13:25:00,741.29,741.36,740.99,741.31,27313
2026-07-24 13:26:00,741.35,741.55,741.31,741.52,65826
2026-07-24 13:27:00,741.535,741.775,741.51,741.725,39030
2026-07-24 13:28:00,741.72,741.84,741.635,741.69,35054
2026-07-24 13:29:00,741.71,741.78,741.6,741.71,29680
2026-07-24 13:30:00,741.75,741.84,741.53,741.705,38129
2026-07-24 13:31:00,741.7,741.877,741.61,741.81,28210
2026-07-24 13:32:00,741.81,741.89,741.62,741.7237,20437
2026-07-24 13:33:00,741.77,741.98,741.7,741.934,35847
2026-07-24 13:34:00,741.91,742.1692,741.88,742.1118,33523
2026-07-24 13:35:00,742.11,742.12,741.98,742.06,34007
2026-07-24 13:36:00,742.04,742.1,741.8,741.91,31682
2026-07-24 13:37:00,741.9,741.905,741.61,741.66,40721
2026-07-24 13:38:00,741.66,741.79,741.6,741.7,23224
2026-07-24 13:39:00,741.71,741.74,741.43,741.51,32818
2026-07-24 13:40:00,741.52,741.54,741.29,741.33,48665
2026-07-24 13:41:00,741.34,741.345,741.13,741.28,32399
2026-07-24 13:42:00,741.3,741.34,741.16,741.25,33956
2026-07-24 13:43:00,741.23,741.3056,741.155,741.1801,32285
2026-07-24 13:44:00,741.21,741.35,741.07,741.08,37379
2026-07-24 13:45:00,741.07,741.1254,740.93,741.07,36762
2026-07-24 13:46:00,741.04,741.3299,741.04,741.275,23560
2026-07-24 13:47:00,741.26,741.39,741.09,741.11,32204
2026-07-24 13:48:00,741.12,741.1637,740.92,741.09,41059
2026-07-24 13:49:00,741.07,741.33,741.05,741.31,28596
2026-07-24 13:50:00,741.31,741.45,741.2,741.44,34401
2026-07-24 13:51:00,741.45,741.535,741.06,741.09,27501
2026-07-24 13:52:00,741.07,741.11,740.97,741.06,147998
2026-07-24 13:53:00,741.155,741.23,741.08,741.13,35222
2026-07-24 13:54:00,741.135,741.3,741.08,741.27,25539
2026-07-24 13:55:00,741.29,741.39,741.12,741.17,21669
2026-07-24 13:56:00,741.17,741.36,741.12,741.32,109014
2026-07-24 13:57:00,741.3,741.3,741.08,741.11,45045
2026-07-24 13:58:00,741.1,741.27,741.08,741.15,39361
2026-07-24 13:59:00,741.15,741.19,740.97,740.98,29410
2026-07-24 14:00:00,740.99,741.19,740.93,741.17,47308
2026-07-24 14:01:00,741.2,741.29,740.9,740.92,37644
2026-07-24 14:02:00,740.91,740.96,740.79,740.91,37300
2026-07-24 14:03:00,740.92,740.96,740.77,740.8,41041
2026-07-24 14:04:00,740.78,740.94,740.77,740.89,25613
2026-07-24 14:05:00,740.88,740.93,740.75,740.88,53307
2026-07-24 14:06:00,740.89,741.0,740.81,740.89,182241
2026-07-24 14:07:00,740.86,741.2,740.86,741.2,48396
2026-07-24 14:08:00,741.21,741.27,741.06,741.06,24174
2026-07-24 14:09:00,741.08,741.21,740.95,740.97,30556
2026-07-24 14:10:00,741.02,741.075,740.81,740.86,42690
2026-07-24 14:11:00,740.83,740.88,740.68,740.715,48919
2026-07-24 14:12:00,740.71,740.7399,740.545,740.65,63412
2026-07-24 14:13:00,740.66,740.75,740.545,740.58,49121
2026-07-24 14:14:00,740.55,740.685,740.48,740.59,53471
2026-07-24 14:15:00,740.595,740.595,740.47,740.55,182104
2026-07-24 14:16:00,740.56,740.6,740.44,740.545,43100
2026-07-24 14:17:00,740.545,740.65,740.48,740.5,52567
2026-07-24 14:18:00,740.49,740.55,740.28,740.49,68769
2026-07-24 14:19:00,740.5,740.5399,740.14,740.23,41298
2026-07-24 14:20:00,740.19,740.2,739.925,739.925,52171
2026-07-24 14:21:00,739.935,739.995,739.77,739.83,90525
2026-07-24 14:22:00,739.8,739.95,739.77,739.86,199853
2026-07-24 14:23:00,739.86,739.94,739.72,739.9,51749
2026-07-24 14:24:00,739.9,739.97,739.77,739.81,39281
2026-07-24 14:25:00,739.8,739.88,739.426,739.605,65358
2026-07-24 14:26:00,739.61,739.63,739.37,739.43,169088
2026-07-24 14:27:00,739.43,739.515,739.28,739.33,60761
2026-07-24 14:28:00,739.31,739.31,739.15,739.18,92656
2026-07-24 14:29:00,739.18,739.35,739.0,739.035,85311
2026-07-24 14:30:00,739.05,739.16,738.97,739.0,154176
2026-07-24 14:31:00,739.0,739.02,738.57,738.69,100485
2026-07-24 14:32:00,738.69,738.86,738.62,738.66,85476
2026-07-24 14:33:00,738.66,738.8099,738.31,738.37,105561
2026-07-24 14:34:00,738.37,738.44,738.07,738.1738,147986
2026-07-24 14:35:00,738.19,738.23,737.83,738.155,311490
2026-07-24 14:36:00,738.17,738.63,738.11,738.2593,167736
2026-07-24 14:37:00,738.24,738.39,738.13,738.16,72851
2026-07-24 14:38:00,738.15,738.5,738.07,738.425,194750
2026-07-24 14:39:00,738.42,738.43,737.93,738.27,132658
2026-07-24 14:40:00,738.27,738.27,737.82,737.84,66415
2026-07-24 14:41:00,737.83,738.0,737.75,737.75,103519
2026-07-24 14:42:00,737.74,737.93,737.64,737.87,127416
2026-07-24 14:43:00,737.89,738.13,737.84,737.95,96230
2026-07-24 14:44:00,737.97,738.08,737.81,737.85,45493
2026-07-24 14:45:00,737.87,738.3999,737.79,738.37,127464
2026-07-24 14:46:00,738.385,738.69,738.385,738.43,103985
2026-07-24 14:47:00,738.44,738.7,738.4201,738.62,52791
2026-07-24 14:48:00,738.64,738.69,738.2632,738.2632,49385
2026-07-24 14:49:00,738.27,738.38,738.22,738.31,58734
2026-07-24 14:50:00,738.29,738.451,738.03,738.185,97736
2026-07-24 14:51:00,738.18,738.5,738.17,738.29,53094
2026-07-24 14:52:00,738.33,738.42,738.21,738.41,46320
2026-07-24 14:53:00,738.42,738.47,738.21,738.36,165075
2026-07-24 14:54:00,738.36,738.38,738.05,738.205,54909
2026-07-24 14:55:00,738.19,738.37,738.14,738.36,33336
2026-07-24 14:56:00,738.36,738.69,738.27,738.6,58467
2026-07-24 14:57:00,738.56,738.71,738.5401,738.5401,82073
2026-07-24 14:58:00,738.53,738.61,738.38,738.4009,54269
2026-07-24 14:59:00,738.4,738.56,738.37,738.38,74330
2026-07-24 15:00:00,738.39,738.62,738.27,738.53,66606
2026-07-24 15:01:00,738.54,738.895,738.45,738.58,192344
2026-07-24 15:02:00,738.59,738.65,738.29,738.32,198327
2026-07-24 15:03:00,738.3,738.4,738.22,738.28,372975
2026-07-24 15:04:00,738.29,738.41,738.21,738.28,65446
2026-07-24 15:05:00,738.25,738.59,738.15,738.5,76674
2026-07-24 15:06:00,738.51,738.65,738.25,738.27,265383
2026-07-24 15:07:00,738.24,738.28,737.735,737.765,142441
2026-07-24 15:08:00,737.77,737.92,737.71,737.81,88613
2026-07-24 15:09:00,737.8094,737.83,737.56,737.605,206098
2026-07-24 15:10:00,737.61,737.74,737.47,737.58,106907
2026-07-24 15:11:00,737.57,737.72,737.52,737.68,187280
2026-07-24 15:12:00,737.69,738.23,737.68,737.92,149545
2026-07-24 15:13:00,737.92,737.97,737.77,737.84,160871
2026-07-24 15:14:00,737.84,737.85,737.575,737.6,101166
2026-07-24 15:15:00,737.6,737.71,737.52,737.58,104758
2026-07-24 15:16:00,737.55,737.6,737.41,737.55,440142
2026-07-24 15:17:00,737.57,737.78,737.49,737.61,293643
2026-07-24 15:18:00,737.61,737.75,737.55,737.65,75017
2026-07-24 15:19:00,737.65,737.83,737.57,737.8,122623
2026-07-24 15:20:00,737.82,737.82,737.58,737.735,94568
2026-07-24 15:21:00,737.7,737.99,737.66,737.925,60169
2026-07-24 15:22:00,737.92,738.02,737.82,737.9,82731
2026-07-24 15:23:00,737.895,737.895,737.6739,737.72,97674
2026-07-24 15:24:00,737.72,737.75,737.29,737.43,185881
2026-07-24 15:25:00,737.44,737.55,737.3,737.42,89838
2026-07-24 15:26:00,737.41,737.54,737.36,737.51,80544
2026-07-24 15:27:00,737.51,737.82,737.5,737.6,96036
2026-07-24 15:28:00,737.58,737.68,737.47,737.68,75514
2026-07-24 15:29:00,737.69,737.87,737.58,737.65,117099
2026-07-24 15:30:00,737.72,737.92,737.66,737.79,91520
2026-07-24 15:31:00,737.8,738.03,737.73,737.96,98064
2026-07-24 15:32:00,737.97,738.21,737.94,738.18,193870
2026-07-24 15:33:00,738.17,738.36,738.04,738.2,311431
2026-07-24 15:34:00,738.17,738.38,738.08,738.09,127275
2026-07-24 15:35:00,738.08,738.645,737.99,738.53,221517
2026-07-24 15:36:00,738.53,738.6099,738.19,738.2499,363723
2026-07-24 15:37:00,738.25,738.66,738.25,738.47,131162
2026-07-24 15:38:00,738.46,738.56,738.37,738.47,261408
2026-07-24 15:39:00,738.48,738.559,738.05,738.11,96549
2026-07-24 15:40:00,738.11,738.34,738.06,738.19,262874
2026-07-24 15:41:00,738.18,738.18,737.94,738.06,178019
2026-07-24 15:42:00,738.04,738.09,737.92,738.04,143762
2026-07-24 15:43:00,738.05,738.14,737.79,738.025,75260
2026-07-24 15:44:00,738.03,738.32,737.95,738.28,140827
2026-07-24 15:45:00,738.3,738.44,737.92,737.9375,555144
2026-07-24 15:46:00,737.92,737.99,737.82,737.9,121071
2026-07-24 15:47:00,737.9,738.09,737.82,737.83,112700
2026-07-24 15:48:00,737.83,738.02,737.77,737.83,117785
2026-07-24 15:49:00,737.82,738.34,737.75,738.3399,162483
2026-07-24 15:50:00,738.34,738.51,737.82,737.85,285211
2026-07-24 15:51:00,737.85,737.86,737.7,737.81,176622
2026-07-24 15:52:00,737.79,737.82,737.64,737.82,149718
2026-07-24 15:53:00,737.82,738.05,737.69,738.0,207431
2026-07-24 15:54:00,738.0,738.58,737.95,738.47,236127
2026-07-24 15:55:00,738.49,738.61,738.14,738.14,460704
2026-07-24 15:56:00,738.14,738.34,738.05,738.24,601145
2026-07-24 15:57:00,738.24,738.51,738.19,738.44,921610
2026-07-24 15:58:00,738.445,738.56,738.34,738.47,604598
2026-07-24 15:59:00,738.47,739.1,738.138,738.86,1238279
2026-07-24 16:00:00,738.86,738.93,738.38,738.78,745511
2026-07-24 16:01:00,738.78,738.97,738.78,738.84,0
2026-07-24 16:02:00,738.86,738.92,738.4401,738.75,0
2026-07-24 16:03:00,738.57,738.7028,738.44,738.44,0
2026-07-24 16:04:00,738.93,738.93,738.33,738.5,0
2026-07-24 16:05:00,738.49,738.56,738.22,738.29,0
2026-07-24 16:06:00,738.29,738.53,738.28,738.44,0
2026-07-24 16:07:00,738.41,738.93,738.31,738.34,0
2026-07-24 16:08:00,738.3578,738.4278,738.24,738.3261,0
2026-07-24 16:09:00,738.3215,738.93,738.26,738.46,0
2026-07-24 16:10:00,738.43,738.93,738.26,738.26,0
2026-07-24 16:11:00,738.26,738.8073,738.24,738.59,0
2026-07-24 16:12:00,738.6,738.6651,738.52,738.6651,0
2026-07-24 16:13:00,738.66,738.71,738.57,738.67,0
2026-07-24 16:14:00,738.68,738.72,738.54,738.57,0
2026-07-24 16:15:00,738.61,738.93,738.61,738.76,0
2026-07-24 16:16:00,738.76,738.8,738.75,738.7921,0
2026-07-24 16:17:00,738.8,738.87,738.4401,738.82,0
2026-07-24 16:18:00,738.81,738.9,738.8,738.89,0
2026-07-24 16:19:00,738.88,738.88,738.75,738.75,0
2026-07-24 16:20:00,738.75,738.9,738.75,738.9,0
2026-07-24 16:21:00,738.877,738.93,738.86,738.9,0
2026-07-24 16:22:00,738.9,738.97,738.9,738.97,0
2026-07-24 16:23:00,738.98,739.0792,738.92,738.95,0
2026-07-24 16:24:00,738.9492,738.9492,738.75,738.79,0
2026-07-24 16:25:00,738.78,738.85,738.78,738.84,0
2026-07-24 16:26:00,738.84,738.8846,738.78,738.8317,0
2026-07-24 16:27:00,738.83,738.85,738.6769,738.71,0
2026-07-24 16:28:00,738.7023,738.72,738.67,738.7,0
2026-07-24 16:29:00,738.6977,738.7,738.47,738.5,0
2026-07-24 16:30:00,738.48,738.5341,738.17,738.17,0
2026-07-24 16:31:00,738.22,738.22,738.01,738.08,0
2026-07-24 16:32:00,738.09,738.1871,738.02,738.06,0
2026-07-24 16:33:00,738.05,738.2,738.05,738.1474,0
2026-07-24 16:34:00,738.14,738.16,738.06,738.16,0
2026-07-24 16:35:00,738.25,738.3651,738.23,738.35,0
2026-07-24 16:36:00,738.347,738.38,738.27,738.36,0
2026-07-24 16:37:00,738.3605,738.43,738.25,738.339,0
2026-07-24 16:38:00,738.33,738.36,738.2537,738.2778,0
2026-07-24 16:39:00,738.28,738.3198,738.2004,738.2601,0
2026-07-24 16:40:00,738.28,738.3,738.19,738.19,0
2026-07-24 16:41:00,738.2,738.23,738.2,738.23,0
2026-07-24 16:42:00,738.23,738.3,738.23,738.2895,0
2026-07-24 16:43:00,738.29,738.3401,738.24,738.3401,0
2026-07-24 16:44:00,738.35,738.5436,738.35,738.5371,0
2026-07-24 16:45:00,738.5362,738.63,738.52,738.52,0
2026-07-24 16:46:00,738.53,738.53,738.49,738.503,0
2026-07-24 16:47:00,738.5,738.51,738.4,738.4292,0
2026-07-24 16:48:00,738.4041,738.45,738.39,738.4,0
2026-07-24 16:49:00,738.3938,738.4,738.35,738.35,0
2026-07-24 16:50:00,738.4,738.4,738.3185,738.3185,0
2026-07-24 16:51:00,738.32,738.44,738.32,738.42,0
2026-07-24 16:52:00,738.411,738.4901,738.33,738.33,0
2026-07-24 16:53:00,738.33,738.3814,738.2808,738.3814,0
2026-07-24 16:54:00,738.39,738.61,738.39,738.61,0
2026-07-24 16:55:00,738.5699,738.5699,738.4715,738.5199,0
2026-07-24 16:56:00,738.93,738.93,738.4761,738.4904,0
2026-07-24 16:57:00,738.56,738.659,738.4983,738.659,0
2026-07-24 16:58:00,738.61,738.74,738.5122,738.581,0
2026-07-24 16:59:00,738.646,738.646,738.36,738.524,0
2026-07-24 17:00:00,738.55,738.93,738.41,738.51,0
2026-07-24 17:01:00,738.78,738.78,738.52,738.52,0
2026-07-24 17:02:00,738.509,738.78,738.509,738.61,0
2026-07-24 17:03:00,738.93,738.93,738.6239,738.65,0
2026-07-24 17:04:00,738.6438,738.65,738.61,738.63,0
2026-07-24 17:05:00,738.649,759.3482,738.33,738.33,0
2026-07-24 17:06:00,738.35,738.35,738.3,738.3,0
2026-07-24 17:07:00,738.3,738.3,738.2,738.24,0
2026-07-24 17:08:00,738.24,738.93,738.11,738.93,0
2026-07-24 17:09:00,738.1,738.25,738.1,738.2424,0
2026-07-24 17:10:00,738.2439,738.25,738.175,738.18,0
2026-07-24 17:11:00,738.175,738.2415,738.17,738.18,0
2026-07-24 17:12:00,738.2462,738.25,737.7,738.2248,0
2026-07-24 17:13:00,738.2248,738.23,737.95,737.985,0
2026-07-24 17:14:00,738.0,738.2247,737.93,738.2247,0
2026-07-24 17:15:00,738.2247,738.24,737.982,737.9923,0
2026-07-24 17:16:00,737.995,738.0,737.95,737.9978,0
2026-07-24 17:17:00,737.99,737.99,737.95,737.95,0
2026-07-24 17:18:00,737.97,738.0,737.95,738.0,0
2026-07-24 17:19:00,738.0,738.01,737.95,737.96,0
2026-07-24 17:20:00,737.9965,738.0,737.955,737.96,0
2026-07-24 17:21:00,737.99,738.52,737.99,738.1525,0
2026-07-24 17:22:00,738.17,738.565,738.17,738.565,0
2026-07-24 17:23:00,738.6,738.6,738.5,738.5,0
2026-07-24 17:24:00,738.5,738.5432,738.49,738.51,0
2026-07-24 17:25:00,738.54,738.55,738.51,738.55,0
2026-07-24 17:26:00,738.53,738.6,738.5228,738.55,0
2026-07-24 17:27:00,738.55,738.74,738.55,738.7062,0
2026-07-24 17:28:00,738.69,738.6936,738.56,738.67,0
2026-07-24 17:29:00,738.6,738.72,738.57,738.72,0
2026-07-24 17:30:00,738.71,738.92,738.71,738.79,0
2026-07-24 17:31:00,738.79,739.0,738.61,738.7517,0
2026-07-24 17:32:00,738.93,739.117,738.93,739.117,0
2026-07-24 17:33:00,739.05,739.1,738.93,738.93,0
2026-07-24 17:34:00,738.9547,738.9547,738.8,738.8,0
2026-07-24 17:35:00,738.92,739.09,738.87,739.0474,0
2026-07-24 17:36:00,739.1,739.12,738.9549,738.9549,0
2026-07-24 17:37:00,739.025,739.12,739.0,739.01,0
2026-07-24 17:38:00,739.1,739.12,739.01,739.1,0
2026-07-24 17:39:00,739.06,739.0991,739.0127,739.04,0
2026-07-24 17:40:00,739.04,739.322,739.0,739.08,0
2026-07-24 17:41:00,739.0257,739.29,739.0257,739.29,0
2026-07-24 17:42:00,739.11,739.2895,739.0781,739.1992,0
2026-07-24 17:43:00,739.12,739.22,739.02,739.08,0
2026-07-24 17:44:00,739.22,739.22,739.02,739.02,0
2026-07-24 17:45:00,739.17,739.17,739.02,739.06,0
2026-07-24 17:46:00,739.0619,739.0619,738.85,738.9751,0
2026-07-24 17:47:00,738.86,738.9783,738.86,738.9753,0
2026-07-24 17:48:00,738.97,738.98,738.71,738.915,0
2026-07-24 17:49:00,738.9683,738.97,738.8626,738.88,0
2026-07-24 17:50:00,738.93,738.97,738.8656,738.953,0
2026-07-24 17:51:00,738.93,738.97,738.86,738.87,0
2026-07-24 17:52:00,738.915,738.97,738.86,738.93,0
2026-07-24 17:53:00,738.93,738.9672,738.86,738.8675,0
2026-07-24 17:54:00,738.95,738.95,738.8,738.8,0
2026-07-24 17:55:00,738.85,738.95,738.81,738.81,0
2026-07-24 17:56:00,738.81,738.9,738.81,738.81,0
2026-07-24 17:57:00,738.82,738.8907,738.8104,738.855,0
2026-07-24 17:58:00,738.8907,738.8992,738.83,738.8992,0
2026-07-24 17:59:00,738.8896,738.9317,738.855,738.89,0
2026-07-24 18:00:00,738.9,738.95,738.8849,738.8849,0
2026-07-24 18:01:00,738.95,738.95,738.915,738.9482,0
2026-07-24 18:02:00,738.91,738.9421,738.63,738.7,0
2026-07-24 18:03:00,738.7,738.78,738.66,738.67,0
2026-07-24 18:04:00,738.85,738.85,738.67,738.84,0
2026-07-24 18:05:00,738.92,738.92,738.7602,738.83,0
2026-07-24 18:06:00,738.75,738.92,738.7022,738.8939,0
2026-07-24 18:07:00,738.7414,738.92,738.68,738.68,0
2026-07-24 18:08:00,738.7061,738.914,738.7061,738.91,0
2026-07-24 18:09:00,738.7632,738.89,738.76,738.8761,0
2026-07-24 18:10:00,738.8882,738.8882,738.773,738.8766,0
2026-07-24 18:11:00,738.76,738.89,738.76,738.838,0
2026-07-24 18:12:00,738.8311,738.84,738.76,738.84,0
2026-07-24 18:13:00,738.84,738.84,738.7617,738.8082,0
2026-07-24 18:14:00,738.8142,738.82,738.76,738.76,0
2026-07-24 18:15:00,738.78,738.78,738.7,738.7424,0
2026-07-24 18:16:00,738.7107,738.83,738.71,738.8159,0
2026-07-24 18:17:00,738.8159,738.83,738.703,738.8267,0
2026-07-24 18:18:00,738.8159,738.83,738.7,738.816,0
2026-07-24 18:19:00,738.7139,738.83,738.67,738.8,0
2026-07-24 18:20:00,738.82,738.83,738.67,738.83,0
2026-07-24 18:21:00,738.8126,738.83,738.67,738.74,0
2026-07-24 18:22:00,738.68,738.68,738.67,738.672,0
2026-07-24 18:23:00,738.69,738.7258,738.67,738.68,0
2026-07-24 18:24:00,738.68,738.74,738.67,738.6781,0
2026-07-24 18:25:00,738.6781,738.765,738.6781,738.765,0
2026-07-24 18:26:00,738.82,738.83,738.71,738.75,0
2026-07-24 18:27:00,738.76,738.97,738.7409,738.97,0
2026-07-24 18:28:00,738.76,739.01,738.7422,738.7422,0
2026-07-24 18:29:00,738.8203,738.8203,738.75,738.75,0
2026-07-24 18:30:00,738.83,738.98,738.75,738.98,0
2026-07-24 18:31:00,738.99,739.04,738.99,739.0003,0
2026-07-24 18:32:00,739.06,739.06,739.0,739.0012,0
2026-07-24 18:33:00,739.0,739.05,739.0,739.05,0
2026-07-24 18:34:00,739.02,739.0546,739.0,739.0533,0
2026-07-24 18:35:00,739.04,739.06,739.01,739.01,0
2026-07-24 18:36:00,739.06,739.06,739.0054,739.02,0
2026-07-24 18:37:00,739.01,739.02,739.0005,739.01,0
2026-07-24 18:38:00,739.02,739.02,739.0,739.01,0
2026-07-24 18:39:00,739.0,739.01,739.0,739.0,0
2026-07-24 18:40:00,739.0,739.0029,738.7715,739.0,0
2026-07-24 18:41:00,738.9915,739.02,738.74,738.74,0
2026-07-24 18:42:00,738.9,739.052,738.82,738.88,0
2026-07-24 18:43:00,738.88,738.9284,738.81,738.91,0
2026-07-24 18:44:00,738.9,738.93,738.7686,738.81,0
2026-07-24 18:45:00,738.93,738.93,738.74,738.92,0
2026-07-24 18:46:00,738.9111,738.93,738.7564,738.7564,0
2026-07-24 18:47:00,738.9112,738.9112,738.7731,738.7731,0
2026-07-24 18:48:00,738.9181,738.9181,738.76,738.76,0
2026-07-24 18:49:00,738.8875,738.9,738.783,738.783,0
2026-07-24 18:50:00,738.79,738.91,738.78,738.8875,0
2026-07-24 18:51:00,738.81,738.98,738.78,738.85,0
2026-07-24 18:52:00,738.93,738.95,738.784,738.83,0
2026-07-24 18:53:00,738.83,738.94,738.81,738.81,0
2026-07-24 18:54:00,738.9231,738.9398,738.82,738.9232,0
2026-07-24 18:55:00,738.9,738.9175,738.9,738.9,0
2026-07-24 18:56:00,738.9045,738.9045,738.82,738.88,0
2026-07-24 18:57:00,738.88,738.9,738.82,738.8307,0
2026-07-24 18:58:00,738.79,738.8843,738.72,738.72,0
2026-07-24 18:59:00,738.72,738.7773,738.55,738.6,0
2026-07-24 19:00:00,738.6,738.73,738.53,738.73,0
2026-07-24 19:01:00,738.72,738.73,738.5757,738.5757,0
2026-07-24 19:02:00,738.5405,738.72,738.5405,738.72,0
2026-07-24 19:03:00,738.5735,738.93,738.54,738.93,0
2026-07-24 19:04:00,738.92,738.92,738.6,738.6,0
2026-07-24 19:05:00,738.72,738.78,738.5375,738.735,0
2026-07-24 19:06:00,738.8,738.8,738.6,738.72,0
2026-07-24 19:07:00,738.8,738.81,738.61,738.81,0
2026-07-24 19:08:00,738.61,738.79,738.61,738.79,0
2026-07-24 19:09:00,738.5867,738.79,738.5867,738.79,0
2026-07-24 19:10:00,738.5889,738.82,738.5889,738.82,0
2026-07-24 19:11:00,738.5867,738.93,738.5867,738.61,0
2026-07-24 19:12:00,738.6,738.83,738.55,738.8,0
2026-07-24 19:13:00,738.83,738.87,738.6,738.83,0
2026-07-24 19:14:00,738.83,738.83,738.7,738.83,0
2026-07-24 19:15:00,738.77,738.93,738.7,738.7,0
2026-07-24 19:16:00,738.79,738.91,738.6231,738.6231,0
2026-07-24 19:17:00,738.91,738.91,738.55,738.56,0
2026-07-24 19:18:00,738.612,738.7655,738.55,738.55,0
2026-07-24 19:19:00,738.5863,738.72,738.5693,738.72,0
2026-07-24 19:20:00,738.72,738.72,738.55,738.5824,0
2026-07-24 19:21:00,738.59,738.93,738.5595,738.5595,0
2026-07-24 19:22:00,738.71,738.9205,738.5585,738.7,0
2026-07-24 19:23:00,738.7,738.7,738.5828,738.5855,0
2026-07-24 19:24:00,738.5855,738.774,738.58,738.58,0
2026-07-24 19:25:00,738.58,738.68,738.56,738.56,0
2026-07-24 19:26:00,738.5797,738.8717,738.55,738.6,0
2026-07-24 19:27:00,738.55,738.84,738.55,738.56,0
2026-07-24 19:28:00,738.85,738.85,738.57,738.5791,0
2026-07-24 19:29:00,738.68,738.7,738.55,738.7,0
2026-07-24 19:30:00,738.56,738.7,738.5,738.51,0
2026-07-24 19:31:00,738.48,738.5,738.48,738.48,0
2026-07-24 19:32:00,738.6,738.8017,738.6,738.6,0
2026-07-24 19:33:00,738.51,738.7,738.5,738.5,0
2026-07-24 19:34:00,738.51,738.7604,738.48,738.48,0
2026-07-24 19:35:00,738.6,738.6,738.4882,738.4882,0
2026-07-24 19:36:00,738.49,738.81,738.46,738.4795,0
2026-07-24 19:37:00,738.46,738.46,738.36,738.36,0
2026-07-24 19:38:00,738.43,738.4321,738.36,738.43,0
2026-07-24 19:39:00,738.44,738.51,738.39,738.51,0
2026-07-24 19:40:00,738.5045,738.81,738.5045,738.81,0
2026-07-24 19:41:00,738.76,738.76,738.5,738.76,0
2026-07-24 19:42:00,738.5,738.74,738.36,738.53,0
2026-07-24 19:43:00,738.7207,738.7207,738.3692,738.6,0
2026-07-24 19:44:00,738.4127,738.67,738.4127,738.4501,0
2026-07-24 19:45:00,738.7987,738.7987,738.42,738.5907,0
2026-07-24 19:46:00,738.5628,738.5628,738.3637,738.45,0
2026-07-24 19:47:00,738.4497,738.4497,738.4497,738.4497,0
2026-07-24 19:48:00,738.38,738.4,738.2755,738.32,0
2026-07-24 19:49:00,738.32,738.32,738.2697,738.27,0
2026-07-24 19:50:00,738.26,738.32,738.2499,738.28,0
2026-07-24 19:51:00,738.27,738.27,738.25,738.25,0
2026-07-24 19:52:00,738.28,738.3189,738.28,738.3189,0
2026-07-24 19:53:00,738.31,738.3195,738.28,738.3061,0
2026-07-24 19:54:00,738.28,738.32,738.2306,738.32,0
2026-07-24 19:55:00,738.3028,738.32,738.23,738.25,0
2026-07-24 19:56:00,738.25,738.45,738.2343,738.43,0
2026-07-24 19:57:00,738.4457,738.45,738.32,738.4002,0
2026-07-24 19:58:00,738.43,738.44,738.32,738.4,0
2026-07-24 19:59:00,738.33,738.66,738.19,738.66,0
2026-07-27 04:00:00,744.23,746.05,744.08,744.98,0
2026-07-27 04:01:00,745.03,746.06,744.07,745.65,0
2026-07-27 04:02:00,745.65,745.8,744.75,745.09,0
2026-07-27 04:03:00,745.0454,745.14,744.9942,745.03,0
2026-07-27 04:04:00,744.99,745.0276,744.9,744.92,0
2026-07-27 04:05:00,744.94,745.05,744.91,745.01,0
2026-07-27 04:06:00,745.01,745.06,744.99,745.06,0
2026-07-27 04:07:00,745.08,745.29,745.08,745.235,0
2026-07-27 04:08:00,745.24,745.24,745.155,745.155,0
2026-07-27 04:09:00,745.1896,745.2163,745.11,745.2,0
2026-07-27 04:10:00,745.15,745.23,745.13,745.215,0
2026-07-27 04:11:00,745.23,745.24,745.06,745.14,0
2026-07-27 04:12:00,745.04,745.07,745.0312,745.07,0
2026-07-27 04:13:00,745.0,745.19,744.9992,745.19,0
2026-07-27 04:14:00,745.17,745.32,745.14,745.31,0
2026-07-27 04:15:00,745.3,745.32,745.25,745.25,0
2026-07-27 04:16:00,745.14,745.26,745.12,745.21,0
2026-07-27 04:17:00,745.22,745.3,745.15,745.3,0
2026-07-27 04:18:00,745.27,745.36,745.27,745.32,0
2026-07-27 04:19:00,745.36,745.45,745.36,745.3615,0
2026-07-27 04:20:00,745.36,745.4731,745.36,745.43,0
2026-07-27 04:21:00,745.38,745.4,745.36,745.36,0
2026-07-27 04:22:00,745.4087,745.4087,745.3144,745.34,0
2026-07-27 04:23:00,745.3313,745.39,745.3313,745.37,0
2026-07-27 04:24:00,745.399,745.4088,745.35,745.3987,0
2026-07-27 04:25:00,745.39,745.39,745.389,745.39,0
2026-07-27 04:26:00,745.35,745.42,745.35,745.42,0
2026-07-27 04:27:00,745.42,745.5,745.42,745.5,0
2026-07-27 04:28:00,745.44,745.51,745.425,745.47,0
2026-07-27 04:29:00,745.51,745.65,745.51,745.5985,0
2026-07-27 04:30:00,745.67,745.69,745.59,745.59,0
2026-07-27 04:31:00,745.5743,745.62,745.569,745.6,0
2026-07-27 04:32:00,745.6,745.72,745.6,745.71,0
2026-07-27 04:33:00,745.71,745.74,745.6712,745.7125,0
2026-07-27 04:34:00,745.72,745.72,745.6,745.6,0
2026-07-27 04:35:00,745.51,745.51,745.4685,745.4685,0
2026-07-27 04:36:00,745.63,745.669,745.6235,745.64,0
2026-07-27 04:37:00,745.58,745.62,745.55,745.6,0
2026-07-27 04:38:00,745.57,745.57,745.57,745.57,0
2026-07-27 04:39:00,745.7,745.72,745.65,745.7187,0
2026-07-27 04:40:00,745.7,745.72,745.6712,745.6712,0
2026-07-27 04:41:00,745.7,745.76,745.7,745.76,0
2026-07-27 04:42:00,745.82,746.07,745.82,746.0112,0
2026-07-27 04:43:00,746.03,746.03,745.9236,745.95,0
2026-07-27 04:44:00,745.98,746.03,745.95,746.03,0
2026-07-27 04:45:00,746.05,746.06,745.95,745.959,0
2026-07-27 04:46:00,745.9492,745.959,745.87,745.91,0
2026-07-27 04:47:00,745.9,745.9221,745.8547,745.89,0
2026-07-27 04:48:00,745.94,745.96,745.8943,745.9379,0
2026-07-27 04:49:00,745.94,745.96,745.94,745.96,0
2026-07-27 04:50:00,745.87,745.97,745.87,745.92,0
2026-07-27 04:51:00,745.93,745.94,745.87,745.87,0
2026-07-27 04:52:00,745.88,745.96,745.87,745.94,0
2026-07-27 04:53:00,745.9,745.9,745.85,745.87,0
2026-07-27 04:54:00,745.9013,746.11,745.9,746.11,0
2026-07-27 04:55:00,746.08,746.09,746.08,746.0887,0
2026-07-27 04:56:00,746.06,746.06,745.91,745.91,0
2026-07-27 04:57:00,745.99,746.11,745.97,746.11,0
2026-07-27 04:58:00,746.09,746.09,746.04,746.04,0
2026-07-27 04:59:00,746.041,746.05,746.02,746.02,0
2026-07-27 05:00:00,746.04,746.04,745.78,745.8185,0
2026-07-27 05:01:00,745.85,745.85,745.82,745.82,0
2026-07-27 05:02:00,745.86,745.89,745.849,745.849,0
2026-07-27 05:03:00,745.839,745.84,745.8112,745.84,0
2026-07-27 05:04:00,745.87,745.89,745.8622,745.89,0
2026-07-27 05:05:00,745.8887,745.89,745.8887,745.89,0
2026-07-27 05:06:00,745.86,745.89,745.86,745.8834,0
2026-07-27 05:07:00,745.88,745.88,745.82,745.82,0
2026-07-27 05:08:00,745.899,745.899,745.77,745.77,0
2026-07-27 05:09:00,745.86,745.879,745.79,745.79,0
2026-07-27 05:10:00,745.7992,745.83,745.77,745.83,0
2026-07-27 05:11:00,745.8512,745.8512,745.8512,745.8512,0
2026-07-27 05:12:00,745.86,745.87,745.86,745.86,0
2026-07-27 05:13:00,745.87,745.87,745.85,745.86,0
2026-07-27 05:14:00,745.84,745.85,745.79,745.85,0
2026-07-27 05:15:00,745.839,745.85,745.8,745.85,0
2026-07-27 05:16:00,745.84,745.85,745.82,745.85,0
2026-07-27 05:17:00,745.85,745.87,745.82,745.82,0
2026-07-27 05:18:00,745.8,745.89,745.8,745.89,0
2026-07-27 05:19:00,745.86,745.86,745.7932,745.82,0
2026-07-27 05:20:00,745.794,745.86,745.794,745.86,0
2026-07-27 05:21:00,745.86,745.94,745.85,745.94,0
2026-07-27 05:22:00,745.97,746.04,745.97,746.0,0
2026-07-27 05:23:00,745.8915,746.0,745.8915,746.0,0
2026-07-27 05:24:00,745.95,745.95,745.95,745.95,0
2026-07-27 05:25:00,746.009,746.01,746.009,746.01,0
2026-07-27 05:26:00,746.04,746.13,746.04,746.1,0
2026-07-27 05:27:00,746.0888,746.0888,746.0888,746.0888,0
2026-07-27 05:28:00,746.05,746.05,745.93,745.9688,0
2026-07-27 05:29:00,745.9392,745.9392,745.8912,745.9,0
2026-07-27 05:30:00,745.94,745.94,745.8,745.86,0
2026-07-27 05:31:00,745.86,745.89,745.86,745.89,0
2026-07-27 05:32:00,745.93,746.0,745.93,746.0,0
2026-07-27 05:33:00,745.9628,745.98,745.9,745.9,0
2026-07-27 05:34:00,745.93,746.0,745.93,746.0,0
2026-07-27 05:35:00,746.0,746.08,745.995,746.08,0
2026-07-27 05:36:00,746.0412,746.065,746.03,746.065,0
2026-07-27 05:37:00,746.071,746.195,746.071,746.16,0
2026-07-27 05:38:00,746.21,746.21,746.0,746.0582,0
2026-07-27 05:39:00,746.0428,746.16,746.0428,746.16,0
2026-07-27 05:40:00,746.13,746.185,746.13,746.1787,0
2026-07-27 05:41:00,746.16,746.1795,746.1363,746.1363,0
2026-07-27 05:42:00,746.11,746.21,746.09,746.21,0
2026-07-27 05:43:00,746.19,746.29,746.175,746.29,0
2026-07-27 05:44:00,746.29,746.35,746.25,746.32,0
2026-07-27 05:45:00,746.33,746.34,746.27,746.33,0
2026-07-27 05:46:00,746.3,746.37,746.3,746.3328,0
2026-07-27 05:47:00,746.38,746.4487,746.38,746.43,0
2026-07-27 05:48:00,746.44,746.53,746.41,746.419,0
2026-07-27 05:49:00,746.42,746.53,746.42,746.53,0
2026-07-27 05:50:00,746.49,746.49,746.4117,746.43,0
2026-07-27 05:51:00,746.441,746.49,746.411,746.411,0
2026-07-27 05:52:00,746.43,746.48,746.41,746.48,0
2026-07-27 05:53:00,746.47,746.48,746.44,746.48,0
2026-07-27 05:54:00,746.4301,746.465,746.4112,746.4112,0
2026-07-27 05:55:00,746.43,746.43,746.39,746.39,0
2026-07-27 05:56:00,746.39,746.4389,746.3812,746.415,0
2026-07-27 05:57:00,746.42,746.44,746.34,746.34,0
2026-07-27 05:58:00,746.3312,746.39,746.3312,746.3597,0
2026-07-27 05:59:00,746.41,746.41,746.37,746.37,0
2026-07-27 06:00:00,746.41,746.42,746.32,746.41,0
2026-07-27 06:01:00,746.36,746.43,746.33,746.3712,0
2026-07-27 06:02:00,746.419,746.42,746.419,746.42,0
2026-07-27 06:03:00,746.42,746.4307,746.3912,746.3912,0
2026-07-27 06:04:00,746.42,746.42,746.36,746.38,0
2026-07-27 06:05:00,746.3312,746.3432,746.3312,746.3432,0
2026-07-27 06:06:00,746.39,746.4,746.33,746.33,0
2026-07-27 06:07:00,746.32,746.38,746.31,746.38,0
2026-07-27 06:08:00,746.38,746.38,746.31,746.33,0
2026-07-27 06:09:00,746.3,746.31,746.23,746.23,0
2026-07-27 06:10:00,746.21,746.2392,746.0451,746.07,0
2026-07-27 06:11:00,746.0,746.03,746.0,746.03,0
2026-07-27 06:12:00,746.0282,746.03,746.0,746.0,0
2026-07-27 06:13:00,746.1392,746.1392,746.1127,746.13,0
2026-07-27 06:14:00,746.16,746.2207,746.16,746.1992,0
2026-07-27 06:15:00,746.225,746.25,746.1612,746.19,0
2026-07-27 06:16:00,746.2,746.29,746.2,746.26,0
2026-07-27 06:17:00,746.2492,746.27,746.211,746.24,0
2026-07-27 06:18:00,746.201,746.249,746.11,746.11,0
2026-07-27 06:19:00,746.12,746.22,746.12,746.22,0
2026-07-27 06:20:00,746.25,746.28,746.2108,746.2108,0
2026-07-27 06:21:00,746.22,746.22,746.19,746.21,0
2026-07-27 06:22:00,746.23,746.27,746.2,746.2,0
2026-07-27 06:23:00,746.2,746.2,746.1607,746.1892,0
2026-07-27 06:24:00,746.16,746.16,746.16,746.16,0
2026-07-27 06:25:00,746.1,746.14,746.09,746.1395,0
2026-07-27 06:26:00,746.13,746.14,746.12,746.1392,0
2026-07-27 06:27:00,746.1204,746.2,746.1204,746.2,0
2026-07-27 06:28:00,746.28,746.3,746.239,746.25,0
2026-07-27 06:29:00,746.26,746.26,746.25,746.25,0
2026-07-27 06:30:00,746.23,746.49,746.19,746.19,0
2026-07-27 06:31:00,746.2288,746.2288,746.15,746.21,0
2026-07-27 06:32:00,746.21,746.21,746.15,746.17,0
2026-07-27 06:33:00,746.1819,746.195,746.15,746.151,0
2026-07-27 06:35:00,746.16,746.18,746.08,746.08,0
2026-07-27 06:36:00,746.07,746.15,746.07,746.11,0
2026-07-27 06:37:00,746.1224,746.16,746.1217,746.14,0
2026-07-27 06:38:00,746.14,746.14,746.11,746.11,0
2026-07-27 06:39:00,746.152,746.22,746.152,746.21,0
2026-07-27 06:40:00,746.22,746.22,746.16,746.22,0
2026-07-27 06:41:00,746.23,746.23,746.19,746.2,0
2026-07-27 06:42:00,746.18,746.28,746.18,746.2787,0
2026-07-27 06:43:00,746.28,746.3843,746.25,746.3767,0
2026-07-27 06:44:00,746.35,746.4,746.32,746.35,0
2026-07-27 06:45:00,746.37,746.37,746.37,746.37,0
2026-07-27 06:46:00,746.37,746.37,746.33,746.33,0
2026-07-27 06:47:00,746.36,746.36,746.25,746.36,0
2026-07-27 06:48:00,746.35,746.35,746.3,746.31,0
2026-07-27 06:49:00,746.37,746.5,746.37,746.39,0
2026-07-27 06:50:00,746.39,746.39,746.35,746.36,0
2026-07-27 06:51:00,746.35,746.36,746.3402,746.3402,0
2026-07-27 06:52:00,746.32,746.35,746.3,746.35,0
2026-07-27 06:53:00,746.34,746.4,746.34,746.395,0
2026-07-27 06:54:00,746.4,746.4,746.3415,746.4,0
2026-07-27 06:55:00,746.3811,746.54,746.3811,746.51,0
2026-07-27 06:56:00,746.43,746.48,746.36,746.36,0
2026-07-27 06:57:00,746.34,746.35,746.31,746.31,0
2026-07-27 06:58:00,746.33,746.33,746.2995,746.2995,0
2026-07-27 06:59:00,746.33,746.34,746.3,746.3209,0
2026-07-27 07:00:00,746.28,746.33,738.93,746.1704,0
2026-07-27 07:01:00,746.2,746.25,746.16,746.24,0
2026-07-27 07:02:00,746.181,746.2246,746.131,746.131,0
2026-07-27 07:03:00,746.13,746.13,745.97,746.0218,0
2026-07-27 07:04:00,746.05,746.11,746.01,746.0563,0
2026-07-27 07:05:00,746.04,746.0529,745.99,746.011,0
2026-07-27 07:06:00,746.01,746.0492,745.97,746.0492,0
2026-07-27 07:07:00,746.08,746.08,745.96,746.0,0
2026-07-27 07:08:00,746.0,746.06,745.98,746.04,0
2026-07-27 07:09:00,746.0239,746.0239,745.9501,745.96,0
2026-07-27 07:10:00,745.97,746.01,745.91,746.01,0
2026-07-27 07:11:00,746.0,746.069,745.9899,745.9899,0
2026-07-27 07:12:00,745.99,745.99,745.87,745.87,0
2026-07-27 07:13:00,745.89,745.919,745.805,745.8219,0
2026-07-27 07:14:00,745.88,745.91,745.82,745.91,0
2026-07-27 07:15:00,745.8984,745.91,745.84,745.91,0
2026-07-27 07:16:00,745.89,746.02,745.89,746.0199,0
2026-07-27 07:17:00,746.02,746.02,745.94,746.0,0
2026-07-27 07:18:00,745.9808,745.9808,745.85,745.8889,0
2026-07-27 07:19:00,745.8615,745.8987,745.768,745.768,0
2026-07-27 07:20:00,745.745,745.7689,745.71,745.76,0
2026-07-27 07:21:00,745.73,745.79,745.71,745.76,0
2026-07-27 07:22:00,745.7607,745.8836,745.76,745.8301,0
2026-07-27 07:23:00,745.84,745.8543,745.71,745.735,0
2026-07-27 07:24:00,745.7149,745.7723,745.7,745.7395,0
2026-07-27 07:25:00,745.7135,745.829,745.7135,745.8,0
2026-07-27 07:26:00,745.8,745.8092,745.5195,745.5195,0
2026-07-27 07:27:00,745.52,745.6,745.5,745.5001,0
2026-07-27 07:28:00,745.5471,745.55,745.491,745.55,0
2026-07-27 07:29:00,745.5279,745.55,744.93,744.989,0
2026-07-27 07:30:00,744.95,745.51,744.9392,745.5,0
2026-07-27 07:31:00,745.4594,745.58,745.42,745.58,0
2026-07-27 07:32:00,745.5883,745.5883,745.34,745.34,0
2026-07-27 07:33:00,745.3,745.4,745.22,745.3512,0
2026-07-27 07:34:00,745.3,745.35,745.271,745.35,0
2026-07-27 07:35:00,745.38,745.5,745.3277,745.4265,0
2026-07-27 07:36:00,745.38,745.59,745.38,745.59,0
2026-07-27 07:37:00,745.568,745.6191,745.54,745.5978,0
2026-07-27 07:38:00,745.56,745.59,745.51,745.54,0
2026-07-27 07:39:00,745.63,745.63,745.4923,745.5297,0
2026-07-27 07:40:00,745.5501,745.58,745.4967,745.58,0
2026-07-27 07:41:00,745.5107,745.5107,745.4,745.46,0
2026-07-27 07:42:00,745.47,745.5,745.43,745.5,0
2026-07-27 07:43:00,745.56,745.56,745.0,745.33,0
2026-07-27 07:44:00,745.3892,745.46,745.35,745.3885,0
2026-07-27 07:45:00,745.35,745.3699,745.3,745.359,0
2026-07-27 07:46:00,745.3302,745.39,745.2988,745.39,0
2026-07-27 07:47:00,745.36,745.41,745.35,745.3885,0
2026-07-27 07:48:00,745.3501,745.4,745.24,745.3369,0
2026-07-27 07:49:00,745.33,745.41,745.33,745.3863,0
2026-07-27 07:50:00,745.3904,745.5,745.3624,745.463,0
2026-07-27 07:51:00,745.47,745.47,745.42,745.4647,0
2026-07-27 07:52:00,745.435,745.4388,745.34,745.3789,0
2026-07-27 07:53:00,745.32,745.32,745.28,745.28,0
2026-07-27 07:54:00,745.29,745.34,745.2867,745.31,0
2026-07-27 07:55:00,745.2876,745.4031,745.26,745.32,0
2026-07-27 07:56:00,745.32,745.37,745.3,745.3316,0
2026-07-27 07:57:00,745.37,745.4188,745.32,745.36,0
2026-07-27 07:58:00,745.358,745.37,745.28,745.34,0
2026-07-27 07:59:00,745.32,745.37,745.2611,745.31,0
2026-07-27 08:00:00,745.31,745.5486,745.31,745.4187,0
2026-07-27 08:01:00,745.4371,745.5,745.335,745.49,0
2026-07-27 08:02:00,745.44,745.54,745.44,745.54,0
2026-07-27 08:03:00,745.49,745.58,745.461,745.5787,0
2026-07-27 08:04:00,745.58,745.65,745.541,745.6001,0
2026-07-27 08:05:00,745.579,745.579,745.42,745.49,0
2026-07-27 08:06:00,745.499,745.59,745.499,745.56,0
2026-07-27 08:07:00,745.5791,745.61,745.5,745.5602,0
2026-07-27 08:08:00,745.5208,745.58,745.48,745.4815,0
2026-07-27 08:09:00,745.52,745.52,745.39,745.41,0
2026-07-27 08:10:00,745.43,745.44,745.13,745.13,0
2026-07-27 08:11:00,745.11,745.15,744.94,744.99,0
2026-07-27 08:12:00,745.009,745.009,744.91,744.943,0
2026-07-27 08:13:00,744.9171,744.93,744.669,744.7399,0
2026-07-27 08:14:00,744.74,744.77,744.59,744.6868,0
2026-07-27 08:15:00,744.6616,744.79,744.6616,744.788,0
2026-07-27 08:16:00,744.72,744.88,744.7,744.85,0
2026-07-27 08:17:00,744.9,744.9,744.82,744.82,0
2026-07-27 08:18:00,744.78,744.85,744.77,744.84,0
2026-07-27 08:19:00,744.85,744.8983,744.699,744.699,0
2026-07-27 08:20:00,744.76,744.809,744.7192,744.7734,0
2026-07-27 08:21:00,744.8091,744.82,744.7314,744.759,0
2026-07-27 08:22:00,744.73,744.76,744.63,744.74,0
2026-07-27 08:23:00,744.75,744.93,744.72,744.909,0
2026-07-27 08:24:00,744.8712,744.909,744.85,744.8682,0
2026-07-27 08:25:00,744.86,744.95,744.85,744.94,0
2026-07-27 08:26:00,744.9421,745.0,744.84,744.87,0
2026-07-27 08:27:00,744.8971,745.0333,744.8512,745.0007,0
2026-07-27 08:28:00,745.0197,745.06,745.0,745.05,0
2026-07-27 08:29:00,745.02,745.0367,744.96,744.9929,0
2026-07-27 08:30:00,744.96,745.0215,744.84,745.0215,0
2026-07-27 08:31:00,745.0399,745.05,744.85,744.9003,0
2026-07-27 08:32:00,744.9008,744.9385,744.7969,744.7969,0
2026-07-27 08:33:00,744.8317,744.9103,744.8094,744.86,0
2026-07-27 08:34:00,744.92,745.0885,744.92,745.0575,0
2026-07-27 08:35:00,745.0882,745.2,745.05,745.15,0
2026-07-27 08:36:00,745.1669,745.25,745.12,745.25,0
2026-07-27 08:37:00,745.17,745.2327,745.16,745.18,0
2026-07-27 08:38:00,745.1986,745.27,745.175,745.2413,0
2026-07-27 08:39:00,745.2685,745.28,745.15,745.21,0
2026-07-27 08:40:00,745.23,745.25,745.12,745.1472,0
2026-07-27 08:41:00,745.1,745.1665,745.0871,745.141,0
2026-07-27 08:42:00,745.13,745.1796,745.11,745.1192,0
2026-07-27 08:43:00,745.16,745.2149,745.06,745.18,0
2026-07-27 08:44:00,745.22,745.33,745.18,745.29,0
2026-07-27 08:45:00,745.2611,745.41,745.22,745.38,0
2026-07-27 08:46:00,745.36,745.45,745.35,745.4,0
2026-07-27 08:47:00,745.385,745.46,738.93,745.4199,0
2026-07-27 08:48:00,745.4089,745.51,745.4089,745.51,0
2026-07-27 08:49:00,745.47,745.51,745.4,745.4938,0
2026-07-27 08:50:00,745.46,745.5,745.42,745.45,0
2026-07-27 08:51:00,745.34,745.4094,745.23,745.31,0
2026-07-27 08:52:00,745.3168,745.45,745.3168,745.38,0
2026-07-27 08:53:00,745.45,745.49,745.43,745.471,0
2026-07-27 08:54:00,745.4892,745.49,745.44,745.47,0
2026-07-27 08:55:00,745.4861,745.56,745.47,745.49,0
2026-07-27 08:56:00,745.501,745.5362,745.37,745.37,0
2026-07-27 08:57:00,745.36,745.3983,745.27,745.3061,0
2026-07-27 08:58:00,745.3,745.37,745.27,745.3353,0
2026-07-27 08:59:00,745.3486,745.47,745.3,745.47,0
2026-07-27 09:00:00,745.4307,745.59,745.35,745.4134,0
2026-07-27 09:01:00,745.34,745.3402,745.14,745.22,0
2026-07-27 09:02:00,745.21,745.41,745.21,745.3837,0
2026-07-27 09:03:00,745.41,745.45,745.33,745.39,0
2026-07-27 09:04:00,745.3898,745.42,745.35,745.36,0
2026-07-27 09:05:00,745.34,745.34,745.11,745.2178,0
2026-07-27 09:06:00,745.22,745.22,745.09,745.15,0
2026-07-27 09:07:00,745.17,745.21,745.15,745.2,0
2026-07-27 09:08:00,745.19,745.25,745.16,745.22,0
2026-07-27 09:09:00,745.2012,745.35,745.19,745.35,0
2026-07-27 09:10:00,745.36,745.42,745.26,745.42,0
2026-07-27 09:11:00,745.4107,745.53,745.39,745.52,0
2026-07-27 09:12:00,745.54,745.63,745.48,745.59,0
2026-07-27 09:13:00,745.58,745.628,745.45,745.51,0
2026-07-27 09:14:00,745.47,745.5,745.31,745.3532,0
2026-07-27 09:30:00,744.91,745.17,744.65,744.65,1213418
2026-07-27 09:31:00,744.65,744.88,744.43,744.58,272398
2026-07-27 09:32:00,744.595,744.9,744.38,744.47,200792
2026-07-27 09:33:00,744.48,744.58,743.9425,744.08,105353
2026-07-27 09:34:00,744.09,744.7,743.95,744.655,113536
2026-07-27 09:35:00,744.66,745.46,744.57,745.46,144485
2026-07-27 09:36:00,745.47,745.53,745.2,745.28,147773
2026-07-27 09:37:00,745.285,745.49,745.21,745.35,202273
2026-07-27 09:38:00,745.34,745.52,745.13,745.17,89019
2026-07-27 09:39:00,745.19,745.22,744.915,744.97,90345
2026-07-27 09:40:00,744.97,745.065,744.62,744.62,81889
2026-07-27 09:41:00,744.62,744.8,744.45,744.615,114363
2026-07-27 09:42:00,744.61,744.725,743.94,744.03,68279
2026-07-27 09:43:00,744.01,744.09,743.45,743.68,192900
2026-07-27 09:44:00,743.71,743.76,743.44,743.45,105630
2026-07-27 09:45:00,743.48,743.9,743.44,743.9,196480
2026-07-27 09:46:00,743.88,744.04,743.24,743.28,96159
2026-07-27 09:47:00,743.29,743.715,743.2,743.34,117955
2026-07-27 09:48:00,743.34,743.79,743.235,743.7701,68246
2026-07-27 09:49:00,743.8,744.15,743.745,743.8,105754
2026-07-27 09:50:00,743.85,744.02,743.72,743.92,101838
2026-07-27 09:51:00,743.95,744.08,743.68,744.08,86381
2026-07-27 09:52:00,744.08,744.17,743.67,743.7,78020
2026-07-27 09:53:00,743.69,743.7398,743.405,743.735,62826
2026-07-27 09:54:00,743.74,743.86,743.37,743.45,75156
2026-07-27 09:55:00,743.43,743.46,743.07,743.14,106345
2026-07-27 09:56:00,743.14,743.16,742.71,742.735,97417
2026-07-27 09:57:00,742.74,742.96,742.39,742.43,104832
2026-07-27 09:58:00,742.43,742.47,741.87,741.87,111269
2026-07-27 09:59:00,741.86,742.01,741.6,741.6,167156
2026-07-27 10:00:00,741.6,741.93,741.22,741.92,550460
2026-07-27 10:01:00,741.93,741.98,741.26,741.43,125030
2026-07-27 10:02:00,741.43,741.94,741.34,741.8187,178223
2026-07-27 10:03:00,741.83,742.13,741.6,741.64,164718
2026-07-27 10:04:00,741.635,741.75,741.46,741.66,81202
2026-07-27 10:05:00,741.65,741.99,741.5738,741.64,176541
2026-07-27 10:06:00,741.625,741.64,741.23,741.46,116449
2026-07-27 10:07:00,741.47,741.84,741.4,741.57,123250
2026-07-27 10:08:00,741.57,741.84,741.56,741.84,110340
2026-07-27 10:09:00,741.84,742.04,741.74,741.75,85928
2026-07-27 10:10:00,741.75,741.77,740.93,740.955,127429
2026-07-27 10:11:00,740.96,740.96,740.46,740.84,204076
2026-07-27 10:12:00,740.8201,741.095,740.66,741.07,155109
2026-07-27 10:13:00,741.09,741.2895,740.61,740.785,99753
2026-07-27 10:14:00,740.81,741.12,740.71,740.965,66755
2026-07-27 10:15:00,740.97,741.565,740.9002,741.11,318578
2026-07-27 10:16:00,741.13,741.35,741.05,741.15,49496
2026-07-27 10:17:00,741.185,741.185,740.72,740.89,62313
2026-07-27 10:18:00,740.895,741.0095,740.52,740.95,84025
2026-07-27 10:19:00,740.94,741.33,740.94,740.99,96439
2026-07-27 10:20:00,740.945,740.945,740.38,740.38,80473
2026-07-27 10:21:00,740.37,740.85,740.31,740.84,68879
2026-07-27 10:22:00,740.83,740.85,740.23,740.31,78992
2026-07-27 10:23:00,740.31,740.65,739.86,739.92,154573
2026-07-27 10:24:00,739.93,740.07,739.63,739.825,156098
2026-07-27 10:25:00,739.825,739.84,739.43,739.6964,137595
2026-07-27 10:26:00,739.715,740.0,739.5,739.68,124162
2026-07-27 10:27:00,739.71,739.72,739.24,739.25,479277
2026-07-27 10:28:00,739.255,739.35,738.91,738.97,101953
2026-07-27 10:29:00,738.935,738.96,738.2,738.315,161980
2026-07-27 10:30:00,738.33,738.555,737.84,738.18,230465
2026-07-27 10:31:00,738.19,738.45,738.04,738.19,152389
2026-07-27 10:32:00,738.19,738.37,737.95,738.22,179295
2026-07-27 10:33:00,738.275,738.41,737.96,737.979,183115
2026-07-27 10:34:00,737.9901,738.315,737.73,737.97,157604
2026-07-27 10:35:00,737.945,738.19,737.54,738.01,150797
2026-07-27 10:36:00,738.07,738.2,737.385,737.39,118717
2026-07-27 10:37:00,737.41,737.61,737.14,737.53,126877
2026-07-27 10:38:00,737.54,738.24,737.54,738.02,218176
2026-07-27 10:39:00,738.04,738.3,737.91,738.08,106182
2026-07-27 10:40:00,738.075,738.27,737.4,737.54,116613
2026-07-27 10:41:00,737.56,737.66,736.63,736.95,182906
2026-07-27 10:42:00,736.96,737.2,736.7711,736.85,118470
2026-07-27 10:43:00,736.86,737.1299,736.54,737.1299,103131
2026-07-27 10:44:00,737.13,737.4,736.6159,736.79,115326
2026-07-27 10:45:00,736.79,737.52,736.79,737.2301,108085
2026-07-27 10:46:00,737.1,737.64,737.04,737.615,96497
2026-07-27 10:47:00,737.63,738.0,737.33,737.47,123198
2026-07-27 10:48:00,737.49,737.71,737.39,737.54,87163
2026-07-27 10:49:00,737.57,738.16,737.52,738.0,127436
2026-07-27 10:50:00,737.99,738.64,737.97,738.38,152779
2026-07-27 10:51:00,738.33,738.64,738.245,738.2601,112049
2026-07-27 10:52:00,738.25,738.68,737.93,738.62,76990
2026-07-27 10:53:00,738.61,738.72,738.39,738.47,184387
2026-07-27 10:54:00,738.49,738.825,738.385,738.59,71110
2026-07-27 10:55:00,738.59,739.0,738.37,738.95,80076
2026-07-27 10:56:00,738.93,739.13,738.77,739.07,119703
2026-07-27 10:57:00,739.045,739.299,739.045,739.115,106816
2026-07-27 10:58:00,739.13,739.46,739.05,739.44,84952
2026-07-27 10:59:00,739.43,739.88,739.4,739.6901,174659
2026-07-27 11:00:00,739.72,739.92,739.34,739.78,151777
2026-07-27 11:01:00,739.8,739.82,739.5996,739.69,90091
2026-07-27 11:02:00,739.68,739.97,739.445,739.565,85650
2026-07-27 11:03:00,739.58,739.8401,739.45,739.52,57313
2026-07-27 11:04:00,739.5,739.82,739.44,739.76,57934
2026-07-27 11:05:00,739.74,740.2899,739.67,740.245,69850
2026-07-27 11:06:00,740.24,740.31,739.74,739.75,213035
2026-07-27 11:07:00,739.74,740.08,739.5,739.89,454357
2026-07-27 11:08:00,739.87,740.02,739.615,739.7399,44948
2026-07-27 11:09:00,739.71,739.71,739.1901,739.22,127873
2026-07-27 11:10:00,739.27,739.6017,739.1,739.3,139968
2026-07-27 11:11:00,739.32,739.705,739.24,739.45,55626
2026-07-27 11:12:00,739.46,739.85,739.44,739.54,43325
2026-07-27 11:13:00,739.52,739.77,739.36,739.62,82217
2026-07-27 11:14:00,739.64,739.935,739.37,739.39,39241
2026-07-27 11:15:00,739.36,739.52,738.78,738.84,67666
2026-07-27 11:16:00,738.79,738.99,738.68,738.786,66071
2026-07-27 11:17:00,738.8,738.83,738.44,738.48,65555
2026-07-27 11:18:00,738.5,738.5,737.94,738.4399,100613
2026-07-27 11:19:00,738.44,738.82,738.36,738.805,64035
2026-07-27 11:20:00,738.81,739.2,738.74,739.105,49606
2026-07-27 11:21:00,739.12,739.3,738.7785,738.785,65498
2026-07-27 11:22:00,738.75,739.17,738.635,738.97,50516
2026-07-27 11:23:00,738.95,738.955,738.19,738.3,54774
2026-07-27 11:24:00,738.26,738.3,738.02,738.18,44663
2026-07-27 11:25:00,738.165,738.32,738.03,738.18,73320
2026-07-27 11:26:00,738.155,738.43,738.06,738.36,165650
2026-07-27 11:27:00,738.35,738.54,738.12,738.15,64073
2026-07-27 11:28:00,738.155,738.19,737.88,738.06,78532
2026-07-27 11:29:00,738.0501,738.38,738.03,738.29,51739
2026-07-27 11:30:00,738.27,738.27,737.87,737.9899,34471
2026-07-27 11:31:00,737.98,738.27,737.77,737.77,82390
2026-07-27 11:32:00,737.75,737.97,737.45,737.49,68256
2026-07-27 11:33:00,737.47,737.61,737.3,737.48,44797
2026-07-27 11:34:00,737.485,737.69,737.345,737.41,34098
2026-07-27 11:35:00,737.42,737.5,737.05,737.1,51364
2026-07-27 11:36:00,737.08,737.2,736.86,736.86,106884
2026-07-27 11:37:00,736.84,736.89,736.445,736.5,67153
2026-07-27 11:38:00,736.4899,736.86,736.335,736.77,117208
2026-07-27 11:39:00,736.78,737.06,736.78,736.94,67029
2026-07-27 11:40:00,736.93,737.11,736.5912,736.81,86555
2026-07-27 11:41:00,736.84,737.085,736.7401,737.0093,44424
2026-07-27 11:42:00,737.005,737.41,736.98,737.35,82146
2026-07-27 11:43:00,737.36,737.47,736.955,737.02,50396
2026-07-27 11:44:00,737.02,737.45,736.9897,737.44,70512
2026-07-27 11:45:00,737.43,737.55,737.01,737.01,47784
2026-07-27 11:46:00,737.01,737.33,736.9799,737.05,33498
2026-07-27 11:47:00,737.1,737.22,736.69,736.76,56476
2026-07-27 11:48:00,736.85,737.24,736.85,736.96,65760
2026-07-27 11:49:00,736.91,736.97,736.725,736.89,39521
2026-07-27 11:50:00,736.92,737.08,736.71,737.0,31637
2026-07-27 11:51:00,737.03,737.36,737.0237,737.16,47679
2026-07-27 11:52:00,737.16,737.28,736.88,736.92,30245
2026-07-27 11:53:00,736.9,737.02,736.72,736.99,42384
2026-07-27 11:54:00,737.01,737.15,736.9,737.06,31442
2026-07-27 11:55:00,737.06,737.38,736.96,737.31,29017
2026-07-27 11:56:00,737.32,737.51,737.22,737.32,77316
2026-07-27 11:57:00,737.34,737.61,737.23,737.4959,45568
2026-07-27 11:58:00,737.46,737.51,737.08,737.3411,42314
2026-07-27 11:59:00,737.37,737.65,737.35,737.485,23050
2026-07-27 12:00:00,737.4925,737.845,737.42,737.53,49842
2026-07-27 12:01:00,737.54,737.7,737.415,737.545,35166
2026-07-27 12:02:00,737.55,737.69,737.39,737.52,33730
2026-07-27 12:03:00,737.515,737.79,737.4925,737.76,43304
2026-07-27 12:04:00,737.7679,738.16,737.7679,738.15,59241
2026-07-27 12:05:00,738.15,738.35,738.14,738.14,67059
2026-07-27 12:06:00,738.13,738.19,737.718,737.9999,56828
2026-07-27 12:07:00,738.02,738.05,737.76,737.91,28207
2026-07-27 12:08:00,737.94,738.25,737.85,738.13,20554
2026-07-27 12:09:00,738.12,738.37,738.02,738.3,23516
2026-07-27 12:10:00,738.31,738.64,738.31,738.595,67127
2026-07-27 12:11:00,738.62,738.69,738.42,738.49,44290
2026-07-27 12:12:00,738.46,738.64,738.35,738.3801,20961
2026-07-27 12:13:00,738.42,738.43,737.75,737.77,54586
2026-07-27 12:14:00,737.77,737.84,737.3857,737.45,39458
2026-07-27 12:15:00,737.44,737.48,737.275,737.37,105373
2026-07-27 12:16:00,737.37,737.41,736.86,737.01,52447
2026-07-27 12:17:00,737.03,737.27,736.96,737.22,45576
2026-07-27 12:18:00,737.22,737.435,737.19,737.39,295456
2026-07-27 12:19:00,737.3999,737.48,737.14,737.3,44708
2026-07-27 12:20:00,737.31,737.52,737.07,737.435,49048
2026-07-27 12:21:00,737.45,737.8001,737.291,737.33,45793
2026-07-27 12:22:00,737.335,737.53,737.19,737.53,18588
2026-07-27 12:23:00,737.52,737.5315,737.2101,737.51,15615
2026-07-27 12:24:00,737.57,737.83,737.54,737.77,27637
2026-07-27 12:25:00,737.77,739.61,737.71,739.51,412211
2026-07-27 12:26:00,739.53,739.68,738.755,738.869,134855
2026-07-27 12:27:00,738.82,739.26,738.8,739.22,51732
2026-07-27 12:28:00,739.17,739.49,738.86,738.945,121098
2026-07-27 12:29:00,738.94,739.0399,738.57,738.72,43421
2026-07-27 12:30:00,738.72,739.2191,738.67,739.09,38394
2026-07-27 12:31:00,739.0,739.31,738.9601,739.2651,41948
2026-07-27 12:32:00,739.25,739.255,738.7845,738.82,45586
2026-07-27 12:33:00,738.85,738.9,738.4,738.63,36185
2026-07-27 12:34:00,738.66,738.93,738.63,738.9099,21111
2026-07-27 12:35:00,738.89,739.0399,738.68,738.71,36030
2026-07-27 12:36:00,738.71,739.04,738.45,739.04,36305
2026-07-27 12:37:00,739.02,739.35,738.8401,738.8401,62483
2026-07-27 12:38:00,738.86,739.1807,738.78,739.08,46000
2026-07-27 12:39:00,739.07,739.07,738.8129,738.97,37627
2026-07-27 12:40:00,738.98,739.1023,738.93,739.08,24243
2026-07-27 12:41:00,739.0955,739.0955,738.66,738.67,33613
2026-07-27 12:42:00,738.6994,738.8,738.57,738.6,27099
2026-07-27 12:43:00,738.61,738.63,738.27,738.315,37328
2026-07-27 12:44:00,738.3084,738.39,738.08,738.34,40709
2026-07-27 12:45:00,738.35,738.51,738.31,738.39,33848
2026-07-27 12:46:00,738.3992,738.64,738.39,738.59,26235
2026-07-27 12:47:00,738.59,738.8,738.52,738.59,30654
2026-07-27 12:48:00,738.58,738.72,738.24,738.34,20402
2026-07-27 12:49:00,738.325,738.43,738.1,738.1,27290
2026-07-27 12:50:00,738.08,738.08,737.57,737.57,41204
2026-07-27 12:51:00,737.56,737.66,737.41,737.4878,41798
2026-07-27 12:52:00,737.49,737.54,737.15,737.24,41793
2026-07-27 12:53:00,737.23,737.23,737.0,737.1,45104
2026-07-27 12:54:00,737.11,737.2,737.0,737.15,39894
2026-07-27 12:55:00,737.15,737.16,736.64,736.78,45422
2026-07-27 12:56:00,736.75,737.02,736.74,736.97,36558
2026-07-27 12:57:00,737.01,737.1,736.82,736.935,42877
2026-07-27 12:58:00,736.93,737.11,736.92,737.0505,28555
2026-07-27 12:59:00,737.07,737.11,736.81,737.057,34809
2026-07-27 13:00:00,737.07,737.1,736.79,737.04,45915
2026-07-27 13:01:00,736.9794,737.0992,736.61,736.6825,27639
2026-07-27 13:02:00,736.69,736.69,736.14,736.29,64432
2026-07-27 13:03:00,736.27,736.29,736.11,736.2899,100054
2026-07-27 13:04:00,736.28,736.4263,736.1,736.181,51790
2026-07-27 13:05:00,736.18,736.38,736.07,736.25,39861
2026-07-27 13:06:00,736.2499,736.39,736.11,736.36,38607
2026-07-27 13:07:00,736.3799,736.53,736.32,736.53,37968
2026-07-27 13:08:00,736.53,736.58,736.3,736.36,55545
2026-07-27 13:09:00,736.37,736.52,736.28,736.38,29779
2026-07-27 13:10:00,736.37,736.47,736.28,736.4,25569
2026-07-27 13:11:00,736.4,736.43,736.23,736.26,28108
2026-07-27 13:12:00,736.26,736.69,736.18,736.6495,185017
2026-07-27 13:13:00,736.65,736.76,736.51,736.6,31578
2026-07-27 13:14:00,736.59,736.77,736.59,736.65,73090
2026-07-27 13:15:00,736.64,736.75,736.5,736.72,33919
2026-07-27 13:16:00,736.71,736.76,736.33,736.38,37807
2026-07-27 13:17:00,736.38,736.38,735.96,736.075,47917
2026-07-27 13:18:00,736.065,736.09,735.87,735.9928,46673
2026-07-27 13:19:00,735.99,736.23,735.95,736.215,65283
2026-07-27 13:20:00,736.22,736.75,736.1,736.72,85279
2026-07-27 13:21:00,736.71,736.75,736.515,736.515,50759
2026-07-27 13:22:00,736.51,736.76,736.41,736.61,43238
2026-07-27 13:23:00,736.61,736.7,736.29,736.302,34780
2026-07-27 13:24:00,736.3,736.4,736.24,736.385,52654
2026-07-27 13:25:00,736.395,736.47,736.3,736.36,35242
2026-07-27 13:26:00,736.34,736.51,736.22,736.5,44596
2026-07-27 13:27:00,736.48,736.65,736.46,736.46,31018
2026-07-27 13:28:00,736.48,736.6,736.43,736.51,21506
2026-07-27 13:29:00,736.53,736.59,736.19,736.2,63362
2026-07-27 13:30:00,736.22,736.35,736.18,736.35,17964
2026-07-27 13:31:00,736.33,736.57,736.2966,736.44,29937
2026-07-27 13:32:00,736.45,736.928,736.36,736.89,48543
2026-07-27 13:33:00,736.89,737.1,736.86,737.1,84257
2026-07-27 13:34:00,737.09,737.2,736.95,737.16,50566
2026-07-27 13:35:00,737.145,737.28,737.02,737.09,45688
2026-07-27 13:36:00,737.099,737.1684,736.8899,736.89,30981
2026-07-27 13:37:00,736.88,736.97,736.66,736.67,31440
2026-07-27 13:38:00,736.635,737.06,736.56,736.99,36340
2026-07-27 13:39:00,736.98,736.99,736.71,736.71,27256
2026-07-27 13:40:00,736.69,736.75,736.5,736.5,23458
2026-07-27 13:41:00,736.55,736.88,736.535,736.8201,21939
2026-07-27 13:42:00,736.835,736.91,736.59,736.6,21295
2026-07-27 13:43:00,736.6,736.81,736.515,736.771,29570
2026-07-27 13:44:00,736.78,736.85,736.63,736.8,17901
2026-07-27 13:45:00,736.82,736.88,736.57,736.62,21045
2026-07-27 13:46:00,736.68,737.135,736.66,736.82,32095
2026-07-27 13:47:00,736.915,737.07,736.85,736.91,21637
2026-07-27 13:48:00,736.92,737.115,736.74,736.765,31317
2026-07-27 13:49:00,736.77,736.9,736.73,736.76,19553
2026-07-27 13:50:00,736.73,737.0,736.68,736.905,16218
2026-07-27 13:51:00,736.93,736.945,736.76,736.86,14381
2026-07-27 13:52:00,736.895,737.27,736.86,737.27,20916
2026-07-27 13:53:00,737.25,737.36,737.12,737.25,24379
2026-07-27 13:54:00,737.24,737.55,737.24,737.4982,65173
2026-07-27 13:55:00,737.54,737.66,737.28,737.43,62278
2026-07-27 13:56:00,737.41,737.7275,737.3865,737.7,22182
2026-07-27 13:57:00,737.72,737.77,737.51,737.51,32274
2026-07-27 13:58:00,737.51,737.75,737.51,737.64,22419
2026-07-27 13:59:00,737.61,737.85,737.6,737.8,45032
2026-07-27 14:00:00,737.84,737.94,737.64,737.65,49579
2026-07-27 14:01:00,737.655,737.96,737.63,737.7,31935
2026-07-27 14:02:00,737.68,737.78,737.56,737.62,32378
2026-07-27 14:03:00,737.59,737.865,737.54,737.835,48698
2026-07-27 14:04:00,737.855,737.92,737.61,737.61,49693
2026-07-27 14:05:00,737.6,737.84,737.48,737.8201,35743
2026-07-27 14:06:00,737.82,737.97,737.59,737.635,133501
2026-07-27 14:07:00,737.64,737.855,737.635,737.72,66451
2026-07-27 14:08:00,737.73,737.8,737.61,737.655,27456
2026-07-27 14:09:00,737.67,737.78,737.62,737.68,36818
2026-07-27 14:10:00,737.67,737.79,737.62,737.69,40399
2026-07-27 14:11:00,737.68,737.84,737.6439,737.6439,44372
2026-07-27 14:12:00,737.66,737.83,737.66,737.77,40029
2026-07-27 14:13:00,737.79,737.886,737.73,737.8595,56521
2026-07-27 14:14:00,737.8699,737.93,737.75,737.75,35310
2026-07-27 14:15:00,737.75,737.83,737.19,737.27,86182
2026-07-27 14:16:00,737.29,737.3799,737.05,737.15,66775
2026-07-27 14:17:00,737.16,737.31,737.03,737.265,43230
2026-07-27 14:18:00,737.31,737.39,737.169,737.38,31164
2026-07-27 14:19:00,737.36,737.4602,737.19,737.25,22774
2026-07-27 14:20:00,737.22,737.35,737.13,737.22,34141
2026-07-27 14:21:00,737.205,737.35,737.1405,737.265,55150
2026-07-27 14:22:00,737.28,737.29,737.125,737.15,25611
2026-07-27 14:23:00,737.12,737.43,737.08,737.225,20580
2026-07-27 14:24:00,737.25,737.69,737.25,737.5501,27770
2026-07-27 14:25:00,737.55,737.8,737.55,737.57,40590
2026-07-27 14:26:00,737.6,737.77,737.53,737.58,53167
2026-07-27 14:27:00,737.59,737.615,737.49,737.5,56951
2026-07-27 14:28:00,737.53,737.65,737.48,737.525,68921
2026-07-27 14:29:00,737.525,737.7,737.42,737.62,25061
2026-07-27 14:30:00,737.64,737.65,737.18,737.3,31366
2026-07-27 14:31:00,737.29,737.38,737.0504,737.0504,48803
2026-07-27 14:32:00,737.05,737.24,736.94,737.19,34138
2026-07-27 14:33:00,737.18,737.2572,737.09,737.12,33943
2026-07-27 14:34:00,737.11,737.14,736.86,736.905,50332
2026-07-27 14:35:00,736.86,737.02,736.77,737.005,84861
2026-07-27 14:36:00,737.0,737.08,736.87,737.01,20477
2026-07-27 14:37:00,736.98,737.05,736.85,736.97,36921
2026-07-27 14:38:00,736.97,737.0,736.8,736.8,27990
2026-07-27 14:39:00,736.79,736.84,736.7,736.79,56291
2026-07-27 14:40:00,736.79,736.82,736.62,736.7,42252
2026-07-27 14:41:00,736.71,737.59,736.7,737.225,451710
2026-07-27 14:42:00,737.24,737.38,737.16,737.19,92325
2026-07-27 14:43:00,737.15,737.51,737.02,737.47,48995
2026-07-27 14:44:00,737.47,737.58,737.39,737.47,47411
2026-07-27 14:45:00,737.485,737.72,737.46,737.55,87893
2026-07-27 14:46:00,737.553,737.66,737.4899,737.52,50854
2026-07-27 14:47:00,737.54,737.56,737.36,737.56,30026
2026-07-27 14:48:00,737.52,737.695,737.44,737.67,32257
2026-07-27 14:49:00,737.68,737.75,737.36,737.37,35383
2026-07-27 14:50:00,737.38,737.62,737.37,737.56,39020
2026-07-27 14:51:00,737.59,737.83,737.51,737.77,40454
2026-07-27 14:52:00,737.79,738.41,737.75,738.33,96544
2026-07-27 14:53:00,738.35,738.64,738.32,738.63,72640
2026-07-27 14:54:00,738.64,738.65,738.48,738.55,79555
2026-07-27 14:55:00,738.56,739.25,738.54,739.1,110937
2026-07-27 14:56:00,739.1,739.15,738.78,738.78,79786
2026-07-27 14:57:00,738.81,738.96,738.6301,738.79,125303
2026-07-27 14:58:00,738.79,738.97,738.51,738.94,88130
2026-07-27 14:59:00,738.94,739.08,738.84,739.06,81505
2026-07-27 15:00:00,739.06,739.12,738.82,738.84,87761
2026-07-27 15:01:00,738.85,739.055,738.8,738.99,72587
2026-07-27 15:02:00,738.99,739.17,738.91,738.91,76459
2026-07-27 15:03:00,738.93,739.065,738.78,738.86,71825
2026-07-27 15:04:00,738.86,738.99,738.552,738.575,108461
2026-07-27 15:05:00,738.57,738.705,738.49,738.6,78058
2026-07-27 15:06:00,738.58,739.065,738.51,739.0601,57132
2026-07-27 15:07:00,739.07,739.35,739.02,739.29,81829
2026-07-27 15:08:00,739.29,739.36,739.17,739.2286,94677
2026-07-27 15:09:00,739.21,739.4,739.185,739.32,110727
2026-07-27 15:10:00,739.3,739.58,739.3,739.45,79538
2026-07-27 15:11:00,739.45,739.45,739.15,739.235,64599
2026-07-27 15:12:00,739.25,739.35,739.079,739.08,38319
2026-07-27 15:13:00,739.08,739.19,738.95,739.02,50045
2026-07-27 15:14:00,739.02,739.16,738.97,739.09,51108
2026-07-27 15:15:00,739.1,739.19,739.09,739.16,49911
2026-07-27 15:16:00,739.16,739.37,739.12,739.25,50071
2026-07-27 15:17:00,739.25,739.35,739.17,739.34,59080
2026-07-27 15:18:00,739.325,739.4277,739.31,739.39,61570
2026-07-27 15:19:00,739.4,739.5,739.33,739.495,37218
2026-07-27 15:20:00,739.52,739.69,739.48,739.56,51358
2026-07-27 15:21:00,739.57,739.6,739.36,739.4,48720
2026-07-27 15:22:00,739.38,739.59,739.35,739.59,205991
2026-07-27 15:23:00,739.6,739.77,739.5,739.51,66981
2026-07-27 15:24:00,739.52,739.63,739.52,739.615,36903
2026-07-27 15:25:00,739.62,739.72,739.35,739.46,73353
2026-07-27 15:26:00,739.42,739.48,739.34,739.47,54921
2026-07-27 15:27:00,739.44,739.62,739.37,739.6,29203
2026-07-27 15:28:00,739.6094,739.62,739.41,739.435,52013
2026-07-27 15:29:00,739.44,739.65,739.44,739.65,58776
2026-07-27 15:30:00,739.65,739.74,739.52,739.66,101355
2026-07-27 15:31:00,739.64,739.75,739.605,739.66,80380
2026-07-27 15:32:00,739.66,739.71,739.55,739.65,80121
2026-07-27 15:33:00,739.64,739.78,739.47,739.752,102104
2026-07-27 15:34:00,739.75,739.85,739.56,739.57,84769
2026-07-27 15:35:00,739.55,739.69,739.49,739.57,134525
2026-07-27 15:36:00,739.58,739.65,739.46,739.46,86575
2026-07-27 15:37:00,739.47,739.47,739.11,739.2,254777
2026-07-27 15:38:00,739.2099,739.28,739.09,739.2,69909
2026-07-27 15:39:00,739.21,739.21,738.92,738.99,104336
2026-07-27 15:40:00,738.99,739.17,738.91,739.125,234637
2026-07-27 15:41:00,739.13,739.2199,738.97,739.02,82121
2026-07-27 15:42:00,739.02,739.18,738.87,738.88,115805
2026-07-27 15:43:00,738.88,739.13,738.82,738.94,96846
2026-07-27 15:44:00,738.96,739.05,738.9,738.97,98214
2026-07-27 15:45:00,738.96,739.02,738.69,738.89,136832
2026-07-27 15:46:00,738.88,739.05,738.62,738.7,144693
2026-07-27 15:47:00,738.72,738.92,738.68,738.9,145752
2026-07-27 15:48:00,738.895,738.895,738.66,738.78,219665
2026-07-27 15:49:00,738.77,739.07,738.755,739.04,437372
2026-07-27 15:50:00,739.05,739.23,738.75,738.92,178943
2026-07-27 15:51:00,738.9,738.9,738.585,738.665,172956
2026-07-27 15:52:00,738.675,738.86,738.5824,738.75,172651
2026-07-27 15:53:00,738.77,738.84,738.68,738.69,392758
2026-07-27 15:54:00,738.71,738.97,738.7,738.77,626437
2026-07-27 15:55:00,738.77,738.85,738.5,738.82,1131630
2026-07-27 15:56:00,738.81,739.09,738.75,739.04,731538
2026-07-27 15:57:00,739.04,739.06,738.78,738.785,425110
2026-07-27 15:58:00,738.79,738.94,738.67,738.905,546695
2026-07-27 15:59:00,738.9,739.11,738.7,739.02,1180350
2026-07-27 16:00:00,739.02,739.535,739.02,739.2662,842805
2026-07-27 16:01:00,739.2444,739.27,739.13,739.1854,0
2026-07-27 16:02:00,739.16,739.24,738.2551,739.1678,0
2026-07-27 16:03:00,739.15,739.155,738.96,739.0038,0
2026-07-27 16:04:00,739.019,739.26,738.93,739.04,0
2026-07-27 16:05:00,739.0346,739.085,738.8101,738.96,0
2026-07-27 16:06:00,738.96,738.98,738.7241,738.7761,0
2026-07-27 16:07:00,738.76,739.09,738.72,738.9,0
2026-07-27 16:08:00,738.9077,739.09,738.9,739.01,0
2026-07-27 16:09:00,739.06,739.07,739.0,739.067,0
2026-07-27 16:10:00,739.06,739.09,738.82,738.9464,0
2026-07-27 16:11:00,738.92,738.9465,738.7,738.7078,0
2026-07-27 16:12:00,738.7,738.9251,738.67,738.8474,0
2026-07-27 16:13:00,738.845,738.91,738.753,738.8762,0
2026-07-27 16:14:00,738.86,739.1,738.84,739.0234,0
2026-07-27 16:15:00,739.09,739.09,738.9286,738.9401,0
2026-07-27 16:16:00,738.9646,739.05,738.94,739.04,0
2026-07-27 16:17:00,739.02,739.0794,739.0,739.0728,0
2026-07-27 16:18:00,739.04,739.0978,739.04,739.081,0
2026-07-27 16:19:00,739.09,739.11,739.05,739.055,0
2026-07-27 16:20:00,739.04,739.07,739.04,739.05,0
2026-07-27 16:21:00,739.05,739.055,738.911,738.936,0
2026-07-27 16:22:00,738.93,738.94,738.825,738.83,0
2026-07-27 16:23:00,738.83,738.91,738.82,738.86,0
2026-07-27 16:24:00,738.855,738.92,738.8368,738.92,0
2026-07-27 16:25:00,738.92,739.038,738.92,739.03,0
2026-07-27 16:26:00,739.02,739.04,738.95,739.0,0
2026-07-27 16:27:00,739.01,739.04,738.955,738.9577,0
2026-07-27 16:28:00,738.96,739.0,738.93,738.9662,0
2026-07-27 16:29:00,738.9958,739.038,738.95,739.0379,0
2026-07-27 16:30:00,739.0381,739.04,738.9572,738.96,0
2026-07-27 16:31:00,738.98,739.09,738.97,739.085,0
2026-07-27 16:32:00,739.075,739.2072,739.075,739.2072,0
2026-07-27 16:33:00,739.2057,739.25,739.18,739.2246,0
2026-07-27 16:34:00,739.2477,739.49,739.22,739.49,0
2026-07-27 16:35:00,739.47,739.69,739.43,739.63,0
2026-07-27 16:36:00,739.6478,739.6478,739.53,739.63,0
2026-07-27 16:37:00,739.65,739.78,739.61,739.78,0
2026-07-27 16:38:00,739.75,739.82,739.5572,739.56,0
2026-07-27 16:39:00,739.547,739.62,739.5311,739.581,0
2026-07-27 16:40:00,739.6148,739.6148,739.4538,739.49,0
2026-07-27 16:41:00,739.48,739.4996,739.4169,739.48,0
2026-07-27 16:42:00,739.4994,739.505,739.45,739.47,0
2026-07-27 16:43:00,739.47,739.47,739.44,739.44,0
2026-07-27 16:44:00,739.44,739.45,739.4,739.44,0
2026-07-27 16:45:00,739.425,739.44,739.38,739.39,0
2026-07-27 16:46:00,739.39,739.5,739.39,739.39,0
2026-07-27 16:47:00,739.3979,739.4647,739.381,739.4346,0
2026-07-27 16:48:00,739.38,739.405,739.3272,739.35,0
2026-07-27 16:49:00,739.34,739.3463,739.28,739.29,0
2026-07-27 16:50:00,739.29,739.4145,739.29,739.33,0
2026-07-27 16:51:00,739.31,739.31,739.24,739.26,0
2026-07-27 16:52:00,739.27,739.29,724.228,739.265,0
2026-07-27 16:53:00,739.2828,739.3,739.185,739.26,0
2026-07-27 16:54:00,739.29,739.34,739.21,739.34,0
2026-07-27 16:55:00,739.31,739.4313,739.09,739.4313,0
2026-07-27 16:56:00,739.42,739.42,739.345,739.38,0
2026-07-27 16:57:00,739.3887,739.3887,739.25,739.27,0
2026-07-27 16:58:00,739.26,739.35,739.09,739.3,0
2026-07-27 16:59:00,739.28,739.46,739.28,739.4,0
2026-07-27 17:00:00,739.2931,739.49,739.2931,739.399,0
2026-07-27 17:01:00,739.39,739.41,739.36,739.41,0
2026-07-27 17:02:00,739.361,739.396,739.09,739.36,0
2026-07-27 17:03:00,739.3799,739.41,739.37,739.4,0
2026-07-27 17:04:00,739.4,739.42,739.27,739.36,0
2026-07-27 17:05:00,739.3769,739.39,739.3,739.39,0
2026-07-27 17:06:00,739.5,739.5,694.508,739.4166,0
2026-07-27 17:07:00,739.4,739.43,739.274,739.274,0
2026-07-27 17:08:00,739.36,739.39,739.27,739.2712,0
2026-07-27 17:09:00,739.2842,739.49,739.2842,739.49,0
2026-07-27 17:10:00,739.49,739.53,739.4599,739.46,0
2026-07-27 17:11:00,739.41,739.47,739.41,739.45,0
2026-07-27 17:12:00,739.36,739.5257,739.36,739.49,0
2026-07-27 17:13:00,739.49,739.49,739.36,739.4,0
2026-07-27 17:14:00,739.3911,739.51,739.38,739.5,0
2026-07-27 17:15:00,694.508,739.51,694.508,739.4,0
2026-07-27 17:16:00,739.4104,739.5192,739.37,739.5,0
2026-07-27 17:17:00,739.4,739.501,739.4,739.501,0
2026-07-27 17:18:00,739.4949,739.5,739.45,739.45,0
2026-07-27 17:19:00,739.4051,739.46,739.4,739.46,0
2026-07-27 17:20:00,739.51,739.53,739.45,739.45,0
2026-07-27 17:21:00,739.5048,739.59,739.5048,739.5845,0
2026-07-27 17:22:00,739.5083,739.6,739.4558,739.6,0
2026-07-27 17:23:00,739.55,739.6,739.5,739.55,0
2026-07-27 17:24:00,739.5996,739.5996,739.4595,739.4595,0
2026-07-27 17:25:00,739.4595,739.5462,739.414,739.5462,0
2026-07-27 17:26:00,739.5,739.5316,739.45,739.45,0
2026-07-27 17:27:00,739.4443,739.447,739.4,739.447,0
2026-07-27 17:28:00,739.4207,739.4487,739.4,739.4487,0
2026-07-27 17:29:00,739.4052,739.4443,739.4,739.4009,0
2026-07-27 17:30:00,739.4018,739.4487,739.4,739.4057,0
2026-07-27 17:31:00,739.4012,739.53,739.39,739.53,0
2026-07-27 17:32:00,739.5268,739.55,739.4161,739.5303,0
2026-07-27 17:33:00,739.5,739.55,739.4161,739.5,0
2026-07-27 17:34:00,739.4,739.5,739.4,739.4975,0
2026-07-27 17:35:00,739.49,739.49,739.4281,739.4898,0
2026-07-27 17:36:00,739.49,739.5,739.42,739.42,0
2026-07-27 17:37:00,739.498,739.55,739.42,739.4416,0
2026-07-27 17:38:00,739.4416,739.54,739.15,739.44,0
2026-07-27 17:39:00,739.4909,739.5,739.3789,739.3789,0
2026-07-27 17:40:00,739.49,739.49,739.3767,739.3767,0
2026-07-27 17:41:00,739.4751,739.49,739.3501,739.4842,0
2026-07-27 17:42:00,739.4842,739.49,739.35,739.4025,0
2026-07-27 17:43:00,739.4894,739.49,739.4,739.445,0
2026-07-27 17:44:00,739.4804,739.4877,739.4,739.48,0
2026-07-27 17:45:00,739.48,739.55,739.43,739.45,0
2026-07-27 17:46:00,739.4335,739.475,739.43,739.475,0
2026-07-27 17:47:00,739.4665,739.49,739.4665,739.49,0
2026-07-27 17:48:00,739.5344,739.55,739.4418,739.53,0
2026-07-27 17:49:00,739.4431,739.55,739.43,739.547,0
2026-07-27 17:50:00,739.442,739.55,739.442,739.5349,0
2026-07-27 17:51:00,739.4506,739.54,739.43,739.45,0
2026-07-27 17:52:00,739.442,739.549,739.4412,739.5344,0
2026-07-27 17:53:00,739.4921,739.5,739.43,739.44,0
2026-07-27 17:54:00,739.44,739.465,739.44,739.465,0
2026-07-27 17:55:00,739.5,739.6,739.49,739.6,0
2026-07-27 17:56:00,739.55,739.55,739.47,739.48,0
2026-07-27 17:57:00,739.55,739.55,739.43,739.55,0
2026-07-27 17:58:00,739.55,739.55,739.43,739.49,0
2026-07-27 17:59:00,739.57,739.57,739.325,739.34,0
2026-07-27 18:00:00,739.49,739.745,739.48,739.48,0
2026-07-27 18:01:00,739.52,739.53,739.31,739.36,0
2026-07-27 18:02:00,739.38,739.4128,739.24,739.289,0
2026-07-27 18:03:00,739.38,739.547,739.3,739.38,0
2026-07-27 18:04:00,739.34,739.3813,739.2329,739.2573,0
2026-07-27 18:05:00,739.23,739.3013,739.19,739.2245,0
2026-07-27 18:06:00,739.231,739.2817,739.172,739.172,0
2026-07-27 18:07:00,739.17,739.1748,739.03,739.03,0
2026-07-27 18:08:00,739.075,739.1418,739.02,739.09,0
2026-07-27 18:09:00,739.1,739.1,739.04,739.0636,0
2026-07-27 18:10:00,739.061,739.09,739.0481,739.0481,0
2026-07-27 18:11:00,739.0574,739.0574,738.99,738.9938,0
2026-07-27 18:12:00,738.9927,739.04,738.9927,739.0379,0
2026-07-27 18:13:00,739.0,739.0079,738.83,738.9017,0
2026-07-27 18:14:00,738.895,738.9,738.8344,738.85,0
2026-07-27 18:15:00,738.91,738.97,738.83,738.83,0
2026-07-27 18:16:00,738.83,738.8565,738.8,738.81,0
2026-07-27 18:17:00,738.8831,738.9574,738.8828,738.9331,0
2026-07-27 18:18:00,738.911,739.0365,738.86,739.02,0
2026-07-27 18:19:00,739.02,739.02,738.895,738.92,0
2026-07-27 18:20:00,738.9678,738.9678,738.84,738.9073,0
2026-07-27 18:21:00,738.9349,739.0387,738.91,739.0387,0
2026-07-27 18:22:00,738.945,738.97,738.88,738.9012,0
2026-07-27 18:23:00,738.9361,738.99,738.91,738.99,0
2026-07-27 18:24:00,738.96,738.96,738.8099,738.84,0
2026-07-27 18:25:00,738.8146,738.85,738.74,738.7864,0
2026-07-27 18:26:00,738.7564,738.8418,738.68,738.8165,0
2026-07-27 18:27:00,738.79,738.8,738.73,738.7773,0
2026-07-27 18:28:00,738.73,738.7431,738.65,738.66,0
2026-07-27 18:29:00,738.7,738.7,738.6,738.6169,0
2026-07-27 18:30:00,738.6945,738.7618,738.65,738.71,0
2026-07-27 18:31:00,738.735,738.85,738.735,738.82,0
2026-07-27 18:32:00,738.8472,738.9671,738.834,738.9671,0
2026-07-27 18:33:00,738.9464,738.97,738.87,738.9314,0
2026-07-27 18:34:00,738.8953,738.9158,738.8164,738.9,0
2026-07-27 18:35:00,738.9359,738.94,738.9164,738.9377,0
2026-07-27 18:36:00,738.9377,738.9947,738.935,738.9947,0
2026-07-27 18:37:00,738.97,738.97,738.8059,738.8059,0
2026-07-27 18:38:00,738.81,738.83,738.8,738.8054,0
2026-07-27 18:39:00,738.88,738.9,738.852,738.8948,0
2026-07-27 18:40:00,738.88,738.88,738.72,738.72,0
2026-07-27 18:41:00,738.71,738.8448,738.66,738.82,0
2026-07-27 18:42:00,738.7914,738.7923,738.72,738.7557,0
2026-07-27 18:43:00,738.7845,738.7845,738.7158,738.7448,0
2026-07-27 18:44:00,738.71,738.75,738.7,738.7431,0
2026-07-27 18:45:00,738.7,738.7936,738.67,738.67,0
2026-07-27 18:46:00,738.68,738.68,738.6255,738.65,0
2026-07-27 18:47:00,738.6254,738.6972,738.6022,738.6962,0
2026-07-27 18:48:00,738.6869,738.7535,738.62,738.6604,0
2026-07-27 18:49:00,738.745,738.745,738.6904,738.7387,0
2026-07-27 18:50:00,738.705,738.77,738.62,738.77,0
2026-07-27 18:51:00,738.7141,738.85,738.714,738.82,0
2026-07-27 18:52:00,738.76,738.799,738.7238,738.799,0
2026-07-27 18:53:00,738.77,738.77,738.72,738.74,0
2026-07-27 18:54:00,738.7154,738.75,738.68,738.69,0
2026-07-27 18:55:00,738.7134,738.7399,738.66,738.6885,0
2026-07-27 18:56:00,738.71,738.72,738.65,738.66,0
2026-07-27 18:57:00,738.665,738.7118,738.59,738.59,0
2026-07-27 18:58:00,738.59,738.63,738.59,738.63,0
2026-07-27 18:59:00,738.6192,738.65,738.58,738.65,0
2026-07-27 19:00:00,738.6463,738.6463,738.57,738.59,0
2026-07-27 19:01:00,738.57,738.57,738.3101,738.33,0
2026-07-27 19:02:00,738.32,738.32,738.2463,738.2465,0
2026-07-27 19:03:00,738.23,738.3,738.17,738.3,0
2026-07-27 19:04:00,738.2173,738.2636,738.19,738.2636,0
2026-07-27 19:05:00,738.2712,738.75,738.2712,738.67,0
2026-07-27 19:06:00,738.6658,738.86,738.6658,738.825,0
2026-07-27 19:07:00,738.81,738.8385,738.6662,738.6662,0
2026-07-27 19:08:00,738.6947,738.7,738.6,738.6415,0
2026-07-27 19:09:00,738.65,738.65,738.571,738.571,0
2026-07-27 19:10:00,738.58,738.62,738.53,738.53,0
2026-07-27 19:11:00,738.5661,738.59,738.5165,738.5631,0
2026-07-27 19:12:00,738.491,738.62,738.491,738.62,0
2026-07-27 19:13:00,738.6945,738.6945,738.5862,738.61,0
2026-07-27 19:14:00,738.55,738.6,738.501,738.501,0
2026-07-27 19:15:00,738.5,738.5,738.4,738.4139,0
2026-07-27 19:16:00,738.4464,738.4464,738.34,738.35,0
2026-07-27 19:17:00,738.4,738.63,738.4,738.62,0
2026-07-27 19:18:00,738.625,738.7,738.58,738.6938,0
2026-07-27 19:19:00,738.69,738.79,738.5,738.74,0
2026-07-27 19:20:00,738.75,738.89,738.6448,738.6448,0
2026-07-27 19:21:00,738.6485,738.7034,738.6,738.65,0
2026-07-27 19:22:00,738.75,738.75,738.6363,738.6944,0
2026-07-27 19:23:00,738.7423,738.7534,738.7066,738.7534,0
2026-07-27 19:24:00,738.7585,738.85,738.6904,738.8487,0
2026-07-27 19:25:00,738.769,738.8599,738.769,738.8599,0
2026-07-27 19:26:00,738.8385,738.8385,738.77,738.8148,0
2026-07-27 19:27:00,738.79,738.79,738.75,738.7662,0
2026-07-27 19:28:00,738.79,738.99,738.79,738.9851,0
2026-07-27 19:29:00,738.98,739.0188,738.93,739.0,0
2026-07-27 19:30:00,738.96,739.04,738.96,739.04,0
2026-07-27 19:31:00,739.0,739.0,738.9436,738.9436,0
2026-07-27 19:32:00,738.9682,738.97,738.9,738.9,0
2026-07-27 19:33:00,738.92,738.92,738.895,738.895,0
2026-07-27 19:34:00,738.9348,738.9348,738.87,738.87,0
2026-07-27 19:35:00,738.88,738.9,738.72,738.72,0
2026-07-27 19:36:00,738.7447,738.95,738.7447,738.95,0
2026-07-27 19:37:00,738.894,738.9,738.845,738.9,0
2026-07-27 19:38:00,738.9,738.92,738.8,738.85,0
2026-07-27 19:39:00,738.811,738.85,738.8,738.85,0
2026-07-27 19:40:00,738.7712,738.7712,738.73,738.73,0
2026-07-27 19:41:00,738.77,738.78,738.76,738.78,0
2026-07-27 19:42:00,738.73,738.76,738.73,738.75,0
2026-07-27 19:43:00,738.72,738.72,738.66,738.66,0
2026-07-27 19:44:00,738.64,738.6987,738.64,738.65,0
2026-07-27 19:45:00,738.71,738.71,738.56,738.71,0
2026-07-27 19:46:00,738.71,738.72,738.55,738.55,0
2026-07-27 19:47:00,738.5,738.57,738.45,738.5492,0
2026-07-27 19:48:00,738.5785,738.5785,738.4,738.4,0
2026-07-27 19:49:00,738.4,738.4685,738.38,738.44,0
2026-07-27 19:50:00,738.42,738.55,738.42,738.44,0
2026-07-27 19:51:00,738.535,739.04,738.535,739.04,0
2026-07-27 19:52:00,738.97,739.11,738.97,738.98,0
2026-07-27 19:53:00,738.99,739.13,738.96,739.0,0
2026-07-27 19:54:00,739.02,739.069,738.98,739.05,0
2026-07-27 19:55:00,739.04,739.105,739.04,739.08,0
2026-07-27 19:56:00,739.0,739.0,739.0,739.0,0
2026-07-27 19:57:00,739.0,739.05,738.96,739.01,0
2026-07-27 19:58:00,738.88,738.9977,738.88,738.9977,0
2026-07-27 19:59:00,738.925,738.96,738.82,738.9277,0
2026-07-28 04:00:00,737.79,739.09,736.2595,737.34,0
2026-07-28 04:01:00,737.36,738.28,736.15,736.9,0
2026-07-28 04:02:00,736.76,738.08,736.35,737.85,0
2026-07-28 04:03:00,737.74,737.93,737.69,737.73,0
2026-07-28 04:04:00,737.75,737.78,737.65,737.69,0
2026-07-28 04:05:00,737.68,737.82,737.68,737.72,0
2026-07-28 04:06:00,737.72,737.98,737.23,737.98,0
2026-07-28 04:07:00,737.7,737.7,737.44,737.5,0
2026-07-28 04:08:00,737.49,737.57,737.4,737.4,0
2026-07-28 04:09:00,737.25,737.31,737.2,737.22,0
2026-07-28 04:10:00,737.2,737.23,736.95,736.95,0
2026-07-28 04:11:00,736.94,736.97,736.86,736.9,0
2026-07-28 04:12:00,736.93,737.04,736.9,736.9,0
2026-07-28 04:13:00,736.9,736.95,736.88,736.9,0
2026-07-28 04:14:00,736.9,736.97,736.83,736.86,0
2026-07-28 04:15:00,736.91,737.5,736.84,737.5,0
2026-07-28 04:16:00,737.62,737.63,737.39,737.52,0
2026-07-28 04:17:00,737.53,737.61,737.49,737.5182,0
2026-07-28 04:18:00,737.5,737.73,737.5,737.73,0
2026-07-28 04:19:00,737.64,738.0,737.64,737.9,0
2026-07-28 04:20:00,738.02,738.06,737.93,737.93,0
2026-07-28 04:21:00,738.06,738.27,738.06,738.14,0
2026-07-28 04:22:00,738.12,738.16,738.0,738.16,0
2026-07-28 04:23:00,737.9787,738.2912,737.95,738.2912,0
2026-07-28 04:24:00,738.33,738.74,738.33,738.7,0
2026-07-28 04:25:00,738.58,738.58,738.4,738.41,0
2026-07-28 04:26:00,738.3287,738.3817,738.32,738.3817,0
2026-07-28 04:27:00,738.4552,738.47,738.4552,738.46,0
2026-07-28 04:28:00,738.46,738.46,738.33,738.37,0
2026-07-28 04:29:00,738.4612,738.52,738.449,738.52,0
2026-07-28 04:30:00,738.49,738.5,738.17,738.17,0
2026-07-28 04:31:00,738.3288,738.36,738.289,738.289,0
2026-07-28 04:32:00,738.29,738.29,738.21,738.21,0
2026-07-28 04:33:00,738.23,738.39,738.23,738.3888,0
2026-07-28 04:34:00,738.28,738.55,738.2704,738.55,0
2026-07-28 04:35:00,738.53,738.5696,738.455,738.53,0
2026-07-28 04:36:00,738.48,738.52,738.3537,738.44,0
2026-07-28 04:37:00,738.4491,738.47,738.33,738.47,0
2026-07-28 04:38:00,738.5612,738.7305,738.56,738.68,0
2026-07-28 04:39:00,738.57,738.6,738.57,738.6,0
2026-07-28 04:40:00,738.59,738.77,738.58,738.75,0
2026-07-28 04:41:00,738.84,738.9,738.8,738.9,0
2026-07-28 04:42:00,738.87,738.87,738.75,738.76,0
2026-07-28 04:43:00,738.82,738.9,738.81,738.89,0
2026-07-28 04:44:00,738.9,738.91,738.76,738.76,0
2026-07-28 04:45:00,738.78,738.799,738.681,738.72,0
2026-07-28 04:46:00,738.6731,738.77,738.6427,738.77,0
2026-07-28 04:47:00,738.71,739.11,738.71,738.9036,0
2026-07-28 04:48:00,738.9,738.9488,738.8332,738.8332,0
2026-07-28 04:49:00,738.92,738.92,738.85,738.9,0
2026-07-28 04:50:00,738.8512,739.17,738.85,739.17,0
2026-07-28 04:51:00,739.0,739.0,738.7819,738.7819,0
2026-07-28 04:52:00,738.8,738.846,738.7344,738.74,0
2026-07-28 04:53:00,738.73,738.73,738.63,738.63,0
2026-07-28 04:54:00,738.605,738.6362,738.53,738.53,0
2026-07-28 04:55:00,738.55,738.55,738.35,738.35,0
2026-07-28 04:56:00,738.4,738.48,738.4,738.48,0
2026-07-28 04:57:00,738.47,738.484,738.3341,738.3341,0
2026-07-28 04:58:00,738.43,738.43,738.43,738.43,0
2026-07-28 04:59:00,738.45,738.52,738.4,738.45,0
2026-07-28 05:00:00,738.45,738.5285,738.39,738.5,0
2026-07-28 05:01:00,738.44,738.62,738.44,738.62,0
2026-07-28 05:02:00,738.52,738.5515,738.5034,738.5515,0
2026-07-28 05:03:00,738.65,738.66,738.4,738.4,0
2026-07-28 05:04:00,738.43,738.46,738.3235,738.46,0
2026-07-28 05:05:00,738.43,738.59,738.43,738.521,0
2026-07-28 05:06:00,738.56,738.69,738.51,738.59,0
2026-07-28 05:07:00,738.52,738.5245,738.5087,738.5245,0
2026-07-28 05:08:00,738.65,738.6782,738.6382,738.64,0
2026-07-28 05:09:00,738.57,738.57,738.53,738.53,0
2026-07-28 05:10:00,738.59,738.79,738.589,738.63,0
2026-07-28 05:11:00,738.69,738.69,738.655,738.6741,0
2026-07-28 05:12:00,738.7248,738.81,738.6,738.65,0
2026-07-28 05:13:00,738.6,738.6,738.48,738.48,0
2026-07-28 05:14:00,738.38,738.447,738.37,738.447,0
2026-07-28 05:15:00,738.447,738.55,738.447,738.55,0
2026-07-28 05:16:00,738.51,738.69,738.5,738.69,0
2026-07-28 05:17:00,738.57,738.6707,738.57,738.57,0
2026-07-28 05:18:00,738.4755,738.5305,738.42,738.5305,0
2026-07-28 05:19:00,738.55,738.56,738.54,738.56,0
2026-07-28 05:20:00,738.621,738.69,738.621,738.6284,0
2026-07-28 05:21:00,738.66,738.66,738.63,738.65,0
2026-07-28 05:22:00,738.74,738.74,738.74,738.74,0
2026-07-28 05:23:00,738.65,738.69,738.65,738.69,0
2026-07-28 05:24:00,738.68,738.7187,738.68,738.68,0
2026-07-28 05:25:00,738.67,738.71,738.625,738.66,0
2026-07-28 05:26:00,738.64,738.75,738.64,738.7,0
2026-07-28 05:27:00,738.69,738.7243,738.69,738.7243,0
2026-07-28 05:28:00,738.7488,738.79,738.7488,738.79,0
2026-07-28 05:29:00,738.79,738.85,738.79,738.85,0
2026-07-28 05:30:00,738.85,738.85,738.6,738.6,0
2026-07-28 05:31:00,738.68,738.68,738.68,738.68,0
2026-07-28 05:32:00,738.66,738.66,738.62,738.64,0
2026-07-28 05:33:00,738.601,738.601,738.56,738.6,0
2026-07-28 05:35:00,738.59,738.61,738.51,738.51,0
2026-07-28 05:36:00,738.52,738.52,738.49,738.49,0
2026-07-28 05:37:00,738.49,738.49,738.47,738.47,0
2026-07-28 05:38:00,738.49,738.5788,738.49,738.53,0
2026-07-28 05:39:00,738.59,738.6,738.55,738.58,0
2026-07-28 05:40:00,738.62,738.62,738.5,738.55,0
2026-07-28 05:41:00,738.63,738.63,738.62,738.62,0
2026-07-28 05:42:00,738.59,738.77,738.59,738.77,0
2026-07-28 05:43:00,738.67,738.7,738.67,738.7,0
2026-07-28 05:44:00,738.6566,738.6585,738.47,738.54,0
2026-07-28 05:45:00,738.51,738.59,738.51,738.59,0
2026-07-28 05:46:00,738.56,738.59,738.55,738.55,0
2026-07-28 05:47:00,738.52,738.56,738.5043,738.5043,0
2026-07-28 05:48:00,738.53,738.56,738.46,738.48,0
2026-07-28 05:49:00,738.56,738.59,738.52,738.59,0
2026-07-28 05:50:00,738.66,738.72,738.66,738.6891,0
2026-07-28 05:51:00,738.603,738.603,738.6,738.6,0
2026-07-28 05:52:00,738.58,738.59,738.5,738.5,0
2026-07-28 05:53:00,738.59,738.6012,738.52,738.52,0
2026-07-28 05:54:00,738.48,738.48,738.44,738.45,0
2026-07-28 05:55:00,738.46,738.5,738.45,738.45,0
2026-07-28 05:56:00,738.451,738.451,738.36,738.4,0
2026-07-28 05:57:00,738.4,738.4,738.16,738.22,0
2026-07-28 05:58:00,738.15,738.22,738.1,738.22,0
2026-07-28 05:59:00,738.191,738.26,738.191,738.26,0
2026-07-28 06:00:00,738.2,738.3,738.15,738.27,0
2026-07-28 06:01:00,738.3,738.3577,738.25,738.3,0
2026-07-28 06:02:00,738.36,738.37,738.35,738.37,0
2026-07-28 06:03:00,738.3,738.3,738.2587,738.2587,0
2026-07-28 06:04:00,738.3687,738.4,738.3157,738.3157,0
2026-07-28 06:05:00,738.35,738.35,738.349,738.349,0
2026-07-28 06:06:00,738.22,738.32,738.22,738.32,0
2026-07-28 06:07:00,738.201,738.31,738.201,738.31,0
2026-07-28 06:08:00,738.2322,738.2322,738.1,738.1,0
2026-07-28 06:09:00,738.1,738.28,738.1,738.28,0
2026-07-28 06:10:00,738.2653,738.2653,738.1961,738.24,0
2026-07-28 06:11:00,738.09,738.2027,738.06,738.2027,0
2026-07-28 06:12:00,738.28,738.32,738.28,738.32,0
2026-07-28 06:13:00,738.29,738.35,738.26,738.26,0
2026-07-28 06:14:00,738.22,738.26,738.2,738.2,0
2026-07-28 06:15:00,738.2,738.2,738.179,738.179,0
2026-07-28 06:16:00,738.15,738.44,738.15,738.44,0
2026-07-28 06:17:00,738.35,738.45,738.32,738.45,0
2026-07-28 06:18:00,738.4,738.44,738.4,738.44,0
2026-07-28 06:19:00,738.45,738.5,738.45,738.5,0
2026-07-28 06:20:00,738.3982,738.41,738.3982,738.41,0
2026-07-28 06:21:00,738.25,738.25,738.05,738.16,0
2026-07-28 06:22:00,738.179,738.179,738.13,738.165,0
2026-07-28 06:23:00,738.1273,738.1273,738.08,738.08,0
2026-07-28 06:24:00,738.12,738.21,738.1,738.21,0
2026-07-28 06:25:00,738.1552,738.18,738.1,738.109,0
2026-07-28 06:26:00,738.08,738.08,737.965,737.965,0
2026-07-28 06:27:00,738.09,738.09,738.09,738.09,0
2026-07-28 06:28:00,738.25,738.38,738.25,738.36,0
2026-07-28 06:29:00,738.4241,738.51,738.39,738.5,0
2026-07-28 06:30:00,738.51,738.65,738.47,738.6,0
2026-07-28 06:31:00,738.63,738.7,738.6,738.6,0
2026-07-28 06:32:00,738.62,738.62,738.599,738.599,0
2026-07-28 06:33:00,738.47,738.47,738.45,738.45,0
2026-07-28 06:34:00,738.4985,738.4985,738.17,738.31,0
2026-07-28 06:35:00,738.3062,738.3062,737.84,738.12,0
2026-07-28 06:36:00,738.0,738.01,737.92,738.0,0
2026-07-28 06:37:00,738.22,738.29,738.18,738.19,0
2026-07-28 06:38:00,738.1646,738.195,738.07,738.07,0
2026-07-28 06:39:00,738.149,738.149,737.92,737.92,0
2026-07-28 06:40:00,737.9,737.9,737.69,737.74,0
2026-07-28 06:41:00,737.74,737.84,737.7,737.76,0
2026-07-28 06:42:00,737.75,737.91,737.75,737.83,0
2026-07-28 06:43:00,737.8025,737.82,737.79,737.79,0
2026-07-28 06:44:00,737.83,737.99,737.83,737.96,0
2026-07-28 06:45:00,737.94,738.01,737.93,737.95,0
2026-07-28 06:46:00,738.0068,738.0815,738.0068,738.0815,0
2026-07-28 06:47:00,738.13,738.23,738.13,738.23,0
2026-07-28 06:48:00,738.18,738.36,738.18,738.36,0
2026-07-28 06:49:00,738.36,738.36,738.2,738.2,0
2026-07-28 06:50:00,738.17,738.18,738.15,738.15,0
2026-07-28 06:51:00,738.16,738.2596,738.16,738.2596,0
2026-07-28 06:52:00,738.2085,738.2085,738.1,738.13,0
2026-07-28 06:53:00,738.1217,738.32,738.1217,738.32,0
2026-07-28 06:54:00,738.32,738.37,738.32,738.33,0
2026-07-28 06:55:00,738.44,738.47,738.3415,738.4047,0
2026-07-28 06:56:00,738.3812,738.39,738.38,738.39,0
2026-07-28 06:57:00,738.39,738.4,738.35,738.3787,0
2026-07-28 06:58:00,738.4,738.4,738.4,738.4,0
2026-07-28 06:59:00,738.31,738.52,738.25,738.4823,0
2026-07-28 07:00:00,738.471,738.91,738.3,738.6511,0
2026-07-28 07:01:00,738.7166,738.7166,738.4286,738.4286,0
2026-07-28 07:02:00,738.4,739.09,738.31,738.3611,0
2026-07-28 07:03:00,738.34,739.09,738.2,738.2,0
2026-07-28 07:04:00,738.16,739.09,738.13,738.19,0
2026-07-28 07:05:00,738.21,738.3366,738.01,738.3366,0
2026-07-28 07:06:00,738.34,738.391,738.25,738.391,0
2026-07-28 07:07:00,738.3054,738.3054,738.0,738.06,0
2026-07-28 07:08:00,738.0423,738.2,738.03,738.1879,0
2026-07-28 07:09:00,738.12,738.1559,738.05,738.05,0
2026-07-28 07:10:00,738.02,738.0885,737.95,738.0,0
2026-07-28 07:11:00,737.96,737.96,737.77,737.8,0
2026-07-28 07:12:00,737.79,737.94,737.76,737.79,0
2026-07-28 07:13:00,737.75,737.75,737.62,737.7286,0
2026-07-28 07:14:00,737.6173,737.76,737.56,737.6415,0
2026-07-28 07:15:00,737.63,738.74,737.63,738.5447,0
2026-07-28 07:16:00,738.46,738.4826,738.34,738.39,0
2026-07-28 07:17:00,738.37,738.52,738.3339,738.4797,0
2026-07-28 07:18:00,738.48,739.16,738.44,738.92,0
2026-07-28 07:19:00,738.93,739.04,738.8673,738.99,0
2026-07-28 07:20:00,738.9622,739.08,738.7332,738.7661,0
2026-07-28 07:21:00,738.75,738.83,738.71,738.71,0
2026-07-28 07:22:00,738.6873,738.78,738.5737,738.78,0
2026-07-28 07:23:00,738.83,738.87,738.7504,738.7893,0
2026-07-28 07:24:00,738.8085,738.9,738.5999,738.5999,0
2026-07-28 07:25:00,738.57,738.57,738.39,738.44,0
2026-07-28 07:26:00,738.4,738.4196,738.25,738.25,0
2026-07-28 07:27:00,738.25,738.3,738.11,738.19,0
2026-07-28 07:28:00,738.17,738.2688,738.06,738.17,0
2026-07-28 07:29:00,738.2393,738.34,738.11,738.1389,0
2026-07-28 07:30:00,738.1,738.16,737.9,737.9825,0
2026-07-28 07:31:00,737.9943,738.11,737.98,738.0507,0
2026-07-28 07:32:00,738.12,738.2,738.0539,738.1466,0
2026-07-28 07:33:00,738.1341,738.25,738.0787,738.25,0
2026-07-28 07:34:00,738.23,738.2777,738.12,738.12,0
2026-07-28 07:35:00,738.08,738.2548,738.08,738.2548,0
2026-07-28 07:36:00,738.21,739.23,738.1897,738.8392,0
2026-07-28 07:37:00,738.8,738.8,738.63,738.63,0
2026-07-28 07:38:00,738.6947,738.7756,738.48,738.48,0
2026-07-28 07:39:00,738.3984,738.3984,738.07,738.07,0
2026-07-28 07:40:00,738.07,738.07,737.6995,737.6995,0
2026-07-28 07:41:00,737.7794,737.7992,737.6696,737.72,0
2026-07-28 07:42:00,737.71,737.7489,737.6241,737.6776,0
2026-07-28 07:43:00,737.71,737.98,737.71,737.95,0
2026-07-28 07:44:00,737.95,738.16,737.89,737.96,0
2026-07-28 07:45:00,738.01,738.3,738.01,738.3,0
2026-07-28 07:46:00,738.312,738.4954,738.3,738.47,0
2026-07-28 07:47:00,738.47,738.7543,738.43,738.7543,0
2026-07-28 07:48:00,738.75,738.9,738.7,738.88,0
2026-07-28 07:49:00,738.84,738.91,738.6104,738.6485,0
2026-07-28 07:50:00,738.6247,738.67,738.5,738.5036,0
2026-07-28 07:51:00,738.59,738.81,738.59,738.8,0
2026-07-28 07:52:00,738.82,738.8658,738.7029,738.7389,0
2026-07-28 07:53:00,738.73,738.81,738.6313,738.7619,0
2026-07-28 07:54:00,738.79,738.8,738.7,738.75,0
2026-07-28 07:55:00,738.77,738.88,738.7532,738.8399,0
2026-07-28 07:56:00,738.84,739.06,738.8,739.05,0
2026-07-28 07:57:00,739.0533,739.1,739.02,739.02,0
2026-07-28 07:58:00,739.001,739.37,739.001,739.345,0
2026-07-28 07:59:00,739.37,739.49,739.34,739.4053,0
2026-07-28 08:00:00,739.39,739.5,739.3409,739.45,0
2026-07-28 08:01:00,739.4,739.4,739.22,739.23,0
2026-07-28 08:02:00,739.2278,739.27,739.1605,739.27,0
2026-07-28 08:03:00,739.3,739.355,739.25,739.35,0
2026-07-28 08:04:00,739.37,739.64,739.33,739.55,0
2026-07-28 08:05:00,739.5,739.65,739.5,739.65,0
2026-07-28 08:06:00,739.59,739.75,739.4695,739.5038,0
2026-07-28 08:07:00,739.4714,739.5859,739.4668,739.4954,0
2026-07-28 08:08:00,739.4394,739.5311,739.39,739.4108,0
2026-07-28 08:09:00,739.4415,739.61,739.41,739.549,0
2026-07-28 08:10:00,739.53,739.56,739.22,739.2801,0
2026-07-28 08:11:00,739.3282,739.3293,739.23,739.2896,0
2026-07-28 08:12:00,739.28,739.35,739.22,739.29,0
2026-07-28 08:13:00,739.29,739.34,739.15,739.3005,0
2026-07-28 08:14:00,739.32,739.3779,739.3,739.36,0
2026-07-28 08:15:00,739.37,739.3929,739.2,739.2097,0
2026-07-28 08:16:00,739.25,739.3584,739.1312,739.32,0
2026-07-28 08:17:00,739.3,739.31,739.19,739.19,0
2026-07-28 08:18:00,739.21,739.3027,739.21,739.28,0
2026-07-28 08:19:00,739.2734,739.35,739.21,739.3494,0
2026-07-28 08:20:00,739.3703,739.39,739.2477,739.3,0
2026-07-28 08:21:00,739.3,739.51,739.3,739.51,0
2026-07-28 08:22:00,739.5046,739.519,737.51,739.41,0
2026-07-28 08:23:00,739.4,739.6,739.4,739.47,0
2026-07-28 08:24:00,739.43,739.62,739.3,739.6186,0
2026-07-28 08:25:00,739.59,739.82,739.56,739.78,0
2026-07-28 08:26:00,739.7711,739.86,739.71,739.8496,0
2026-07-28 08:27:00,739.8582,740.06,739.83,739.9943,0
2026-07-28 08:28:00,739.94,739.9701,739.78,739.8087,0
2026-07-28 08:29:00,739.7795,739.97,739.75,739.95,0
2026-07-28 08:30:00,739.99,740.23,739.92,740.13,0
2026-07-28 08:31:00,740.1577,740.2006,739.85,739.85,0
2026-07-28 08:32:00,739.9092,740.1,739.9,740.02,0
2026-07-28 08:33:00,740.105,740.1081,739.84,739.84,0
2026-07-28 08:34:00,739.89,739.93,739.28,739.7,0
2026-07-28 08:35:00,739.7,739.849,739.63,739.7885,0
2026-07-28 08:36:00,739.78,740.0093,739.6508,740.0,0
2026-07-28 08:37:00,739.98,740.0484,739.71,739.71,0
2026-07-28 08:38:00,739.7344,739.97,739.7344,739.82,0
2026-07-28 08:39:00,739.8268,739.8268,739.6661,739.67,0
2026-07-28 08:40:00,739.7456,739.805,739.65,739.69,0
2026-07-28 08:41:00,739.6232,739.6604,739.48,739.53,0
2026-07-28 08:42:00,739.53,739.95,739.53,739.9,0
2026-07-28 08:43:00,739.96,740.21,739.93,740.0741,0
2026-07-28 08:44:00,740.13,740.279,740.08,740.2315,0
2026-07-28 08:45:00,740.23,740.31,740.17,740.19,0
2026-07-28 08:46:00,740.22,741.0,740.22,740.4,0
2026-07-28 08:47:00,740.3338,740.4102,739.09,740.27,0
2026-07-28 08:48:00,740.27,740.3,740.17,740.1923,0
2026-07-28 08:49:00,740.21,740.41,740.17,740.295,0
2026-07-28 08:50:00,740.251,740.251,739.93,739.93,0
2026-07-28 08:51:00,739.9,739.98,739.85,739.98,0
2026-07-28 08:52:00,739.98,740.02,739.94,739.95,0
2026-07-28 08:53:00,739.94,739.96,739.81,739.81,0
2026-07-28 08:54:00,739.8,740.2,739.8,740.16,0
2026-07-28 08:55:00,740.16,740.2305,740.03,740.04,0
2026-07-28 08:56:00,740.05,740.15,740.04,740.06,0
2026-07-28 08:57:00,740.09,740.1327,739.99,739.99,0
2026-07-28 08:58:00,740.02,740.02,739.85,739.89,0
2026-07-28 08:59:00,739.88,739.9426,739.86,739.88,0
2026-07-28 09:00:00,739.94,739.97,739.66,739.66,0
2026-07-28 09:01:00,739.6693,739.67,739.58,739.64,0
2026-07-28 09:02:00,739.62,739.7,739.52,739.6,0
2026-07-28 09:03:00,739.62,739.75,739.5981,739.67,0
2026-07-28 09:04:00,739.64,739.72,739.62,739.64,0
2026-07-28 09:05:00,739.64,739.71,739.62,739.6701,0
2026-07-28 09:06:00,739.69,740.039,739.69,740.01,0
2026-07-28 09:07:00,739.99,740.0501,739.96,740.03,0
2026-07-28 09:08:00,740.03,740.1314,739.97,740.03,0
2026-07-28 09:09:00,740.0456,740.1483,740.04,740.07,0
2026-07-28 09:10:00,740.09,740.0909,740.0,740.0495,0
2026-07-28 09:11:00,740.05,740.05,739.84,739.84,0
2026-07-28 09:12:00,739.86,739.95,739.77,739.89,0
2026-07-28 09:13:00,739.91,739.97,739.86,739.96,0
2026-07-28 09:14:00,739.96,739.96,739.8,739.886,0
2026-07-28 09:30:00,739.19,739.48,738.83,738.83,1711316
2026-07-28 09:31:00,738.83,738.9,738.29,738.4,417510
2026-07-28 09:32:00,738.4,738.52,738.03,738.22,279035
2026-07-28 09:33:00,738.2199,738.6,738.09,738.28,264406
2026-07-28 09:34:00,738.3,738.5,738.05,738.155,165710
2026-07-28 09:35:00,738.16,739.06,738.16,738.99,182819
2026-07-28 09:36:00,738.995,739.065,738.35,738.465,132748
2026-07-28 09:37:00,738.51,738.76,738.07,738.21,218843
2026-07-28 09:38:00,738.2,738.46,738.01,738.03,157596
2026-07-28 09:39:00,738.02,738.12,737.76,737.79,132049
2026-07-28 09:40:00,737.79,738.32,737.6901,738.01,212952
2026-07-28 09:41:00,738.0,738.34,737.7,737.785,117374
2026-07-28 09:42:00,737.79,737.86,737.18,737.265,208153
2026-07-28 09:43:00,737.27,737.37,736.56,736.645,254462
2026-07-28 09:44:00,736.64,737.14,736.64,737.05,248162
2026-07-28 09:45:00,737.05,737.33,736.76,736.8201,199961
2026-07-28 09:46:00,736.78,736.81,736.26,736.43,161061
2026-07-28 09:47:00,736.43,736.46,735.99,736.0199,166216
2026-07-28 09:48:00,736.01,737.2,735.98,737.16,189245
2026-07-28 09:49:00,737.16,737.61,737.0,737.53,177017
2026-07-28 09:50:00,737.53,738.175,737.15,737.15,198624
2026-07-28 09:51:00,737.16,737.4,736.87,737.18,170297
2026-07-28 09:52:00,737.18,737.9,737.07,737.5,129349
2026-07-28 09:53:00,737.5,737.53,736.73,737.29,152154
2026-07-28 09:54:00,737.3,737.59,737.0,737.0599,98544
2026-07-28 09:55:00,737.04,737.25,736.65,736.73,86003
2026-07-28 09:56:00,736.72,737.1,736.565,737.05,123661
2026-07-28 09:57:00,737.04,737.16,736.64,736.77,84280
2026-07-28 09:58:00,736.72,736.75,736.37,736.43,117133
2026-07-28 09:59:00,736.44,736.74,736.16,736.5,109857
2026-07-28 10:00:00,736.49,737.52,736.45,737.45,129952
2026-07-28 10:01:00,737.45,737.57,737.07,737.11,69414
2026-07-28 10:02:00,737.12,737.71,737.09,737.43,67169
2026-07-28 10:03:00,737.43,737.6,737.21,737.34,70773
2026-07-28 10:04:00,737.325,737.52,737.09,737.26,64992
2026-07-28 10:05:00,737.24,737.96,737.155,737.96,74605
2026-07-28 10:06:00,737.925,738.07,737.57,738.07,106761
2026-07-28 10:07:00,738.07,738.215,737.46,737.47,123601
2026-07-28 10:08:00,737.483,737.5,736.88,737.37,108195
2026-07-28 10:09:00,737.41,737.49,737.09,737.09,87116
2026-07-28 10:10:00,737.04,737.69,736.99,737.44,77795
2026-07-28 10:11:00,737.45,737.66,737.3072,737.645,81173
2026-07-28 10:12:00,737.65,737.81,736.82,736.82,79016
2026-07-28 10:13:00,736.84,737.1063,736.66,736.69,56979
2026-07-28 10:14:00,736.69,736.7,736.27,736.59,159594
2026-07-28 10:15:00,736.61,737.14,736.61,737.06,122391
2026-07-28 10:16:00,737.09,737.16,736.55,736.6,93773
2026-07-28 10:17:00,736.61,736.87,736.44,736.6599,73904
2026-07-28 10:18:00,736.67,737.11,736.585,736.96,450325
2026-07-28 10:19:00,736.965,737.04,736.56,736.61,48754
2026-07-28 10:20:00,736.63,736.97,736.56,736.59,59802
2026-07-28 10:21:00,736.59,737.26,736.37,737.21,81933
2026-07-28 10:22:00,737.24,737.44,736.53,736.645,91087
2026-07-28 10:23:00,736.64,737.58,736.57,737.57,107606
2026-07-28 10:24:00,737.61,737.878,737.19,737.305,142885
2026-07-28 10:25:00,737.31,737.57,737.15,737.41,53578
2026-07-28 10:26:00,737.44,737.58,737.17,737.4,86785
2026-07-28 10:27:00,737.44,737.72,737.29,737.33,57392
2026-07-28 10:28:00,737.3625,737.58,737.24,737.24,181144
2026-07-28 10:29:00,737.23,737.75,737.16,737.7,84447
2026-07-28 10:30:00,737.72,738.0,737.3,737.45,69535
2026-07-28 10:31:00,737.48,737.89,737.33,737.68,92217
2026-07-28 10:32:00,737.695,737.96,737.405,737.61,72373
2026-07-28 10:33:00,737.64,737.75,737.39,737.75,85414
2026-07-28 10:34:00,737.74,737.94,737.21,737.245,228680
2026-07-28 10:35:00,737.24,737.91,737.15,737.91,83688
2026-07-28 10:36:00,737.9,738.49,737.85,738.33,116071
2026-07-28 10:37:00,738.34,738.62,738.13,738.41,130009
2026-07-28 10:38:00,738.41,738.455,737.68,737.6999,118274
2026-07-28 10:39:00,737.68,737.7,737.35,737.53,87841
2026-07-28 10:40:00,737.54,738.02,737.4,738.01,72673
2026-07-28 10:41:00,737.99,738.4,737.94,738.39,132950
2026-07-28 10:42:00,738.37,738.4,737.97,738.25,132739
2026-07-28 10:43:00,738.25,738.61,738.08,738.42,203239
2026-07-28 10:44:00,738.42,738.55,738.23,738.27,134553
2026-07-28 10:45:00,738.25,738.51,737.86,737.95,135109
2026-07-28 10:46:00,737.92,738.38,737.89,738.37,88102
2026-07-28 10:47:00,738.34,738.77,738.34,738.72,182581
2026-07-28 10:48:00,738.72,739.23,738.7,739.22,150829
2026-07-28 10:49:00,739.17,739.41,739.1101,739.31,103956
2026-07-28 10:50:00,739.3,739.61,739.28,739.44,115953
2026-07-28 10:51:00,739.48,739.785,739.39,739.7,106982
2026-07-28 10:52:00,739.71,739.77,739.15,739.255,246216
2026-07-28 10:53:00,739.27,739.75,739.26,739.52,95370
2026-07-28 10:54:00,739.52,739.52,739.3,739.42,61876
2026-07-28 10:55:00,739.43,739.82,739.27,739.6099,61946
2026-07-28 10:56:00,739.61,739.65,739.26,739.34,78207
2026-07-28 10:57:00,739.33,739.33,738.86,738.985,69235
2026-07-28 10:58:00,738.975,738.99,738.75,738.81,68441
2026-07-28 10:59:00,738.81,738.9691,738.58,738.64,86400
2026-07-28 11:00:00,738.7,739.13,738.625,739.11,69689
2026-07-28 11:01:00,739.1105,739.18,738.825,739.0,65667
2026-07-28 11:02:00,738.99,739.01,738.64,738.73,31490
2026-07-28 11:03:00,738.715,738.715,738.29,738.31,447733
2026-07-28 11:04:00,738.328,738.48,738.14,738.15,62788
2026-07-28 11:05:00,738.16,738.375,738.01,738.375,68331
2026-07-28 11:06:00,738.38,738.84,738.35,738.51,57081
2026-07-28 11:07:00,738.53,738.53,738.16,738.4,39963
2026-07-28 11:08:00,738.43,738.5542,738.25,738.32,37876
2026-07-28 11:09:00,738.34,738.81,738.315,738.8,50820
2026-07-28 11:10:00,738.77,739.58,738.63,738.74,141403
2026-07-28 11:11:00,738.78,738.94,738.46,738.87,34483
2026-07-28 11:12:00,738.82,739.71,738.775,739.5,94707
2026-07-28 11:13:00,739.53,739.55,739.1399,739.3621,93099
2026-07-28 11:14:00,739.395,739.67,739.34,739.34,56488
2026-07-28 11:15:00,739.38,739.59,739.1901,739.53,62488
2026-07-28 11:16:00,739.56,739.9,739.56,739.63,118020
2026-07-28 11:17:00,739.66,739.9,739.32,739.86,94167
2026-07-28 11:18:00,739.86,740.57,739.78,740.48,260326
2026-07-28 11:19:00,740.46,740.57,740.26,740.57,123226
2026-07-28 11:20:00,740.57,741.17,740.545,741.01,136397
2026-07-28 11:21:00,741.028,741.13,740.82,741.0,115288
2026-07-28 11:22:00,741.0,741.22,740.84,740.93,88790
2026-07-28 11:23:00,740.94,741.16,740.91,741.09,147570
2026-07-28 11:24:00,741.08,741.38,741.01,741.38,214509
2026-07-28 11:25:00,741.36,741.53,741.31,741.375,84727
2026-07-28 11:26:00,741.37,741.9,741.37,741.77,187329
2026-07-28 11:27:00,741.78,741.785,741.29,741.33,114607
2026-07-28 11:28:00,741.33,741.33,741.1,741.27,219984
2026-07-28 11:29:00,741.3,741.32,741.04,741.2,58130
2026-07-28 11:30:00,741.17,741.47,741.03,741.13,56701
2026-07-28 11:31:00,741.1099,741.2,740.991,741.18,52635
2026-07-28 11:32:00,741.19,741.375,741.14,741.18,44728
2026-07-28 11:33:00,741.17,741.44,741.135,741.42,46900
2026-07-28 11:34:00,741.43,741.48,741.23,741.25,32484
2026-07-28 11:35:00,741.31,741.56,741.24,741.52,47878
2026-07-28 11:36:00,741.52,741.725,741.51,741.655,49110
2026-07-28 11:37:00,741.64,741.74,741.45,741.735,30209
2026-07-28 11:38:00,741.73,741.9,741.68,741.74,81777
2026-07-28 11:39:00,741.75,741.8,741.6,741.62,40042
2026-07-28 11:40:00,741.6,741.7,741.42,741.55,78427
2026-07-28 11:41:00,741.5895,741.79,741.54,741.665,29941
2026-07-28 11:42:00,741.68,741.73,741.55,741.68,30680
2026-07-28 11:43:00,741.66,741.9197,741.58,741.8999,47000
2026-07-28 11:44:00,741.885,742.09,741.88,742.07,102504
2026-07-28 11:45:00,742.07,742.22,741.96,742.06,64046
2026-07-28 11:46:00,742.055,742.31,742.05,742.27,70615
2026-07-28 11:47:00,742.27,742.28,742.17,742.19,51907
2026-07-28 11:48:00,742.18,742.39,742.17,742.39,46123
2026-07-28 11:49:00,742.39,742.45,742.265,742.32,114356
2026-07-28 11:50:00,742.32,742.39,741.84,741.9,107651
2026-07-28 11:51:00,741.8987,742.06,741.79,742.02,76869
2026-07-28 11:52:00,742.02,742.1,741.855,742.1,42705
2026-07-28 11:53:00,742.1058,742.41,742.065,742.36,57443
2026-07-28 11:54:00,742.3212,742.38,742.03,742.06,41893
2026-07-28 11:55:00,742.07,742.11,741.8,741.835,40486
2026-07-28 11:56:00,741.84,742.15,741.82,742.14,35049
2026-07-28 11:57:00,742.14,742.26,742.07,742.2391,34864
2026-07-28 11:58:00,742.24,742.39,742.1301,742.16,44384
2026-07-28 11:59:00,742.17,742.24,742.11,742.215,43494
2026-07-28 12:00:00,742.205,742.35,741.995,742.34,70875
2026-07-28 12:01:00,742.35,742.35,742.17,742.18,81473
2026-07-28 12:02:00,742.18,742.29,742.0401,742.05,170679
2026-07-28 12:03:00,742.06,742.18,741.96,742.12,67417
2026-07-28 12:04:00,742.12,742.12,741.94,742.02,42923
2026-07-28 12:05:00,742.02,742.2,742.02,742.04,40157
2026-07-28 12:06:00,742.05,742.15,741.9,742.1,42356
2026-07-28 12:07:00,742.11,742.11,741.71,741.7137,52839
2026-07-28 12:08:00,741.705,741.75,741.56,741.66,119895
2026-07-28 12:09:00,741.64,741.72,741.561,741.57,43540
2026-07-28 12:10:00,741.57,741.665,741.48,741.51,54595
2026-07-28 12:11:00,741.53,741.77,741.51,741.75,84636
2026-07-28 12:12:00,741.765,741.78,741.64,741.77,42021
2026-07-28 12:13:00,741.77,741.84,741.54,741.5401,37488
2026-07-28 12:14:00,741.54,741.62,741.49,741.62,52208
2026-07-28 12:15:00,741.61,741.75,741.47,741.53,64090
2026-07-28 12:16:00,741.535,741.575,741.385,741.43,47377
2026-07-28 12:17:00,741.41,741.6,741.39,741.39,46474
2026-07-28 12:18:00,741.41,741.57,741.32,741.39,44983
2026-07-28 12:19:00,741.39,741.92,741.384,741.9,41706
2026-07-28 12:20:00,741.908,742.09,741.8,741.93,56867
2026-07-28 12:21:00,741.93,741.94,741.7,741.87,31127
2026-07-28 12:22:00,741.86,741.88,741.66,741.7,18896
2026-07-28 12:23:00,741.7,741.71,741.44,741.48,72736
2026-07-28 12:24:00,741.47,741.5099,741.31,741.49,30011
2026-07-28 12:25:00,741.48,741.595,741.4,741.595,32858
2026-07-28 12:26:00,741.59,741.6,741.4,741.46,19089
2026-07-28 12:27:00,741.47,741.56,741.28,741.42,82980
2026-07-28 12:28:00,741.44,741.505,741.36,741.38,20906
2026-07-28 12:29:00,741.38,741.46,741.21,741.21,20917
2026-07-28 12:30:00,741.23,741.24,740.97,740.97,49541
2026-07-28 12:31:00,740.97,741.045,740.92,741.04,51776
2026-07-28 12:32:00,741.01,741.2877,740.955,741.2605,39771
2026-07-28 12:33:00,741.29,741.39,741.1,741.11,22109
2026-07-28 12:34:00,741.12,741.32,741.08,741.11,17280
2026-07-28 12:35:00,741.12,741.31,741.12,741.21,27294
2026-07-28 12:36:00,741.21,741.25,741.08,741.15,20320
2026-07-28 12:37:00,741.15,741.24,741.1,741.17,37679
2026-07-28 12:38:00,741.25,741.66,741.18,741.58,30395
2026-07-28 12:39:00,741.59,741.8,741.5075,741.7799,57913
2026-07-28 12:40:00,741.78,741.89,741.71,741.75,167786
2026-07-28 12:41:00,741.77,742.02,741.74,741.99,55017
2026-07-28 12:42:00,742.0001,742.04,741.77,741.81,32824
2026-07-28 12:43:00,741.84,742.1,741.84,742.1,28505
2026-07-28 12:44:00,742.1,742.15,741.81,741.94,69598
2026-07-28 12:45:00,741.94,742.08,741.77,741.82,183579
2026-07-28 12:46:00,741.8,741.9,741.39,741.44,41330
2026-07-28 12:47:00,741.44,741.79,741.44,741.71,26492
2026-07-28 12:48:00,741.72,741.8,741.47,741.61,36958
2026-07-28 12:49:00,741.56,741.82,741.56,741.79,21180
2026-07-28 12:50:00,741.79,742.24,741.76,742.19,50565
2026-07-28 12:51:00,742.2075,742.53,742.2,742.52,60059
2026-07-28 12:52:00,742.5,742.56,742.42,742.499,175329
2026-07-28 12:53:00,742.49,742.66,742.47,742.51,55834
2026-07-28 12:54:00,742.51,742.64,742.51,742.61,42037
2026-07-28 12:55:00,742.62,742.63,742.48,742.6216,35917
2026-07-28 12:56:00,742.65,742.7901,742.4901,742.755,34163
2026-07-28 12:57:00,742.75,742.78,742.56,742.68,41563
2026-07-28 12:58:00,742.66,742.68,742.53,742.6,30310
2026-07-28 12:59:00,742.62,742.66,742.56,742.61,25553
2026-07-28 13:00:00,742.61,742.75,742.465,742.67,56513
2026-07-28 13:01:00,742.67,742.78,742.61,742.61,28035
2026-07-28 13:02:00,742.6,742.64,742.22,742.31,83252
2026-07-28 13:03:00,742.32,742.34,742.11,742.185,98777
2026-07-28 13:04:00,742.19,742.235,742.085,742.14,30430
2026-07-28 13:05:00,742.15,742.32,742.07,742.155,25807
2026-07-28 13:06:00,742.17,742.31,741.85,742.13,70524
2026-07-28 13:07:00,742.12,742.16,741.96,742.06,38111
2026-07-28 13:08:00,742.1,742.14,741.71,741.74,35277
2026-07-28 13:09:00,741.74,741.7738,741.45,741.5299,58528
2026-07-28 13:10:00,741.5,741.51,741.18,741.44,182659
2026-07-28 13:11:00,741.445,741.64,741.34,741.6199,31579
2026-07-28 13:12:00,741.61,741.82,741.522,741.6,58535
2026-07-28 13:13:00,741.62,741.63,741.23,741.338,30803
2026-07-28 13:14:00,741.37,741.37,741.21,741.34,40145
2026-07-28 13:15:00,741.335,741.53,741.31,741.42,21135
2026-07-28 13:16:00,741.44,741.45,741.27,741.371,29360
2026-07-28 13:17:00,741.4,741.41,741.08,741.13,26352
2026-07-28 13:18:00,741.13,741.22,741.13,741.2099,28733
2026-07-28 13:19:00,741.18,741.37,741.14,741.31,70057
2026-07-28 13:20:00,741.32,742.02,741.21,741.89,223685
2026-07-28 13:21:00,741.89,742.19,741.594,741.594,74538
2026-07-28 13:22:00,741.63,741.66,741.39,741.57,19004
2026-07-28 13:23:00,741.56,741.8,741.55,741.6101,20531
2026-07-28 13:24:00,741.65,741.73,741.33,741.35,19247
2026-07-28 13:25:00,741.335,741.355,741.13,741.2405,26452
2026-07-28 13:26:00,741.27,741.45,741.24,741.42,18899
2026-07-28 13:27:00,741.41,741.72,741.41,741.59,42798
2026-07-28 13:28:00,741.6,741.7,741.3825,741.3825,19137
2026-07-28 13:29:00,741.399,741.57,741.3,741.31,16986
2026-07-28 13:30:00,741.3,741.32,741.17,741.27,38759
2026-07-28 13:31:00,741.27,741.28,741.12,741.1696,40166
2026-07-28 13:32:00,741.1574,741.23,741.11,741.22,24593
2026-07-28 13:33:00,741.21,741.65,741.19,741.52,59854
2026-07-28 13:34:00,741.53,741.83,741.53,741.7,26585
2026-07-28 13:35:00,741.72,741.92,741.68,741.69,25244
2026-07-28 13:36:00,741.69,741.77,741.59,741.59,35607
2026-07-28 13:37:00,741.61,741.74,741.6099,741.6099,15631
2026-07-28 13:38:00,741.58,741.7,741.52,741.63,27832
2026-07-28 13:39:00,741.62,741.62,741.34,741.4,20916
2026-07-28 13:40:00,741.38,741.66,741.31,741.46,72752
2026-07-28 13:41:00,741.47,741.48,741.18,741.2,32679
2026-07-28 13:42:00,741.18,741.25,741.1,741.12,51663
2026-07-28 13:43:00,741.11,741.12,740.8,740.84,68674
2026-07-28 13:44:00,740.845,740.845,740.65,740.8,98149
2026-07-28 13:45:00,740.795,740.95,740.64,740.73,60062
2026-07-28 13:46:00,740.73,740.88,740.68,740.87,31433
2026-07-28 13:47:00,740.87,741.0,740.69,740.76,40072
2026-07-28 13:48:00,740.77,741.28,740.76,741.1965,94455
2026-07-28 13:49:00,741.21,741.39,741.06,741.3,47743
2026-07-28 13:50:00,741.285,741.285,740.94,741.04,28796
2026-07-28 13:51:00,741.03,741.03,740.845,740.98,23221
2026-07-28 13:52:00,740.99,741.12,740.8,740.8,19870
2026-07-28 13:53:00,740.8,740.92,740.8,740.8999,22983
2026-07-28 13:54:00,740.89,740.945,740.68,740.7609,41586
2026-07-28 13:55:00,740.74,740.83,740.51,740.5977,66482
2026-07-28 13:56:00,740.6,740.93,740.59,740.9,40319
2026-07-28 13:57:00,740.89,740.95,740.825,740.8586,42223
2026-07-28 13:58:00,740.87,741.01,740.78,741.0,36167
2026-07-28 13:59:00,741.0006,741.22,740.99,741.19,37278
2026-07-28 14:00:00,741.2,741.52,741.03,741.3803,50881
2026-07-28 14:01:00,741.37,741.5,741.13,741.13,53174
2026-07-28 14:02:00,741.13,741.36,741.01,741.12,49514
2026-07-28 14:03:00,741.13,741.24,741.08,741.13,43373
2026-07-28 14:04:00,741.13,741.25,741.01,741.23,76476
2026-07-28 14:05:00,741.2,741.29,741.03,741.07,42426
2026-07-28 14:06:00,741.07,741.1,740.92,740.97,67755
2026-07-28 14:07:00,740.97,740.98,740.81,740.865,42932
2026-07-28 14:08:00,740.87,740.93,740.77,740.82,45154
2026-07-28 14:09:00,740.8099,740.88,740.74,740.85,35650
2026-07-28 14:10:00,740.85,740.9318,740.69,740.74,60024
2026-07-28 14:11:00,740.74,740.8,740.56,740.61,52648
2026-07-28 14:12:00,740.59,740.74,740.56,740.72,37275
2026-07-28 14:13:00,740.74,740.78,740.45,740.61,160559
2026-07-28 14:14:00,740.59,740.59,740.42,740.455,69783
2026-07-28 14:15:00,740.46,740.74,740.43,740.71,59182
2026-07-28 14:16:00,740.705,740.76,740.55,740.74,58528
2026-07-28 14:17:00,740.75,740.75,740.43,740.575,101989
2026-07-28 14:18:00,740.575,740.7199,740.54,740.68,40318
2026-07-28 14:19:00,740.71,740.845,740.59,740.76,32448
2026-07-28 14:20:00,740.75,740.94,740.67,740.93,48244
2026-07-28 14:21:00,740.93,740.96,740.69,740.7,34719
2026-07-28 14:22:00,740.72,740.865,740.645,740.865,24945
2026-07-28 14:23:00,740.87,740.91,740.51,740.57,32391
2026-07-28 14:24:00,740.57,740.7099,740.53,740.5401,24760
2026-07-28 14:25:00,740.55,740.66,740.47,740.63,50413
2026-07-28 14:26:00,740.64,740.69,740.55,740.58,29650
2026-07-28 14:27:00,740.59,740.63,740.49,740.585,40025
2026-07-28 14:28:00,740.58,740.665,740.43,740.53,92030
2026-07-28 14:29:00,740.54,740.645,740.49,740.59,38539
2026-07-28 14:30:00,740.59,740.77,740.5,740.7,67692
2026-07-28 14:31:00,740.69,740.69,740.5184,740.59,37471
2026-07-28 14:32:00,740.6,740.705,740.52,740.605,65202
2026-07-28 14:33:00,740.62,740.92,740.62,740.86,44015
2026-07-28 14:34:00,740.87,741.05,740.86,740.935,51440
2026-07-28 14:35:00,740.9049,740.95,740.75,740.88,63760
2026-07-28 14:36:00,740.92,740.93,740.74,740.84,37310
2026-07-28 14:37:00,740.84,740.99,740.82,740.97,19369
2026-07-28 14:38:00,740.98,741.12,740.905,741.05,26704
2026-07-28 14:39:00,741.03,741.04,740.74,740.82,22866
2026-07-28 14:40:00,740.84,740.88,740.59,740.62,24811
2026-07-28 14:41:00,740.66,740.72,740.62,740.64,22642
2026-07-28 14:42:00,740.64,740.7,740.55,740.56,111900
2026-07-28 14:43:00,740.56,740.76,740.56,740.74,36308
2026-07-28 14:44:00,740.74,740.87,740.62,740.77,60233
2026-07-28 14:45:00,740.79,741.08,740.69,741.06,153127
2026-07-28 14:46:00,741.04,741.29,740.95,741.29,80851
2026-07-28 14:47:00,741.29,741.41,741.23,741.28,42661
2026-07-28 14:48:00,741.28,741.33,741.1406,741.2,39392
2026-07-28 14:49:00,741.2,741.33,741.17,741.25,22406
2026-07-28 14:50:00,741.25,741.4,741.23,741.36,35837
2026-07-28 14:51:00,741.365,741.52,741.365,741.42,41242
2026-07-28 14:52:00,741.4,741.45,741.23,741.27,49876
2026-07-28 14:53:00,741.28,741.36,741.1601,741.195,37063
2026-07-28 14:54:00,741.19,741.32,741.15,741.25,65238
2026-07-28 14:55:00,741.25,741.44,741.07,741.415,87038
2026-07-28 14:56:00,741.42,741.54,741.35,741.48,57006
2026-07-28 14:57:00,741.49,741.6,741.4,741.515,41484
2026-07-28 14:58:00,741.505,741.615,741.4201,741.5201,29673
2026-07-28 14:59:00,741.53,741.56,741.45,741.45,21944
2026-07-28 15:00:00,741.45,741.79,741.43,741.65,61906
2026-07-28 15:01:00,741.63,741.72,741.56,741.68,35889
2026-07-28 15:02:00,741.68,741.73,741.55,741.73,32150
2026-07-28 15:03:00,741.73,741.9,741.69,741.84,39772
2026-07-28 15:04:00,741.82,741.96,741.73,741.91,205647
2026-07-28 15:05:00,741.88,741.94,741.74,741.91,72402
2026-07-28 15:06:00,741.91,741.955,741.72,741.75,91352
2026-07-28 15:07:00,741.76,741.89,741.71,741.71,45761
2026-07-28 15:08:00,741.715,741.715,741.46,741.47,97537
2026-07-28 15:09:00,741.47,741.56,741.39,741.42,1057607
2026-07-28 15:10:00,741.43,741.65,741.41,741.41,37486
2026-07-28 15:11:00,741.43,741.54,741.39,741.52,34121
2026-07-28 15:12:00,741.53,741.53,741.4,741.41,32825
2026-07-28 15:13:00,741.38,741.52,741.33,741.52,89920
2026-07-28 15:14:00,741.52,741.53,741.36,741.47,27368
2026-07-28 15:15:00,741.46,741.58,741.37,741.39,74380
2026-07-28 15:16:00,741.4,741.53,741.31,741.445,38245
2026-07-28 15:17:00,741.45,741.56,741.37,741.44,92696
2026-07-28 15:18:00,741.44,741.71,741.43,741.66,101325
2026-07-28 15:19:00,741.65,741.72,741.59,741.6499,38916
2026-07-28 15:20:00,741.62,741.68,741.57,741.65,128076
2026-07-28 15:21:00,741.6495,741.71,741.53,741.58,170261
2026-07-28 15:22:00,741.59,741.76,741.59,741.76,47826
2026-07-28 15:23:00,741.76,741.82,741.72,741.74,37155
2026-07-28 15:24:00,741.75,741.84,741.73,741.81,711527
2026-07-28 15:25:00,741.82,741.85,741.63,741.64,85531
2026-07-28 15:26:00,741.63,741.69,741.38,741.43,78316
2026-07-28 15:27:00,741.42,741.45,741.35,741.425,103737
2026-07-28 15:28:00,741.44,741.76,741.4,741.7201,86210
2026-07-28 15:29:00,741.73,741.78,741.61,741.7,44242
2026-07-28 15:30:00,741.71,741.73,741.46,741.58,102769
2026-07-28 15:31:00,741.56,741.68,741.52,741.55,179410
2026-07-28 15:32:00,741.56,741.67,741.51,741.6,52637
2026-07-28 15:33:00,741.605,741.655,741.49,741.5,51655
2026-07-28 15:34:00,741.49,741.61,741.47,741.5325,303615
2026-07-28 15:35:00,741.53,741.555,741.23,741.27,86091
2026-07-28 15:36:00,741.27,741.28,741.13,741.19,109592
2026-07-28 15:37:00,741.18,741.205,741.08,741.16,66207
2026-07-28 15:38:00,741.15,741.195,741.04,741.135,52952
2026-07-28 15:39:00,741.135,741.18,740.93,741.01,76174
2026-07-28 15:40:00,741.01,741.2,740.99,741.115,87214
2026-07-28 15:41:00,741.11,741.2,741.04,741.2,58019
2026-07-28 15:42:00,741.19,741.29,741.07,741.11,110874
2026-07-28 15:43:00,741.1,741.31,741.1,741.24,114140
2026-07-28 15:44:00,741.24,741.3,741.14,741.3,106520
2026-07-28 15:45:00,741.3,741.34,740.97,740.975,168077
2026-07-28 15:46:00,740.9775,741.02,740.89,741.02,103506
2026-07-28 15:47:00,741.01,741.16,740.99,741.06,253628
2026-07-28 15:48:00,741.05,741.16,740.99,741.05,109616
2026-07-28 15:49:00,741.04,741.14,741.01,741.11,284572
2026-07-28 15:50:00,741.1,741.18,740.86,740.91,282824
2026-07-28 15:51:00,740.895,740.98,740.85,740.8855,100373
2026-07-28 15:52:00,740.87,741.04,740.87,741.02,120281
2026-07-28 15:53:00,741.03,741.18,740.97,741.18,118495
2026-07-28 15:54:00,741.19,741.67,741.19,741.64,576965
2026-07-28 15:55:00,741.63,741.63,741.0,741.19,401700
2026-07-28 15:56:00,741.185,741.36,741.1,741.16,621007
2026-07-28 15:57:00,741.16,741.21,741.005,741.12,582513
2026-07-28 15:58:00,741.12,741.21,741.03,741.07,1292640
2026-07-28 15:59:00,741.06,741.09,740.43,740.76,2147244
2026-07-28 16:00:00,740.82,740.92,738.9353,740.9,836419
2026-07-28 16:01:00,740.8464,740.86,738.9353,740.6539,0
2026-07-28 16:02:00,740.62,740.69,740.4,740.49,0
2026-07-28 16:03:00,740.49,740.84,740.48,740.62,0
2026-07-28 16:04:00,740.6023,740.86,740.58,740.62,0
2026-07-28 16:05:00,740.63,741.11,740.38,740.38,0
2026-07-28 16:06:00,740.46,740.4916,740.08,740.4371,0
2026-07-28 16:07:00,740.48,740.58,740.32,740.36,0
2026-07-28 16:08:00,740.36,740.7,740.33,740.57,0
2026-07-28 16:09:00,740.6,740.62,740.436,740.58,0
2026-07-28 16:10:00,740.56,740.86,738.9353,740.73,0
2026-07-28 16:11:00,740.73,740.83,740.4693,740.77,0
2026-07-28 16:12:00,740.78,740.98,740.78,740.92,0
2026-07-28 16:13:00,740.96,741.0722,740.9407,740.9456,0
2026-07-28 16:14:00,740.97,741.0287,740.89,740.92,0
2026-07-28 16:15:00,740.86,740.94,740.66,740.7163,0
2026-07-28 16:16:00,740.72,740.8863,740.72,740.8863,0
2026-07-28 16:17:00,740.8622,740.8999,740.75,740.78,0
2026-07-28 16:18:00,740.83,740.9574,740.8,740.9574,0
2026-07-28 16:19:00,740.94,741.05,740.94,741.0265,0
2026-07-28 16:20:00,740.86,741.06,740.86,740.8979,0
2026-07-28 16:21:00,740.9,740.925,740.848,740.89,0
2026-07-28 16:22:00,740.9,741.02,740.85,740.9087,0
2026-07-28 16:23:00,740.9,740.99,740.795,740.97,0
2026-07-28 16:24:00,740.985,741.02,740.93,741.0069,0
2026-07-28 16:25:00,741.0,741.1,741.0,741.09,0
2026-07-28 16:26:00,741.12,741.47,741.12,741.38,0
2026-07-28 16:27:00,741.41,741.51,741.39,741.4328,0
2026-07-28 16:28:00,741.45,741.5863,741.4021,741.55,0
2026-07-28 16:29:00,741.5531,741.6088,741.435,741.4377,0
2026-07-28 16:30:00,741.43,741.53,741.42,741.49,0
2026-07-28 16:31:00,741.46,741.49,741.35,741.4,0
2026-07-28 16:32:00,741.37,741.48,741.37,741.4722,0
2026-07-28 16:33:00,741.4778,741.48,741.345,741.3973,0
2026-07-28 16:34:00,741.3822,741.3981,741.3328,741.36,0
2026-07-28 16:35:00,741.37,741.48,741.37,741.4246,0
2026-07-28 16:36:00,741.435,741.435,741.264,741.264,0
2026-07-28 16:37:00,741.2894,741.29,740.83,741.115,0
2026-07-28 16:38:00,741.0964,741.1,740.85,740.95,0
2026-07-28 16:39:00,740.95,740.96,740.88,740.93,0
2026-07-28 16:40:00,740.93,740.94,740.84,740.8949,0
2026-07-28 16:41:00,740.94,740.96,740.83,740.8697,0
2026-07-28 16:42:00,740.88,740.95,740.86,740.95,0
2026-07-28 16:43:00,740.93,740.95,740.88,740.8997,0
2026-07-28 16:44:00,740.8995,740.96,711.3429,740.96,0
2026-07-28 16:45:00,740.9553,740.989,740.92,740.989,0
2026-07-28 16:46:00,740.96,741.0672,740.96,741.0672,0
2026-07-28 16:47:00,741.03,741.099,741.03,741.0831,0
2026-07-28 16:48:00,741.0942,741.1,740.98,741.0624,0
2026-07-28 16:49:00,741.06,741.07,740.86,741.02,0
2026-07-28 16:50:00,741.01,741.0263,740.83,740.87,0
2026-07-28 16:51:00,740.865,740.87,740.77,740.83,0
2026-07-28 16:52:00,740.8479,740.93,695.5197,740.93,0
2026-07-28 16:53:00,740.9,740.99,696.5619,740.8431,0
2026-07-28 16:54:00,740.86,741.04,740.86,741.03,0
2026-07-28 16:55:00,741.03,741.04,740.9812,741.02,0
2026-07-28 16:56:00,740.98,741.02,740.98,741.0165,0
2026-07-28 16:57:00,741.005,741.1043,741.005,741.1043,0
2026-07-28 16:58:00,741.09,741.1113,741.03,741.047,0
2026-07-28 16:59:00,741.05,741.0615,741.01,741.028,0
2026-07-28 17:00:00,741.03,741.09,740.9338,740.9338,0
2026-07-28 17:01:00,741.11,741.1723,740.86,741.12,0
2026-07-28 17:02:00,740.9338,741.1827,740.9257,740.9257,0
2026-07-28 17:03:00,741.0562,741.0562,740.995,741.035,0
2026-07-28 17:04:00,741.05,741.06,741.0103,741.0103,0
2026-07-28 17:05:00,741.0105,741.06,740.86,740.995,0
2026-07-28 17:06:00,740.995,741.0432,740.69,740.93,0
2026-07-28 17:07:00,741.0567,741.0567,740.86,740.904,0
2026-07-28 17:08:00,741.025,741.04,740.985,740.985,0
2026-07-28 17:09:00,697.8151,741.047,697.8151,740.9525,0
2026-07-28 17:10:00,741.0,741.03,740.95,740.989,0
2026-07-28 17:11:00,740.98,740.9897,695.5197,740.9877,0
2026-07-28 17:12:00,740.9879,740.99,740.96,740.98,0
2026-07-28 17:13:00,740.951,740.96,740.85,740.86,0
2026-07-28 17:14:00,740.95,740.97,740.8627,740.97,0
2026-07-28 17:15:00,740.8715,740.97,740.8715,740.96,0
2026-07-28 17:16:00,740.97,740.97,740.9659,740.97,0
2026-07-28 17:17:00,740.97,741.05,740.97,741.0418,0
2026-07-28 17:18:00,740.99,741.05,740.99,740.99,0
2026-07-28 17:19:00,741.02,741.02,740.95,740.95,0
2026-07-28 17:20:00,740.97,741.0475,740.92,740.92,0
2026-07-28 17:21:00,740.947,740.95,740.92,740.9492,0
2026-07-28 17:22:00,740.98,740.98,740.91,740.91,0
2026-07-28 17:23:00,740.9504,740.98,740.91,740.98,0
2026-07-28 17:24:00,740.97,740.98,740.873,740.968,0
2026-07-28 17:25:00,740.98,740.98,740.88,740.91,0
2026-07-28 17:26:00,740.92,741.06,740.87,740.95,0
2026-07-28 17:27:00,740.9382,741.1099,740.92,741.07,0
2026-07-28 17:28:00,741.0,741.1099,740.9216,741.025,0
2026-07-28 17:29:00,741.03,741.1099,740.9529,740.9529,0
2026-07-28 17:30:00,741.07,741.07,740.9432,741.0591,0
2026-07-28 17:31:00,741.0,741.06,740.9378,740.9395,0
2026-07-28 17:32:00,740.94,740.94,740.88,740.916,0
2026-07-28 17:33:00,740.8831,740.94,740.88,740.9383,0
2026-07-28 17:34:00,740.94,741.06,740.93,741.0,0
2026-07-28 17:35:00,740.9932,741.1,740.9493,740.9886,0
2026-07-28 17:36:00,741.0512,741.12,740.99,741.0379,0
2026-07-28 17:37:00,741.1,741.17,741.01,741.17,0
2026-07-28 17:38:00,741.0379,741.2732,741.0379,741.18,0
2026-07-28 17:39:00,741.28,741.28,741.03,741.03,0
2026-07-28 17:40:00,741.18,741.18,741.0516,741.18,0
2026-07-28 17:41:00,741.18,741.22,740.9485,741.11,0
2026-07-28 17:42:00,741.1,741.11,740.96,740.96,0
2026-07-28 17:43:00,741.1,741.17,741.0291,741.0379,0
2026-07-28 17:44:00,741.1452,741.17,741.0104,741.04,0
2026-07-28 17:45:00,741.04,741.12,741.04,741.1,0
2026-07-28 17:46:00,741.05,741.1,741.05,741.1,0
2026-07-28 17:47:00,741.1,741.12,741.08,741.1163,0
2026-07-28 17:48:00,741.12,741.12,741.08,741.1143,0
2026-07-28 17:49:00,741.08,741.12,741.07,741.1143,0
2026-07-28 17:50:00,741.1169,741.17,741.08,741.17,0
2026-07-28 17:51:00,741.17,741.18,741.13,741.13,0
2026-07-28 17:52:00,741.17,741.24,741.08,741.17,0
2026-07-28 17:53:00,741.16,741.17,741.12,741.17,0
2026-07-28 17:54:00,741.16,741.17,741.1,741.12,0
2026-07-28 17:55:00,741.15,741.15,741.0,741.0,0
2026-07-28 17:56:00,741.0826,741.1,741.0097,741.1,0
2026-07-28 17:57:00,741.06,741.06,740.99,740.9936,0
2026-07-28 17:58:00,740.94,741.04,740.88,740.9,0
2026-07-28 17:59:00,740.94,741.03,740.78,740.78,0
2026-07-28 18:00:00,740.8,741.1,740.78,741.07,0
2026-07-28 18:01:00,741.07,741.15,740.907,740.93,0
2026-07-28 18:02:00,740.905,741.15,740.88,741.15,0
2026-07-28 18:03:00,741.15,741.3,741.13,741.2959,0
2026-07-28 18:04:00,741.295,741.3508,741.26,741.31,0
2026-07-28 18:05:00,741.405,741.541,741.35,741.42,0
2026-07-28 18:06:00,741.41,741.48,741.3521,741.3521,0
2026-07-28 18:07:00,741.4548,741.4599,741.4241,741.453,0
2026-07-28 18:08:00,741.3971,741.56,741.3971,741.5,0
2026-07-28 18:09:00,741.5036,741.545,741.4808,741.5064,0
2026-07-28 18:10:00,741.5048,741.6,741.44,741.525,0
2026-07-28 18:11:00,741.35,741.3785,741.27,741.2973,0
2026-07-28 18:12:00,741.2765,741.329,741.2708,741.2708,0
2026-07-28 18:13:00,741.2915,741.2915,740.83,740.85,0
2026-07-28 18:14:00,740.85,741.0,740.7,740.82,0
2026-07-28 18:15:00,740.89,741.02,740.89,740.98,0
2026-07-28 18:16:00,740.935,740.98,740.83,740.84,0
2026-07-28 18:17:00,740.84,740.84,740.71,740.7401,0
2026-07-28 18:18:00,740.7112,740.76,740.4,740.4688,0
2026-07-28 18:19:00,740.5,740.61,740.41,740.54,0
2026-07-28 18:20:00,740.546,740.62,740.24,740.4317,0
2026-07-28 18:21:00,740.38,740.46,740.35,740.4,0
2026-07-28 18:22:00,740.4,740.46,740.38,740.4185,0
2026-07-28 18:23:00,740.38,740.3945,740.17,740.22,0
2026-07-28 18:24:00,740.15,740.26,740.14,740.2282,0
2026-07-28 18:25:00,740.2,740.2814,740.01,740.1,0
2026-07-28 18:26:00,740.0785,740.4,740.0212,740.3035,0
2026-07-28 18:27:00,740.4,740.4,740.27,740.3,0
2026-07-28 18:28:00,740.31,740.478,740.31,740.42,0
2026-07-28 18:29:00,740.3773,740.5,740.3773,740.47,0
2026-07-28 18:30:00,740.37,740.5,740.32,740.4477,0
2026-07-28 18:31:00,740.4799,740.4799,740.33,740.33,0
2026-07-28 18:32:00,740.25,740.25,739.745,740.025,0
2026-07-28 18:33:00,740.07,740.165,739.66,739.72,0
2026-07-28 18:34:00,739.82,739.94,739.7577,739.89,0
2026-07-28 18:35:00,739.86,739.9388,739.7,739.79,0
2026-07-28 18:36:00,739.94,740.2,739.93,740.1047,0
2026-07-28 18:37:00,740.0352,740.0747,739.86,739.889,0
2026-07-28 18:38:00,739.835,739.87,739.57,739.57,0
2026-07-28 18:39:00,739.5798,739.6923,739.345,739.3987,0
2026-07-28 18:40:00,739.445,739.6806,739.41,739.665,0
2026-07-28 18:41:00,739.65,739.69,739.5734,739.69,0
2026-07-28 18:42:00,739.71,739.75,739.6875,739.73,0
2026-07-28 18:43:00,739.73,739.77,739.6304,739.7112,0
2026-07-28 18:44:00,739.7112,739.7112,739.4155,739.6,0
2026-07-28 18:45:00,739.55,739.6,739.4,739.42,0
2026-07-28 18:46:00,739.4,739.56,739.355,739.5,0
2026-07-28 18:47:00,739.58,739.6,739.4,739.4261,0
2026-07-28 18:48:00,739.3892,739.605,739.32,739.585,0
2026-07-28 18:49:00,739.57,739.59,739.38,739.5085,0
2026-07-28 18:50:00,739.5,739.61,739.36,739.545,0
2026-07-28 18:51:00,739.515,739.643,739.4477,739.643,0
2026-07-28 18:52:00,739.64,739.93,739.5819,739.91,0
2026-07-28 18:53:00,739.83,739.83,739.3,739.3,0
2026-07-28 18:54:00,739.33,739.672,739.32,739.672,0
2026-07-28 18:55:00,739.68,739.76,739.6787,739.7538,0
2026-07-28 18:56:00,739.7273,739.8277,739.6062,739.74,0
2026-07-28 18:57:00,739.7,739.85,739.68,739.84,0
2026-07-28 18:58:00,739.81,739.8502,739.68,739.68,0
2026-07-28 18:59:00,739.62,739.7118,739.371,739.371,0
2026-07-28 19:00:00,739.375,739.42,739.24,739.3894,0
2026-07-28 19:01:00,739.32,739.48,739.32,739.335,0
2026-07-28 19:02:00,739.295,739.3615,739.24,739.291,0
2026-07-28 19:03:00,739.32,739.43,739.13,739.2935,0
2026-07-28 19:04:00,739.33,739.815,739.3,739.815,0
2026-07-28 19:05:00,739.8,739.9005,739.7545,739.86,0
2026-07-28 19:06:00,739.85,740.07,739.85,739.9052,0
2026-07-28 19:07:00,739.95,740.07,739.91,740.07,0
2026-07-28 19:08:00,740.02,740.07,739.97,739.97,0
2026-07-28 19:09:00,739.93,740.0,739.44,739.4558,0
2026-07-28 19:10:00,739.45,739.75,739.4,739.64,0
2026-07-28 19:11:00,739.5637,740.03,739.54,740.03,0
2026-07-28 19:12:00,740.04,740.15,740.0,740.12,0
2026-07-28 19:13:00,740.145,740.55,740.1,740.44,0
2026-07-28 19:14:00,740.43,740.7242,740.4,740.65,0
2026-07-28 19:15:00,740.49,740.5399,740.33,740.33,0
2026-07-28 19:16:00,740.34,740.4614,740.14,740.4536,0
2026-07-28 19:17:00,740.44,740.5814,740.32,740.455,0
2026-07-28 19:18:00,740.5,740.63,740.374,740.41,0
2026-07-28 19:19:00,740.3965,740.3965,740.2738,740.33,0
2026-07-28 19:20:00,740.2897,740.52,740.15,740.52,0
2026-07-28 19:21:00,740.4692,740.57,740.355,740.53,0
2026-07-28 19:22:00,740.56,740.91,740.56,740.89,0
2026-07-28 19:23:00,740.8924,741.0613,740.8924,741.0613,0
2026-07-28 19:24:00,741.06,741.0845,741.01,741.01,0
2026-07-28 19:25:00,741.0369,741.045,740.9918,740.9958,0
2026-07-28 19:26:00,741.03,741.15,741.03,741.124,0
2026-07-28 19:27:00,741.13,741.26,740.925,740.9799,0
2026-07-28 19:28:00,741.04,741.19,741.04,741.105,0
2026-07-28 19:29:00,741.1,741.1534,740.99,741.07,0
2026-07-28 19:30:00,740.99,741.07,740.9399,741.07,0
2026-07-28 19:31:00,741.09,741.145,741.06,741.07,0
2026-07-28 19:32:00,741.0908,741.28,741.0615,741.0815,0
2026-07-28 19:33:00,741.05,741.1207,741.0423,741.05,0
2026-07-28 19:34:00,741.04,741.2,741.04,741.09,0
2026-07-28 19:35:00,741.0885,741.14,741.03,741.07,0
2026-07-28 19:36:00,741.08,741.1207,741.05,741.06,0
2026-07-28 19:37:00,741.14,741.14,741.0802,741.13,0
2026-07-28 19:38:00,741.15,741.15,741.0292,741.1,0
2026-07-28 19:39:00,741.02,741.0271,741.0,741.0,0
2026-07-28 19:40:00,741.0,741.15,741.0,741.119,0
2026-07-28 19:41:00,741.1501,741.2,741.1,741.12,0
2026-07-28 19:42:00,741.0758,741.12,741.06,741.06,0
2026-07-28 19:43:00,741.04,741.335,741.04,741.32,0
2026-07-28 19:44:00,741.35,742.5907,741.35,742.4601,0
2026-07-28 19:45:00,742.3939,742.43,742.17,742.17,0
2026-07-28 19:46:00,742.26,742.6799,742.23,742.58,0
2026-07-28 19:47:00,742.5931,742.95,742.53,742.77,0
2026-07-28 19:48:00,742.7269,742.91,742.67,742.77,0
2026-07-28 19:49:00,742.8,743.06,742.73,742.98,0
2026-07-28 19:50:00,743.04,743.63,743.04,743.56,0
2026-07-28 19:51:00,743.568,743.568,743.3,743.3601,0
2026-07-28 19:52:00,743.38,743.38,742.9887,743.1,0
2026-07-28 19:53:00,743.13,743.31,743.12,743.12,0
2026-07-28 19:54:00,743.03,743.2608,743.03,743.2608,0
2026-07-28 19:55:00,743.166,743.28,743.0861,743.14,0
2026-07-28 19:56:00,743.18,743.4,743.18,743.34,0
2026-07-28 19:57:00,743.28,743.57,743.28,743.57,0
2026-07-28 19:58:00,743.53,743.6,743.4075,743.6,0
2026-07-28 19:59:00,743.508,743.62,743.43,743.62,0
2026-07-29 04:00:00,742.4,743.48,738.2875,742.35,0
2026-07-29 04:01:00,742.43,742.67,738.35,742.6,0
2026-07-29 04:02:00,742.43,742.43,738.6,738.72,0
2026-07-29 04:03:00,738.76,742.43,738.2,740.08,0
2026-07-29 04:04:00,740.05,742.41,739.5,742.14,0
2026-07-29 04:05:00,741.84,742.75,739.89,742.12,0
2026-07-29 04:06:00,742.18,742.28,740.0,742.2,0
2026-07-29 04:07:00,742.2616,742.31,742.21,742.21,0
2026-07-29 04:08:00,742.19,742.42,738.94,742.39,0
2026-07-29 04:09:00,742.1,742.1,742.08,742.09,0
2026-07-29 04:11:00,742.23,742.26,742.17,742.182,0
2026-07-29 04:12:00,742.15,742.15,741.83,741.83,0
2026-07-29 04:13:00,741.89,742.0,741.83,741.98,0
2026-07-29 04:14:00,741.98,741.98,741.71,741.77,0
2026-07-29 04:15:00,741.77,741.83,741.74,741.83,0
2026-07-29 04:16:00,741.7,742.03,741.7,741.93,0
2026-07-29 04:17:00,741.9482,742.0,741.9482,742.0,0
2026-07-29 04:18:00,742.01,742.02,741.97,741.98,0
2026-07-29 04:19:00,741.94,742.0,741.75,741.75,0
2026-07-29 04:20:00,741.828,741.828,741.71,741.73,0
2026-07-29 04:21:00,741.74,741.76,741.7,741.75,0
2026-07-29 04:22:00,741.77,741.85,741.77,741.8,0
2026-07-29 04:23:00,741.73,741.76,741.55,741.62,0
2026-07-29 04:24:00,741.6,741.65,741.41,741.41,0
2026-07-29 04:25:00,741.45,741.47,741.38,741.38,0
2026-07-29 04:26:00,741.3812,741.41,741.23,741.3,0
2026-07-29 04:27:00,741.27,741.4287,741.2,741.41,0
2026-07-29 04:28:00,741.4,741.4,741.31,741.36,0
2026-07-29 04:29:00,741.33,741.4085,741.33,741.3512,0
2026-07-29 04:30:00,741.37,741.66,741.27,741.65,0
2026-07-29 04:31:00,741.7375,742.0,741.7375,742.0,0
2026-07-29 04:32:00,742.1,742.32,742.0615,742.29,0
2026-07-29 04:33:00,742.29,742.36,742.1482,742.15,0
2026-07-29 04:34:00,742.25,742.32,742.17,742.24,0
2026-07-29 04:35:00,742.23,742.29,742.11,742.11,0
2026-07-29 04:36:00,742.18,742.31,742.18,742.31,0
2026-07-29 04:37:00,742.31,742.31,742.22,742.22,0
2026-07-29 04:38:00,742.2285,742.3,742.1515,742.18,0
2026-07-29 04:39:00,742.11,742.18,742.079,742.091,0
2026-07-29 04:40:00,742.11,742.11,742.04,742.09,0
2026-07-29 04:42:00,742.25,742.25,742.25,742.25,0
2026-07-29 04:43:00,742.3285,742.55,742.3285,742.52,0
2026-07-29 04:44:00,742.53,742.63,742.52,742.54,0
2026-07-29 04:45:00,742.57,742.64,742.52,742.57,0
2026-07-29 04:46:00,742.64,742.79,742.62,742.77,0
2026-07-29 04:47:00,742.74,742.74,742.6695,742.6695,0
2026-07-29 04:48:00,742.65,742.69,742.5,742.5,0
2026-07-29 04:49:00,742.46,742.69,742.46,742.69,0
2026-07-29 04:50:00,742.75,742.83,742.74,742.83,0
2026-07-29 04:51:00,742.61,742.61,742.5912,742.5912,0
2026-07-29 04:52:00,742.62,742.62,742.5491,742.5999,0
2026-07-29 04:54:00,742.51,742.51,742.35,742.35,0
2026-07-29 04:55:00,742.53,742.53,742.53,742.53,0
2026-07-29 04:56:00,742.4215,742.4417,742.4215,742.4417,0
2026-07-29 04:57:00,742.43,742.43,742.4,742.4,0
2026-07-29 04:58:00,742.35,742.35,742.2615,742.2615,0
2026-07-29 04:59:00,742.25,742.2882,742.25,742.25,0
2026-07-29 05:00:00,742.38,742.43,742.27,742.4285,0
2026-07-29 05:01:00,742.42,742.52,742.39,742.52,0
2026-07-29 05:02:00,742.53,742.53,742.32,742.32,0
2026-07-29 05:03:00,742.25,742.53,742.25,742.52,0
2026-07-29 05:04:00,742.62,742.62,742.47,742.47,0
2026-07-29 05:05:00,742.4008,742.51,742.4008,742.51,0
2026-07-29 05:06:00,742.52,742.63,742.452,742.52,0
2026-07-29 05:07:00,742.43,742.48,742.25,742.46,0
2026-07-29 05:08:00,742.39,742.41,742.25,742.36,0
2026-07-29 05:09:00,742.4785,742.5385,742.46,742.48,0
2026-07-29 05:10:00,742.4535,742.46,742.33,742.33,0
2026-07-29 05:11:00,742.35,742.39,742.35,742.35,0
2026-07-29 05:12:00,742.411,742.4904,742.411,742.47,0
2026-07-29 05:13:00,742.47,742.51,742.35,742.35,0
2026-07-29 05:14:00,742.36,742.51,742.36,742.47,0
2026-07-29 05:15:00,742.549,742.549,742.465,742.54,0
2026-07-29 05:16:00,742.51,742.51,742.4108,742.4108,0
2026-07-29 05:17:00,742.3473,742.41,742.27,742.27,0
2026-07-29 05:18:00,742.28,742.5292,742.28,742.5,0
2026-07-29 05:19:00,742.42,742.4882,742.35,742.35,0
2026-07-29 05:20:00,742.34,742.36,742.23,742.3488,0
2026-07-29 05:21:00,742.26,742.39,742.25,742.29,0
2026-07-29 05:22:00,742.34,742.51,742.34,742.51,0
2026-07-29 05:23:00,742.46,742.4807,742.22,742.26,0
2026-07-29 05:24:00,742.3,742.31,742.2717,742.3,0
2026-07-29 05:25:00,742.3512,742.5,742.3512,742.5,0
2026-07-29 05:26:00,742.43,742.4882,742.41,742.42,0
2026-07-29 05:27:00,742.25,742.26,742.2315,742.2315,0
2026-07-29 05:28:00,742.23,742.29,742.1719,742.23,0
2026-07-29 05:29:00,742.3224,742.3224,742.27,742.3,0
2026-07-29 05:30:00,742.33,742.33,742.2306,742.25,0
2026-07-29 05:31:00,742.23,742.2412,742.19,742.23,0
2026-07-29 05:32:00,742.2,742.2036,742.12,742.15,0
2026-07-29 05:33:00,742.149,742.15,742.0487,742.08,0
2026-07-29 05:34:00,742.14,742.279,742.14,742.19,0
2026-07-29 05:35:00,742.23,742.23,742.14,742.14,0
2026-07-29 05:36:00,742.1718,742.32,742.16,742.23,0
2026-07-29 05:37:00,742.23,742.33,742.23,742.31,0
2026-07-29 05:38:00,742.4215,742.5,742.4215,742.5,0
2026-07-29 05:39:00,742.4812,742.4812,742.25,742.28,0
2026-07-29 05:40:00,742.3,742.53,742.3,742.53,0
2026-07-29 05:41:00,742.5,742.56,742.42,742.5587,0
2026-07-29 05:42:00,742.56,742.6,742.49,742.6,0
2026-07-29 05:43:00,742.65,742.7,742.58,742.59,0
2026-07-29 05:44:00,742.56,742.58,742.51,742.5317,0
2026-07-29 05:45:00,742.61,742.8,742.6,742.78,0
2026-07-29 05:46:00,742.77,742.8,742.72,742.77,0
2026-07-29 05:47:00,742.7112,742.82,742.7112,742.82,0
2026-07-29 05:48:00,742.83,742.85,742.7882,742.81,0
2026-07-29 05:49:00,742.88,742.99,742.85,742.99,0
2026-07-29 05:50:00,742.99,743.1907,742.9833,743.1785,0
2026-07-29 05:51:00,743.2,743.32,743.17,743.32,0
2026-07-29 05:52:00,743.29,743.42,743.26,743.42,0
2026-07-29 05:53:00,743.37,743.44,743.23,743.23,0
2026-07-29 05:54:00,743.15,743.2082,743.1285,743.17,0
2026-07-29 05:55:00,743.02,743.02,742.879,742.879,0
2026-07-29 05:56:00,742.8,742.8,742.72,742.72,0
2026-07-29 05:57:00,742.7,742.76,742.56,742.76,0
2026-07-29 05:58:00,742.78,742.78,742.78,742.78,0
2026-07-29 05:59:00,742.83,742.91,742.83,742.86,0
2026-07-29 06:00:00,742.76,742.7687,742.7,742.71,0
2026-07-29 06:01:00,742.77,742.83,742.77,742.79,0
2026-07-29 06:02:00,742.94,742.94,742.75,742.75,0
2026-07-29 06:03:00,742.9,743.0582,742.87,742.98,0
2026-07-29 06:04:00,742.9089,742.92,742.899,742.899,0
2026-07-29 06:05:00,742.88,743.0935,742.81,743.0,0
2026-07-29 06:06:00,742.998,742.998,742.5785,742.5785,0
2026-07-29 06:07:00,742.58,742.58,742.49,742.531,0
2026-07-29 06:08:00,742.6,742.7,742.6,742.7,0
2026-07-29 06:09:00,742.6,742.66,742.6,742.66,0
2026-07-29 06:10:00,742.75,742.75,742.67,742.67,0
2026-07-29 06:11:00,742.6587,742.68,742.62,742.6631,0
2026-07-29 06:12:00,742.68,742.68,742.58,742.59,0
2026-07-29 06:13:00,742.57,742.57,742.54,742.56,0
2026-07-29 06:14:00,742.66,742.66,742.55,742.64,0
2026-07-29 06:15:00,742.619,742.619,742.619,742.619,0
2026-07-29 06:16:00,742.69,742.76,742.69,742.76,0
2026-07-29 06:17:00,742.8212,742.8212,742.7112,742.7112,0
2026-07-29 06:18:00,742.76,742.84,742.75,742.76,0
2026-07-29 06:19:00,742.69,742.69,742.59,742.64,0
2026-07-29 06:20:00,742.64,742.68,742.6,742.619,0
2026-07-29 06:21:00,742.6315,742.6315,742.61,742.61,0
2026-07-29 06:22:00,742.63,742.64,742.5815,742.63,0
2026-07-29 06:23:00,742.6504,742.6504,742.6504,742.6504,0
2026-07-29 06:24:00,742.62,742.62,742.57,742.57,0
2026-07-29 06:25:00,742.61,742.6182,742.42,742.42,0
2026-07-29 06:26:00,742.43,742.47,742.39,742.47,0
2026-07-29 06:27:00,742.47,742.53,742.38,742.4977,0
2026-07-29 06:28:00,742.5082,742.51,742.46,742.5,0
2026-07-29 06:29:00,742.55,742.75,742.55,742.75,0
2026-07-29 06:30:00,742.76,742.85,742.64,742.64,0
2026-07-29 06:31:00,742.61,742.61,742.47,742.52,0
2026-07-29 06:32:00,742.51,742.51,742.4,742.41,0
2026-07-29 06:33:00,742.44,742.53,742.41,742.45,0
2026-07-29 06:34:00,742.5,742.5,742.38,742.431,0
2026-07-29 06:35:00,742.41,742.41,742.3408,742.3567,0
2026-07-29 06:36:00,742.35,742.36,742.29,742.36,0
2026-07-29 06:37:00,742.3,742.31,742.25,742.25,0
2026-07-29 06:38:00,742.22,742.25,742.04,742.05,0
2026-07-29 06:39:00,742.08,742.17,742.06,742.06,0
2026-07-29 06:40:00,742.0502,742.135,742.0502,742.1,0
2026-07-29 06:41:00,742.2112,742.47,742.2112,742.47,0
2026-07-29 06:42:00,742.35,742.36,742.35,742.36,0
2026-07-29 06:43:00,742.24,742.29,742.24,742.29,0
2026-07-29 06:44:00,742.26,742.3687,742.26,742.3687,0
2026-07-29 06:45:00,742.31,742.35,742.23,742.23,0
2026-07-29 06:46:00,742.33,742.33,742.18,742.19,0
2026-07-29 06:47:00,742.2604,742.2604,742.1504,742.1504,0
2026-07-29 06:48:00,742.2,742.27,742.2,742.27,0
2026-07-29 06:49:00,742.26,742.2615,742.26,742.26,0
2026-07-29 06:50:00,742.29,742.36,742.29,742.3187,0
2026-07-29 06:51:00,742.36,742.36,742.09,742.09,0
2026-07-29 06:52:00,742.1287,742.1287,742.0052,742.07,0
2026-07-29 06:53:00,742.03,742.03,741.94,741.94,0
2026-07-29 06:54:00,742.06,742.06,741.9,741.98,0
2026-07-29 06:55:00,741.87,741.97,741.87,741.947,0
2026-07-29 06:56:00,741.97,742.07,741.91,742.07,0
2026-07-29 06:57:00,742.12,742.12,742.02,742.05,0
2026-07-29 06:58:00,742.01,742.01,741.96,741.97,0
2026-07-29 06:59:00,741.99,742.01,741.92,741.98,0
2026-07-29 07:00:00,742.04,742.31,740.86,742.3,0
2026-07-29 07:01:00,740.86,742.42,740.86,742.35,0
2026-07-29 07:02:00,742.3491,742.43,742.25,742.38,0
2026-07-29 07:03:00,742.3745,742.46,742.33,742.33,0
2026-07-29 07:04:00,742.3629,742.42,742.25,742.28,0
2026-07-29 07:05:00,742.33,742.33,742.22,742.3,0
2026-07-29 07:06:00,742.25,742.25,741.93,741.9592,0
2026-07-29 07:07:00,742.1484,742.3754,742.1305,742.3473,0
2026-07-29 07:08:00,742.33,742.5676,742.33,742.52,0
2026-07-29 07:09:00,742.5483,742.6008,742.52,742.5969,0
2026-07-29 07:10:00,742.5897,742.68,742.5897,742.68,0
2026-07-29 07:11:00,742.6599,742.68,742.6,742.61,0
2026-07-29 07:12:00,742.6,742.6208,742.4548,742.52,0
2026-07-29 07:13:00,742.49,742.58,742.49,742.532,0
2026-07-29 07:14:00,742.5163,742.5523,742.4,742.42,0
2026-07-29 07:15:00,742.4292,742.5049,742.41,742.46,0
2026-07-29 07:16:00,742.51,742.51,742.4194,742.4516,0
2026-07-29 07:17:00,742.4012,742.49,742.3693,742.49,0
2026-07-29 07:18:00,742.53,742.74,742.53,742.63,0
2026-07-29 07:19:00,742.6881,742.7,742.54,742.58,0
2026-07-29 07:20:00,742.578,742.64,742.5682,742.64,0
2026-07-29 07:21:00,742.6,742.69,742.6,742.66,0
2026-07-29 07:22:00,742.66,742.75,742.59,742.6282,0
2026-07-29 07:23:00,742.5355,742.67,742.5,742.5717,0
2026-07-29 07:24:00,742.5734,742.5734,742.49,742.5,0
2026-07-29 07:25:00,742.5,742.55,742.4692,742.53,0
2026-07-29 07:26:00,742.53,742.6,742.52,742.53,0
2026-07-29 07:27:00,742.52,742.69,742.52,742.65,0
2026-07-29 07:28:00,742.68,742.68,742.58,742.67,0
2026-07-29 07:29:00,742.69,742.71,742.46,742.49,0
2026-07-29 07:30:00,742.4463,742.5156,742.36,742.5156,0
2026-07-29 07:31:00,742.5458,742.5494,742.44,742.52,0
2026-07-29 07:32:00,742.4423,742.4423,742.17,742.18,0
2026-07-29 07:33:00,742.23,742.26,742.15,742.26,0
2026-07-29 07:34:00,742.2508,742.3,742.1812,742.2658,0
2026-07-29 07:35:00,742.206,742.25,742.14,742.16,0
2026-07-29 07:36:00,742.1765,742.2315,742.16,742.16,0
2026-07-29 07:37:00,742.239,742.2451,742.14,742.1496,0
2026-07-29 07:38:00,742.1362,742.2124,742.06,742.2124,0
2026-07-29 07:39:00,742.14,742.14,742.0,742.01,0
2026-07-29 07:40:00,742.1124,742.19,742.1124,742.1311,0
2026-07-29 07:41:00,742.12,742.1265,742.02,742.04,0
2026-07-29 07:42:00,742.0492,742.25,742.0492,742.18,0
2026-07-29 07:43:00,742.1555,742.2393,742.15,742.1568,0
2026-07-29 07:44:00,742.18,742.18,742.0827,742.1308,0
2026-07-29 07:45:00,742.15,742.1582,742.09,742.13,0
2026-07-29 07:46:00,742.1,742.1,742.02,742.1,0
2026-07-29 07:47:00,742.03,742.31,742.03,742.2708,0
2026-07-29 07:48:00,742.32,742.56,742.271,742.4292,0
2026-07-29 07:49:00,742.4,742.4283,742.35,742.3952,0
2026-07-29 07:50:00,742.3921,742.3943,742.34,742.3708,0
2026-07-29 07:51:00,742.3295,742.37,742.21,742.31,0
2026-07-29 07:52:00,742.37,742.4224,742.1681,742.1681,0
2026-07-29 07:53:00,742.1,742.1708,742.06,742.12,0
2026-07-29 07:54:00,742.17,742.19,742.021,742.0272,0
2026-07-29 07:55:00,742.0425,742.125,741.9915,742.1,0
2026-07-29 07:56:00,742.1816,742.25,742.14,742.2444,0
2026-07-29 07:57:00,742.25,742.25,742.1701,742.22,0
2026-07-29 07:58:00,742.18,742.25,742.18,742.18,0
2026-07-29 07:59:00,742.215,742.34,742.19,742.31,0
2026-07-29 08:00:00,742.36,742.42,742.1886,742.22,0
2026-07-29 08:01:00,742.215,742.279,742.1612,742.21,0
2026-07-29 08:02:00,742.23,742.23,742.0712,742.0712,0
2026-07-29 08:03:00,742.1099,742.1099,742.01,742.03,0
2026-07-29 08:04:00,742.0402,742.1897,742.0402,742.1151,0
2026-07-29 08:05:00,742.1,742.27,742.08,742.2277,0
2026-07-29 08:06:00,742.24,742.42,742.05,742.05,0
2026-07-29 08:07:00,742.02,742.0423,741.86,741.8723,0
2026-07-29 08:08:00,741.888,741.8931,741.6788,741.7935,0
2026-07-29 08:09:00,741.8152,741.8152,741.7411,741.77,0
2026-07-29 08:10:00,741.8026,741.8585,741.71,741.8,0
2026-07-29 08:11:00,741.85,741.9399,741.85,741.9108,0
2026-07-29 08:12:00,741.9182,741.9864,741.77,741.8376,0
2026-07-29 08:13:00,741.8623,741.8788,741.81,741.85,0
2026-07-29 08:14:00,741.86,741.86,741.37,741.44,0
2026-07-29 08:15:00,741.51,741.54,741.32,741.47,0
2026-07-29 08:16:00,741.411,741.411,740.28,740.3,0
2026-07-29 08:17:00,740.28,740.5493,740.0,740.5493,0
2026-07-29 08:18:00,740.61,740.61,740.2,740.46,0
2026-07-29 08:19:00,740.47,740.56,740.25,740.4,0
2026-07-29 08:20:00,740.43,740.53,740.35,740.51,0
2026-07-29 08:21:00,740.5394,740.635,740.27,740.34,0
2026-07-29 08:22:00,740.32,740.33,740.012,740.33,0
2026-07-29 08:23:00,740.28,740.57,740.25,740.57,0
2026-07-29 08:24:00,740.54,740.59,740.15,740.18,0
2026-07-29 08:25:00,740.1346,740.5274,740.1346,740.5274,0
2026-07-29 08:26:00,740.54,740.56,740.45,740.55,0
2026-07-29 08:27:00,740.51,740.75,740.47,740.56,0
2026-07-29 08:28:00,740.57,740.6526,740.4987,740.6526,0
2026-07-29 08:29:00,740.66,740.7302,740.25,740.25,0
2026-07-29 08:30:00,740.24,740.24,739.9,740.21,0
2026-07-29 08:31:00,740.25,740.29,740.1731,740.2393,0
2026-07-29 08:32:00,740.26,740.327,740.16,740.2765,0
2026-07-29 08:33:00,740.2777,740.28,740.08,740.2054,0
2026-07-29 08:34:00,740.27,740.55,740.26,740.55,0
2026-07-29 08:35:00,740.59,740.62,740.4911,740.56,0
2026-07-29 08:36:00,740.52,740.64,740.335,740.3579,0
2026-07-29 08:37:00,740.359,740.54,740.3069,740.4845,0
2026-07-29 08:38:00,740.4722,740.63,740.41,740.41,0
2026-07-29 08:39:00,740.429,740.62,740.429,740.62,0
2026-07-29 08:40:00,740.63,740.63,740.485,740.51,0
2026-07-29 08:41:00,740.51,740.79,740.51,740.76,0
2026-07-29 08:42:00,740.779,740.84,740.69,740.7556,0
2026-07-29 08:43:00,740.79,740.86,740.75,740.8078,0
2026-07-29 08:44:00,740.81,740.9456,740.77,740.9281,0
2026-07-29 08:45:00,740.97,740.97,740.79,740.8,0
2026-07-29 08:46:00,740.82,740.95,740.81,740.9186,0
2026-07-29 08:47:00,740.88,740.9114,740.74,740.82,0
2026-07-29 08:48:00,740.8085,740.9417,740.75,740.9417,0
2026-07-29 08:49:00,740.94,740.98,740.83,740.921,0
2026-07-29 08:50:00,740.93,740.99,740.85,740.94,0
2026-07-29 08:51:00,740.94,740.9695,740.76,740.8214,0
2026-07-29 08:52:00,740.82,740.859,740.72,740.72,0
2026-07-29 08:53:00,740.77,740.83,740.7,740.7161,0
2026-07-29 08:54:00,740.71,740.8015,740.62,740.8015,0
2026-07-29 08:55:00,740.7763,740.7996,740.69,740.72,0
2026-07-29 08:56:00,740.8,740.87,740.71,740.84,0
2026-07-29 08:57:00,740.8745,740.8745,740.601,740.601,0
2026-07-29 08:58:00,740.64,740.6789,740.57,740.6115,0
2026-07-29 08:59:00,740.6116,740.67,740.5597,740.6487,0
2026-07-29 09:00:00,740.68,740.73,740.51,740.59,0
2026-07-29 09:01:00,740.53,740.6244,740.52,740.52,0
2026-07-29 09:02:00,740.51,740.61,740.37,740.37,0
2026-07-29 09:03:00,740.35,740.35,740.09,740.09,0
2026-07-29 09:04:00,740.09,740.09,739.9484,740.02,0
2026-07-29 09:05:00,740.0,740.1017,739.96,740.04,0
2026-07-29 09:06:00,740.06,740.12,739.89,739.9199,0
2026-07-29 09:07:00,739.95,740.1404,739.95,740.14,0
2026-07-29 09:08:00,740.1357,740.17,740.07,740.14,0
2026-07-29 09:09:00,740.08,740.17,740.07,740.16,0
2026-07-29 09:10:00,740.09,740.23,740.08,740.13,0
2026-07-29 09:11:00,740.12,740.12,739.939,739.939,0
2026-07-29 09:12:00,739.93,740.01,739.83,739.91,0
2026-07-29 09:13:00,739.85,739.9,739.8,739.8775,0
2026-07-29 09:14:00,739.84,739.91,739.74,739.81,0
2026-07-29 09:30:00,739.97,739.97,738.86,739.37,1484777
2026-07-29 09:31:00,739.38,739.6,738.72,738.82,116436
2026-07-29 09:32:00,738.85,739.49,738.79,739.34,149422
2026-07-29 09:33:00,739.375,740.1,739.155,740.09,131156
2026-07-29 09:34:00,740.09,740.39,739.93,740.03,123244
2026-07-29 09:35:00,740.02,740.24,739.9,740.08,74973
2026-07-29 09:36:00,740.08,740.17,739.75,739.98,83658
2026-07-29 09:37:00,740.02,740.0737,739.39,739.78,57408
2026-07-29 09:38:00,739.8,740.06,739.212,739.25,90458
2026-07-29 09:39:00,739.24,740.04,739.175,739.9,89213
2026-07-29 09:40:00,739.89,740.04,739.43,739.98,118644
2026-07-29 09:41:00,739.99,740.04,739.62,739.71,78311
2026-07-29 09:42:00,739.75,739.82,739.42,739.545,71319
2026-07-29 09:43:00,739.58,739.7,739.32,739.51,93327
2026-07-29 09:44:00,739.54,739.75,739.52,739.68,477243
2026-07-29 09:45:00,739.66,740.22,739.63,739.98,100688
2026-07-29 09:46:00,739.97,740.1299,739.44,739.54,70983
2026-07-29 09:47:00,739.56,739.63,739.02,739.195,120521
2026-07-29 09:48:00,739.2,739.36,739.05,739.21,92124
2026-07-29 09:49:00,739.22,739.38,738.88,739.155,140858
2026-07-29 09:50:00,739.16,739.21,738.29,738.32,91757
2026-07-29 09:51:00,738.28,738.29,737.87,737.89,158841
2026-07-29 09:52:00,737.89,737.94,737.465,737.56,133383
2026-07-29 09:53:00,737.56,737.985,737.43,737.97,115294
2026-07-29 09:54:00,737.99,738.1,737.6,737.81,114531
2026-07-29 09:55:00,737.78,737.78,737.04,737.25,143247
2026-07-29 09:56:00,737.2699,737.27,736.88,736.96,88692
2026-07-29 09:57:00,736.94,737.12,736.61,737.04,137475
2026-07-29 09:58:00,737.06,737.51,737.05,737.49,101088
2026-07-29 09:59:00,737.485,737.62,737.03,737.36,156654
2026-07-29 10:00:00,737.43,737.84,737.35,737.56,535006
2026-07-29 10:01:00,737.58,737.73,737.36,737.525,70409
2026-07-29 10:02:00,737.525,738.09,737.47,737.81,539867
2026-07-29 10:03:00,737.78,738.0,737.52,737.54,0
2026-07-29 10:04:00,737.54,737.8,737.39,737.8,77694
2026-07-29 10:05:00,737.785,738.33,737.785,737.87,109566
2026-07-29 10:06:00,737.85,737.94,737.27,737.34,105931
2026-07-29 10:07:00,737.35,737.35,736.87,737.08,94860
2026-07-29 10:08:00,737.105,737.16,736.77,736.93,60505
2026-07-29 10:09:00,736.955,737.12,736.71,736.81,44842
2026-07-29 10:10:00,736.78,736.8,736.55,736.76,93112
2026-07-29 10:11:00,736.77,737.04,736.685,736.88,102675
2026-07-29 10:12:00,736.87,736.99,735.715,735.76,145605
2026-07-29 10:13:00,735.74,735.74,735.0401,735.33,205521
2026-07-29 10:14:00,735.36,735.57,735.14,735.41,180215
2026-07-29 10:15:00,735.41,735.82,735.36,735.7,110433
2026-07-29 10:16:00,735.675,735.91,735.53,735.88,58433
2026-07-29 10:17:00,735.87,736.0075,735.52,735.62,96738
2026-07-29 10:18:00,735.62,736.27,735.61,736.0899,152986
2026-07-29 10:19:00,736.1099,736.19,735.76,735.89,121579
2026-07-29 10:20:00,735.89,736.16,735.6903,736.04,110705
2026-07-29 10:21:00,736.02,736.28,735.88,736.22,112352
2026-07-29 10:22:00,736.2275,736.47,736.1,736.25,77786
2026-07-29 10:23:00,736.25,736.44,735.93,735.98,104743
2026-07-29 10:24:00,735.99,736.06,735.31,735.49,114943
2026-07-29 10:25:00,735.47,735.52,734.8,734.805,155547
2026-07-29 10:26:00,734.805,734.805,734.26,734.66,218367
2026-07-29 10:27:00,734.66,734.93,734.4,734.825,265867
2026-07-29 10:28:00,734.83,735.11,734.76,735.08,117510
2026-07-29 10:29:00,735.08,735.22,734.835,734.92,81488
2026-07-29 10:30:00,734.91,735.39,734.81,735.32,85025
2026-07-29 10:31:00,735.3,735.4395,735.06,735.2,89640
2026-07-29 10:32:00,735.23,735.57,735.17,735.49,111355
2026-07-29 10:33:00,735.47,735.84,735.42,735.5,0
2026-07-29 10:34:00,735.5,735.52,735.06,735.32,87238
2026-07-29 10:35:00,735.32,735.4,734.9304,735.32,266471
2026-07-29 10:36:00,735.37,735.46,735.1,735.34,101151
2026-07-29 10:37:00,735.34,735.34,735.08,735.19,91907
2026-07-29 10:38:00,735.165,735.405,734.9,735.405,91489
2026-07-29 10:39:00,735.4,735.42,734.66,734.81,106594
2026-07-29 10:40:00,734.78,734.8,734.02,734.25,166660
2026-07-29 10:41:00,734.26,734.715,734.21,734.38,107048
2026-07-29 10:42:00,734.36,734.385,733.95,733.955,92658
2026-07-29 10:43:00,733.955,734.345,733.93,734.2,113533
2026-07-29 10:44:00,734.09,734.26,733.79,734.22,97600
2026-07-29 10:45:00,734.21,734.39,734.04,734.225,102549
2026-07-29 10:46:00,734.24,734.58,733.99,734.52,118394
2026-07-29 10:47:00,734.51,734.79,734.26,734.28,93914
2026-07-29 10:48:00,734.27,734.29,733.89,734.035,55017
2026-07-29 10:49:00,734.04,734.44,733.95,734.43,72631
2026-07-29 10:50:00,734.425,734.66,734.26,734.57,61274
2026-07-29 10:51:00,734.565,734.67,734.33,734.56,50810
2026-07-29 10:52:00,734.55,735.34,734.55,734.98,157461
2026-07-29 10:53:00,734.94,735.26,734.86,735.115,136549
2026-07-29 10:54:00,735.1,735.13,734.73,735.03,73207
2026-07-29 10:55:00,735.02,735.09,734.58,734.6,51677
2026-07-29 10:56:00,734.54,734.58,734.38,734.48,50964
2026-07-29 10:57:00,734.48,734.6897,734.27,734.37,57694
2026-07-29 10:58:00,734.35,734.75,734.3247,734.66,66973
2026-07-29 10:59:00,734.69,734.97,734.69,734.82,53897
2026-07-29 11:00:00,734.82,735.15,734.43,734.67,85260
2026-07-29 11:01:00,734.66,735.13,734.53,735.13,60653
2026-07-29 11:02:00,735.14,735.45,735.09,735.33,82364
2026-07-29 11:03:00,735.3,735.5493,735.18,735.29,72876
2026-07-29 11:04:00,735.3,735.36,735.08,735.32,72679
2026-07-29 11:05:00,735.32,735.35,734.67,734.955,73313
2026-07-29 11:06:00,734.95,735.18,734.93,734.96,57112
2026-07-29 11:07:00,734.94,735.39,734.91,735.34,65273
2026-07-29 11:08:00,735.36,735.59,735.28,735.2801,61577
2026-07-29 11:09:00,735.24,735.6191,735.18,735.59,88663
2026-07-29 11:10:00,735.63,735.66,735.21,735.21,101941
2026-07-29 11:11:00,735.21,735.22,734.53,734.7801,117423
2026-07-29 11:12:00,734.78,735.06,734.75,734.91,55671
2026-07-29 11:13:00,734.9,735.07,734.735,734.79,42313
2026-07-29 11:14:00,734.8,734.96,734.53,734.64,37648
2026-07-29 11:15:00,734.65,735.02,734.54,735.02,53284
2026-07-29 11:16:00,735.02,735.44,734.88,735.39,80063
2026-07-29 11:17:00,735.38,735.43,734.96,735.19,59141
2026-07-29 11:18:00,735.18,735.49,735.18,735.22,55336
2026-07-29 11:19:00,735.25,735.3,734.53,734.56,55691
2026-07-29 11:20:00,734.57,734.695,734.37,734.66,75563
2026-07-29 11:21:00,734.67,734.75,734.47,734.73,60440
2026-07-29 11:22:00,734.73,734.76,734.44,734.7,41556
2026-07-29 11:23:00,734.7,734.99,734.64,734.96,63561
2026-07-29 11:24:00,734.96,735.05,734.76,735.02,43511
2026-07-29 11:25:00,735.01,735.09,734.63,734.98,52645
2026-07-29 11:26:00,734.96,735.215,734.42,734.64,36569
2026-07-29 11:27:00,734.64,734.8,734.47,734.48,44624
2026-07-29 11:28:00,734.54,734.7,734.45,734.6,40526
2026-07-29 11:29:00,734.59,734.67,734.35,734.4403,34869
2026-07-29 11:30:00,734.42,734.6,734.28,734.54,37401
2026-07-29 11:31:00,734.57,734.65,734.37,734.64,41052
2026-07-29 11:32:00,734.6999,734.87,734.59,734.7214,43224
2026-07-29 11:33:00,734.69,734.99,734.52,734.8,42809
2026-07-29 11:34:00,734.805,734.95,734.38,734.57,40344
2026-07-29 11:35:00,734.58,734.87,734.42,734.83,61453
2026-07-29 11:36:00,734.85,734.89,734.57,734.79,40674
2026-07-29 11:37:00,734.82,734.9699,734.59,734.68,46783
2026-07-29 11:38:00,734.67,734.86,734.36,734.4201,45786
2026-07-29 11:39:00,734.43,734.45,734.03,734.03,38140
2026-07-29 11:40:00,734.02,734.2,733.95,734.07,51088
2026-07-29 11:41:00,734.08,734.3995,734.07,734.28,63705
2026-07-29 11:42:00,734.28,734.42,733.97,733.97,41407
2026-07-29 11:43:00,733.97,734.04,733.72,733.72,66996
2026-07-29 11:44:00,733.74,734.055,733.74,733.99,40673
2026-07-29 11:45:00,733.98,734.15,733.79,733.94,54007
2026-07-29 11:46:00,733.94,734.22,733.94,734.11,36314
2026-07-29 11:47:00,734.1,734.35,734.055,734.28,56127
2026-07-29 11:48:00,734.3,734.47,734.18,734.24,41827
2026-07-29 11:49:00,734.23,734.47,734.17,734.44,29097
2026-07-29 11:50:00,734.43,734.54,734.1614,734.34,42609
2026-07-29 11:51:00,734.3399,734.42,734.19,734.27,28357
2026-07-29 11:52:00,734.26,734.36,734.05,734.36,25746
2026-07-29 11:53:00,734.36,734.38,733.95,734.07,52369
2026-07-29 11:54:00,734.07,734.08,733.47,733.48,86803
2026-07-29 11:55:00,733.51,733.52,733.1,733.25,97937
2026-07-29 11:56:00,733.2372,733.39,733.02,733.37,79488
2026-07-29 11:57:00,733.37,733.47,733.29,733.4,51578
2026-07-29 11:58:00,733.38,733.54,733.3,733.53,79626
2026-07-29 11:59:00,733.52,733.88,733.47,733.73,97531
2026-07-29 12:00:00,733.76,734.03,733.3705,733.3705,65830
2026-07-29 12:01:00,733.39,733.5199,733.11,733.19,50290
2026-07-29 12:02:00,733.16,733.29,733.08,733.185,57657
2026-07-29 12:03:00,733.18,733.28,733.1,733.14,52537
2026-07-29 12:04:00,733.15,733.15,732.74,732.81,100785
2026-07-29 12:05:00,732.84,732.84,732.22,732.49,125487
2026-07-29 12:06:00,732.48,732.68,732.37,732.55,55697
2026-07-29 12:07:00,732.53,732.7,732.45,732.68,108130
2026-07-29 12:08:00,732.71,732.82,732.57,732.76,136507
2026-07-29 12:09:00,732.74,732.78,732.52,732.71,47065
2026-07-29 12:10:00,732.7,732.76,732.56,732.68,39720
2026-07-29 12:11:00,732.66,732.74,732.44,732.51,42507
2026-07-29 12:12:00,732.52,732.73,732.5,732.5,47855
2026-07-29 12:13:00,732.52,732.68,732.48,732.51,61626
2026-07-29 12:14:00,732.515,732.6,732.02,732.02,133314
2026-07-29 12:15:00,732.02,732.14,731.73,732.0701,145104
2026-07-29 12:16:00,732.07,732.11,731.87,732.0601,326620
2026-07-29 12:17:00,732.06,732.268,731.95,732.195,60455
2026-07-29 12:18:00,732.19,732.33,732.05,732.29,61821
2026-07-29 12:19:00,732.3,732.36,732.2,732.23,66736
2026-07-29 12:20:00,732.24,732.515,732.11,732.515,78524
2026-07-29 12:21:00,732.51,732.7,732.49,732.54,53827
2026-07-29 12:22:00,732.54,733.02,732.54,732.975,81339
2026-07-29 12:23:00,732.98,733.6,732.91,733.275,123787
2026-07-29 12:24:00,733.25,733.41,733.14,733.35,61809
2026-07-29 12:25:00,733.35,733.6,733.325,733.37,80637
2026-07-29 12:26:00,733.39,733.67,733.28,733.67,41227
2026-07-29 12:27:00,733.65,733.7,733.48,733.56,74445
2026-07-29 12:28:00,733.55,733.83,733.41,733.75,57040
2026-07-29 12:29:00,733.76,733.92,733.73,733.85,102799
2026-07-29 12:30:00,733.84,734.32,733.76,734.14,106939
2026-07-29 12:31:00,734.147,734.21,733.84,734.01,141070
2026-07-29 12:32:00,734.0,734.02,733.56,733.645,60672
2026-07-29 12:33:00,733.65,733.81,733.58,733.75,38014
2026-07-29 12:34:00,733.75,733.94,733.3948,733.3948,47248
2026-07-29 12:35:00,733.4,733.46,733.08,733.24,425931
2026-07-29 12:36:00,733.25,733.37,732.98,733.0,45561
2026-07-29 12:37:00,733.055,733.42,733.055,733.36,66125
2026-07-29 12:38:00,733.38,733.5,733.27,733.3001,55831
2026-07-29 12:39:00,733.33,733.68,733.31,733.57,69572
2026-07-29 12:40:00,733.55,733.675,733.29,733.65,59140
2026-07-29 12:41:00,733.65,733.71,733.3,733.305,72790
2026-07-29 12:42:00,733.34,733.35,732.91,733.0775,64851
2026-07-29 12:43:00,733.1,733.2,732.96,732.96,47515
2026-07-29 12:44:00,732.96,733.23,732.88,733.2299,59304
2026-07-29 12:45:00,733.22,733.33,733.05,733.15,61516
2026-07-29 12:46:00,733.13,733.24,733.03,733.13,74712
2026-07-29 12:47:00,733.1325,733.61,733.1325,733.57,58549
2026-07-29 12:48:00,733.58,733.68,733.49,733.575,32891
2026-07-29 12:49:00,733.55,733.96,733.52,733.93,46904
2026-07-29 12:50:00,733.95,734.11,733.78,734.0011,51364
2026-07-29 12:51:00,734.01,734.18,733.93,733.97,46232
2026-07-29 12:52:00,733.96,734.34,733.71,734.335,48124
2026-07-29 12:53:00,734.34,734.5,734.28,734.39,67092
2026-07-29 12:54:00,734.375,734.42,734.16,734.29,41389
2026-07-29 12:55:00,734.26,734.5,734.16,734.32,42248
2026-07-29 12:56:00,734.33,734.5,734.1401,734.4801,44784
2026-07-29 12:57:00,734.5,734.67,734.42,734.51,44652
2026-07-29 12:58:00,734.51,734.59,734.32,734.52,38502
2026-07-29 12:59:00,734.54,734.87,734.5325,734.87,50223
2026-07-29 13:00:00,734.88,735.0,734.74,734.92,58440
2026-07-29 13:01:00,734.9,735.16,734.86,735.03,78965
2026-07-29 13:02:00,735.04,735.16,734.88,735.06,65260
2026-07-29 13:03:00,735.07,735.6,735.021,735.57,66900
2026-07-29 13:04:00,735.55,735.99,735.47,735.86,93137
2026-07-29 13:05:00,735.895,735.93,735.49,735.62,80414
2026-07-29 13:06:00,735.64,735.87,735.53,735.85,52568
2026-07-29 13:07:00,735.83,735.85,735.45,735.45,91690
2026-07-29 13:08:00,735.47,735.68,735.34,735.53,74261
2026-07-29 13:09:00,735.5,735.63,735.37,735.395,54482
2026-07-29 13:10:00,735.4,735.96,735.33,735.87,68403
2026-07-29 13:11:00,735.89,736.0,735.84,735.95,64834
2026-07-29 13:12:00,735.9599,736.189,735.75,736.17,91543
2026-07-29 13:13:00,736.17,736.5,736.17,736.315,94608
2026-07-29 13:14:00,736.3,736.62,736.24,736.6,110328
2026-07-29 13:15:00,736.61,736.6551,736.345,736.44,101442
2026-07-29 13:16:00,736.42,736.54,736.295,736.43,82893
2026-07-29 13:17:00,736.43,736.73,736.345,736.64,53808
2026-07-29 13:18:00,736.66,736.865,736.53,736.66,95287
2026-07-29 13:19:00,736.65,736.745,736.58,736.73,51431
2026-07-29 13:20:00,736.73,736.99,736.7,736.83,78590
2026-07-29 13:21:00,736.83,737.2399,736.77,737.23,81674
2026-07-29 13:22:00,737.22,737.24,736.87,736.8701,57559
2026-07-29 13:23:00,736.88,737.0,736.71,736.919,66498
2026-07-29 13:24:00,736.91,736.92,736.29,736.34,84230
2026-07-29 13:25:00,736.33,736.41,736.125,736.22,101641
2026-07-29 13:26:00,736.23,736.46,736.155,736.41,73535
2026-07-29 13:27:00,736.41,736.46,736.18,736.25,58022
2026-07-29 13:28:00,736.24,736.43,736.15,736.32,60623
2026-07-29 13:29:00,736.32,736.32,735.73,735.74,94504
2026-07-29 13:30:00,735.75,735.75,735.34,735.37,104958
2026-07-29 13:31:00,735.372,735.76,735.27,735.75,84821
2026-07-29 13:32:00,735.75,736.07,735.66,736.06,70558
2026-07-29 13:33:00,736.055,736.29,736.04,736.29,57080
2026-07-29 13:34:00,736.29,736.35,735.75,735.84,57124
2026-07-29 13:35:00,735.81,735.97,735.5,735.56,41496
2026-07-29 13:36:00,735.54,735.65,735.4,735.4,37823
2026-07-29 13:37:00,735.4,735.7,735.35,735.52,32117
2026-07-29 13:38:00,735.48,735.67,735.46,735.53,47163
2026-07-29 13:39:00,735.51,735.72,735.5,735.64,63446
2026-07-29 13:40:00,735.64,735.71,735.52,735.61,48280
2026-07-29 13:41:00,735.6,735.79,735.58,735.7,44641
2026-07-29 13:42:00,735.71,735.845,735.475,735.53,60337
2026-07-29 13:43:00,735.52,735.8893,735.39,735.85,49772
2026-07-29 13:44:00,735.84,735.92,735.69,735.75,28345
2026-07-29 13:45:00,735.76,735.87,735.48,735.505,45094
2026-07-29 13:46:00,735.52,735.705,735.39,735.65,46157
2026-07-29 13:47:00,735.65,735.75,735.57,735.74,42732
2026-07-29 13:48:00,735.76,735.92,735.65,735.92,42429
2026-07-29 13:49:00,735.91,736.03,735.82,735.978,40990
2026-07-29 13:50:00,735.98,736.13,735.95,736.11,44392
2026-07-29 13:51:00,736.12,736.24,736.07,736.2,163337
2026-07-29 13:52:00,736.19,736.4,736.1,736.18,68582
2026-07-29 13:53:00,736.16,736.29,736.081,736.255,41828
2026-07-29 13:54:00,736.255,736.27,736.075,736.19,51236
2026-07-29 13:55:00,736.19,736.24,735.81,735.91,67841
2026-07-29 13:56:00,735.92,735.92,735.72,735.78,70266
2026-07-29 13:57:00,735.79,735.845,735.69,735.81,64470
2026-07-29 13:58:00,735.82,735.96,735.61,735.88,79075
2026-07-29 13:59:00,735.89,736.42,735.89,736.4075,48936
2026-07-29 14:00:00,736.37,738.98,736.37,738.93,760453
2026-07-29 14:01:00,738.83,739.51,738.22,739.23,486515
2026-07-29 14:02:00,739.16,739.55,738.7,738.73,205358
2026-07-29 14:03:00,738.75,739.03,738.29,738.56,222238
2026-07-29 14:04:00,738.55,738.56,737.84,738.14,218590
2026-07-29 14:05:00,738.11,738.63,737.95,738.39,187573
2026-07-29 14:06:00,738.42,739.04,738.35,738.71,157955
2026-07-29 14:07:00,738.72,738.8,738.26,738.3,124313
2026-07-29 14:08:00,738.305,738.45,737.98,738.19,101704
2026-07-29 14:09:00,738.15,738.23,737.68,738.09,93646
2026-07-29 14:10:00,738.06,738.38,737.67,737.855,275720
2026-07-29 14:11:00,737.83,738.37,737.64,738.18,104537
2026-07-29 14:12:00,738.24,738.35,737.75,737.85,63072
2026-07-29 14:13:00,737.83,737.98,737.44,737.66,79201
2026-07-29 14:14:00,737.6588,737.76,736.96,737.39,91113
2026-07-29 14:15:00,737.42,738.09,737.42,737.925,66291
2026-07-29 14:16:00,737.9,738.26,737.645,737.73,73433
2026-07-29 14:17:00,737.73,737.79,737.16,737.55,198475
2026-07-29 14:18:00,737.53,737.61,737.16,737.28,53691
2026-07-29 14:19:00,737.27,737.31,736.82,737.02,89362
2026-07-29 14:20:00,737.01,737.11,736.55,736.825,65598
2026-07-29 14:21:00,736.805,737.02,736.51,736.7,78628
2026-07-29 14:22:00,736.68,736.76,736.42,736.73,62695
2026-07-29 14:23:00,736.73,737.03,736.3183,736.36,74172
2026-07-29 14:24:00,736.38,736.97,736.355,736.66,115188
2026-07-29 14:25:00,736.69,736.94,736.46,736.7,232449
2026-07-29 14:26:00,736.7,737.07,736.57,736.83,82481
2026-07-29 14:27:00,736.81,736.87,736.5,736.69,48214
2026-07-29 14:28:00,736.75,737.1,736.72,736.95,64528
2026-07-29 14:29:00,736.96,737.36,736.85,737.31,62643
2026-07-29 14:30:00,737.36,737.86,737.35,737.7501,89673
2026-07-29 14:31:00,737.81,738.08,736.89,737.0,258495
2026-07-29 14:32:00,736.94,737.0,735.95,736.73,260030
2026-07-29 14:33:00,736.73,737.35,736.2,737.0,165236
2026-07-29 14:34:00,737.02,737.13,736.51,736.91,60581
2026-07-29 14:35:00,736.93,737.05,736.34,736.675,82071
2026-07-29 14:36:00,736.7,737.46,736.41,737.45,64738
2026-07-29 14:37:00,737.5,738.0,737.27,737.89,85410
2026-07-29 14:38:00,737.91,738.96,737.87,738.5708,176636
2026-07-29 14:39:00,738.59,739.29,738.21,738.94,123645
2026-07-29 14:40:00,738.9346,739.74,738.85,739.575,114783
2026-07-29 14:41:00,739.53,740.25,739.53,739.81,163399
2026-07-29 14:42:00,739.83,740.03,739.19,739.84,135178
2026-07-29 14:43:00,739.82,740.4,739.64,740.34,143087
2026-07-29 14:44:00,740.36,741.02,740.19,740.72,349823
2026-07-29 14:45:00,740.72,741.16,740.47,740.86,267630
2026-07-29 14:46:00,740.88,741.34,740.72,741.0802,215899
2026-07-29 14:47:00,741.09,742.02,740.95,741.58,220908
2026-07-29 14:48:00,741.57,741.73,741.04,741.22,161589
2026-07-29 14:49:00,741.23,742.12,741.19,741.93,196412
2026-07-29 14:50:00,741.92,742.07,741.53,741.91,225572
2026-07-29 14:51:00,741.92,741.94,741.27,741.92,280872
2026-07-29 14:52:00,741.91,742.12,741.69,741.93,119959
2026-07-29 14:53:00,741.93,742.49,741.93,742.29,178465
2026-07-29 14:54:00,742.3,742.645,742.2,742.59,119915
2026-07-29 14:55:00,742.61,742.68,742.25,742.415,134765
2026-07-29 14:56:00,742.42,742.48,741.91,741.91,174852
2026-07-29 14:57:00,741.86,741.985,741.55,741.98,135397
2026-07-29 14:58:00,741.975,742.24,741.892,741.95,66387
2026-07-29 14:59:00,741.97,742.05,741.56,741.95,96806
2026-07-29 15:00:00,741.945,742.09,741.37,741.545,273806
2026-07-29 15:01:00,741.53,742.46,741.32,742.46,120781
2026-07-29 15:02:00,742.43,742.59,741.86,741.904,79763
2026-07-29 15:03:00,741.89,741.94,740.96,741.15,120740
2026-07-29 15:04:00,741.14,741.18,740.1,740.54,267755
2026-07-29 15:05:00,740.52,740.56,739.71,739.845,129101
2026-07-29 15:06:00,739.86,740.01,739.58,739.7,207615
2026-07-29 15:07:00,739.76,739.78,739.11,739.12,107800
2026-07-29 15:08:00,739.1383,739.5,738.65,738.84,191166
2026-07-29 15:09:00,738.85,739.01,738.42,738.43,242597
2026-07-29 15:10:00,738.41,738.55,737.95,738.34,187546
2026-07-29 15:11:00,738.325,739.2099,738.31,739.07,240074
2026-07-29 15:12:00,739.055,739.23,738.32,738.92,89875
2026-07-29 15:13:00,738.91,739.25,738.73,738.865,106100
2026-07-29 15:14:00,738.89,739.13,738.71,738.9126,88263
2026-07-29 15:15:00,738.895,739.69,738.63,739.64,161223
2026-07-29 15:16:00,739.64,739.77,738.73,738.91,135375
2026-07-29 15:17:00,738.9,738.99,738.07,738.07,111362
2026-07-29 15:18:00,738.08,738.08,737.41,737.73,107032
2026-07-29 15:19:00,737.71,737.81,737.38,737.5899,353899
2026-07-29 15:20:00,737.59,737.67,736.71,736.74,225433
2026-07-29 15:21:00,736.732,736.743,735.94,736.32,262056
2026-07-29 15:22:00,736.32,736.42,735.37,736.05,235564
2026-07-29 15:23:00,736.02,736.15,735.49,735.72,256437
2026-07-29 15:24:00,735.71,736.15,735.33,735.37,234799
2026-07-29 15:25:00,735.37,735.71,734.885,734.925,245894
2026-07-29 15:26:00,734.93,734.98,734.2806,734.82,295816
2026-07-29 15:27:00,734.82,735.24,734.4603,734.93,237413
2026-07-29 15:28:00,734.935,735.22,734.63,735.1,184456
2026-07-29 15:29:00,735.08,735.32,734.83,735.15,237471
2026-07-29 15:30:00,735.21,735.59,734.9,735.4306,1758116
2026-07-29 15:31:00,735.45,735.74,734.93,735.32,259878
2026-07-29 15:32:00,735.325,735.46,734.35,734.61,232843
2026-07-29 15:33:00,734.64,734.67,732.92,733.07,279936
2026-07-29 15:34:00,733.1,733.61,732.695,733.5899,305982
2026-07-29 15:35:00,733.58,733.71,732.94,733.16,333378
2026-07-29 15:36:00,733.18,733.92,732.895,733.905,282649
2026-07-29 15:37:00,733.89,734.02,732.85,732.94,233026
2026-07-29 15:38:00,732.96,732.99,731.95,731.99,439777
2026-07-29 15:39:00,731.95,731.99,731.52,731.605,282194
2026-07-29 15:40:00,731.595,731.86,731.06,731.86,448319
2026-07-29 15:41:00,731.87,732.27,731.46,731.76,418323
2026-07-29 15:42:00,731.76,732.0,731.5,731.64,246153
2026-07-29 15:43:00,731.64,731.89,730.9,731.73,294831
2026-07-29 15:44:00,731.72,731.78,730.9,731.3,319104
2026-07-29 15:45:00,731.3,731.49,730.86,730.87,341786
2026-07-29 15:46:00,730.88,731.46,730.77,730.83,485928
2026-07-29 15:47:00,730.84,731.11,730.41,730.88,722660
2026-07-29 15:48:00,730.88,731.69,730.8,731.44,458946
2026-07-29 15:49:00,731.43,732.09,731.17,731.9099,447631
2026-07-29 15:50:00,731.89,731.89,730.62,731.12,435307
2026-07-29 15:51:00,731.14,731.14,730.67,730.92,531929
2026-07-29 15:52:00,730.92,730.98,730.17,730.6623,747933
2026-07-29 15:53:00,730.7,730.95,730.53,730.66,231094
2026-07-29 15:54:00,730.62,731.17,730.59,730.83,301319
2026-07-29 15:55:00,730.82,730.82,729.74,730.07,933042
2026-07-29 15:56:00,730.065,730.34,729.65,729.83,900319
2026-07-29 15:57:00,729.84,730.07,729.61,729.67,1542694
2026-07-29 15:58:00,729.67,729.81,729.46,729.56,1779840
2026-07-29 15:59:00,729.57,730.09,729.1,729.54,3751037
2026-07-29 16:00:00,729.53,740.4873,725.98,729.65,1471447
2026-07-29 16:01:00,729.35,740.4873,728.45,728.53,0
2026-07-29 16:02:00,728.61,730.0025,728.27,729.1,0
2026-07-29 16:03:00,729.16,729.5,728.58,728.81,0
2026-07-29 16:04:00,728.8,729.46,727.79,728.5081,0
2026-07-29 16:05:00,728.485,729.12,728.03,728.66,0
2026-07-29 16:06:00,728.5938,740.4873,728.2857,728.8895,0
2026-07-29 16:07:00,728.87,740.4873,728.5,728.603,0
2026-07-29 16:08:00,728.54,729.46,727.91,728.2299,0
2026-07-29 16:09:00,728.2914,728.5,727.53,727.58,0
2026-07-29 16:10:00,727.6101,729.46,727.26,727.45,0
2026-07-29 16:11:00,727.4645,729.2873,727.18,727.7512,0
2026-07-29 16:12:00,727.75,740.4873,727.5,728.2665,0
2026-07-29 16:13:00,728.27,729.46,728.06,728.21,0
2026-07-29 16:14:00,728.155,740.4873,727.97,728.25,0
2026-07-29 16:15:00,729.46,729.46,727.8,728.5,0
2026-07-29 16:16:00,728.5262,729.2682,728.4454,728.5602,0
2026-07-29 16:17:00,728.57,728.6714,728.13,728.1375,0
2026-07-29 16:18:00,728.14,728.14,727.66,727.87,0
2026-07-29 16:19:00,727.8073,740.4873,727.68,727.9965,0
2026-07-29 16:20:00,727.912,729.46,727.9,728.06,0
2026-07-29 16:21:00,728.0974,728.2926,727.91,728.26,0
2026-07-29 16:22:00,728.24,728.4,727.87,727.95,0
2026-07-29 16:23:00,727.98,740.4873,727.77,727.96,0
2026-07-29 16:24:00,727.92,727.99,727.62,727.7888,0
2026-07-29 16:25:00,727.8,728.06,727.79,727.98,0
2026-07-29 16:26:00,728.0,728.0,727.27,727.27,0
2026-07-29 16:27:00,727.29,727.31,726.93,727.0429,0
2026-07-29 16:28:00,727.02,727.5,726.96,727.46,0
2026-07-29 16:29:00,727.53,740.4873,727.476,727.6599,0
2026-07-29 16:30:00,727.64,727.74,727.02,727.2938,0
2026-07-29 16:31:00,727.27,727.79,727.2,727.5908,0
2026-07-29 16:32:00,727.58,728.09,727.5652,728.04,0
2026-07-29 16:33:00,728.06,728.36,728.0252,728.2937,0
2026-07-29 16:34:00,728.2508,728.46,728.22,728.39,0
2026-07-29 16:35:00,728.3939,728.73,728.32,728.4654,0
2026-07-29 16:36:00,728.48,728.59,728.22,728.42,0
2026-07-29 16:37:00,728.47,728.6418,728.36,728.6418,0
2026-07-29 16:38:00,728.63,728.9103,728.5608,728.89,0
2026-07-29 16:39:00,728.9,729.12,728.87,729.1026,0
2026-07-29 16:40:00,729.12,729.14,728.9799,728.9974,0
2026-07-29 16:41:00,728.9857,729.46,728.6043,728.8,0
2026-07-29 16:42:00,728.81,728.8614,728.39,728.58,0
2026-07-29 16:43:00,728.5,728.7227,728.33,728.7227,0
2026-07-29 16:44:00,728.73,728.74,728.46,728.64,0
2026-07-29 16:45:00,728.6001,728.86,728.6001,728.8085,0
2026-07-29 16:46:00,728.8194,728.82,728.61,728.6192,0
2026-07-29 16:47:00,686.9754,728.67,686.9754,728.601,0
2026-07-29 16:48:00,728.64,728.7427,728.31,728.3626,0
2026-07-29 16:49:00,728.3,728.369,686.9754,728.17,0
2026-07-29 16:50:00,728.17,728.26,728.01,728.26,0
2026-07-29 16:51:00,728.21,728.56,728.16,728.38,0
2026-07-29 16:52:00,728.35,728.5314,728.28,728.5314,0
2026-07-29 16:53:00,728.59,728.6274,728.39,728.46,0
2026-07-29 16:54:00,728.455,728.75,728.4506,728.749,0
2026-07-29 16:55:00,728.75,728.86,687.9856,728.62,0
2026-07-29 16:56:00,728.69,728.75,728.45,728.7,0
2026-07-29 16:57:00,728.7071,728.76,687.9856,728.63,0
2026-07-29 16:58:00,728.61,728.61,728.3,728.33,0
2026-07-29 16:59:00,728.31,728.461,728.11,728.11,0
2026-07-29 17:00:00,728.55,728.55,677.1335,728.02,0
2026-07-29 17:01:00,727.99,728.0925,727.79,727.9143,0
2026-07-29 17:02:00,728.04,729.46,727.83,727.95,0
2026-07-29 17:03:00,727.9339,728.09,727.9309,727.987,0
2026-07-29 17:04:00,727.9893,728.0,727.9399,728.0,0
2026-07-29 17:05:00,728.0,728.14,727.94,728.09,0
2026-07-29 17:06:00,728.07,728.45,728.0,728.14,0
2026-07-29 17:07:00,728.1259,737.2756,677.1335,728.0,0
2026-07-29 17:08:00,728.1183,728.1214,694.3233,727.9413,0
2026-07-29 17:09:00,727.93,733.3768,727.9,727.95,0
2026-07-29 17:10:00,727.95,728.05,727.89,727.9513,0
2026-07-29 17:11:00,727.95,728.01,694.3233,727.9561,0
2026-07-29 17:12:00,728.0024,728.01,727.95,728.0076,0
2026-07-29 17:13:00,728.01,728.07,728.0,728.0574,0
2026-07-29 17:14:00,728.05,728.06,727.88,728.0124,0
2026-07-29 17:15:00,727.95,728.05,727.85,727.86,0
2026-07-29 17:16:00,727.86,727.9774,727.5,727.74,0
2026-07-29 17:17:00,727.73,727.99,727.6458,727.9521,0
2026-07-29 17:18:00,727.8,728.05,727.8,728.05,0
2026-07-29 17:19:00,728.0106,728.06,727.8701,728.05,0
2026-07-29 17:20:00,728.025,728.06,728.0,728.0515,0
2026-07-29 17:21:00,728.0515,728.06,728.0,728.06,0
2026-07-29 17:22:00,728.0497,728.05,727.8912,727.8912,0
2026-07-29 17:23:00,728.0064,728.04,727.9061,728.04,0
2026-07-29 17:24:00,728.0419,728.05,727.95,728.03,0
2026-07-29 17:25:00,727.9959,728.04,727.95,727.95,0
2026-07-29 17:26:00,727.995,728.03,727.87,727.96,0
2026-07-29 17:27:00,727.913,728.1675,727.85,728.1575,0
2026-07-29 17:28:00,728.17,728.17,728.07,728.08,0
2026-07-29 17:29:00,728.1335,728.289,728.029,728.1389,0
2026-07-29 17:30:00,728.1467,728.18,728.0,728.0988,0
2026-07-29 17:31:00,728.0894,728.1,728.01,728.0895,0
2026-07-29 17:32:00,728.08,728.1,727.8,727.85,0
2026-07-29 17:33:00,727.9598,727.9894,727.8,727.8,0
2026-07-29 17:34:00,727.8,727.9287,727.6084,727.74,0
2026-07-29 17:35:00,727.6317,727.75,727.41,727.61,0
2026-07-29 17:36:00,727.68,727.83,727.47,727.47,0
2026-07-29 17:37:00,727.5044,727.69,727.31,727.45,0
2026-07-29 17:38:00,727.45,727.45,727.33,727.33,0
2026-07-29 17:39:00,727.32,727.45,727.17,727.215,0
2026-07-29 17:40:00,727.17,727.28,727.0547,727.11,0
2026-07-29 17:41:00,727.12,727.3,727.12,727.2875,0
2026-07-29 17:42:00,727.3,727.3,727.0782,727.0782,0
2026-07-29 17:43:00,727.05,727.17,727.01,727.17,0
2026-07-29 17:44:00,727.1601,727.17,727.01,727.0807,0
2026-07-29 17:45:00,727.0782,727.1,727.03,727.0768,0
2026-07-29 17:46:00,727.0768,727.17,727.0768,727.1006,0
2026-07-29 17:47:00,727.16,727.24,727.07,727.24,0
2026-07-29 17:48:00,727.15,727.29,727.09,727.18,0
2026-07-29 17:49:00,727.19,727.2717,726.84,726.96,0
2026-07-29 17:50:00,726.89,727.0,726.68,726.941,0
2026-07-29 17:51:00,726.7293,727.16,726.7293,726.93,0
2026-07-29 17:52:00,727.05,727.26,727.01,727.26,0
2026-07-29 17:53:00,727.21,727.26,727.01,727.2199,0
2026-07-29 17:54:00,727.2199,727.34,727.07,727.2853,0
2026-07-29 17:55:00,727.12,727.34,727.09,727.09,0
2026-07-29 17:56:00,727.3,727.45,727.16,727.45,0
2026-07-29 17:57:00,727.45,727.77,727.27,727.7239,0
2026-07-29 17:58:00,727.75,727.92,727.5141,727.67,0
2026-07-29 17:59:00,727.69,727.94,727.65,727.8478,0
2026-07-29 18:00:00,727.92,728.97,727.75,728.94,0
2026-07-29 18:01:00,728.94,729.44,728.8006,729.32,0
2026-07-29 18:02:00,729.3285,729.75,729.3285,729.65,0
2026-07-29 18:03:00,729.63,729.76,729.4282,729.6915,0
2026-07-29 18:04:00,729.66,729.921,729.5313,729.818,0
2026-07-29 18:05:00,729.88,730.39,729.84,730.325,0
2026-07-29 18:06:00,730.2649,730.72,730.22,730.617,0
2026-07-29 18:07:00,730.6205,730.6986,730.5,730.6046,0
2026-07-29 18:08:00,730.63,731.06,730.63,731.0,0
2026-07-29 18:09:00,730.9,731.27,730.8813,731.07,0
2026-07-29 18:10:00,731.23,731.5,731.07,731.4805,0
2026-07-29 18:11:00,731.5,731.87,731.5,731.59,0
2026-07-29 18:12:00,731.59,731.88,731.5,731.83,0
2026-07-29 18:13:00,731.81,731.9,731.5832,731.67,0
2026-07-29 18:14:00,731.7114,731.7114,731.28,731.4,0
2026-07-29 18:15:00,731.45,731.49,731.3,731.3607,0
2026-07-29 18:16:00,731.45,731.7,731.3176,731.67,0
2026-07-29 18:17:00,731.631,731.765,731.61,731.7326,0
2026-07-29 18:18:00,731.7163,731.8,731.5,731.75,0
2026-07-29 18:19:00,731.85,732.0687,731.835,731.9997,0
2026-07-29 18:20:00,731.94,732.05,731.8,731.8,0
2026-07-29 18:21:00,731.76,731.87,731.63,731.74,0
2026-07-29 18:22:00,731.7277,731.88,731.62,731.8474,0
2026-07-29 18:23:00,731.86,732.065,731.79,732.03,0
2026-07-29 18:24:00,731.9846,732.0101,731.5,731.52,0
2026-07-29 18:25:00,731.63,731.6538,731.52,731.6099,0
2026-07-29 18:26:00,731.6099,731.67,731.3404,731.37,0
2026-07-29 18:27:00,731.37,731.5988,731.3469,731.55,0
2026-07-29 18:28:00,731.5388,731.55,731.24,731.38,0
2026-07-29 18:29:00,731.35,731.7826,731.35,731.65,0
2026-07-29 18:30:00,731.6124,731.6979,731.4099,731.4099,0
2026-07-29 18:31:00,731.5114,731.5114,731.351,731.351,0
2026-07-29 18:32:00,731.3826,731.42,731.28,731.3826,0
2026-07-29 18:33:00,731.33,731.51,731.28,731.51,0
2026-07-29 18:34:00,731.5038,731.5038,731.3885,731.4,0
2026-07-29 18:35:00,731.4,731.5014,731.3374,731.5014,0
2026-07-29 18:36:00,731.4768,731.72,731.4768,731.63,0
2026-07-29 18:37:00,731.63,731.76,731.55,731.74,0
2026-07-29 18:38:00,731.77,731.84,731.7181,731.79,0
2026-07-29 18:39:00,731.77,731.77,731.54,731.54,0
2026-07-29 18:40:00,731.535,731.6085,731.4518,731.5,0
2026-07-29 18:41:00,731.5,731.5,731.38,731.41,0
2026-07-29 18:42:00,731.43,731.4926,731.409,731.43,0
2026-07-29 18:43:00,731.4612,731.5,731.35,731.44,0
2026-07-29 18:44:00,731.4948,731.79,731.4948,731.75,0
2026-07-29 18:45:00,731.76,732.06,731.68,732.0417,0
2026-07-29 18:46:00,732.0294,732.0405,731.7186,731.7742,0
2026-07-29 18:47:00,731.8,731.81,731.56,731.5886,0
2026-07-29 18:48:00,731.6533,731.67,731.52,731.57,0
2026-07-29 18:49:00,731.5831,731.65,731.52,731.5567,0
2026-07-29 18:50:00,731.54,731.77,731.47,731.64,0
2026-07-29 18:51:00,731.6,731.64,731.5031,731.53,0
2026-07-29 18:52:00,731.49,731.5426,731.32,731.3942,0
2026-07-29 18:53:00,731.36,731.4296,731.31,731.4296,0
2026-07-29 18:54:00,731.41,731.43,731.31,731.35,0
2026-07-29 18:55:00,731.3714,731.39,731.16,731.3327,0
2026-07-29 18:56:00,731.3327,731.36,731.29,731.3274,0
2026-07-29 18:57:00,731.31,731.38,731.28,731.38,0
2026-07-29 18:58:00,731.38,731.4,731.245,731.245,0
2026-07-29 18:59:00,731.2823,731.4229,731.25,731.385,0
2026-07-29 19:00:00,731.5,731.6215,731.5,731.6215,0
2026-07-29 19:01:00,731.689,731.8,731.62,731.6911,0
2026-07-29 19:02:00,731.8296,731.8771,731.72,731.8202,0
2026-07-29 19:03:00,731.86,731.9988,731.8248,731.99,0
2026-07-29 19:04:00,731.98,732.08,731.89,731.95,0
2026-07-29 19:05:00,731.95,731.99,731.86,731.86,0
2026-07-29 19:06:00,731.9,731.94,731.82,731.82,0
2026-07-29 19:07:00,731.8395,731.8395,731.77,731.82,0
2026-07-29 19:08:00,731.81,732.39,731.7962,732.39,0
2026-07-29 19:09:00,732.43,732.48,732.18,732.247,0
2026-07-29 19:10:00,732.2117,732.2117,731.72,731.8,0
2026-07-29 19:11:00,731.7584,731.8514,731.5,731.7083,0
2026-07-29 19:12:00,731.78,732.0,731.72,732.0,0
2026-07-29 19:13:00,731.995,732.04,731.71,731.7799,0
2026-07-29 19:14:00,731.82,731.82,731.62,731.79,0
2026-07-29 19:15:00,731.8647,732.0,731.83,731.83,0
2026-07-29 19:16:00,731.85,731.8918,731.75,731.819,0
2026-07-29 19:17:00,731.82,732.0826,731.75,732.0826,0
2026-07-29 19:18:00,732.09,732.28,731.9386,732.2685,0
2026-07-29 19:19:00,732.259,732.32,732.17,732.2517,0
2026-07-29 19:20:00,732.26,732.33,732.24,732.25,0
2026-07-29 19:21:00,732.28,732.3037,732.19,732.2,0
2026-07-29 19:22:00,732.199,732.27,732.151,732.1899,0
2026-07-29 19:23:00,732.28,732.46,732.28,732.33,0
2026-07-29 19:24:00,732.33,732.34,732.21,732.3,0
2026-07-29 19:25:00,732.23,732.44,732.19,732.4126,0
2026-07-29 19:26:00,732.36,732.43,732.31,732.3126,0
2026-07-29 19:27:00,732.28,732.32,732.1929,732.2016,0
2026-07-29 19:28:00,732.2399,732.41,732.2374,732.4038,0
2026-07-29 19:29:00,732.33,732.39,732.29,732.319,0
2026-07-29 19:30:00,732.4,732.4507,732.3885,732.3885,0
2026-07-29 19:31:00,732.393,733.0,732.393,732.5535,0
2026-07-29 19:32:00,732.56,732.69,732.56,732.69,0
2026-07-29 19:33:00,732.585,732.6296,732.498,732.52,0
2026-07-29 19:34:00,732.45,732.515,732.4,732.44,0
2026-07-29 19:35:00,732.4316,732.5,732.43,732.4401,0
2026-07-29 19:36:00,732.5487,732.5487,732.46,732.46,0
2026-07-29 19:37:00,732.4957,732.51,732.42,732.45,0
2026-07-29 19:38:00,732.5,732.625,732.44,732.44,0
2026-07-29 19:39:00,732.5,732.7497,732.48,732.48,0
2026-07-29 19:40:00,732.515,732.515,732.28,732.3085,0
2026-07-29 19:41:00,732.289,732.289,732.1,732.15,0
2026-07-29 19:42:00,732.175,732.225,732.15,732.15,0
2026-07-29 19:43:00,732.15,732.29,732.13,732.22,0
2026-07-29 19:44:00,732.2,732.36,732.2,732.2885,0
2026-07-29 19:45:00,732.2885,732.43,732.22,732.43,0
2026-07-29 19:46:00,732.5,732.67,732.4257,732.67,0
2026-07-29 19:47:00,732.61,732.72,732.54,732.58,0
2026-07-29 19:48:00,732.65,732.66,732.55,732.58,0
2026-07-29 19:49:00,732.56,732.56,732.1685,732.27,0
2026-07-29 19:50:00,732.2186,732.4201,732.18,732.2118,0
2026-07-29 19:51:00,732.19,732.2952,732.09,732.1392,0
2026-07-29 19:52:00,732.08,732.16,732.05,732.13,0
2026-07-29 19:53:00,732.07,732.4417,732.07,732.19,0
2026-07-29 19:54:00,732.12,732.5,732.11,732.5,0
2026-07-29 19:55:00,732.58,732.64,732.539,732.64,0
2026-07-29 19:56:00,732.59,732.6098,732.48,732.6,0
2026-07-29 19:57:00,732.66,732.66,732.515,732.5431,0
2026-07-29 19:58:00,732.52,732.56,732.4531,732.5,0
2026-07-29 19:59:00,732.48,732.5,732.39,732.39,0
2026-07-30 04:00:00,731.16,732.7952,729.46,730.25,0
2026-07-30 04:01:00,730.82,732.55,730.1,731.81,0
2026-07-30 04:02:00,731.84,732.79,729.8492,732.11,0
2026-07-30 04:03:00,731.89,732.75,729.98,730.05,0
2026-07-30 04:04:00,730.01,730.37,730.01,730.36,0
2026-07-30 04:05:00,730.38,731.47,730.06,730.65,0
2026-07-30 04:06:00,730.6482,730.99,730.6,730.99,0
2026-07-30 04:07:00,730.958,731.14,730.85,731.13,0
2026-07-30 04:08:00,731.152,731.6,731.152,731.38,0
2026-07-30 04:09:00,731.4582,731.56,731.38,731.56,0
2026-07-30 04:10:00,731.5374,731.75,731.5374,731.75,0
2026-07-30 04:11:00,731.75,731.75,731.46,731.54,0
2026-07-30 04:12:00,731.65,731.77,731.55,731.55,0
2026-07-30 04:13:00,731.572,731.64,731.45,731.51,0
2026-07-30 04:14:00,731.5387,731.5387,731.43,731.46,0
2026-07-30 04:15:00,731.41,731.52,731.37,731.44,0
2026-07-30 04:16:00,731.44,731.44,731.3,731.41,0
2026-07-30 04:17:00,731.44,731.59,731.35,731.55,0
2026-07-30 04:18:00,731.47,731.51,731.35,731.5,0
2026-07-30 04:19:00,731.43,731.4485,731.289,731.31,0
2026-07-30 04:20:00,731.32,731.64,731.3112,731.52,0
2026-07-30 04:21:00,731.52,731.75,731.43,731.734,0
2026-07-30 04:22:00,731.7387,731.7812,731.62,731.69,0
2026-07-30 04:23:00,731.69,732.015,731.69,731.9907,0
2026-07-30 04:24:00,732.06,732.06,731.95,731.98,0
2026-07-30 04:25:00,731.98,732.25,731.97,732.2323,0
2026-07-30 04:26:00,732.26,732.44,732.2417,732.44,0
2026-07-30 04:27:00,732.4382,732.5,732.21,732.21,0
2026-07-30 04:28:00,732.2,732.33,732.16,732.22,0
2026-07-30 04:29:00,732.21,732.34,732.21,732.24,0
2026-07-30 04:30:00,732.3,732.44,732.2,732.33,0
2026-07-30 04:31:00,732.32,732.41,732.19,732.24,0
2026-07-30 04:32:00,732.23,732.4228,732.23,732.3499,0
2026-07-30 04:33:00,732.3,732.53,732.23,732.38,0
2026-07-30 04:34:00,732.33,732.41,732.3182,732.3182,0
2026-07-30 04:35:00,732.29,732.3687,732.24,732.24,0
2026-07-30 04:36:00,732.24,732.35,732.19,732.3,0
2026-07-30 04:37:00,732.39,732.49,732.35,732.4,0
2026-07-30 04:38:00,732.26,732.29,732.199,732.199,0
2026-07-30 04:39:00,732.03,732.03,731.9687,731.9712,0
2026-07-30 04:40:00,731.99,732.09,731.97,732.09,0
2026-07-30 04:41:00,732.12,732.12,732.03,732.04,0
2026-07-30 04:42:00,732.08,732.09,731.97,732.08,0
2026-07-30 04:43:00,732.02,732.1,732.02,732.05,0
2026-07-30 04:44:00,732.11,732.2,732.04,732.04,0
2026-07-30 04:45:00,732.0488,732.08,732.01,732.06,0
2026-07-30 04:46:00,732.14,732.25,732.14,732.25,0
2026-07-30 04:47:00,732.17,732.23,732.17,732.17,0
2026-07-30 04:48:00,732.09,732.14,731.89,731.9,0
2026-07-30 04:49:00,731.85,731.98,731.85,731.98,0
2026-07-30 04:50:00,731.9115,731.9282,731.89,731.9,0
2026-07-30 04:51:00,731.89,731.92,731.89,731.92,0
2026-07-30 04:52:00,731.92,731.92,731.84,731.85,0
2026-07-30 04:53:00,731.8,731.82,731.72,731.78,0
2026-07-30 04:54:00,731.78,731.82,731.7295,731.73,0
2026-07-30 04:55:00,731.6995,731.76,731.53,731.54,0
2026-07-30 04:56:00,731.55,731.6,731.55,731.57,0
2026-07-30 04:57:00,731.5012,731.75,731.5,731.75,0
2026-07-30 04:58:00,731.8,731.87,731.76,731.87,0
2026-07-30 04:59:00,731.82,731.88,731.82,731.86,0
2026-07-30 05:00:00,731.86,731.89,731.8,731.8,0
2026-07-30 05:01:00,731.86,731.95,731.76,731.93,0
2026-07-30 05:02:00,731.93,732.02,731.93,731.97,0
2026-07-30 05:03:00,732.02,732.0515,732.01,732.02,0
2026-07-30 05:04:00,731.94,732.35,731.92,732.2277,0
2026-07-30 05:05:00,732.07,732.19,732.03,732.19,0
2026-07-30 05:06:00,732.21,732.34,732.21,732.34,0
2026-07-30 05:07:00,732.35,732.37,732.23,732.37,0
2026-07-30 05:08:00,732.42,732.43,732.32,732.35,0
2026-07-30 05:09:00,732.351,732.3785,732.33,732.3488,0
2026-07-30 05:10:00,732.38,732.38,732.22,732.25,0
2026-07-30 05:11:00,732.33,732.408,732.282,732.35,0
2026-07-30 05:12:00,732.27,732.38,732.26,732.26,0
2026-07-30 05:13:00,732.27,732.38,732.23,732.38,0
2026-07-30 05:14:00,732.35,732.915,732.28,732.61,0
2026-07-30 05:15:00,732.64,732.73,732.459,732.53,0
2026-07-30 05:16:00,732.54,732.79,732.54,732.729,0
2026-07-30 05:17:00,732.78,732.8,732.65,732.73,0
2026-07-30 05:18:00,732.71,732.71,732.594,732.6,0
2026-07-30 05:19:00,732.59,732.64,732.59,732.64,0
2026-07-30 05:20:00,732.66,732.7212,732.589,732.7212,0
2026-07-30 05:21:00,732.7,733.0,732.64,732.92,0
2026-07-30 05:22:00,732.85,732.96,732.85,732.87,0
2026-07-30 05:23:00,732.91,733.06,732.86,733.02,0
2026-07-30 05:24:00,732.94,733.1,732.94,732.96,0
2026-07-30 05:25:00,732.93,733.02,732.85,732.95,0
2026-07-30 05:26:00,732.99,733.06,732.99,733.06,0
2026-07-30 05:27:00,733.08,733.08,732.97,733.0665,0
2026-07-30 05:28:00,733.03,733.11,732.9,732.9522,0
2026-07-30 05:29:00,732.9,732.96,732.85,732.96,0
2026-07-30 05:30:00,732.9,732.96,732.71,732.7912,0
2026-07-30 05:31:00,732.74,732.8287,732.71,732.8012,0
2026-07-30 05:32:00,732.82,732.93,732.78,732.8882,0
2026-07-30 05:33:00,732.87,733.08,732.86,733.08,0
2026-07-30 05:34:00,733.02,733.175,733.0,733.13,0
2026-07-30 05:35:00,733.18,733.33,733.18,733.22,0
2026-07-30 05:36:00,733.17,733.2572,733.15,733.2572,0
2026-07-30 05:37:00,733.26,733.38,733.23,733.35,0
2026-07-30 05:38:00,733.27,733.27,733.0813,733.2,0
2026-07-30 05:39:00,733.105,733.105,732.95,732.96,0
2026-07-30 05:40:00,733.0,733.0,732.93,732.95,0
2026-07-30 05:41:00,732.88,732.96,732.83,732.83,0
2026-07-30 05:42:00,732.87,732.89,732.82,732.83,0
2026-07-30 05:43:00,732.82,732.83,732.8,732.8,0
2026-07-30 05:44:00,732.82,732.91,732.79,732.91,0
2026-07-30 05:45:00,732.86,732.89,732.86,732.89,0
2026-07-30 05:46:00,732.88,733.02,732.87,733.02,0
2026-07-30 05:47:00,733.02,733.03,732.9492,733.03,0
2026-07-30 05:48:00,733.03,733.03,732.94,732.94,0
2026-07-30 05:49:00,732.87,732.9588,732.86,732.9588,0
2026-07-30 05:50:00,732.99,732.99,732.9,732.9,0
2026-07-30 05:51:00,732.93,732.955,732.87,732.87,0
2026-07-30 05:52:00,732.98,732.98,732.77,732.86,0
2026-07-30 05:53:00,732.82,732.82,732.8,732.8,0
2026-07-30 05:54:00,732.829,732.9,732.75,732.87,0
2026-07-30 05:55:00,732.85,732.895,732.82,732.82,0
2026-07-30 05:56:00,732.8,732.8,732.72,732.77,0
2026-07-30 05:57:00,732.7396,732.7396,732.63,732.63,0
2026-07-30 05:58:00,732.5395,732.54,732.39,732.39,0
2026-07-30 05:59:00,732.32,732.32,732.03,732.09,0
2026-07-30 06:00:00,732.01,732.11,731.7987,732.11,0
2026-07-30 06:01:00,732.06,732.25,732.01,732.25,0
2026-07-30 06:02:00,732.251,732.26,732.25,732.25,0
2026-07-30 06:03:00,732.24,732.24,732.15,732.15,0
2026-07-30 06:04:00,732.13,732.18,732.0,732.0295,0
2026-07-30 06:05:00,732.07,732.3117,732.07,732.3117,0
2026-07-30 06:06:00,732.31,732.35,732.3,732.3,0
2026-07-30 06:07:00,732.31,732.58,732.31,732.5512,0
2026-07-30 06:08:00,732.59,732.59,732.45,732.45,0
2026-07-30 06:09:00,732.5552,732.64,732.5552,732.6,0
2026-07-30 06:10:00,732.68,732.82,732.68,732.71,0
2026-07-30 06:11:00,732.66,732.66,732.52,732.52,0
2026-07-30 06:12:00,732.5,732.5,732.31,732.36,0
2026-07-30 06:13:00,732.26,732.3,732.22,732.3,0
2026-07-30 06:14:00,732.3212,732.34,732.31,732.31,0
2026-07-30 06:15:00,732.38,732.5,732.3696,732.5,0
2026-07-30 06:16:00,732.53,732.74,732.53,732.5485,0
2026-07-30 06:17:00,732.52,732.84,732.51,732.78,0
2026-07-30 06:18:00,732.78,732.9,732.78,732.9,0
2026-07-30 06:19:00,732.99,733.04,732.89,732.98,0
2026-07-30 06:20:00,733.07,733.1,732.98,733.1,0
2026-07-30 06:21:00,733.0588,733.19,733.0,733.19,0
2026-07-30 06:22:00,733.16,733.24,733.14,733.1979,0
2026-07-30 06:23:00,733.24,733.26,733.16,733.19,0
2026-07-30 06:24:00,733.23,733.23,733.06,733.06,0
2026-07-30 06:25:00,733.19,733.33,733.19,733.32,0
2026-07-30 06:26:00,733.36,733.46,733.27,733.34,0
2026-07-30 06:27:00,733.36,733.38,733.19,733.2187,0
2026-07-30 06:28:00,733.19,733.26,733.1592,733.17,0
2026-07-30 06:29:00,733.14,733.26,733.13,733.25,0
2026-07-30 06:30:00,733.23,733.27,733.17,733.17,0
2026-07-30 06:31:00,733.2,733.37,733.2,733.36,0
2026-07-30 06:32:00,733.31,733.3196,733.24,733.26,0
2026-07-30 06:33:00,733.3085,733.3085,733.1201,733.1201,0
2026-07-30 06:34:00,733.13,733.13,733.02,733.09,0
2026-07-30 06:35:00,733.11,733.3,733.11,733.3,0
2026-07-30 06:36:00,733.33,733.38,733.33,733.38,0
2026-07-30 06:37:00,733.37,733.3788,733.28,733.3285,0
2026-07-30 06:38:00,733.3215,733.3882,733.3,733.3,0
2026-07-30 06:39:00,733.25,733.37,733.2,733.37,0
2026-07-30 06:40:00,733.37,733.67,733.31,733.54,0
2026-07-30 06:41:00,733.5787,733.6,733.3527,733.6,0
2026-07-30 06:42:00,733.4485,733.48,733.4,733.41,0
2026-07-30 06:43:00,733.42,733.74,733.42,733.62,0
2026-07-30 06:44:00,733.6996,733.71,733.49,733.57,0
2026-07-30 06:45:00,733.4982,733.75,733.49,733.68,0
2026-07-30 06:46:00,733.7185,733.73,733.66,733.687,0
2026-07-30 06:47:00,733.72,733.75,733.68,733.7212,0
2026-07-30 06:48:00,733.72,733.72,733.61,733.66,0
2026-07-30 06:49:00,733.71,733.71,733.54,733.54,0
2026-07-30 06:50:00,733.54,733.8,733.52,733.73,0
2026-07-30 06:51:00,733.7,733.72,733.6092,733.6338,0
2026-07-30 06:52:00,733.689,733.74,733.6584,733.72,0
2026-07-30 06:53:00,733.6915,733.71,733.38,733.4482,0
2026-07-30 06:54:00,733.42,733.42,733.15,733.15,0
2026-07-30 06:55:00,733.16,733.29,733.15,733.29,0
2026-07-30 06:56:00,733.23,733.23,733.07,733.0783,0
2026-07-30 06:57:00,733.11,733.1669,733.0722,733.09,0
2026-07-30 06:58:00,733.0,733.04,733.0,733.04,0
2026-07-30 06:59:00,733.05,733.16,733.0015,733.11,0
2026-07-30 07:00:00,733.14,733.5,729.46,729.46,0
2026-07-30 07:01:00,733.4397,733.45,729.46,733.42,0
2026-07-30 07:02:00,733.42,733.6384,733.42,733.47,0
2026-07-30 07:03:00,733.462,733.6,733.4,733.4757,0
2026-07-30 07:04:00,733.505,733.5407,733.45,733.52,0
2026-07-30 07:05:00,733.48,733.6392,733.4649,733.5801,0
2026-07-30 07:06:00,733.5912,733.795,733.58,733.7676,0
2026-07-30 07:07:00,733.75,733.82,733.67,733.6927,0
2026-07-30 07:08:00,733.6629,733.779,733.58,733.7681,0
2026-07-30 07:09:00,733.78,733.8,733.7209,733.75,0
2026-07-30 07:10:00,733.7377,733.85,733.67,733.7107,0
2026-07-30 07:11:00,733.67,733.7606,733.61,733.7116,0
2026-07-30 07:12:00,733.71,733.85,733.71,733.7641,0
2026-07-30 07:13:00,733.78,733.78,733.49,733.5823,0
2026-07-30 07:14:00,733.5683,733.62,733.54,733.6018,0
2026-07-30 07:15:00,733.62,733.7,733.5397,733.681,0
2026-07-30 07:16:00,733.71,733.94,733.65,733.9,0
2026-07-30 07:17:00,733.9423,734.08,733.8711,734.02,0
2026-07-30 07:18:00,734.0092,734.08,733.98,733.98,0
2026-07-30 07:19:00,733.92,734.02,733.8392,733.8392,0
2026-07-30 07:20:00,733.8877,733.9506,733.8703,733.8824,0
2026-07-30 07:21:00,733.8508,733.8732,733.8,733.83,0
2026-07-30 07:22:00,733.8122,733.9005,733.7446,733.9005,0
2026-07-30 07:23:00,733.8894,733.8929,733.81,733.8887,0
2026-07-30 07:24:00,733.8938,734.17,733.86,734.1452,0
2026-07-30 07:25:00,734.17,734.2355,734.13,734.23,0
2026-07-30 07:26:00,734.2354,734.3,734.19,734.2339,0
2026-07-30 07:27:00,734.24,734.3,734.11,734.22,0
2026-07-30 07:28:00,734.18,734.33,734.14,734.19,0
2026-07-30 07:29:00,734.2197,734.3,734.17,734.2612,0
2026-07-30 07:30:00,734.3059,734.3772,734.25,734.27,0
2026-07-30 07:31:00,734.2983,734.3545,734.2212,734.29,0
2026-07-30 07:32:00,734.34,734.41,734.15,734.16,0
2026-07-30 07:33:00,734.12,734.16,734.05,734.1232,0
2026-07-30 07:34:00,734.12,734.22,733.99,734.05,0
2026-07-30 07:35:00,734.0212,734.18,734.0212,734.18,0
2026-07-30 07:36:00,734.162,734.31,734.16,734.31,0
2026-07-30 07:37:00,734.33,734.43,734.28,734.4082,0
2026-07-30 07:38:00,734.44,734.455,734.4,734.455,0
2026-07-30 07:39:00,734.47,734.48,734.26,734.2899,0
2026-07-30 07:40:00,734.2552,734.339,734.2,734.25,0
2026-07-30 07:41:00,734.29,734.31,734.05,734.0607,0
2026-07-30 07:42:00,734.0403,734.25,733.9985,734.2419,0
2026-07-30 07:43:00,734.29,734.45,734.25,734.4027,0
2026-07-30 07:44:00,734.4,734.4,734.0995,734.1001,0
2026-07-30 07:45:00,734.13,734.43,734.13,734.43,0
2026-07-30 07:46:00,734.42,734.4465,734.3074,734.42,0
2026-07-30 07:47:00,734.419,734.46,734.28,734.3227,0
2026-07-30 07:48:00,734.26,734.37,734.25,734.361,0
2026-07-30 07:49:00,734.4117,734.55,734.3477,734.46,0
2026-07-30 07:50:00,734.41,734.54,734.39,734.5352,0
2026-07-30 07:51:00,734.51,734.55,734.3613,734.3613,0
2026-07-30 07:52:00,734.365,734.47,734.3,734.3,0
2026-07-30 07:53:00,734.3,734.54,734.3,734.5004,0
2026-07-30 07:54:00,734.54,734.71,734.53,734.7,0
2026-07-30 07:55:00,734.67,734.73,734.53,734.55,0
2026-07-30 07:56:00,734.56,734.6179,734.53,734.53,0
2026-07-30 07:57:00,734.56,734.5961,734.52,734.5656,0
2026-07-30 07:58:00,734.54,734.6701,734.54,734.6307,0
2026-07-30 07:59:00,734.55,734.6,734.45,734.55,0
2026-07-30 08:00:00,734.52,734.62,734.3969,734.4,0
2026-07-30 08:01:00,734.4,734.4258,734.13,734.18,0
2026-07-30 08:02:00,734.1643,734.5,734.15,734.42,0
2026-07-30 08:03:00,734.4309,734.7888,734.37,734.7845,0
2026-07-30 08:04:00,734.7673,734.85,734.7672,734.8124,0
2026-07-30 08:05:00,734.84,734.89,734.72,734.86,0
2026-07-30 08:06:00,734.86,734.9,734.79,734.9,0
2026-07-30 08:07:00,734.91,734.93,734.76,734.848,0
2026-07-30 08:08:00,734.8714,734.94,734.75,734.75,0
2026-07-30 08:09:00,734.75,734.9587,734.74,734.8964,0
2026-07-30 08:10:00,734.9,735.0,734.8575,734.92,0
2026-07-30 08:11:00,734.92,735.0,734.7952,734.7952,0
2026-07-30 08:12:00,734.74,734.928,734.71,734.79,0
2026-07-30 08:13:00,734.83,734.969,734.8,734.9027,0
2026-07-30 08:14:00,734.9,735.05,734.9,734.96,0
2026-07-30 08:15:00,735.02,735.0408,734.9,734.9499,0
2026-07-30 08:16:00,734.91,734.97,734.87,734.91,0
2026-07-30 08:17:00,734.9058,734.9058,734.8,734.8101,0
2026-07-30 08:18:00,734.81,734.91,734.81,734.91,0
2026-07-30 08:19:00,734.91,734.9573,734.79,734.8,0
2026-07-30 08:20:00,734.8,734.8,734.41,734.49,0
2026-07-30 08:21:00,734.5,734.64,734.5,734.5699,0
2026-07-30 08:22:00,734.55,734.57,734.43,734.48,0
2026-07-30 08:23:00,734.45,734.65,734.45,734.65,0
2026-07-30 08:24:00,734.67,734.89,734.67,734.8,0
2026-07-30 08:25:00,734.8081,734.85,734.7,734.7012,0
2026-07-30 08:26:00,734.73,734.9142,734.7,734.79,0
2026-07-30 08:27:00,734.79,734.7907,734.5208,734.55,0
2026-07-30 08:28:00,734.5,734.5,734.245,734.29,0
2026-07-30 08:29:00,734.3165,734.695,734.19,734.4079,0
2026-07-30 08:30:00,734.4601,735.15,734.4,734.85,0
2026-07-30 08:31:00,734.8585,734.8585,734.41,734.4738,0
2026-07-30 08:32:00,734.5,734.5,734.2198,734.3,0
2026-07-30 08:33:00,734.3,734.385,734.129,734.142,0
2026-07-30 08:34:00,734.1471,734.41,733.93,734.1876,0
2026-07-30 08:35:00,734.28,734.5,734.14,734.4631,0
2026-07-30 08:36:00,734.49,734.65,734.341,734.38,0
2026-07-30 08:37:00,734.405,734.45,734.05,734.1048,0
2026-07-30 08:38:00,734.08,734.21,734.07,734.18,0
2026-07-30 08:39:00,734.2,734.28,734.0593,734.2395,0
2026-07-30 08:40:00,734.2594,734.2918,733.93,733.98,0
2026-07-30 08:41:00,734.0162,734.34,733.97,733.98,0
2026-07-30 08:42:00,734.02,734.33,733.95,734.2421,0
2026-07-30 08:43:00,734.16,734.19,733.92,734.16,0
2026-07-30 08:44:00,734.1752,734.1759,734.01,734.13,0
2026-07-30 08:45:00,734.1548,734.19,734.07,734.1212,0
2026-07-30 08:46:00,734.16,734.22,733.97,734.089,0
2026-07-30 08:47:00,734.08,734.11,729.46,734.05,0
2026-07-30 08:48:00,734.06,734.2401,734.01,734.2401,0
2026-07-30 08:49:00,734.24,734.24,734.09,734.1281,0
2026-07-30 08:50:00,734.2,734.29,734.1406,734.2306,0
2026-07-30 08:51:00,734.24,734.37,734.15,734.3599,0
2026-07-30 08:52:00,734.3717,734.4,734.2123,734.2415,0
2026-07-30 08:53:00,734.24,734.35,734.16,734.35,0
2026-07-30 08:54:00,734.3214,734.5,734.27,734.42,0
2026-07-30 08:55:00,734.3704,734.419,734.26,734.29,0
2026-07-30 08:56:00,734.25,734.4,734.22,734.3613,0
2026-07-30 08:57:00,734.358,734.55,734.2777,734.51,0
2026-07-30 08:58:00,734.44,734.6317,734.4076,734.49,0
2026-07-30 08:59:00,734.4977,734.5811,734.38,734.4172,0
2026-07-30 09:00:00,734.47,734.9151,734.35,734.8,0
2026-07-30 09:01:00,734.8,735.03,734.79,734.97,0
2026-07-30 09:02:00,734.98,735.03,734.92,734.92,0
2026-07-30 09:03:00,734.91,734.96,734.79,734.95,0
2026-07-30 09:04:00,734.96,735.03,734.87,734.9275,0
2026-07-30 09:05:00,734.98,735.09,734.93,735.0893,0
2026-07-30 09:06:00,735.1,735.2,735.01,735.15,0
2026-07-30 09:07:00,735.15,735.56,735.08,735.14,0
2026-07-30 09:08:00,735.2,735.2,734.97,735.04,0
2026-07-30 09:09:00,735.09,735.09,734.88,734.89,0
2026-07-30 09:10:00,734.85,734.92,734.67,734.68,0
2026-07-30 09:11:00,734.68,734.71,734.55,734.7,0
2026-07-30 09:12:00,734.69,734.9017,734.6,734.77,0
2026-07-30 09:13:00,734.84,735.15,734.7904,735.0,0
2026-07-30 09:14:00,735.0,735.0083,734.72,734.8,0
2026-07-30 09:30:00,736.05,736.27,735.16,735.5101,2361885
2026-07-30 09:31:00,735.52,735.73,735.3107,735.51,268971
2026-07-30 09:32:00,735.495,735.77,735.345,735.48,298830
2026-07-30 09:33:00,735.475,735.61,734.97,735.29,277476
2026-07-30 09:34:00,735.3,735.7,735.07,735.4451,269471
2026-07-30 09:35:00,735.44,735.785,735.0375,735.57,214790
2026-07-30 09:36:00,735.56,735.84,735.335,735.73,254885
2026-07-30 09:37:00,735.72,736.02,735.23,736.0192,173629
2026-07-30 09:38:00,736.0,736.05,735.43,735.51,216504
2026-07-30 09:39:00,735.51,735.59,734.98,735.34,166521
2026-07-30 09:40:00,735.31,735.44,734.63,734.725,234418
2026-07-30 09:41:00,734.74,735.37,734.7,735.16,198409
2026-07-30 09:42:00,735.13,736.05,735.03,735.88,203455
2026-07-30 09:43:00,735.86,736.49,735.82,736.45,228324
2026-07-30 09:44:00,736.46,736.79,736.34,736.395,235986
2026-07-30 09:45:00,736.39,736.91,736.35,736.84,332401
2026-07-30 09:46:00,736.855,737.38,736.77,737.28,241003
2026-07-30 09:47:00,737.28,737.31,736.83,737.15,286044
2026-07-30 09:48:00,737.15,737.31,736.96,737.14,224641
2026-07-30 09:49:00,737.14,737.43,737.08,737.4,210842
2026-07-30 09:50:00,737.39,738.31,737.07,738.11,320647
2026-07-30 09:51:00,738.12,738.3641,737.81,737.87,240946
2026-07-30 09:52:00,737.865,737.91,737.26,737.58,233707
2026-07-30 09:53:00,737.58,738.11,737.51,737.64,121360
2026-07-30 09:54:00,737.63,737.99,737.56,737.87,130414
2026-07-30 09:55:00,737.865,738.07,737.59,737.93,197958
2026-07-30 09:56:00,737.93,738.05,737.64,737.86,176616
2026-07-30 09:57:00,737.86,738.13,737.7,737.96,154684
2026-07-30 09:58:00,737.97,738.09,737.72,738.08,219421
2026-07-30 09:59:00,738.08,738.66,738.04,738.625,214687
2026-07-30 10:00:00,738.625,738.72,738.28,738.72,404411
2026-07-30 10:01:00,738.71,738.896,738.47,738.71,328905
2026-07-30 10:02:00,738.71,738.99,738.5,738.69,241976
2026-07-30 10:03:00,738.71,738.71,738.08,738.39,221258
2026-07-30 10:04:00,738.4,738.8,738.34,738.58,183291
2026-07-30 10:05:00,738.58,738.76,738.28,738.61,172438
2026-07-30 10:06:00,738.62,738.905,738.36,738.63,106315
2026-07-30 10:07:00,738.64,738.73,738.06,738.09,101451
2026-07-30 10:08:00,738.11,738.13,737.65,737.75,207706
2026-07-30 10:09:00,737.755,737.83,737.55,737.7672,204308
2026-07-30 10:10:00,737.76,737.955,737.49,737.65,160709
2026-07-30 10:11:00,737.64,738.0591,737.44,738.05,182476
2026-07-30 10:12:00,738.045,738.155,737.76,737.9351,103670
2026-07-30 10:13:00,737.95,737.96,737.54,737.66,104421
2026-07-30 10:14:00,737.67,738.03,737.65,737.98,118907
2026-07-30 10:15:00,737.98,738.13,737.81,738.08,98704
2026-07-30 10:16:00,738.09,738.38,737.95,738.33,70756
2026-07-30 10:17:00,738.31,738.48,737.9008,737.93,109467
2026-07-30 10:18:00,737.93,737.935,737.38,737.77,172347
2026-07-30 10:19:00,737.76,737.9,737.505,737.79,87772
2026-07-30 10:20:00,737.79,737.93,737.62,737.865,102436
2026-07-30 10:21:00,737.87,738.36,737.8502,738.15,94819
2026-07-30 10:22:00,738.165,738.38,737.872,738.31,88389
2026-07-30 10:23:00,738.29,738.57,738.17,738.17,78834
2026-07-30 10:24:00,738.17,738.335,737.755,737.97,125131
2026-07-30 10:25:00,737.97,738.16,737.85,738.1,99950
2026-07-30 10:26:00,738.1,738.25,737.73,738.16,72148
2026-07-30 10:27:00,738.17,738.75,738.09,738.7399,118908
2026-07-30 10:28:00,738.73,739.3,738.72,739.01,128793
2026-07-30 10:29:00,738.99,739.07,738.5798,738.5798,263409
2026-07-30 10:30:00,738.64,738.7,738.18,738.64,343614
2026-07-30 10:31:00,738.65,738.88,738.4,738.8,113549
2026-07-30 10:32:00,738.81,738.87,738.56,738.75,82872
2026-07-30 10:33:00,738.73,738.73,738.32,738.51,131290
2026-07-30 10:34:00,738.5,738.57,738.055,738.36,146414
2026-07-30 10:35:00,738.321,738.35,738.0372,738.1,73612
2026-07-30 10:36:00,738.08,738.885,738.04,738.79,120421
2026-07-30 10:37:00,738.78,738.9399,738.61,738.82,0
2026-07-30 10:38:00,738.81,738.81,738.4938,738.585,75337
2026-07-30 10:39:00,738.57,738.76,738.49,738.685,78964
2026-07-30 10:40:00,738.69,738.97,738.55,738.92,84589
2026-07-30 10:41:00,738.95,739.11,738.8201,739.015,70508
2026-07-30 10:42:00,739.03,739.11,738.51,738.53,72301
2026-07-30 10:43:00,738.525,738.525,738.06,738.08,113501
2026-07-30 10:44:00,738.065,738.065,737.68,737.84,113948
2026-07-30 10:45:00,737.8499,738.06,737.54,738.06,101072
2026-07-30 10:46:00,738.06,738.15,737.6,737.71,87862
2026-07-30 10:47:00,737.7,737.84,737.3399,737.3399,137846
2026-07-30 10:48:00,737.34,737.34,736.83,737.12,146015
2026-07-30 10:49:00,737.115,737.39,736.85,737.22,119368
2026-07-30 10:50:00,737.22,737.355,736.98,737.04,94285
2026-07-30 10:51:00,737.05,737.19,736.7,736.97,598476
2026-07-30 10:52:00,736.975,737.005,736.6501,736.66,93855
2026-07-30 10:53:00,736.68,736.69,736.34,736.43,135531
2026-07-30 10:54:00,736.43,736.44,736.085,736.21,255975
2026-07-30 10:55:00,736.2,736.23,735.85,736.1574,215647
2026-07-30 10:56:00,736.15,736.22,735.6099,735.8,312707
2026-07-30 10:57:00,735.81,736.08,735.64,736.0,117898
2026-07-30 10:58:00,736.0,736.2691,735.825,736.2,141199
2026-07-30 10:59:00,736.215,736.57,736.12,736.23,169219
2026-07-30 11:00:00,736.23,736.28,735.31,735.475,146917
2026-07-30 11:01:00,735.48,735.7096,735.32,735.435,113446
2026-07-30 11:02:00,735.43,735.93,735.26,735.93,161491
2026-07-30 11:03:00,735.93,736.4,735.795,736.4,142502
2026-07-30 11:04:00,736.37,736.59,735.95,736.265,148264
2026-07-30 11:05:00,736.22,736.42,736.09,736.16,144852
2026-07-30 11:06:00,736.17,736.23,735.76,735.84,119252
2026-07-30 11:07:00,735.84,735.97,735.53,735.6,82420
2026-07-30 11:08:00,735.6,735.94,735.39,735.92,231708
2026-07-30 11:09:00,735.93,736.82,735.81,736.75,124546
2026-07-30 11:10:00,736.7401,736.77,735.85,735.92,110284
2026-07-30 11:11:00,735.93,735.95,735.35,735.45,85299
2026-07-30 11:12:00,735.4401,735.61,735.3165,735.52,95313
2026-07-30 11:13:00,735.52,735.53,734.94,735.0601,251468
2026-07-30 11:14:00,735.06,735.255,734.83,734.89,91525
2026-07-30 11:15:00,734.87,735.37,734.59,735.37,161580
2026-07-30 11:16:00,735.4199,735.73,735.3,735.4,103445
2026-07-30 11:17:00,735.43,735.65,735.0,735.09,194596
2026-07-30 11:18:00,735.08,735.47,735.06,735.38,75408
2026-07-30 11:19:00,735.36,735.55,735.2575,735.47,80623
2026-07-30 11:20:00,735.48,735.52,735.23,735.435,59556
2026-07-30 11:21:00,735.46,736.165,735.42,735.92,90616
2026-07-30 11:22:00,735.9,736.09,735.67,735.9,81191
2026-07-30 11:23:00,735.86,735.91,735.21,735.65,85240
2026-07-30 11:24:00,735.63,735.65,735.27,735.43,197500
2026-07-30 11:25:00,735.425,735.82,735.07,735.18,74919
2026-07-30 11:26:00,735.15,735.3,734.63,735.295,137446
2026-07-30 11:27:00,735.32,735.41,734.985,735.06,194229
2026-07-30 11:28:00,735.09,735.14,734.83,735.02,79375
2026-07-30 11:29:00,735.04,735.2,734.73,734.8,74287
2026-07-30 11:30:00,734.84,734.975,734.68,734.8,82322
2026-07-30 11:31:00,734.82,735.24,734.76,735.01,101249
2026-07-30 11:32:00,734.99,735.29,734.96,735.14,57439
2026-07-30 11:33:00,735.14,735.3,734.93,735.29,53365
2026-07-30 11:34:00,735.29,736.08,735.125,736.08,98045
2026-07-30 11:35:00,736.09,736.24,735.81,735.89,77913
2026-07-30 11:36:00,735.87,736.46,735.87,736.46,70101
2026-07-30 11:37:00,736.45,736.45,735.54,735.57,97608
2026-07-30 11:38:00,735.58,735.77,735.45,735.65,50175
2026-07-30 11:39:00,735.67,735.93,735.58,735.93,37297
2026-07-30 11:40:00,735.92,736.24,735.78,736.0959,77067
2026-07-30 11:41:00,736.0695,736.34,735.99,736.23,68241
2026-07-30 11:42:00,736.22,736.445,736.0,736.445,91829
2026-07-30 11:43:00,736.44,736.73,736.33,736.71,70718
2026-07-30 11:44:00,736.71,736.97,736.62,736.623,91482
2026-07-30 11:45:00,736.65,736.93,736.65,736.82,48535
2026-07-30 11:46:00,736.81,737.15,736.77,737.07,79716
2026-07-30 11:47:00,737.06,737.32,737.06,737.14,234050
2026-07-30 11:48:00,737.135,737.2075,736.87,736.9301,368270
2026-07-30 11:49:00,736.93,737.1,736.73,737.075,85210
2026-07-30 11:50:00,737.08,737.22,736.77,736.86,72711
2026-07-30 11:51:00,736.85,737.1,736.59,737.1,74243
2026-07-30 11:52:00,737.09,737.09,736.38,736.6301,82824
2026-07-30 11:53:00,736.6499,737.11,736.61,737.015,228345
2026-07-30 11:54:00,737.05,737.25,736.875,737.23,66537
2026-07-30 11:55:00,737.23,737.565,737.23,737.5001,69695
2026-07-30 11:56:00,737.52,737.67,737.4,737.4,201121
2026-07-30 11:57:00,737.4,737.565,737.29,737.55,102907
2026-07-30 11:58:00,737.57,737.57,737.25,737.37,44845
2026-07-30 11:59:00,737.34,737.35,737.0601,737.13,172032
2026-07-30 12:00:00,737.15,737.18,736.87,737.07,77236
2026-07-30 12:01:00,737.1,737.49,736.965,737.48,335206
2026-07-30 12:02:00,737.5004,737.75,737.37,737.75,196358
2026-07-30 12:03:00,737.77,737.86,737.68,737.8035,51526
2026-07-30 12:04:00,737.79,738.3457,737.765,738.28,108490
2026-07-30 12:05:00,738.27,738.43,737.99,738.1,100747
2026-07-30 12:06:00,738.11,738.27,737.985,738.0,95823
2026-07-30 12:07:00,738.01,738.145,737.88,738.12,100740
2026-07-30 12:08:00,738.12,738.25,737.97,738.225,41065
2026-07-30 12:09:00,738.225,738.25,738.05,738.19,46995
2026-07-30 12:10:00,738.18,738.495,738.13,738.39,178464
2026-07-30 12:11:00,738.41,738.66,738.3,738.63,70106
2026-07-30 12:12:00,738.61,738.8,738.52,738.8,186158
2026-07-30 12:13:00,738.8,738.98,738.79,738.9501,267466
2026-07-30 12:14:00,738.97,738.98,738.72,738.865,43696
2026-07-30 12:15:00,738.87,738.97,738.82,738.84,46884
2026-07-30 12:16:00,738.86,739.07,738.85,739.06,67074
2026-07-30 12:17:00,739.07,739.08,738.84,739.08,72391
2026-07-30 12:18:00,739.07,739.13,738.82,739.09,52112
2026-07-30 12:19:00,739.09,739.22,738.89,738.95,46600
2026-07-30 12:20:00,738.95,739.13,738.86,739.08,76636
2026-07-30 12:21:00,739.0795,739.12,738.94,739.12,42047
2026-07-30 12:22:00,739.11,739.12,738.83,738.85,37621
2026-07-30 12:23:00,738.83,738.86,738.58,738.79,93581
2026-07-30 12:24:00,738.78,738.86,738.59,738.665,159877
2026-07-30 12:25:00,738.65,738.7,738.5402,738.67,49182
2026-07-30 12:26:00,738.64,738.77,738.58,738.72,31170
2026-07-30 12:27:00,738.71,738.95,738.7,738.95,51803
2026-07-30 12:28:00,738.97,738.97,738.71,738.81,39656
2026-07-30 12:29:00,738.81,738.88,738.67,738.76,37125
2026-07-30 12:30:00,738.77,738.89,738.47,738.49,55039
2026-07-30 12:31:00,738.495,738.59,738.36,738.535,62130
2026-07-30 12:32:00,738.58,738.7,738.4,738.6801,38641
2026-07-30 12:33:00,738.7,738.76,738.57,738.72,91066
2026-07-30 12:34:00,738.745,738.825,738.59,738.74,61611
2026-07-30 12:35:00,738.765,739.05,738.71,738.8475,82934
2026-07-30 12:36:00,738.85,738.97,738.7412,738.84,42074
2026-07-30 12:37:00,738.85,738.86,738.59,738.63,55652
2026-07-30 12:38:00,738.64,738.67,738.4901,738.56,29038
2026-07-30 12:39:00,738.56,738.67,738.4808,738.51,23198
2026-07-30 12:40:00,738.51,738.545,738.08,738.09,67920
2026-07-30 12:41:00,738.09,738.2,737.89,738.05,61647
2026-07-30 12:42:00,738.08,738.13,737.8,737.905,48936
2026-07-30 12:43:00,737.87,738.22,737.755,738.01,115981
2026-07-30 12:44:00,737.99,738.08,737.89,738.03,114966
2026-07-30 12:45:00,738.04,738.48,738.0,738.4,87847
2026-07-30 12:46:00,738.4,738.75,738.4,738.562,103614
2026-07-30 12:47:00,738.57,738.64,738.43,738.5,48190
2026-07-30 12:48:00,738.485,738.57,738.44,738.46,17828
2026-07-30 12:49:00,738.43,738.62,738.39,738.56,34472
2026-07-30 12:50:00,738.59,738.67,738.27,738.39,41602
2026-07-30 12:51:00,738.395,738.85,738.39,738.8375,39511
2026-07-30 12:52:00,738.84,739.17,738.79,739.135,71501
2026-07-30 12:53:00,739.15,739.16,738.89,739.0,68630
2026-07-30 12:54:00,738.98,739.08,738.94,738.97,33233
2026-07-30 12:55:00,738.97,739.12,738.86,739.08,53108
2026-07-30 12:56:00,739.07,739.17,738.98,739.06,26582
2026-07-30 12:57:00,739.06,739.09,738.88,738.891,28360
2026-07-30 12:58:00,738.89,739.01,738.7801,738.99,49967
2026-07-30 12:59:00,739.02,739.04,738.93,738.985,45480
2026-07-30 13:00:00,738.98,739.89,738.9799,739.77,194212
2026-07-30 13:01:00,739.7775,740.05,739.74,740.02,121503
2026-07-30 13:02:00,740.02,740.045,739.73,739.78,99801
2026-07-30 13:03:00,739.79,739.92,739.73,739.75,74461
2026-07-30 13:04:00,739.79,739.98,739.77,739.95,44208
2026-07-30 13:05:00,739.96,740.0,739.85,739.91,60197
2026-07-30 13:06:00,739.91,740.13,739.86,739.915,74649
2026-07-30 13:07:00,739.94,739.95,739.68,739.74,101418
2026-07-30 13:08:00,739.74,739.8,739.655,739.75,59595
2026-07-30 13:09:00,739.73,739.8,739.6195,739.78,31875
2026-07-30 13:10:00,739.79,739.99,739.76,739.845,43336
2026-07-30 13:11:00,739.84,739.91,739.67,739.9,34817
2026-07-30 13:12:00,739.91,739.93,739.53,739.705,65651
2026-07-30 13:13:00,739.71,739.78,739.66,739.73,155507
2026-07-30 13:14:00,739.74,739.81,739.69,739.7,280644
2026-07-30 13:15:00,739.7,739.81,739.64,739.64,36635
2026-07-30 13:16:00,739.65,740.04,739.65,740.0,44788
2026-07-30 13:17:00,740.0,740.0918,739.965,739.98,39169
2026-07-30 13:18:00,739.985,740.03,739.8,739.84,48528
2026-07-30 13:19:00,739.84,740.24,739.83,740.18,70919
2026-07-30 13:20:00,740.17,740.18,739.962,740.15,54694
2026-07-30 13:21:00,740.145,740.17,740.01,740.11,34467
2026-07-30 13:22:00,740.08,740.082,739.7612,739.7999,46081
2026-07-30 13:23:00,739.8,740.0,739.79,739.98,51593
2026-07-30 13:24:00,739.97,739.99,739.8512,739.98,46072
2026-07-30 13:25:00,739.96,739.97,739.78,739.86,42123
2026-07-30 13:26:00,739.85,739.87,739.71,739.8,285793
2026-07-30 13:27:00,739.79,739.99,739.79,739.86,43631
2026-07-30 13:28:00,739.85,739.9,739.65,739.76,52697
2026-07-30 13:29:00,739.75,739.8,739.66,739.76,39139
2026-07-30 13:30:00,739.765,740.01,739.73,739.845,73280
2026-07-30 13:31:00,739.86,739.86,739.7025,739.77,52283
2026-07-30 13:32:00,739.78,739.79,739.62,739.635,55662
2026-07-30 13:33:00,739.635,739.69,739.455,739.535,80067
2026-07-30 13:34:00,739.535,739.58,739.38,739.53,59372
2026-07-30 13:35:00,739.54,739.75,739.51,739.7399,50189
2026-07-30 13:36:00,739.74,739.89,739.68,739.88,93558
2026-07-30 13:37:00,739.88,739.93,739.48,739.53,64094
2026-07-30 13:38:00,739.55,739.57,739.19,739.5,221324
2026-07-30 13:39:00,739.52,739.52,739.28,739.3,53608
2026-07-30 13:40:00,739.35,739.64,739.35,739.575,70069
2026-07-30 13:41:00,739.58,739.76,739.57,739.715,98111
2026-07-30 13:42:00,739.71,739.98,739.69,739.7401,48511
2026-07-30 13:43:00,739.77,740.16,739.77,739.96,172617
2026-07-30 13:44:00,739.935,739.99,739.87,739.91,49769
2026-07-30 13:45:00,739.91,740.02,739.88,739.89,52079
2026-07-30 13:46:00,739.89,740.16,739.875,740.11,41159
2026-07-30 13:47:00,740.13,740.16,739.95,739.96,34906
2026-07-30 13:48:00,739.95,740.11,739.93,740.1,33567
2026-07-30 13:49:00,740.1,740.1,739.86,739.8703,298937
2026-07-30 13:50:00,739.87,740.1,739.82,740.1,44542
2026-07-30 13:51:00,740.09,740.38,740.07,740.295,79479
2026-07-30 13:52:00,740.3,740.34,739.985,740.1,66109
2026-07-30 13:53:00,740.1,740.11,739.88,739.88,41753
2026-07-30 13:54:00,739.85,740.03,739.85,739.87,32619
2026-07-30 13:55:00,739.86,739.91,739.6512,739.91,43656
2026-07-30 13:56:00,739.91,739.97,739.77,739.895,26190
2026-07-30 13:57:00,739.88,739.99,739.844,739.94,29058
2026-07-30 13:58:00,739.94,739.96,739.72,739.81,41032
2026-07-30 13:59:00,739.82,739.945,739.73,739.78,34106
2026-07-30 14:00:00,739.785,740.1,739.785,740.04,67276
2026-07-30 14:01:00,740.05,740.25,740.04,740.2,102070
2026-07-30 14:02:00,740.19,740.3,740.1,740.2,179715
2026-07-30 14:03:00,740.2,740.25,739.95,740.01,48962
2026-07-30 14:04:00,740.0178,740.03,739.72,739.76,189468
2026-07-30 14:05:00,739.74,739.99,739.705,739.93,83296
2026-07-30 14:06:00,739.95,740.06,739.91,740.06,52984
2026-07-30 14:07:00,740.09,740.14,739.98,740.02,50930
2026-07-30 14:08:00,740.01,740.16,739.91,740.155,92888
2026-07-30 14:09:00,740.155,740.22,740.08,740.085,70085
2026-07-30 14:10:00,740.12,740.19,740.0,740.115,47226
2026-07-30 14:11:00,740.11,740.19,740.02,740.185,53094
2026-07-30 14:12:00,740.185,740.185,739.98,740.15,49925
2026-07-30 14:13:00,740.15,740.18,740.03,740.14,163522
2026-07-30 14:14:00,740.14,740.3,740.09,740.2,66009
2026-07-30 14:15:00,740.22,740.31,740.11,740.18,42503
2026-07-30 14:16:00,740.17,740.29,740.15,740.18,57423
2026-07-30 14:17:00,740.175,740.2,740.06,740.16,42180
2026-07-30 14:18:00,740.16,740.36,740.111,740.265,56942
2026-07-30 14:19:00,740.25,740.26,740.08,740.17,59756
2026-07-30 14:20:00,740.15,740.27,740.06,740.18,69023
2026-07-30 14:21:00,740.1801,740.3979,740.16,740.3101,52093
2026-07-30 14:22:00,740.31,740.43,740.22,740.42,59132
2026-07-30 14:23:00,740.4,740.44,740.275,740.3299,53830
2026-07-30 14:24:00,740.33,740.39,740.2999,740.31,37421
2026-07-30 14:25:00,740.3,740.39,740.24,740.24,46134
2026-07-30 14:26:00,740.24,740.28,740.12,740.22,40241
2026-07-30 14:27:00,740.24,740.36,740.2309,740.3,40570
2026-07-30 14:28:00,740.27,740.4,740.22,740.35,46923
2026-07-30 14:29:00,740.36,740.41,740.31,740.38,46718
2026-07-30 14:30:00,740.4,740.59,740.34,740.57,66578
2026-07-30 14:31:00,740.56,740.57,740.26,740.39,99184
2026-07-30 14:32:00,740.39,740.41,740.2,740.28,190747
2026-07-30 14:33:00,740.3,740.429,740.29,740.31,53763
2026-07-30 14:34:00,740.31,740.35,740.2,740.32,50735
2026-07-30 14:35:00,740.31,740.34,740.22,740.305,46581
2026-07-30 14:36:00,740.29,740.38,740.23,740.285,40562
2026-07-30 14:37:00,740.29,740.31,740.06,740.16,84737
2026-07-30 14:38:00,740.155,740.35,740.12,740.14,84767
2026-07-30 14:39:00,740.13,740.17,740.03,740.12,106273
2026-07-30 14:40:00,740.11,740.37,740.0725,740.305,179914
2026-07-30 14:41:00,740.29,740.33,740.13,740.16,75166
2026-07-30 14:42:00,740.16,740.3,740.09,740.1247,77438
2026-07-30 14:43:00,740.14,740.26,740.14,740.24,50043
2026-07-30 14:44:00,740.24,740.39,740.17,740.33,64541
2026-07-30 14:45:00,740.34,740.44,740.31,740.43,73565
2026-07-30 14:46:00,740.44,740.535,740.36,740.5,59706
2026-07-30 14:47:00,740.505,740.57,740.44,740.53,45079
2026-07-30 14:48:00,740.54,740.58,740.43,740.435,55455
2026-07-30 14:49:00,740.43,740.52,740.4,740.51,52725
2026-07-30 14:50:00,740.5,740.69,740.49,740.53,121808
2026-07-30 14:51:00,740.55,740.56,740.39,740.49,73604
2026-07-30 14:52:00,740.5,740.62,740.47,740.5,59877
2026-07-30 14:53:00,740.51,740.65,740.46,740.59,76307
2026-07-30 14:54:00,740.59,740.64,740.48,740.5,65012
2026-07-30 14:55:00,740.49,740.6,740.48,740.5,65848
2026-07-30 14:56:00,740.495,740.63,740.39,740.605,44306
2026-07-30 14:57:00,740.61,740.64,740.505,740.57,55984
2026-07-30 14:58:00,740.555,740.61,740.5,740.53,58569
2026-07-30 14:59:00,740.54,740.83,740.53,740.77,75870
2026-07-30 15:00:00,740.75,741.04,740.74,740.99,126023
2026-07-30 15:01:00,741.0075,741.13,740.97,741.1,91803
2026-07-30 15:02:00,741.1,741.355,741.09,741.16,98664
2026-07-30 15:03:00,741.15,741.21,741.075,741.08,87069
2026-07-30 15:04:00,741.08,741.25,741.0522,741.215,82654
2026-07-30 15:05:00,741.23,741.32,741.14,741.29,144176
2026-07-30 15:06:00,741.285,741.43,741.2,741.42,128013
2026-07-30 15:07:00,741.42,741.59,741.39,741.55,134707
2026-07-30 15:08:00,741.54,741.685,741.47,741.68,84487
2026-07-30 15:09:00,741.68,741.81,741.65,741.775,96480
2026-07-30 15:10:00,741.78,742.25,741.76,742.15,132614
2026-07-30 15:11:00,742.16,742.205,742.0,742.0,95690
2026-07-30 15:12:00,742.01,742.3,742.01,742.25,148049
2026-07-30 15:13:00,742.24,742.3,742.11,742.21,100843
2026-07-30 15:14:00,742.2,742.25,742.07,742.07,85632
2026-07-30 15:15:00,742.06,742.11,741.81,741.94,124541
2026-07-30 15:16:00,741.92,742.2,741.91,742.17,136643
2026-07-30 15:17:00,742.2,742.27,742.14,742.24,52422
2026-07-30 15:18:00,742.25,742.45,742.18,742.42,68578
2026-07-30 15:19:00,742.42,742.42,742.23,742.29,77381
2026-07-30 15:20:00,742.3096,742.31,742.15,742.24,201665
2026-07-30 15:21:00,742.21,742.3,742.1,742.1,196245
2026-07-30 15:22:00,742.12,742.18,741.96,742.01,202917
2026-07-30 15:23:00,742.01,742.16,741.96,742.16,73008
2026-07-30 15:24:00,742.16,742.25,742.03,742.04,180129
2026-07-30 15:25:00,742.03,742.1528,741.99,742.06,71148
2026-07-30 15:26:00,742.0525,742.21,742.0,742.17,88178
2026-07-30 15:27:00,742.17,742.19,741.99,742.065,120853
2026-07-30 15:28:00,742.07,742.14,741.93,741.98,102378
2026-07-30 15:29:00,741.99,742.0,741.74,741.78,156892
2026-07-30 15:30:00,741.77,741.99,741.71,741.95,146342
2026-07-30 15:31:00,741.945,741.99,741.71,741.86,131620
2026-07-30 15:32:00,741.87,741.91,741.65,741.7,98188
2026-07-30 15:33:00,741.695,741.84,741.68,741.81,88168
2026-07-30 15:34:00,741.81,741.89,741.69,741.765,109247
2026-07-30 15:35:00,741.77,741.85,741.64,741.645,293137
2026-07-30 15:36:00,741.64,741.64,741.43,741.47,334861
2026-07-30 15:37:00,741.47,741.74,741.45,741.66,245914
2026-07-30 15:38:00,741.66,741.9,741.62,741.7,102533
2026-07-30 15:39:00,741.72,741.82,741.67,741.73,160616
2026-07-30 15:40:00,741.73,741.79,741.55,741.7,152836
2026-07-30 15:41:00,741.68,741.84,741.63,741.78,155422
2026-07-30 15:42:00,741.78,741.785,741.52,741.68,252222
2026-07-30 15:43:00,741.68,741.91,741.62,741.85,118004
2026-07-30 15:44:00,741.85,741.885,741.78,741.79,162493
2026-07-30 15:45:00,741.8,741.88,741.69,741.79,189859
2026-07-30 15:46:00,741.78,741.87,741.59,741.605,516074
2026-07-30 15:47:00,741.605,741.69,741.5,741.61,398570
2026-07-30 15:48:00,741.59,741.64,741.416,741.416,508256
2026-07-30 15:49:00,741.43,741.62,741.31,741.61,811855
2026-07-30 15:50:00,741.59,741.65,741.29,741.45,435728
2026-07-30 15:51:00,741.42,741.49,741.16,741.36,590274
2026-07-30 15:52:00,741.355,741.5,741.28,741.5,334394
2026-07-30 15:53:00,741.49,741.59,741.17,741.19,519874
2026-07-30 15:54:00,741.16,741.58,741.14,741.39,343144
2026-07-30 15:55:00,741.41,741.41,741.0,741.18,833218
2026-07-30 15:56:00,741.18,741.59,741.155,741.405,402717
2026-07-30 15:57:00,741.39,741.63,741.35,741.61,662848
2026-07-30 15:58:00,741.6,741.68,741.41,741.53,1038028
2026-07-30 15:59:00,741.52,742.1,741.27,741.73,2447312
2026-07-30 16:00:00,741.76,741.86,729.2697,741.58,1433492
2026-07-30 16:01:00,741.72,743.68,741.6,743.46,0
2026-07-30 16:02:00,743.35,743.47,742.94,743.3493,0
2026-07-30 16:03:00,743.42,743.53,743.06,743.08,0
2026-07-30 16:04:00,743.07,743.66,741.69,743.6,0
2026-07-30 16:05:00,743.6312,743.66,743.1569,743.31,0
2026-07-30 16:06:00,743.33,743.53,743.2,743.25,0
2026-07-30 16:07:00,743.25,743.54,743.245,743.3,0
2026-07-30 16:08:00,743.27,743.37,743.0511,743.0511,0
2026-07-30 16:09:00,743.08,743.1,742.81,742.88,0
2026-07-30 16:10:00,742.86,742.97,741.3703,742.81,0
2026-07-30 16:11:00,742.86,742.95,742.52,742.565,0
2026-07-30 16:12:00,742.56,743.08,729.2697,743.03,0
2026-07-30 16:13:00,743.03,743.24,742.9945,743.1923,0
2026-07-30 16:14:00,743.15,743.41,743.13,743.2,0
2026-07-30 16:15:00,741.69,743.57,741.69,743.56,0
2026-07-30 16:16:00,743.57,743.6,743.3,743.45,0
2026-07-30 16:17:00,743.48,743.48,741.3412,743.1986,0
2026-07-30 16:18:00,743.39,743.48,743.09,743.4405,0
2026-07-30 16:19:00,743.4875,743.57,743.4212,743.49,0
2026-07-30 16:20:00,743.5,743.7,743.46,743.56,0
2026-07-30 16:21:00,743.5922,743.5922,743.31,743.3303,0
2026-07-30 16:22:00,743.365,743.59,743.32,743.4928,0
2026-07-30 16:23:00,743.48,743.6885,743.48,743.64,0
2026-07-30 16:24:00,743.63,743.63,743.46,743.5827,0
2026-07-30 16:25:00,743.57,743.5814,743.35,743.45,0
2026-07-30 16:26:00,743.43,743.5792,743.43,743.5639,0
2026-07-30 16:27:00,743.56,743.58,743.36,743.36,0
2026-07-30 16:28:00,743.4048,743.6,743.36,743.5465,0
2026-07-30 16:29:00,743.55,743.6118,743.43,743.58,0
2026-07-30 16:30:00,743.56,744.25,742.56,742.6,0
2026-07-30 16:31:00,742.63,742.98,742.47,742.5455,0
2026-07-30 16:32:00,742.59,743.05,742.4802,743.01,0
2026-07-30 16:33:00,742.995,743.28,742.66,743.03,0
2026-07-30 16:34:00,742.98,743.14,741.69,742.96,0
2026-07-30 16:35:00,742.94,742.9821,742.58,742.6307,0
2026-07-30 16:36:00,742.626,742.7001,742.47,742.595,0
2026-07-30 16:37:00,742.5471,742.58,741.69,742.58,0
2026-07-30 16:38:00,742.61,742.84,742.4792,742.65,0
2026-07-30 16:39:00,742.66,742.79,742.58,742.74,0
2026-07-30 16:40:00,742.67,742.67,729.2697,742.3677,0
2026-07-30 16:41:00,742.41,742.45,741.69,742.3326,0
2026-07-30 16:42:00,742.36,742.65,741.69,742.65,0
2026-07-30 16:43:00,742.6,742.6614,742.45,742.56,0
2026-07-30 16:44:00,742.5515,742.65,694.1241,742.65,0
2026-07-30 16:45:00,742.62,742.6698,742.44,742.49,0
2026-07-30 16:46:00,742.5,742.55,742.37,742.405,0
2026-07-30 16:47:00,742.39,742.41,742.29,742.33,0
2026-07-30 16:48:00,742.32,742.35,742.22,742.22,0
2026-07-30 16:49:00,742.24,742.349,742.16,742.2078,0
2026-07-30 16:50:00,742.21,742.33,741.99,741.999,0
2026-07-30 16:51:00,742.0391,742.1387,741.95,742.02,0
2026-07-30 16:52:00,742.0371,742.1319,741.8026,741.85,0
2026-07-30 16:53:00,741.8786,742.095,741.8786,742.09,0
2026-07-30 16:54:00,742.12,742.19,741.875,741.9,0
2026-07-30 16:55:00,742.0486,742.2,741.69,742.1062,0
2026-07-30 16:56:00,742.0611,742.07,701.2078,741.8528,0
2026-07-30 16:57:00,741.88,741.94,741.84,741.87,0
2026-07-30 16:58:00,741.89,742.2,741.89,742.14,0
2026-07-30 16:59:00,742.145,742.145,693.9749,742.04,0
2026-07-30 17:00:00,741.91,742.17,741.83,741.9527,0
2026-07-30 17:01:00,741.965,742.1256,741.94,741.97,0
2026-07-30 17:02:00,741.97,742.1,701.2078,742.045,0
2026-07-30 17:03:00,742.0,742.1657,741.69,742.0,0
2026-07-30 17:04:00,742.0,742.078,741.93,741.965,0
2026-07-30 17:05:00,741.93,742.08,741.93,741.98,0
2026-07-30 17:06:00,741.98,742.0688,741.98,742.0539,0
2026-07-30 17:07:00,742.0,742.06,742.0,742.035,0
2026-07-30 17:08:00,742.035,742.06,742.01,742.0152,0
2026-07-30 17:09:00,742.0152,742.05,741.93,741.93,0
2026-07-30 17:10:00,741.99,742.06,741.93,742.03,0
2026-07-30 17:11:00,742.03,742.06,742.0,742.06,0
2026-07-30 17:12:00,742.0526,742.08,742.0262,742.08,0
2026-07-30 17:13:00,742.08,742.08,741.69,742.03,0
2026-07-30 17:14:00,742.02,742.1,741.93,742.06,0
2026-07-30 17:15:00,742.06,742.08,742.01,742.0171,0
2026-07-30 17:16:00,742.02,742.3,742.02,742.3,0
2026-07-30 17:17:00,742.26,742.3,742.14,742.25,0
2026-07-30 17:18:00,742.25,742.3,742.15,742.3,0
2026-07-30 17:19:00,742.25,742.3363,742.16,742.2337,0
2026-07-30 17:20:00,742.28,742.4,742.28,742.375,0
2026-07-30 17:21:00,742.3551,742.4,742.35,742.3551,0
2026-07-30 17:22:00,742.3949,742.4,742.16,742.16,0
2026-07-30 17:23:00,742.16,742.4,742.16,742.17,0
2026-07-30 17:24:00,742.16,742.2962,742.15,742.17,0
2026-07-30 17:25:00,742.17,742.19,742.1,742.1,0
2026-07-30 17:26:00,742.1,742.125,741.95,741.99,0
2026-07-30 17:27:00,741.99,742.0875,741.76,741.78,0
2026-07-30 17:28:00,741.8,741.91,741.7,741.7,0
2026-07-30 17:29:00,741.7,741.8657,741.5,741.63,0
2026-07-30 17:30:00,741.63,741.742,741.61,741.61,0
2026-07-30 17:31:00,741.69,741.74,741.6,741.65,0
2026-07-30 17:32:00,741.6,741.69,741.5,741.5165,0
2026-07-30 17:33:00,741.5,741.67,741.44,741.59,0
2026-07-30 17:34:00,741.6,741.75,741.5458,741.75,0
2026-07-30 17:35:00,741.67,741.79,741.67,741.7197,0
2026-07-30 17:36:00,741.78,741.78,741.7,741.73,0
2026-07-30 17:37:00,741.705,741.74,741.7,741.7,0
2026-07-30 17:38:00,741.73,741.7771,741.708,741.74,0
2026-07-30 17:39:00,741.79,741.92,741.69,741.9031,0
2026-07-30 17:40:00,741.91,742.1,741.91,741.9732,0
2026-07-30 17:41:00,742.0845,742.1318,741.69,742.1,0
2026-07-30 17:42:00,741.95,742.1,741.95,742.0698,0
2026-07-30 17:43:00,742.0,742.2438,741.96,742.065,0
2026-07-30 17:44:00,742.13,742.34,742.0,742.09,0
2026-07-30 17:45:00,742.01,742.09,741.96,742.0,0
2026-07-30 17:46:00,742.0366,742.0805,742.0,742.0805,0
2026-07-30 17:47:00,742.0805,742.18,742.0114,742.17,0
2026-07-30 17:48:00,742.17,742.35,742.05,742.11,0
2026-07-30 17:49:00,742.1303,742.185,742.1,742.1543,0
2026-07-30 17:50:00,742.22,742.23,742.1,742.15,0
2026-07-30 17:51:00,742.19,742.3175,742.13,742.3175,0
2026-07-30 17:52:00,742.3175,742.35,742.18,742.2013,0
2026-07-30 17:53:00,742.3,742.3299,742.18,742.1826,0
2026-07-30 17:54:00,742.21,742.27,742.2,742.26,0
2026-07-30 17:55:00,742.24,742.27,741.95,742.1,0
2026-07-30 17:56:00,742.1,742.27,741.91,741.96,0
2026-07-30 17:57:00,741.96,742.1735,741.91,741.91,0
2026-07-30 17:58:00,741.91,742.22,741.91,742.22,0
2026-07-30 17:59:00,742.1878,742.2,742.03,742.03,0
2026-07-30 18:00:00,742.14,742.14,741.31,741.69,0
2026-07-30 18:01:00,741.7,742.32,741.58,742.23,0
2026-07-30 18:02:00,742.19,742.3136,742.13,742.3136,0
2026-07-30 18:03:00,742.265,742.45,742.26,742.3525,0
2026-07-30 18:04:00,742.365,742.45,742.31,742.4327,0
2026-07-30 18:05:00,742.41,742.4438,742.2601,742.38,0
2026-07-30 18:06:00,742.37,742.38,742.2,742.2,0
2026-07-30 18:07:00,742.24,742.34,742.2,742.26,0
2026-07-30 18:08:00,742.362,742.362,742.14,742.3526,0
2026-07-30 18:09:00,742.37,742.44,742.33,742.43,0
2026-07-30 18:10:00,742.45,742.5582,742.37,742.4965,0
2026-07-30 18:11:00,742.46,742.5514,742.38,742.47,0
2026-07-30 18:12:00,742.46,742.499,742.1917,742.1917,0
2026-07-30 18:13:00,742.21,742.22,742.04,742.07,0
2026-07-30 18:14:00,742.05,742.22,742.049,742.22,0
2026-07-30 18:15:00,742.2,742.3117,742.1513,742.2924,0
2026-07-30 18:16:00,742.335,742.5938,742.29,742.5314,0
2026-07-30 18:17:00,742.5438,742.5531,742.44,742.55,0
2026-07-30 18:18:00,742.5526,742.5526,742.1758,742.24,0
2026-07-30 18:19:00,742.2521,742.375,742.2521,742.33,0
2026-07-30 18:20:00,742.31,742.385,742.175,742.1874,0
2026-07-30 18:21:00,742.22,742.22,742.0613,742.07,0
2026-07-30 18:22:00,742.07,742.11,742.06,742.0864,0
2026-07-30 18:23:00,742.07,742.07,741.88,741.95,0
2026-07-30 18:24:00,741.95,741.95,741.8701,741.9087,0
2026-07-30 18:25:00,741.93,742.19,741.93,742.19,0
2026-07-30 18:26:00,742.1592,742.1592,742.1,742.1,0
2026-07-30 18:27:00,742.02,742.1181,742.0,742.0486,0
2026-07-30 18:28:00,742.095,742.14,742.05,742.11,0
2026-07-30 18:29:00,742.139,742.139,741.98,742.02,0
2026-07-30 18:30:00,742.001,742.05,741.9532,741.98,0
2026-07-30 18:31:00,741.95,741.95,741.81,741.825,0
2026-07-30 18:32:00,741.81,741.92,741.78,741.84,0
2026-07-30 18:33:00,741.84,742.0805,741.83,742.02,0
2026-07-30 18:34:00,741.98,742.2128,741.9507,742.2127,0
2026-07-30 18:35:00,742.225,742.385,742.1807,742.385,0
2026-07-30 18:36:00,742.35,742.46,742.32,742.42,0
2026-07-30 18:37:00,742.45,742.55,742.39,742.52,0
2026-07-30 18:38:00,742.495,742.58,742.4698,742.548,0
2026-07-30 18:39:00,742.53,742.5482,742.45,742.4997,0
2026-07-30 18:40:00,742.549,742.55,742.47,742.5444,0
2026-07-30 18:41:00,742.4743,742.5485,742.4743,742.5485,0
2026-07-30 18:42:00,742.5,742.63,742.5,742.58,0
2026-07-30 18:43:00,742.6007,742.6265,742.56,742.57,0
2026-07-30 18:44:00,742.63,742.78,742.63,742.76,0
2026-07-30 18:45:00,742.8,742.83,742.7086,742.8,0
2026-07-30 18:46:00,742.7938,742.8688,742.775,742.8527,0
2026-07-30 18:47:00,742.7874,742.84,742.78,742.82,0
2026-07-30 18:48:00,742.8026,742.85,742.8,742.81,0
2026-07-30 18:49:00,742.82,742.82,742.8,742.81,0
2026-07-30 18:50:00,742.82,742.82,742.75,742.7974,0
2026-07-30 18:51:00,742.7707,742.84,742.75,742.8138,0
2026-07-30 18:52:00,742.8207,742.85,742.8207,742.8257,0
2026-07-30 18:53:00,742.85,742.94,742.85,742.92,0
2026-07-30 18:54:00,742.9168,743.0,742.9004,742.9648,0
2026-07-30 18:55:00,742.94,742.99,742.8798,742.99,0
2026-07-30 18:56:00,742.995,743.0366,742.99,742.99,0
2026-07-30 18:57:00,742.96,742.9764,742.9124,742.9585,0
2026-07-30 18:58:00,742.96,742.9995,742.91,742.98,0
2026-07-30 18:59:00,742.96,743.02,742.96,742.98,0
2026-07-30 19:00:00,742.99,743.1526,742.99,743.0,0
2026-07-30 19:01:00,743.03,743.34,743.0,743.2809,0
2026-07-30 19:02:00,743.2515,743.31,743.23,743.25,0
2026-07-30 19:03:00,743.209,743.4093,743.209,743.4061,0
2026-07-30 19:04:00,743.43,743.44,743.352,743.4,0
2026-07-30 19:05:00,743.4,743.44,743.33,743.36,0
2026-07-30 19:06:00,743.36,743.4,743.3392,743.3392,0
2026-07-30 19:07:00,743.34,743.35,743.3,743.35,0
2026-07-30 19:08:00,743.34,743.34,743.18,743.18,0
2026-07-30 19:09:00,743.2603,743.2603,743.06,743.06,0
2026-07-30 19:10:00,743.0938,743.0938,742.8674,742.89,0
2026-07-30 19:11:00,742.8453,742.8876,742.8148,742.8876,0
2026-07-30 19:12:00,742.8683,742.9326,742.7836,742.86,0
2026-07-30 19:13:00,742.79,742.89,742.7517,742.84,0
2026-07-30 19:14:00,742.8771,742.8789,742.7974,742.7974,0
2026-07-30 19:15:00,742.8438,742.8584,742.7907,742.8174,0
2026-07-30 19:16:00,742.85,742.862,742.75,742.7668,0
2026-07-30 19:17:00,742.7774,742.7774,742.6535,742.7396,0
2026-07-30 19:18:00,742.7287,742.8,742.6865,742.8,0
2026-07-30 19:19:00,742.7462,742.7874,742.72,742.72,0
2026-07-30 19:20:00,742.72,742.735,742.67,742.72,0
2026-07-30 19:21:00,742.7043,742.72,742.5807,742.6,0
2026-07-30 19:22:00,742.64,742.7071,742.6009,742.6529,0
2026-07-30 19:23:00,742.6535,742.7,742.6,742.62,0
2026-07-30 19:24:00,742.6174,742.678,742.6,742.6438,0
2026-07-30 19:25:00,742.6453,742.92,742.6453,742.82,0
2026-07-30 19:26:00,742.7915,742.9403,742.7899,742.89,0
2026-07-30 19:27:00,742.83,742.88,742.7995,742.8,0
2026-07-30 19:28:00,742.8,742.84,742.784,742.784,0
2026-07-30 19:29:00,742.79,742.85,742.726,742.84,0
2026-07-30 19:30:00,742.8098,742.8098,742.712,742.75,0
2026-07-30 19:31:00,742.85,742.945,742.79,742.81,0
2026-07-30 19:32:00,742.8205,743.0,742.7546,743.0,0
2026-07-30 19:33:00,742.97,743.05,742.97,743.05,0
2026-07-30 19:34:00,743.045,743.07,742.985,742.985,0
2026-07-30 19:35:00,742.97,742.995,742.88,742.985,0
2026-07-30 19:36:00,742.9738,743.02,742.9297,743.02,0
2026-07-30 19:37:00,743.0,743.0,742.87,742.92,0
2026-07-30 19:38:00,742.92,742.9297,742.85,742.92,0
2026-07-30 19:39:00,742.9,743.15,742.8912,743.11,0
2026-07-30 19:40:00,743.09,743.15,743.09,743.105,0
2026-07-30 19:41:00,743.08,743.29,743.0705,743.29,0
2026-07-30 19:42:00,743.2081,743.3,743.2,743.21,0
2026-07-30 19:43:00,743.1486,743.2252,743.1285,743.2252,0
2026-07-30 19:44:00,743.269,743.28,743.2456,743.2705,0
2026-07-30 19:45:00,743.28,743.3793,743.18,743.3024,0
2026-07-30 19:46:00,743.3731,743.48,743.3,743.37,0
2026-07-30 19:47:00,743.43,743.55,743.41,743.41,0
2026-07-30 19:48:00,743.41,743.52,743.37,743.45,0
2026-07-30 19:49:00,743.447,743.53,743.447,743.53,0
2026-07-30 19:50:00,743.475,743.49,743.07,743.07,0
2026-07-30 19:51:00,743.0786,743.42,743.0786,743.42,0
2026-07-30 19:52:00,743.4008,743.57,743.4008,743.495,0
2026-07-30 19:53:00,743.54,743.54,743.45,743.47,0
2026-07-30 19:54:00,743.5,743.5,743.4313,743.4817,0
2026-07-30 19:55:00,743.53,743.675,743.53,743.64,0
2026-07-30 19:56:00,743.67,743.69,743.6139,743.69,0
2026-07-30 19:57:00,743.68,743.68,743.6,743.68,0
2026-07-30 19:58:00,743.63,743.6423,743.435,743.435,0
2026-07-30 19:59:00,743.42,743.48,743.3,743.33,0
2026-07-31 04:00:00,746.04,746.04,741.69,745.63,0
2026-07-31 04:01:00,745.6,745.9,744.07,744.7,0
2026-07-31 04:02:00,744.86,745.9,744.59,745.83,0
2026-07-31 04:03:00,745.67,745.92,744.02,745.1,0
2026-07-31 04:04:00,745.06,745.68,744.8,745.265,0
2026-07-31 04:05:00,745.2,745.47,745.19,745.39,0
2026-07-31 04:06:00,745.47,745.48,745.32,745.4,0
2026-07-31 04:07:00,745.4,745.7,745.32,745.62,0
2026-07-31 04:08:00,745.56,745.56,745.34,745.43,0
2026-07-31 04:09:00,745.3985,745.4282,745.2787,745.2787,0
2026-07-31 04:10:00,745.369,745.385,745.25,745.36,0
2026-07-31 04:11:00,745.41,745.61,745.41,745.61,0
2026-07-31 04:12:00,745.57,745.66,745.51,745.66,0
2026-07-31 04:13:00,745.6417,745.81,745.64,745.8,0
2026-07-31 04:14:00,745.76,745.79,745.76,745.79,0
2026-07-31 04:15:00,745.79,745.97,745.79,745.88,0
2026-07-31 04:16:00,745.89,745.89,745.8112,745.8112,0
2026-07-31 04:17:00,745.8678,745.87,745.84,745.87,0
2026-07-31 04:18:00,745.9188,745.98,745.91,745.9187,0
2026-07-31 04:19:00,745.8651,746.07,745.845,746.07,0
2026-07-31 04:20:00,746.01,746.01,745.9815,746.01,0
2026-07-31 04:21:00,745.99,746.02,745.9291,745.95,0
2026-07-31 04:22:00,745.93,745.96,745.8887,745.8887,0
2026-07-31 04:23:00,745.84,745.84,745.61,745.6308,0
2026-07-31 04:24:00,745.64,745.7412,745.6387,745.71,0
2026-07-31 04:25:00,745.73,745.9088,745.72,745.9,0
2026-07-31 04:26:00,745.9015,745.92,745.83,745.86,0
2026-07-31 04:27:00,745.83,746.02,745.8,746.02,0
2026-07-31 04:28:00,746.02,746.08,745.99,746.06,0
2026-07-31 04:29:00,746.02,746.07,746.0,746.0,0
2026-07-31 04:30:00,745.87,745.92,745.75,745.9,0
2026-07-31 04:31:00,745.9,745.9,745.7684,745.8,0
2026-07-31 04:32:00,745.84,745.95,745.7995,745.7995,0
2026-07-31 04:33:00,745.72,745.83,745.72,745.75,0
2026-07-31 04:34:00,745.75,745.83,745.75,745.79,0
2026-07-31 04:35:00,745.8585,745.8585,745.79,745.82,0
2026-07-31 04:36:00,745.79,745.81,745.77,745.78,0
2026-07-31 04:37:00,745.71,745.71,745.6087,745.69,0
2026-07-31 04:38:00,745.7115,745.77,745.62,745.699,0
2026-07-31 04:39:00,745.63,745.6985,745.63,745.65,0
2026-07-31 04:40:00,745.6,745.63,745.529,745.529,0
2026-07-31 04:41:00,745.5,745.6,745.5,745.535,0
2026-07-31 04:42:00,745.57,745.62,745.57,745.62,0
2026-07-31 04:43:00,745.62,745.66,745.59,745.59,0
2026-07-31 04:44:00,745.68,745.83,745.59,745.6,0
2026-07-31 04:45:00,745.6,745.6402,745.6,745.63,0
2026-07-31 04:46:00,745.6712,745.9,745.6712,745.9,0
2026-07-31 04:47:00,745.85,745.98,745.84,745.98,0
2026-07-31 04:48:00,745.95,745.98,745.92,745.97,0
2026-07-31 04:49:00,746.0,746.0,745.87,745.89,0
2026-07-31 04:50:00,745.9,745.9297,745.885,745.8985,0
2026-07-31 04:51:00,745.9447,746.04,745.9447,745.95,0
2026-07-31 04:52:00,745.94,745.94,745.85,745.85,0
2026-07-31 04:53:00,745.869,745.92,745.84,745.92,0
2026-07-31 04:54:00,745.91,745.91,745.8,745.8,0
2026-07-31 04:55:00,745.7904,745.92,745.7904,745.92,0
2026-07-31 04:56:00,745.9212,746.14,745.92,746.14,0
2026-07-31 04:57:00,746.079,746.12,746.07,746.12,0
2026-07-31 04:58:00,746.1285,746.15,746.0204,746.15,0
2026-07-31 04:59:00,746.14,746.16,746.09,746.1,0
2026-07-31 05:00:00,746.15,746.18,745.99,746.18,0
2026-07-31 05:01:00,746.18,746.19,746.06,746.07,0
2026-07-31 05:02:00,746.12,746.22,746.12,746.13,0
2026-07-31 05:03:00,746.09,746.14,746.0301,746.14,0
2026-07-31 05:04:00,746.2,746.2,746.1,746.11,0
2026-07-31 05:05:00,746.099,746.099,745.929,746.0,0
2026-07-31 05:06:00,746.04,746.25,746.03,746.25,0
2026-07-31 05:07:00,746.24,746.26,746.19,746.22,0
2026-07-31 05:08:00,746.26,746.27,746.1912,746.1912,0
2026-07-31 05:09:00,746.21,746.2607,746.2,746.2607,0
2026-07-31 05:10:00,746.28,746.48,746.26,746.48,0
2026-07-31 05:11:00,746.49,746.52,746.47,746.52,0
2026-07-31 05:12:00,746.51,746.5455,746.46,746.53,0
2026-07-31 05:13:00,746.5,746.52,746.45,746.45,0
2026-07-31 05:14:00,746.45,746.45,746.36,746.38,0
2026-07-31 05:15:00,746.3412,746.45,746.3412,746.45,0
2026-07-31 05:16:00,746.44,746.44,746.3055,746.3192,0
2026-07-31 05:17:00,746.3,746.369,746.3,746.369,0
2026-07-31 05:18:00,746.38,746.38,746.25,746.35,0
2026-07-31 05:19:00,746.37,746.37,746.239,746.239,0
2026-07-31 05:20:00,746.24,746.3187,746.1811,746.28,0
2026-07-31 05:21:00,746.31,746.32,746.16,746.17,0
2026-07-31 05:22:00,746.23,746.23,746.16,746.1692,0
2026-07-31 05:23:00,746.14,746.16,746.09,746.16,0
2026-07-31 05:24:00,746.1315,746.2,746.1315,746.19,0
2026-07-31 05:25:00,746.15,746.21,746.15,746.21,0
2026-07-31 05:26:00,746.25,746.25,746.14,746.14,0
2026-07-31 05:27:00,746.1912,746.1912,746.17,746.17,0
2026-07-31 05:28:00,746.17,746.17,745.96,745.96,0
2026-07-31 05:29:00,746.01,746.0187,745.93,746.0187,0
2026-07-31 05:30:00,745.95,746.0,745.899,745.899,0
2026-07-31 05:31:00,745.879,745.88,745.79,745.79,0
2026-07-31 05:32:00,745.8312,745.85,745.7897,745.79,0
2026-07-31 05:33:00,745.779,745.779,745.6787,745.72,0
2026-07-31 05:34:00,745.7,745.7,745.57,745.6,0
2026-07-31 05:35:00,745.61,745.63,745.54,745.54,0
2026-07-31 05:36:00,745.55,745.58,745.43,745.47,0
2026-07-31 05:37:00,745.4955,745.53,745.45,745.48,0
2026-07-31 05:38:00,745.53,745.53,745.22,745.2492,0
2026-07-31 05:39:00,745.19,745.3,745.18,745.3,0
2026-07-31 05:40:00,745.31,745.4,745.291,745.4,0
2026-07-31 05:41:00,745.38,745.4,745.34,745.37,0
2026-07-31 05:42:00,745.3787,745.49,745.3787,745.47,0
2026-07-31 05:43:00,745.49,745.52,745.47,745.52,0
2026-07-31 05:44:00,745.44,745.48,745.42,745.48,0
2026-07-31 05:45:00,745.48,745.6,745.48,745.509,0
2026-07-31 05:46:00,745.48,745.5087,745.47,745.47,0
2026-07-31 05:47:00,745.46,745.46,745.411,745.45,0
2026-07-31 05:48:00,745.4076,745.52,745.4076,745.48,0
2026-07-31 05:49:00,745.38,745.53,745.3776,745.53,0
2026-07-31 05:50:00,745.4415,745.57,745.4415,745.57,0
2026-07-31 05:51:00,745.5,745.5,745.35,745.35,0
2026-07-31 05:52:00,745.38,745.38,745.38,745.38,0
2026-07-31 05:53:00,745.37,745.39,745.3,745.3,0
2026-07-31 05:54:00,745.42,745.42,745.39,745.391,0
2026-07-31 05:55:00,745.36,745.47,745.36,745.4507,0
2026-07-31 05:56:00,745.46,745.46,745.3,745.37,0
2026-07-31 05:57:00,745.34,745.34,745.19,745.19,0
2026-07-31 05:58:00,745.26,745.27,745.1912,745.2685,0
2026-07-31 05:59:00,745.24,745.24,745.18,745.18,0
2026-07-31 06:00:00,745.17,745.19,745.025,745.025,0
2026-07-31 06:01:00,745.14,745.28,745.13,745.2239,0
2026-07-31 06:02:00,745.29,745.335,745.0801,745.0801,0
2026-07-31 06:03:00,745.2,745.26,745.19,745.2215,0
2026-07-31 06:04:00,745.25,745.27,745.18,745.18,0
2026-07-31 06:05:00,745.19,745.19,745.19,745.19,0
2026-07-31 06:06:00,745.15,745.15,745.15,745.15,0
2026-07-31 06:07:00,745.24,745.35,745.18,745.35,0
2026-07-31 06:08:00,745.3117,745.3117,745.22,745.22,0
2026-07-31 06:09:00,745.2,745.2,745.18,745.18,0
2026-07-31 06:10:00,745.23,745.349,745.23,745.3482,0
2026-07-31 06:11:00,745.3,745.35,745.29,745.3085,0
2026-07-31 06:12:00,745.3415,745.5,745.3415,745.42,0
2026-07-31 06:13:00,745.44,745.5,745.44,745.5,0
2026-07-31 06:14:00,745.56,745.6,745.499,745.5,0
2026-07-31 06:15:00,745.53,745.57,745.49,745.52,0
2026-07-31 06:16:00,745.5196,745.56,745.48,745.56,0
2026-07-31 06:17:00,745.559,745.65,745.559,745.6012,0
2026-07-31 06:18:00,745.65,745.6696,745.61,745.6696,0
2026-07-31 06:19:00,745.72,745.79,745.6934,745.72,0
2026-07-31 06:20:00,745.8,745.92,745.8,745.92,0
2026-07-31 06:21:00,745.895,745.97,745.86,745.96,0
2026-07-31 06:22:00,745.96,746.0,745.96,745.96,0
2026-07-31 06:23:00,745.9688,745.9688,745.89,745.9099,0
2026-07-31 06:24:00,745.9,745.9,745.64,745.64,0
2026-07-31 06:25:00,745.66,745.7412,745.66,745.7412,0
2026-07-31 06:26:00,745.7,745.74,745.7,745.7,0
2026-07-31 06:27:00,745.68,745.72,745.661,745.6713,0
2026-07-31 06:28:00,745.71,745.83,745.69,745.81,0
2026-07-31 06:29:00,745.79,745.79,745.6953,745.7267,0
2026-07-31 06:30:00,745.77,745.79,745.66,745.79,0
2026-07-31 06:31:00,745.8,745.84,745.68,745.68,0
2026-07-31 06:32:00,745.65,745.65,745.569,745.569,0
2026-07-31 06:33:00,745.54,745.54,745.4,745.421,0
2026-07-31 06:34:00,745.4387,745.48,745.36,745.419,0
2026-07-31 06:35:00,745.43,745.43,745.33,745.3688,0
2026-07-31 06:36:00,745.389,745.389,745.31,745.37,0
2026-07-31 06:37:00,745.41,745.41,745.31,745.34,0
2026-07-31 06:38:00,745.3,745.32,745.2387,745.29,0
2026-07-31 06:39:00,745.31,745.3664,745.31,745.3664,0
2026-07-31 06:40:00,745.4467,745.46,745.4467,745.46,0
2026-07-31 06:41:00,745.49,745.61,745.49,745.61,0
2026-07-31 06:42:00,745.56,745.5788,745.51,745.52,0
2026-07-31 06:43:00,745.4517,745.55,745.4517,745.55,0
2026-07-31 06:44:00,745.5504,745.6488,745.5504,745.6187,0
2026-07-31 06:45:00,745.6588,745.73,745.6312,745.6312,0
2026-07-31 06:46:00,745.6012,745.6012,745.55,745.55,0
2026-07-31 06:47:00,745.61,745.61,745.5,745.5,0
2026-07-31 06:48:00,745.4588,745.52,745.4195,745.52,0
2026-07-31 06:49:00,745.35,745.35,745.24,745.28,0
2026-07-31 06:50:00,745.3224,745.4605,745.3224,745.46,0
2026-07-31 06:51:00,745.4988,745.53,745.46,745.4812,0
2026-07-31 06:52:00,745.53,745.53,745.53,745.53,0
2026-07-31 06:53:00,745.5,745.59,745.44,745.44,0
2026-07-31 06:54:00,745.54,745.54,745.54,745.54,0
2026-07-31 06:55:00,745.53,745.55,745.41,745.41,0
2026-07-31 06:56:00,745.5,745.5,745.4,745.46,0
2026-07-31 06:57:00,745.46,745.46,745.4,745.4,0
2026-07-31 06:58:00,745.44,745.4988,745.4,745.4988,0
2026-07-31 06:59:00,745.46,745.5,745.33,745.45,0
2026-07-31 07:00:00,745.43,745.6,741.69,745.44,0
2026-07-31 07:01:00,745.4424,745.76,745.4403,745.69,0
2026-07-31 07:02:00,745.72,745.75,745.5,745.72,0
2026-07-31 07:03:00,745.65,745.88,745.62,745.84,0
2026-07-31 07:04:00,745.8281,745.8628,745.7457,745.85,0
2026-07-31 07:05:00,745.85,745.9,745.781,745.781,0
2026-07-31 07:06:00,745.8,745.85,745.73,745.73,0
2026-07-31 07:07:00,745.8259,745.85,745.76,745.85,0
2026-07-31 07:08:00,745.8534,745.8788,745.7308,745.7762,0
2026-07-31 07:09:00,745.7301,745.8216,745.6915,745.74,0
2026-07-31 07:10:00,745.69,745.7358,745.57,745.5812,0
2026-07-31 07:11:00,745.6254,745.64,745.5177,745.52,0
2026-07-31 07:12:00,745.53,745.58,745.5,745.5387,0
2026-07-31 07:13:00,745.5,745.51,745.41,745.51,0
2026-07-31 07:14:00,745.48,745.54,745.45,745.49,0
2026-07-31 07:15:00,745.45,745.5,745.1,745.14,0
2026-07-31 07:16:00,745.111,745.111,744.87,744.93,0
2026-07-31 07:17:00,744.9793,745.14,744.94,745.09,0
2026-07-31 07:18:00,745.06,745.14,744.97,745.12,0
2026-07-31 07:19:00,745.1469,745.16,745.06,745.0862,0
2026-07-31 07:20:00,745.109,745.13,745.02,745.02,0
2026-07-31 07:21:00,745.01,745.1088,745.01,745.0818,0
2026-07-31 07:22:00,745.0858,745.1217,744.98,745.1217,0
2026-07-31 07:23:00,745.07,745.08,745.02,745.07,0
2026-07-31 07:24:00,745.15,745.15,745.0276,745.1397,0
2026-07-31 07:25:00,745.101,745.101,744.95,744.9924,0
2026-07-31 07:26:00,744.9904,745.16,744.9894,745.16,0
2026-07-31 07:27:00,745.14,745.1988,745.0414,745.17,0
2026-07-31 07:28:00,745.1894,745.21,745.08,745.08,0
2026-07-31 07:29:00,745.0701,745.0701,744.76,744.8,0
2026-07-31 07:30:00,744.8,744.84,744.6,744.689,0
2026-07-31 07:31:00,744.6687,744.75,744.57,744.67,0
2026-07-31 07:32:00,744.6611,744.6724,744.55,744.58,0
2026-07-31 07:33:00,744.6,744.6,744.41,744.47,0
2026-07-31 07:34:00,744.6,744.64,744.469,744.51,0
2026-07-31 07:35:00,744.55,744.75,744.52,744.75,0
2026-07-31 07:36:00,744.7716,744.78,744.61,744.61,0
2026-07-31 07:37:00,744.56,744.56,744.44,744.5,0
2026-07-31 07:38:00,744.4657,744.5517,744.44,744.5224,0
2026-07-31 07:39:00,744.52,744.52,744.36,744.419,0
2026-07-31 07:40:00,744.38,744.5,744.31,744.39,0
2026-07-31 07:41:00,744.4176,744.48,744.36,744.4409,0
2026-07-31 07:42:00,744.4323,744.53,744.4,744.5038,0
2026-07-31 07:43:00,744.533,744.533,744.27,744.48,0
2026-07-31 07:44:00,744.4492,744.4568,744.3693,744.4319,0
2026-07-31 07:45:00,744.41,744.52,744.39,744.5093,0
2026-07-31 07:46:00,744.51,744.5412,744.4393,744.5093,0
2026-07-31 07:47:00,744.5,744.559,744.449,744.5,0
2026-07-31 07:48:00,744.5,744.6998,744.4603,744.68,0
2026-07-31 07:49:00,744.68,744.7062,744.58,744.58,0
2026-07-31 07:50:00,744.6019,744.7,744.56,744.7,0
2026-07-31 07:51:00,744.72,744.76,744.59,744.64,0
2026-07-31 07:52:00,744.62,744.71,744.6,744.7,0
2026-07-31 07:53:00,744.6991,744.75,744.5995,744.75,0
2026-07-31 07:54:00,744.76,744.77,744.699,744.71,0
2026-07-31 07:55:00,744.6975,744.7316,744.64,744.6699,0
2026-07-31 07:56:00,744.64,744.6916,744.6348,744.65,0
2026-07-31 07:57:00,744.6916,744.73,744.63,744.72,0
2026-07-31 07:58:00,744.71,744.8,744.69,744.75,0
2026-07-31 07:59:00,744.77,744.77,744.65,744.71,0
2026-07-31 08:00:00,744.7112,744.7112,744.31,744.3401,0
2026-07-31 08:01:00,744.39,744.47,744.3,744.3321,0
2026-07-31 08:02:00,744.3103,744.35,744.25,744.3143,0
2026-07-31 08:03:00,744.319,744.319,744.115,744.115,0
2026-07-31 08:04:00,744.12,744.2,744.09,744.2,0
2026-07-31 08:05:00,744.16,744.2,744.01,744.1,0
2026-07-31 08:06:00,744.07,744.1,744.0,744.1,0
2026-07-31 08:07:00,744.0905,744.14,744.0585,744.1,0
2026-07-31 08:08:00,744.08,744.1416,744.05,744.09,0
2026-07-31 08:09:00,744.0292,744.0314,743.91,744.0217,0
2026-07-31 08:10:00,744.01,744.01,743.81,743.9238,0
2026-07-31 08:11:00,743.9406,744.02,743.9009,743.9688,0
2026-07-31 08:12:00,743.9799,744.0,743.87,743.98,0
2026-07-31 08:13:00,744.0,744.04,743.9,743.96,0
2026-07-31 08:14:00,743.94,743.94,743.76,743.82,0
2026-07-31 08:15:00,743.79,743.89,743.75,743.82,0
2026-07-31 08:16:00,743.76,743.8138,743.6223,743.782,0
2026-07-31 08:17:00,743.7915,743.86,743.76,743.82,0
2026-07-31 08:18:00,743.82,743.8601,743.65,743.65,0
2026-07-31 08:19:00,743.61,743.711,743.57,743.6746,0
2026-07-31 08:20:00,743.6746,743.76,743.599,743.75,0
2026-07-31 08:21:00,743.79,743.9,743.79,743.843,0
2026-07-31 08:22:00,743.85,743.87,743.6423,743.6423,0
2026-07-31 08:23:00,743.6,743.65,743.4,743.65,0
2026-07-31 08:24:00,743.6014,743.89,743.6014,743.8846,0
2026-07-31 08:25:00,743.89,744.0,743.88,744.0,0
2026-07-31 08:26:00,743.98,744.02,743.89,743.9107,0
2026-07-31 08:27:00,743.91,743.93,743.81,743.86,0
2026-07-31 08:28:00,743.85,744.03,743.85,743.99,0
2026-07-31 08:29:00,744.0,744.05,743.96,744.02,0
2026-07-31 08:30:00,743.95,743.95,743.35,743.8654,0
2026-07-31 08:31:00,743.85,743.9201,743.76,743.7697,0
2026-07-31 08:32:00,743.72,743.7699,743.621,743.7,0
2026-07-31 08:33:00,743.7,743.7,743.3495,743.3495,0
2026-07-31 08:34:00,743.3826,743.3919,743.3,743.35,0
2026-07-31 08:35:00,743.38,743.4,743.14,743.4,0
2026-07-31 08:36:00,743.3702,743.4244,743.2,743.24,0
2026-07-31 08:37:00,743.25,744.89,743.25,743.3,0
2026-07-31 08:38:00,743.3093,743.34,743.11,743.25,0
2026-07-31 08:39:00,743.2277,743.28,743.0985,743.1,0
2026-07-31 08:40:00,743.13,743.1966,743.08,743.1615,0
2026-07-31 08:41:00,743.18,743.31,743.0577,743.1923,0
2026-07-31 08:42:00,743.2249,743.2249,742.78,742.8559,0
2026-07-31 08:43:00,742.8845,743.12,742.8376,743.12,0
2026-07-31 08:44:00,743.1462,743.16,743.01,743.11,0
2026-07-31 08:45:00,743.15,743.21,742.99,743.0452,0
2026-07-31 08:46:00,743.1885,743.1885,743.0306,743.13,0
2026-07-31 08:47:00,743.13,743.24,743.0858,743.1493,0
2026-07-31 08:48:00,743.1405,743.16,743.02,743.02,0
2026-07-31 08:49:00,743.0031,743.02,742.92,743.0,0
2026-07-31 08:50:00,743.0,743.0026,742.8376,742.95,0
2026-07-31 08:51:00,742.9472,743.3,742.94,743.3,0
2026-07-31 08:52:00,743.27,743.46,743.27,743.439,0
2026-07-31 08:53:00,743.44,743.5,743.4,743.4698,0
2026-07-31 08:54:00,743.4,743.4591,743.35,743.44,0
2026-07-31 08:55:00,743.36,743.44,743.27,743.27,0
2026-07-31 08:56:00,743.3187,743.37,743.2291,743.31,0
2026-07-31 08:57:00,743.2549,743.3485,742.97,743.049,0
2026-07-31 08:58:00,743.05,743.12,743.0,743.04,0
2026-07-31 08:59:00,743.07,743.1115,743.01,743.09,0
2026-07-31 09:00:00,743.09,743.21,742.95,743.0,0
2026-07-31 09:01:00,742.97,743.17,742.97,743.08,0
2026-07-31 09:02:00,743.05,743.36,743.05,743.36,0
2026-07-31 09:03:00,743.37,743.5,743.37,743.4647,0
2026-07-31 09:04:00,743.41,743.47,743.36,743.36,0
2026-07-31 09:05:00,743.32,743.43,743.24,743.41,0
2026-07-31 09:06:00,743.4,743.47,743.26,743.27,0
2026-07-31 09:07:00,743.24,743.4,743.24,743.4,0
2026-07-31 09:08:00,743.36,743.45,743.341,743.42,0
2026-07-31 09:09:00,743.42,743.61,743.42,743.54,0
2026-07-31 09:10:00,743.54,743.9,743.54,743.83,0
2026-07-31 09:11:00,743.82,743.9,743.62,743.73,0
2026-07-31 09:12:00,743.73,743.7696,743.62,743.67,0
2026-07-31 09:13:00,743.69,743.74,743.59,743.6464,0
2026-07-31 09:14:00,743.62,743.81,743.6,743.81,0
2026-07-31 09:30:00,744.68,745.3,744.58,744.97,1517378
2026-07-31 09:31:00,744.98,745.52,744.7704,745.43,163260
2026-07-31 09:32:00,745.45,745.89,745.4,745.84,216840
2026-07-31 09:33:00,745.84,746.15,745.71,745.81,267142
2026-07-31 09:34:00,745.79,746.301,745.75,746.0,196707
2026-07-31 09:35:00,745.98,746.26,745.85,746.05,243907
2026-07-31 09:36:00,746.04,746.26,745.73,745.98,279400
2026-07-31 09:37:00,745.98,746.03,745.385,745.63,151775
2026-07-31 09:38:00,745.64,745.67,744.892,745.22,191956
2026-07-31 09:39:00,745.19,745.22,744.11,744.122,274915
2026-07-31 09:40:00,744.13,744.21,743.5,743.615,269196
2026-07-31 09:41:00,743.6006,744.17,743.52,743.71,233382
2026-07-31 09:42:00,743.7,743.78,743.11,743.34,216627
2026-07-31 09:43:00,743.35,743.62,742.84,743.53,342225
2026-07-31 09:44:00,743.525,743.78,743.05,743.1,282002
2026-07-31 09:45:00,743.1,743.6,742.63,742.93,404392
2026-07-31 09:46:00,742.95,743.0062,742.59,742.85,166996
2026-07-31 09:47:00,742.855,743.07,742.52,742.605,185769
2026-07-31 09:48:00,742.64,742.74,742.15,742.44,147473
2026-07-31 09:49:00,742.47,742.6,741.99,742.275,168096
2026-07-31 09:50:00,742.285,742.44,741.87,742.01,215202
2026-07-31 09:51:00,742.03,742.6775,741.95,742.625,166760
2026-07-31 09:52:00,742.61,742.68,741.85,742.01,186838
2026-07-31 09:53:00,741.995,742.16,741.55,741.99,182969
2026-07-31 09:54:00,741.98,742.06,741.67,742.0,176280
2026-07-31 09:55:00,742.01,742.3299,741.69,742.24,163477
2026-07-31 09:56:00,742.23,742.82,742.03,742.795,161737
2026-07-31 09:57:00,742.81,742.83,742.29,742.32,153710
2026-07-31 09:58:00,742.32,742.45,741.89,741.9199,141382
2026-07-31 09:59:00,741.9,742.23,741.89,741.94,99304
2026-07-31 10:00:00,741.94,742.365,741.502,741.84,251988
2026-07-31 10:01:00,741.83,741.89,741.0,741.55,141470
2026-07-31 10:02:00,741.53,741.6,740.78,741.03,179019
2026-07-31 10:03:00,741.0407,741.16,740.67,740.96,142293
2026-07-31 10:04:00,740.94,740.98,740.29,740.3225,131907
2026-07-31 10:05:00,740.295,740.57,740.12,740.5165,192917
2026-07-31 10:06:00,740.5,740.75,739.88,739.88,217132
2026-07-31 10:07:00,739.89,739.915,739.01,739.4199,269301
2026-07-31 10:08:00,739.41,739.44,738.43,738.86,231604
2026-07-31 10:09:00,738.88,739.17,738.45,739.14,306998
2026-07-31 10:10:00,739.15,739.39,738.28,738.45,241158
2026-07-31 10:11:00,738.46,738.92,738.4,738.92,287761
2026-07-31 10:12:00,738.92,739.17,738.32,738.35,278436
2026-07-31 10:13:00,738.33,738.53,738.04,738.24,301925
2026-07-31 10:14:00,738.21,738.62,737.97,738.478,171027
2026-07-31 10:15:00,738.47,738.9,738.07,738.3,191226
2026-07-31 10:16:00,738.33,738.335,737.68,738.115,239344
2026-07-31 10:17:00,738.12,738.95,738.12,738.54,267446
2026-07-31 10:18:00,738.54,739.4,738.53,739.385,226466
2026-07-31 10:19:00,739.38,739.5,738.56,738.63,311263
2026-07-31 10:20:00,738.61,739.47,738.38,739.285,169458
2026-07-31 10:21:00,739.26,739.43,738.81,739.33,275568
2026-07-31 10:22:00,739.33,740.06,739.28,739.99,197681
2026-07-31 10:23:00,739.985,740.12,739.61,739.935,157268
2026-07-31 10:24:00,739.935,739.935,738.97,739.51,145605
2026-07-31 10:25:00,739.51,739.91,739.3901,739.65,132101
2026-07-31 10:26:00,739.64,739.88,739.48,739.73,269559
2026-07-31 10:27:00,739.77,740.14,739.28,740.1,96037
2026-07-31 10:28:00,740.145,740.53,739.98,740.45,139750
2026-07-31 10:29:00,740.46,740.57,740.015,740.49,117789
2026-07-31 10:30:00,740.48,740.629,740.13,740.33,108325
2026-07-31 10:31:00,740.34,740.9149,740.32,740.7,130007
2026-07-31 10:32:00,740.7,740.82,740.3535,740.82,107521
2026-07-31 10:33:00,740.84,741.08,740.5205,740.59,119797
2026-07-31 10:34:00,740.53,741.18,740.39,740.49,213630
2026-07-31 10:35:00,740.48,741.19,740.45,741.19,93665
2026-07-31 10:36:00,741.19,741.24,740.92,741.16,100027
2026-07-31 10:37:00,741.17,741.41,741.02,741.215,92690
2026-07-31 10:38:00,741.21,741.34,741.0301,741.065,66175
2026-07-31 10:39:00,741.07,741.38,741.025,741.225,186884
2026-07-31 10:40:00,741.21,741.6082,741.2,741.51,113651
2026-07-31 10:41:00,741.53,741.595,741.06,741.095,78041
2026-07-31 10:42:00,741.07,741.08,740.58,740.97,131670
2026-07-31 10:43:00,740.96,741.4,740.79,741.37,78515
2026-07-31 10:44:00,741.38,741.66,741.38,741.625,103163
2026-07-31 10:45:00,741.6,742.01,741.44,741.57,127740
2026-07-31 10:46:00,741.56,742.2795,741.48,741.85,120026
2026-07-31 10:47:00,741.85,741.95,741.53,741.85,71754
2026-07-31 10:48:00,741.8599,742.22,741.75,742.22,71745
2026-07-31 10:49:00,742.21,742.497,742.045,742.4229,171568
2026-07-31 10:50:00,742.42,742.5913,742.32,742.42,116441
2026-07-31 10:51:00,742.44,742.7301,742.431,742.69,84486
2026-07-31 10:52:00,742.675,742.8363,742.49,742.76,76898
2026-07-31 10:53:00,742.74,742.95,742.61,742.83,102335
2026-07-31 10:54:00,742.85,742.88,742.0489,742.19,148479
2026-07-31 10:55:00,742.19,742.25,741.71,741.84,93137
2026-07-31 10:56:00,741.83,742.532,741.51,742.421,91543
2026-07-31 10:57:00,742.43,742.69,742.335,742.4,68026
2026-07-31 10:58:00,742.42,742.67,742.03,742.65,92995
2026-07-31 10:59:00,742.655,742.67,742.29,742.5,64981
2026-07-31 11:00:00,742.53,742.705,742.16,742.17,80624
2026-07-31 11:01:00,742.17,742.42,742.08,742.15,67601
2026-07-31 11:02:00,742.14,742.505,742.04,742.24,57684
2026-07-31 11:03:00,742.22,742.39,741.76,741.95,69664
2026-07-31 11:04:00,741.94,742.5899,741.88,742.505,49606
2026-07-31 11:05:00,742.5201,742.82,742.38,742.41,104711
2026-07-31 11:06:00,742.4,742.68,742.23,742.24,47471
2026-07-31 11:07:00,742.22,742.34,741.89,742.19,50615
2026-07-31 11:08:00,742.175,742.27,741.75,741.885,109042
2026-07-31 11:09:00,741.87,741.96,741.46,741.83,67907
2026-07-31 11:10:00,741.84,742.04,741.56,741.85,55064
2026-07-31 11:11:00,741.85,741.91,741.21,741.3475,87285
2026-07-31 11:12:00,741.35,741.915,741.1237,741.87,65860
2026-07-31 11:13:00,741.87,742.19,741.6,742.18,58688
2026-07-31 11:14:00,742.19,742.49,742.08,742.15,48579
2026-07-31 11:15:00,742.14,743.1,742.11,742.48,155272
2026-07-31 11:16:00,742.46,742.52,741.75,741.97,67691
2026-07-31 11:17:00,741.95,742.0,741.53,741.7,50035
2026-07-31 11:18:00,741.7125,741.9099,741.51,741.825,75831
2026-07-31 11:19:00,741.81,742.04,741.74,741.95,40052
2026-07-31 11:20:00,741.92,742.17,741.63,741.72,39011
2026-07-31 11:21:00,741.71,742.0,741.45,741.52,56869
2026-07-31 11:22:00,741.51,741.71,741.2301,741.35,178234
2026-07-31 11:23:00,741.36,741.52,741.24,741.39,61357
2026-07-31 11:24:00,741.39,741.41,741.0,741.08,52044
2026-07-31 11:25:00,741.02,741.2112,740.77,740.8,82505
2026-07-31 11:26:00,740.82,740.93,740.2,740.35,109645
2026-07-31 11:27:00,740.34,740.49,740.16,740.2,222432
2026-07-31 11:28:00,740.21,740.57,740.09,740.49,120323
2026-07-31 11:29:00,740.5,740.62,740.1,740.3,71851
2026-07-31 11:30:00,740.29,740.51,740.0,740.2099,102211
2026-07-31 11:31:00,740.195,741.0,740.07,740.33,123424
2026-07-31 11:32:00,740.31,740.4,740.12,740.375,39363
2026-07-31 11:33:00,740.32,740.49,740.07,740.295,93189
2026-07-31 11:34:00,740.31,740.74,739.81,740.74,112921
2026-07-31 11:35:00,740.75,741.18,740.68,741.01,237796
2026-07-31 11:36:00,741.04,741.48,740.98,741.28,212047
2026-07-31 11:37:00,741.26,741.7487,741.26,741.73,68901
2026-07-31 11:38:00,741.73,742.335,741.73,742.18,90956
2026-07-31 11:39:00,742.16,742.3301,742.01,742.065,56035
2026-07-31 11:40:00,742.06,742.34,741.97,742.07,73172
2026-07-31 11:41:00,742.095,742.1,741.17,741.2208,65999
2026-07-31 11:42:00,741.23,741.36,741.035,741.18,43375
2026-07-31 11:43:00,741.17,741.53,740.9701,741.53,36004
2026-07-31 11:44:00,741.511,741.83,741.45,741.82,49667
2026-07-31 11:45:00,741.83,741.98,741.42,741.72,40389
2026-07-31 11:46:00,741.7,741.93,741.61,741.64,44736
2026-07-31 11:47:00,741.64,741.79,741.105,741.31,64464
2026-07-31 11:48:00,741.31,741.6,741.12,741.595,47562
2026-07-31 11:49:00,741.565,741.6995,741.25,741.43,60791
2026-07-31 11:50:00,741.42,742.04,741.29,741.95,53067
2026-07-31 11:51:00,741.9509,742.5,741.93,742.475,76588
2026-07-31 11:52:00,742.5,742.82,742.16,742.74,71076
2026-07-31 11:53:00,742.7331,742.81,742.34,742.53,65138
2026-07-31 11:54:00,742.52,742.94,742.445,742.805,56641
2026-07-31 11:55:00,742.78,742.89,742.55,742.685,73599
2026-07-31 11:56:00,742.7,742.88,742.65,742.785,55929
2026-07-31 11:57:00,742.7779,743.11,742.7779,743.03,76031
2026-07-31 11:58:00,743.02,743.33,743.0,743.02,128815
2026-07-31 11:59:00,743.01,743.175,742.75,743.0908,78202
2026-07-31 12:00:00,743.09,743.375,742.92,743.36,65936
2026-07-31 12:01:00,743.38,743.56,743.23,743.24,91576
2026-07-31 12:02:00,743.27,743.41,742.98,743.14,76238
2026-07-31 12:03:00,743.1555,743.24,743.065,743.21,61427
2026-07-31 12:04:00,743.205,743.44,743.165,743.25,82881
2026-07-31 12:05:00,743.24,743.39,742.9669,742.9711,68779
2026-07-31 12:06:00,742.99,743.03,742.66,742.845,60119
2026-07-31 12:07:00,742.84,742.88,742.46,742.65,224954
2026-07-31 12:08:00,742.67,743.075,742.65,743.05,49001
2026-07-31 12:09:00,743.07,743.15,743.0,743.04,93092
2026-07-31 12:10:00,743.045,743.22,743.0,743.185,62310
2026-07-31 12:11:00,743.19,743.51,743.12,743.485,132125
2026-07-31 12:12:00,743.4803,743.57,743.28,743.37,66341
2026-07-31 12:13:00,743.39,743.64,743.29,743.62,57953
2026-07-31 12:14:00,743.62,743.66,743.33,743.55,75259
2026-07-31 12:15:00,743.52,743.6,742.88,742.93,73633
2026-07-31 12:16:00,742.91,743.23,742.78,743.185,57994
2026-07-31 12:17:00,743.16,743.39,743.03,743.31,50257
2026-07-31 12:18:00,743.315,743.38,743.08,743.38,51847
2026-07-31 12:19:00,743.39,743.43,743.16,743.305,43854
2026-07-31 12:20:00,743.29,743.67,743.25,743.669,51526
2026-07-31 12:21:00,743.66,743.78,743.57,743.73,75519
2026-07-31 12:22:00,743.71,743.91,743.66,743.84,74488
2026-07-31 12:23:00,743.835,744.06,743.8201,744.04,106834
2026-07-31 12:24:00,744.04,744.43,744.035,744.2859,89081
2026-07-31 12:25:00,744.29,744.31,743.86,743.96,67827
2026-07-31 12:26:00,743.96,744.08,743.81,744.0335,30918
2026-07-31 12:27:00,744.05,744.18,743.88,743.89,43988
2026-07-31 12:28:00,743.9,744.19,743.8,744.135,36368
2026-07-31 12:29:00,744.14,744.42,744.12,744.42,65270
2026-07-31 12:30:00,744.43,744.72,744.36,744.395,125857
2026-07-31 12:31:00,744.375,744.77,744.28,744.77,74991
2026-07-31 12:32:00,744.765,744.81,744.61,744.63,58092
2026-07-31 12:33:00,744.62,744.8299,744.54,744.8,52513
2026-07-31 12:34:00,744.8,744.81,744.64,744.78,61712
2026-07-31 12:35:00,744.78,745.03,744.72,744.9,112282
2026-07-31 12:36:00,744.9,744.92,744.53,744.535,50824
2026-07-31 12:37:00,744.525,744.665,744.49,744.63,60405
2026-07-31 12:38:00,744.61,744.63,744.35,744.44,47558
2026-07-31 12:39:00,744.42,744.62,744.4,744.55,37438
2026-07-31 12:40:00,744.53,744.77,744.53,744.69,50818
2026-07-31 12:41:00,744.71,744.71,744.23,744.25,50782
2026-07-31 12:42:00,744.25,744.45,744.09,744.3704,61532
2026-07-31 12:43:00,744.38,744.43,744.19,744.26,46916
2026-07-31 12:44:00,744.27,744.33,744.12,744.17,59147
2026-07-31 12:45:00,744.16,744.36,743.99,744.22,54108
2026-07-31 12:46:00,744.24,744.59,744.08,744.59,61382
2026-07-31 12:47:00,744.57,744.6,744.4486,744.49,42233
2026-07-31 12:48:00,744.5,744.55,744.38,744.47,34825
2026-07-31 12:49:00,744.46,744.55,744.29,744.53,46043
2026-07-31 12:50:00,744.57,744.79,744.43,744.685,36030
2026-07-31 12:51:00,744.67,745.02,744.61,744.805,73737
2026-07-31 12:52:00,744.78,744.83,744.69,744.72,37078
2026-07-31 12:53:00,744.71,744.82,744.67,744.81,34149
2026-07-31 12:54:00,744.82,744.925,744.57,744.5925,35364
2026-07-31 12:55:00,744.58,744.77,744.525,744.67,34465
2026-07-31 12:56:00,744.68,744.8,744.67,744.675,27650
2026-07-31 12:57:00,744.68,744.86,744.65,744.84,39036
2026-07-31 12:58:00,744.85,744.86,744.75,744.795,46911
2026-07-31 12:59:00,744.78,744.8,744.6,744.62,45818
2026-07-31 13:00:00,744.62,744.85,744.5,744.835,38207
2026-07-31 13:01:00,744.84,745.21,744.79,745.16,206516
2026-07-31 13:02:00,745.18,745.19,745.1,745.13,51112
2026-07-31 13:03:00,745.14,745.306,745.125,745.245,47752
2026-07-31 13:04:00,745.27,745.27,745.05,745.06,43583
2026-07-31 13:05:00,745.03,745.26,745.0,745.145,41629
2026-07-31 13:06:00,745.14,745.18,744.88,744.9,63243
2026-07-31 13:07:00,744.88,744.9,744.58,744.58,45739
2026-07-31 13:08:00,744.56,744.7725,744.55,744.74,66925
2026-07-31 13:09:00,744.73,744.86,744.7,744.81,51141
2026-07-31 13:10:00,744.79,745.03,744.63,744.91,330422
2026-07-31 13:11:00,744.9,745.21,744.9,745.18,40598
2026-07-31 13:12:00,745.19,745.28,745.1601,745.2,38753
2026-07-31 13:13:00,745.2,745.2599,745.16,745.175,28841
2026-07-31 13:14:00,745.1625,745.29,745.07,745.225,40346
2026-07-31 13:15:00,745.22,745.48,745.15,745.37,60175
2026-07-31 13:16:00,745.3704,745.51,745.25,745.31,69962
2026-07-31 13:17:00,745.305,745.31,745.1,745.17,39380
2026-07-31 13:18:00,745.15,745.35,745.1,745.26,45437
2026-07-31 13:19:00,745.26,745.485,745.26,745.45,44405
2026-07-31 13:20:00,745.44,745.6,745.41,745.55,91103
2026-07-31 13:21:00,745.57,745.58,745.35,745.365,60933
2026-07-31 13:22:00,745.38,745.41,745.2,745.405,52164
2026-07-31 13:23:00,745.415,745.66,745.4,745.65,46602
2026-07-31 13:24:00,745.66,746.1,745.65,746.04,103832
2026-07-31 13:25:00,746.04,746.11,745.95,746.06,31754
2026-07-31 13:26:00,746.0672,746.16,745.91,746.16,293566
2026-07-31 13:27:00,746.17,746.4,746.06,746.06,78980
2026-07-31 13:28:00,746.0701,746.32,746.06,746.155,49624
2026-07-31 13:29:00,746.155,746.37,746.13,746.29,270285
2026-07-31 13:30:00,746.3,746.32,746.12,746.19,84971
2026-07-31 13:31:00,746.18,746.32,746.16,746.24,43890
2026-07-31 13:32:00,746.23,746.29,746.06,746.15,86734
2026-07-31 13:33:00,746.155,746.42,746.145,746.4,60015
2026-07-31 13:34:00,746.4,746.44,746.32,746.365,73701
2026-07-31 13:35:00,746.35,746.45,746.24,746.38,73737
2026-07-31 13:36:00,746.3829,746.5,746.3,746.35,49304
2026-07-31 13:37:00,746.34,746.48,746.32,746.41,174358
2026-07-31 13:38:00,746.41,746.45,746.035,746.04,156901
2026-07-31 13:39:00,746.03,746.03,745.75,745.7899,87013
2026-07-31 13:40:00,745.77,746.03,745.732,745.91,91673
2026-07-31 13:41:00,745.92,745.93,745.745,745.82,79406
2026-07-31 13:42:00,745.81,745.81,745.61,745.68,62455
2026-07-31 13:43:00,745.685,745.84,745.685,745.83,56673
2026-07-31 13:44:00,745.81,745.95,745.75,745.8425,49944
2026-07-31 13:45:00,745.86,745.97,745.775,745.8,44931
2026-07-31 13:46:00,745.79,746.11,745.79,745.98,169616
2026-07-31 13:47:00,745.99,746.03,745.48,745.49,180059
2026-07-31 13:48:00,745.49,745.53,745.29,745.42,201781
2026-07-31 13:49:00,745.43,745.475,745.23,745.29,176021
2026-07-31 13:50:00,745.27,745.41,745.19,745.39,170841
2026-07-31 13:51:00,745.4,745.58,745.27,745.575,45374
2026-07-31 13:52:00,745.58,745.86,745.57,745.58,66728
2026-07-31 13:53:00,745.6,745.73,745.53,745.53,34364
2026-07-31 13:54:00,745.5309,745.67,745.52,745.59,32959
2026-07-31 13:55:00,745.585,745.72,745.56,745.6,30847
2026-07-31 13:56:00,745.6,745.77,745.6,745.68,156443
2026-07-31 13:57:00,745.665,745.73,745.53,745.71,26738
2026-07-31 13:58:00,745.7,745.76,745.6,745.6499,37392
2026-07-31 13:59:00,745.6356,745.64,745.41,745.44,27162
2026-07-31 14:00:00,745.44,745.76,745.295,745.755,47537
2026-07-31 14:01:00,745.77,746.0199,745.74,745.89,62939
2026-07-31 14:02:00,745.89,745.93,745.75,745.83,193768
2026-07-31 14:03:00,745.8,745.88,745.67,745.71,59963
2026-07-31 14:04:00,745.71,745.83,745.64,745.64,57447
2026-07-31 14:05:00,745.64,745.68,745.47,745.62,39840
2026-07-31 14:06:00,745.66,746.04,745.621,745.96,69060
2026-07-31 14:07:00,745.95,745.97,745.78,745.87,43687
2026-07-31 14:08:00,745.84,745.96,745.7603,745.89,61276
2026-07-31 14:09:00,745.89,745.96,745.86,745.89,61309
2026-07-31 14:10:00,745.89,746.03,745.81,745.84,85198
2026-07-31 14:11:00,745.84,745.84,745.53,745.625,38655
2026-07-31 14:12:00,745.64,745.75,745.529,745.54,37477
2026-07-31 14:13:00,745.57,745.72,745.52,745.71,34711
2026-07-31 14:14:00,745.72,745.86,745.62,745.72,45313
2026-07-31 14:15:00,745.69,745.885,745.63,745.8225,52986
2026-07-31 14:16:00,745.83,745.975,745.79,745.9,63602
2026-07-31 14:17:00,745.91,746.07,745.83,745.95,57690
2026-07-31 14:18:00,745.97,746.26,745.96,746.18,83733
2026-07-31 14:19:00,746.17,746.26,746.07,746.085,64007
2026-07-31 14:20:00,746.08,746.3,746.01,746.15,60891
2026-07-31 14:21:00,746.16,746.34,746.095,746.22,69740
2026-07-31 14:22:00,746.22,746.35,746.17,746.27,68598
2026-07-31 14:23:00,746.27,746.37,746.22,746.275,60254
2026-07-31 14:24:00,746.275,746.43,746.255,746.33,131547
2026-07-31 14:25:00,746.34,746.36,746.04,746.08,122303
2026-07-31 14:26:00,746.08,746.13,746.0,746.0,64769
2026-07-31 14:27:00,746.02,746.06,745.91,746.02,58447
2026-07-31 14:28:00,746.0,746.108,745.95,746.0,735860
2026-07-31 14:29:00,746.0,746.16,745.96,746.01,51551
2026-07-31 14:30:00,746.04,746.255,746.04,746.22,59978
2026-07-31 14:31:00,746.23,746.23,746.08,746.21,64784
2026-07-31 14:32:00,746.225,746.275,746.17,746.22,72351
2026-07-31 14:33:00,746.23,746.23,746.03,746.09,52262
2026-07-31 14:34:00,746.1,746.25,746.07,746.09,45828
2026-07-31 14:35:00,746.07,746.08,745.75,745.9599,216460
2026-07-31 14:36:00,745.96,746.1,745.91,745.98,48105
2026-07-31 14:37:00,745.97,745.97,745.8,745.88,135968
2026-07-31 14:38:00,745.88,745.99,745.85,745.89,71725
2026-07-31 14:39:00,745.9,745.93,745.79,745.82,116086
2026-07-31 14:40:00,745.81,745.92,745.67,745.84,143904
2026-07-31 14:41:00,745.85,746.08,745.83,745.935,88784
2026-07-31 14:42:00,745.94,746.1743,745.9,746.16,50628
2026-07-31 14:43:00,746.155,746.18,746.09,746.1,45456
2026-07-31 14:44:00,746.09,746.14,746.01,746.065,68825
2026-07-31 14:45:00,746.08,746.26,746.05,746.195,58944
2026-07-31 14:46:00,746.2,746.22,745.96,745.96,179688
2026-07-31 14:47:00,745.96,746.09,745.92,746.09,67549
2026-07-31 14:48:00,746.09,746.2,746.02,746.195,47423
2026-07-31 14:49:00,746.19,746.37,746.17,746.34,89135
2026-07-31 14:50:00,746.33,746.54,746.3,746.47,133932
2026-07-31 14:51:00,746.48,746.5,746.35,746.41,180140
2026-07-31 14:52:00,746.42,746.45,746.3,746.32,63680
2026-07-31 14:53:00,746.32,746.39,746.27,746.3225,73527
2026-07-31 14:54:00,746.325,746.3478,746.19,746.24,47320
2026-07-31 14:55:00,746.24,746.37,746.06,746.06,64156
2026-07-31 14:56:00,746.07,746.17,746.0,746.16,124942
2026-07-31 14:57:00,746.17,746.17,745.9,746.06,102363
2026-07-31 14:58:00,746.05,746.12,746.015,746.11,64076
2026-07-31 14:59:00,746.1,746.19,746.02,746.155,80261
2026-07-31 15:00:00,746.14,746.57,746.13,746.4014,134156
2026-07-31 15:01:00,746.415,746.455,746.19,746.25,81740
2026-07-31 15:02:00,746.26,746.35,746.16,746.18,60498
2026-07-31 15:03:00,746.175,746.24,746.03,746.03,56880
2026-07-31 15:04:00,746.02,746.03,745.88,745.88,50807
2026-07-31 15:05:00,745.92,746.095,745.79,746.0375,74967
2026-07-31 15:06:00,746.03,746.06,745.83,745.93,35926
2026-07-31 15:07:00,745.93,746.0399,745.82,746.025,44849
2026-07-31 15:08:00,746.03,746.17,745.98,746.15,178855
2026-07-31 15:09:00,746.16,746.24,746.11,746.16,205616
2026-07-31 15:10:00,746.16,746.405,746.14,746.34,208912
2026-07-31 15:11:00,746.32,746.37,746.18,746.22,63056
2026-07-31 15:12:00,746.21,746.53,746.12,746.49,227662
2026-07-31 15:13:00,746.48,746.49,746.38,746.41,70524
2026-07-31 15:14:00,746.435,746.48,746.3,746.33,58112
2026-07-31 15:15:00,746.325,746.55,746.26,746.525,220731
2026-07-31 15:16:00,746.52,746.62,746.44,746.62,210862
2026-07-31 15:17:00,746.59,747.03,746.58,747.03,321336
2026-07-31 15:18:00,747.02,747.3,747.02,747.275,316486
2026-07-31 15:19:00,747.275,747.555,747.26,747.52,224713
2026-07-31 15:20:00,747.52,747.6,747.41,747.58,157299
2026-07-31 15:21:00,747.57,747.73,747.54,747.6912,310552
2026-07-31 15:22:00,747.71,747.92,747.695,747.74,133716
2026-07-31 15:23:00,747.735,747.81,747.58,747.63,123032
2026-07-31 15:24:00,747.625,747.64,747.44,747.495,276779
2026-07-31 15:25:00,747.49,747.575,747.33,747.5,366712
2026-07-31 15:26:00,747.51,747.65,747.47,747.52,117066
2026-07-31 15:27:00,747.51,747.6,747.47,747.58,579757
2026-07-31 15:28:00,747.57,747.67,747.5,747.515,138343
2026-07-31 15:29:00,747.515,747.59,747.4,747.49,134520
2026-07-31 15:30:00,747.49,747.51,746.93,747.1,226260
2026-07-31 15:31:00,747.095,747.12,746.87,747.045,106135
2026-07-31 15:32:00,747.045,747.12,746.93,747.115,365144
2026-07-31 15:33:00,747.1,747.24,747.005,747.015,97421
2026-07-31 15:34:00,747.01,747.19,746.94,747.17,157737
2026-07-31 15:35:00,747.18,747.3997,747.15,747.3997,148584
2026-07-31 15:36:00,747.39,747.57,747.3,747.53,306008
2026-07-31 15:37:00,747.52,747.53,747.39,747.51,221274
2026-07-31 15:38:00,747.51,747.635,747.4,747.5,120321
2026-07-31 15:39:00,747.5,747.645,747.44,747.56,178552
2026-07-31 15:40:00,747.54,747.67,747.37,747.45,140132
2026-07-31 15:41:00,747.46,747.53,747.3,747.35,265908
2026-07-31 15:42:00,747.34,747.56,747.32,747.53,135112
2026-07-31 15:43:00,747.55,747.94,747.54,747.94,164244
2026-07-31 15:44:00,747.95,748.11,747.845,748.095,308979
2026-07-31 15:45:00,748.1,748.42,748.085,748.17,510839
2026-07-31 15:46:00,748.17,748.4897,748.16,748.4,271116
2026-07-31 15:47:00,748.41,748.49,748.075,748.11,260636
2026-07-31 15:48:00,748.11,748.25,748.07,748.19,323629
2026-07-31 15:49:00,748.19,748.51,748.16,748.5,199960
2026-07-31 15:50:00,748.49,748.81,748.29,748.365,340527
2026-07-31 15:51:00,748.365,748.37,747.84,748.095,245646
2026-07-31 15:52:00,748.09,748.515,748.075,748.375,180070
2026-07-31 15:53:00,748.37,748.735,748.3,748.68,471974
2026-07-31 15:54:00,748.67,748.895,748.51,748.595,301689
2026-07-31 15:55:00,748.58,748.69,747.96,748.19,620453
2026-07-31 15:56:00,748.17,748.33,748.1,748.19,544597
2026-07-31 15:57:00,748.185,748.335,747.96,747.995,609094
2026-07-31 15:58:00,747.99,748.28,747.82,748.15,1158487
2026-07-31 15:59:00,748.15,748.2,746.34,746.81,1335055
2026-07-31 16:00:00,746.79,747.55,746.79,747.26,2269099
2026-07-31 16:01:00,747.25,747.3478,747.14,747.225,0
2026-07-31 16:02:00,747.22,747.23,746.61,746.85,0
2026-07-31 16:03:00,746.84,746.97,746.53,746.62,0
2026-07-31 16:04:00,746.6277,747.03,746.52,746.78,0
2026-07-31 16:05:00,746.78,747.03,746.55,746.68,0
2026-07-31 16:06:00,746.67,746.92,741.4108,746.8444,0
2026-07-31 16:07:00,746.86,746.92,746.65,746.7805,0
2026-07-31 16:08:00,746.78,747.17,746.76,747.1691,0
2026-07-31 16:09:00,747.16,747.2219,746.5941,747.09,0
2026-07-31 16:10:00,747.09,747.24,747.03,747.21,0
2026-07-31 16:11:00,747.17,747.26,746.5985,747.13,0
2026-07-31 16:12:00,747.14,747.22,746.5496,747.0199,0
2026-07-31 16:13:00,747.01,747.16,741.4108,747.04,0
2026-07-31 16:14:00,747.04,747.105,746.96,747.0,0
2026-07-31 16:15:00,747.0,747.03,746.6017,746.75,0
2026-07-31 16:16:00,746.75,746.77,746.5621,746.7634,0
2026-07-31 16:17:00,746.759,746.97,746.6,746.97,0
2026-07-31 16:18:00,746.99,746.99,746.83,746.83,0
2026-07-31 16:19:00,746.81,746.83,741.4108,746.8,0
2026-07-31 16:20:00,746.79,746.79,746.721,746.7736,0
2026-07-31 16:21:00,746.7707,746.779,746.71,746.71,0
2026-07-31 16:22:00,746.71,746.82,746.67,746.7768,0
2026-07-31 16:23:00,746.7442,746.7848,746.71,746.74,0
2026-07-31 16:24:00,746.72,746.7507,746.66,746.7,0
2026-07-31 16:25:00,746.66,746.78,746.645,746.77,0
2026-07-31 16:26:00,746.7568,746.79,746.69,746.69,0
2026-07-31 16:27:00,746.689,746.689,746.56,746.59,0
2026-07-31 16:28:00,746.5964,746.7129,746.5632,746.7123,0
2026-07-31 16:29:00,746.68,746.75,746.6708,746.74,0
2026-07-31 16:30:00,746.71,746.75,746.6,746.6,0
2026-07-31 16:31:00,746.669,746.669,746.55,746.5842,0
2026-07-31 16:32:00,746.5507,746.705,746.5507,746.66,0
2026-07-31 16:33:00,746.7,746.75,746.62,746.75,0
2026-07-31 16:34:00,746.77,746.85,746.7239,746.85,0
2026-07-31 16:35:00,746.87,746.88,746.73,746.77,0
2026-07-31 16:36:00,746.77,746.85,746.74,746.8357,0
2026-07-31 16:37:00,746.835,746.88,746.7822,746.7822,0
2026-07-31 16:38:00,746.79,746.86,746.75,746.8524,0
2026-07-31 16:39:00,746.8578,746.86,746.8081,746.86,0
2026-07-31 16:40:00,746.8419,746.89,746.8248,746.86,0
2026-07-31 16:41:00,746.8868,746.89,746.77,746.8868,0
2026-07-31 16:42:00,746.8632,746.92,746.84,746.85,0
2026-07-31 16:43:00,746.8,746.83,746.71,746.75,0
2026-07-31 16:44:00,746.75,747.03,746.66,746.7,0
2026-07-31 16:45:00,746.68,746.74,746.65,746.685,0
2026-07-31 16:46:00,746.73,746.73,746.665,746.73,0
2026-07-31 16:47:00,746.765,746.83,746.6,746.6634,0
2026-07-31 16:48:00,746.6793,746.76,746.65,746.71,0
2026-07-31 16:49:00,746.71,747.03,746.7035,746.7665,0
2026-07-31 16:50:00,746.78,746.78,746.68,746.7,0
2026-07-31 16:51:00,746.7265,746.73,746.6544,746.7,0
2026-07-31 16:52:00,746.65,746.7865,746.62,746.725,0
2026-07-31 16:53:00,746.72,746.72,745.61,746.0185,0
2026-07-31 16:54:00,747.03,747.03,745.43,745.82,0
2026-07-31 16:55:00,745.95,745.95,745.57,745.63,0
2026-07-31 16:56:00,745.61,745.7182,745.29,745.47,0
2026-07-31 16:57:00,745.5,745.61,745.15,745.2,0
2026-07-31 16:58:00,745.21,745.63,745.17,745.52,0
2026-07-31 16:59:00,745.5126,745.52,744.88,745.12,0
2026-07-31 17:00:00,745.29,745.42,745.1292,745.34,0
2026-07-31 17:01:00,745.35,745.35,745.1,745.1532,0
2026-07-31 17:02:00,745.16,747.03,745.16,745.3376,0
2026-07-31 17:03:00,745.3427,745.5,745.2873,745.4339,0
2026-07-31 17:04:00,745.4907,745.5,745.21,745.3597,0
2026-07-31 17:05:00,745.4484,745.46,745.38,745.43,0
2026-07-31 17:06:00,745.43,745.43,745.41,745.42,0
2026-07-31 17:07:00,745.4269,745.43,745.21,745.3678,0
2026-07-31 17:08:00,745.37,745.37,745.2593,745.3,0
2026-07-31 17:09:00,745.315,745.315,745.21,745.25,0
2026-07-31 17:10:00,745.24,745.25,745.2,745.2,0
2026-07-31 17:11:00,745.21,745.25,745.0577,745.0978,0
2026-07-31 17:12:00,745.1,745.19,745.1,745.16,0
2026-07-31 17:13:00,745.19,745.36,745.1,745.1968,0
2026-07-31 17:14:00,745.1968,745.2,744.8,744.89,0
2026-07-31 17:15:00,744.88,745.04,744.75,745.0,0
2026-07-31 17:16:00,744.9351,745.04,744.91,744.9772,0
2026-07-31 17:17:00,745.0,745.04,744.95,745.0,0
2026-07-31 17:18:00,744.9558,745.0,744.9408,744.96,0
2026-07-31 17:19:00,744.9574,745.05,744.94,745.01,0
2026-07-31 17:20:00,745.0429,745.0429,744.94,745.0,0
2026-07-31 17:21:00,745.03,745.05,729.0772,744.95,0
2026-07-31 17:22:00,744.9996,745.03,744.9,744.9672,0
2026-07-31 17:23:00,745.01,745.03,744.91,745.01,0
2026-07-31 17:24:00,745.01,745.0144,744.85,744.9,0
2026-07-31 17:25:00,745.0,745.01,744.85,744.9,0
2026-07-31 17:26:00,744.9698,744.9698,744.77,744.77,0
2026-07-31 17:27:00,744.8,744.8827,744.7,744.8353,0
2026-07-31 17:28:00,744.73,744.84,744.72,744.8,0
2026-07-31 17:29:00,744.8,744.9787,744.8,744.8865,0
2026-07-31 17:30:00,744.85,744.9443,744.7,744.8552,0
2026-07-31 17:31:00,744.8949,745.01,744.85,744.9007,0
2026-07-31 17:32:00,744.89,744.9074,744.71,744.89,0
2026-07-31 17:33:00,744.88,744.905,744.7158,744.8,0
2026-07-31 17:34:00,744.81,744.8477,744.7,744.7861,0
2026-07-31 17:35:00,744.7114,787.5169,744.71,744.7905,0
2026-07-31 17:36:00,744.8,744.8,744.66,744.7,0
2026-07-31 17:37:00,744.6618,744.7,744.63,744.64,0
2026-07-31 17:38:00,744.672,744.71,744.63,744.71,0
2026-07-31 17:39:00,744.685,744.71,744.66,744.685,0
2026-07-31 17:40:00,744.72,744.8349,744.65,744.81,0
2026-07-31 17:41:00,744.81,744.81,744.0,744.71,0
2026-07-31 17:42:00,744.78,744.81,744.71,744.7995,0
2026-07-31 17:43:00,744.75,744.81,744.6,744.64,0
2026-07-31 17:44:00,744.65,744.78,744.65,744.73,0
2026-07-31 17:45:00,744.75,744.78,744.66,744.78,0
2026-07-31 17:46:00,744.66,744.7184,744.6092,744.6092,0
2026-07-31 17:47:00,744.6127,744.62,744.5255,744.56,0
2026-07-31 17:48:00,744.55,744.55,744.34,744.52,0
2026-07-31 17:49:00,744.52,744.55,744.52,744.535,0
2026-07-31 17:50:00,744.52,744.6,744.52,744.6,0
2026-07-31 17:51:00,744.56,744.6,744.48,744.59,0
2026-07-31 17:52:00,744.5929,744.6,744.56,744.58,0
2026-07-31 17:53:00,744.59,744.7,744.56,744.7,0
2026-07-31 17:54:00,744.6093,744.7,744.56,744.7,0
2026-07-31 17:55:00,744.7,744.77,744.58,744.7508,0
2026-07-31 17:56:00,744.7415,744.77,744.5997,744.75,0
2026-07-31 17:57:00,744.7487,744.78,744.5605,744.58,0
2026-07-31 17:58:00,744.58,744.74,744.57,744.5978,0
2026-07-31 17:59:00,744.7481,744.8,744.59,744.7999,0
2026-07-31 18:00:00,744.74,744.8,744.73,744.8,0
2026-07-31 18:01:00,744.73,744.79,744.73,744.7625,0
2026-07-31 18:02:00,744.76,744.79,744.74,744.74,0
2026-07-31 18:03:00,744.7478,744.78,744.7478,744.7799,0
2026-07-31 18:04:00,744.765,744.78,744.46,744.5,0
2026-07-31 18:05:00,744.49,744.5,744.4,744.44,0
2026-07-31 18:06:00,744.43,744.6628,744.35,744.65,0
2026-07-31 18:07:00,744.65,744.69,744.399,744.4,0
2026-07-31 18:08:00,744.3949,744.6,744.375,744.4,0
2026-07-31 18:09:00,744.4,744.4,744.3135,744.3929,0
2026-07-31 18:10:00,744.3987,744.42,744.35,744.37,0
2026-07-31 18:11:00,744.37,744.3865,744.35,744.37,0
2026-07-31 18:12:00,744.37,744.49,744.37,744.3962,0
2026-07-31 18:13:00,744.3929,744.4,744.36,744.3865,0
2026-07-31 18:14:00,744.3865,744.39,744.36,744.3874,0
2026-07-31 18:15:00,744.3874,744.39,744.3607,744.388,0
2026-07-31 18:16:00,744.3874,744.39,744.3626,744.3877,0
2026-07-31 18:17:00,744.3874,744.39,744.36,744.375,0
2026-07-31 18:18:00,744.3626,744.37,744.2,744.359,0
2026-07-31 18:19:00,744.39,744.39,744.27,744.39,0
2026-07-31 18:20:00,744.3699,744.38,744.3217,744.35,0
2026-07-31 18:21:00,744.3226,744.35,744.22,744.22,0
2026-07-31 18:22:00,744.21,744.25,744.2,744.25,0
2026-07-31 18:23:00,744.24,744.25,744.2035,744.2035,0
2026-07-31 18:24:00,744.2365,744.24,744.0,744.2025,0
2026-07-31 18:25:00,744.15,744.2399,744.0135,744.15,0
2026-07-31 18:26:00,744.11,744.16,744.01,744.04,0
2026-07-31 18:27:00,744.03,744.2,744.0001,744.11,0
2026-07-31 18:28:00,744.15,744.2104,744.09,744.0965,0
2026-07-31 18:29:00,744.08,744.1949,744.08,744.1949,0
2026-07-31 18:30:00,744.17,744.2,744.15,744.17,0
2026-07-31 18:31:00,744.1965,744.2,744.18,744.1938,0
2026-07-31 18:32:00,744.2,744.36,744.2,744.31,0
2026-07-31 18:33:00,744.31,744.39,744.31,744.37,0
2026-07-31 18:34:00,744.3869,744.3869,744.2632,744.35,0
2026-07-31 18:35:00,744.389,744.39,744.34,744.39,0
2026-07-31 18:36:00,744.36,744.57,744.3503,744.3503,0
2026-07-31 18:37:00,744.4442,744.6,744.4442,744.55,0
2026-07-31 18:38:00,744.59,744.71,744.53,744.65,0
2026-07-31 18:39:00,744.59,744.68,744.57,744.6633,0
2026-07-31 18:40:00,744.5727,744.75,744.5727,744.7,0
2026-07-31 18:41:00,744.65,744.7405,744.57,744.7,0
2026-07-31 18:42:00,744.65,744.7,744.6,744.7,0
2026-07-31 18:43:00,744.7,744.75,744.321,744.321,0
2026-07-31 18:44:00,744.68,744.69,744.5,744.55,0
2026-07-31 18:45:00,744.55,744.69,744.53,744.6302,0
2026-07-31 18:46:00,744.6302,744.68,744.53,744.59,0
2026-07-31 18:47:00,744.59,744.69,744.4867,744.4867,0
2026-07-31 18:48:00,744.45,744.46,744.28,744.28,0
2026-07-31 18:49:00,744.28,744.6799,744.23,744.35,0
2026-07-31 18:50:00,744.6129,744.68,744.36,744.45,0
2026-07-31 18:51:00,744.4119,744.672,744.3335,744.4,0
2026-07-31 18:52:00,744.4,744.5,744.26,744.41,0
2026-07-31 18:53:00,744.4245,744.6369,744.42,744.6369,0
2026-07-31 18:54:00,744.6369,744.6369,744.4147,744.44,0
2026-07-31 18:55:00,744.4394,744.5952,744.4375,744.44,0
2026-07-31 18:56:00,744.59,744.5952,744.41,744.5,0
2026-07-31 18:57:00,744.5,744.67,744.5,744.53,0
2026-07-31 18:58:00,744.67,744.6796,744.53,744.5935,0
2026-07-31 18:59:00,744.57,744.57,744.2705,744.55,0
2026-07-31 19:00:00,744.3,744.68,744.281,744.5786,0
2026-07-31 19:01:00,744.26,744.6305,744.26,744.5,0
2026-07-31 19:02:00,744.36,744.5,744.35,744.35,0
2026-07-31 19:03:00,744.3075,744.6,744.3,744.5,0
2026-07-31 19:04:00,744.49,744.5,744.3,744.49,0
2026-07-31 19:05:00,744.49,744.5,744.4013,744.4105,0
2026-07-31 19:06:00,744.43,744.43,744.4,744.43,0
2026-07-31 19:07:00,744.43,744.6,744.4274,744.5837,0
2026-07-31 19:08:00,744.5832,744.596,744.55,744.575,0
2026-07-31 19:09:00,744.53,744.59,744.45,744.59,0
2026-07-31 19:10:00,744.6,744.6,744.5522,744.6,0
2026-07-31 19:11:00,744.6,744.6,744.45,744.5535,0
2026-07-31 19:12:00,744.56,744.59,744.5,744.59,0
2026-07-31 19:13:00,744.595,744.6,744.49,744.59,0
2026-07-31 19:14:00,744.5199,744.55,744.46,744.53,0
2026-07-31 19:15:00,744.52,744.5988,744.48,744.55,0
2026-07-31 19:16:00,744.56,744.62,744.5552,744.6182,0
2026-07-31 19:17:00,744.6,744.66,744.5479,744.6599,0
2026-07-31 19:18:00,744.6,744.6046,744.6,744.6,0
2026-07-31 19:19:00,744.56,744.6,744.41,744.54,0
2026-07-31 19:20:00,744.63,744.63,744.54,744.55,0
2026-07-31 19:21:00,744.6352,744.64,744.54,744.5912,0
2026-07-31 19:22:00,744.64,744.64,744.5475,744.59,0
2026-07-31 19:23:00,744.59,744.6229,744.512,744.56,0
2026-07-31 19:24:00,744.55,744.59,744.53,744.53,0
2026-07-31 19:25:00,744.4642,744.59,744.4642,744.5,0
2026-07-31 19:26:00,744.59,744.63,744.59,744.62,0
2026-07-31 19:27:00,744.62,744.63,744.6,744.6121,0
2026-07-31 19:28:00,744.62,744.62,744.55,744.57,0
2026-07-31 19:29:00,744.58,744.63,744.58,744.61,0
2026-07-31 19:30:00,744.5617,744.63,744.5617,744.63,0
2026-07-31 19:31:00,744.6,744.6,744.53,744.5423,0
2026-07-31 19:32:00,744.5447,744.5447,744.45,744.45,0
2026-07-31 19:33:00,744.55,744.55,744.5475,744.55,0
2026-07-31 19:34:00,744.55,744.55,744.5,744.54,0
2026-07-31 19:35:00,744.54,744.55,744.54,744.5448,0
2026-07-31 19:36:00,744.55,744.6,744.55,744.6,0
2026-07-31 19:37:00,744.6,744.65,744.59,744.6491,0
2026-07-31 19:38:00,744.6469,744.65,744.52,744.64,0
2026-07-31 19:39:00,744.65,744.65,744.4987,744.5,0
2026-07-31 19:40:00,744.5,744.55,744.4225,744.49,0
2026-07-31 19:41:00,744.46,744.64,744.4485,744.63,0
2026-07-31 19:42:00,744.46,744.626,744.46,744.5117,0
2026-07-31 19:43:00,744.6,744.6299,744.58,744.58,0
2026-07-31 19:44:00,744.5957,744.65,744.43,744.55,0
2026-07-31 19:45:00,744.55,744.5655,744.547,744.5655,0
2026-07-31 19:46:00,744.611,744.65,744.61,744.61,0
2026-07-31 19:47:00,744.61,744.65,744.6,744.65,0
2026-07-31 19:48:00,744.57,744.63,744.55,744.63,0
2026-07-31 19:49:00,744.62,744.63,744.6,744.6,0
2026-07-31 19:50:00,744.6,744.6,744.5255,744.5255,0
2026-07-31 19:51:00,744.59,744.59,744.39,744.39,0
2026-07-31 19:52:00,744.5,744.51,744.46,744.46,0
2026-07-31 19:53:00,744.4694,744.5,744.4694,744.5,0
2026-07-31 19:54:00,744.599,744.599,744.47,744.4701,0
2026-07-31 19:55:00,744.48,744.48,744.39,744.39,0
2026-07-31 19:56:00,744.5,744.5604,744.4,744.4218,0
2026-07-31 19:57:00,744.49,744.59,744.41,744.47,0
2026-07-31 19:58:00,744.55,744.5851,744.5,744.5803,0
2026-07-31 19:59:00,744.59,744.61,744.18,744.21,0
2026-08-03 04:00:00,750.07,751.511,749.72,750.751,0
2026-08-03 04:01:00,750.77,751.51,750.2,750.61,0
2026-08-03 04:02:00,750.52,751.0,750.18,750.41,0
2026-08-03 04:03:00,750.41,750.41,750.17,750.17,0
2026-08-03 04:04:00,750.17,750.22,750.05,750.07,0
2026-08-03 04:05:00,750.03,750.14,750.01,750.14,0
2026-08-03 04:06:00,750.08,751.35,750.05,750.25,0
2026-08-03 04:07:00,750.19,750.2,750.02,750.02,0
2026-08-03 04:08:00,750.0392,750.04,749.93,749.98,0
2026-08-03 04:09:00,750.02,750.22,750.02,750.17,0
2026-08-03 04:10:00,750.11,750.27,750.11,750.18,0
2026-08-03 04:11:00,750.2,750.2787,750.14,750.2345,0
2026-08-03 04:12:00,750.2436,750.34,750.2436,750.26,0
2026-08-03 04:13:00,750.26,750.3685,750.18,750.3685,0
2026-08-03 04:14:00,750.34,750.43,750.34,750.41,0
2026-08-03 04:15:00,750.3487,750.4087,750.29,750.3188,0
2026-08-03 04:16:00,750.2885,750.2885,750.1612,750.1612,0
2026-08-03 04:17:00,750.16,750.16,750.09,750.09,0
2026-08-03 04:18:00,750.1,750.1,749.89,749.93,0
2026-08-03 04:19:00,749.93,750.0,749.92,749.96,0
2026-08-03 04:20:00,749.91,750.0115,749.89,750.0115,0
2026-08-03 04:21:00,750.0105,750.05,749.88,749.93,0
2026-08-03 04:22:00,749.9685,749.97,749.9,749.97,0
2026-08-03 04:23:00,749.92,749.92,749.83,749.83,0
2026-08-03 04:24:00,749.82,749.9204,749.78,749.8361,0
2026-08-03 04:25:00,749.86,749.88,749.76,749.83,0
2026-08-03 04:26:00,749.8809,749.8809,749.79,749.84,0
2026-08-03 04:27:00,749.78,749.81,749.65,749.81,0
2026-08-03 04:28:00,749.84,749.96,749.84,749.91,0
2026-08-03 04:29:00,749.88,749.89,749.8,749.81,0
2026-08-03 04:30:00,749.91,749.96,749.71,749.71,0
2026-08-03 04:31:00,749.73,749.9,749.73,749.9,0
2026-08-03 04:32:00,749.87,749.93,749.86,749.93,0
2026-08-03 04:33:00,749.85,749.85,749.68,749.7,0
2026-08-03 04:34:00,749.68,749.72,749.6746,749.72,0
2026-08-03 04:35:00,749.77,750.0,749.72,750.0,0
2026-08-03 04:36:00,750.02,750.34,750.02,750.34,0
2026-08-03 04:37:00,750.4,750.41,750.21,750.21,0
2026-08-03 04:38:00,750.33,750.37,750.29,750.3382,0
2026-08-03 04:39:00,750.34,750.47,750.34,750.47,0
2026-08-03 04:40:00,750.44,750.47,750.3412,750.3412,0
2026-08-03 04:41:00,750.37,750.38,750.36,750.37,0
2026-08-03 04:42:00,750.4587,750.59,750.44,750.45,0
2026-08-03 04:43:00,750.48,750.49,750.31,750.31,0
2026-08-03 04:44:00,750.31,750.31,750.26,750.3012,0
2026-08-03 04:45:00,750.26,750.35,750.26,750.32,0
2026-08-03 04:46:00,750.4287,750.43,750.33,750.4,0
2026-08-03 04:47:00,750.3287,750.3287,750.11,750.11,0
2026-08-03 04:48:00,750.17,750.2385,750.11,750.2385,0
2026-08-03 04:49:00,750.23,750.33,750.2,750.32,0
2026-08-03 04:50:00,750.2791,750.35,750.2791,750.31,0
2026-08-03 04:51:00,750.37,750.37,750.3,750.32,0
2026-08-03 04:52:00,750.3099,750.44,750.3099,750.39,0
2026-08-03 04:53:00,750.3487,750.39,750.3,750.39,0
2026-08-03 04:54:00,750.37,750.37,750.37,750.37,0
2026-08-03 04:55:00,750.43,750.51,750.43,750.5007,0
2026-08-03 04:56:00,750.5,750.73,750.5,750.73,0
2026-08-03 04:57:00,750.7,750.7,750.6092,750.65,0
2026-08-03 04:58:00,750.6,750.6485,750.5687,750.631,0
2026-08-03 04:59:00,750.69,750.7612,750.69,750.74,0
2026-08-03 05:00:00,750.8224,750.87,750.67,750.709,0
2026-08-03 05:01:00,750.7,750.73,750.6192,750.6192,0
2026-08-03 05:02:00,750.6192,750.62,750.52,750.589,0
2026-08-03 05:03:00,750.62,750.6205,750.52,750.55,0
2026-08-03 05:04:00,750.559,750.65,750.49,750.51,0
2026-08-03 05:05:00,750.52,750.63,750.509,750.63,0
2026-08-03 05:06:00,750.7,750.7,750.55,750.59,0
2026-08-03 05:07:00,750.5,750.57,750.5,750.55,0
2026-08-03 05:08:00,750.52,750.55,750.5,750.5385,0
2026-08-03 05:09:00,750.55,750.56,750.521,750.56,0
2026-08-03 05:10:00,750.55,750.59,750.5287,750.5287,0
2026-08-03 05:11:00,750.489,750.489,750.27,750.27,0
2026-08-03 05:12:00,750.2987,750.3187,750.25,750.29,0
2026-08-03 05:13:00,750.27,750.42,750.27,750.42,0
2026-08-03 05:14:00,750.4,750.49,750.39,750.49,0
2026-08-03 05:15:00,750.4798,750.4798,750.4,750.4,0
2026-08-03 05:16:00,750.45,750.59,750.42,750.53,0
2026-08-03 05:17:00,750.55,750.66,750.49,750.49,0
2026-08-03 05:18:00,750.5,750.5,750.5,750.5,0
2026-08-03 05:19:00,750.6317,750.74,750.62,750.63,0
2026-08-03 05:20:00,750.64,750.64,750.63,750.63,0
2026-08-03 05:21:00,750.64,750.66,750.58,750.66,0
2026-08-03 05:22:00,750.65,750.65,750.61,750.61,0
2026-08-03 05:23:00,750.699,750.7,750.57,750.57,0
2026-08-03 05:24:00,750.6,750.6,750.49,750.49,0
2026-08-03 05:25:00,750.5485,750.5488,750.48,750.51,0
2026-08-03 05:26:00,750.47,750.47,750.38,750.3907,0
2026-08-03 05:27:00,750.4008,750.47,750.3927,750.4478,0
2026-08-03 05:28:00,750.49,750.49,750.4,750.4,0
2026-08-03 05:29:00,750.43,750.5,750.43,750.45,0
2026-08-03 05:30:00,750.47,750.54,750.44,750.54,0
2026-08-03 05:31:00,750.46,750.5485,750.41,750.41,0
2026-08-03 05:32:00,750.46,750.64,750.46,750.64,0
2026-08-03 05:33:00,750.619,750.63,750.53,750.53,0
2026-08-03 05:34:00,750.58,750.58,750.5512,750.56,0
2026-08-03 05:35:00,750.5652,750.71,750.5652,750.62,0
2026-08-03 05:36:00,750.75,750.77,750.6188,750.6188,0
2026-08-03 05:37:00,750.6445,750.67,750.4695,750.49,0
2026-08-03 05:39:00,750.57,750.57,750.4703,750.4737,0
2026-08-03 05:40:00,750.52,750.5685,750.52,750.5685,0
2026-08-03 05:41:00,750.63,750.63,750.54,750.55,0
2026-08-03 05:42:00,750.5417,750.68,750.5417,750.6215,0
2026-08-03 05:43:00,750.649,750.649,750.62,750.62,0
2026-08-03 05:44:00,750.62,750.62,750.47,750.47,0
2026-08-03 05:45:00,750.4723,750.7,750.4723,750.6712,0
2026-08-03 05:47:00,750.66,750.71,750.63,750.63,0
2026-08-03 05:48:00,750.6387,750.7,750.6,750.6,0
2026-08-03 05:49:00,750.63,750.67,750.5,750.5,0
2026-08-03 05:50:00,750.57,750.57,750.41,750.41,0
2026-08-03 05:51:00,750.4087,750.4087,750.32,750.32,0
2026-08-03 05:52:00,750.29,750.33,750.26,750.2771,0
2026-08-03 05:53:00,750.28,750.3388,750.25,750.3388,0
2026-08-03 05:54:00,750.36,750.39,750.34,750.39,0
2026-08-03 05:55:00,750.47,750.5487,750.47,750.5487,0
2026-08-03 05:56:00,750.62,750.67,750.62,750.66,0
2026-08-03 05:57:00,750.59,750.63,750.54,750.54,0
2026-08-03 05:58:00,750.58,750.62,750.56,750.56,0
2026-08-03 05:59:00,750.5912,750.63,750.5912,750.629,0
2026-08-03 06:00:00,750.61,750.61,750.52,750.5717,0
2026-08-03 06:01:00,750.56,750.56,750.41,750.4985,0
2026-08-03 06:02:00,750.48,750.4902,750.48,750.49,0
2026-08-03 06:03:00,750.49,750.55,750.4781,750.5383,0
2026-08-03 06:04:00,750.61,750.69,750.5815,750.69,0
2026-08-03 06:05:00,750.69,750.69,750.61,750.64,0
2026-08-03 06:06:00,750.6612,750.71,750.6612,750.71,0
2026-08-03 06:07:00,750.71,750.71,750.62,750.62,0
2026-08-03 06:08:00,750.66,750.74,750.66,750.6791,0
2026-08-03 06:09:00,750.67,750.67,750.67,750.67,0
2026-08-03 06:10:00,750.68,750.76,750.68,750.76,0
2026-08-03 06:11:00,750.8,750.85,750.8,750.81,0
2026-08-03 06:12:00,750.78,750.849,750.771,750.849,0
2026-08-03 06:13:00,750.79,750.79,750.71,750.78,0
2026-08-03 06:14:00,750.75,750.7681,750.6857,750.75,0
2026-08-03 06:15:00,750.71,750.82,750.71,750.8,0
2026-08-03 06:16:00,750.79,750.855,750.771,750.83,0
2026-08-03 06:17:00,750.86,750.86,750.78,750.79,0
2026-08-03 06:18:00,750.79,750.89,750.76,750.865,0
2026-08-03 06:19:00,750.87,750.87,750.83,750.84,0
2026-08-03 06:20:00,750.81,750.85,750.74,750.74,0
2026-08-03 06:21:00,750.71,750.75,750.6,750.61,0
2026-08-03 06:22:00,750.65,750.71,750.61,750.71,0
2026-08-03 06:23:00,750.71,750.85,750.71,750.81,0
2026-08-03 06:24:00,750.86,750.86,750.68,750.6895,0
2026-08-03 06:25:00,750.76,750.835,750.71,750.76,0
2026-08-03 06:26:00,750.7792,750.86,750.76,750.85,0
2026-08-03 06:27:00,750.8,750.8,750.76,750.76,0
2026-08-03 06:28:00,750.7885,750.88,750.7879,750.83,0
2026-08-03 06:29:00,750.85,750.89,750.79,750.851,0
2026-08-03 06:30:00,750.89,750.89,750.85,750.89,0
2026-08-03 06:31:00,750.8773,750.8773,750.7695,750.78,0
2026-08-03 06:32:00,750.84,750.84,750.71,750.71,0
2026-08-03 06:33:00,750.79,750.87,750.79,750.87,0
2026-08-03 06:34:00,750.851,750.9205,750.85,750.9205,0
2026-08-03 06:35:00,750.93,750.94,750.8292,750.8292,0
2026-08-03 06:36:00,750.8885,750.8885,750.83,750.88,0
2026-08-03 06:37:00,750.88,750.9305,750.87,750.93,0
2026-08-03 06:38:00,750.95,750.98,750.94,750.94,0
2026-08-03 06:39:00,750.94,751.051,750.9354,751.0,0
2026-08-03 06:40:00,751.0,751.1,750.99,751.07,0
2026-08-03 06:41:00,751.05,751.08,751.05,751.08,0
2026-08-03 06:42:00,751.06,751.06,751.0,751.05,0
2026-08-03 06:43:00,751.04,751.06,751.0,751.03,0
2026-08-03 06:44:00,751.0505,751.09,751.03,751.09,0
2026-08-03 06:45:00,751.1,751.11,751.02,751.02,0
2026-08-03 06:46:00,751.0209,751.07,751.0209,751.05,0
2026-08-03 06:47:00,751.0,751.08,751.0,751.03,0
2026-08-03 06:48:00,751.01,751.07,751.01,751.04,0
2026-08-03 06:49:00,751.07,751.11,750.9986,751.03,0
2026-08-03 06:50:00,751.02,751.02,750.94,750.94,0
2026-08-03 06:51:00,750.99,751.02,750.95,751.0,0
2026-08-03 06:52:00,751.0,751.02,750.96,751.02,0
2026-08-03 06:53:00,751.02,751.08,751.02,751.08,0
2026-08-03 06:54:00,751.08,751.08,751.0092,751.05,0
2026-08-03 06:55:00,751.05,751.08,751.04,751.074,0
2026-08-03 06:56:00,751.07,751.15,751.07,751.1499,0
2026-08-03 06:57:00,751.1154,751.14,751.06,751.1,0
2026-08-03 06:58:00,751.1,751.1,751.04,751.05,0
2026-08-03 06:59:00,751.06,751.12,751.06,751.12,0
2026-08-03 07:00:00,751.111,751.1787,747.03,751.03,0
2026-08-03 07:01:00,751.03,751.0648,747.03,750.8811,0
2026-08-03 07:02:00,750.8892,750.98,750.82,750.9485,0
2026-08-03 07:03:00,750.95,750.95,750.8,750.95,0
2026-08-03 07:04:00,750.94,750.94,750.7913,750.8815,0
2026-08-03 07:05:00,750.8963,750.9,750.8201,750.8709,0
2026-08-03 07:06:00,750.88,750.8915,750.6,750.6,0
2026-08-03 07:07:00,750.58,750.756,750.58,750.6781,0
2026-08-03 07:08:00,750.67,750.7411,750.6175,750.6497,0
2026-08-03 07:09:00,750.6344,750.7485,750.6064,750.7423,0
2026-08-03 07:10:00,750.77,750.8398,750.7412,750.8,0
2026-08-03 07:11:00,750.83,750.84,750.7699,750.8,0
2026-08-03 07:12:00,750.76,750.8502,750.76,750.8198,0
2026-08-03 07:13:00,750.82,750.88,750.8,750.8791,0
2026-08-03 07:14:00,750.8296,750.89,750.8,750.865,0
2026-08-03 07:15:00,750.869,750.9,750.8251,750.9,0
2026-08-03 07:16:00,750.88,751.04,750.8339,750.9618,0
2026-08-03 07:17:00,750.9632,751.1529,750.9632,751.1195,0
2026-08-03 07:18:00,751.1338,751.16,750.9812,751.11,0
2026-08-03 07:19:00,751.1151,751.16,751.0,751.13,0
2026-08-03 07:20:00,751.1587,751.195,751.11,751.195,0
2026-08-03 07:21:00,751.19,751.23,750.96,751.0187,0
2026-08-03 07:22:00,751.0291,751.18,750.9992,751.07,0
2026-08-03 07:23:00,751.0772,751.12,750.99,751.0162,0
2026-08-03 07:24:00,751.025,751.03,750.97,750.97,0
2026-08-03 07:25:00,750.98,751.029,750.9492,750.97,0
2026-08-03 07:26:00,750.97,751.08,750.9092,751.06,0
2026-08-03 07:27:00,751.0001,751.0395,750.94,750.9851,0
2026-08-03 07:28:00,750.9856,751.07,750.9615,751.07,0
2026-08-03 07:29:00,751.021,751.14,751.01,751.01,0
2026-08-03 07:30:00,751.01,751.57,750.97,751.455,0
2026-08-03 07:31:00,751.5701,751.599,751.3,751.39,0
2026-08-03 07:32:00,751.399,751.4,751.32,751.4,0
2026-08-03 07:33:00,751.45,751.46,751.36,751.41,0
2026-08-03 07:34:00,751.419,751.45,751.4,751.4,0
2026-08-03 07:35:00,751.4009,751.51,751.4,751.45,0
2026-08-03 07:36:00,751.41,751.47,751.35,751.37,0
2026-08-03 07:37:00,751.38,751.419,751.25,751.25,0
2026-08-03 07:38:00,751.2792,751.3285,751.02,751.0362,0
2026-08-03 07:39:00,751.05,751.1,750.9792,750.9792,0
2026-08-03 07:40:00,750.9792,750.9792,750.8992,750.912,0
2026-08-03 07:41:00,750.94,750.9912,750.9061,750.9581,0
2026-08-03 07:42:00,751.0,751.0266,750.94,750.9709,0
2026-08-03 07:43:00,750.9963,751.0124,750.949,751.0124,0
2026-08-03 07:44:00,751.0062,751.2324,751.0062,751.2316,0
2026-08-03 07:45:00,751.23,751.2619,751.1154,751.25,0
2026-08-03 07:46:00,751.27,751.2901,751.2012,751.2901,0
2026-08-03 07:47:00,751.2624,751.2823,751.11,751.154,0
2026-08-03 07:48:00,751.19,751.1934,750.9992,751.04,0
2026-08-03 07:49:00,751.0102,751.2,751.0102,751.15,0
2026-08-03 07:50:00,751.0958,751.13,751.0287,751.0287,0
2026-08-03 07:51:00,751.0287,751.0299,750.8828,750.8828,0
2026-08-03 07:52:00,750.89,750.91,750.769,750.8,0
2026-08-03 07:53:00,750.76,750.78,750.63,750.75,0
2026-08-03 07:54:00,750.72,750.75,750.5868,750.59,0
2026-08-03 07:55:00,750.57,750.59,750.47,750.47,0
2026-08-03 07:56:00,750.5,750.5297,750.4397,750.4947,0
2026-08-03 07:57:00,750.48,750.5564,750.4346,750.5,0
2026-08-03 07:58:00,750.53,750.56,750.45,750.5115,0
2026-08-03 07:59:00,750.51,750.62,750.4497,750.62,0
2026-08-03 08:00:00,750.585,750.5887,750.3692,750.4128,0
2026-08-03 08:01:00,750.36,750.4017,750.3212,750.37,0
2026-08-03 08:02:00,750.4107,750.5,750.37,750.4785,0
2026-08-03 08:03:00,750.5,750.5,750.34,750.3624,0
2026-08-03 08:04:00,750.3797,750.5285,750.35,750.35,0
2026-08-03 08:05:00,750.43,750.4495,750.2959,750.329,0
2026-08-03 08:06:00,750.34,750.41,750.25,750.25,0
2026-08-03 08:07:00,750.2695,750.3251,750.23,750.3251,0
2026-08-03 08:08:00,750.31,750.4062,750.285,750.4062,0
2026-08-03 08:09:00,750.3994,750.4485,750.3469,750.35,0
2026-08-03 08:10:00,750.35,750.4,750.22,750.2955,0
2026-08-03 08:11:00,750.2685,750.2685,750.18,750.2415,0
2026-08-03 08:12:00,750.25,750.33,750.22,750.24,0
2026-08-03 08:13:00,750.279,750.49,750.2415,750.47,0
2026-08-03 08:14:00,750.5,750.5,750.42,750.4705,0
2026-08-03 08:15:00,750.49,750.65,750.4806,750.6198,0
2026-08-03 08:16:00,750.59,750.74,750.35,750.35,0
2026-08-03 08:17:00,750.38,750.43,750.32,750.43,0
2026-08-03 08:18:00,750.44,750.5,750.39,750.479,0
2026-08-03 08:19:00,750.42,750.5,750.4,750.5,0
2026-08-03 08:20:00,750.5496,750.61,750.49,750.58,0
2026-08-03 08:21:00,750.6,750.7315,750.6,750.689,0
2026-08-03 08:22:00,750.6987,750.6987,750.5,750.5294,0
2026-08-03 08:23:00,750.439,750.48,750.28,750.28,0
2026-08-03 08:24:00,750.3235,750.3763,750.28,750.3,0
2026-08-03 08:25:00,750.38,750.48,750.38,750.48,0
2026-08-03 08:26:00,750.4808,750.5288,750.43,750.44,0
2026-08-03 08:27:00,750.43,750.5,750.24,750.5,0
2026-08-03 08:28:00,750.54,750.7285,750.52,750.6797,0
2026-08-03 08:29:00,750.69,750.74,750.62,750.6898,0
2026-08-03 08:30:00,750.7,750.845,750.66,750.8142,0
2026-08-03 08:31:00,750.7721,750.85,750.731,750.8102,0
2026-08-03 08:32:00,750.77,750.88,750.768,750.78,0
2026-08-03 08:33:00,750.75,750.8562,750.74,750.77,0
2026-08-03 08:34:00,750.75,750.92,750.73,750.907,0
2026-08-03 08:35:00,750.9077,750.99,750.7831,750.8349,0
2026-08-03 08:36:00,750.8349,750.9504,750.77,750.87,0
2026-08-03 08:37:00,750.8349,750.8921,750.8052,750.84,0
2026-08-03 08:38:00,750.83,750.9397,750.8,750.9,0
2026-08-03 08:39:00,750.87,751.05,750.87,751.0485,0
2026-08-03 08:40:00,751.0,751.0908,750.9437,751.02,0
2026-08-03 08:41:00,751.0,751.1453,750.99,751.1453,0
2026-08-03 08:42:00,751.15,751.1899,751.07,751.07,0
2026-08-03 08:43:00,751.1,751.28,751.07,751.2643,0
2026-08-03 08:44:00,751.25,751.38,751.25,751.3607,0
2026-08-03 08:45:00,751.3763,751.45,751.335,751.38,0
2026-08-03 08:46:00,751.3457,751.43,751.331,751.39,0
2026-08-03 08:47:00,751.35,751.3503,747.03,751.3,0
2026-08-03 08:48:00,751.3,751.3332,751.2204,751.2692,0
2026-08-03 08:49:00,751.26,751.29,751.19,751.229,0
2026-08-03 08:50:00,751.2,751.23,751.06,751.1299,0
2026-08-03 08:51:00,751.12,751.32,751.0534,751.31,0
2026-08-03 08:52:00,751.2915,751.2915,751.2,751.2399,0
2026-08-03 08:53:00,751.2,751.3251,751.14,751.3251,0
2026-08-03 08:54:00,751.3387,751.35,751.281,751.32,0
2026-08-03 08:55:00,751.3046,751.3046,751.24,751.26,0
2026-08-03 08:56:00,751.27,751.35,751.2392,751.2392,0
2026-08-03 08:57:00,751.21,751.3015,751.17,751.1757,0
2026-08-03 08:58:00,751.1892,751.25,751.11,751.185,0
2026-08-03 08:59:00,751.14,751.2015,751.11,751.156,0
2026-08-03 09:00:00,751.1756,751.2814,751.0702,751.14,0
2026-08-03 09:01:00,751.1,751.22,751.07,751.195,0
2026-08-03 09:02:00,751.17,751.17,751.01,751.06,0
2026-08-03 09:03:00,751.02,751.1623,751.02,751.1415,0
2026-08-03 09:04:00,751.15,751.19,751.07,751.19,0
2026-08-03 09:05:00,751.2514,751.31,751.1703,751.27,0
2026-08-03 09:06:00,751.28,751.31,751.17,751.18,0
2026-08-03 09:07:00,751.19,751.26,751.1486,751.239,0
2026-08-03 09:08:00,751.2,751.2116,751.05,751.07,0
2026-08-03 09:09:00,751.07,751.13,751.07,751.08,0
2026-08-03 09:10:00,751.1153,751.23,751.0712,751.23,0
2026-08-03 09:11:00,751.23,751.24,751.08,751.11,0
2026-08-03 09:12:00,751.1,751.2,751.1,751.149,0
2026-08-03 09:13:00,751.11,751.19,751.04,751.0501,0
2026-08-03 09:14:00,751.089,751.09,750.97,751.051,0
2026-08-03 09:30:00,749.44,750.29,749.1,749.75,1958717
2026-08-03 09:31:00,749.75,749.99,749.59,749.95,213136
2026-08-03 09:32:00,749.95,750.41,749.69,750.23,149387
2026-08-03 09:33:00,750.23,750.77,750.06,750.72,206487
2026-08-03 09:34:00,750.7,751.32,750.61,750.78,286363
2026-08-03 09:35:00,750.76,751.47,750.74,751.25,311017
2026-08-03 09:36:00,751.245,751.75,751.245,751.71,229856
2026-08-03 09:37:00,751.7,751.94,751.47,751.56,306295
2026-08-03 09:38:00,751.57,751.63,751.29,751.575,160920
2026-08-03 09:39:00,751.575,751.86,751.485,751.72,174295
2026-08-03 09:40:00,751.7,751.83,751.09,751.58,248917
2026-08-03 09:41:00,751.57,751.73,751.195,751.54,122188
2026-08-03 09:42:00,751.53,751.64,751.06,751.105,119822
2026-08-03 09:43:00,751.08,751.31,750.97,751.11,123881
2026-08-03 09:44:00,751.125,751.6,751.12,751.58,165122
2026-08-03 09:45:00,751.59,751.93,751.51,751.61,154037
2026-08-03 09:46:00,751.62,751.75,751.37,751.415,130506
2026-08-03 09:47:00,751.44,752.04,751.44,752.04,147322
2026-08-03 09:48:00,752.0388,752.33,751.67,751.8499,330186
2026-08-03 09:49:00,751.84,752.17,751.7501,751.91,226990
2026-08-03 09:50:00,751.92,752.14,751.6,751.89,139343
2026-08-03 09:51:00,751.89,752.5,751.84,752.495,201440
2026-08-03 09:52:00,752.495,752.57,752.29,752.56,198919
2026-08-03 09:53:00,752.56,752.91,752.54,752.8913,311151
2026-08-03 09:54:00,752.8919,752.95,752.61,752.76,201102
2026-08-03 09:55:00,752.765,753.14,752.6501,753.075,175415
2026-08-03 09:56:00,753.08,753.16,752.93,753.04,168843
2026-08-03 09:57:00,753.06,753.3,752.97,753.265,176619
2026-08-03 09:58:00,753.26,753.49,753.04,753.42,188969
2026-08-03 09:59:00,753.42,753.6387,753.245,753.6,155702
2026-08-03 10:00:00,753.62,753.63,753.19,753.395,172813
2026-08-03 10:01:00,753.395,753.46,753.28,753.375,110696
2026-08-03 10:02:00,753.385,753.765,753.38,753.76,114971
2026-08-03 10:03:00,753.75,753.95,753.56,753.6,138132
2026-08-03 10:04:00,753.58,753.61,753.0,753.41,150766
2026-08-03 10:05:00,753.41,753.53,753.25,753.485,125833
2026-08-03 10:06:00,753.5,753.63,753.43,753.53,118980
2026-08-03 10:07:00,753.53,753.6,753.285,753.29,91738
2026-08-03 10:08:00,753.29,753.62,753.17,753.47,126093
2026-08-03 10:09:00,753.5,753.64,753.47,753.58,106459
2026-08-03 10:10:00,753.5701,753.93,753.55,753.835,125792
2026-08-03 10:11:00,753.84,753.95,753.7,753.885,140765
2026-08-03 10:12:00,753.91,754.05,753.8,753.93,183774
2026-08-03 10:13:00,753.925,753.93,753.71,753.76,184329
2026-08-03 10:14:00,753.76,753.92,753.57,753.9,121502
2026-08-03 10:15:00,753.89,754.03,753.83,754.015,115776
2026-08-03 10:16:00,754.03,754.38,754.03,754.31,192883
2026-08-03 10:17:00,754.32,754.4299,754.221,754.38,122297
2026-08-03 10:18:00,754.38,754.54,754.345,754.45,124499
2026-08-03 10:19:00,754.45,754.45,754.17,754.1827,150247
2026-08-03 10:20:00,754.19,754.39,754.16,754.33,134617
2026-08-03 10:21:00,754.345,754.5,754.31,754.48,170623
2026-08-03 10:22:00,754.49,754.53,754.37,754.47,182504
2026-08-03 10:23:00,754.47,754.66,754.45,754.64,214396
2026-08-03 10:24:00,754.65,754.78,754.58,754.6199,153055
2026-08-03 10:25:00,754.62,754.77,754.545,754.5801,173962
2026-08-03 10:26:00,754.585,754.6,754.42,754.6,238458
2026-08-03 10:27:00,754.6,754.64,754.362,754.49,314559
2026-08-03 10:28:00,754.5,754.61,754.41,754.48,101131
2026-08-03 10:29:00,754.48,754.58,754.4525,754.5,89533
2026-08-03 10:30:00,754.5,754.56,754.3925,754.46,126018
2026-08-03 10:31:00,754.46,754.64,754.41,754.45,248020
2026-08-03 10:32:00,754.45,754.55,754.365,754.42,149546
2026-08-03 10:33:00,754.43,754.53,754.31,754.3905,97308
2026-08-03 10:34:00,754.41,754.53,754.31,754.51,235670
2026-08-03 10:35:00,754.52,754.56,754.4301,754.53,109374
2026-08-03 10:36:00,754.53,754.73,754.48,754.6984,92466
2026-08-03 10:37:00,754.7,754.7899,754.66,754.72,153216
2026-08-03 10:38:00,754.72,754.77,754.67,754.715,123836
2026-08-03 10:39:00,754.715,754.935,754.7,754.795,143491
2026-08-03 10:40:00,754.79,755.07,754.75,755.06,263918
2026-08-03 10:41:00,755.06,755.165,754.91,754.965,189283
2026-08-03 10:42:00,754.95,755.0,754.8,754.9599,118308
2026-08-03 10:43:00,754.97,754.985,754.8,754.985,83789
2026-08-03 10:44:00,754.99,755.0109,754.85,754.9,73444
2026-08-03 10:45:00,754.91,754.93,754.705,754.72,105777
2026-08-03 10:46:00,754.715,754.95,754.715,754.87,162045
2026-08-03 10:47:00,754.87,754.93,754.75,754.87,88319
2026-08-03 10:48:00,754.87,754.96,754.8,754.84,99427
2026-08-03 10:49:00,754.84,754.926,754.8,754.87,90738
2026-08-03 10:50:00,754.87,754.97,754.815,754.96,205177
2026-08-03 10:51:00,754.96,755.12,754.935,755.0777,137641
2026-08-03 10:52:00,755.08,755.095,754.915,754.97,97849
2026-08-03 10:53:00,754.975,755.08,754.91,755.07,142426
2026-08-03 10:54:00,755.07,755.14,754.9,754.92,131075
2026-08-03 10:55:00,754.915,755.15,754.915,755.08,86078
2026-08-03 10:56:00,755.075,755.4055,755.075,755.2803,131984
2026-08-03 10:57:00,755.28,755.28,755.17,755.22,140997
2026-08-03 10:58:00,755.225,755.31,755.15,755.3001,96058
2026-08-03 10:59:00,755.31,755.38,755.22,755.3701,97534
2026-08-03 11:00:00,755.38,755.43,755.29,755.29,309955
2026-08-03 11:01:00,755.3,755.4,755.24,755.33,115241
2026-08-03 11:02:00,755.33,755.37,755.27,755.29,84041
2026-08-03 11:03:00,755.295,755.31,755.165,755.24,134762
2026-08-03 11:04:00,755.235,755.27,755.095,755.24,117863
2026-08-03 11:05:00,755.24,755.25,755.02,755.02,96337
2026-08-03 11:06:00,755.03,755.03,754.79,755.02,108626
2026-08-03 11:07:00,755.025,755.23,754.88,755.08,74231
2026-08-03 11:08:00,755.07,755.11,754.92,754.985,65980
2026-08-03 11:09:00,754.98,754.99,754.88,754.95,71364
2026-08-03 11:10:00,754.94,754.985,754.8,754.915,114958
2026-08-03 11:11:00,754.9255,754.99,754.86,754.98,99207
2026-08-03 11:12:00,754.985,755.1,754.83,755.1,96518
2026-08-03 11:13:00,755.1,755.13,755.01,755.08,141991
2026-08-03 11:14:00,755.08,755.08,754.95,755.055,84245
2026-08-03 11:15:00,755.055,755.31,755.05,755.23,99938
2026-08-03 11:16:00,755.23,755.295,755.18,755.25,273873
2026-08-03 11:17:00,755.24,755.25,755.1,755.23,76672
2026-08-03 11:18:00,755.23,755.325,755.215,755.32,55260
2026-08-03 11:19:00,755.31,755.4,755.29,755.39,68661
2026-08-03 11:20:00,755.4,755.59,755.4,755.59,101591
2026-08-03 11:21:00,755.58,755.6,755.38,755.43,141546
2026-08-03 11:22:00,755.43,755.6099,755.39,755.6,87916
2026-08-03 11:23:00,755.61,755.63,755.5,755.62,100632
2026-08-03 11:24:00,755.62,755.69,755.545,755.58,93764
2026-08-03 11:25:00,755.575,755.7,755.1,755.38,172022
2026-08-03 11:26:00,755.39,755.56,755.24,755.42,266508
2026-08-03 11:27:00,755.425,755.51,755.36,755.4,74133
2026-08-03 11:28:00,755.42,755.45,755.02,755.14,114782
2026-08-03 11:29:00,755.16,755.2299,755.03,755.11,73483
2026-08-03 11:30:00,755.12,755.41,755.075,755.259,132552
2026-08-03 11:31:00,755.25,755.385,755.22,755.27,74613
2026-08-03 11:32:00,755.25,755.34,755.21,755.265,64538
2026-08-03 11:33:00,755.26,755.44,755.21,755.435,194277
2026-08-03 11:34:00,755.44,755.47,755.29,755.3,80024
2026-08-03 11:35:00,755.29,755.39,755.2,755.39,65980
2026-08-03 11:36:00,755.39,755.45,755.29,755.345,72103
2026-08-03 11:37:00,755.345,755.45,755.33,755.39,1063855
2026-08-03 11:38:00,755.37,755.54,755.33,755.48,95883
2026-08-03 11:39:00,755.49,755.62,755.42,755.56,379193
2026-08-03 11:40:00,755.545,755.76,755.53,755.7,89146
2026-08-03 11:41:00,755.7,755.83,755.69,755.7599,0
2026-08-03 11:42:00,755.75,755.75,755.6801,755.7,81886
2026-08-03 11:43:00,755.69,755.74,755.595,755.62,73287
2026-08-03 11:44:00,755.62,755.664,755.585,755.6401,48458
2026-08-03 11:45:00,755.65,755.93,755.65,755.88,99998
2026-08-03 11:46:00,755.89,756.02,755.88,755.95,235545
2026-08-03 11:47:00,755.95,755.99,755.86,755.975,61232
2026-08-03 11:48:00,755.975,755.98,755.88,755.89,131175
2026-08-03 11:49:00,755.88,756.07,755.87,756.02,155622
2026-08-03 11:50:00,756.02,756.12,756.0,756.0301,80670
2026-08-03 11:51:00,756.035,756.11,755.9701,756.08,64710
2026-08-03 11:52:00,756.08,756.1328,756.02,756.04,49130
2026-08-03 11:53:00,756.035,756.195,756.02,756.18,57920
2026-08-03 11:54:00,756.175,756.21,756.145,756.18,62379
2026-08-03 11:55:00,756.17,756.19,755.98,756.04,127160
2026-08-03 11:56:00,756.085,756.085,756.085,756.085,0
