time_et,open,high,low,close,volume
2026-07-24 04:00:00,320.12,325.288,319.69,323.5,0
2026-07-24 04:01:00,323.4101,325.25,320.0,323.01,0
2026-07-24 04:02:00,323.0085,323.01,320.06,322.61,0
2026-07-24 04:03:00,322.81,325.22,322.2,323.2429,0
2026-07-24 04:04:00,323.4,323.522,322.64,322.8967,0
2026-07-24 04:05:00,322.94,325.24,320.02,322.88,0
2026-07-24 04:06:00,323.0,323.21,322.66,323.1,0
2026-07-24 04:07:00,323.06,323.49,323.0,323.11,0
2026-07-24 04:08:00,323.49,323.84,323.49,323.789,0
2026-07-24 04:09:00,323.7483,323.98,323.49,323.49,0
2026-07-24 04:10:00,323.5694,323.99,323.46,323.65,0
2026-07-24 04:11:00,323.65,323.7549,323.26,323.407,0
2026-07-24 04:12:00,323.5083,323.5083,323.12,323.18,0
2026-07-24 04:13:00,323.34,323.65,323.26,323.55,0
2026-07-24 04:14:00,323.53,323.99,323.26,323.99,0
2026-07-24 04:15:00,323.79,323.98,323.79,323.9473,0
2026-07-24 04:16:00,323.9,324.2389,323.77,323.9,0
2026-07-24 04:17:00,323.97,323.99,323.81,323.82,0
2026-07-24 04:18:00,323.82,323.97,323.46,323.5,0
2026-07-24 04:19:00,323.5925,323.5925,323.3,323.48,0
2026-07-24 04:20:00,323.4852,323.6,323.4,323.59,0
2026-07-24 04:21:00,323.59,323.6088,323.39,323.4,0
2026-07-24 04:22:00,323.4,323.5608,323.4,323.4769,0
2026-07-24 04:23:00,323.48,323.488,323.39,323.39,0
2026-07-24 04:24:00,323.41,323.4335,323.23,323.25,0
2026-07-24 04:25:00,323.31,323.3599,323.18,323.26,0
2026-07-24 04:26:00,323.3644,323.7988,323.218,323.5,0
2026-07-24 04:27:00,323.5019,323.57,323.2142,323.54,0
2026-07-24 04:28:00,323.54,323.6888,323.3387,323.43,0
2026-07-24 04:29:00,323.54,323.7,323.4097,323.651,0
2026-07-24 04:30:00,323.69,323.97,323.65,323.94,0
2026-07-24 04:31:00,323.94,324.4988,323.9,324.17,0
2026-07-24 04:32:00,324.17,324.5862,324.1,324.5862,0
2026-07-24 04:33:00,324.4435,324.59,324.2262,324.3481,0
2026-07-24 04:34:00,324.2245,324.4,324.0,324.2,0
2026-07-24 04:35:00,324.1888,324.61,323.9512,323.9987,0
2026-07-24 04:36:00,323.9974,324.068,323.8065,324.05,0
2026-07-24 04:37:00,324.0487,324.0487,323.99,324.0358,0
2026-07-24 04:38:00,324.0,324.066,323.9137,324.0562,0
2026-07-24 04:39:00,324.01,324.39,323.9132,324.1,0
2026-07-24 04:40:00,324.373,324.38,324.004,324.16,0
2026-07-24 04:41:00,324.1648,324.1648,323.93,323.93,0
2026-07-24 04:42:00,323.91,323.9685,323.8097,323.8306,0
2026-07-24 04:43:00,323.8483,323.869,323.55,323.6852,0
2026-07-24 04:44:00,323.6877,323.6877,323.5035,323.6542,0
2026-07-24 04:45:00,323.66,323.7888,323.5805,323.7752,0
2026-07-24 04:46:00,323.78,323.78,323.6,323.7456,0
2026-07-24 04:47:00,323.7077,323.7975,323.7,323.7265,0
2026-07-24 04:48:00,323.78,323.78,323.5,323.5065,0
2026-07-24 04:49:00,323.61,323.7437,323.5,323.66,0
2026-07-24 04:50:00,323.66,323.73,323.61,323.6895,0
2026-07-24 04:51:00,323.71,323.9273,323.66,323.756,0
2026-07-24 04:52:00,323.9471,323.98,323.794,323.9647,0
2026-07-24 04:53:00,323.9,323.96,323.6979,323.7255,0
2026-07-24 04:54:00,323.73,323.9788,323.654,323.9788,0
2026-07-24 04:55:00,323.75,323.9815,323.6306,323.77,0
2026-07-24 04:56:00,323.84,323.84,323.6545,323.7377,0
2026-07-24 04:57:00,323.74,323.993,323.652,323.94,0
2026-07-24 04:58:00,323.9827,323.9827,323.52,323.5597,0
2026-07-24 04:59:00,323.519,323.6588,323.5184,323.5586,0
2026-07-24 05:00:00,323.55,323.56,322.4,322.7112,0
2026-07-24 05:01:00,322.718,323.0232,322.718,322.96,0
2026-07-24 05:02:00,323.018,323.39,322.96,323.1557,0
2026-07-24 05:03:00,323.24,323.3645,323.15,323.25,0
2026-07-24 05:04:00,323.19,323.2475,322.8601,323.1412,0
2026-07-24 05:05:00,322.9896,322.99,322.8045,322.9263,0
2026-07-24 05:06:00,322.95,323.3177,322.89,323.3177,0
2026-07-24 05:07:00,322.94,323.5488,322.9,323.5488,0
2026-07-24 05:08:00,323.3062,323.6802,323.3062,323.48,0
2026-07-24 05:09:00,323.45,323.8,323.1972,323.8,0
2026-07-24 05:10:00,323.7169,323.8,323.6,323.7975,0
2026-07-24 05:11:00,323.7975,323.98,323.75,323.973,0
2026-07-24 05:12:00,323.91,323.98,323.6037,323.75,0
2026-07-24 05:13:00,323.7475,323.75,323.66,323.7012,0
2026-07-24 05:14:00,323.74,323.75,323.5642,323.66,0
2026-07-24 05:15:00,323.7211,323.7211,323.2675,323.486,0
2026-07-24 05:16:00,323.48,323.56,323.3162,323.5352,0
2026-07-24 05:17:00,323.48,323.7188,323.3545,323.58,0
2026-07-24 05:18:00,323.5365,323.7242,323.4532,323.565,0
2026-07-24 05:19:00,323.57,323.8,323.51,323.8,0
2026-07-24 05:20:00,323.6485,323.9715,323.5245,323.6512,0
2026-07-24 05:21:00,323.67,323.7488,323.52,323.6001,0
2026-07-24 05:22:00,323.7442,323.75,323.5232,323.5232,0
2026-07-24 05:23:00,323.6432,323.7832,323.5915,323.7122,0
2026-07-24 05:24:00,323.79,323.9477,323.7525,323.9477,0
2026-07-24 05:25:00,323.89,324.18,323.8622,324.1653,0
2026-07-24 05:26:00,324.1653,324.178,323.8655,324.0423,0
2026-07-24 05:27:00,323.95,324.0747,323.8278,323.8278,0
2026-07-24 05:28:00,323.9,323.98,323.8045,323.87,0
2026-07-24 05:29:00,323.802,323.9755,323.8,323.81,0
2026-07-24 05:30:00,323.87,323.98,323.8,323.9507,0
2026-07-24 05:31:00,323.9371,323.98,323.89,323.9,0
2026-07-24 05:32:00,323.9662,324.156,323.92,324.156,0
2026-07-24 05:33:00,324.1517,324.4772,324.0438,324.4353,0
2026-07-24 05:34:00,324.448,324.45,324.31,324.32,0
2026-07-24 05:35:00,324.34,324.4,324.31,324.3985,0
2026-07-24 05:36:00,324.39,324.4687,324.3512,324.467,0
2026-07-24 05:37:00,324.42,324.4687,324.3527,324.3527,0
2026-07-24 05:38:00,324.4572,324.4767,324.35,324.391,0
2026-07-24 05:39:00,324.3601,324.5,324.3597,324.47,0
2026-07-24 05:40:00,324.4775,324.69,324.39,324.686,0
2026-07-24 05:41:00,324.69,324.85,324.6238,324.7297,0
2026-07-24 05:42:00,324.73,324.945,324.72,324.85,0
2026-07-24 05:43:00,324.945,324.9465,324.8,324.8091,0
2026-07-24 05:44:00,324.8097,324.82,324.506,324.6857,0
2026-07-24 05:45:00,324.69,324.69,324.51,324.63,0
2026-07-24 05:46:00,324.6857,324.695,324.53,324.5987,0
2026-07-24 05:47:00,324.5987,324.6,324.51,324.5402,0
2026-07-24 05:48:00,324.5494,324.59,324.3657,324.51,0
2026-07-24 05:49:00,324.5852,324.5852,324.2726,324.35,0
2026-07-24 05:50:00,324.29,324.3572,324.1078,324.19,0
2026-07-24 05:51:00,324.19,324.26,324.14,324.19,0
2026-07-24 05:52:00,324.2455,324.393,324.0707,324.393,0
2026-07-24 05:53:00,324.2,324.4,324.127,324.1488,0
2026-07-24 05:54:00,324.1497,324.1497,323.8275,323.95,0
2026-07-24 05:55:00,323.95,324.1032,323.8335,324.0,0
2026-07-24 05:57:00,324.0834,324.3875,323.9,324.004,0
2026-07-24 05:58:00,324.07,324.16,324.004,324.01,0
2026-07-24 05:59:00,324.09,324.1537,323.9005,323.91,0
2026-07-24 06:00:00,323.91,323.9962,323.8297,323.8297,0
2026-07-24 06:01:00,323.83,323.83,323.73,323.79,0
2026-07-24 06:02:00,323.79,323.8,323.66,323.68,0
2026-07-24 06:03:00,323.66,323.7585,323.6597,323.74,0
2026-07-24 06:04:00,323.75,324.1588,323.75,323.9032,0
2026-07-24 06:05:00,323.93,324.0288,323.9,323.9366,0
2026-07-24 06:06:00,323.92,323.95,323.7,323.71,0
2026-07-24 06:07:00,323.8488,323.8488,323.5927,323.64,0
2026-07-24 06:08:00,323.68,323.8437,323.5622,323.7,0
2026-07-24 06:09:00,323.69,323.8488,323.6452,323.78,0
2026-07-24 06:10:00,323.78,324.0,323.6647,323.766,0
2026-07-24 06:11:00,323.98,324.0,323.81,323.995,0
2026-07-24 06:12:00,323.995,324.0,323.77,323.79,0
2026-07-24 06:13:00,323.93,323.992,323.6812,323.7306,0
2026-07-24 06:14:00,323.69,324.0,323.69,323.87,0
2026-07-24 06:15:00,323.7757,324.0,323.7,323.7,0
2026-07-24 06:16:00,323.8,323.86,323.6012,323.6012,0
2026-07-24 06:17:00,323.61,323.8136,323.51,323.57,0
2026-07-24 06:18:00,323.58,323.58,323.4532,323.5732,0
2026-07-24 06:19:00,323.788,323.788,323.4504,323.5398,0
2026-07-24 06:20:00,323.5,323.56,323.35,323.56,0
2026-07-24 06:21:00,323.58,323.6788,323.3,323.328,0
2026-07-24 06:22:00,323.3,323.31,323.12,323.3,0
2026-07-24 06:23:00,323.3,323.46,323.28,323.46,0
2026-07-24 06:24:00,323.46,323.4788,323.29,323.35,0
2026-07-24 06:25:00,323.3502,323.46,323.28,323.29,0
2026-07-24 06:26:00,323.2995,323.4515,323.12,323.35,0
2026-07-24 06:27:00,323.41,323.6144,323.33,323.4165,0
2026-07-24 06:28:00,323.526,323.526,323.33,323.41,0
2026-07-24 06:29:00,323.495,323.4988,323.1297,323.23,0
2026-07-24 06:30:00,323.2272,323.3243,323.12,323.23,0
2026-07-24 06:31:00,323.32,323.81,323.32,323.7886,0
2026-07-24 06:32:00,323.73,323.79,323.5,323.6,0
2026-07-24 06:33:00,323.63,323.91,323.6,323.81,0
2026-07-24 06:34:00,323.9088,323.9088,323.7583,323.89,0
2026-07-24 06:35:00,323.89,323.89,323.5,323.55,0
2026-07-24 06:36:00,323.5,323.8217,323.5,323.7047,0
2026-07-24 06:37:00,323.5,323.7047,323.4,323.5,0
2026-07-24 06:38:00,323.4988,323.4988,323.2,323.4,0
2026-07-24 06:39:00,323.39,323.39,323.13,323.16,0
2026-07-24 06:40:00,323.24,323.4881,323.08,323.08,0
2026-07-24 06:41:00,323.09,323.3822,323.08,323.22,0
2026-07-24 06:42:00,323.22,323.55,323.1,323.35,0
2026-07-24 06:43:00,323.35,323.51,323.35,323.46,0
2026-07-24 06:44:00,323.48,323.7047,323.41,323.54,0
2026-07-24 06:45:00,323.51,323.6,323.46,323.5097,0
2026-07-24 06:46:00,323.5,323.625,323.4,323.59,0
2026-07-24 06:47:00,323.59,323.6988,323.4075,323.65,0
2026-07-24 06:48:00,323.65,323.88,323.5952,323.88,0
2026-07-24 06:49:00,323.83,323.89,323.68,323.7,0
2026-07-24 06:50:00,323.86,323.89,323.7703,323.83,0
2026-07-24 06:51:00,323.77,323.87,323.6972,323.7,0
2026-07-24 06:52:00,323.6,323.72,323.6,323.63,0
2026-07-24 06:53:00,323.69,323.69,323.4597,323.46,0
2026-07-24 06:54:00,323.46,323.7,323.4,323.4948,0
2026-07-24 06:55:00,323.45,323.7,323.4,323.5151,0
2026-07-24 06:56:00,323.61,323.7,323.6,323.65,0
2026-07-24 06:57:00,323.67,323.7,323.51,323.51,0
2026-07-24 06:58:00,323.51,323.61,323.51,323.55,0
2026-07-24 06:59:00,323.5125,323.61,323.5125,323.52,0
2026-07-24 07:00:00,323.6075,323.7,322.69,322.69,0
2026-07-24 07:01:00,322.9159,323.29,322.6901,323.27,0
2026-07-24 07:02:00,323.27,323.27,323.0,323.18,0
2026-07-24 07:03:00,323.18,323.5,323.0,323.29,0
2026-07-24 07:04:00,323.3,323.5,323.22,323.3279,0
2026-07-24 07:05:00,323.4,323.5,323.18,323.2,0
2026-07-24 07:06:00,323.2814,323.35,323.04,323.18,0
2026-07-24 07:07:00,323.2,323.43,323.0,323.4,0
2026-07-24 07:08:00,323.44,323.48,323.27,323.3,0
2026-07-24 07:09:00,323.25,323.38,323.1,323.2279,0
2026-07-24 07:10:00,323.31,323.38,323.0,323.01,0
2026-07-24 07:11:00,323.01,323.1,322.69,322.69,0
2026-07-24 07:12:00,322.83,322.99,322.5,322.51,0
2026-07-24 07:13:00,322.5,322.75,322.5,322.5,0
2026-07-24 07:14:00,322.55,322.75,322.45,322.6,0
2026-07-24 07:15:00,322.61,322.75,322.51,322.59,0
2026-07-24 07:16:00,322.56,322.74,322.51,322.5101,0
2026-07-24 07:17:00,322.64,322.75,322.55,322.55,0
2026-07-24 07:18:00,322.7284,322.74,322.55,322.6493,0
2026-07-24 07:19:00,322.64,322.72,322.56,322.58,0
2026-07-24 07:20:00,322.555,322.75,322.55,322.68,0
2026-07-24 07:21:00,322.66,322.66,321.8,321.95,0
2026-07-24 07:22:00,321.81,322.0852,321.8,322.0,0
2026-07-24 07:23:00,322.0001,322.48,321.86,322.13,0
2026-07-24 07:24:00,322.3,322.4,322.1301,322.25,0
2026-07-24 07:25:00,322.24,322.4258,322.13,322.35,0
2026-07-24 07:26:00,322.3,322.4,322.1206,322.18,0
2026-07-24 07:27:00,322.12,322.45,322.031,322.3,0
2026-07-24 07:28:00,322.35,322.45,322.205,322.32,0
2026-07-24 07:29:00,322.3,322.48,322.25,322.38,0
2026-07-24 07:30:00,322.46,322.46,322.27,322.38,0
2026-07-24 07:31:00,322.343,322.65,322.18,322.19,0
2026-07-24 07:32:00,322.18,322.27,321.67,321.6892,0
2026-07-24 07:33:00,321.64,321.6683,321.34,321.4284,0
2026-07-24 07:34:00,321.4499,321.6345,321.2929,321.315,0
2026-07-24 07:35:00,321.3374,321.42,321.22,321.31,0
2026-07-24 07:36:00,321.24,321.49,321.22,321.395,0
2026-07-24 07:37:00,321.33,321.595,321.3,321.595,0
2026-07-24 07:38:00,321.49,321.7,321.12,321.26,0
2026-07-24 07:39:00,321.3,321.74,321.25,321.57,0
2026-07-24 07:40:00,321.68,321.7,321.4952,321.66,0
2026-07-24 07:41:00,321.62,321.7,321.42,321.5093,0
2026-07-24 07:42:00,321.5093,321.7,321.455,321.57,0
2026-07-24 07:43:00,321.5697,321.8,321.56,321.7999,0
2026-07-24 07:44:00,321.8,321.9,321.63,321.76,0
2026-07-24 07:45:00,321.83,321.9,321.66,321.79,0
2026-07-24 07:46:00,321.852,321.9,321.6,321.735,0
2026-07-24 07:47:00,321.7799,321.9,321.33,321.35,0
2026-07-24 07:48:00,321.475,321.62,321.25,321.422,0
2026-07-24 07:49:00,321.47,322.2,321.26,322.2,0
2026-07-24 07:50:00,322.28,322.48,322.11,322.19,0
2026-07-24 07:51:00,322.2,322.44,322.0532,322.3739,0
2026-07-24 07:52:00,322.3796,322.42,322.05,322.068,0
2026-07-24 07:53:00,322.045,322.1,321.65,321.99,0
2026-07-24 07:54:00,322.038,322.4,321.975,322.3285,0
2026-07-24 07:55:00,322.4,322.4,321.756,321.8145,0
2026-07-24 07:56:00,321.8145,321.96,321.7,321.805,0
2026-07-24 07:57:00,321.72,321.84,321.71,321.7781,0
2026-07-24 07:58:00,321.7318,322.75,321.7,322.69,0
2026-07-24 07:59:00,322.75,323.0689,322.5,322.8649,0
2026-07-24 08:00:00,322.8993,323.03,322.49,322.5148,0
2026-07-24 08:01:00,322.46,322.5906,322.01,322.22,0
2026-07-24 08:02:00,322.36,322.36,321.77,322.01,0
2026-07-24 08:03:00,321.78,322.12,321.7,321.81,0
2026-07-24 08:04:00,321.8969,322.0988,321.7,321.8361,0
2026-07-24 08:05:00,321.8795,322.1,321.53,321.73,0
2026-07-24 08:06:00,321.73,322.04,321.5,322.04,0
2026-07-24 08:07:00,322.02,322.24,322.0,322.24,0
2026-07-24 08:08:00,322.2,322.26,322.07,322.25,0
2026-07-24 08:09:00,322.25,322.65,322.1,322.65,0
2026-07-24 08:10:00,322.5379,322.7056,322.3,322.4,0
2026-07-24 08:11:00,322.47,322.649,322.301,322.649,0
2026-07-24 08:12:00,322.5322,322.8,322.381,322.4748,0
2026-07-24 08:13:00,322.4683,322.58,322.1085,322.18,0
2026-07-24 08:14:00,322.1588,322.93,322.1124,322.801,0
2026-07-24 08:15:00,322.8,322.81,322.5,322.7535,0
2026-07-24 08:16:00,322.62,322.73,322.13,322.318,0
2026-07-24 08:17:00,322.27,322.56,322.21,322.56,0
2026-07-24 08:18:00,322.56,322.56,322.32,322.51,0
2026-07-24 08:19:00,322.5,322.56,322.22,322.4,0
2026-07-24 08:20:00,322.3972,322.5,322.13,322.21,0
2026-07-24 08:21:00,322.34,322.35,322.14,322.27,0
2026-07-24 08:22:00,322.3249,322.34,322.0,322.04,0
2026-07-24 08:23:00,322.2718,322.41,322.1,322.41,0
2026-07-24 08:24:00,322.38,322.72,322.34,322.72,0
2026-07-24 08:25:00,322.65,322.72,321.85,322.47,0
2026-07-24 08:26:00,322.5,322.56,322.27,322.4433,0
2026-07-24 08:27:00,322.5,322.5,322.16,322.2078,0
2026-07-24 08:28:00,322.29,322.49,322.16,322.36,0
2026-07-24 08:29:00,322.2392,322.5,322.06,322.145,0
2026-07-24 08:30:00,322.15,322.5,322.12,322.3235,0
2026-07-24 08:31:00,322.34,322.5,322.2393,322.2635,0
2026-07-24 08:32:00,322.2635,322.38,322.2,322.25,0
2026-07-24 08:33:00,322.3,322.38,322.0,322.0805,0
2026-07-24 08:34:00,322.0983,322.1,321.61,321.8,0
2026-07-24 08:35:00,321.77,322.0,321.53,321.56,0
2026-07-24 08:36:00,321.6499,321.65,321.33,321.5097,0
2026-07-24 08:37:00,321.509,321.82,321.509,321.705,0
2026-07-24 08:38:00,321.6,321.81,321.52,321.53,0
2026-07-24 08:39:00,321.53,321.65,321.52,321.56,0
2026-07-24 08:40:00,321.57,321.8791,321.56,321.72,0
2026-07-24 08:41:00,321.7855,321.81,321.52,321.5793,0
2026-07-24 08:42:00,321.53,321.75,321.37,321.37,0
2026-07-24 08:43:00,321.4568,321.495,321.11,321.13,0
2026-07-24 08:44:00,321.1277,321.1683,320.6,320.8,0
2026-07-24 08:45:00,320.73,321.2,320.61,321.11,0
2026-07-24 08:46:00,321.1635,321.1635,321.0,321.1285,0
2026-07-24 08:47:00,321.05,321.2,321.0102,321.11,0
2026-07-24 08:48:00,321.1097,321.21,320.9501,321.21,0
2026-07-24 08:49:00,321.2667,321.53,321.1815,321.429,0
2026-07-24 08:50:00,321.43,321.5,321.1479,321.1479,0
2026-07-24 08:51:00,321.25,321.63,321.1206,321.3,0
2026-07-24 08:52:00,321.63,321.63,321.2107,321.505,0
2026-07-24 08:53:00,321.57,321.88,321.42,321.86,0
2026-07-24 08:54:00,321.7728,321.91,321.611,321.79,0
2026-07-24 08:55:00,321.8492,321.94,321.59,321.756,0
2026-07-24 08:56:00,321.7585,321.88,321.51,321.52,0
2026-07-24 08:57:00,321.58,321.8,321.42,321.64,0
2026-07-24 08:58:00,321.655,321.8,321.39,321.7055,0
2026-07-24 08:59:00,321.7055,321.7988,321.6032,321.73,0
2026-07-24 09:00:00,321.76,321.88,321.6,321.7,0
2026-07-24 09:01:00,321.75,321.81,321.6,321.81,0
2026-07-24 09:02:00,321.77,322.0,321.64,321.7399,0
2026-07-24 09:03:00,321.7396,321.78,321.65,321.7,0
2026-07-24 09:04:00,321.6611,321.7475,321.65,321.73,0
2026-07-24 09:05:00,321.73,321.8,321.42,321.4285,0
2026-07-24 09:06:00,321.4,321.48,321.12,321.3001,0
2026-07-24 09:07:00,321.36,321.44,321.0015,321.06,0
2026-07-24 09:08:00,321.1,321.22,321.01,321.1,0
2026-07-24 09:09:00,321.1,321.43,320.91,321.14,0
2026-07-24 09:10:00,321.15,321.5,321.1,321.4408,0
2026-07-24 09:11:00,321.4867,321.5,321.31,321.386,0
2026-07-24 09:12:00,321.46,321.8,321.39,321.48,0
2026-07-24 09:13:00,321.45,321.7,321.4,321.5504,0
2026-07-24 09:14:00,321.6,321.62,321.3662,321.3836,0
2026-07-24 09:15:00,321.4,321.5,321.25,321.44,0
2026-07-24 09:16:00,321.4975,321.56,320.95,320.975,0
2026-07-24 09:17:00,320.99,321.5,320.95,321.48,0
2026-07-24 09:18:00,321.48,321.56,321.33,321.53,0
2026-07-24 09:19:00,321.53,321.91,321.53,321.7487,0
2026-07-24 09:20:00,321.71,321.8,321.356,321.68,0
2026-07-24 09:21:00,321.655,321.82,321.53,321.82,0
2026-07-24 09:22:00,321.82,322.46,321.48,322.46,0
2026-07-24 09:23:00,322.0697,322.46,321.9,322.45,0
2026-07-24 09:24:00,322.27,322.8,322.2,322.72,0
2026-07-24 09:25:00,322.73,325.0,321.76,322.03,0
2026-07-24 09:26:00,322.03,322.4,321.76,321.9856,0
2026-07-24 09:27:00,321.9988,322.72,321.33,322.0235,0
2026-07-24 09:28:00,321.82,321.93,320.5,320.62,0
2026-07-24 09:29:00,320.51,320.88,320.505,320.71,0
2026-07-24 09:30:00,320.965,320.97,320.965,320.97,2859188
2026-07-24 09:31:00,321.09,321.4699,318.26,318.3679,450461
2026-07-24 09:32:00,318.38,319.9299,317.5,319.84,550178
2026-07-24 09:33:00,319.84,321.175,319.47,320.695,326531
2026-07-24 09:34:00,320.78,322.2,320.0201,322.075,359474
2026-07-24 09:35:00,322.02,322.96,321.35,321.4051,396906
2026-07-24 09:36:00,321.4646,321.5712,318.5901,319.49,376506
2026-07-24 09:37:00,319.49,320.25,318.65,319.58,240237
2026-07-24 09:38:00,319.53,320.55,319.0401,319.125,175956
2026-07-24 09:39:00,319.09,319.69,318.0301,318.49,203158
2026-07-24 09:40:00,318.35,318.48,317.2701,317.62,384641
2026-07-24 09:41:00,317.63,318.06,317.37,317.765,327757
2026-07-24 09:42:00,317.82,318.91,317.6697,318.1601,220771
2026-07-24 09:43:00,318.17,318.55,317.8,317.85,162754
2026-07-24 09:44:00,317.8475,317.95,316.8001,317.1564,296620
2026-07-24 09:45:00,317.2,318.28,317.1802,317.9499,208124
2026-07-24 09:46:00,317.875,317.9199,316.81,316.98,200049
2026-07-24 09:47:00,317.07,317.765,317.0026,317.5001,161648
2026-07-24 09:48:00,317.5,317.96,316.91,317.58,198930
2026-07-24 09:49:00,317.55,318.79,317.37,318.2,317991
2026-07-24 09:50:00,318.14,318.17,316.57,316.9665,343729
2026-07-24 09:51:00,316.97,317.06,316.0508,316.19,283163
2026-07-24 09:52:00,316.17,316.25,314.76,315.15,546683
2026-07-24 09:53:00,315.24,315.24,314.36,314.385,268845
2026-07-24 09:54:00,314.39,315.47,314.27,315.235,278052
2026-07-24 09:55:00,315.3235,316.19,315.09,315.705,355229
2026-07-24 09:56:00,315.71,316.58,315.56,315.6801,234942
2026-07-24 09:57:00,315.7101,316.22,315.42,316.1291,168405
2026-07-24 09:58:00,316.075,316.31,315.5,315.53,187106
2026-07-24 09:59:00,315.5,315.59,314.83,315.515,197374
2026-07-24 10:00:00,315.55,316.9499,314.9201,316.8324,286185
2026-07-24 10:01:00,316.87,317.17,316.06,316.615,204014
2026-07-24 10:02:00,316.53,316.9185,316.2101,316.415,155307
2026-07-24 10:03:00,316.3301,316.4,315.35,316.0899,198338
2026-07-24 10:04:00,316.0271,316.22,315.11,315.2,131358
2026-07-24 10:05:00,315.16,315.94,314.89,315.407,169960
2026-07-24 10:06:00,315.4128,315.59,314.6501,314.825,170628
2026-07-24 10:07:00,314.7901,315.1899,314.11,314.8401,215259
2026-07-24 10:08:00,314.87,315.31,314.4401,315.04,188961
2026-07-24 10:09:00,315.04,316.16,314.8701,315.9,216547
2026-07-24 10:10:00,315.85,315.89,315.01,315.72,141602
2026-07-24 10:11:00,315.72,315.94,315.3901,315.77,169530
2026-07-24 10:12:00,315.72,315.75,315.0,315.225,158785
2026-07-24 10:13:00,315.242,315.2599,314.6201,314.9699,119690
2026-07-24 10:14:00,314.925,315.71,314.8812,315.5175,207220
2026-07-24 10:15:00,315.445,315.8704,314.81,315.085,149101
2026-07-24 10:16:00,315.055,315.3876,314.45,314.4505,128085
2026-07-24 10:17:00,314.445,314.545,313.62,313.838,298017
2026-07-24 10:18:00,312.82,312.86,312.77,312.81,391714
2026-07-24 10:19:00,312.82,313.78,312.8,313.64,239565
2026-07-24 10:20:00,313.6965,313.799,312.94,313.53,164873
2026-07-24 10:21:00,313.565,313.9,313.43,313.6503,257056
2026-07-24 10:22:00,313.605,313.71,312.75,312.94,209206
2026-07-24 10:23:00,312.955,313.5,312.61,313.46,338412
2026-07-24 10:24:00,313.42,313.46,312.42,312.55,184089
2026-07-24 10:25:00,312.6,312.96,312.4401,312.8373,147184
2026-07-24 10:26:00,312.785,313.16,312.55,312.68,206297
2026-07-24 10:27:00,312.68,312.94,312.05,312.22,192460
2026-07-24 10:28:00,312.26,312.7,312.18,312.36,277046
2026-07-24 10:29:00,312.3505,312.9285,312.32,312.55,186454
2026-07-24 10:30:00,312.4401,312.67,311.8901,312.57,205015
2026-07-24 10:31:00,312.5983,313.16,312.53,312.65,168164
2026-07-24 10:32:00,312.615,312.695,312.0,312.0083,128372
2026-07-24 10:33:00,312.02,312.055,311.51,311.64,194235
2026-07-24 10:34:00,311.67,311.82,311.0,311.004,241444
2026-07-24 10:35:00,311.0,311.36,310.91,311.255,232663
2026-07-24 10:36:00,311.2796,311.31,310.41,310.46,258011
2026-07-24 10:37:00,310.435,310.64,310.0,310.16,347765
2026-07-24 10:38:00,310.135,310.3,309.46,309.495,476451
2026-07-24 10:39:00,309.47,309.79,309.0938,309.605,270665
2026-07-24 10:40:00,309.6499,309.66,308.8212,309.11,353129
2026-07-24 10:41:00,309.15,309.42,308.78,308.94,265729
2026-07-24 10:42:00,308.96,309.15,308.66,308.66,246586
2026-07-24 10:43:00,308.69,309.6,308.5,309.33,327221
2026-07-24 10:44:00,309.39,309.83,309.1985,309.71,188424
2026-07-24 10:45:00,309.6701,309.83,309.0,309.32,186299
2026-07-24 10:46:00,309.2683,311.1,309.23,311.0001,344669
2026-07-24 10:47:00,311.045,311.6363,310.8628,311.125,250642
2026-07-24 10:48:00,311.125,311.4,310.95,311.07,182245
2026-07-24 10:49:00,311.045,311.85,310.975,311.61,183737
2026-07-24 10:50:00,311.615,312.2995,311.6,312.151,204651
2026-07-24 10:51:00,312.13,312.21,311.31,311.385,203619
2026-07-24 10:52:00,311.35,311.44,310.64,310.7404,196635
2026-07-24 10:53:00,310.7404,311.58,310.67,311.275,109474
2026-07-24 10:54:00,311.28,311.46,310.6628,311.175,223310
2026-07-24 10:55:00,311.18,311.3,310.95,311.176,116841
2026-07-24 10:56:00,311.155,311.184,310.67,311.1,106134
2026-07-24 10:57:00,311.125,311.75,311.125,311.38,183684
2026-07-24 10:58:00,311.42,311.8399,311.02,311.81,149479
2026-07-24 10:59:00,311.7968,312.49,311.7801,312.4001,162844
2026-07-24 11:00:00,312.4,312.55,312.15,312.495,147036
2026-07-24 11:01:00,312.5299,312.61,311.57,311.695,143695
2026-07-24 11:02:00,311.72,311.72,311.03,311.12,103240
2026-07-24 11:03:00,311.11,311.16,310.4601,310.6165,175165
2026-07-24 11:04:00,310.59,310.6799,310.0,310.01,200296
2026-07-24 11:05:00,310.04,310.44,310.031,310.245,141893
2026-07-24 11:06:00,310.22,310.38,310.0,310.2276,112580
2026-07-24 11:07:00,310.184,310.45,309.6101,309.6801,176116
2026-07-24 11:08:00,309.7016,310.23,309.6401,309.91,144922
2026-07-24 11:09:00,309.92,310.19,309.0,309.125,242067
2026-07-24 11:10:00,309.125,310.09,308.85,309.84,252121
2026-07-24 11:11:00,309.84,310.74,309.18,309.36,242306
2026-07-24 11:12:00,309.36,309.76,309.15,309.27,118916
2026-07-24 11:13:00,309.2201,310.05,309.21,309.89,134640
2026-07-24 11:14:00,309.87,311.8,309.87,311.38,232007
2026-07-24 11:15:00,311.3701,312.32,311.26,311.84,242261
2026-07-24 11:16:00,311.86,311.9446,310.72,310.765,153579
2026-07-24 11:17:00,310.765,311.28,309.81,309.95,184047
2026-07-24 11:18:00,309.94,310.26,309.3205,309.39,236327
2026-07-24 11:19:00,309.39,309.46,308.5803,308.63,355933
2026-07-24 11:20:00,308.6201,309.03,308.31,308.675,622259
2026-07-24 11:21:00,308.66,309.94,308.63,309.4243,250394
2026-07-24 11:22:00,309.515,309.9951,309.4101,309.51,148728
2026-07-24 11:23:00,309.505,310.25,308.81,310.01,166723
2026-07-24 11:24:00,309.9609,310.2599,309.6501,309.95,119424
2026-07-24 11:25:00,309.97,311.11,309.9501,311.01,185057
2026-07-24 11:26:00,310.95,311.3,310.8,310.83,129246
2026-07-24 11:27:00,310.77,311.12,310.7,310.8987,79796
2026-07-24 11:28:00,310.96,311.5999,310.9347,310.98,196528
2026-07-24 11:29:00,310.97,311.0399,310.14,310.385,190622
2026-07-24 11:30:00,310.3201,310.6,310.17,310.41,84505
2026-07-24 11:31:00,310.4092,310.9199,310.3806,310.84,133009
2026-07-24 11:32:00,310.84,311.03,310.22,310.22,115871
2026-07-24 11:33:00,310.25,310.33,309.7075,309.905,117265
2026-07-24 11:34:00,309.885,310.32,309.77,309.77,92701
2026-07-24 11:35:00,309.77,310.63,309.7001,310.5716,118564
2026-07-24 11:36:00,310.6192,310.95,310.47,310.75,91744
2026-07-24 11:37:00,310.725,310.8351,310.41,310.635,89223
2026-07-24 11:38:00,310.6,311.12,310.4501,311.05,88711
2026-07-24 11:39:00,311.06,311.28,310.95,311.235,66431
2026-07-24 11:40:00,311.235,311.5084,310.87,310.9,136522
2026-07-24 11:41:00,310.9,310.9,310.36,310.46,110138
2026-07-24 11:42:00,310.48,310.89,310.3601,310.3999,63121
2026-07-24 11:43:00,310.365,310.4,309.8,309.9598,134934
2026-07-24 11:44:00,309.92,310.38,309.8901,310.165,75151
2026-07-24 11:45:00,310.1101,310.6,310.1,310.22,76294
2026-07-24 11:46:00,310.22,310.4626,310.0301,310.06,88715
2026-07-24 11:47:00,310.06,310.29,309.88,310.2395,99468
2026-07-24 11:48:00,310.2382,310.5,310.0,310.3367,97411
2026-07-24 11:49:00,310.31,310.31,310.0,310.02,69297
2026-07-24 11:50:00,310.02,310.357,309.99,310.315,100516
2026-07-24 11:51:00,310.305,310.639,310.17,310.31,86204
2026-07-24 11:52:00,310.325,310.7299,310.11,310.1474,95593
2026-07-24 11:53:00,310.19,310.4199,310.0,310.34,64227
2026-07-24 11:54:00,310.31,310.44,310.0,310.215,72032
2026-07-24 11:55:00,310.2458,310.5844,310.15,310.4499,55264
2026-07-24 11:56:00,310.4499,310.63,310.4008,310.51,52435
2026-07-24 11:57:00,310.5,310.6,310.28,310.455,59105
2026-07-24 11:58:00,310.45,310.9,310.4,310.7461,124217
2026-07-24 11:59:00,310.72,310.99,310.67,310.89,101444
2026-07-24 12:00:00,310.925,311.1,309.83,310.0401,186313
2026-07-24 12:01:00,310.03,310.165,309.8595,310.005,87255
2026-07-24 12:02:00,310.0,310.21,309.63,310.175,105835
2026-07-24 12:03:00,310.18,310.58,310.0,310.5237,89142
2026-07-24 12:04:00,310.475,310.67,310.3701,310.52,76696
2026-07-24 12:05:00,310.5202,310.66,310.3201,310.49,90855
2026-07-24 12:06:00,310.515,310.65,310.1605,310.1605,59434
2026-07-24 12:07:00,310.19,310.88,310.13,310.72,86785
2026-07-24 12:08:00,310.7,310.77,310.49,310.77,66861
2026-07-24 12:09:00,310.74,311.48,310.7,311.195,104852
2026-07-24 12:10:00,311.195,311.98,311.0,311.92,129155
2026-07-24 12:11:00,311.91,311.97,311.3,311.41,126831
2026-07-24 12:12:00,311.45,311.7399,311.27,311.345,84104
2026-07-24 12:13:00,311.25,311.3259,310.76,310.76,92849
2026-07-24 12:14:00,310.77,310.82,310.35,310.5,121176
2026-07-24 12:15:00,310.496,310.5799,310.32,310.52,68315
2026-07-24 12:16:00,310.505,311.02,310.44,310.88,80376
2026-07-24 12:17:00,310.88,310.92,310.4101,310.55,62129
2026-07-24 12:18:00,310.55,310.7747,310.45,310.475,56854
2026-07-24 12:19:00,310.4872,310.63,310.4,310.55,57752
2026-07-24 12:20:00,310.4201,310.83,310.4201,310.83,61134
2026-07-24 12:21:00,310.8452,310.9199,310.64,310.75,72892
2026-07-24 12:22:00,310.74,311.07,310.5701,311.01,63475
2026-07-24 12:23:00,311.0395,311.0395,310.76,310.905,61312
2026-07-24 12:24:00,310.905,310.94,310.6221,310.765,66359
2026-07-24 12:25:00,310.8,310.91,310.53,310.91,48506
2026-07-24 12:26:00,310.95,311.19,310.91,310.93,65457
2026-07-24 12:27:00,310.96,311.332,310.94,311.1427,60532
2026-07-24 12:28:00,311.12,311.1499,310.26,310.4,132529
2026-07-24 12:29:00,310.405,310.64,310.4,310.4615,57149
2026-07-24 12:30:00,310.45,310.52,310.0,310.12,156181
2026-07-24 12:31:00,310.11,310.605,310.03,310.545,61670
2026-07-24 12:32:00,310.5425,310.6463,310.002,310.07,66591
2026-07-24 12:33:00,310.1,310.31,310.0675,310.1399,40349
2026-07-24 12:34:00,310.11,310.3498,310.07,310.14,47416
2026-07-24 12:35:00,310.09,310.3057,309.99,310.21,80470
2026-07-24 12:36:00,310.2684,310.6,310.18,310.51,78554
2026-07-24 12:37:00,310.51,311.25,310.3901,311.2499,106378
2026-07-24 12:38:00,311.2698,311.27,310.51,310.525,104522
2026-07-24 12:39:00,310.535,310.98,310.5201,310.975,53039
2026-07-24 12:40:00,310.95,311.0,310.41,310.485,112408
2026-07-24 12:41:00,310.485,310.53,310.3,310.43,44249
2026-07-24 12:42:00,310.375,310.57,310.33,310.415,37279
2026-07-24 12:43:00,310.415,310.52,310.19,310.31,53440
2026-07-24 12:44:00,310.305,310.66,310.2,310.5615,52935
2026-07-24 12:45:00,310.55,310.8499,310.48,310.675,66686
2026-07-24 12:46:00,310.69,310.7,310.3401,310.43,41698
2026-07-24 12:47:00,310.4322,310.4889,309.94,310.06,95622
2026-07-24 12:48:00,310.09,310.14,309.7736,309.925,82947
2026-07-24 12:49:00,309.9101,310.65,309.88,310.59,115627
2026-07-24 12:50:00,310.52,310.63,310.2101,310.2488,37443
2026-07-24 12:51:00,310.235,310.4799,310.1312,310.2649,34003
2026-07-24 12:52:00,310.29,310.5997,310.2,310.4508,56032
2026-07-24 12:53:00,310.47,310.7886,310.29,310.55,78838
2026-07-24 12:54:00,310.53,310.65,310.4,310.43,49817
2026-07-24 12:55:00,310.4,310.6,310.16,310.35,54488
2026-07-24 12:56:00,310.3,310.414,309.53,309.61,138953
2026-07-24 12:57:00,309.645,309.97,309.52,309.68,96782
2026-07-24 12:58:00,309.68,309.68,309.3701,309.4875,83052
2026-07-24 12:59:00,309.4999,309.54,309.18,309.24,83352
2026-07-24 13:00:00,309.28,309.334,308.94,309.0801,165492
2026-07-24 13:01:00,309.085,309.11,308.562,308.82,134941
2026-07-24 13:02:00,308.8372,308.87,308.4,308.755,110974
2026-07-24 13:03:00,308.755,309.14,308.73,309.0095,157756
2026-07-24 13:04:00,309.0,309.13,308.5,308.695,121031
2026-07-24 13:05:00,308.695,309.09,308.69,308.95,99728
2026-07-24 13:06:00,308.9998,309.0,308.18,308.3299,176252
2026-07-24 13:07:00,308.3299,308.72,308.2,308.72,146179
2026-07-24 13:08:00,308.6568,308.71,308.3801,308.63,69978
2026-07-24 13:09:00,308.63,308.81,308.41,308.42,70091
2026-07-24 13:10:00,308.42,308.48,308.0,308.11,155279
2026-07-24 13:11:00,308.12,308.65,308.0858,308.505,86965
2026-07-24 13:12:00,308.48,308.82,308.4401,308.66,80378
2026-07-24 13:13:00,308.6827,308.92,308.5901,308.61,95320
2026-07-24 13:14:00,308.6679,308.94,308.6216,308.7492,60459
2026-07-24 13:15:00,308.72,308.9799,308.6201,308.6505,73443
2026-07-24 13:16:00,308.7,308.74,308.35,308.495,88369
2026-07-24 13:17:00,308.49,308.78,308.418,308.78,85462
2026-07-24 13:18:00,308.765,309.2,308.5701,308.8588,140204
2026-07-24 13:19:00,308.86,309.14,308.7101,309.11,71392
2026-07-24 13:20:00,309.135,309.23,309.0,309.01,58668
2026-07-24 13:21:00,309.0,309.22,308.9,309.0,63347
2026-07-24 13:22:00,308.975,309.03,308.69,308.75,68624
2026-07-24 13:23:00,308.7799,308.83,308.66,308.7,85816
2026-07-24 13:24:00,308.681,309.0,308.61,308.93,49964
2026-07-24 13:25:00,308.93,309.1299,308.8,309.04,70346
2026-07-24 13:26:00,309.01,309.26,308.95,309.225,52318
2026-07-24 13:27:00,309.2,309.68,309.2,309.56,98135
2026-07-24 13:28:00,309.54,309.7299,309.52,309.595,51881
2026-07-24 13:29:00,309.56,309.5785,309.3105,309.4499,65237
2026-07-24 13:30:00,309.46,309.73,309.29,309.43,67085
2026-07-24 13:31:00,309.395,309.57,309.32,309.37,48890
2026-07-24 13:32:00,309.49,309.56,309.32,309.445,58598
2026-07-24 13:33:00,309.445,310.01,309.3702,309.792,119831
2026-07-24 13:34:00,309.76,309.82,309.6108,309.715,57036
2026-07-24 13:35:00,309.7151,309.8141,309.55,309.7896,68881
2026-07-24 13:36:00,309.74,309.7799,309.55,309.638,40108
2026-07-24 13:37:00,309.61,309.62,309.09,309.22,73595
2026-07-24 13:38:00,309.18,309.26,308.89,308.945,102694
2026-07-24 13:39:00,308.96,309.05,308.63,308.7401,79164
2026-07-24 13:40:00,308.775,308.775,308.35,308.475,102542
2026-07-24 13:41:00,308.45,308.54,308.0,308.125,160350
2026-07-24 13:42:00,308.15,308.4799,308.13,308.2468,103544
2026-07-24 13:43:00,308.26,308.4999,308.22,308.45,79608
2026-07-24 13:44:00,308.46,308.62,308.135,308.2182,94201
2026-07-24 13:45:00,308.1782,308.2999,308.0,308.235,112596
2026-07-24 13:46:00,308.2596,308.63,308.1901,308.6043,87042
2026-07-24 13:47:00,308.58,308.69,308.365,308.4389,72645
2026-07-24 13:48:00,308.4895,308.67,308.3401,308.645,56824
2026-07-24 13:49:00,308.65,309.16,308.6367,309.08,103200
2026-07-24 13:50:00,309.071,309.46,309.0395,309.43,112428
2026-07-24 13:51:00,309.43,309.63,309.2015,309.27,85071
2026-07-24 13:52:00,309.28,309.52,309.2001,309.24,61609
2026-07-24 13:53:00,309.26,309.48,309.23,309.38,43386
2026-07-24 13:54:00,309.385,309.71,309.37,309.66,71741
2026-07-24 13:55:00,309.69,309.85,309.36,309.4,68591
2026-07-24 13:56:00,309.3801,309.7299,309.3701,309.68,254911
2026-07-24 13:57:00,309.655,309.67,309.5,309.557,47054
2026-07-24 13:58:00,309.545,309.6699,309.51,309.545,38723
2026-07-24 13:59:00,309.545,309.67,309.4501,309.505,50063
2026-07-24 14:00:00,309.5,309.76,309.31,309.705,88814
2026-07-24 14:01:00,309.69,309.77,309.21,309.245,88576
2026-07-24 14:02:00,309.245,309.4144,309.1501,309.37,48053
2026-07-24 14:03:00,309.32,309.43,309.03,309.145,55257
2026-07-24 14:04:00,309.1201,309.17,308.84,308.88,87267
2026-07-24 14:05:00,308.87,308.9876,308.65,308.98,69987
2026-07-24 14:06:00,308.9899,308.9899,308.4301,308.49,120870
2026-07-24 14:07:00,308.45,308.73,308.39,308.465,87680
2026-07-24 14:08:00,308.4698,308.4899,308.02,308.05,105240
2026-07-24 14:09:00,308.0344,308.2499,308.0,308.07,109971
2026-07-24 14:10:00,308.07,308.16,308.0,308.03,101832
2026-07-24 14:11:00,308.02,308.3,308.0,308.21,106920
2026-07-24 14:12:00,308.21,308.2399,308.02,308.11,77049
2026-07-24 14:13:00,308.1,308.2,307.8,308.0,235344
2026-07-24 14:14:00,307.98,308.58,307.9501,308.4,135952
2026-07-24 14:15:00,308.385,308.4499,308.1405,308.34,80860
2026-07-24 14:16:00,308.34,308.5,308.2201,308.405,68533
2026-07-24 14:17:00,308.43,308.84,308.38,308.75,75250
2026-07-24 14:18:00,308.755,308.79,308.08,308.24,90471
2026-07-24 14:19:00,308.26,308.33,308.01,308.125,61616
2026-07-24 14:20:00,308.15,308.15,307.96,307.98,79558
2026-07-24 14:21:00,307.995,308.28,307.9601,308.28,76572
2026-07-24 14:22:00,308.26,308.2699,307.8101,307.945,121597
2026-07-24 14:23:00,308.0,308.1499,307.865,308.12,106827
2026-07-24 14:24:00,308.0801,308.21,307.89,308.02,68755
2026-07-24 14:25:00,308.01,308.035,307.55,307.69,153316
2026-07-24 14:26:00,307.69,307.87,307.5,307.53,102410
2026-07-24 14:27:00,307.57,307.77,307.3501,307.3951,122152
2026-07-24 14:28:00,307.37,307.58,307.3101,307.38,74825
2026-07-24 14:29:00,307.3899,307.69,307.31,307.32,103189
2026-07-24 14:30:00,307.325,307.47,307.24,307.38,81279
2026-07-24 14:31:00,307.38,307.5,307.0,307.055,132136
2026-07-24 14:32:00,307.03,307.5499,307.0,307.42,102876
2026-07-24 14:33:00,307.43,307.51,307.21,307.245,89325
2026-07-24 14:34:00,307.27,307.36,307.0,307.09,127124
2026-07-24 14:35:00,307.11,307.11,306.51,306.892,212458
2026-07-24 14:36:00,306.885,307.23,306.69,306.77,92261
2026-07-24 14:37:00,306.775,306.9,306.61,306.625,91301
2026-07-24 14:38:00,306.64,306.87,306.5501,306.855,109544
2026-07-24 14:39:00,306.855,307.33,306.647,307.0801,145702
2026-07-24 14:40:00,307.13,307.19,306.9,307.0,71628
2026-07-24 14:41:00,307.0199,307.145,306.92,306.965,78029
2026-07-24 14:42:00,306.9799,307.7,306.8901,307.6333,121340
2026-07-24 14:43:00,307.66,308.53,307.6201,308.125,187325
2026-07-24 14:44:00,308.125,308.5894,308.1,308.47,108482
2026-07-24 14:45:00,308.49,308.94,308.42,308.76,139231
2026-07-24 14:46:00,308.78,308.93,308.56,308.6386,101592
2026-07-24 14:47:00,308.65,308.93,308.6201,308.9,98774
2026-07-24 14:48:00,308.88,309.19,308.66,308.695,104027
2026-07-24 14:49:00,308.661,308.85,308.6,308.72,143789
2026-07-24 14:50:00,308.77,308.8,308.25,308.4292,119558
2026-07-24 14:51:00,308.39,309.1,308.38,308.94,96305
2026-07-24 14:52:00,308.965,309.27,308.8705,309.2287,103340
2026-07-24 14:53:00,309.21,309.3299,309.0801,309.235,61246
2026-07-24 14:54:00,309.23,309.6046,309.2,309.45,103792
2026-07-24 14:55:00,309.44,309.75,309.2501,309.665,109013
2026-07-24 14:56:00,309.65,309.65,309.42,309.565,98280
2026-07-24 14:57:00,309.56,309.92,309.555,309.635,116743
2026-07-24 14:58:00,309.635,309.8199,309.55,309.6,91914
2026-07-24 14:59:00,309.54,309.63,309.26,309.39,127726
2026-07-24 15:00:00,309.34,309.5299,308.9,309.34,113211
2026-07-24 15:01:00,309.35,309.87,309.23,309.5499,112513
2026-07-24 15:02:00,309.51,309.6299,309.26,309.2899,93150
2026-07-24 15:03:00,309.3025,309.36,308.68,309.045,170247
2026-07-24 15:04:00,309.07,309.1642,308.92,309.09,59777
2026-07-24 15:05:00,309.0703,309.2682,308.9301,309.135,61934
2026-07-24 15:06:00,309.135,309.4,309.09,309.2,54154
2026-07-24 15:07:00,309.19,309.35,308.665,308.71,114816
2026-07-24 15:08:00,308.7,308.8189,308.3401,308.38,137167
2026-07-24 15:09:00,308.34,308.46,308.2501,308.365,81626
2026-07-24 15:10:00,308.34,308.43,308.25,308.3305,76524
2026-07-24 15:11:00,308.355,308.46,308.15,308.46,99323
2026-07-24 15:12:00,308.4999,308.84,308.36,308.385,78980
2026-07-24 15:13:00,308.37,308.69,308.34,308.55,113870
2026-07-24 15:14:00,308.52,308.55,308.32,308.43,75641
2026-07-24 15:15:00,308.49,308.56,308.25,308.27,119995
2026-07-24 15:16:00,308.25,308.4429,308.0801,308.42,111097
2026-07-24 15:17:00,308.46,308.75,308.36,308.4934,93037
2026-07-24 15:18:00,308.4928,308.74,308.43,308.55,62703
2026-07-24 15:19:00,308.535,308.7499,308.32,308.575,88159
2026-07-24 15:20:00,308.54,308.65,308.2898,308.625,61762
2026-07-24 15:21:00,308.625,309.02,308.53,308.97,93109
2026-07-24 15:22:00,308.965,309.03,308.78,308.8997,81094
2026-07-24 15:23:00,308.885,308.9,308.61,308.67,61587
2026-07-24 15:24:00,308.68,308.71,308.5,308.69,78099
2026-07-24 15:25:00,308.71,308.85,308.6,308.65,71676
2026-07-24 15:26:00,308.65,308.8299,308.54,308.7601,46032
2026-07-24 15:27:00,308.765,308.94,308.75,308.81,66987
2026-07-24 15:28:00,308.8,309.5,308.8,309.5,136664
2026-07-24 15:29:00,309.4901,309.7,309.2802,309.29,111636
2026-07-24 15:30:00,309.29,309.56,309.21,309.36,146905
2026-07-24 15:31:00,309.36,310.14,309.33,310.04,196518
2026-07-24 15:32:00,310.0316,310.26,309.925,310.225,150809
2026-07-24 15:33:00,310.225,310.24,309.345,309.6,233266
2026-07-24 15:34:00,309.6,309.88,309.53,309.708,125296
2026-07-24 15:35:00,309.65,310.1,309.5,310.0,133075
2026-07-24 15:36:00,310.02,310.16,309.61,309.66,94981
2026-07-24 15:37:00,309.6984,310.2,309.67,310.1598,96137
2026-07-24 15:38:00,310.1599,310.3699,310.08,310.23,125314
2026-07-24 15:39:00,310.23,310.274,310.07,310.205,101589
2026-07-24 15:40:00,310.2,310.37,310.07,310.27,109424
2026-07-24 15:41:00,310.25,310.255,309.94,310.1012,170464
2026-07-24 15:42:00,310.1099,310.2299,309.96,310.155,112084
2026-07-24 15:43:00,310.155,310.785,310.07,310.775,161592
2026-07-24 15:44:00,310.76,310.92,310.6,310.8,144658
2026-07-24 15:45:00,310.78,311.07,310.75,310.88,165221
2026-07-24 15:46:00,310.86,310.8899,310.2201,310.43,168852
2026-07-24 15:47:00,310.44,310.98,310.32,310.93,122513
2026-07-24 15:48:00,310.925,310.98,310.6301,310.76,146517
2026-07-24 15:49:00,310.72,310.98,310.6,310.9499,103279
2026-07-24 15:50:00,310.96,311.21,310.01,310.21,371658
2026-07-24 15:51:00,310.2,310.38,309.93,310.2901,217110
2026-07-24 15:52:00,310.32,310.63,310.2001,310.55,192350
2026-07-24 15:53:00,310.54,310.98,310.46,310.965,169778
2026-07-24 15:54:00,310.97,311.78,310.89,311.485,345914
2026-07-24 15:55:00,311.485,312.45,311.47,312.34,432515
2026-07-24 15:56:00,312.335,312.36,312.0,312.0225,393997
2026-07-24 15:57:00,312.05,312.9,311.75,312.81,514847
2026-07-24 15:58:00,312.82,313.0,312.47,312.84,569770
2026-07-24 15:59:00,312.845,313.24,312.73,313.0,868083
2026-07-24 16:00:00,312.91,313.15,312.8701,313.1364,2760499
2026-07-24 16:01:00,313.1,314.33,313.0713,313.3,0
2026-07-24 16:02:00,313.19,313.38,313.03,313.21,0
2026-07-24 16:03:00,313.21,313.8,313.1,313.4134,0
2026-07-24 16:04:00,313.31,313.48,313.03,313.48,0
2026-07-24 16:05:00,313.485,313.53,313.38,313.48,0
2026-07-24 16:06:00,313.488,313.6,313.26,313.27,0
2026-07-24 16:07:00,313.27,313.4,313.03,313.2419,0
2026-07-24 16:08:00,313.2652,313.42,313.2332,313.3,0
2026-07-24 16:09:00,313.33,313.3412,313.03,313.24,0
2026-07-24 16:10:00,313.25,313.29,313.03,313.21,0
2026-07-24 16:11:00,313.2014,313.25,313.18,313.22,0
2026-07-24 16:12:00,313.2085,313.39,313.2,313.38,0
2026-07-24 16:13:00,313.38,313.4,313.26,313.2854,0
2026-07-24 16:14:00,313.2607,313.3,313.11,313.2582,0
2026-07-24 16:15:00,313.03,313.5,313.03,313.46,0
2026-07-24 16:16:00,313.4507,313.64,313.44,313.5716,0
2026-07-24 16:17:00,313.575,313.6,313.5,313.55,0
2026-07-24 16:18:00,313.5482,313.6,313.5,313.59,0
2026-07-24 16:19:00,313.57,313.6,313.4,313.4001,0
2026-07-24 16:20:00,313.4079,313.45,313.33,313.36,0
2026-07-24 16:21:00,313.36,313.4,313.33,313.33,0
2026-07-24 16:22:00,313.34,313.36,313.26,313.32,0
2026-07-24 16:23:00,313.33,313.33,310.23,313.3183,0
2026-07-24 16:24:00,313.32,313.34,313.31,313.3315,0
2026-07-24 16:25:00,313.3367,313.4,313.33,313.3305,0
2026-07-24 16:26:00,313.35,313.39,313.32,313.33,0
2026-07-24 16:27:00,313.3366,313.39,313.3,313.3304,0
2026-07-24 16:28:00,313.3308,313.35,313.33,313.3488,0
2026-07-24 16:29:00,313.3419,313.4,313.33,313.35,0
2026-07-24 16:30:00,313.3327,313.3327,313.04,313.1236,0
2026-07-24 16:31:00,313.0605,313.13,313.03,313.0315,0
2026-07-24 16:32:00,313.03,313.2988,313.01,313.111,0
2026-07-24 16:33:00,313.11,313.1398,313.04,313.07,0
2026-07-24 16:34:00,313.04,313.0899,313.03,313.0548,0
2026-07-24 16:35:00,313.0527,313.09,313.05,313.09,0
2026-07-24 16:36:00,313.08,313.22,313.05,313.06,0
2026-07-24 16:37:00,313.0833,313.12,313.03,313.085,0
2026-07-24 16:38:00,313.0501,313.1,313.03,313.05,0
2026-07-24 16:39:00,313.05,313.16,313.03,313.16,0
2026-07-24 16:40:00,313.08,313.089,313.03,313.06,0
2026-07-24 16:41:00,313.05,313.09,312.96,313.0,0
2026-07-24 16:42:00,313.02,313.03,312.8662,312.8889,0
2026-07-24 16:43:00,312.89,313.03,312.37,312.6235,0
2026-07-24 16:44:00,312.515,313.0,312.37,312.62,0
2026-07-24 16:45:00,312.6871,312.69,312.4,312.463,0
2026-07-24 16:46:00,312.4001,312.47,312.4,312.4477,0
2026-07-24 16:47:00,312.43,312.48,312.15,312.23,0
2026-07-24 16:48:00,312.26,312.3,312.1101,312.15,0
2026-07-24 16:49:00,312.15,312.2,312.04,312.11,0
2026-07-24 16:50:00,312.157,313.03,312.1,312.2923,0
2026-07-24 16:51:00,312.29,312.29,312.1069,312.24,0
2026-07-24 16:52:00,312.1799,312.36,312.17,312.2969,0
2026-07-24 16:53:00,312.32,312.5,312.15,312.5,0
2026-07-24 16:54:00,312.4793,312.6,312.4,312.51,0
2026-07-24 16:55:00,312.5467,312.7,312.35,312.7,0
2026-07-24 16:56:00,312.65,312.96,312.4462,312.6513,0
2026-07-24 16:57:00,312.6497,312.88,300.2652,312.69,0
2026-07-24 16:58:00,312.69,312.73,312.55,312.66,0
2026-07-24 16:59:00,312.66,312.69,312.55,312.59,0
2026-07-24 17:00:00,312.55,312.6,312.55,312.59,0
2026-07-24 17:01:00,312.59,312.6,312.32,312.5,0
2026-07-24 17:02:00,312.55,313.03,300.2652,312.59,0
2026-07-24 17:03:00,312.59,312.99,312.59,312.87,0
2026-07-24 17:04:00,312.87,313.03,302.5824,312.8596,0
2026-07-24 17:05:00,312.8596,313.0,312.84,312.93,0
2026-07-24 17:06:00,312.97,313.2,312.9,313.043,0
2026-07-24 17:07:00,313.1,313.14,302.5824,313.06,0
2026-07-24 17:08:00,313.12,313.29,313.1,313.11,0
2026-07-24 17:09:00,313.19,313.27,313.122,313.27,0
2026-07-24 17:10:00,313.27,313.36,313.24,313.34,0
2026-07-24 17:11:00,313.33,313.35,313.3,313.3,0
2026-07-24 17:12:00,313.3007,313.33,313.27,313.3017,0
2026-07-24 17:13:00,313.305,313.31,313.3,313.3082,0
2026-07-24 17:14:00,313.3,313.31,313.3,313.31,0
2026-07-24 17:15:00,313.3099,313.31,313.3,313.305,0
2026-07-24 17:16:00,313.31,313.35,313.3,313.3041,0
2026-07-24 17:17:00,313.3,313.35,313.3,313.304,0
2026-07-24 17:18:00,313.31,313.31,313.3,313.31,0
2026-07-24 17:19:00,313.3,313.31,313.3,313.3081,0
2026-07-24 17:20:00,313.3067,313.31,313.3,313.3,0
2026-07-24 17:21:00,313.31,313.35,313.3,313.3159,0
2026-07-24 17:22:00,313.33,313.49,313.31,313.47,0
2026-07-24 17:23:00,313.4621,313.5,313.32,313.33,0
2026-07-24 17:24:00,313.3588,313.36,313.3,313.34,0
2026-07-24 17:25:00,313.31,313.35,313.0,313.1137,0
2026-07-24 17:26:00,313.13,313.19,313.01,313.1301,0
2026-07-24 17:27:00,313.1465,313.19,313.05,313.11,0
2026-07-24 17:28:00,313.13,313.19,312.95,312.9988,0
2026-07-24 17:29:00,312.95,313.0,312.9,312.9781,0
2026-07-24 17:30:00,312.9749,313.19,312.95,313.09,0
2026-07-24 17:31:00,313.06,313.19,313.0,313.13,0
2026-07-24 17:32:00,313.13,313.15,313.05,313.1343,0
2026-07-24 17:33:00,313.15,313.15,313.05,313.06,0
2026-07-24 17:34:00,313.15,313.15,313.06,313.1388,0
2026-07-24 17:35:00,313.1,313.15,313.0551,313.0551,0
2026-07-24 17:36:00,313.1,313.1,312.94,313.05,0
2026-07-24 17:37:00,313.0336,313.1,312.95,313.01,0
2026-07-24 17:38:00,313.0019,313.1,313.0,313.0227,0
2026-07-24 17:39:00,313.1,313.15,313.05,313.1499,0
2026-07-24 17:40:00,313.14,313.29,313.12,313.29,0
2026-07-24 17:41:00,313.29,313.29,313.2,313.23,0
2026-07-24 17:42:00,313.22,313.23,313.15,313.19,0
2026-07-24 17:43:00,313.15,313.23,313.1,313.1001,0
2026-07-24 17:44:00,313.19,313.21,313.03,313.18,0
2026-07-24 17:45:00,313.12,313.14,313.04,313.04,0
2026-07-24 17:46:00,313.05,313.09,313.03,313.04,0
2026-07-24 17:47:00,313.0501,313.16,312.95,312.95,0
2026-07-24 17:48:00,312.9512,312.99,312.9,312.95,0
2026-07-24 17:49:00,312.99,312.99,312.94,312.94,0
2026-07-24 17:50:00,312.9709,312.98,312.91,312.91,0
2026-07-24 17:51:00,312.91,313.03,312.83,313.03,0
2026-07-24 17:52:00,312.9,312.9,312.83,312.83,0
2026-07-24 17:53:00,312.8305,312.85,312.58,312.7,0
2026-07-24 17:54:00,312.69,312.93,312.6599,312.78,0
2026-07-24 17:55:00,312.815,312.93,312.7,312.8,0
2026-07-24 17:56:00,312.7849,312.8,312.7,312.7138,0
2026-07-24 17:57:00,312.7,312.93,312.67,312.82,0
2026-07-24 17:58:00,312.75,312.96,312.75,312.9,0
2026-07-24 17:59:00,312.89,312.89,312.76,312.85,0
2026-07-24 18:00:00,312.8,312.89,312.5,312.84,0
2026-07-24 18:01:00,312.7167,312.84,312.5,312.52,0
2026-07-24 18:02:00,312.61,312.61,312.43,312.52,0
2026-07-24 18:03:00,312.5,312.6,312.4026,312.4026,0
2026-07-24 18:04:00,312.4805,312.5,312.3,312.43,0
2026-07-24 18:05:00,312.38,312.5,312.38,312.43,0
2026-07-24 18:06:00,312.43,312.8,312.4,312.515,0
2026-07-24 18:07:00,312.52,312.8,312.5,312.6,0
2026-07-24 18:08:00,312.5892,312.5892,312.4,312.52,0
2026-07-24 18:09:00,312.45,312.53,312.39,312.4499,0
2026-07-24 18:10:00,312.44,312.47,312.23,312.2833,0
2026-07-24 18:11:00,312.28,312.5,312.2001,312.31,0
2026-07-24 18:12:00,312.26,312.45,312.23,312.23,0
2026-07-24 18:13:00,312.23,312.3,312.23,312.24,0
2026-07-24 18:14:00,312.24,312.24,312.06,312.07,0
2026-07-24 18:15:00,312.0686,312.2,312.0,312.08,0
2026-07-24 18:16:00,312.086,312.11,312.08,312.1,0
2026-07-24 18:17:00,312.1,312.1,312.08,312.0885,0
2026-07-24 18:18:00,312.08,312.08,312.0,312.0091,0
2026-07-24 18:19:00,312.0027,312.06,312.0,312.0375,0
2026-07-24 18:20:00,312.09,312.2,312.0315,312.2,0
2026-07-24 18:21:00,312.1987,312.31,312.1,312.2532,0
2026-07-24 18:22:00,312.27,312.27,312.01,312.2,0
2026-07-24 18:23:00,312.15,312.2,312.092,312.14,0
2026-07-24 18:24:00,312.14,312.15,312.01,312.09,0
2026-07-24 18:25:00,312.08,312.1,312.01,312.01,0
2026-07-24 18:26:00,312.0108,312.05,312.01,312.0399,0
2026-07-24 18:27:00,312.04,312.1,312.03,312.0618,0
2026-07-24 18:28:00,312.0673,312.09,312.05,312.0591,0
2026-07-24 18:29:00,312.06,312.14,312.06,312.11,0
2026-07-24 18:30:00,312.14,312.2,312.1,312.2,0
2026-07-24 18:31:00,312.1969,312.31,312.1969,312.31,0
2026-07-24 18:32:00,312.31,312.31,312.27,312.31,0
2026-07-24 18:33:00,312.31,312.45,312.3,312.3,0
2026-07-24 18:34:00,312.2937,312.3845,312.2856,312.3169,0
2026-07-24 18:35:00,312.4,312.4,312.2,312.2497,0
2026-07-24 18:36:00,312.2499,312.2499,312.1548,312.1548,0
2026-07-24 18:37:00,312.16,312.22,312.14,312.21,0
2026-07-24 18:38:00,312.24,312.5,312.21,312.2621,0
2026-07-24 18:39:00,312.2884,312.48,312.22,312.32,0
2026-07-24 18:40:00,312.48,312.69,312.28,312.3,0
2026-07-24 18:41:00,312.69,312.69,312.23,312.27,0
2026-07-24 18:42:00,312.47,312.67,312.25,312.67,0
2026-07-24 18:43:00,312.67,312.67,312.01,312.11,0
2026-07-24 18:44:00,312.07,312.08,312.01,312.05,0
2026-07-24 18:45:00,312.05,312.08,312.01,312.02,0
2026-07-24 18:46:00,312.01,312.25,312.01,312.19,0
2026-07-24 18:47:00,312.19,312.19,312.03,312.08,0
2026-07-24 18:48:00,312.08,312.15,312.0301,312.15,0
2026-07-24 18:49:00,312.08,312.14,312.08,312.1,0
2026-07-24 18:50:00,312.0999,312.13,312.06,312.12,0
2026-07-24 18:51:00,312.1215,312.25,312.12,312.25,0
2026-07-24 18:52:00,312.22,312.3,312.1825,312.24,0
2026-07-24 18:53:00,312.25,312.2913,312.2401,312.2567,0
2026-07-24 18:54:00,312.2556,312.3,312.1,312.1,0
2026-07-24 18:55:00,312.17,312.26,312.1004,312.11,0
2026-07-24 18:56:00,312.11,312.11,312.0,312.01,0
2026-07-24 18:57:00,312.04,312.14,312.0,312.019,0
2026-07-24 18:58:00,312.01,312.01,311.8,311.8,0
2026-07-24 18:59:00,311.9,311.9,311.5,311.7028,0
2026-07-24 19:00:00,311.84,311.84,311.69,311.76,0
2026-07-24 19:01:00,311.77,311.77,311.5372,311.61,0
2026-07-24 19:02:00,311.62,311.74,311.53,311.65,0
2026-07-24 19:03:00,311.669,311.8,311.6,311.75,0
2026-07-24 19:04:00,311.81,311.81,311.7,311.7446,0
2026-07-24 19:05:00,311.7493,311.7493,311.65,311.6768,0
2026-07-24 19:06:00,311.7,311.9521,311.5,311.7501,0
2026-07-24 19:07:00,311.76,311.9513,311.75,311.87,0
2026-07-24 19:08:00,311.75,311.9,311.75,311.8975,0
2026-07-24 19:09:00,311.92,311.92,311.79,311.8999,0
2026-07-24 19:10:00,311.8,311.9,311.6037,311.7,0
2026-07-24 19:11:00,311.72,311.8,311.63,311.78,0
2026-07-24 19:12:00,311.73,311.9,311.61,311.6172,0
2026-07-24 19:13:00,311.9,311.9,311.6477,311.74,0
2026-07-24 19:14:00,311.68,311.9,311.68,311.9,0
2026-07-24 19:15:00,311.74,311.87,311.69,311.8,0
2026-07-24 19:16:00,311.71,311.8,311.6,311.72,0
2026-07-24 19:17:00,311.8,312.3,311.7,311.962,0
2026-07-24 19:18:00,312.0,312.2925,311.72,311.93,0
2026-07-24 19:19:00,312.0,312.0,311.72,311.8744,0
2026-07-24 19:20:00,311.88,311.99,311.72,311.85,0
2026-07-24 19:21:00,311.85,311.99,311.7618,311.82,0
2026-07-24 19:22:00,311.9,311.9,311.82,311.8876,0
2026-07-24 19:23:00,311.88,311.9,311.8224,311.847,0
2026-07-24 19:24:00,311.8451,311.87,311.6057,311.79,0
2026-07-24 19:25:00,311.81,311.8988,311.75,311.8767,0
2026-07-24 19:26:00,311.8,311.88,311.75,311.7941,0
2026-07-24 19:27:00,311.7941,311.8,311.6279,311.7716,0
2026-07-24 19:28:00,311.75,311.8,311.7,311.7432,0
2026-07-24 19:29:00,311.77,311.8,311.7,311.74,0
2026-07-24 19:30:00,311.73,311.74,311.64,311.64,0
2026-07-24 19:31:00,311.64,311.65,311.31,311.44,0
2026-07-24 19:32:00,311.44,311.45,311.35,311.4,0
2026-07-24 19:33:00,311.31,311.4,311.31,311.38,0
2026-07-24 19:34:00,311.32,311.4,311.28,311.34,0
2026-07-24 19:35:00,311.32,311.36,311.2509,311.2785,0
2026-07-24 19:36:00,311.283,311.35,311.2511,311.33,0
2026-07-24 19:37:00,311.27,311.3,311.2,311.21,0
2026-07-24 19:38:00,311.203,311.37,311.16,311.21,0
2026-07-24 19:39:00,311.2839,311.31,311.1635,311.2135,0
2026-07-24 19:40:00,311.35,311.35,311.26,311.2691,0
2026-07-24 19:41:00,311.2683,311.27,311.17,311.2,0
2026-07-24 19:42:00,311.17,311.26,311.13,311.1769,0
2026-07-24 19:43:00,311.2438,311.31,311.2162,311.3,0
2026-07-24 19:44:00,311.3,311.31,311.2402,311.25,0
2026-07-24 19:45:00,311.24,311.34,311.1817,311.27,0
2026-07-24 19:46:00,311.27,311.3314,311.2001,311.29,0
2026-07-24 19:47:00,311.3,311.3,311.15,311.1992,0
2026-07-24 19:48:00,311.1997,311.2,311.01,311.0485,0
2026-07-24 19:49:00,311.0,311.1,310.84,310.93,0
2026-07-24 19:50:00,310.9,311.02,310.9,310.997,0
2026-07-24 19:51:00,310.9969,311.0,310.9155,311.0,0
2026-07-24 19:52:00,310.97,311.16,310.93,311.115,0
2026-07-24 19:53:00,311.1,311.16,311.0966,311.11,0
2026-07-24 19:54:00,311.0513,311.2,311.0513,311.2,0
2026-07-24 19:55:00,311.2,311.2,311.15,311.2,0
2026-07-24 19:56:00,311.2,311.2,311.15,311.1834,0
2026-07-24 19:57:00,311.1831,311.2498,311.18,311.2077,0
2026-07-24 19:58:00,311.2145,311.35,311.2145,311.35,0
2026-07-24 19:59:00,311.35,311.4,311.34,311.38,0
2026-07-27 04:00:00,315.48,317.16,314.455,316.9047,0
2026-07-27 04:01:00,317.0,317.18,314.46,317.0286,0
2026-07-27 04:02:00,317.16,317.39,314.9,317.3852,0
2026-07-27 04:03:00,316.46,317.79,316.46,317.7896,0
2026-07-27 04:04:00,317.7896,317.8,317.5,317.6852,0
2026-07-27 04:05:00,317.6,317.7,314.46,317.45,0
2026-07-27 04:06:00,317.45,317.5,316.88,317.03,0
2026-07-27 04:07:00,317.2833,317.3,317.1,317.3,0
2026-07-27 04:08:00,317.3,317.45,317.26,317.26,0
2026-07-27 04:09:00,317.33,317.4832,317.1,317.4832,0
2026-07-27 04:10:00,317.2,317.37,317.09,317.1175,0
2026-07-27 04:11:00,317.2247,317.3905,317.1,317.1,0
2026-07-27 04:12:00,317.03,317.3064,317.0,317.3064,0
2026-07-27 04:13:00,317.25,317.3,317.0101,317.24,0
2026-07-27 04:14:00,317.2845,317.47,317.24,317.45,0
2026-07-27 04:15:00,317.45,317.6,317.3,317.6,0
2026-07-27 04:16:00,317.4688,317.4988,317.3122,317.42,0
2026-07-27 04:17:00,317.43,317.43,317.33,317.3971,0
2026-07-27 04:18:00,317.33,317.6,317.24,317.6,0
2026-07-27 04:19:00,317.55,317.72,317.34,317.3977,0
2026-07-27 04:20:00,317.4,317.6849,317.31,317.6,0
2026-07-27 04:21:00,317.6198,317.6988,317.4,317.65,0
2026-07-27 04:22:00,317.67,317.693,317.5,317.55,0
2026-07-27 04:23:00,317.55,317.7988,317.55,317.79,0
2026-07-27 04:24:00,317.7972,317.85,317.55,317.5948,0
2026-07-27 04:25:00,317.6,317.74,317.6,317.6,0
2026-07-27 04:26:00,317.6175,317.76,317.6175,317.7,0
2026-07-27 04:27:00,317.8,317.99,317.7598,317.95,0
2026-07-27 04:28:00,317.92,318.06,317.84,318.0,0
2026-07-27 04:29:00,317.9982,318.4,317.9982,318.25,0
2026-07-27 04:30:00,318.23,318.3932,318.0032,318.2,0
2026-07-27 04:31:00,318.15,318.1896,317.87,318.0,0
2026-07-27 04:32:00,318.0,318.09,317.92,318.09,0
2026-07-27 04:33:00,318.09,318.1,317.9,318.05,0
2026-07-27 04:34:00,318.0,318.09,317.9,318.02,0
2026-07-27 04:35:00,317.94,318.0988,317.7,317.9,0
2026-07-27 04:36:00,317.75,317.81,317.6,317.81,0
2026-07-27 04:37:00,317.9,317.9,317.71,317.755,0
2026-07-27 04:38:00,317.77,317.9359,317.7382,317.7916,0
2026-07-27 04:39:00,317.76,317.8852,317.65,317.7037,0
2026-07-27 04:40:00,317.7,317.89,317.7,317.7145,0
2026-07-27 04:41:00,317.72,317.89,317.72,317.8754,0
2026-07-27 04:42:00,317.81,318.1,317.69,317.86,0
2026-07-27 04:43:00,317.8367,318.0932,317.81,318.0,0
2026-07-27 04:44:00,318.0726,318.08,317.67,317.67,0
2026-07-27 04:45:00,317.62,317.9138,317.6,317.71,0
2026-07-27 04:46:00,317.7,318.0695,317.64,317.66,0
2026-07-27 04:47:00,317.649,317.65,317.39,317.49,0
2026-07-27 04:48:00,317.4763,317.6169,317.42,317.56,0
2026-07-27 04:49:00,317.56,317.6562,317.5,317.53,0
2026-07-27 04:50:00,317.53,317.6,317.5,317.51,0
2026-07-27 04:51:00,317.575,317.65,317.575,317.65,0
2026-07-27 04:52:00,317.76,317.76,317.6,317.72,0
2026-07-27 04:53:00,317.72,317.8,317.5,317.58,0
2026-07-27 04:54:00,317.64,317.8849,317.58,317.79,0
2026-07-27 04:55:00,317.79,317.9,317.686,317.69,0
2026-07-27 04:56:00,317.72,317.91,317.72,317.87,0
2026-07-27 04:57:00,317.8,317.92,317.8,317.8225,0
2026-07-27 04:58:00,317.87,317.87,317.61,317.69,0
2026-07-27 04:59:00,317.7098,317.85,317.6245,317.85,0
2026-07-27 05:00:00,317.79,317.79,317.5,317.72,0
2026-07-27 05:01:00,317.71,317.8388,317.51,317.57,0
2026-07-27 05:02:00,317.57,317.7188,317.53,317.59,0
2026-07-27 05:03:00,317.54,317.72,317.54,317.72,0
2026-07-27 05:04:00,317.6218,317.66,317.53,317.58,0
2026-07-27 05:05:00,317.59,317.6488,317.45,317.51,0
2026-07-27 05:06:00,317.51,317.6,317.51,317.59,0
2026-07-27 05:07:00,317.57,317.65,317.56,317.5717,0
2026-07-27 05:08:00,317.59,317.79,317.53,317.73,0
2026-07-27 05:09:00,317.68,317.73,317.68,317.69,0
2026-07-27 05:10:00,317.65,317.7462,317.55,317.69,0
2026-07-27 05:11:00,317.6818,317.697,317.55,317.5537,0
2026-07-27 05:12:00,317.59,317.66,317.5,317.55,0
2026-07-27 05:13:00,317.5,317.58,317.45,317.57,0
2026-07-27 05:14:00,317.57,317.5755,317.42,317.42,0
2026-07-27 05:15:00,317.45,317.5317,317.21,317.38,0
2026-07-27 05:16:00,317.2445,317.4342,317.2152,317.23,0
2026-07-27 05:17:00,317.31,317.35,317.21,317.3048,0
2026-07-27 05:18:00,317.3075,317.39,317.216,317.3,0
2026-07-27 05:19:00,317.35,317.4488,317.3,317.4,0
2026-07-27 05:20:00,317.36,317.4462,317.3,317.38,0
2026-07-27 05:21:00,317.38,317.45,317.3,317.45,0
2026-07-27 05:22:00,317.45,317.5,317.26,317.33,0
2026-07-27 05:23:00,317.27,317.42,317.2,317.21,0
2026-07-27 05:24:00,317.4,317.42,317.2147,317.42,0
2026-07-27 05:25:00,317.3121,317.5,317.3121,317.49,0
2026-07-27 05:26:00,317.5,317.7,317.4922,317.6911,0
2026-07-27 05:27:00,317.6957,317.6957,317.4,317.5,0
2026-07-27 05:28:00,317.5,317.55,317.31,317.38,0
2026-07-27 05:29:00,317.38,317.38,317.2112,317.26,0
2026-07-27 05:30:00,317.26,317.29,317.2133,317.2133,0
2026-07-27 05:31:00,317.25,317.305,317.172,317.26,0
2026-07-27 05:32:00,317.26,317.29,317.2047,317.29,0
2026-07-27 05:33:00,317.2022,317.2872,317.18,317.25,0
2026-07-27 05:34:00,317.2853,317.35,317.2853,317.35,0
2026-07-27 05:35:00,317.35,317.58,317.2875,317.42,0
2026-07-27 05:36:00,317.6512,317.6512,317.41,317.41,0
2026-07-27 05:37:00,317.4047,317.6295,317.4047,317.48,0
2026-07-27 05:38:00,317.5775,317.59,317.4,317.4,0
2026-07-27 05:39:00,317.41,317.6925,317.41,317.63,0
2026-07-27 05:40:00,317.63,317.7,317.4075,317.55,0
2026-07-27 05:41:00,317.6103,317.75,317.6103,317.75,0
2026-07-27 05:42:00,317.67,317.75,317.625,317.7364,0
2026-07-27 05:43:00,317.7474,317.75,317.69,317.75,0
2026-07-27 05:44:00,317.74,317.78,317.6412,317.78,0
2026-07-27 05:45:00,317.8,317.8,317.7,317.79,0
2026-07-27 05:46:00,317.7807,317.8,317.7147,317.8,0
2026-07-27 05:47:00,317.8,317.9,317.7312,317.9,0
2026-07-27 05:48:00,317.9,317.9,317.8,317.9,0
2026-07-27 05:49:00,317.8213,317.9,317.7987,317.8948,0
2026-07-27 05:50:00,317.86,317.8975,317.8,317.8372,0
2026-07-27 05:51:00,317.8205,317.88,317.8,317.835,0
2026-07-27 05:52:00,317.87,317.9,317.835,317.8988,0
2026-07-27 05:53:00,317.88,318.0,317.84,317.99,0
2026-07-27 05:54:00,317.98,317.99,317.9025,317.9025,0
2026-07-27 05:55:00,317.96,318.0,317.8,317.8493,0
2026-07-27 05:56:00,317.8111,317.968,317.75,317.93,0
2026-07-27 05:57:00,317.94,317.94,317.68,317.6932,0
2026-07-27 05:58:00,317.6968,317.8,317.5,317.5,0
2026-07-27 05:59:00,317.6991,317.7072,317.6,317.62,0
2026-07-27 06:00:00,317.65,317.695,317.5,317.695,0
2026-07-27 06:01:00,317.59,317.7,317.505,317.62,0
2026-07-27 06:02:00,317.65,317.69,317.6,317.66,0
2026-07-27 06:03:00,317.69,317.73,317.64,317.66,0
2026-07-27 06:04:00,317.678,317.68,317.5,317.59,0
2026-07-27 06:05:00,317.579,317.67,317.5142,317.67,0
2026-07-27 06:06:00,317.6443,317.68,317.4479,317.53,0
2026-07-27 06:07:00,317.53,317.68,317.5,317.65,0
2026-07-27 06:08:00,317.6349,317.68,317.5,317.5,0
2026-07-27 06:09:00,317.6,317.6,317.5,317.54,0
2026-07-27 06:10:00,317.55,317.55,317.31,317.41,0
2026-07-27 06:11:00,317.41,317.49,317.12,317.26,0
2026-07-27 06:12:00,317.24,317.3,317.16,317.24,0
2026-07-27 06:13:00,317.19,317.3854,317.12,317.32,0
2026-07-27 06:14:00,317.17,317.3988,317.11,317.21,0
2026-07-27 06:15:00,317.1977,317.3716,317.1627,317.3716,0
2026-07-27 06:16:00,317.37,317.3707,317.33,317.3707,0
2026-07-27 06:17:00,317.3954,317.46,317.18,317.339,0
2026-07-27 06:18:00,317.3,317.35,317.18,317.32,0
2026-07-27 06:19:00,317.345,317.345,317.2,317.27,0
2026-07-27 06:20:00,317.27,317.3462,317.2037,317.2037,0
2026-07-27 06:21:00,317.25,317.36,317.2068,317.33,0
2026-07-27 06:22:00,317.36,317.4377,317.35,317.4,0
2026-07-27 06:23:00,317.3542,317.43,317.352,317.4182,0
2026-07-27 06:24:00,317.4017,317.5657,317.4,317.51,0
2026-07-27 06:25:00,317.5365,317.6,317.41,317.5,0
2026-07-27 06:26:00,317.6,317.6,317.4,317.4,0
2026-07-27 06:27:00,317.4235,317.4235,317.24,317.3509,0
2026-07-27 06:28:00,317.3622,317.4832,317.2267,317.47,0
2026-07-27 06:29:00,317.4611,317.4657,317.28,317.4,0
2026-07-27 06:30:00,317.4852,317.5445,317.3855,317.48,0
2026-07-27 06:31:00,317.44,317.6437,317.44,317.6437,0
2026-07-27 06:32:00,317.49,317.49,317.3075,317.49,0
2026-07-27 06:33:00,317.49,317.49,317.334,317.48,0
2026-07-27 06:34:00,317.41,317.5,317.4,317.49,0
2026-07-27 06:35:00,317.5,317.5,317.36,317.5,0
2026-07-27 06:36:00,317.41,317.55,317.3647,317.5,0
2026-07-27 06:37:00,317.398,317.51,317.37,317.48,0
2026-07-27 06:38:00,317.44,317.48,317.345,317.4,0
2026-07-27 06:39:00,317.4211,317.45,317.2245,317.3284,0
2026-07-27 06:40:00,317.29,317.3467,317.2232,317.3467,0
2026-07-27 06:41:00,317.25,317.35,317.18,317.3,0
2026-07-27 06:42:00,317.42,317.4937,317.2716,317.31,0
2026-07-27 06:43:00,317.3,317.42,317.2562,317.4,0
2026-07-27 06:44:00,317.3988,317.4,317.2,317.27,0
2026-07-27 06:45:00,317.27,317.3854,317.12,317.3,0
2026-07-27 06:46:00,317.328,317.4,317.21,317.2245,0
2026-07-27 06:47:00,317.3,317.3952,317.2555,317.3,0
2026-07-27 06:48:00,317.3935,317.4,317.23,317.39,0
2026-07-27 06:49:00,317.4,317.4,317.1,317.14,0
2026-07-27 06:50:00,317.17,317.197,317.0,317.05,0
2026-07-27 06:51:00,317.06,317.0703,317.0,317.0703,0
2026-07-27 06:52:00,317.0899,317.0899,317.0,317.0008,0
2026-07-27 06:53:00,317.04,317.056,316.9,316.9282,0
2026-07-27 06:54:00,316.93,316.95,316.8,316.8027,0
2026-07-27 06:55:00,316.91,317.18,316.85,317.1,0
2026-07-27 06:56:00,317.18,317.18,317.0,317.14,0
2026-07-27 06:57:00,317.08,317.16,316.8945,316.8945,0
2026-07-27 06:58:00,316.94,316.98,316.78,316.88,0
2026-07-27 06:59:00,316.88,316.88,316.7012,316.77,0
2026-07-27 07:00:00,316.75,317.3411,316.65,317.08,0
2026-07-27 07:01:00,317.08,317.2,316.9,317.0,0
2026-07-27 07:02:00,316.93,317.13,316.8,316.8,0
2026-07-27 07:03:00,316.9945,316.9945,316.71,316.8,0
2026-07-27 07:04:00,316.89,317.0,316.8,316.95,0
2026-07-27 07:05:00,316.95,317.0,316.81,317.0,0
2026-07-27 07:06:00,317.0,317.0,316.87,317.0,0
2026-07-27 07:07:00,316.93,317.03,316.6,316.75,0
2026-07-27 07:08:00,316.73,316.76,316.45,316.6,0
2026-07-27 07:09:00,316.6982,316.7,316.47,316.63,0
2026-07-27 07:10:00,316.6881,316.69,316.5099,316.6651,0
2026-07-27 07:11:00,316.69,316.79,316.5,316.5,0
2026-07-27 07:12:00,316.7,316.7,316.4,316.53,0
2026-07-27 07:13:00,316.4195,316.64,316.29,316.387,0
2026-07-27 07:14:00,316.41,316.5,316.4,316.4,0
2026-07-27 07:15:00,316.49,316.577,316.42,316.5,0
2026-07-27 07:16:00,316.5383,316.629,316.1597,316.32,0
2026-07-27 07:17:00,316.15,316.47,316.15,316.45,0
2026-07-27 07:18:00,316.46,316.46,316.16,316.2124,0
2026-07-27 07:19:00,316.28,316.4,316.1,316.33,0
2026-07-27 07:20:00,316.31,316.45,316.2,316.3,0
2026-07-27 07:21:00,316.29,316.4,316.2,316.3,0
2026-07-27 07:22:00,316.27,316.33,316.01,316.16,0
2026-07-27 07:23:00,316.2314,316.2314,315.91,315.98,0
2026-07-27 07:24:00,315.95,316.09,315.9,315.905,0
2026-07-27 07:25:00,315.9791,316.12,315.9,316.0426,0
2026-07-27 07:26:00,316.0787,316.1145,315.77,315.9,0
2026-07-27 07:27:00,315.7701,315.9,315.7,315.7342,0
2026-07-27 07:28:00,315.85,315.87,315.45,315.46,0
2026-07-27 07:29:00,315.57,315.7,315.26,315.29,0
2026-07-27 07:30:00,315.494,315.7017,315.22,315.6,0
2026-07-27 07:31:00,315.71,315.9925,315.34,315.9925,0
2026-07-27 07:32:00,315.99,316.0,315.61,315.72,0
2026-07-27 07:33:00,315.7465,315.7465,315.44,315.57,0
2026-07-27 07:34:00,315.505,315.669,315.24,315.41,0
2026-07-27 07:35:00,315.42,315.55,315.27,315.5,0
2026-07-27 07:36:00,315.3001,315.8,315.3001,315.6104,0
2026-07-27 07:37:00,315.7,315.7,315.47,315.52,0
2026-07-27 07:38:00,315.51,315.6,315.3133,315.32,0
2026-07-27 07:39:00,315.3133,315.4393,315.25,315.3104,0
2026-07-27 07:40:00,315.3301,315.58,315.25,315.3991,0
2026-07-27 07:41:00,315.3646,315.58,315.244,315.38,0
2026-07-27 07:42:00,315.38,315.58,315.26,315.3736,0
2026-07-27 07:43:00,315.3982,315.4,315.0,315.3073,0
2026-07-27 07:44:00,315.4,315.48,315.1852,315.3,0
2026-07-27 07:45:00,315.27,315.34,315.16,315.2654,0
2026-07-27 07:46:00,315.21,315.4,315.07,315.15,0
2026-07-27 07:47:00,315.08,315.2147,315.0,315.16,0
2026-07-27 07:48:00,315.1992,315.4,315.17,315.3999,0
2026-07-27 07:49:00,315.3845,315.7907,315.3747,315.41,0
2026-07-27 07:50:00,315.79,315.79,315.36,315.54,0
2026-07-27 07:51:00,315.55,315.6,315.35,315.55,0
2026-07-27 07:52:00,315.55,315.6999,315.4732,315.5431,0
2026-07-27 07:53:00,315.6,315.78,315.5415,315.78,0
2026-07-27 07:54:00,315.75,315.846,315.7,315.8,0
2026-07-27 07:55:00,315.75,315.85,315.7232,315.7697,0
2026-07-27 07:56:00,315.7595,315.84,315.652,315.73,0
2026-07-27 07:57:00,315.77,315.83,315.55,315.5808,0
2026-07-27 07:58:00,315.69,315.6966,315.54,315.59,0
2026-07-27 07:59:00,315.6767,315.68,315.37,315.55,0
2026-07-27 08:00:00,315.5158,315.7372,315.35,315.7372,0
2026-07-27 08:01:00,315.74,315.83,315.6327,315.8281,0
2026-07-27 08:02:00,315.7785,315.88,315.7785,315.88,0
2026-07-27 08:03:00,315.8731,316.0,315.8,315.9609,0
2026-07-27 08:04:00,316.0,316.37,315.895,316.1692,0
2026-07-27 08:05:00,316.1631,316.3524,316.0,316.18,0
2026-07-27 08:06:00,316.18,316.32,316.1,316.255,0
2026-07-27 08:07:00,316.31,316.4,316.2,316.246,0
2026-07-27 08:08:00,316.401,316.46,316.23,316.23,0
2026-07-27 08:09:00,316.2,316.4,316.15,316.256,0
2026-07-27 08:10:00,316.35,316.35,316.0,316.11,0
2026-07-27 08:11:00,316.1,316.1,315.51,315.6848,0
2026-07-27 08:12:00,315.61,315.75,315.5,315.65,0
2026-07-27 08:13:00,315.56,315.75,315.505,315.61,0
2026-07-27 08:14:00,315.6,315.7,315.5037,315.51,0
2026-07-27 08:15:00,315.63,315.65,315.35,315.3987,0
2026-07-27 08:16:00,315.6037,315.75,315.3894,315.75,0
2026-07-27 08:17:00,315.66,315.96,315.39,315.6877,0
2026-07-27 08:18:00,315.88,315.88,315.35,315.7316,0
2026-07-27 08:19:00,315.5814,315.8,315.5,315.62,0
2026-07-27 08:20:00,315.6944,315.73,315.51,315.69,0
2026-07-27 08:21:00,315.6483,315.69,315.4853,315.49,0
2026-07-27 08:22:00,315.4958,315.6,315.37,315.5992,0
2026-07-27 08:23:00,315.5591,315.61,315.44,315.59,0
2026-07-27 08:24:00,315.5986,315.69,315.4912,315.66,0
2026-07-27 08:25:00,315.6571,315.73,315.601,315.6997,0
2026-07-27 08:26:00,315.6997,315.7184,315.52,315.63,0
2026-07-27 08:27:00,315.61,315.7165,315.52,315.7165,0
2026-07-27 08:28:00,315.7,315.73,315.5837,315.7,0
2026-07-27 08:29:00,315.718,315.73,315.5252,315.67,0
2026-07-27 08:30:00,315.6155,315.7,315.5492,315.7,0
2026-07-27 08:31:00,315.7,315.73,315.46,315.4667,0
2026-07-27 08:32:00,315.62,315.65,315.41,315.42,0
2026-07-27 08:33:00,315.4,315.48,315.29,315.4141,0
2026-07-27 08:34:00,315.3056,315.5,315.3,315.41,0
2026-07-27 08:35:00,315.4139,315.5662,315.3035,315.4237,0
2026-07-27 08:36:00,315.5667,315.73,315.485,315.71,0
2026-07-27 08:37:00,315.691,315.73,315.665,315.7,0
2026-07-27 08:38:00,315.699,315.76,315.699,315.7,0
2026-07-27 08:39:00,315.73,315.73,315.67,315.6916,0
2026-07-27 08:40:00,315.729,316.3,315.68,316.19,0
2026-07-27 08:41:00,316.23,316.3,316.11,316.25,0
2026-07-27 08:42:00,316.2402,316.3,316.11,316.3,0
2026-07-27 08:43:00,316.2,316.35,316.11,316.33,0
2026-07-27 08:44:00,316.3553,316.41,316.28,316.3714,0
2026-07-27 08:45:00,316.3999,316.41,316.31,316.34,0
2026-07-27 08:46:00,316.3906,316.67,316.34,316.5983,0
2026-07-27 08:47:00,316.5905,316.6,316.4,316.4988,0
2026-07-27 08:48:00,316.5,316.6,316.41,316.462,0
2026-07-27 08:49:00,316.4997,316.5,316.34,316.34,0
2026-07-27 08:50:00,316.45,316.5,316.31,316.39,0
2026-07-27 08:51:00,316.39,316.5,316.27,316.42,0
2026-07-27 08:52:00,316.4157,316.47,316.2532,316.4122,0
2026-07-27 08:53:00,316.42,316.87,316.36,316.5123,0
2026-07-27 08:54:00,316.45,316.6999,316.45,316.6488,0
2026-07-27 08:55:00,316.6315,316.89,316.5655,316.85,0
2026-07-27 08:56:00,316.79,316.8897,316.44,316.4698,0
2026-07-27 08:57:00,316.41,316.644,316.3025,316.45,0
2026-07-27 08:58:00,316.5,316.65,316.3,316.559,0
2026-07-27 08:59:00,316.444,316.67,316.44,316.62,0
2026-07-27 09:00:00,316.67,316.67,316.5135,316.6465,0
2026-07-27 09:01:00,316.5,316.64,316.307,316.5,0
2026-07-27 09:02:00,316.5587,316.67,316.4452,316.6,0
2026-07-27 09:03:00,316.6393,316.67,316.5335,316.65,0
2026-07-27 09:04:00,316.5525,316.65,316.31,316.38,0
2026-07-27 09:05:00,316.31,316.5,316.1,316.36,0
2026-07-27 09:06:00,316.356,316.356,315.8,315.99,0
2026-07-27 09:07:00,315.98,316.2635,315.805,316.0,0
2026-07-27 09:08:00,316.1922,316.2,315.8927,316.1,0
2026-07-27 09:09:00,316.05,316.25,315.9,316.2462,0
2026-07-27 09:10:00,316.1232,316.596,316.1037,316.5573,0
2026-07-27 09:11:00,316.44,316.67,316.44,316.4725,0
2026-07-27 09:12:00,316.57,316.75,316.5025,316.75,0
2026-07-27 09:13:00,316.64,316.8,316.6,316.8,0
2026-07-27 09:14:00,316.8,316.88,316.61,316.75,0
2026-07-27 09:15:00,316.7861,316.88,316.6,316.6905,0
2026-07-27 09:16:00,316.7,316.7,316.3,316.51,0
2026-07-27 09:17:00,316.57,316.7,316.39,316.68,0
2026-07-27 09:18:00,316.6775,316.69,316.55,316.5727,0
2026-07-27 09:19:00,316.6,316.66,316.3,316.45,0
2026-07-27 09:20:00,316.39,316.5,316.32,316.4567,0
2026-07-27 09:21:00,316.4323,316.46,315.9236,315.95,0
2026-07-27 09:22:00,316.14,316.14,315.766,315.9215,0
2026-07-27 09:23:00,315.95,316.03,315.764,315.9999,0
2026-07-27 09:24:00,315.9415,316.17,315.8808,316.0275,0
2026-07-27 09:25:00,315.93,315.9676,315.09,315.32,0
2026-07-27 09:26:00,315.2215,315.39,314.81,314.9074,0
2026-07-27 09:27:00,314.927,315.13,314.17,314.49,0
2026-07-27 09:28:00,314.54,314.54,312.99,313.052,0
2026-07-27 09:29:00,313.05,313.43,312.85,313.3588,0
2026-07-27 09:30:00,314.5001,314.7194,314.5001,314.7,2627716
2026-07-27 09:31:00,314.705,314.74,311.62,312.61,278685
2026-07-27 09:32:00,312.58,313.0,310.898,312.2214,207125
2026-07-27 09:33:00,312.11,312.64,310.917,312.375,183458
2026-07-27 09:34:00,312.38,315.22,311.7301,315.08,269258
2026-07-27 09:35:00,315.01,315.26,314.0278,314.48,260256
2026-07-27 09:36:00,314.49,316.2,314.345,316.17,250555
2026-07-27 09:37:00,316.14,317.0,316.0001,316.515,338630
2026-07-27 09:38:00,316.45,316.63,315.48,315.52,197300
2026-07-27 09:39:00,315.767,315.767,314.12,314.42,187206
2026-07-27 09:40:00,314.3808,314.4199,313.3001,313.48,223236
2026-07-27 09:41:00,313.52,313.76,312.02,312.34,217467
2026-07-27 09:42:00,312.335,313.85,312.31,312.895,198346
2026-07-27 09:43:00,312.8996,313.31,312.31,313.31,159515
2026-07-27 09:44:00,313.29,314.2899,313.0301,314.135,128098
2026-07-27 09:45:00,314.02,314.63,313.75,314.02,5893455
2026-07-27 09:46:00,314.04,314.1,311.26,311.617,369535
2026-07-27 09:47:00,311.67,313.4899,311.64,313.05,199265
2026-07-27 09:48:00,313.0801,313.5483,312.79,312.825,107853
2026-07-27 09:49:00,312.76,313.0706,312.65,312.83,106897
2026-07-27 09:50:00,312.7201,312.9,312.27,312.725,141099
2026-07-27 09:51:00,312.76,312.9194,312.0,312.06,152573
2026-07-27 09:52:00,312.09,312.22,311.4024,311.755,146976
2026-07-27 09:53:00,311.72,312.08,311.4208,311.8322,131017
2026-07-27 09:54:00,311.9,312.0756,311.11,311.55,116501
2026-07-27 09:55:00,311.55,311.76,311.13,311.43,108143
2026-07-27 09:56:00,311.4125,311.46,310.54,310.735,208434
2026-07-27 09:57:00,310.7,310.76,309.72,309.8201,282437
2026-07-27 09:58:00,309.84,309.88,308.8,308.8263,230149
2026-07-27 09:59:00,308.86,309.78,308.86,309.06,173224
2026-07-27 10:00:00,309.1,309.19,308.6,309.085,205496
2026-07-27 10:01:00,309.15,309.26,307.9,307.955,212719
2026-07-27 10:02:00,307.93,308.62,307.8,308.35,189654
2026-07-27 10:03:00,308.395,308.99,308.0,308.635,172298
2026-07-27 10:04:00,308.635,309.03,308.4665,308.73,159355
2026-07-27 10:05:00,308.7248,309.16,308.05,308.5499,197383
2026-07-27 10:06:00,308.4297,308.5799,307.7,308.5799,179045
2026-07-27 10:07:00,308.51,309.19,308.35,308.62,557188
2026-07-27 10:08:00,308.6099,309.46,308.53,309.42,139823
2026-07-27 10:09:00,309.4995,309.86,309.32,309.43,149785
2026-07-27 10:10:00,309.47,309.5,308.6502,308.745,120981
2026-07-27 10:11:00,308.7063,308.85,308.06,308.34,166780
2026-07-27 10:12:00,308.36,309.7799,308.31,309.735,118448
2026-07-27 10:13:00,309.735,310.1,308.95,309.345,200402
2026-07-27 10:14:00,309.3681,309.605,309.17,309.295,98419
2026-07-27 10:15:00,309.3,310.2,309.25,309.58,121361
2026-07-27 10:16:00,309.51,309.68,309.11,309.5,78194
2026-07-27 10:17:00,309.51,309.5499,308.8,308.985,86175
2026-07-27 10:18:00,308.98,309.8,308.98,309.71,87315
2026-07-27 10:19:00,309.675,310.0,309.39,309.41,99488
2026-07-27 10:20:00,309.35,309.3699,308.83,308.88,99078
2026-07-27 10:21:00,308.83,309.49,308.79,309.3705,95528
2026-07-27 10:22:00,309.39,309.46,308.5201,308.56,94390
2026-07-27 10:23:00,308.56,309.0,308.01,308.27,110173
2026-07-27 10:24:00,308.23,308.8599,308.161,308.7578,92557
2026-07-27 10:25:00,308.68,308.73,308.23,308.49,73848
2026-07-27 10:26:00,308.4887,308.54,307.6605,307.72,147323
2026-07-27 10:27:00,307.7,307.7399,306.91,307.175,259720
2026-07-27 10:28:00,307.18,307.4599,306.89,307.2701,166836
2026-07-27 10:29:00,307.305,307.5218,306.9,306.975,124139
2026-07-27 10:30:00,306.9101,307.26,306.42,306.74,167555
2026-07-27 10:31:00,306.69,307.67,306.48,307.61,208382
2026-07-27 10:32:00,307.59,307.86,306.91,306.995,171608
2026-07-27 10:33:00,307.05,307.4759,306.9423,307.39,137877
2026-07-27 10:34:00,307.4,307.71,307.1,307.15,105958
2026-07-27 10:35:00,307.12,307.3,306.54,307.1,130819
2026-07-27 10:36:00,307.07,307.22,306.2,306.255,209081
2026-07-27 10:37:00,306.26,306.75,305.92,306.225,176630
2026-07-27 10:38:00,306.225,306.83,306.17,306.305,149364
2026-07-27 10:39:00,306.22,306.45,305.92,306.21,123023
2026-07-27 10:40:00,306.185,306.3199,305.77,306.11,133346
2026-07-27 10:41:00,306.11,306.34,304.86,305.07,350012
2026-07-27 10:42:00,305.03,305.5,304.98,305.11,171872
2026-07-27 10:43:00,305.11,305.3192,304.28,305.1838,201558
2026-07-27 10:44:00,305.23,305.3999,304.4,304.64,149364
2026-07-27 10:45:00,304.76,305.41,304.74,305.13,114191
2026-07-27 10:46:00,305.05,306.2,305.05,305.87,217443
2026-07-27 10:47:00,305.89,306.24,305.605,305.87,131905
2026-07-27 10:48:00,305.9,306.2,305.56,305.69,102640
2026-07-27 10:49:00,305.65,306.25,305.62,306.145,93118
2026-07-27 10:50:00,306.12,307.2799,306.12,306.99,153443
2026-07-27 10:51:00,306.99,308.1122,306.99,307.6,259563
2026-07-27 10:52:00,307.56,308.34,307.3,308.11,135480
2026-07-27 10:53:00,308.11,308.94,308.0801,308.5,122458
2026-07-27 10:54:00,308.56,309.1,308.5103,308.68,118772
2026-07-27 10:55:00,308.68,309.11,308.55,309.055,110145
2026-07-27 10:56:00,309.06,309.15,308.0501,308.305,122934
2026-07-27 10:57:00,308.3,308.61,307.845,308.525,151555
2026-07-27 10:58:00,308.525,308.83,308.44,308.685,125437
2026-07-27 10:59:00,308.69,308.9,308.6001,308.76,72056
2026-07-27 11:00:00,308.755,309.03,308.392,308.83,71968
2026-07-27 11:01:00,308.94,308.94,308.6,308.73,65503
2026-07-27 11:02:00,308.74,309.14,308.6,309.02,115104
2026-07-27 11:03:00,309.02,310.08,309.02,309.96,204596
2026-07-27 11:04:00,309.965,310.73,309.812,310.4,175669
2026-07-27 11:05:00,310.39,310.4865,309.75,309.845,110545
2026-07-27 11:06:00,309.85,310.17,309.3,309.42,85327
2026-07-27 11:07:00,309.38,309.99,309.0,309.92,99721
2026-07-27 11:08:00,309.87,309.92,309.0,309.11,64988
2026-07-27 11:09:00,309.11,309.4899,308.9401,309.3979,80638
2026-07-27 11:10:00,309.4699,309.86,309.24,309.3345,60934
2026-07-27 11:11:00,309.325,309.66,308.97,309.15,85156
2026-07-27 11:12:00,309.2,310.1899,309.15,309.845,88452
2026-07-27 11:13:00,309.8018,309.935,309.28,309.5199,61451
2026-07-27 11:14:00,309.34,309.8,309.34,309.575,47487
2026-07-27 11:15:00,309.565,309.7151,309.155,309.2,66729
2026-07-27 11:16:00,309.15,309.34,308.85,309.12,94514
2026-07-27 11:17:00,309.12,309.135,308.62,308.705,79076
2026-07-27 11:18:00,308.75,308.9,308.11,308.18,104687
2026-07-27 11:19:00,308.2,308.69,307.975,308.525,107521
2026-07-27 11:20:00,308.5174,308.95,308.42,308.77,86851
2026-07-27 11:21:00,308.79,308.95,308.4085,308.59,114323
2026-07-27 11:22:00,308.53,308.99,308.44,308.585,64986
2026-07-27 11:23:00,308.585,308.59,307.83,307.95,110592
2026-07-27 11:24:00,307.95,308.22,307.752,308.02,78422
2026-07-27 11:25:00,308.06,308.15,307.6,307.819,73874
2026-07-27 11:26:00,307.81,308.24,307.64,308.1497,65671
2026-07-27 11:27:00,308.12,308.5081,307.94,308.06,55696
2026-07-27 11:28:00,308.065,308.1,307.6,307.9001,70907
2026-07-27 11:29:00,307.95,308.6,307.9,308.55,73674
2026-07-27 11:30:00,308.5,308.78,308.2458,308.5999,80780
2026-07-27 11:31:00,308.565,308.99,307.93,307.94,66453
2026-07-27 11:32:00,307.92,308.2,307.61,307.75,74669
2026-07-27 11:33:00,307.7851,307.8899,307.56,307.77,59881
2026-07-27 11:34:00,307.78,307.95,307.6,307.7801,62806
2026-07-27 11:35:00,307.855,308.05,307.46,307.645,66375
2026-07-27 11:36:00,307.6127,308.0,307.4605,307.7099,51789
2026-07-27 11:37:00,307.665,307.74,307.07,307.1055,90853
2026-07-27 11:38:00,307.0853,307.92,307.03,307.855,88793
2026-07-27 11:39:00,307.84,308.56,307.84,308.42,120786
2026-07-27 11:40:00,308.3825,308.8,307.95,308.28,96909
2026-07-27 11:41:00,308.27,308.38,307.87,308.1672,67671
2026-07-27 11:42:00,308.185,308.46,308.1537,308.26,75342
2026-07-27 11:43:00,308.22,308.34,307.79,307.84,61067
2026-07-27 11:44:00,307.82,308.42,307.75,308.19,66819
2026-07-27 11:45:00,308.155,308.3799,307.9596,308.0399,39580
2026-07-27 11:46:00,307.985,308.13,307.7,307.8301,56905
2026-07-27 11:47:00,307.845,307.9999,307.4222,307.6,56055
2026-07-27 11:48:00,307.64,308.0499,307.59,307.925,52679
2026-07-27 11:49:00,307.9,307.95,307.6201,307.9,41284
2026-07-27 11:50:00,307.91,308.1684,307.62,307.795,51902
2026-07-27 11:51:00,307.84,308.1,307.6901,307.93,52383
2026-07-27 11:52:00,307.845,307.98,307.62,307.6201,56883
2026-07-27 11:53:00,307.67,308.05,307.57,307.93,42973
2026-07-27 11:54:00,307.905,308.05,307.74,307.805,31503
2026-07-27 11:55:00,307.85,308.52,307.78,308.39,71567
2026-07-27 11:56:00,308.3831,308.95,308.33,308.875,63640
2026-07-27 11:57:00,308.8301,309.23,308.73,308.79,102979
2026-07-27 11:58:00,308.78,308.79,308.37,308.5697,54330
2026-07-27 11:59:00,308.58,308.9499,308.52,308.7399,46157
2026-07-27 12:00:00,308.77,309.05,308.6,308.7599,38688
2026-07-27 12:01:00,308.765,308.94,308.61,308.74,47126
2026-07-27 12:02:00,308.72,308.97,308.6,308.636,48586
2026-07-27 12:03:00,308.65,308.8885,308.64,308.73,34809
2026-07-27 12:04:00,308.745,308.96,308.66,308.94,46361
2026-07-27 12:05:00,308.94,309.3499,308.94,309.025,68452
2026-07-27 12:06:00,309.1,309.11,308.55,308.74,55652
2026-07-27 12:07:00,308.77,309.09,308.6101,308.92,31670
2026-07-27 12:08:00,308.91,309.31,308.82,309.2,41211
2026-07-27 12:09:00,309.185,309.28,308.9,309.16,46922
2026-07-27 12:10:00,309.17,309.8,309.17,309.76,101176
2026-07-27 12:11:00,309.73,309.89,309.36,309.795,86030
2026-07-27 12:12:00,309.77,310.09,309.61,309.785,74349
2026-07-27 12:13:00,309.7681,309.86,309.0,309.0,81424
2026-07-27 12:14:00,309.0599,309.13,308.6,308.7,65308
2026-07-27 12:15:00,308.72,308.9682,308.6,308.715,58837
2026-07-27 12:16:00,308.67,308.72,307.9187,308.08,89592
2026-07-27 12:17:00,308.14,308.45,308.06,308.33,80236
2026-07-27 12:18:00,308.33,308.45,308.1,308.3,62134
2026-07-27 12:19:00,308.3,308.3585,307.95,308.045,49129
2026-07-27 12:20:00,308.05,308.43,307.82,308.38,60653
2026-07-27 12:21:00,308.37,308.48,307.88,307.93,71468
2026-07-27 12:22:00,307.92,307.97,307.34,307.875,105368
2026-07-27 12:23:00,307.88,308.34,307.7201,308.3,74980
2026-07-27 12:24:00,308.37,308.87,308.32,308.87,59364
2026-07-27 12:25:00,308.84,310.32,308.8,310.22,178694
2026-07-27 12:26:00,310.22,310.452,309.6401,309.785,61867
2026-07-27 12:27:00,309.7828,309.88,309.2001,309.68,104703
2026-07-27 12:28:00,309.6862,310.288,309.665,309.675,76449
2026-07-27 12:29:00,309.63,309.77,309.29,309.4,123345
2026-07-27 12:30:00,309.35,309.7999,309.28,309.67,69468
2026-07-27 12:31:00,309.67,310.3374,309.67,310.105,97661
2026-07-27 12:32:00,310.105,310.19,309.71,309.79,81984
2026-07-27 12:33:00,309.8,309.8,309.3705,309.56,48340
2026-07-27 12:34:00,309.56,309.76,309.34,309.59,48653
2026-07-27 12:35:00,309.575,309.69,309.35,309.42,28852
2026-07-27 12:36:00,309.3905,309.69,308.9003,309.69,108615
2026-07-27 12:37:00,309.655,310.0,309.3,309.3,64562
2026-07-27 12:38:00,309.3,309.495,309.25,309.37,36288
2026-07-27 12:39:00,309.3346,309.345,308.9,309.05,34789
2026-07-27 12:40:00,309.05,309.115,308.75,308.94,45831
2026-07-27 12:41:00,308.935,308.94,308.56,308.685,64186
2026-07-27 12:42:00,308.67,308.67,308.26,308.37,75365
2026-07-27 12:43:00,308.39,308.57,308.3,308.335,53912
2026-07-27 12:44:00,308.3,308.47,308.03,308.3685,51977
2026-07-27 12:45:00,308.355,308.415,308.1,308.2001,39645
2026-07-27 12:46:00,308.25,308.42,308.2,308.32,27619
2026-07-27 12:47:00,308.31,308.63,308.29,308.38,60553
2026-07-27 12:48:00,308.4699,308.5,307.9,308.01,74642
2026-07-27 12:49:00,307.97,307.98,307.7301,307.765,66328
2026-07-27 12:50:00,307.7951,307.7951,307.4,307.4499,59306
2026-07-27 12:51:00,307.4244,307.9589,307.3,307.71,145688
2026-07-27 12:52:00,307.695,307.8999,307.3125,307.8,90293
2026-07-27 12:53:00,307.76,307.76,307.5,307.53,22990
2026-07-27 12:54:00,307.6,307.73,307.4201,307.57,56354
2026-07-27 12:55:00,307.61,307.61,307.25,307.4605,45102
2026-07-27 12:56:00,307.45,307.99,307.45,307.91,33305
2026-07-27 12:57:00,307.99,308.07,307.75,307.995,42361
2026-07-27 12:58:00,307.9501,308.0399,307.66,307.6609,33131
2026-07-27 12:59:00,307.69,307.8,307.4701,307.77,109535
2026-07-27 13:00:00,307.7401,307.9186,307.55,307.78,40040
2026-07-27 13:01:00,307.77,307.94,307.2501,307.365,38275
2026-07-27 13:02:00,307.33,307.98,307.02,307.155,99229
2026-07-27 13:03:00,307.1001,307.2199,306.9,307.2199,110695
2026-07-27 13:04:00,307.19,307.27,306.89,307.0115,64097
2026-07-27 13:05:00,306.96,306.96,306.72,306.76,42493
2026-07-27 13:06:00,306.75,307.31,306.7,307.29,65281
2026-07-27 13:07:00,307.25,307.6,307.13,307.54,34273
2026-07-27 13:08:00,307.575,307.635,307.1708,307.23,46761
2026-07-27 13:09:00,307.225,307.38,307.13,307.19,38227
2026-07-27 13:10:00,307.1905,307.43,307.0401,307.405,32509
2026-07-27 13:11:00,307.37,307.42,306.99,307.06,53242
2026-07-27 13:12:00,307.053,307.44,306.91,307.365,54075
2026-07-27 13:13:00,307.37,307.6,307.2401,307.31,29968
2026-07-27 13:14:00,307.36,307.44,307.17,307.2201,25094
2026-07-27 13:15:00,307.245,307.38,307.14,307.35,34550
2026-07-27 13:16:00,307.315,307.3843,307.1501,307.24,28938
2026-07-27 13:17:00,307.2219,307.3399,306.98,307.075,41598
2026-07-27 13:18:00,307.075,307.1699,306.94,307.135,64392
2026-07-27 13:19:00,307.1,307.24,306.95,307.04,87702
2026-07-27 13:20:00,307.01,307.77,307.0,307.7,102076
2026-07-27 13:21:00,307.6776,307.86,307.6001,307.63,59285
2026-07-27 13:22:00,307.59,307.65,307.3629,307.43,47200
2026-07-27 13:23:00,307.46,307.5,307.14,307.325,45309
2026-07-27 13:24:00,307.325,307.57,307.22,307.55,47525
2026-07-27 13:25:00,307.5398,307.71,307.52,307.67,30334
2026-07-27 13:26:00,307.61,307.79,307.4715,307.6621,26480
2026-07-27 13:27:00,307.64,307.8,307.37,307.37,33548
2026-07-27 13:28:00,307.48,307.73,307.43,307.565,47001
2026-07-27 13:29:00,307.54,307.6191,307.35,307.39,22226
2026-07-27 13:30:00,307.39,307.49,307.22,307.4,42091
2026-07-27 13:31:00,307.4,307.6,307.38,307.465,30708
2026-07-27 13:32:00,307.48,308.09,307.475,308.07,55675
2026-07-27 13:33:00,308.07,308.26,308.0001,308.21,58459
2026-07-27 13:34:00,308.17,308.29,307.8605,308.0,79042
2026-07-27 13:35:00,307.98,308.0579,307.73,307.83,35881
2026-07-27 13:36:00,307.7814,308.16,307.69,307.9101,91610
2026-07-27 13:37:00,307.9677,308.04,307.77,307.77,40166
2026-07-27 13:38:00,307.825,308.28,307.7701,308.135,35297
2026-07-27 13:39:00,308.1,308.16,307.82,307.92,49840
2026-07-27 13:40:00,307.9,307.9699,307.78,307.88,23957
2026-07-27 13:41:00,307.8301,308.18,307.83,308.1172,38234
2026-07-27 13:42:00,308.1799,308.32,307.9801,308.04,49304
2026-07-27 13:43:00,308.01,308.19,307.92,308.16,24348
2026-07-27 13:44:00,308.15,308.44,308.1,308.39,34616
2026-07-27 13:45:00,308.42,308.56,308.19,308.218,56196
2026-07-27 13:46:00,308.235,308.67,308.05,308.1884,71292
2026-07-27 13:47:00,308.22,308.31,308.05,308.135,57606
2026-07-27 13:48:00,308.135,308.29,307.85,307.885,44919
2026-07-27 13:49:00,307.885,308.0,307.6,307.635,38092
2026-07-27 13:50:00,307.6,307.97,307.49,307.695,58951
2026-07-27 13:51:00,307.695,307.76,307.475,307.59,52029
2026-07-27 13:52:00,307.64,307.76,307.575,307.76,26973
2026-07-27 13:53:00,307.72,307.79,307.54,307.71,32520
2026-07-27 13:54:00,307.77,308.13,307.77,308.1293,53834
2026-07-27 13:55:00,308.09,308.25,307.56,307.78,113000
2026-07-27 13:56:00,307.7404,308.22,307.721,308.15,55181
2026-07-27 13:57:00,308.19,308.5274,308.19,308.37,50432
2026-07-27 13:58:00,308.35,308.46,308.3,308.38,37737
2026-07-27 13:59:00,308.37,308.55,308.35,308.44,26476
2026-07-27 14:00:00,308.44,308.78,308.3692,308.49,69641
2026-07-27 14:01:00,308.495,308.79,308.48,308.4898,72170
2026-07-27 14:02:00,308.47,308.66,308.29,308.4644,40000
2026-07-27 14:03:00,308.4359,308.59,308.23,308.495,47609
2026-07-27 14:04:00,308.44,308.445,307.3,307.33,91738
2026-07-27 14:05:00,307.35,307.47,307.12,307.41,97306
2026-07-27 14:06:00,307.4,307.63,307.281,307.33,40784
2026-07-27 14:07:00,307.305,307.45,307.1,307.1001,37409
2026-07-27 14:08:00,307.1016,307.37,307.03,307.26,48891
2026-07-27 14:09:00,307.27,307.343,307.22,307.305,30448
2026-07-27 14:10:00,307.29,307.6686,307.285,307.495,60036
2026-07-27 14:11:00,307.48,307.66,307.41,307.43,66727
2026-07-27 14:12:00,307.435,307.61,307.32,307.375,49647
2026-07-27 14:13:00,307.375,307.43,307.06,307.19,48317
2026-07-27 14:14:00,307.19,307.34,307.11,307.155,41786
2026-07-27 14:15:00,307.1221,307.21,306.44,306.47,130076
2026-07-27 14:16:00,306.47,306.5,306.1001,306.215,115733
2026-07-27 14:17:00,306.25,306.25,306.0,306.07,81741
2026-07-27 14:18:00,306.07,306.17,305.9301,306.13,77428
2026-07-27 14:19:00,306.11,306.15,305.8135,305.9099,76854
2026-07-27 14:20:00,305.86,306.1999,305.82,306.0,72530
2026-07-27 14:21:00,306.005,306.0599,305.8099,305.98,69232
2026-07-27 14:22:00,305.97,305.9856,305.56,305.65,78169
2026-07-27 14:23:00,305.64,305.99,305.6112,305.64,94170
2026-07-27 14:24:00,305.64,305.99,305.54,305.905,97419
2026-07-27 14:25:00,305.905,306.1401,305.86,305.94,95743
2026-07-27 14:26:00,305.98,306.29,305.94,306.01,82794
2026-07-27 14:27:00,306.03,306.5,306.01,306.31,71532
2026-07-27 14:28:00,306.34,306.6999,306.32,306.4685,66405
2026-07-27 14:29:00,306.49,306.64,306.3149,306.5,52374
2026-07-27 14:30:00,306.44,306.55,306.11,306.195,70603
2026-07-27 14:31:00,306.19,306.37,306.05,306.07,43078
2026-07-27 14:32:00,306.07,306.15,305.92,305.98,90450
2026-07-27 14:33:00,306.0151,306.19,305.95,306.01,49439
2026-07-27 14:34:00,306.01,306.133,305.77,305.84,56436
2026-07-27 14:35:00,305.87,305.96,305.55,305.91,70380
2026-07-27 14:36:00,305.905,306.16,305.7901,306.0496,51963
2026-07-27 14:37:00,306.025,306.1299,305.8,305.95,45669
2026-07-27 14:38:00,305.935,306.01,305.7005,305.755,33147
2026-07-27 14:39:00,305.71,305.7899,305.44,305.64,80311
2026-07-27 14:40:00,305.6899,305.72,305.47,305.67,35124
2026-07-27 14:41:00,305.725,306.75,305.64,306.42,209772
2026-07-27 14:42:00,306.42,306.59,306.22,306.39,67027
2026-07-27 14:43:00,306.34,306.59,306.1,306.57,41456
2026-07-27 14:44:00,306.535,306.57,306.27,306.39,39672
2026-07-27 14:45:00,306.3701,306.6499,306.33,306.425,56033
2026-07-27 14:46:00,306.41,306.59,306.27,306.29,71392
2026-07-27 14:47:00,306.28,306.3199,306.11,306.255,43066
2026-07-27 14:48:00,306.255,306.4,306.04,306.34,47653
2026-07-27 14:49:00,306.34,306.3699,306.03,306.03,46038
2026-07-27 14:50:00,306.03,306.16,305.92,306.16,66216
2026-07-27 14:51:00,306.17,306.54,306.09,306.435,42455
2026-07-27 14:52:00,306.39,307.15,306.38,307.06,119828
2026-07-27 14:53:00,307.02,307.2995,306.97,307.27,67769
2026-07-27 14:54:00,307.27,307.27,307.02,307.1201,45904
2026-07-27 14:55:00,307.1201,307.58,307.1201,307.51,72562
2026-07-27 14:56:00,307.4938,307.7262,307.45,307.58,61484
2026-07-27 14:57:00,307.575,307.67,307.3901,307.58,54695
2026-07-27 14:58:00,307.592,307.615,307.3118,307.54,57391
2026-07-27 14:59:00,307.579,307.73,307.51,307.63,54879
2026-07-27 15:00:00,307.66,307.74,307.44,307.58,51111
2026-07-27 15:01:00,307.56,307.63,307.39,307.51,83964
2026-07-27 15:02:00,307.49,307.89,307.48,307.615,53011
2026-07-27 15:03:00,307.635,308.05,307.56,307.8099,65611
2026-07-27 15:04:00,307.8,307.81,307.12,307.24,59487
2026-07-27 15:05:00,307.2038,307.555,307.2,307.49,45775
2026-07-27 15:06:00,307.41,307.68,307.33,307.635,30474
2026-07-27 15:07:00,307.635,308.18,307.57,307.8767,57898
2026-07-27 15:08:00,307.9095,307.9099,307.45,307.45,47427
2026-07-27 15:09:00,307.45,308.02,307.41,307.92,361929
2026-07-27 15:10:00,307.92,308.297,307.8803,308.28,72794
2026-07-27 15:11:00,308.2701,308.2999,308.04,308.23,250692
2026-07-27 15:12:00,308.26,308.4872,308.1401,308.165,67858
2026-07-27 15:13:00,308.13,308.16,307.99,308.02,65985
2026-07-27 15:14:00,308.025,308.165,308.0,308.065,44312
2026-07-27 15:15:00,308.11,308.38,308.1,308.23,72311
2026-07-27 15:16:00,308.235,308.35,307.85,308.115,85779
2026-07-27 15:17:00,308.115,308.23,307.9701,308.215,61641
2026-07-27 15:18:00,308.215,308.39,308.1,308.12,91283
2026-07-27 15:19:00,308.12,308.18,307.9,308.12,53417
2026-07-27 15:20:00,308.135,308.26,308.0901,308.19,44318
2026-07-27 15:21:00,308.205,308.205,307.88,307.93,42044
2026-07-27 15:22:00,307.9599,308.2199,307.87,308.1,42808
2026-07-27 15:23:00,308.145,308.3,308.09,308.1,37193
2026-07-27 15:24:00,308.115,308.3799,308.115,308.35,41380
2026-07-27 15:25:00,308.345,308.6,308.32,308.52,82861
2026-07-27 15:26:00,308.54,308.69,308.48,308.64,41480
2026-07-27 15:27:00,308.645,308.729,308.501,308.605,52001
2026-07-27 15:28:00,308.59,308.65,308.33,308.355,50271
2026-07-27 15:29:00,308.355,308.5199,308.22,308.335,47670
2026-07-27 15:30:00,308.32,308.66,308.28,308.6499,75785
2026-07-27 15:31:00,308.6999,308.9757,308.63,308.9299,61804
2026-07-27 15:32:00,308.9049,308.98,308.75,308.875,69124
2026-07-27 15:33:00,308.91,309.1795,308.76,309.14,71018
2026-07-27 15:34:00,309.12,309.125,308.79,308.8101,56233
2026-07-27 15:35:00,308.81,309.03,308.6801,308.95,92317
2026-07-27 15:36:00,308.9595,308.99,308.6601,308.68,156977
2026-07-27 15:37:00,308.6699,308.7,308.08,308.2699,88298
2026-07-27 15:38:00,308.225,308.32,307.94,308.31,91207
2026-07-27 15:39:00,308.31,308.34,307.8,307.825,63395
2026-07-27 15:40:00,307.87,308.4,307.65,308.4,242949
2026-07-27 15:41:00,308.41,308.58,308.2906,308.55,120643
2026-07-27 15:42:00,308.58,308.65,308.4,308.435,58036
2026-07-27 15:43:00,308.415,308.7699,308.3301,308.555,69467
2026-07-27 15:44:00,308.55,308.76,308.53,308.68,63045
2026-07-27 15:45:00,308.66,308.96,308.45,308.71,104459
2026-07-27 15:46:00,308.715,308.93,308.68,308.7801,51291
2026-07-27 15:47:00,308.8,308.93,308.641,308.69,68889
2026-07-27 15:48:00,308.63,308.63,308.3088,308.5,67445
2026-07-27 15:49:00,308.51,308.78,308.34,308.74,63229
2026-07-27 15:50:00,308.66,308.9157,308.23,308.785,160590
2026-07-27 15:51:00,308.795,308.8499,308.24,308.415,109222
2026-07-27 15:52:00,308.44,308.5,308.16,308.47,132022
2026-07-27 15:53:00,308.49,308.62,307.87,307.93,166058
2026-07-27 15:54:00,307.85,307.99,307.34,307.63,203652
2026-07-27 15:55:00,307.64,308.32,307.5,308.0508,202629
2026-07-27 15:56:00,308.065,308.49,308.03,308.45,123666
2026-07-27 15:57:00,308.45,308.79,308.36,308.58,242207
2026-07-27 15:58:00,308.58,308.92,308.5511,308.6,233644
2026-07-27 15:59:00,308.58,309.34,308.52,309.24,703870
2026-07-27 16:00:00,309.23,310.0,308.38,309.88,1485147
2026-07-27 16:01:00,309.7189,320.8556,309.23,309.87,0
2026-07-27 16:02:00,309.88,310.0,309.22,309.5401,0
2026-07-27 16:03:00,309.6239,309.65,309.3563,309.65,0
2026-07-27 16:04:00,309.58,309.79,309.22,309.71,0
2026-07-27 16:05:00,309.6503,309.8,309.42,309.5,0
2026-07-27 16:06:00,309.42,309.59,309.22,309.578,0
2026-07-27 16:07:00,309.55,309.6,309.23,309.4338,0
2026-07-27 16:08:00,309.45,309.5,309.33,309.49,0
2026-07-27 16:09:00,309.49,309.5,309.4,309.4614,0
2026-07-27 16:10:00,309.47,309.62,309.22,309.5556,0
2026-07-27 16:11:00,309.561,309.5698,309.24,309.4626,0
2026-07-27 16:12:00,309.37,309.38,309.24,309.3637,0
2026-07-27 16:13:00,309.38,309.5,309.22,309.38,0
2026-07-27 16:14:00,309.3601,309.43,309.33,309.38,0
2026-07-27 16:15:00,309.22,309.4814,309.22,309.43,0
2026-07-27 16:16:00,309.45,309.45,309.38,309.44,0
2026-07-27 16:17:00,309.45,309.48,309.44,309.44,0
2026-07-27 16:18:00,309.4977,309.5375,309.44,309.48,0
2026-07-27 16:19:00,309.4881,309.5,309.45,309.48,0
2026-07-27 16:20:00,309.4577,309.5,309.44,309.44,0
2026-07-27 16:21:00,309.46,309.5,309.38,309.44,0
2026-07-27 16:22:00,309.3639,309.39,309.0037,309.25,0
2026-07-27 16:23:00,309.3,309.38,309.2377,309.3332,0
2026-07-27 16:24:00,309.38,309.3982,309.25,309.3,0
2026-07-27 16:25:00,309.33,309.33,309.27,309.31,0
2026-07-27 16:26:00,309.2771,309.38,309.27,309.31,0
2026-07-27 16:27:00,309.3258,309.39,309.27,309.3,0
2026-07-27 16:28:00,309.33,309.5,309.28,309.4575,0
2026-07-27 16:29:00,309.34,309.5,309.34,309.45,0
2026-07-27 16:30:00,309.48,309.5,309.3912,309.45,0
2026-07-27 16:31:00,309.5,309.57,309.4525,309.5614,0
2026-07-27 16:32:00,309.58,309.75,309.51,309.7,0
2026-07-27 16:33:00,309.62,309.62,309.5,309.5896,0
2026-07-27 16:34:00,309.5831,309.6,309.5025,309.5841,0
2026-07-27 16:35:00,309.6,309.75,309.6,309.6217,0
2026-07-27 16:36:00,309.6201,309.72,309.55,309.6768,0
2026-07-27 16:37:00,309.57,309.71,309.57,309.695,0
2026-07-27 16:38:00,309.67,309.93,309.63,309.7,0
2026-07-27 16:39:00,309.7,309.9,309.7,309.82,0
2026-07-27 16:40:00,309.82,309.85,309.5816,309.604,0
2026-07-27 16:41:00,309.72,309.82,309.22,309.68,0
2026-07-27 16:42:00,309.693,309.7,309.6,309.7,0
2026-07-27 16:43:00,309.75,309.8,309.6342,309.69,0
2026-07-27 16:44:00,309.68,309.7,309.5,309.6,0
2026-07-27 16:45:00,309.6,309.7,309.55,309.5999,0
2026-07-27 16:46:00,309.54,309.6,309.5,309.58,0
2026-07-27 16:47:00,309.578,309.58,309.5,309.55,0
2026-07-27 16:48:00,309.52,309.62,309.5,309.5513,0
2026-07-27 16:49:00,309.53,309.72,309.45,309.508,0
2026-07-27 16:50:00,309.5092,309.53,309.3,309.44,0
2026-07-27 16:51:00,309.31,309.49,309.23,309.4702,0
2026-07-27 16:52:00,309.2587,309.46,309.22,309.28,0
2026-07-27 16:53:00,309.26,309.42,309.26,309.42,0
2026-07-27 16:54:00,309.2712,309.41,309.2,309.293,0
2026-07-27 16:55:00,309.3,309.3,309.23,309.2928,0
2026-07-27 16:56:00,309.29,309.3,309.2408,309.2749,0
2026-07-27 16:57:00,309.27,309.3,309.23,309.2393,0
2026-07-27 16:58:00,309.27,309.29,309.23,309.2898,0
2026-07-27 16:59:00,309.267,309.29,309.22,309.29,0
2026-07-27 17:00:00,309.25,309.3,309.23,309.2317,0
2026-07-27 17:01:00,309.29,309.3,309.24,309.29,0
2026-07-27 17:02:00,309.3,309.3,309.24,309.25,0
2026-07-27 17:03:00,309.2808,309.29,309.25,309.2698,0
2026-07-27 17:04:00,309.27,309.3,309.26,309.2992,0
2026-07-27 17:05:00,309.2997,309.5,309.2997,309.4981,0
2026-07-27 17:06:00,309.4778,309.49,295.1304,309.4867,0
2026-07-27 17:07:00,309.41,309.5,309.41,309.4847,0
2026-07-27 17:08:00,309.41,313.2122,295.1304,309.41,0
2026-07-27 17:09:00,309.44,309.66,309.42,309.6,0
2026-07-27 17:10:00,309.6,309.686,309.45,309.45,0
2026-07-27 17:11:00,309.4946,309.5,309.4025,309.45,0
2026-07-27 17:12:00,309.45,309.5,309.44,309.45,0
2026-07-27 17:13:00,309.4992,309.5,309.45,309.4902,0
2026-07-27 17:14:00,309.5,309.5,309.44,309.49,0
2026-07-27 17:15:00,309.49,309.4985,309.274,309.45,0
2026-07-27 17:16:00,309.45,313.2122,309.3002,309.3217,0
2026-07-27 17:17:00,309.3198,309.45,309.3,309.3,0
2026-07-27 17:18:00,309.3416,309.4,309.22,309.2799,0
2026-07-27 17:19:00,309.2707,309.28,309.22,309.2793,0
2026-07-27 17:20:00,309.25,309.26,309.2,309.21,0
2026-07-27 17:21:00,309.21,309.21,308.92,308.95,0
2026-07-27 17:22:00,308.9487,309.6,308.5286,308.6202,0
2026-07-27 17:23:00,308.58,308.62,308.51,308.6181,0
2026-07-27 17:24:00,308.58,308.63,308.56,308.562,0
2026-07-27 17:25:00,308.6219,308.63,308.55,308.62,0
2026-07-27 17:26:00,308.63,308.63,308.55,308.5993,0
2026-07-27 17:27:00,308.59,308.6278,308.58,308.6278,0
2026-07-27 17:28:00,308.62,308.63,308.6,308.6,0
2026-07-27 17:29:00,308.625,308.63,308.62,308.62,0
2026-07-27 17:30:00,308.58,308.63,308.5715,308.62,0
2026-07-27 17:31:00,309.3,309.3,308.5957,308.6231,0
2026-07-27 17:32:00,308.58,308.63,308.58,308.62,0
2026-07-27 17:33:00,308.629,308.63,308.59,308.627,0
2026-07-27 17:34:00,308.6194,308.62,308.6,308.61,0
2026-07-27 17:35:00,308.6192,308.63,308.619,308.6202,0
2026-07-27 17:36:00,308.6293,308.63,308.62,308.6292,0
2026-07-27 17:37:00,308.6273,308.63,308.62,308.6297,0
2026-07-27 17:38:00,308.63,308.63,308.619,308.6298,0
2026-07-27 17:39:00,308.6282,308.97,308.6208,308.88,0
2026-07-27 17:40:00,308.919,308.97,308.7,308.7,0
2026-07-27 17:41:00,308.66,308.97,308.66,308.95,0
2026-07-27 17:42:00,308.97,308.97,308.8,308.9219,0
2026-07-27 17:43:00,308.96,308.97,308.8,308.92,0
2026-07-27 17:44:00,308.9272,308.97,308.85,308.88,0
2026-07-27 17:45:00,308.85,308.97,308.85,308.97,0
2026-07-27 17:46:00,308.9517,308.9517,308.85,308.8771,0
2026-07-27 17:47:00,308.86,308.9,308.85,308.8703,0
2026-07-27 17:48:00,308.88,308.96,308.85,308.9429,0
2026-07-27 17:49:00,308.9551,308.97,308.86,308.95,0
2026-07-27 17:50:00,308.9427,308.97,308.85,308.93,0
2026-07-27 17:51:00,308.8613,308.9389,308.85,308.86,0
2026-07-27 17:52:00,308.85,308.94,308.85,308.9,0
2026-07-27 17:53:00,308.86,308.9276,308.85,308.85,0
2026-07-27 17:54:00,308.82,308.872,308.7,308.717,0
2026-07-27 17:55:00,308.7953,308.97,308.7001,308.9,0
2026-07-27 17:56:00,308.9082,308.97,308.9,308.97,0
2026-07-27 17:57:00,308.96,308.97,308.9,308.9,0
2026-07-27 17:58:00,308.9507,308.96,308.9,308.9,0
2026-07-27 17:59:00,308.96,308.96,308.9,308.91,0
2026-07-27 18:00:00,308.95,308.97,308.9016,308.9016,0
2026-07-27 18:01:00,308.95,308.97,308.85,308.9558,0
2026-07-27 18:02:00,308.91,308.97,308.85,308.86,0
2026-07-27 18:03:00,308.89,308.91,308.715,308.9,0
2026-07-27 18:04:00,308.9,308.9,308.782,308.81,0
2026-07-27 18:05:00,308.81,308.83,308.5,308.54,0
2026-07-27 18:06:00,308.576,308.7,308.5,308.54,0
2026-07-27 18:07:00,308.55,308.74,308.53,308.74,0
2026-07-27 18:08:00,308.6,308.74,308.56,308.62,0
2026-07-27 18:09:00,308.62,308.62,308.5,308.6,0
2026-07-27 18:10:00,308.5861,308.6,308.5,308.5,0
2026-07-27 18:11:00,308.54,308.6,308.5,308.6,0
2026-07-27 18:12:00,308.56,308.6,308.5,308.6,0
2026-07-27 18:13:00,308.56,308.6,308.4,308.4,0
2026-07-27 18:14:00,308.4075,308.5,308.2,308.2,0
2026-07-27 18:15:00,308.43,308.43,308.2,308.3,0
2026-07-27 18:16:00,308.2599,308.3,308.105,308.105,0
2026-07-27 18:17:00,308.18,308.43,308.17,308.35,0
2026-07-27 18:18:00,308.35,308.42,308.14,308.35,0
2026-07-27 18:19:00,308.1803,308.3488,308.14,308.1514,0
2026-07-27 18:20:00,308.2,308.34,308.15,308.16,0
2026-07-27 18:21:00,308.16,308.4,308.16,308.2655,0
2026-07-27 18:22:00,308.3628,308.4,308.2,308.22,0
2026-07-27 18:23:00,308.369,308.4,308.2,308.4,0
2026-07-27 18:24:00,308.4,308.43,308.22,308.22,0
2026-07-27 18:25:00,308.3,308.38,308.06,308.22,0
2026-07-27 18:26:00,308.2,308.2,308.067,308.0956,0
2026-07-27 18:27:00,308.1,308.2,308.02,308.02,0
2026-07-27 18:28:00,308.01,308.1,308.0,308.07,0
2026-07-27 18:29:00,308.0275,308.0499,307.831,307.94,0
2026-07-27 18:30:00,307.9,308.0,307.8,308.0,0
2026-07-27 18:31:00,308.0,308.1788,307.95,308.1,0
2026-07-27 18:32:00,308.1,308.28,308.0001,308.25,0
2026-07-27 18:33:00,308.2,308.28,308.2,308.27,0
2026-07-27 18:34:00,308.27,308.27,308.09,308.096,0
2026-07-27 18:35:00,308.17,308.1982,308.08,308.1982,0
2026-07-27 18:36:00,308.2,308.25,308.16,308.2419,0
2026-07-27 18:37:00,308.21,308.25,308.08,308.21,0
2026-07-27 18:38:00,308.09,308.25,308.09,308.1,0
2026-07-27 18:39:00,308.2,308.25,308.09,308.2345,0
2026-07-27 18:40:00,308.2167,308.25,308.05,308.0602,0
2026-07-27 18:41:00,308.1,308.1,307.88,307.9654,0
2026-07-27 18:42:00,307.9107,308.09,307.91,308.057,0
2026-07-27 18:43:00,308.0,308.08,308.0,308.06,0
2026-07-27 18:44:00,308.06,308.08,308.0,308.05,0
2026-07-27 18:45:00,308.03,308.07,307.96,308.0,0
2026-07-27 18:46:00,307.98,308.0,307.89,307.89,0
2026-07-27 18:47:00,307.9591,308.0,307.88,307.93,0
2026-07-27 18:48:00,307.93,308.08,307.93,308.05,0
2026-07-27 18:49:00,308.05,308.08,307.9,308.02,0
2026-07-27 18:50:00,307.9933,308.0521,307.9,308.02,0
2026-07-27 18:51:00,307.9893,308.08,307.92,308.08,0
2026-07-27 18:52:00,308.0599,308.08,308.004,308.07,0
2026-07-27 18:53:00,308.02,308.1,308.0,308.02,0
2026-07-27 18:54:00,308.01,308.1,308.0,308.0092,0
2026-07-27 18:55:00,308.0,308.01,307.91,307.96,0
2026-07-27 18:56:00,307.9766,307.9785,307.94,307.95,0
2026-07-27 18:57:00,307.95,307.98,307.78,307.78,0
2026-07-27 18:58:00,307.8299,307.85,307.63,307.8,0
2026-07-27 18:59:00,307.71,307.85,307.7,307.8308,0
2026-07-27 19:00:00,307.8297,307.87,307.7576,307.8356,0
2026-07-27 19:01:00,307.849,307.85,307.52,307.52,0
2026-07-27 19:02:00,307.52,307.6,307.42,307.42,0
2026-07-27 19:03:00,307.42,307.49,307.37,307.41,0
2026-07-27 19:04:00,307.443,307.518,307.3517,307.518,0
2026-07-27 19:05:00,307.44,307.98,307.41,307.9367,0
2026-07-27 19:06:00,307.7353,307.94,307.6488,307.94,0
2026-07-27 19:07:00,307.84,307.98,307.67,307.8,0
2026-07-27 19:08:00,307.9,307.93,307.69,307.69,0
2026-07-27 19:09:00,307.72,307.86,307.57,307.66,0
2026-07-27 19:10:00,307.57,307.7,307.5196,307.58,0
2026-07-27 19:11:00,307.53,307.6,307.41,307.5729,0
2026-07-27 19:12:00,307.54,307.6,307.41,307.6,0
2026-07-27 19:13:00,307.45,307.72,307.45,307.58,0
2026-07-27 19:14:00,307.52,307.72,307.52,307.7,0
2026-07-27 19:15:00,307.64,307.7,307.5,307.51,0
2026-07-27 19:16:00,307.5,307.63,307.44,307.4877,0
2026-07-27 19:17:00,307.4139,307.7,307.35,307.61,0
2026-07-27 19:18:00,307.7,307.88,307.51,307.82,0
2026-07-27 19:19:00,307.86,307.86,307.6,307.7519,0
2026-07-27 19:20:00,307.7214,308.08,307.65,307.9,0
2026-07-27 19:21:00,307.99,308.0,307.9,307.93,0
2026-07-27 19:22:00,307.99,308.1,307.95,308.0697,0
2026-07-27 19:23:00,308.02,308.07,308.0,308.0494,0
2026-07-27 19:24:00,308.0006,308.25,308.0,308.16,0
2026-07-27 19:25:00,308.1784,308.25,308.1035,308.2,0
2026-07-27 19:26:00,308.22,308.22,308.15,308.18,0
2026-07-27 19:27:00,308.1777,308.1777,308.01,308.0427,0
2026-07-27 19:28:00,308.0487,308.2,308.01,308.1962,0
2026-07-27 19:29:00,308.1622,308.2471,308.1,308.2471,0
2026-07-27 19:30:00,308.2461,308.26,308.19,308.24,0
2026-07-27 19:31:00,308.25,308.25,308.1,308.1,0
2026-07-27 19:32:00,308.19,308.19,308.1,308.1456,0
2026-07-27 19:33:00,308.06,308.15,308.06,308.13,0
2026-07-27 19:34:00,308.11,308.13,308.05,308.05,0
2026-07-27 19:35:00,308.12,308.12,308.0,308.01,0
2026-07-27 19:36:00,308.0,308.12,308.0,308.1,0
2026-07-27 19:37:00,308.07,308.1,307.89,308.09,0
2026-07-27 19:38:00,308.0569,308.096,307.9,307.9502,0
2026-07-27 19:39:00,307.9412,308.1,307.9412,308.07,0
2026-07-27 19:40:00,307.99,308.1,307.83,307.83,0
2026-07-27 19:41:00,307.8487,308.0,307.81,307.87,0
2026-07-27 19:42:00,307.81,307.9,307.81,307.8445,0
2026-07-27 19:43:00,307.8385,307.85,307.65,307.8,0
2026-07-27 19:44:00,307.681,307.8239,307.65,307.69,0
2026-07-27 19:45:00,307.6842,307.8,307.6001,307.6001,0
2026-07-27 19:46:00,307.71,307.8,307.5,307.62,0
2026-07-27 19:47:00,307.5,307.62,307.35,307.5,0
2026-07-27 19:48:00,307.5,307.71,307.3732,307.49,0
2026-07-27 19:49:00,307.4768,307.5,307.35,307.42,0
2026-07-27 19:50:00,307.61,307.71,307.45,307.6697,0
2026-07-27 19:51:00,307.71,308.1,307.5,308.0,0
2026-07-27 19:52:00,307.99,308.1,307.66,308.0,0
2026-07-27 19:53:00,308.0452,308.06,307.6,308.0,0
2026-07-27 19:54:00,308.0,308.06,307.83,308.05,0
2026-07-27 19:55:00,307.872,308.0,307.714,307.9,0
2026-07-27 19:56:00,307.9,308.0,307.9,307.9999,0
2026-07-27 19:57:00,307.95,307.99,307.7692,307.92,0
2026-07-27 19:58:00,307.95,308.05,307.95,308.0,0
2026-07-27 19:59:00,308.0475,308.1,308.01,308.1,0
2026-07-28 04:00:00,304.97,309.22,302.9,304.6022,0
2026-07-28 04:01:00,304.56,305.18,302.89,304.49,0
2026-07-28 04:02:00,304.34,305.0,304.32,305.0,0
2026-07-28 04:03:00,304.99,305.0,304.56,304.995,0
2026-07-28 04:04:00,304.8144,304.88,304.6,304.78,0
2026-07-28 04:05:00,304.7757,304.89,302.91,304.61,0
2026-07-28 04:06:00,304.32,304.61,304.32,304.54,0
2026-07-28 04:07:00,304.52,304.58,304.15,304.3,0
2026-07-28 04:08:00,304.2,304.45,304.1,304.29,0
2026-07-28 04:09:00,304.3425,304.3425,304.05,304.1,0
2026-07-28 04:10:00,304.09,304.09,303.9,304.01,0
2026-07-28 04:11:00,304.07,304.1,303.9,303.97,0
2026-07-28 04:12:00,304.0,304.0843,303.6,303.76,0
2026-07-28 04:13:00,303.8,303.98,303.65,303.88,0
2026-07-28 04:14:00,303.96,304.0,303.63,303.6687,0
2026-07-28 04:15:00,303.68,304.28,303.6656,304.17,0
2026-07-28 04:16:00,304.35,304.55,304.0222,304.55,0
2026-07-28 04:17:00,304.5026,304.88,304.5,304.84,0
2026-07-28 04:18:00,304.67,304.9896,304.65,304.71,0
2026-07-28 04:19:00,304.7033,305.1888,304.7033,305.11,0
2026-07-28 04:20:00,305.28,305.3732,304.97,305.1,0
2026-07-28 04:21:00,305.1819,305.3597,305.12,305.19,0
2026-07-28 04:22:00,305.12,305.3637,305.12,305.2,0
2026-07-28 04:23:00,305.05,305.5,305.0,305.38,0
2026-07-28 04:24:00,305.38,305.495,305.2,305.495,0
2026-07-28 04:25:00,305.4671,305.5,305.1179,305.3333,0
2026-07-28 04:26:00,305.3002,305.49,305.0303,305.49,0
2026-07-28 04:27:00,305.34,305.41,305.34,305.41,0
2026-07-28 04:28:00,305.41,305.4896,305.3012,305.3806,0
2026-07-28 04:29:00,305.4,305.495,305.2977,305.3,0
2026-07-28 04:30:00,305.3,305.49,305.05,305.2,0
2026-07-28 04:31:00,305.1,305.373,305.09,305.2937,0
2026-07-28 04:32:00,305.295,305.3,305.1042,305.2,0
2026-07-28 04:33:00,305.24,305.49,305.22,305.48,0
2026-07-28 04:34:00,305.388,305.54,305.36,305.38,0
2026-07-28 04:35:00,305.38,305.5,305.23,305.47,0
2026-07-28 04:36:00,305.32,305.47,305.15,305.1771,0
2026-07-28 04:37:00,305.1771,305.3,305.09,305.12,0
2026-07-28 04:38:00,305.45,305.9872,305.4,305.9872,0
2026-07-28 04:39:00,305.66,305.9862,305.66,305.9862,0
2026-07-28 04:40:00,305.99,305.99,305.91,305.91,0
2026-07-28 04:41:00,305.9827,306.22,305.7072,306.22,0
2026-07-28 04:42:00,306.0,306.0,305.6632,305.6703,0
2026-07-28 04:43:00,305.88,306.1995,305.76,306.19,0
2026-07-28 04:44:00,306.15,306.19,305.95,306.0377,0
2026-07-28 04:45:00,306.04,306.04,305.9,305.9,0
2026-07-28 04:46:00,305.8988,305.8988,305.67,305.8,0
2026-07-28 04:47:00,305.66,305.978,305.5,305.7,0
2026-07-28 04:48:00,305.8716,305.978,305.66,305.67,0
2026-07-28 04:49:00,305.9,306.18,305.76,306.0,0
2026-07-28 04:50:00,306.0,306.22,305.91,306.14,0
2026-07-28 04:51:00,306.2,306.2788,305.975,306.0886,0
2026-07-28 04:52:00,306.1327,306.1327,305.7575,305.9604,0
2026-07-28 04:53:00,305.9937,305.9937,305.75,305.7557,0
2026-07-28 04:54:00,305.95,305.96,305.75,305.9547,0
2026-07-28 04:55:00,305.7596,305.96,305.75,305.75,0
2026-07-28 04:56:00,305.7,305.96,305.7,305.7,0
2026-07-28 04:57:00,305.7,305.8588,305.5306,305.5306,0
2026-07-28 04:58:00,305.6611,305.8552,305.51,305.8552,0
2026-07-28 04:59:00,305.74,305.78,305.6732,305.72,0
2026-07-28 05:00:00,305.67,305.68,305.3,305.61,0
2026-07-28 05:01:00,305.62,305.62,305.45,305.62,0
2026-07-28 05:02:00,305.7988,305.7988,305.4604,305.55,0
2026-07-28 05:03:00,305.5,305.58,305.45,305.53,0
2026-07-28 05:04:00,305.46,305.58,305.3837,305.46,0
2026-07-28 05:05:00,305.562,305.7172,305.5,305.53,0
2026-07-28 05:06:00,305.7935,305.8,305.65,305.728,0
2026-07-28 05:07:00,305.85,305.98,305.82,305.8478,0
2026-07-28 05:08:00,305.93,305.98,305.8553,305.9797,0
2026-07-28 05:09:00,305.8793,306.2,305.85,306.15,0
2026-07-28 05:10:00,306.19,306.28,306.06,306.23,0
2026-07-28 05:11:00,306.23,306.37,306.0855,306.2903,0
2026-07-28 05:12:00,306.1578,306.2827,306.0,306.1779,0
2026-07-28 05:13:00,305.93,305.953,305.7429,305.7429,0
2026-07-28 05:14:00,305.74,306.08,305.72,305.765,0
2026-07-28 05:15:00,305.8018,305.82,305.46,305.46,0
2026-07-28 05:16:00,305.63,305.79,305.388,305.69,0
2026-07-28 05:17:00,305.74,305.9925,305.6021,305.87,0
2026-07-28 05:18:00,305.8991,305.9988,305.7156,305.7156,0
2026-07-28 05:19:00,305.7075,306.0,305.7075,305.71,0
2026-07-28 05:20:00,305.81,305.9952,305.8,305.98,0
2026-07-28 05:21:00,305.899,306.044,305.7803,306.0,0
2026-07-28 05:22:00,306.0488,306.0488,305.8364,305.955,0
2026-07-28 05:23:00,305.95,305.9988,305.9,305.92,0
2026-07-28 05:24:00,305.9237,305.9237,305.8135,305.86,0
2026-07-28 05:25:00,305.81,305.95,305.72,305.83,0
2026-07-28 05:26:00,305.8268,305.9,305.68,305.7301,0
2026-07-28 05:27:00,305.82,305.8688,305.7292,305.8688,0
2026-07-28 05:28:00,305.8562,305.9453,305.82,305.94,0
2026-07-28 05:29:00,305.95,305.99,305.8836,305.99,0
2026-07-28 05:30:00,305.86,305.86,305.5,305.56,0
2026-07-28 05:31:00,305.5312,305.59,305.4068,305.4982,0
2026-07-28 05:32:00,305.54,305.6888,305.2962,305.44,0
2026-07-28 05:33:00,305.4574,305.4574,305.1788,305.25,0
2026-07-28 05:34:00,305.3,305.3,305.15,305.1827,0
2026-07-28 05:35:00,305.26,305.36,305.17,305.36,0
2026-07-28 05:36:00,305.3,305.4854,305.22,305.48,0
2026-07-28 05:37:00,305.15,305.26,305.03,305.11,0
2026-07-28 05:38:00,305.1365,305.1365,305.0,305.11,0
2026-07-28 05:39:00,305.02,305.0897,304.92,304.92,0
2026-07-28 05:40:00,304.92,305.05,304.81,304.81,0
2026-07-28 05:41:00,304.86,304.9988,304.72,304.72,0
2026-07-28 05:42:00,304.72,305.02,304.67,305.02,0
2026-07-28 05:43:00,305.0,305.1,305.0,305.1,0
2026-07-28 05:44:00,305.09,305.09,305.0,305.0198,0
2026-07-28 05:45:00,305.076,305.08,305.0,305.02,0
2026-07-28 05:46:00,305.06,305.46,305.03,305.03,0
2026-07-28 05:47:00,305.0409,305.46,305.0409,305.46,0
2026-07-28 05:48:00,305.031,305.22,305.0,305.1,0
2026-07-28 05:49:00,305.2145,305.2145,304.87,304.87,0
2026-07-28 05:50:00,304.88,304.96,304.6197,304.825,0
2026-07-28 05:51:00,304.9,305.0,304.9,305.0,0
2026-07-28 05:52:00,304.9498,304.998,304.92,304.96,0
2026-07-28 05:53:00,305.06,305.06,304.8,304.8,0
2026-07-28 05:54:00,304.89,305.0588,304.8,304.95,0
2026-07-28 05:55:00,304.95,304.95,304.8039,304.8039,0
2026-07-28 05:56:00,304.9,305.0062,304.8,304.8378,0
2026-07-28 05:57:00,304.9562,304.9806,304.6636,304.86,0
2026-07-28 05:58:00,304.8,304.8645,304.55,304.6806,0
2026-07-28 05:59:00,304.69,305.01,304.5602,305.01,0
2026-07-28 06:00:00,304.75,305.0,304.62,304.82,0
2026-07-28 06:01:00,304.9,304.9817,304.77,304.85,0
2026-07-28 06:02:00,304.88,304.88,304.62,304.62,0
2026-07-28 06:03:00,304.73,304.85,304.63,304.8075,0
2026-07-28 06:04:00,304.9,305.1,304.83,305.1,0
2026-07-28 06:05:00,304.98,305.0,304.85,304.9,0
2026-07-28 06:06:00,304.85,304.9,304.75,304.75,0
2026-07-28 06:07:00,304.82,304.82,304.56,304.56,0
2026-07-28 06:08:00,304.63,304.63,304.4,304.51,0
2026-07-28 06:09:00,304.4625,304.7445,304.41,304.54,0
2026-07-28 06:10:00,304.54,304.5952,304.4282,304.49,0
2026-07-28 06:11:00,304.49,304.74,304.2912,304.5,0
2026-07-28 06:12:00,304.64,304.75,304.3312,304.75,0
2026-07-28 06:13:00,304.4185,304.76,304.4185,304.75,0
2026-07-28 06:14:00,304.7,304.78,304.51,304.51,0
2026-07-28 06:15:00,304.51,304.7555,304.4,304.41,0
2026-07-28 06:16:00,304.4075,304.71,304.4075,304.5,0
2026-07-28 06:17:00,304.6,304.78,304.6,304.6025,0
2026-07-28 06:18:00,304.7,304.9,304.6075,304.82,0
2026-07-28 06:19:00,304.87,304.9,304.8025,304.8682,0
2026-07-28 06:20:00,304.8682,304.87,304.74,304.8,0
2026-07-28 06:21:00,304.71,304.7988,304.5468,304.66,0
2026-07-28 06:22:00,304.65,304.66,304.461,304.49,0
2026-07-28 06:23:00,304.499,304.5,304.3,304.42,0
2026-07-28 06:24:00,304.4172,304.61,304.4172,304.61,0
2026-07-28 06:25:00,304.548,304.79,304.3955,304.58,0
2026-07-28 06:26:00,304.65,304.79,304.5,304.5,0
2026-07-28 06:27:00,304.6,304.7,304.4,304.4,0
2026-07-28 06:28:00,304.65,304.953,304.5733,304.86,0
2026-07-28 06:29:00,304.9,305.0,304.75,305.0,0
2026-07-28 06:30:00,304.9887,305.38,304.89,305.3563,0
2026-07-28 06:31:00,305.39,305.5,305.32,305.3294,0
2026-07-28 06:32:00,305.32,305.4988,305.26,305.26,0
2026-07-28 06:33:00,305.34,305.5,305.34,305.383,0
2026-07-28 06:34:00,305.43,305.43,305.08,305.29,0
2026-07-28 06:35:00,305.23,305.46,304.8095,304.956,0
2026-07-28 06:36:00,304.88,305.0302,304.65,304.82,0
2026-07-28 06:37:00,304.786,304.91,304.65,304.65,0
2026-07-28 06:38:00,304.8,304.8,304.5683,304.59,0
2026-07-28 06:39:00,304.87,304.87,304.87,304.87,0
2026-07-28 06:40:00,304.85,304.94,304.56,304.76,0
2026-07-28 06:41:00,304.73,304.86,304.63,304.638,0
2026-07-28 06:42:00,304.67,305.12,304.67,304.96,0
2026-07-28 06:43:00,304.91,305.0688,304.66,305.0688,0
2026-07-28 06:44:00,305.0582,305.0582,304.6065,304.62,0
2026-07-28 06:45:00,304.75,305.05,304.6,304.8,0
2026-07-28 06:46:00,304.69,304.81,304.5567,304.81,0
2026-07-28 06:47:00,304.65,304.81,304.5512,304.74,0
2026-07-28 06:48:00,304.805,304.8147,304.55,304.8035,0
2026-07-28 06:49:00,304.69,304.81,304.55,304.66,0
2026-07-28 06:50:00,304.6442,304.79,304.62,304.63,0
2026-07-28 06:51:00,304.7857,304.7857,304.6242,304.7,0
2026-07-28 06:52:00,304.78,304.7988,304.57,304.7,0
2026-07-28 06:53:00,304.7,304.83,304.66,304.83,0
2026-07-28 06:54:00,304.79,305.101,304.63,305.0,0
2026-07-28 06:55:00,304.75,305.0632,304.75,304.8067,0
2026-07-28 06:56:00,304.82,304.91,304.8,304.91,0
2026-07-28 06:57:00,304.96,304.9932,304.8542,304.91,0
2026-07-28 06:58:00,304.92,304.9955,304.8212,304.92,0
2026-07-28 06:59:00,304.91,305.0,304.81,304.9386,0
2026-07-28 07:00:00,305.06,305.5,304.85,305.1405,0
2026-07-28 07:01:00,304.92,305.15,304.9,304.95,0
2026-07-28 07:02:00,304.92,305.0,304.56,304.57,0
2026-07-28 07:03:00,304.55,304.57,304.3002,304.31,0
2026-07-28 07:04:00,304.31,304.5,304.04,304.0974,0
2026-07-28 07:05:00,304.09,304.212,304.01,304.0923,0
2026-07-28 07:06:00,304.17,304.21,304.0132,304.14,0
2026-07-28 07:07:00,304.0314,304.14,303.8,303.93,0
2026-07-28 07:08:00,304.01,304.1988,303.9,304.0607,0
2026-07-28 07:09:00,304.05,304.1,303.92,304.1,0
2026-07-28 07:10:00,304.03,304.25,304.0,304.1002,0
2026-07-28 07:11:00,304.4262,304.4262,303.85,303.983,0
2026-07-28 07:12:00,303.9977,304.45,303.91,304.02,0
2026-07-28 07:13:00,304.01,304.18,303.75,303.83,0
2026-07-28 07:14:00,303.75,304.2899,303.7,303.9192,0
2026-07-28 07:15:00,303.85,304.69,303.7,304.5,0
2026-07-28 07:16:00,304.31,304.64,304.2,304.5,0
2026-07-28 07:17:00,304.5,304.67,304.3559,304.54,0
2026-07-28 07:18:00,304.52,304.99,304.2404,304.9453,0
2026-07-28 07:19:00,304.8083,304.99,304.6877,304.99,0
2026-07-28 07:20:00,304.99,305.0,304.5,304.5,0
2026-07-28 07:21:00,304.74,304.89,304.5225,304.69,0
2026-07-28 07:22:00,304.7887,304.7887,304.31,304.5,0
2026-07-28 07:23:00,304.64,304.69,304.32,304.47,0
2026-07-28 07:24:00,304.4715,304.65,304.3001,304.35,0
2026-07-28 07:25:00,304.5729,304.63,304.3,304.4083,0
2026-07-28 07:26:00,304.3894,304.48,304.3001,304.4,0
2026-07-28 07:27:00,304.55,304.5888,304.02,304.02,0
2026-07-28 07:28:00,304.2,304.2,304.02,304.2,0
2026-07-28 07:29:00,304.182,304.3,304.1,304.25,0
2026-07-28 07:30:00,304.2395,304.2422,303.92,304.0849,0
2026-07-28 07:31:00,304.14,304.2988,303.9356,304.2,0
2026-07-28 07:32:00,304.08,304.24,303.994,304.1,0
2026-07-28 07:33:00,304.1094,304.22,304.0,304.2,0
2026-07-28 07:34:00,304.0203,304.2,303.989,304.01,0
2026-07-28 07:35:00,304.0733,304.11,303.95,303.95,0
2026-07-28 07:36:00,304.0,304.69,303.95,304.4331,0
2026-07-28 07:37:00,304.45,304.67,304.11,304.315,0
2026-07-28 07:38:00,304.28,304.41,304.21,304.3788,0
2026-07-28 07:39:00,304.26,304.3075,303.82,303.92,0
2026-07-28 07:40:00,303.82,303.9811,303.74,303.84,0
2026-07-28 07:41:00,303.8382,303.8382,303.6,303.68,0
2026-07-28 07:42:00,303.69,303.79,303.6284,303.7658,0
2026-07-28 07:43:00,303.7644,303.85,303.65,303.71,0
2026-07-28 07:44:00,303.73,303.8,303.6006,303.65,0
2026-07-28 07:45:00,303.62,303.89,303.57,303.8795,0
2026-07-28 07:46:00,303.76,304.0,303.76,303.8,0
2026-07-28 07:47:00,303.902,304.2,303.883,304.15,0
2026-07-28 07:48:00,304.15,304.2,304.0,304.1999,0
2026-07-28 07:49:00,304.14,304.37,304.0047,304.23,0
2026-07-28 07:50:00,304.25,304.3,304.0,304.3,0
2026-07-28 07:51:00,304.2704,304.36,304.12,304.15,0
2026-07-28 07:52:00,304.3623,304.4361,304.25,304.25,0
2026-07-28 07:53:00,304.23,304.3,304.12,304.12,0
2026-07-28 07:54:00,304.1754,304.2906,304.14,304.16,0
2026-07-28 07:55:00,304.13,304.3,304.1,304.25,0
2026-07-28 07:56:00,304.2987,304.34,304.2134,304.34,0
2026-07-28 07:57:00,304.3,304.38,304.223,304.25,0
2026-07-28 07:58:00,304.2273,304.58,304.2,304.512,0
2026-07-28 07:59:00,304.5,304.8504,304.32,304.6033,0
2026-07-28 08:00:00,304.5725,304.75,304.5,304.7,0
2026-07-28 08:01:00,304.733,304.733,304.5,304.5517,0
2026-07-28 08:02:00,304.6,304.7,304.39,304.583,0
2026-07-28 08:03:00,304.6929,304.7,304.52,304.62,0
2026-07-28 08:04:00,304.5817,304.88,304.573,304.8443,0
2026-07-28 08:05:00,304.89,304.93,304.7498,304.8988,0
2026-07-28 08:06:00,304.89,305.14,304.8489,305.12,0
2026-07-28 08:07:00,305.1183,305.42,305.1183,305.1625,0
2026-07-28 08:08:00,305.25,305.37,305.07,305.15,0
2026-07-28 08:09:00,305.13,305.25,305.0,305.19,0
2026-07-28 08:10:00,305.11,305.138,304.7855,304.9751,0
2026-07-28 08:11:00,304.9,305.1,304.9,304.981,0
2026-07-28 08:12:00,304.9902,305.1,304.82,305.0,0
2026-07-28 08:13:00,304.9,305.0588,304.8,304.9503,0
2026-07-28 08:14:00,304.86,304.98,304.83,304.9106,0
2026-07-28 08:15:00,305.0,305.0,304.79,304.85,0
2026-07-28 08:16:00,304.8685,304.9651,304.78,304.902,0
2026-07-28 08:17:00,304.98,305.06,304.89,304.9657,0
2026-07-28 08:18:00,305.0,305.32,305.0,305.21,0
2026-07-28 08:19:00,305.2007,305.4,305.15,305.3737,0
2026-07-28 08:20:00,305.35,305.5,305.0465,305.4269,0
2026-07-28 08:21:00,305.4239,305.75,305.41,305.704,0
2026-07-28 08:22:00,305.59,305.73,305.3,305.62,0
2026-07-28 08:23:00,305.45,305.61,305.3612,305.45,0
2026-07-28 08:24:00,305.5595,305.72,305.3199,305.66,0
2026-07-28 08:25:00,305.6549,306.24,305.6549,306.24,0
2026-07-28 08:26:00,306.13,306.24,306.0,306.1408,0
2026-07-28 08:27:00,306.15,306.39,306.11,306.3699,0
2026-07-28 08:28:00,306.3095,306.35,306.12,306.2168,0
2026-07-28 08:29:00,306.14,306.25,306.05,306.112,0
2026-07-28 08:30:00,306.19,306.52,306.1,306.4821,0
2026-07-28 08:31:00,306.49,306.6,306.15,306.3,0
2026-07-28 08:32:00,306.26,306.55,306.26,306.4988,0
2026-07-28 08:33:00,306.4768,307.0,306.44,306.75,0
2026-07-28 08:34:00,306.72,306.8,306.13,306.45,0
2026-07-28 08:35:00,306.5,306.6,306.37,306.4701,0
2026-07-28 08:36:00,306.48,306.7,306.3,306.61,0
2026-07-28 08:37:00,306.62,307.25,306.42,306.5,0
2026-07-28 08:38:00,306.7958,307.09,306.5,306.5,0
2026-07-28 08:39:00,306.6481,306.91,306.51,306.7,0
2026-07-28 08:40:00,306.76,306.9,306.5975,306.7,0
2026-07-28 08:41:00,306.6801,307.0,306.6,306.791,0
2026-07-28 08:42:00,306.82,307.26,306.7952,307.2068,0
2026-07-28 08:43:00,307.2082,307.52,307.17,307.48,0
2026-07-28 08:44:00,307.47,307.52,307.25,307.3982,0
2026-07-28 08:45:00,307.4,307.75,307.3,307.7429,0
2026-07-28 08:46:00,307.7403,308.09,307.6232,307.88,0
2026-07-28 08:47:00,307.88,307.88,307.2,307.5,0
2026-07-28 08:48:00,307.5268,307.6,307.34,307.38,0
2026-07-28 08:49:00,307.39,307.58,307.2,307.382,0
2026-07-28 08:50:00,307.3845,307.41,307.11,307.1141,0
2026-07-28 08:51:00,307.29,307.29,306.75,306.9,0
2026-07-28 08:52:00,307.059,307.11,306.8077,307.0,0
2026-07-28 08:53:00,306.9,307.0,306.8,306.9072,0
2026-07-28 08:54:00,306.8027,307.35,306.7057,307.26,0
2026-07-28 08:55:00,307.3,307.35,307.03,307.1956,0
2026-07-28 08:56:00,307.1753,307.3425,307.0793,307.21,0
2026-07-28 08:57:00,307.2252,307.47,307.2001,307.42,0
2026-07-28 08:58:00,307.35,307.67,307.23,307.62,0
2026-07-28 08:59:00,307.51,307.594,307.25,307.45,0
2026-07-28 09:00:00,307.4,307.45,306.96,307.1002,0
2026-07-28 09:01:00,307.05,307.24,306.96,307.1464,0
2026-07-28 09:02:00,307.1424,307.23,306.96,307.0,0
2026-07-28 09:03:00,306.98,307.2,306.98,307.09,0
2026-07-28 09:04:00,307.0513,307.26,307.0147,307.167,0
2026-07-28 09:05:00,307.18,307.24,307.1577,307.16,0
2026-07-28 09:06:00,307.23,307.49,307.17,307.4865,0
2026-07-28 09:07:00,307.4683,307.76,307.38,307.6096,0
2026-07-28 09:08:00,307.5849,307.75,307.4,307.4,0
2026-07-28 09:09:00,307.5,307.7,307.24,307.5049,0
2026-07-28 09:10:00,307.7,307.7,307.44,307.65,0
2026-07-28 09:11:00,307.56,307.65,307.13,307.23,0
2026-07-28 09:12:00,307.2286,307.32,307.0037,307.06,0
2026-07-28 09:13:00,307.0,307.1793,307.0,307.1793,0
2026-07-28 09:14:00,307.22,307.25,307.04,307.04,0
2026-07-28 09:15:00,307.04,307.4,307.04,307.33,0
2026-07-28 09:16:00,307.2841,307.35,307.04,307.19,0
2026-07-28 09:17:00,307.16,307.21,306.93,307.01,0
2026-07-28 09:18:00,307.03,307.4,306.88,307.3802,0
2026-07-28 09:19:00,307.3911,307.45,307.039,307.12,0
2026-07-28 09:20:00,307.12,307.21,306.8979,307.1902,0
2026-07-28 09:21:00,307.21,307.21,306.88,307.02,0
2026-07-28 09:22:00,307.1077,307.2,306.97,306.97,0
2026-07-28 09:23:00,307.0,307.16,306.88,307.13,0
2026-07-28 09:24:00,307.06,307.1572,307.0,307.02,0
2026-07-28 09:25:00,306.92,307.03,306.6,306.75,0
2026-07-28 09:26:00,306.75,306.89,306.22,306.23,0
2026-07-28 09:27:00,306.24,306.3274,304.65,305.24,0
2026-07-28 09:28:00,305.68,305.689,304.57,305.33,0
2026-07-28 09:29:00,305.32,306.24,304.7,306.18,0
2026-07-28 09:30:00,305.925,307.19,303.8201,305.51,1922981
2026-07-28 09:31:00,305.55,305.77,304.01,304.53,233100
2026-07-28 09:32:00,304.6201,304.9799,302.6004,304.15,404542
2026-07-28 09:33:00,304.06,305.63,304.0,305.61,195768
2026-07-28 09:34:00,305.495,305.7995,304.6601,304.86,180951
2026-07-28 09:35:00,304.9,305.57,304.7,305.03,171281
2026-07-28 09:36:00,305.055,305.62,303.81,304.69,219413
2026-07-28 09:37:00,304.78,305.05,304.1801,304.445,123238
2026-07-28 09:38:00,304.35,304.55,303.08,303.11,147953
2026-07-28 09:39:00,303.1113,304.13,303.05,303.8,143460
2026-07-28 09:40:00,303.83,304.98,303.3,304.82,180791
2026-07-28 09:41:00,304.78,305.66,304.59,305.04,240632
2026-07-28 09:42:00,305.09,305.24,304.2001,304.3596,165444
2026-07-28 09:43:00,304.335,305.07,303.69,304.97,169433
2026-07-28 09:44:00,304.9737,305.65,304.861,305.15,222189
2026-07-28 09:45:00,305.13,305.41,304.26,304.74,171364
2026-07-28 09:46:00,304.6901,305.03,304.31,304.31,161222
2026-07-28 09:47:00,304.4,304.4876,304.0001,304.355,99387
2026-07-28 09:48:00,304.42,305.03,304.31,304.86,159719
2026-07-28 09:49:00,304.905,305.86,304.74,305.86,169708
2026-07-28 09:50:00,305.87,306.95,305.26,305.32,226244
2026-07-28 09:51:00,305.355,305.83,304.93,305.09,137029
2026-07-28 09:52:00,305.03,305.669,304.9499,305.3951,125218
2026-07-28 09:53:00,305.44,305.44,303.24,303.5,327093
2026-07-28 09:54:00,303.575,303.97,302.73,302.7899,210021
2026-07-28 09:55:00,302.79,303.4499,302.3701,303.13,221015
2026-07-28 09:56:00,303.135,304.29,303.01,304.14,157821
2026-07-28 09:57:00,304.14,304.17,303.46,303.605,109316
2026-07-28 09:58:00,303.605,303.605,302.61,303.3492,186440
2026-07-28 09:59:00,303.22,303.86,302.86,303.62,112368
2026-07-28 10:00:00,303.55,305.0,303.52,304.8914,172101
2026-07-28 10:01:00,304.78,305.18,304.46,304.8501,132762
2026-07-28 10:02:00,305.05,305.2,303.86,303.93,153206
2026-07-28 10:03:00,303.925,304.19,303.3,303.56,152233
2026-07-28 10:04:00,303.515,303.54,302.8,303.13,130295
2026-07-28 10:05:00,303.13,303.9899,302.96,303.665,125816
2026-07-28 10:06:00,303.6,303.8899,302.8106,303.4599,141320
2026-07-28 10:07:00,303.39,303.5498,302.43,302.4505,137064
2026-07-28 10:08:00,302.4,302.46,301.55,302.165,281329
2026-07-28 10:09:00,302.1999,302.8799,302.1309,302.35,133470
2026-07-28 10:10:00,302.31,303.26,301.9401,303.015,146428
2026-07-28 10:11:00,303.0005,303.0762,302.52,302.96,125230
2026-07-28 10:12:00,302.96,303.23,301.99,302.02,147457
2026-07-28 10:13:00,302.01,302.09,300.9,300.9,262252
2026-07-28 10:14:00,300.91,301.5093,300.6901,301.43,196029
2026-07-28 10:15:00,301.52,302.04,301.0201,301.51,156638
2026-07-28 10:16:00,301.5385,301.6395,301.04,301.19,91425
2026-07-28 10:17:00,301.19,301.47,300.94,301.25,109308
2026-07-28 10:18:00,301.2114,301.6295,300.89,301.25,131232
2026-07-28 10:19:00,301.23,301.55,300.98,301.2,131328
2026-07-28 10:20:00,301.225,301.93,301.2018,301.4827,165370
2026-07-28 10:21:00,301.52,301.99,300.977,301.95,175365
2026-07-28 10:22:00,301.92,302.09,300.89,301.08,158585
2026-07-28 10:23:00,301.05,301.9299,300.8,301.88,115652
2026-07-28 10:24:00,301.83,302.2299,301.46,301.5596,99373
2026-07-28 10:25:00,301.55,301.91,301.3426,301.64,93381
2026-07-28 10:26:00,301.67,302.17,301.53,302.01,96056
2026-07-28 10:27:00,302.045,302.4,302.0,302.0301,84918
2026-07-28 10:28:00,302.08,302.59,301.91,302.1698,106405
2026-07-28 10:29:00,302.1,302.6699,302.03,302.5851,87278
2026-07-28 10:30:00,302.606,303.22,302.1805,302.36,162920
2026-07-28 10:31:00,302.39,302.84,302.15,302.435,95861
2026-07-28 10:32:00,302.49,302.5999,301.81,301.94,112029
2026-07-28 10:33:00,301.94,302.66,301.94,302.605,79778
2026-07-28 10:34:00,302.6295,302.8,301.86,301.9995,88700
2026-07-28 10:35:00,301.98,302.5,301.915,302.435,97371
2026-07-28 10:36:00,302.435,302.74,302.2201,302.305,71493
2026-07-28 10:37:00,302.325,302.4101,301.4501,302.14,125218
2026-07-28 10:38:00,302.13,302.29,301.57,301.61,81940
2026-07-28 10:39:00,301.56,302.06,301.22,301.9501,116211
2026-07-28 10:40:00,301.94,302.55,301.89,302.45,93349
2026-07-28 10:41:00,302.4301,303.029,302.4,303.0196,101973
2026-07-28 10:42:00,302.98,303.02,302.51,302.6999,79892
2026-07-28 10:43:00,302.7,303.12,302.61,302.865,72285
2026-07-28 10:44:00,302.865,302.97,302.5003,302.51,61279
2026-07-28 10:45:00,302.5599,302.7899,302.21,302.3877,106338
2026-07-28 10:46:00,302.36,303.01,302.3201,302.96,100366
2026-07-28 10:47:00,302.92,303.5,302.82,303.43,138505
2026-07-28 10:48:00,303.43,304.08,303.4,303.9005,139167
2026-07-28 10:49:00,303.88,303.96,303.7001,303.9587,106267
2026-07-28 10:50:00,303.9599,304.51,303.9,304.467,143799
2026-07-28 10:51:00,304.45,305.08,304.4,304.835,209889
2026-07-28 10:52:00,304.8552,304.97,304.6021,304.77,94980
2026-07-28 10:53:00,304.78,305.48,304.78,305.165,96833
2026-07-28 10:54:00,305.21,305.21,304.71,305.02,290283
2026-07-28 10:55:00,304.985,305.62,304.91,305.295,136777
2026-07-28 10:56:00,305.25,305.28,304.9,304.94,61861
2026-07-28 10:57:00,304.9464,304.96,303.9505,304.115,118899
2026-07-28 10:58:00,304.115,304.37,304.09,304.27,56223
2026-07-28 10:59:00,304.285,304.32,303.8,304.0474,59109
2026-07-28 11:00:00,304.045,304.6899,303.97,304.64,71985
2026-07-28 11:01:00,304.69,305.07,304.3,305.01,98650
2026-07-28 11:02:00,305.0199,305.1,304.66,304.75,56891
2026-07-28 11:03:00,304.77,304.8899,304.5392,304.61,45466
2026-07-28 11:04:00,304.62,304.75,304.18,304.29,44330
2026-07-28 11:05:00,304.29,304.36,303.97,304.26,63138
2026-07-28 11:06:00,304.255,304.99,304.21,304.69,73826
2026-07-28 11:07:00,304.675,304.7085,304.26,304.64,74304
2026-07-28 11:08:00,304.633,304.843,304.42,304.4601,43950
2026-07-28 11:09:00,304.515,304.9,304.35,304.8997,69007
2026-07-28 11:10:00,304.81,305.38,304.28,304.345,128408
2026-07-28 11:11:00,304.3799,304.57,303.85,304.36,86936
2026-07-28 11:12:00,304.33,305.33,304.18,305.06,79752
2026-07-28 11:13:00,305.03,305.15,304.39,304.73,72070
2026-07-28 11:14:00,304.73,305.01,304.54,304.55,66295
2026-07-28 11:15:00,304.5908,304.8399,304.37,304.83,57965
2026-07-28 11:16:00,304.83,305.2296,304.805,304.94,61802
2026-07-28 11:17:00,304.94,305.1691,304.64,304.85,72867
2026-07-28 11:18:00,304.87,305.48,304.845,305.4726,67414
2026-07-28 11:19:00,305.435,305.525,305.14,305.37,72677
2026-07-28 11:20:00,305.415,306.3,305.41,306.21,193326
2026-07-28 11:21:00,306.195,306.42,305.96,306.2672,156442
2026-07-28 11:22:00,306.27,306.45,305.6801,305.74,82761
2026-07-28 11:23:00,305.79,306.15,305.7,306.01,87574
2026-07-28 11:24:00,306.0167,306.2,305.92,306.05,66046
2026-07-28 11:25:00,306.0227,306.16,305.86,305.95,73787
2026-07-28 11:26:00,305.99,306.63,305.97,306.56,138108
2026-07-28 11:27:00,306.52,306.57,306.1201,306.16,66663
2026-07-28 11:28:00,306.18,306.27,305.98,306.1004,56941
2026-07-28 11:29:00,306.095,306.327,305.91,306.2662,44195
2026-07-28 11:30:00,306.22,306.4999,306.14,306.2,57805
2026-07-28 11:31:00,306.1903,306.32,306.01,306.275,38329
2026-07-28 11:32:00,306.275,306.68,306.22,306.4999,59042
2026-07-28 11:33:00,306.44,306.55,306.21,306.495,71731
2026-07-28 11:34:00,306.52,306.77,306.2211,306.29,86941
2026-07-28 11:35:00,306.3199,307.21,306.29,307.14,152464
2026-07-28 11:36:00,307.13,307.35,307.05,307.175,148817
2026-07-28 11:37:00,307.14,307.1599,306.65,306.85,88888
2026-07-28 11:38:00,306.86,307.07,306.74,306.94,82171
2026-07-28 11:39:00,306.9399,306.9399,306.67,306.72,44707
2026-07-28 11:40:00,306.67,306.79,306.5001,306.605,264999
2026-07-28 11:41:00,306.585,306.8926,306.51,306.83,66917
2026-07-28 11:42:00,306.7801,306.98,306.72,306.84,46272
2026-07-28 11:43:00,306.8001,307.45,306.78,307.105,113245
2026-07-28 11:44:00,307.0701,307.2199,307.0101,307.16,57373
2026-07-28 11:45:00,307.15,307.27,307.02,307.045,67897
2026-07-28 11:46:00,307.045,307.72,306.99,307.7,113735
2026-07-28 11:47:00,307.71,307.91,307.55,307.835,116452
2026-07-28 11:48:00,307.835,308.17,307.68,308.155,95392
2026-07-28 11:49:00,308.17,308.19,307.91,307.97,80571
2026-07-28 11:50:00,307.975,308.05,307.57,307.6025,68146
2026-07-28 11:51:00,307.605,307.79,306.9101,307.78,160182
2026-07-28 11:52:00,307.75,307.85,307.4607,307.78,55394
2026-07-28 11:53:00,307.77,308.65,307.77,308.55,108702
2026-07-28 11:54:00,308.58,308.88,308.37,308.4797,137678
2026-07-28 11:55:00,308.46,308.46,308.1,308.11,65997
2026-07-28 11:56:00,308.15,308.69,308.15,308.625,62887
2026-07-28 11:57:00,308.62,309.04,308.6001,308.89,152114
2026-07-28 11:58:00,308.8801,309.28,308.78,309.21,105618
2026-07-28 11:59:00,309.205,309.74,309.19,309.725,112010
2026-07-28 12:00:00,309.725,310.18,309.4,310.18,229044
2026-07-28 12:01:00,310.2,311.13,310.091,310.99,270793
2026-07-28 12:02:00,311.0199,311.15,310.41,310.48,168594
2026-07-28 12:03:00,310.4201,310.62,309.77,309.87,133738
2026-07-28 12:04:00,309.81,309.93,309.48,309.763,153056
2026-07-28 12:05:00,309.7988,309.9,309.2,309.24,116453
2026-07-28 12:06:00,309.21,309.25,308.59,308.59,122600
2026-07-28 12:07:00,308.65,308.65,307.82,308.05,104908
2026-07-28 12:08:00,307.995,308.04,307.3,307.675,133745
2026-07-28 12:09:00,307.675,307.73,307.3001,307.3799,62333
2026-07-28 12:10:00,307.34,307.38,306.86,307.04,115040
2026-07-28 12:11:00,307.08,307.4199,307.0,307.2377,127104
2026-07-28 12:12:00,307.2,307.4099,307.12,307.28,85390
2026-07-28 12:13:00,307.2851,307.42,307.0,307.0878,77374
2026-07-28 12:14:00,307.075,307.34,306.97,307.27,44708
2026-07-28 12:15:00,307.25,307.32,306.83,306.95,172225
2026-07-28 12:16:00,306.97,307.0,306.361,306.425,116608
2026-07-28 12:17:00,306.425,306.7699,306.34,306.475,112262
2026-07-28 12:18:00,306.475,306.63,306.2221,306.45,65766
2026-07-28 12:19:00,306.4,306.99,306.39,306.96,123074
2026-07-28 12:20:00,306.89,307.1,306.77,306.85,79137
2026-07-28 12:21:00,306.88,307.04,306.81,306.8805,45012
2026-07-28 12:22:00,306.895,307.0399,306.48,306.53,90829
2026-07-28 12:23:00,306.555,306.57,306.13,306.16,90771
2026-07-28 12:24:00,306.16,306.28,305.91,306.21,111563
2026-07-28 12:25:00,306.21,306.34,306.05,306.205,58139
2026-07-28 12:26:00,306.235,306.52,306.16,306.42,44005
2026-07-28 12:27:00,306.4,306.59,306.37,306.55,57390
2026-07-28 12:28:00,306.555,306.68,306.51,306.53,41847
2026-07-28 12:29:00,306.53,306.6892,306.45,306.56,41664
2026-07-28 12:30:00,306.56,306.56,306.25,306.36,37974
2026-07-28 12:31:00,306.36,306.51,306.27,306.4,42079
2026-07-28 12:32:00,306.425,306.72,306.35,306.57,59043
2026-07-28 12:33:00,306.57,306.95,306.55,306.58,80169
2026-07-28 12:34:00,306.6,306.8,306.4201,306.515,38047
2026-07-28 12:35:00,306.515,306.799,306.4799,306.71,31595
2026-07-28 12:36:00,306.7,306.75,306.4501,306.73,31722
2026-07-28 12:37:00,306.7209,307.0398,306.7209,306.925,77262
2026-07-28 12:38:00,306.96,307.4475,306.9401,307.42,85791
2026-07-28 12:39:00,307.39,307.58,307.2,307.58,72299
2026-07-28 12:40:00,307.54,307.84,307.4,307.535,75184
2026-07-28 12:41:00,307.505,307.64,307.4301,307.595,42766
2026-07-28 12:42:00,307.595,307.6099,307.26,307.31,42480
2026-07-28 12:43:00,307.29,307.58,307.29,307.55,39236
2026-07-28 12:44:00,307.525,307.525,307.21,307.22,42821
2026-07-28 12:45:00,307.21,307.4262,307.025,307.25,48167
2026-07-28 12:46:00,307.175,307.3399,306.845,306.885,78379
2026-07-28 12:47:00,306.885,307.1996,306.88,307.1993,49320
2026-07-28 12:48:00,307.165,307.2599,307.0444,307.155,36346
2026-07-28 12:49:00,307.175,307.3172,307.12,307.31,34596
2026-07-28 12:50:00,307.285,307.699,307.26,307.64,59660
2026-07-28 12:51:00,307.69,307.9,307.635,307.805,72950
2026-07-28 12:52:00,307.78,308.0299,307.75,307.945,60019
2026-07-28 12:53:00,307.94,308.02,307.66,307.675,47546
2026-07-28 12:54:00,307.675,307.9499,307.62,307.89,30815
2026-07-28 12:55:00,307.905,307.93,307.74,307.88,44962
2026-07-28 12:56:00,307.89,307.99,307.6901,307.91,46966
2026-07-28 12:57:00,307.87,308.06,307.85,307.8601,62579
2026-07-28 12:58:00,307.905,307.91,307.6901,307.72,35810
2026-07-28 12:59:00,307.7419,307.7691,307.56,307.6699,32080
2026-07-28 13:00:00,307.625,307.84,307.4701,307.65,52898
2026-07-28 13:01:00,307.645,307.8,307.5402,307.755,45969
2026-07-28 13:02:00,307.755,307.84,307.46,307.685,38419
2026-07-28 13:03:00,307.65,307.69,307.3301,307.42,44472
2026-07-28 13:04:00,307.39,307.48,307.23,307.415,60346
2026-07-28 13:05:00,307.415,307.63,307.34,307.57,55498
2026-07-28 13:06:00,307.57,307.69,307.3105,307.405,63768
2026-07-28 13:07:00,307.43,307.4836,307.2301,307.32,48607
2026-07-28 13:08:00,307.365,307.365,306.81,306.835,69725
2026-07-28 13:09:00,306.81,306.9374,306.56,306.71,71374
2026-07-28 13:10:00,306.68,306.74,306.36,306.635,79725
2026-07-28 13:11:00,306.635,306.7999,306.51,306.79,52865
2026-07-28 13:12:00,306.79,307.0,306.63,306.89,78870
2026-07-28 13:13:00,306.97,306.99,306.6,306.77,40233
2026-07-28 13:14:00,306.79,306.89,306.6801,306.76,39135
2026-07-28 13:15:00,306.765,306.8397,306.61,306.71,46211
2026-07-28 13:16:00,306.72,306.72,306.43,306.5539,38618
2026-07-28 13:17:00,306.58,306.61,306.32,306.43,42530
2026-07-28 13:18:00,306.47,306.7,306.4146,306.62,31248
2026-07-28 13:19:00,306.65,306.96,306.55,306.96,51496
2026-07-28 13:20:00,306.9,307.76,306.83,307.625,141307
2026-07-28 13:21:00,307.6,307.85,307.2601,307.29,78181
2026-07-28 13:22:00,307.26,307.3399,306.97,307.19,43454
2026-07-28 13:23:00,307.1551,307.42,307.1551,307.28,51003
2026-07-28 13:24:00,307.275,307.48,307.2648,307.28,30575
2026-07-28 13:25:00,307.295,307.43,307.22,307.34,31495
2026-07-28 13:26:00,307.315,307.4,307.1587,307.2801,37658
2026-07-28 13:27:00,307.3251,307.55,307.31,307.39,39725
2026-07-28 13:28:00,307.35,307.55,307.3,307.32,32240
2026-07-28 13:29:00,307.339,307.47,307.18,307.18,44206
2026-07-28 13:30:00,307.15,307.3389,307.05,307.25,31457
2026-07-28 13:31:00,307.28,307.57,307.28,307.345,44129
2026-07-28 13:32:00,307.36,307.4899,307.1601,307.21,42864
2026-07-28 13:33:00,307.21,307.55,307.11,307.435,50276
2026-07-28 13:34:00,307.435,307.69,307.4301,307.4301,34360
2026-07-28 13:35:00,307.465,307.63,307.41,307.48,32903
2026-07-28 13:36:00,307.44,307.515,307.28,307.28,31402
2026-07-28 13:37:00,307.257,307.4618,307.257,307.31,23227
2026-07-28 13:38:00,307.31,307.345,307.11,307.255,40236
2026-07-28 13:39:00,307.25,307.28,306.8,306.89,46393
2026-07-28 13:40:00,306.84,307.105,306.75,307.0,69707
2026-07-28 13:41:00,307.05,307.09,306.525,306.715,63310
2026-07-28 13:42:00,306.6701,306.7771,306.5,306.645,28082
2026-07-28 13:43:00,306.68,306.68,306.32,306.47,51669
2026-07-28 13:44:00,306.51,306.6399,306.4101,306.61,31071
2026-07-28 13:45:00,306.6399,306.74,306.405,306.46,51492
2026-07-28 13:46:00,306.4605,306.89,306.46,306.79,54449
2026-07-28 13:47:00,306.7831,306.87,306.54,306.58,41081
2026-07-28 13:48:00,306.62,307.26,306.56,307.09,81272
2026-07-28 13:49:00,307.0505,307.2,306.9501,307.1,49221
2026-07-28 13:50:00,307.07,307.1199,306.61,306.63,67744
2026-07-28 13:51:00,306.6202,306.7799,306.47,306.6707,37086
2026-07-28 13:52:00,306.69,306.75,306.5,306.5,45660
2026-07-28 13:53:00,306.4864,306.58,306.43,306.565,60037
2026-07-28 13:54:00,306.56,306.6399,306.2816,306.47,40608
2026-07-28 13:55:00,306.47,306.49,306.1526,306.294,41450
2026-07-28 13:56:00,306.2999,307.03,306.2,307.03,109046
2026-07-28 13:57:00,306.985,307.05,306.8,306.93,52480
2026-07-28 13:58:00,306.935,307.165,306.84,307.165,62071
2026-07-28 13:59:00,307.16,307.39,307.0902,307.1527,70447
2026-07-28 14:00:00,307.08,307.46,307.03,307.1101,122237
2026-07-28 14:01:00,307.12,307.185,306.401,306.401,66308
2026-07-28 14:02:00,306.43,306.65,306.2005,306.3399,48380
2026-07-28 14:03:00,306.305,306.5699,306.305,306.35,34144
2026-07-28 14:04:00,306.3499,306.45,306.26,306.41,30550
2026-07-28 14:05:00,306.37,306.45,306.05,306.205,44604
2026-07-28 14:06:00,306.23,306.2799,306.08,306.08,31930
2026-07-28 14:07:00,306.06,306.19,305.94,306.115,68313
2026-07-28 14:08:00,306.13,306.38,305.83,305.94,80879
2026-07-28 14:09:00,305.935,306.2566,305.7622,306.12,48910
2026-07-28 14:10:00,306.03,306.25,305.99,306.2495,41016
2026-07-28 14:11:00,306.22,306.27,305.84,305.915,36140
2026-07-28 14:12:00,305.9,306.12,305.85,306.01,31310
2026-07-28 14:13:00,306.015,306.22,305.98,306.18,51210
2026-07-28 14:14:00,306.18,306.19,305.82,305.97,42506
2026-07-28 14:15:00,305.93,306.54,305.93,306.53,75273
2026-07-28 14:16:00,306.53,306.56,306.36,306.43,49560
2026-07-28 14:17:00,306.45,306.45,306.16,306.17,39301
2026-07-28 14:18:00,306.165,306.31,306.13,306.31,27522
2026-07-28 14:19:00,306.31,306.54,306.2511,306.49,35425
2026-07-28 14:20:00,306.54,306.63,306.48,306.605,43768
2026-07-28 14:21:00,306.6129,306.67,306.3901,306.51,38055
2026-07-28 14:22:00,306.4704,306.86,306.47,306.8,45219
2026-07-28 14:23:00,306.825,306.84,306.43,306.61,39831
2026-07-28 14:24:00,306.62,306.91,306.56,306.86,36725
2026-07-28 14:25:00,306.83,307.1,306.82,307.0075,53193
2026-07-28 14:26:00,306.9801,307.0699,306.87,306.995,30644
2026-07-28 14:27:00,306.97,307.01,306.81,306.88,33948
2026-07-28 14:28:00,306.98,307.025,306.765,306.795,35403
2026-07-28 14:29:00,306.79,306.8659,306.6101,306.78,42100
2026-07-28 14:30:00,306.8195,307.5995,306.74,307.21,115156
2026-07-28 14:31:00,307.16,307.16,306.89,307.03,52665
2026-07-28 14:32:00,307.0105,307.13,306.89,306.995,23182
2026-07-28 14:33:00,306.995,307.19,306.9,307.1,23759
2026-07-28 14:34:00,307.105,307.25,306.89,306.94,44659
2026-07-28 14:35:00,306.93,307.16,306.8159,306.99,34066
2026-07-28 14:36:00,307.03,307.07,306.86,307.0,30567
2026-07-28 14:37:00,307.015,307.18,306.97,307.18,28434
2026-07-28 14:38:00,307.21,307.2499,307.04,307.15,25189
2026-07-28 14:39:00,307.17,307.17,306.9,306.99,29707
2026-07-28 14:40:00,306.96,307.02,306.5644,306.68,56595
2026-07-28 14:41:00,306.675,306.71,306.53,306.5501,24222
2026-07-28 14:42:00,306.54,306.565,306.26,306.4,77031
2026-07-28 14:43:00,306.36,306.5,306.27,306.4601,44608
2026-07-28 14:44:00,306.4601,306.56,306.21,306.32,41358
2026-07-28 14:45:00,306.34,306.71,306.22,306.625,75233
2026-07-28 14:46:00,306.64,306.9188,306.5701,306.89,44704
2026-07-28 14:47:00,306.86,306.87,306.67,306.765,23104
2026-07-28 14:48:00,306.765,306.85,306.63,306.6319,38741
2026-07-28 14:49:00,306.675,306.8256,306.629,306.702,24652
2026-07-28 14:50:00,306.725,306.9204,306.695,306.88,32440
2026-07-28 14:51:00,306.89,307.0,306.51,306.55,59479
2026-07-28 14:52:00,306.525,306.575,306.25,306.33,46801
2026-07-28 14:53:00,306.33,306.39,305.97,306.03,74573
2026-07-28 14:54:00,306.03,306.25,306.0001,306.07,46162
2026-07-28 14:55:00,306.07,306.4,305.85,306.38,68685
2026-07-28 14:56:00,306.39,306.5285,306.34,306.47,38215
2026-07-28 14:57:00,306.48,306.55,306.3306,306.47,27768
2026-07-28 14:58:00,306.46,306.68,306.44,306.63,29332
2026-07-28 14:59:00,306.62,306.689,306.4815,306.575,71775
2026-07-28 15:00:00,306.57,306.7496,306.43,306.4809,48708
2026-07-28 15:01:00,306.52,306.6199,306.48,306.5932,25059
2026-07-28 15:02:00,306.575,306.655,306.4,306.5,46543
2026-07-28 15:03:00,306.48,306.72,306.42,306.58,58914
2026-07-28 15:04:00,306.58,306.746,306.58,306.5886,46749
2026-07-28 15:05:00,306.58,306.64,306.25,306.37,61736
2026-07-28 15:06:00,306.371,306.4095,306.06,306.12,50584
2026-07-28 15:07:00,306.1,306.2133,305.8611,305.8611,55026
2026-07-28 15:08:00,305.87,305.87,305.56,305.6125,85319
2026-07-28 15:09:00,305.65,305.79,305.56,305.705,46789
2026-07-28 15:10:00,305.68,306.1,305.62,305.8646,56973
2026-07-28 15:11:00,305.86,306.04,305.66,305.73,38917
2026-07-28 15:12:00,305.73,305.7693,305.5701,305.65,275367
2026-07-28 15:13:00,305.6201,305.8396,305.54,305.75,36038
2026-07-28 15:14:00,305.75,306.14,305.745,306.125,59028
2026-07-28 15:15:00,306.14,306.18,305.9001,305.925,36206
2026-07-28 15:16:00,305.92,306.14,305.855,305.91,36957
2026-07-28 15:17:00,305.935,306.11,305.935,306.065,35602
2026-07-28 15:18:00,306.04,306.415,306.03,306.3499,44123
2026-07-28 15:19:00,306.35,306.49,306.225,306.2914,50454
2026-07-28 15:20:00,306.2951,306.57,306.28,306.55,30308
2026-07-28 15:21:00,306.555,306.79,306.51,306.79,40329
2026-07-28 15:22:00,306.7994,306.9699,306.75,306.9314,55808
2026-07-28 15:23:00,306.89,306.93,306.64,306.6401,43244
2026-07-28 15:24:00,306.6789,306.83,306.65,306.72,39495
2026-07-28 15:25:00,306.72,306.88,306.6201,306.73,39653
2026-07-28 15:26:00,306.71,306.8382,306.3822,306.43,66996
2026-07-28 15:27:00,306.413,306.5022,306.3701,306.46,38735
2026-07-28 15:28:00,306.44,306.7365,306.37,306.66,52722
2026-07-28 15:29:00,306.7,306.7899,306.64,306.7,42698
2026-07-28 15:30:00,306.71,306.78,306.37,306.425,77256
2026-07-28 15:31:00,306.42,306.47,306.27,306.455,56902
2026-07-28 15:32:00,306.42,306.5,306.27,306.41,37861
2026-07-28 15:33:00,306.4198,306.54,306.37,306.53,27173
2026-07-28 15:34:00,306.53,306.659,306.45,306.48,35216
2026-07-28 15:35:00,306.48,306.51,305.95,306.015,60549
2026-07-28 15:36:00,305.98,306.1,305.9,305.94,58133
2026-07-28 15:37:00,305.9,305.97,305.77,305.92,61412
2026-07-28 15:38:00,305.895,305.95,305.7,305.88,51462
2026-07-28 15:39:00,305.89,305.91,305.4001,305.43,93791
2026-07-28 15:40:00,305.43,305.63,305.4,305.455,61199
2026-07-28 15:41:00,305.46,305.5797,305.3,305.5797,54503
2026-07-28 15:42:00,305.555,305.73,305.52,305.66,57948
2026-07-28 15:43:00,305.6671,305.84,305.61,305.61,57139
2026-07-28 15:44:00,305.639,305.68,305.56,305.62,40981
2026-07-28 15:45:00,305.615,305.93,305.59,305.885,71751
2026-07-28 15:46:00,305.8828,305.93,305.8301,305.88,40434
2026-07-28 15:47:00,305.87,305.9,305.65,305.82,54934
2026-07-28 15:48:00,305.81,306.0,305.81,305.925,49402
2026-07-28 15:49:00,305.925,306.1,305.89,306.1,71161
2026-07-28 15:50:00,306.04,306.1,305.04,305.25,177145
2026-07-28 15:51:00,305.23,305.48,305.21,305.4588,73558
2026-07-28 15:52:00,305.44,305.77,305.42,305.765,101822
2026-07-28 15:53:00,305.79,306.485,305.77,306.42,115315
2026-07-28 15:54:00,306.44,306.67,306.24,306.555,162935
2026-07-28 15:55:00,306.53,306.53,306.126,306.41,163498
2026-07-28 15:56:00,306.39,306.5095,306.195,306.49,111525
2026-07-28 15:57:00,306.46,306.67,306.38,306.54,141566
2026-07-28 15:58:00,306.54,306.88,306.45,306.86,202458
2026-07-28 15:59:00,306.84,307.5,306.8,307.4874,500841
2026-07-28 16:00:00,307.44,309.0,307.0,308.6141,2054031
2026-07-28 16:01:00,308.43,308.83,307.5,307.61,0
2026-07-28 16:02:00,307.55,307.88,307.5,307.6204,0
2026-07-28 16:03:00,307.65,307.93,307.1,307.3268,0
2026-07-28 16:04:00,307.3246,307.44,306.865,307.1845,0
2026-07-28 16:05:00,307.14,307.2,306.5,307.0775,0
2026-07-28 16:06:00,307.0186,307.2,306.04,307.18,0
2026-07-28 16:07:00,307.1,307.2,306.8,306.8865,0
2026-07-28 16:08:00,306.8829,307.44,306.75,306.93,0
2026-07-28 16:09:00,306.9291,306.93,306.75,306.91,0
2026-07-28 16:10:00,306.8,307.44,306.8,306.9285,0
2026-07-28 16:11:00,306.9297,306.93,306.8032,306.9254,0
2026-07-28 16:12:00,306.9254,306.93,306.85,306.89,0
2026-07-28 16:13:00,306.8992,306.93,306.88,306.9291,0
2026-07-28 16:14:00,306.92,306.93,306.8025,306.8975,0
2026-07-28 16:15:00,307.44,307.44,306.8,306.8,0
2026-07-28 16:16:00,306.92,306.93,306.8,306.9264,0
2026-07-28 16:17:00,306.91,307.44,306.82,306.88,0
2026-07-28 16:18:00,306.88,306.93,306.88,306.88,0
2026-07-28 16:19:00,306.9281,306.93,306.89,306.92,0
2026-07-28 16:20:00,307.44,307.44,306.88,306.9018,0
2026-07-28 16:21:00,306.9018,306.93,306.7684,306.8,0
2026-07-28 16:22:00,306.8,306.93,306.8,306.85,0
2026-07-28 16:23:00,306.8583,306.87,306.81,306.81,0
2026-07-28 16:24:00,306.8488,306.86,306.75,306.81,0
2026-07-28 16:25:00,306.81,306.81,306.73,306.76,0
2026-07-28 16:26:00,306.8029,306.81,306.74,306.76,0
2026-07-28 16:27:00,306.76,306.81,306.74,306.803,0
2026-07-28 16:28:00,306.7412,307.44,306.7412,306.7731,0
2026-07-28 16:29:00,306.771,306.81,306.77,306.81,0
2026-07-28 16:30:00,306.8,306.8099,306.71,306.74,0
2026-07-28 16:31:00,306.73,306.74,306.58,306.72,0
2026-07-28 16:32:00,306.7151,306.74,306.7,306.728,0
2026-07-28 16:33:00,306.728,306.74,306.6,306.635,0
2026-07-28 16:34:00,306.6307,306.65,306.4001,306.52,0
2026-07-28 16:35:00,306.7387,306.81,306.52,306.7,0
2026-07-28 16:36:00,306.81,306.81,306.64,306.8,0
2026-07-28 16:37:00,306.8,306.8,306.5372,306.6384,0
2026-07-28 16:38:00,306.59,306.8052,306.5597,306.6247,0
2026-07-28 16:39:00,306.8052,306.8055,306.6345,306.66,0
2026-07-28 16:40:00,306.66,306.736,306.5612,306.73,0
2026-07-28 16:41:00,306.71,306.73,306.6,306.6828,0
2026-07-28 16:42:00,306.63,306.75,306.6086,306.7,0
2026-07-28 16:43:00,306.6215,306.75,306.6001,306.7,0
2026-07-28 16:44:00,306.6413,306.75,306.6,306.69,0
2026-07-28 16:45:00,306.9779,306.9779,306.6003,306.7935,0
2026-07-28 16:46:00,306.79,306.81,306.65,306.78,0
2026-07-28 16:47:00,306.7447,307.44,301.7349,306.78,0
2026-07-28 16:48:00,306.78,306.78,306.6,306.74,0
2026-07-28 16:49:00,306.74,306.78,306.53,306.53,0
2026-07-28 16:50:00,306.5476,306.81,306.5301,306.5923,0
2026-07-28 16:51:00,306.55,306.61,306.5,306.5912,0
2026-07-28 16:52:00,306.5,306.6067,306.4838,306.5075,0
2026-07-28 16:53:00,306.54,306.54,306.32,306.3975,0
2026-07-28 16:54:00,306.31,306.55,306.31,306.4825,0
2026-07-28 16:55:00,306.53,306.61,306.34,306.61,0
2026-07-28 16:56:00,306.5697,306.61,306.35,306.4422,0
2026-07-28 16:57:00,306.5,306.6,306.13,306.4617,0
2026-07-28 16:58:00,306.3,306.46,306.1,306.4,0
2026-07-28 16:59:00,306.39,306.45,306.18,306.4,0
2026-07-28 17:00:00,306.4,306.61,296.5956,306.47,0
2026-07-28 17:01:00,306.47,322.6833,306.47,306.5685,0
2026-07-28 17:02:00,306.7799,306.78,306.55,306.6001,0
2026-07-28 17:03:00,306.78,322.6833,306.55,306.65,0
2026-07-28 17:04:00,306.65,306.65,306.5021,306.6025,0
2026-07-28 17:05:00,306.6025,306.61,306.5,306.58,0
2026-07-28 17:06:00,306.5886,306.61,301.7349,306.58,0
2026-07-28 17:07:00,306.61,325.8724,306.3,306.44,0
2026-07-28 17:08:00,306.4975,306.9779,306.36,306.5617,0
2026-07-28 17:09:00,306.57,306.57,306.5,306.57,0
2026-07-28 17:10:00,306.61,306.61,306.5023,306.52,0
2026-07-28 17:11:00,306.53,306.53,306.51,306.5296,0
2026-07-28 17:12:00,306.52,306.53,306.51,306.5289,0
2026-07-28 17:13:00,306.53,306.57,306.5,306.55,0
2026-07-28 17:14:00,306.55,325.8724,306.55,306.55,0
2026-07-28 17:15:00,306.5534,306.61,306.5534,306.6022,0
2026-07-28 17:16:00,306.6054,306.6054,306.59,306.5993,0
2026-07-28 17:17:00,306.6,306.62,306.58,306.6,0
2026-07-28 17:18:00,306.6188,306.62,306.6009,306.6109,0
2026-07-28 17:19:00,306.619,306.62,306.61,306.61,0
2026-07-28 17:20:00,306.6111,306.62,306.6,306.6005,0
2026-07-28 17:21:00,306.6195,306.6195,306.5,306.56,0
2026-07-28 17:22:00,306.56,306.6,306.5,306.5499,0
2026-07-28 17:23:00,306.515,306.55,306.4989,306.4989,0
2026-07-28 17:24:00,306.45,306.5,306.38,306.4233,0
2026-07-28 17:25:00,306.42,306.5,306.4,306.5,0
2026-07-28 17:26:00,306.42,306.5,306.4,306.4845,0
2026-07-28 17:27:00,306.45,306.5,306.41,306.4705,0
2026-07-28 17:28:00,306.47,306.4975,306.37,306.4,0
2026-07-28 17:29:00,306.38,306.4,306.3134,306.36,0
2026-07-28 17:30:00,306.36,306.4,306.21,306.31,0
2026-07-28 17:31:00,306.3,306.36,306.2,306.2785,0
2026-07-28 17:32:00,306.2,306.36,306.2,306.36,0
2026-07-28 17:33:00,306.2996,306.36,306.25,306.36,0
2026-07-28 17:34:00,306.3,306.36,306.1605,306.32,0
2026-07-28 17:35:00,306.36,306.36,306.17,306.29,0
2026-07-28 17:36:00,306.26,306.36,306.16,306.31,0
2026-07-28 17:37:00,306.31,306.36,306.2026,306.221,0
2026-07-28 17:38:00,306.3,306.36,306.25,306.3,0
2026-07-28 17:39:00,306.33,306.5,306.29,306.31,0
2026-07-28 17:40:00,306.4,306.5,306.4,306.45,0
2026-07-28 17:41:00,306.4,306.5,306.4,306.4871,0
2026-07-28 17:42:00,306.5,306.5,306.4302,306.4954,0
2026-07-28 17:43:00,306.48,306.5,306.25,306.4417,0
2026-07-28 17:44:00,306.4329,306.5,306.25,306.3093,0
2026-07-28 17:45:00,306.3,306.34,306.25,306.25,0
2026-07-28 17:46:00,306.25,307.44,306.25,306.2894,0
2026-07-28 17:47:00,306.29,306.29,306.09,306.2561,0
2026-07-28 17:48:00,306.2852,306.2899,306.0,306.22,0
2026-07-28 17:49:00,306.21,306.29,306.1004,306.1386,0
2026-07-28 17:50:00,306.25,306.25,306.0,306.01,0
2026-07-28 17:51:00,306.1,306.1,306.0,306.0173,0
2026-07-28 17:52:00,306.06,306.06,306.0,306.0047,0
2026-07-28 17:53:00,306.02,306.1,306.0,306.0012,0
2026-07-28 17:54:00,306.01,306.1,306.0,306.06,0
2026-07-28 17:55:00,306.05,306.06,306.0,306.05,0
2026-07-28 17:56:00,306.0495,306.05,306.0,306.02,0
2026-07-28 17:57:00,306.04,306.04,306.0,306.0,0
2026-07-28 17:58:00,306.03,306.04,305.99,306.0,0
2026-07-28 17:59:00,305.98,306.1,305.98,306.0814,0
2026-07-28 18:00:00,306.06,306.37,305.59,305.96,0
2026-07-28 18:01:00,305.81,306.0,305.81,306.0,0
2026-07-28 18:02:00,305.99,306.0,305.8,306.0,0
2026-07-28 18:03:00,305.89,306.1,305.89,306.0343,0
2026-07-28 18:04:00,306.09,306.1,306.0,306.06,0
2026-07-28 18:05:00,306.07,306.2,306.0,306.1662,0
2026-07-28 18:06:00,306.18,306.2,306.1,306.15,0
2026-07-28 18:07:00,306.1,306.15,306.1,306.1448,0
2026-07-28 18:08:00,306.15,306.15,306.1322,306.1486,0
2026-07-28 18:09:00,306.15,306.2,306.15,306.2,0
2026-07-28 18:10:00,306.2,306.29,306.11,306.2579,0
2026-07-28 18:11:00,306.24,306.29,306.12,306.2437,0
2026-07-28 18:12:00,306.24,306.24,306.11,306.11,0
2026-07-28 18:13:00,306.11,306.2,306.01,306.02,0
2026-07-28 18:14:00,306.02,306.1,305.7977,305.94,0
2026-07-28 18:15:00,305.8,306.0,305.7,305.9852,0
2026-07-28 18:16:00,305.9,306.0,305.9,305.9997,0
2026-07-28 18:17:00,305.9791,306.0,305.9,305.9867,0
2026-07-28 18:18:00,306.0,306.09,305.7,306.0,0
2026-07-28 18:19:00,305.85,305.85,305.65,305.65,0
2026-07-28 18:20:00,305.66,305.9315,305.66,305.6921,0
2026-07-28 18:21:00,305.8,305.9,305.68,305.72,0
2026-07-28 18:22:00,305.7496,305.79,305.65,305.75,0
2026-07-28 18:23:00,305.71,305.76,305.65,305.73,0
2026-07-28 18:24:00,305.69,305.75,305.6056,305.67,0
2026-07-28 18:25:00,305.6002,305.75,305.59,305.75,0
2026-07-28 18:26:00,305.7268,305.75,305.4,305.67,0
2026-07-28 18:27:00,305.51,305.75,305.481,305.7493,0
2026-07-28 18:28:00,305.659,305.6999,305.55,305.68,0
2026-07-28 18:29:00,305.65,305.6659,305.56,305.6576,0
2026-07-28 18:30:00,305.6,305.7,305.5,305.6547,0
2026-07-28 18:31:00,305.7,305.7,305.6,305.65,0
2026-07-28 18:32:00,305.6726,305.7,305.4,305.4982,0
2026-07-28 18:33:00,305.4793,305.65,305.4,305.4,0
2026-07-28 18:34:00,305.42,305.569,305.4,305.4845,0
2026-07-28 18:35:00,305.41,305.41,305.32,305.35,0
2026-07-28 18:36:00,305.35,305.6,305.32,305.3899,0
2026-07-28 18:37:00,305.4,305.4,305.32,305.33,0
2026-07-28 18:38:00,305.3559,305.36,305.17,305.2,0
2026-07-28 18:39:00,305.15,305.3132,304.85,304.92,0
2026-07-28 18:40:00,304.92,305.3,304.8404,305.0,0
2026-07-28 18:41:00,304.9509,305.32,304.9,305.18,0
2026-07-28 18:42:00,305.2,305.32,305.2,305.2681,0
2026-07-28 18:43:00,305.25,305.32,305.05,305.32,0
2026-07-28 18:44:00,305.2696,305.29,305.1578,305.2897,0
2026-07-28 18:45:00,305.2685,305.29,305.11,305.25,0
2026-07-28 18:46:00,305.1617,305.29,305.05,305.09,0
2026-07-28 18:47:00,305.09,305.09,304.76,304.984,0
2026-07-28 18:48:00,304.76,305.149,304.75,305.12,0
2026-07-28 18:49:00,305.12,305.12,304.78,304.78,0
2026-07-28 18:50:00,304.88,305.0,304.7,304.78,0
2026-07-28 18:51:00,304.71,305.0,304.7,304.8,0
2026-07-28 18:52:00,304.8,305.46,304.6712,304.7267,0
2026-07-28 18:53:00,304.9974,304.9974,304.38,304.61,0
2026-07-28 18:54:00,304.5,305.0,304.35,304.6,0
2026-07-28 18:55:00,304.7,304.91,304.51,304.8,0
2026-07-28 18:56:00,304.51,304.91,304.5,304.518,0
2026-07-28 18:57:00,304.51,304.7218,304.3,304.65,0
2026-07-28 18:58:00,304.8,304.8,304.34,304.374,0
2026-07-28 18:59:00,304.3865,304.6,304.18,304.47,0
2026-07-28 19:00:00,304.2001,304.4041,303.69,303.69,0
2026-07-28 19:01:00,303.8301,304.1899,303.64,303.9,0
2026-07-28 19:02:00,303.64,303.9,303.5,303.6642,0
2026-07-28 19:03:00,303.58,303.68,303.5,303.65,0
2026-07-28 19:04:00,303.68,304.23,303.57,304.1386,0
2026-07-28 19:05:00,303.95,304.43,303.95,304.1987,0
2026-07-28 19:06:00,304.14,304.5,304.1002,304.3,0
2026-07-28 19:07:00,304.2009,304.59,304.0,304.44,0
2026-07-28 19:08:00,304.23,304.4988,304.0,304.3396,0
2026-07-28 19:09:00,304.2,304.4,303.51,303.6,0
2026-07-28 19:10:00,303.5871,303.98,303.48,303.5012,0
2026-07-28 19:11:00,303.5013,303.82,303.48,303.7,0
2026-07-28 19:12:00,303.74,304.2,303.5,303.98,0
2026-07-28 19:13:00,303.92,304.4,303.86,304.34,0
2026-07-28 19:14:00,304.4,304.8,304.12,304.6,0
2026-07-28 19:15:00,304.612,304.75,304.03,304.6049,0
2026-07-28 19:16:00,304.59,304.59,304.2711,304.5,0
2026-07-28 19:17:00,304.5,304.83,304.4339,304.65,0
2026-07-28 19:18:00,304.675,304.89,304.4013,304.4013,0
2026-07-28 19:19:00,304.5,304.9,304.49,304.75,0
2026-07-28 19:20:00,304.69,304.9,304.46,304.6174,0
2026-07-28 19:21:00,304.5,304.9,304.45,304.7232,0
2026-07-28 19:22:00,304.97,305.28,304.72,305.2,0
2026-07-28 19:23:00,305.2018,305.28,305.0714,305.0714,0
2026-07-28 19:24:00,305.16,305.2,305.1,305.2,0
2026-07-28 19:25:00,305.16,305.16,305.1,305.16,0
2026-07-28 19:26:00,305.16,305.32,305.12,305.2,0
2026-07-28 19:27:00,305.2,305.2,305.0272,305.1545,0
2026-07-28 19:28:00,305.19,305.5,305.03,305.37,0
2026-07-28 19:29:00,305.32,305.55,305.1,305.48,0
2026-07-28 19:30:00,305.4,305.55,305.12,305.12,0
2026-07-28 19:31:00,305.12,305.55,305.12,305.4,0
2026-07-28 19:32:00,305.4,305.4,305.01,305.0172,0
2026-07-28 19:33:00,305.2,305.69,305.2,305.51,0
2026-07-28 19:34:00,305.69,305.69,305.3,305.59,0
2026-07-28 19:35:00,305.58,305.66,305.3,305.66,0
2026-07-28 19:36:00,305.66,305.6888,305.55,305.55,0
2026-07-28 19:37:00,305.66,305.66,305.55,305.55,0
2026-07-28 19:38:00,305.5593,305.6,305.4242,305.54,0
2026-07-28 19:39:00,305.569,305.6,305.4,305.5,0
2026-07-28 19:40:00,305.5,305.66,305.4,305.55,0
2026-07-28 19:41:00,305.66,305.88,305.5236,305.8,0
2026-07-28 19:42:00,305.6941,305.878,305.5195,305.6444,0
2026-07-28 19:43:00,305.6,305.69,305.5279,305.5973,0
2026-07-28 19:44:00,305.86,306.62,305.824,306.62,0
2026-07-28 19:45:00,306.503,306.6,306.27,306.43,0
2026-07-28 19:46:00,306.62,306.62,306.0012,306.5,0
2026-07-28 19:47:00,306.5828,306.62,306.39,306.6118,0
2026-07-28 19:48:00,306.6,306.62,306.4,306.59,0
2026-07-28 19:49:00,306.59,306.62,306.39,306.62,0
2026-07-28 19:50:00,306.62,306.62,306.51,306.62,0
2026-07-28 19:51:00,306.61,306.62,306.5,306.5111,0
2026-07-28 19:52:00,306.52,306.6,306.38,306.59,0
2026-07-28 19:53:00,306.55,306.6,306.33,306.4106,0
2026-07-28 19:54:00,306.44,306.6,306.3,306.48,0
2026-07-28 19:55:00,306.4056,306.6,306.3,306.59,0
2026-07-28 19:56:00,306.58,306.62,306.4,306.5083,0
2026-07-28 19:57:00,306.62,306.75,306.46,306.68,0
2026-07-28 19:58:00,306.68,306.8,306.68,306.7809,0
2026-07-28 19:59:00,306.7999,306.86,306.72,306.86,0
2026-07-29 04:00:00,306.89,306.91,301.8772,306.44,0
2026-07-29 04:01:00,306.404,306.93,301.77,303.69,0
2026-07-29 04:02:00,306.15,306.36,305.456,305.6,0
2026-07-29 04:03:00,305.6,306.07,305.6,305.85,0
2026-07-29 04:04:00,305.9988,305.9988,302.0,302.0,0
2026-07-29 04:05:00,305.3,306.77,301.86,303.15,0
2026-07-29 04:06:00,303.51,305.9239,303.5,304.0,0
2026-07-29 04:07:00,305.76,305.968,303.74,305.35,0
2026-07-29 04:08:00,306.1,306.75,305.6217,305.6321,0
2026-07-29 04:09:00,305.6232,305.6232,305.0,305.3638,0
2026-07-29 04:10:00,305.33,305.3688,305.1,305.28,0
2026-07-29 04:11:00,305.1,305.3275,305.1,305.1518,0
2026-07-29 04:12:00,305.37,305.37,304.8627,304.95,0
2026-07-29 04:13:00,304.8,304.9009,304.69,304.9,0
2026-07-29 04:14:00,304.8767,304.9,304.65,304.65,0
2026-07-29 04:15:00,304.6897,304.7232,304.6,304.6,0
2026-07-29 04:16:00,304.69,305.0,304.683,305.0,0
2026-07-29 04:17:00,305.0,305.37,304.91,305.36,0
2026-07-29 04:18:00,305.0092,305.3607,304.903,304.903,0
2026-07-29 04:19:00,304.9975,305.0995,304.8,304.8,0
2026-07-29 04:20:00,304.947,304.99,304.6085,304.7,0
2026-07-29 04:21:00,304.7,304.934,304.68,304.934,0
2026-07-29 04:22:00,304.704,304.9,304.68,304.68,0
2026-07-29 04:23:00,304.6909,304.77,304.6,304.7,0
2026-07-29 04:24:00,304.6677,304.76,304.6,304.6,0
2026-07-29 04:25:00,304.6,304.6,304.6,304.6,0
2026-07-29 04:26:00,304.6,304.6988,304.166,304.46,0
2026-07-29 04:27:00,304.4988,304.5,304.18,304.5,0
2026-07-29 04:28:00,304.4977,304.5,304.398,304.398,0
2026-07-29 04:29:00,304.3961,304.4773,304.3612,304.375,0
2026-07-29 04:30:00,304.4697,304.994,304.34,304.9792,0
2026-07-29 04:31:00,304.97,305.19,304.96,305.1,0
2026-07-29 04:32:00,305.1437,305.31,305.1065,305.31,0
2026-07-29 04:33:00,305.3388,305.3388,305.1334,305.1334,0
2026-07-29 04:34:00,305.3,305.3,305.0368,305.05,0
2026-07-29 04:35:00,305.2529,305.2988,305.1,305.2,0
2026-07-29 04:36:00,305.26,305.38,305.2212,305.3493,0
2026-07-29 04:37:00,305.4,305.4952,305.228,305.4952,0
2026-07-29 04:38:00,305.4688,305.47,305.26,305.26,0
2026-07-29 04:39:00,305.4504,305.4504,305.25,305.308,0
2026-07-29 04:40:00,305.37,305.37,304.96,305.291,0
2026-07-29 04:41:00,305.3,305.45,304.91,305.45,0
2026-07-29 04:42:00,305.49,305.49,305.3927,305.3927,0
2026-07-29 04:43:00,305.37,305.86,305.37,305.8122,0
2026-07-29 04:44:00,305.851,305.8588,305.7273,305.7273,0
2026-07-29 04:45:00,305.74,305.8774,305.74,305.8774,0
2026-07-29 04:46:00,305.8731,306.0,305.83,306.0,0
2026-07-29 04:47:00,306.0,306.0,305.87,305.9724,0
2026-07-29 04:48:00,306.0,306.05,305.83,305.99,0
2026-07-29 04:49:00,305.8639,305.9687,305.8639,305.915,0
2026-07-29 04:50:00,306.0,306.05,305.96,306.05,0
2026-07-29 04:51:00,306.05,306.05,306.0,306.0,0
2026-07-29 04:52:00,305.99,306.03,305.99,306.0077,0
2026-07-29 04:53:00,306.03,306.2844,306.0012,306.15,0
2026-07-29 04:54:00,306.2537,306.2537,305.9,305.9935,0
2026-07-29 04:55:00,305.9,305.9935,305.9,305.9864,0
2026-07-29 04:56:00,306.0,306.1072,305.8855,306.05,0
2026-07-29 04:57:00,305.83,305.83,305.83,305.83,0
2026-07-29 04:58:00,305.91,305.91,305.7,305.87,0
2026-07-29 04:59:00,305.7145,305.7145,305.5207,305.7145,0
2026-07-29 05:00:00,305.69,305.72,305.51,305.67,0
2026-07-29 05:01:00,305.77,305.87,305.77,305.86,0
2026-07-29 05:02:00,305.87,306.0,305.87,306.0,0
2026-07-29 05:03:00,306.05,306.2988,306.0,306.22,0
2026-07-29 05:04:00,306.3,306.3,306.19,306.19,0
2026-07-29 05:05:00,306.19,306.2988,306.19,306.21,0
2026-07-29 05:06:00,306.14,306.14,306.03,306.05,0
2026-07-29 05:07:00,306.0,306.2988,305.92,306.2988,0
2026-07-29 05:08:00,306.21,306.21,306.02,306.02,0
2026-07-29 05:09:00,306.1693,306.4997,306.16,306.4997,0
2026-07-29 05:10:00,306.59,306.59,306.46,306.52,0
2026-07-29 05:11:00,306.4761,306.64,306.31,306.47,0
2026-07-29 05:12:00,306.6988,306.6988,306.4757,306.6688,0
2026-07-29 05:13:00,306.6122,306.6962,306.2612,306.65,0
2026-07-29 05:14:00,306.58,306.67,306.3012,306.65,0
2026-07-29 05:15:00,306.65,306.7,306.34,306.6,0
2026-07-29 05:16:00,306.67,306.7,306.5578,306.6,0
2026-07-29 05:17:00,306.6962,306.7,306.5,306.62,0
2026-07-29 05:18:00,306.6487,306.6487,306.2202,306.62,0
2026-07-29 05:19:00,306.68,306.68,306.38,306.6597,0
2026-07-29 05:20:00,306.63,306.6523,306.3385,306.56,0
2026-07-29 05:21:00,306.3367,306.6544,306.3367,306.5813,0
2026-07-29 05:22:00,306.65,306.7,306.6,306.7,0
2026-07-29 05:23:00,306.7,306.7965,306.5,306.65,0
2026-07-29 05:24:00,306.53,306.53,306.3592,306.3646,0
2026-07-29 05:25:00,306.53,306.66,306.3412,306.66,0
2026-07-29 05:26:00,306.66,306.66,306.42,306.425,0
2026-07-29 05:27:00,306.51,306.6542,306.3345,306.43,0
2026-07-29 05:28:00,306.37,306.51,306.3,306.3857,0
2026-07-29 05:29:00,306.38,306.42,306.3,306.3,0
2026-07-29 05:30:00,306.39,306.39,306.22,306.36,0
2026-07-29 05:31:00,306.34,306.4,306.2037,306.31,0
2026-07-29 05:32:00,306.2977,306.3,306.28,306.3,0
2026-07-29 05:33:00,306.2977,306.2977,306.21,306.28,0
2026-07-29 05:34:00,306.28,306.366,306.2137,306.32,0
2026-07-29 05:35:00,306.4,306.4352,306.21,306.28,0
2026-07-29 05:36:00,306.35,306.5088,306.2527,306.36,0
2026-07-29 05:37:00,306.313,306.5,306.313,306.49,0
2026-07-29 05:38:00,306.58,306.6,306.5,306.6,0
2026-07-29 05:39:00,306.66,306.7,306.3914,306.4049,0
2026-07-29 05:40:00,306.4085,306.7315,306.4077,306.6027,0
2026-07-29 05:41:00,306.6027,306.67,306.507,306.5075,0
2026-07-29 05:42:00,306.795,306.795,306.605,306.77,0
2026-07-29 05:43:00,306.78,306.79,306.6047,306.771,0
2026-07-29 05:44:00,306.771,306.98,306.7,306.9317,0
2026-07-29 05:45:00,306.97,307.19,306.804,307.0362,0
2026-07-29 05:46:00,307.04,307.25,306.9845,306.9845,0
2026-07-29 05:47:00,307.25,307.25,306.99,306.99,0
2026-07-29 05:48:00,307.04,307.2437,306.9808,307.2437,0
2026-07-29 05:49:00,307.15,307.25,307.1135,307.25,0
2026-07-29 05:50:00,307.3,307.53,307.3,307.5,0
2026-07-29 05:51:00,307.5,307.6,307.4,307.55,0
2026-07-29 05:52:00,307.58,307.7996,307.51,307.796,0
2026-07-29 05:53:00,307.75,307.7837,307.406,307.571,0
2026-07-29 05:54:00,307.54,307.5688,307.4,307.42,0
2026-07-29 05:55:00,307.46,307.46,307.0,307.144,0
2026-07-29 05:56:00,307.0,307.1,306.91,307.0962,0
2026-07-29 05:57:00,307.1,307.1,307.0025,307.1,0
2026-07-29 05:58:00,307.09,307.25,307.0,307.11,0
2026-07-29 05:59:00,307.0284,307.1,306.97,307.02,0
2026-07-29 06:00:00,307.22,307.35,306.95,307.35,0
2026-07-29 06:01:00,307.35,307.35,306.92,307.2176,0
2026-07-29 06:02:00,307.2,307.25,307.07,307.25,0
2026-07-29 06:03:00,307.35,307.4,307.1656,307.2704,0
2026-07-29 06:04:00,307.33,307.35,307.32,307.35,0
2026-07-29 06:05:00,307.312,307.5,307.2986,307.2986,0
2026-07-29 06:06:00,307.35,307.46,307.0712,307.109,0
2026-07-29 06:07:00,307.0027,307.11,307.0,307.0,0
2026-07-29 06:08:00,307.38,307.38,306.9512,307.0732,0
2026-07-29 06:09:00,306.9963,307.4588,306.9532,307.4588,0
2026-07-29 06:10:00,307.17,307.46,306.95,307.0,0
2026-07-29 06:11:00,307.0,307.0,306.94,306.96,0
2026-07-29 06:12:00,306.96,307.05,306.85,306.86,0
2026-07-29 06:13:00,306.85,306.86,306.69,306.78,0
2026-07-29 06:14:00,306.82,306.8324,306.74,306.8324,0
2026-07-29 06:15:00,306.86,306.9,306.85,306.9,0
2026-07-29 06:16:00,306.89,307.3088,306.81,306.91,0
2026-07-29 06:17:00,306.7912,307.06,306.7912,306.93,0
2026-07-29 06:18:00,306.8,306.9252,306.8,306.9,0
2026-07-29 06:19:00,306.82,306.82,306.584,306.695,0
2026-07-29 06:20:00,306.6927,306.89,306.62,306.85,0
2026-07-29 06:21:00,306.8811,306.93,306.829,306.8317,0
2026-07-29 06:22:00,306.9267,306.9267,306.8032,306.8495,0
2026-07-29 06:23:00,306.9,307.0,306.6344,306.6344,0
2026-07-29 06:24:00,306.8,306.8,306.6,306.62,0
2026-07-29 06:25:00,306.65,306.8085,306.6,306.7482,0
2026-07-29 06:26:00,306.7391,306.94,306.68,306.7503,0
2026-07-29 06:27:00,306.86,306.8962,306.6924,306.75,0
2026-07-29 06:28:00,306.8432,306.8432,306.8,306.8,0
2026-07-29 06:29:00,306.8,306.95,306.7527,306.9001,0
2026-07-29 06:30:00,307.3377,307.46,306.6812,306.8,0
2026-07-29 06:31:00,306.797,306.7988,306.6,306.614,0
2026-07-29 06:32:00,306.6519,306.8311,306.6167,306.76,0
2026-07-29 06:33:00,306.66,306.89,306.66,306.89,0
2026-07-29 06:34:00,306.66,306.89,306.617,306.89,0
2026-07-29 06:35:00,306.8749,306.8888,306.6167,306.86,0
2026-07-29 06:36:00,306.66,306.8245,306.6052,306.6052,0
2026-07-29 06:37:00,306.65,306.79,306.57,306.6706,0
2026-07-29 06:38:00,306.6657,306.7265,306.25,306.39,0
2026-07-29 06:39:00,306.39,306.48,306.35,306.4,0
2026-07-29 06:40:00,306.256,306.4817,306.256,306.45,0
2026-07-29 06:41:00,306.25,306.62,306.25,306.59,0
2026-07-29 06:42:00,306.807,307.2,306.4875,307.2,0
2026-07-29 06:43:00,307.18,307.18,306.87,306.87,0
2026-07-29 06:44:00,306.8957,307.0127,306.7372,307.0127,0
2026-07-29 06:45:00,306.7577,306.8988,306.7,306.8957,0
2026-07-29 06:46:00,306.8802,306.8802,306.5485,306.6725,0
2026-07-29 06:47:00,306.7,306.7,306.5,306.5,0
2026-07-29 06:48:00,306.65,306.65,306.5,306.5824,0
2026-07-29 06:49:00,306.65,306.72,306.61,306.72,0
2026-07-29 06:50:00,306.65,306.76,306.59,306.59,0
2026-07-29 06:51:00,306.68,306.73,306.3,306.48,0
2026-07-29 06:52:00,306.48,306.5227,306.28,306.28,0
2026-07-29 06:53:00,306.21,306.2487,306.0,306.2001,0
2026-07-29 06:54:00,306.25,306.46,306.2,306.25,0
2026-07-29 06:55:00,306.25,306.25,306.0109,306.15,0
2026-07-29 06:56:00,306.07,306.255,306.0,306.1,0
2026-07-29 06:57:00,306.0278,306.17,306.0278,306.1474,0
2026-07-29 06:58:00,306.1,306.2,305.92,306.03,0
2026-07-29 06:59:00,306.03,306.1,305.89,306.004,0
2026-07-29 07:00:00,306.075,306.67,306.01,306.67,0
2026-07-29 07:01:00,306.58,307.02,306.58,307.02,0
2026-07-29 07:02:00,307.0341,307.2,306.8,306.8,0
2026-07-29 07:03:00,306.94,307.0446,306.88,306.99,0
2026-07-29 07:04:00,306.991,307.09,306.87,307.078,0
2026-07-29 07:05:00,307.05,307.2401,306.58,306.8738,0
2026-07-29 07:06:00,306.8738,306.8738,306.2803,306.63,0
2026-07-29 07:07:00,306.58,307.1632,306.58,307.02,0
2026-07-29 07:08:00,307.0279,307.43,306.98,307.3249,0
2026-07-29 07:09:00,307.3106,308.28,307.3106,308.1,0
2026-07-29 07:10:00,308.28,308.59,307.79,308.58,0
2026-07-29 07:11:00,308.53,309.2,308.53,308.97,0
2026-07-29 07:12:00,309.11,309.2,308.4812,308.69,0
2026-07-29 07:13:00,308.6847,308.7,308.41,308.5342,0
2026-07-29 07:14:00,308.55,309.0,308.4,308.6397,0
2026-07-29 07:15:00,308.54,308.7874,308.5,308.65,0
2026-07-29 07:16:00,308.6632,308.8,308.5,308.6232,0
2026-07-29 07:17:00,308.65,308.83,308.44,308.71,0
2026-07-29 07:18:00,308.6487,308.98,308.63,308.8,0
2026-07-29 07:19:00,308.8,308.88,308.52,308.6778,0
2026-07-29 07:20:00,308.45,308.7,308.45,308.7,0
2026-07-29 07:21:00,308.6204,308.8,308.62,308.8,0
2026-07-29 07:22:00,308.7312,308.8966,308.64,308.75,0
2026-07-29 07:23:00,308.75,309.1,308.6972,308.9,0
2026-07-29 07:24:00,308.95,309.1,308.66,308.6612,0
2026-07-29 07:25:00,308.62,308.7488,308.47,308.62,0
2026-07-29 07:26:00,308.62,308.94,308.47,308.74,0
2026-07-29 07:27:00,308.73,308.96,308.5,308.85,0
2026-07-29 07:28:00,308.86,308.86,308.5511,308.6427,0
2026-07-29 07:29:00,308.73,308.73,308.5,308.6188,0
2026-07-29 07:30:00,308.6,308.79,308.41,308.7606,0
2026-07-29 07:31:00,308.6,308.79,308.41,308.7359,0
2026-07-29 07:32:00,308.7359,308.79,308.21,308.49,0
2026-07-29 07:33:00,308.4201,308.48,308.12,308.2717,0
2026-07-29 07:34:00,308.25,308.42,308.17,308.34,0
2026-07-29 07:35:00,308.34,308.4,308.1757,308.23,0
2026-07-29 07:36:00,308.31,308.31,308.0,308.06,0
2026-07-29 07:37:00,308.13,308.29,308.05,308.1511,0
2026-07-29 07:38:00,308.1717,308.31,308.15,308.25,0
2026-07-29 07:39:00,308.27,308.27,307.92,307.92,0
2026-07-29 07:40:00,308.13,308.24,307.92,308.19,0
2026-07-29 07:41:00,308.1895,308.19,308.03,308.19,0
2026-07-29 07:42:00,308.19,308.5,308.12,308.2867,0
2026-07-29 07:43:00,308.253,308.35,308.2,308.29,0
2026-07-29 07:44:00,308.42,308.42,308.2,308.2082,0
2026-07-29 07:45:00,308.2822,308.3755,308.2,308.3,0
2026-07-29 07:46:00,308.2,308.33,308.1204,308.2863,0
2026-07-29 07:47:00,308.47,308.47,308.1722,308.4192,0
2026-07-29 07:48:00,308.4165,308.5,308.21,308.5,0
2026-07-29 07:49:00,308.45,308.74,308.4,308.58,0
2026-07-29 07:50:00,308.64,308.73,308.29,308.5304,0
2026-07-29 07:51:00,308.629,308.629,308.17,308.45,0
2026-07-29 07:52:00,308.36,308.69,308.2413,308.3,0
2026-07-29 07:53:00,308.47,308.59,308.21,308.3013,0
2026-07-29 07:54:00,308.3,308.62,308.2604,308.45,0
2026-07-29 07:55:00,308.45,308.45,308.23,308.38,0
2026-07-29 07:56:00,308.4484,308.66,308.37,308.5714,0
2026-07-29 07:57:00,308.64,308.6614,308.45,308.5849,0
2026-07-29 07:58:00,308.6,308.65,308.5217,308.58,0
2026-07-29 07:59:00,308.6611,308.88,308.63,308.7104,0
2026-07-29 08:00:00,308.82,308.85,308.5047,308.65,0
2026-07-29 08:01:00,308.65,308.7,308.5,308.7,0
2026-07-29 08:02:00,308.7,308.75,308.43,308.46,0
2026-07-29 08:03:00,308.58,308.58,308.33,308.53,0
2026-07-29 08:04:00,308.5944,308.65,308.4,308.55,0
2026-07-29 08:05:00,308.5348,308.6,308.4198,308.5204,0
2026-07-29 08:06:00,308.39,308.65,308.39,308.4863,0
2026-07-29 08:07:00,308.53,308.53,308.07,308.1,0
2026-07-29 08:08:00,308.1,308.1,307.79,308.0,0
2026-07-29 08:09:00,307.94,308.1507,307.8132,307.85,0
2026-07-29 08:10:00,307.8204,307.93,307.79,307.81,0
2026-07-29 08:11:00,307.9112,308.21,307.86,308.1543,0
2026-07-29 08:12:00,308.054,308.21,307.9479,308.0179,0
2026-07-29 08:13:00,308.0825,308.1246,307.92,307.92,0
2026-07-29 08:14:00,307.9442,308.0835,307.65,307.92,0
2026-07-29 08:15:00,307.95,307.95,307.65,307.731,0
2026-07-29 08:16:00,307.7,307.7455,307.01,307.22,0
2026-07-29 08:17:00,307.19,307.22,306.81,306.9413,0
2026-07-29 08:18:00,306.8885,306.95,306.67,306.8853,0
2026-07-29 08:19:00,306.8881,306.96,306.8,306.88,0
2026-07-29 08:20:00,306.96,306.96,306.8,306.9,0
2026-07-29 08:21:00,306.96,307.1426,306.81,306.84,0
2026-07-29 08:22:00,306.98,307.0217,306.2177,306.2177,0
2026-07-29 08:23:00,306.44,306.9837,306.32,306.75,0
2026-07-29 08:24:00,306.9281,306.99,306.74,306.74,0
2026-07-29 08:25:00,306.72,306.99,306.55,306.7251,0
2026-07-29 08:26:00,306.9259,307.0,306.71,306.9842,0
2026-07-29 08:27:00,306.94,306.99,306.83,306.83,0
2026-07-29 08:28:00,306.85,306.97,306.8315,306.9,0
2026-07-29 08:29:00,306.95,306.97,306.6874,306.6874,0
2026-07-29 08:30:00,306.8925,306.8925,306.2,306.66,0
2026-07-29 08:31:00,306.82,306.82,306.2767,306.5797,0
2026-07-29 08:32:00,306.62,306.8095,306.4,306.65,0
2026-07-29 08:33:00,306.7,306.7884,306.46,306.7281,0
2026-07-29 08:34:00,306.7,306.91,306.4702,306.8745,0
2026-07-29 08:35:00,306.79,307.31,306.77,307.17,0
2026-07-29 08:36:00,307.04,307.31,306.91,307.1,0
2026-07-29 08:37:00,307.1,307.1,307.0,307.002,0
2026-07-29 08:38:00,307.016,307.14,307.0,307.1,0
2026-07-29 08:39:00,307.35,307.35,307.01,307.0412,0
2026-07-29 08:40:00,307.1,307.1365,306.91,307.04,0
2026-07-29 08:41:00,306.9301,307.15,306.9301,307.135,0
2026-07-29 08:42:00,307.12,307.35,307.05,307.15,0
2026-07-29 08:43:00,307.22,307.35,307.1,307.3286,0
2026-07-29 08:44:00,307.3286,307.49,307.25,307.485,0
2026-07-29 08:45:00,307.38,307.5,307.3372,307.3997,0
2026-07-29 08:46:00,307.3985,307.4,307.1,307.1738,0
2026-07-29 08:47:00,307.1732,307.24,307.0214,307.1004,0
2026-07-29 08:48:00,307.28,307.4,307.09,307.25,0
2026-07-29 08:49:00,307.3495,307.44,307.19,307.44,0
2026-07-29 08:50:00,307.42,307.44,307.3166,307.4146,0
2026-07-29 08:51:00,307.41,307.44,307.32,307.44,0
2026-07-29 08:52:00,307.4337,307.4337,307.32,307.3687,0
2026-07-29 08:53:00,307.36,307.44,307.3428,307.36,0
2026-07-29 08:54:00,307.4,307.6588,307.19,307.51,0
2026-07-29 08:55:00,307.5043,307.61,307.38,307.49,0
2026-07-29 08:56:00,307.5175,307.7544,307.4083,307.5977,0
2026-07-29 08:57:00,307.59,307.79,307.5,307.59,0
2026-07-29 08:58:00,307.5733,307.58,307.18,307.2295,0
2026-07-29 08:59:00,307.35,307.35,307.23,307.268,0
2026-07-29 09:00:00,307.2775,307.35,307.14,307.25,0
2026-07-29 09:01:00,307.18,307.35,307.18,307.32,0
2026-07-29 09:02:00,307.44,307.55,307.24,307.31,0
2026-07-29 09:03:00,307.3862,307.3862,307.1,307.1479,0
2026-07-29 09:04:00,307.09,307.13,306.91,307.0114,0
2026-07-29 09:05:00,306.9911,307.15,306.91,306.92,0
2026-07-29 09:06:00,306.98,307.23,306.77,306.8848,0
2026-07-29 09:07:00,306.8002,307.0,306.77,306.91,0
2026-07-29 09:08:00,306.87,306.9491,306.83,306.94,0
2026-07-29 09:09:00,306.91,307.27,306.84,307.0153,0
2026-07-29 09:10:00,307.11,307.19,306.9394,307.07,0
2026-07-29 09:11:00,307.0315,307.0739,306.91,307.05,0
2026-07-29 09:12:00,307.04,307.04,306.91,306.9758,0
2026-07-29 09:13:00,306.91,306.99,306.91,306.9579,0
2026-07-29 09:14:00,306.97,307.115,306.94,306.99,0
2026-07-29 09:15:00,306.99,307.1,306.97,307.0112,0
2026-07-29 09:16:00,307.06,307.07,306.95,307.0,0
2026-07-29 09:17:00,307.0,307.06,306.77,306.8169,0
2026-07-29 09:18:00,306.82,306.89,306.55,306.55,0
2026-07-29 09:19:00,306.76,306.76,306.55,306.57,0
2026-07-29 09:20:00,306.57,306.7626,306.49,306.598,0
2026-07-29 09:21:00,306.6082,306.99,306.5992,306.7603,0
2026-07-29 09:22:00,306.78,307.0,306.78,306.92,0
2026-07-29 09:23:00,306.764,306.92,306.76,306.9,0
2026-07-29 09:24:00,306.9063,307.0,306.73,306.9119,0
2026-07-29 09:25:00,306.65,307.3805,306.64,307.23,0
2026-07-29 09:26:00,307.22,307.41,306.97,307.1,0
2026-07-29 09:27:00,307.02,307.2,306.84,306.91,0
2026-07-29 09:28:00,306.95,307.24,306.95,307.01,0
2026-07-29 09:29:00,306.99,307.3,306.84,307.3,0
2026-07-29 09:30:00,307.32,309.045,306.5,306.9587,1416095
2026-07-29 09:31:00,306.905,307.35,305.4,305.47,172100
2026-07-29 09:32:00,305.47,305.8916,304.81,304.93,196854
2026-07-29 09:33:00,305.005,306.0,304.57,305.91,167963
2026-07-29 09:34:00,305.9,306.12,304.88,306.12,157439
2026-07-29 09:35:00,306.12,306.79,305.3967,306.09,127152
2026-07-29 09:36:00,306.1,306.6016,305.66,306.23,119998
2026-07-29 09:37:00,306.24,306.48,305.48,306.14,89870
2026-07-29 09:38:00,306.19,307.64,306.175,306.97,157730
2026-07-29 09:39:00,306.93,307.1294,305.8805,306.18,153036
2026-07-29 09:40:00,306.265,306.43,305.585,306.05,106845
2026-07-29 09:41:00,306.05,306.7714,305.78,306.2601,125533
2026-07-29 09:42:00,306.26,306.7,305.22,305.2245,138398
2026-07-29 09:43:00,305.39,305.4399,304.75,305.2291,127585
2026-07-29 09:44:00,305.17,305.8,305.15,305.465,92544
2026-07-29 09:45:00,305.585,306.0983,305.1701,305.87,117195
2026-07-29 09:46:00,305.915,306.0499,305.2,305.34,97424
2026-07-29 09:47:00,305.35,305.46,305.1,305.43,122318
2026-07-29 09:48:00,305.435,305.7296,304.63,304.74,94709
2026-07-29 09:49:00,304.685,306.18,304.63,306.18,106696
2026-07-29 09:50:00,306.185,306.33,305.29,305.5146,132175
2026-07-29 09:51:00,305.45,306.29,305.17,305.47,90916
2026-07-29 09:52:00,305.505,305.68,304.84,305.07,79611
2026-07-29 09:53:00,305.16,305.8,304.96,305.78,71535
2026-07-29 09:54:00,305.755,305.99,304.9,305.5356,70958
2026-07-29 09:55:00,305.51,305.52,304.6114,304.645,108226
2026-07-29 09:56:00,304.625,304.87,303.8801,303.97,173716
2026-07-29 09:57:00,304.0399,304.6699,303.85,304.53,106054
2026-07-29 09:58:00,304.535,305.3,304.4791,305.2,94160
2026-07-29 09:59:00,305.3,306.0,305.1901,305.45,118785
2026-07-29 10:00:00,305.54,306.0586,305.4701,305.82,102449
2026-07-29 10:01:00,305.875,306.25,305.031,305.15,151746
2026-07-29 10:02:00,305.2,306.0899,304.92,305.8332,112816
2026-07-29 10:03:00,305.83,305.83,305.33,305.61,62973
2026-07-29 10:04:00,305.585,305.96,305.45,305.815,51408
2026-07-29 10:05:00,305.85,306.5,305.725,305.84,134774
2026-07-29 10:06:00,305.74,305.75,305.3,305.36,91017
2026-07-29 10:07:00,305.3,305.32,304.66,305.03,99929
2026-07-29 10:08:00,305.0006,305.1345,304.32,304.7388,87329
2026-07-29 10:09:00,304.72,305.0184,304.64,304.89,52548
2026-07-29 10:10:00,304.89,305.13,304.53,305.09,83739
2026-07-29 10:11:00,305.07,305.54,305.0,305.22,122265
2026-07-29 10:12:00,305.21,305.4192,304.6,304.775,64610
2026-07-29 10:13:00,304.725,304.84,304.35,304.64,72986
2026-07-29 10:14:00,304.64,304.77,304.41,304.6,58608
2026-07-29 10:15:00,304.575,305.0,304.37,304.7,70874
2026-07-29 10:16:00,304.76,305.05,304.5,304.81,61839
2026-07-29 10:17:00,304.9,305.0,304.11,304.3,90702
2026-07-29 10:18:00,304.29,304.94,304.0601,304.79,119312
2026-07-29 10:19:00,304.76,305.37,304.4338,305.23,84260
2026-07-29 10:20:00,305.25,305.79,305.115,305.4651,100065
2026-07-29 10:21:00,305.455,305.72,305.37,305.65,71129
2026-07-29 10:22:00,305.63,305.6801,304.93,305.0201,118238
2026-07-29 10:23:00,305.0888,305.19,304.5501,304.665,80282
2026-07-29 10:24:00,304.645,304.6559,304.11,304.47,93716
2026-07-29 10:25:00,304.525,304.57,303.45,303.475,134928
2026-07-29 10:26:00,303.4588,303.49,302.92,302.99,186528
2026-07-29 10:27:00,303.0,303.18,302.4101,302.945,172010
2026-07-29 10:28:00,303.0,303.4,302.93,303.36,81566
2026-07-29 10:29:00,303.36,303.49,303.19,303.33,65341
2026-07-29 10:30:00,303.3208,303.98,303.19,303.8122,114222
2026-07-29 10:31:00,303.83,303.9271,303.3405,303.545,69729
2026-07-29 10:32:00,303.545,304.37,303.38,304.18,98716
2026-07-29 10:33:00,304.185,304.48,303.89,303.975,73623
2026-07-29 10:34:00,303.965,304.46,303.77,304.28,66001
2026-07-29 10:35:00,304.2201,304.4999,303.8001,304.115,44162
2026-07-29 10:36:00,304.115,304.26,303.69,303.86,50113
2026-07-29 10:37:00,303.86,303.9459,303.7001,303.74,48452
2026-07-29 10:38:00,303.765,303.99,303.58,303.9894,49588
2026-07-29 10:39:00,303.97,304.0,303.4,303.4318,64554
2026-07-29 10:40:00,303.465,303.47,302.62,302.9,123340
2026-07-29 10:41:00,302.97,303.26,302.62,302.74,83662
2026-07-29 10:42:00,302.7613,302.7613,302.23,302.23,99899
2026-07-29 10:43:00,302.2888,302.8898,302.23,302.77,49309
2026-07-29 10:44:00,302.74,302.96,302.56,302.72,43928
2026-07-29 10:45:00,302.69,302.92,302.27,302.46,77998
2026-07-29 10:46:00,302.48,302.55,301.955,302.545,152295
2026-07-29 10:47:00,302.53,303.25,302.53,302.8,119362
2026-07-29 10:48:00,302.79,302.9499,302.3801,302.57,64844
2026-07-29 10:49:00,302.49,302.89,302.4126,302.72,46790
2026-07-29 10:50:00,302.79,303.25,302.5401,303.09,65955
2026-07-29 10:51:00,303.09,303.29,302.7,302.88,50579
2026-07-29 10:52:00,302.895,303.28,302.86,303.17,59952
2026-07-29 10:53:00,303.15,303.27,303.01,303.055,50658
2026-07-29 10:54:00,303.055,303.44,303.0101,303.365,82370
2026-07-29 10:55:00,303.365,303.4499,302.8001,302.84,55726
2026-07-29 10:56:00,302.84,303.035,302.76,302.9548,40152
2026-07-29 10:57:00,303.04,303.25,302.71,302.8537,50606
2026-07-29 10:58:00,302.88,303.1,302.6211,302.89,54732
2026-07-29 10:59:00,302.92,303.19,302.86,302.89,35488
2026-07-29 11:00:00,302.8501,303.17,302.25,302.56,90117
2026-07-29 11:01:00,302.56,302.6972,302.34,302.63,120188
2026-07-29 11:02:00,302.665,303.2344,302.6501,303.04,122909
2026-07-29 11:03:00,303.065,303.19,302.67,302.92,85667
2026-07-29 11:04:00,302.96,303.17,302.8,303.17,51805
2026-07-29 11:05:00,303.173,303.21,302.79,303.135,37633
2026-07-29 11:06:00,303.12,303.285,302.76,302.81,48795
2026-07-29 11:07:00,302.835,303.2347,302.774,303.075,42943
2026-07-29 11:08:00,303.1,303.3298,302.9783,303.035,69187
2026-07-29 11:09:00,302.94,302.95,302.58,302.93,126862
2026-07-29 11:10:00,302.935,302.98,302.5,302.5,69087
2026-07-29 11:11:00,302.5,302.5399,301.73,302.1501,134664
2026-07-29 11:12:00,302.18,302.4164,302.04,302.3,60556
2026-07-29 11:13:00,302.275,302.47,302.02,302.13,51245
2026-07-29 11:14:00,302.1699,302.31,301.9101,302.11,42484
2026-07-29 11:15:00,302.17,302.59,302.0,302.59,61799
2026-07-29 11:16:00,302.54,303.08,302.4,302.94,109787
2026-07-29 11:17:00,302.99,303.18,302.47,302.75,87580
2026-07-29 11:18:00,302.83,303.12,302.7322,302.84,46796
2026-07-29 11:19:00,302.8,302.95,302.17,302.19,67889
2026-07-29 11:20:00,302.19,302.25,302.0,302.18,92409
2026-07-29 11:21:00,302.215,302.37,302.05,302.305,37122
2026-07-29 11:22:00,302.35,302.6899,302.21,302.59,46279
2026-07-29 11:23:00,302.63,302.83,302.51,302.83,61434
2026-07-29 11:24:00,302.83,302.88,302.44,302.685,46139
2026-07-29 11:25:00,302.65,303.0,302.42,302.805,72124
2026-07-29 11:26:00,302.8,303.09,302.35,302.445,62504
2026-07-29 11:27:00,302.48,302.679,302.35,302.405,33520
2026-07-29 11:28:00,302.4001,302.79,302.4,302.725,36236
2026-07-29 11:29:00,302.73,302.82,302.55,302.635,34221
2026-07-29 11:30:00,302.6001,303.0299,302.4,302.9695,71222
2026-07-29 11:31:00,302.9681,303.09,302.615,303.0,64726
2026-07-29 11:32:00,302.965,303.2799,302.85,303.2001,58270
2026-07-29 11:33:00,303.14,303.546,303.1001,303.17,75243
2026-07-29 11:34:00,303.113,303.31,303.0,303.2535,46108
2026-07-29 11:35:00,303.29,303.5,302.92,303.445,61911
2026-07-29 11:36:00,303.46,303.58,303.3501,303.58,59547
2026-07-29 11:37:00,303.53,303.67,303.15,303.28,63476
2026-07-29 11:38:00,303.275,303.37,303.07,303.15,40810
2026-07-29 11:39:00,303.15,303.18,302.94,302.94,49709
2026-07-29 11:40:00,302.96,303.14,302.85,302.88,50252
2026-07-29 11:41:00,302.885,303.19,302.885,303.02,36262
2026-07-29 11:42:00,302.97,303.04,302.75,302.815,64543
2026-07-29 11:43:00,302.85,302.87,302.42,302.455,47246
2026-07-29 11:44:00,302.45,302.6999,302.4204,302.52,39957
2026-07-29 11:45:00,302.5,302.65,302.1001,302.21,68270
2026-07-29 11:46:00,302.26,302.66,302.26,302.5501,54402
2026-07-29 11:47:00,302.59,302.63,302.3,302.5,41856
2026-07-29 11:48:00,302.43,302.71,302.35,302.4,64586
2026-07-29 11:49:00,302.36,302.41,302.0701,302.385,64111
2026-07-29 11:50:00,302.34,302.46,302.1,302.31,57249
2026-07-29 11:51:00,302.29,302.5,302.24,302.3,40784
2026-07-29 11:52:00,302.3,302.39,302.0304,302.295,42693
2026-07-29 11:53:00,302.2887,302.32,301.61,301.7899,92245
2026-07-29 11:54:00,301.705,301.705,301.1,301.24,117845
2026-07-29 11:55:00,301.23,301.25,300.6,300.78,208785
2026-07-29 11:56:00,300.7801,300.91,300.575,300.825,98443
2026-07-29 11:57:00,300.79,301.0513,300.74,300.95,89588
2026-07-29 11:58:00,300.9719,300.99,300.62,300.93,78289
2026-07-29 11:59:00,300.9301,301.58,300.9023,301.47,104932
2026-07-29 12:00:00,301.47,301.89,301.4301,301.5,89288
2026-07-29 12:01:00,301.53,301.62,301.05,301.19,79134
2026-07-29 12:02:00,301.21,301.3299,300.99,301.195,80995
2026-07-29 12:03:00,301.18,301.185,300.97,301.045,45516
2026-07-29 12:04:00,300.98,301.069,300.79,300.94,66213
2026-07-29 12:05:00,300.95,301.07,300.59,300.9395,92618
2026-07-29 12:06:00,300.935,301.07,300.63,300.87,74053
2026-07-29 12:07:00,300.83,300.9288,300.65,300.79,60234
2026-07-29 12:08:00,300.805,300.8973,300.65,300.7401,50379
2026-07-29 12:09:00,300.77,300.8799,300.33,300.77,97234
2026-07-29 12:10:00,300.76,300.82,300.45,300.57,73192
2026-07-29 12:11:00,300.54,300.65,300.15,300.37,101469
2026-07-29 12:12:00,300.37,300.49,300.24,300.265,81704
2026-07-29 12:13:00,300.265,300.47,300.21,300.395,66100
2026-07-29 12:14:00,300.3601,300.465,299.84,300.25,568548
2026-07-29 12:15:00,300.2164,300.49,300.0,300.45,122667
2026-07-29 12:16:00,300.45,300.5,299.9701,300.045,108953
2026-07-29 12:17:00,300.045,300.1199,299.7,300.02,121006
2026-07-29 12:18:00,299.995,300.14,299.72,300.095,129378
2026-07-29 12:19:00,300.1195,300.67,300.095,300.4501,125296
2026-07-29 12:20:00,300.5,300.68,300.295,300.56,81970
2026-07-29 12:21:00,300.53,300.77,300.51,300.625,72048
2026-07-29 12:22:00,300.62,300.71,300.4517,300.5004,47429
2026-07-29 12:23:00,300.48,301.13,300.44,300.88,140030
2026-07-29 12:24:00,300.885,301.08,300.6385,300.72,48024
2026-07-29 12:25:00,300.72,300.99,300.72,300.86,47217
2026-07-29 12:26:00,300.9,301.14,300.865,301.12,72441
2026-07-29 12:27:00,301.08,301.1199,300.7868,300.8199,37423
2026-07-29 12:28:00,300.81,300.989,300.67,300.91,44483
2026-07-29 12:29:00,300.94,301.0699,300.83,300.9,42203
2026-07-29 12:30:00,300.895,301.6199,300.82,301.3915,104335
2026-07-29 12:31:00,301.395,301.5,301.16,301.37,55234
2026-07-29 12:32:00,301.39,301.39,300.9,300.9481,71320
2026-07-29 12:33:00,300.95,301.22,300.87,301.1681,44463
2026-07-29 12:34:00,301.17,301.3799,300.9248,301.025,37809
2026-07-29 12:35:00,301.025,301.2,300.91,301.07,37837
2026-07-29 12:36:00,301.1,301.12,300.78,300.85,144777
2026-07-29 12:37:00,300.85,301.1491,300.8281,300.98,57715
2026-07-29 12:38:00,301.005,301.1507,300.87,301.04,33588
2026-07-29 12:39:00,301.02,301.48,300.995,301.2901,69627
2026-07-29 12:40:00,301.28,301.76,301.28,301.73,67102
2026-07-29 12:41:00,301.7,301.84,301.45,301.47,50281
2026-07-29 12:42:00,301.43,301.43,300.89,300.96,53241
2026-07-29 12:43:00,300.955,301.0399,300.8385,300.8385,29366
2026-07-29 12:44:00,300.8,301.439,300.79,301.37,53790
2026-07-29 12:45:00,301.3901,301.3901,301.11,301.125,40125
2026-07-29 12:46:00,301.15,301.36,301.1,301.28,26557
2026-07-29 12:47:00,301.285,301.7,301.26,301.658,45896
2026-07-29 12:48:00,301.65,301.74,301.42,301.51,38691
2026-07-29 12:49:00,301.48,301.9487,301.45,301.895,47793
2026-07-29 12:50:00,301.905,302.0,301.6,301.78,55192
2026-07-29 12:51:00,301.83,301.94,301.7001,301.745,34739
2026-07-29 12:52:00,301.745,302.0,301.59,301.98,51593
2026-07-29 12:53:00,301.9586,301.9999,301.7,301.85,30115
2026-07-29 12:54:00,301.83,301.8578,301.6,301.74,32816
2026-07-29 12:55:00,301.7,301.8792,301.64,301.745,24568
2026-07-29 12:56:00,301.745,301.93,301.61,301.87,27870
2026-07-29 12:57:00,301.8601,302.18,301.83,302.05,89134
2026-07-29 12:58:00,302.025,302.1997,301.91,302.115,49413
2026-07-29 12:59:00,302.0668,302.28,302.05,302.2,44392
2026-07-29 13:00:00,302.21,302.32,302.08,302.265,62028
2026-07-29 13:01:00,302.265,302.51,302.14,302.46,72560
2026-07-29 13:02:00,302.415,302.6,302.23,302.395,49348
2026-07-29 13:03:00,302.4,302.84,302.35,302.81,65236
2026-07-29 13:04:00,302.81,302.9,302.3,302.7258,77474
2026-07-29 13:05:00,302.66,302.7261,302.36,302.545,52283
2026-07-29 13:06:00,302.5122,302.66,302.38,302.63,35084
2026-07-29 13:07:00,302.625,302.67,302.505,302.565,22858
2026-07-29 13:08:00,302.58,302.81,302.48,302.68,34789
2026-07-29 13:09:00,302.6754,302.765,302.5801,302.6201,26502
2026-07-29 13:10:00,302.62,303.055,302.55,302.985,61134
2026-07-29 13:11:00,302.9707,303.24,302.9707,303.1657,67307
2026-07-29 13:12:00,303.185,303.36,303.0347,303.33,56971
2026-07-29 13:13:00,303.34,303.68,303.34,303.54,87532
2026-07-29 13:14:00,303.54,303.9,303.431,303.7783,68965
2026-07-29 13:15:00,303.84,303.94,303.6401,303.745,57742
2026-07-29 13:16:00,303.71,303.82,303.44,303.51,61523
2026-07-29 13:17:00,303.505,303.95,303.3583,303.9001,73792
2026-07-29 13:18:00,303.9,304.1599,303.89,304.04,93886
2026-07-29 13:19:00,304.0351,304.0788,303.63,303.7499,46964
2026-07-29 13:20:00,303.725,303.929,303.6094,303.64,53153
2026-07-29 13:21:00,303.6,303.915,303.38,303.915,48429
2026-07-29 13:22:00,303.9101,303.9704,303.42,303.42,38304
2026-07-29 13:23:00,303.44,303.5399,303.07,303.2701,70107
2026-07-29 13:24:00,303.29,303.35,302.88,302.99,82864
2026-07-29 13:25:00,302.98,303.0,302.71,302.7961,57352
2026-07-29 13:26:00,302.78,303.04,302.72,303.039,47332
2026-07-29 13:27:00,303.0011,303.07,302.83,302.83,32348
2026-07-29 13:28:00,302.8765,302.939,302.66,302.72,36826
2026-07-29 13:29:00,302.7113,302.7504,302.4,302.4569,53480
2026-07-29 13:30:00,302.36,302.49,302.2015,302.33,61885
2026-07-29 13:31:00,302.295,302.6431,302.26,302.61,43156
2026-07-29 13:32:00,302.64,302.96,302.57,302.89,62993
2026-07-29 13:33:00,302.8581,303.11,302.83,303.0148,59961
2026-07-29 13:34:00,303.005,303.02,302.6,302.738,33877
2026-07-29 13:35:00,302.72,302.76,302.2701,302.32,53483
2026-07-29 13:36:00,302.3019,302.34,301.905,301.995,72566
2026-07-29 13:37:00,301.97,302.25,301.902,301.97,39515
2026-07-29 13:38:00,302.005,302.1399,301.94,302.0,60571
2026-07-29 13:39:00,302.025,302.26,302.0061,302.16,26072
2026-07-29 13:40:00,302.165,302.2508,302.125,302.185,35993
2026-07-29 13:41:00,302.14,302.4,302.14,302.37,38705
2026-07-29 13:42:00,302.39,302.54,302.305,302.305,37170
2026-07-29 13:43:00,302.29,302.53,302.1306,302.48,47842
2026-07-29 13:44:00,302.49,302.5782,302.27,302.39,23286
2026-07-29 13:45:00,302.43,302.47,302.1101,302.1101,30736
2026-07-29 13:46:00,302.15,302.52,302.09,302.4799,40583
2026-07-29 13:47:00,302.48,302.51,302.34,302.44,28846
2026-07-29 13:48:00,302.42,302.68,302.41,302.655,36793
2026-07-29 13:49:00,302.6301,303.0,302.61,302.99,67694
2026-07-29 13:50:00,302.9694,303.2466,302.9401,303.215,52066
2026-07-29 13:51:00,303.215,303.25,303.0301,303.23,44285
2026-07-29 13:52:00,303.1,303.3194,303.0801,303.21,40068
2026-07-29 13:53:00,303.2477,303.3099,303.18,303.29,27901
2026-07-29 13:54:00,303.3,303.3,302.92,303.02,42305
2026-07-29 13:55:00,303.01,303.19,302.76,302.86,43544
2026-07-29 13:56:00,302.86,302.9,302.7101,302.81,39500
2026-07-29 13:57:00,302.81,302.8607,302.62,302.655,35090
2026-07-29 13:58:00,302.655,302.8199,302.62,302.725,39232
2026-07-29 13:59:00,302.69,303.08,302.64,303.08,33707
2026-07-29 14:00:00,303.04,304.7299,303.04,304.51,198164
2026-07-29 14:01:00,304.5,305.1,303.89,304.89,159099
2026-07-29 14:02:00,304.85,305.3,304.44,304.44,112849
2026-07-29 14:03:00,304.5,304.99,304.44,304.905,89186
2026-07-29 14:04:00,304.905,304.96,304.0,304.02,97562
2026-07-29 14:05:00,304.0,304.42,303.86,304.375,88678
2026-07-29 14:06:00,304.44,305.2595,304.44,305.205,85301
2026-07-29 14:07:00,305.26,305.54,305.06,305.13,98198
2026-07-29 14:08:00,305.14,305.23,304.76,304.8,70735
2026-07-29 14:09:00,304.8,304.83,304.4901,304.655,65389
2026-07-29 14:10:00,304.66,305.22,304.42,304.93,69616
2026-07-29 14:11:00,304.93,305.18,304.694,304.93,58169
2026-07-29 14:12:00,304.91,305.08,304.35,304.38,75909
2026-07-29 14:13:00,304.375,304.589,304.27,304.49,42832
2026-07-29 14:14:00,304.505,304.5098,303.58,303.99,98735
2026-07-29 14:15:00,304.0,304.57,303.94,304.27,70388
2026-07-29 14:16:00,304.27,304.6,304.0003,304.01,51704
2026-07-29 14:17:00,304.09,304.18,303.4201,303.735,82415
2026-07-29 14:18:00,303.6906,303.8664,303.2,303.22,35184
2026-07-29 14:19:00,303.2,303.25,302.7345,302.81,67012
2026-07-29 14:20:00,302.83,302.96,302.4,302.525,58931
2026-07-29 14:21:00,302.525,303.12,302.45,302.845,87694
2026-07-29 14:22:00,302.84,302.9971,302.76,302.95,37768
2026-07-29 14:23:00,302.92,303.2499,302.6,302.69,50519
2026-07-29 14:24:00,302.675,303.0399,302.63,302.7817,36770
2026-07-29 14:25:00,302.72,302.8458,302.29,302.53,47430
2026-07-29 14:26:00,302.5062,302.81,302.37,302.55,32245
2026-07-29 14:27:00,302.58,302.6199,302.28,302.3001,25210
2026-07-29 14:28:00,302.3179,302.75,302.3179,302.46,31416
2026-07-29 14:29:00,302.46,302.65,302.3701,302.63,33172
2026-07-29 14:30:00,302.63,303.0899,302.63,303.035,56873
2026-07-29 14:31:00,303.09,303.2799,302.23,302.29,67738
2026-07-29 14:32:00,302.29,302.61,301.69,302.315,115932
2026-07-29 14:33:00,302.315,302.49,301.88,302.15,53899
2026-07-29 14:34:00,302.185,302.21,301.85,302.17,36328
2026-07-29 14:35:00,302.155,302.24,301.81,302.075,41463
2026-07-29 14:36:00,302.04,302.5,301.7801,302.5,57793
2026-07-29 14:37:00,302.495,302.95,302.245,302.81,56773
2026-07-29 14:38:00,302.87,303.77,302.84,303.41,82823
2026-07-29 14:39:00,303.41,303.8955,303.2301,303.52,54216
2026-07-29 14:40:00,303.52,304.2,303.46,303.89,65807
2026-07-29 14:41:00,303.93,304.69,303.9101,304.2301,96488
2026-07-29 14:42:00,304.285,304.34,303.56,303.905,63230
2026-07-29 14:43:00,303.925,304.28,303.73,304.185,53266
2026-07-29 14:44:00,304.1501,304.78,304.0702,304.43,60854
2026-07-29 14:45:00,304.425,304.73,304.25,304.68,51753
2026-07-29 14:46:00,304.72,305.3288,304.59,304.925,93380
2026-07-29 14:47:00,304.88,305.7,304.88,305.245,75372
2026-07-29 14:48:00,305.24,305.4175,304.96,304.96,49856
2026-07-29 14:49:00,304.96,305.89,304.9,305.7719,97178
2026-07-29 14:50:00,305.76,306.13,305.41,305.88,105529
2026-07-29 14:51:00,305.9482,305.9482,305.4908,305.8507,52965
2026-07-29 14:52:00,305.855,306.0891,305.7701,305.9807,74102
2026-07-29 14:53:00,306.03,306.63,305.9901,306.36,117022
2026-07-29 14:54:00,306.3401,306.73,306.132,306.73,64197
2026-07-29 14:55:00,306.69,307.43,306.64,307.265,188276
2026-07-29 14:56:00,307.28,307.355,306.94,306.975,73763
2026-07-29 14:57:00,306.94,306.975,306.53,306.85,73941
2026-07-29 14:58:00,306.94,307.46,306.87,307.24,96051
2026-07-29 14:59:00,307.27,307.27,306.8698,307.13,71888
2026-07-29 15:00:00,307.2,307.5,306.7109,306.79,112889
2026-07-29 15:01:00,306.77,307.4499,306.67,307.3977,104169
2026-07-29 15:02:00,307.42,307.99,307.42,307.54,122722
2026-07-29 15:03:00,307.54,307.6579,306.94,307.16,102866
2026-07-29 15:04:00,307.1,307.19,306.23,306.4905,99743
2026-07-29 15:05:00,306.56,306.56,305.65,305.785,76681
2026-07-29 15:06:00,305.7401,306.04,305.37,305.42,108928
2026-07-29 15:07:00,305.42,305.45,304.89,304.9693,84688
2026-07-29 15:08:00,304.93,305.4399,304.815,304.835,80405
2026-07-29 15:09:00,304.86,305.0,304.47,304.47,65662
2026-07-29 15:10:00,304.45,304.6,303.81,304.15,113047
2026-07-29 15:11:00,304.085,304.94,304.085,304.83,105358
2026-07-29 15:12:00,304.78,304.96,304.32,304.73,81548
2026-07-29 15:13:00,304.73,305.15,304.69,304.93,62753
2026-07-29 15:14:00,304.93,305.03,304.62,304.7399,59762
2026-07-29 15:15:00,304.72,305.13,304.4401,305.04,85167
2026-07-29 15:16:00,305.055,305.15,304.4535,304.8212,51793
2026-07-29 15:17:00,304.92,304.92,304.12,304.16,52811
2026-07-29 15:18:00,304.12,304.12,303.43,303.75,114109
2026-07-29 15:19:00,303.7699,303.9699,303.5,303.81,65041
2026-07-29 15:20:00,303.84,303.9,303.0,303.02,76656
2026-07-29 15:21:00,303.045,303.0797,302.44,302.7162,108882
2026-07-29 15:22:00,302.675,302.75,302.01,302.41,73374
2026-07-29 15:23:00,302.36,302.57,302.27,302.45,63165
2026-07-29 15:24:00,302.49,302.795,302.23,302.32,58887
2026-07-29 15:25:00,302.36,302.54,301.83,301.87,85050
2026-07-29 15:26:00,301.88,301.88,301.32,301.7299,102622
2026-07-29 15:27:00,301.685,302.12,301.51,301.855,68292
2026-07-29 15:28:00,301.89,302.1,301.7,302.0,62442
2026-07-29 15:29:00,302.07,302.405,301.91,302.07,104261
2026-07-29 15:30:00,302.07,302.49,301.95,302.37,86762
2026-07-29 15:31:00,302.4,302.58,302.01,302.31,76300
2026-07-29 15:32:00,302.34,302.4597,301.71,301.84,114104
2026-07-29 15:33:00,301.8695,301.97,300.66,300.79,185697
2026-07-29 15:34:00,300.81,301.1,300.4,301.04,148729
2026-07-29 15:35:00,301.0,301.29,300.75,301.06,103875
2026-07-29 15:36:00,301.07,301.4599,300.9,301.32,75957
2026-07-29 15:37:00,301.35,301.46,300.6701,300.8901,100455
2026-07-29 15:38:00,300.94,300.9654,299.81,299.91,288652
2026-07-29 15:39:00,299.8687,299.99,299.47,299.52,194787
2026-07-29 15:40:00,299.49,299.52,298.61,299.35,307073
2026-07-29 15:41:00,299.38,299.7765,299.04,299.41,144290
2026-07-29 15:42:00,299.4201,299.77,299.08,299.08,121414
2026-07-29 15:43:00,299.13,299.17,298.57,298.72,141356
2026-07-29 15:44:00,298.72,298.72,297.67,297.95,283970
2026-07-29 15:45:00,297.9999,298.33,297.84,298.01,210091
2026-07-29 15:46:00,298.035,298.57,297.985,298.215,168022
2026-07-29 15:47:00,298.26,298.36,297.5,297.79,187733
2026-07-29 15:48:00,297.78,298.18,297.62,298.02,162954
2026-07-29 15:49:00,298.045,298.65,297.84,298.565,138894
2026-07-29 15:50:00,298.52,298.84,297.97,298.104,231532
2026-07-29 15:51:00,298.1,298.2399,297.58,298.14,221268
2026-07-29 15:52:00,298.1301,298.24,297.58,297.8235,150638
2026-07-29 15:53:00,297.83,298.08,297.67,298.08,145121
2026-07-29 15:54:00,298.02,298.43,298.0,298.36,359336
2026-07-29 15:55:00,298.32,298.32,297.38,298.03,322250
2026-07-29 15:56:00,298.02,298.25,297.87,298.25,220321
2026-07-29 15:57:00,298.23,298.45,297.9,298.3999,272497
2026-07-29 15:58:00,298.39,298.58,298.21,298.29,311392
2026-07-29 15:59:00,298.2,298.55,298.06,298.35,854169
2026-07-29 16:00:00,298.43,298.66,298.1,298.31,0
2026-07-29 16:01:00,298.1,298.55,297.63,297.7082,0
2026-07-29 16:02:00,297.7055,298.32,297.6,298.1436,0
2026-07-29 16:03:00,298.0014,298.18,297.72,297.9,0
2026-07-29 16:04:00,297.72,298.32,297.6,297.7,0
2026-07-29 16:05:00,297.82,298.0,297.5,297.6007,0
2026-07-29 16:06:00,297.6,298.0,297.58,297.61,0
2026-07-29 16:07:00,297.68,297.84,297.5,297.84,0
2026-07-29 16:08:00,297.7002,298.32,297.48,297.5752,0
2026-07-29 16:09:00,297.58,297.6,297.16,297.2,0
2026-07-29 16:10:00,297.1994,298.32,296.5,296.7033,0
2026-07-29 16:11:00,296.7,297.0,296.58,296.8373,0
2026-07-29 16:12:00,296.7812,297.1799,296.7812,297.1,0
2026-07-29 16:13:00,297.1,297.6,297.094,297.2792,0
2026-07-29 16:14:00,297.2774,297.4,296.97,297.0,0
2026-07-29 16:15:00,298.32,298.32,296.3732,296.5637,0
2026-07-29 16:16:00,296.67,297.15,296.56,297.15,0
2026-07-29 16:17:00,297.05,297.15,296.7,296.7999,0
2026-07-29 16:18:00,296.8,299.62,296.7,296.7555,0
2026-07-29 16:19:00,296.797,297.0,296.77,296.94,0
2026-07-29 16:20:00,298.32,298.32,296.78,296.8998,0
2026-07-29 16:21:00,296.8789,297.15,296.787,297.0,0
2026-07-29 16:22:00,296.93,297.0,296.4001,296.48,0
2026-07-29 16:23:00,296.47,298.32,296.11,296.27,0
2026-07-29 16:24:00,296.2,296.29,295.75,296.0,0
2026-07-29 16:25:00,295.9988,296.0,295.85,295.8785,0
2026-07-29 16:26:00,295.8797,295.88,295.01,295.09,0
2026-07-29 16:27:00,295.09,295.09,293.43,294.0473,0
2026-07-29 16:28:00,293.8367,294.34,293.8367,294.0762,0
2026-07-29 16:29:00,294.03,294.8,294.0,294.37,0
2026-07-29 16:30:00,294.5,294.74,294.37,294.5,0
2026-07-29 16:31:00,294.4935,294.9,294.37,294.73,0
2026-07-29 16:32:00,294.7874,295.18,294.7,294.99,0
2026-07-29 16:33:00,294.9275,294.99,294.64,294.8,0
2026-07-29 16:34:00,294.71,294.8,294.35,294.4904,0
2026-07-29 16:35:00,294.5,294.9,294.45,294.86,0
2026-07-29 16:36:00,294.87,294.99,294.7,294.81,0
2026-07-29 16:37:00,294.9,295.3,294.71,295.25,0
2026-07-29 16:38:00,295.1488,295.6,295.1488,295.5381,0
2026-07-29 16:39:00,295.5703,298.32,295.5038,295.81,0
2026-07-29 16:40:00,295.86,296.44,295.85,296.3473,0
2026-07-29 16:41:00,296.34,296.39,295.84,296.1,0
2026-07-29 16:42:00,296.0893,296.13,295.79,296.0,0
2026-07-29 16:43:00,295.8328,298.32,295.82,296.0,0
2026-07-29 16:44:00,295.95,296.0,295.79,295.8993,0
2026-07-29 16:45:00,295.8274,295.97,295.8,295.9609,0
2026-07-29 16:46:00,295.95,295.97,295.81,295.8197,0
2026-07-29 16:47:00,295.8354,295.9,295.5,295.89,0
2026-07-29 16:48:00,295.82,296.22,295.75,296.0847,0
2026-07-29 16:49:00,296.0,296.2,296.0,296.189,0
2026-07-29 16:50:00,296.1652,296.19,296.02,296.12,0
2026-07-29 16:51:00,296.08,296.19,296.0501,296.19,0
2026-07-29 16:52:00,296.19,296.19,295.85,295.9508,0
2026-07-29 16:53:00,295.9784,296.11,295.8768,296.0983,0
2026-07-29 16:54:00,296.1,296.37,296.0592,296.3364,0
2026-07-29 16:55:00,296.32,311.6811,296.1003,296.15,0
2026-07-29 16:56:00,296.19,296.2,295.93,296.06,0
2026-07-29 16:57:00,296.15,296.15,295.99,296.1,0
2026-07-29 16:58:00,296.1,296.14,296.0,296.01,0
2026-07-29 16:59:00,296.0,296.3,295.9662,296.3,0
2026-07-29 17:00:00,296.2,296.2,295.63,295.7999,0
2026-07-29 17:01:00,295.69,295.8,295.33,295.5,0
2026-07-29 17:02:00,295.4,295.52,295.29,295.34,0
2026-07-29 17:03:00,295.34,311.6811,295.02,295.4099,0
2026-07-29 17:04:00,295.39,295.48,295.25,295.4345,0
2026-07-29 17:05:00,295.35,295.4499,295.2,295.2,0
2026-07-29 17:06:00,295.2,295.3,295.06,295.187,0
2026-07-29 17:07:00,295.1784,295.21,295.0,295.02,0
2026-07-29 17:08:00,295.03,295.18,294.81,294.95,0
2026-07-29 17:09:00,294.842,295.0,294.8,294.8,0
2026-07-29 17:10:00,294.904,295.13,294.8,294.94,0
2026-07-29 17:11:00,294.9397,295.13,294.81,295.13,0
2026-07-29 17:12:00,294.8775,295.13,294.82,295.0,0
2026-07-29 17:13:00,295.1024,295.13,294.87,294.94,0
2026-07-29 17:14:00,294.9482,295.0,294.82,295.0,0
2026-07-29 17:15:00,294.9982,295.0,294.9,294.9098,0
2026-07-29 17:16:00,294.9,294.9,294.6,294.8385,0
2026-07-29 17:17:00,294.8377,295.0601,294.75,294.98,0
2026-07-29 17:18:00,294.9501,298.32,294.85,295.05,0
2026-07-29 17:19:00,295.0153,295.13,294.9,295.1,0
2026-07-29 17:20:00,294.98,295.13,294.91,295.0,0
2026-07-29 17:21:00,295.0,295.0,294.78,294.82,0
2026-07-29 17:22:00,294.78,295.0,294.7,294.8328,0
2026-07-29 17:23:00,294.82,295.0,294.82,294.9595,0
2026-07-29 17:24:00,294.9595,295.0,294.82,294.93,0
2026-07-29 17:25:00,294.86,294.99,294.6,294.7664,0
2026-07-29 17:26:00,294.7649,294.97,294.65,294.87,0
2026-07-29 17:27:00,294.87,295.13,294.81,295.1297,0
2026-07-29 17:28:00,295.13,295.24,294.88,295.1,0
2026-07-29 17:29:00,295.0644,295.11,294.8,294.871,0
2026-07-29 17:30:00,294.871,294.9,294.7975,294.7975,0
2026-07-29 17:31:00,294.8,294.9,294.7,294.77,0
2026-07-29 17:32:00,294.72,294.79,294.6,294.6845,0
2026-07-29 17:33:00,294.69,294.7,294.5103,294.5103,0
2026-07-29 17:34:00,294.541,294.56,294.27,294.29,0
2026-07-29 17:35:00,294.29,294.34,294.01,294.0201,0
2026-07-29 17:36:00,294.32,294.55,294.25,294.34,0
2026-07-29 17:37:00,294.43,294.55,294.31,294.4301,0
2026-07-29 17:38:00,294.433,294.55,294.3765,294.4,0
2026-07-29 17:39:00,294.4,294.5,294.11,294.11,0
2026-07-29 17:40:00,294.21,294.47,294.06,294.28,0
2026-07-29 17:41:00,294.2623,294.47,294.16,294.25,0
2026-07-29 17:42:00,294.15,294.3,294.02,294.0308,0
2026-07-29 17:43:00,294.1,294.1,294.02,294.1,0
2026-07-29 17:44:00,294.0885,294.15,294.04,294.08,0
2026-07-29 17:45:00,294.1214,294.2,294.0507,294.172,0
2026-07-29 17:46:00,294.14,294.181,294.06,294.1697,0
2026-07-29 17:47:00,294.15,294.17,294.07,294.1423,0
2026-07-29 17:48:00,294.141,294.17,294.09,294.14,0
2026-07-29 17:49:00,294.14,294.2,293.85,293.85,0
2026-07-29 17:50:00,293.84,294.0988,293.7,294.05,0
2026-07-29 17:51:00,294.05,294.2,293.8646,294.15,0
2026-07-29 17:52:00,294.15,294.25,294.12,294.2,0
2026-07-29 17:53:00,294.15,294.44,294.15,294.3211,0
2026-07-29 17:54:00,294.3209,294.4,294.21,294.3801,0
2026-07-29 17:55:00,294.3,294.93,294.3,294.65,0
2026-07-29 17:56:00,294.6,295.0,294.6,295.0,0
2026-07-29 17:57:00,295.0,295.15,294.95,295.15,0
2026-07-29 17:58:00,295.1,295.2,295.05,295.2,0
2026-07-29 17:59:00,295.2,295.2,295.15,295.17,0
2026-07-29 18:00:00,295.18,295.9,295.17,295.88,0
2026-07-29 18:01:00,295.88,296.0,295.78,295.78,0
2026-07-29 18:02:00,295.87,296.32,295.702,296.32,0
2026-07-29 18:03:00,296.38,296.5,296.1,296.3549,0
2026-07-29 18:04:00,296.2463,296.39,296.1449,296.2876,0
2026-07-29 18:05:00,296.3,296.41,296.01,296.3289,0
2026-07-29 18:06:00,296.2,296.39,295.83,296.1942,0
2026-07-29 18:07:00,296.18,296.37,296.0,296.37,0
2026-07-29 18:08:00,296.3447,296.41,296.25,296.3493,0
2026-07-29 18:09:00,296.3987,296.6861,296.3415,296.58,0
2026-07-29 18:10:00,296.6,297.3,296.46,297.29,0
2026-07-29 18:11:00,297.37,297.64,297.23,297.29,0
2026-07-29 18:12:00,297.45,297.51,297.131,297.4681,0
2026-07-29 18:13:00,297.3325,297.5,297.11,297.3742,0
2026-07-29 18:14:00,297.1693,298.32,296.77,296.7706,0
2026-07-29 18:15:00,296.8369,296.8521,296.7,296.76,0
2026-07-29 18:16:00,296.75,297.0,296.7415,296.99,0
2026-07-29 18:17:00,296.86,296.99,296.7562,296.8996,0
2026-07-29 18:18:00,296.9,297.11,296.86,297.11,0
2026-07-29 18:19:00,297.11,297.5,297.0306,297.43,0
2026-07-29 18:20:00,297.43,297.46,297.1,297.1916,0
2026-07-29 18:21:00,297.117,297.45,297.0549,297.38,0
2026-07-29 18:22:00,297.36,297.43,297.2021,297.4,0
2026-07-29 18:23:00,297.4,297.41,297.1,297.35,0
2026-07-29 18:24:00,297.35,297.4,297.01,297.01,0
2026-07-29 18:25:00,297.37,297.37,297.0,297.1,0
2026-07-29 18:26:00,297.09,297.26,297.01,297.0117,0
2026-07-29 18:27:00,297.01,297.25,297.01,297.11,0
2026-07-29 18:28:00,297.19,297.23,297.01,297.09,0
2026-07-29 18:29:00,297.09,297.34,297.01,297.34,0
2026-07-29 18:30:00,297.2374,297.49,297.2374,297.31,0
2026-07-29 18:31:00,297.21,297.36,297.0887,297.29,0
2026-07-29 18:32:00,297.25,297.3,297.08,297.13,0
2026-07-29 18:33:00,297.24,297.281,297.13,297.281,0
2026-07-29 18:34:00,297.2101,297.36,297.2,297.2301,0
2026-07-29 18:35:00,297.33,297.33,297.2,297.22,0
2026-07-29 18:36:00,297.29,297.49,297.22,297.4265,0
2026-07-29 18:37:00,297.4767,297.64,297.42,297.54,0
2026-07-29 18:38:00,297.55,297.64,297.5032,297.6215,0
2026-07-29 18:39:00,297.6,297.623,297.3915,297.57,0
2026-07-29 18:40:00,297.3741,297.57,297.22,297.3,0
2026-07-29 18:41:00,297.28,297.63,297.28,297.5888,0
2026-07-29 18:42:00,297.542,297.59,297.3,297.3,0
2026-07-29 18:43:00,297.4,297.5,297.3,297.372,0
2026-07-29 18:44:00,297.43,297.59,297.38,297.55,0
2026-07-29 18:45:00,297.5292,297.58,297.52,297.56,0
2026-07-29 18:46:00,297.5584,297.56,297.2831,297.2831,0
2026-07-29 18:47:00,297.2801,297.55,297.22,297.22,0
2026-07-29 18:48:00,297.2,297.3,297.13,297.2,0
2026-07-29 18:49:00,297.2,297.2,297.01,297.08,0
2026-07-29 18:50:00,297.05,297.22,297.01,297.09,0
2026-07-29 18:51:00,297.06,297.19,297.01,297.0162,0
2026-07-29 18:52:00,297.09,297.25,297.012,297.07,0
2026-07-29 18:53:00,297.09,297.15,297.01,297.05,0
2026-07-29 18:54:00,297.06,297.2199,297.01,297.05,0
2026-07-29 18:55:00,297.03,297.1,297.01,297.09,0
2026-07-29 18:56:00,297.0776,297.1,297.01,297.05,0
2026-07-29 18:57:00,297.0592,297.19,297.02,297.1,0
2026-07-29 18:58:00,297.15,297.22,297.06,297.08,0
2026-07-29 18:59:00,297.11,297.24,297.0812,297.2112,0
2026-07-29 19:00:00,297.211,297.25,297.13,297.2499,0
2026-07-29 19:01:00,297.25,297.44,297.25,297.38,0
2026-07-29 19:02:00,297.39,297.44,297.3639,297.42,0
2026-07-29 19:03:00,297.4,297.7,297.4,297.65,0
2026-07-29 19:04:00,297.6,297.7,297.5,297.7,0
2026-07-29 19:05:00,297.7,297.75,297.51,297.58,0
2026-07-29 19:06:00,297.58,297.59,297.38,297.59,0
2026-07-29 19:07:00,297.52,297.5544,297.3635,297.4455,0
2026-07-29 19:08:00,297.45,297.65,297.4,297.65,0
2026-07-29 19:09:00,297.65,297.7,297.51,297.7,0
2026-07-29 19:10:00,297.7,297.7,297.5,297.51,0
2026-07-29 19:11:00,297.53,297.69,297.42,297.5309,0
2026-07-29 19:12:00,297.5599,297.56,297.42,297.5013,0
2026-07-29 19:13:00,297.5,297.5423,297.35,297.35,0
2026-07-29 19:14:00,297.4276,297.44,297.2815,297.3,0
2026-07-29 19:15:00,297.2,297.48,297.2,297.4214,0
2026-07-29 19:16:00,297.4214,297.44,297.3,297.348,0
2026-07-29 19:17:00,297.348,297.44,297.24,297.44,0
2026-07-29 19:18:00,297.44,297.7081,297.2937,297.5472,0
2026-07-29 19:19:00,297.59,297.65,297.4713,297.5299,0
2026-07-29 19:20:00,297.5093,297.69,297.4651,297.62,0
2026-07-29 19:21:00,297.65,297.7,297.5125,297.5125,0
2026-07-29 19:22:00,297.51,297.61,297.51,297.56,0
2026-07-29 19:23:00,297.54,297.7,297.52,297.62,0
2026-07-29 19:24:00,297.65,297.65,297.3,297.58,0
2026-07-29 19:25:00,297.52,297.58,297.35,297.4713,0
2026-07-29 19:26:00,297.48,297.58,297.33,297.3879,0
2026-07-29 19:27:00,297.4,297.4,297.2,297.2,0
2026-07-29 19:28:00,297.3111,297.4,297.28,297.3591,0
2026-07-29 19:29:00,297.3591,297.37,297.28,297.3433,0
2026-07-29 19:30:00,297.3433,297.4,297.31,297.3861,0
2026-07-29 19:31:00,297.36,297.4,297.31,297.3577,0
2026-07-29 19:32:00,297.38,297.5,297.3512,297.48,0
2026-07-29 19:33:00,297.5,297.5,297.2482,297.5,0
2026-07-29 19:34:00,297.4398,297.5,297.24,297.3856,0
2026-07-29 19:35:00,297.34,297.4,297.1,297.2092,0
2026-07-29 19:36:00,297.21,297.34,297.2,297.34,0
2026-07-29 19:37:00,297.34,297.5,297.28,297.5,0
2026-07-29 19:38:00,297.4506,297.5,297.3571,297.41,0
2026-07-29 19:39:00,297.44,297.5,297.31,297.44,0
2026-07-29 19:40:00,297.4423,297.45,297.3,297.39,0
2026-07-29 19:41:00,297.3,297.4221,297.04,297.17,0
2026-07-29 19:42:00,297.0501,297.45,297.05,297.25,0
2026-07-29 19:43:00,297.17,297.24,297.01,297.05,0
2026-07-29 19:44:00,297.0859,297.24,297.05,297.1757,0
2026-07-29 19:45:00,297.1499,297.15,297.01,297.0101,0
2026-07-29 19:46:00,297.0105,297.2,297.01,297.1,0
2026-07-29 19:47:00,297.1186,297.2,297.01,297.06,0
2026-07-29 19:48:00,297.06,297.2,297.0344,297.19,0
2026-07-29 19:49:00,297.1635,297.19,297.01,297.15,0
2026-07-29 19:50:00,297.1489,297.15,297.01,297.01,0
2026-07-29 19:51:00,297.01,297.1,297.01,297.01,0
2026-07-29 19:52:00,297.02,297.0782,296.7141,296.8,0
2026-07-29 19:53:00,296.775,297.02,296.7,296.7356,0
2026-07-29 19:54:00,296.7356,297.0,296.7356,296.92,0
2026-07-29 19:55:00,297.0,297.0,296.92,296.95,0
2026-07-29 19:56:00,296.9124,296.99,296.8555,296.9068,0
2026-07-29 19:57:00,296.9069,296.98,296.85,296.8989,0
2026-07-29 19:58:00,296.8923,297.0,296.88,296.95,0
2026-07-29 19:59:00,297.0,297.0,296.5,296.9,0
2026-07-30 04:00:00,299.24,299.99,297.0468,298.9667,0
2026-07-30 04:01:00,299.17,299.99,297.05,298.66,0
2026-07-30 04:02:00,298.66,298.9777,298.5,298.83,0
2026-07-30 04:03:00,298.6782,299.0,298.6782,298.71,0
2026-07-30 04:04:00,298.7426,299.31,297.05,298.8104,0
2026-07-30 04:05:00,298.38,299.95,297.16,298.92,0
2026-07-30 04:06:00,299.0,299.16,298.85,299.1,0
2026-07-30 04:07:00,299.1975,299.4355,299.12,299.37,0
2026-07-30 04:08:00,299.38,299.7,299.38,299.667,0
2026-07-30 04:09:00,299.54,299.735,299.52,299.61,0
2026-07-30 04:10:00,299.61,299.922,299.58,299.76,0
2026-07-30 04:11:00,299.91,300.3,299.697,300.1,0
2026-07-30 04:12:00,300.18,300.4,300.11,300.3267,0
2026-07-30 04:13:00,300.15,300.27,300.15,300.22,0
2026-07-30 04:14:00,300.22,300.22,299.76,299.9988,0
2026-07-30 04:15:00,299.81,300.0,299.81,300.0,0
2026-07-30 04:16:00,299.91,299.91,299.8,299.83,0
2026-07-30 04:17:00,299.99,300.2,299.782,300.05,0
2026-07-30 04:18:00,300.0,300.2,300.0,300.1,0
2026-07-30 04:19:00,300.2,300.2,300.09,300.1,0
2026-07-30 04:20:00,300.1,300.2,300.09,300.19,0
2026-07-30 04:21:00,300.11,300.45,300.11,300.45,0
2026-07-30 04:22:00,300.3,300.5,300.18,300.5,0
2026-07-30 04:23:00,300.36,300.4932,300.22,300.37,0
2026-07-30 04:24:00,300.5,300.6,300.22,300.33,0
2026-07-30 04:25:00,300.46,300.5,300.25,300.2852,0
2026-07-30 04:26:00,300.49,300.93,300.43,300.57,0
2026-07-30 04:27:00,300.5607,300.98,300.5607,300.62,0
2026-07-30 04:28:00,300.62,300.9,300.62,300.9,0
2026-07-30 04:29:00,300.78,300.9,300.65,300.65,0
2026-07-30 04:30:00,300.71,300.8,300.5172,300.52,0
2026-07-30 04:31:00,300.7,300.78,300.57,300.73,0
2026-07-30 04:32:00,300.55,300.78,300.54,300.7,0
2026-07-30 04:33:00,300.7,300.92,300.6027,300.92,0
2026-07-30 04:34:00,300.85,300.9,300.6686,300.6812,0
2026-07-30 04:35:00,300.7,300.84,300.68,300.75,0
2026-07-30 04:36:00,300.749,300.9,300.74,300.8752,0
2026-07-30 04:37:00,300.865,301.0,300.8012,300.92,0
2026-07-30 04:38:00,300.8632,300.9888,300.82,300.9088,0
2026-07-30 04:39:00,300.82,300.9048,300.59,300.59,0
2026-07-30 04:40:00,300.5988,300.695,300.2245,300.26,0
2026-07-30 04:41:00,300.3717,300.5612,300.26,300.35,0
2026-07-30 04:42:00,300.37,300.47,300.2262,300.28,0
2026-07-30 04:43:00,300.28,300.4,300.22,300.39,0
2026-07-30 04:44:00,300.3811,300.4,300.23,300.3974,0
2026-07-30 04:45:00,300.26,300.4288,300.22,300.28,0
2026-07-30 04:46:00,300.28,300.46,300.25,300.46,0
2026-07-30 04:47:00,300.29,300.4657,300.29,300.4657,0
2026-07-30 04:48:00,300.43,300.4655,300.22,300.223,0
2026-07-30 04:49:00,300.22,300.2865,300.1525,300.25,0
2026-07-30 04:50:00,300.22,300.22,300.05,300.2,0
2026-07-30 04:51:00,300.16,300.2,300.05,300.2,0
2026-07-30 04:52:00,300.4595,300.4688,300.04,300.07,0
2026-07-30 04:53:00,300.01,300.1988,300.01,300.1988,0
2026-07-30 04:54:00,300.1,300.1,299.995,299.995,0
2026-07-30 04:55:00,300.04,300.155,299.82,299.97,0
2026-07-30 04:56:00,299.9,300.0,299.8245,299.9988,0
2026-07-30 04:57:00,300.0,300.05,299.84,300.05,0
2026-07-30 04:58:00,300.01,300.0488,299.93,300.0,0
2026-07-30 04:59:00,300.0247,300.0247,299.885,299.9715,0
2026-07-30 05:00:00,300.05,300.05,299.98,300.05,0
2026-07-30 05:01:00,299.973,300.051,299.973,300.051,0
2026-07-30 05:02:00,300.1927,300.1927,300.0537,300.19,0
2026-07-30 05:03:00,300.21,300.3,300.1,300.25,0
2026-07-30 05:04:00,300.25,300.25,300.1,300.19,0
2026-07-30 05:05:00,300.18,300.3788,300.14,300.14,0
2026-07-30 05:06:00,300.24,300.34,300.15,300.25,0
2026-07-30 05:07:00,300.25,300.3388,300.11,300.2,0
2026-07-30 05:08:00,300.2,300.4107,300.14,300.14,0
2026-07-30 05:09:00,300.15,300.2,300.1,300.1,0
2026-07-30 05:10:00,300.096,300.18,299.82,299.95,0
2026-07-30 05:11:00,300.0,300.12,300.0,300.1,0
2026-07-30 05:12:00,300.05,300.13,300.05,300.05,0
2026-07-30 05:13:00,300.05,300.18,300.005,300.16,0
2026-07-30 05:14:00,300.16,300.6,300.0619,300.32,0
2026-07-30 05:15:00,300.5667,300.5667,300.3512,300.44,0
2026-07-30 05:16:00,300.5,300.5,300.44,300.47,0
2026-07-30 05:17:00,300.497,300.5988,300.47,300.59,0
2026-07-30 05:18:00,300.5988,300.6,300.5,300.5,0
2026-07-30 05:19:00,300.5052,300.5975,300.44,300.5668,0
2026-07-30 05:20:00,300.57,300.57,300.5,300.52,0
2026-07-30 05:21:00,300.55,300.9,300.55,300.7161,0
2026-07-30 05:22:00,300.9,300.9488,300.72,300.89,0
2026-07-30 05:23:00,300.75,300.9,300.75,300.85,0
2026-07-30 05:24:00,300.89,300.98,300.78,300.88,0
2026-07-30 05:25:00,300.88,300.98,300.77,300.77,0
2026-07-30 05:26:00,300.87,300.975,300.77,300.975,0
2026-07-30 05:27:00,300.85,300.9224,300.75,300.75,0
2026-07-30 05:28:00,300.75,301.01,300.69,300.76,0
2026-07-30 05:29:00,300.76,300.92,300.76,300.8325,0
2026-07-30 05:30:00,300.79,300.85,300.56,300.66,0
2026-07-30 05:31:00,300.65,300.7455,300.57,300.57,0
2026-07-30 05:32:00,300.5791,300.88,300.5791,300.8009,0
2026-07-30 05:33:00,300.8146,301.2,300.8146,301.2,0
2026-07-30 05:34:00,301.2,301.2385,300.88,301.13,0
2026-07-30 05:35:00,301.14,301.3255,301.13,301.13,0
2026-07-30 05:36:00,301.04,301.3288,300.79,301.0523,0
2026-07-30 05:37:00,301.0597,301.1,300.9957,301.0683,0
2026-07-30 05:38:00,301.0992,301.1,301.0,301.01,0
2026-07-30 05:39:00,301.01,301.1,301.0,301.0585,0
2026-07-30 05:40:00,301.02,301.098,301.02,301.098,0
2026-07-30 05:41:00,301.05,301.1,301.01,301.06,0
2026-07-30 05:42:00,301.05,301.1,301.02,301.1,0
2026-07-30 05:43:00,301.15,301.15,300.99,300.99,0
2026-07-30 05:44:00,301.0,301.0,300.9012,301.0,0
2026-07-30 05:45:00,301.06,301.1,300.91,301.086,0
2026-07-30 05:46:00,301.11,301.11,300.9812,301.0776,0
2026-07-30 05:47:00,301.1,301.1,301.05,301.06,0
2026-07-30 05:48:00,301.1,301.1,301.06,301.0992,0
2026-07-30 05:49:00,301.12,301.36,301.1,301.36,0
2026-07-30 05:50:00,301.4,301.5,301.37,301.41,0
2026-07-30 05:51:00,301.44,301.4741,301.35,301.3846,0
2026-07-30 05:52:00,301.39,301.39,301.21,301.28,0
2026-07-30 05:53:00,301.3476,301.3849,301.1,301.2,0
2026-07-30 05:54:00,301.24,301.3988,301.23,301.2715,0
2026-07-30 05:55:00,301.36,301.4,301.2483,301.3,0
2026-07-30 05:56:00,301.3,301.4,301.26,301.3,0
2026-07-30 05:57:00,301.4,301.4,301.2,301.21,0
2026-07-30 05:58:00,301.21,301.3,300.9,301.1,0
2026-07-30 05:59:00,301.02,301.0754,300.8,300.9,0
2026-07-30 06:00:00,300.85,301.06,300.6,300.6,0
2026-07-30 06:01:00,300.6,301.0,300.57,300.6685,0
2026-07-30 06:02:00,300.9562,301.0,300.8147,300.8147,0
2026-07-30 06:03:00,300.92,301.0,300.85,300.9,0
2026-07-30 06:04:00,300.96,300.9715,300.73,300.73,0
2026-07-30 06:05:00,300.9,300.97,300.67,300.97,0
2026-07-30 06:06:00,301.0,301.0022,301.0,301.0,0
2026-07-30 06:07:00,301.0,301.21,300.9,301.21,0
2026-07-30 06:08:00,301.2,301.28,301.0212,301.2,0
2026-07-30 06:09:00,301.3017,301.3017,301.205,301.294,0
2026-07-30 06:10:00,301.2,301.42,301.0912,301.2,0
2026-07-30 06:11:00,301.303,301.44,301.2157,301.22,0
2026-07-30 06:12:00,301.22,301.3,301.0791,301.17,0
2026-07-30 06:13:00,301.2745,301.2745,301.07,301.08,0
2026-07-30 06:14:00,301.12,301.23,301.1046,301.23,0
2026-07-30 06:15:00,301.23,301.36,301.1841,301.34,0
2026-07-30 06:16:00,301.36,301.75,301.25,301.75,0
2026-07-30 06:17:00,301.67,301.95,301.66,301.94,0
2026-07-30 06:18:00,301.9723,301.9745,301.75,301.87,0
2026-07-30 06:19:00,301.9,301.99,301.852,301.99,0
2026-07-30 06:20:00,301.9,302.09,301.7674,302.0,0
2026-07-30 06:21:00,301.89,302.1,301.89,302.08,0
2026-07-30 06:22:00,302.05,302.2,302.04,302.08,0
2026-07-30 06:23:00,302.1,302.2,302.08,302.1704,0
2026-07-30 06:24:00,302.1707,302.2,302.1,302.16,0
2026-07-30 06:25:00,302.18,302.18,302.12,302.1382,0
2026-07-30 06:26:00,302.131,302.3,302.1,302.27,0
2026-07-30 06:27:00,302.33,302.45,302.28,302.35,0
2026-07-30 06:28:00,302.38,302.41,302.32,302.33,0
2026-07-30 06:29:00,302.4,302.4177,302.34,302.38,0
2026-07-30 06:30:00,302.4182,302.49,302.35,302.49,0
2026-07-30 06:31:00,302.3632,302.62,302.3632,302.62,0
2026-07-30 06:32:00,302.6844,302.8,302.62,302.8,0
2026-07-30 06:33:00,302.82,302.8923,302.7,302.86,0
2026-07-30 06:34:00,302.87,302.8988,302.7,302.75,0
2026-07-30 06:35:00,302.8957,302.9,302.7,302.84,0
2026-07-30 06:36:00,302.9,302.9659,302.82,302.9,0
2026-07-30 06:37:00,302.91,303.02,302.76,302.99,0
2026-07-30 06:38:00,302.92,302.99,302.38,302.38,0
2026-07-30 06:39:00,302.51,302.7,302.37,302.7,0
2026-07-30 06:40:00,302.4682,302.82,302.46,302.69,0
2026-07-30 06:41:00,302.82,302.82,302.65,302.82,0
2026-07-30 06:42:00,302.82,302.83,302.7005,302.7005,0
2026-07-30 06:43:00,302.7,302.8745,302.7,302.7442,0
2026-07-30 06:44:00,302.74,302.88,302.58,302.88,0
2026-07-30 06:45:00,302.7935,302.8,302.57,302.7,0
2026-07-30 06:46:00,302.7,302.95,302.65,302.94,0
2026-07-30 06:47:00,302.8783,303.15,302.85,303.1,0
2026-07-30 06:48:00,303.14,303.2199,302.92,303.0,0
2026-07-30 06:49:00,303.0,303.1,302.572,302.7009,0
2026-07-30 06:50:00,302.64,302.9888,302.54,302.83,0
2026-07-30 06:51:00,302.83,302.84,302.61,302.62,0
2026-07-30 06:52:00,302.6,302.8,302.5,302.62,0
2026-07-30 06:53:00,302.5637,302.66,302.47,302.47,0
2026-07-30 06:54:00,302.59,302.6595,302.419,302.653,0
2026-07-30 06:55:00,302.5,302.54,302.4033,302.5321,0
2026-07-30 06:56:00,302.58,302.58,302.43,302.45,0
2026-07-30 06:57:00,302.5,302.5,302.38,302.5,0
2026-07-30 06:58:00,302.47,302.47,302.34,302.35,0
2026-07-30 06:59:00,302.322,302.43,302.11,302.3,0
2026-07-30 07:00:00,302.11,303.31,302.09,302.75,0
2026-07-30 07:01:00,302.778,303.31,302.75,302.94,0
2026-07-30 07:02:00,303.07,303.2,302.8,302.93,0
2026-07-30 07:03:00,302.9099,303.1,302.6,302.94,0
2026-07-30 07:04:00,302.94,303.09,302.8013,303.0001,0
2026-07-30 07:05:00,303.0083,303.1044,302.7867,303.0,0
2026-07-30 07:06:00,303.0,303.1,302.74,303.1,0
2026-07-30 07:07:00,303.05,303.1,302.83,303.07,0
2026-07-30 07:08:00,302.9481,303.32,302.9481,303.3,0
2026-07-30 07:09:00,303.3,303.49,303.21,303.3975,0
2026-07-30 07:10:00,303.3975,303.43,303.11,303.27,0
2026-07-30 07:11:00,303.1811,303.2,303.0,303.1857,0
2026-07-30 07:12:00,303.15,303.37,303.1418,303.2065,0
2026-07-30 07:13:00,303.22,303.3,302.81,302.81,0
2026-07-30 07:14:00,302.83,303.0,302.83,302.99,0
2026-07-30 07:15:00,302.85,303.0,302.84,303.0,0
2026-07-30 07:16:00,302.9619,303.24,302.9378,303.1,0
2026-07-30 07:17:00,303.2112,303.48,303.1,303.48,0
2026-07-30 07:18:00,303.45,303.6,303.33,303.33,0
2026-07-30 07:19:00,303.42,303.4599,303.2594,303.35,0
2026-07-30 07:20:00,303.2631,303.45,303.2,303.2103,0
2026-07-30 07:21:00,303.29,303.3,303.06,303.21,0
2026-07-30 07:22:00,303.16,303.36,303.1,303.34,0
2026-07-30 07:23:00,303.34,303.36,303.15,303.23,0
2026-07-30 07:24:00,303.3,303.3404,303.2,303.3404,0
2026-07-30 07:25:00,303.36,303.5,303.34,303.46,0
2026-07-30 07:26:00,303.46,303.63,303.3863,303.5824,0
2026-07-30 07:27:00,303.57,303.65,303.48,303.5942,0
2026-07-30 07:28:00,303.6099,303.85,303.5811,303.7,0
2026-07-30 07:29:00,303.6923,303.8,303.6155,303.78,0
2026-07-30 07:30:00,303.78,303.8,303.45,303.6396,0
2026-07-30 07:31:00,303.5755,303.6,303.35,303.4,0
2026-07-30 07:32:00,303.34,303.45,303.21,303.3359,0
2026-07-30 07:33:00,303.4,303.4,303.0,303.06,0
2026-07-30 07:34:00,303.2,303.4,303.05,303.28,0
2026-07-30 07:35:00,303.23,303.4,303.2225,303.2913,0
2026-07-30 07:36:00,303.2923,303.44,303.25,303.3,0
2026-07-30 07:37:00,303.3314,303.6,303.3314,303.6,0
2026-07-30 07:38:00,303.58,303.68,303.42,303.5055,0
2026-07-30 07:39:00,303.59,303.63,303.4,303.45,0
2026-07-30 07:40:00,303.4,303.5,303.3,303.4939,0
2026-07-30 07:41:00,303.3578,303.5,303.33,303.35,0
2026-07-30 07:42:00,303.3,303.57,303.22,303.5111,0
2026-07-30 07:43:00,303.5592,303.75,303.51,303.7178,0
2026-07-30 07:44:00,303.5842,303.74,303.54,303.6084,0
2026-07-30 07:45:00,303.5898,303.79,303.52,303.79,0
2026-07-30 07:46:00,303.7781,303.9,303.7,303.7,0
2026-07-30 07:47:00,303.81,303.81,303.54,303.74,0
2026-07-30 07:48:00,303.67,303.78,303.54,303.7,0
2026-07-30 07:49:00,303.7,303.73,303.5555,303.6,0
2026-07-30 07:50:00,303.64,303.75,303.5808,303.6861,0
2026-07-30 07:51:00,303.7,303.7,303.49,303.5885,0
2026-07-30 07:52:00,303.5885,303.64,303.5009,303.58,0
2026-07-30 07:53:00,303.62,303.68,303.5,303.6788,0
2026-07-30 07:54:00,303.6644,303.7,303.6109,303.7,0
2026-07-30 07:55:00,303.6993,303.75,303.33,303.45,0
2026-07-30 07:56:00,303.4738,303.61,303.3384,303.3899,0
2026-07-30 07:57:00,303.36,303.42,303.33,303.391,0
2026-07-30 07:58:00,303.37,303.43,303.37,303.42,0
2026-07-30 07:59:00,303.41,303.43,303.2,303.29,0
2026-07-30 08:00:00,303.3,303.47,303.25,303.3834,0
2026-07-30 08:01:00,303.3345,303.4688,303.1672,303.2,0
2026-07-30 08:02:00,303.21,303.51,303.21,303.49,0
2026-07-30 08:03:00,303.49,303.85,303.486,303.8209,0
2026-07-30 08:04:00,303.84,303.84,303.66,303.75,0
2026-07-30 08:05:00,303.7657,303.8,303.6,303.8,0
2026-07-30 08:06:00,303.7422,303.99,303.6,303.9477,0
2026-07-30 08:07:00,303.95,303.978,303.65,303.7748,0
2026-07-30 08:08:00,303.7973,304.07,303.7973,304.0,0
2026-07-30 08:09:00,304.0,304.06,303.86,304.02,0
2026-07-30 08:10:00,304.05,304.05,303.85,303.8572,0
2026-07-30 08:11:00,303.89,304.0,303.79,303.94,0
2026-07-30 08:12:00,303.9584,304.2,303.84,304.1178,0
2026-07-30 08:13:00,304.15,304.25,304.1,304.1,0
2026-07-30 08:14:00,304.18,304.18,304.02,304.0824,0
2026-07-30 08:15:00,304.05,304.05,303.8,303.8691,0
2026-07-30 08:16:00,303.82,304.0,303.82,303.95,0
2026-07-30 08:17:00,303.9734,304.0,303.82,303.91,0
2026-07-30 08:18:00,303.8748,303.93,303.8,303.8539,0
2026-07-30 08:19:00,303.8554,303.91,303.75,303.8388,0
2026-07-30 08:20:00,303.8,303.9,303.5,303.5279,0
2026-07-30 08:21:00,303.64,303.75,303.5,303.63,0
2026-07-30 08:22:00,303.59,303.69,303.55,303.61,0
2026-07-30 08:23:00,303.6518,303.6923,303.5,303.66,0
2026-07-30 08:24:00,303.6708,303.75,303.63,303.73,0
2026-07-30 08:25:00,303.66,303.9,303.66,303.75,0
2026-07-30 08:26:00,303.8,303.95,303.75,303.92,0
2026-07-30 08:27:00,303.91,303.95,303.56,303.576,0
2026-07-30 08:28:00,303.65,303.65,303.36,303.4397,0
2026-07-30 08:29:00,303.44,303.6644,303.4,303.6644,0
2026-07-30 08:30:00,303.56,305.0,303.4,304.67,0
2026-07-30 08:31:00,304.585,305.0,304.0,304.5356,0
2026-07-30 08:32:00,304.5,305.08,304.48,304.5404,0
2026-07-30 08:33:00,304.55,304.7659,304.3868,304.5,0
2026-07-30 08:34:00,304.6,304.61,304.3,304.5025,0
2026-07-30 08:35:00,304.5975,304.9437,304.45,304.75,0
2026-07-30 08:36:00,304.895,305.0087,304.7,304.8663,0
2026-07-30 08:37:00,304.94,304.97,304.58,304.74,0
2026-07-30 08:38:00,304.74,304.75,304.5,304.6475,0
2026-07-30 08:39:00,304.6318,305.08,304.55,305.08,0
2026-07-30 08:40:00,305.0,305.07,304.4,304.4732,0
2026-07-30 08:41:00,304.56,305.0,304.45,304.7594,0
2026-07-30 08:42:00,304.7,304.99,304.64,304.99,0
2026-07-30 08:43:00,304.77,304.99,304.5,304.8,0
2026-07-30 08:44:00,304.76,304.87,304.5,304.5,0
2026-07-30 08:45:00,304.55,304.7,304.38,304.45,0
2026-07-30 08:46:00,304.56,304.61,304.3448,304.47,0
2026-07-30 08:47:00,304.39,304.46,304.04,304.3255,0
2026-07-30 08:48:00,304.15,304.5,304.15,304.3992,0
2026-07-30 08:49:00,304.3163,304.34,304.16,304.23,0
2026-07-30 08:50:00,304.25,304.4,304.16,304.3128,0
2026-07-30 08:51:00,304.16,304.2672,304.0,304.23,0
2026-07-30 08:52:00,304.23,304.39,304.11,304.28,0
2026-07-30 08:53:00,304.17,304.28,304.11,304.11,0
2026-07-30 08:54:00,304.28,304.35,304.09,304.2222,0
2026-07-30 08:55:00,304.11,304.23,304.0,304.05,0
2026-07-30 08:56:00,304.01,304.2023,304.01,304.19,0
2026-07-30 08:57:00,304.22,304.33,304.06,304.2654,0
2026-07-30 08:58:00,304.29,304.4,304.22,304.3,0
2026-07-30 08:59:00,304.34,304.34,304.1635,304.28,0
2026-07-30 09:00:00,304.3,304.5,304.16,304.5,0
2026-07-30 09:01:00,304.4815,304.7,304.48,304.5837,0
2026-07-30 09:02:00,304.5419,304.65,304.4694,304.4701,0
2026-07-30 09:03:00,304.45,304.6,304.33,304.46,0
2026-07-30 09:04:00,304.5,304.68,304.4597,304.6783,0
2026-07-30 09:05:00,304.62,304.68,304.3901,304.53,0
2026-07-30 09:06:00,304.45,304.69,304.37,304.6,0
2026-07-30 09:07:00,304.6335,304.97,304.5,304.7,0
2026-07-30 09:08:00,304.7,304.77,304.551,304.6736,0
2026-07-30 09:09:00,304.7,304.75,304.56,304.662,0
2026-07-30 09:10:00,304.64,304.75,304.5,304.55,0
2026-07-30 09:11:00,304.55,304.65,304.5,304.55,0
2026-07-30 09:12:00,304.51,304.7282,304.25,304.5,0
2026-07-30 09:13:00,304.69,305.0,304.5,304.9407,0
2026-07-30 09:14:00,304.95,304.95,304.49,304.4947,0
2026-07-30 09:15:00,304.62,304.75,304.49,304.672,0
2026-07-30 09:16:00,304.5927,304.8,304.5537,304.69,0
2026-07-30 09:17:00,304.6818,304.8,304.6,304.73,0
2026-07-30 09:18:00,304.7044,304.75,304.49,304.61,0
2026-07-30 09:19:00,304.69,304.69,304.52,304.64,0
2026-07-30 09:20:00,304.68,304.69,304.37,304.4155,0
2026-07-30 09:21:00,304.5,304.69,304.24,304.24,0
2026-07-30 09:22:00,304.3066,304.54,304.24,304.3386,0
2026-07-30 09:23:00,304.44,304.5759,304.32,304.4662,0
2026-07-30 09:24:00,304.363,304.54,304.24,304.26,0
2026-07-30 09:25:00,304.35,304.35,303.75,303.95,0
2026-07-30 09:26:00,303.81,304.4,303.78,304.08,0
2026-07-30 09:27:00,304.3499,304.47,303.79,304.26,0
2026-07-30 09:28:00,304.22,304.22,303.2111,303.39,0
2026-07-30 09:29:00,303.22,303.39,302.71,303.0,0
2026-07-30 09:30:00,302.885,303.8995,301.35,303.67,2048474
2026-07-30 09:31:00,303.55,303.635,302.0,303.12,201893
2026-07-30 09:32:00,303.09,303.64,302.25,303.41,191894
2026-07-30 09:33:00,303.42,303.8878,302.9,303.79,133307
2026-07-30 09:34:00,303.685,304.2299,303.11,304.015,199274
2026-07-30 09:35:00,304.015,306.13,303.825,306.02,344218
2026-07-30 09:36:00,305.975,307.5,305.47,307.3501,290506
2026-07-30 09:37:00,307.38,307.38,304.64,304.86,428804
2026-07-30 09:38:00,304.8,305.35,303.68,304.105,185978
2026-07-30 09:39:00,304.105,305.2,303.56,305.1098,165585
2026-07-30 09:40:00,305.145,305.2499,303.71,303.805,161122
2026-07-30 09:41:00,303.74,304.6014,303.59,304.27,116373
2026-07-30 09:42:00,304.27,305.44,304.18,305.2068,154784
2026-07-30 09:43:00,305.24,305.55,304.9,305.52,156968
2026-07-30 09:44:00,305.51,306.16,305.4701,306.13,192751
2026-07-30 09:45:00,306.16,306.25,305.12,305.24,287773
2026-07-30 09:46:00,305.24,306.1,305.2,305.85,168720
2026-07-30 09:47:00,305.815,306.18,305.25,305.4701,143709
2026-07-30 09:48:00,305.47,305.8395,304.8005,305.685,181082
2026-07-30 09:49:00,305.73,306.67,305.57,306.37,211149
2026-07-30 09:50:00,306.34,307.77,306.03,307.47,299697
2026-07-30 09:51:00,307.4375,307.71,306.6695,306.68,239369
2026-07-30 09:52:00,306.68,306.96,306.2301,306.595,158402
2026-07-30 09:53:00,306.63,307.28,305.97,306.115,158392
2026-07-30 09:54:00,306.095,306.63,306.0,306.41,112733
2026-07-30 09:55:00,306.36,307.2499,305.73,307.005,163364
2026-07-30 09:56:00,306.95,307.24,306.175,306.235,145622
2026-07-30 09:57:00,306.25,306.25,305.51,305.87,144087
2026-07-30 09:58:00,305.81,307.35,305.7,307.1005,233475
2026-07-30 09:59:00,307.145,307.9,307.0101,307.06,186009
2026-07-30 10:00:00,307.01,307.2851,306.5,307.2851,163208
2026-07-30 10:01:00,307.295,307.39,306.6405,307.23,155142
2026-07-30 10:02:00,307.155,307.98,306.84,307.2464,183317
2026-07-30 10:03:00,307.29,307.7899,306.6978,307.7899,157718
2026-07-30 10:04:00,307.8,308.0894,307.6201,307.79,174277
2026-07-30 10:05:00,307.7651,308.69,307.15,307.19,223613
2026-07-30 10:06:00,307.2001,307.3499,306.67,307.09,165402
2026-07-30 10:07:00,307.16,307.6787,306.58,306.58,166468
2026-07-30 10:08:00,306.5936,306.89,306.0,306.3101,174536
2026-07-30 10:09:00,306.3105,306.73,305.85,305.8813,150846
2026-07-30 10:10:00,305.841,306.36,305.74,306.12,223790
2026-07-30 10:11:00,306.07,306.18,305.6,305.89,95536
2026-07-30 10:12:00,305.9121,306.02,305.21,305.64,124762
2026-07-30 10:13:00,305.61,306.02,305.38,305.8,153223
2026-07-30 10:14:00,305.755,306.02,305.46,305.69,90424
2026-07-30 10:15:00,305.7,306.1,305.35,305.96,94472
2026-07-30 10:16:00,305.955,306.0,305.66,305.705,87270
2026-07-30 10:17:00,305.77,306.2799,305.6,306.07,78857
2026-07-30 10:18:00,306.05,306.7699,305.5601,306.452,99876
2026-07-30 10:19:00,306.375,306.6,305.9,306.11,88517
2026-07-30 10:20:00,306.145,306.5435,305.89,306.515,71872
2026-07-30 10:21:00,306.4878,306.8,306.3201,306.7395,115977
2026-07-30 10:22:00,306.77,307.1565,306.53,306.895,127703
2026-07-30 10:23:00,306.895,307.5395,306.7701,307.27,143935
2026-07-30 10:24:00,307.245,307.5,306.94,307.24,100474
2026-07-30 10:25:00,307.215,307.62,307.12,307.5688,80644
2026-07-30 10:26:00,307.58,307.65,306.77,306.87,117264
2026-07-30 10:27:00,306.87,307.72,306.74,307.65,107928
2026-07-30 10:28:00,307.7,308.58,307.65,308.198,165459
2026-07-30 10:29:00,308.21,309.12,308.06,309.12,149345
2026-07-30 10:30:00,309.075,309.1,308.02,308.65,154279
2026-07-30 10:31:00,308.68,308.7499,308.13,308.58,95161
2026-07-30 10:32:00,308.57,308.6399,308.13,308.39,90508
2026-07-30 10:33:00,308.36,308.57,308.05,308.55,93596
2026-07-30 10:34:00,308.525,308.66,307.9206,308.14,102721
2026-07-30 10:35:00,308.2391,308.45,307.7905,307.865,117198
2026-07-30 10:36:00,307.89,308.89,307.73,308.835,112341
2026-07-30 10:37:00,308.83,308.98,308.2608,308.6,90509
2026-07-30 10:38:00,308.6043,308.6043,307.8675,307.8675,121672
2026-07-30 10:39:00,307.89,308.2448,307.71,308.0005,93899
2026-07-30 10:40:00,308.04,308.13,307.7,307.76,77034
2026-07-30 10:41:00,307.785,307.8699,307.19,307.375,82592
2026-07-30 10:42:00,307.3393,307.45,306.5607,306.635,87625
2026-07-30 10:43:00,306.61,306.8999,306.5,306.825,90510
2026-07-30 10:44:00,306.87,306.87,306.11,306.44,95943
2026-07-30 10:45:00,306.44,307.03,306.2501,306.9,92637
2026-07-30 10:46:00,306.9099,306.9099,306.28,306.44,86942
2026-07-30 10:47:00,306.485,306.6999,306.15,306.31,80468
2026-07-30 10:48:00,306.26,306.36,306.01,306.345,58999
2026-07-30 10:49:00,306.42,306.6502,306.1635,306.525,55484
2026-07-30 10:50:00,306.4761,306.6259,306.15,306.24,52521
2026-07-30 10:51:00,306.28,306.3499,305.78,306.06,111596
2026-07-30 10:52:00,306.065,306.19,305.62,305.62,99231
2026-07-30 10:53:00,305.62,306.06,305.42,305.885,143606
2026-07-30 10:54:00,305.8565,306.0,305.34,305.615,120863
2026-07-30 10:55:00,305.58,305.64,304.61,304.61,207031
2026-07-30 10:56:00,304.6694,304.6799,303.82,304.08,141643
2026-07-30 10:57:00,304.08,304.38,303.9,304.215,80094
2026-07-30 10:58:00,304.215,304.8,303.82,304.77,173257
2026-07-30 10:59:00,304.82,305.05,304.59,304.795,72464
2026-07-30 11:00:00,304.795,304.81,303.63,303.77,101947
2026-07-30 11:01:00,303.8529,304.25,303.54,303.54,114064
2026-07-30 11:02:00,303.54,304.6,303.51,304.28,121189
2026-07-30 11:03:00,304.37,305.15,304.33,305.14,108816
2026-07-30 11:04:00,305.11,305.2699,304.55,304.93,84261
2026-07-30 11:05:00,304.93,305.5999,304.78,305.45,88731
2026-07-30 11:06:00,305.45,305.94,305.1495,305.7958,103869
2026-07-30 11:07:00,305.76,305.9099,305.23,305.3601,85691
2026-07-30 11:08:00,305.36,306.08,305.0,305.945,83421
2026-07-30 11:09:00,305.985,306.44,305.78,306.3285,173438
2026-07-30 11:10:00,306.39,306.39,305.33,305.44,95256
2026-07-30 11:11:00,305.5,305.68,305.0,305.125,81889
2026-07-30 11:12:00,305.08,305.1,304.62,305.04,71084
2026-07-30 11:13:00,304.97,305.08,304.53,304.695,80621
2026-07-30 11:14:00,304.68,305.0724,304.59,304.73,53255
2026-07-30 11:15:00,304.73,305.29,304.59,305.21,56120
2026-07-30 11:16:00,305.29,305.32,304.59,304.655,86187
2026-07-30 11:17:00,304.6,304.9719,304.1501,304.455,87981
2026-07-30 11:18:00,304.35,304.9099,304.31,304.9099,44140
2026-07-30 11:19:00,304.8922,305.12,304.7303,304.925,66494
2026-07-30 11:20:00,304.925,305.11,304.69,304.7105,42766
2026-07-30 11:21:00,304.81,305.2999,304.71,305.0599,53316
2026-07-30 11:22:00,305.015,305.15,304.75,305.06,33964
2026-07-30 11:23:00,305.02,305.12,304.36,304.77,60314
2026-07-30 11:24:00,304.7238,305.26,304.66,305.1599,78303
2026-07-30 11:25:00,305.06,305.72,304.66,304.6601,71699
2026-07-30 11:26:00,304.66,304.919,304.23,304.9001,68295
2026-07-30 11:27:00,304.95,305.13,304.55,304.7,36147
2026-07-30 11:28:00,304.7099,304.8134,304.43,304.61,30454
2026-07-30 11:29:00,304.59,304.77,304.36,304.53,34854
2026-07-30 11:30:00,304.52,304.75,304.4,304.57,48951
2026-07-30 11:31:00,304.62,304.94,304.51,304.825,58812
2026-07-30 11:32:00,304.85,305.2468,304.79,304.94,57259
2026-07-30 11:33:00,304.9275,305.1299,304.9,305.08,38455
2026-07-30 11:34:00,305.08,305.29,304.87,305.29,62701
2026-07-30 11:35:00,305.29,305.7,305.19,305.2501,92582
2026-07-30 11:36:00,305.305,305.9,305.2501,305.8667,50501
2026-07-30 11:37:00,305.8351,305.89,305.14,305.15,65807
2026-07-30 11:38:00,305.15,305.58,305.15,305.27,43707
2026-07-30 11:39:00,305.305,305.6809,305.24,305.61,37941
2026-07-30 11:40:00,305.6,305.9399,305.46,305.81,49383
2026-07-30 11:41:00,305.8,306.1292,305.51,305.985,67794
2026-07-30 11:42:00,305.985,306.1399,305.6,305.89,41347
2026-07-30 11:43:00,305.84,305.9953,305.54,305.775,39653
2026-07-30 11:44:00,305.775,305.98,305.62,305.645,40314
2026-07-30 11:45:00,305.67,306.29,305.66,306.135,75941
2026-07-30 11:46:00,306.08,306.44,306.0404,306.35,43862
2026-07-30 11:47:00,306.325,306.49,306.15,306.195,48190
2026-07-30 11:48:00,306.1901,306.38,305.84,306.38,189830
2026-07-30 11:49:00,306.305,306.49,306.0,306.265,36255
2026-07-30 11:50:00,306.32,306.355,305.8001,305.93,58742
2026-07-30 11:51:00,305.965,306.19,305.66,306.16,47384
2026-07-30 11:52:00,306.08,306.12,305.36,305.6,62086
2026-07-30 11:53:00,305.62,305.89,305.5,305.605,40122
2026-07-30 11:54:00,305.66,305.96,305.595,305.93,33269
2026-07-30 11:55:00,305.98,306.29,305.92,305.92,389412
2026-07-30 11:56:00,305.955,306.0799,305.8,305.8,32141
2026-07-30 11:57:00,305.775,305.875,305.62,305.725,32562
2026-07-30 11:58:00,305.74,305.76,305.27,305.405,59399
2026-07-30 11:59:00,305.34,305.5,305.13,305.235,52070
2026-07-30 12:00:00,305.27,305.49,304.9,305.43,87720
2026-07-30 12:01:00,305.37,305.8898,305.34,305.82,59848
2026-07-30 12:02:00,305.9,306.65,305.8197,306.6045,95369
2026-07-30 12:03:00,306.65,306.98,306.54,306.885,83385
2026-07-30 12:04:00,306.89,306.97,306.45,306.5501,68226
2026-07-30 12:05:00,306.685,307.13,306.55,306.8031,77315
2026-07-30 12:06:00,306.84,307.04,306.78,306.83,67001
2026-07-30 12:07:00,306.82,307.0,306.53,306.7,40614
2026-07-30 12:08:00,306.7,306.88,306.55,306.83,31549
2026-07-30 12:09:00,306.885,306.9299,306.04,306.04,50948
2026-07-30 12:10:00,306.075,306.2371,305.9,305.91,49562
2026-07-30 12:11:00,305.9085,306.1572,305.71,306.08,49375
2026-07-30 12:12:00,306.08,306.3924,305.94,306.35,40512
2026-07-30 12:13:00,306.4,306.4999,306.12,306.29,30722
2026-07-30 12:14:00,306.29,306.85,306.15,306.77,36892
2026-07-30 12:15:00,306.76,307.1199,306.7072,306.9443,66747
2026-07-30 12:16:00,306.8601,307.11,306.8,306.94,47442
2026-07-30 12:17:00,306.9539,307.2,306.8,307.17,48993
2026-07-30 12:18:00,307.19,307.27,306.8401,307.171,46562
2026-07-30 12:19:00,307.23,307.37,306.8301,306.96,56096
2026-07-30 12:20:00,307.03,307.2,306.8,307.08,45568
2026-07-30 12:21:00,307.045,307.48,306.9879,307.24,65678
2026-07-30 12:22:00,307.26,307.29,306.75,306.885,34057
2026-07-30 12:23:00,306.89,307.0,306.5,306.7399,62856
2026-07-30 12:24:00,306.645,306.97,306.6,306.83,25239
2026-07-30 12:25:00,306.8301,306.88,306.6,306.6401,27278
2026-07-30 12:26:00,306.6,306.9,306.6,306.7,28987
2026-07-30 12:27:00,306.73,307.08,306.714,307.055,30456
2026-07-30 12:28:00,306.96,307.1,306.65,306.6555,35508
2026-07-30 12:29:00,306.71,307.04,306.6,306.995,45689
2026-07-30 12:30:00,306.96,307.14,306.67,306.735,34611
2026-07-30 12:31:00,306.73,306.7899,306.55,306.72,38947
2026-07-30 12:32:00,306.705,306.86,306.55,306.78,31759
2026-07-30 12:33:00,306.81,306.845,306.59,306.67,23673
2026-07-30 12:34:00,306.67,306.7484,306.4694,306.595,36167
2026-07-30 12:35:00,306.595,306.96,306.5101,306.735,37411
2026-07-30 12:36:00,306.74,306.89,306.62,306.8176,28835
2026-07-30 12:37:00,306.805,306.8185,306.42,306.4301,28181
2026-07-30 12:38:00,306.42,306.8,306.25,306.34,42334
2026-07-30 12:39:00,306.33,306.44,306.1004,306.1259,46308
2026-07-30 12:40:00,306.155,306.155,305.3001,305.36,101086
2026-07-30 12:41:00,305.32,305.5,304.8001,305.2409,78887
2026-07-30 12:42:00,305.27,305.33,304.6004,304.705,90862
2026-07-30 12:43:00,304.6501,305.0,304.59,304.68,93683
2026-07-30 12:44:00,304.6,304.95,304.52,304.88,43931
2026-07-30 12:45:00,304.9299,305.42,304.7875,305.37,73666
2026-07-30 12:46:00,305.37,305.56,305.23,305.23,70718
2026-07-30 12:47:00,305.22,305.22,304.8,304.9,57715
2026-07-30 12:48:00,304.905,305.16,304.905,304.95,47384
2026-07-30 12:49:00,304.9,305.15,304.81,305.035,51915
2026-07-30 12:50:00,305.035,305.13,304.63,304.92,34235
2026-07-30 12:51:00,304.92,305.55,304.9001,305.55,43908
2026-07-30 12:52:00,305.63,305.98,305.45,305.91,48015
2026-07-30 12:53:00,305.92,305.96,305.6401,305.795,42170
2026-07-30 12:54:00,305.75,305.85,305.61,305.835,29368
2026-07-30 12:55:00,305.86,305.9921,305.64,305.91,31636
2026-07-30 12:56:00,305.909,306.1,305.86,306.02,37646
2026-07-30 12:57:00,306.03,306.0882,305.8501,305.99,34832
2026-07-30 12:58:00,306.0,306.01,305.85,305.97,22905
2026-07-30 12:59:00,305.95,306.2,305.9101,306.1705,38967
2026-07-30 13:00:00,306.195,306.55,306.0,306.06,68573
2026-07-30 13:01:00,306.0684,306.395,305.9,306.395,40110
2026-07-30 13:02:00,306.43,306.48,305.901,305.94,39147
2026-07-30 13:03:00,305.965,306.2,305.74,305.91,51732
2026-07-30 13:04:00,305.91,306.3,305.9,306.02,31363
2026-07-30 13:05:00,306.0,306.1699,305.92,306.1,25557
2026-07-30 13:06:00,306.1,306.32,306.04,306.085,32484
2026-07-30 13:07:00,306.13,306.16,305.835,305.8742,36986
2026-07-30 13:08:00,305.81,306.0,305.42,305.76,61995
2026-07-30 13:09:00,305.73,305.91,305.68,305.84,20133
2026-07-30 13:10:00,305.87,305.9299,305.6701,305.825,21541
2026-07-30 13:11:00,305.86,306.23,305.62,306.2099,54639
2026-07-30 13:12:00,306.174,306.21,305.77,305.92,35437
2026-07-30 13:13:00,305.86,306.055,305.8001,305.88,30136
2026-07-30 13:14:00,305.9463,305.99,305.74,305.74,19919
2026-07-30 13:15:00,305.7717,305.945,305.7301,305.77,16188
2026-07-30 13:16:00,305.85,306.47,305.76,306.38,48594
2026-07-30 13:17:00,306.39,306.88,306.38,306.65,63937
2026-07-30 13:18:00,306.62,306.73,306.3201,306.36,34662
2026-07-30 13:19:00,306.3999,306.6212,306.3488,306.53,25818
2026-07-30 13:20:00,306.53,306.58,306.41,306.46,24632
2026-07-30 13:21:00,306.46,306.62,306.34,306.53,64321
2026-07-30 13:22:00,306.555,306.65,306.4501,306.54,29760
2026-07-30 13:23:00,306.5001,307.0,306.5001,307.0,80254
2026-07-30 13:24:00,307.0077,307.15,306.8604,307.015,63048
2026-07-30 13:25:00,307.04,307.44,307.0,307.03,69186
2026-07-30 13:26:00,307.0379,307.2216,306.9697,307.165,32701
2026-07-30 13:27:00,307.15,307.25,307.0263,307.045,27260
2026-07-30 13:28:00,307.045,307.08,306.8,306.94,52949
2026-07-30 13:29:00,306.9469,307.07,306.8111,306.9093,26685
2026-07-30 13:30:00,306.88,307.0,306.8201,306.9,25196
2026-07-30 13:31:00,306.885,307.0299,306.6968,306.865,29662
2026-07-30 13:32:00,306.8348,307.08,306.81,306.95,27651
2026-07-30 13:33:00,307.07,307.22,306.9001,307.16,32852
2026-07-30 13:34:00,307.25,307.29,306.9521,307.1,42061
2026-07-30 13:35:00,307.07,307.3299,306.92,307.305,34789
2026-07-30 13:36:00,307.305,308.48,307.265,307.8401,191794
2026-07-30 13:37:00,307.8783,307.9464,307.37,307.3945,72526
2026-07-30 13:38:00,307.4076,307.6639,307.24,307.528,41194
2026-07-30 13:39:00,307.54,307.54,307.01,307.2405,38184
2026-07-30 13:40:00,307.27,307.7,307.27,307.5681,33192
2026-07-30 13:41:00,307.63,307.78,307.51,307.7101,34761
2026-07-30 13:42:00,307.765,307.8284,307.3288,307.34,49095
2026-07-30 13:43:00,307.315,307.7175,307.3,307.44,45682
2026-07-30 13:44:00,307.4682,307.59,307.3,307.54,22681
2026-07-30 13:45:00,307.5,307.77,307.4901,307.705,38584
2026-07-30 13:46:00,307.67,307.73,307.4233,307.57,44987
2026-07-30 13:47:00,307.55,307.5892,307.31,307.5301,56738
2026-07-30 13:48:00,307.585,307.9399,307.56,307.795,64969
2026-07-30 13:49:00,307.82,307.9,307.6,307.68,46969
2026-07-30 13:50:00,307.68,307.8,307.4535,307.64,37140
2026-07-30 13:51:00,307.62,307.97,307.5601,307.86,33874
2026-07-30 13:52:00,307.8761,308.02,307.6101,307.97,84410
2026-07-30 13:53:00,307.97,308.08,307.7,307.865,44206
2026-07-30 13:54:00,307.87,307.94,307.6101,307.7,29017
2026-07-30 13:55:00,307.67,307.709,307.44,307.6581,41017
2026-07-30 13:56:00,307.6464,307.9294,307.5201,307.78,37734
2026-07-30 13:57:00,307.77,307.915,307.7,307.8241,22039
2026-07-30 13:58:00,307.805,307.805,307.4801,307.545,26257
2026-07-30 13:59:00,307.6,307.78,307.5201,307.635,23235
2026-07-30 14:00:00,307.635,307.87,307.4539,307.475,29775
2026-07-30 14:01:00,307.462,307.88,307.3804,307.8,38654
2026-07-30 14:02:00,307.76,307.83,307.59,307.655,23298
2026-07-30 14:03:00,307.62,307.6799,307.1872,307.2101,51101
2026-07-30 14:04:00,307.365,307.49,306.945,307.0105,71380
2026-07-30 14:05:00,307.025,307.2,306.97,307.15,35311
2026-07-30 14:06:00,307.1451,307.55,307.13,307.55,38210
2026-07-30 14:07:00,307.5999,307.7499,307.41,307.41,54501
2026-07-30 14:08:00,307.47,307.5299,307.19,307.3301,33142
2026-07-30 14:09:00,307.3301,307.43,307.19,307.2,28291
2026-07-30 14:10:00,307.225,307.34,307.07,307.175,32022
2026-07-30 14:11:00,307.17,307.19,307.06,307.15,26660
2026-07-30 14:12:00,307.155,307.155,306.8,306.8853,50471
2026-07-30 14:13:00,306.8701,307.39,306.829,307.355,55186
2026-07-30 14:14:00,307.36,307.7,307.29,307.5801,59925
2026-07-30 14:15:00,307.6,307.88,307.6,307.87,60620
2026-07-30 14:16:00,307.88,308.01,307.6449,307.69,60418
2026-07-30 14:17:00,307.655,307.85,307.59,307.67,40527
2026-07-30 14:18:00,307.7,307.88,307.62,307.725,25888
2026-07-30 14:19:00,307.74,307.8,307.6101,307.75,31538
2026-07-30 14:20:00,307.79,307.79,307.4505,307.5305,51060
2026-07-30 14:21:00,307.57,307.765,307.53,307.635,28915
2026-07-30 14:22:00,307.6213,307.8,307.5,307.695,29365
2026-07-30 14:23:00,307.695,307.8,307.5804,307.705,23702
2026-07-30 14:24:00,307.705,307.82,307.5026,307.51,43297
2026-07-30 14:25:00,307.51,307.76,307.51,307.61,32853
2026-07-30 14:26:00,307.645,307.83,307.51,307.795,28827
2026-07-30 14:27:00,307.8138,307.83,307.64,307.67,27324
2026-07-30 14:28:00,307.67,307.73,307.56,307.61,17610
2026-07-30 14:29:00,307.6,307.7383,307.49,307.5401,32566
2026-07-30 14:30:00,307.58,307.76,307.525,307.74,25925
2026-07-30 14:31:00,307.74,307.77,307.26,307.42,51464
2026-07-30 14:32:00,307.45,307.54,307.3,307.34,56311
2026-07-30 14:33:00,307.34,307.58,307.3103,307.524,43266
2026-07-30 14:34:00,307.475,307.61,307.36,307.415,28275
2026-07-30 14:35:00,307.415,307.56,307.28,307.4801,27427
2026-07-30 14:36:00,307.45,307.585,307.39,307.48,21061
2026-07-30 14:37:00,307.51,307.67,307.44,307.54,30154
2026-07-30 14:38:00,307.56,307.71,307.22,307.24,45089
2026-07-30 14:39:00,307.2,307.31,307.02,307.2401,40644
2026-07-30 14:40:00,307.288,307.675,307.18,307.655,44743
2026-07-30 14:41:00,307.7,307.8,307.6,307.64,36375
2026-07-30 14:42:00,307.64,307.74,307.49,307.52,24747
2026-07-30 14:43:00,307.555,307.75,307.555,307.6585,23210
2026-07-30 14:44:00,307.65,307.89,307.5183,307.8399,39921
2026-07-30 14:45:00,307.81,307.98,307.76,307.88,42781
2026-07-30 14:46:00,307.88,308.05,307.77,308.025,70807
2026-07-30 14:47:00,308.025,308.0252,307.731,307.76,46440
2026-07-30 14:48:00,307.7538,307.93,307.5001,307.6032,57684
2026-07-30 14:49:00,307.6,307.725,307.5008,307.61,29293
2026-07-30 14:50:00,307.615,307.775,307.56,307.69,30945
2026-07-30 14:51:00,307.705,308.11,307.67,308.055,48150
2026-07-30 14:52:00,308.09,308.18,307.9,307.9814,61519
2026-07-30 14:53:00,307.995,308.08,307.9,307.975,28097
2026-07-30 14:54:00,307.975,308.1,307.94,307.99,29317
2026-07-30 14:55:00,308.0,308.02,307.84,307.96,29651
2026-07-30 14:56:00,307.93,308.2,307.9002,308.18,38486
2026-07-30 14:57:00,308.16,308.22,307.965,308.19,38005
2026-07-30 14:58:00,308.16,308.19,307.77,307.8499,56646
2026-07-30 14:59:00,307.845,308.2,307.81,308.08,56939
2026-07-30 15:00:00,308.08,308.39,308.03,308.355,53423
2026-07-30 15:01:00,308.34,308.6,308.27,308.39,101473
2026-07-30 15:02:00,308.445,308.85,308.4,308.645,77172
2026-07-30 15:03:00,308.6361,308.85,308.6,308.62,141921
2026-07-30 15:04:00,308.635,308.71,308.5402,308.575,64577
2026-07-30 15:05:00,308.58,308.71,308.4604,308.62,46634
2026-07-30 15:06:00,308.615,308.6345,308.46,308.595,33961
2026-07-30 15:07:00,308.6,308.78,308.524,308.64,62869
2026-07-30 15:08:00,308.61,309.49,308.56,309.435,287475
2026-07-30 15:09:00,309.43,309.69,309.35,309.54,120551
2026-07-30 15:10:00,309.57,310.08,309.53,310.03,171571
2026-07-30 15:11:00,310.01,310.07,309.86,309.97,106959
2026-07-30 15:12:00,309.93,310.01,309.41,309.6199,107688
2026-07-30 15:13:00,309.56,309.88,309.46,309.8399,71128
2026-07-30 15:14:00,309.77,309.84,309.2601,309.32,64340
2026-07-30 15:15:00,309.32,309.54,309.16,309.26,60882
2026-07-30 15:16:00,309.19,309.77,309.18,309.7599,51041
2026-07-30 15:17:00,309.76,309.9,309.66,309.79,79616
2026-07-30 15:18:00,309.82,309.97,309.4606,309.47,73610
2026-07-30 15:19:00,309.495,309.55,309.25,309.445,56060
2026-07-30 15:20:00,309.44,309.52,309.33,309.4,42529
2026-07-30 15:21:00,309.37,309.535,309.28,309.405,51381
2026-07-30 15:22:00,309.3575,309.48,309.12,309.33,50132
2026-07-30 15:23:00,309.37,310.0948,309.3601,310.06,103575
2026-07-30 15:24:00,310.075,310.4212,310.04,310.06,98293
2026-07-30 15:25:00,310.05,310.39,309.9605,310.145,101668
2026-07-30 15:26:00,310.1576,310.2499,309.8301,309.905,57589
2026-07-30 15:27:00,309.9236,310.2996,309.8,310.25,71345
2026-07-30 15:28:00,310.245,310.37,309.92,310.01,57927
2026-07-30 15:29:00,310.01,310.03,309.8,309.83,44385
2026-07-30 15:30:00,309.835,310.02,309.72,309.7724,42634
2026-07-30 15:31:00,309.79,309.88,309.7199,309.84,39257
2026-07-30 15:32:00,309.845,310.0,309.76,309.9505,62076
2026-07-30 15:33:00,309.98,310.09,309.9,310.07,56615
2026-07-30 15:34:00,310.09,310.625,310.05,310.53,107829
2026-07-30 15:35:00,310.55,310.65,310.45,310.5309,66390
2026-07-30 15:36:00,310.55,310.75,310.26,310.2601,127930
2026-07-30 15:37:00,310.295,310.57,310.26,310.4,94841
2026-07-30 15:38:00,310.3965,310.58,310.33,310.49,85446
2026-07-30 15:39:00,310.5067,310.87,310.49,310.76,104752
2026-07-30 15:40:00,310.69,310.765,310.3182,310.35,94141
2026-07-30 15:41:00,310.35,310.67,310.35,310.485,62176
2026-07-30 15:42:00,310.46,310.5499,310.18,310.21,69413
2026-07-30 15:43:00,310.2299,310.285,309.889,309.905,75645
2026-07-30 15:44:00,309.9334,309.9334,309.64,309.64,87433
2026-07-30 15:45:00,309.7,310.1295,309.52,309.86,107785
2026-07-30 15:46:00,309.91,310.0,309.81,309.86,60557
2026-07-30 15:47:00,309.84,309.9199,309.67,309.835,56364
2026-07-30 15:48:00,309.8,309.95,309.74,309.8124,53872
2026-07-30 15:49:00,309.81,309.81,309.57,309.69,51138
2026-07-30 15:50:00,309.66,309.69,309.2,309.545,144602
2026-07-30 15:51:00,309.54,309.58,309.37,309.42,110344
2026-07-30 15:52:00,309.4,309.71,309.2,309.7037,149363
2026-07-30 15:53:00,309.72,309.84,309.3205,309.355,150262
2026-07-30 15:54:00,309.364,309.45,308.8,308.8003,154478
2026-07-30 15:55:00,308.78,309.0,308.36,308.36,187993
2026-07-30 15:56:00,308.39,308.88,308.17,308.78,165055
2026-07-30 15:57:00,308.78,308.89,308.67,308.845,139229
2026-07-30 15:58:00,308.87,308.92,308.6969,308.9,202365
2026-07-30 15:59:00,308.87,309.03,308.535,308.89,469143
2026-07-30 16:00:00,308.85,308.85,307.68,307.7881,7069
2026-07-30 16:01:00,307.78,308.45,307.78,308.25,0
2026-07-30 16:02:00,308.25,308.25,307.79,308.08,0
2026-07-30 16:03:00,307.98,308.09,307.7,307.81,0
2026-07-30 16:04:00,307.84,308.85,307.6,307.85,0
2026-07-30 16:05:00,307.713,307.97,307.28,307.32,0
2026-07-30 16:06:00,307.48,307.86,307.3,307.3,0
2026-07-30 16:07:00,307.3,307.76,307.0,307.267,0
2026-07-30 16:08:00,307.2516,307.75,306.1,307.6,0
2026-07-30 16:09:00,307.6,307.85,307.45,307.75,0
2026-07-30 16:10:00,307.69,308.85,307.5,307.8074,0
2026-07-30 16:11:00,307.75,307.82,307.5,307.76,0
2026-07-30 16:12:00,307.755,307.91,307.5065,307.7,0
2026-07-30 16:13:00,307.6876,307.75,307.63,307.69,0
2026-07-30 16:14:00,307.68,307.71,307.55,307.6299,0
2026-07-30 16:15:00,308.85,308.85,307.4,307.7,0
2026-07-30 16:16:00,307.65,307.75,307.4621,307.4621,0
2026-07-30 16:17:00,307.41,307.68,307.25,307.37,0
2026-07-30 16:18:00,307.3,307.51,307.27,307.45,0
2026-07-30 16:19:00,307.42,307.45,307.25,307.3715,0
2026-07-30 16:20:00,307.37,308.85,307.2,307.4,0
2026-07-30 16:21:00,307.37,307.7,307.25,307.25,0
2026-07-30 16:22:00,307.4597,307.5,307.2606,307.4275,0
2026-07-30 16:23:00,307.3019,307.47,307.24,307.25,0
2026-07-30 16:24:00,307.3447,307.45,307.25,307.3206,0
2026-07-30 16:25:00,307.3794,307.55,307.3,307.45,0
2026-07-30 16:26:00,307.5,307.6,307.37,307.56,0
2026-07-30 16:27:00,307.48,307.6,307.24,307.24,0
2026-07-30 16:28:00,307.25,307.55,307.2411,307.45,0
2026-07-30 16:29:00,307.55,307.65,307.5,307.5,0
2026-07-30 16:30:00,307.65,307.78,307.4012,307.6,0
2026-07-30 16:31:00,307.41,307.8915,307.4,307.8,0
2026-07-30 16:32:00,307.8,308.85,307.6914,307.8,0
2026-07-30 16:33:00,307.8576,308.0,307.8,307.9789,0
2026-07-30 16:34:00,308.0,308.0,307.9,308.0,0
2026-07-30 16:35:00,307.9779,308.85,307.7001,307.95,0
2026-07-30 16:36:00,307.9268,308.05,307.7968,307.9,0
2026-07-30 16:37:00,307.93,308.07,307.7757,308.07,0
2026-07-30 16:38:00,307.9804,308.1,307.9,307.9811,0
2026-07-30 16:39:00,307.93,308.85,307.84,308.0,0
2026-07-30 16:40:00,307.9,308.0,307.75,307.9095,0
2026-07-30 16:41:00,307.7424,307.92,307.63,307.76,0
2026-07-30 16:42:00,307.7,308.85,307.6062,307.8345,0
2026-07-30 16:43:00,307.83,307.85,307.75,307.7525,0
2026-07-30 16:44:00,307.8305,307.85,307.7343,307.85,0
2026-07-30 16:45:00,307.76,307.76,307.5,307.64,0
2026-07-30 16:46:00,307.64,307.7,307.5515,307.6206,0
2026-07-30 16:47:00,307.6,307.7,307.5,307.7,0
2026-07-30 16:48:00,307.59,307.69,307.5,307.69,0
2026-07-30 16:49:00,307.6751,307.6751,307.5,307.57,0
2026-07-30 16:50:00,307.56,307.7,307.52,307.6387,0
2026-07-30 16:51:00,307.79,307.84,307.65,307.7,0
2026-07-30 16:52:00,307.7,307.7,307.55,307.6,0
2026-07-30 16:53:00,307.5603,307.6,307.53,307.6,0
2026-07-30 16:54:00,307.6,307.81,307.56,307.7301,0
2026-07-30 16:55:00,307.7271,307.75,307.6,307.67,0
2026-07-30 16:56:00,307.67,307.6999,307.55,307.5984,0
2026-07-30 16:57:00,307.6,307.6,307.52,307.5992,0
2026-07-30 16:58:00,307.6,307.8983,307.58,307.8789,0
2026-07-30 16:59:00,307.8792,308.85,307.8792,308.05,0
2026-07-30 17:00:00,308.0698,308.24,308.01,308.2337,0
2026-07-30 17:01:00,308.2334,308.35,308.2,308.25,0
2026-07-30 17:02:00,308.25,308.4,308.24,308.38,0
2026-07-30 17:03:00,308.38,308.4,308.38,308.3962,0
2026-07-30 17:04:00,308.3962,308.5867,308.38,308.5867,0
2026-07-30 17:05:00,308.49,308.95,308.4196,308.9292,0
2026-07-30 17:06:00,308.93,308.95,308.4103,308.4689,0
2026-07-30 17:07:00,308.75,308.79,308.2,308.65,0
2026-07-30 17:08:00,308.6405,308.65,308.6,308.6001,0
2026-07-30 17:09:00,308.6084,308.61,308.6,308.6,0
2026-07-30 17:10:00,308.6,308.92,308.6,308.92,0
2026-07-30 17:11:00,308.85,309.34,308.8,309.13,0
2026-07-30 17:12:00,309.1913,309.1913,308.98,309.091,0
2026-07-30 17:13:00,309.059,309.1,309.0,309.0005,0
2026-07-30 17:14:00,309.0,309.25,309.0,309.25,0
2026-07-30 17:15:00,309.0591,309.25,308.7812,309.15,0
2026-07-30 17:16:00,308.8373,309.1812,308.8373,308.88,0
2026-07-30 17:17:00,308.9305,309.35,308.8872,309.35,0
2026-07-30 17:18:00,309.14,309.16,308.906,309.0,0
2026-07-30 17:19:00,309.0,309.3205,308.92,308.961,0
2026-07-30 17:20:00,309.11,309.39,309.0,309.12,0
2026-07-30 17:21:00,309.14,309.3,309.04,309.04,0
2026-07-30 17:22:00,309.04,309.1,308.9,308.92,0
2026-07-30 17:23:00,308.92,309.05,308.8001,308.87,0
2026-07-30 17:24:00,308.87,309.0,308.75,308.93,0
2026-07-30 17:25:00,308.93,309.0,308.7,308.7969,0
2026-07-30 17:26:00,308.82,308.82,308.6,308.6499,0
2026-07-30 17:27:00,308.6,308.67,308.6,308.6,0
2026-07-30 17:28:00,308.7521,308.78,308.6,308.75,0
2026-07-30 17:29:00,308.75,308.78,308.6,308.7414,0
2026-07-30 17:30:00,308.6,308.85,308.6,308.6,0
2026-07-30 17:31:00,308.61,308.75,308.6,308.66,0
2026-07-30 17:32:00,308.6115,308.66,308.6,308.64,0
2026-07-30 17:33:00,308.65,308.72,308.63,308.72,0
2026-07-30 17:34:00,308.72,308.85,308.6,308.8294,0
2026-07-30 17:35:00,308.8483,308.95,308.75,308.75,0
2026-07-30 17:36:00,308.95,308.95,308.75,308.75,0
2026-07-30 17:37:00,308.88,308.88,308.75,308.7607,0
2026-07-30 17:38:00,308.76,308.81,308.75,308.8,0
2026-07-30 17:39:00,308.8,308.88,308.73,308.83,0
2026-07-30 17:40:00,308.83,308.87,308.8,308.8599,0
2026-07-30 17:41:00,308.8576,308.87,308.7042,308.83,0
2026-07-30 17:42:00,308.7781,308.7852,308.65,308.65,0
2026-07-30 17:43:00,308.65,308.7,308.6,308.7,0
2026-07-30 17:44:00,308.745,308.85,308.71,308.74,0
2026-07-30 17:45:00,308.779,308.8494,308.77,308.8,0
2026-07-30 17:46:00,308.81,308.85,308.8,308.83,0
2026-07-30 17:47:00,308.81,308.9,308.76,308.8655,0
2026-07-30 17:48:00,308.9294,308.95,308.85,308.93,0
2026-07-30 17:49:00,308.9471,308.96,308.85,308.958,0
2026-07-30 17:50:00,308.95,308.96,308.9015,308.96,0
2026-07-30 17:51:00,308.95,308.96,308.8525,308.9351,0
2026-07-30 17:52:00,308.92,308.96,308.92,308.96,0
2026-07-30 17:53:00,308.9356,308.96,308.8924,308.9,0
2026-07-30 17:54:00,308.95,309.28,308.88,309.27,0
2026-07-30 17:55:00,309.28,309.28,308.88,308.97,0
2026-07-30 17:56:00,308.94,309.27,308.9,309.15,0
2026-07-30 17:57:00,309.1143,309.15,308.92,309.15,0
2026-07-30 17:58:00,309.0,309.15,308.9,308.9,0
2026-07-30 17:59:00,308.9385,309.06,308.85,308.85,0
2026-07-30 18:00:00,308.88,309.0,308.85,308.9691,0
2026-07-30 18:01:00,309.0,309.3,308.8732,309.3,0
2026-07-30 18:02:00,309.28,309.45,309.23,309.4498,0
2026-07-30 18:03:00,309.44,309.5,309.39,309.5,0
2026-07-30 18:04:00,309.4,309.5,309.3114,309.39,0
2026-07-30 18:05:00,309.32,309.49,309.32,309.3364,0
2026-07-30 18:06:00,309.43,309.4606,309.1,309.39,0
2026-07-30 18:07:00,309.43,309.43,309.3,309.4,0
2026-07-30 18:08:00,309.43,309.5,309.37,309.5,0
2026-07-30 18:09:00,309.48,309.49,309.35,309.4193,0
2026-07-30 18:10:00,309.42,309.75,309.42,309.7237,0
2026-07-30 18:11:00,309.69,309.75,309.58,309.69,0
2026-07-30 18:12:00,309.58,309.71,309.4758,309.56,0
2026-07-30 18:13:00,309.56,309.56,309.31,309.3814,0
2026-07-30 18:14:00,309.3814,309.56,309.33,309.4762,0
2026-07-30 18:15:00,309.455,309.5,309.3724,309.42,0
2026-07-30 18:16:00,309.46,309.72,309.46,309.7,0
2026-07-30 18:17:00,309.633,309.69,309.42,309.52,0
2026-07-30 18:18:00,309.68,309.69,309.3585,309.6,0
2026-07-30 18:19:00,309.47,309.6,309.34,309.5,0
2026-07-30 18:20:00,309.5,309.5,309.35,309.4,0
2026-07-30 18:21:00,309.3697,309.46,309.34,309.4,0
2026-07-30 18:22:00,309.46,309.46,309.1,309.1403,0
2026-07-30 18:23:00,309.1,309.4,309.1,309.3506,0
2026-07-30 18:24:00,309.35,309.4,309.3,309.33,0
2026-07-30 18:25:00,309.35,309.5,309.33,309.49,0
2026-07-30 18:26:00,309.4829,309.53,309.442,309.48,0
2026-07-30 18:27:00,309.4,309.61,309.31,309.31,0
2026-07-30 18:28:00,309.44,309.5018,309.3012,309.42,0
2026-07-30 18:29:00,309.42,309.562,309.3,309.4446,0
2026-07-30 18:30:00,309.3248,309.4441,309.12,309.12,0
2026-07-30 18:31:00,309.15,309.3,309.0,309.16,0
2026-07-30 18:32:00,309.16,309.43,309.0,309.0652,0
2026-07-30 18:33:00,309.2395,309.25,309.0,309.2056,0
2026-07-30 18:34:00,309.1741,309.3,309.09,309.25,0
2026-07-30 18:35:00,309.2937,309.47,309.05,309.33,0
2026-07-30 18:36:00,309.33,309.4,309.21,309.3325,0
2026-07-30 18:37:00,309.3325,309.4,309.32,309.37,0
2026-07-30 18:38:00,309.37,309.4,309.31,309.39,0
2026-07-30 18:39:00,309.4,309.48,309.31,309.47,0
2026-07-30 18:40:00,309.47,309.5,309.392,309.4996,0
2026-07-30 18:41:00,309.49,309.5,309.4025,309.4908,0
2026-07-30 18:42:00,309.5,309.74,309.49,309.68,0
2026-07-30 18:43:00,309.7,309.7,309.61,309.61,0
2026-07-30 18:44:00,309.6181,309.7,309.61,309.6224,0
2026-07-30 18:45:00,309.69,309.69,309.65,309.69,0
2026-07-30 18:46:00,309.6891,309.69,309.6208,309.67,0
2026-07-30 18:47:00,309.6671,309.6988,309.63,309.65,0
2026-07-30 18:48:00,309.69,309.8,309.69,309.75,0
2026-07-30 18:49:00,309.78,309.798,309.7,309.75,0
2026-07-30 18:50:00,309.76,309.8,309.69,309.72,0
2026-07-30 18:51:00,309.76,309.79,309.65,309.7,0
2026-07-30 18:52:00,309.75,309.79,309.5,309.6,0
2026-07-30 18:53:00,309.79,309.79,309.5,309.72,0
2026-07-30 18:54:00,309.63,309.8,309.55,309.7,0
2026-07-30 18:55:00,309.7305,309.8,309.6399,309.75,0
2026-07-30 18:56:00,309.75,309.8,309.65,309.7487,0
2026-07-30 18:57:00,309.734,309.75,309.7,309.72,0
2026-07-30 18:58:00,309.739,309.8,309.7,309.74,0
2026-07-30 18:59:00,309.7993,309.8,309.75,309.75,0
2026-07-30 19:00:00,309.75,309.88,309.75,309.85,0
2026-07-30 19:01:00,309.861,309.9,309.75,309.9,0
2026-07-30 19:02:00,309.81,309.81,309.74,309.7892,0
2026-07-30 19:03:00,309.7892,309.8377,309.77,309.7844,0
2026-07-30 19:04:00,309.85,309.85,309.75,309.83,0
2026-07-30 19:05:00,309.77,309.85,309.77,309.79,0
2026-07-30 19:06:00,309.79,309.8,309.75,309.7917,0
2026-07-30 19:07:00,309.75,309.79,309.5012,309.56,0
2026-07-30 19:08:00,309.51,309.7,309.5,309.5,0
2026-07-30 19:09:00,309.5354,309.54,309.3195,309.42,0
2026-07-30 19:10:00,309.47,309.51,309.32,309.33,0
2026-07-30 19:11:00,309.35,309.51,309.33,309.4741,0
2026-07-30 19:12:00,309.33,309.51,309.33,309.51,0
2026-07-30 19:13:00,309.37,309.51,309.34,309.42,0
2026-07-30 19:14:00,309.4884,309.5,309.4,309.45,0
2026-07-30 19:15:00,309.35,309.44,309.33,309.3469,0
2026-07-30 19:16:00,309.35,309.45,309.3,309.3001,0
2026-07-30 19:17:00,309.3005,309.35,309.3,309.31,0
2026-07-30 19:18:00,309.3,309.31,309.1845,309.1845,0
2026-07-30 19:19:00,309.168,309.25,309.16,309.1807,0
2026-07-30 19:20:00,309.19,309.33,309.16,309.33,0
2026-07-30 19:21:00,309.25,309.3,309.16,309.16,0
2026-07-30 19:22:00,309.21,309.23,309.01,309.01,0
2026-07-30 19:23:00,309.09,309.1,309.01,309.08,0
2026-07-30 19:24:00,309.01,309.1,309.01,309.0258,0
2026-07-30 19:25:00,309.08,309.2099,309.04,309.2099,0
2026-07-30 19:26:00,309.16,309.1941,309.01,309.16,0
2026-07-30 19:27:00,309.14,309.21,309.01,309.03,0
2026-07-30 19:28:00,309.02,309.05,308.85,309.0,0
2026-07-30 19:29:00,308.9632,309.0,308.86,308.9,0
2026-07-30 19:30:00,308.93,308.93,308.85,308.8581,0
2026-07-30 19:31:00,308.87,308.95,308.85,308.8547,0
2026-07-30 19:32:00,308.89,308.95,308.85,308.85,0
2026-07-30 19:33:00,308.95,308.9914,308.9,308.934,0
2026-07-30 19:34:00,308.92,308.9993,308.92,308.98,0
2026-07-30 19:35:00,309.0,309.0824,308.96,309.0824,0
2026-07-30 19:36:00,309.1,309.12,309.0139,309.09,0
2026-07-30 19:37:00,309.09,309.12,309.0799,309.11,0
2026-07-30 19:38:00,309.11,309.1494,309.09,309.14,0
2026-07-30 19:39:00,309.15,309.15,309.12,309.1369,0
2026-07-30 19:40:00,309.14,309.14,309.12,309.12,0
2026-07-30 19:41:00,309.1301,309.48,309.13,309.41,0
2026-07-30 19:42:00,309.49,309.5,309.2732,309.3888,0
2026-07-30 19:43:00,309.32,309.38,309.2,309.2991,0
2026-07-30 19:44:00,309.25,309.28,309.21,309.21,0
2026-07-30 19:45:00,309.22,309.34,309.15,309.26,0
2026-07-30 19:46:00,309.26,309.35,309.15,309.275,0
2026-07-30 19:47:00,309.3,309.32,309.15,309.15,0
2026-07-30 19:48:00,309.253,309.28,309.16,309.24,0
2026-07-30 19:49:00,309.24,309.3,309.17,309.26,0
2026-07-30 19:50:00,309.1901,309.3,309.0,309.12,0
2026-07-30 19:51:00,309.156,309.156,309.0,309.01,0
2026-07-30 19:52:00,309.08,309.25,309.0,309.04,0
2026-07-30 19:53:00,309.19,309.3,309.1,309.1,0
2026-07-30 19:54:00,309.15,309.25,309.1,309.169,0
2026-07-30 19:55:00,309.12,309.16,309.0,309.1,0
2026-07-30 19:56:00,309.0782,309.1,309.0,309.0,0
2026-07-30 19:57:00,309.0333,309.1,309.0009,309.1,0
2026-07-30 19:58:00,309.0851,309.1,309.0,309.07,0
2026-07-30 19:59:00,309.05,309.1,309.05,309.0996,0
2026-07-31 04:00:00,315.82,316.8,308.85,315.76,0
2026-07-31 04:01:00,315.994,316.77,310.79,315.99,0
2026-07-31 04:02:00,310.85,316.25,310.85,316.0,0
2026-07-31 04:03:00,315.99,316.21,315.85,316.0,0
2026-07-31 04:04:00,315.9932,316.466,315.8632,316.2,0
2026-07-31 04:05:00,316.25,316.57,310.91,316.1868,0
2026-07-31 04:06:00,314.1,316.32,314.1,316.19,0
2026-07-31 04:07:00,316.2776,316.4388,314.72,316.2992,0
2026-07-31 04:08:00,316.25,316.27,315.42,315.42,0
2026-07-31 04:09:00,315.6583,315.8488,315.3,315.5087,0
2026-07-31 04:10:00,315.55,315.55,315.3245,315.5,0
2026-07-31 04:11:00,315.4373,315.91,315.38,315.7562,0
2026-07-31 04:12:00,315.987,316.0,315.7521,315.99,0
2026-07-31 04:13:00,315.99,316.3,315.895,316.16,0
2026-07-31 04:14:00,316.2595,316.5,316.11,316.5,0
2026-07-31 04:15:00,316.41,316.5,316.28,316.36,0
2026-07-31 04:16:00,316.39,316.7788,316.38,316.55,0
2026-07-31 04:17:00,316.55,316.7788,316.4415,316.6,0
2026-07-31 04:18:00,316.56,316.6,316.46,316.59,0
2026-07-31 04:19:00,316.6,316.8,316.5922,316.75,0
2026-07-31 04:20:00,316.8,316.825,316.59,316.71,0
2026-07-31 04:21:00,316.7,316.8,316.5952,316.7952,0
2026-07-31 04:22:00,316.79,316.79,316.44,316.55,0
2026-07-31 04:23:00,316.5,316.5488,316.45,316.5,0
2026-07-31 04:24:00,316.49,316.55,316.47,316.5173,0
2026-07-31 04:25:00,316.59,316.7,316.5807,316.639,0
2026-07-31 04:26:00,316.66,316.7,316.55,316.5999,0
2026-07-31 04:27:00,316.5917,316.82,316.56,316.778,0
2026-07-31 04:28:00,316.79,317.17,316.67,317.17,0
2026-07-31 04:29:00,317.022,317.3088,317.022,317.2139,0
2026-07-31 04:30:00,317.06,317.1927,316.83,316.977,0
2026-07-31 04:31:00,316.96,317.04,316.7612,316.87,0
2026-07-31 04:32:00,317.0,317.163,316.8,316.9,0
2026-07-31 04:33:00,316.82,316.94,316.74,316.914,0
2026-07-31 04:34:00,316.81,316.91,316.77,316.79,0
2026-07-31 04:35:00,316.89,316.89,316.5068,316.6288,0
2026-07-31 04:36:00,316.55,316.63,316.39,316.4672,0
2026-07-31 04:37:00,316.35,316.59,316.16,316.46,0
2026-07-31 04:38:00,316.46,316.5,316.3773,316.48,0
2026-07-31 04:39:00,316.45,316.45,316.11,316.22,0
2026-07-31 04:40:00,316.11,316.32,315.86,315.9,0
2026-07-31 04:41:00,316.0,316.02,315.85,315.87,0
2026-07-31 04:42:00,315.8521,316.1915,315.8521,315.99,0
2026-07-31 04:43:00,316.11,316.2,316.005,316.1988,0
2026-07-31 04:44:00,316.19,316.2723,315.83,316.0,0
2026-07-31 04:45:00,316.0,316.4788,315.96,316.2,0
2026-07-31 04:46:00,316.3988,316.3988,316.31,316.38,0
2026-07-31 04:47:00,316.3955,316.4752,316.3142,316.44,0
2026-07-31 04:48:00,316.44,316.451,316.06,316.19,0
2026-07-31 04:49:00,316.04,316.2,316.0,316.19,0
2026-07-31 04:50:00,316.0812,316.4591,316.0,316.22,0
2026-07-31 04:51:00,316.0012,316.455,315.85,315.93,0
2026-07-31 04:52:00,316.0,316.28,316.0,316.28,0
2026-07-31 04:53:00,316.2788,316.28,316.2,316.28,0
2026-07-31 04:54:00,316.0812,316.28,316.0812,316.27,0
2026-07-31 04:55:00,316.19,316.28,316.08,316.23,0
2026-07-31 04:56:00,316.23,316.4,316.0812,316.28,0
2026-07-31 04:57:00,316.28,316.4,316.23,316.36,0
2026-07-31 04:58:00,316.36,316.3943,316.0976,316.31,0
2026-07-31 04:59:00,316.14,316.4,316.14,316.31,0
2026-07-31 05:00:00,316.2768,316.4068,316.09,316.2,0
2026-07-31 05:01:00,316.4,316.44,316.3,316.3,0
2026-07-31 05:02:00,316.4238,316.4388,316.3,316.31,0
2026-07-31 05:03:00,316.31,316.38,315.84,316.0819,0
2026-07-31 05:04:00,316.08,316.29,315.9093,316.15,0
2026-07-31 05:05:00,316.11,316.126,315.67,315.87,0
2026-07-31 05:06:00,315.78,316.0988,315.49,315.7592,0
2026-07-31 05:07:00,315.7625,316.1,315.6,315.73,0
2026-07-31 05:08:00,315.73,315.85,315.6,315.6,0
2026-07-31 05:09:00,315.6,315.75,315.32,315.6,0
2026-07-31 05:10:00,315.73,315.887,315.5857,315.887,0
2026-07-31 05:11:00,316.1,316.1,315.7,315.8,0
2026-07-31 05:12:00,315.94,316.0695,315.7712,315.97,0
2026-07-31 05:13:00,315.9,316.01,315.69,315.72,0
2026-07-31 05:14:00,315.55,315.79,315.55,315.7625,0
2026-07-31 05:15:00,315.78,316.0,315.56,315.5812,0
2026-07-31 05:16:00,315.65,315.94,315.65,315.79,0
2026-07-31 05:17:00,315.75,315.8125,315.59,315.6068,0
2026-07-31 05:18:00,315.6258,315.69,315.5,315.69,0
2026-07-31 05:19:00,315.78,315.78,315.31,315.35,0
2026-07-31 05:20:00,315.51,315.55,315.22,315.55,0
2026-07-31 05:21:00,315.2975,315.34,315.15,315.25,0
2026-07-31 05:22:00,315.2282,315.33,315.0396,315.2421,0
2026-07-31 05:23:00,315.1,315.25,315.016,315.21,0
2026-07-31 05:24:00,315.16,315.23,315.01,315.1477,0
2026-07-31 05:25:00,315.134,315.15,314.8,314.8,0
2026-07-31 05:26:00,315.0,315.0,314.5,314.93,0
2026-07-31 05:27:00,314.86,315.1,314.76,315.1,0
2026-07-31 05:28:00,315.1,315.1795,314.73,314.73,0
2026-07-31 05:29:00,314.7245,314.7245,314.53,314.718,0
2026-07-31 05:30:00,314.699,314.699,313.9436,313.9975,0
2026-07-31 05:31:00,313.92,314.4988,313.91,314.4902,0
2026-07-31 05:32:00,314.34,314.46,313.99,313.99,0
2026-07-31 05:33:00,313.9577,314.3488,313.95,314.1,0
2026-07-31 05:34:00,314.2785,314.2952,314.14,314.2,0
2026-07-31 05:35:00,314.2,314.2927,314.15,314.2,0
2026-07-31 05:36:00,314.1635,314.2,313.91,313.96,0
2026-07-31 05:37:00,313.9523,314.09,313.9101,314.09,0
2026-07-31 05:38:00,314.08,314.09,313.81,313.873,0
2026-07-31 05:39:00,313.83,314.08,313.73,313.79,0
2026-07-31 05:40:00,313.8485,314.12,313.79,314.12,0
2026-07-31 05:41:00,314.1,314.2925,313.79,314.1,0
2026-07-31 05:42:00,314.1,314.2,314.0,314.15,0
2026-07-31 05:43:00,314.12,314.12,313.92,314.0,0
2026-07-31 05:44:00,314.0,314.0,313.796,313.832,0
2026-07-31 05:45:00,313.8238,314.0288,313.8238,313.97,0
2026-07-31 05:46:00,314.0252,314.0252,313.8602,313.9472,0
2026-07-31 05:47:00,313.989,313.99,313.95,313.97,0
2026-07-31 05:48:00,313.9695,313.9695,313.6354,313.951,0
2026-07-31 05:49:00,313.75,314.0,313.6677,313.7942,0
2026-07-31 05:50:00,314.0,314.18,313.92,314.15,0
2026-07-31 05:51:00,314.13,314.13,313.7487,313.99,0
2026-07-31 05:52:00,314.0,314.08,313.93,313.9346,0
2026-07-31 05:53:00,313.927,314.18,313.9,314.1,0
2026-07-31 05:54:00,314.03,314.2,313.96,314.0014,0
2026-07-31 05:55:00,314.01,314.01,313.89,313.95,0
2026-07-31 05:56:00,313.9048,314.1922,313.726,313.81,0
2026-07-31 05:57:00,313.7985,313.7985,313.38,313.38,0
2026-07-31 05:58:00,313.37,313.5,313.33,313.38,0
2026-07-31 05:59:00,313.3869,313.5,313.35,313.5,0
2026-07-31 06:00:00,313.4286,313.87,313.3588,313.691,0
2026-07-31 06:01:00,313.4,313.8796,313.33,313.7,0
2026-07-31 06:02:00,313.8507,313.98,313.7,313.9,0
2026-07-31 06:03:00,313.6156,313.75,313.6,313.73,0
2026-07-31 06:04:00,313.7643,314.1988,313.68,313.9,0
2026-07-31 06:05:00,314.0,314.11,313.6803,313.98,0
2026-07-31 06:06:00,313.85,313.9705,313.6095,313.86,0
2026-07-31 06:07:00,313.6872,314.1864,313.6872,314.1864,0
2026-07-31 06:08:00,313.946,314.2,313.94,314.022,0
2026-07-31 06:09:00,314.09,314.13,313.95,313.9532,0
2026-07-31 06:10:00,314.0767,314.0767,313.85,313.9754,0
2026-07-31 06:11:00,313.981,314.0488,313.9037,313.99,0
2026-07-31 06:12:00,313.97,314.22,313.9423,314.22,0
2026-07-31 06:13:00,314.1935,314.493,314.1935,314.493,0
2026-07-31 06:14:00,314.227,314.5,314.0092,314.21,0
2026-07-31 06:15:00,314.2764,314.4643,314.21,314.4643,0
2026-07-31 06:16:00,314.35,314.4988,314.34,314.49,0
2026-07-31 06:17:00,314.454,314.5,314.33,314.5,0
2026-07-31 06:18:00,314.5,314.8217,314.5,314.8217,0
2026-07-31 06:19:00,314.66,314.8,314.63,314.6897,0
2026-07-31 06:20:00,314.71,314.86,314.68,314.74,0
2026-07-31 06:21:00,314.7853,314.8927,314.4,314.41,0
2026-07-31 06:22:00,314.6084,314.71,314.46,314.4672,0
2026-07-31 06:23:00,314.46,314.5,314.41,314.44,0
2026-07-31 06:24:00,314.4,314.4,314.2768,314.2768,0
2026-07-31 06:25:00,314.35,314.3965,314.2635,314.3948,0
2026-07-31 06:26:00,314.391,314.4,314.3185,314.39,0
2026-07-31 06:27:00,314.4,314.4,314.37,314.37,0
2026-07-31 06:28:00,314.3411,314.4,314.34,314.38,0
2026-07-31 06:29:00,314.48,314.5,314.41,314.41,0
2026-07-31 06:30:00,314.4,314.4479,314.32,314.4,0
2026-07-31 06:31:00,314.43,314.59,314.37,314.4502,0
2026-07-31 06:32:00,314.4169,314.495,314.23,314.3462,0
2026-07-31 06:33:00,314.3232,314.3288,314.06,314.09,0
2026-07-31 06:34:00,314.1462,314.42,314.0045,314.25,0
2026-07-31 06:35:00,314.27,314.27,314.25,314.25,0
2026-07-31 06:36:00,314.5,314.5,314.3,314.47,0
2026-07-31 06:37:00,314.47,314.47,314.2084,314.2474,0
2026-07-31 06:38:00,314.2,314.3462,314.1325,314.2137,0
2026-07-31 06:39:00,314.13,314.2,314.004,314.2,0
2026-07-31 06:40:00,314.2,314.27,314.11,314.11,0
2026-07-31 06:41:00,314.15,314.34,314.11,314.3,0
2026-07-31 06:42:00,314.31,314.3388,314.2522,314.295,0
2026-07-31 06:43:00,314.3254,314.5,314.29,314.34,0
2026-07-31 06:44:00,314.6,314.61,314.34,314.61,0
2026-07-31 06:45:00,314.61,314.85,314.55,314.6,0
2026-07-31 06:46:00,314.72,314.85,314.6,314.64,0
2026-07-31 06:47:00,314.8,314.8,314.3,314.4418,0
2026-07-31 06:48:00,314.4418,314.45,314.18,314.18,0
2026-07-31 06:49:00,314.21,314.27,313.91,314.0,0
2026-07-31 06:50:00,314.0,314.0,313.9,313.9025,0
2026-07-31 06:51:00,314.0,314.0,313.87,313.8922,0
2026-07-31 06:52:00,313.89,313.9,313.78,313.85,0
2026-07-31 06:53:00,313.88,313.88,313.74,313.74,0
2026-07-31 06:54:00,313.74,313.9988,313.73,313.73,0
2026-07-31 06:55:00,313.8,313.86,313.7,313.7574,0
2026-07-31 06:56:00,313.74,313.8,313.6214,313.71,0
2026-07-31 06:57:00,313.62,313.62,313.34,313.5,0
2026-07-31 06:58:00,313.55,313.7988,313.5,313.5414,0
2026-07-31 06:59:00,313.5414,313.8,313.54,313.7693,0
2026-07-31 07:00:00,313.6,313.8,313.01,313.46,0
2026-07-31 07:01:00,313.66,313.79,313.17,313.73,0
2026-07-31 07:02:00,313.75,313.7902,313.35,313.58,0
2026-07-31 07:03:00,313.6088,314.13,313.5,313.9,0
2026-07-31 07:04:00,314.07,314.1988,313.501,314.06,0
2026-07-31 07:05:00,314.031,314.39,314.0,314.1845,0
2026-07-31 07:06:00,314.1488,314.31,314.0,314.2,0
2026-07-31 07:07:00,314.0,314.1688,313.9189,314.1,0
2026-07-31 07:08:00,314.1,314.1,313.78,313.92,0
2026-07-31 07:09:00,313.98,314.09,313.79,314.0705,0
2026-07-31 07:10:00,314.0723,314.09,313.75,313.7564,0
2026-07-31 07:11:00,313.6537,313.7999,313.5,313.7,0
2026-07-31 07:12:00,313.68,313.8,313.57,313.7488,0
2026-07-31 07:13:00,313.65,313.74,313.17,313.3,0
2026-07-31 07:14:00,313.3599,313.49,313.05,313.14,0
2026-07-31 07:15:00,313.1,313.38,312.9,312.9819,0
2026-07-31 07:16:00,312.9991,313.0,312.56,312.7264,0
2026-07-31 07:17:00,312.85,313.0,312.61,312.9,0
2026-07-31 07:18:00,312.9,313.0,312.6101,312.8339,0
2026-07-31 07:19:00,312.8339,312.9499,312.66,312.76,0
2026-07-31 07:20:00,312.9163,312.9163,312.61,312.61,0
2026-07-31 07:21:00,312.7,312.89,312.65,312.7972,0
2026-07-31 07:22:00,312.8,312.8,312.65,312.7614,0
2026-07-31 07:23:00,312.8337,313.0,312.74,312.9715,0
2026-07-31 07:24:00,312.9737,312.99,312.89,312.93,0
2026-07-31 07:25:00,312.95,312.95,312.7017,312.79,0
2026-07-31 07:26:00,312.79,312.9405,312.7,312.7646,0
2026-07-31 07:27:00,312.825,312.94,312.65,312.94,0
2026-07-31 07:28:00,313.0,313.0,312.7,312.7,0
2026-07-31 07:29:00,312.7811,312.8,312.22,312.2494,0
2026-07-31 07:30:00,312.25,312.3923,312.0,312.1088,0
2026-07-31 07:31:00,312.1064,312.4,312.0,312.2,0
2026-07-31 07:32:00,312.229,312.5,312.01,312.24,0
2026-07-31 07:33:00,312.2715,312.5,312.25,312.45,0
2026-07-31 07:34:00,312.3,312.7897,312.13,312.13,0
2026-07-31 07:35:00,312.22,312.29,312.05,312.28,0
2026-07-31 07:36:00,312.29,312.39,312.05,312.14,0
2026-07-31 07:37:00,312.16,312.16,311.6,311.75,0
2026-07-31 07:38:00,311.9,312.05,311.8,312.04,0
2026-07-31 07:39:00,312.03,312.1288,311.82,311.95,0
2026-07-31 07:40:00,312.0,312.2073,311.9159,312.11,0
2026-07-31 07:41:00,312.0628,312.2361,312.0019,312.19,0
2026-07-31 07:42:00,312.233,312.4528,312.01,312.37,0
2026-07-31 07:43:00,312.36,312.49,312.07,312.2,0
2026-07-31 07:44:00,312.14,312.49,312.0,312.2282,0
2026-07-31 07:45:00,312.26,312.44,312.14,312.3,0
2026-07-31 07:46:00,312.2185,312.3,311.91,312.0,0
2026-07-31 07:47:00,312.0,312.17,311.85,312.17,0
2026-07-31 07:48:00,312.151,312.42,312.0443,312.3431,0
2026-07-31 07:49:00,312.3,312.42,312.2722,312.2722,0
2026-07-31 07:50:00,312.1,312.4,312.1,312.3,0
2026-07-31 07:51:00,312.35,312.45,312.19,312.45,0
2026-07-31 07:52:00,312.48,312.49,312.21,312.3,0
2026-07-31 07:53:00,312.3,312.4398,312.221,312.37,0
2026-07-31 07:54:00,312.4,312.5,312.2942,312.4716,0
2026-07-31 07:55:00,312.49,312.5,312.35,312.4742,0
2026-07-31 07:56:00,312.5,312.56,312.37,312.51,0
2026-07-31 07:57:00,312.5,312.8,312.43,312.8,0
2026-07-31 07:58:00,312.6657,312.87,312.66,312.7761,0
2026-07-31 07:59:00,312.7721,312.8988,312.6,312.83,0
2026-07-31 08:00:00,312.9,312.9,312.4,312.5622,0
2026-07-31 08:01:00,312.5437,312.7899,312.44,312.54,0
2026-07-31 08:02:00,312.5781,312.6088,312.4812,312.5917,0
2026-07-31 08:03:00,312.6,312.6,312.26,312.3495,0
2026-07-31 08:04:00,312.3,312.3167,312.2,312.29,0
2026-07-31 08:05:00,312.3088,312.47,312.26,312.3238,0
2026-07-31 08:06:00,312.3246,312.33,312.19,312.27,0
2026-07-31 08:07:00,312.3,312.41,312.2457,312.27,0
2026-07-31 08:08:00,312.3383,312.43,312.27,312.369,0
2026-07-31 08:09:00,312.29,312.44,312.0344,312.13,0
2026-07-31 08:10:00,312.13,312.34,311.9701,312.2,0
2026-07-31 08:11:00,312.23,312.39,312.1056,312.28,0
2026-07-31 08:12:00,312.36,312.3781,312.2,312.2414,0
2026-07-31 08:13:00,312.2089,312.4,312.2,312.2,0
2026-07-31 08:14:00,312.27,312.4,312.0512,312.0768,0
2026-07-31 08:15:00,312.15,312.19,311.99,311.99,0
2026-07-31 08:16:00,311.99,312.0032,311.76,311.8581,0
2026-07-31 08:17:00,311.8592,311.99,311.62,311.99,0
2026-07-31 08:18:00,311.8294,311.99,311.8,311.9,0
2026-07-31 08:19:00,311.8,311.85,311.522,311.63,0
2026-07-31 08:20:00,311.56,311.98,311.501,311.8699,0
2026-07-31 08:21:00,311.73,312.25,311.73,312.1,0
2026-07-31 08:22:00,312.2535,312.3,311.8924,311.9955,0
2026-07-31 08:23:00,312.05,312.05,311.61,311.78,0
2026-07-31 08:24:00,311.8985,312.2,311.692,312.09,0
2026-07-31 08:25:00,312.06,312.1186,311.8845,312.1186,0
2026-07-31 08:26:00,312.1017,312.25,311.98,311.98,0
2026-07-31 08:27:00,312.04,312.1,311.9019,312.0,0
2026-07-31 08:28:00,311.9332,312.25,311.91,312.11,0
2026-07-31 08:29:00,312.25,312.27,312.0792,312.0815,0
2026-07-31 08:30:00,312.15,312.2727,311.45,312.03,0
2026-07-31 08:31:00,312.0465,312.25,311.65,312.05,0
2026-07-31 08:32:00,311.9,312.12,311.7,311.9453,0
2026-07-31 08:33:00,312.15,312.15,311.7,311.8,0
2026-07-31 08:34:00,311.76,312.1,311.72,311.8425,0
2026-07-31 08:35:00,311.8175,311.87,311.5,311.72,0
2026-07-31 08:36:00,311.7349,311.8259,311.55,311.61,0
2026-07-31 08:37:00,311.57,311.7785,311.57,311.63,0
2026-07-31 08:38:00,311.6452,311.6872,311.44,311.6,0
2026-07-31 08:39:00,311.49,311.56,311.21,311.2945,0
2026-07-31 08:40:00,311.2302,311.4872,311.21,311.27,0
2026-07-31 08:41:00,311.349,311.6,311.17,311.5,0
2026-07-31 08:42:00,311.47,311.5,311.13,311.23,0
2026-07-31 08:43:00,311.23,311.23,311.04,311.12,0
2026-07-31 08:44:00,311.0418,311.25,310.87,310.9799,0
2026-07-31 08:45:00,310.9755,311.1982,310.87,310.94,0
2026-07-31 08:46:00,311.0,311.04,310.7,310.9498,0
2026-07-31 08:47:00,310.9469,311.15,310.81,311.0806,0
2026-07-31 08:48:00,311.1,311.1,310.8,310.9,0
2026-07-31 08:49:00,310.81,310.9643,310.71,310.8905,0
2026-07-31 08:50:00,310.91,311.1,310.75,310.94,0
2026-07-31 08:51:00,311.09,311.15,310.72,310.95,0
2026-07-31 08:52:00,311.0229,311.15,311.0001,311.1423,0
2026-07-31 08:53:00,311.1423,311.25,310.91,311.1,0
2026-07-31 08:54:00,311.15,311.19,310.73,311.04,0
2026-07-31 08:55:00,311.19,311.19,310.67,310.67,0
2026-07-31 08:56:00,310.621,310.6975,310.4,310.5499,0
2026-07-31 08:57:00,310.5437,310.56,310.26,310.3,0
2026-07-31 08:58:00,310.34,310.3925,310.1,310.2,0
2026-07-31 08:59:00,310.2407,310.34,310.19,310.2606,0
2026-07-31 09:00:00,310.25,310.32,309.73,309.7712,0
2026-07-31 09:01:00,309.8699,309.9765,309.1,309.2,0
2026-07-31 09:02:00,309.1483,309.71,309.1418,309.7085,0
2026-07-31 09:03:00,309.6945,309.84,309.35,309.84,0
2026-07-31 09:04:00,309.71,309.84,309.65,309.65,0
2026-07-31 09:05:00,309.65,310.0,309.6,309.7,0
2026-07-31 09:06:00,309.75,309.75,309.43,309.6313,0
2026-07-31 09:07:00,309.67,309.7,309.4999,309.5981,0
2026-07-31 09:08:00,309.6,309.67,309.43,309.6172,0
2026-07-31 09:09:00,309.6284,309.85,309.5,309.59,0
2026-07-31 09:10:00,309.5792,309.9,309.5792,309.7622,0
2026-07-31 09:11:00,309.8498,310.13,309.8,310.05,0
2026-07-31 09:12:00,309.98,310.1595,309.89,309.97,0
2026-07-31 09:13:00,309.9607,309.9681,309.75,309.83,0
2026-07-31 09:14:00,309.8575,310.41,309.812,310.26,0
2026-07-31 09:15:00,310.22,310.48,310.0,310.2,0
2026-07-31 09:16:00,310.22,310.241,310.08,310.19,0
2026-07-31 09:17:00,310.2,310.3,310.0817,310.175,0
2026-07-31 09:18:00,310.15,310.209,309.53,309.645,0
2026-07-31 09:19:00,309.5867,309.87,309.53,309.7,0
2026-07-31 09:20:00,309.7096,309.72,309.43,309.57,0
2026-07-31 09:21:00,309.579,309.62,309.29,309.62,0
2026-07-31 09:22:00,309.65,309.9434,309.49,309.7205,0
2026-07-31 09:23:00,309.7173,310.0,309.45,309.82,0
2026-07-31 09:24:00,309.822,310.17,309.81,310.15,0
2026-07-31 09:25:00,310.16,310.39,309.29,309.47,0
2026-07-31 09:26:00,309.42,309.47,309.28,309.3489,0
2026-07-31 09:27:00,309.3491,309.37,309.0,309.2535,0
2026-07-31 09:28:00,309.04,309.9915,308.96,309.8,0
2026-07-31 09:29:00,309.76,310.33,309.52,309.55,0
2026-07-31 09:30:00,309.6,311.97,308.5,311.84,1819354
2026-07-31 09:31:00,311.69,314.384,311.5617,314.3,270463
2026-07-31 09:32:00,314.2785,314.45,313.32,314.3241,234967
2026-07-31 09:33:00,314.35,314.7,313.7,314.093,195225
2026-07-31 09:34:00,313.9651,315.2,313.86,315.0,194441
2026-07-31 09:35:00,315.0,315.5,313.25,314.0699,297185
2026-07-31 09:36:00,313.965,314.5,313.5437,313.68,132913
2026-07-31 09:37:00,313.695,313.785,312.17,312.785,188621
2026-07-31 09:38:00,312.74,313.3699,311.5,311.555,215361
2026-07-31 09:39:00,311.555,311.72,310.41,310.7,187651
2026-07-31 09:40:00,310.69,311.18,309.7,310.08,159015
2026-07-31 09:41:00,310.16,310.9799,309.97,309.97,120445
2026-07-31 09:42:00,310.0599,310.4899,309.68,309.7,129177
2026-07-31 09:43:00,309.71,310.1834,309.55,309.91,91421
2026-07-31 09:44:00,309.91,309.9475,309.04,309.2132,154957
2026-07-31 09:45:00,308.62,308.62,308.62,308.62,173251
2026-07-31 09:46:00,308.65,308.6599,307.07,307.2606,357099
2026-07-31 09:47:00,307.295,307.95,307.17,307.495,136570
2026-07-31 09:48:00,307.4602,307.755,306.61,306.9518,214723
2026-07-31 09:49:00,306.93,307.16,306.3,306.6,197644
2026-07-31 09:50:00,306.61,306.96,305.86,306.251,208124
2026-07-31 09:51:00,306.34,307.39,306.2601,306.9546,142287
2026-07-31 09:52:00,306.97,307.12,306.3,306.375,95378
2026-07-31 09:53:00,306.38,306.6,306.06,306.18,77972
2026-07-31 09:54:00,306.21,306.5299,305.8803,306.4,125307
2026-07-31 09:55:00,306.35,306.6,306.0,306.225,88144
2026-07-31 09:56:00,306.31,306.4,305.7801,306.0751,94561
2026-07-31 09:57:00,306.085,306.75,306.0482,306.37,93394
2026-07-31 09:58:00,306.41,306.5799,305.88,305.9601,103942
2026-07-31 09:59:00,305.91,306.5674,305.91,306.35,82715
2026-07-31 10:00:00,306.35,306.72,305.2,305.28,176626
2026-07-31 10:01:00,305.2257,305.65,304.75,305.3299,922185
2026-07-31 10:02:00,305.17,305.25,304.2108,304.6,148768
2026-07-31 10:03:00,304.5681,304.8,304.15,304.44,94916
2026-07-31 10:04:00,304.4265,304.6,303.93,304.215,123959
2026-07-31 10:05:00,304.2,304.65,303.95,304.543,124915
2026-07-31 10:06:00,304.41,304.75,303.615,303.86,138165
2026-07-31 10:07:00,303.875,303.97,303.3316,303.6061,137922
2026-07-31 10:08:00,303.635,303.6625,303.12,303.296,150614
2026-07-31 10:09:00,303.397,303.88,303.26,303.605,81012
2026-07-31 10:10:00,303.61,303.81,303.13,303.43,89314
2026-07-31 10:11:00,303.42,303.59,303.147,303.3161,107546
2026-07-31 10:12:00,303.35,303.56,302.67,302.895,173405
2026-07-31 10:13:00,302.81,302.93,302.15,302.18,169883
2026-07-31 10:14:00,302.15,303.22,301.97,303.0,206145
2026-07-31 10:15:00,302.9515,303.88,302.67,303.675,343422
2026-07-31 10:16:00,303.67,304.27,303.315,304.0,301139
2026-07-31 10:17:00,303.98,304.7999,303.84,304.2369,184927
2026-07-31 10:18:00,304.22,304.78,304.22,304.6601,105784
2026-07-31 10:19:00,304.63,304.89,303.23,303.46,318208
2026-07-31 10:20:00,303.4,304.5,303.32,304.325,111244
2026-07-31 10:21:00,304.33,304.5,304.04,304.375,77811
2026-07-31 10:22:00,304.32,305.32,304.22,304.962,122538
2026-07-31 10:23:00,304.97,305.07,304.47,304.785,79806
2026-07-31 10:24:00,304.785,304.8399,304.0,304.22,93895
2026-07-31 10:25:00,304.21,304.575,304.11,304.275,65700
2026-07-31 10:26:00,304.32,304.4299,304.1001,304.245,50772
2026-07-31 10:27:00,304.255,304.255,303.69,304.1492,139477
2026-07-31 10:28:00,304.13,304.465,303.95,304.445,57398
2026-07-31 10:29:00,304.44,304.49,303.92,304.345,56316
2026-07-31 10:30:00,304.4,304.9,304.4,304.755,82701
2026-07-31 10:31:00,304.81,305.0768,304.56,304.7299,65322
2026-07-31 10:32:00,304.575,304.94,304.22,304.9051,71412
2026-07-31 10:33:00,304.905,305.1495,304.5,304.745,73135
2026-07-31 10:34:00,304.73,305.0199,304.57,304.92,41391
2026-07-31 10:35:00,304.92,305.7458,304.74,305.735,114463
2026-07-31 10:36:00,305.75,305.8699,305.5,305.7,93675
2026-07-31 10:37:00,305.685,306.04,305.35,305.695,85549
2026-07-31 10:38:00,305.65,305.8799,305.4601,305.63,69052
2026-07-31 10:39:00,305.635,306.1328,305.5601,305.9238,72531
2026-07-31 10:40:00,305.9517,306.14,305.76,305.9606,51151
2026-07-31 10:41:00,305.99,306.09,305.38,305.51,104244
2026-07-31 10:42:00,305.48,305.48,305.11,305.425,93585
2026-07-31 10:43:00,305.46,305.5295,305.11,305.465,35083
2026-07-31 10:44:00,305.47,306.37,305.19,306.035,245041
2026-07-31 10:45:00,305.95,307.49,305.9,306.9499,504225
2026-07-31 10:46:00,306.86,308.3,306.8,307.94,210356
2026-07-31 10:47:00,307.821,308.66,307.8001,308.315,193525
2026-07-31 10:48:00,308.2601,309.62,308.2,309.4991,211835
2026-07-31 10:49:00,309.4996,310.0,309.21,309.8951,293997
2026-07-31 10:50:00,309.922,310.16,309.53,309.825,198655
2026-07-31 10:51:00,309.775,310.05,309.45,309.63,115116
2026-07-31 10:52:00,309.65,309.6699,308.23,308.23,166272
2026-07-31 10:53:00,308.23,308.36,307.56,307.95,142835
2026-07-31 10:54:00,307.95,308.0987,307.22,307.28,94689
2026-07-31 10:55:00,307.36,307.446,306.19,306.3462,145394
2026-07-31 10:56:00,306.42,307.65,306.42,307.19,101473
2026-07-31 10:57:00,307.23,308.43,307.18,307.9377,159537
2026-07-31 10:58:00,307.96,309.09,307.56,309.02,151723
2026-07-31 10:59:00,309.05,309.62,308.6805,308.855,146056
2026-07-31 11:00:00,308.855,308.95,307.96,307.995,85035
2026-07-31 11:01:00,308.0499,308.2097,307.2612,307.38,106390
2026-07-31 11:02:00,307.27,307.73,307.1,307.6116,78150
2026-07-31 11:03:00,307.59,307.72,307.2801,307.6001,44047
2026-07-31 11:04:00,307.6704,308.07,307.63,307.875,95076
2026-07-31 11:05:00,307.84,308.83,307.84,308.055,116364
2026-07-31 11:06:00,308.11,308.54,307.98,308.305,53057
2026-07-31 11:07:00,308.32,308.7,308.32,308.55,57903
2026-07-31 11:08:00,308.54,308.55,307.89,307.95,60505
2026-07-31 11:09:00,307.95,308.27,307.4001,308.14,104948
2026-07-31 11:10:00,308.1,308.1,307.51,307.61,59217
2026-07-31 11:11:00,307.635,307.69,307.1,307.31,51505
2026-07-31 11:12:00,307.21,307.4999,306.85,307.335,81025
2026-07-31 11:13:00,307.3999,307.48,307.05,307.44,43254
2026-07-31 11:14:00,307.4301,307.87,307.4301,307.695,92436
2026-07-31 11:15:00,307.695,309.16,307.6,308.485,153897
2026-07-31 11:16:00,308.44,308.5399,307.39,307.66,68540
2026-07-31 11:17:00,307.61,307.655,306.91,307.32,81436
2026-07-31 11:18:00,307.27,307.32,306.8008,307.16,52633
2026-07-31 11:19:00,307.12,307.55,307.07,307.51,33583
2026-07-31 11:20:00,307.525,307.6187,307.16,307.26,32007
2026-07-31 11:21:00,307.3,307.67,307.05,307.14,35475
2026-07-31 11:22:00,307.07,307.33,306.8001,306.91,51741
2026-07-31 11:23:00,306.9,307.0899,306.7382,306.935,39326
2026-07-31 11:24:00,306.94,306.989,306.3201,306.4785,109218
2026-07-31 11:25:00,306.41,306.88,306.41,306.67,57854
2026-07-31 11:26:00,306.655,306.73,305.71,305.934,124455
2026-07-31 11:27:00,305.8,306.0,305.63,305.83,93964
2026-07-31 11:28:00,305.78,305.97,305.49,305.8351,67277
2026-07-31 11:29:00,305.84,306.0,305.61,305.765,73576
2026-07-31 11:30:00,305.77,305.87,305.471,305.65,51835
2026-07-31 11:31:00,305.6802,306.2,305.6493,305.96,111019
2026-07-31 11:32:00,305.92,306.05,305.66,305.83,68176
2026-07-31 11:33:00,305.805,305.96,305.58,305.77,35311
2026-07-31 11:34:00,305.8,305.85,305.42,305.81,93080
2026-07-31 11:35:00,305.8176,306.2495,305.66,306.045,57875
2026-07-31 11:36:00,306.04,307.09,306.0,306.95,105885
2026-07-31 11:37:00,307.015,307.56,306.97,307.39,355624
2026-07-31 11:38:00,307.45,307.99,307.33,307.825,86903
2026-07-31 11:39:00,307.75,307.94,307.39,307.4,89622
2026-07-31 11:40:00,307.4,307.63,307.2,307.25,56518
2026-07-31 11:41:00,307.25,307.25,306.12,306.29,70084
2026-07-31 11:42:00,306.33,306.39,306.02,306.2799,46670
2026-07-31 11:43:00,306.1601,306.273,305.8,306.235,50230
2026-07-31 11:44:00,306.2999,306.58,306.1961,306.5,37017
2026-07-31 11:45:00,306.46,306.57,306.01,306.235,39083
2026-07-31 11:46:00,306.235,306.44,306.05,306.32,35828
2026-07-31 11:47:00,306.3,306.385,305.985,306.1999,24163
2026-07-31 11:48:00,306.13,306.44,305.96,306.39,41225
2026-07-31 11:49:00,306.4001,306.5885,306.21,306.395,36601
2026-07-31 11:50:00,306.45,307.18,306.4136,307.0751,72658
2026-07-31 11:51:00,307.075,307.075,306.75,306.9,34354
2026-07-31 11:52:00,306.9,307.6795,306.7501,307.62,61761
2026-07-31 11:53:00,307.635,307.72,307.34,307.475,44053
2026-07-31 11:54:00,307.41,307.64,307.2628,307.56,41367
2026-07-31 11:55:00,307.58,307.7799,307.2401,307.49,45090
2026-07-31 11:56:00,307.47,307.73,307.39,307.655,33534
2026-07-31 11:57:00,307.6551,307.88,307.47,307.6,40546
2026-07-31 11:58:00,307.61,307.8794,307.458,307.47,38719
2026-07-31 11:59:00,307.4472,307.63,307.3348,307.56,43837
2026-07-31 12:00:00,307.6,307.8899,307.46,307.78,35314
2026-07-31 12:01:00,307.835,308.25,307.8,307.8612,84904
2026-07-31 12:02:00,307.9,308.0999,307.7701,308.045,37575
2026-07-31 12:03:00,308.045,308.1699,307.82,308.105,43968
2026-07-31 12:04:00,308.06,308.14,307.92,307.99,24971
2026-07-31 12:05:00,307.99,308.29,307.89,307.898,36015
2026-07-31 12:06:00,307.96,308.0,307.55,307.7581,38354
2026-07-31 12:07:00,307.74,307.9,307.51,307.615,26271
2026-07-31 12:08:00,307.58,307.9589,307.58,307.93,23870
2026-07-31 12:09:00,307.93,308.085,307.81,307.9,37961
2026-07-31 12:10:00,307.88,308.04,307.8,307.975,38456
2026-07-31 12:11:00,307.94,308.35,307.84,308.19,51412
2026-07-31 12:12:00,308.19,308.2932,307.9201,308.045,27623
2026-07-31 12:13:00,308.02,308.2564,307.97,308.215,27663
2026-07-31 12:14:00,308.215,308.28,307.9,307.985,35692
2026-07-31 12:15:00,308.03,308.095,307.41,307.51,65115
2026-07-31 12:16:00,307.47,307.86,307.47,307.84,24034
2026-07-31 12:17:00,307.81,307.9097,307.42,307.82,91680
2026-07-31 12:18:00,307.86,307.95,307.55,307.725,28139
2026-07-31 12:19:00,307.68,307.91,307.6015,307.7136,19172
2026-07-31 12:20:00,307.675,307.8181,307.31,307.775,35879
2026-07-31 12:21:00,307.79,308.03,307.73,307.93,36162
2026-07-31 12:22:00,307.8801,308.36,307.835,308.245,62650
2026-07-31 12:23:00,308.245,308.49,308.21,308.46,38549
2026-07-31 12:24:00,308.46,308.72,308.4187,308.4401,58424
2026-07-31 12:25:00,308.515,308.56,307.97,308.03,77752
2026-07-31 12:26:00,308.03,308.3699,307.95,308.29,31787
2026-07-31 12:27:00,308.37,308.655,308.31,308.39,43932
2026-07-31 12:28:00,308.39,308.99,308.325,308.93,76460
2026-07-31 12:29:00,308.925,309.4,308.86,309.4,101423
2026-07-31 12:30:00,309.3729,309.71,308.93,309.01,106674
2026-07-31 12:31:00,309.02,309.29,308.96,309.1353,80538
2026-07-31 12:32:00,309.0633,309.28,309.0633,309.12,29996
2026-07-31 12:33:00,309.165,309.45,309.0701,309.4001,43960
2026-07-31 12:34:00,309.43,309.4836,309.24,309.38,45088
2026-07-31 12:35:00,309.41,309.85,309.37,309.605,65377
2026-07-31 12:36:00,309.605,309.6163,309.1101,309.18,51598
2026-07-31 12:37:00,309.175,309.4331,308.95,309.41,83983
2026-07-31 12:38:00,309.325,309.5699,309.3,309.452,53149
2026-07-31 12:39:00,309.41,309.62,309.3,309.335,36207
2026-07-31 12:40:00,309.335,309.84,309.335,309.71,47929
2026-07-31 12:41:00,309.71,309.8,309.29,309.31,68321
2026-07-31 12:42:00,309.3037,309.35,309.0801,309.23,40795
2026-07-31 12:43:00,309.24,309.32,309.08,309.11,27865
2026-07-31 12:44:00,309.14,309.18,308.7,308.965,126649
2026-07-31 12:45:00,308.94,309.21,308.7,309.19,51376
2026-07-31 12:46:00,309.16,309.85,309.02,309.805,112241
2026-07-31 12:47:00,309.7901,310.0399,309.72,309.79,112463
2026-07-31 12:48:00,309.775,310.0399,309.57,309.9587,48895
2026-07-31 12:49:00,309.9,310.05,309.58,310.015,43309
2026-07-31 12:50:00,310.07,310.14,309.73,309.93,44301
2026-07-31 12:51:00,309.89,310.22,309.84,310.182,48636
2026-07-31 12:52:00,310.17,310.18,309.9108,310.04,37574
2026-07-31 12:53:00,310.0,310.1,309.95,309.95,29694
2026-07-31 12:54:00,309.955,310.0999,309.7501,309.7606,307321
2026-07-31 12:55:00,309.78,309.9399,309.72,309.87,36705
2026-07-31 12:56:00,309.88,310.02,309.78,309.94,35686
2026-07-31 12:57:00,309.93,310.1,309.9001,310.04,25053
2026-07-31 12:58:00,310.01,310.06,309.8,309.85,33243
2026-07-31 12:59:00,309.85,309.98,309.7,309.71,45757
2026-07-31 13:00:00,309.7,310.125,309.62,310.08,60762
2026-07-31 13:01:00,310.09,310.54,309.93,310.45,97039
2026-07-31 13:02:00,310.46,310.52,310.27,310.425,40745
2026-07-31 13:03:00,310.425,310.45,310.1398,310.41,36348
2026-07-31 13:04:00,310.39,311.09,310.35,310.749,158338
2026-07-31 13:05:00,310.76,310.88,310.64,310.77,32899
2026-07-31 13:06:00,310.78,310.9799,310.5005,310.535,54016
2026-07-31 13:07:00,310.5,310.525,310.03,310.09,78164
2026-07-31 13:08:00,310.1061,310.3094,310.03,310.185,50220
2026-07-31 13:09:00,310.185,310.25,309.8,309.963,92384
2026-07-31 13:10:00,309.91,310.39,309.88,310.24,55834
2026-07-31 13:11:00,310.2,310.39,310.04,310.05,18777
2026-07-31 13:12:00,310.27,310.36,310.157,310.3299,71348
2026-07-31 13:13:00,310.32,310.38,310.2,310.3201,30186
2026-07-31 13:14:00,310.36,310.45,310.3,310.45,26161
2026-07-31 13:15:00,310.45,310.77,310.235,310.73,44755
2026-07-31 13:16:00,310.73,310.73,310.34,310.41,36328
2026-07-31 13:17:00,310.4099,310.69,310.34,310.49,28177
2026-07-31 13:18:00,310.49,310.5814,310.4,310.485,20970
2026-07-31 13:19:00,310.45,310.75,310.42,310.515,33185
2026-07-31 13:20:00,310.5,310.56,310.45,310.49,35630
2026-07-31 13:21:00,310.51,310.54,310.13,310.1775,63055
2026-07-31 13:22:00,310.18,310.19,309.77,310.1,75205
2026-07-31 13:23:00,310.09,310.4,310.06,310.3482,32197
2026-07-31 13:24:00,310.34,310.77,310.3,310.65,61110
2026-07-31 13:25:00,310.64,310.97,310.6001,310.82,48627
2026-07-31 13:26:00,310.785,310.8,310.56,310.8,35226
2026-07-31 13:27:00,310.79,310.94,310.55,310.61,38377
2026-07-31 13:28:00,310.62,310.7037,310.41,310.538,50160
2026-07-31 13:29:00,310.48,310.59,310.32,310.5,26238
2026-07-31 13:30:00,310.5,310.58,310.15,310.185,23784
2026-07-31 13:31:00,310.1614,310.4,309.88,310.31,78733
2026-07-31 13:32:00,310.3,310.3,310.0,310.0744,31182
2026-07-31 13:33:00,310.12,310.41,310.082,310.37,23186
2026-07-31 13:34:00,310.3,310.44,310.26,310.31,19798
2026-07-31 13:35:00,310.305,310.54,310.2501,310.42,21628
2026-07-31 13:36:00,310.42,310.655,310.4,310.5212,21918
2026-07-31 13:37:00,310.51,310.73,310.45,310.645,30144
2026-07-31 13:38:00,310.635,310.7,310.34,310.39,30448
2026-07-31 13:39:00,310.33,310.39,310.0301,310.08,43913
2026-07-31 13:40:00,310.1,310.38,310.04,310.18,46847
2026-07-31 13:41:00,310.23,310.23,309.94,310.11,56966
2026-07-31 13:42:00,310.11,310.15,309.8806,309.93,37178
2026-07-31 13:43:00,309.905,310.04,309.82,310.03,28358
2026-07-31 13:44:00,310.03,310.28,310.03,310.18,25500
2026-07-31 13:45:00,310.18,310.4553,310.14,310.28,39595
2026-07-31 13:46:00,310.28,310.72,310.28,310.65,62332
2026-07-31 13:47:00,310.64,310.7101,310.4501,310.4501,56908
2026-07-31 13:48:00,310.5,310.6,310.34,310.418,36301
2026-07-31 13:49:00,310.4,310.66,310.34,310.635,26585
2026-07-31 13:50:00,310.61,310.75,310.43,310.725,48902
2026-07-31 13:51:00,310.7,311.17,310.57,311.11,80150
2026-07-31 13:52:00,311.12,311.376,311.0,311.3,77540
2026-07-31 13:53:00,311.295,311.41,311.11,311.195,42639
2026-07-31 13:54:00,311.17,311.39,311.12,311.2305,37502
2026-07-31 13:55:00,311.25,311.53,311.22,311.4048,56515
2026-07-31 13:56:00,311.35,311.5,311.24,311.27,35648
2026-07-31 13:57:00,311.3,311.3,310.93,311.04,67346
2026-07-31 13:58:00,311.045,311.33,310.97,311.14,33702
2026-07-31 13:59:00,311.15,311.33,311.0201,311.09,34459
2026-07-31 14:00:00,311.085,311.2983,310.92,311.28,53615
2026-07-31 14:01:00,311.21,311.4399,311.16,311.38,33013
2026-07-31 14:02:00,311.38,311.43,311.14,311.315,29642
2026-07-31 14:03:00,311.295,311.38,311.16,311.26,21247
2026-07-31 14:04:00,311.25,311.51,311.22,311.26,47641
2026-07-31 14:05:00,311.2001,311.21,310.96,311.12,31704
2026-07-31 14:06:00,311.15,311.44,311.13,311.14,34850
2026-07-31 14:07:00,311.14,311.195,310.8901,310.9499,36701
2026-07-31 14:08:00,310.92,311.34,310.897,311.25,28250
2026-07-31 14:09:00,311.25,311.355,311.06,311.3,27517
2026-07-31 14:10:00,311.3197,311.4289,311.2,311.28,49869
2026-07-31 14:11:00,311.28,311.28,311.04,311.08,46852
2026-07-31 14:12:00,311.09,311.135,310.97,311.02,36868
2026-07-31 14:13:00,311.0,311.19,310.97,311.155,28727
2026-07-31 14:14:00,311.19,311.4,311.11,311.3,32240
2026-07-31 14:15:00,311.2999,311.2999,311.07,311.2999,21631
2026-07-31 14:16:00,311.25,311.6399,311.2001,311.47,53156
2026-07-31 14:17:00,311.47,311.61,311.33,311.485,30154
2026-07-31 14:18:00,311.51,311.9,311.485,311.86,71142
2026-07-31 14:19:00,311.8339,311.873,311.73,311.76,28381
2026-07-31 14:20:00,311.7316,311.875,311.55,311.8,40677
2026-07-31 14:21:00,311.795,311.92,311.64,311.825,24481
2026-07-31 14:22:00,311.825,312.149,311.8001,312.14,95131
2026-07-31 14:23:00,312.1533,312.1533,311.9033,311.945,74157
2026-07-31 14:24:00,311.96,312.11,311.82,311.88,43695
2026-07-31 14:25:00,311.875,311.9799,311.5001,311.605,56385
2026-07-31 14:26:00,311.57,311.6,311.07,311.09,86693
2026-07-31 14:27:00,311.09,311.25,311.02,311.2201,37059
2026-07-31 14:28:00,311.21,311.25,310.88,310.905,53451
2026-07-31 14:29:00,310.905,311.0,310.73,310.92,67138
2026-07-31 14:30:00,310.92,311.13,310.84,311.115,50244
2026-07-31 14:31:00,311.115,311.1899,310.9201,311.03,31808
2026-07-31 14:32:00,311.045,311.08,310.887,311.02,23217
2026-07-31 14:33:00,311.01,311.13,310.85,310.96,44557
2026-07-31 14:34:00,310.965,311.12,310.77,310.77,40391
2026-07-31 14:35:00,310.783,310.783,310.35,310.41,82412
2026-07-31 14:36:00,310.45,310.63,310.31,310.4,48851
2026-07-31 14:37:00,310.355,310.4,310.14,310.3,58763
2026-07-31 14:38:00,310.29,310.403,310.24,310.35,24755
2026-07-31 14:39:00,310.335,310.4,310.3,310.3599,24680
2026-07-31 14:40:00,310.3489,310.51,310.325,310.33,60526
2026-07-31 14:41:00,310.345,310.49,310.3,310.3001,47550
2026-07-31 14:42:00,310.335,310.49,310.24,310.42,32636
2026-07-31 14:43:00,310.4799,310.6999,310.375,310.61,50848
2026-07-31 14:44:00,310.61,310.69,310.52,310.58,39617
2026-07-31 14:45:00,310.62,311.0399,310.59,310.83,47980
2026-07-31 14:46:00,310.85,310.9884,310.73,310.74,35839
2026-07-31 14:47:00,310.755,310.96,310.73,310.85,54377
2026-07-31 14:48:00,310.85,311.11,310.78,311.06,60750
2026-07-31 14:49:00,311.0301,311.3499,311.0301,311.33,42120
2026-07-31 14:50:00,311.31,311.45,311.2,311.45,38303
2026-07-31 14:51:00,311.445,311.5,311.31,311.42,29486
2026-07-31 14:52:00,311.41,311.5,311.31,311.335,29301
2026-07-31 14:53:00,311.335,311.5,311.24,311.37,57634
2026-07-31 14:54:00,311.3181,311.4499,311.28,311.35,26084
2026-07-31 14:55:00,311.3305,311.435,311.0925,311.12,27703
2026-07-31 14:56:00,311.12,311.1299,310.91,310.94,84719
2026-07-31 14:57:00,310.92,310.98,310.53,310.66,52797
2026-07-31 14:58:00,310.689,310.9199,310.63,310.7406,37243
2026-07-31 14:59:00,310.78,311.0,310.7501,310.84,35455
2026-07-31 15:00:00,310.89,311.1,310.83,310.87,40886
2026-07-31 15:01:00,310.9,310.93,310.44,310.5,40770
2026-07-31 15:02:00,310.505,310.8399,310.4603,310.6899,42641
2026-07-31 15:03:00,310.62,310.62,310.36,310.36,40441
2026-07-31 15:04:00,310.395,310.4213,310.08,310.215,69812
2026-07-31 15:05:00,310.215,310.42,310.07,310.365,37133
2026-07-31 15:06:00,310.355,310.38,310.14,310.21,34948
2026-07-31 15:07:00,310.25,310.4486,310.09,310.365,51190
2026-07-31 15:08:00,310.32,310.4172,310.18,310.21,21256
2026-07-31 15:09:00,310.26,310.43,310.22,310.25,30299
2026-07-31 15:10:00,310.245,310.29,310.08,310.235,37919
2026-07-31 15:11:00,310.185,310.28,309.93,310.09,55786
2026-07-31 15:12:00,310.05,310.3204,310.02,310.2306,31228
2026-07-31 15:13:00,310.2257,310.2799,310.1,310.14,22820
2026-07-31 15:14:00,310.145,310.27,310.12,310.155,16892
2026-07-31 15:15:00,310.19,310.2899,310.02,310.1025,34622
2026-07-31 15:16:00,310.0405,310.1199,309.76,309.86,60640
2026-07-31 15:17:00,309.89,310.0399,309.84,309.905,55245
2026-07-31 15:18:00,309.905,310.4623,309.905,310.385,70372
2026-07-31 15:19:00,310.35,310.64,310.35,310.595,52227
2026-07-31 15:20:00,310.565,310.79,310.4937,310.69,34655
2026-07-31 15:21:00,310.73,310.9,310.67,310.8,35222
2026-07-31 15:22:00,310.8,311.0999,310.8,310.92,48053
2026-07-31 15:23:00,310.9012,310.93,310.56,310.59,42204
2026-07-31 15:24:00,310.51,310.5795,310.25,310.25,42440
2026-07-31 15:25:00,310.26,310.33,310.05,310.28,36175
2026-07-31 15:26:00,310.265,310.5373,310.2206,310.2222,45709
2026-07-31 15:27:00,310.26,310.44,310.23,310.44,27254
2026-07-31 15:28:00,310.415,310.65,310.38,310.555,58861
2026-07-31 15:29:00,310.57,310.65,310.39,310.435,47904
2026-07-31 15:30:00,310.49,310.5351,309.9,310.08,83480
2026-07-31 15:31:00,310.055,310.1621,309.9672,310.07,34065
2026-07-31 15:32:00,310.085,310.88,310.07,310.83,43666
2026-07-31 15:33:00,310.82,310.97,310.665,310.7799,47059
2026-07-31 15:34:00,310.755,311.1497,310.745,310.95,70076
2026-07-31 15:35:00,310.91,310.97,310.8,310.8,31897
2026-07-31 15:36:00,310.825,311.09,310.8005,311.035,53458
2026-07-31 15:37:00,311.0599,311.1399,310.89,311.05,40403
2026-07-31 15:38:00,311.075,311.19,311.04,311.18,35625
2026-07-31 15:39:00,311.165,311.23,311.15,311.195,31628
2026-07-31 15:40:00,311.195,311.29,311.0,311.07,55557
2026-07-31 15:41:00,311.125,311.1889,310.98,311.11,47373
2026-07-31 15:42:00,311.1488,311.55,311.05,311.495,57174
2026-07-31 15:43:00,311.495,311.86,311.4,311.78,72762
2026-07-31 15:44:00,311.82,311.88,311.55,311.69,54368
2026-07-31 15:45:00,311.655,311.955,311.655,311.885,67371
2026-07-31 15:46:00,311.84,312.06,311.84,311.89,62803
2026-07-31 15:47:00,311.86,311.96,311.74,311.825,74664
2026-07-31 15:48:00,311.805,312.05,311.7501,311.94,80702
2026-07-31 15:49:00,311.94,312.21,311.7502,312.18,73897
2026-07-31 15:50:00,312.17,312.4,311.9,312.09,123864
2026-07-31 15:51:00,312.11,312.135,311.88,312.05,97419
2026-07-31 15:52:00,312.09,312.28,311.97,312.21,99178
2026-07-31 15:53:00,312.25,313.0,312.05,312.955,157888
2026-07-31 15:54:00,312.98,313.2115,312.465,312.7554,180998
2026-07-31 15:55:00,312.79,313.16,312.41,312.765,193508
2026-07-31 15:56:00,312.79,312.935,312.36,312.4064,149912
2026-07-31 15:57:00,312.37,312.4466,311.64,311.64,194812
2026-07-31 15:58:00,311.67,312.035,311.5,311.955,268829
2026-07-31 15:59:00,311.99,312.0239,311.05,311.12,686741
2026-07-31 16:00:00,311.21,311.21,310.58,310.8062,2507746
2026-07-31 16:01:00,310.7373,310.7373,309.7,309.9763,0
2026-07-31 16:02:00,309.6959,310.74,309.4,309.9,0
2026-07-31 16:03:00,309.9,310.0,309.79,309.9,0
2026-07-31 16:04:00,309.8559,311.21,309.65,309.7658,0
2026-07-31 16:05:00,309.7993,310.0,309.54,309.97,0
2026-07-31 16:06:00,309.9324,310.0,309.8001,310.0,0
2026-07-31 16:07:00,310.0,311.21,309.81,309.97,0
2026-07-31 16:08:00,309.9401,310.28,309.94,310.0687,0
2026-07-31 16:09:00,310.2301,310.5,310.16,310.3,0
2026-07-31 16:10:00,310.18,319.69,310.15,310.18,0
2026-07-31 16:11:00,311.21,311.21,310.0454,310.0454,0
2026-07-31 16:12:00,310.1592,310.17,310.0,310.0394,0
2026-07-31 16:13:00,310.13,310.15,309.9722,310.15,0
2026-07-31 16:14:00,310.15,310.1594,310.0,310.02,0
2026-07-31 16:15:00,311.21,311.21,310.02,310.0339,0
2026-07-31 16:16:00,310.0386,310.11,309.94,310.03,0
2026-07-31 16:17:00,310.03,310.03,309.8,309.9584,0
2026-07-31 16:18:00,309.98,310.0,309.8348,310.0,0
2026-07-31 16:19:00,309.91,310.05,309.91,310.05,0
2026-07-31 16:20:00,310.06,310.11,309.9,309.92,0
2026-07-31 16:21:00,309.97,310.02,309.9,310.0,0
2026-07-31 16:22:00,310.0079,310.1088,309.9319,310.02,0
2026-07-31 16:23:00,310.02,310.093,310.0017,310.0217,0
2026-07-31 16:24:00,310.09,310.11,310.02,310.05,0
2026-07-31 16:25:00,310.05,310.09,310.0,310.02,0
2026-07-31 16:26:00,310.02,310.05,309.99,310.0294,0
2026-07-31 16:27:00,310.05,310.1,309.0,310.0,0
2026-07-31 16:28:00,310.0,310.1,310.0,310.05,0
2026-07-31 16:29:00,310.0092,310.0489,310.0,310.02,0
2026-07-31 16:30:00,310.045,310.05,309.8284,309.9,0
2026-07-31 16:31:00,309.85,309.98,309.83,309.9,0
2026-07-31 16:32:00,309.8314,309.98,309.83,309.9777,0
2026-07-31 16:33:00,309.98,310.05,309.9,310.05,0
2026-07-31 16:34:00,310.0423,310.05,310.0,310.03,0
2026-07-31 16:35:00,310.05,310.05,309.84,309.97,0
2026-07-31 16:36:00,309.9608,310.05,309.95,310.05,0
2026-07-31 16:37:00,310.1,310.2,310.05,310.081,0
2026-07-31 16:38:00,310.08,310.2,310.04,310.15,0
2026-07-31 16:39:00,310.15,310.2,310.0,310.1047,0
2026-07-31 16:40:00,310.1584,310.18,310.02,310.1471,0
2026-07-31 16:41:00,310.18,310.18,310.02,310.0532,0
2026-07-31 16:42:00,310.1556,310.1752,310.02,310.0232,0
2026-07-31 16:43:00,310.125,310.15,310.0,310.0,0
2026-07-31 16:44:00,310.0,311.21,310.0,310.0359,0
2026-07-31 16:45:00,310.1,310.18,310.0,310.0206,0
2026-07-31 16:46:00,310.03,310.1,310.0,310.0861,0
2026-07-31 16:47:00,310.05,310.1,310.0,310.01,0
2026-07-31 16:48:00,310.03,310.1,310.0,310.08,0
2026-07-31 16:49:00,310.08,310.1657,310.0,310.03,0
2026-07-31 16:50:00,310.15,310.15,310.0369,310.1,0
2026-07-31 16:51:00,310.1,310.14,310.0,310.0,0
2026-07-31 16:52:00,310.09,310.09,310.0155,310.03,0
2026-07-31 16:53:00,310.02,310.09,309.65,309.81,0
2026-07-31 16:54:00,311.21,311.21,309.75,309.9582,0
2026-07-31 16:55:00,310.0,310.0,309.8,309.9593,0
2026-07-31 16:56:00,309.9,309.9,309.8,309.82,0
2026-07-31 16:57:00,309.88,309.88,309.8,309.87,0
2026-07-31 16:58:00,309.85,309.88,309.75,309.85,0
2026-07-31 16:59:00,309.8,309.8,308.82,309.5,0
2026-07-31 17:00:00,309.52,309.52,309.28,309.37,0
2026-07-31 17:01:00,309.5578,309.79,309.5578,309.77,0
2026-07-31 17:02:00,309.77,309.88,309.76,309.787,0
2026-07-31 17:03:00,309.787,309.87,309.76,309.7727,0
2026-07-31 17:04:00,309.85,309.97,309.77,309.87,0
2026-07-31 17:05:00,309.92,310.07,309.82,310.07,0
2026-07-31 17:06:00,310.07,310.07,309.9593,310.01,0
2026-07-31 17:07:00,309.97,310.07,309.95,310.0669,0
2026-07-31 17:08:00,310.0699,310.07,310.05,310.0618,0
2026-07-31 17:09:00,310.07,310.07,310.01,310.01,0
2026-07-31 17:10:00,310.04,310.07,310.01,310.03,0
2026-07-31 17:11:00,310.0608,310.0608,310.02,310.029,0
2026-07-31 17:12:00,310.07,310.07,309.98,310.0,0
2026-07-31 17:13:00,310.0,311.21,309.95,309.95,0
2026-07-31 17:14:00,309.944,310.0,309.93,309.9308,0
2026-07-31 17:15:00,309.95,309.9599,309.9,309.9,0
2026-07-31 17:16:00,309.9,309.9469,309.8,309.89,0
2026-07-31 17:17:00,309.9,309.95,309.85,309.895,0
2026-07-31 17:18:00,309.87,311.21,309.87,309.8982,0
2026-07-31 17:19:00,309.9,309.9,309.8,309.86,0
2026-07-31 17:20:00,309.8618,309.87,309.86,309.8682,0
2026-07-31 17:21:00,309.8693,309.87,309.77,309.81,0
2026-07-31 17:22:00,309.86,309.86,309.6065,309.8,0
2026-07-31 17:23:00,309.75,309.87,309.75,309.87,0
2026-07-31 17:24:00,309.85,309.9967,309.85,309.907,0
2026-07-31 17:25:00,309.9339,309.9813,309.8927,309.95,0
2026-07-31 17:26:00,309.95,310.0,309.91,309.981,0
2026-07-31 17:27:00,309.9985,310.0,309.91,309.9295,0
2026-07-31 17:28:00,309.9206,309.998,309.92,309.9852,0
2026-07-31 17:29:00,309.96,310.0,309.92,309.96,0
2026-07-31 17:30:00,309.95,310.02,309.95,310.02,0
2026-07-31 17:31:00,310.05,310.1,309.9827,310.0808,0
2026-07-31 17:32:00,310.01,326.2686,310.01,310.18,0
2026-07-31 17:33:00,310.12,310.12,309.9055,310.1045,0
2026-07-31 17:34:00,310.03,310.12,298.6761,309.8191,0
2026-07-31 17:35:00,309.7,309.8595,309.7,309.85,0
2026-07-31 17:36:00,309.84,309.9,309.75,309.9,0
2026-07-31 17:37:00,309.7628,309.9358,309.75,309.85,0
2026-07-31 17:38:00,310.0,310.0,309.7718,310.0,0
2026-07-31 17:39:00,309.88,310.0,309.75,309.85,0
2026-07-31 17:40:00,309.8,310.0,309.8,309.82,0
2026-07-31 17:41:00,309.81,309.9999,309.8,309.89,0
2026-07-31 17:42:00,309.9405,310.0,309.8,309.93,0
2026-07-31 17:43:00,309.92,310.0,309.88,309.93,0
2026-07-31 17:44:00,309.93,309.9814,309.88,309.9,0
2026-07-31 17:45:00,310.0,310.0,309.8147,309.9,0
2026-07-31 17:46:00,309.9706,310.0,309.81,309.925,0
2026-07-31 17:47:00,309.8479,310.0,309.77,309.83,0
2026-07-31 17:48:00,309.75,309.9,309.7,309.7037,0
2026-07-31 17:49:00,309.7314,309.8118,309.7,309.7794,0
2026-07-31 17:50:00,309.7206,309.8,309.66,309.7067,0
2026-07-31 17:51:00,309.72,309.73,309.5,309.58,0
2026-07-31 17:52:00,309.63,309.83,309.55,309.83,0
2026-07-31 17:53:00,309.64,309.83,309.64,309.8,0
2026-07-31 17:54:00,309.8,309.83,309.69,309.69,0
2026-07-31 17:55:00,309.79,309.8,309.7,309.73,0
2026-07-31 17:56:00,309.72,309.76,309.71,309.72,0
2026-07-31 17:57:00,309.72,309.74,309.6647,309.6647,0
2026-07-31 17:58:00,309.7,309.72,309.5503,309.63,0
2026-07-31 17:59:00,309.63,309.6875,309.51,309.6156,0
2026-07-31 18:00:00,309.5644,309.621,309.55,309.6,0
2026-07-31 18:01:00,309.6043,309.63,309.6,309.62,0
2026-07-31 18:02:00,309.63,309.94,309.62,309.678,0
2026-07-31 18:03:00,309.83,309.8548,309.63,309.83,0
2026-07-31 18:04:00,309.83,309.91,309.7,309.8,0
2026-07-31 18:05:00,309.7608,309.7994,309.7608,309.78,0
2026-07-31 18:06:00,309.7399,309.75,309.7001,309.7394,0
2026-07-31 18:07:00,309.7334,309.7334,309.63,309.6716,0
2026-07-31 18:08:00,309.671,309.68,309.63,309.63,0
2026-07-31 18:09:00,309.65,309.6988,309.63,309.66,0
2026-07-31 18:10:00,309.64,309.6892,309.63,309.63,0
2026-07-31 18:11:00,309.644,309.644,309.63,309.6301,0
2026-07-31 18:12:00,309.64,309.7,309.5,309.66,0
2026-07-31 18:13:00,309.65,309.6988,309.63,309.65,0
2026-07-31 18:14:00,309.66,309.7,309.63,309.7,0
2026-07-31 18:15:00,309.6408,309.6996,309.58,309.58,0
2026-07-31 18:16:00,309.6,309.7,309.531,309.6893,0
2026-07-31 18:17:00,309.61,309.69,309.59,309.6869,0
2026-07-31 18:18:00,309.6869,309.69,309.6739,309.68,0
2026-07-31 18:19:00,309.69,309.69,309.6782,309.6782,0
2026-07-31 18:20:00,309.6782,309.69,309.67,309.68,0
2026-07-31 18:21:00,309.675,309.7,309.56,309.7,0
2026-07-31 18:22:00,309.65,309.7,309.5,309.61,0
2026-07-31 18:23:00,309.65,309.69,309.55,309.65,0
2026-07-31 18:24:00,309.62,309.65,309.55,309.6092,0
2026-07-31 18:25:00,309.6186,309.62,309.5709,309.614,0
2026-07-31 18:26:00,309.6,309.61,309.5691,309.601,0
2026-07-31 18:27:00,309.5692,309.61,309.56,309.61,0
2026-07-31 18:28:00,309.64,309.6491,309.56,309.59,0
2026-07-31 18:29:00,309.6457,309.65,309.56,309.61,0
2026-07-31 18:30:00,309.6361,309.6361,309.56,309.6,0
2026-07-31 18:31:00,309.6092,309.69,309.56,309.65,0
2026-07-31 18:32:00,309.67,309.7,309.65,309.6809,0
2026-07-31 18:33:00,309.8,309.8,309.631,309.78,0
2026-07-31 18:34:00,309.7,311.21,309.56,309.7798,0
2026-07-31 18:35:00,309.68,309.76,309.6055,309.71,0
2026-07-31 18:36:00,309.685,309.7079,309.6695,309.6695,0
2026-07-31 18:37:00,309.67,309.7,309.57,309.66,0
2026-07-31 18:38:00,309.7,309.78,309.57,309.6119,0
2026-07-31 18:39:00,309.7384,309.79,309.61,309.75,0
2026-07-31 18:40:00,309.75,309.75,309.56,309.6682,0
2026-07-31 18:41:00,309.71,309.94,309.68,309.85,0
2026-07-31 18:42:00,309.8491,309.8491,309.7953,309.7953,0
2026-07-31 18:43:00,309.82,309.8396,309.75,309.75,0
2026-07-31 18:44:00,309.84,309.84,309.8,309.8377,0
2026-07-31 18:45:00,309.82,309.84,309.56,309.84,0
2026-07-31 18:46:00,309.7,309.8111,309.7,309.7592,0
2026-07-31 18:47:00,309.7,309.7,309.6144,309.65,0
2026-07-31 18:48:00,309.64,309.68,309.56,309.61,0
2026-07-31 18:49:00,309.64,309.64,309.56,309.5993,0
2026-07-31 18:50:00,309.6,309.6794,309.58,309.6794,0
2026-07-31 18:51:00,309.6794,309.7,309.6228,309.6314,0
2026-07-31 18:52:00,309.65,309.7,309.588,309.65,0
2026-07-31 18:53:00,309.6477,309.7011,309.6477,309.7011,0
2026-07-31 18:54:00,309.7,309.75,309.69,309.72,0
2026-07-31 18:55:00,309.7432,309.75,309.57,309.57,0
2026-07-31 18:56:00,309.6,309.7,309.6,309.65,0
2026-07-31 18:57:00,309.65,309.65,309.58,309.5822,0
2026-07-31 18:58:00,309.57,309.5927,309.56,309.58,0
2026-07-31 18:59:00,309.5667,309.6,309.5,309.51,0
2026-07-31 19:00:00,309.6,309.6,309.48,309.57,0
2026-07-31 19:01:00,309.57,309.57,309.5,309.5,0
2026-07-31 19:02:00,309.5,309.59,309.497,309.59,0
2026-07-31 19:03:00,309.5766,309.59,309.5,309.5026,0
2026-07-31 19:04:00,309.4999,309.5,309.4034,309.4034,0
2026-07-31 19:05:00,309.48,309.5,309.4,309.4789,0
2026-07-31 19:06:00,309.4,309.5,309.4,309.4,0
2026-07-31 19:07:00,309.46,309.51,309.4,309.51,0
2026-07-31 19:08:00,309.495,309.59,309.495,309.55,0
2026-07-31 19:09:00,309.534,309.589,309.5,309.5,0
2026-07-31 19:10:00,309.54,309.59,309.52,309.5774,0
2026-07-31 19:11:00,309.5762,309.6391,309.5355,309.5543,0
2026-07-31 19:12:00,309.67,309.67,309.52,309.6449,0
2026-07-31 19:13:00,309.6447,309.67,309.553,309.64,0
2026-07-31 19:14:00,309.63,309.63,309.6,309.63,0
2026-07-31 19:15:00,309.6,309.63,309.6,309.6074,0
2026-07-31 19:16:00,309.55,309.67,309.55,309.61,0
2026-07-31 19:17:00,309.6449,309.67,309.58,309.5988,0
2026-07-31 19:18:00,309.6515,309.67,309.58,309.65,0
2026-07-31 19:19:00,309.65,309.67,309.55,309.56,0
2026-07-31 19:20:00,309.5582,309.6,309.55,309.5597,0
2026-07-31 19:21:00,309.591,309.6,309.55,309.6,0
2026-07-31 19:22:00,309.591,309.6,309.5501,309.5562,0
2026-07-31 19:23:00,309.5531,309.63,309.55,309.55,0
2026-07-31 19:24:00,309.6495,309.83,309.6,309.83,0
2026-07-31 19:25:00,309.7841,309.83,309.64,309.64,0
2026-07-31 19:26:00,309.6107,309.82,309.59,309.73,0
2026-07-31 19:27:00,309.7018,309.8,309.7,309.7,0
2026-07-31 19:28:00,309.74,309.77,309.7,309.7,0
2026-07-31 19:29:00,309.64,309.7,309.57,309.67,0
2026-07-31 19:30:00,309.7,309.7,309.58,309.67,0
2026-07-31 19:31:00,309.7,309.7,309.64,309.7,0
2026-07-31 19:32:00,309.7,309.7,309.64,309.69,0
2026-07-31 19:33:00,309.69,309.7,309.58,309.69,0
2026-07-31 19:34:00,309.62,309.7,309.62,309.6877,0
2026-07-31 19:35:00,309.69,309.69,309.61,309.61,0
2026-07-31 19:36:00,309.65,309.75,309.6408,309.66,0
2026-07-31 19:37:00,309.7361,309.83,309.6739,309.83,0
2026-07-31 19:38:00,309.8,309.83,309.75,309.7515,0
2026-07-31 19:39:00,309.75,309.83,309.65,309.74,0
2026-07-31 19:40:00,309.7952,309.7952,309.65,309.6577,0
2026-07-31 19:41:00,309.65,309.6984,309.65,309.68,0
2026-07-31 19:42:00,309.7,309.7,309.63,309.66,0
2026-07-31 19:43:00,309.6301,309.66,309.6,309.6,0
2026-07-31 19:44:00,309.6,309.66,309.6,309.6511,0
2026-07-31 19:45:00,309.65,309.66,309.62,309.64,0
2026-07-31 19:46:00,309.65,310.1,309.63,310.005,0
2026-07-31 19:47:00,310.05,310.05,309.62,310.0,0
2026-07-31 19:48:00,310.05,310.1,309.7472,309.87,0
2026-07-31 19:49:00,310.0,310.0845,309.91,310.02,0
2026-07-31 19:50:00,310.0845,310.0925,309.86,309.86,0
2026-07-31 19:51:00,309.8,309.9895,309.7203,309.8,0
2026-07-31 19:52:00,309.71,309.8206,309.66,309.78,0
2026-07-31 19:53:00,309.78,309.78,309.65,309.75,0
2026-07-31 19:54:00,309.75,309.75,309.6317,309.75,0
2026-07-31 19:55:00,309.75,309.75,309.62,309.74,0
2026-07-31 19:56:00,309.74,309.75,309.61,309.61,0
2026-07-31 19:57:00,309.73,309.73,309.53,309.6807,0
2026-07-31 19:58:00,309.6409,309.69,309.28,309.69,0
2026-07-31 19:59:00,309.6398,309.6398,309.14,309.2615,0
2026-08-03 04:00:00,313.4802,316.0605,313.3077,314.051,0
2026-08-03 04:01:00,313.8055,315.95,313.41,313.69,0
2026-08-03 04:02:00,313.76,315.25,313.6284,313.6709,0
2026-08-03 04:03:00,313.77,313.9188,313.57,313.75,0
2026-08-03 04:04:00,313.82,313.84,313.35,313.43,0
2026-08-03 04:05:00,313.36,315.93,313.3,313.69,0
2026-08-03 04:06:00,313.66,314.08,313.5,313.78,0
2026-08-03 04:07:00,314.12,314.2697,313.7912,314.08,0
2026-08-03 04:08:00,314.08,314.18,313.98,314.0339,0
2026-08-03 04:09:00,314.03,314.27,314.03,314.24,0
2026-08-03 04:10:00,314.3,314.5,314.11,314.44,0
2026-08-03 04:11:00,314.46,314.56,314.46,314.51,0
2026-08-03 04:12:00,314.54,314.88,314.5,314.8359,0
2026-08-03 04:13:00,314.6184,314.89,314.46,314.89,0
2026-08-03 04:14:00,314.82,315.09,314.6647,315.0,0
2026-08-03 04:15:00,314.95,315.2,314.7225,315.15,0
2026-08-03 04:16:00,315.09,315.1659,314.8,314.95,0
2026-08-03 04:17:00,314.9082,314.9242,314.68,314.9242,0
2026-08-03 04:18:00,314.7856,314.82,314.1813,314.42,0
2026-08-03 04:19:00,314.48,314.5388,314.2,314.23,0
2026-08-03 04:20:00,314.28,314.41,314.17,314.4,0
2026-08-03 04:21:00,314.389,314.6924,314.25,314.25,0
2026-08-03 04:22:00,314.2629,314.35,314.11,314.2681,0
2026-08-03 04:23:00,314.26,314.354,314.048,314.048,0
2026-08-03 04:24:00,314.06,314.19,314.01,314.19,0
2026-08-03 04:25:00,314.02,314.19,314.0,314.06,0
2026-08-03 04:26:00,313.79,314.13,313.79,313.92,0
2026-08-03 04:27:00,313.92,314.0,313.78,313.98,0
2026-08-03 04:28:00,313.92,314.12,313.75,314.0522,0
2026-08-03 04:29:00,314.12,314.17,314.02,314.08,0
2026-08-03 04:30:00,314.08,314.08,313.6977,313.85,0
2026-08-03 04:31:00,313.99,314.19,313.854,314.1355,0
2026-08-03 04:32:00,314.19,314.32,313.944,313.944,0
2026-08-03 04:33:00,314.19,314.3088,313.869,314.0425,0
2026-08-03 04:34:00,314.19,314.3188,314.05,314.17,0
2026-08-03 04:35:00,314.1742,314.32,314.1742,314.2494,0
2026-08-03 04:36:00,314.6088,314.61,314.31,314.56,0
2026-08-03 04:37:00,314.6,314.67,314.5111,314.63,0
2026-08-03 04:38:00,314.67,314.7888,314.6,314.72,0
2026-08-03 04:39:00,314.65,314.9,314.61,314.805,0
2026-08-03 04:40:00,314.88,314.88,314.72,314.79,0
2026-08-03 04:41:00,314.81,314.9,314.6052,314.81,0
2026-08-03 04:42:00,314.76,314.9888,314.615,314.8,0
2026-08-03 04:43:00,314.797,314.9897,314.75,314.76,0
2026-08-03 04:44:00,314.71,314.99,314.68,314.97,0
2026-08-03 04:45:00,314.83,314.9888,314.7544,314.95,0
2026-08-03 04:46:00,314.8857,314.9843,314.83,314.92,0
2026-08-03 04:47:00,314.939,314.9661,314.5957,314.5957,0
2026-08-03 04:48:00,314.67,314.75,314.5251,314.5251,0
2026-08-03 04:49:00,314.71,314.8,314.5702,314.5702,0
2026-08-03 04:50:00,314.56,314.9515,314.56,314.8,0
2026-08-03 04:51:00,314.91,314.99,314.78,314.9678,0
2026-08-03 04:52:00,314.91,314.92,314.74,314.74,0
2026-08-03 04:53:00,314.75,314.91,314.7,314.71,0
2026-08-03 04:54:00,314.69,314.7591,314.59,314.71,0
2026-08-03 04:55:00,314.71,314.7139,314.68,314.68,0
2026-08-03 04:56:00,314.71,314.99,314.71,314.75,0
2026-08-03 04:57:00,314.99,314.99,314.66,314.78,0
2026-08-03 04:58:00,314.893,314.893,314.6151,314.89,0
2026-08-03 04:59:00,314.61,314.8589,314.61,314.83,0
2026-08-03 05:00:00,314.7,315.0,314.7,314.9,0
2026-08-03 05:01:00,314.879,314.99,314.6812,314.94,0
2026-08-03 05:02:00,314.94,314.94,314.74,314.886,0
2026-08-03 05:03:00,315.0,315.0,314.6092,314.86,0
2026-08-03 05:04:00,314.6604,314.9988,314.6604,314.7,0
2026-08-03 05:05:00,314.7,314.84,314.7,314.84,0
2026-08-03 05:06:00,314.78,314.84,314.7,314.73,0
2026-08-03 05:07:00,314.84,314.84,314.59,314.78,0
2026-08-03 05:08:00,314.78,314.78,314.59,314.61,0
2026-08-03 05:09:00,314.7685,314.78,314.72,314.74,0
2026-08-03 05:10:00,314.7007,314.76,314.685,314.76,0
2026-08-03 05:11:00,314.65,314.65,314.3755,314.3755,0
2026-08-03 05:12:00,314.51,314.65,314.3803,314.5,0
2026-08-03 05:13:00,314.5,314.633,314.5,314.51,0
2026-08-03 05:14:00,314.6,314.6,314.6,314.6,0
2026-08-03 05:15:00,314.61,314.675,314.61,314.65,0
2026-08-03 05:16:00,314.62,314.6597,314.5,314.5322,0
2026-08-03 05:17:00,314.63,314.69,314.5282,314.69,0
2026-08-03 05:18:00,314.65,314.68,314.36,314.67,0
2026-08-03 05:19:00,314.67,314.69,314.65,314.67,0
2026-08-03 05:20:00,314.65,314.67,314.59,314.59,0
2026-08-03 05:21:00,314.51,314.63,314.51,314.63,0
2026-08-03 05:22:00,314.56,314.69,314.5,314.6267,0
2026-08-03 05:23:00,314.6,314.69,314.6,314.62,0
2026-08-03 05:24:00,314.5099,314.68,314.5,314.633,0
2026-08-03 05:25:00,314.6427,314.65,314.5,314.63,0
2026-08-03 05:26:00,314.54,314.54,314.4,314.41,0
2026-08-03 05:27:00,314.4,314.5211,314.4,314.52,0
2026-08-03 05:28:00,314.3812,314.57,314.3812,314.4946,0
2026-08-03 05:29:00,314.4,314.56,314.4,314.56,0
2026-08-03 05:30:00,314.5597,314.56,314.4,314.41,0
2026-08-03 05:31:00,314.4,314.54,314.24,314.24,0
2026-08-03 05:32:00,314.2,314.36,314.2,314.36,0
2026-08-03 05:33:00,314.36,314.55,314.36,314.44,0
2026-08-03 05:34:00,314.45,314.4714,314.4,314.42,0
2026-08-03 05:35:00,314.42,314.42,314.33,314.33,0
2026-08-03 05:36:00,314.33,314.51,314.3,314.4205,0
2026-08-03 05:37:00,314.25,314.36,314.1,314.1725,0
2026-08-03 05:38:00,314.18,314.18,314.05,314.1,0
2026-08-03 05:39:00,314.1012,314.34,314.1012,314.17,0
2026-08-03 05:40:00,314.2539,314.29,314.1,314.2801,0
2026-08-03 05:41:00,314.19,314.28,314.11,314.23,0
2026-08-03 05:42:00,314.23,314.38,314.1,314.1,0
2026-08-03 05:43:00,314.1,314.3497,314.1,314.3497,0
2026-08-03 05:44:00,314.36,314.4,314.2,314.34,0
2026-08-03 05:45:00,314.35,314.36,314.2271,314.2325,0
2026-08-03 05:46:00,314.3222,314.4,314.205,314.205,0
2026-08-03 05:47:00,314.33,314.4,314.33,314.35,0
2026-08-03 05:48:00,314.4,314.4,314.2,314.3962,0
2026-08-03 05:49:00,314.4,314.4,314.25,314.2784,0
2026-08-03 05:50:00,314.3962,314.4,314.32,314.4,0
2026-08-03 05:51:00,314.2901,314.4,314.2635,314.3974,0
2026-08-03 05:52:00,314.37,314.4,314.31,314.4,0
2026-08-03 05:53:00,314.484,314.484,314.32,314.32,0
2026-08-03 05:54:00,314.4,314.4,314.25,314.25,0
2026-08-03 05:55:00,314.49,314.49,314.256,314.4,0
2026-08-03 05:56:00,314.4,314.63,314.4,314.61,0
2026-08-03 05:57:00,314.55,314.68,314.55,314.68,0
2026-08-03 05:58:00,314.6214,314.6257,314.61,314.6201,0
2026-08-03 05:59:00,314.62,314.67,314.61,314.6405,0
2026-08-03 06:00:00,314.68,314.84,314.64,314.68,0
2026-08-03 06:01:00,314.5,314.67,314.4265,314.53,0
2026-08-03 06:02:00,314.54,314.64,314.54,314.64,0
2026-08-03 06:03:00,314.5468,314.6688,314.5468,314.65,0
2026-08-03 06:04:00,314.63,314.65,314.54,314.6305,0
2026-08-03 06:05:00,314.63,314.65,314.4237,314.4237,0
2026-08-03 06:06:00,314.5456,314.56,314.4,314.55,0
2026-08-03 06:07:00,314.38,314.4026,314.1089,314.1089,0
2026-08-03 06:08:00,314.1885,314.35,314.0,314.35,0
2026-08-03 06:09:00,314.4188,314.4188,314.14,314.14,0
2026-08-03 06:10:00,314.05,314.22,314.0003,314.14,0
2026-08-03 06:11:00,314.23,314.57,314.15,314.45,0
2026-08-03 06:12:00,314.45,314.45,314.29,314.29,0
2026-08-03 06:13:00,314.39,314.39,314.1335,314.15,0
2026-08-03 06:14:00,314.136,314.3928,314.1125,314.3289,0
2026-08-03 06:15:00,314.0767,314.3,314.06,314.17,0
2026-08-03 06:16:00,314.1,314.16,314.0827,314.16,0
2026-08-03 06:17:00,314.13,314.2688,314.09,314.09,0
2026-08-03 06:18:00,314.14,314.42,314.14,314.3364,0
2026-08-03 06:19:00,314.27,314.39,314.16,314.3431,0
2026-08-03 06:20:00,314.15,314.2909,314.15,314.2909,0
2026-08-03 06:21:00,314.3254,314.3728,314.06,314.24,0
2026-08-03 06:22:00,314.24,314.255,314.06,314.15,0
2026-08-03 06:23:00,314.17,314.25,314.0612,314.12,0
2026-08-03 06:24:00,314.15,314.15,313.78,313.78,0
2026-08-03 06:25:00,313.77,313.9559,313.72,313.81,0
2026-08-03 06:26:00,313.8,314.0,313.7289,313.78,0
2026-08-03 06:27:00,313.8338,314.0,313.8338,314.0,0
2026-08-03 06:28:00,314.0271,314.15,314.0271,314.07,0
2026-08-03 06:29:00,314.1,314.3437,314.1,314.3437,0
2026-08-03 06:30:00,314.1491,314.1604,314.1491,314.16,0
2026-08-03 06:31:00,314.16,314.28,314.07,314.07,0
2026-08-03 06:32:00,314.07,314.17,314.0,314.0,0
2026-08-03 06:33:00,314.08,314.1388,314.0,314.03,0
2026-08-03 06:34:00,314.05,314.1388,313.955,314.06,0
2026-08-03 06:35:00,314.1388,314.16,313.9978,314.16,0
2026-08-03 06:36:00,314.11,314.16,314.11,314.16,0
2026-08-03 06:37:00,314.16,314.25,314.15,314.25,0
2026-08-03 06:38:00,314.28,314.3865,314.16,314.25,0
2026-08-03 06:39:00,314.27,314.39,314.27,314.3457,0
2026-08-03 06:40:00,314.35,314.35,314.1302,314.1302,0
2026-08-03 06:41:00,313.99,314.2699,313.99,314.1069,0
2026-08-03 06:42:00,314.1,314.11,314.05,314.05,0
2026-08-03 06:43:00,314.09,314.09,314.018,314.06,0
2026-08-03 06:44:00,314.08,314.08,314.04,314.04,0
2026-08-03 06:45:00,314.035,314.06,313.8,313.8,0
2026-08-03 06:46:00,313.8786,313.94,313.7,313.85,0
2026-08-03 06:47:00,313.9,313.9975,313.9,313.93,0
2026-08-03 06:48:00,313.85,313.85,313.798,313.798,0
2026-08-03 06:49:00,313.92,313.93,313.76,313.76,0
2026-08-03 06:50:00,313.89,313.9,313.7612,313.9,0
2026-08-03 06:51:00,313.8,313.99,313.8,313.99,0
2026-08-03 06:52:00,313.9,313.98,313.9,313.98,0
2026-08-03 06:53:00,314.0,314.0,313.8857,313.98,0
2026-08-03 06:54:00,313.85,313.8687,313.75,313.75,0
2026-08-03 06:55:00,313.85,313.85,313.75,313.7675,0
2026-08-03 06:56:00,313.75,313.82,313.72,313.82,0
2026-08-03 06:57:00,313.7935,313.7935,313.612,313.64,0
2026-08-03 06:58:00,313.658,313.715,313.51,313.66,0
2026-08-03 06:59:00,313.63,313.63,313.55,313.55,0
2026-08-03 07:00:00,313.67,314.4,313.5471,313.55,0
2026-08-03 07:01:00,313.66,313.6768,313.3,313.4222,0
2026-08-03 07:02:00,313.37,313.3819,312.54,312.66,0
2026-08-03 07:03:00,312.6551,312.8,312.52,312.7,0
2026-08-03 07:04:00,312.79,312.79,312.52,312.68,0
2026-08-03 07:05:00,312.68,312.68,312.52,312.68,0
2026-08-03 07:06:00,312.6,312.6552,312.2,312.35,0
2026-08-03 07:07:00,312.35,312.6788,312.2936,312.66,0
2026-08-03 07:08:00,312.66,312.85,312.6104,312.8,0
2026-08-03 07:09:00,312.85,312.85,312.68,312.74,0
2026-08-03 07:10:00,312.73,313.1,312.5944,313.089,0
2026-08-03 07:11:00,313.04,313.0988,312.8005,312.8215,0
2026-08-03 07:12:00,312.9,313.06,312.82,313.0,0
2026-08-03 07:13:00,312.8,312.91,312.8,312.9,0
2026-08-03 07:14:00,312.9019,312.976,312.87,312.9209,0
2026-08-03 07:15:00,312.97,313.06,312.8,312.85,0
2026-08-03 07:16:00,312.85,313.2464,312.8,313.1,0
2026-08-03 07:17:00,313.23,313.26,313.1,313.23,0
2026-08-03 07:18:00,313.1085,313.26,313.1,313.22,0
2026-08-03 07:19:00,313.1,313.27,313.1,313.18,0
2026-08-03 07:20:00,313.1961,313.27,313.1,313.1,0
2026-08-03 07:21:00,313.23,313.65,313.21,313.45,0
2026-08-03 07:22:00,313.4104,313.54,313.3,313.4634,0
2026-08-03 07:23:00,313.33,313.47,313.1,313.4,0
2026-08-03 07:24:00,313.4,313.45,313.1001,313.27,0
2026-08-03 07:25:00,313.2,313.3,313.1,313.2585,0
2026-08-03 07:26:00,313.23,313.4362,313.1,313.4362,0
2026-08-03 07:27:00,313.4845,313.5,313.2,313.4022,0
2026-08-03 07:28:00,313.27,313.5925,313.2003,313.45,0
2026-08-03 07:29:00,313.4,313.6,313.2,313.2,0
2026-08-03 07:30:00,313.2002,313.6,313.2,313.57,0
2026-08-03 07:31:00,313.6043,313.6599,313.38,313.6599,0
2026-08-03 07:32:00,313.66,313.77,313.59,313.66,0
2026-08-03 07:33:00,313.66,313.77,313.59,313.72,0
2026-08-03 07:34:00,313.6179,313.72,313.59,313.6,0
2026-08-03 07:35:00,313.64,313.75,313.62,313.7173,0
2026-08-03 07:36:00,313.7,313.76,313.6003,313.7081,0
2026-08-03 07:37:00,313.72,313.78,313.64,313.7075,0
2026-08-03 07:38:00,313.68,313.7077,313.26,313.47,0
2026-08-03 07:39:00,313.36,313.47,313.12,313.23,0
2026-08-03 07:40:00,313.17,313.17,312.81,312.9418,0
2026-08-03 07:41:00,313.02,313.02,312.6,312.7916,0
2026-08-03 07:42:00,312.76,312.8797,312.64,312.805,0
2026-08-03 07:43:00,312.7984,312.83,312.72,312.78,0
2026-08-03 07:44:00,312.8,313.0,312.79,312.9512,0
2026-08-03 07:45:00,312.91,313.0,312.88,312.9474,0
2026-08-03 07:46:00,312.9077,312.95,312.88,312.88,0
2026-08-03 07:47:00,312.92,312.9499,312.8748,312.8748,0
2026-08-03 07:48:00,312.8616,312.94,312.5,312.58,0
2026-08-03 07:49:00,312.5266,312.88,312.5,312.7,0
2026-08-03 07:50:00,312.73,312.73,312.3788,312.49,0
2026-08-03 07:51:00,312.407,312.5,312.15,312.38,0
2026-08-03 07:52:00,312.32,312.32,312.15,312.2481,0
2026-08-03 07:53:00,312.15,312.2458,311.8,311.8,0
2026-08-03 07:54:00,311.94,312.0,311.8,311.9,0
2026-08-03 07:55:00,311.856,312.0,311.78,311.84,0
2026-08-03 07:56:00,311.78,311.8735,311.74,311.76,0
2026-08-03 07:57:00,311.85,311.9,311.67,311.7311,0
2026-08-03 07:58:00,311.73,311.87,311.5977,311.77,0
2026-08-03 07:59:00,311.8408,312.12,311.64,312.12,0
2026-08-03 08:00:00,311.8833,312.12,311.7356,311.7572,0
2026-08-03 08:01:00,311.7356,311.98,311.64,311.73,0
2026-08-03 08:02:00,311.83,311.8597,311.55,311.67,0
2026-08-03 08:03:00,311.6461,311.66,311.33,311.4319,0
2026-08-03 08:04:00,311.4305,311.6125,311.31,311.3677,0
2026-08-03 08:05:00,311.3677,311.4038,311.11,311.2275,0
2026-08-03 08:06:00,311.19,311.25,310.98,311.0569,0
2026-08-03 08:07:00,311.15,311.28,311.0,311.25,0
2026-08-03 08:08:00,311.28,311.988,311.22,311.6,0
2026-08-03 08:09:00,311.5,311.67,311.2212,311.4551,0
2026-08-03 08:10:00,311.4566,311.59,311.23,311.49,0
2026-08-03 08:11:00,311.49,311.67,311.49,311.55,0
2026-08-03 08:12:00,311.53,311.55,311.25,311.54,0
2026-08-03 08:13:00,311.5081,311.67,311.2901,311.67,0
2026-08-03 08:14:00,311.58,311.88,311.5,311.5257,0
2026-08-03 08:15:00,311.74,311.88,311.5941,311.88,0
2026-08-03 08:16:00,311.84,312.0,311.7723,311.98,0
2026-08-03 08:17:00,311.92,311.98,311.7799,311.88,0
2026-08-03 08:18:00,311.8,311.95,311.77,311.87,0
2026-08-03 08:19:00,311.9588,312.0,311.71,311.88,0
2026-08-03 08:20:00,311.7554,312.0,311.7554,311.9614,0
2026-08-03 08:21:00,312.0,312.28,311.75,312.28,0
2026-08-03 08:22:00,312.2,312.28,312.0494,312.13,0
2026-08-03 08:23:00,312.13,312.2085,312.03,312.1494,0
2026-08-03 08:24:00,312.1494,312.3044,311.8894,311.8894,0
2026-08-03 08:25:00,311.8737,312.25,311.7763,312.2,0
2026-08-03 08:26:00,312.2,312.34,312.11,312.32,0
2026-08-03 08:27:00,312.2,312.28,311.75,312.1396,0
2026-08-03 08:28:00,312.1922,312.3,311.9812,312.2939,0
2026-08-03 08:29:00,312.2762,312.39,312.1316,312.2,0
2026-08-03 08:30:00,312.39,312.39,312.0,312.1381,0
2026-08-03 08:31:00,312.1381,312.27,312.0,312.04,0
2026-08-03 08:32:00,312.06,312.15,311.92,312.0097,0
2026-08-03 08:33:00,311.92,312.1,311.8103,311.94,0
2026-08-03 08:34:00,311.9025,312.27,311.9,312.2,0
2026-08-03 08:35:00,312.16,312.16,312.01,312.13,0
2026-08-03 08:36:00,312.1397,312.25,312.0,312.13,0
2026-08-03 08:37:00,312.0482,312.14,312.0217,312.14,0
2026-08-03 08:38:00,312.07,312.27,312.0392,312.27,0
2026-08-03 08:39:00,312.2352,312.4,312.1,312.34,0
2026-08-03 08:40:00,312.3244,312.35,312.1652,312.24,0
2026-08-03 08:41:00,312.24,312.35,312.1812,312.2707,0
2026-08-03 08:42:00,312.255,312.3922,312.17,312.27,0
2026-08-03 08:43:00,312.37,312.48,312.28,312.4676,0
2026-08-03 08:44:00,312.44,312.59,312.3552,312.51,0
2026-08-03 08:45:00,312.54,312.8,312.51,312.62,0
2026-08-03 08:46:00,312.6,312.65,312.5037,312.58,0
2026-08-03 08:47:00,312.58,312.65,312.35,312.35,0
2026-08-03 08:48:00,312.35,312.5688,312.35,312.4274,0
2026-08-03 08:49:00,312.41,312.44,312.35,312.38,0
2026-08-03 08:50:00,312.43,312.44,312.34,312.4255,0
2026-08-03 08:51:00,312.37,312.65,312.3166,312.5,0
2026-08-03 08:52:00,312.5822,312.62,312.51,312.5859,0
2026-08-03 08:53:00,312.61,312.8,312.5186,312.8,0
2026-08-03 08:54:00,312.7824,312.99,312.7617,312.82,0
2026-08-03 08:55:00,312.99,312.99,312.8012,312.86,0
2026-08-03 08:56:00,312.86,312.88,312.8,312.8117,0
2026-08-03 08:57:00,312.85,312.87,312.51,312.7388,0
2026-08-03 08:58:00,312.51,312.73,312.51,312.66,0
2026-08-03 08:59:00,312.5824,312.61,312.42,312.5635,0
2026-08-03 09:00:00,312.54,312.77,312.54,312.76,0
2026-08-03 09:01:00,312.68,312.77,312.51,312.6,0
2026-08-03 09:02:00,312.69,312.77,312.5,312.63,0
2026-08-03 09:03:00,312.69,312.69,312.5,312.6011,0
2026-08-03 09:04:00,312.62,313.01,312.51,313.01,0
2026-08-03 09:05:00,313.01,313.08,312.83,313.0556,0
2026-08-03 09:06:00,313.0382,313.08,312.95,313.0,0
2026-08-03 09:07:00,312.96,313.0997,312.9167,313.0,0
2026-08-03 09:08:00,312.93,312.9988,312.7,312.7837,0
2026-08-03 09:09:00,312.7975,312.7975,312.58,312.61,0
2026-08-03 09:10:00,312.5919,312.75,312.54,312.65,0
2026-08-03 09:11:00,312.66,312.8,312.3949,312.5707,0
2026-08-03 09:12:00,312.58,312.6335,312.38,312.48,0
2026-08-03 09:13:00,312.5299,312.64,312.47,312.53,0
2026-08-03 09:14:00,312.54,312.5743,312.4,312.4283,0
2026-08-03 09:15:00,312.53,312.8,312.4605,312.7554,0
2026-08-03 09:16:00,312.69,312.9,312.67,312.88,0
2026-08-03 09:17:00,312.9,313.0,312.8508,312.9723,0
2026-08-03 09:18:00,312.97,313.01,312.9,312.9917,0
2026-08-03 09:19:00,312.99,313.1,312.95,313.0022,0
2026-08-03 09:20:00,313.07,313.2,313.0,313.1,0
2026-08-03 09:21:00,313.04,313.15,312.8217,312.96,0
2026-08-03 09:22:00,312.9348,313.05,312.82,312.95,0
2026-08-03 09:23:00,312.98,313.0,312.7525,312.8854,0
2026-08-03 09:24:00,312.8268,313.15,312.81,313.15,0
2026-08-03 09:25:00,312.9,312.9,311.66,311.7011,0
2026-08-03 09:26:00,311.66,311.75,311.22,311.22,0
2026-08-03 09:27:00,311.21,311.42,309.75,310.3,0
2026-08-03 09:28:00,310.11,310.6315,309.38,310.21,0
2026-08-03 09:29:00,310.14,311.4,309.99,310.9,0
2026-08-03 09:30:00,311.01,313.06,310.425,312.5714,1615309
2026-08-03 09:31:00,312.52,314.5,312.4458,314.335,212451
2026-08-03 09:32:00,314.2838,314.36,311.915,313.0598,161952
2026-08-03 09:33:00,312.76,314.08,312.76,313.807,100829
2026-08-03 09:34:00,313.8201,314.6,313.1101,314.0428,157506
2026-08-03 09:35:00,314.06,315.5797,313.965,314.88,278204
2026-08-03 09:36:00,314.88,316.1,314.052,315.925,207905
2026-08-03 09:37:00,315.86,317.62,315.69,317.2,319236
2026-08-03 09:38:00,317.29,317.468,316.66,317.215,159234
2026-08-03 09:39:00,317.18,318.05,317.18,317.92,241498
2026-08-03 09:40:00,317.95,318.4101,317.437,317.5681,203888
2026-08-03 09:41:00,317.53,317.82,316.66,316.95,156579
2026-08-03 09:42:00,317.0199,317.96,316.9,317.43,107663
2026-08-03 09:43:00,317.4122,318.3,317.32,317.51,223295
2026-08-03 09:44:00,317.49,317.85,316.8884,317.215,127669
2026-08-03 09:45:00,317.21,317.5,316.2,316.25,189457
2026-08-03 09:46:00,316.17,316.5599,315.3,315.3494,170623
2026-08-03 09:47:00,315.365,317.11,315.36,316.985,144065
2026-08-03 09:48:00,317.06,317.95,316.5638,317.1901,192140
2026-08-03 09:49:00,317.3,317.5,316.6401,316.7698,100739
2026-08-03 09:50:00,316.715,316.8436,315.53,315.5338,152562
2026-08-03 09:51:00,315.64,316.15,315.25,316.08,124571
2026-08-03 09:52:00,316.055,316.8,315.9005,316.25,97545
2026-08-03 09:53:00,316.33,317.3299,315.72,317.29,154449
2026-08-03 09:54:00,317.31,317.666,317.0001,317.545,119078
2026-08-03 09:55:00,317.5539,318.54,317.5539,318.44,274492
2026-08-03 09:56:00,318.485,318.97,318.23,318.92,154232
2026-08-03 09:57:00,318.91,318.9344,318.5001,318.675,118789
2026-08-03 09:58:00,318.65,319.08,318.48,319.08,152031
2026-08-03 09:59:00,319.06,319.31,318.51,318.8993,191801
2026-08-03 10:00:00,318.825,318.9,317.3301,317.74,205388
2026-08-03 10:01:00,317.78,317.85,317.25,317.525,115896
2026-08-03 10:02:00,317.485,319.05,317.43,318.915,138027
2026-08-03 10:03:00,318.915,319.37,318.4133,318.4551,195195
2026-08-03 10:04:00,318.4551,318.57,317.54,318.305,131778
2026-08-03 10:05:00,318.305,318.4,317.88,317.9401,72270
2026-08-03 10:06:00,318.05,318.76,317.94,318.5846,93642
2026-08-03 10:07:00,318.605,318.85,318.1101,318.15,77045
2026-08-03 10:08:00,318.155,318.1799,317.6201,318.0,93690
2026-08-03 10:09:00,318.03,318.1999,317.53,317.565,70311
2026-08-03 10:10:00,317.565,317.65,317.16,317.4,127293
2026-08-03 10:11:00,317.335,317.68,316.94,317.53,131155
2026-08-03 10:12:00,317.61,318.12,317.52,317.82,88174
2026-08-03 10:13:00,317.8699,318.25,317.5,317.535,87548
2026-08-03 10:14:00,317.54,317.97,317.15,317.215,86617
2026-08-03 10:15:00,317.2799,317.43,317.12,317.2601,70764
2026-08-03 10:16:00,317.315,317.69,317.2885,317.6299,76425
2026-08-03 10:17:00,317.6,317.98,317.3,317.73,64547
2026-08-03 10:18:00,317.79,318.2,317.72,318.04,63029
2026-08-03 10:19:00,318.01,318.25,317.75,318.085,74370
2026-08-03 10:20:00,318.08,318.76,317.975,318.135,132019
2026-08-03 10:21:00,318.145,318.3968,317.8,318.1717,56481
2026-08-03 10:22:00,318.29,318.29,317.55,317.5841,72747
2026-08-03 10:23:00,317.59,317.93,317.55,317.75,38460
2026-08-03 10:24:00,317.7278,318.39,317.6401,318.3699,75939
2026-08-03 10:25:00,318.29,318.6899,318.28,318.67,69766
2026-08-03 10:26:00,318.62,318.6821,318.14,318.4,74483
2026-08-03 10:27:00,318.4,318.8,318.2975,318.5125,57449
2026-08-03 10:28:00,318.515,318.7799,318.17,318.23,75785
2026-08-03 10:29:00,318.17,318.79,318.061,318.715,66177
2026-08-03 10:30:00,318.78,318.87,317.9,318.14,86839
2026-08-03 10:31:00,318.1,318.47,318.0011,318.275,46862
2026-08-03 10:32:00,318.2701,318.295,317.6,317.755,69468
2026-08-03 10:33:00,317.79,317.9,317.48,317.9,87989
2026-08-03 10:34:00,317.95,318.35,317.91,318.23,69871
2026-08-03 10:35:00,318.29,318.8499,318.2401,318.5999,99061
2026-08-03 10:36:00,318.5,318.75,318.25,318.63,58895
2026-08-03 10:37:00,318.64,319.13,318.56,318.745,106080
2026-08-03 10:38:00,318.735,318.9688,318.45,318.48,57316
2026-08-03 10:39:00,318.45,318.8699,318.45,318.62,49178
2026-08-03 10:40:00,318.65,319.19,318.57,319.13,54397
2026-08-03 10:41:00,319.16,319.7813,319.09,319.5557,162158
2026-08-03 10:42:00,319.54,320.05,319.4501,319.94,242412
2026-08-03 10:43:00,319.935,320.0,319.1401,319.63,96625
2026-08-03 10:44:00,319.63,319.86,319.47,319.53,67694
2026-08-03 10:45:00,319.5698,319.94,319.54,319.64,67764
2026-08-03 10:46:00,319.63,320.13,319.58,319.9601,108259
2026-08-03 10:47:00,319.98,320.56,319.9641,320.5,124091
2026-08-03 10:48:00,320.495,320.6299,320.0,320.1415,105367
2026-08-03 10:49:00,320.145,320.48,319.94,320.13,85661
2026-08-03 10:50:00,320.15,320.37,319.9802,320.37,73113
2026-08-03 10:51:00,320.38,320.68,320.2001,320.36,82579
2026-08-03 10:52:00,320.3594,320.7399,320.3,320.7296,55297
2026-08-03 10:53:00,320.72,321.04,320.46,320.9818,149873
2026-08-03 10:54:00,321.02,321.1,320.64,320.86,101903
2026-08-03 10:55:00,320.89,321.4,320.7557,321.27,103607
2026-08-03 10:56:00,321.24,322.02,321.21,321.7101,332794
2026-08-03 10:57:00,321.8,322.17,321.42,322.0435,118691
2026-08-03 10:58:00,322.0733,322.0799,321.4,321.86,92718
2026-08-03 10:59:00,321.84,322.29,321.5,322.22,117352
2026-08-03 11:00:00,322.225,322.4,322.0201,322.17,133117
2026-08-03 11:01:00,322.175,322.3,321.54,322.095,127653
2026-08-03 11:02:00,322.12,322.39,322.0001,322.16,126538
2026-08-03 11:03:00,322.15,322.3695,321.88,322.28,109279
2026-08-03 11:04:00,322.28,322.41,321.75,321.9174,121785
2026-08-03 11:05:00,321.95,322.27,321.88,321.975,86673
2026-08-03 11:06:00,321.95,322.19,321.7,322.085,124447
2026-08-03 11:07:00,322.085,322.55,321.85,322.045,120469
2026-08-03 11:08:00,322.02,322.53,322.0011,322.38,119993
2026-08-03 11:09:00,322.3401,322.38,322.0401,322.185,77156
2026-08-03 11:10:00,322.15,322.15,321.52,322.05,109067
2026-08-03 11:11:00,322.03,322.03,321.53,321.84,78954
2026-08-03 11:12:00,321.84,321.97,321.56,321.7061,60161
2026-08-03 11:13:00,321.79,322.1275,321.7303,322.07,58962
2026-08-03 11:14:00,322.0701,322.2395,321.87,322.035,91355
2026-08-03 11:15:00,322.035,322.4,322.0,322.37,64751
2026-08-03 11:16:00,322.3947,322.7599,322.27,322.505,131611
2026-08-03 11:17:00,322.48,323.27,322.3,323.09,173651
2026-08-03 11:18:00,323.09,323.47,323.05,323.1701,119891
2026-08-03 11:19:00,323.19,323.25,322.7,322.95,107590
2026-08-03 11:20:00,323.005,323.59,322.81,323.575,126555
2026-08-03 11:21:00,323.6,323.8695,323.295,323.6854,144716
2026-08-03 11:22:00,323.62,324.2,323.47,324.103,173395
2026-08-03 11:23:00,324.1,324.1399,323.68,323.7001,164150
2026-08-03 11:24:00,323.71,323.82,323.51,323.64,84505
2026-08-03 11:25:00,323.6,323.98,323.42,323.77,126972
2026-08-03 11:26:00,323.69,324.05,323.42,323.67,133730
2026-08-03 11:27:00,323.7,324.14,323.43,324.0,121663
2026-08-03 11:28:00,323.975,324.02,323.29,323.4651,97597
2026-08-03 11:29:00,323.47,323.63,322.95,323.145,118398
2026-08-03 11:30:00,323.14,323.76,323.04,323.55,132794
2026-08-03 11:31:00,323.55,323.98,323.47,323.57,82810
2026-08-03 11:32:00,323.56,323.68,323.33,323.47,58679
2026-08-03 11:33:00,323.34,324.08,323.33,324.02,77121
2026-08-03 11:34:00,324.055,324.09,323.7,323.84,77365
2026-08-03 11:35:00,323.84,323.95,323.51,323.92,106850
2026-08-03 11:36:00,323.92,324.01,323.601,323.69,56275
2026-08-03 11:37:00,323.68,323.7,323.42,323.52,89206
2026-08-03 11:38:00,323.5215,323.73,323.23,323.465,73580
2026-08-03 11:39:00,323.5,323.767,323.42,323.69,75325
2026-08-03 11:40:00,323.69,323.85,323.5036,323.5189,48733
2026-08-03 11:41:00,323.51,323.555,323.0,323.075,82793
2026-08-03 11:42:00,323.05,323.34,322.86,323.065,110953
2026-08-03 11:43:00,323.065,323.112,322.57,322.68,77761
2026-08-03 11:44:00,322.715,322.84,322.6203,322.69,62188
2026-08-03 11:45:00,322.7099,323.2,322.68,323.04,77131
2026-08-03 11:46:00,323.04,323.2,322.79,322.81,66568
2026-08-03 11:47:00,322.835,322.9456,322.51,322.86,79711
2026-08-03 11:48:00,322.855,322.855,322.59,322.67,54631
2026-08-03 11:49:00,322.67,323.1,322.66,322.815,134715
2026-08-03 11:50:00,322.84,323.43,322.815,323.43,64701
2026-08-03 11:51:00,323.4,323.62,323.1,323.395,67331
2026-08-03 11:52:00,323.395,323.55,323.22,323.41,55852
2026-08-03 11:53:00,323.4,323.71,323.2953,323.6788,53490
2026-08-03 11:54:00,323.655,323.7,323.46,323.55,38300
2026-08-03 11:55:00,323.515,323.54,323.33,323.375,42978
2026-08-03 11:56:00,323.595,323.595,323.595,323.595,0
